manifest_id,trajectory,regime,domain_seed,method,initial_task_score,final_task_score,last_observed_task_score,task_auc_normalized,final_task_ratio,initial_violation_rate,final_violation_rate,initial_task_max_ratio,final_task_max_ratio,initial_global_rmse,final_global_rmse,final_global_ratio,selection_switches,selection_history,accepted_history,rejected_trials,final_trust_radius_mm,constraint_violation,all_updates_succeeded,elapsed_s
harmonic_loop--neutral,harmonic_loop,neutral,1103,full_trajectory,5.192929953652337,0.9174297136719713,0.9174297136719713,0.4250456977482255,0.17666899454838914,0.6666666666666666,0.16666666666666666,7.12925608153161,1.1313769916424716,0.7381494679969186,0.17271905584290292,0.23398927091501195,0,"[[0, 1, 2, 3, 4, 5], [0, 1, 2, 3, 4, 5], [0, 1, 2, 3, 4, 5], [0, 1, 2, 3, 4, 5]]","[true, true, true, true, true]",0,0.0,0,1,0.28323558400000004
harmonic_loop--neutral,harmonic_loop,neutral,1103,static_tolerance,5.192929953652337,1.590688696453774,1.590688696453774,0.533147372501028,0.30631814999449336,0.6666666666666666,0.5,7.12925608153161,2.080116852366098,0.7381494679969186,0.26861864239845085,0.363908197519113,0,"[[4, 5], [4, 5], [4, 5], [4, 5]]","[true, true, true, true, true]",0,0.0,0,1,0.21238383300000008
harmonic_loop--neutral,harmonic_loop,neutral,1103,curvature_zones,5.192929953652337,1.0642760643109848,1.0642760643109848,0.38497955319165644,0.2049471249968332,0.6666666666666666,0.16666666666666666,7.12925608153161,1.4237615300747397,0.7381494679969186,0.22937549501551235,0.3107439684783054,0,"[[2, 3], [2, 3], [2, 3], [2, 3]]","[true, true, true, true, true]",0,0.0,0,1,0.22038437500000008
harmonic_loop--neutral,harmonic_loop,neutral,1103,error_peak_dynamic,5.192929953652337,0.744982540644512,0.744982540644512,0.36895804765379614,0.14346092616183748,0.6666666666666666,0.0,7.12925608153161,0.852373971241734,0.7381494679969186,0.2182639554228146,0.29569073051709593,3,"[[2, 3], [3, 4], [1, 2], [3, 4]]","[true, true, true, true, true]",0,0.0,0,1,0.21754558300000015
harmonic_loop--neutral,harmonic_loop,neutral,1103,violation_dynamic,5.192929953652337,0.8853529787023403,0.8853529787023403,0.36229886397576694,0.17049199326858744,0.6666666666666666,0.16666666666666666,7.12925608153161,1.1095020053147013,0.7381494679969186,0.20018689828566547,0.2712010330765437,3,"[[2, 3], [3, 4], [1, 3], [1, 4]]","[true, true, true, true, true]",0,0.0,0,1,0.22279654199999976
harmonic_loop--neutral,harmonic_loop,neutral,1103,violation_safe,5.192929953652337,0.8853529787023403,0.8853529787023403,0.36229886397576694,0.17049199326858744,0.6666666666666666,0.16666666666666666,7.12925608153161,1.1095020053147013,0.7381494679969186,0.20018689828566547,0.2712010330765437,3,"[[2, 3], [3, 4], [1, 3], [1, 4]]","[true, true, true, true, true]",0,4.0,0,1,0.21945691699999959
harmonic_loop--neutral,harmonic_loop,neutral,1103,dual_anchor_dynamic,5.192929953652337,0.8725742485691153,0.8725742485691153,0.36164353127468873,0.16803119941092381,0.6666666666666666,0.16666666666666666,7.12925608153161,1.0898112706344365,0.7381494679969186,0.20219636261497062,0.27392333312067724,3,"[[2, 3], [3, 4], [2, 3], [1, 4]]","[true, true, true, true, true]",0,4.0,0,1,0.22854762500000003
harmonic_loop--neutral,harmonic_loop,neutral,1103,random_zones,5.192929953652337,1.5778136349044949,1.5778136349044949,0.5515333383834792,0.30383880564280924,0.6666666666666666,0.16666666666666666,7.12925608153161,2.1951870048223987,0.7381494679969186,0.24015299250393346,0.32534466651534044,0,"[[1, 4], [1, 4], [1, 4], [1, 4]]","[true, true, true, true, true]",0,0.0,0,1,0.21323270900000013
harmonic_loop--neutral,harmonic_loop,neutral,1129,full_trajectory,3.2101888253587494,0.48325014935862953,0.48325014935862953,0.402554913065442,0.15053636270278423,0.3333333333333333,0.0,4.473398602495402,0.6247517330867808,0.4839331571960476,0.09237079384153803,0.19087510840700136,0,"[[0, 1, 2, 3, 4, 5], [0, 1, 2, 3, 4, 5], [0, 1, 2, 3, 4, 5], [0, 1, 2, 3, 4, 5]]","[true, true, true, true, true]",0,0.0,0,1,0.23039483300000008
harmonic_loop--neutral,harmonic_loop,neutral,1129,static_tolerance,3.2101888253587494,0.9202828193799489,0.9202828193799489,0.5277277000623128,0.2866756036623809,0.3333333333333333,0.16666666666666666,4.473398602495402,1.2339058225717547,0.4839331571960476,0.15796499929680188,0.3264190455807272,0,"[[4, 5], [4, 5], [4, 5], [4, 5]]","[true, true, true, true, true]",0,0.0,0,1,0.190876834
harmonic_loop--neutral,harmonic_loop,neutral,1129,curvature_zones,3.2101888253587494,0.5398365198574068,0.5398365198574068,0.35179771526938775,0.16816347860692532,0.3333333333333333,0.0,4.473398602495402,0.6905410884847295,0.4839331571960476,0.14089488871044023,0.2911453505827084,0,"[[2, 3], [2, 3], [2, 3], [2, 3]]","[true, true, true, true, true]",0,0.0,0,1,0.1984076250000002
harmonic_loop--neutral,harmonic_loop,neutral,1129,error_peak_dynamic,3.2101888253587494,0.34319532536342434,0.34319532536342434,0.33238145821366927,0.1069081428021827,0.3333333333333333,0.0,4.473398602495402,0.40047790638831077,0.4839331571960476,0.12571657272488412,0.25978086199610145,3,"[[1, 3], [3, 4], [1, 3], [3, 4]]","[true, true, true, true, true]",0,0.0,0,1,0.20701366599999993
harmonic_loop--neutral,harmonic_loop,neutral,1129,violation_dynamic,3.2101888253587494,0.34319532536342434,0.34319532536342434,0.33238145821366927,0.1069081428021827,0.3333333333333333,0.0,4.473398602495402,0.40047790638831077,0.4839331571960476,0.12571657272488412,0.25978086199610145,3,"[[1, 3], [3, 4], [1, 3], [3, 4]]","[true, true, true, true, true]",0,0.0,0,1,0.21412687500000072
harmonic_loop--neutral,harmonic_loop,neutral,1129,violation_safe,3.2101888253587494,0.34319532536342434,0.34319532536342434,0.33238145821366927,0.1069081428021827,0.3333333333333333,0.0,4.473398602495402,0.40047790638831077,0.4839331571960476,0.12571657272488412,0.25978086199610145,3,"[[1, 3], [3, 4], [1, 3], [3, 4]]","[true, true, true, true, true]",0,4.0,0,1,0.21152641699999997
harmonic_loop--neutral,harmonic_loop,neutral,1129,dual_anchor_dynamic,3.2101888253587494,0.34319532536342434,0.34319532536342434,0.33238145821366927,0.1069081428021827,0.3333333333333333,0.0,4.473398602495402,0.40047790638831077,0.4839331571960476,0.12571657272488412,0.25978086199610145,3,"[[1, 3], [3, 4], [1, 3], [3, 4]]","[true, true, true, true, true]",0,4.0,0,1,0.20853258300000022
harmonic_loop--neutral,harmonic_loop,neutral,1129,random_zones,3.2101888253587494,0.9228009264728159,0.9228009264728159,0.5256787688584141,0.28746001455839276,0.3333333333333333,0.16666666666666666,4.473398602495402,1.2012673121780124,0.4839331571960476,0.16666046022292175,0.34438735545331817,0,"[[0, 5], [0, 5], [0, 5], [0, 5]]","[true, true, true, true, true]",0,0.0,0,1,0.19739008300000016
harmonic_loop--neutral,harmonic_loop,neutral,1151,full_trajectory,3.4407195407849325,0.5306741098985652,0.5306741098985652,0.4040078505769012,0.15423346878702657,0.6666666666666666,0.0,4.398964775060599,0.6476073149361827,0.5575590809201657,0.09521070743715575,0.1707634413917626,0,"[[0, 1, 2, 3, 4, 5], [0, 1, 2, 3, 4, 5], [0, 1, 2, 3, 4, 5], [0, 1, 2, 3, 4, 5]]","[true, true, true, true, true]",0,0.0,0,1,0.2221795000000002
harmonic_loop--neutral,harmonic_loop,neutral,1151,static_tolerance,3.4407195407849325,0.9968829943704621,0.9968829943704621,0.5163183557698496,0.2897309654430721,0.6666666666666666,0.16666666666666666,4.398964775060599,1.2542610607148685,0.5575590809201657,0.1708269473420891,0.3063835801224248,0,"[[4, 5], [4, 5], [4, 5], [4, 5]]","[true, true, true, true, true]",0,0.0,0,1,0.2017863749999993
harmonic_loop--neutral,harmonic_loop,neutral,1151,curvature_zones,3.4407195407849325,0.6122129202953864,0.6122129202953864,0.3791045085325209,0.1779316544224125,0.6666666666666666,0.0,4.398964775060599,0.8134122352606709,0.5575590809201657,0.12417770601071179,0.22271667749680543,0,"[[2, 3], [2, 3], [2, 3], [2, 3]]","[true, true, true, true, true]",0,0.0,0,1,0.2171029579999999
harmonic_loop--neutral,harmonic_loop,neutral,1151,error_peak_dynamic,3.4407195407849325,0.3855252693789846,0.3855252693789846,0.3659168833461406,0.11204786231749497,0.6666666666666666,0.0,4.398964775060599,0.43139208721577726,0.5575590809201657,0.1168346919152556,0.2095467474450203,2,"[[2, 3], [2, 3], [1, 4], [3, 4]]","[true, true, true, true, true]",0,0.0,0,1,0.21707129199999997
harmonic_loop--neutral,harmonic_loop,neutral,1151,violation_dynamic,3.4407195407849325,0.4458791583352536,0.4458791583352536,0.3683776806604525,0.1295889284348747,0.6666666666666666,0.0,4.398964775060599,0.5034189252781688,0.5575590809201657,0.12093841829475398,0.21690691163197212,3,"[[2, 3], [3, 4], [1, 2], [3, 4]]","[true, true, true, true, true]",0,0.0,0,1,0.20776945900000054
harmonic_loop--neutral,harmonic_loop,neutral,1151,violation_safe,3.4407195407849325,0.4458791583352536,0.4458791583352536,0.3683776806604525,0.1295889284348747,0.6666666666666666,0.0,4.398964775060599,0.5034189252781688,0.5575590809201657,0.12093841829475398,0.21690691163197212,3,"[[2, 3], [3, 4], [1, 2], [3, 4]]","[true, true, true, true, true]",0,4.0,0,1,0.21688237499999996
harmonic_loop--neutral,harmonic_loop,neutral,1151,dual_anchor_dynamic,3.4407195407849325,0.3855252693789846,0.3855252693789846,0.3659168833461406,0.11204786231749497,0.6666666666666666,0.0,4.398964775060599,0.43139208721577726,0.5575590809201657,0.1168346919152556,0.2095467474450203,2,"[[2, 3], [2, 3], [1, 4], [3, 4]]","[true, true, true, true, true]",0,4.0,0,1,0.2171748340000006
harmonic_loop--neutral,harmonic_loop,neutral,1151,random_zones,3.4407195407849325,0.9464686093538883,0.9464686093538883,0.5402785813725453,0.27507868576174915,0.6666666666666666,0.16666666666666666,4.398964775060599,1.2737384459285221,0.5575590809201657,0.14259496616205294,0.25574862116266106,0,"[[1, 2], [1, 2], [1, 2], [1, 2]]","[true, true, true, true, true]",0,0.0,0,1,0.20229858300000014
harmonic_loop--neutral,harmonic_loop,neutral,1171,full_trajectory,5.975986123627813,1.2952235317870138,1.2952235317870138,0.4475884755487847,0.21673804205568148,0.6666666666666666,0.5,7.860123047389011,1.551311576305819,0.9231229294236978,0.2433107430732356,0.26357350177092187,0,"[[0, 1, 2, 3, 4, 5], [0, 1, 2, 3, 4, 5], [0, 1, 2, 3, 4, 5], [0, 1, 2, 3, 4, 5]]","[true, true, true, true, true]",0,0.0,0,1,0.2400864580000004
harmonic_loop--neutral,harmonic_loop,neutral,1171,static_tolerance,5.975986123627813,1.9880799546546153,1.9880799546546153,0.5407753257649657,0.3326781410676572,0.6666666666666666,0.5,7.860123047389011,2.529048903151439,0.9231229294236978,0.34001646267701735,0.3683328101158622,0,"[[4, 5], [4, 5], [4, 5], [4, 5]]","[true, true, true, true, true]",0,0.0,0,1,0.2159091670000004
harmonic_loop--neutral,harmonic_loop,neutral,1171,curvature_zones,5.975986123627813,1.5386329959559473,1.5386329959559473,0.4290636980474174,0.25746930533732515,0.6666666666666666,0.16666666666666666,7.860123047389011,2.068314677681603,0.9231229294236978,0.2964849474484354,0.32117601892256087,0,"[[2, 3], [2, 3], [2, 3], [2, 3]]","[true, true, true, true, true]",0,0.0,0,1,0.22600633299999906
harmonic_loop--neutral,harmonic_loop,neutral,1171,error_peak_dynamic,5.975986123627813,1.1727754975712172,1.1727754975712172,0.4039787605319218,0.19624802891263513,0.6666666666666666,0.5,7.860123047389011,1.419129597193178,0.9231229294236978,0.2571588281598929,0.27857484627798834,2,"[[2, 3], [2, 3], [3, 4], [1, 4]]","[true, true, true, true, true]",0,0.0,0,1,0.22439800000000076
harmonic_loop--neutral,harmonic_loop,neutral,1171,violation_dynamic,5.975986123627813,1.1724792456492135,1.1724792456492135,0.39599476618424695,0.19619845518273096,0.6666666666666666,0.5,7.860123047389011,1.4046602902073277,0.9231229294236978,0.27851425654635076,0.301708740698518,3,"[[2, 3], [3, 4], [2, 4], [1, 3]]","[true, true, true, true, true]",0,0.0,0,1,0.26647149999999975
harmonic_loop--neutral,harmonic_loop,neutral,1171,violation_safe,5.975986123627813,1.1724792456492135,1.1724792456492135,0.39599476618424695,0.19619845518273096,0.6666666666666666,0.5,7.860123047389011,1.4046602902073277,0.9231229294236978,0.27851425654635076,0.301708740698518,3,"[[2, 3], [3, 4], [2, 4], [1, 3]]","[true, true, true, true, true]",0,4.0,0,1,0.21769199999999955
harmonic_loop--neutral,harmonic_loop,neutral,1171,dual_anchor_dynamic,5.975986123627813,1.1727754975712172,1.1727754975712172,0.4039787605319218,0.19624802891263513,0.6666666666666666,0.5,7.860123047389011,1.419129597193178,0.9231229294236978,0.2571588281598929,0.27857484627798834,2,"[[2, 3], [2, 3], [3, 4], [1, 4]]","[true, true, true, true, true]",0,4.0,0,1,0.2676573330000007
harmonic_loop--neutral,harmonic_loop,neutral,1171,random_zones,5.975986123627813,2.0640069071885745,2.0640069071885745,0.5759273788561281,0.34538348391203894,0.6666666666666666,0.3333333333333333,7.860123047389011,2.720653265604846,0.9231229294236978,0.324124752254009,0.3511176484981896,0,"[[0, 1], [0, 1], [0, 1], [0, 1]]","[true, true, true, true, true]",0,0.0,0,1,0.2235876250000004
harmonic_loop--neutral,harmonic_loop,neutral,1193,full_trajectory,3.34175462907703,0.5385138818042815,0.5385138818042815,0.4124730244635938,0.16114704446538478,0.6666666666666666,0.0,4.376646818433074,0.6677833892436226,0.5201089776252612,0.0970514874381082,0.1865983699824421,0,"[[0, 1, 2, 3, 4, 5], [0, 1, 2, 3, 4, 5], [0, 1, 2, 3, 4, 5], [0, 1, 2, 3, 4, 5]]","[true, true, true, true, true]",0,0.0,0,1,0.22417774999999907
harmonic_loop--neutral,harmonic_loop,neutral,1193,static_tolerance,3.34175462907703,0.9985444355123996,0.9985444355123996,0.5252256764319108,0.29880842441989547,0.6666666666666666,0.16666666666666666,4.376646818433074,1.2773378116114962,0.5201089776252612,0.1683027205831276,0.3235912622611752,0,"[[4, 5], [4, 5], [4, 5], [4, 5]]","[true, true, true, true, true]",0,0.0,0,1,0.21037329199999988
harmonic_loop--neutral,harmonic_loop,neutral,1193,curvature_zones,3.34175462907703,0.5848460119492231,0.5848460119492231,0.37451441827655024,0.1750116561103571,0.6666666666666666,0.0,4.376646818433074,0.7781694332717446,0.5201089776252612,0.1260168221312791,0.24228926542789708,0,"[[2, 3], [2, 3], [2, 3], [2, 3]]","[true, true, true, true, true]",0,0.0,0,1,0.22027487499999943
harmonic_loop--neutral,harmonic_loop,neutral,1193,error_peak_dynamic,3.34175462907703,0.507904505142967,0.507904505142967,0.3577973915761377,0.1519873723593066,0.6666666666666666,0.0,4.376646818433074,0.6106291561899531,0.5201089776252612,0.116076183139745,0.2231766574569262,2,"[[2, 3], [2, 3], [3, 4], [1, 2]]","[true, true, true, true, true]",0,0.0,0,1,0.21991220800000022
harmonic_loop--neutral,harmonic_loop,neutral,1193,violation_dynamic,3.34175462907703,0.44540967427661493,0.44540967427661493,0.3665423143446723,0.1332861696071426,0.6666666666666666,0.0,4.376646818433074,0.5090723925413436,0.5201089776252612,0.12340250831790708,0.23726279227354283,3,"[[2, 3], [3, 4], [1, 2], [3, 4]]","[true, true, true, true, true]",0,0.0,0,1,0.2106005419999999
harmonic_loop--neutral,harmonic_loop,neutral,1193,violation_safe,3.34175462907703,0.44540967427661493,0.44540967427661493,0.3665423143446723,0.1332861696071426,0.6666666666666666,0.0,4.376646818433074,0.5090723925413436,0.5201089776252612,0.12340250831790708,0.23726279227354283,3,"[[2, 3], [3, 4], [1, 2], [3, 4]]","[true, true, true, true, true]",0,4.0,0,1,0.21131800000000034
harmonic_loop--neutral,harmonic_loop,neutral,1193,dual_anchor_dynamic,3.34175462907703,0.4945929464392713,0.4945929464392713,0.3572994660781123,0.14800396837510316,0.6666666666666666,0.0,4.376646818433074,0.6182735520910838,0.5201089776252612,0.11844115829612657,0.2277237336623393,2,"[[2, 3], [2, 3], [3, 4], [2, 4]]","[true, true, true, true, true]",0,4.0,0,1,0.21715266700000058
harmonic_loop--neutral,harmonic_loop,neutral,1193,random_zones,3.34175462907703,0.9447587463512694,0.9447587463512694,0.5330467807246219,0.2827133800102509,0.6666666666666666,0.16666666666666666,4.376646818433074,1.3127848762977394,0.5201089776252612,0.1393892762624665,0.2680001350849524,0,"[[1, 4], [1, 4], [1, 4], [1, 4]]","[true, true, true, true, true]",0,0.0,0,1,0.20185266599999885
harmonic_loop--neutral,harmonic_loop,neutral,1217,full_trajectory,5.7615005027864274,1.0672300242175574,1.0672300242175574,0.4206700181772024,0.18523473593405299,0.6666666666666666,0.3333333333333333,7.50273808470651,1.2772606580429153,0.9029816788170477,0.19782082128188058,0.21907512181314243,0,"[[0, 1, 2, 3, 4, 5], [0, 1, 2, 3, 4, 5], [0, 1, 2, 3, 4, 5], [0, 1, 2, 3, 4, 5]]","[true, true, true, true, true]",0,0.0,0,1,0.23225883399999958
harmonic_loop--neutral,harmonic_loop,neutral,1217,static_tolerance,5.7615005027864274,1.7399877647304394,1.7399877647304394,0.5193573868139487,0.3020025362991692,0.6666666666666666,0.5,7.50273808470651,2.19876029895654,0.9029816788170477,0.3005916140314611,0.332887832702488,0,"[[4, 5], [4, 5], [4, 5], [4, 5]]","[true, true, true, true, true]",0,0.0,0,1,0.20973687499999905
harmonic_loop--neutral,harmonic_loop,neutral,1217,curvature_zones,5.7615005027864274,1.316728613607256,1.316728613607256,0.40745754913160537,0.22853918227906916,0.6666666666666666,0.16666666666666666,7.50273808470651,1.778309782659685,0.9029816788170477,0.24973516720686234,0.27656725830143997,0,"[[2, 3], [2, 3], [2, 3], [2, 3]]","[true, true, true, true, true]",0,0.0,0,1,0.22694537499999967
harmonic_loop--neutral,harmonic_loop,neutral,1217,error_peak_dynamic,5.7615005027864274,0.7981843707328149,0.7981843707328149,0.3872631847860934,0.1385375858852724,0.6666666666666666,0.0,7.50273808470651,0.908610501968086,0.9029816788170477,0.22930718760435814,0.253944452012318,2,"[[2, 3], [2, 3], [1, 4], [3, 4]]","[true, true, true, true, true]",0,0.0,0,1,0.21558800000000033
harmonic_loop--neutral,harmonic_loop,neutral,1217,violation_dynamic,5.7615005027864274,0.9837835885028077,0.9837835885028077,0.37896183363631203,0.17075128050878788,0.6666666666666666,0.3333333333333333,7.50273808470651,1.1865794297835064,0.9029816788170477,0.23305429060090774,0.25809415192811086,3,"[[2, 3], [3, 4], [2, 4], [1, 3]]","[true, true, true, true, true]",0,0.0,0,1,0.21861212499999993
harmonic_loop--neutral,harmonic_loop,neutral,1217,violation_safe,5.7615005027864274,0.9837835885028077,0.9837835885028077,0.37896183363631203,0.17075128050878788,0.6666666666666666,0.3333333333333333,7.50273808470651,1.1865794297835064,0.9029816788170477,0.23305429060090774,0.25809415192811086,3,"[[2, 3], [3, 4], [2, 4], [1, 3]]","[true, true, true, true, true]",0,4.0,0,1,0.22367329200000086
harmonic_loop--neutral,harmonic_loop,neutral,1217,dual_anchor_dynamic,5.7615005027864274,0.7981843707328149,0.7981843707328149,0.3872631847860934,0.1385375858852724,0.6666666666666666,0.0,7.50273808470651,0.908610501968086,0.9029816788170477,0.22930718760435814,0.253944452012318,2,"[[2, 3], [2, 3], [1, 4], [3, 4]]","[true, true, true, true, true]",0,4.0,0,1,0.22309662500000016
harmonic_loop--neutral,harmonic_loop,neutral,1217,random_zones,5.7615005027864274,1.795711401336896,1.795711401336896,0.554011940653459,0.31167425924347975,0.6666666666666666,0.3333333333333333,7.50273808470651,2.3720454684468564,0.9029816788170477,0.2887952254952526,0.3198240144513111,0,"[[0, 2], [0, 2], [0, 2], [0, 2]]","[true, true, true, true, true]",0,0.0,0,1,0.21559375000000003
harmonic_loop--demand_aligned,harmonic_loop,demand_aligned,1103,full_trajectory,8.74458393037017,1.4501533432133678,1.4501533432133678,0.41523168971250246,0.16583445876446412,0.6666666666666666,0.16666666666666666,12.221581854054188,1.939503414244237,0.7381494679969186,0.17271905584290292,0.23398927091501195,0,"[[0, 1, 2, 3, 4, 5], [0, 1, 2, 3, 4, 5], [0, 1, 2, 3, 4, 5], [0, 1, 2, 3, 4, 5]]","[true, true, true, true, true]",0,0.0,0,1,0.23864133400000043
harmonic_loop--demand_aligned,harmonic_loop,demand_aligned,1103,static_tolerance,8.74458393037017,1.6543358805691155,1.6543358805691155,0.3611057254653004,0.18918405881194225,0.6666666666666666,0.5,12.221581854054188,2.084789932710066,0.7381494679969186,0.39221875253174193,0.5313541085331775,0,"[[2, 3], [2, 3], [2, 3], [2, 3]]","[true, true, true, true, true]",0,0.0,0,1,0.14576320799999998
harmonic_loop--demand_aligned,harmonic_loop,demand_aligned,1103,curvature_zones,8.74458393037017,1.6543358805691155,1.6543358805691155,0.3611057254653004,0.18918405881194225,0.6666666666666666,0.5,12.221581854054188,2.084789932710066,0.7381494679969186,0.39221875253174193,0.5313541085331775,0,"[[2, 3], [2, 3], [2, 3], [2, 3]]","[true, true, true, true, true]",0,0.0,0,1,0.14524045900000004
harmonic_loop--demand_aligned,harmonic_loop,demand_aligned,1103,error_peak_dynamic,8.74458393037017,1.5861702942326859,1.5861702942326859,0.34786480222425437,0.18138888103342168,0.6666666666666666,0.3333333333333333,12.221581854054188,2.129622241395759,0.7381494679969186,0.3165506594280603,0.4288435786414219,3,"[[2, 3], [1, 3], [3, 4], [2, 4]]","[true, true, true, true, true]",0,0.0,0,1,0.15801366699999875
harmonic_loop--demand_aligned,harmonic_loop,demand_aligned,1103,violation_dynamic,8.74458393037017,1.1183555213126344,1.1183555213126344,0.3411775947961325,0.12789122160844682,0.6666666666666666,0.5,12.221581854054188,1.3432781861309426,0.7381494679969186,0.3347372909253823,0.45348172076008275,3,"[[2, 3], [1, 3], [3, 4], [2, 3]]","[true, true, true, true, true]",0,0.0,0,1,0.15619183399999947
harmonic_loop--demand_aligned,harmonic_loop,demand_aligned,1103,violation_safe,8.74458393037017,1.1183555213126344,1.1183555213126344,0.3411775947961325,0.12789122160844682,0.6666666666666666,0.5,12.221581854054188,1.3432781861309426,0.7381494679969186,0.3347372909253823,0.45348172076008275,3,"[[2, 3], [1, 3], [3, 4], [2, 3]]","[true, true, true, true, true]",0,4.0,0,1,0.15472104200000025
harmonic_loop--demand_aligned,harmonic_loop,demand_aligned,1103,dual_anchor_dynamic,8.74458393037017,0.8511158008378004,0.8511158008378004,0.3300894000338739,0.09733062288782578,0.6666666666666666,0.0,12.221581854054188,0.9871524251144946,0.7381494679969186,0.21925455554220172,0.2970327353038436,3,"[[2, 3], [3, 4], [2, 3], [3, 4]]","[true, true, true, true, true]",0,4.0,0,1,0.22132816700000113
harmonic_loop--demand_aligned,harmonic_loop,demand_aligned,1103,random_zones,8.74458393037017,3.187529043218899,3.187529043218899,0.5814549274967455,0.36451466057161697,0.6666666666666666,0.5,12.221581854054188,4.352556104261881,0.7381494679969186,0.32168693488697725,0.4358018922101562,0,"[[0, 4], [0, 4], [0, 4], [0, 4]]","[true, true, true, true, true]",0,0.0,0,1,0.1804879589999988
harmonic_loop--demand_aligned,harmonic_loop,demand_aligned,1129,full_trajectory,5.437081960555091,0.7809086198955366,0.7809086198955366,0.39621907337721957,0.14362642048820815,0.3333333333333333,0.16666666666666666,7.668683318563548,1.0710029710059097,0.4839331571960476,0.09237079384153803,0.19087510840700136,0,"[[0, 1, 2, 3, 4, 5], [0, 1, 2, 3, 4, 5], [0, 1, 2, 3, 4, 5], [0, 1, 2, 3, 4, 5]]","[true, true, true, true, true]",0,0.0,0,1,0.24457804200000055
harmonic_loop--demand_aligned,harmonic_loop,demand_aligned,1129,static_tolerance,5.437081960555091,0.853286601290394,0.853286601290394,0.3298053729541409,0.15693833704932397,0.3333333333333333,0.16666666666666666,7.668683318563548,1.1178404075443888,0.4839331571960476,0.23881374647668074,0.49348498429078336,0,"[[2, 3], [2, 3], [2, 3], [2, 3]]","[true, true, true, true, true]",0,0.0,0,1,0.14489633300000193
harmonic_loop--demand_aligned,harmonic_loop,demand_aligned,1129,curvature_zones,5.437081960555091,0.853286601290394,0.853286601290394,0.3298053729541409,0.15693833704932397,0.3333333333333333,0.16666666666666666,7.668683318563548,1.1178404075443888,0.4839331571960476,0.23881374647668074,0.49348498429078336,0,"[[2, 3], [2, 3], [2, 3], [2, 3]]","[true, true, true, true, true]",0,0.0,0,1,0.14754725000000235
harmonic_loop--demand_aligned,harmonic_loop,demand_aligned,1129,error_peak_dynamic,5.437081960555091,0.8123656885285386,0.8123656885285386,0.3220195373198854,0.14941207331838738,0.3333333333333333,0.16666666666666666,7.668683318563548,1.1152868473150443,0.4839331571960476,0.18155916911415673,0.3751740636374803,3,"[[1, 3], [3, 4], [1, 3], [1, 4]]","[true, true, true, true, true]",0,0.0,0,1,0.1475317500000024
harmonic_loop--demand_aligned,harmonic_loop,demand_aligned,1129,violation_dynamic,5.437081960555091,0.5899213081110025,0.5899213081110025,0.3168678602168037,0.10849961659411428,0.3333333333333333,0.0,7.668683318563548,0.6893270217672852,0.4839331571960476,0.20014768943109187,0.41358540214678746,2,"[[1, 3], [2, 3], [3, 4], [3, 4]]","[true, true, true, true, true]",0,0.0,0,1,0.14661008299999878
harmonic_loop--demand_aligned,harmonic_loop,demand_aligned,1129,violation_safe,5.437081960555091,0.5899213081110025,0.5899213081110025,0.3168678602168037,0.10849961659411428,0.3333333333333333,0.0,7.668683318563548,0.6893270217672852,0.4839331571960476,0.20014768943109187,0.41358540214678746,2,"[[1, 3], [2, 3], [3, 4], [3, 4]]","[true, true, true, true, true]",0,4.0,0,1,0.14641583299999894
harmonic_loop--demand_aligned,harmonic_loop,demand_aligned,1129,dual_anchor_dynamic,5.437081960555091,0.47501319164023137,0.47501319164023137,0.3160300868375405,0.08736546461619564,0.3333333333333333,0.0,7.668683318563548,0.604132069066332,0.4839331571960476,0.12571657272488412,0.25978086199610145,3,"[[1, 3], [3, 4], [1, 3], [3, 4]]","[true, true, true, true, true]",0,4.0,0,1,0.2111028339999983
harmonic_loop--demand_aligned,harmonic_loop,demand_aligned,1129,random_zones,5.437081960555091,0.853286601290394,0.853286601290394,0.3298053729541409,0.15693833704932397,0.3333333333333333,0.16666666666666666,7.668683318563548,1.1178404075443888,0.4839331571960476,0.23881374647668074,0.49348498429078336,0,"[[2, 3], [2, 3], [2, 3], [2, 3]]","[true, true, true, true, true]",0,0.0,0,1,0.14588895800000046
harmonic_loop--demand_aligned,harmonic_loop,demand_aligned,1151,full_trajectory,5.6222428272897265,0.8405350607895616,0.8405350607895616,0.3985093097477295,0.14950173562580757,0.6666666666666666,0.16666666666666666,7.541082471532454,1.1101839684620272,0.5575590809201657,0.09521070743715575,0.1707634413917626,0,"[[0, 1, 2, 3, 4, 5], [0, 1, 2, 3, 4, 5], [0, 1, 2, 3, 4, 5], [0, 1, 2, 3, 4, 5]]","[true, true, true, true, true]",0,0.0,0,1,0.22171970800000196
harmonic_loop--demand_aligned,harmonic_loop,demand_aligned,1151,static_tolerance,5.6222428272897265,1.4376694239729204,1.4376694239729204,0.41092740842882636,0.2557110157168304,0.6666666666666666,0.3333333333333333,7.541082471532454,1.8788757018903717,0.5575590809201657,0.27763548514033853,0.49794810028408787,0,"[[2, 3], [2, 3], [2, 3], [2, 3]]","[true, true, true, true, true]",0,0.0,0,1,0.14937770899999947
harmonic_loop--demand_aligned,harmonic_loop,demand_aligned,1151,curvature_zones,5.6222428272897265,1.4376694239729204,1.4376694239729204,0.41092740842882636,0.2557110157168304,0.6666666666666666,0.3333333333333333,7.541082471532454,1.8788757018903717,0.5575590809201657,0.27763548514033853,0.49794810028408787,0,"[[2, 3], [2, 3], [2, 3], [2, 3]]","[true, true, true, true, true]",0,0.0,0,1,0.14679408299999963
harmonic_loop--demand_aligned,harmonic_loop,demand_aligned,1151,error_peak_dynamic,5.6222428272897265,0.8155181467546693,0.8155181467546693,0.37653631842280444,0.1450521031920281,0.6666666666666666,0.16666666666666666,7.541082471532454,1.0182282693169618,0.5575590809201657,0.2071345534298524,0.3715024299990032,3,"[[2, 3], [1, 3], [2, 4], [1, 3]]","[true, true, true, true, true]",0,0.0,0,1,0.15821204099999875
harmonic_loop--demand_aligned,harmonic_loop,demand_aligned,1151,violation_dynamic,5.6222428272897265,1.1600474929182587,1.1600474929182587,0.3660116962972968,0.206331801836719,0.6666666666666666,0.16666666666666666,7.541082471532454,1.5342515405714403,0.5575590809201657,0.1995508438320542,0.3579008048846163,3,"[[2, 3], [1, 3], [3, 4], [1, 2]]","[true, true, true, true, true]",0,0.0,0,1,0.15033575
harmonic_loop--demand_aligned,harmonic_loop,demand_aligned,1151,violation_safe,5.6222428272897265,1.1600474929182587,1.1600474929182587,0.3660116962972968,0.206331801836719,0.6666666666666666,0.16666666666666666,7.541082471532454,1.5342515405714403,0.5575590809201657,0.1995508438320542,0.3579008048846163,3,"[[2, 3], [1, 3], [3, 4], [1, 2]]","[true, true, true, true, true]",0,4.0,0,1,0.15406112499999836
harmonic_loop--demand_aligned,harmonic_loop,demand_aligned,1151,dual_anchor_dynamic,5.6222428272897265,0.682511983446537,0.7899244305435463,0.32777722256640784,0.1213949671710552,0.6666666666666666,0.0,7.541082471532454,0.7928297971540594,0.5575590809201657,0.1547523958956644,0.2775533592606353,2,"[[2, 3], [2, 3], [3, 4], [1, 2]]","[true, true, true, true, false]",1,2.0,0,1,0.21730137500000168
harmonic_loop--demand_aligned,harmonic_loop,demand_aligned,1151,random_zones,5.6222428272897265,1.7719158516727207,1.7719158516727207,0.5394456857724546,0.31516174347220344,0.6666666666666666,0.3333333333333333,7.541082471532454,2.3295237961264,0.5575590809201657,0.19247876528521102,0.3452168063831986,0,"[[0, 5], [0, 5], [0, 5], [0, 5]]","[true, true, true, true, true]",0,0.0,0,1,0.19752520899999837
harmonic_loop--demand_aligned,harmonic_loop,demand_aligned,1171,full_trajectory,9.874599350586323,2.018934448779964,2.018934448779964,0.4356322443255462,0.20445735336695825,0.6666666666666666,0.6666666666666666,13.474496652666875,2.6593912736671177,0.9231229294236978,0.2433107430732356,0.26357350177092187,0,"[[0, 1, 2, 3, 4, 5], [0, 1, 2, 3, 4, 5], [0, 1, 2, 3, 4, 5], [0, 1, 2, 3, 4, 5]]","[true, true, true, true, true]",0,0.0,0,1,0.2433402080000029
harmonic_loop--demand_aligned,harmonic_loop,demand_aligned,1171,static_tolerance,9.874599350586323,2.3610179381972314,2.3610179381972314,0.3980452632052851,0.2391001249136292,0.6666666666666666,0.5,13.474496652666875,2.960893018091858,0.9231229294236978,0.5078385307461366,0.5501309896648091,0,"[[2, 3], [2, 3], [2, 3], [2, 3]]","[true, true, true, true, true]",0,0.0,0,1,0.14518362500000137
harmonic_loop--demand_aligned,harmonic_loop,demand_aligned,1171,curvature_zones,9.874599350586323,2.3610179381972314,2.3610179381972314,0.3980452632052851,0.2391001249136292,0.6666666666666666,0.5,13.474496652666875,2.960893018091858,0.9231229294236978,0.5078385307461366,0.5501309896648091,0,"[[2, 3], [2, 3], [2, 3], [2, 3]]","[true, true, true, true, true]",0,0.0,0,1,0.14352245799999963
harmonic_loop--demand_aligned,harmonic_loop,demand_aligned,1171,error_peak_dynamic,9.874599350586323,1.7827095838502323,1.7827095838502323,0.40162184769535725,0.1805348774727129,0.6666666666666666,0.3333333333333333,13.474496652666875,2.2597322233010657,0.9231229294236978,0.4075289888411999,0.4414677350671148,3,"[[2, 3], [1, 3], [2, 4], [1, 3]]","[true, true, true, true, true]",0,0.0,0,1,0.16680012500000174
harmonic_loop--demand_aligned,harmonic_loop,demand_aligned,1171,violation_dynamic,9.874599350586323,1.6289216679689809,1.6289216679689809,0.3720432178870715,0.164960785763147,0.6666666666666666,0.5,13.474496652666875,1.9782095275957388,0.9231229294236978,0.4165868934260216,0.4512799759898666,3,"[[2, 3], [1, 3], [3, 4], [2, 3]]","[true, true, true, true, true]",0,0.0,0,1,0.1598286669999993
harmonic_loop--demand_aligned,harmonic_loop,demand_aligned,1171,violation_safe,9.874599350586323,1.6289216679689809,1.6289216679689809,0.3720432178870715,0.164960785763147,0.6666666666666666,0.5,13.474496652666875,1.9782095275957388,0.9231229294236978,0.4165868934260216,0.4512799759898666,3,"[[2, 3], [1, 3], [3, 4], [2, 3]]","[true, true, true, true, true]",0,4.0,0,1,0.15684662500000002
harmonic_loop--demand_aligned,harmonic_loop,demand_aligned,1171,dual_anchor_dynamic,9.874599350586323,1.168423487934336,1.168423487934336,0.3507785318367323,0.11832616660694784,0.6666666666666666,0.5,13.474496652666875,1.3221941826624466,0.9231229294236978,0.278480636416677,0.3016723207065514,1,"[[2, 3], [2, 3], [3, 4], [3, 4]]","[true, true, true, true, true]",0,4.0,0,1,0.29137933400000193
harmonic_loop--demand_aligned,harmonic_loop,demand_aligned,1171,random_zones,9.874599350586323,3.5754693055594973,3.5754693055594973,0.4887575680764846,0.36208753171815494,0.6666666666666666,0.6666666666666666,13.474496652666875,4.6850113923138075,0.9231229294236978,0.5117068390727523,0.5543214481653153,0,"[[0, 3], [0, 3], [0, 3], [0, 3]]","[true, true, true, true, true]",0,0.0,0,1,0.1432524579999992
harmonic_loop--demand_aligned,harmonic_loop,demand_aligned,1193,full_trajectory,5.514211127847436,0.8580207498815411,0.8580207498815411,0.4061903326215917,0.1556017225289819,0.6666666666666666,0.16666666666666666,7.502823117313841,1.1447715244176384,0.5201089776252612,0.0970514874381082,0.1865983699824421,0,"[[0, 1, 2, 3, 4, 5], [0, 1, 2, 3, 4, 5], [0, 1, 2, 3, 4, 5], [0, 1, 2, 3, 4, 5]]","[true, true, true, true, true]",0,0.0,0,1,0.22683449999999894
harmonic_loop--demand_aligned,harmonic_loop,demand_aligned,1193,static_tolerance,5.514211127847436,1.2293193600173562,1.2293193600173562,0.3888881121818886,0.22293657814608223,0.6666666666666666,0.3333333333333333,7.502823117313841,1.5737208657334603,0.5201089776252612,0.25709130122390955,0.4943027563141661,0,"[[2, 3], [2, 3], [2, 3], [2, 3]]","[true, true, true, true, true]",0,0.0,0,1,0.14722891699999963
harmonic_loop--demand_aligned,harmonic_loop,demand_aligned,1193,curvature_zones,5.514211127847436,1.2293193600173562,1.2293193600173562,0.3888881121818886,0.22293657814608223,0.6666666666666666,0.3333333333333333,7.502823117313841,1.5737208657334603,0.5201089776252612,0.25709130122390955,0.4943027563141661,0,"[[2, 3], [2, 3], [2, 3], [2, 3]]","[true, true, true, true, true]",0,0.0,0,1,0.14720012500000124
harmonic_loop--demand_aligned,harmonic_loop,demand_aligned,1193,error_peak_dynamic,5.514211127847436,0.7897760210736212,0.7897760210736212,0.37270142181102683,0.14322556803912645,0.6666666666666666,0.0,7.502823117313841,0.9996717225698906,0.5201089776252612,0.19770638362730605,0.38012492022345673,3,"[[2, 3], [1, 3], [2, 4], [1, 3]]","[true, true, true, true, true]",0,0.0,0,1,0.1572549159999994
harmonic_loop--demand_aligned,harmonic_loop,demand_aligned,1193,violation_dynamic,5.514211127847436,1.093077642453559,1.093077642453559,0.3591035490709085,0.1982291967265062,0.6666666666666666,0.16666666666666666,7.502823117313841,1.448536334211777,0.5201089776252612,0.18928075186988014,0.3639251772467135,3,"[[2, 3], [1, 3], [3, 4], [1, 2]]","[true, true, true, true, true]",0,0.0,0,1,0.14977408399999703
harmonic_loop--demand_aligned,harmonic_loop,demand_aligned,1193,violation_safe,5.514211127847436,1.0426145967515683,1.093077642453559,0.3591035490709085,0.18907774341215156,0.6666666666666666,0.16666666666666666,7.502823117313841,1.3236994267814757,0.5201089776252612,0.23712813488830467,0.455920095767229,3,"[[2, 3], [1, 3], [3, 4], [1, 2]]","[true, true, true, true, false]",1,2.0,0,1,0.15401737499999868
harmonic_loop--demand_aligned,harmonic_loop,demand_aligned,1193,dual_anchor_dynamic,5.514211127847436,0.48348274689216786,0.48348274689216786,0.32301584207048184,0.08767940430327763,0.6666666666666666,0.0,7.502823117313841,0.5658010595816664,0.5201089776252612,0.12248346429764123,0.23549577024584767,2,"[[2, 3], [2, 3], [3, 4], [2, 3]]","[true, true, true, true, true]",0,4.0,0,1,0.23008045799999977
harmonic_loop--demand_aligned,harmonic_loop,demand_aligned,1193,random_zones,5.514211127847436,0.9840576275984234,0.9840576275984234,0.3647662684336836,0.17845846029159326,0.6666666666666666,0.16666666666666666,7.502823117313841,1.2723297826937021,0.5201089776252612,0.21964230304112187,0.422300541790252,0,"[[1, 3], [1, 3], [1, 3], [1, 3]]","[true, true, true, true, true]",0,0.0,0,1,0.15512999999999977
harmonic_loop--demand_aligned,harmonic_loop,demand_aligned,1217,full_trajectory,9.485211912042715,1.6656402532762788,1.6656402532762788,0.4114080147119895,0.17560390518650734,0.6666666666666666,0.5,12.86183671663973,2.1895896995021404,0.9029816788170477,0.19782082128188058,0.21907512181314243,0,"[[0, 1, 2, 3, 4, 5], [0, 1, 2, 3, 4, 5], [0, 1, 2, 3, 4, 5], [0, 1, 2, 3, 4, 5]]","[true, true, true, true, true]",0,0.0,0,1,0.2347955000000006
harmonic_loop--demand_aligned,harmonic_loop,demand_aligned,1217,static_tolerance,9.485211912042715,2.2852956556450166,2.2852956556450166,0.402616568927876,0.24093248277811646,0.6666666666666666,0.5,12.86183671663973,2.8965217298049906,0.9029816788170477,0.48408982751767876,0.5361014944974977,0,"[[2, 3], [2, 3], [2, 3], [2, 3]]","[true, true, true, true, true]",0,0.0,0,1,0.15036849999999902
harmonic_loop--demand_aligned,harmonic_loop,demand_aligned,1217,curvature_zones,9.485211912042715,2.2852956556450166,2.2852956556450166,0.402616568927876,0.24093248277811646,0.6666666666666666,0.5,12.86183671663973,2.8965217298049906,0.9029816788170477,0.48408982751767876,0.5361014944974977,0,"[[2, 3], [2, 3], [2, 3], [2, 3]]","[true, true, true, true, true]",0,0.0,0,1,0.14626895800000028
harmonic_loop--demand_aligned,harmonic_loop,demand_aligned,1217,error_peak_dynamic,9.485211912042715,1.5583127916209887,1.5583127916209887,0.39088857393918636,0.16428866387713564,0.6666666666666666,0.3333333333333333,12.86183671663973,1.961921575986662,0.9029816788170477,0.37654923486847547,0.41700650600328265,3,"[[2, 3], [1, 3], [2, 4], [1, 3]]","[true, true, true, true, true]",0,0.0,0,1,0.16895995799999852
harmonic_loop--demand_aligned,harmonic_loop,demand_aligned,1217,violation_dynamic,9.485211912042715,2.086693991445623,2.086693991445623,0.373553208989704,0.21999445144670857,0.6666666666666666,0.6666666666666666,12.86183671663973,2.7347391003176877,0.9029816788170477,0.36009872920148167,0.39878852212508836,3,"[[2, 3], [1, 3], [3, 4], [1, 2]]","[true, true, true, true, true]",0,0.0,0,1,0.1571834590000023
harmonic_loop--demand_aligned,harmonic_loop,demand_aligned,1217,violation_safe,9.485211912042715,1.899058229302347,2.086693991445623,0.373553208989704,0.20021252523533445,0.6666666666666666,0.6666666666666666,12.86183671663973,2.3888928541912415,0.9029816788170477,0.4471726636200922,0.4952178699859241,3,"[[2, 3], [1, 3], [3, 4], [1, 2]]","[true, true, true, true, false]",1,2.0,0,1,0.15717341599999912
harmonic_loop--demand_aligned,harmonic_loop,demand_aligned,1217,dual_anchor_dynamic,9.485211912042715,1.0258883135295989,1.0258883135295989,0.3344363609937539,0.10815660451687956,0.6666666666666666,0.3333333333333333,12.86183671663973,1.2189382709179617,0.9029816788170477,0.23908159801808446,0.26476904640113363,2,"[[2, 3], [2, 3], [3, 4], [2, 3]]","[true, true, true, true, true]",0,4.0,0,1,0.22547020900000092
harmonic_loop--demand_aligned,harmonic_loop,demand_aligned,1217,random_zones,9.485211912042715,3.5011082798163615,3.5011082798163615,0.5046939102347242,0.369112288927488,0.6666666666666666,0.5,12.86183671663973,4.6465198986927865,0.9029816788170477,0.4888637832828418,0.541388374483166,0,"[[3, 5], [3, 5], [3, 5], [3, 5]]","[true, true, true, true, true]",0,0.0,0,1,0.14476508400000299
harmonic_loop--demand_conflict,harmonic_loop,demand_conflict,1103,full_trajectory,2.849026026624401,0.7658771130203318,0.7658771130203318,0.48507882928183,0.2688206797211195,0.6666666666666666,0.0,3.719611868625188,0.9662693537159882,0.7381494679969186,0.17271905584290292,0.23398927091501195,0,"[[0, 1, 2, 3, 4, 5], [0, 1, 2, 3, 4, 5], [0, 1, 2, 3, 4, 5], [0, 1, 2, 3, 4, 5]]","[true, true, true, true, true]",0,0.0,0,1,0.23998762500000126
harmonic_loop--demand_conflict,harmonic_loop,demand_conflict,1103,static_tolerance,2.849026026624401,1.6829680200094295,1.6829680200094295,0.7521566884699618,0.5907169693368695,0.6666666666666666,0.6666666666666666,3.719611868625188,2.0781330643702374,0.7381494679969186,0.44899729788248566,0.6082742281192838,0,"[[0, 5], [0, 5], [0, 5], [0, 5]]","[true, true, true, true, true]",0,0.0,0,1,0.14995812499999772
harmonic_loop--demand_conflict,harmonic_loop,demand_conflict,1103,curvature_zones,2.849026026624401,1.2006224450738672,1.2006224450738672,0.5503726856314249,0.4214150498640391,0.6666666666666666,0.16666666666666666,3.719611868625188,1.6566064411202246,0.7381494679969186,0.24515970093101236,0.3321274505504836,0,"[[2, 3], [2, 3], [2, 3], [2, 3]]","[true, true, true, true, true]",0,0.0,0,1,0.2192388749999985
harmonic_loop--demand_conflict,harmonic_loop,demand_conflict,1103,error_peak_dynamic,2.849026026624401,0.6156314629291653,0.6156314629291653,0.4532376103966586,0.21608488556300806,0.6666666666666666,0.0,3.719611868625188,0.6973101637585493,0.7381494679969186,0.2513294582571917,0.34048586248962914,3,"[[2, 3], [3, 4], [2, 3], [1, 4]]","[true, true, true, true, true]",0,0.0,0,1,0.19939545800000147
harmonic_loop--demand_conflict,harmonic_loop,demand_conflict,1103,violation_dynamic,2.849026026624401,0.8686294729934749,0.8686294729934749,0.4591271979800989,0.3048864646640836,0.6666666666666666,0.16666666666666666,3.719611868625188,1.1296092661912829,0.7381494679969186,0.27107765341275025,0.3672395160676074,3,"[[3, 4], [1, 3], [1, 4], [1, 3]]","[true, true, true, true, true]",0,0.0,0,1,0.20608562500000005
harmonic_loop--demand_conflict,harmonic_loop,demand_conflict,1103,violation_safe,2.849026026624401,0.8686294729934749,0.8686294729934749,0.4591271979800989,0.3048864646640836,0.6666666666666666,0.16666666666666666,3.719611868625188,1.1296092661912829,0.7381494679969186,0.27107765341275025,0.3672395160676074,3,"[[3, 4], [1, 3], [1, 4], [1, 3]]","[true, true, true, true, true]",0,4.0,0,1,0.20473091699999912
harmonic_loop--demand_conflict,harmonic_loop,demand_conflict,1103,dual_anchor_dynamic,2.849026026624401,0.6359759735964561,0.6359759735964561,0.4369348363158164,0.22322575071382436,0.6666666666666666,0.0,3.719611868625188,0.7619785101458262,0.7381494679969186,0.22243442414397102,0.3013406278644091,3,"[[2, 3], [3, 4], [2, 4], [3, 4]]","[true, true, true, true, true]",0,4.0,0,1,0.21759645799999916
harmonic_loop--demand_conflict,harmonic_loop,demand_conflict,1103,random_zones,2.849026026624401,1.5912757573548353,1.5912757573548353,0.735879518672311,0.5585332469707971,0.6666666666666666,0.3333333333333333,3.719611868625188,2.084647878923865,0.7381494679969186,0.39382796443454166,0.5335341709359407,0,"[[1, 5], [1, 5], [1, 5], [1, 5]]","[true, true, true, true, true]",0,0.0,0,1,0.17762454200000022
harmonic_loop--demand_conflict,harmonic_loop,demand_conflict,1129,full_trajectory,1.754126831808756,0.34741280318776235,0.34741280318776235,0.42737129070714563,0.19805455163668526,0.3333333333333333,0.0,2.333947096954123,0.43256536587930333,0.4839331571960476,0.09237079384153803,0.19087510840700136,0,"[[0, 1, 2, 3, 4, 5], [0, 1, 2, 3, 4, 5], [0, 1, 2, 3, 4, 5], [0, 1, 2, 3, 4, 5]]","[true, true, true, true, true]",0,0.0,0,1,0.23025675000000234
harmonic_loop--demand_conflict,harmonic_loop,demand_conflict,1129,static_tolerance,1.754126831808756,1.066944722763197,1.066944722763197,0.7650138454624099,0.608248333823743,0.3333333333333333,0.16666666666666666,2.333947096954123,1.3316658223403997,0.4839331571960476,0.2981117788850798,0.6160185026633974,0,"[[0, 5], [0, 5], [0, 5], [0, 5]]","[true, true, true, true, true]",0,0.0,0,1,0.16381645799999944
harmonic_loop--demand_conflict,harmonic_loop,demand_conflict,1129,curvature_zones,1.754126831808756,0.6092170678116084,0.6092170678116084,0.4841769772803191,0.34730502764353616,0.3333333333333333,0.0,2.333947096954123,0.8132245842994713,0.4839331571960476,0.15148552061172582,0.31302984381034477,0,"[[2, 3], [2, 3], [2, 3], [2, 3]]","[true, true, true, true, true]",0,0.0,0,1,0.20328637500000113
harmonic_loop--demand_conflict,harmonic_loop,demand_conflict,1129,error_peak_dynamic,1.754126831808756,0.3222567124366128,0.3222567124366128,0.4085002546426417,0.1837134616453703,0.3333333333333333,0.0,2.333947096954123,0.36551615671891374,0.4839331571960476,0.16643763111589702,0.34392690114529795,3,"[[1, 3], [3, 4], [1, 3], [3, 4]]","[true, true, true, true, true]",0,0.0,0,1,0.19223175000000126
harmonic_loop--demand_conflict,harmonic_loop,demand_conflict,1129,violation_dynamic,1.754126831808756,0.41565847267849093,0.41565847267849093,0.41897587109064227,0.23696032985818222,0.3333333333333333,0.0,2.333947096954123,0.5278506292954348,0.4839331571960476,0.1625144474114226,0.3358200300906141,3,"[[3, 4], [1, 3], [1, 4], [1, 3]]","[true, true, true, true, true]",0,0.0,0,1,0.19360087499999779
harmonic_loop--demand_conflict,harmonic_loop,demand_conflict,1129,violation_safe,1.754126831808756,0.41565847267849093,0.41565847267849093,0.41897587109064227,0.23696032985818222,0.3333333333333333,0.0,2.333947096954123,0.5278506292954348,0.4839331571960476,0.1625144474114226,0.3358200300906141,3,"[[3, 4], [1, 3], [1, 4], [1, 3]]","[true, true, true, true, true]",0,4.0,0,1,0.19566104199999756
harmonic_loop--demand_conflict,harmonic_loop,demand_conflict,1129,dual_anchor_dynamic,1.754126831808756,0.3811407067473094,0.3811407067473094,0.3955030674012461,0.21728229671642313,0.3333333333333333,0.0,2.333947096954123,0.49266243445803976,0.4839331571960476,0.12499288766224433,0.25828543839910534,2,"[[1, 3], [3, 4], [3, 4], [1, 3]]","[true, true, true, true, true]",0,4.0,0,1,0.21143954199999726
harmonic_loop--demand_conflict,harmonic_loop,demand_conflict,1129,random_zones,1.754126831808756,1.0458738075610905,1.0458738075610905,0.7652329091103627,0.5962361378867028,0.3333333333333333,0.16666666666666666,2.333947096954123,1.3584809268830687,0.4839331571960476,0.28410657514764337,0.5870781344964716,0,"[[0, 1], [0, 1], [0, 1], [0, 1]]","[true, true, true, true, true]",0,0.0,0,1,0.15189158400000125
harmonic_loop--demand_conflict,harmonic_loop,demand_conflict,1151,full_trajectory,1.99436581674679,0.4138735720222788,0.4138735720222788,0.4613445327413454,0.20752139278910703,0.6666666666666666,0.0,2.2951120565533563,0.5059667283444799,0.5575590809201657,0.09521070743715575,0.1707634413917626,0,"[[0, 1, 2, 3, 4, 5], [0, 1, 2, 3, 4, 5], [0, 1, 2, 3, 4, 5], [0, 1, 2, 3, 4, 5]]","[true, true, true, true, true]",0,0.0,0,1,0.2516095000000007
harmonic_loop--demand_conflict,harmonic_loop,demand_conflict,1151,static_tolerance,1.99436581674679,1.1325249700679958,1.1325249700679958,0.733359478946432,0.5678622048964772,0.6666666666666666,0.6666666666666666,2.2951120565533563,1.2809385421097803,0.5575590809201657,0.3172503439330368,0.5689986134015858,0,"[[0, 5], [0, 5], [0, 5], [0, 5]]","[true, true, true, true, true]",0,0.0,0,1,0.1592407499999986
harmonic_loop--demand_conflict,harmonic_loop,demand_conflict,1151,curvature_zones,1.99436581674679,0.7096965686743465,0.7096965686743465,0.5625488631423256,0.3558507485010968,0.6666666666666666,0.0,2.2951120565533563,0.9713736483143033,0.5575590809201657,0.13673865453611805,0.24524513942173068,0,"[[2, 3], [2, 3], [2, 3], [2, 3]]","[true, true, true, true, true]",0,0.0,0,1,0.340863333999998
harmonic_loop--demand_conflict,harmonic_loop,demand_conflict,1151,error_peak_dynamic,1.99436581674679,0.3387958181454034,0.3387958181454034,0.4970992966710541,0.169876466644443,0.6666666666666666,0.0,2.2951120565533563,0.39090137476928677,0.5575590809201657,0.14865592104122508,0.2666191371072125,2,"[[2, 3], [2, 3], [1, 4], [3, 4]]","[true, true, true, true, true]",0,0.0,0,1,0.19423737500000016
harmonic_loop--demand_conflict,harmonic_loop,demand_conflict,1151,violation_dynamic,1.99436581674679,0.4834762256572475,0.4834762256572475,0.4706173351676908,0.24242103509670762,0.6666666666666666,0.0,2.2951120565533563,0.5825812340883306,0.5575590809201657,0.15116137376894845,0.27111274650836964,3,"[[2, 3], [1, 4], [3, 4], [1, 2]]","[true, true, true, true, true]",0,0.0,0,1,0.1951025830000006
harmonic_loop--demand_conflict,harmonic_loop,demand_conflict,1151,violation_safe,1.99436581674679,0.4800027309406579,0.4834762256572475,0.4706173351676908,0.2406793813401989,0.6666666666666666,0.0,2.2951120565533563,0.5614435440306531,0.5575590809201657,0.18922991547157375,0.33938989059110797,3,"[[2, 3], [1, 4], [3, 4], [1, 2]]","[true, true, true, true, false]",1,2.0,0,1,0.19694408299999822
harmonic_loop--demand_conflict,harmonic_loop,demand_conflict,1151,dual_anchor_dynamic,1.99436581674679,0.44359427262262296,0.44359427262262296,0.45854636871214144,0.22242372432265917,0.6666666666666666,0.0,2.2951120565533563,0.5669704942919686,0.5575590809201657,0.1170791074843376,0.20998511456600527,3,"[[2, 3], [3, 4], [2, 4], [1, 3]]","[true, true, true, true, true]",0,4.0,0,1,0.21831554199999914
harmonic_loop--demand_conflict,harmonic_loop,demand_conflict,1151,random_zones,1.99436581674679,1.1255697536018932,1.1255697536018932,0.692360414718151,0.5643747722461082,0.6666666666666666,0.5,2.2951120565533563,1.3619729257778816,0.5575590809201657,0.29141339248054465,0.5226592166692211,0,"[[0, 3], [0, 3], [0, 3], [0, 3]]","[true, true, true, true, true]",0,0.0,0,1,0.16140704200000044
harmonic_loop--demand_conflict,harmonic_loop,demand_conflict,1171,full_trajectory,3.4014635226780157,1.1694272645191386,1.1694272645191386,0.5634833537245827,0.343801206957655,0.8333333333333334,0.3333333333333333,4.100933763855136,1.480675022704121,0.9231229294236978,0.2433107430732356,0.26357350177092187,0,"[[0, 1, 2, 3, 4, 5], [0, 1, 2, 3, 4, 5], [0, 1, 2, 3, 4, 5], [0, 1, 2, 3, 4, 5]]","[true, true, true, true, true]",0,0.0,0,1,0.2409945829999991
harmonic_loop--demand_conflict,harmonic_loop,demand_conflict,1171,static_tolerance,3.4014635226780157,1.9957216860669424,1.9957216860669424,0.7456658725102301,0.5867244122305582,0.8333333333333334,0.6666666666666666,4.100933763855136,2.3030693091682157,0.9231229294236978,0.5479792850697927,0.593614639614568,0,"[[0, 5], [0, 5], [0, 5], [0, 5]]","[true, true, true, true, true]",0,0.0,0,1,0.16573662500000097
harmonic_loop--demand_conflict,harmonic_loop,demand_conflict,1171,curvature_zones,3.4014635226780157,1.7290487564008654,1.7290487564008654,0.6467110943006313,0.5083249445049357,0.8333333333333334,0.16666666666666666,4.100933763855136,2.39288029197891,0.9231229294236978,0.3143663459177935,0.3405465684987927,0,"[[2, 3], [2, 3], [2, 3], [2, 3]]","[true, true, true, true, true]",0,0.0,0,1,0.21686808400000146
harmonic_loop--demand_conflict,harmonic_loop,demand_conflict,1171,error_peak_dynamic,3.4014635226780157,1.4874647591249397,1.4874647591249397,0.5561090766026812,0.4373013995910324,0.8333333333333334,0.16666666666666666,4.100933763855136,1.988317957161694,0.9231229294236978,0.32821412769983227,0.35554758444223145,3,"[[2, 3], [3, 4], [1, 2], [1, 3]]","[true, true, true, true, true]",0,0.0,0,1,0.20294450000000097
harmonic_loop--demand_conflict,harmonic_loop,demand_conflict,1171,violation_dynamic,3.4014635226780157,1.0908802539923623,1.0908802539923623,0.5283579326504763,0.3207090849921855,0.8333333333333334,0.3333333333333333,4.100933763855136,1.2870131391524653,0.9231229294236978,0.3628001750837482,0.3930139351107257,3,"[[3, 4], [1, 2], [3, 4], [1, 4]]","[true, true, true, true, true]",0,0.0,0,1,0.1931435420000014
harmonic_loop--demand_conflict,harmonic_loop,demand_conflict,1171,violation_safe,3.4014635226780157,1.0908802539923623,1.0908802539923623,0.5283579326504763,0.3207090849921855,0.8333333333333334,0.3333333333333333,4.100933763855136,1.2870131391524653,0.9231229294236978,0.3628001750837482,0.3930139351107257,3,"[[3, 4], [1, 2], [3, 4], [1, 4]]","[true, true, true, true, true]",0,4.0,0,1,0.20871408299999672
harmonic_loop--demand_conflict,harmonic_loop,demand_conflict,1171,dual_anchor_dynamic,3.4014635226780157,0.8925738901843079,0.8925738901843079,0.5175516506828624,0.26240877911328386,0.8333333333333334,0.3333333333333333,4.100933763855136,1.0395544679122997,0.9231229294236978,0.2827438143025645,0.30629053324358485,3,"[[2, 3], [3, 4], [2, 4], [3, 4]]","[true, true, true, true, true]",0,4.0,0,1,0.22102391600000004
harmonic_loop--demand_conflict,harmonic_loop,demand_conflict,1171,random_zones,3.4014635226780157,1.6641352455041547,1.6641352455041547,0.6768223832429171,0.4892409500819694,0.8333333333333334,0.3333333333333333,4.100933763855136,2.2224488683446597,0.9231229294236978,0.4496392781681885,0.4870849416002445,0,"[[2, 4], [2, 4], [2, 4], [2, 4]]","[true, true, true, true, true]",0,0.0,0,1,0.18265745900000496
harmonic_loop--demand_conflict,harmonic_loop,demand_conflict,1193,full_trajectory,1.9045005569026858,0.4045663042075529,0.4045663042075529,0.4550542343064276,0.21242645623874448,0.6666666666666666,0.0,2.2834679052694296,0.4934439086525798,0.5201089776252612,0.0970514874381082,0.1865983699824421,0,"[[0, 1, 2, 3, 4, 5], [0, 1, 2, 3, 4, 5], [0, 1, 2, 3, 4, 5], [0, 1, 2, 3, 4, 5]]","[true, true, true, true, true]",0,0.0,0,1,0.22712333300000154
harmonic_loop--demand_conflict,harmonic_loop,demand_conflict,1193,static_tolerance,1.9045005569026858,1.0963706142809992,1.0963706142809992,0.7396114085040788,0.5756735592999989,0.6666666666666666,0.6666666666666666,2.2834679052694296,1.2780977561208307,0.5201089776252612,0.3006284443182894,0.578010488668958,0,"[[0, 5], [0, 5], [0, 5], [0, 5]]","[true, true, true, true, true]",0,0.0,0,1,0.15660295799999346
harmonic_loop--demand_conflict,harmonic_loop,demand_conflict,1193,curvature_zones,1.9045005569026858,0.6724643638984744,0.6724643638984744,0.5454632397569537,0.3530922379944651,0.6666666666666666,0.0,2.2834679052694296,0.9241227249966282,0.5201089776252612,0.1369320593449076,0.26327570804510747,0,"[[2, 3], [2, 3], [2, 3], [2, 3]]","[true, true, true, true, true]",0,0.0,0,1,0.21224437500000448
harmonic_loop--demand_conflict,harmonic_loop,demand_conflict,1193,error_peak_dynamic,1.9045005569026858,0.3317202297369437,0.3317202297369437,0.4811475694364582,0.1741770190271956,0.6666666666666666,0.0,2.2834679052694296,0.38107970105020395,0.5201089776252612,0.15204039638563277,0.29232411461118435,2,"[[2, 3], [2, 3], [1, 4], [3, 4]]","[true, true, true, true, true]",0,0.0,0,1,0.3139352920000036
harmonic_loop--demand_conflict,harmonic_loop,demand_conflict,1193,violation_dynamic,1.9045005569026858,0.4500199395844895,0.4500199395844895,0.4539658927231639,0.23629288946828286,0.6666666666666666,0.0,2.2834679052694296,0.567756662937777,0.5201089776252612,0.15025550688373865,0.2888923540020065,3,"[[2, 3], [3, 4], [1, 4], [1, 3]]","[true, true, true, true, true]",0,0.0,0,1,0.20514800000000122
harmonic_loop--demand_conflict,harmonic_loop,demand_conflict,1193,violation_safe,1.9045005569026858,0.4500199395844895,0.4500199395844895,0.4539658927231639,0.23629288946828286,0.6666666666666666,0.0,2.2834679052694296,0.567756662937777,0.5201089776252612,0.15025550688373865,0.2888923540020065,3,"[[2, 3], [3, 4], [1, 4], [1, 3]]","[true, true, true, true, true]",0,4.0,0,1,0.19219766700000207
harmonic_loop--demand_conflict,harmonic_loop,demand_conflict,1193,dual_anchor_dynamic,1.9045005569026858,0.430507901652758,0.430507901652758,0.4438192234721357,0.2260476638310354,0.6666666666666666,0.0,2.2834679052694296,0.5506572115733189,0.5201089776252612,0.12298751533226474,0.23646489605660548,3,"[[2, 3], [3, 4], [2, 4], [2, 3]]","[true, true, true, true, true]",0,4.0,0,1,0.21954091699999623
harmonic_loop--demand_conflict,harmonic_loop,demand_conflict,1193,random_zones,1.9045005569026858,0.7519187445593851,0.7519187445593851,0.6334837643242747,0.3948115120439977,0.6666666666666666,0.0,2.2834679052694296,0.9516230848739088,0.5201089776252612,0.18870268647423988,0.3628137459496042,0,"[[1, 2], [1, 2], [1, 2], [1, 2]]","[true, true, true, true, true]",0,0.0,0,1,0.18124633400000079
harmonic_loop--demand_conflict,harmonic_loop,demand_conflict,1217,full_trajectory,3.296467416872476,0.9639951420105306,0.9639951420105306,0.5178906013478952,0.29243278337181966,0.8333333333333334,0.16666666666666666,3.9144720441947003,1.2247675992743625,0.9029816788170477,0.19782082128188058,0.21907512181314243,0,"[[0, 1, 2, 3, 4, 5], [0, 1, 2, 3, 4, 5], [0, 1, 2, 3, 4, 5], [0, 1, 2, 3, 4, 5]]","[true, true, true, true, true]",0,0.0,0,1,0.24841550000000012
harmonic_loop--demand_conflict,harmonic_loop,demand_conflict,1217,static_tolerance,3.296467416872476,1.882460557089947,1.882460557089947,0.7362521844458287,0.5710538946797575,0.8333333333333334,0.6666666666666666,3.9144720441947003,2.1606979426562707,0.9029816788170477,0.5240953258130311,0.5804052707909011,0,"[[0, 5], [0, 5], [0, 5], [0, 5]]","[true, true, true, true, true]",0,0.0,0,1,0.17998512499999464
harmonic_loop--demand_conflict,harmonic_loop,demand_conflict,1217,curvature_zones,3.296467416872476,1.4968649270583811,1.4968649270583811,0.6087397106163596,0.4540815175047391,0.8333333333333334,0.16666666666666666,3.9144720441947003,2.072329974502491,0.9029816788170477,0.26961106310155314,0.2985786638049594,0,"[[2, 3], [2, 3], [2, 3], [2, 3]]","[true, true, true, true, true]",0,0.0,0,1,0.22763824999999827
harmonic_loop--demand_conflict,harmonic_loop,demand_conflict,1217,error_peak_dynamic,3.296467416872476,0.8071039400244272,0.8071039400244272,0.5103141164180299,0.2448390467605978,0.8333333333333334,0.0,3.9144720441947003,0.9438593369354781,0.9029816788170477,0.28932092211817506,0.32040619306606566,3,"[[2, 3], [3, 4], [1, 2], [3, 4]]","[true, true, true, true, true]",0,0.0,0,1,0.1797971670000038
harmonic_loop--demand_conflict,harmonic_loop,demand_conflict,1217,violation_dynamic,3.296467416872476,0.9996900364383192,0.9996900364383192,0.4868543898183212,0.30326100944348944,0.8333333333333334,0.16666666666666666,3.9144720441947003,1.2854195243891022,0.9029816788170477,0.28350754925332544,0.3139682187403125,3,"[[2, 3], [3, 4], [1, 4], [1, 3]]","[true, true, true, true, true]",0,0.0,0,1,0.19958987500000092
harmonic_loop--demand_conflict,harmonic_loop,demand_conflict,1217,violation_safe,3.296467416872476,0.9103400341710634,0.9996900364383192,0.4868543898183212,0.27615623607004997,0.8333333333333334,0.16666666666666666,3.9144720441947003,1.040111240373309,0.9029816788170477,0.32568700632219777,0.36067952867976727,3,"[[2, 3], [3, 4], [1, 4], [1, 3]]","[true, true, true, true, false]",1,2.0,0,1,0.19788116600000194
harmonic_loop--demand_conflict,harmonic_loop,demand_conflict,1217,dual_anchor_dynamic,3.296467416872476,0.7336308138165404,0.7336308138165404,0.4850692751696602,0.2225506037346405,0.8333333333333334,0.0,3.9144720441947003,0.8512574635136202,0.9029816788170477,0.24046894971483718,0.2663054581903188,3,"[[2, 3], [3, 4], [2, 4], [3, 4]]","[true, true, true, true, true]",0,4.0,0,1,0.233233165999998
harmonic_loop--demand_conflict,harmonic_loop,demand_conflict,1217,random_zones,3.296467416872476,1.6116611324286378,1.6116611324286378,0.6197958643745234,0.4889055247989382,0.8333333333333334,0.16666666666666666,3.9144720441947003,2.251382625227877,0.9029816788170477,0.2975311038462261,0.32949849462727426,0,"[[1, 3], [1, 3], [1, 3], [1, 3]]","[true, true, true, true, true]",0,0.0,0,1,0.24521695900000395
ellipse--neutral,ellipse,neutral,1103,full_trajectory,3.9825899906456925,0.11494427965025941,0.11494427965025941,0.2780831808391603,0.028861690487908757,0.5,0.0,5.280990900743224,0.14303566571109674,0.6875443012797511,0.019373195838165196,0.02817737824618016,0,"[[0, 1, 2, 3, 4, 5], [0, 1, 2, 3, 4, 5], [0, 1, 2, 3, 4, 5], [0, 1, 2, 3, 4, 5]]","[true, true, true, true, true]",0,0.0,0,1,0.17087149999999696
ellipse--neutral,ellipse,neutral,1103,static_tolerance,3.9825899906456925,0.17298830175057744,0.17298830175057744,0.2804187509318142,0.04343613130070943,0.5,0.0,5.280990900743224,0.21612832018356018,0.6875443012797511,0.029395727013856857,0.04275466607626814,0,"[[4, 5], [4, 5], [4, 5], [4, 5]]","[true, true, true, true, true]",0,0.0,0,1,0.17335337500000492
ellipse--neutral,ellipse,neutral,1103,curvature_zones,3.9825899906456925,0.21415549468895562,0.21415549468895562,0.32178539887689417,0.05377292043418078,0.5,0.0,5.280990900743224,0.2715341651627191,0.6875443012797511,0.034616091344104136,0.050347434019410754,0,"[[0, 5], [0, 5], [0, 5], [0, 5]]","[true, true, true, true, true]",0,0.0,0,1,0.16680320799999748
ellipse--neutral,ellipse,neutral,1103,error_peak_dynamic,3.9825899906456925,0.11718992331769383,0.11718992331769383,0.26620391277801375,0.029425555629113097,0.5,0.0,5.280990900743224,0.14644935607627027,0.6875443012797511,0.02251817993834671,0.03275160581861097,1,"[[3, 4], [3, 4], [3, 4], [1, 3]]","[true, true, true, true, true]",0,0.0,0,1,0.1614444579999983
ellipse--neutral,ellipse,neutral,1103,violation_dynamic,3.9825899906456925,0.11718992331769383,0.11718992331769383,0.26620391277801375,0.029425555629113097,0.5,0.0,5.280990900743224,0.14644935607627027,0.6875443012797511,0.02251817993834671,0.03275160581861097,1,"[[3, 4], [3, 4], [3, 4], [1, 3]]","[true, true, true, true, true]",0,0.0,0,1,0.16238583300000187
ellipse--neutral,ellipse,neutral,1103,violation_safe,3.9825899906456925,0.11718992331769383,0.11718992331769383,0.26620391277801375,0.029425555629113097,0.5,0.0,5.280990900743224,0.14644935607627027,0.6875443012797511,0.02251817993834671,0.03275160581861097,1,"[[3, 4], [3, 4], [3, 4], [1, 3]]","[true, true, true, true, true]",0,4.0,0,1,0.16212708300000145
ellipse--neutral,ellipse,neutral,1103,dual_anchor_dynamic,3.9825899906456925,0.11718992331769383,0.11718992331769383,0.26620391277801375,0.029425555629113097,0.5,0.0,5.280990900743224,0.14644935607627027,0.6875443012797511,0.02251817993834671,0.03275160581861097,1,"[[3, 4], [3, 4], [3, 4], [1, 3]]","[true, true, true, true, true]",0,4.0,0,1,0.16690966699999876
ellipse--neutral,ellipse,neutral,1103,random_zones,3.9825899906456925,0.16606904120753432,0.16606904120753432,0.2795789324118571,0.04169875422717309,0.5,0.0,5.280990900743224,0.21717200293703406,0.6875443012797511,0.02651688712355769,0.03856753241093098,0,"[[2, 4], [2, 4], [2, 4], [2, 4]]","[true, true, true, true, true]",0,0.0,0,1,0.23591554199999365
ellipse--neutral,ellipse,neutral,1129,full_trajectory,3.356981341270889,0.09711925735151922,0.09711925735151922,0.27147444766364265,0.028930532367734792,0.6666666666666666,0.0,4.437275893268499,0.1265399780286643,0.6165376605408724,0.016970161791552665,0.0275249394767956,0,"[[0, 1, 2, 3, 4, 5], [0, 1, 2, 3, 4, 5], [0, 1, 2, 3, 4, 5], [0, 1, 2, 3, 4, 5]]","[true, true, true, true, true]",0,0.0,0,1,0.16125445799999483
ellipse--neutral,ellipse,neutral,1129,static_tolerance,3.356981341270889,0.16259279651772734,0.16259279651772734,0.27882329944459083,0.048434227059532244,0.6666666666666666,0.0,4.437275893268499,0.2190604664153035,0.6165376605408724,0.027948935765642672,0.04533208197066794,0,"[[4, 5], [4, 5], [4, 5], [4, 5]]","[true, true, true, true, true]",0,0.0,0,1,0.16166708400000118
ellipse--neutral,ellipse,neutral,1129,curvature_zones,3.356981341270889,0.16823053604567423,0.16823053604567423,0.31799555127812795,0.05011363452558999,0.6666666666666666,0.0,4.437275893268499,0.21271613299194317,0.6165376605408724,0.031837892241830736,0.0516398174507299,0,"[[0, 5], [0, 5], [0, 5], [0, 5]]","[true, true, true, true, true]",0,0.0,0,1,0.16068012499999895
ellipse--neutral,ellipse,neutral,1129,error_peak_dynamic,3.356981341270889,0.08148432422613933,0.08148432422613933,0.2596454836863861,0.024273094170756074,0.6666666666666666,0.0,4.437275893268499,0.09870385642116505,0.6165376605408724,0.018868457798036416,0.030603901441290073,2,"[[3, 4], [2, 4], [2, 4], [1, 2]]","[true, true, true, true, true]",0,0.0,0,1,0.15775791600000133
ellipse--neutral,ellipse,neutral,1129,violation_dynamic,3.356981341270889,0.08148432422613933,0.08148432422613933,0.2596454836863861,0.024273094170756074,0.6666666666666666,0.0,4.437275893268499,0.09870385642116505,0.6165376605408724,0.018868457798036416,0.030603901441290073,2,"[[3, 4], [2, 4], [2, 4], [1, 2]]","[true, true, true, true, true]",0,0.0,0,1,0.17295850000000002
ellipse--neutral,ellipse,neutral,1129,violation_safe,3.356981341270889,0.08148432422613933,0.08148432422613933,0.2596454836863861,0.024273094170756074,0.6666666666666666,0.0,4.437275893268499,0.09870385642116505,0.6165376605408724,0.018868457798036416,0.030603901441290073,2,"[[3, 4], [2, 4], [2, 4], [1, 2]]","[true, true, true, true, true]",0,4.0,0,1,0.16169454199999933
ellipse--neutral,ellipse,neutral,1129,dual_anchor_dynamic,3.356981341270889,0.08148432422613933,0.08148432422613933,0.2596454836863861,0.024273094170756074,0.6666666666666666,0.0,4.437275893268499,0.09870385642116505,0.6165376605408724,0.018868457798036416,0.030603901441290073,2,"[[3, 4], [2, 4], [2, 4], [1, 2]]","[true, true, true, true, true]",0,4.0,0,1,0.16597966599999836
ellipse--neutral,ellipse,neutral,1129,random_zones,3.356981341270889,0.1423687670217573,0.1423687670217573,0.2878758096153267,0.04240975821684466,0.6666666666666666,0.0,4.437275893268499,0.1836550047355312,0.6165376605408724,0.02752638757307179,0.044646725309405444,0,"[[0, 3], [0, 3], [0, 3], [0, 3]]","[true, true, true, true, true]",0,0.0,0,1,0.18635041599999624
ellipse--neutral,ellipse,neutral,1151,full_trajectory,2.417564114734768,0.06884517412061085,0.06884517412061085,0.28329239458871547,0.028477083069279378,0.5,0.0,3.046066158324877,0.09190782217365055,0.463997376108538,0.011152307450808184,0.024035281286158488,0,"[[0, 1, 2, 3, 4, 5], [0, 1, 2, 3, 4, 5], [0, 1, 2, 3, 4, 5], [0, 1, 2, 3, 4, 5]]","[true, true, true, true, true]",0,0.0,0,1,0.1465005419999983
ellipse--neutral,ellipse,neutral,1151,static_tolerance,2.417564114734768,0.1035675557115233,0.1035675557115233,0.3083936278374557,0.04283963146221905,0.5,0.0,3.046066158324877,0.13928456923653365,0.463997376108538,0.017822038855455583,0.03840978370379117,0,"[[4, 5], [4, 5], [4, 5], [4, 5]]","[true, true, true, true, true]",0,0.0,0,1,0.15915108400000122
ellipse--neutral,ellipse,neutral,1151,curvature_zones,2.417564114734768,0.13257908156502174,0.13257908156502174,0.32755081266896313,0.05483994437085159,0.5,0.0,3.046066158324877,0.18149059034509657,0.463997376108538,0.018912170789180668,0.040759219260663976,0,"[[0, 5], [0, 5], [0, 5], [0, 5]]","[true, true, true, true, true]",0,0.0,0,1,0.15648712499999817
ellipse--neutral,ellipse,neutral,1151,error_peak_dynamic,2.417564114734768,0.05079026857382171,0.05079026857382171,0.26784078065403444,0.02100886105326474,0.5,0.0,3.046066158324877,0.060418417361980434,0.463997376108538,0.012422265231195358,0.026772274738660482,1,"[[3, 4], [3, 4], [3, 4], [2, 3]]","[true, true, true, true, true]",0,0.0,0,1,0.13597658400000512
ellipse--neutral,ellipse,neutral,1151,violation_dynamic,2.417564114734768,0.04942334115605226,0.04942334115605226,0.26738656342407385,0.02044344588622193,0.5,0.0,3.046066158324877,0.06023379155622201,0.463997376108538,0.01198524899005786,0.025830424065273763,1,"[[3, 4], [3, 4], [2, 3], [2, 3]]","[true, true, true, true, true]",0,0.0,0,1,0.1378137499999994
ellipse--neutral,ellipse,neutral,1151,violation_safe,2.417564114734768,0.04942334115605226,0.04942334115605226,0.26738656342407385,0.02044344588622193,0.5,0.0,3.046066158324877,0.06023379155622201,0.463997376108538,0.01198524899005786,0.025830424065273763,1,"[[3, 4], [3, 4], [2, 3], [2, 3]]","[true, true, true, true, true]",0,4.0,0,1,0.13780787500000002
ellipse--neutral,ellipse,neutral,1151,dual_anchor_dynamic,2.417564114734768,0.05079026857382171,0.05079026857382171,0.26784078065403444,0.02100886105326474,0.5,0.0,3.046066158324877,0.060418417361980434,0.463997376108538,0.012422265231195358,0.026772274738660482,1,"[[3, 4], [3, 4], [3, 4], [2, 3]]","[true, true, true, true, true]",0,4.0,0,1,0.14090945799999588
ellipse--neutral,ellipse,neutral,1151,random_zones,2.417564114734768,0.0542139995832958,0.0542139995832958,0.2688630144656785,0.022425051419678127,0.5,0.0,3.046066158324877,0.06487475645700752,0.463997376108538,0.012692804552337376,0.027355336917612834,0,"[[3, 5], [3, 5], [3, 5], [3, 5]]","[true, true, true, true, true]",0,0.0,0,1,0.12618962500000208
ellipse--neutral,ellipse,neutral,1171,full_trajectory,4.019218737072541,0.14354652077041224,0.14354652077041224,0.29647996706762403,0.035715030746240634,0.6666666666666666,0.0,4.988063853516808,0.18797775607753975,0.7672453669648109,0.02252808209785598,0.02936229147525007,0,"[[0, 1, 2, 3, 4, 5], [0, 1, 2, 3, 4, 5], [0, 1, 2, 3, 4, 5], [0, 1, 2, 3, 4, 5]]","[true, true, true, true, true]",0,0.0,0,1,0.16483316599999398
ellipse--neutral,ellipse,neutral,1171,static_tolerance,4.019218737072541,0.2039869860991387,0.2039869860991387,0.31551806022179213,0.05075289488914846,0.6666666666666666,0.0,4.988063853516808,0.2710344334983354,0.7672453669648109,0.03403375080697832,0.04435836600957833,0,"[[4, 5], [4, 5], [4, 5], [4, 5]]","[true, true, true, true, true]",0,0.0,0,1,0.19928491699999995
ellipse--neutral,ellipse,neutral,1171,curvature_zones,4.019218737072541,0.2740196896093945,0.2740196896093945,0.342996771973074,0.06817735175293815,0.6666666666666666,0.0,4.988063853516808,0.37229915995392854,0.7672453669648109,0.03735085934462062,0.04868176590284146,0,"[[0, 5], [0, 5], [0, 5], [0, 5]]","[true, true, true, true, true]",0,0.0,0,1,0.1625481250000007
ellipse--neutral,ellipse,neutral,1171,error_peak_dynamic,4.019218737072541,0.10562869450624893,0.10562869450624893,0.27925524890984865,0.026280902189261088,0.6666666666666666,0.0,4.988063853516808,0.12560870407969676,0.7672453669648109,0.023860195681116907,0.03109852038013184,1,"[[3, 4], [3, 4], [3, 4], [1, 3]]","[true, true, true, true, true]",0,0.0,0,1,0.15785362500000133
ellipse--neutral,ellipse,neutral,1171,violation_dynamic,4.019218737072541,0.10562869450624893,0.10562869450624893,0.27925524890984865,0.026280902189261088,0.6666666666666666,0.0,4.988063853516808,0.12560870407969676,0.7672453669648109,0.023860195681116907,0.03109852038013184,1,"[[3, 4], [3, 4], [3, 4], [1, 3]]","[true, true, true, true, true]",0,0.0,0,1,0.157589999999999
ellipse--neutral,ellipse,neutral,1171,violation_safe,4.019218737072541,0.10562869450624893,0.10562869450624893,0.27925524890984865,0.026280902189261088,0.6666666666666666,0.0,4.988063853516808,0.12560870407969676,0.7672453669648109,0.023860195681116907,0.03109852038013184,1,"[[3, 4], [3, 4], [3, 4], [1, 3]]","[true, true, true, true, true]",0,4.0,0,1,0.22065179199999818
ellipse--neutral,ellipse,neutral,1171,dual_anchor_dynamic,4.019218737072541,0.10562869450624893,0.10562869450624893,0.27925524890984865,0.026280902189261088,0.6666666666666666,0.0,4.988063853516808,0.12560870407969676,0.7672453669648109,0.023860195681116907,0.03109852038013184,1,"[[3, 4], [3, 4], [3, 4], [1, 3]]","[true, true, true, true, true]",0,4.0,0,1,0.17203991699999932
ellipse--neutral,ellipse,neutral,1171,random_zones,4.019218737072541,0.27690119338082936,0.27690119338082936,0.34290651883022627,0.06889428306718995,0.6666666666666666,0.0,4.988063853516808,0.37505520564592365,0.7672453669648109,0.03856718671033657,0.05026708321864057,0,"[[0, 1], [0, 1], [0, 1], [0, 1]]","[true, true, true, true, true]",0,0.0,0,1,0.18492179199999725
ellipse--neutral,ellipse,neutral,1193,full_trajectory,2.2944790846572785,0.07071934339946476,0.07071934339946476,0.2880294368812105,0.030821524533542637,0.5,0.0,2.8335529376689244,0.09515215424662506,0.4390423932557216,0.010430674507825522,0.023757784369014552,0,"[[0, 1, 2, 3, 4, 5], [0, 1, 2, 3, 4, 5], [0, 1, 2, 3, 4, 5], [0, 1, 2, 3, 4, 5]]","[true, true, true, true, true]",0,0.0,0,1,0.14438937499999582
ellipse--neutral,ellipse,neutral,1193,static_tolerance,2.2944790846572785,0.10676439701594612,0.10676439701594612,0.3081805102809035,0.04653099595889029,0.5,0.0,2.8335529376689244,0.14477694149894285,0.4390423932557216,0.01633605624678145,0.03720838009660371,0,"[[4, 5], [4, 5], [4, 5], [4, 5]]","[true, true, true, true, true]",0,0.0,0,1,0.15351583300000016
ellipse--neutral,ellipse,neutral,1193,curvature_zones,2.2944790846572785,0.13689746401624303,0.13689746401624303,0.3335177558025765,0.059663853521981926,0.5,0.0,2.8335529376689244,0.18678216491108957,0.4390423932557216,0.01837160328036287,0.04184471377382974,0,"[[0, 5], [0, 5], [0, 5], [0, 5]]","[true, true, true, true, true]",0,0.0,0,1,0.28697712499999994
ellipse--neutral,ellipse,neutral,1193,error_peak_dynamic,2.2944790846572785,0.05235289535857252,0.05235289535857252,0.2713132537227998,0.022816898052654234,0.5,0.0,2.8335529376689244,0.06302650190687979,0.4390423932557216,0.011630585260290021,0.02649080234380863,0,"[[3, 4], [3, 4], [3, 4], [3, 4]]","[true, true, true, true, true]",0,0.0,0,1,0.1581453750000037
ellipse--neutral,ellipse,neutral,1193,violation_dynamic,2.2944790846572785,0.050020778297446125,0.050020778297446125,0.27118620325867043,0.02180049433961941,0.5,0.0,2.8335529376689244,0.062369438470151146,0.4390423932557216,0.01055541546845707,0.02404190490622858,1,"[[3, 4], [3, 4], [3, 4], [1, 3]]","[true, true, true, true, true]",0,0.0,0,1,0.14884837500000003
ellipse--neutral,ellipse,neutral,1193,violation_safe,2.2944790846572785,0.050020778297446125,0.050020778297446125,0.27118620325867043,0.02180049433961941,0.5,0.0,2.8335529376689244,0.062369438470151146,0.4390423932557216,0.01055541546845707,0.02404190490622858,1,"[[3, 4], [3, 4], [3, 4], [1, 3]]","[true, true, true, true, true]",0,4.0,0,1,0.14488920799999505
ellipse--neutral,ellipse,neutral,1193,dual_anchor_dynamic,2.2944790846572785,0.05235289535857252,0.05235289535857252,0.2713132537227998,0.022816898052654234,0.5,0.0,2.8335529376689244,0.06302650190687979,0.4390423932557216,0.011630585260290021,0.02649080234380863,0,"[[3, 4], [3, 4], [3, 4], [3, 4]]","[true, true, true, true, true]",0,4.0,0,1,0.15760175000000487
ellipse--neutral,ellipse,neutral,1193,random_zones,2.2944790846572785,0.05133292354486099,0.05133292354486099,0.27379193996667817,0.02237236499043027,0.5,0.0,2.8335529376689244,0.06238682900856683,0.4390423932557216,0.011018778117183997,0.025097298772162248,0,"[[3, 5], [3, 5], [3, 5], [3, 5]]","[true, true, true, true, true]",0,0.0,0,1,0.1461400000000026
ellipse--neutral,ellipse,neutral,1217,full_trajectory,3.7406102242941968,0.11889873314829424,0.11889873314829424,0.29087979932529606,0.03178591887924619,0.6666666666666666,0.0,4.636253619745738,0.15656607202563913,0.743814931356181,0.019224006646526435,0.02584514754426311,0,"[[0, 1, 2, 3, 4, 5], [0, 1, 2, 3, 4, 5], [0, 1, 2, 3, 4, 5], [0, 1, 2, 3, 4, 5]]","[true, true, true, true, true]",0,0.0,0,1,0.15584262499999824
ellipse--neutral,ellipse,neutral,1217,static_tolerance,3.7406102242941968,0.16793082146316285,0.16793082146316285,0.3129456619514937,0.04489396419132367,0.6666666666666666,0.0,4.636253619745738,0.22383644885506665,0.743814931356181,0.029640505582819568,0.039849301665370845,0,"[[4, 5], [4, 5], [4, 5], [4, 5]]","[true, true, true, true, true]",0,0.0,0,1,0.17519141700000063
ellipse--neutral,ellipse,neutral,1217,curvature_zones,3.7406102242941968,0.22073604704303537,0.22073604704303537,0.3344777943130026,0.05901070515431351,0.6666666666666666,0.0,4.636253619745738,0.2996193248803149,0.743814931356181,0.03146864033062075,0.04230708339404358,0,"[[0, 5], [0, 5], [0, 5], [0, 5]]","[true, true, true, true, true]",0,0.0,0,1,0.16582679200000427
ellipse--neutral,ellipse,neutral,1217,error_peak_dynamic,3.7406102242941968,0.09287410000747126,0.09287410000747126,0.2754174400897053,0.024828595987970214,0.6666666666666666,0.0,4.636253619745738,0.10673443169190945,0.743814931356181,0.023167012997054624,0.031146205891315906,0,"[[3, 4], [3, 4], [3, 4], [3, 4]]","[true, true, true, true, true]",0,0.0,0,1,0.16628383400000502
ellipse--neutral,ellipse,neutral,1217,violation_dynamic,3.7406102242941968,0.09287410000747126,0.09287410000747126,0.2754174400897053,0.024828595987970214,0.6666666666666666,0.0,4.636253619745738,0.10673443169190945,0.743814931356181,0.023167012997054624,0.031146205891315906,0,"[[3, 4], [3, 4], [3, 4], [3, 4]]","[true, true, true, true, true]",0,0.0,0,1,0.15942258400000497
ellipse--neutral,ellipse,neutral,1217,violation_safe,3.7406102242941968,0.09287410000747126,0.09287410000747126,0.2754174400897053,0.024828595987970214,0.6666666666666666,0.0,4.636253619745738,0.10673443169190945,0.743814931356181,0.023167012997054624,0.031146205891315906,0,"[[3, 4], [3, 4], [3, 4], [3, 4]]","[true, true, true, true, true]",0,4.0,0,1,0.16497504099999816
ellipse--neutral,ellipse,neutral,1217,dual_anchor_dynamic,3.7406102242941968,0.09287410000747126,0.09287410000747126,0.2754174400897053,0.024828595987970214,0.6666666666666666,0.0,4.636253619745738,0.10673443169190945,0.743814931356181,0.023167012997054624,0.031146205891315906,0,"[[3, 4], [3, 4], [3, 4], [3, 4]]","[true, true, true, true, true]",0,4.0,0,1,0.16599562500000076
ellipse--neutral,ellipse,neutral,1217,random_zones,3.7406102242941968,0.22269070072151353,0.22269070072151353,0.3344878498953527,0.05953325456771757,0.6666666666666666,0.0,4.636253619745738,0.30189176802428375,0.743814931356181,0.03226512119620604,0.043377888552704594,0,"[[0, 1], [0, 1], [0, 1], [0, 1]]","[true, true, true, true, true]",0,0.0,0,1,0.19217283300000076
ellipse--demand_aligned,ellipse,demand_aligned,1103,full_trajectory,5.394820051437812,0.1797050339634618,0.1797050339634618,0.2851772634486746,0.03331066323807544,0.3333333333333333,0.0,7.041321200990966,0.24520399836188006,0.6875443012797511,0.019373195838165196,0.02817737824618016,0,"[[0, 1, 2, 3, 4, 5], [0, 1, 2, 3, 4, 5], [0, 1, 2, 3, 4, 5], [0, 1, 2, 3, 4, 5]]","[true, true, true, true, true]",0,0.0,0,1,0.19259145800000255
ellipse--demand_aligned,ellipse,demand_aligned,1103,static_tolerance,5.394820051437812,0.175031316678207,0.175031316678207,0.27115874787505767,0.0324443290062211,0.3333333333333333,0.0,7.041321200990966,0.20196374205306633,0.6875443012797511,0.08048966091349315,0.11706832674443644,0,"[[3, 4], [3, 4], [3, 4], [3, 4]]","[true, true, true, true, true]",0,0.0,0,1,0.11062791700000218
ellipse--demand_aligned,ellipse,demand_aligned,1103,curvature_zones,5.394820051437812,0.6430304045111852,0.6430304045111852,0.4022970699602465,0.11919404139157645,0.3333333333333333,0.0,7.041321200990966,0.8486375686844303,0.6875443012797511,0.06923447896598012,0.1006982078640045,0,"[[0, 5], [0, 5], [0, 5], [0, 5]]","[true, true, true, true, true]",0,0.0,0,1,0.16440358300000213
ellipse--demand_aligned,ellipse,demand_aligned,1103,error_peak_dynamic,5.394820051437812,0.1490938929596002,0.1490938929596002,0.2697494717939092,0.02763649047383223,0.3333333333333333,0.0,7.041321200990966,0.17606370465267918,0.6875443012797511,0.05492068155897391,0.07987948043020364,1,"[[3, 4], [3, 4], [1, 3], [1, 3]]","[true, true, true, true, true]",0,0.0,0,1,0.1212927910000019
ellipse--demand_aligned,ellipse,demand_aligned,1103,violation_dynamic,5.394820051437812,0.15816792401664026,0.15816792401664026,0.2707680167547242,0.02931848004355322,0.3333333333333333,0.0,7.041321200990966,0.18477578723998345,0.6875443012797511,0.06480908411283576,0.09426168465392595,1,"[[3, 4], [3, 4], [3, 4], [1, 3]]","[true, true, true, true, true]",0,0.0,0,1,0.11923191700000046
ellipse--demand_aligned,ellipse,demand_aligned,1103,violation_safe,5.394820051437812,0.15816792401664026,0.15816792401664026,0.2707680167547242,0.02931848004355322,0.3333333333333333,0.0,7.041321200990966,0.18477578723998345,0.6875443012797511,0.06480908411283576,0.09426168465392595,1,"[[3, 4], [3, 4], [3, 4], [1, 3]]","[true, true, true, true, true]",0,4.0,0,1,0.11558449999999709
ellipse--demand_aligned,ellipse,demand_aligned,1103,dual_anchor_dynamic,5.394820051437812,0.1303790326370666,0.1303790326370666,0.2694522004270017,0.024167447921143975,0.3333333333333333,0.0,7.041321200990966,0.16772204072020033,0.6875443012797511,0.02251817993834671,0.03275160581861097,1,"[[3, 4], [3, 4], [3, 4], [1, 3]]","[true, true, true, true, true]",0,4.0,0,1,0.17119920799999733
ellipse--demand_aligned,ellipse,demand_aligned,1103,random_zones,5.394820051437812,0.39568088758421316,0.39568088758421316,0.3437548039155946,0.07334459422400148,0.3333333333333333,0.0,7.041321200990966,0.5345351880415573,0.6875443012797511,0.03950392825776828,0.057456556885480965,0,"[[0, 1], [0, 1], [0, 1], [0, 1]]","[true, true, true, true, true]",0,0.0,0,1,0.16665391700000498
ellipse--demand_aligned,ellipse,demand_aligned,1129,full_trajectory,4.431649701546579,0.08808713505182217,0.08808713505182217,0.2659563841692514,0.0198768271375513,0.5,0.0,5.916367857691332,0.10846283831028364,0.6165376605408724,0.016970161791552665,0.0275249394767956,0,"[[0, 1, 2, 3, 4, 5], [0, 1, 2, 3, 4, 5], [0, 1, 2, 3, 4, 5], [0, 1, 2, 3, 4, 5]]","[true, true, true, true, true]",0,0.0,0,1,0.1827286659999956
ellipse--demand_aligned,ellipse,demand_aligned,1129,static_tolerance,4.431649701546579,0.214536898765965,0.214536898765965,0.2637358815754798,0.04841016623924378,0.5,0.0,5.916367857691332,0.2732597254350012,0.6165376605408724,0.09158518018103046,0.14854758442604327,0,"[[3, 4], [3, 4], [3, 4], [3, 4]]","[true, true, true, true, true]",0,0.0,0,1,0.1500133340000005
ellipse--demand_aligned,ellipse,demand_aligned,1129,curvature_zones,4.431649701546579,0.43722172582300445,0.43722172582300445,0.3982635930365728,0.09865890927038314,0.5,0.0,5.916367857691332,0.5497833070929136,0.6165376605408724,0.06847068886628181,0.1110567824943804,0,"[[0, 5], [0, 5], [0, 5], [0, 5]]","[true, true, true, true, true]",0,0.0,0,1,0.1586202909999983
ellipse--demand_aligned,ellipse,demand_aligned,1129,error_peak_dynamic,4.431649701546579,0.1348560811805523,0.1348560811805523,0.25990746237109863,0.030430221308667415,0.5,0.0,5.916367857691332,0.1693399009492212,0.6165376605408724,0.035098363972520266,0.056928175225710274,2,"[[3, 4], [1, 4], [1, 2], [1, 2]]","[true, true, true, true, true]",0,0.0,0,1,0.12922441600000667
ellipse--demand_aligned,ellipse,demand_aligned,1129,violation_dynamic,4.431649701546579,0.13209695079758405,0.13209695079758405,0.26141056387438727,0.029807624630503668,0.5,0.0,5.916367857691332,0.15681729106495515,0.6165376605408724,0.059897015023209335,0.09715061845640255,1,"[[3, 4], [3, 4], [3, 4], [1, 2]]","[true, true, true, true, true]",0,0.0,0,1,0.13749391700000047
ellipse--demand_aligned,ellipse,demand_aligned,1129,violation_safe,4.431649701546579,0.13209695079758405,0.13209695079758405,0.26141056387438727,0.029807624630503668,0.5,0.0,5.916367857691332,0.15681729106495515,0.6165376605408724,0.059897015023209335,0.09715061845640255,1,"[[3, 4], [3, 4], [3, 4], [1, 2]]","[true, true, true, true, true]",0,4.0,0,1,0.13861024999999927
ellipse--demand_aligned,ellipse,demand_aligned,1129,dual_anchor_dynamic,4.431649701546579,0.07551134839242338,0.07551134839242338,0.2530056420305007,0.017039105858495777,0.5,0.0,5.916367857691332,0.08701981590798936,0.6165376605408724,0.02023362289960772,0.032818145905081114,2,"[[3, 4], [2, 4], [2, 4], [2, 3]]","[true, true, true, true, true]",0,4.0,0,1,0.15946116699999635
ellipse--demand_aligned,ellipse,demand_aligned,1129,random_zones,4.431649701546579,0.2564975880582286,0.2564975880582286,0.3387815922048766,0.05787857915952039,0.5,0.0,5.916367857691332,0.3505043596111608,0.6165376605408724,0.03352896788937185,0.05438267608820158,0,"[[1, 2], [1, 2], [1, 2], [1, 2]]","[true, true, true, true, true]",0,0.0,0,1,0.13129091599999754
ellipse--demand_aligned,ellipse,demand_aligned,1151,full_trajectory,3.9128412972179274,0.11347242849653971,0.11347242849653971,0.2844315530831724,0.029000007891252795,0.5,0.0,5.221827699985503,0.1575562665834009,0.463997376108538,0.011152307450808184,0.024035281286158488,0,"[[0, 1, 2, 3, 4, 5], [0, 1, 2, 3, 4, 5], [0, 1, 2, 3, 4, 5], [0, 1, 2, 3, 4, 5]]","[true, true, true, true, true]",0,0.0,0,1,0.14271233300000574
ellipse--demand_aligned,ellipse,demand_aligned,1151,static_tolerance,3.9128412972179274,0.1727025463578381,0.1727025463578381,0.27332637515804753,0.04413737569183587,0.5,0.0,5.221827699985503,0.23062127375018432,0.463997376108538,0.045058347995424276,0.09710905775657717,0,"[[3, 4], [3, 4], [3, 4], [3, 4]]","[true, true, true, true, true]",0,0.0,0,1,0.10190495799999866
ellipse--demand_aligned,ellipse,demand_aligned,1151,curvature_zones,3.9128412972179274,0.44188483710389587,0.44188483710389587,0.40389859756462027,0.11293196006137043,0.5,0.0,5.221827699985503,0.6150818788569563,0.463997376108538,0.036492097730567115,0.07864720709547915,0,"[[0, 5], [0, 5], [0, 5], [0, 5]]","[true, true, true, true, true]",0,0.0,0,1,0.1384654590000025
ellipse--demand_aligned,ellipse,demand_aligned,1151,error_peak_dynamic,3.9128412972179274,0.07801071332235374,0.07801071332235374,0.2651879199154098,0.01993710130227367,0.5,0.0,5.221827699985503,0.09580925097472089,0.463997376108538,0.02874941712189304,0.06196030107542676,2,"[[3, 4], [2, 3], [2, 3], [1, 3]]","[true, true, true, true, true]",0,0.0,0,1,0.09218066700000094
ellipse--demand_aligned,ellipse,demand_aligned,1151,violation_dynamic,3.9128412972179274,0.0853337703524352,0.0853337703524352,0.26673199085219707,0.021808645909842658,0.5,0.0,5.221827699985503,0.10235459284300777,0.463997376108538,0.031967352120651896,0.06889554503250922,1,"[[3, 4], [3, 4], [2, 3], [2, 3]]","[true, true, true, true, true]",0,0.0,0,1,0.10315674999999658
ellipse--demand_aligned,ellipse,demand_aligned,1151,violation_safe,3.9128412972179274,0.0853337703524352,0.0853337703524352,0.26673199085219707,0.021808645909842658,0.5,0.0,5.221827699985503,0.10235459284300777,0.463997376108538,0.031967352120651896,0.06889554503250922,1,"[[3, 4], [3, 4], [2, 3], [2, 3]]","[true, true, true, true, true]",0,4.0,0,1,0.10222204200000107
ellipse--demand_aligned,ellipse,demand_aligned,1151,dual_anchor_dynamic,3.9128412972179274,0.07687031847864584,0.07687031847864584,0.26567238791796377,0.019645652005692505,0.5,0.0,5.221827699985503,0.10357442976339502,0.463997376108538,0.012422265231195358,0.026772274738660482,1,"[[3, 4], [3, 4], [3, 4], [2, 3]]","[true, true, true, true, true]",0,4.0,0,1,0.1364573749999991
ellipse--demand_aligned,ellipse,demand_aligned,1151,random_zones,3.9128412972179274,0.1727025463578381,0.1727025463578381,0.27332637515804753,0.04413737569183587,0.5,0.0,5.221827699985503,0.23062127375018432,0.463997376108538,0.045058347995424276,0.09710905775657717,0,"[[3, 4], [3, 4], [3, 4], [3, 4]]","[true, true, true, true, true]",0,0.0,0,1,0.10231737500000548
ellipse--demand_aligned,ellipse,demand_aligned,1171,full_trajectory,6.379278658365477,0.23179222465637636,0.23179222465637636,0.3010028273411224,0.03633517785783119,0.5,0.0,8.32607470630761,0.3222475818472109,0.7672453669648109,0.02252808209785598,0.02936229147525007,0,"[[0, 1, 2, 3, 4, 5], [0, 1, 2, 3, 4, 5], [0, 1, 2, 3, 4, 5], [0, 1, 2, 3, 4, 5]]","[true, true, true, true, true]",0,0.0,0,1,0.16389904200000416
ellipse--demand_aligned,ellipse,demand_aligned,1171,static_tolerance,6.379278658365477,0.1972337072438411,0.1972337072438411,0.2820058325501085,0.030917869841788202,0.5,0.0,8.32607470630761,0.22142841854930653,0.7672453669648109,0.07664134929443782,0.09989157653388986,0,"[[3, 4], [3, 4], [3, 4], [3, 4]]","[true, true, true, true, true]",0,0.0,0,1,0.11658841599999903
ellipse--demand_aligned,ellipse,demand_aligned,1171,curvature_zones,6.379278658365477,0.8595518470043277,0.8595518470043277,0.42462671992659634,0.13474122906939534,0.5,0.16666666666666666,8.32607470630761,1.1865059150733017,0.7672453669648109,0.06939778794518987,0.0904505793495039,0,"[[0, 5], [0, 5], [0, 5], [0, 5]]","[true, true, true, true, true]",0,0.0,0,1,0.16776624999999967
ellipse--demand_aligned,ellipse,demand_aligned,1171,error_peak_dynamic,6.379278658365477,0.24090507468156605,0.24090507468156605,0.2898718678044556,0.037763685768085205,0.5,0.0,8.32607470630761,0.32262669511711944,0.7672453669648109,0.04179094529952739,0.05446881414853053,2,"[[3, 4], [3, 4], [1, 2], [1, 3]]","[true, true, true, true, true]",0,0.0,0,1,0.12778449999999708
ellipse--demand_aligned,ellipse,demand_aligned,1171,violation_dynamic,6.379278658365477,0.18585025613961223,0.18585025613961223,0.2817827773327035,0.02913342810254843,0.5,0.0,8.32607470630761,0.2162426663979894,0.7672453669648109,0.06762174922211421,0.08813575439317788,1,"[[3, 4], [3, 4], [3, 4], [2, 3]]","[true, true, true, true, true]",0,0.0,0,1,0.11360870900000464
ellipse--demand_aligned,ellipse,demand_aligned,1171,violation_safe,6.379278658365477,0.18585025613961223,0.18585025613961223,0.2817827773327035,0.02913342810254843,0.5,0.0,8.32607470630761,0.2162426663979894,0.7672453669648109,0.06762174922211421,0.08813575439317788,1,"[[3, 4], [3, 4], [3, 4], [2, 3]]","[true, true, true, true, true]",0,4.0,0,1,0.11618087499999774
ellipse--demand_aligned,ellipse,demand_aligned,1171,dual_anchor_dynamic,6.379278658365477,0.1586678666538365,0.1586678666538365,0.2807544256260813,0.024872383720966187,0.5,0.0,8.32607470630761,0.21532920699376584,0.7672453669648109,0.023860195681116907,0.03109852038013184,1,"[[3, 4], [3, 4], [3, 4], [1, 3]]","[true, true, true, true, true]",0,4.0,0,1,0.16079020800000166
ellipse--demand_aligned,ellipse,demand_aligned,1171,random_zones,6.379278658365477,0.17235019178954963,0.17235019178954963,0.2829061650600145,0.027017191287534985,0.5,0.0,8.32607470630761,0.20365549574552502,0.7672453669648109,0.057274242087561315,0.07464918597571427,0,"[[0, 3], [0, 3], [0, 3], [0, 3]]","[true, true, true, true, true]",0,0.0,0,1,0.0881974999999997
ellipse--demand_aligned,ellipse,demand_aligned,1193,full_trajectory,3.7041094475705068,0.11712030515871372,0.11712030515871372,0.28981505827319404,0.03161901850268812,0.5,0.0,4.85083002027132,0.1631179787085001,0.4390423932557216,0.010430674507825522,0.023757784369014552,0,"[[0, 1, 2, 3, 4, 5], [0, 1, 2, 3, 4, 5], [0, 1, 2, 3, 4, 5], [0, 1, 2, 3, 4, 5]]","[true, true, true, true, true]",0,0.0,0,1,0.14340020800000275
ellipse--demand_aligned,ellipse,demand_aligned,1193,static_tolerance,3.7041094475705068,0.11251930599936581,0.11251930599936581,0.2724177227661504,0.030376884806459014,0.5,0.0,4.85083002027132,0.13362462416343882,0.4390423932557216,0.03982789077130978,0.09071536458237166,0,"[[3, 4], [3, 4], [3, 4], [3, 4]]","[true, true, true, true, true]",0,0.0,0,1,0.10060066699999481
ellipse--demand_aligned,ellipse,demand_aligned,1193,curvature_zones,3.7041094475705068,0.447379238984592,0.447379238984592,0.4110738089062658,0.12077916306658383,0.5,0.0,4.85083002027132,0.6172514792131828,0.4390423932557216,0.03622376699684006,0.08250630816815317,0,"[[0, 5], [0, 5], [0, 5], [0, 5]]","[true, true, true, true, true]",0,0.0,0,1,0.14244591700000342
ellipse--demand_aligned,ellipse,demand_aligned,1193,error_peak_dynamic,3.7041094475705068,0.1144459428246194,0.1144459428246194,0.2780414964863106,0.030897019768053424,0.5,0.0,4.85083002027132,0.1533802116761813,0.4390423932557216,0.021532087836136065,0.0490433000705575,2,"[[3, 4], [3, 4], [1, 2], [1, 3]]","[true, true, true, true, true]",0,0.0,0,1,0.10910966699999847
ellipse--demand_aligned,ellipse,demand_aligned,1193,violation_dynamic,3.7041094475705068,0.09027843317951703,0.09027843317951703,0.27166717553156355,0.02437250692976415,0.5,0.0,4.85083002027132,0.10492619220607899,0.4390423932557216,0.03410528644714838,0.07768107811694543,1,"[[3, 4], [3, 4], [3, 4], [2, 3]]","[true, true, true, true, true]",0,0.0,0,1,0.1019472089999951
ellipse--demand_aligned,ellipse,demand_aligned,1193,violation_safe,3.7041094475705068,0.09027843317951703,0.09027843317951703,0.27166717553156355,0.02437250692976415,0.5,0.0,4.85083002027132,0.10492619220607899,0.4390423932557216,0.03410528644714838,0.07768107811694543,1,"[[3, 4], [3, 4], [3, 4], [2, 3]]","[true, true, true, true, true]",0,4.0,0,1,0.17222233300000056
ellipse--demand_aligned,ellipse,demand_aligned,1193,dual_anchor_dynamic,3.7041094475705068,0.07999705862567572,0.07999705862567572,0.27046629163772534,0.0215968398768954,0.5,0.0,4.85083002027132,0.10804543184036534,0.4390423932557216,0.011630585260290021,0.02649080234380863,0,"[[3, 4], [3, 4], [3, 4], [3, 4]]","[true, true, true, true, true]",0,4.0,0,1,0.16157879200000025
ellipse--demand_aligned,ellipse,demand_aligned,1193,random_zones,3.7041094475705068,0.26730442887538886,0.26730442887538886,0.35027038831322443,0.07216429013746112,0.5,0.0,4.85083002027132,0.3718592881464401,0.4390423932557216,0.02120472409906102,0.04829766880099495,0,"[[0, 1], [0, 1], [0, 1], [0, 1]]","[true, true, true, true, true]",0,0.0,0,1,0.22832933400000144
ellipse--demand_aligned,ellipse,demand_aligned,1217,full_trajectory,6.029109603151648,0.1939965626107567,0.1939965626107567,0.29217259710299714,0.03217665217254422,0.5,0.0,7.947863348135551,0.2683989806153813,0.743814931356181,0.019224006646526435,0.02584514754426311,0,"[[0, 1, 2, 3, 4, 5], [0, 1, 2, 3, 4, 5], [0, 1, 2, 3, 4, 5], [0, 1, 2, 3, 4, 5]]","[true, true, true, true, true]",0,0.0,0,1,0.17631295800000402
ellipse--demand_aligned,ellipse,demand_aligned,1217,static_tolerance,6.029109603151648,0.25445580868404966,0.25445580868404966,0.27869425697503203,0.04220454186983693,0.5,0.0,7.947863348135551,0.3312381841316613,0.743814931356181,0.07265300228943569,0.09767618156974761,0,"[[3, 4], [3, 4], [3, 4], [3, 4]]","[true, true, true, true, true]",0,0.0,0,1,0.12035316600000101
ellipse--demand_aligned,ellipse,demand_aligned,1217,curvature_zones,6.029109603151648,0.7094009343707693,0.7094009343707693,0.40936129583807496,0.11766263695056035,0.5,0.0,7.947863348135551,0.9791171463208997,0.743814931356181,0.05950598806150901,0.08000106686889584,0,"[[0, 5], [0, 5], [0, 5], [0, 5]]","[true, true, true, true, true]",0,0.0,0,1,0.1651974999999979
ellipse--demand_aligned,ellipse,demand_aligned,1217,error_peak_dynamic,6.029109603151648,0.2018673582898205,0.2018673582898205,0.28119684794141386,0.03348211785440037,0.5,0.0,7.947863348135551,0.27128884457897173,0.743814931356181,0.041317398786743745,0.05554795560692854,2,"[[3, 4], [3, 4], [1, 2], [2, 3]]","[true, true, true, true, true]",0,0.0,0,1,0.1253342089999947
ellipse--demand_aligned,ellipse,demand_aligned,1217,violation_dynamic,6.029109603151648,0.15255780231045132,0.15255780231045132,0.2744653495928217,0.02530353772814206,0.5,0.0,7.947863348135551,0.1882419383513059,0.743814931356181,0.053429738481323284,0.07183203271263464,1,"[[3, 4], [3, 4], [2, 3], [2, 3]]","[true, true, true, true, true]",0,0.0,0,1,0.1149852499999966
ellipse--demand_aligned,ellipse,demand_aligned,1217,violation_safe,6.029109603151648,0.15255780231045132,0.15255780231045132,0.2744653495928217,0.02530353772814206,0.5,0.0,7.947863348135551,0.1882419383513059,0.743814931356181,0.053429738481323284,0.07183203271263464,1,"[[3, 4], [3, 4], [2, 3], [2, 3]]","[true, true, true, true, true]",0,4.0,0,1,0.11757062499999904
ellipse--demand_aligned,ellipse,demand_aligned,1217,dual_anchor_dynamic,6.029109603151648,0.13836702936264372,0.13836702936264372,0.27357743583084654,0.022949828162074536,0.5,0.0,7.947863348135551,0.18297331147184476,0.743814931356181,0.023167012997054624,0.031146205891315906,0,"[[3, 4], [3, 4], [3, 4], [3, 4]]","[true, true, true, true, true]",0,4.0,0,1,0.1820473340000035
ellipse--demand_aligned,ellipse,demand_aligned,1217,random_zones,6.029109603151648,0.19882113647374977,0.19882113647374977,0.27834289625048403,0.03297686550097187,0.5,0.0,7.947863348135551,0.24536392541024868,0.743814931356181,0.05295934854544745,0.07119963086636061,0,"[[1, 3], [1, 3], [1, 3], [1, 3]]","[true, true, true, true, true]",0,0.0,0,1,0.13602795799999967
ellipse--demand_conflict,ellipse,demand_conflict,1103,full_trajectory,2.800410539596533,0.11263026728160719,0.11263026728160719,0.30402535103697,0.040219198467176996,0.5,0.0,3.520660600495483,0.13885276855338016,0.6875443012797511,0.019373195838165196,0.02817737824618016,0,"[[0, 1, 2, 3, 4, 5], [0, 1, 2, 3, 4, 5], [0, 1, 2, 3, 4, 5], [0, 1, 2, 3, 4, 5]]","[true, true, true, true, true]",0,0.0,0,1,0.18641999999999825
ellipse--demand_conflict,ellipse,demand_conflict,1103,static_tolerance,2.800410539596533,0.6490876614222055,0.6490876614222055,0.5169298090234135,0.23178303760980784,0.5,0.0,3.520660600495483,0.8463944397301513,0.6875443012797511,0.15271855684537544,0.22212176955159815,0,"[[0, 1], [0, 1], [0, 1], [0, 1]]","[true, true, true, true, true]",0,0.0,0,1,0.12204429100000169
ellipse--demand_conflict,ellipse,demand_conflict,1103,curvature_zones,2.800410539596533,0.39097001764249717,0.39097001764249717,0.44075630815563627,0.1396116791143151,0.5,0.0,3.520660600495483,0.46206133247403447,0.6875443012797511,0.09788796425447162,0.14237331917706134,0,"[[0, 5], [0, 5], [0, 5], [0, 5]]","[true, true, true, true, true]",0,0.0,0,1,0.1949367910000035
ellipse--demand_conflict,ellipse,demand_conflict,1103,error_peak_dynamic,2.800410539596533,0.15962986618050665,0.15962986618050665,0.3275181110673216,0.05700230874131233,0.5,0.0,3.520660600495483,0.19934346383469398,0.6875443012797511,0.027722533434681115,0.04032108677663412,1,"[[3, 4], [3, 4], [3, 4], [1, 3]]","[true, true, true, true, true]",0,0.0,0,1,0.15433366699999596
ellipse--demand_conflict,ellipse,demand_conflict,1103,violation_dynamic,2.800410539596533,0.21234404699887907,0.21234404699887907,0.3102014675389065,0.07582604193079218,0.5,0.0,3.520660600495483,0.25640664814202796,0.6875443012797511,0.058015685655323654,0.0843810144994831,1,"[[1, 4], [1, 4], [1, 4], [1, 2]]","[true, true, true, true, true]",0,0.0,0,1,0.16855841600000332
ellipse--demand_conflict,ellipse,demand_conflict,1103,violation_safe,2.800410539596533,0.21234404699887907,0.21234404699887907,0.3102014675389065,0.07582604193079218,0.5,0.0,3.520660600495483,0.25640664814202796,0.6875443012797511,0.058015685655323654,0.0843810144994831,1,"[[1, 4], [1, 4], [1, 4], [1, 2]]","[true, true, true, true, true]",0,4.0,0,1,0.14129437500000108
ellipse--demand_conflict,ellipse,demand_conflict,1103,dual_anchor_dynamic,2.800410539596533,0.13300963730071635,0.13300963730071635,0.3105860610556627,0.04749647789851541,0.5,0.0,3.520660600495483,0.17017231947485156,0.6875443012797511,0.022276625981671194,0.03240027724789065,2,"[[3, 4], [1, 4], [1, 3], [1, 3]]","[true, true, true, true, true]",0,4.0,0,1,0.3163026249999987
ellipse--demand_conflict,ellipse,demand_conflict,1103,random_zones,2.800410539596533,0.5072088455079201,0.5072088455079201,0.4798840644171356,0.18111946028491802,0.5,0.0,3.520660600495483,0.6602716787366808,0.6875443012797511,0.12476909051931637,0.1814706198379932,0,"[[1, 2], [1, 2], [1, 2], [1, 2]]","[true, true, true, true, true]",0,0.0,0,1,0.1635707499999981
ellipse--demand_conflict,ellipse,demand_conflict,1129,full_trajectory,2.524557060780252,0.10732153457570906,0.10732153457570906,0.29616580501873857,0.0425110353982412,0.6666666666666666,0.0,3.0625366455311904,0.13804361239490648,0.6165376605408724,0.016970161791552665,0.0275249394767956,0,"[[0, 1, 2, 3, 4, 5], [0, 1, 2, 3, 4, 5], [0, 1, 2, 3, 4, 5], [0, 1, 2, 3, 4, 5]]","[true, true, true, true, true]",0,0.0,0,1,0.182584250000005
ellipse--demand_conflict,ellipse,demand_conflict,1129,static_tolerance,2.524557060780252,0.6275419087338863,0.6275419087338863,0.5209279329370043,0.24857505440575586,0.6666666666666666,0.0,3.0625366455311904,0.7831797282862382,0.6165376605408724,0.1571510853947662,0.2548929213130332,0,"[[0, 1], [0, 1], [0, 1], [0, 1]]","[true, true, true, true, true]",0,0.0,0,1,0.11779937499999704
ellipse--demand_conflict,ellipse,demand_conflict,1129,curvature_zones,2.524557060780252,0.4424212761187469,0.4424212761187469,0.4523094825609754,0.1752470890802563,0.6666666666666666,0.0,3.0625366455311904,0.5562891609978821,0.6165376605408724,0.09926736974071036,0.16100779578270316,0,"[[0, 5], [0, 5], [0, 5], [0, 5]]","[true, true, true, true, true]",0,0.0,0,1,0.2630434580000056
ellipse--demand_conflict,ellipse,demand_conflict,1129,error_peak_dynamic,2.524557060780252,0.13430346628650056,0.13430346628650056,0.32264221325444975,0.05319882381465842,0.6666666666666666,0.0,3.0625366455311904,0.1694577229506497,0.6165376605408724,0.031702390294946085,0.051420038586344266,3,"[[3, 4], [2, 4], [1, 2], [3, 4]]","[true, true, true, true, true]",0,0.0,0,1,0.1524644579999972
ellipse--demand_conflict,ellipse,demand_conflict,1129,violation_dynamic,2.524557060780252,0.12170471757429355,0.12170471757429355,0.3315533832603205,0.04820834492712115,0.6666666666666666,0.0,3.0625366455311904,0.15103311893120006,0.6165376605408724,0.04163780871085934,0.06753489912413717,2,"[[1, 4], [1, 2], [2, 4], [2, 4]]","[true, true, true, true, true]",0,0.0,0,1,0.15652587499999981
ellipse--demand_conflict,ellipse,demand_conflict,1129,violation_safe,2.524557060780252,0.12170471757429355,0.12170471757429355,0.3315533832603205,0.04820834492712115,0.6666666666666666,0.0,3.0625366455311904,0.15103311893120006,0.6165376605408724,0.04163780871085934,0.06753489912413717,2,"[[1, 4], [1, 2], [2, 4], [2, 4]]","[true, true, true, true, true]",0,4.0,0,1,0.15359920899999935
ellipse--demand_conflict,ellipse,demand_conflict,1129,dual_anchor_dynamic,2.524557060780252,0.11381479018568813,0.11381479018568813,0.3061841400676553,0.04508307296905065,0.6666666666666666,0.0,3.0625366455311904,0.14738978408223827,0.6165376605408724,0.02079002370381558,0.03372060627338974,2,"[[1, 4], [1, 4], [2, 4], [2, 3]]","[true, true, true, true, true]",0,4.0,0,1,0.17819120900000485
ellipse--demand_conflict,ellipse,demand_conflict,1129,random_zones,2.524557060780252,0.2503736357674628,0.2503736357674628,0.3595261879276364,0.09917527302396607,0.6666666666666666,0.0,3.0625366455311904,0.33838775159631146,0.6165376605408724,0.04153545731023491,0.0673688891507405,0,"[[4, 5], [4, 5], [4, 5], [4, 5]]","[true, true, true, true, true]",0,0.0,0,1,0.15537100000000237
ellipse--demand_conflict,ellipse,demand_conflict,1151,full_trajectory,1.64527096598961,0.04163208463407862,0.04163208463407862,0.271600649828345,0.025304090022057517,0.6666666666666666,0.0,1.9586866813041826,0.04795190722103507,0.463997376108538,0.011152307450808184,0.024035281286158488,0,"[[0, 1, 2, 3, 4, 5], [0, 1, 2, 3, 4, 5], [0, 1, 2, 3, 4, 5], [0, 1, 2, 3, 4, 5]]","[true, true, true, true, true]",0,0.0,0,1,0.1434877909999983
ellipse--demand_conflict,ellipse,demand_conflict,1151,static_tolerance,1.64527096598961,0.3312886510113857,0.3312886510113857,0.4799329912807511,0.20135810930822554,0.6666666666666666,0.0,1.9586866813041826,0.41932217272182204,0.463997376108538,0.08770742779744023,0.1890256978024888,0,"[[0, 1], [0, 1], [0, 1], [0, 1]]","[true, true, true, true, true]",0,0.0,0,1,0.10564891599999982
ellipse--demand_conflict,ellipse,demand_conflict,1151,curvature_zones,1.64527096598961,0.1994034881279828,0.1994034881279828,0.4020504517053811,0.12119796206823846,0.6666666666666666,0.0,1.9586866813041826,0.25877004914875196,0.463997376108538,0.05141994460733045,0.11081947281379094,0,"[[0, 5], [0, 5], [0, 5], [0, 5]]","[true, true, true, true, true]",0,0.0,0,1,0.143227207999999
ellipse--demand_conflict,ellipse,demand_conflict,1151,error_peak_dynamic,1.64527096598961,0.07993970885076898,0.07993970885076898,0.2996295728899176,0.048587564299894054,0.6666666666666666,0.0,1.9586866813041826,0.10531166369336716,0.463997376108538,0.01414570248762927,0.030486600174912015,1,"[[3, 4], [3, 4], [3, 4], [2, 3]]","[true, true, true, true, true]",0,0.0,0,1,0.13299883300000204
ellipse--demand_conflict,ellipse,demand_conflict,1151,violation_dynamic,1.64527096598961,0.05944054275337196,0.05944054275337196,0.29956050279263424,0.036128117484659564,0.6666666666666666,0.0,1.9586866813041826,0.06867365932335368,0.463997376108538,0.022192604807574057,0.047829160142454724,2,"[[2, 4], [2, 3], [1, 3], [1, 3]]","[true, true, true, true, true]",0,0.0,0,1,0.13508391699999578
ellipse--demand_conflict,ellipse,demand_conflict,1151,violation_safe,1.64527096598961,0.05944054275337196,0.05944054275337196,0.29956050279263424,0.036128117484659564,0.6666666666666666,0.0,1.9586866813041826,0.06867365932335368,0.463997376108538,0.022192604807574057,0.047829160142454724,2,"[[2, 4], [2, 3], [1, 3], [1, 3]]","[true, true, true, true, true]",0,4.0,0,1,0.13637679200000008
ellipse--demand_conflict,ellipse,demand_conflict,1151,dual_anchor_dynamic,1.64527096598961,0.044709279944869194,0.044709279944869194,0.2740985404157028,0.02717441738721568,0.6666666666666666,0.0,1.9586866813041826,0.05342888192960452,0.463997376108538,0.01174537754797167,0.025313456827014896,1,"[[2, 3], [2, 3], [1, 3], [1, 3]]","[true, true, true, true, true]",0,4.0,0,1,0.13931225000000325
ellipse--demand_conflict,ellipse,demand_conflict,1151,random_zones,1.64527096598961,0.09608252307774473,0.09608252307774473,0.32615035693296157,0.05839920904454318,0.6666666666666666,0.0,1.9586866813041826,0.11577341757885412,0.463997376108538,0.02592725438444275,0.055878019401510284,0,"[[4, 5], [4, 5], [4, 5], [4, 5]]","[true, true, true, true, true]",0,0.0,0,1,0.15000283399999859
ellipse--demand_conflict,ellipse,demand_conflict,1171,full_trajectory,2.794220734344959,0.11555041071173873,0.11555041071173873,0.30730985137979017,0.04135335812645699,0.6666666666666666,0.0,3.3253759023445384,0.1392825348696831,0.7672453669648109,0.02252808209785598,0.02936229147525007,0,"[[0, 1, 2, 3, 4, 5], [0, 1, 2, 3, 4, 5], [0, 1, 2, 3, 4, 5], [0, 1, 2, 3, 4, 5]]","[true, true, true, true, true]",0,0.0,0,1,0.1637069579999988
ellipse--demand_conflict,ellipse,demand_conflict,1171,static_tolerance,2.794220734344959,0.5909928124555229,0.5909928124555229,0.5048016969040293,0.21150541372461312,0.6666666666666666,0.0,3.3253759023445384,0.7369811368626048,0.7672453669648109,0.15389320628739953,0.20057886683134277,0,"[[0, 1], [0, 1], [0, 1], [0, 1]]","[true, true, true, true, true]",0,0.0,0,1,0.11731304199999926
ellipse--demand_conflict,ellipse,demand_conflict,1171,curvature_zones,2.794220734344959,0.37948079327878426,0.37948079327878426,0.42746824930050975,0.13580916804976212,0.6666666666666666,0.0,3.3253759023445384,0.4829669219711247,0.7672453669648109,0.09560643603631946,0.12460998808573369,0,"[[0, 5], [0, 5], [0, 5], [0, 5]]","[true, true, true, true, true]",0,0.0,0,1,0.15109154100000666
ellipse--demand_conflict,ellipse,demand_conflict,1171,error_peak_dynamic,2.794220734344959,0.15713109648909862,0.15713109648909862,0.33454261346157166,0.05623431769642723,0.6666666666666666,0.0,3.3253759023445384,0.2054709416736081,0.7672453669648109,0.027128733168398627,0.035358614514309425,1,"[[3, 4], [3, 4], [3, 4], [1, 3]]","[true, true, true, true, true]",0,0.0,0,1,0.14487845799999377
ellipse--demand_conflict,ellipse,demand_conflict,1171,violation_dynamic,2.794220734344959,0.1909871240624333,0.1909871240624333,0.31968614883939434,0.06835076474629548,0.6666666666666666,0.0,3.3253759023445384,0.23835586618312854,0.7672453669648109,0.05449738435919842,0.07102992954494816,2,"[[1, 4], [1, 3], [1, 3], [1, 2]]","[true, true, true, true, true]",0,0.0,0,1,0.1431927500000043
ellipse--demand_conflict,ellipse,demand_conflict,1171,violation_safe,2.794220734344959,0.1909871240624333,0.1909871240624333,0.31968614883939434,0.06835076474629548,0.6666666666666666,0.0,3.3253759023445384,0.23835586618312854,0.7672453669648109,0.05449738435919842,0.07102992954494816,2,"[[1, 4], [1, 3], [1, 3], [1, 2]]","[true, true, true, true, true]",0,4.0,0,1,0.1449914579999927
ellipse--demand_conflict,ellipse,demand_conflict,1171,dual_anchor_dynamic,2.794220734344959,0.11319639390317493,0.11319639390317493,0.3126105165864301,0.0405108989822564,0.6666666666666666,0.0,3.3253759023445384,0.14054269028999594,0.7672453669648109,0.02268892688054148,0.029571930776588307,1,"[[3, 4], [1, 3], [1, 3], [1, 3]]","[true, true, true, true, true]",0,4.0,0,1,0.16209091700000045
ellipse--demand_conflict,ellipse,demand_conflict,1171,random_zones,2.794220734344959,0.2515562536169955,0.2515562536169955,0.3578491149479275,0.0900273376848902,0.6666666666666666,0.0,3.3253759023445384,0.3343627535757372,0.7672453669648109,0.0465504824136372,0.06067222353885155,0,"[[4, 5], [4, 5], [4, 5], [4, 5]]","[true, true, true, true, true]",0,0.0,0,1,0.1637894160000002
ellipse--demand_conflict,ellipse,demand_conflict,1193,full_trajectory,1.5949380462402754,0.046503378215133985,0.046503378215133985,0.28400021525593533,0.02915685554354649,0.6666666666666666,0.0,1.889035291779283,0.05626579835858748,0.4390423932557216,0.010430674507825522,0.023757784369014552,0,"[[0, 1, 2, 3, 4, 5], [0, 1, 2, 3, 4, 5], [0, 1, 2, 3, 4, 5], [0, 1, 2, 3, 4, 5]]","[true, true, true, true, true]",0,0.0,0,1,0.14465495800000383
ellipse--demand_conflict,ellipse,demand_conflict,1193,static_tolerance,1.5949380462402754,0.3223356489655899,0.3223356489655899,0.4951277145616768,0.20209916599922306,0.6666666666666666,0.0,1.889035291779283,0.4032351544988673,0.4390423932557216,0.08477459322221617,0.1930897665566408,0,"[[0, 1], [0, 1], [0, 1], [0, 1]]","[true, true, true, true, true]",0,0.0,0,1,0.10582250000000215
ellipse--demand_conflict,ellipse,demand_conflict,1193,curvature_zones,1.5949380462402754,0.20254220982872037,0.20254220982872037,0.4176758202791917,0.12699064412324368,0.6666666666666666,0.0,1.889035291779283,0.25573427439071983,0.4390423932557216,0.051264195457186496,0.1167636570970665,0,"[[0, 5], [0, 5], [0, 5], [0, 5]]","[true, true, true, true, true]",0,0.0,0,1,0.14378670799999327
ellipse--demand_conflict,ellipse,demand_conflict,1193,error_peak_dynamic,1.5949380462402754,0.06743318247926074,0.06743318247926074,0.30970706642909984,0.04227949959449523,0.6666666666666666,0.0,1.889035291779283,0.08843139503412867,0.4390423932557216,0.012498207352591764,0.0284669716286649,1,"[[3, 4], [3, 4], [3, 4], [1, 3]]","[true, true, true, true, true]",0,0.0,0,1,0.13616575000000353
ellipse--demand_conflict,ellipse,demand_conflict,1193,violation_dynamic,1.5949380462402754,0.08080391695084498,0.08080391695084498,0.30684280154225024,0.05066273084482679,0.6666666666666666,0.0,1.889035291779283,0.1020974363501717,0.4390423932557216,0.0233779202730051,0.05324752377474528,3,"[[1, 4], [3, 4], [1, 3], [1, 2]]","[true, true, true, true, true]",0,0.0,0,1,0.1304107499999958
ellipse--demand_conflict,ellipse,demand_conflict,1193,violation_safe,1.5949380462402754,0.08080391695084498,0.08080391695084498,0.30684280154225024,0.05066273084482679,0.6666666666666666,0.0,1.889035291779283,0.1020974363501717,0.4390423932557216,0.0233779202730051,0.05324752377474528,3,"[[1, 4], [3, 4], [1, 3], [1, 2]]","[true, true, true, true, true]",0,4.0,0,1,0.12917808299999933
ellipse--demand_conflict,ellipse,demand_conflict,1193,dual_anchor_dynamic,1.5949380462402754,0.0459765191784435,0.0459765191784435,0.29079508813288923,0.028826523567371972,0.6666666666666666,0.0,1.889035291779283,0.05825112864960049,0.4390423932557216,0.010167398032363193,0.023158123653997942,1,"[[3, 4], [1, 3], [1, 3], [1, 3]]","[true, true, true, true, true]",0,4.0,0,1,0.1384877920000065
ellipse--demand_conflict,ellipse,demand_conflict,1193,random_zones,1.5949380462402754,0.3223356489655899,0.3223356489655899,0.4951277145616768,0.20209916599922306,0.6666666666666666,0.0,1.889035291779283,0.4032351544988673,0.4390423932557216,0.08477459322221617,0.1930897665566408,0,"[[0, 1], [0, 1], [0, 1], [0, 1]]","[true, true, true, true, true]",0,0.0,0,1,0.10744683299999735
ellipse--demand_conflict,ellipse,demand_conflict,1217,full_trajectory,2.52228807287261,0.08275124343142254,0.08275124343142254,0.2862680128241109,0.0328080064769041,0.6666666666666666,0.0,2.924080504114034,0.0964969805473773,0.743814931356181,0.019224006646526435,0.02584514754426311,0,"[[0, 1, 2, 3, 4, 5], [0, 1, 2, 3, 4, 5], [0, 1, 2, 3, 4, 5], [0, 1, 2, 3, 4, 5]]","[true, true, true, true, true]",0,0.0,0,1,0.15883629100000007
ellipse--demand_conflict,ellipse,demand_conflict,1217,static_tolerance,2.52228807287261,0.5228396234918683,0.5228396234918683,0.4934741121764681,0.20728783088460281,0.6666666666666666,0.0,2.924080504114034,0.6450240680140195,0.743814931356181,0.14093175375855602,0.1894715309110538,0,"[[0, 1], [0, 1], [0, 1], [0, 1]]","[true, true, true, true, true]",0,0.0,0,1,0.1278890410000031
ellipse--demand_conflict,ellipse,demand_conflict,1217,curvature_zones,2.52228807287261,0.3195817153559123,0.3195817153559123,0.41593206776177194,0.1267030989810548,0.6666666666666666,0.0,2.924080504114034,0.40690988077045454,0.743814931356181,0.08344111040095817,0.11217993466307791,0,"[[0, 5], [0, 5], [0, 5], [0, 5]]","[true, true, true, true, true]",0,0.0,0,1,0.1572719579999955
ellipse--demand_conflict,ellipse,demand_conflict,1217,error_peak_dynamic,2.52228807287261,0.14419339213494814,0.14419339213494814,0.3115950641324649,0.05716769376414949,0.6666666666666666,0.0,2.924080504114034,0.188607018896875,0.743814931356181,0.025301469907824694,0.034015813398224064,0,"[[3, 4], [3, 4], [3, 4], [3, 4]]","[true, true, true, true, true]",0,0.0,0,1,0.15246316600000398
ellipse--demand_conflict,ellipse,demand_conflict,1217,violation_dynamic,2.52228807287261,0.14015135511429858,0.14015135511429858,0.3108284212558704,0.055565165859378436,0.6666666666666666,0.0,2.924080504114034,0.17341902916460708,0.743814931356181,0.0464722491812425,0.06247824186119885,2,"[[2, 4], [1, 3], [1, 3], [1, 2]]","[true, true, true, true, true]",0,0.0,0,1,0.13994866699999875
ellipse--demand_conflict,ellipse,demand_conflict,1217,violation_safe,2.52228807287261,0.14015135511429858,0.14015135511429858,0.3108284212558704,0.055565165859378436,0.6666666666666666,0.0,2.924080504114034,0.17341902916460708,0.743814931356181,0.0464722491812425,0.06247824186119885,2,"[[2, 4], [1, 3], [1, 3], [1, 2]]","[true, true, true, true, true]",0,4.0,0,1,0.1563922090000034
ellipse--demand_conflict,ellipse,demand_conflict,1217,dual_anchor_dynamic,2.52228807287261,0.08401042355060784,0.08401042355060784,0.28796576814472824,0.033307227851626466,0.6666666666666666,0.0,2.924080504114034,0.10192991839682916,0.743814931356181,0.020353239349241513,0.02736331107542021,1,"[[2, 3], [1, 3], [1, 3], [1, 3]]","[true, true, true, true, true]",0,4.0,0,1,0.1666271250000051
ellipse--demand_conflict,ellipse,demand_conflict,1217,random_zones,2.52228807287261,0.1492070442468228,0.1492070442468228,0.3419729236697262,0.05915543345407502,0.6666666666666666,0.0,2.924080504114034,0.18827758594090757,0.743814931356181,0.04019074798789004,0.05403326324010618,0,"[[0, 3], [0, 3], [0, 3], [0, 3]]","[true, true, true, true, true]",0,0.0,0,1,0.14552370900000255
rounded_square--neutral,rounded_square,neutral,1103,full_trajectory,5.779553607276727,1.6943785245059746,1.6943785245059746,0.4788426697316663,0.29316771495512617,0.6666666666666666,0.5,6.896096128198073,2.1547199906221968,1.1098933373849162,0.2629478780803519,0.23691274577780472,0,"[[0, 1, 2, 3, 4, 5], [0, 1, 2, 3, 4, 5], [0, 1, 2, 3, 4, 5], [0, 1, 2, 3, 4, 5]]","[true, true, true, true, true]",0,0.0,0,1,0.2520845829999985
rounded_square--neutral,rounded_square,neutral,1103,static_tolerance,5.779553607276727,2.5830580418085853,2.5830580418085853,0.5952809890821182,0.4469303716737561,0.6666666666666666,0.3333333333333333,6.896096128198073,3.4607089315152786,1.1098933373849162,0.3670907014154053,0.3307441256295212,0,"[[4, 5], [4, 5], [4, 5], [4, 5]]","[true, true, true, true, true]",0,0.0,0,1,0.2689751249999972
rounded_square--neutral,rounded_square,neutral,1103,curvature_zones,5.779553607276727,2.6224414398975897,2.6224414398975897,0.6019349071238131,0.45374463463680204,0.6666666666666666,0.6666666666666666,6.896096128198073,3.357413060023468,1.1098933373849162,0.38507767718242225,0.34695016558052866,0,"[[0, 5], [0, 5], [0, 5], [0, 5]]","[true, true, true, true, true]",0,0.0,0,1,0.23426633299999366
rounded_square--neutral,rounded_square,neutral,1103,error_peak_dynamic,5.779553607276727,1.1966152260484209,1.1966152260484209,0.4705653724664409,0.2070428457557391,0.6666666666666666,0.5,6.896096128198073,1.4247553782367073,1.1098933373849162,0.31341740410353114,0.2823851567953295,3,"[[1, 4], [2, 4], [1, 2], [2, 4]]","[true, true, true, true, true]",0,0.0,0,1,0.24497804199999962
rounded_square--neutral,rounded_square,neutral,1103,violation_dynamic,5.779553607276727,1.1966152260484209,1.1966152260484209,0.4705653724664409,0.2070428457557391,0.6666666666666666,0.5,6.896096128198073,1.4247553782367073,1.1098933373849162,0.31341740410353114,0.2823851567953295,3,"[[1, 4], [2, 4], [1, 2], [2, 4]]","[true, true, true, true, true]",0,0.0,0,1,0.251695416000004
rounded_square--neutral,rounded_square,neutral,1103,violation_safe,5.779553607276727,1.1966152260484209,1.1966152260484209,0.4705653724664409,0.2070428457557391,0.6666666666666666,0.5,6.896096128198073,1.4247553782367073,1.1098933373849162,0.31341740410353114,0.2823851567953295,3,"[[1, 4], [2, 4], [1, 2], [2, 4]]","[true, true, true, true, true]",0,4.0,0,1,0.23432200000000591
rounded_square--neutral,rounded_square,neutral,1103,dual_anchor_dynamic,5.779553607276727,1.1966152260484209,1.1966152260484209,0.4705653724664409,0.2070428457557391,0.6666666666666666,0.5,6.896096128198073,1.4247553782367073,1.1098933373849162,0.31341740410353114,0.2823851567953295,3,"[[1, 4], [2, 4], [1, 2], [2, 4]]","[true, true, true, true, true]",0,4.0,0,1,0.23375141599998983
rounded_square--neutral,rounded_square,neutral,1103,random_zones,5.779553607276727,2.5860759373032574,2.5860759373032574,0.5958104422673469,0.44745253924927136,0.6666666666666666,0.3333333333333333,6.896096128198073,3.4648834912532545,1.1098933373849162,0.36794430024115105,0.3315132074836,0,"[[0, 4], [0, 4], [0, 4], [0, 4]]","[true, true, true, true, true]",0,0.0,0,1,0.22271220800000435
rounded_square--neutral,rounded_square,neutral,1129,full_trajectory,4.512796998237461,0.8634781156887775,0.8634781156887775,0.3478168935512169,0.1913398976346646,0.6666666666666666,0.16666666666666666,5.48469888970008,1.1179921826364516,1.120558903233891,0.13953335659932786,0.1245212154369037,0,"[[0, 1, 2, 3, 4, 5], [0, 1, 2, 3, 4, 5], [0, 1, 2, 3, 4, 5], [0, 1, 2, 3, 4, 5]]","[true, true, true, true, true]",0,0.0,0,1,0.21446149999999875
rounded_square--neutral,rounded_square,neutral,1129,static_tolerance,4.512796998237461,1.246041279156565,1.246041279156565,0.4037809416516376,0.27611285853168765,0.6666666666666666,0.3333333333333333,5.48469888970008,1.6455877753034902,1.120558903233891,0.20008799316913015,0.1785608883135761,0,"[[4, 5], [4, 5], [4, 5], [4, 5]]","[true, true, true, true, true]",0,0.0,0,1,0.20658000000000243
rounded_square--neutral,rounded_square,neutral,1129,curvature_zones,4.512796998237461,1.2335459808498503,1.2335459808498503,0.4060603504826148,0.2733439995930749,0.6666666666666666,0.3333333333333333,5.48469888970008,1.600279717810255,1.120558903233891,0.19794161045822778,0.17664543103176078,0,"[[0, 5], [0, 5], [0, 5], [0, 5]]","[true, true, true, true, true]",0,0.0,0,1,0.20663612500000283
rounded_square--neutral,rounded_square,neutral,1129,error_peak_dynamic,4.512796998237461,0.7867628359622991,0.7867628359622991,0.3360400406574708,0.1743404004810278,0.6666666666666666,0.16666666666666666,5.48469888970008,1.0383549201283346,1.120558903233891,0.18094850146412836,0.16148057986235062,3,"[[3, 4], [1, 2], [2, 4], [1, 3]]","[true, true, true, true, true]",0,0.0,0,1,0.2145441250000033
rounded_square--neutral,rounded_square,neutral,1129,violation_dynamic,4.512796998237461,0.6344044197465413,0.6344044197465413,0.356647179976992,0.1405789846062912,0.6666666666666666,0.0,5.48469888970008,0.7457546546372975,1.120558903233891,0.19426181693790193,0.17336153983272956,3,"[[3, 4], [1, 3], [1, 2], [2, 4]]","[true, true, true, true, true]",0,0.0,0,1,0.23087724999999182
rounded_square--neutral,rounded_square,neutral,1129,violation_safe,4.512796998237461,0.6344044197465413,0.6344044197465413,0.356647179976992,0.1405789846062912,0.6666666666666666,0.0,5.48469888970008,0.7457546546372975,1.120558903233891,0.19426181693790193,0.17336153983272956,3,"[[3, 4], [1, 3], [1, 2], [2, 4]]","[true, true, true, true, true]",0,4.0,0,1,0.23199816700000042
rounded_square--neutral,rounded_square,neutral,1129,dual_anchor_dynamic,4.512796998237461,0.6344044197465413,0.6344044197465413,0.356647179976992,0.1405789846062912,0.6666666666666666,0.0,5.48469888970008,0.7457546546372975,1.120558903233891,0.19426181693790193,0.17336153983272956,3,"[[3, 4], [1, 3], [1, 2], [2, 4]]","[true, true, true, true, true]",0,4.0,0,1,0.36702275000000384
rounded_square--neutral,rounded_square,neutral,1129,random_zones,4.512796998237461,1.2990642969478297,1.2990642969478297,0.41007470150176667,0.2878623384688472,0.6666666666666666,0.16666666666666666,5.48469888970008,1.7759717207921946,1.120558903233891,0.20074755711651196,0.17914949097023106,0,"[[0, 1], [0, 1], [0, 1], [0, 1]]","[true, true, true, true, true]",0,0.0,0,1,0.22496795800000768
rounded_square--neutral,rounded_square,neutral,1151,full_trajectory,4.414173809255429,1.2415351181466363,1.2415351181466363,0.5089059649954317,0.2812610404111059,0.6666666666666666,0.3333333333333333,5.380391327914769,1.5479496093785499,0.6095553787323192,0.18701147610676722,0.3067998128335631,0,"[[0, 1, 2, 3, 4, 5], [0, 1, 2, 3, 4, 5], [0, 1, 2, 3, 4, 5], [0, 1, 2, 3, 4, 5]]","[true, true, true, true, true]",0,0.0,0,1,0.23914858399999162
rounded_square--neutral,rounded_square,neutral,1151,static_tolerance,4.414173809255429,2.0503062614282075,2.0503062614282075,0.661095497279601,0.46448244904385577,0.6666666666666666,0.5,5.380391327914769,2.6773960204814413,0.6095553787323192,0.28409514146538223,0.46606945222304413,0,"[[4, 5], [4, 5], [4, 5], [4, 5]]","[true, true, true, true, true]",0,0.0,0,1,0.22150341599999024
rounded_square--neutral,rounded_square,neutral,1151,curvature_zones,4.414173809255429,2.1192036067376407,2.1192036067376407,0.6716170712239177,0.4800906575754212,0.6666666666666666,0.6666666666666666,5.380391327914769,2.5933219143012813,0.6095553787323192,0.31016536210680895,0.5088386928056544,0,"[[0, 5], [0, 5], [0, 5], [0, 5]]","[true, true, true, true, true]",0,0.0,0,1,0.20913724999999772
rounded_square--neutral,rounded_square,neutral,1151,error_peak_dynamic,4.414173809255429,1.0270123383193304,1.0270123383193304,0.5036412334977334,0.23266241491577427,0.6666666666666666,0.5,5.380391327914769,1.201245357268957,0.6095553787323192,0.2219732423989217,0.3641559899947979,3,"[[2, 4], [1, 4], [1, 2], [2, 4]]","[true, true, true, true, true]",0,0.0,0,1,0.22753879200000426
rounded_square--neutral,rounded_square,neutral,1151,violation_dynamic,4.414173809255429,1.2190970784981128,1.2190970784981128,0.515395920101818,0.2761778604961065,0.6666666666666666,0.3333333333333333,5.380391327914769,1.544954597328689,0.6095553787323192,0.2190115810896853,0.35929726605835144,3,"[[2, 4], [1, 4], [2, 3], [1, 4]]","[true, true, true, true, true]",0,0.0,0,1,0.21877745800000525
rounded_square--neutral,rounded_square,neutral,1151,violation_safe,4.414173809255429,1.2190970784981128,1.2190970784981128,0.515395920101818,0.2761778604961065,0.6666666666666666,0.3333333333333333,5.380391327914769,1.544954597328689,0.6095553787323192,0.2190115810896853,0.35929726605835144,3,"[[2, 4], [1, 4], [2, 3], [1, 4]]","[true, true, true, true, true]",0,4.0,0,1,0.21663254199999926
rounded_square--neutral,rounded_square,neutral,1151,dual_anchor_dynamic,4.414173809255429,1.0270123383193304,1.0270123383193304,0.5036412334977334,0.23266241491577427,0.6666666666666666,0.5,5.380391327914769,1.201245357268957,0.6095553787323192,0.2219732423989217,0.3641559899947979,3,"[[2, 4], [1, 4], [1, 2], [2, 4]]","[true, true, true, true, true]",0,4.0,0,1,0.22540958399999056
rounded_square--neutral,rounded_square,neutral,1151,random_zones,4.414173809255429,1.9975456006833592,1.9975456006833592,0.6590582052451425,0.4525298927955671,0.6666666666666666,0.5,5.380391327914769,2.446894242657447,0.6095553787323192,0.2993261830639402,0.4910565856812603,0,"[[0, 3], [0, 3], [0, 3], [0, 3]]","[true, true, true, true, true]",0,0.0,0,1,0.20858220799999572
rounded_square--neutral,rounded_square,neutral,1171,full_trajectory,7.057494409097356,2.494886783158814,2.494886783158814,0.546451117219663,0.35350885718631503,0.6666666666666666,0.5,8.467903311736618,3.115544916841776,1.0726432410649072,0.38585607843662195,0.35972452318214276,0,"[[0, 1, 2, 3, 4, 5], [0, 1, 2, 3, 4, 5], [0, 1, 2, 3, 4, 5], [0, 1, 2, 3, 4, 5]]","[true, true, true, true, true]",0,0.0,0,1,0.26471937499999854
rounded_square--neutral,rounded_square,neutral,1171,static_tolerance,7.057494409097356,3.550686861970604,3.550686861970604,0.6718773452832089,0.5031087034789068,0.6666666666666666,0.6666666666666666,8.467903311736618,4.712672100781674,1.0726432410649072,0.5066340169537141,0.4723229472370833,0,"[[4, 5], [4, 5], [4, 5], [4, 5]]","[true, true, true, true, true]",0,0.0,0,1,0.2279425830000008
rounded_square--neutral,rounded_square,neutral,1171,curvature_zones,7.057494409097356,3.723523632767588,3.723523632767588,0.6905464910485204,0.5275985239135063,0.6666666666666666,0.6666666666666666,8.467903311736618,4.648506433794724,1.0726432410649072,0.5517399089072704,0.514374106678293,0,"[[0, 5], [0, 5], [0, 5], [0, 5]]","[true, true, true, true, true]",0,0.0,0,1,0.2163312499999961
rounded_square--neutral,rounded_square,neutral,1171,error_peak_dynamic,7.057494409097356,2.2513182718947324,2.2513182718947324,0.5097906430085848,0.31899681974847965,0.6666666666666666,0.6666666666666666,8.467903311736618,2.910708991249626,1.0726432410649072,0.45137523470691165,0.42080648758742173,3,"[[2, 4], [1, 4], [2, 4], [1, 2]]","[true, true, true, true, true]",0,0.0,0,1,0.24013604099999952
rounded_square--neutral,rounded_square,neutral,1171,violation_dynamic,7.057494409097356,2.2513182718947324,2.2513182718947324,0.5097906430085848,0.31899681974847965,0.6666666666666666,0.6666666666666666,8.467903311736618,2.910708991249626,1.0726432410649072,0.45137523470691165,0.42080648758742173,3,"[[2, 4], [1, 4], [2, 4], [1, 2]]","[true, true, true, true, true]",0,0.0,0,1,0.2372822499999927
rounded_square--neutral,rounded_square,neutral,1171,violation_safe,7.057494409097356,2.1408117950417647,2.2513182718947324,0.5097906430085848,0.30333878724468893,0.6666666666666666,0.6666666666666666,8.467903311736618,2.455037565309514,1.0726432410649072,0.4916859548344986,0.45838722140863797,3,"[[2, 4], [1, 4], [2, 4], [1, 2]]","[true, true, true, true, false]",1,2.0,0,1,0.2409892909999911
rounded_square--neutral,rounded_square,neutral,1171,dual_anchor_dynamic,7.057494409097356,2.1408117950417647,2.2513182718947324,0.5097906430085848,0.30333878724468893,0.6666666666666666,0.6666666666666666,8.467903311736618,2.455037565309514,1.0726432410649072,0.4916859548344986,0.45838722140863797,3,"[[2, 4], [1, 4], [2, 4], [1, 2]]","[true, true, true, true, false]",1,2.0,0,1,0.23800204099998723
rounded_square--neutral,rounded_square,neutral,1171,random_zones,7.057494409097356,4.014419787809949,4.014419787809949,0.7252877785823135,0.5688165735753502,0.6666666666666666,0.3333333333333333,8.467903311736618,5.22435912595366,1.0726432410649072,0.5648603985943791,0.5266060298236649,0,"[[1, 3], [1, 3], [1, 3], [1, 3]]","[true, true, true, true, true]",0,0.0,0,1,0.21512833299999556
rounded_square--neutral,rounded_square,neutral,1193,full_trajectory,4.087599362822317,1.1789745118577608,1.1789745118577608,0.5178526119529043,0.2884271199816726,0.5,0.3333333333333333,4.979348638860925,1.4410019432646592,0.5999163017569655,0.18780830252295805,0.31305750814393074,0,"[[0, 1, 2, 3, 4, 5], [0, 1, 2, 3, 4, 5], [0, 1, 2, 3, 4, 5], [0, 1, 2, 3, 4, 5]]","[true, true, true, true, true]",0,0.0,0,1,0.2339357910000075
rounded_square--neutral,rounded_square,neutral,1193,static_tolerance,4.087599362822317,1.9839868929949005,1.9839868929949005,0.6714385562904226,0.4853672576230759,0.5,0.3333333333333333,4.979348638860925,2.6193156300936695,0.5999163017569655,0.27640573682356956,0.4607404999898559,0,"[[4, 5], [4, 5], [4, 5], [4, 5]]","[true, true, true, true, true]",0,0.0,0,1,0.20320720800000913
rounded_square--neutral,rounded_square,neutral,1193,curvature_zones,4.087599362822317,2.0338157774310672,2.0338157774310672,0.6798152185324656,0.4975575140580319,0.5,0.6666666666666666,4.979348638860925,2.5355232222585267,0.5999163017569655,0.29615894097394796,0.49366710007144643,0,"[[0, 5], [0, 5], [0, 5], [0, 5]]","[true, true, true, true, true]",0,0.0,0,1,0.19925154199999895
rounded_square--neutral,rounded_square,neutral,1193,error_peak_dynamic,4.087599362822317,0.8846779166704166,0.8846779166704166,0.4949143865486853,0.21642970314477772,0.5,0.16666666666666666,4.979348638860925,1.022981164580952,0.5999163017569655,0.2143742978949423,0.35734034442322643,3,"[[2, 4], [1, 2], [1, 4], [2, 4]]","[true, true, true, true, true]",0,0.0,0,1,0.22016245800000434
rounded_square--neutral,rounded_square,neutral,1193,violation_dynamic,4.087599362822317,0.8846779166704166,0.8846779166704166,0.4949143865486853,0.21642970314477772,0.5,0.16666666666666666,4.979348638860925,1.022981164580952,0.5999163017569655,0.2143742978949423,0.35734034442322643,3,"[[2, 4], [1, 2], [1, 4], [2, 4]]","[true, true, true, true, true]",0,0.0,0,1,0.2277826669999996
rounded_square--neutral,rounded_square,neutral,1193,violation_safe,4.087599362822317,0.8846779166704166,0.8846779166704166,0.4949143865486853,0.21642970314477772,0.5,0.16666666666666666,4.979348638860925,1.022981164580952,0.5999163017569655,0.2143742978949423,0.35734034442322643,3,"[[2, 4], [1, 2], [1, 4], [2, 4]]","[true, true, true, true, true]",0,4.0,0,1,0.22564558299998794
rounded_square--neutral,rounded_square,neutral,1193,dual_anchor_dynamic,4.087599362822317,0.8846779166704166,0.8846779166704166,0.4949143865486853,0.21642970314477772,0.5,0.16666666666666666,4.979348638860925,1.022981164580952,0.5999163017569655,0.2143742978949423,0.35734034442322643,3,"[[2, 4], [1, 2], [1, 4], [2, 4]]","[true, true, true, true, true]",0,4.0,0,1,0.21921091699999806
rounded_square--neutral,rounded_square,neutral,1193,random_zones,4.087599362822317,2.1578120704652486,2.1578120704652486,0.7063170735173298,0.5278922611866171,0.5,0.16666666666666666,4.979348638860925,2.9759981321844737,0.5999163017569655,0.2788546853166166,0.46482265025960995,0,"[[1, 4], [1, 4], [1, 4], [1, 4]]","[true, true, true, true, true]",0,0.0,0,1,0.20951166599999738
rounded_square--neutral,rounded_square,neutral,1217,full_trajectory,6.881300004048468,2.208018073408442,2.208018073408442,0.5323210685057969,0.3208722293911617,0.6666666666666666,0.5,8.19186734190995,2.8106484867919006,1.0034009834854403,0.3239834678355018,0.32288534012604236,0,"[[0, 1, 2, 3, 4, 5], [0, 1, 2, 3, 4, 5], [0, 1, 2, 3, 4, 5], [0, 1, 2, 3, 4, 5]]","[true, true, true, true, true]",0,0.0,0,1,0.25220687500001304
rounded_square--neutral,rounded_square,neutral,1217,static_tolerance,6.881300004048468,3.2058552274291134,3.2058552274291134,0.6513098122500185,0.46587929977519016,0.6666666666666666,0.6666666666666666,8.19186734190995,4.192018106299197,1.0034009834854403,0.4525593030579212,0.4510253732121123,0,"[[4, 5], [4, 5], [4, 5], [4, 5]]","[true, true, true, true, true]",0,0.0,0,1,0.2220975420000002
rounded_square--neutral,rounded_square,neutral,1217,curvature_zones,6.881300004048468,3.387145103557452,3.387145103557452,0.6709309698584713,0.49222459441743516,0.6666666666666666,0.6666666666666666,8.19186734190995,4.131146725132025,1.0034009834854403,0.5050980635323137,0.5033860558695006,0,"[[0, 5], [0, 5], [0, 5], [0, 5]]","[true, true, true, true, true]",0,0.0,0,1,0.21626220900000703
rounded_square--neutral,rounded_square,neutral,1217,error_peak_dynamic,6.881300004048468,2.0671135675865373,2.0671135675865373,0.5058933707729991,0.30039579241864106,0.6666666666666666,0.5,8.19186734190995,2.553142415017451,1.0034009834854403,0.38073883585673557,0.37944833832451613,3,"[[2, 4], [1, 4], [2, 4], [1, 3]]","[true, true, true, true, true]",0,0.0,0,1,0.2291252920000062
rounded_square--neutral,rounded_square,neutral,1217,violation_dynamic,6.881300004048468,2.008008216481109,2.008008216481109,0.5271756020859854,0.2918065213404065,0.6666666666666666,0.6666666666666666,8.19186734190995,2.533724236409981,1.0034009834854403,0.3738934182520325,0.3726261229615965,3,"[[2, 4], [1, 4], [2, 3], [1, 4]]","[true, true, true, true, true]",0,0.0,0,1,0.22178266699999938
rounded_square--neutral,rounded_square,neutral,1217,violation_safe,6.881300004048468,2.008008216481109,2.008008216481109,0.5271756020859854,0.2918065213404065,0.6666666666666666,0.6666666666666666,8.19186734190995,2.533724236409981,1.0034009834854403,0.3738934182520325,0.3726261229615965,3,"[[2, 4], [1, 4], [2, 3], [1, 4]]","[true, true, true, true, true]",0,4.0,0,1,0.22300912500000436
rounded_square--neutral,rounded_square,neutral,1217,dual_anchor_dynamic,6.881300004048468,2.0671135675865373,2.0671135675865373,0.5058933707729991,0.30039579241864106,0.6666666666666666,0.5,8.19186734190995,2.553142415017451,1.0034009834854403,0.38073883585673557,0.37944833832451613,3,"[[2, 4], [1, 4], [2, 4], [1, 3]]","[true, true, true, true, true]",0,4.0,0,1,0.23221304200001214
rounded_square--neutral,rounded_square,neutral,1217,random_zones,6.881300004048468,3.149732248483429,3.149732248483429,0.6832589651488443,0.4577234311293434,0.6666666666666666,0.3333333333333333,8.19186734190995,4.217844359946708,1.0034009834854403,0.44349440442776633,0.4419911996570229,0,"[[2, 3], [2, 3], [2, 3], [2, 3]]","[true, true, true, true, true]",0,0.0,0,1,0.2380079579999972
rounded_square--demand_aligned,rounded_square,demand_aligned,1103,full_trajectory,8.16381919651154,2.7742828019654677,2.7742828019654677,0.5299759236950057,0.3398265854725126,0.6666666666666666,0.5,10.047119120479588,3.6938056982094793,1.1098933373849162,0.2629478780803519,0.23691274577780472,0,"[[0, 1, 2, 3, 4, 5], [0, 1, 2, 3, 4, 5], [0, 1, 2, 3, 4, 5], [0, 1, 2, 3, 4, 5]]","[true, true, true, true, true]",0,0.0,0,1,0.23258945799999253
rounded_square--demand_aligned,rounded_square,demand_aligned,1103,static_tolerance,8.16381919651154,3.8601727970602626,3.8601727970602626,0.5944860794494271,0.4728390847643641,0.6666666666666666,0.5,10.047119120479588,5.371340763034171,1.1098933373849162,0.48012399345043555,0.4325857064622835,0,"[[2, 4], [2, 4], [2, 4], [2, 4]]","[true, true, true, true, true]",0,0.0,0,1,0.15625229100000126
rounded_square--demand_aligned,rounded_square,demand_aligned,1103,curvature_zones,8.16381919651154,4.53291835442719,4.53291835442719,0.6914550881893398,0.5552448241827966,0.6666666666666666,0.6666666666666666,10.047119120479588,6.089234558691705,1.1098933373849162,0.4062980592439677,0.36606946411739893,0,"[[0, 5], [0, 5], [0, 5], [0, 5]]","[true, true, true, true, true]",0,0.0,0,1,0.21231041699999764
rounded_square--demand_aligned,rounded_square,demand_aligned,1103,error_peak_dynamic,8.16381919651154,1.8424623338770951,1.8424623338770951,0.572746776346435,0.2256863227280184,0.6666666666666666,0.5,10.047119120479588,2.1907834590093653,1.1098933373849162,0.4047138662479436,0.36464212606367497,3,"[[1, 4], [2, 4], [1, 2], [2, 4]]","[true, true, true, true, true]",0,0.0,0,1,0.18125604200000112
rounded_square--demand_aligned,rounded_square,demand_aligned,1103,violation_dynamic,8.16381919651154,2.6240541209112016,2.6240541209112016,0.5019710893129569,0.3214248206320492,0.6666666666666666,0.5,10.047119120479588,3.556400197427482,1.1098933373849162,0.398579633758133,0.35911525939713224,3,"[[2, 4], [1, 2], [2, 4], [1, 4]]","[true, true, true, true, true]",0,0.0,0,1,0.17638312500000097
rounded_square--demand_aligned,rounded_square,demand_aligned,1103,violation_safe,8.16381919651154,2.385059484332824,2.6240541209112016,0.5019710893129569,0.2921499639962602,0.6666666666666666,0.5,10.047119120479588,2.9245136496729263,1.1098933373849162,0.47638015611788637,0.4292125559022754,3,"[[2, 4], [1, 2], [2, 4], [1, 4]]","[true, true, true, true, false]",1,2.0,0,1,0.18939799999999707
rounded_square--demand_aligned,rounded_square,demand_aligned,1103,dual_anchor_dynamic,8.16381919651154,2.9262173157198377,3.038995545318003,0.4694643653605725,0.35843730064113033,0.6666666666666666,0.5,10.047119120479588,3.7535060327350256,1.1098933373849162,0.468399966951005,0.42202250538293096,2,"[[2, 4], [1, 2], [1, 4], [1, 4]]","[true, true, true, false, false]",2,1.0,0,1,0.22570666600000777
rounded_square--demand_aligned,rounded_square,demand_aligned,1103,random_zones,8.16381919651154,6.803273898276825,6.803273898276825,0.8698239952005409,0.8333445088034181,0.6666666666666666,0.3333333333333333,10.047119120479588,9.329363545893635,1.1098933373849162,0.5273423759964515,0.475128877914479,0,"[[1, 3], [1, 3], [1, 3], [1, 3]]","[true, true, true, true, true]",0,0.0,0,1,0.17578737499999875
rounded_square--demand_aligned,rounded_square,demand_aligned,1129,full_trajectory,5.437806693026262,1.4103438007967353,1.4103438007967353,0.3948911526950638,0.25935894385606545,0.6666666666666666,0.16666666666666666,6.568486525639536,1.916558027376774,1.120558903233891,0.13953335659932786,0.1245212154369037,0,"[[0, 1, 2, 3, 4, 5], [0, 1, 2, 3, 4, 5], [0, 1, 2, 3, 4, 5], [0, 1, 2, 3, 4, 5]]","[true, true, true, true, true]",0,0.0,0,1,0.2453215839999956
rounded_square--demand_aligned,rounded_square,demand_aligned,1129,static_tolerance,5.437806693026262,2.066443369431601,2.066443369431601,0.5062453123148323,0.3800141281376772,0.6666666666666666,0.3333333333333333,6.568486525639536,2.8118954667047165,1.120558903233891,0.326906984117564,0.2917356536761457,0,"[[2, 4], [2, 4], [2, 4], [2, 4]]","[true, true, true, true, true]",0,0.0,0,1,0.17109866699999543
rounded_square--demand_aligned,rounded_square,demand_aligned,1129,curvature_zones,5.437806693026262,2.084150435350123,2.084150435350123,0.4866040994588082,0.3832704163652875,0.6666666666666666,0.5,6.568486525639536,2.8230449404018043,1.120558903233891,0.20818573549178998,0.18578740920354456,0,"[[0, 5], [0, 5], [0, 5], [0, 5]]","[true, true, true, true, true]",0,0.0,0,1,0.2091909999999899
rounded_square--demand_aligned,rounded_square,demand_aligned,1129,error_peak_dynamic,5.437806693026262,1.3613647614661744,1.3613647614661744,0.4248083639115664,0.2503518124710211,0.6666666666666666,0.16666666666666666,6.568486525639536,1.8431144954006708,1.120558903233891,0.24067873648085772,0.21478454705617697,3,"[[3, 4], [1, 2], [2, 4], [1, 3]]","[true, true, true, true, true]",0,0.0,0,1,0.16918483300000275
rounded_square--demand_aligned,rounded_square,demand_aligned,1129,violation_dynamic,5.437806693026262,1.029334861996477,1.029334861996477,0.4054276460342406,0.18929228641329818,0.6666666666666666,0.3333333333333333,6.568486525639536,1.2317255451420723,1.120558903233891,0.27460275200119955,0.2450587391780176,3,"[[2, 4], [1, 2], [3, 4], [1, 2]]","[true, true, true, true, true]",0,0.0,0,1,0.16974204199999576
rounded_square--demand_aligned,rounded_square,demand_aligned,1129,violation_safe,5.437806693026262,1.029334861996477,1.029334861996477,0.4054276460342406,0.18929228641329818,0.6666666666666666,0.3333333333333333,6.568486525639536,1.2317255451420723,1.120558903233891,0.27460275200119955,0.2450587391780176,3,"[[2, 4], [1, 2], [3, 4], [1, 2]]","[true, true, true, true, true]",0,4.0,0,1,0.1715097910000054
rounded_square--demand_aligned,rounded_square,demand_aligned,1129,dual_anchor_dynamic,5.437806693026262,0.7630438470260301,0.7630438470260301,0.35673727354218226,0.1403219882760082,0.6666666666666666,0.0,6.568486525639536,0.9027374520219809,1.120558903233891,0.19495171039130735,0.17397720889877724,3,"[[2, 3], [1, 2], [2, 4], [1, 2]]","[true, true, true, true, true]",0,4.0,0,1,0.2053778750000106
rounded_square--demand_aligned,rounded_square,demand_aligned,1129,random_zones,5.437806693026262,2.084150435350123,2.084150435350123,0.4866040994588082,0.3832704163652875,0.6666666666666666,0.5,6.568486525639536,2.8230449404018043,1.120558903233891,0.20818573549178998,0.18578740920354456,0,"[[0, 5], [0, 5], [0, 5], [0, 5]]","[true, true, true, true, true]",0,0.0,0,1,0.209794291999998
rounded_square--demand_aligned,rounded_square,demand_aligned,1151,full_trajectory,7.091295430395617,1.7685730922647025,1.7685730922647025,0.4974900799498775,0.2494005657533345,0.5,0.3333333333333333,9.22352799071103,2.2192974655183817,0.6095553787323192,0.18701147610676722,0.3067998128335631,0,"[[0, 1, 2, 3, 4, 5], [0, 1, 2, 3, 4, 5], [0, 1, 2, 3, 4, 5], [0, 1, 2, 3, 4, 5]]","[true, true, true, true, true]",0,0.0,0,1,0.23334833299999502
rounded_square--demand_aligned,rounded_square,demand_aligned,1151,static_tolerance,7.091295430395617,3.086536291761173,3.086536291761173,0.5583857768067793,0.4352570446481847,0.5,0.5,9.22352799071103,4.273371377583603,0.6095553787323192,0.3557336647704778,0.5835953174759779,0,"[[2, 4], [2, 4], [2, 4], [2, 4]]","[true, true, true, true, true]",0,0.0,0,1,0.1727307079999889
rounded_square--demand_aligned,rounded_square,demand_aligned,1151,curvature_zones,7.091295430395617,3.6726090567035166,3.6726090567035166,0.6968508562257757,0.5179038291031439,0.5,0.6666666666666666,9.22352799071103,4.8295676622115,0.6095553787323192,0.3309287395008541,0.542901844602012,0,"[[0, 5], [0, 5], [0, 5], [0, 5]]","[true, true, true, true, true]",0,0.0,0,1,0.20006991699999332
rounded_square--demand_aligned,rounded_square,demand_aligned,1151,error_peak_dynamic,7.091295430395617,2.5638219588845894,2.5638219588845894,0.5231070629525458,0.36154493689477496,0.5,0.5,9.22352799071103,3.475724218194226,0.6095553787323192,0.26985927417388433,0.4427149420535105,3,"[[2, 4], [1, 4], [1, 2], [3, 4]]","[true, true, true, true, true]",0,0.0,0,1,0.1735859160000075
rounded_square--demand_aligned,rounded_square,demand_aligned,1151,violation_dynamic,7.091295430395617,2.0625566998369127,2.0625566998369127,0.4766525987438013,0.2908575337301727,0.5,0.5,9.22352799071103,2.723339586583269,0.6095553787323192,0.27484565560272095,0.45089530039799214,3,"[[2, 4], [1, 2], [2, 4], [1, 4]]","[true, true, true, true, true]",0,0.0,0,1,0.17537533300000518
rounded_square--demand_aligned,rounded_square,demand_aligned,1151,violation_safe,7.091295430395617,2.0020589941546216,2.0625566998369127,0.4766525987438013,0.2823262708211451,0.5,0.6666666666666666,9.22352799071103,2.4095040787600785,0.6095553787323192,0.3351103299790646,0.5497619111753016,3,"[[2, 4], [1, 2], [2, 4], [1, 4]]","[true, true, true, true, false]",1,2.0,0,1,0.176558
rounded_square--demand_aligned,rounded_square,demand_aligned,1151,dual_anchor_dynamic,7.091295430395617,1.281042019559377,1.281042019559377,0.42116121951456387,0.1806499294992578,0.5,0.5,9.22352799071103,1.5415321687428638,0.6095553787323192,0.20937843933875555,0.34349371139041696,3,"[[2, 4], [1, 2], [3, 4], [2, 4]]","[true, true, true, true, true]",0,4.0,0,1,0.2268148750000023
rounded_square--demand_aligned,rounded_square,demand_aligned,1151,random_zones,7.091295430395617,4.688750612105282,4.688750612105282,0.7241383684251851,0.6611980361173164,0.5,0.3333333333333333,9.22352799071103,6.595277976517853,0.6095553787323192,0.41162368800820986,0.6752851379381736,0,"[[1, 2], [1, 2], [1, 2], [1, 2]]","[true, true, true, true, true]",0,0.0,0,1,0.16299345800000253
rounded_square--demand_aligned,rounded_square,demand_aligned,1171,full_trajectory,11.280265529925295,3.9289548327814634,3.9289548327814634,0.5468122338305647,0.34830339962817203,0.6666666666666666,0.5,14.516405677262771,5.094695714181864,1.0726432410649072,0.38585607843662195,0.35972452318214276,0,"[[0, 1, 2, 3, 4, 5], [0, 1, 2, 3, 4, 5], [0, 1, 2, 3, 4, 5], [0, 1, 2, 3, 4, 5]]","[true, true, true, true, true]",0,0.0,0,1,0.24988812500001245
rounded_square--demand_aligned,rounded_square,demand_aligned,1171,static_tolerance,11.280265529925295,5.03879636867468,5.03879636867468,0.5667427768334825,0.4466912906710672,0.6666666666666666,0.5,14.516405677262771,6.932589497928193,1.0726432410649072,0.6243045339683574,0.5820243955003673,0,"[[2, 4], [2, 4], [2, 4], [2, 4]]","[true, true, true, true, true]",0,0.0,0,1,0.17497500000000343
rounded_square--demand_aligned,rounded_square,demand_aligned,1171,curvature_zones,11.280265529925295,6.412259047950941,6.412259047950941,0.7198763697292128,0.5684493003236429,0.6666666666666666,0.6666666666666666,14.516405677262771,8.50165202962262,1.0726432410649072,0.580294985124601,0.5409953308879205,0,"[[0, 5], [0, 5], [0, 5], [0, 5]]","[true, true, true, true, true]",0,0.0,0,1,0.21598033400000816
rounded_square--demand_aligned,rounded_square,demand_aligned,1171,error_peak_dynamic,11.280265529925295,2.898802102370703,2.898802102370703,0.5259667756077271,0.2569799527041719,0.6666666666666666,0.6666666666666666,14.516405677262771,3.556639771173115,1.0726432410649072,0.5433365486976298,0.5065398521116974,3,"[[2, 4], [1, 4], [1, 2], [2, 4]]","[true, true, true, true, true]",0,0.0,0,1,0.17680637499999818
rounded_square--demand_aligned,rounded_square,demand_aligned,1171,violation_dynamic,11.280265529925295,3.6721177115827173,3.6721177115827173,0.5068067594048468,0.3255346872678658,0.6666666666666666,0.5,14.516405677262771,4.898235519173322,1.0726432410649072,0.5434173393908246,0.5066151713698643,3,"[[2, 4], [1, 2], [2, 4], [1, 4]]","[true, true, true, true, true]",0,0.0,0,1,0.19784591600000567
rounded_square--demand_aligned,rounded_square,demand_aligned,1171,violation_safe,11.280265529925295,3.615156310782363,3.6721177115827173,0.5068067594048468,0.3204850365615733,0.6666666666666666,0.6666666666666666,14.516405677262771,4.456623194076529,1.0726432410649072,0.6216640132171317,0.5795627002692445,3,"[[2, 4], [1, 2], [2, 4], [1, 4]]","[true, true, true, true, false]",1,2.0,0,1,0.18315870800000766
rounded_square--demand_aligned,rounded_square,demand_aligned,1171,dual_anchor_dynamic,11.280265529925295,3.158042267827167,3.2788367464578387,0.4466792854251124,0.2799616958882068,0.6666666666666666,0.6666666666666666,14.516405677262771,3.9680811756387424,1.0726432410649072,0.5040589767451646,0.4699222979718224,3,"[[2, 4], [1, 2], [2, 4], [1, 4]]","[true, true, true, true, false]",1,2.0,0,1,0.24047020800000496
rounded_square--demand_aligned,rounded_square,demand_aligned,1171,random_zones,11.280265529925295,7.918907215598743,7.918907215598743,0.809326559558545,0.7020142561884523,0.6666666666666666,0.3333333333333333,14.516405677262771,10.956711501464449,1.0726432410649072,0.6405438105694903,0.5971638901426034,0,"[[3, 4], [3, 4], [3, 4], [3, 4]]","[true, true, true, true, true]",0,0.0,0,1,0.172690750000001
rounded_square--demand_aligned,rounded_square,demand_aligned,1193,full_trajectory,6.567608730580108,1.8642372125714874,1.8642372125714874,0.5187782268140476,0.2838532697435558,0.5,0.3333333333333333,8.536026238047299,2.4014983171336857,0.5999163017569655,0.18780830252295805,0.31305750814393074,0,"[[0, 1, 2, 3, 4, 5], [0, 1, 2, 3, 4, 5], [0, 1, 2, 3, 4, 5], [0, 1, 2, 3, 4, 5]]","[true, true, true, true, true]",0,0.0,0,1,0.23523104199999523
rounded_square--demand_aligned,rounded_square,demand_aligned,1193,static_tolerance,6.567608730580108,2.9176929312957225,2.9176929312957225,0.5606243854133957,0.4442549870107756,0.5,0.3333333333333333,8.536026238047299,4.063712645452379,0.5999163017569655,0.33978238870625255,0.5663829899456594,0,"[[2, 4], [2, 4], [2, 4], [2, 4]]","[true, true, true, true, true]",0,0.0,0,1,0.16729125000000522
rounded_square--demand_aligned,rounded_square,demand_aligned,1193,curvature_zones,6.567608730580108,3.5331529401562727,3.5331529401562727,0.7079080521440146,0.537966417473258,0.5,0.6666666666666666,8.536026238047299,4.6867078643784845,0.5999163017569655,0.3146656000546415,0.5245158351808165,0,"[[0, 5], [0, 5], [0, 5], [0, 5]]","[true, true, true, true, true]",0,0.0,0,1,0.203967832999993
rounded_square--demand_aligned,rounded_square,demand_aligned,1193,error_peak_dynamic,6.567608730580108,1.3622610563446198,1.3622610563446198,0.5076517737340932,0.20742116533246843,0.5,0.5,8.536026238047299,1.60272574559804,0.5999163017569655,0.27902214299560935,0.4651017853297894,3,"[[2, 4], [1, 4], [1, 2], [2, 4]]","[true, true, true, true, true]",0,0.0,0,1,0.1698386670000076
rounded_square--demand_aligned,rounded_square,demand_aligned,1193,violation_dynamic,6.567608730580108,2.0215538449396515,2.0215538449396515,0.47671935012458544,0.30780668091978286,0.5,0.5,8.536026238047299,2.7136080265312503,0.5999163017569655,0.2703237433011507,0.4506024298880657,3,"[[2, 4], [1, 2], [2, 4], [1, 4]]","[true, true, true, true, true]",0,0.0,0,1,0.17661254200000087
rounded_square--demand_aligned,rounded_square,demand_aligned,1193,violation_safe,6.567608730580108,1.8454287215015648,2.0215538449396515,0.47671935012458544,0.2809894433736403,0.5,0.5,8.536026238047299,2.268945396586914,0.5999163017569655,0.3202526173749038,0.5338288298500723,3,"[[2, 4], [1, 2], [2, 4], [1, 4]]","[true, true, true, true, false]",1,2.0,0,1,0.179029958000001
rounded_square--demand_aligned,rounded_square,demand_aligned,1193,dual_anchor_dynamic,6.567608730580108,1.2939416677858793,1.2939416677858793,0.43837414964930527,0.1970186898864767,0.5,0.5,8.536026238047299,1.6013362519917684,0.5999163017569655,0.2143742978949423,0.35734034442322643,3,"[[2, 4], [1, 2], [1, 4], [2, 4]]","[true, true, true, true, true]",0,4.0,0,1,0.22491974999999798
rounded_square--demand_aligned,rounded_square,demand_aligned,1193,random_zones,6.567608730580108,3.9019279061511116,3.9019279061511116,0.746563734283086,0.5941169862910606,0.5,0.5,8.536026238047299,5.141283475565769,0.5999163017569655,0.3478665325147656,0.5798584427460536,0,"[[3, 5], [3, 5], [3, 5], [3, 5]]","[true, true, true, true, true]",0,0.0,0,1,0.18509149999999863
rounded_square--demand_aligned,rounded_square,demand_aligned,1217,full_trajectory,10.974473711006741,3.0963336568053657,3.0963336568053657,0.5056028516566442,0.28213960307726904,0.6666666666666666,0.5,14.043201157559912,3.896495063260665,1.0034009834854403,0.3239834678355018,0.32288534012604236,0,"[[0, 1, 2, 3, 4, 5], [0, 1, 2, 3, 4, 5], [0, 1, 2, 3, 4, 5], [0, 1, 2, 3, 4, 5]]","[true, true, true, true, true]",0,0.0,0,1,0.2536816659999914
rounded_square--demand_aligned,rounded_square,demand_aligned,1217,static_tolerance,10.974473711006741,4.84360682411976,4.84360682411976,0.5703624465542583,0.44135208226540396,0.6666666666666666,0.6666666666666666,14.043201157559912,6.6557163337709175,1.0034009834854403,0.5734048428216617,0.5714613123358395,0,"[[2, 4], [2, 4], [2, 4], [2, 4]]","[true, true, true, true, true]",0,0.0,0,1,0.17209050000001014
rounded_square--demand_aligned,rounded_square,demand_aligned,1217,curvature_zones,10.974473711006741,5.828141774780532,5.828141774780532,0.6979867303208847,0.5310634412414013,0.6666666666666666,0.6666666666666666,14.043201157559912,7.640321569470033,1.0034009834854403,0.5356722434624727,0.5338566059620027,0,"[[0, 5], [0, 5], [0, 5], [0, 5]]","[true, true, true, true, true]",0,0.0,0,1,0.21666604199999995
rounded_square--demand_aligned,rounded_square,demand_aligned,1217,error_peak_dynamic,10.974473711006741,4.072305061415723,4.072305061415723,0.5337292962687387,0.3710706470900235,0.6666666666666666,0.5,14.043201157559912,5.487684805080827,1.0034009834854403,0.45118369057601165,0.44965442330818534,3,"[[2, 4], [1, 4], [1, 2], [3, 4]]","[true, true, true, true, true]",0,0.0,0,1,0.17860416700000314
rounded_square--demand_aligned,rounded_square,demand_aligned,1217,violation_dynamic,10.974473711006741,3.2162922880871943,3.2162922880871943,0.5018212408665793,0.29307029865691375,0.6666666666666666,0.6666666666666666,14.043201157559912,4.202792784590032,1.0034009834854403,0.46721581425181286,0.46563220680617595,3,"[[2, 4], [1, 2], [2, 4], [1, 4]]","[true, true, true, true, true]",0,0.0,0,1,0.1843736250000063
rounded_square--demand_aligned,rounded_square,demand_aligned,1217,violation_safe,10.974473711006741,3.2162922880871943,3.2162922880871943,0.5018212408665793,0.29307029865691375,0.6666666666666666,0.6666666666666666,14.043201157559912,4.202792784590032,1.0034009834854403,0.46721581425181286,0.46563220680617595,3,"[[2, 4], [1, 2], [2, 4], [1, 4]]","[true, true, true, true, true]",0,4.0,0,1,0.18303962499999216
rounded_square--demand_aligned,rounded_square,demand_aligned,1217,dual_anchor_dynamic,10.974473711006741,4.89566007059139,4.931879548163759,0.5189270638878447,0.44609520233132777,0.6666666666666666,0.6666666666666666,14.043201157559912,5.7006406137544765,1.0034009834854403,0.6459612521321153,0.6437717948893046,1,"[[2, 4], [1, 4], [1, 4], [1, 4]]","[true, true, false, false, false]",3,0.5,0,1,0.2314503340000016
rounded_square--demand_aligned,rounded_square,demand_aligned,1217,random_zones,10.974473711006741,7.669976111554394,7.669976111554394,0.8159829594727481,0.6988923855056363,0.6666666666666666,0.6666666666666666,14.043201157559912,10.617290409241747,1.0034009834854403,0.6041060824290441,0.6020584914423794,0,"[[0, 4], [0, 4], [0, 4], [0, 4]]","[true, true, true, true, true]",0,0.0,0,1,0.18297283399999742
rounded_square--demand_conflict,rounded_square,demand_conflict,1103,full_trajectory,4.260753759088489,0.985059161735793,0.985059161735793,0.427002998294084,0.23119363789437306,0.6666666666666666,0.3333333333333333,5.029597535317166,1.1685890968009391,1.1098933373849162,0.2629478780803519,0.23691274577780472,0,"[[0, 1, 2, 3, 4, 5], [0, 1, 2, 3, 4, 5], [0, 1, 2, 3, 4, 5], [0, 1, 2, 3, 4, 5]]","[true, true, true, true, true]",0,0.0,0,1,0.2338261249999931
rounded_square--demand_conflict,rounded_square,demand_conflict,1103,static_tolerance,4.260753759088489,2.6039849609392727,2.6039849609392727,0.755204797131771,0.6111559381681677,0.6666666666666666,0.5,5.029597535317166,3.262817333366844,1.1098933373849162,0.5943951770027476,0.5355426120524666,0,"[[0, 5], [0, 5], [0, 5], [0, 5]]","[true, true, true, true, true]",0,0.0,0,1,0.16048737500000243
rounded_square--demand_conflict,rounded_square,demand_conflict,1103,curvature_zones,4.260753759088489,2.6039849609392727,2.6039849609392727,0.755204797131771,0.6111559381681677,0.6666666666666666,0.5,5.029597535317166,3.262817333366844,1.1098933373849162,0.5943951770027476,0.5355426120524666,0,"[[0, 5], [0, 5], [0, 5], [0, 5]]","[true, true, true, true, true]",0,0.0,0,1,0.16250537499999496
rounded_square--demand_conflict,rounded_square,demand_conflict,1103,error_peak_dynamic,4.260753759088489,0.9739295855723609,0.9739295855723609,0.44983979064382473,0.22858152351444863,0.6666666666666666,0.3333333333333333,5.029597535317166,1.141765748629691,1.1098933373849162,0.3400176777838065,0.3063516703190072,3,"[[1, 4], [2, 4], [1, 2], [2, 4]]","[true, true, true, true, true]",0,0.0,0,1,0.22040912500000331
rounded_square--demand_conflict,rounded_square,demand_conflict,1103,violation_dynamic,4.260753759088489,1.0219640810506974,1.0219640810506974,0.4581930353192001,0.2398552319224681,0.6666666666666666,0.3333333333333333,5.029597535317166,1.2213297222069326,1.1098933373849162,0.34107819914361215,0.30730718678539526,3,"[[1, 4], [1, 2], [2, 4], [3, 4]]","[true, true, true, true, true]",0,0.0,0,1,0.2075655830000045
rounded_square--demand_conflict,rounded_square,demand_conflict,1103,violation_safe,4.260753759088489,1.0219640810506974,1.0219640810506974,0.4581930353192001,0.2398552319224681,0.6666666666666666,0.3333333333333333,5.029597535317166,1.2213297222069326,1.1098933373849162,0.34107819914361215,0.30730718678539526,3,"[[1, 4], [1, 2], [2, 4], [3, 4]]","[true, true, true, true, true]",0,4.0,0,1,0.20719820899999775
rounded_square--demand_conflict,rounded_square,demand_conflict,1103,dual_anchor_dynamic,4.260753759088489,0.919343055434436,0.919343055434436,0.42685598174879985,0.2157700508914443,0.6666666666666666,0.16666666666666666,5.029597535317166,1.120671688381989,1.1098933373849162,0.31341740410353114,0.2823851567953295,3,"[[1, 4], [2, 4], [1, 2], [2, 4]]","[true, true, true, true, true]",0,4.0,0,1,0.23110254200000213
rounded_square--demand_conflict,rounded_square,demand_conflict,1103,random_zones,4.260753759088489,2.311215092934102,2.311215092934102,0.6926266628183136,0.5424427750615995,0.6666666666666666,0.5,5.029597535317166,2.8697347812150356,1.1098933373849162,0.5011044972969881,0.4514888777309623,0,"[[2, 5], [2, 5], [2, 5], [2, 5]]","[true, true, true, true, true]",0,0.0,0,1,0.18938737499999547
rounded_square--demand_conflict,rounded_square,demand_conflict,1129,full_trajectory,4.549285566734191,0.506384903482027,0.506384903482027,0.3049291706688043,0.1113108632231999,0.8333333333333334,0.0,5.9833078796728145,0.5880204135159426,1.120558903233891,0.13953335659932786,0.1245212154369037,0,"[[0, 1, 2, 3, 4, 5], [0, 1, 2, 3, 4, 5], [0, 1, 2, 3, 4, 5], [0, 1, 2, 3, 4, 5]]","[true, true, true, true, true]",0,0.0,0,1,0.22351087500000233
rounded_square--demand_conflict,rounded_square,demand_conflict,1129,static_tolerance,4.549285566734191,1.3536809987913636,1.3536809987913636,0.5215704960316848,0.29755902963970987,0.8333333333333334,0.3333333333333333,5.9833078796728145,1.7328409952511103,1.120558903233891,0.3639860471807689,0.3248254474890332,0,"[[0, 5], [0, 5], [0, 5], [0, 5]]","[true, true, true, true, true]",0,0.0,0,1,0.15764383399999815
rounded_square--demand_conflict,rounded_square,demand_conflict,1129,curvature_zones,4.549285566734191,1.3536809987913636,1.3536809987913636,0.5215704960316848,0.29755902963970987,0.8333333333333334,0.3333333333333333,5.9833078796728145,1.7328409952511103,1.120558903233891,0.3639860471807689,0.3248254474890332,0,"[[0, 5], [0, 5], [0, 5], [0, 5]]","[true, true, true, true, true]",0,0.0,0,1,0.15742591699999764
rounded_square--demand_conflict,rounded_square,demand_conflict,1129,error_peak_dynamic,4.549285566734191,0.48782286312659634,0.48782286312659634,0.3119463992422357,0.10723065324667916,0.8333333333333334,0.0,5.9833078796728145,0.5835630761153576,1.120558903233891,0.22270024590860418,0.19874032972822725,3,"[[3, 4], [1, 2], [2, 4], [1, 2]]","[true, true, true, true, true]",0,0.0,0,1,0.1995698329999982
rounded_square--demand_conflict,rounded_square,demand_conflict,1129,violation_dynamic,4.549285566734191,0.5657509975478683,0.5657509975478683,0.30664467701836606,0.1243604054414209,0.8333333333333334,0.0,5.9833078796728145,0.7118492235666347,1.120558903233891,0.22404179406690486,0.19993754314951998,3,"[[1, 3], [3, 4], [1, 2], [2, 4]]","[true, true, true, true, true]",0,0.0,0,1,0.18786937500000533
rounded_square--demand_conflict,rounded_square,demand_conflict,1129,violation_safe,4.549285566734191,0.5328995647919391,0.5657509975478683,0.30664467701836606,0.11713917646512863,0.8333333333333334,0.0,5.9833078796728145,0.623169122041466,1.120558903233891,0.2879748293321757,0.25699213892379164,3,"[[1, 3], [3, 4], [1, 2], [2, 4]]","[true, true, true, true, false]",1,2.0,0,1,0.19246154200000376
rounded_square--demand_conflict,rounded_square,demand_conflict,1129,dual_anchor_dynamic,4.549285566734191,0.4965967263619561,0.5302670294811074,0.302354819052186,0.10915927766619615,0.8333333333333334,0.0,5.9833078796728145,0.5694291093048,1.120558903233891,0.2408983062417734,0.21498049370412384,3,"[[3, 4], [1, 3], [1, 2], [2, 4]]","[true, true, true, true, false]",1,2.0,0,1,0.22464595800001064
rounded_square--demand_conflict,rounded_square,demand_conflict,1129,random_zones,4.549285566734191,1.0360779345864526,1.0360779345864526,0.3790830257866845,0.2277451963364491,0.8333333333333334,0.16666666666666666,5.9833078796728145,1.3849716538446435,1.120558903233891,0.24086139350224978,0.21494755233940208,0,"[[2, 3], [2, 3], [2, 3], [2, 3]]","[true, true, true, true, true]",0,0.0,0,1,0.16253866600000322
rounded_square--demand_conflict,rounded_square,demand_conflict,1151,full_trajectory,3.061233373413333,0.8421841662927787,0.8421841662927787,0.49933636677251475,0.27511269595030174,0.6666666666666666,0.16666666666666666,3.7562379721199033,1.0319664062523666,0.6095553787323192,0.18701147610676722,0.3067998128335631,0,"[[0, 1, 2, 3, 4, 5], [0, 1, 2, 3, 4, 5], [0, 1, 2, 3, 4, 5], [0, 1, 2, 3, 4, 5]]","[true, true, true, true, true]",0,0.0,0,1,0.23439924999999562
rounded_square--demand_conflict,rounded_square,demand_conflict,1151,static_tolerance,3.061233373413333,2.1692590335626205,2.1692590335626205,0.8263508000496649,0.7086225612207592,0.6666666666666666,0.6666666666666666,3.7562379721199033,2.5111616551793703,0.6095553787323192,0.46721591041386457,0.7664864042140431,0,"[[0, 5], [0, 5], [0, 5], [0, 5]]","[true, true, true, true, true]",0,0.0,0,1,0.15732179200000473
rounded_square--demand_conflict,rounded_square,demand_conflict,1151,curvature_zones,3.061233373413333,2.1692590335626205,2.1692590335626205,0.8263508000496649,0.7086225612207592,0.6666666666666666,0.6666666666666666,3.7562379721199033,2.5111616551793703,0.6095553787323192,0.46721591041386457,0.7664864042140431,0,"[[0, 5], [0, 5], [0, 5], [0, 5]]","[true, true, true, true, true]",0,0.0,0,1,0.15747824999999693
rounded_square--demand_conflict,rounded_square,demand_conflict,1151,error_peak_dynamic,3.061233373413333,1.0259217179878681,1.0259217179878681,0.5962343108839192,0.3351334553248863,0.6666666666666666,0.16666666666666666,3.7562379721199033,1.3174741845923568,0.6095553787323192,0.23122457070470812,0.3793331644215518,3,"[[2, 4], [1, 2], [3, 4], [2, 4]]","[true, true, true, true, true]",0,0.0,0,1,0.1997514580000086
rounded_square--demand_conflict,rounded_square,demand_conflict,1151,violation_dynamic,3.061233373413333,1.172173445871263,1.172173445871263,0.582972695894762,0.38290888112338445,0.6666666666666666,0.3333333333333333,3.7562379721199033,1.4869988510013668,0.6095553787323192,0.26917467793761896,0.4415918345227573,3,"[[1, 4], [2, 3], [1, 4], [2, 3]]","[true, true, true, true, true]",0,0.0,0,1,0.20416504199999963
rounded_square--demand_conflict,rounded_square,demand_conflict,1151,violation_safe,3.061233373413333,1.172173445871263,1.172173445871263,0.582972695894762,0.38290888112338445,0.6666666666666666,0.3333333333333333,3.7562379721199033,1.4869988510013668,0.6095553787323192,0.26917467793761896,0.4415918345227573,3,"[[1, 4], [2, 3], [1, 4], [2, 3]]","[true, true, true, true, true]",0,4.0,0,1,0.2059523749999954
rounded_square--demand_conflict,rounded_square,demand_conflict,1151,dual_anchor_dynamic,3.061233373413333,0.7954438692459305,0.7954438692459305,0.5563972775053471,0.2598442432237682,0.6666666666666666,0.0,3.7562379721199033,0.9785644064002249,0.6095553787323192,0.21499707829489817,0.3527113135184264,3,"[[1, 2], [2, 4], [3, 4], [1, 2]]","[true, true, true, true, true]",0,4.0,0,1,0.22856874999999377
rounded_square--demand_conflict,rounded_square,demand_conflict,1151,random_zones,3.061233373413333,2.472391670499651,2.472391670499651,0.8994998468898656,0.8076456019238049,0.6666666666666666,0.5,3.7562379721199033,3.0061685589229468,0.6095553787323192,0.4521678249340966,0.7417994175926418,0,"[[0, 2], [0, 2], [0, 2], [0, 2]]","[true, true, true, true, true]",0,0.0,0,1,0.16612645800000791
rounded_square--demand_conflict,rounded_square,demand_conflict,1171,full_trajectory,5.059468952191295,1.6532361399808428,1.6532361399808428,0.5143066299247859,0.32676080347618564,0.6666666666666666,0.5,6.214653393556453,2.077029944561184,1.0726432410649072,0.38585607843662195,0.35972452318214276,0,"[[0, 1, 2, 3, 4, 5], [0, 1, 2, 3, 4, 5], [0, 1, 2, 3, 4, 5], [0, 1, 2, 3, 4, 5]]","[true, true, true, true, true]",0,0.0,0,1,0.24775337500000205
rounded_square--demand_conflict,rounded_square,demand_conflict,1171,static_tolerance,5.059468952191295,3.5355286177377137,3.5355286177377137,0.8161917023676384,0.6987944092840908,0.6666666666666666,0.6666666666666666,6.214653393556453,4.211741088744873,1.0726432410649072,0.7839290093796202,0.7308385298744297,0,"[[0, 5], [0, 5], [0, 5], [0, 5]]","[true, true, true, true, true]",0,0.0,0,1,0.16134445800000208
rounded_square--demand_conflict,rounded_square,demand_conflict,1171,curvature_zones,5.059468952191295,3.5355286177377137,3.5355286177377137,0.8161917023676384,0.6987944092840908,0.6666666666666666,0.6666666666666666,6.214653393556453,4.211741088744873,1.0726432410649072,0.7839290093796202,0.7308385298744297,0,"[[0, 5], [0, 5], [0, 5], [0, 5]]","[true, true, true, true, true]",0,0.0,0,1,0.16273762500000544
rounded_square--demand_conflict,rounded_square,demand_conflict,1171,error_peak_dynamic,5.059468952191295,1.6752709477909131,1.6752709477909131,0.5659073808672128,0.33111596565195645,0.6666666666666666,0.6666666666666666,6.214653393556453,2.0482796757366883,1.0726432410649072,0.46896108791395014,0.43720136384616687,3,"[[2, 4], [1, 4], [1, 2], [2, 4]]","[true, true, true, true, true]",0,0.0,0,1,0.22701175000000262
rounded_square--demand_conflict,rounded_square,demand_conflict,1171,violation_dynamic,5.059468952191295,1.525637771267847,1.525637771267847,0.5795023792916638,0.3015410877473774,0.6666666666666666,0.6666666666666666,6.214653393556453,1.7466211466262915,1.0726432410649072,0.46622761801719925,0.4346530143184738,3,"[[1, 4], [1, 2], [3, 4], [2, 4]]","[true, true, true, true, true]",0,0.0,0,1,0.22253458299999807
rounded_square--demand_conflict,rounded_square,demand_conflict,1171,violation_safe,5.059468952191295,1.525637771267847,1.525637771267847,0.5795023792916638,0.3015410877473774,0.6666666666666666,0.6666666666666666,6.214653393556453,1.7466211466262915,1.0726432410649072,0.46622761801719925,0.4346530143184738,3,"[[1, 4], [1, 2], [3, 4], [2, 4]]","[true, true, true, true, true]",0,4.0,0,1,0.2238689160000007
rounded_square--demand_conflict,rounded_square,demand_conflict,1171,dual_anchor_dynamic,5.059468952191295,1.5320082063113412,1.5320082063113412,0.5314761574026841,0.30280019914892775,0.6666666666666666,0.5,6.214653393556453,1.988725463792723,1.0726432410649072,0.4422767079784185,0.41232414566779124,3,"[[1, 2], [2, 4], [3, 4], [1, 2]]","[true, true, true, true, true]",0,4.0,0,1,0.24271529099999611
rounded_square--demand_conflict,rounded_square,demand_conflict,1171,random_zones,5.059468952191295,2.9254226473936273,2.9254226473936273,0.7519246180421737,0.578207451224027,0.6666666666666666,0.3333333333333333,6.214653393556453,3.710162309038785,1.0726432410649072,0.6165911878061112,0.574833424759165,0,"[[2, 3], [2, 3], [2, 3], [2, 3]]","[true, true, true, true, true]",0,0.0,0,1,0.18101358299999504
rounded_square--demand_conflict,rounded_square,demand_conflict,1193,full_trajectory,2.819620037352558,0.7897006260339144,0.7897006260339144,0.493032926873979,0.28007341967089744,0.6666666666666666,0.0,3.4488366838911815,0.9606679621764396,0.5999163017569655,0.18780830252295805,0.31305750814393074,0,"[[0, 1, 2, 3, 4, 5], [0, 1, 2, 3, 4, 5], [0, 1, 2, 3, 4, 5], [0, 1, 2, 3, 4, 5]]","[true, true, true, true, true]",0,0.0,0,1,0.37217241599999795
rounded_square--demand_conflict,rounded_square,demand_conflict,1193,static_tolerance,2.819620037352558,2.010032417047345,2.010032417047345,0.8252226755816481,0.712873504379915,0.6666666666666666,0.6666666666666666,3.4488366838911815,2.3912610745028386,0.5999163017569655,0.4393712425160971,0.7323875701148933,0,"[[0, 5], [0, 5], [0, 5], [0, 5]]","[true, true, true, true, true]",0,0.0,0,1,0.16757774999999242
rounded_square--demand_conflict,rounded_square,demand_conflict,1193,curvature_zones,2.819620037352558,2.010032417047345,2.010032417047345,0.8252226755816481,0.712873504379915,0.6666666666666666,0.6666666666666666,3.4488366838911815,2.3912610745028386,0.5999163017569655,0.4393712425160971,0.7323875701148933,0,"[[0, 5], [0, 5], [0, 5], [0, 5]]","[true, true, true, true, true]",0,0.0,0,1,0.15644920799999795
rounded_square--demand_conflict,rounded_square,demand_conflict,1193,error_peak_dynamic,2.819620037352558,0.7217179216239265,0.7217179216239265,0.5597189626885685,0.2559628290560643,0.6666666666666666,0.0,3.4488366838911815,0.841494636712271,0.5999163017569655,0.2360665025425436,0.39349906287123604,3,"[[2, 4], [1, 2], [2, 4], [1, 4]]","[true, true, true, true, true]",0,0.0,0,1,0.20109454199999277
rounded_square--demand_conflict,rounded_square,demand_conflict,1193,violation_dynamic,2.819620037352558,0.8817139400318134,0.8817139400318134,0.5815288840911133,0.3127066513755116,0.6666666666666666,0.16666666666666666,3.4488366838911815,1.0663798947217922,0.5999163017569655,0.24069581669488888,0.40121566290158606,3,"[[1, 4], [1, 2], [3, 4], [2, 4]]","[true, true, true, true, true]",0,0.0,0,1,0.2552260830000108
rounded_square--demand_conflict,rounded_square,demand_conflict,1193,violation_safe,2.819620037352558,0.8817139400318134,0.8817139400318134,0.5815288840911133,0.3127066513755116,0.6666666666666666,0.16666666666666666,3.4488366838911815,1.0663798947217922,0.5999163017569655,0.24069581669488888,0.40121566290158606,3,"[[1, 4], [1, 2], [3, 4], [2, 4]]","[true, true, true, true, true]",0,4.0,0,1,0.22245670799999573
rounded_square--demand_conflict,rounded_square,demand_conflict,1193,dual_anchor_dynamic,2.819620037352558,0.7294057621374108,0.7294057621374108,0.5216120453508257,0.25868938100690897,0.6666666666666666,0.0,3.4488366838911815,0.9124401500719685,0.5999163017569655,0.21917332252612434,0.36533983471400067,3,"[[1, 2], [2, 4], [3, 4], [1, 2]]","[true, true, true, true, true]",0,4.0,0,1,0.22818574999999441
rounded_square--demand_conflict,rounded_square,demand_conflict,1193,random_zones,2.819620037352558,1.6144259165075268,1.6144259165075268,0.7466760427872456,0.5725686068053939,0.6666666666666666,0.3333333333333333,3.4488366838911815,2.055895644720794,0.5999163017569655,0.32913125791711806,0.548628628615686,0,"[[2, 3], [2, 3], [2, 3], [2, 3]]","[true, true, true, true, true]",0,0.0,0,1,0.1813492499999967
rounded_square--demand_conflict,rounded_square,demand_conflict,1217,full_trajectory,5.031654006607973,1.4826490672091954,1.4826490672091954,0.5043843345633015,0.29466435197294194,0.6666666666666666,0.6666666666666666,6.212831906403172,1.873765657861267,1.0034009834854403,0.3239834678355018,0.32288534012604236,0,"[[0, 1, 2, 3, 4, 5], [0, 1, 2, 3, 4, 5], [0, 1, 2, 3, 4, 5], [0, 1, 2, 3, 4, 5]]","[true, true, true, true, true]",0,0.0,0,1,0.2531322500000073
rounded_square--demand_conflict,rounded_square,demand_conflict,1217,static_tolerance,5.031654006607973,3.4671783106197944,3.4671783106197944,0.8140114387965829,0.6890732761168428,0.6666666666666666,0.6666666666666666,6.212831906403172,4.051525667756128,1.0034009834854403,0.7489979401780619,0.7464592446145735,0,"[[0, 5], [0, 5], [0, 5], [0, 5]]","[true, true, true, true, true]",0,0.0,0,1,0.18079604099999358
rounded_square--demand_conflict,rounded_square,demand_conflict,1217,curvature_zones,5.031654006607973,3.4671783106197944,3.4671783106197944,0.8140114387965829,0.6890732761168428,0.6666666666666666,0.6666666666666666,6.212831906403172,4.051525667756128,1.0034009834854403,0.7489979401780619,0.7464592446145735,0,"[[0, 5], [0, 5], [0, 5], [0, 5]]","[true, true, true, true, true]",0,0.0,0,1,0.17523983300000623
rounded_square--demand_conflict,rounded_square,demand_conflict,1217,error_peak_dynamic,5.031654006607973,1.4230670986448297,1.4230670986448297,0.5641570577377925,0.2828229239880054,0.6666666666666666,0.6666666666666666,6.212831906403172,1.6622662922622014,1.0034009834854403,0.42289314143554474,0.42145976373928984,3,"[[2, 4], [1, 4], [2, 3], [1, 4]]","[true, true, true, true, true]",0,0.0,0,1,0.2241282499999926
rounded_square--demand_conflict,rounded_square,demand_conflict,1217,violation_dynamic,5.031654006607973,1.7197709416597062,1.7197709416597062,0.5932084688121868,0.34179038133408307,0.6666666666666666,0.6666666666666666,6.212831906403172,2.1292857196062163,1.0034009834854403,0.4040996623992643,0.402729984373319,3,"[[1, 4], [1, 2], [3, 4], [2, 4]]","[true, true, true, true, true]",0,0.0,0,1,0.22529245799999842
rounded_square--demand_conflict,rounded_square,demand_conflict,1217,violation_safe,5.031654006607973,3.009561644159174,3.009561644159174,0.7062788070998541,0.5981257137726035,0.6666666666666666,0.6666666666666666,6.212831906403172,3.7216526687106923,1.0034009834854403,0.631763546045088,0.6296222113023822,1,"[[1, 4], [1, 2], [1, 2], [1, 2]]","[true, true, false, false, true]",2,1.15,0,1,0.23464054199999396
rounded_square--demand_conflict,rounded_square,demand_conflict,1217,dual_anchor_dynamic,5.031654006607973,1.1556644862590641,1.1556644862590641,0.5467610812721748,0.2296788461093216,0.6666666666666666,0.3333333333333333,6.212831906403172,1.3961435897405174,1.0034009834854403,0.36403142550212575,0.3627975570022032,3,"[[1, 2], [2, 4], [3, 4], [1, 4]]","[true, true, true, true, true]",0,4.0,0,1,0.29142562500000224
rounded_square--demand_conflict,rounded_square,demand_conflict,1217,random_zones,5.031654006607973,2.7982693303060087,2.7982693303060087,0.7159209197622218,0.5561330979099708,0.6666666666666666,0.5,6.212831906403172,3.3258895750810695,1.0034009834854403,0.6299479988144584,0.6278128177892096,0,"[[4, 5], [4, 5], [4, 5], [4, 5]]","[true, true, true, true, true]",0,0.0,0,1,0.20436591699998985
figure_eight--neutral,figure_eight,neutral,1103,full_trajectory,6.070053679393895,0.3980946930821091,0.3980946930821091,0.33319941372350703,0.06558338922661051,1.0,0.0,7.377967014411631,0.5310679507038732,1.1970817850714048,0.06597612330969989,0.05511413182664414,0,"[[0, 1, 2, 3, 4, 5], [0, 1, 2, 3, 4, 5], [0, 1, 2, 3, 4, 5], [0, 1, 2, 3, 4, 5]]","[true, true, true, true, true]",0,0.0,0,1,0.20858900000000347
figure_eight--neutral,figure_eight,neutral,1103,static_tolerance,6.070053679393895,0.7201599876282982,0.7201599876282982,0.39799883747775355,0.11864145288748212,1.0,0.0,7.377967014411631,0.9188287506360732,1.1970817850714048,0.12442558840340213,0.10394075822979819,0,"[[4, 5], [4, 5], [4, 5], [4, 5]]","[true, true, true, true, true]",0,0.0,0,1,0.21452279100000737
figure_eight--neutral,figure_eight,neutral,1103,curvature_zones,6.070053679393895,0.49234992129266375,0.49234992129266375,0.33791912694144205,0.08111129609348458,1.0,0.0,7.377967014411631,0.6818247928809895,1.1970817850714048,0.09529654826873332,0.07960738310210691,0,"[[2, 4], [2, 4], [2, 4], [2, 4]]","[true, true, true, true, true]",0,0.0,0,1,0.20114983300000233
figure_eight--neutral,figure_eight,neutral,1103,error_peak_dynamic,6.070053679393895,0.3092814219182953,0.3092814219182953,0.319202308253729,0.05095200771752937,1.0,0.0,7.377967014411631,0.39924557072189576,1.1970817850714048,0.08297064839483533,0.06931076007466458,2,"[[2, 4], [3, 4], [2, 3], [2, 3]]","[true, true, true, true, true]",0,0.0,0,1,0.20070762499999262
figure_eight--neutral,figure_eight,neutral,1103,violation_dynamic,6.070053679393895,0.3092814219182953,0.3092814219182953,0.319202308253729,0.05095200771752937,1.0,0.0,7.377967014411631,0.39924557072189576,1.1970817850714048,0.08297064839483533,0.06931076007466458,2,"[[2, 4], [3, 4], [2, 3], [2, 3]]","[true, true, true, true, true]",0,0.0,0,1,0.24884716700000808
figure_eight--neutral,figure_eight,neutral,1103,violation_safe,6.070053679393895,0.3092814219182953,0.3092814219182953,0.319202308253729,0.05095200771752937,1.0,0.0,7.377967014411631,0.39924557072189576,1.1970817850714048,0.08297064839483533,0.06931076007466458,2,"[[2, 4], [3, 4], [2, 3], [2, 3]]","[true, true, true, true, true]",0,4.0,0,1,0.20477970800000378
figure_eight--neutral,figure_eight,neutral,1103,dual_anchor_dynamic,6.070053679393895,0.3092814219182953,0.3092814219182953,0.319202308253729,0.05095200771752937,1.0,0.0,7.377967014411631,0.39924557072189576,1.1970817850714048,0.08297064839483533,0.06931076007466458,2,"[[2, 4], [3, 4], [2, 3], [2, 3]]","[true, true, true, true, true]",0,4.0,0,1,0.20263941700000032
figure_eight--neutral,figure_eight,neutral,1103,random_zones,6.070053679393895,0.6287813233939935,0.6287813233939935,0.3855147816324136,0.10358744034315993,1.0,0.0,7.377967014411631,0.8589955529631902,1.1970817850714048,0.10657487876264816,0.08902890353167563,0,"[[3, 4], [3, 4], [3, 4], [3, 4]]","[true, true, true, true, true]",0,0.0,0,1,0.2023580000000038
figure_eight--neutral,figure_eight,neutral,1129,full_trajectory,4.932412913617178,0.2367516126305232,0.2367516126305232,0.3164986967339055,0.047999147025365674,1.0,0.0,6.165430819773933,0.3193695282875392,0.9304838019758673,0.03590776479612048,0.03859042437909281,0,"[[0, 1, 2, 3, 4, 5], [0, 1, 2, 3, 4, 5], [0, 1, 2, 3, 4, 5], [0, 1, 2, 3, 4, 5]]","[true, true, true, true, true]",0,0.0,0,1,0.1924948329999978
figure_eight--neutral,figure_eight,neutral,1129,static_tolerance,4.932412913617178,0.470563710858803,0.470563710858803,0.3613203497322348,0.09540233534781577,1.0,0.0,6.165430819773933,0.5896830720927088,0.9304838019758673,0.07919386942924,0.08511042240721774,0,"[[4, 5], [4, 5], [4, 5], [4, 5]]","[true, true, true, true, true]",0,0.0,0,1,0.2901580420000016
figure_eight--neutral,figure_eight,neutral,1129,curvature_zones,4.932412913617178,0.3127487380810447,0.3127487380810447,0.33377258740722143,0.06340684439001902,1.0,0.0,6.165430819773933,0.43406903673390923,0.9304838019758673,0.05541577383754229,0.05955587160127644,0,"[[2, 4], [2, 4], [2, 4], [2, 4]]","[true, true, true, true, true]",0,0.0,0,1,0.18422037499999533
figure_eight--neutral,figure_eight,neutral,1129,error_peak_dynamic,4.932412913617178,0.15009824150306483,0.15009824150306483,0.29614742167293895,0.030430996782260574,1.0,0.0,6.165430819773933,0.19791597648932052,0.9304838019758673,0.04772280454157413,0.051288162609854714,1,"[[3, 4], [2, 3], [2, 3], [2, 3]]","[true, true, true, true, true]",0,0.0,0,1,0.19245050000000674
figure_eight--neutral,figure_eight,neutral,1129,violation_dynamic,4.932412913617178,0.1359538169595068,0.1359538169595068,0.2893528274436117,0.02756334867751477,1.0,0.0,6.165430819773933,0.1799095899028834,0.9304838019758673,0.049153899410821406,0.052826174197169146,0,"[[2, 3], [2, 3], [2, 3], [2, 3]]","[true, true, true, true, true]",0,0.0,0,1,0.19139616700000772
figure_eight--neutral,figure_eight,neutral,1129,violation_safe,4.932412913617178,0.1359538169595068,0.1359538169595068,0.2893528274436117,0.02756334867751477,1.0,0.0,6.165430819773933,0.1799095899028834,0.9304838019758673,0.049153899410821406,0.052826174197169146,0,"[[2, 3], [2, 3], [2, 3], [2, 3]]","[true, true, true, true, true]",0,4.0,0,1,0.19476770800000054
figure_eight--neutral,figure_eight,neutral,1129,dual_anchor_dynamic,4.932412913617178,0.15009824150306483,0.15009824150306483,0.29614742167293895,0.030430996782260574,1.0,0.0,6.165430819773933,0.19791597648932052,0.9304838019758673,0.04772280454157413,0.051288162609854714,1,"[[3, 4], [2, 3], [2, 3], [2, 3]]","[true, true, true, true, true]",0,4.0,0,1,0.18814033299999267
figure_eight--neutral,figure_eight,neutral,1129,random_zones,4.932412913617178,0.45427669239763735,0.45427669239763735,0.37535550725921296,0.0921002966202386,1.0,0.0,6.165430819773933,0.5784949658086048,0.9304838019758673,0.07916821473438934,0.08508285105691997,0,"[[0, 1], [0, 1], [0, 1], [0, 1]]","[true, true, true, true, true]",0,0.0,0,1,0.19244670800000563
figure_eight--neutral,figure_eight,neutral,1151,full_trajectory,4.472610736285102,0.19328148974857726,0.19328148974857726,0.30897758817926135,0.04321446715238058,0.6666666666666666,0.0,5.614944253701717,0.2326281303760621,0.8233151353495448,0.03826802522758031,0.04648041021538287,0,"[[0, 1, 2, 3, 4, 5], [0, 1, 2, 3, 4, 5], [0, 1, 2, 3, 4, 5], [0, 1, 2, 3, 4, 5]]","[true, true, true, true, true]",0,0.0,0,1,0.1995827079999941
figure_eight--neutral,figure_eight,neutral,1151,static_tolerance,4.472610736285102,0.43947313960232987,0.43947313960232987,0.359383569197659,0.09825874986995875,0.6666666666666666,0.0,5.614944253701717,0.5984594596649042,0.8233151353495448,0.07048523025002848,0.08561148365152237,0,"[[4, 5], [4, 5], [4, 5], [4, 5]]","[true, true, true, true, true]",0,0.0,0,1,0.19036770900000022
figure_eight--neutral,figure_eight,neutral,1151,curvature_zones,4.472610736285102,0.1919102400219187,0.1919102400219187,0.27851049680080575,0.04290787894081681,0.6666666666666666,0.0,5.614944253701717,0.2542946102367569,0.8233151353495448,0.053117502314792016,0.06451661099639638,0,"[[2, 4], [2, 4], [2, 4], [2, 4]]","[true, true, true, true, true]",0,0.0,0,1,0.19144291699998917
figure_eight--neutral,figure_eight,neutral,1151,error_peak_dynamic,4.472610736285102,0.17677088941763908,0.17677088941763908,0.2780873840067094,0.03952297658804596,0.6666666666666666,0.0,5.614944253701717,0.22734840981093357,0.8233151353495448,0.0519379580369695,0.06308393445836367,1,"[[2, 4], [2, 4], [2, 4], [3, 4]]","[true, true, true, true, true]",0,0.0,0,1,0.19509941600000502
figure_eight--neutral,figure_eight,neutral,1151,violation_dynamic,4.472610736285102,0.17677088941763908,0.17677088941763908,0.2780873840067094,0.03952297658804596,0.6666666666666666,0.0,5.614944253701717,0.22734840981093357,0.8233151353495448,0.0519379580369695,0.06308393445836367,1,"[[2, 4], [2, 4], [2, 4], [3, 4]]","[true, true, true, true, true]",0,0.0,0,1,0.19415116700000112
figure_eight--neutral,figure_eight,neutral,1151,violation_safe,4.472610736285102,0.17677088941763908,0.17677088941763908,0.2780873840067094,0.03952297658804596,0.6666666666666666,0.0,5.614944253701717,0.22734840981093357,0.8233151353495448,0.0519379580369695,0.06308393445836367,1,"[[2, 4], [2, 4], [2, 4], [3, 4]]","[true, true, true, true, true]",0,4.0,0,1,0.1948864590000028
figure_eight--neutral,figure_eight,neutral,1151,dual_anchor_dynamic,4.472610736285102,0.17677088941763908,0.17677088941763908,0.2780873840067094,0.03952297658804596,0.6666666666666666,0.0,5.614944253701717,0.22734840981093357,0.8233151353495448,0.0519379580369695,0.06308393445836367,1,"[[2, 4], [2, 4], [2, 4], [3, 4]]","[true, true, true, true, true]",0,4.0,0,1,0.19427100000000053
figure_eight--neutral,figure_eight,neutral,1151,random_zones,4.472610736285102,0.4336777853466127,0.4336777853466127,0.3516511342410447,0.09696300682469416,0.6666666666666666,0.0,5.614944253701717,0.6031945590963902,0.8233151353495448,0.06763203583842532,0.08214598874064379,0,"[[3, 4], [3, 4], [3, 4], [3, 4]]","[true, true, true, true, true]",0,0.0,0,1,0.200453416000002
figure_eight--neutral,figure_eight,neutral,1171,full_trajectory,7.269396424770077,0.4947924832524898,0.4947924832524898,0.3308795866440491,0.06806513970905631,0.6666666666666666,0.0,9.02053773995098,0.649913767958983,1.3789218721680057,0.08728698802942648,0.06330089455480882,0,"[[0, 1, 2, 3, 4, 5], [0, 1, 2, 3, 4, 5], [0, 1, 2, 3, 4, 5], [0, 1, 2, 3, 4, 5]]","[true, true, true, true, true]",0,0.0,0,1,0.2303122919999936
figure_eight--neutral,figure_eight,neutral,1171,static_tolerance,7.269396424770077,0.8305377880284948,0.8305377880284948,0.38574024690290715,0.11425127197609995,0.6666666666666666,0.16666666666666666,9.02053773995098,1.0572724466261363,1.3789218721680057,0.14929386412944468,0.10826854453669507,0,"[[4, 5], [4, 5], [4, 5], [4, 5]]","[true, true, true, true, true]",0,0.0,0,1,0.21101774999999634
figure_eight--neutral,figure_eight,neutral,1171,curvature_zones,7.269396424770077,0.5919959691343689,0.5919959691343689,0.3251612728670205,0.08143674309976746,0.6666666666666666,0.0,9.02053773995098,0.8132273148608808,1.3789218721680057,0.1186262719401793,0.08602827639079327,0,"[[2, 4], [2, 4], [2, 4], [2, 4]]","[true, true, true, true, true]",0,0.0,0,1,0.2137648749999954
figure_eight--neutral,figure_eight,neutral,1171,error_peak_dynamic,7.269396424770077,0.41112605453359063,0.41112605453359063,0.31538531635242556,0.0565557345493913,0.6666666666666666,0.0,9.02053773995098,0.5312908725361924,1.3789218721680057,0.10661807825157113,0.07731988331140269,2,"[[2, 4], [2, 4], [3, 4], [2, 3]]","[true, true, true, true, true]",0,0.0,0,1,0.20321891700000094
figure_eight--neutral,figure_eight,neutral,1171,violation_dynamic,7.269396424770077,0.41112605453359063,0.41112605453359063,0.31538531635242556,0.0565557345493913,0.6666666666666666,0.0,9.02053773995098,0.5312908725361924,1.3789218721680057,0.10661807825157113,0.07731988331140269,2,"[[2, 4], [2, 4], [3, 4], [2, 3]]","[true, true, true, true, true]",0,0.0,0,1,0.19942629199999828
figure_eight--neutral,figure_eight,neutral,1171,violation_safe,7.269396424770077,0.41112605453359063,0.41112605453359063,0.31538531635242556,0.0565557345493913,0.6666666666666666,0.0,9.02053773995098,0.5312908725361924,1.3789218721680057,0.10661807825157113,0.07731988331140269,2,"[[2, 4], [2, 4], [3, 4], [2, 3]]","[true, true, true, true, true]",0,4.0,0,1,0.2042204589999983
figure_eight--neutral,figure_eight,neutral,1171,dual_anchor_dynamic,7.269396424770077,0.41112605453359063,0.41112605453359063,0.31538531635242556,0.0565557345493913,0.6666666666666666,0.0,9.02053773995098,0.5312908725361924,1.3789218721680057,0.10661807825157113,0.07731988331140269,2,"[[2, 4], [2, 4], [3, 4], [2, 3]]","[true, true, true, true, true]",0,4.0,0,1,0.19971887500000207
figure_eight--neutral,figure_eight,neutral,1171,random_zones,7.269396424770077,0.6778547820584909,0.6778547820584909,0.39113230393079745,0.09324773921377258,0.6666666666666666,0.0,9.02053773995098,0.8803399578083855,1.3789218721680057,0.14224203129047164,0.1031545254023943,0,"[[2, 5], [2, 5], [2, 5], [2, 5]]","[true, true, true, true, true]",0,0.0,0,1,0.1947767499999884
figure_eight--neutral,figure_eight,neutral,1193,full_trajectory,4.028918783366214,0.1909526304312051,0.1909526304312051,0.3081182279299461,0.047395502540178214,0.6666666666666666,0.0,4.97794373025381,0.23326354621337933,0.7730937986123475,0.03632661651755842,0.0469886274896556,0,"[[0, 1, 2, 3, 4, 5], [0, 1, 2, 3, 4, 5], [0, 1, 2, 3, 4, 5], [0, 1, 2, 3, 4, 5]]","[true, true, true, true, true]",0,0.0,0,1,0.19664004200001273
figure_eight--neutral,figure_eight,neutral,1193,static_tolerance,4.028918783366214,0.4381454752504894,0.4381454752504894,0.3780606461781164,0.10875013838934058,0.6666666666666666,0.0,4.97794373025381,0.5854911835029664,0.7730937986123475,0.06977826165396347,0.09025846770367434,0,"[[4, 5], [4, 5], [4, 5], [4, 5]]","[true, true, true, true, true]",0,0.0,0,1,0.20075341599999774
figure_eight--neutral,figure_eight,neutral,1193,curvature_zones,4.028918783366214,0.22916631443649238,0.22916631443649238,0.2890432918496105,0.05688035097223304,0.6666666666666666,0.0,4.97794373025381,0.3127708016740058,0.7730937986123475,0.05145673350347142,0.06655949587984392,0,"[[2, 4], [2, 4], [2, 4], [2, 4]]","[true, true, true, true, true]",0,0.0,0,1,0.19194824999999582
figure_eight--neutral,figure_eight,neutral,1193,error_peak_dynamic,4.028918783366214,0.1532127162372618,0.1532127162372618,0.28498409068153746,0.038028246404423816,0.6666666666666666,0.0,4.97794373025381,0.18244330530642153,0.7730937986123475,0.047026035470056675,0.06082836979738463,2,"[[2, 4], [2, 4], [3, 4], [2, 3]]","[true, true, true, true, true]",0,0.0,0,1,0.18833333300000277
figure_eight--neutral,figure_eight,neutral,1193,violation_dynamic,4.028918783366214,0.1532127162372618,0.1532127162372618,0.28498409068153746,0.038028246404423816,0.6666666666666666,0.0,4.97794373025381,0.18244330530642153,0.7730937986123475,0.047026035470056675,0.06082836979738463,2,"[[2, 4], [2, 4], [3, 4], [2, 3]]","[true, true, true, true, true]",0,0.0,0,1,0.18599383299999772
figure_eight--neutral,figure_eight,neutral,1193,violation_safe,4.028918783366214,0.1532127162372618,0.1532127162372618,0.28498409068153746,0.038028246404423816,0.6666666666666666,0.0,4.97794373025381,0.18244330530642153,0.7730937986123475,0.047026035470056675,0.06082836979738463,2,"[[2, 4], [2, 4], [3, 4], [2, 3]]","[true, true, true, true, true]",0,4.0,0,1,0.18733295900000257
figure_eight--neutral,figure_eight,neutral,1193,dual_anchor_dynamic,4.028918783366214,0.1532127162372618,0.1532127162372618,0.28498409068153746,0.038028246404423816,0.6666666666666666,0.0,4.97794373025381,0.18244330530642153,0.7730937986123475,0.047026035470056675,0.06082836979738463,2,"[[2, 4], [2, 4], [3, 4], [2, 3]]","[true, true, true, true, true]",0,4.0,0,1,0.18785954199999821
figure_eight--neutral,figure_eight,neutral,1193,random_zones,4.028918783366214,0.4273854035910445,0.4273854035910445,0.37840477275766454,0.10607942889182752,0.6666666666666666,0.0,4.97794373025381,0.5563880941996752,0.7730937986123475,0.07178892445550283,0.09285926828589135,0,"[[1, 3], [1, 3], [1, 3], [1, 3]]","[true, true, true, true, true]",0,0.0,0,1,0.1947454159999893
figure_eight--neutral,figure_eight,neutral,1217,full_trajectory,7.410529934345368,0.4248749002359457,0.4248749002359457,0.32673795952916534,0.057333942916388526,0.6666666666666666,0.0,9.324076808251123,0.5348530675193383,1.3565082195010993,0.08360890157157838,0.061635381466636684,0,"[[0, 1, 2, 3, 4, 5], [0, 1, 2, 3, 4, 5], [0, 1, 2, 3, 4, 5], [0, 1, 2, 3, 4, 5]]","[true, true, true, true, true]",0,0.0,0,1,0.20374762499999122
figure_eight--neutral,figure_eight,neutral,1217,static_tolerance,7.410529934345368,0.7998245415368752,0.7998245415368752,0.37200292980281374,0.1079308158286969,0.6666666666666666,0.16666666666666666,9.324076808251123,1.054250190962152,1.3565082195010993,0.1401473386629702,0.10331477292081134,0,"[[4, 5], [4, 5], [4, 5], [4, 5]]","[true, true, true, true, true]",0,0.0,0,1,0.19890691700000218
figure_eight--neutral,figure_eight,neutral,1217,curvature_zones,7.410529934345368,0.47698157121530455,0.47698157121530455,0.30490712926306607,0.06436537945884975,0.6666666666666666,0.0,9.324076808251123,0.651872553740607,1.3565082195010993,0.11210312985195033,0.08264095140771056,0,"[[2, 4], [2, 4], [2, 4], [2, 4]]","[true, true, true, true, true]",0,0.0,0,1,0.21832591700000137
figure_eight--neutral,figure_eight,neutral,1217,error_peak_dynamic,7.410529934345368,0.3493994672056918,0.3493994672056918,0.29968995686999494,0.04714905280745717,0.6666666666666666,0.0,9.324076808251123,0.43501371130614824,1.3565082195010993,0.10419176922294368,0.07680880051081714,2,"[[2, 4], [2, 4], [3, 4], [2, 3]]","[true, true, true, true, true]",0,0.0,0,1,0.21090604199999063
figure_eight--neutral,figure_eight,neutral,1217,violation_dynamic,7.410529934345368,0.3493994672056918,0.3493994672056918,0.29968995686999494,0.04714905280745717,0.6666666666666666,0.0,9.324076808251123,0.43501371130614824,1.3565082195010993,0.10419176922294368,0.07680880051081714,2,"[[2, 4], [2, 4], [3, 4], [2, 3]]","[true, true, true, true, true]",0,0.0,0,1,0.21505674999998803
figure_eight--neutral,figure_eight,neutral,1217,violation_safe,7.410529934345368,0.3493994672056918,0.3493994672056918,0.29968995686999494,0.04714905280745717,0.6666666666666666,0.0,9.324076808251123,0.43501371130614824,1.3565082195010993,0.10419176922294368,0.07680880051081714,2,"[[2, 4], [2, 4], [3, 4], [2, 3]]","[true, true, true, true, true]",0,4.0,0,1,0.20781300000000158
figure_eight--neutral,figure_eight,neutral,1217,dual_anchor_dynamic,7.410529934345368,0.3493994672056918,0.3493994672056918,0.29968995686999494,0.04714905280745717,0.6666666666666666,0.0,9.324076808251123,0.43501371130614824,1.3565082195010993,0.10419176922294368,0.07680880051081714,2,"[[2, 4], [2, 4], [3, 4], [2, 3]]","[true, true, true, true, true]",0,4.0,0,1,0.20501241600000242
figure_eight--neutral,figure_eight,neutral,1217,random_zones,7.410529934345368,0.8004721022572514,0.8004721022572514,0.37213049037009116,0.10801819969005545,0.6666666666666666,0.16666666666666666,9.324076808251123,1.053501788377988,1.3565082195010993,0.14019506806093593,0.10334995840459948,0,"[[0, 4], [0, 4], [0, 4], [0, 4]]","[true, true, true, true, true]",0,0.0,0,1,0.1972363750000028
figure_eight--demand_aligned,figure_eight,demand_aligned,1103,full_trajectory,9.359717754703823,0.4437493465286751,0.4437493465286751,0.31237046353948816,0.04741054785606802,0.8333333333333334,0.0,11.979101125905599,0.5793468553133162,1.1970817850714048,0.06597612330969989,0.05511413182664414,0,"[[0, 1, 2, 3, 4, 5], [0, 1, 2, 3, 4, 5], [0, 1, 2, 3, 4, 5], [0, 1, 2, 3, 4, 5]]","[true, true, true, true, true]",0,0.0,0,1,0.2070699589999947
figure_eight--demand_aligned,figure_eight,demand_aligned,1103,static_tolerance,9.359717754703823,0.7398567440279552,0.7398567440279552,0.32075281573426345,0.07904690754762692,0.8333333333333334,0.0,11.979101125905599,0.9931922997891192,1.1970817850714048,0.31140461770740097,0.26013645983998157,0,"[[2, 4], [2, 4], [2, 4], [2, 4]]","[true, true, true, true, true]",0,0.0,0,1,0.16299529100000143
figure_eight--demand_aligned,figure_eight,demand_aligned,1103,curvature_zones,9.359717754703823,0.7398567440279552,0.7398567440279552,0.32075281573426345,0.07904690754762692,0.8333333333333334,0.0,11.979101125905599,0.9931922997891192,1.1970817850714048,0.31140461770740097,0.26013645983998157,0,"[[2, 4], [2, 4], [2, 4], [2, 4]]","[true, true, true, true, true]",0,0.0,0,1,0.15856104200000232
figure_eight--demand_aligned,figure_eight,demand_aligned,1103,error_peak_dynamic,9.359717754703823,0.5582305958890427,0.5582305958890427,0.3247075195733411,0.05964181939231,0.8333333333333334,0.0,11.979101125905599,0.7023058339547809,1.1970817850714048,0.23216414083375111,0.19394175379579662,3,"[[2, 4], [3, 4], [2, 3], [2, 5]]","[true, true, true, true, true]",0,0.0,0,1,0.1545428750000042
figure_eight--demand_aligned,figure_eight,demand_aligned,1103,violation_dynamic,9.359717754703823,0.44979923865594573,0.44979923865594573,0.32325940756725785,0.04805692334364404,0.8333333333333334,0.0,11.979101125905599,0.5209711072945847,1.1970817850714048,0.24686947799601366,0.20622607500563392,2,"[[2, 4], [3, 4], [2, 3], [2, 3]]","[true, true, true, true, true]",0,0.0,0,1,0.15261262500000328
figure_eight--demand_aligned,figure_eight,demand_aligned,1103,violation_safe,9.359717754703823,0.44979923865594573,0.44979923865594573,0.32325940756725785,0.04805692334364404,0.8333333333333334,0.0,11.979101125905599,0.5209711072945847,1.1970817850714048,0.24686947799601366,0.20622607500563392,2,"[[2, 4], [3, 4], [2, 3], [2, 3]]","[true, true, true, true, true]",0,4.0,0,1,0.15467287500000282
figure_eight--demand_aligned,figure_eight,demand_aligned,1103,dual_anchor_dynamic,9.359717754703823,0.348861677045912,0.348861677045912,0.2976784734027833,0.03727267062840522,0.8333333333333334,0.0,11.979101125905599,0.4355406226057044,1.1970817850714048,0.08297064839483533,0.06931076007466458,2,"[[2, 4], [3, 4], [2, 3], [2, 3]]","[true, true, true, true, true]",0,4.0,0,1,0.20167179100000965
figure_eight--demand_aligned,figure_eight,demand_aligned,1103,random_zones,9.359717754703823,1.6501908713057434,1.6501908713057434,0.4321638885384951,0.1763077599724012,0.8333333333333334,0.3333333333333333,11.979101125905599,2.2065307124478974,1.1970817850714048,0.19892609961086194,0.16617586374768553,0,"[[3, 5], [3, 5], [3, 5], [3, 5]]","[true, true, true, true, true]",0,0.0,0,1,0.17966975000000218
figure_eight--demand_aligned,figure_eight,demand_aligned,1129,full_trajectory,5.672742185279853,0.262758689420497,0.262758689420497,0.313845234733174,0.046319518997765693,0.8333333333333334,0.0,6.725924530662473,0.34840312176822447,0.9304838019758673,0.03590776479612048,0.03859042437909281,0,"[[0, 1, 2, 3, 4, 5], [0, 1, 2, 3, 4, 5], [0, 1, 2, 3, 4, 5], [0, 1, 2, 3, 4, 5]]","[true, true, true, true, true]",0,0.0,0,1,0.18557754200000431
figure_eight--demand_aligned,figure_eight,demand_aligned,1129,static_tolerance,5.672742185279853,0.5424457603789848,0.5424457603789848,0.364023073247225,0.09562319997312277,0.8333333333333334,0.0,6.725924530662473,0.6958420388228165,0.9304838019758673,0.2011874756236116,0.21621813856016972,0,"[[2, 4], [2, 4], [2, 4], [2, 4]]","[true, true, true, true, true]",0,0.0,0,1,0.14644637499999646
figure_eight--demand_aligned,figure_eight,demand_aligned,1129,curvature_zones,5.672742185279853,0.5424457603789848,0.5424457603789848,0.364023073247225,0.09562319997312277,0.8333333333333334,0.0,6.725924530662473,0.6958420388228165,0.9304838019758673,0.2011874756236116,0.21621813856016972,0,"[[2, 4], [2, 4], [2, 4], [2, 4]]","[true, true, true, true, true]",0,0.0,0,1,0.14801816599999995
figure_eight--demand_aligned,figure_eight,demand_aligned,1129,error_peak_dynamic,5.672742185279853,0.2757995768054472,0.2757995768054472,0.3824842474986368,0.048618387333222546,0.8333333333333334,0.0,6.725924530662473,0.3402246598745405,0.9304838019758673,0.13299783104818275,0.1429340637265947,2,"[[3, 4], [2, 3], [2, 3], [2, 5]]","[true, true, true, true, true]",0,0.0,0,1,0.1483739999999898
figure_eight--demand_aligned,figure_eight,demand_aligned,1129,violation_dynamic,5.672742185279853,0.2115693864061599,0.2115693864061599,0.381068922504537,0.03729578738042412,0.8333333333333334,0.0,6.725924530662473,0.23579171423038325,0.9304838019758673,0.1426354314485518,0.15329168669639145,1,"[[3, 4], [2, 3], [2, 3], [2, 3]]","[true, true, true, true, true]",0,0.0,0,1,0.14630750000000603
figure_eight--demand_aligned,figure_eight,demand_aligned,1129,violation_safe,5.672742185279853,0.2115693864061599,0.2115693864061599,0.381068922504537,0.03729578738042412,0.8333333333333334,0.0,6.725924530662473,0.23579171423038325,0.9304838019758673,0.1426354314485518,0.15329168669639145,1,"[[3, 4], [2, 3], [2, 3], [2, 3]]","[true, true, true, true, true]",0,4.0,0,1,0.1474776250000076
figure_eight--demand_aligned,figure_eight,demand_aligned,1129,dual_anchor_dynamic,5.672742185279853,0.1653184135302162,0.1653184135302162,0.30738137981200975,0.02914259244130633,0.8333333333333334,0.0,6.725924530662473,0.21590833798834966,0.9304838019758673,0.04772280454157413,0.051288162609854714,1,"[[3, 4], [2, 3], [2, 3], [2, 3]]","[true, true, true, true, true]",0,4.0,0,1,0.18929966700000023
figure_eight--demand_aligned,figure_eight,demand_aligned,1129,random_zones,5.672742185279853,0.7388864741788851,0.7388864741788851,0.4114718940243555,0.13025208092414545,0.8333333333333334,0.0,6.725924530662473,0.9478215413230602,0.9304838019758673,0.10072298913132756,0.10824797693140269,0,"[[0, 5], [0, 5], [0, 5], [0, 5]]","[true, true, true, true, true]",0,0.0,0,1,0.18742316599998787
figure_eight--demand_aligned,figure_eight,demand_aligned,1151,full_trajectory,7.287119500935655,0.2825001548613588,0.2825001548613588,0.3092158723885886,0.03876705395390953,0.6666666666666666,0.0,9.625618720631513,0.35299459309946024,0.8233151353495448,0.03826802522758031,0.04648041021538287,0,"[[0, 1, 2, 3, 4, 5], [0, 1, 2, 3, 4, 5], [0, 1, 2, 3, 4, 5], [0, 1, 2, 3, 4, 5]]","[true, true, true, true, true]",0,0.0,0,1,0.1976477080000052
figure_eight--demand_aligned,figure_eight,demand_aligned,1151,static_tolerance,7.287119500935655,0.35263140778160007,0.35263140778160007,0.28166942358668123,0.048391055990823634,0.6666666666666666,0.0,9.625618720631513,0.4480788456854848,0.8233151353495448,0.2021259421008183,0.2455025219656677,0,"[[2, 4], [2, 4], [2, 4], [2, 4]]","[true, true, true, true, true]",0,0.0,0,1,0.1544686250000069
figure_eight--demand_aligned,figure_eight,demand_aligned,1151,curvature_zones,7.287119500935655,0.35263140778160007,0.35263140778160007,0.28166942358668123,0.048391055990823634,0.6666666666666666,0.0,9.625618720631513,0.4480788456854848,0.8233151353495448,0.2021259421008183,0.2455025219656677,0,"[[2, 4], [2, 4], [2, 4], [2, 4]]","[true, true, true, true, true]",0,0.0,0,1,0.15124254200000564
figure_eight--demand_aligned,figure_eight,demand_aligned,1151,error_peak_dynamic,7.287119500935655,0.36042550116567273,0.36042550116567273,0.2899058565087842,0.049460627223060445,0.6666666666666666,0.0,9.625618720631513,0.42927867749248916,0.8233151353495448,0.157100263717364,0.19081425443571598,2,"[[2, 4], [2, 4], [1, 4], [1, 2]]","[true, true, true, true, true]",0,0.0,0,1,0.13466412500000047
figure_eight--demand_aligned,figure_eight,demand_aligned,1151,violation_dynamic,7.287119500935655,0.3325428224877156,0.3325428224877156,0.2894275694662433,0.04563433088273324,0.6666666666666666,0.0,9.625618720631513,0.4054008318506499,0.8233151353495448,0.18601953754679162,0.22593965489024515,2,"[[2, 4], [2, 4], [1, 4], [2, 4]]","[true, true, true, true, true]",0,0.0,0,1,0.1423281250000059
figure_eight--demand_aligned,figure_eight,demand_aligned,1151,violation_safe,7.287119500935655,0.3325428224877156,0.3325428224877156,0.2894275694662433,0.04563433088273324,0.6666666666666666,0.0,9.625618720631513,0.4054008318506499,0.8233151353495448,0.18601953754679162,0.22593965489024515,2,"[[2, 4], [2, 4], [1, 4], [2, 4]]","[true, true, true, true, true]",0,4.0,0,1,0.14420741699998985
figure_eight--demand_aligned,figure_eight,demand_aligned,1151,dual_anchor_dynamic,7.287119500935655,0.2316468735014282,0.2316468735014282,0.27446341870841784,0.03178853777156874,0.6666666666666666,0.0,9.625618720631513,0.3031312130812448,0.8233151353495448,0.0519379580369695,0.06308393445836367,1,"[[2, 4], [2, 4], [2, 4], [3, 4]]","[true, true, true, true, true]",0,4.0,0,1,0.19663450000000182
figure_eight--demand_aligned,figure_eight,demand_aligned,1151,random_zones,7.287119500935655,1.499489998550548,1.499489998550548,0.48456146454810783,0.2057726648174242,0.6666666666666666,0.3333333333333333,9.625618720631513,1.996172935285534,0.8233151353495448,0.15357137120622832,0.18652805543411807,0,"[[1, 3], [1, 3], [1, 3], [1, 3]]","[true, true, true, true, true]",0,0.0,0,1,0.16530529199999933
figure_eight--demand_aligned,figure_eight,demand_aligned,1171,full_trajectory,11.801111109136343,0.5554150800086053,0.5554150800086053,0.31789852488379844,0.047064642885923394,0.6666666666666666,0.0,15.463778982773103,0.7089968377734359,1.3789218721680057,0.08728698802942648,0.06330089455480882,0,"[[0, 1, 2, 3, 4, 5], [0, 1, 2, 3, 4, 5], [0, 1, 2, 3, 4, 5], [0, 1, 2, 3, 4, 5]]","[true, true, true, true, true]",0,0.0,0,1,0.20563041700000895
figure_eight--demand_aligned,figure_eight,demand_aligned,1171,static_tolerance,11.801111109136343,0.8412523453380325,0.8412523453380325,0.3100434342018065,0.07128585923462244,0.6666666666666666,0.16666666666666666,15.463778982773103,1.1204718047082587,1.3789218721680057,0.3645765173362366,0.26439243926346045,0,"[[2, 4], [2, 4], [2, 4], [2, 4]]","[true, true, true, true, true]",0,0.0,0,1,0.1527131670000017
figure_eight--demand_aligned,figure_eight,demand_aligned,1171,curvature_zones,11.801111109136343,0.8412523453380325,0.8412523453380325,0.3100434342018065,0.07128585923462244,0.6666666666666666,0.16666666666666666,15.463778982773103,1.1204718047082587,1.3789218721680057,0.3645765173362366,0.26439243926346045,0,"[[2, 4], [2, 4], [2, 4], [2, 4]]","[true, true, true, true, true]",0,0.0,0,1,0.1503110830000054
figure_eight--demand_aligned,figure_eight,demand_aligned,1171,error_peak_dynamic,11.801111109136343,0.7677022610759525,0.7677022610759525,0.30762789989451744,0.06505338810695566,0.6666666666666666,0.0,15.463778982773103,0.9698919010168123,1.3789218721680057,0.3078848986376683,0.22327943653080015,2,"[[2, 4], [2, 4], [3, 4], [1, 2]]","[true, true, true, true, true]",0,0.0,0,1,0.15409479100000567
figure_eight--demand_aligned,figure_eight,demand_aligned,1171,violation_dynamic,11.801111109136343,0.5753427297162523,0.5753427297162523,0.3055903848505868,0.048753267755510386,0.6666666666666666,0.0,15.463778982773103,0.666493277897365,1.3789218721680057,0.32036908873202413,0.23233302422589383,2,"[[2, 4], [2, 4], [3, 4], [2, 3]]","[true, true, true, true, true]",0,0.0,0,1,0.1574035419999973
figure_eight--demand_aligned,figure_eight,demand_aligned,1171,violation_safe,11.801111109136343,0.5753427297162523,0.5753427297162523,0.3055903848505868,0.048753267755510386,0.6666666666666666,0.0,15.463778982773103,0.666493277897365,1.3789218721680057,0.32036908873202413,0.23233302422589383,2,"[[2, 4], [2, 4], [3, 4], [2, 3]]","[true, true, true, true, true]",0,4.0,0,1,0.15901116700000273
figure_eight--demand_aligned,figure_eight,demand_aligned,1171,dual_anchor_dynamic,11.801111109136343,0.4606779159814759,0.4606779159814759,0.2941942467800243,0.03903682557694267,0.6666666666666666,0.0,15.463778982773103,0.5795900427667555,1.3789218721680057,0.10661807825157113,0.07731988331140269,2,"[[2, 4], [2, 4], [3, 4], [2, 3]]","[true, true, true, true, true]",0,4.0,0,1,0.19906666599999312
figure_eight--demand_aligned,figure_eight,demand_aligned,1171,random_zones,11.801111109136343,2.6141086573977645,2.6141086573977645,0.5398259098756546,0.22151377384913687,0.6666666666666666,0.3333333333333333,15.463778982773103,3.6122158082786746,1.3789218721680057,0.2980597657146061,0.2161542083932446,0,"[[0, 2], [0, 2], [0, 2], [0, 2]]","[true, true, true, true, true]",0,0.0,0,1,0.1347977080000078
figure_eight--demand_aligned,figure_eight,demand_aligned,1193,full_trajectory,6.524880197422142,0.23912036606088374,0.23912036606088374,0.30204424944404457,0.036647472263989726,0.6666666666666666,0.0,8.533617823292245,0.2858835065039703,0.7730937986123475,0.03632661651755842,0.0469886274896556,0,"[[0, 1, 2, 3, 4, 5], [0, 1, 2, 3, 4, 5], [0, 1, 2, 3, 4, 5], [0, 1, 2, 3, 4, 5]]","[true, true, true, true, true]",0,0.0,0,1,0.19684141700000168
figure_eight--demand_aligned,figure_eight,demand_aligned,1193,static_tolerance,6.524880197422142,0.3466225226394118,0.3466225226394118,0.2844668227986044,0.053123201062964476,0.6666666666666666,0.0,8.533617823292245,0.4422595536154738,0.7730937986123475,0.1877556750819186,0.2428627359563971,0,"[[2, 4], [2, 4], [2, 4], [2, 4]]","[true, true, true, true, true]",0,0.0,0,1,0.15047249999999224
figure_eight--demand_aligned,figure_eight,demand_aligned,1193,curvature_zones,6.524880197422142,0.3466225226394118,0.3466225226394118,0.2844668227986044,0.053123201062964476,0.6666666666666666,0.0,8.533617823292245,0.4422595536154738,0.7730937986123475,0.1877556750819186,0.2428627359563971,0,"[[2, 4], [2, 4], [2, 4], [2, 4]]","[true, true, true, true, true]",0,0.0,0,1,0.15507495800000015
figure_eight--demand_aligned,figure_eight,demand_aligned,1193,error_peak_dynamic,6.524880197422142,0.37061243889388806,0.37061243889388806,0.2902323022336738,0.05679988408680823,0.6666666666666666,0.0,8.533617823292245,0.45943627707315055,0.7730937986123475,0.13237046208747666,0.1712217357390176,2,"[[2, 4], [2, 4], [1, 3], [1, 2]]","[true, true, true, true, true]",0,0.0,0,1,0.1580459999999988
figure_eight--demand_aligned,figure_eight,demand_aligned,1193,violation_dynamic,6.524880197422142,0.3210553466343689,0.3210553466343689,0.2885231011357865,0.049204787968553335,0.6666666666666666,0.0,8.533617823292245,0.3799647071045657,0.7730937986123475,0.15417526317773236,0.19942633540000815,2,"[[2, 4], [2, 4], [3, 4], [1, 2]]","[true, true, true, true, true]",0,0.0,0,1,0.15294341700000302
figure_eight--demand_aligned,figure_eight,demand_aligned,1193,violation_safe,6.524880197422142,0.3210553466343689,0.3210553466343689,0.2885231011357865,0.049204787968553335,0.6666666666666666,0.0,8.533617823292245,0.3799647071045657,0.7730937986123475,0.15417526317773236,0.19942633540000815,2,"[[2, 4], [2, 4], [3, 4], [1, 2]]","[true, true, true, true, true]",0,4.0,0,1,0.27457787500000563
figure_eight--demand_aligned,figure_eight,demand_aligned,1193,dual_anchor_dynamic,6.524880197422142,0.19945404103939135,0.19945404103939135,0.2765987174184978,0.030568230374282107,0.6666666666666666,0.0,8.533617823292245,0.23975625543777113,0.7730937986123475,0.047026035470056675,0.06082836979738463,2,"[[2, 4], [2, 4], [3, 4], [2, 3]]","[true, true, true, true, true]",0,4.0,0,1,0.19490112500000123
figure_eight--demand_aligned,figure_eight,demand_aligned,1193,random_zones,6.524880197422142,1.0164633788626527,1.0164633788626527,0.45944677056621597,0.1557826884337644,0.6666666666666666,0.3333333333333333,8.533617823292245,1.2854787276688941,0.7730937986123475,0.1240856469888497,0.16050529342180117,0,"[[1, 5], [1, 5], [1, 5], [1, 5]]","[true, true, true, true, true]",0,0.0,0,1,0.18574966699999607
figure_eight--demand_aligned,figure_eight,demand_aligned,1217,full_trajectory,12.096832673460593,0.49938912599153445,0.49938912599153445,0.3241107167892456,0.04128263484103166,0.6666666666666666,0.0,15.984131671287637,0.5940893980306197,1.3565082195010993,0.08360890157157838,0.061635381466636684,0,"[[0, 1, 2, 3, 4, 5], [0, 1, 2, 3, 4, 5], [0, 1, 2, 3, 4, 5], [0, 1, 2, 3, 4, 5]]","[true, true, true, true, true]",0,0.0,0,1,0.22148649999999748
figure_eight--demand_aligned,figure_eight,demand_aligned,1217,static_tolerance,12.096832673460593,0.6787306408731166,0.6787306408731166,0.3002174298289595,0.056108128399774686,0.6666666666666666,0.0,15.984131671287637,0.8555869110803599,1.3565082195010993,0.36427429181945886,0.26853821199360867,0,"[[2, 4], [2, 4], [2, 4], [2, 4]]","[true, true, true, true, true]",0,0.0,0,1,0.16749845799999719
figure_eight--demand_aligned,figure_eight,demand_aligned,1217,curvature_zones,12.096832673460593,0.6787306408731166,0.6787306408731166,0.3002174298289595,0.056108128399774686,0.6666666666666666,0.0,15.984131671287637,0.8555869110803599,1.3565082195010993,0.36427429181945886,0.26853821199360867,0,"[[2, 4], [2, 4], [2, 4], [2, 4]]","[true, true, true, true, true]",0,0.0,0,1,0.16561683299997298
figure_eight--demand_aligned,figure_eight,demand_aligned,1217,error_peak_dynamic,12.096832673460593,0.5917306191729269,0.5917306191729269,0.3063932862163077,0.04891616137430196,0.6666666666666666,0.0,15.984131671287637,0.6920692183976875,1.3565082195010993,0.3083317725489768,0.22729812331131763,2,"[[2, 4], [2, 4], [1, 4], [2, 3]]","[true, true, true, true, true]",0,0.0,0,1,0.1479629579999937
figure_eight--demand_aligned,figure_eight,demand_aligned,1217,violation_dynamic,12.096832673460593,0.6515744290681891,0.6515744290681891,0.30339361432868206,0.05386322574318872,0.6666666666666666,0.0,15.984131671287637,0.7850599572324979,1.3565082195010993,0.3544662742318161,0.26130787055767546,2,"[[2, 4], [2, 4], [3, 4], [2, 4]]","[true, true, true, true, true]",0,0.0,0,1,0.1559160420000012
figure_eight--demand_aligned,figure_eight,demand_aligned,1217,violation_safe,12.096832673460593,0.6515744290681891,0.6515744290681891,0.30339361432868206,0.05386322574318872,0.6666666666666666,0.0,15.984131671287637,0.7850599572324979,1.3565082195010993,0.3544662742318161,0.26130787055767546,2,"[[2, 4], [2, 4], [3, 4], [2, 4]]","[true, true, true, true, true]",0,4.0,0,1,0.15489866600000823
figure_eight--demand_aligned,figure_eight,demand_aligned,1217,dual_anchor_dynamic,12.096832673460593,0.4330098156689243,0.4330098156689243,0.29354627256602545,0.03579530504864389,0.6666666666666666,0.0,15.984131671287637,0.5246914014265289,1.3565082195010993,0.10419176922294368,0.07680880051081714,2,"[[2, 4], [2, 4], [3, 4], [2, 3]]","[true, true, true, true, true]",0,4.0,0,1,0.20441487499999766
figure_eight--demand_aligned,figure_eight,demand_aligned,1217,random_zones,12.096832673460593,1.9766203546878074,1.9766203546878074,0.4714226870960126,0.16339982605730688,0.6666666666666666,0.3333333333333333,15.984131671287637,2.579622060641239,1.3565082195010993,0.23103945514777344,0.1703192445326618,0,"[[0, 1], [0, 1], [0, 1], [0, 1]]","[true, true, true, true, true]",0,0.0,0,1,0.15560216699998364
figure_eight--demand_conflict,figure_eight,demand_conflict,1103,full_trajectory,4.17338330727532,0.3411384406451521,0.3411384406451521,0.3664072716993352,0.08174145903407837,1.0,0.0,4.918644676274421,0.4552011006033198,1.1970817850714048,0.06597612330969989,0.05511413182664414,0,"[[0, 1, 2, 3, 4, 5], [0, 1, 2, 3, 4, 5], [0, 1, 2, 3, 4, 5], [0, 1, 2, 3, 4, 5]]","[true, true, true, true, true]",0,0.0,0,1,0.20163266599999474
figure_eight--demand_conflict,figure_eight,demand_conflict,1103,static_tolerance,4.17338330727532,2.032915355868877,2.032915355868877,0.7044282953276867,0.4871144599454748,1.0,0.5,4.918644676274421,2.582942041171458,1.1970817850714048,0.521867416796411,0.43594967637510423,0,"[[0, 5], [0, 5], [0, 5], [0, 5]]","[true, true, true, true, true]",0,0.0,0,1,0.1588475410000001
figure_eight--demand_conflict,figure_eight,demand_conflict,1103,curvature_zones,4.17338330727532,0.4341627401050704,0.4341627401050704,0.3876564186265011,0.10403135972394602,1.0,0.0,4.918644676274421,0.5942193370834463,1.1970817850714048,0.10537489382242694,0.0880264783380205,0,"[[2, 4], [2, 4], [2, 4], [2, 4]]","[true, true, true, true, true]",0,0.0,0,1,0.1934505829999864
figure_eight--demand_conflict,figure_eight,demand_conflict,1103,error_peak_dynamic,4.17338330727532,0.2675593816538838,0.2675593816538838,0.3620368068217679,0.0641109052186643,1.0,0.0,4.918644676274421,0.32814367203430034,1.1970817850714048,0.10959086317584726,0.09154835078315912,2,"[[2, 4], [3, 4], [2, 3], [2, 3]]","[true, true, true, true, true]",0,0.0,0,1,0.1747351250000122
figure_eight--demand_conflict,figure_eight,demand_conflict,1103,violation_dynamic,4.17338330727532,0.2722432271159755,0.2722432271159755,0.35081999636573463,0.06523321896682313,1.0,0.0,4.918644676274421,0.31505760499804947,1.1970817850714048,0.12673529698720434,0.10587020750603493,2,"[[2, 3], [3, 4], [2, 3], [2, 3]]","[true, true, true, true, true]",0,0.0,0,1,0.15990516700000512
figure_eight--demand_conflict,figure_eight,demand_conflict,1103,violation_safe,4.17338330727532,0.2722432271159755,0.2722432271159755,0.35081999636573463,0.06523321896682313,1.0,0.0,4.918644676274421,0.31505760499804947,1.1970817850714048,0.12673529698720434,0.10587020750603493,2,"[[2, 3], [3, 4], [2, 3], [2, 3]]","[true, true, true, true, true]",0,4.0,0,1,0.16308716600002526
figure_eight--demand_conflict,figure_eight,demand_conflict,1103,dual_anchor_dynamic,4.17338330727532,0.26962880260168476,0.26962880260168476,0.35964350963204,0.06460676692017478,1.0,0.0,4.918644676274421,0.3422104891901963,1.1970817850714048,0.08297064839483533,0.06931076007466458,2,"[[2, 4], [3, 4], [2, 3], [2, 3]]","[true, true, true, true, true]",0,4.0,0,1,0.20295295899998678
figure_eight--demand_conflict,figure_eight,demand_conflict,1103,random_zones,4.17338330727532,1.1038830529873742,1.1038830529873742,0.5343452049633809,0.2645055514222745,1.0,0.16666666666666666,4.918644676274421,1.503063037327024,1.1970817850714048,0.26438761098309177,0.22086010687007596,0,"[[3, 5], [3, 5], [3, 5], [3, 5]]","[true, true, true, true, true]",0,0.0,0,1,0.16920670899997958
figure_eight--demand_conflict,figure_eight,demand_conflict,1129,full_trajectory,4.208838254666937,0.20182370432336402,0.20182370432336402,0.31645767545494785,0.047952354571852075,1.0,0.0,5.284654988377657,0.2737453099607478,0.9304838019758673,0.03590776479612048,0.03859042437909281,0,"[[0, 1, 2, 3, 4, 5], [0, 1, 2, 3, 4, 5], [0, 1, 2, 3, 4, 5], [0, 1, 2, 3, 4, 5]]","[true, true, true, true, true]",0,0.0,0,1,0.1880618750000167
figure_eight--demand_conflict,figure_eight,demand_conflict,1129,static_tolerance,4.208838254666937,1.524722788626033,1.524722788626033,0.6084031837238103,0.36226690035792086,1.0,0.3333333333333333,5.284654988377657,1.9168483283099245,0.9304838019758673,0.36215648623964625,0.38921310126045483,0,"[[0, 5], [0, 5], [0, 5], [0, 5]]","[true, true, true, true, true]",0,0.0,0,1,0.1610313749999932
figure_eight--demand_conflict,figure_eight,demand_conflict,1129,curvature_zones,4.208838254666937,0.2780013315804364,0.2780013315804364,0.3407216863640876,0.06605179737476886,1.0,0.0,5.284654988377657,0.38169215952198754,0.9304838019758673,0.06147688900146731,0.0660698110713181,0,"[[2, 4], [2, 4], [2, 4], [2, 4]]","[true, true, true, true, true]",0,0.0,0,1,0.19795550000000617
figure_eight--demand_conflict,figure_eight,demand_conflict,1129,error_peak_dynamic,4.208838254666937,0.13734754825849174,0.13734754825849174,0.29984798054717104,0.03263312580524923,1.0,0.0,5.284654988377657,0.15972481355639553,0.9304838019758673,0.07111546627173179,0.07642848389270103,1,"[[3, 4], [2, 3], [2, 3], [2, 3]]","[true, true, true, true, true]",0,0.0,0,1,0.1694595000000163
figure_eight--demand_conflict,figure_eight,demand_conflict,1129,violation_dynamic,4.208838254666937,0.21427052465997626,0.21427052465997626,0.3003885988341425,0.05090966002848507,1.0,0.0,5.284654988377657,0.26294693960316534,0.9304838019758673,0.0994714839734011,0.10690297215510362,3,"[[2, 3], [3, 5], [2, 3], [0, 3]]","[true, true, true, true, true]",0,0.0,0,1,0.19903816699999766
figure_eight--demand_conflict,figure_eight,demand_conflict,1129,violation_safe,4.208838254666937,0.21427052465997626,0.21427052465997626,0.3003885988341425,0.05090966002848507,1.0,0.0,5.284654988377657,0.26294693960316534,0.9304838019758673,0.0994714839734011,0.10690297215510362,3,"[[2, 3], [3, 5], [2, 3], [0, 3]]","[true, true, true, true, true]",0,4.0,0,1,0.25999958400001333
figure_eight--demand_conflict,figure_eight,demand_conflict,1129,dual_anchor_dynamic,4.208838254666937,0.1327155010145734,0.1327155010145734,0.2971888196186386,0.031532573357365985,1.0,0.0,5.284654988377657,0.1696422655622747,0.9304838019758673,0.04772280454157413,0.051288162609854714,1,"[[3, 4], [2, 3], [2, 3], [2, 3]]","[true, true, true, true, true]",0,4.0,0,1,0.1982734999999991
figure_eight--demand_conflict,figure_eight,demand_conflict,1129,random_zones,4.208838254666937,1.2373978818999491,1.2373978818999491,0.5607803299060997,0.2939998657653024,1.0,0.3333333333333333,5.284654988377657,1.6026502187092206,0.9304838019758673,0.3015240888057674,0.3240508734977287,0,"[[0, 1], [0, 1], [0, 1], [0, 1]]","[true, true, true, true, true]",0,0.0,0,1,0.15604874999999652
figure_eight--demand_conflict,figure_eight,demand_conflict,1151,full_trajectory,2.8159722722608693,0.14027932853244598,0.14027932853244598,0.30654540068386765,0.049815592970956155,0.6666666666666666,0.0,3.414345480351142,0.16743565099922064,0.8233151353495448,0.03826802522758031,0.04648041021538287,0,"[[0, 1, 2, 3, 4, 5], [0, 1, 2, 3, 4, 5], [0, 1, 2, 3, 4, 5], [0, 1, 2, 3, 4, 5]]","[true, true, true, true, true]",0,0.0,0,1,0.21114258299999733
figure_eight--demand_conflict,figure_eight,demand_conflict,1151,static_tolerance,2.8159722722608693,1.2580953745445587,1.2580953745445587,0.6793764191219888,0.4467712224788589,0.6666666666666666,0.3333333333333333,3.414345480351142,1.6041756766567992,0.8233151353495448,0.34192645495450785,0.41530446881599026,0,"[[0, 5], [0, 5], [0, 5], [0, 5]]","[true, true, true, true, true]",0,0.0,0,1,0.1299695829999905
figure_eight--demand_conflict,figure_eight,demand_conflict,1151,curvature_zones,2.8159722722608693,0.16453844139794455,0.16453844139794455,0.2811163587751653,0.05843041958145454,0.6666666666666666,0.0,3.414345480351142,0.21701579175674687,0.8233151353495448,0.05992296266210687,0.07278253500910817,0,"[[2, 4], [2, 4], [2, 4], [2, 4]]","[true, true, true, true, true]",0,0.0,0,1,0.19007720799999106
figure_eight--demand_conflict,figure_eight,demand_conflict,1151,error_peak_dynamic,2.8159722722608693,0.13329928419158532,0.13329928419158532,0.27972966378201475,0.04733685963625021,0.6666666666666666,0.0,3.414345480351142,0.16291089582308096,0.8233151353495448,0.061708693751353585,0.07495148710603344,1,"[[2, 4], [2, 4], [2, 4], [3, 4]]","[true, true, true, true, true]",0,0.0,0,1,0.1807221249999884
figure_eight--demand_conflict,figure_eight,demand_conflict,1151,violation_dynamic,2.8159722722608693,0.13192357760711193,0.13192357760711193,0.2783505993865964,0.04684832265808995,0.6666666666666666,0.0,3.414345480351142,0.15962469790131867,0.8233151353495448,0.06588956405803512,0.08002957947573888,2,"[[2, 4], [2, 4], [2, 3], [3, 4]]","[true, true, true, true, true]",0,0.0,0,1,0.17801120800001513
figure_eight--demand_conflict,figure_eight,demand_conflict,1151,violation_safe,2.8159722722608693,0.13192357760711193,0.13192357760711193,0.2783505993865964,0.04684832265808995,0.6666666666666666,0.0,3.414345480351142,0.15962469790131867,0.8233151353495448,0.06588956405803512,0.08002957947573888,2,"[[2, 4], [2, 4], [2, 3], [3, 4]]","[true, true, true, true, true]",0,4.0,0,1,0.1796327920000067
figure_eight--demand_conflict,figure_eight,demand_conflict,1151,dual_anchor_dynamic,2.8159722722608693,0.12570601708902945,0.12570601708902945,0.2794397705226028,0.04464036039250608,0.6666666666666666,0.0,3.414345480351142,0.1515656065406224,0.8233151353495448,0.0519379580369695,0.06308393445836367,1,"[[2, 4], [2, 4], [2, 4], [3, 4]]","[true, true, true, true, true]",0,4.0,0,1,0.19448479199999724
figure_eight--demand_conflict,figure_eight,demand_conflict,1151,random_zones,2.8159722722608693,0.8903946488624592,0.8903946488624592,0.5818626663650122,0.3161943949638343,0.6666666666666666,0.16666666666666666,3.414345480351142,1.2393764350046244,0.8233151353495448,0.213353129915117,0.25913908387526036,0,"[[0, 4], [0, 4], [0, 4], [0, 4]]","[true, true, true, true, true]",0,0.0,0,1,0.15628412500001332
figure_eight--demand_conflict,figure_eight,demand_conflict,1171,full_trajectory,4.7804278443990675,0.4253811702124966,0.4253811702124966,0.3499623512129273,0.08898391191300785,0.6666666666666666,0.0,5.8553278291546915,0.5570689439648425,1.3789218721680057,0.08728698802942648,0.06330089455480882,0,"[[0, 1, 2, 3, 4, 5], [0, 1, 2, 3, 4, 5], [0, 1, 2, 3, 4, 5], [0, 1, 2, 3, 4, 5]]","[true, true, true, true, true]",0,0.0,0,1,0.20757887500002425
figure_eight--demand_conflict,figure_eight,demand_conflict,1171,static_tolerance,4.7804278443990675,2.2633917129077155,2.2633917129077155,0.6973512639384485,0.47347053163025815,0.6666666666666666,0.5,5.8553278291546915,2.8910852609474964,1.3789218721680057,0.6031045367836978,0.4373739723451254,0,"[[0, 5], [0, 5], [0, 5], [0, 5]]","[true, true, true, true, true]",0,0.0,0,1,0.1651822080000045
figure_eight--demand_conflict,figure_eight,demand_conflict,1171,curvature_zones,4.7804278443990675,0.5234751662334438,0.5234751662334438,0.352120093624525,0.1095038317222521,0.6666666666666666,0.0,5.8553278291546915,0.7093773396579682,1.3789218721680057,0.13042399937022714,0.094584038445317,0,"[[2, 4], [2, 4], [2, 4], [2, 4]]","[true, true, true, true, true]",0,0.0,0,1,0.2058632080000109
figure_eight--demand_conflict,figure_eight,demand_conflict,1171,error_peak_dynamic,4.7804278443990675,0.3522331627034347,0.3522331627034347,0.3382844092714384,0.07368235107159385,0.6666666666666666,0.0,5.8553278291546915,0.44224669676967515,1.3789218721680057,0.12935173685483672,0.0938064291136842,2,"[[2, 4], [2, 4], [3, 4], [2, 3]]","[true, true, true, true, true]",0,0.0,0,1,0.18422345799999107
figure_eight--demand_conflict,figure_eight,demand_conflict,1171,violation_dynamic,4.7804278443990675,0.3337172733166409,0.3337172733166409,0.32867551153717234,0.0698090807306373,0.6666666666666666,0.0,5.8553278291546915,0.4015596463297908,1.3789218721680057,0.13954070998384488,0.10119551571435474,3,"[[2, 4], [2, 3], [3, 4], [2, 3]]","[true, true, true, true, true]",0,0.0,0,1,0.213509375000001
figure_eight--demand_conflict,figure_eight,demand_conflict,1171,violation_safe,4.7804278443990675,0.3337172733166409,0.3337172733166409,0.32867551153717234,0.0698090807306373,0.6666666666666666,0.0,5.8553278291546915,0.4015596463297908,1.3789218721680057,0.13954070998384488,0.10119551571435474,3,"[[2, 4], [2, 3], [3, 4], [2, 3]]","[true, true, true, true, true]",0,4.0,0,1,0.2232636249999871
figure_eight--demand_conflict,figure_eight,demand_conflict,1171,dual_anchor_dynamic,4.7804278443990675,0.3550364243274676,0.3550364243274676,0.32937065391987275,0.07426875499092449,0.6666666666666666,0.0,5.8553278291546915,0.44168448093180596,1.3789218721680057,0.1079435248049595,0.07828110278303559,2,"[[2, 4], [3, 4], [2, 3], [2, 3]]","[true, true, true, true, true]",0,4.0,0,1,0.27768850000001066
figure_eight--demand_conflict,figure_eight,demand_conflict,1171,random_zones,4.7804278443990675,0.9184450700495277,0.9184450700495277,0.4580518992510212,0.19212612342336954,0.6666666666666666,0.16666666666666666,5.8553278291546915,1.17637675607194,1.3789218721680057,0.26378591514832755,0.19129866635126394,0,"[[1, 3], [1, 3], [1, 3], [1, 3]]","[true, true, true, true, true]",0,0.0,0,1,0.1753507079999963
figure_eight--demand_conflict,figure_eight,demand_conflict,1193,full_trajectory,2.6748604001988356,0.15804376594145708,0.15804376594145708,0.313382318741932,0.05908486511285183,0.6666666666666666,0.0,3.255642061585392,0.19994018246861087,0.7730937986123475,0.03632661651755842,0.0469886274896556,0,"[[0, 1, 2, 3, 4, 5], [0, 1, 2, 3, 4, 5], [0, 1, 2, 3, 4, 5], [0, 1, 2, 3, 4, 5]]","[true, true, true, true, true]",0,0.0,0,1,0.20613800000000992
figure_eight--demand_conflict,figure_eight,demand_conflict,1193,static_tolerance,2.6748604001988356,1.2343708227211034,1.2343708227211034,0.6892710307672469,0.461471119251437,0.6666666666666666,0.3333333333333333,3.255642061585392,1.594369797988626,0.7730937986123475,0.3206889921859548,0.41481252696835813,0,"[[0, 5], [0, 5], [0, 5], [0, 5]]","[true, true, true, true, true]",0,0.0,0,1,0.14142933299999072
figure_eight--demand_conflict,figure_eight,demand_conflict,1193,curvature_zones,2.6748604001988356,0.19987143498375404,0.19987143498375404,0.3046811792157833,0.07472219296711581,0.6666666666666666,0.0,3.255642061585392,0.2689986232486282,0.7730937986123475,0.05746985254952017,0.07433749003377697,0,"[[2, 4], [2, 4], [2, 4], [2, 4]]","[true, true, true, true, true]",0,0.0,0,1,0.1793144170000005
figure_eight--demand_conflict,figure_eight,demand_conflict,1193,error_peak_dynamic,2.6748604001988356,0.12920575008190283,0.12920575008190283,0.2957754921576111,0.048303735803295875,0.6666666666666666,0.0,3.255642061585392,0.14919872807093293,0.7730937986123475,0.05950819397757272,0.076974093032936,2,"[[2, 4], [2, 4], [3, 4], [2, 3]]","[true, true, true, true, true]",0,0.0,0,1,0.1569024580000189
figure_eight--demand_conflict,figure_eight,demand_conflict,1193,violation_dynamic,2.6748604001988356,0.12115870024561101,0.12115870024561101,0.2954165741773235,0.04529533587495059,0.6666666666666666,0.0,3.255642061585392,0.1382748718822075,0.7730937986123475,0.059442945466571376,0.07688969381628406,2,"[[2, 4], [2, 4], [2, 3], [3, 4]]","[true, true, true, true, true]",0,0.0,0,1,0.16280883300001392
figure_eight--demand_conflict,figure_eight,demand_conflict,1193,violation_safe,2.6748604001988356,0.12115870024561101,0.12115870024561101,0.2954165741773235,0.04529533587495059,0.6666666666666666,0.0,3.255642061585392,0.1382748718822075,0.7730937986123475,0.059442945466571376,0.07688969381628406,2,"[[2, 4], [2, 4], [2, 3], [3, 4]]","[true, true, true, true, true]",0,4.0,0,1,0.2828899580000268
figure_eight--demand_conflict,figure_eight,demand_conflict,1193,dual_anchor_dynamic,2.6748604001988356,0.12961420953688857,0.12961420953688857,0.2945577082197589,0.04845643889574712,0.6666666666666666,0.0,3.255642061585392,0.15637997597693273,0.7730937986123475,0.047026035470056675,0.06082836979738463,2,"[[2, 4], [2, 4], [3, 4], [2, 3]]","[true, true, true, true, true]",0,4.0,0,1,0.2238705409999966
figure_eight--demand_conflict,figure_eight,demand_conflict,1193,random_zones,2.6748604001988356,0.5044017778904087,0.5044017778904087,0.4487508654016386,0.18857125323359455,0.6666666666666666,0.0,3.255642061585392,0.6594948345513084,0.7730937986123475,0.13599557744084984,0.17591083732006768,0,"[[1, 3], [1, 3], [1, 3], [1, 3]]","[true, true, true, true, true]",0,0.0,0,1,0.16801037499999438
figure_eight--demand_conflict,figure_eight,demand_conflict,1217,full_trajectory,4.659222135946728,0.3537903790674527,0.3537903790674527,0.32909476067590215,0.0759333572739314,0.6666666666666666,0.0,5.706923206905959,0.45844548644514693,1.3565082195010993,0.08360890157157838,0.061635381466636684,0,"[[0, 1, 2, 3, 4, 5], [0, 1, 2, 3, 4, 5], [0, 1, 2, 3, 4, 5], [0, 1, 2, 3, 4, 5]]","[true, true, true, true, true]",0,0.0,0,1,0.21300458400000366
figure_eight--demand_conflict,figure_eight,demand_conflict,1217,static_tolerance,4.659222135946728,2.1727111398540084,2.1727111398540084,0.6920865614680144,0.466324866352938,0.6666666666666666,0.5,5.706923206905959,2.763090481606475,1.3565082195010993,0.5973823577845754,0.44038240918605154,0,"[[0, 5], [0, 5], [0, 5], [0, 5]]","[true, true, true, true, true]",0,0.0,0,1,0.1581102499999929
figure_eight--demand_conflict,figure_eight,demand_conflict,1217,curvature_zones,4.659222135946728,0.41239522453296207,0.41239522453296207,0.317816686824682,0.08851160397596403,0.6666666666666666,0.0,5.706923206905959,0.5643818037796072,1.3565082195010993,0.1241790551846736,0.09154316457466402,0,"[[2, 4], [2, 4], [2, 4], [2, 4]]","[true, true, true, true, true]",0,0.0,0,1,0.20720554199999697
figure_eight--demand_conflict,figure_eight,demand_conflict,1217,error_peak_dynamic,4.659222135946728,0.2879699959563137,0.2879699959563137,0.3082974716473997,0.061806453428046255,0.6666666666666666,0.0,5.706923206905959,0.36108864850339545,1.3565082195010993,0.12840041201707802,0.09465509325428305,2,"[[2, 4], [2, 4], [3, 4], [2, 3]]","[true, true, true, true, true]",0,0.0,0,1,0.18555562500000633
figure_eight--demand_conflict,figure_eight,demand_conflict,1217,violation_dynamic,4.659222135946728,0.2879699959563137,0.2879699959563137,0.3082974716473997,0.061806453428046255,0.6666666666666666,0.0,5.706923206905959,0.36108864850339545,1.3565082195010993,0.12840041201707802,0.09465509325428305,2,"[[2, 4], [2, 4], [3, 4], [2, 3]]","[true, true, true, true, true]",0,0.0,0,1,0.18422345900000892
figure_eight--demand_conflict,figure_eight,demand_conflict,1217,violation_safe,4.659222135946728,0.2879699959563137,0.2879699959563137,0.3082974716473997,0.061806453428046255,0.6666666666666666,0.0,5.706923206905959,0.36108864850339545,1.3565082195010993,0.12840041201707802,0.09465509325428305,2,"[[2, 4], [2, 4], [3, 4], [2, 3]]","[true, true, true, true, true]",0,4.0,0,1,0.18356162500001005
figure_eight--demand_conflict,figure_eight,demand_conflict,1217,dual_anchor_dynamic,4.659222135946728,0.2915399210412666,0.2915399210412666,0.30765636614812303,0.06257265967037377,0.6666666666666666,0.0,5.706923206905959,0.37286889540526985,1.3565082195010993,0.10419176922294368,0.07680880051081714,2,"[[2, 4], [2, 4], [3, 4], [2, 3]]","[true, true, true, true, true]",0,4.0,0,1,0.22453325000000746
figure_eight--demand_conflict,figure_eight,demand_conflict,1217,random_zones,4.659222135946728,2.1727111398540084,2.1727111398540084,0.6920865614680144,0.466324866352938,0.6666666666666666,0.5,5.706923206905959,2.763090481606475,1.3565082195010993,0.5973823577845754,0.44038240918605154,0,"[[0, 5], [0, 5], [0, 5], [0, 5]]","[true, true, true, true, true]",0,0.0,0,1,0.15915333300000611
s_curve--neutral,s_curve,neutral,1103,full_trajectory,3.425359330397418,0.5374827815598852,0.5374827815598852,0.40022178134020414,0.15691281693869039,0.6666666666666666,0.0,4.558307697189551,0.7183273834780259,0.5118544339507606,0.10621634577403291,0.2075127980316582,0,"[[0, 1, 2, 3, 4, 5], [0, 1, 2, 3, 4, 5], [0, 1, 2, 3, 4, 5], [0, 1, 2, 3, 4, 5]]","[true, true, true, true, true]",0,0.0,0,1,0.24203433299999233
s_curve--neutral,s_curve,neutral,1103,static_tolerance,3.425359330397418,0.8627196340815668,0.8627196340815668,0.4176874695840851,0.25186252035679774,0.6666666666666666,0.16666666666666666,4.558307697189551,1.2011406298099936,0.5118544339507606,0.18127012494982753,0.3541438989805945,0,"[[4, 5], [4, 5], [4, 5], [4, 5]]","[true, true, true, true, true]",0,0.0,0,1,0.20799074999999334
s_curve--neutral,s_curve,neutral,1103,curvature_zones,3.425359330397418,0.2963487061970386,0.2963487061970386,0.32778294087983273,0.08651609294451906,0.6666666666666666,0.0,4.558307697189551,0.37715832206638117,0.5118544339507606,0.16314326547823688,0.3187298080413443,0,"[[2, 4], [2, 4], [2, 4], [2, 4]]","[true, true, true, true, true]",0,0.0,0,1,0.21698312500001293
s_curve--neutral,s_curve,neutral,1103,error_peak_dynamic,3.425359330397418,0.38609053381755953,0.38609053381755953,0.3471826851306852,0.112715337743198,0.6666666666666666,0.0,4.558307697189551,0.4798745863221277,0.5118544339507606,0.15833656621823802,0.3093390536760881,2,"[[3, 4], [2, 4], [2, 4], [2, 3]]","[true, true, true, true, true]",0,0.0,0,1,0.2070313750000139
s_curve--neutral,s_curve,neutral,1103,violation_dynamic,3.425359330397418,0.38609053381755953,0.38609053381755953,0.3471826851306852,0.112715337743198,0.6666666666666666,0.0,4.558307697189551,0.4798745863221277,0.5118544339507606,0.15833656621823802,0.3093390536760881,2,"[[3, 4], [2, 4], [2, 4], [2, 3]]","[true, true, true, true, true]",0,0.0,0,1,0.20763412499999845
s_curve--neutral,s_curve,neutral,1103,violation_safe,3.425359330397418,0.38609053381755953,0.38609053381755953,0.3471826851306852,0.112715337743198,0.6666666666666666,0.0,4.558307697189551,0.4798745863221277,0.5118544339507606,0.15833656621823802,0.3093390536760881,2,"[[3, 4], [2, 4], [2, 4], [2, 3]]","[true, true, true, true, true]",0,4.0,0,1,0.2035115420000011
s_curve--neutral,s_curve,neutral,1103,dual_anchor_dynamic,3.425359330397418,0.38609053381755953,0.38609053381755953,0.3471826851306852,0.112715337743198,0.6666666666666666,0.0,4.558307697189551,0.4798745863221277,0.5118544339507606,0.15833656621823802,0.3093390536760881,2,"[[3, 4], [2, 4], [2, 4], [2, 3]]","[true, true, true, true, true]",0,4.0,0,1,0.20216208400000824
s_curve--neutral,s_curve,neutral,1103,random_zones,3.425359330397418,0.785683561563971,0.785683561563971,0.4854052296903191,0.22937259591764178,0.6666666666666666,0.16666666666666666,4.558307697189551,1.09035148698383,0.5118544339507606,0.17580722668360274,0.3434711414466619,0,"[[2, 3], [2, 3], [2, 3], [2, 3]]","[true, true, true, true, true]",0,0.0,0,1,0.20670112500002347
s_curve--neutral,s_curve,neutral,1129,full_trajectory,2.4065682409982623,0.21137042374937806,0.21137042374937806,0.3371082420590999,0.0878306378969333,0.6666666666666666,0.0,2.9564033433539323,0.27650136866389363,0.41004109263105987,0.04291226893151484,0.10465358156219173,0,"[[0, 1, 2, 3, 4, 5], [0, 1, 2, 3, 4, 5], [0, 1, 2, 3, 4, 5], [0, 1, 2, 3, 4, 5]]","[true, true, true, true, true]",0,0.0,0,1,0.204454625000011
s_curve--neutral,s_curve,neutral,1129,static_tolerance,2.4065682409982623,0.41790569148954404,0.41790569148954404,0.3649545901834265,0.17365212603162822,0.6666666666666666,0.0,2.9564033433539323,0.5817959997937321,0.41004109263105987,0.08660700836630823,0.21121543650805283,0,"[[4, 5], [4, 5], [4, 5], [4, 5]]","[true, true, true, true, true]",0,0.0,0,1,0.19196887499998638
s_curve--neutral,s_curve,neutral,1129,curvature_zones,2.4065682409982623,0.11592487907620759,0.11592487907620759,0.2885957019374922,0.048170202324335956,0.6666666666666666,0.0,2.9564033433539323,0.13942384752583178,0.41004109263105987,0.0757533328527257,0.18474571015955665,0,"[[2, 4], [2, 4], [2, 4], [2, 4]]","[true, true, true, true, true]",0,0.0,0,1,0.17348004099997638
s_curve--neutral,s_curve,neutral,1129,error_peak_dynamic,2.4065682409982623,0.19671203811079657,0.19671203811079657,0.33312249784219544,0.0817396468380215,0.6666666666666666,0.0,2.9564033433539323,0.24247788357645117,0.41004109263105987,0.07741087077173842,0.18878808042146625,2,"[[3, 4], [3, 4], [2, 4], [2, 3]]","[true, true, true, true, true]",0,0.0,0,1,0.18542270800000438
s_curve--neutral,s_curve,neutral,1129,violation_dynamic,2.4065682409982623,0.19671203811079657,0.19671203811079657,0.33312249784219544,0.0817396468380215,0.6666666666666666,0.0,2.9564033433539323,0.24247788357645117,0.41004109263105987,0.07741087077173842,0.18878808042146625,2,"[[3, 4], [3, 4], [2, 4], [2, 3]]","[true, true, true, true, true]",0,0.0,0,1,0.18659150000002
s_curve--neutral,s_curve,neutral,1129,violation_safe,2.4065682409982623,0.19671203811079657,0.19671203811079657,0.33312249784219544,0.0817396468380215,0.6666666666666666,0.0,2.9564033433539323,0.24247788357645117,0.41004109263105987,0.07741087077173842,0.18878808042146625,2,"[[3, 4], [3, 4], [2, 4], [2, 3]]","[true, true, true, true, true]",0,4.0,0,1,0.1881626249999897
s_curve--neutral,s_curve,neutral,1129,dual_anchor_dynamic,2.4065682409982623,0.19671203811079657,0.19671203811079657,0.33312249784219544,0.0817396468380215,0.6666666666666666,0.0,2.9564033433539323,0.24247788357645117,0.41004109263105987,0.07741087077173842,0.18878808042146625,2,"[[3, 4], [3, 4], [2, 4], [2, 3]]","[true, true, true, true, true]",0,4.0,0,1,0.1878158329999735
s_curve--neutral,s_curve,neutral,1129,random_zones,2.4065682409982623,0.420445233157123,0.420445233157123,0.3657877475418348,0.17470738040767927,0.6666666666666666,0.0,2.9564033433539323,0.5855432629476904,0.41004109263105987,0.08546835519019098,0.20843851195931798,0,"[[1, 4], [1, 4], [1, 4], [1, 4]]","[true, true, true, true, true]",0,0.0,0,1,0.18745441699999787
s_curve--neutral,s_curve,neutral,1151,full_trajectory,2.0677571955846688,0.32098889754483867,0.32098889754483867,0.4037910934465261,0.1552352946614109,0.5,0.0,2.744199685252157,0.43097654827582876,0.3432354101658186,0.06166379239049413,0.17965451863111698,0,"[[0, 1, 2, 3, 4, 5], [0, 1, 2, 3, 4, 5], [0, 1, 2, 3, 4, 5], [0, 1, 2, 3, 4, 5]]","[true, true, true, true, true]",0,0.0,0,1,0.2105170840000028
s_curve--neutral,s_curve,neutral,1151,static_tolerance,2.0677571955846688,0.5633857725117626,0.5633857725117626,0.44830218479835465,0.27246224736384606,0.5,0.0,2.744199685252157,0.7870524143365182,0.3432354101658186,0.11638159972778803,0.3390722410358638,0,"[[4, 5], [4, 5], [4, 5], [4, 5]]","[true, true, true, true, true]",0,0.0,0,1,0.19267337499999826
s_curve--neutral,s_curve,neutral,1151,curvature_zones,2.0677571955846688,0.16995869058002216,0.16995869058002216,0.31527526248866805,0.08219470397343509,0.5,0.0,2.744199685252157,0.2178220009700713,0.3432354101658186,0.10146962296853362,0.2956269078400541,0,"[[2, 4], [2, 4], [2, 4], [2, 4]]","[true, true, true, true, true]",0,0.0,0,1,0.19438029200000528
s_curve--neutral,s_curve,neutral,1151,error_peak_dynamic,2.0677571955846688,0.16995869058002216,0.16995869058002216,0.31527526248866805,0.08219470397343509,0.5,0.0,2.744199685252157,0.2178220009700713,0.3432354101658186,0.10146962296853362,0.2956269078400541,0,"[[2, 4], [2, 4], [2, 4], [2, 4]]","[true, true, true, true, true]",0,0.0,0,1,0.19993166599999768
s_curve--neutral,s_curve,neutral,1151,violation_dynamic,2.0677571955846688,0.16995869058002216,0.16995869058002216,0.31527526248866805,0.08219470397343509,0.5,0.0,2.744199685252157,0.2178220009700713,0.3432354101658186,0.10146962296853362,0.2956269078400541,0,"[[2, 4], [2, 4], [2, 4], [2, 4]]","[true, true, true, true, true]",0,0.0,0,1,0.20574679200001356
s_curve--neutral,s_curve,neutral,1151,violation_safe,2.0677571955846688,0.16995869058002216,0.16995869058002216,0.31527526248866805,0.08219470397343509,0.5,0.0,2.744199685252157,0.2178220009700713,0.3432354101658186,0.10146962296853362,0.2956269078400541,0,"[[2, 4], [2, 4], [2, 4], [2, 4]]","[true, true, true, true, true]",0,4.0,0,1,0.19874483300000634
s_curve--neutral,s_curve,neutral,1151,dual_anchor_dynamic,2.0677571955846688,0.16995869058002216,0.16995869058002216,0.31527526248866805,0.08219470397343509,0.5,0.0,2.744199685252157,0.2178220009700713,0.3432354101658186,0.10146962296853362,0.2956269078400541,0,"[[2, 4], [2, 4], [2, 4], [2, 4]]","[true, true, true, true, true]",0,4.0,0,1,0.1970454590000088
s_curve--neutral,s_curve,neutral,1151,random_zones,2.0677571955846688,0.5022100093380302,0.5022100093380302,0.5077892291071261,0.24287668320555778,0.5,0.0,2.744199685252157,0.6997925989963646,0.3432354101658186,0.11099040685608058,0.3233652576884786,0,"[[2, 3], [2, 3], [2, 3], [2, 3]]","[true, true, true, true, true]",0,0.0,0,1,0.18772516700002484
s_curve--neutral,s_curve,neutral,1171,full_trajectory,3.6544504626099332,0.809368404043928,0.809368404043928,0.45772721505498565,0.2214747230328835,0.6666666666666666,0.16666666666666666,4.893527167608459,1.0849918513171986,0.5806090361518182,0.1580196516417278,0.272161888297599,0,"[[0, 1, 2, 3, 4, 5], [0, 1, 2, 3, 4, 5], [0, 1, 2, 3, 4, 5], [0, 1, 2, 3, 4, 5]]","[true, true, true, true, true]",0,0.0,0,1,0.2314238329999796
s_curve--neutral,s_curve,neutral,1171,static_tolerance,3.6544504626099332,1.1754529290698121,1.1754529290698121,0.47368679812749814,0.32164970933285764,0.6666666666666666,0.16666666666666666,4.893527167608459,1.6233510196223062,0.5806090361518182,0.2456489934649726,0.4230884780800071,0,"[[4, 5], [4, 5], [4, 5], [4, 5]]","[true, true, true, true, true]",0,0.0,0,1,0.20516633400001183
s_curve--neutral,s_curve,neutral,1171,curvature_zones,3.6544504626099332,0.46929602427656036,0.46929602427656036,0.3657703072954528,0.1284176729382723,0.6666666666666666,0.0,4.893527167608459,0.5963459456136119,0.5806090361518182,0.22272123209396827,0.38359932110276507,0,"[[2, 4], [2, 4], [2, 4], [2, 4]]","[true, true, true, true, true]",0,0.0,0,1,0.20566158299999415
s_curve--neutral,s_curve,neutral,1171,error_peak_dynamic,3.6544504626099332,0.589777619946184,0.589777619946184,0.3982104689519661,0.16138613068652108,0.6666666666666666,0.0,4.893527167608459,0.762769267359748,0.5806090361518182,0.2134388742371664,0.36761204347042953,3,"[[2, 4], [3, 4], [2, 4], [2, 3]]","[true, true, true, true, true]",0,0.0,0,1,0.21050120900000024
s_curve--neutral,s_curve,neutral,1171,violation_dynamic,3.6544504626099332,0.4839524394130264,0.4839524394130264,0.36627162805784996,0.13242823903744957,0.6666666666666666,0.0,4.893527167608459,0.6100154962576191,0.5806090361518182,0.21204541618247133,0.3652120497260492,1,"[[2, 4], [2, 4], [2, 4], [2, 3]]","[true, true, true, true, true]",0,0.0,0,1,0.2105954170000075
s_curve--neutral,s_curve,neutral,1171,violation_safe,3.6544504626099332,0.4839524394130264,0.4839524394130264,0.36627162805784996,0.13242823903744957,0.6666666666666666,0.0,4.893527167608459,0.6100154962576191,0.5806090361518182,0.21204541618247133,0.3652120497260492,1,"[[2, 4], [2, 4], [2, 4], [2, 3]]","[true, true, true, true, true]",0,4.0,0,1,0.20838120900000945
s_curve--neutral,s_curve,neutral,1171,dual_anchor_dynamic,3.6544504626099332,0.589777619946184,0.589777619946184,0.3982104689519661,0.16138613068652108,0.6666666666666666,0.0,4.893527167608459,0.762769267359748,0.5806090361518182,0.2134388742371664,0.36761204347042953,3,"[[2, 4], [3, 4], [2, 4], [2, 3]]","[true, true, true, true, true]",0,4.0,0,1,0.21005449999998405
s_curve--neutral,s_curve,neutral,1171,random_zones,3.6544504626099332,1.2255861893139686,1.2255861893139686,0.5572238369024899,0.33536812219878337,0.6666666666666666,0.3333333333333333,4.893527167608459,1.591498728460568,0.5806090361518182,0.2547316257639935,0.43873176251667223,0,"[[1, 5], [1, 5], [1, 5], [1, 5]]","[true, true, true, true, true]",0,0.0,0,1,0.2002025830000207
s_curve--neutral,s_curve,neutral,1193,full_trajectory,2.0188825598595965,0.31924021819800785,0.31924021819800785,0.4082531949766087,0.15812718607079823,0.3333333333333333,0.0,2.685181598980017,0.4303732137350805,0.32290503634934203,0.05974997004927951,0.185038829758721,0,"[[0, 1, 2, 3, 4, 5], [0, 1, 2, 3, 4, 5], [0, 1, 2, 3, 4, 5], [0, 1, 2, 3, 4, 5]]","[true, true, true, true, true]",0,0.0,0,1,0.20323233300001675
s_curve--neutral,s_curve,neutral,1193,static_tolerance,2.0188825598595965,0.5630616353608078,0.5630616353608078,0.4551319408029262,0.2788976667369725,0.3333333333333333,0.0,2.685181598980017,0.7861229665329758,0.32290503634934203,0.11249241641715395,0.3483761594088347,0,"[[4, 5], [4, 5], [4, 5], [4, 5]]","[true, true, true, true, true]",0,0.0,0,1,0.18963500000000977
s_curve--neutral,s_curve,neutral,1193,curvature_zones,2.0188825598595965,0.172179345362302,0.172179345362302,0.32004278488829985,0.08528447805021222,0.3333333333333333,0.0,2.685181598980017,0.2200295825146272,0.32290503634934203,0.09749232170587176,0.30192258011236933,0,"[[2, 4], [2, 4], [2, 4], [2, 4]]","[true, true, true, true, true]",0,0.0,0,1,0.1987100000000055
s_curve--neutral,s_curve,neutral,1193,error_peak_dynamic,2.0188825598595965,0.19144083552296187,0.19144083552296187,0.321235368507552,0.09482514700422973,0.3333333333333333,0.0,2.685181598980017,0.2370281942261243,0.32290503634934203,0.09357887546368847,0.2898030842803209,1,"[[2, 4], [2, 4], [2, 4], [2, 3]]","[true, true, true, true, true]",0,0.0,0,1,0.19381166599998778
s_curve--neutral,s_curve,neutral,1193,violation_dynamic,2.0188825598595965,0.19144083552296187,0.19144083552296187,0.321235368507552,0.09482514700422973,0.3333333333333333,0.0,2.685181598980017,0.2370281942261243,0.32290503634934203,0.09357887546368847,0.2898030842803209,1,"[[2, 4], [2, 4], [2, 4], [2, 3]]","[true, true, true, true, true]",0,0.0,0,1,0.19634375000001114
s_curve--neutral,s_curve,neutral,1193,violation_safe,2.0188825598595965,0.19144083552296187,0.19144083552296187,0.321235368507552,0.09482514700422973,0.3333333333333333,0.0,2.685181598980017,0.2370281942261243,0.32290503634934203,0.09357887546368847,0.2898030842803209,1,"[[2, 4], [2, 4], [2, 4], [2, 3]]","[true, true, true, true, true]",0,4.0,0,1,0.19539545800000724
s_curve--neutral,s_curve,neutral,1193,dual_anchor_dynamic,2.0188825598595965,0.19144083552296187,0.19144083552296187,0.321235368507552,0.09482514700422973,0.3333333333333333,0.0,2.685181598980017,0.2370281942261243,0.32290503634934203,0.09357887546368847,0.2898030842803209,1,"[[2, 4], [2, 4], [2, 4], [2, 3]]","[true, true, true, true, true]",0,4.0,0,1,0.1946173750000071
s_curve--neutral,s_curve,neutral,1193,random_zones,2.0188825598595965,0.5736662972577735,0.5736662972577735,0.500654114520074,0.28415040511205825,0.3333333333333333,0.0,2.685181598980017,0.7565728385228966,0.32290503634934203,0.11581533330068122,0.35866685329548037,0,"[[1, 3], [1, 3], [1, 3], [1, 3]]","[true, true, true, true, true]",0,0.0,0,1,0.1989207500000134
s_curve--neutral,s_curve,neutral,1217,full_trajectory,3.5625942988589427,0.6644848476780997,0.6644848476780997,0.4237662012467566,0.18651712542484178,0.5,0.0,4.801127612653284,0.8883623801298676,0.563271775622773,0.1334464903176534,0.23691314937644498,0,"[[0, 1, 2, 3, 4, 5], [0, 1, 2, 3, 4, 5], [0, 1, 2, 3, 4, 5], [0, 1, 2, 3, 4, 5]]","[true, true, true, true, true]",0,0.0,0,1,0.23478704199999356
s_curve--neutral,s_curve,neutral,1217,static_tolerance,3.5625942988589427,1.0040432976373772,1.0040432976373772,0.4366141460906173,0.28182925514672286,0.5,0.16666666666666666,4.801127612653284,1.3918090445613645,0.563271775622773,0.21784319585529685,0.386746159284196,0,"[[4, 5], [4, 5], [4, 5], [4, 5]]","[true, true, true, true, true]",0,0.0,0,1,0.21906300000000556
s_curve--neutral,s_curve,neutral,1217,curvature_zones,3.5625942988589427,0.369195748900209,0.369195748900209,0.3412688412460117,0.10363115132656504,0.5,0.0,4.801127612653284,0.4712640115988323,0.563271775622773,0.19775706290245015,0.35108640528597945,0,"[[2, 4], [2, 4], [2, 4], [2, 4]]","[true, true, true, true, true]",0,0.0,0,1,0.20769775000002255
s_curve--neutral,s_curve,neutral,1217,error_peak_dynamic,3.5625942988589427,0.369195748900209,0.369195748900209,0.3412688412460117,0.10363115132656504,0.5,0.0,4.801127612653284,0.4712640115988323,0.563271775622773,0.19775706290245015,0.35108640528597945,0,"[[2, 4], [2, 4], [2, 4], [2, 4]]","[true, true, true, true, true]",0,0.0,0,1,0.20720812499999397
s_curve--neutral,s_curve,neutral,1217,violation_dynamic,3.5625942988589427,0.3903945194378018,0.3903945194378018,0.34201263806790855,0.1095815259017398,0.5,0.0,4.801127612653284,0.4812608579847358,0.563271775622773,0.18803802342931164,0.3338317870115367,1,"[[2, 4], [2, 4], [2, 4], [2, 3]]","[true, true, true, true, true]",0,0.0,0,1,0.21004679199998577
s_curve--neutral,s_curve,neutral,1217,violation_safe,3.5625942988589427,0.3903945194378018,0.3903945194378018,0.34201263806790855,0.1095815259017398,0.5,0.0,4.801127612653284,0.4812608579847358,0.563271775622773,0.18803802342931164,0.3338317870115367,1,"[[2, 4], [2, 4], [2, 4], [2, 3]]","[true, true, true, true, true]",0,4.0,0,1,0.2098935420000032
s_curve--neutral,s_curve,neutral,1217,dual_anchor_dynamic,3.5625942988589427,0.369195748900209,0.369195748900209,0.3412688412460117,0.10363115132656504,0.5,0.0,4.801127612653284,0.4712640115988323,0.563271775622773,0.19775706290245015,0.35108640528597945,0,"[[2, 4], [2, 4], [2, 4], [2, 4]]","[true, true, true, true, true]",0,4.0,0,1,0.20757462500000656
s_curve--neutral,s_curve,neutral,1217,random_zones,3.5625942988589427,0.9784616183461401,0.9784616183461401,0.4332932128432,0.2746486229598273,0.5,0.16666666666666666,4.801127612653284,1.3739016864989537,0.563271775622773,0.21685411016839737,0.3849901939940731,0,"[[3, 4], [3, 4], [3, 4], [3, 4]]","[true, true, true, true, true]",0,0.0,0,1,0.20223537499998656
s_curve--demand_aligned,s_curve,demand_aligned,1103,full_trajectory,4.547553354446516,0.8974946300302995,0.8974946300302995,0.43578564616688514,0.1973576910654045,0.6666666666666666,0.16666666666666666,6.077743596252735,1.2314183716766156,0.5118544339507606,0.10621634577403291,0.2075127980316582,0,"[[0, 1, 2, 3, 4, 5], [0, 1, 2, 3, 4, 5], [0, 1, 2, 3, 4, 5], [0, 1, 2, 3, 4, 5]]","[true, true, true, true, true]",0,0.0,0,1,0.22488820800001008
s_curve--demand_aligned,s_curve,demand_aligned,1103,static_tolerance,4.547553354446516,0.42086273514712685,0.42086273514712685,0.3349430927324955,0.09254706923572756,0.6666666666666666,0.0,6.077743596252735,0.4945333230291186,0.5118544339507606,0.2966402280339105,0.5795402136976442,0,"[[2, 4], [2, 4], [2, 4], [2, 4]]","[true, true, true, true, true]",0,0.0,0,1,0.15905329199998164
s_curve--demand_aligned,s_curve,demand_aligned,1103,curvature_zones,4.547553354446516,0.42086273514712685,0.42086273514712685,0.3349430927324955,0.09254706923572756,0.6666666666666666,0.0,6.077743596252735,0.4945333230291186,0.5118544339507606,0.2966402280339105,0.5795402136976442,0,"[[2, 4], [2, 4], [2, 4], [2, 4]]","[true, true, true, true, true]",0,0.0,0,1,0.1487749580000184
s_curve--demand_aligned,s_curve,demand_aligned,1103,error_peak_dynamic,4.547553354446516,0.589772730409694,0.589772730409694,0.40112078661123174,0.1296901178373256,0.6666666666666666,0.0,6.077743596252735,0.7226374221666655,0.5118544339507606,0.27935961032533513,0.5457794087453562,3,"[[3, 4], [2, 4], [1, 2], [2, 4]]","[true, true, true, true, true]",0,0.0,0,1,0.1526018750000162
s_curve--demand_aligned,s_curve,demand_aligned,1103,violation_dynamic,4.547553354446516,0.42086273514712685,0.42086273514712685,0.3349430927324955,0.09254706923572756,0.6666666666666666,0.0,6.077743596252735,0.4945333230291186,0.5118544339507606,0.2966402280339105,0.5795402136976442,0,"[[2, 4], [2, 4], [2, 4], [2, 4]]","[true, true, true, true, true]",0,0.0,0,1,0.15230174999999235
s_curve--demand_aligned,s_curve,demand_aligned,1103,violation_safe,4.547553354446516,0.42086273514712685,0.42086273514712685,0.3349430927324955,0.09254706923572756,0.6666666666666666,0.0,6.077743596252735,0.4945333230291186,0.5118544339507606,0.2966402280339105,0.5795402136976442,0,"[[2, 4], [2, 4], [2, 4], [2, 4]]","[true, true, true, true, true]",0,4.0,0,1,0.14946566599999755
s_curve--demand_aligned,s_curve,demand_aligned,1103,dual_anchor_dynamic,4.547553354446516,0.627086924836283,0.627086924836283,0.3835485991007878,0.13789545189681582,0.6666666666666666,0.0,6.077743596252735,0.82264214798079,0.5118544339507606,0.15833656621823802,0.3093390536760881,2,"[[3, 4], [2, 4], [2, 4], [2, 3]]","[true, true, true, true, true]",0,4.0,0,1,0.20333112500000539
s_curve--demand_aligned,s_curve,demand_aligned,1103,random_zones,4.547553354446516,1.7745592085607038,1.7745592085607038,0.591737391056738,0.39022284517576283,0.6666666666666666,0.3333333333333333,6.077743596252735,2.3263339170072346,0.5118544339507606,0.23191072699920745,0.4530794530960668,0,"[[0, 1], [0, 1], [0, 1], [0, 1]]","[true, true, true, true, true]",0,0.0,0,1,0.15983587499999885
s_curve--demand_aligned,s_curve,demand_aligned,1129,full_trajectory,3.0960004742923966,0.35036433658716604,0.35036433658716604,0.3588092044908991,0.11316675804684534,0.6666666666666666,0.0,3.9418711244719096,0.4740023462809604,0.41004109263105987,0.04291226893151484,0.10465358156219173,0,"[[0, 1, 2, 3, 4, 5], [0, 1, 2, 3, 4, 5], [0, 1, 2, 3, 4, 5], [0, 1, 2, 3, 4, 5]]","[true, true, true, true, true]",0,0.0,0,1,0.20642137500001922
s_curve--demand_aligned,s_curve,demand_aligned,1129,static_tolerance,3.0960004742923966,0.3074472657638665,0.3074472657638665,0.31715481502452897,0.09930465719135098,0.6666666666666666,0.0,3.9418711244719096,0.39384769004038006,0.41004109263105987,0.15659010764736936,0.3818888166612693,0,"[[2, 4], [2, 4], [2, 4], [2, 4]]","[true, true, true, true, true]",0,0.0,0,1,0.14167283300000122
s_curve--demand_aligned,s_curve,demand_aligned,1129,curvature_zones,3.0960004742923966,0.3074472657638665,0.3074472657638665,0.31715481502452897,0.09930465719135098,0.6666666666666666,0.0,3.9418711244719096,0.39384769004038006,0.41004109263105987,0.15659010764736936,0.3818888166612693,0,"[[2, 4], [2, 4], [2, 4], [2, 4]]","[true, true, true, true, true]",0,0.0,0,1,0.1497313330000054
s_curve--demand_aligned,s_curve,demand_aligned,1129,error_peak_dynamic,3.0960004742923966,0.5294367467633764,0.5294367467633764,0.3778285790927068,0.17100667495355643,0.6666666666666666,0.0,3.9418711244719096,0.727290885417222,0.41004109263105987,0.13767984314095078,0.3357708425209717,3,"[[3, 4], [2, 4], [1, 2], [1, 4]]","[true, true, true, true, true]",0,0.0,0,1,0.1455072090000158
s_curve--demand_aligned,s_curve,demand_aligned,1129,violation_dynamic,3.0960004742923966,0.3300421301336421,0.3300421301336421,0.359464112758745,0.10660273888009483,0.6666666666666666,0.0,3.9418711244719096,0.4193721930675375,0.41004109263105987,0.1438422612533752,0.35079962432643125,2,"[[3, 4], [2, 4], [2, 4], [1, 2]]","[true, true, true, true, true]",0,0.0,0,1,0.15594783399998846
s_curve--demand_aligned,s_curve,demand_aligned,1129,violation_safe,3.0960004742923966,0.3300421301336421,0.3300421301336421,0.359464112758745,0.10660273888009483,0.6666666666666666,0.0,3.9418711244719096,0.4193721930675375,0.41004109263105987,0.1438422612533752,0.35079962432643125,2,"[[3, 4], [2, 4], [2, 4], [1, 2]]","[true, true, true, true, true]",0,4.0,0,1,0.15598958399999674
s_curve--demand_aligned,s_curve,demand_aligned,1129,dual_anchor_dynamic,3.0960004742923966,0.2471423436181926,0.2471423436181926,0.32904600034700254,0.07982632614895771,0.6666666666666666,0.0,3.9418711244719096,0.3097848468755788,0.41004109263105987,0.0758887968088348,0.1850760769411879,2,"[[3, 4], [2, 4], [2, 4], [2, 3]]","[true, true, true, true, true]",0,4.0,0,1,0.17852283400000601
s_curve--demand_aligned,s_curve,demand_aligned,1129,random_zones,3.0960004742923966,1.3432603492409254,1.3432603492409254,0.6585360130567441,0.4338695553811028,0.6666666666666666,0.16666666666666666,3.9418711244719096,1.8641324869981986,0.41004109263105987,0.18156744599282995,0.4428030489036809,0,"[[1, 2], [1, 2], [1, 2], [1, 2]]","[true, true, true, true, true]",0,0.0,0,1,0.1319440830000076
s_curve--demand_aligned,s_curve,demand_aligned,1151,full_trajectory,2.8079225613649412,0.5368867141064233,0.5368867141064233,0.4376187983554682,0.19120424526431412,0.5,0.0,3.6589329136695428,0.7388169399014207,0.3432354101658186,0.06166379239049413,0.17965451863111698,0,"[[0, 1, 2, 3, 4, 5], [0, 1, 2, 3, 4, 5], [0, 1, 2, 3, 4, 5], [0, 1, 2, 3, 4, 5]]","[true, true, true, true, true]",0,0.0,0,1,0.2081964580000033
s_curve--demand_aligned,s_curve,demand_aligned,1151,static_tolerance,2.8079225613649412,0.25112689471953126,0.25112689471953126,0.32570747369116654,0.08943512124403373,0.5,0.0,3.6589329136695428,0.30944421276462536,0.3432354101658186,0.2024647414437542,0.5898713694660541,0,"[[2, 4], [2, 4], [2, 4], [2, 4]]","[true, true, true, true, true]",0,0.0,0,1,0.13418691700002228
s_curve--demand_aligned,s_curve,demand_aligned,1151,curvature_zones,2.8079225613649412,0.25112689471953126,0.25112689471953126,0.32570747369116654,0.08943512124403373,0.5,0.0,3.6589329136695428,0.30944421276462536,0.3432354101658186,0.2024647414437542,0.5898713694660541,0,"[[2, 4], [2, 4], [2, 4], [2, 4]]","[true, true, true, true, true]",0,0.0,0,1,0.13431104200000732
s_curve--demand_aligned,s_curve,demand_aligned,1151,error_peak_dynamic,2.8079225613649412,0.41350641008021805,0.41350641008021805,0.3571351206553363,0.1472641787810598,0.5,0.0,3.6589329136695428,0.5189594592330646,0.3432354101658186,0.1787681105913708,0.5208323654747833,2,"[[2, 4], [2, 4], [1, 4], [1, 2]]","[true, true, true, true, true]",0,0.0,0,1,0.13820208300001013
s_curve--demand_aligned,s_curve,demand_aligned,1151,violation_dynamic,2.8079225613649412,0.25112689471953126,0.25112689471953126,0.32570747369116654,0.08943512124403373,0.5,0.0,3.6589329136695428,0.30944421276462536,0.3432354101658186,0.2024647414437542,0.5898713694660541,0,"[[2, 4], [2, 4], [2, 4], [2, 4]]","[true, true, true, true, true]",0,0.0,0,1,0.13529420799997638
s_curve--demand_aligned,s_curve,demand_aligned,1151,violation_safe,2.8079225613649412,0.25112689471953126,0.25112689471953126,0.32570747369116654,0.08943512124403373,0.5,0.0,3.6589329136695428,0.30944421276462536,0.3432354101658186,0.2024647414437542,0.5898713694660541,0,"[[2, 4], [2, 4], [2, 4], [2, 4]]","[true, true, true, true, true]",0,4.0,0,1,0.1360595839999803
s_curve--demand_aligned,s_curve,demand_aligned,1151,dual_anchor_dynamic,2.8079225613649412,0.27532297632497377,0.27532297632497377,0.3314022287158488,0.09805219706313349,0.5,0.0,3.6589329136695428,0.3734091445201222,0.3432354101658186,0.10146962296853362,0.2956269078400541,0,"[[2, 4], [2, 4], [2, 4], [2, 4]]","[true, true, true, true, true]",0,4.0,0,1,0.19813645799999335
s_curve--demand_aligned,s_curve,demand_aligned,1151,random_zones,2.8079225613649412,1.7043181765230018,1.7043181765230018,0.8108164867155337,0.6069676564351285,0.5,0.16666666666666666,3.6589329136695428,2.4017129949241056,0.3432354101658186,0.2095432552761648,0.6104942819708884,0,"[[1, 2], [1, 2], [1, 2], [1, 2]]","[true, true, true, true, true]",0,0.0,0,1,0.13531033300000672
s_curve--demand_aligned,s_curve,demand_aligned,1171,full_trajectory,4.93360367962166,1.3493811447975856,1.3493811447975856,0.502021127781559,0.27350821679723264,0.5,0.16666666666666666,6.524702890144612,1.859986030829483,0.5806090361518182,0.1580196516417278,0.272161888297599,0,"[[0, 1, 2, 3, 4, 5], [0, 1, 2, 3, 4, 5], [0, 1, 2, 3, 4, 5], [0, 1, 2, 3, 4, 5]]","[true, true, true, true, true]",0,0.0,0,1,0.23229133399999569
s_curve--demand_aligned,s_curve,demand_aligned,1171,static_tolerance,4.93360367962166,0.5875764592796546,0.5875764592796546,0.36709387120269515,0.11909680984442465,0.5,0.0,6.524702890144612,0.7360314849307138,0.5806090361518182,0.3817774374298581,0.6575464962795214,0,"[[2, 4], [2, 4], [2, 4], [2, 4]]","[true, true, true, true, true]",0,0.0,0,1,0.1525615840000114
s_curve--demand_aligned,s_curve,demand_aligned,1171,curvature_zones,4.93360367962166,0.5875764592796546,0.5875764592796546,0.36709387120269515,0.11909680984442465,0.5,0.0,6.524702890144612,0.7360314849307138,0.5806090361518182,0.3817774374298581,0.6575464962795214,0,"[[2, 4], [2, 4], [2, 4], [2, 4]]","[true, true, true, true, true]",0,0.0,0,1,0.15401733299998455
s_curve--demand_aligned,s_curve,demand_aligned,1171,error_peak_dynamic,4.93360367962166,0.8998876979839638,0.8998876979839638,0.4204802788788927,0.18239967302216967,0.5,0.3333333333333333,6.524702890144612,1.1208720308261342,0.5806090361518182,0.3472050103021857,0.5980013893745156,3,"[[2, 4], [3, 4], [2, 4], [1, 2]]","[true, true, true, true, true]",0,0.0,0,1,0.15369312499998955
s_curve--demand_aligned,s_curve,demand_aligned,1171,violation_dynamic,4.93360367962166,0.5875764592796546,0.5875764592796546,0.36709387120269515,0.11909680984442465,0.5,0.0,6.524702890144612,0.7360314849307138,0.5806090361518182,0.3817774374298581,0.6575464962795214,0,"[[2, 4], [2, 4], [2, 4], [2, 4]]","[true, true, true, true, true]",0,0.0,0,1,0.15642845800002192
s_curve--demand_aligned,s_curve,demand_aligned,1171,violation_safe,4.93360367962166,0.5875764592796546,0.5875764592796546,0.36709387120269515,0.11909680984442465,0.5,0.0,6.524702890144612,0.7360314849307138,0.5806090361518182,0.3817774374298581,0.6575464962795214,0,"[[2, 4], [2, 4], [2, 4], [2, 4]]","[true, true, true, true, true]",0,4.0,0,1,0.15450437500001613
s_curve--demand_aligned,s_curve,demand_aligned,1171,dual_anchor_dynamic,4.93360367962166,0.9686320015554302,0.9686320015554302,0.43087300679287055,0.19633356557527762,0.5,0.16666666666666666,6.524702890144612,1.3076044583309963,0.5806090361518182,0.2134388742371664,0.36761204347042953,3,"[[2, 4], [3, 4], [2, 4], [2, 3]]","[true, true, true, true, true]",0,4.0,0,1,0.20891308400001662
s_curve--demand_aligned,s_curve,demand_aligned,1171,random_zones,4.93360367962166,2.4562125399493286,2.4562125399493286,0.6943108668701644,0.49785363791882176,0.5,0.16666666666666666,6.524702890144612,3.4558452490656384,0.5806090361518182,0.36980406540831096,0.6369244058950785,0,"[[2, 3], [2, 3], [2, 3], [2, 3]]","[true, true, true, true, true]",0,0.0,0,1,0.14730916700000307
s_curve--demand_aligned,s_curve,demand_aligned,1193,full_trajectory,2.731522702616044,0.5346661072875597,0.5346661072875597,0.44576006537863194,0.19573921416633194,0.5,0.0,3.5802421319733564,0.7377826521172806,0.32290503634934203,0.05974997004927951,0.185038829758721,0,"[[0, 1, 2, 3, 4, 5], [0, 1, 2, 3, 4, 5], [0, 1, 2, 3, 4, 5], [0, 1, 2, 3, 4, 5]]","[true, true, true, true, true]",0,0.0,0,1,0.2055949170000133
s_curve--demand_aligned,s_curve,demand_aligned,1193,static_tolerance,2.731522702616044,0.25653797957431956,0.25653797957431956,0.3292540800062904,0.09391757181026797,0.5,0.0,3.5802421319733564,0.31308429026575885,0.32290503634934203,0.19065478736371333,0.5904360908061191,0,"[[2, 4], [2, 4], [2, 4], [2, 4]]","[true, true, true, true, true]",0,0.0,0,1,0.1354054999999903
s_curve--demand_aligned,s_curve,demand_aligned,1193,curvature_zones,2.731522702616044,0.25653797957431956,0.25653797957431956,0.3292540800062904,0.09391757181026797,0.5,0.0,3.5802421319733564,0.31308429026575885,0.32290503634934203,0.19065478736371333,0.5904360908061191,0,"[[2, 4], [2, 4], [2, 4], [2, 4]]","[true, true, true, true, true]",0,0.0,0,1,0.13490116700000954
s_curve--demand_aligned,s_curve,demand_aligned,1193,error_peak_dynamic,2.731522702616044,0.41843297076494274,0.41843297076494274,0.3625799882422633,0.15318670804536955,0.5,0.0,3.5802421319733564,0.5324365898630917,0.32290503634934203,0.16931289621992796,0.5243426926198606,2,"[[2, 4], [2, 4], [1, 4], [1, 2]]","[true, true, true, true, true]",0,0.0,0,1,0.13782470799998237
s_curve--demand_aligned,s_curve,demand_aligned,1193,violation_dynamic,2.731522702616044,0.25653797957431956,0.25653797957431956,0.3292540800062904,0.09391757181026797,0.5,0.0,3.5802421319733564,0.31308429026575885,0.32290503634934203,0.19065478736371333,0.5904360908061191,0,"[[2, 4], [2, 4], [2, 4], [2, 4]]","[true, true, true, true, true]",0,0.0,0,1,0.1409192909999888
s_curve--demand_aligned,s_curve,demand_aligned,1193,violation_safe,2.731522702616044,0.25653797957431956,0.25653797957431956,0.3292540800062904,0.09391757181026797,0.5,0.0,3.5802421319733564,0.31308429026575885,0.32290503634934203,0.19065478736371333,0.5904360908061191,0,"[[2, 4], [2, 4], [2, 4], [2, 4]]","[true, true, true, true, true]",0,4.0,0,1,0.14344562499999824
s_curve--demand_aligned,s_curve,demand_aligned,1193,dual_anchor_dynamic,2.731522702616044,0.2957722308254599,0.2957722308254599,0.33778856033826,0.10828108093049778,0.5,0.0,3.5802421319733564,0.3821279782025147,0.32290503634934203,0.09357887546368847,0.2898030842803209,1,"[[2, 4], [2, 4], [2, 4], [2, 3]]","[true, true, true, true, true]",0,4.0,0,1,0.1991741250000132
s_curve--demand_aligned,s_curve,demand_aligned,1193,random_zones,2.731522702616044,1.6185582505098808,1.6185582505098808,0.8008148492648635,0.5925479766138313,0.5,0.16666666666666666,3.5802421319733564,2.275204235550029,0.32290503634934203,0.2014395063197219,0.6238351330692472,0,"[[1, 2], [1, 2], [1, 2], [1, 2]]","[true, true, true, true, true]",0,0.0,0,1,0.13841912499998443
s_curve--demand_aligned,s_curve,demand_aligned,1217,full_trajectory,4.813192692835932,1.108217194243374,1.108217194243374,0.46049454259873407,0.2302457568118705,0.5,0.16666666666666666,6.401503483537711,1.5229069373654869,0.563271775622773,0.1334464903176534,0.23691314937644498,0,"[[0, 1, 2, 3, 4, 5], [0, 1, 2, 3, 4, 5], [0, 1, 2, 3, 4, 5], [0, 1, 2, 3, 4, 5]]","[true, true, true, true, true]",0,0.0,0,1,0.23328112500001907
s_curve--demand_aligned,s_curve,demand_aligned,1217,static_tolerance,4.813192692835932,0.487184183056401,0.487184183056401,0.3484484428341742,0.1012185079939844,0.5,0.0,6.401503483537711,0.6026402993958196,0.563271775622773,0.3598621881735903,0.6388784308883826,0,"[[2, 4], [2, 4], [2, 4], [2, 4]]","[true, true, true, true, true]",0,0.0,0,1,0.1560743329999923
s_curve--demand_aligned,s_curve,demand_aligned,1217,curvature_zones,4.813192692835932,0.487184183056401,0.487184183056401,0.3484484428341742,0.1012185079939844,0.5,0.0,6.401503483537711,0.6026402993958196,0.563271775622773,0.3598621881735903,0.6388784308883826,0,"[[2, 4], [2, 4], [2, 4], [2, 4]]","[true, true, true, true, true]",0,0.0,0,1,0.1523312090000104
s_curve--demand_aligned,s_curve,demand_aligned,1217,error_peak_dynamic,4.813192692835932,0.7152390348394241,0.7152390348394241,0.37535110739562755,0.14859970927488578,0.5,0.0,6.401503483537711,0.9523631785307167,0.563271775622773,0.33996981983759966,0.6035626753385914,2,"[[2, 4], [2, 4], [1, 4], [2, 4]]","[true, true, true, true, true]",0,0.0,0,1,0.15117229200001248
s_curve--demand_aligned,s_curve,demand_aligned,1217,violation_dynamic,4.813192692835932,0.487184183056401,0.487184183056401,0.3484484428341742,0.1012185079939844,0.5,0.0,6.401503483537711,0.6026402993958196,0.563271775622773,0.3598621881735903,0.6388784308883826,0,"[[2, 4], [2, 4], [2, 4], [2, 4]]","[true, true, true, true, true]",0,0.0,0,1,0.15470849999999814
s_curve--demand_aligned,s_curve,demand_aligned,1217,violation_safe,4.813192692835932,0.487184183056401,0.487184183056401,0.3484484428341742,0.1012185079939844,0.5,0.0,6.401503483537711,0.6026402993958196,0.563271775622773,0.3598621881735903,0.6388784308883826,0,"[[2, 4], [2, 4], [2, 4], [2, 4]]","[true, true, true, true, true]",0,4.0,0,1,0.1555726249999907
s_curve--demand_aligned,s_curve,demand_aligned,1217,dual_anchor_dynamic,4.813192692835932,0.5995225893408879,0.5995225893408879,0.35531140386535487,0.12455819403059247,0.5,0.0,6.401503483537711,0.8078811627408551,0.563271775622773,0.19775706290245015,0.35108640528597945,0,"[[2, 4], [2, 4], [2, 4], [2, 4]]","[true, true, true, true, true]",0,4.0,0,1,0.20717125000001602
s_curve--demand_aligned,s_curve,demand_aligned,1217,random_zones,4.813192692835932,2.1115468570076197,2.1115468570076197,0.6381630041524674,0.4386998384981543,0.5,0.3333333333333333,6.401503483537711,2.741589934232784,0.563271775622773,0.28646026173941114,0.5085649133097263,0,"[[1, 5], [1, 5], [1, 5], [1, 5]]","[true, true, true, true, true]",0,0.0,0,1,0.16992170800000395
s_curve--demand_conflict,s_curve,demand_conflict,1103,full_trajectory,2.3675230894340835,0.2954416055935384,0.2954416055935384,0.3821372872670519,0.12478932387694631,0.5,0.0,3.0388717981263675,0.37477950442331787,0.5118544339507606,0.10621634577403291,0.2075127980316582,0,"[[0, 1, 2, 3, 4, 5], [0, 1, 2, 3, 4, 5], [0, 1, 2, 3, 4, 5], [0, 1, 2, 3, 4, 5]]","[true, true, true, true, true]",0,0.0,0,1,0.22065466700001934
s_curve--demand_conflict,s_curve,demand_conflict,1103,static_tolerance,2.3675230894340835,1.3118905845905602,1.3118905845905602,0.7340317354507683,0.5541194467945593,0.5,0.16666666666666666,3.0388717981263675,1.7262926851561762,0.5118544339507606,0.3546112540658595,0.6927970738258222,0,"[[0, 5], [0, 5], [0, 5], [0, 5]]","[true, true, true, true, true]",0,0.0,0,1,0.15101862500000607
s_curve--demand_conflict,s_curve,demand_conflict,1103,curvature_zones,2.3675230894340835,0.20513754676455676,0.20513754676455676,0.3337016788918544,0.08664648200478223,0.5,0.0,3.0388717981263675,0.23566280368141407,0.5118544339507606,0.17803174760199417,0.3478171444718216,0,"[[2, 4], [2, 4], [2, 4], [2, 4]]","[true, true, true, true, true]",0,0.0,0,1,0.3013752089999855
s_curve--demand_conflict,s_curve,demand_conflict,1103,error_peak_dynamic,2.3675230894340835,0.27312445772372695,0.27312445772372695,0.3561479802454105,0.11536295419573406,0.5,0.0,3.0388717981263675,0.3292286499451989,0.5118544339507606,0.18410218151726154,0.3596768325249515,2,"[[3, 4], [2, 4], [2, 4], [2, 3]]","[true, true, true, true, true]",0,0.0,0,1,0.19626045799998337
s_curve--demand_conflict,s_curve,demand_conflict,1103,violation_dynamic,2.3675230894340835,0.29274872053559153,0.29274872053559153,0.36926852698084645,0.12365189671943946,0.5,0.0,3.0388717981263675,0.34306694998203807,0.5118544339507606,0.20238569813012683,0.39539698145820096,2,"[[3, 4], [3, 4], [2, 3], [2, 4]]","[true, true, true, true, true]",0,0.0,0,1,0.21154179200001977
s_curve--demand_conflict,s_curve,demand_conflict,1103,violation_safe,2.3675230894340835,0.29274872053559153,0.29274872053559153,0.36926852698084645,0.12365189671943946,0.5,0.0,3.0388717981263675,0.34306694998203807,0.5118544339507606,0.20238569813012683,0.39539698145820096,2,"[[3, 4], [3, 4], [2, 3], [2, 4]]","[true, true, true, true, true]",0,4.0,0,1,0.19668441700000017
s_curve--demand_conflict,s_curve,demand_conflict,1103,dual_anchor_dynamic,2.3675230894340835,0.2152338335019398,0.2152338335019398,0.3481666970203434,0.09091097546735556,0.5,0.0,3.0388717981263675,0.24220773690245395,0.5118544339507606,0.1648025350051303,0.32197149047454376,3,"[[3, 4], [2, 4], [2, 3], [2, 4]]","[true, true, true, true, true]",0,4.0,0,1,0.2110749169999906
s_curve--demand_conflict,s_curve,demand_conflict,1103,random_zones,2.3675230894340835,0.7545914813984418,0.7545914813984418,0.5376045480009383,0.3187261339777743,0.5,0.0,3.0388717981263675,0.9838921552696529,0.5118544339507606,0.2693513846807145,0.5262265339809982,0,"[[3, 5], [3, 5], [3, 5], [3, 5]]","[true, true, true, true, true]",0,0.0,0,1,0.17135183400000642
s_curve--demand_conflict,s_curve,demand_conflict,1129,full_trajectory,1.949813277136243,0.11797420667209571,0.11797420667209571,0.30955743489405957,0.060505386877541645,0.8333333333333334,0.0,2.339648203071641,0.14426158365072708,0.41004109263105987,0.04291226893151484,0.10465358156219173,0,"[[0, 1, 2, 3, 4, 5], [0, 1, 2, 3, 4, 5], [0, 1, 2, 3, 4, 5], [0, 1, 2, 3, 4, 5]]","[true, true, true, true, true]",0,0.0,0,1,0.20477237500000456
s_curve--demand_conflict,s_curve,demand_conflict,1129,static_tolerance,1.949813277136243,0.737924303614043,0.737924303614043,0.5948768254740693,0.37845895925883605,0.8333333333333334,0.0,2.339648203071641,0.9213804799922726,0.41004109263105987,0.20811318606053633,0.5075422678375043,0,"[[0, 5], [0, 5], [0, 5], [0, 5]]","[true, true, true, true, true]",0,0.0,0,1,0.15560149999998885
s_curve--demand_conflict,s_curve,demand_conflict,1129,curvature_zones,1.949813277136243,0.09819853794570929,0.09819853794570929,0.2937980515534223,0.05036304711697154,0.8333333333333334,0.0,2.339648203071641,0.10889138548963369,0.41004109263105987,0.08425578506998646,0.20548132024854585,0,"[[2, 4], [2, 4], [2, 4], [2, 4]]","[true, true, true, true, true]",0,0.0,0,1,0.18387933300002146
s_curve--demand_conflict,s_curve,demand_conflict,1129,error_peak_dynamic,1.949813277136243,0.14895675598898772,0.14895675598898772,0.3240091368631502,0.07639539525947098,0.8333333333333334,0.0,2.339648203071641,0.16582423374701086,0.41004109263105987,0.1034600788052676,0.25231636698021687,2,"[[3, 4], [3, 4], [1, 2], [2, 4]]","[true, true, true, true, true]",0,0.0,0,1,0.17501854200000366
s_curve--demand_conflict,s_curve,demand_conflict,1129,violation_dynamic,1.949813277136243,0.13274946559326614,0.13274946559326614,0.3192487840481672,0.06808316834740186,0.8333333333333334,0.0,2.339648203071641,0.14950503221796146,0.41004109263105987,0.10062322352211622,0.24539790116268506,2,"[[3, 4], [1, 3], [2, 4], [2, 4]]","[true, true, true, true, true]",0,0.0,0,1,0.17554491600000688
s_curve--demand_conflict,s_curve,demand_conflict,1129,violation_safe,1.949813277136243,0.13274946559326614,0.13274946559326614,0.3192487840481672,0.06808316834740186,0.8333333333333334,0.0,2.339648203071641,0.14950503221796146,0.41004109263105987,0.10062322352211622,0.24539790116268506,2,"[[3, 4], [1, 3], [2, 4], [2, 4]]","[true, true, true, true, true]",0,4.0,0,1,0.17679733399998554
s_curve--demand_conflict,s_curve,demand_conflict,1129,dual_anchor_dynamic,1.949813277136243,0.1339883484594573,0.1339883484594573,0.30297211058668494,0.0687185537356944,0.8333333333333334,0.0,2.339648203071641,0.1616519223843008,0.41004109263105987,0.07741087077173842,0.18878808042146625,2,"[[3, 4], [3, 4], [2, 4], [2, 3]]","[true, true, true, true, true]",0,4.0,0,1,0.19402529100000265
s_curve--demand_conflict,s_curve,demand_conflict,1129,random_zones,1.949813277136243,0.6073080710197911,0.6073080710197911,0.5372056231213203,0.31146986131501014,0.8333333333333334,0.0,2.339648203071641,0.7641029188047894,0.41004109263105987,0.1771477889406436,0.4320244778491866,0,"[[1, 5], [1, 5], [1, 5], [1, 5]]","[true, true, true, true, true]",0,0.0,0,1,0.16387237499998264
s_curve--demand_conflict,s_curve,demand_conflict,1151,full_trajectory,1.3793933329418058,0.17616186559526553,0.17616186559526553,0.3846763105712535,0.12770966872775041,0.16666666666666666,0.0,1.8294664568347714,0.22485732953521503,0.3432354101658186,0.06166379239049413,0.17965451863111698,0,"[[0, 1, 2, 3, 4, 5], [0, 1, 2, 3, 4, 5], [0, 1, 2, 3, 4, 5], [0, 1, 2, 3, 4, 5]]","[true, true, true, true, true]",0,0.0,0,1,0.21068191699998806
s_curve--demand_conflict,s_curve,demand_conflict,1151,static_tolerance,1.3793933329418058,0.8952697852181027,0.8952697852181027,0.8052999462398062,0.6490315444027687,0.16666666666666666,0.16666666666666666,1.8294664568347714,1.1907168863749384,0.3432354101658186,0.24919688846563287,0.7260232513459048,0,"[[0, 5], [0, 5], [0, 5], [0, 5]]","[true, true, true, true, true]",0,0.0,0,1,0.1255819170000052
s_curve--demand_conflict,s_curve,demand_conflict,1151,curvature_zones,1.3793933329418058,0.11845267966837084,0.11845267966837084,0.3136161721902013,0.08587302609020812,0.16666666666666666,0.0,1.8294664568347714,0.13324651346167707,0.3432354101658186,0.11249853417735957,0.32775911472249036,0,"[[2, 4], [2, 4], [2, 4], [2, 4]]","[true, true, true, true, true]",0,0.0,0,1,0.19424075000000585
s_curve--demand_conflict,s_curve,demand_conflict,1151,error_peak_dynamic,1.3793933329418058,0.14579534503758296,0.14579534503758296,0.316093952160228,0.10569526585042137,0.16666666666666666,0.0,1.8294664568347714,0.17708350961356617,0.3432354101658186,0.11098266903446054,0.32334271391417424,1,"[[2, 4], [2, 4], [2, 4], [2, 3]]","[true, true, true, true, true]",0,0.0,0,1,0.19767391700000303
s_curve--demand_conflict,s_curve,demand_conflict,1151,violation_dynamic,1.3793933329418058,0.1488927839332465,0.1488927839332465,0.3475103616709523,0.10794077394567779,0.16666666666666666,0.0,1.8294664568347714,0.16977458389685476,0.3432354101658186,0.12300832894874485,0.3583789006190211,3,"[[3, 4], [2, 4], [2, 3], [2, 4]]","[true, true, true, true, true]",0,0.0,0,1,0.18123825000000693
s_curve--demand_conflict,s_curve,demand_conflict,1151,violation_safe,1.3793933329418058,0.1488927839332465,0.1488927839332465,0.3475103616709523,0.10794077394567779,0.16666666666666666,0.0,1.8294664568347714,0.16977458389685476,0.3432354101658186,0.12300832894874485,0.3583789006190211,3,"[[3, 4], [2, 4], [2, 3], [2, 4]]","[true, true, true, true, true]",0,4.0,0,1,0.18516312500000254
s_curve--demand_conflict,s_curve,demand_conflict,1151,dual_anchor_dynamic,1.3793933329418058,0.13681742700947297,0.13681742700947297,0.3141058859397606,0.0991866668788989,0.16666666666666666,0.0,1.8294664568347714,0.16677639151637635,0.3432354101658186,0.09737059827459281,0.2836845948602815,1,"[[2, 4], [2, 4], [2, 4], [2, 3]]","[true, true, true, true, true]",0,4.0,0,1,0.1972504580000134
s_curve--demand_conflict,s_curve,demand_conflict,1151,random_zones,1.3793933329418058,0.5900239596149475,0.5900239596149475,0.6459350053760533,0.42774163505387885,0.16666666666666666,0.0,1.8294664568347714,0.7800060448095131,0.3432354101658186,0.20345222280723532,0.5927483493295364,0,"[[0, 3], [0, 3], [0, 3], [0, 3]]","[true, true, true, true, true]",0,0.0,0,1,0.15015079199997672
s_curve--demand_conflict,s_curve,demand_conflict,1171,full_trajectory,2.4577566399715973,0.44959753512951284,0.44959753512951284,0.42988673787046844,0.1829300459685498,0.6666666666666666,0.0,3.262351445072306,0.5660827050350602,0.5806090361518182,0.1580196516417278,0.272161888297599,0,"[[0, 1, 2, 3, 4, 5], [0, 1, 2, 3, 4, 5], [0, 1, 2, 3, 4, 5], [0, 1, 2, 3, 4, 5]]","[true, true, true, true, true]",0,0.0,0,1,0.23421458300001063
s_curve--demand_conflict,s_curve,demand_conflict,1171,static_tolerance,2.4577566399715973,1.5624637071630958,1.5624637071630958,0.7932242258753159,0.6357275906621708,0.6666666666666666,0.5,3.262351445072306,2.0540799152837472,0.5806090361518182,0.44117439981442497,0.7598476295485457,0,"[[0, 5], [0, 5], [0, 5], [0, 5]]","[true, true, true, true, true]",0,0.0,0,1,0.13954683300002557
s_curve--demand_conflict,s_curve,demand_conflict,1171,curvature_zones,2.4577566399715973,0.34125173070250925,0.34125173070250925,0.3854626289468743,0.13884683501717765,0.6666666666666666,0.0,3.262351445072306,0.41272928796852404,0.5806090361518182,0.24039958688941498,0.41404727091873067,0,"[[2, 4], [2, 4], [2, 4], [2, 4]]","[true, true, true, true, true]",0,0.0,0,1,0.20991112499999076
s_curve--demand_conflict,s_curve,demand_conflict,1171,error_peak_dynamic,2.4577566399715973,0.34563954841968536,0.34563954841968536,0.3847325044880927,0.14063212882772627,0.6666666666666666,0.0,3.262351445072306,0.40004116491843555,0.5806090361518182,0.24262589296752962,0.4178817032811173,3,"[[2, 4], [3, 4], [2, 4], [2, 3]]","[true, true, true, true, true]",0,0.0,0,1,0.20207145800000603
s_curve--demand_conflict,s_curve,demand_conflict,1171,violation_dynamic,2.4577566399715973,0.4539613827384964,0.4539613827384964,0.4089364662050777,0.18470558693872252,0.6666666666666666,0.0,3.262351445072306,0.5508330827910558,0.5806090361518182,0.2678419056784885,0.4613119827650304,2,"[[3, 4], [3, 4], [2, 3], [2, 4]]","[true, true, true, true, true]",0,0.0,0,1,0.20235641699997586
s_curve--demand_conflict,s_curve,demand_conflict,1171,violation_safe,2.4577566399715973,0.4539613827384964,0.4539613827384964,0.4089364662050777,0.18470558693872252,0.6666666666666666,0.0,3.262351445072306,0.5508330827910558,0.5806090361518182,0.2678419056784885,0.4613119827650304,2,"[[3, 4], [3, 4], [2, 3], [2, 4]]","[true, true, true, true, true]",0,4.0,0,1,0.20479891700000508
s_curve--demand_conflict,s_curve,demand_conflict,1171,dual_anchor_dynamic,2.4577566399715973,0.34060455456922345,0.34060455456922345,0.3824441241543159,0.13858351515761122,0.6666666666666666,0.0,3.262351445072306,0.3979665742746511,0.5806090361518182,0.2134388742371664,0.36761204347042953,3,"[[2, 4], [3, 4], [2, 4], [2, 3]]","[true, true, true, true, true]",0,4.0,0,1,0.21181095900001878
s_curve--demand_conflict,s_curve,demand_conflict,1171,random_zones,2.4577566399715973,1.5056581482388163,1.5056581482388163,0.7774873059003773,0.6126148227011671,0.6666666666666666,0.3333333333333333,3.262351445072306,1.9753029836178182,0.5806090361518182,0.43029113881403297,0.7411030694009385,0,"[[0, 1], [0, 1], [0, 1], [0, 1]]","[true, true, true, true, true]",0,0.0,0,1,0.12203108299999599
s_curve--demand_conflict,s_curve,demand_conflict,1193,full_trajectory,1.3575485520563153,0.1749127996664776,0.1749127996664776,0.3856766484497852,0.12884459962889172,0.16666666666666666,0.0,1.7901210659866782,0.2245425462965637,0.32290503634934203,0.05974997004927951,0.185038829758721,0,"[[0, 1, 2, 3, 4, 5], [0, 1, 2, 3, 4, 5], [0, 1, 2, 3, 4, 5], [0, 1, 2, 3, 4, 5]]","[true, true, true, true, true]",0,0.0,0,1,0.20463399999999865
s_curve--demand_conflict,s_curve,demand_conflict,1193,static_tolerance,1.3575485520563153,0.8475848966537012,0.8475848966537012,0.7862206330969137,0.6243496008815608,0.16666666666666666,0.16666666666666666,1.7901210659866782,1.1150432297846116,0.32290503634934203,0.23720050998247552,0.7345828750897984,0,"[[0, 5], [0, 5], [0, 5], [0, 5]]","[true, true, true, true, true]",0,0.0,0,1,0.11520325000000753
s_curve--demand_conflict,s_curve,demand_conflict,1193,curvature_zones,1.3575485520563153,0.12378539320954426,0.12378539320954426,0.32296831188708786,0.09118303210742865,0.16666666666666666,0.0,1.7901210659866782,0.14107728538064915,0.32290503634934203,0.10795578238967267,0.33432672221587245,0,"[[2, 4], [2, 4], [2, 4], [2, 4]]","[true, true, true, true, true]",0,0.0,0,1,0.18639245800000026
s_curve--demand_conflict,s_curve,demand_conflict,1193,error_peak_dynamic,1.3575485520563153,0.14074156619717992,0.14074156619717992,0.3245295979421936,0.10367332054827423,0.16666666666666666,0.0,1.7901210659866782,0.16766085443843223,0.32290503634934203,0.1065445819877888,0.3299563958256791,1,"[[2, 4], [2, 4], [2, 4], [2, 3]]","[true, true, true, true, true]",0,0.0,0,1,0.18759595800000284
s_curve--demand_conflict,s_curve,demand_conflict,1193,violation_dynamic,1.3575485520563153,0.14731330440347035,0.14731330440347035,0.3551135520171159,0.10851420686231142,0.16666666666666666,0.0,1.7901210659866782,0.16758880081787517,0.32290503634934203,0.11825525745353085,0.36622301959265124,3,"[[3, 4], [2, 4], [2, 3], [2, 4]]","[true, true, true, true, true]",0,0.0,0,1,0.18192445799999746
s_curve--demand_conflict,s_curve,demand_conflict,1193,violation_safe,1.3575485520563153,0.14731330440347035,0.14731330440347035,0.3551135520171159,0.10851420686231142,0.16666666666666666,0.0,1.7901210659866782,0.16758880081787517,0.32290503634934203,0.11825525745353085,0.36622301959265124,3,"[[3, 4], [2, 4], [2, 3], [2, 4]]","[true, true, true, true, true]",0,4.0,0,1,0.18047187499999495
s_curve--demand_conflict,s_curve,demand_conflict,1193,dual_anchor_dynamic,1.3575485520563153,0.13228234478617815,0.13228234478617815,0.3215441096759006,0.0974420727610858,0.16666666666666666,0.0,1.7901210659866782,0.15801879615074954,0.32290503634934203,0.09357887546368847,0.2898030842803209,1,"[[2, 4], [2, 4], [2, 4], [2, 3]]","[true, true, true, true, true]",0,4.0,0,1,0.19826100000000224
s_curve--demand_conflict,s_curve,demand_conflict,1193,random_zones,1.3575485520563153,0.3510774372122919,0.3510774372122919,0.4182911801856181,0.25861133046070833,0.16666666666666666,0.0,1.7901210659866782,0.4860554972779451,0.32290503634934203,0.14492673164063777,0.4488215274655721,0,"[[3, 4], [3, 4], [3, 4], [3, 4]]","[true, true, true, true, true]",0,0.0,0,1,0.1631249580000258
s_curve--demand_conflict,s_curve,demand_conflict,1217,full_trajectory,2.3821377779670563,0.36717724927898043,0.36717724927898043,0.4064065344124112,0.15413770465969173,0.5,0.0,3.2007517417688556,0.46349341571993086,0.563271775622773,0.1334464903176534,0.23691314937644498,0,"[[0, 1, 2, 3, 4, 5], [0, 1, 2, 3, 4, 5], [0, 1, 2, 3, 4, 5], [0, 1, 2, 3, 4, 5]]","[true, true, true, true, true]",0,0.0,0,1,0.23136387499999955
s_curve--demand_conflict,s_curve,demand_conflict,1217,static_tolerance,2.3821377779670563,1.5191002235969617,1.5191002235969617,0.796811109124447,0.6377046019955148,0.5,0.3333333333333333,3.2007517417688556,2.031775558143685,0.563271775622773,0.41360322966961505,0.7342871550990121,0,"[[0, 5], [0, 5], [0, 5], [0, 5]]","[true, true, true, true, true]",0,0.0,0,1,0.14268241599998532
s_curve--demand_conflict,s_curve,demand_conflict,1217,curvature_zones,2.3821377779670563,0.26672778497347205,0.26672778497347205,0.34778947559941426,0.11196992358733364,0.5,0.0,3.2007517417688556,0.32212928014669945,0.563271775622773,0.21515499971645913,0.3819736919688125,0,"[[2, 4], [2, 4], [2, 4], [2, 4]]","[true, true, true, true, true]",0,0.0,0,1,0.2120852090000085
s_curve--demand_conflict,s_curve,demand_conflict,1217,error_peak_dynamic,2.3821377779670563,0.2726091285594423,0.2726091285594423,0.34809809248759177,0.11443885869275372,0.5,0.0,3.2007517417688556,0.32911597418869104,0.563271775622773,0.20896944268456988,0.37099221322340525,1,"[[2, 4], [2, 4], [2, 4], [2, 3]]","[true, true, true, true, true]",0,0.0,0,1,0.20062166600001774
s_curve--demand_conflict,s_curve,demand_conflict,1217,violation_dynamic,2.3821377779670563,0.36151421067236245,0.36151421067236245,0.3796594967987735,0.15176041201986346,0.5,0.0,3.2007517417688556,0.44187767142237855,0.563271775622773,0.22834009969183486,0.40538175277711025,3,"[[3, 4], [2, 4], [3, 4], [2, 3]]","[true, true, true, true, true]",0,0.0,0,1,0.19416454199998157
s_curve--demand_conflict,s_curve,demand_conflict,1217,violation_safe,2.3821377779670563,0.36151421067236245,0.36151421067236245,0.3796594967987735,0.15176041201986346,0.5,0.0,3.2007517417688556,0.44187767142237855,0.563271775622773,0.22834009969183486,0.40538175277711025,3,"[[3, 4], [2, 4], [3, 4], [2, 3]]","[true, true, true, true, true]",0,4.0,0,1,0.1909065830000145
s_curve--demand_conflict,s_curve,demand_conflict,1217,dual_anchor_dynamic,2.3821377779670563,0.26171935138002117,0.26171935138002117,0.3451924220532638,0.10986742824060138,0.5,0.0,3.2007517417688556,0.31726288974520606,0.563271775622773,0.18803802342931164,0.3338317870115367,1,"[[2, 4], [2, 4], [2, 4], [2, 3]]","[true, true, true, true, true]",0,4.0,0,1,0.21049912499998413
s_curve--demand_conflict,s_curve,demand_conflict,1217,random_zones,2.3821377779670563,0.7636065680489142,0.7636065680489142,0.5686960688148296,0.32055516482366725,0.5,0.16666666666666666,3.2007517417688556,1.0601764307697132,0.563271775622773,0.2483765102420716,0.4409532325092232,0,"[[2, 3], [2, 3], [2, 3], [2, 3]]","[true, true, true, true, true]",0,0.0,0,1,0.18213158300000032
