manifest_id,trajectory,regime,scenario_id,stress_factor,stress_level,measurement_noise_std_mm,extra_delay_steps,mismatch_scale,domain_seed,method,compensation_gain,initial_task_score,final_task_score,last_observed_task_score,task_auc_normalized,final_task_ratio,initial_violation_rate,final_violation_rate,initial_global_rmse,final_global_rmse,final_global_ratio,measured_score_auc_normalized,selection_switches,selection_history,accepted_history,rejected_trials,final_trust_radius_mm,constraint_violation,all_updates_succeeded,finite_result,raw_estimated_lag_history,total_estimated_lag_history,nominal_estimated_lag_history,applied_lag_history,median_estimated_lag_steps,median_estimated_axis_lag_steps,configured_mean_delay_steps,lag_absolute_error_steps,median_peak_correlation,elapsed_s
harmonic_loop--neutral,harmonic_loop,neutral,n0_d0_m0,factorial_combination,0.0,0.0,0,1.0,1601,full_trajectory,0.0,6.408170768996079,1.4654476961006448,1.4654476961006448,0.4583427638584663,0.22868424530612588,0.6666666666666666,0.5,0.9555968362517381,0.2771116650365554,0.28998805199429767,0.4583427638584663,0,"[[0, 1, 2, 3, 4, 5], [0, 1, 2, 3, 4, 5], [0, 1, 2, 3, 4, 5], [0, 1, 2, 3, 4, 5]]","[true, true, true, true, true]",0,0.0,0,1,1,[],[],[],[],nan,[],nan,nan,nan,0.311687791
harmonic_loop--neutral,harmonic_loop,neutral,n0_d0_m0,factorial_combination,0.0,0.0,0,1.0,1601,error_peak_dynamic,0.0,6.408170768996079,1.32544910604547,1.32544910604547,0.40901001428991157,0.20683735715318935,0.6666666666666666,0.5,0.9555968362517381,0.2917622295659975,0.3053193758054019,0.40901001428991157,2,"[[2, 3], [2, 3], [3, 4], [1, 4]]","[true, true, true, true, true]",0,0.0,0,1,1,[],[],[],[],nan,[],nan,nan,nan,0.338389708
harmonic_loop--neutral,harmonic_loop,neutral,n0_d0_m0,factorial_combination,0.0,0.0,0,1.0,1601,dual_anchor_dynamic,0.0,6.408170768996079,1.32544910604547,1.32544910604547,0.40901001428991157,0.20683735715318935,0.6666666666666666,0.5,0.9555968362517381,0.2917622295659975,0.3053193758054019,0.40901001428991157,2,"[[2, 3], [2, 3], [3, 4], [1, 4]]","[true, true, true, true, true]",0,4.0,0,1,1,[],[],[],[],nan,[],nan,nan,nan,0.2507318749999996
harmonic_loop--neutral,harmonic_loop,neutral,n0_d0_m0,factorial_combination,0.0,0.0,0,1.0,1601,fixed_delay_dual_anchor,1.0,6.408170768996079,1.4941485320936645,1.4941485320936645,0.5097472612599973,0.23316303293954535,0.6666666666666666,0.6666666666666666,0.9555968362517381,0.34792992219177193,0.3640969800156547,0.5097472612599973,2,"[[2, 3], [2, 3], [1, 3], [2, 3]]","[true, true, true, true, true]",0,4.0,0,1,1,"[[3, 4], [3, 4], [3, 4], [3, 4], [3, 4]]","[[5, 6], [5, 6], [5, 6], [5, 6], [5, 6]]","[[2, 2], [2, 2], [2, 2], [2, 2], [2, 2]]","[[4.0, 4.0], [4.0, 4.0], [4.0, 4.0], [4.0, 4.0], [4.0, 4.0]]",3.5,"[3.0, 4.0]",4.0,0.5,0.9992922822848891,0.28343841599999964
harmonic_loop--neutral,harmonic_loop,neutral,n0_d0_m0,factorial_combination,0.0,0.0,0,1.0,1601,delay_aware_dual_anchor,0.25,6.408170768996079,1.2882444280577678,1.2882444280577678,0.39906064245977796,0.20103153840570756,0.6666666666666666,0.3333333333333333,0.9555968362517381,0.2885690203100686,0.301977789547693,0.39906064245977796,2,"[[2, 3], [2, 3], [3, 4], [2, 4]]","[true, true, true, true, true]",0,4.0,0,1,1,"[[3, 4], [3, 4], [3, 4], [3, 4], [3, 4]]","[[5, 6], [5, 6], [5, 6], [5, 6], [5, 6]]","[[2, 2], [2, 2], [2, 2], [2, 2], [2, 2]]","[[0.75, 1.0], [0.75, 1.0], [0.75, 1.0], [0.75, 1.0], [0.75, 1.0]]",3.5,"[3.0, 4.0]",4.0,0.5,0.9993006419755235,0.2728750830000002
harmonic_loop--neutral,harmonic_loop,neutral,n0_d0_m0,factorial_combination,0.0,0.0,0,1.0,1627,full_trajectory,0.0,6.848371135995096,1.3032877160775937,1.3032877160775937,0.4318222634266987,0.19030623343812408,0.6666666666666666,0.5,0.9737649673401546,0.25700205099280626,0.26392616248539835,0.4318222634266987,0,"[[0, 1, 2, 3, 4, 5], [0, 1, 2, 3, 4, 5], [0, 1, 2, 3, 4, 5], [0, 1, 2, 3, 4, 5]]","[true, true, true, true, true]",0,0.0,0,1,1,[],[],[],[],nan,[],nan,nan,nan,0.2713950409999999
harmonic_loop--neutral,harmonic_loop,neutral,n0_d0_m0,factorial_combination,0.0,0.0,0,1.0,1627,error_peak_dynamic,0.0,6.848371135995096,1.2446638881347536,1.2446638881347536,0.36980815157458036,0.1817459748337513,0.6666666666666666,0.3333333333333333,0.9737649673401546,0.294062471173038,0.3019850590602695,0.36980815157458036,3,"[[1, 3], [3, 4], [1, 3], [1, 4]]","[true, true, true, true, true]",0,0.0,0,1,1,[],[],[],[],nan,[],nan,nan,nan,0.23554066699999998
harmonic_loop--neutral,harmonic_loop,neutral,n0_d0_m0,factorial_combination,0.0,0.0,0,1.0,1627,dual_anchor_dynamic,0.0,6.848371135995096,1.2446638881347536,1.2446638881347536,0.36980815157458036,0.1817459748337513,0.6666666666666666,0.3333333333333333,0.9737649673401546,0.294062471173038,0.3019850590602695,0.36980815157458036,3,"[[1, 3], [3, 4], [1, 3], [1, 4]]","[true, true, true, true, true]",0,4.0,0,1,1,[],[],[],[],nan,[],nan,nan,nan,0.3112002079999998
harmonic_loop--neutral,harmonic_loop,neutral,n0_d0_m0,factorial_combination,0.0,0.0,0,1.0,1627,fixed_delay_dual_anchor,1.0,6.848371135995096,1.4667535977381494,1.4667535977381494,0.4727232488936475,0.21417554168886674,0.6666666666666666,0.6666666666666666,0.9737649673401546,0.40457584819781606,0.41547587124942237,0.4727232488936475,2,"[[1, 3], [3, 4], [2, 3], [2, 3]]","[true, true, true, true, true]",0,4.0,0,1,1,"[[0, 3], [0, 3], [0, 3], [0, 3], [0, 3]]","[[2, 5], [2, 5], [2, 5], [2, 5], [2, 5]]","[[2, 2], [2, 2], [2, 2], [2, 2], [2, 2]]","[[4.0, 4.0], [4.0, 4.0], [4.0, 4.0], [4.0, 4.0], [4.0, 4.0]]",1.5,"[0.0, 3.0]",2.0,0.5,0.9954730765762017,0.2766508329999997
harmonic_loop--neutral,harmonic_loop,neutral,n0_d0_m0,factorial_combination,0.0,0.0,0,1.0,1627,delay_aware_dual_anchor,0.25,6.848371135995096,1.2501026463125458,1.2501026463125458,0.35695062510870884,0.18254014297531215,0.6666666666666666,0.3333333333333333,0.9737649673401546,0.2889046556293405,0.2966882824081107,0.35695062510870884,3,"[[1, 3], [3, 4], [1, 3], [1, 4]]","[true, true, true, true, true]",0,4.0,0,1,1,"[[0, 3], [0, 3], [0, 3], [0, 3], [0, 3]]","[[2, 5], [2, 5], [2, 5], [2, 5], [2, 5]]","[[2, 2], [2, 2], [2, 2], [2, 2], [2, 2]]","[[0.0, 0.75], [0.0, 0.75], [0.0, 0.75], [0.0, 0.75], [0.0, 0.75]]",1.5,"[0.0, 3.0]",2.0,0.5,0.9955086506887862,0.32449016600000036
harmonic_loop--neutral,harmonic_loop,neutral,n0_d0_m0,factorial_combination,0.0,0.0,0,1.0,1657,full_trajectory,0.0,9.398091324736928,2.4759879903138793,2.4759879903138793,0.4706167967907899,0.26345647267725264,0.6666666666666666,0.6666666666666666,1.3669383502272079,0.46624954500410015,0.3410903973296248,0.4706167967907899,0,"[[0, 1, 2, 3, 4, 5], [0, 1, 2, 3, 4, 5], [0, 1, 2, 3, 4, 5], [0, 1, 2, 3, 4, 5]]","[true, true, true, true, true]",0,0.0,0,1,1,[],[],[],[],nan,[],nan,nan,nan,0.28243125000000013
harmonic_loop--neutral,harmonic_loop,neutral,n0_d0_m0,factorial_combination,0.0,0.0,0,1.0,1657,error_peak_dynamic,0.0,9.398091324736928,1.823246923359964,1.823246923359964,0.41010515267644865,0.19400183083568837,0.6666666666666666,0.6666666666666666,1.3669383502272079,0.5077450709935292,0.371446942657753,0.41010515267644865,3,"[[2, 3], [3, 4], [2, 4], [3, 4]]","[true, true, true, true, true]",0,0.0,0,1,1,[],[],[],[],nan,[],nan,nan,nan,0.2530811670000004
harmonic_loop--neutral,harmonic_loop,neutral,n0_d0_m0,factorial_combination,0.0,0.0,0,1.0,1657,dual_anchor_dynamic,0.0,9.398091324736928,2.578588461909354,2.6992957139775045,0.42175710359322244,0.2743736331995619,0.6666666666666666,0.6666666666666666,1.3669383502272079,0.7043083452605898,0.5152451426529383,0.42175710359322244,2,"[[2, 3], [3, 4], [2, 4], [2, 4]]","[true, true, true, false, false]",2,1.0,0,1,1,[],[],[],[],nan,[],nan,nan,nan,0.29591858299999974
harmonic_loop--neutral,harmonic_loop,neutral,n0_d0_m0,factorial_combination,0.0,0.0,0,1.0,1657,fixed_delay_dual_anchor,1.0,9.398091324736928,2.6071786484036275,2.9316917884603892,0.4816969341664449,0.27741576010665203,0.6666666666666666,0.6666666666666666,1.3669383502272079,0.5969207407135677,0.43668446394407584,0.4816969341664449,2,"[[2, 3], [2, 3], [1, 3], [2, 4]]","[true, true, true, true, false]",1,2.0,0,1,1,"[[4, 5], [4, 5], [4, 5], [4, 5], [4, 5]]","[[6, 7], [6, 7], [6, 7], [6, 7], [6, 7]]","[[2, 2], [2, 2], [2, 2], [2, 2], [2, 2]]","[[4.0, 4.0], [4.0, 4.0], [4.0, 4.0], [4.0, 4.0], [4.0, 4.0]]",4.5,"[4.0, 5.0]",4.5,0.0,0.9986102802371273,0.31204670899999964
harmonic_loop--neutral,harmonic_loop,neutral,n0_d0_m0,factorial_combination,0.0,0.0,0,1.0,1657,delay_aware_dual_anchor,0.25,9.398091324736928,2.056863417602492,2.056863417602492,0.413546030804941,0.21885969677572462,0.6666666666666666,0.6666666666666666,1.3669383502272079,0.44874409743467686,0.32828407905893353,0.413546030804941,2,"[[2, 3], [2, 3], [3, 4], [2, 4]]","[true, true, true, true, true]",0,4.0,0,1,1,"[[4, 5], [4, 5], [4, 5], [4, 5], [4, 5]]","[[6, 7], [6, 7], [6, 7], [6, 7], [6, 7]]","[[2, 2], [2, 2], [2, 2], [2, 2], [2, 2]]","[[1.0, 1.25], [1.0, 1.25], [1.0, 1.25], [1.0, 1.25], [1.0, 1.25]]",4.5,"[4.0, 5.0]",4.5,0.0,0.998598348142141,0.29593483299999956
harmonic_loop--neutral,harmonic_loop,neutral,n0_d0_m0,factorial_combination,0.0,0.0,0,1.0,1669,full_trajectory,0.0,7.237383097506278,1.5548994858167684,1.5548994858167684,0.44832820697799486,0.2148427774056242,0.6666666666666666,0.5,1.020811898270287,0.3065296077235107,0.30028020661094296,0.44832820697799486,0,"[[0, 1, 2, 3, 4, 5], [0, 1, 2, 3, 4, 5], [0, 1, 2, 3, 4, 5], [0, 1, 2, 3, 4, 5]]","[true, true, true, true, true]",0,0.0,0,1,1,[],[],[],[],nan,[],nan,nan,nan,0.28125975000000025
harmonic_loop--neutral,harmonic_loop,neutral,n0_d0_m0,factorial_combination,0.0,0.0,0,1.0,1669,error_peak_dynamic,0.0,7.237383097506278,1.4673554393713142,1.4673554393713142,0.38740598515439717,0.20274668614362945,0.6666666666666666,0.5,1.020811898270287,0.3329841196528323,0.3261953746983717,0.38740598515439717,3,"[[1, 3], [3, 4], [1, 3], [1, 4]]","[true, true, true, true, true]",0,0.0,0,1,1,[],[],[],[],nan,[],nan,nan,nan,0.26787974999999964
harmonic_loop--neutral,harmonic_loop,neutral,n0_d0_m0,factorial_combination,0.0,0.0,0,1.0,1669,dual_anchor_dynamic,0.0,7.237383097506278,1.4673554393713142,1.4673554393713142,0.38740598515439717,0.20274668614362945,0.6666666666666666,0.5,1.020811898270287,0.3329841196528323,0.3261953746983717,0.38740598515439717,3,"[[1, 3], [3, 4], [1, 3], [1, 4]]","[true, true, true, true, true]",0,4.0,0,1,1,[],[],[],[],nan,[],nan,nan,nan,0.24349050000000005
harmonic_loop--neutral,harmonic_loop,neutral,n0_d0_m0,factorial_combination,0.0,0.0,0,1.0,1669,fixed_delay_dual_anchor,1.0,7.237383097506278,1.652779462054892,1.652779462054892,0.47804049045055147,0.22836699947863418,0.6666666666666666,0.6666666666666666,1.020811898270287,0.44603288684291553,0.43693934954979974,0.47804049045055147,3,"[[1, 3], [2, 3], [3, 4], [2, 3]]","[true, true, true, true, true]",0,4.0,0,1,1,"[[1, 4], [1, 4], [1, 4], [1, 4], [1, 4]]","[[3, 6], [3, 6], [3, 6], [3, 6], [3, 6]]","[[2, 2], [2, 2], [2, 2], [2, 2], [2, 2]]","[[4.0, 4.0], [4.0, 4.0], [4.0, 4.0], [4.0, 4.0], [4.0, 4.0]]",2.5,"[1.0, 4.0]",3.0,0.5,0.9955744861450815,0.27884512499999925
harmonic_loop--neutral,harmonic_loop,neutral,n0_d0_m0,factorial_combination,0.0,0.0,0,1.0,1669,delay_aware_dual_anchor,0.25,7.237383097506278,1.5056570798657083,1.5056570798657083,0.37446190624393705,0.208038880846932,0.6666666666666666,0.3333333333333333,1.020811898270287,0.3262444102246697,0.3195930717279785,0.37446190624393705,3,"[[1, 3], [3, 4], [1, 3], [1, 4]]","[true, true, true, true, true]",0,4.0,0,1,1,"[[1, 4], [1, 4], [1, 4], [1, 4], [1, 4]]","[[3, 6], [3, 6], [3, 6], [3, 6], [3, 6]]","[[2, 2], [2, 2], [2, 2], [2, 2], [2, 2]]","[[0.25, 1.0], [0.25, 1.0], [0.25, 1.0], [0.25, 1.0], [0.25, 1.0]]",2.5,"[1.0, 4.0]",3.0,0.5,0.9954960124136965,0.29902662499999977
harmonic_loop--demand_aligned,harmonic_loop,demand_aligned,n0_d0_m0,factorial_combination,0.0,0.0,0,1.0,1601,full_trajectory,0.0,10.654314642869762,2.283101740248812,2.283101740248812,0.44500937825863385,0.2142889352133732,0.6666666666666666,0.6666666666666666,0.9555968362517381,0.2771116650365554,0.28998805199429767,0.44500937825863385,0,"[[0, 1, 2, 3, 4, 5], [0, 1, 2, 3, 4, 5], [0, 1, 2, 3, 4, 5], [0, 1, 2, 3, 4, 5]]","[true, true, true, true, true]",0,0.0,0,1,1,[],[],[],[],nan,[],nan,nan,nan,0.2719827090000013
harmonic_loop--demand_aligned,harmonic_loop,demand_aligned,n0_d0_m0,factorial_combination,0.0,0.0,0,1.0,1601,error_peak_dynamic,0.0,10.654314642869762,1.9770411830026098,1.9770411830026098,0.4053324342496102,0.1855624926870087,0.6666666666666666,0.5,0.9555968362517381,0.4511395856194397,0.4721024269910763,0.4053324342496102,3,"[[2, 3], [1, 3], [2, 4], [1, 3]]","[true, true, true, true, true]",0,0.0,0,1,1,[],[],[],[],nan,[],nan,nan,nan,0.18511445799999926
harmonic_loop--demand_aligned,harmonic_loop,demand_aligned,n0_d0_m0,factorial_combination,0.0,0.0,0,1.0,1601,dual_anchor_dynamic,0.0,10.654314642869762,1.3167315008758458,1.3167315008758458,0.3564714371653756,0.12358669187201528,0.6666666666666666,0.6666666666666666,0.9555968362517381,0.31550591267314637,0.3301663428592923,0.3564714371653756,1,"[[2, 3], [2, 3], [3, 4], [3, 4]]","[true, true, true, true, true]",0,4.0,0,1,1,[],[],[],[],nan,[],nan,nan,nan,0.24640616699999995
harmonic_loop--demand_aligned,harmonic_loop,demand_aligned,n0_d0_m0,factorial_combination,0.0,0.0,0,1.0,1601,fixed_delay_dual_anchor,1.0,10.654314642869762,1.7454069361014477,1.7454069361014477,0.4786249644775402,0.16382160604479,0.6666666666666666,0.6666666666666666,0.9555968362517381,0.34792992219177193,0.3640969800156547,0.4786249644775402,2,"[[2, 3], [2, 3], [1, 3], [2, 3]]","[true, true, true, true, true]",0,4.0,0,1,1,"[[3, 4], [3, 4], [3, 4], [3, 4], [3, 4]]","[[5, 6], [5, 6], [5, 6], [5, 6], [5, 6]]","[[2, 2], [2, 2], [2, 2], [2, 2], [2, 2]]","[[4.0, 4.0], [4.0, 4.0], [4.0, 4.0], [4.0, 4.0], [4.0, 4.0]]",3.5,"[3.0, 4.0]",4.0,0.5,0.9992922822848891,0.2954122090000002
harmonic_loop--demand_aligned,harmonic_loop,demand_aligned,n0_d0_m0,factorial_combination,0.0,0.0,0,1.0,1601,delay_aware_dual_anchor,0.25,10.654314642869762,1.275963431605241,1.275963431605241,0.3557183985077659,0.11976025435471442,0.6666666666666666,0.5,0.9555968362517381,0.30851146131969626,0.3228468843930155,0.3557183985077659,1,"[[2, 3], [2, 3], [3, 4], [3, 4]]","[true, true, true, true, true]",0,4.0,0,1,1,"[[3, 4], [3, 4], [3, 4], [3, 4], [3, 4]]","[[5, 6], [5, 6], [5, 6], [5, 6], [5, 6]]","[[2, 2], [2, 2], [2, 2], [2, 2], [2, 2]]","[[0.75, 1.0], [0.75, 1.0], [0.75, 1.0], [0.75, 1.0], [0.75, 1.0]]",3.5,"[3.0, 4.0]",4.0,0.5,0.9993006419755235,0.2944080420000006
harmonic_loop--demand_aligned,harmonic_loop,demand_aligned,n0_d0_m0,factorial_combination,0.0,0.0,0,1.0,1627,full_trajectory,0.0,11.631734398680258,2.0506460498840684,2.0506460498840684,0.4204732625450566,0.1762975304969769,0.6666666666666666,0.5,0.9737649673401546,0.25700205099280626,0.26392616248539835,0.4204732625450566,0,"[[0, 1, 2, 3, 4, 5], [0, 1, 2, 3, 4, 5], [0, 1, 2, 3, 4, 5], [0, 1, 2, 3, 4, 5]]","[true, true, true, true, true]",0,0.0,0,1,1,[],[],[],[],nan,[],nan,nan,nan,0.35139795799999973
harmonic_loop--demand_aligned,harmonic_loop,demand_aligned,n0_d0_m0,factorial_combination,0.0,0.0,0,1.0,1627,error_peak_dynamic,0.0,11.631734398680258,2.241274092274465,2.241274092274465,0.3430552211978496,0.19268614769339654,0.6666666666666666,0.5,0.9737649673401546,0.41059297297713915,0.4216551085203615,0.3430552211978496,3,"[[1, 3], [3, 4], [1, 3], [1, 4]]","[true, true, true, true, true]",0,0.0,0,1,1,[],[],[],[],nan,[],nan,nan,nan,0.18260500000000057
harmonic_loop--demand_aligned,harmonic_loop,demand_aligned,n0_d0_m0,factorial_combination,0.0,0.0,0,1.0,1627,dual_anchor_dynamic,0.0,11.631734398680258,1.2546204557523166,1.2546204557523166,0.3381157272099893,0.10786185557114049,0.6666666666666666,0.5,0.9737649673401546,0.3171490609641046,0.32569364436102005,0.3381157272099893,3,"[[1, 3], [3, 4], [1, 3], [3, 4]]","[true, true, true, true, true]",0,4.0,0,1,1,[],[],[],[],nan,[],nan,nan,nan,0.3131377499999992
harmonic_loop--demand_aligned,harmonic_loop,demand_aligned,n0_d0_m0,factorial_combination,0.0,0.0,0,1.0,1627,fixed_delay_dual_anchor,1.0,11.631734398680258,2.1752515963765395,2.1752515963765395,0.46035678577588157,0.18701008137043987,0.6666666666666666,0.6666666666666666,0.9737649673401546,0.40457584819781606,0.41547587124942237,0.46035678577588157,2,"[[1, 3], [3, 4], [2, 3], [2, 3]]","[true, true, true, true, true]",0,4.0,0,1,1,"[[0, 3], [0, 3], [0, 3], [0, 3], [0, 3]]","[[2, 5], [2, 5], [2, 5], [2, 5], [2, 5]]","[[2, 2], [2, 2], [2, 2], [2, 2], [2, 2]]","[[4.0, 4.0], [4.0, 4.0], [4.0, 4.0], [4.0, 4.0], [4.0, 4.0]]",1.5,"[0.0, 3.0]",2.0,0.5,0.9954730765762017,0.2847315419999994
harmonic_loop--demand_aligned,harmonic_loop,demand_aligned,n0_d0_m0,factorial_combination,0.0,0.0,0,1.0,1627,delay_aware_dual_anchor,0.25,11.631734398680258,1.2031482178962107,1.2031482178962107,0.3254915615909597,0.10343669969224198,0.6666666666666666,0.3333333333333333,0.9737649673401546,0.3118878522849441,0.3202906889707357,0.3254915615909597,3,"[[1, 3], [3, 4], [1, 3], [3, 4]]","[true, true, true, true, true]",0,4.0,0,1,1,"[[0, 3], [0, 3], [0, 3], [0, 3], [0, 3]]","[[2, 5], [2, 5], [2, 5], [2, 5], [2, 5]]","[[2, 2], [2, 2], [2, 2], [2, 2], [2, 2]]","[[0.0, 0.75], [0.0, 0.75], [0.0, 0.75], [0.0, 0.75], [0.0, 0.75]]",1.5,"[0.0, 3.0]",2.0,0.5,0.9955086506887862,0.26574679100000154
harmonic_loop--demand_aligned,harmonic_loop,demand_aligned,n0_d0_m0,factorial_combination,0.0,0.0,0,1.0,1657,full_trajectory,0.0,15.707767417350528,3.7194673782576526,3.7194673782576526,0.4540231844190482,0.23679159994113444,0.6666666666666666,0.6666666666666666,1.3669383502272079,0.46624954500410015,0.3410903973296248,0.4540231844190482,0,"[[0, 1, 2, 3, 4, 5], [0, 1, 2, 3, 4, 5], [0, 1, 2, 3, 4, 5], [0, 1, 2, 3, 4, 5]]","[true, true, true, true, true]",0,0.0,0,1,1,[],[],[],[],nan,[],nan,nan,nan,0.27916900000000133
harmonic_loop--demand_aligned,harmonic_loop,demand_aligned,n0_d0_m0,factorial_combination,0.0,0.0,0,1.0,1657,error_peak_dynamic,0.0,15.707767417350528,3.5594242851548783,3.5594242851548783,0.3868074424183478,0.2266028131549236,0.6666666666666666,0.6666666666666666,1.3669383502272079,0.6494450507770104,0.47510924736954074,0.3868074424183478,3,"[[2, 3], [1, 3], [3, 4], [2, 4]]","[true, true, true, true, true]",0,0.0,0,1,1,[],[],[],[],nan,[],nan,nan,nan,0.1894841670000016
harmonic_loop--demand_aligned,harmonic_loop,demand_aligned,n0_d0_m0,factorial_combination,0.0,0.0,0,1.0,1657,dual_anchor_dynamic,0.0,15.707767417350528,2.200394367501584,2.200394367501584,0.3663059207800777,0.14008320272625546,0.6666666666666666,0.6666666666666666,1.3669383502272079,0.5138259637789319,0.37589549206335854,0.3663059207800777,3,"[[2, 3], [3, 4], [2, 3], [3, 4]]","[true, true, true, true, true]",0,4.0,0,1,1,[],[],[],[],nan,[],nan,nan,nan,0.2514714169999994
harmonic_loop--demand_aligned,harmonic_loop,demand_aligned,n0_d0_m0,factorial_combination,0.0,0.0,0,1.0,1657,fixed_delay_dual_anchor,1.0,15.707767417350528,3.385445255587438,4.767406405047054,0.4572485030021519,0.21552682603690285,0.6666666666666666,0.6666666666666666,1.3669383502272079,0.5969207407135677,0.43668446394407584,0.4572485030021519,2,"[[2, 3], [2, 3], [1, 3], [2, 4]]","[true, true, true, true, false]",1,2.0,0,1,1,"[[4, 5], [4, 5], [4, 5], [4, 5], [4, 5]]","[[6, 7], [6, 7], [6, 7], [6, 7], [6, 7]]","[[2, 2], [2, 2], [2, 2], [2, 2], [2, 2]]","[[4.0, 4.0], [4.0, 4.0], [4.0, 4.0], [4.0, 4.0], [4.0, 4.0]]",4.5,"[4.0, 5.0]",4.5,0.0,0.9986102802371273,0.30763299999999916
harmonic_loop--demand_aligned,harmonic_loop,demand_aligned,n0_d0_m0,factorial_combination,0.0,0.0,0,1.0,1657,delay_aware_dual_anchor,0.25,15.707767417350528,1.9235238012779496,1.9235238012779496,0.36640988932713514,0.12245685527233224,0.6666666666666666,0.6666666666666666,1.3669383502272079,0.49036048660859594,0.3587290432864729,0.36640988932713514,1,"[[2, 3], [2, 3], [3, 4], [3, 4]]","[true, true, true, true, true]",0,4.0,0,1,1,"[[4, 5], [4, 5], [4, 5], [4, 5], [4, 5]]","[[6, 7], [6, 7], [6, 7], [6, 7], [6, 7]]","[[2, 2], [2, 2], [2, 2], [2, 2], [2, 2]]","[[1.0, 1.25], [1.0, 1.25], [1.0, 1.25], [1.0, 1.25], [1.0, 1.25]]",4.5,"[4.0, 5.0]",4.5,0.0,0.9986031105946505,0.3054418329999997
harmonic_loop--demand_aligned,harmonic_loop,demand_aligned,n0_d0_m0,factorial_combination,0.0,0.0,0,1.0,1669,full_trajectory,0.0,12.274480006903124,2.435214915058478,2.435214915058478,0.4346746734459692,0.19839658492163595,0.6666666666666666,0.5,1.020811898270287,0.3065296077235107,0.30028020661094296,0.4346746734459692,0,"[[0, 1, 2, 3, 4, 5], [0, 1, 2, 3, 4, 5], [0, 1, 2, 3, 4, 5], [0, 1, 2, 3, 4, 5]]","[true, true, true, true, true]",0,0.0,0,1,1,[],[],[],[],nan,[],nan,nan,nan,0.2818582910000007
harmonic_loop--demand_aligned,harmonic_loop,demand_aligned,n0_d0_m0,factorial_combination,0.0,0.0,0,1.0,1669,error_peak_dynamic,0.0,12.274480006903124,1.942341883654477,1.942341883654477,0.3809226642556873,0.15824229479066412,0.6666666666666666,0.6666666666666666,1.020811898270287,0.4943221195383944,0.4842440809869063,0.3809226642556873,3,"[[1, 3], [3, 4], [1, 2], [3, 4]]","[true, true, true, true, true]",0,0.0,0,1,1,[],[],[],[],nan,[],nan,nan,nan,0.17568100000000086
harmonic_loop--demand_aligned,harmonic_loop,demand_aligned,n0_d0_m0,factorial_combination,0.0,0.0,0,1.0,1669,dual_anchor_dynamic,0.0,12.274480006903124,1.5010711603701519,1.5010711603701519,0.3503176574286124,0.122292036772715,0.6666666666666666,0.6666666666666666,1.020811898270287,0.36386442662567264,0.3564461065179806,0.3503176574286124,3,"[[1, 3], [3, 4], [1, 3], [3, 4]]","[true, true, true, true, true]",0,4.0,0,1,1,[],[],[],[],nan,[],nan,nan,nan,0.2413757909999994
harmonic_loop--demand_aligned,harmonic_loop,demand_aligned,n0_d0_m0,factorial_combination,0.0,0.0,0,1.0,1669,fixed_delay_dual_anchor,1.0,12.274480006903124,2.179447436518867,2.179447436518867,0.45444032108188165,0.17755924774761567,0.6666666666666666,0.6666666666666666,1.020811898270287,0.44603288684291553,0.43693934954979974,0.45444032108188165,3,"[[1, 3], [2, 3], [3, 4], [2, 3]]","[true, true, true, true, true]",0,4.0,0,1,1,"[[1, 4], [1, 4], [1, 4], [1, 4], [1, 4]]","[[3, 6], [3, 6], [3, 6], [3, 6], [3, 6]]","[[2, 2], [2, 2], [2, 2], [2, 2], [2, 2]]","[[4.0, 4.0], [4.0, 4.0], [4.0, 4.0], [4.0, 4.0], [4.0, 4.0]]",2.5,"[1.0, 4.0]",3.0,0.5,0.9955744861450815,0.26538379199999973
harmonic_loop--demand_aligned,harmonic_loop,demand_aligned,n0_d0_m0,factorial_combination,0.0,0.0,0,1.0,1669,delay_aware_dual_anchor,0.25,12.274480006903124,1.443306711730408,1.443306711730408,0.3386749622927422,0.11758597601842989,0.6666666666666666,0.6666666666666666,1.020811898270287,0.3570158021972753,0.34973710906213,0.3386749622927422,3,"[[1, 3], [3, 4], [1, 3], [3, 4]]","[true, true, true, true, true]",0,4.0,0,1,1,"[[1, 4], [1, 4], [1, 4], [1, 4], [1, 4]]","[[3, 6], [3, 6], [3, 6], [3, 6], [3, 6]]","[[2, 2], [2, 2], [2, 2], [2, 2], [2, 2]]","[[0.25, 1.0], [0.25, 1.0], [0.25, 1.0], [0.25, 1.0], [0.25, 1.0]]",2.5,"[1.0, 4.0]",3.0,0.5,0.9954960124136965,0.2621596660000005
harmonic_loop--demand_conflict,harmonic_loop,demand_conflict,n0_d0_m0,factorial_combination,0.0,0.0,0,1.0,1601,full_trajectory,0.0,3.6012132561648516,1.3349713061769237,1.3349713061769237,0.5735615112230953,0.37070043099825056,0.6666666666666666,0.3333333333333333,0.9555968362517381,0.2771116650365554,0.28998805199429767,0.5735615112230953,0,"[[0, 1, 2, 3, 4, 5], [0, 1, 2, 3, 4, 5], [0, 1, 2, 3, 4, 5], [0, 1, 2, 3, 4, 5]]","[true, true, true, true, true]",0,0.0,0,1,1,[],[],[],[],nan,[],nan,nan,nan,0.254994292000001
harmonic_loop--demand_conflict,harmonic_loop,demand_conflict,n0_d0_m0,factorial_combination,0.0,0.0,0,1.0,1601,error_peak_dynamic,0.0,3.6012132561648516,1.656363755960209,1.656363755960209,0.5563957137558705,0.4599460343329321,0.6666666666666666,0.3333333333333333,0.9555968362517381,0.37050857251408437,0.3877247793822533,0.5563957137558705,3,"[[2, 3], [3, 4], [1, 2], [1, 3]]","[true, true, true, true, true]",0,0.0,0,1,1,[],[],[],[],nan,[],nan,nan,nan,0.2376696660000004
harmonic_loop--demand_conflict,harmonic_loop,demand_conflict,n0_d0_m0,factorial_combination,0.0,0.0,0,1.0,1601,dual_anchor_dynamic,0.0,3.6012132561648516,1.0034172684357467,1.0034172684357467,0.5202165653782097,0.27863311530302043,0.6666666666666666,0.3333333333333333,0.9555968362517381,0.3196075008845547,0.3344585171903591,0.5202165653782097,3,"[[2, 3], [3, 4], [2, 4], [3, 4]]","[true, true, true, true, true]",0,4.0,0,1,1,[],[],[],[],nan,[],nan,nan,nan,0.24039337500000002
harmonic_loop--demand_conflict,harmonic_loop,demand_conflict,n0_d0_m0,factorial_combination,0.0,0.0,0,1.0,1601,fixed_delay_dual_anchor,1.0,3.6012132561648516,1.1474715118950936,1.1474715118950936,0.5597838201788955,0.3186347017718981,0.6666666666666666,0.5,0.9555968362517381,0.33717449330933125,0.3528417848596848,0.5597838201788955,2,"[[2, 3], [2, 3], [3, 4], [1, 2]]","[true, true, true, true, true]",0,4.0,0,1,1,"[[3, 4], [3, 4], [3, 4], [3, 4], [3, 4]]","[[5, 6], [5, 6], [5, 6], [5, 6], [5, 6]]","[[2, 2], [2, 2], [2, 2], [2, 2], [2, 2]]","[[4.0, 4.0], [4.0, 4.0], [4.0, 4.0], [4.0, 4.0], [4.0, 4.0]]",3.5,"[3.0, 4.0]",4.0,0.5,0.9992922822848891,0.2771819999999998
harmonic_loop--demand_conflict,harmonic_loop,demand_conflict,n0_d0_m0,factorial_combination,0.0,0.0,0,1.0,1601,delay_aware_dual_anchor,0.25,3.6012132561648516,0.8757268952458661,0.8757268952458661,0.4932910949886299,0.24317551695854867,0.6666666666666666,0.16666666666666666,0.9555968362517381,0.30959069630785807,0.32397626756719494,0.4932910949886299,3,"[[2, 3], [3, 4], [2, 4], [3, 4]]","[true, true, true, true, true]",0,4.0,0,1,1,"[[3, 4], [3, 4], [3, 4], [3, 4], [3, 4]]","[[5, 6], [5, 6], [5, 6], [5, 6], [5, 6]]","[[2, 2], [2, 2], [2, 2], [2, 2], [2, 2]]","[[0.75, 1.0], [0.75, 1.0], [0.75, 1.0], [0.75, 1.0], [0.75, 1.0]]",3.5,"[3.0, 4.0]",4.0,0.5,0.999304903930291,0.25611525000000057
harmonic_loop--demand_conflict,harmonic_loop,demand_conflict,n0_d0_m0,factorial_combination,0.0,0.0,0,1.0,1627,full_trajectory,0.0,3.7042046050443176,1.141651276370402,1.141651276370402,0.501456585276699,0.3082041620529607,0.6666666666666666,0.16666666666666666,0.9737649673401546,0.25700205099280626,0.26392616248539835,0.501456585276699,0,"[[0, 1, 2, 3, 4, 5], [0, 1, 2, 3, 4, 5], [0, 1, 2, 3, 4, 5], [0, 1, 2, 3, 4, 5]]","[true, true, true, true, true]",0,0.0,0,1,1,[],[],[],[],nan,[],nan,nan,nan,0.2664070419999973
harmonic_loop--demand_conflict,harmonic_loop,demand_conflict,n0_d0_m0,factorial_combination,0.0,0.0,0,1.0,1627,error_peak_dynamic,0.0,3.7042046050443176,0.9013818324117207,0.9013818324117207,0.45254947034126514,0.24334018460649703,0.6666666666666666,0.3333333333333333,0.9737649673401546,0.39692944056099977,0.407623455221659,0.45254947034126514,3,"[[1, 3], [3, 4], [1, 3], [3, 4]]","[true, true, true, true, true]",0,0.0,0,1,1,[],[],[],[],nan,[],nan,nan,nan,0.21584550000000036
harmonic_loop--demand_conflict,harmonic_loop,demand_conflict,n0_d0_m0,factorial_combination,0.0,0.0,0,1.0,1627,dual_anchor_dynamic,0.0,3.7042046050443176,0.8596035970634606,0.8596035970634606,0.43289501505705574,0.2320615864180041,0.6666666666666666,0.0,0.9737649673401546,0.29582962529409945,0.3037998235879855,0.43289501505705574,2,"[[1, 3], [3, 4], [3, 4], [1, 4]]","[true, true, true, true, true]",0,4.0,0,1,1,[],[],[],[],nan,[],nan,nan,nan,0.22682316599999908
harmonic_loop--demand_conflict,harmonic_loop,demand_conflict,n0_d0_m0,factorial_combination,0.0,0.0,0,1.0,1627,fixed_delay_dual_anchor,1.0,3.7042046050443176,1.3615483574578864,1.3615483574578864,0.5317975158135946,0.36756834533485405,0.6666666666666666,0.5,0.9737649673401546,0.44321970375523007,0.45516086388472937,0.5317975158135946,3,"[[1, 3], [3, 4], [2, 3], [3, 4]]","[true, true, true, true, true]",0,4.0,0,1,1,"[[0, 3], [0, 3], [0, 3], [0, 3], [0, 3]]","[[2, 5], [2, 5], [2, 5], [2, 5], [2, 5]]","[[2, 2], [2, 2], [2, 2], [2, 2], [2, 2]]","[[4.0, 4.0], [4.0, 4.0], [4.0, 4.0], [4.0, 4.0], [4.0, 4.0]]",1.5,"[0.0, 3.0]",2.0,0.5,0.9954730765762017,0.27222895799999947
harmonic_loop--demand_conflict,harmonic_loop,demand_conflict,n0_d0_m0,factorial_combination,0.0,0.0,0,1.0,1627,delay_aware_dual_anchor,0.25,3.7042046050443176,0.9980153301911084,1.0889254296982116,0.43120823593408897,0.2694277008435305,0.6666666666666666,0.3333333333333333,0.9737649673401546,0.3720781311090183,0.3821026054422066,0.43120823593408897,2,"[[1, 3], [3, 4], [3, 4], [1, 2]]","[true, true, true, true, false]",1,2.0,0,1,1,"[[0, 3], [0, 3], [0, 3], [0, 3], [0, 3]]","[[2, 5], [2, 5], [2, 5], [2, 5], [2, 5]]","[[2, 2], [2, 2], [2, 2], [2, 2], [2, 2]]","[[0.0, 0.75], [0.0, 0.75], [0.0, 0.75], [0.0, 0.75], [0.0, 0.75]]",1.5,"[0.0, 3.0]",2.0,0.5,0.9955093906760706,0.2590685420000014
harmonic_loop--demand_conflict,harmonic_loop,demand_conflict,n0_d0_m0,factorial_combination,0.0,0.0,0,1.0,1657,full_trajectory,0.0,5.221864766098884,2.467653641331199,2.467653641331199,0.6146793928555767,0.47256176708205283,1.0,0.5,1.3669383502272079,0.46624954500410015,0.3410903973296248,0.6146793928555767,0,"[[0, 1, 2, 3, 4, 5], [0, 1, 2, 3, 4, 5], [0, 1, 2, 3, 4, 5], [0, 1, 2, 3, 4, 5]]","[true, true, true, true, true]",0,0.0,0,1,1,[],[],[],[],nan,[],nan,nan,nan,0.2670258340000018
harmonic_loop--demand_conflict,harmonic_loop,demand_conflict,n0_d0_m0,factorial_combination,0.0,0.0,0,1.0,1657,error_peak_dynamic,0.0,5.221864766098884,1.84997219559204,1.84997219559204,0.5588673771677428,0.35427424463427937,1.0,0.6666666666666666,1.3669383502272079,0.5400128532767444,0.3950528223800183,0.5588673771677428,3,"[[2, 3], [3, 4], [2, 3], [1, 4]]","[true, true, true, true, true]",0,0.0,0,1,1,[],[],[],[],nan,[],nan,nan,nan,0.21231945799999963
harmonic_loop--demand_conflict,harmonic_loop,demand_conflict,n0_d0_m0,factorial_combination,0.0,0.0,0,1.0,1657,dual_anchor_dynamic,0.0,5.221864766098884,1.8122404914964318,1.8122404914964318,0.5442210727552235,0.3470485301078198,1.0,0.8333333333333334,1.3669383502272079,0.5077450709935292,0.371446942657753,0.5442210727552235,3,"[[2, 3], [3, 4], [2, 4], [3, 4]]","[true, true, true, true, true]",0,4.0,0,1,1,[],[],[],[],nan,[],nan,nan,nan,0.23584762500000167
harmonic_loop--demand_conflict,harmonic_loop,demand_conflict,n0_d0_m0,factorial_combination,0.0,0.0,0,1.0,1657,fixed_delay_dual_anchor,1.0,5.221864766098884,1.864684025694285,1.864684025694285,0.5595456794785779,0.35709159643506827,1.0,0.6666666666666666,1.3669383502272079,0.512551879845309,0.3749634208156603,0.5595456794785779,2,"[[2, 3], [2, 3], [3, 4], [1, 2]]","[true, true, true, true, true]",0,4.0,0,1,1,"[[4, 5], [4, 5], [4, 5], [4, 5], [4, 5]]","[[6, 7], [6, 7], [6, 7], [6, 7], [6, 7]]","[[2, 2], [2, 2], [2, 2], [2, 2], [2, 2]]","[[4.0, 4.0], [4.0, 4.0], [4.0, 4.0], [4.0, 4.0], [4.0, 4.0]]",4.5,"[4.0, 5.0]",4.5,0.0,0.9986104849151698,0.2909269170000002
harmonic_loop--demand_conflict,harmonic_loop,demand_conflict,n0_d0_m0,factorial_combination,0.0,0.0,0,1.0,1657,delay_aware_dual_anchor,0.25,5.221864766098884,1.5094283863202376,1.5094283863202376,0.5112821701899082,0.2890592640620778,1.0,0.5,1.3669383502272079,0.48109802067183555,0.3519529762200827,0.5112821701899082,3,"[[2, 3], [3, 4], [2, 4], [3, 4]]","[true, true, true, true, true]",0,4.0,0,1,1,"[[4, 5], [4, 5], [4, 5], [4, 5], [4, 5]]","[[6, 7], [6, 7], [6, 7], [6, 7], [6, 7]]","[[2, 2], [2, 2], [2, 2], [2, 2], [2, 2]]","[[1.0, 1.25], [1.0, 1.25], [1.0, 1.25], [1.0, 1.25], [1.0, 1.25]]",4.5,"[4.0, 5.0]",4.5,0.0,0.998611244745155,0.2716380409999992
harmonic_loop--demand_conflict,harmonic_loop,demand_conflict,n0_d0_m0,factorial_combination,0.0,0.0,0,1.0,1669,full_trajectory,0.0,3.9227864561381875,1.4009947074149594,1.4009947074149594,0.5390811366436874,0.3571427410285743,0.8333333333333334,0.3333333333333333,1.020811898270287,0.3065296077235107,0.30028020661094296,0.5390811366436874,0,"[[0, 1, 2, 3, 4, 5], [0, 1, 2, 3, 4, 5], [0, 1, 2, 3, 4, 5], [0, 1, 2, 3, 4, 5]]","[true, true, true, true, true]",0,0.0,0,1,1,[],[],[],[],nan,[],nan,nan,nan,0.2790956659999999
harmonic_loop--demand_conflict,harmonic_loop,demand_conflict,n0_d0_m0,factorial_combination,0.0,0.0,0,1.0,1669,error_peak_dynamic,0.0,3.9227864561381875,1.0595379594605436,1.0595379594605436,0.48024421005814233,0.2700983016301154,0.8333333333333334,0.3333333333333333,1.020811898270287,0.4220722177763684,0.4134671808699996,0.48024421005814233,3,"[[1, 3], [3, 4], [1, 3], [1, 4]]","[true, true, true, true, true]",0,0.0,0,1,1,[],[],[],[],nan,[],nan,nan,nan,0.21046337499999979
harmonic_loop--demand_conflict,harmonic_loop,demand_conflict,n0_d0_m0,factorial_combination,0.0,0.0,0,1.0,1669,dual_anchor_dynamic,0.0,3.9227864561381875,1.0225299222529092,1.0225299222529092,0.4666168726899958,0.2606641818732966,0.8333333333333334,0.3333333333333333,1.020811898270287,0.3602578860930852,0.35291309466859033,0.4666168726899958,3,"[[1, 3], [3, 4], [1, 4], [3, 4]]","[true, true, true, true, true]",0,4.0,0,1,1,[],[],[],[],nan,[],nan,nan,nan,0.2290979170000007
harmonic_loop--demand_conflict,harmonic_loop,demand_conflict,n0_d0_m0,factorial_combination,0.0,0.0,0,1.0,1669,fixed_delay_dual_anchor,1.0,3.9227864561381875,1.3681668662752628,1.4817574401431046,0.5463030085960144,0.34877424034500304,0.8333333333333334,0.6666666666666666,1.020811898270287,0.4950073083121856,0.48491530041034,0.5463030085960144,3,"[[1, 3], [2, 3], [3, 4], [2, 3]]","[true, true, true, true, false]",1,2.0,0,1,1,"[[1, 4], [1, 4], [1, 4], [1, 4], [1, 4]]","[[3, 6], [3, 6], [3, 6], [3, 6], [3, 6]]","[[2, 2], [2, 2], [2, 2], [2, 2], [2, 2]]","[[4.0, 4.0], [4.0, 4.0], [4.0, 4.0], [4.0, 4.0], [4.0, 4.0]]",2.5,"[1.0, 4.0]",3.0,0.5,0.9955744861450815,0.2716749589999985
harmonic_loop--demand_conflict,harmonic_loop,demand_conflict,n0_d0_m0,factorial_combination,0.0,0.0,0,1.0,1669,delay_aware_dual_anchor,0.25,3.9227864561381875,1.1254876225848918,1.2729687324181171,0.4585906475224644,0.2869102448398084,0.8333333333333334,0.5,1.020811898270287,0.3850523740882581,0.3772020827154439,0.4585906475224644,3,"[[1, 3], [3, 4], [1, 4], [1, 3]]","[true, true, true, true, false]",1,2.0,0,1,1,"[[1, 4], [1, 4], [1, 4], [1, 4], [1, 4]]","[[3, 6], [3, 6], [3, 6], [3, 6], [3, 6]]","[[2, 2], [2, 2], [2, 2], [2, 2], [2, 2]]","[[0.25, 1.0], [0.25, 1.0], [0.25, 1.0], [0.25, 1.0], [0.25, 1.0]]",2.5,"[1.0, 4.0]",3.0,0.5,0.9954960124136965,0.26749391699999947
ellipse--neutral,ellipse,neutral,n0_d0_m0,factorial_combination,0.0,0.0,0,1.0,1601,full_trajectory,0.0,4.323869392979275,0.14534926641984425,0.14534926641984425,0.2874401514318433,0.03361555431249839,0.6666666666666666,0.0,0.7898222174247597,0.021376384876374187,0.02706480573067768,0.2874401514318433,0,"[[0, 1, 2, 3, 4, 5], [0, 1, 2, 3, 4, 5], [0, 1, 2, 3, 4, 5], [0, 1, 2, 3, 4, 5]]","[true, true, true, true, true]",0,0.0,0,1,1,[],[],[],[],nan,[],nan,nan,nan,0.1803982089999998
ellipse--neutral,ellipse,neutral,n0_d0_m0,factorial_combination,0.0,0.0,0,1.0,1601,error_peak_dynamic,0.0,4.323869392979275,0.10856745541230135,0.10856745541230135,0.2725375094934332,0.025108865588906036,0.6666666666666666,0.0,0.7898222174247597,0.02175217225687739,0.027540593030924144,0.2725375094934332,1,"[[3, 4], [3, 4], [3, 4], [1, 3]]","[true, true, true, true, true]",0,0.0,0,1,1,[],[],[],[],nan,[],nan,nan,nan,0.15505783300000076
ellipse--neutral,ellipse,neutral,n0_d0_m0,factorial_combination,0.0,0.0,0,1.0,1601,dual_anchor_dynamic,0.0,4.323869392979275,0.10856745541230135,0.10856745541230135,0.2725375094934332,0.025108865588906036,0.6666666666666666,0.0,0.7898222174247597,0.02175217225687739,0.027540593030924144,0.2725375094934332,1,"[[3, 4], [3, 4], [3, 4], [1, 3]]","[true, true, true, true, true]",0,4.0,0,1,1,[],[],[],[],nan,[],nan,nan,nan,0.1580503329999985
ellipse--neutral,ellipse,neutral,n0_d0_m0,factorial_combination,0.0,0.0,0,1.0,1601,fixed_delay_dual_anchor,1.0,4.323869392979275,0.0981096948223546,0.0981096948223546,0.2784822855771349,0.022690254007592513,0.6666666666666666,0.0,0.7898222174247597,0.023781210033209037,0.030109573405960172,0.2784822855771349,1,"[[3, 4], [3, 4], [3, 4], [2, 4]]","[true, true, true, true, true]",0,4.0,0,1,1,"[[3, 4], [3, 4], [3, 4], [3, 4], [3, 4]]","[[5, 6], [5, 6], [5, 6], [5, 6], [5, 6]]","[[2, 2], [2, 2], [2, 2], [2, 2], [2, 2]]","[[4.0, 4.0], [4.0, 4.0], [4.0, 4.0], [4.0, 4.0], [4.0, 4.0]]",3.5,"[3.0, 4.0]",4.0,0.5,0.9992976576303085,0.20619116700000006
ellipse--neutral,ellipse,neutral,n0_d0_m0,factorial_combination,0.0,0.0,0,1.0,1601,delay_aware_dual_anchor,0.25,4.323869392979275,0.09609087547656131,0.09609087547656131,0.26466725250830186,0.022223352914541163,0.6666666666666666,0.0,0.7898222174247597,0.02216748328606178,0.028066421527542695,0.26466725250830186,0,"[[3, 4], [3, 4], [3, 4], [3, 4]]","[true, true, true, true, true]",0,4.0,0,1,1,"[[3, 4], [3, 4], [3, 4], [3, 4], [3, 4]]","[[5, 6], [5, 6], [5, 6], [5, 6], [5, 6]]","[[2, 2], [2, 2], [2, 2], [2, 2], [2, 2]]","[[0.75, 1.0], [0.75, 1.0], [0.75, 1.0], [0.75, 1.0], [0.75, 1.0]]",3.5,"[3.0, 4.0]",4.0,0.5,0.9992958111147288,0.1906597500000018
ellipse--neutral,ellipse,neutral,n0_d0_m0,factorial_combination,0.0,0.0,0,1.0,1627,full_trajectory,0.0,6.354809241959298,0.24899044023156885,0.24899044023156885,0.2809239730602934,0.039181418473987234,0.6666666666666666,0.0,1.1360953088168015,0.03949786459209719,0.03476633015343815,0.2809239730602934,0,"[[0, 1, 2, 3, 4, 5], [0, 1, 2, 3, 4, 5], [0, 1, 2, 3, 4, 5], [0, 1, 2, 3, 4, 5]]","[true, true, true, true, true]",0,0.0,0,1,1,[],[],[],[],nan,[],nan,nan,nan,0.18732062499999813
ellipse--neutral,ellipse,neutral,n0_d0_m0,factorial_combination,0.0,0.0,0,1.0,1627,error_peak_dynamic,0.0,6.354809241959298,0.24560755377749732,0.24560755377749732,0.27850515042909274,0.03864908361934909,0.6666666666666666,0.0,1.1360953088168015,0.044161472850614905,0.038871274714273166,0.27850515042909274,2,"[[3, 4], [3, 4], [2, 4], [1, 2]]","[true, true, true, true, true]",0,0.0,0,1,1,[],[],[],[],nan,[],nan,nan,nan,0.19097425
ellipse--neutral,ellipse,neutral,n0_d0_m0,factorial_combination,0.0,0.0,0,1.0,1627,dual_anchor_dynamic,0.0,6.354809241959298,0.24560755377749732,0.24560755377749732,0.27850515042909274,0.03864908361934909,0.6666666666666666,0.0,1.1360953088168015,0.044161472850614905,0.038871274714273166,0.27850515042909274,2,"[[3, 4], [3, 4], [2, 4], [1, 2]]","[true, true, true, true, true]",0,4.0,0,1,1,[],[],[],[],nan,[],nan,nan,nan,0.20051433400000107
ellipse--neutral,ellipse,neutral,n0_d0_m0,factorial_combination,0.0,0.0,0,1.0,1627,fixed_delay_dual_anchor,1.0,6.354809241959298,0.34601801977467045,0.34601801977467045,0.3077255860617036,0.05444978859318003,0.6666666666666666,0.0,1.1360953088168015,0.05834142462802812,0.05135257946693611,0.3077255860617036,0,"[[3, 4], [3, 4], [3, 4], [3, 4]]","[true, true, true, true, true]",0,4.0,0,1,1,"[[0, 3], [0, 3], [0, 3], [0, 3], [0, 3]]","[[2, 5], [2, 5], [2, 5], [2, 5], [2, 5]]","[[2, 2], [2, 2], [2, 2], [2, 2], [2, 2]]","[[4.0, 4.0], [4.0, 4.0], [4.0, 4.0], [4.0, 4.0], [4.0, 4.0]]",1.5,"[0.0, 3.0]",2.0,0.5,0.9965475699558155,0.22650374999999912
ellipse--neutral,ellipse,neutral,n0_d0_m0,factorial_combination,0.0,0.0,0,1.0,1627,delay_aware_dual_anchor,0.25,6.354809241959298,0.18611716585146132,0.18611716585146132,0.26080381804693475,0.029287608607127626,0.6666666666666666,0.0,1.1360953088168015,0.0369662915242271,0.03253801968668107,0.26080381804693475,2,"[[3, 4], [2, 4], [1, 2], [1, 2]]","[true, true, true, true, true]",0,4.0,0,1,1,"[[0, 3], [0, 3], [0, 3], [0, 3], [0, 3]]","[[2, 5], [2, 5], [2, 5], [2, 5], [2, 5]]","[[2, 2], [2, 2], [2, 2], [2, 2], [2, 2]]","[[0.0, 0.75], [0.0, 0.75], [0.0, 0.75], [0.0, 0.75], [0.0, 0.75]]",1.5,"[0.0, 3.0]",2.0,0.5,0.9965485196896255,0.21952554099999944
ellipse--neutral,ellipse,neutral,n0_d0_m0,factorial_combination,0.0,0.0,0,1.0,1657,full_trajectory,0.0,6.279796297047133,0.23499973210307906,0.23499973210307906,0.2965275697242224,0.03742155334140057,0.6666666666666666,0.0,1.1483122941899455,0.0347009112393331,0.03021905401074904,0.2965275697242224,0,"[[0, 1, 2, 3, 4, 5], [0, 1, 2, 3, 4, 5], [0, 1, 2, 3, 4, 5], [0, 1, 2, 3, 4, 5]]","[true, true, true, true, true]",0,0.0,0,1,1,[],[],[],[],nan,[],nan,nan,nan,0.17609450000000137
ellipse--neutral,ellipse,neutral,n0_d0_m0,factorial_combination,0.0,0.0,0,1.0,1657,error_peak_dynamic,0.0,6.279796297047133,0.1834809702767286,0.1834809702767286,0.28205696585272627,0.029217662738997518,0.6666666666666666,0.0,1.1483122941899455,0.03463238222424761,0.030159375981146617,0.28205696585272627,1,"[[3, 4], [3, 4], [3, 4], [1, 3]]","[true, true, true, true, true]",0,0.0,0,1,1,[],[],[],[],nan,[],nan,nan,nan,0.17337779200000014
ellipse--neutral,ellipse,neutral,n0_d0_m0,factorial_combination,0.0,0.0,0,1.0,1657,dual_anchor_dynamic,0.0,6.279796297047133,0.1834809702767286,0.1834809702767286,0.28205696585272627,0.029217662738997518,0.6666666666666666,0.0,1.1483122941899455,0.03463238222424761,0.030159375981146617,0.28205696585272627,1,"[[3, 4], [3, 4], [3, 4], [1, 3]]","[true, true, true, true, true]",0,4.0,0,1,1,[],[],[],[],nan,[],nan,nan,nan,0.17678937499999847
ellipse--neutral,ellipse,neutral,n0_d0_m0,factorial_combination,0.0,0.0,0,1.0,1657,fixed_delay_dual_anchor,1.0,6.279796297047133,0.1451979578351092,0.1451979578351092,0.2804144272418367,0.023121443907883406,0.6666666666666666,0.0,1.1483122941899455,0.03596360193214651,0.031318659666111415,0.2804144272418367,0,"[[3, 4], [3, 4], [3, 4], [3, 4]]","[true, true, true, true, true]",0,4.0,0,1,1,"[[4, 5], [4, 5], [4, 5], [4, 5], [4, 5]]","[[6, 7], [6, 7], [6, 7], [6, 7], [6, 7]]","[[2, 2], [2, 2], [2, 2], [2, 2], [2, 2]]","[[4.0, 4.0], [4.0, 4.0], [4.0, 4.0], [4.0, 4.0], [4.0, 4.0]]",4.5,"[4.0, 5.0]",4.5,0.0,0.9989971448040692,0.21174745899999792
ellipse--neutral,ellipse,neutral,n0_d0_m0,factorial_combination,0.0,0.0,0,1.0,1657,delay_aware_dual_anchor,0.25,6.279796297047133,0.1516600580714538,0.1516600580714538,0.2722087633826625,0.024150474139227565,0.6666666666666666,0.0,1.1483122941899455,0.03299302607303533,0.02873175375720384,0.2722087633826625,0,"[[3, 4], [3, 4], [3, 4], [3, 4]]","[true, true, true, true, true]",0,4.0,0,1,1,"[[4, 5], [4, 5], [4, 5], [4, 5], [4, 5]]","[[6, 7], [6, 7], [6, 7], [6, 7], [6, 7]]","[[2, 2], [2, 2], [2, 2], [2, 2], [2, 2]]","[[1.0, 1.25], [1.0, 1.25], [1.0, 1.25], [1.0, 1.25], [1.0, 1.25]]",4.5,"[4.0, 5.0]",4.5,0.0,0.9989945458401094,0.20301537499999966
ellipse--neutral,ellipse,neutral,n0_d0_m0,factorial_combination,0.0,0.0,0,1.0,1669,full_trajectory,0.0,6.309157607411764,0.24496850194166667,0.24496850194166667,0.28152808414200975,0.038827450063045936,0.6666666666666666,0.0,1.111710137699995,0.03969737147567859,0.035708383084288545,0.28152808414200975,0,"[[0, 1, 2, 3, 4, 5], [0, 1, 2, 3, 4, 5], [0, 1, 2, 3, 4, 5], [0, 1, 2, 3, 4, 5]]","[true, true, true, true, true]",0,0.0,0,1,1,[],[],[],[],nan,[],nan,nan,nan,0.1848833749999983
ellipse--neutral,ellipse,neutral,n0_d0_m0,factorial_combination,0.0,0.0,0,1.0,1669,error_peak_dynamic,0.0,6.309157607411764,0.248886497403191,0.248886497403191,0.27872466552179337,0.0394484514241344,0.6666666666666666,0.0,1.111710137699995,0.0452308895741457,0.040685865892815726,0.27872466552179337,2,"[[3, 4], [3, 4], [2, 4], [1, 2]]","[true, true, true, true, true]",0,0.0,0,1,1,[],[],[],[],nan,[],nan,nan,nan,0.18600079200000152
ellipse--neutral,ellipse,neutral,n0_d0_m0,factorial_combination,0.0,0.0,0,1.0,1669,dual_anchor_dynamic,0.0,6.309157607411764,0.248886497403191,0.248886497403191,0.27872466552179337,0.0394484514241344,0.6666666666666666,0.0,1.111710137699995,0.0452308895741457,0.040685865892815726,0.27872466552179337,2,"[[3, 4], [3, 4], [2, 4], [1, 2]]","[true, true, true, true, true]",0,4.0,0,1,1,[],[],[],[],nan,[],nan,nan,nan,0.18717766700000027
ellipse--neutral,ellipse,neutral,n0_d0_m0,factorial_combination,0.0,0.0,0,1.0,1669,fixed_delay_dual_anchor,1.0,6.309157607411764,0.2981518512543544,0.2981518512543544,0.29486451568879996,0.04725699844684442,0.6666666666666666,0.0,1.111710137699995,0.05140785218076836,0.04624213672021154,0.29486451568879996,0,"[[3, 4], [3, 4], [3, 4], [3, 4]]","[true, true, true, true, true]",0,4.0,0,1,1,"[[1, 4], [1, 4], [1, 4], [1, 4], [1, 4]]","[[3, 6], [3, 6], [3, 6], [3, 6], [3, 6]]","[[2, 2], [2, 2], [2, 2], [2, 2], [2, 2]]","[[4.0, 4.0], [4.0, 4.0], [4.0, 4.0], [4.0, 4.0], [4.0, 4.0]]",2.5,"[1.0, 4.0]",3.0,0.5,0.9967496769975019,0.2209634170000001
ellipse--neutral,ellipse,neutral,n0_d0_m0,factorial_combination,0.0,0.0,0,1.0,1669,delay_aware_dual_anchor,0.25,6.309157607411764,0.1934648753285131,0.1934648753285131,0.2623459919190595,0.030664137332888582,0.6666666666666666,0.0,1.111710137699995,0.03672372062222827,0.03303353938842869,0.2623459919190595,1,"[[3, 4], [3, 4], [1, 2], [1, 2]]","[true, true, true, true, true]",0,4.0,0,1,1,"[[1, 4], [1, 4], [1, 4], [1, 4], [1, 4]]","[[3, 6], [3, 6], [3, 6], [3, 6], [3, 6]]","[[2, 2], [2, 2], [2, 2], [2, 2], [2, 2]]","[[0.25, 1.0], [0.25, 1.0], [0.25, 1.0], [0.25, 1.0], [0.25, 1.0]]",2.5,"[1.0, 4.0]",3.0,0.5,0.9967667711644639,0.23221237500000314
ellipse--demand_aligned,ellipse,demand_aligned,n0_d0_m0,factorial_combination,0.0,0.0,0,1.0,1601,full_trajectory,0.0,6.171430783721032,0.23605745728296193,0.23605745728296193,0.3047033567512884,0.038250037237010426,0.5,0.0,0.7898222174247597,0.021376384876374187,0.02706480573067768,0.3047033567512884,0,"[[0, 1, 2, 3, 4, 5], [0, 1, 2, 3, 4, 5], [0, 1, 2, 3, 4, 5], [0, 1, 2, 3, 4, 5]]","[true, true, true, true, true]",0,0.0,0,1,1,[],[],[],[],nan,[],nan,nan,nan,0.18001937500000054
ellipse--demand_aligned,ellipse,demand_aligned,n0_d0_m0,factorial_combination,0.0,0.0,0,1.0,1601,error_peak_dynamic,0.0,6.171430783721032,0.287759918890766,0.287759918890766,0.28803031720505956,0.046627747920274444,0.5,0.0,0.7898222174247597,0.043449603080290305,0.055011877510813906,0.28803031720505956,2,"[[3, 4], [3, 4], [1, 3], [1, 2]]","[true, true, true, true, true]",0,0.0,0,1,1,[],[],[],[],nan,[],nan,nan,nan,0.1257846669999978
ellipse--demand_aligned,ellipse,demand_aligned,n0_d0_m0,factorial_combination,0.0,0.0,0,1.0,1601,dual_anchor_dynamic,0.0,6.171430783721032,0.16456417169940768,0.16456417169940768,0.28567974733682183,0.026665481225762785,0.5,0.0,0.7898222174247597,0.02175217225687739,0.027540593030924144,0.28567974733682183,1,"[[3, 4], [3, 4], [3, 4], [1, 3]]","[true, true, true, true, true]",0,4.0,0,1,1,[],[],[],[],nan,[],nan,nan,nan,0.15764704200000068
ellipse--demand_aligned,ellipse,demand_aligned,n0_d0_m0,factorial_combination,0.0,0.0,0,1.0,1601,fixed_delay_dual_anchor,1.0,6.171430783721032,0.15199672780376622,0.15199672780376622,0.2691264284157354,0.024629090583775548,0.5,0.0,0.7898222174247597,0.023781210033209037,0.030109573405960172,0.2691264284157354,1,"[[3, 4], [3, 4], [3, 4], [2, 4]]","[true, true, true, true, true]",0,4.0,0,1,1,"[[3, 4], [3, 4], [3, 4], [3, 4], [3, 4]]","[[5, 6], [5, 6], [5, 6], [5, 6], [5, 6]]","[[2, 2], [2, 2], [2, 2], [2, 2], [2, 2]]","[[4.0, 4.0], [4.0, 4.0], [4.0, 4.0], [4.0, 4.0], [4.0, 4.0]]",3.5,"[3.0, 4.0]",4.0,0.5,0.9992976576303085,0.19242604100000094
ellipse--demand_aligned,ellipse,demand_aligned,n0_d0_m0,factorial_combination,0.0,0.0,0,1.0,1601,delay_aware_dual_anchor,0.25,6.171430783721032,0.12988583658615968,0.12988583658615968,0.26921363420136096,0.02104630856895809,0.5,0.0,0.7898222174247597,0.02216748328606178,0.028066421527542695,0.26921363420136096,0,"[[3, 4], [3, 4], [3, 4], [3, 4]]","[true, true, true, true, true]",0,4.0,0,1,1,"[[3, 4], [3, 4], [3, 4], [3, 4], [3, 4]]","[[5, 6], [5, 6], [5, 6], [5, 6], [5, 6]]","[[2, 2], [2, 2], [2, 2], [2, 2], [2, 2]]","[[0.75, 1.0], [0.75, 1.0], [0.75, 1.0], [0.75, 1.0], [0.75, 1.0]]",3.5,"[3.0, 4.0]",4.0,0.5,0.9992958111147288,0.18646166599999958
ellipse--demand_aligned,ellipse,demand_aligned,n0_d0_m0,factorial_combination,0.0,0.0,0,1.0,1627,full_trajectory,0.0,8.44472687681052,0.22044342020025992,0.22044342020025992,0.26861524544388055,0.026104268784062672,0.6666666666666666,0.0,1.1360953088168015,0.03949786459209719,0.03476633015343815,0.26861524544388055,0,"[[0, 1, 2, 3, 4, 5], [0, 1, 2, 3, 4, 5], [0, 1, 2, 3, 4, 5], [0, 1, 2, 3, 4, 5]]","[true, true, true, true, true]",0,0.0,0,1,1,[],[],[],[],nan,[],nan,nan,nan,0.17970366700000184
ellipse--demand_aligned,ellipse,demand_aligned,n0_d0_m0,factorial_combination,0.0,0.0,0,1.0,1627,error_peak_dynamic,0.0,8.44472687681052,0.3583129240664832,0.3583129240664832,0.2675856209237984,0.042430374515772855,0.6666666666666666,0.0,1.1360953088168015,0.06983083340930085,0.06146564717534739,0.2675856209237984,2,"[[3, 4], [1, 4], [1, 2], [1, 2]]","[true, true, true, true, true]",0,0.0,0,1,1,[],[],[],[],nan,[],nan,nan,nan,0.1499685829999997
ellipse--demand_aligned,ellipse,demand_aligned,n0_d0_m0,factorial_combination,0.0,0.0,0,1.0,1627,dual_anchor_dynamic,0.0,8.44472687681052,0.21343040899141902,0.21343040899141902,0.25845903947177057,0.02527380839012159,0.6666666666666666,0.0,1.1360953088168015,0.04355120296819753,0.03833411037807593,0.25845903947177057,2,"[[3, 4], [3, 4], [2, 3], [1, 2]]","[true, true, true, true, true]",0,4.0,0,1,1,[],[],[],[],nan,[],nan,nan,nan,0.19342095899999734
ellipse--demand_aligned,ellipse,demand_aligned,n0_d0_m0,factorial_combination,0.0,0.0,0,1.0,1627,fixed_delay_dual_anchor,1.0,8.44472687681052,0.568852065849908,0.568852065849908,0.32983717123624107,0.06736180745075288,0.6666666666666666,0.0,1.1360953088168015,0.05834142462802812,0.05135257946693611,0.32983717123624107,0,"[[3, 4], [3, 4], [3, 4], [3, 4]]","[true, true, true, true, true]",0,4.0,0,1,1,"[[0, 3], [0, 3], [0, 3], [0, 3], [0, 3]]","[[2, 5], [2, 5], [2, 5], [2, 5], [2, 5]]","[[2, 2], [2, 2], [2, 2], [2, 2], [2, 2]]","[[4.0, 4.0], [4.0, 4.0], [4.0, 4.0], [4.0, 4.0], [4.0, 4.0]]",1.5,"[0.0, 3.0]",2.0,0.5,0.9965475699558155,0.22968975000000214
ellipse--demand_aligned,ellipse,demand_aligned,n0_d0_m0,factorial_combination,0.0,0.0,0,1.0,1627,delay_aware_dual_anchor,0.25,8.44472687681052,0.16765920942619456,0.16765920942619456,0.24759695325882333,0.0198537160374709,0.6666666666666666,0.0,1.1360953088168015,0.037541074345485946,0.03304394803335954,0.24759695325882333,2,"[[3, 4], [2, 4], [2, 4], [1, 2]]","[true, true, true, true, true]",0,4.0,0,1,1,"[[0, 3], [0, 3], [0, 3], [0, 3], [0, 3]]","[[2, 5], [2, 5], [2, 5], [2, 5], [2, 5]]","[[2, 2], [2, 2], [2, 2], [2, 2], [2, 2]]","[[0.0, 0.75], [0.0, 0.75], [0.0, 0.75], [0.0, 0.75], [0.0, 0.75]]",1.5,"[0.0, 3.0]",2.0,0.5,0.9965485196896255,0.2502606250000028
ellipse--demand_aligned,ellipse,demand_aligned,n0_d0_m0,factorial_combination,0.0,0.0,0,1.0,1657,full_trajectory,0.0,8.636231598351824,0.37925219617396855,0.37925219617396855,0.315961200756684,0.043914083573945224,0.6666666666666666,0.0,1.1483122941899455,0.0347009112393331,0.03021905401074904,0.315961200756684,0,"[[0, 1, 2, 3, 4, 5], [0, 1, 2, 3, 4, 5], [0, 1, 2, 3, 4, 5], [0, 1, 2, 3, 4, 5]]","[true, true, true, true, true]",0,0.0,0,1,1,[],[],[],[],nan,[],nan,nan,nan,0.17978270800000118
ellipse--demand_aligned,ellipse,demand_aligned,n0_d0_m0,factorial_combination,0.0,0.0,0,1.0,1657,error_peak_dynamic,0.0,8.636231598351824,0.2986640463339364,0.2986640463339364,0.29755941441104083,0.034582681454598176,0.6666666666666666,0.0,1.1483122941899455,0.07326411543081872,0.06380155973380174,0.29755941441104083,1,"[[3, 4], [3, 4], [1, 3], [1, 3]]","[true, true, true, true, true]",0,0.0,0,1,1,[],[],[],[],nan,[],nan,nan,nan,0.1172724169999988
ellipse--demand_aligned,ellipse,demand_aligned,n0_d0_m0,factorial_combination,0.0,0.0,0,1.0,1657,dual_anchor_dynamic,0.0,8.636231598351824,0.27822832730924935,0.27822832730924935,0.29774040811036984,0.03221640412727556,0.6666666666666666,0.0,1.1483122941899455,0.03463238222424761,0.030159375981146617,0.29774040811036984,1,"[[3, 4], [3, 4], [3, 4], [1, 3]]","[true, true, true, true, true]",0,4.0,0,1,1,[],[],[],[],nan,[],nan,nan,nan,0.1638347919999994
ellipse--demand_aligned,ellipse,demand_aligned,n0_d0_m0,factorial_combination,0.0,0.0,0,1.0,1657,fixed_delay_dual_anchor,1.0,8.636231598351824,0.22477785924323718,0.22477785924323718,0.2764976367986374,0.026027307939047718,0.6666666666666666,0.0,1.1483122941899455,0.03596360193214651,0.031318659666111415,0.2764976367986374,0,"[[3, 4], [3, 4], [3, 4], [3, 4]]","[true, true, true, true, true]",0,4.0,0,1,1,"[[4, 5], [4, 5], [4, 5], [4, 5], [4, 5]]","[[6, 7], [6, 7], [6, 7], [6, 7], [6, 7]]","[[2, 2], [2, 2], [2, 2], [2, 2], [2, 2]]","[[4.0, 4.0], [4.0, 4.0], [4.0, 4.0], [4.0, 4.0], [4.0, 4.0]]",4.5,"[4.0, 5.0]",4.5,0.0,0.9989971448040692,0.2143432919999988
ellipse--demand_aligned,ellipse,demand_aligned,n0_d0_m0,factorial_combination,0.0,0.0,0,1.0,1657,delay_aware_dual_anchor,0.25,8.636231598351824,0.1965623160004515,0.1965623160004515,0.2750434894735743,0.02276019508763108,0.6666666666666666,0.0,1.1483122941899455,0.03299302607303533,0.02873175375720384,0.2750434894735743,0,"[[3, 4], [3, 4], [3, 4], [3, 4]]","[true, true, true, true, true]",0,4.0,0,1,1,"[[4, 5], [4, 5], [4, 5], [4, 5], [4, 5]]","[[6, 7], [6, 7], [6, 7], [6, 7], [6, 7]]","[[2, 2], [2, 2], [2, 2], [2, 2], [2, 2]]","[[1.0, 1.25], [1.0, 1.25], [1.0, 1.25], [1.0, 1.25], [1.0, 1.25]]",4.5,"[4.0, 5.0]",4.5,0.0,0.9989945458401094,0.19889758300000082
ellipse--demand_aligned,ellipse,demand_aligned,n0_d0_m0,factorial_combination,0.0,0.0,0,1.0,1669,full_trajectory,0.0,8.418992467635118,0.22308346788998765,0.22308346788998765,0.27288109021166346,0.026497644314041235,0.6666666666666666,0.0,1.111710137699995,0.03969737147567859,0.035708383084288545,0.27288109021166346,0,"[[0, 1, 2, 3, 4, 5], [0, 1, 2, 3, 4, 5], [0, 1, 2, 3, 4, 5], [0, 1, 2, 3, 4, 5]]","[true, true, true, true, true]",0,0.0,0,1,1,[],[],[],[],nan,[],nan,nan,nan,0.18965391700000112
ellipse--demand_aligned,ellipse,demand_aligned,n0_d0_m0,factorial_combination,0.0,0.0,0,1.0,1669,error_peak_dynamic,0.0,8.418992467635118,0.45216283614968183,0.45216283614968183,0.2749192630658665,0.053707476029693335,0.6666666666666666,0.0,1.111710137699995,0.06918775505119674,0.062235426938121244,0.2749192630658665,2,"[[3, 4], [1, 4], [1, 2], [1, 2]]","[true, true, true, true, true]",0,0.0,0,1,1,[],[],[],[],nan,[],nan,nan,nan,0.15831158300000325
ellipse--demand_aligned,ellipse,demand_aligned,n0_d0_m0,factorial_combination,0.0,0.0,0,1.0,1669,dual_anchor_dynamic,0.0,8.418992467635118,0.2358437646269539,0.2358437646269539,0.26272096500459924,0.028013300348420676,0.6666666666666666,0.0,1.111710137699995,0.04400426788824983,0.039582501225804936,0.26272096500459924,2,"[[3, 4], [3, 4], [2, 3], [1, 2]]","[true, true, true, true, true]",0,4.0,0,1,1,[],[],[],[],nan,[],nan,nan,nan,0.18658595899999852
ellipse--demand_aligned,ellipse,demand_aligned,n0_d0_m0,factorial_combination,0.0,0.0,0,1.0,1669,fixed_delay_dual_anchor,1.0,8.418992467635118,0.491798762530788,0.491798762530788,0.3125216226110166,0.05841539405355158,0.6666666666666666,0.0,1.111710137699995,0.05140785218076836,0.04624213672021154,0.3125216226110166,0,"[[3, 4], [3, 4], [3, 4], [3, 4]]","[true, true, true, true, true]",0,4.0,0,1,1,"[[1, 4], [1, 4], [1, 4], [1, 4], [1, 4]]","[[3, 6], [3, 6], [3, 6], [3, 6], [3, 6]]","[[2, 2], [2, 2], [2, 2], [2, 2], [2, 2]]","[[4.0, 4.0], [4.0, 4.0], [4.0, 4.0], [4.0, 4.0], [4.0, 4.0]]",2.5,"[1.0, 4.0]",3.0,0.5,0.9967496769975019,0.22289670900000047
ellipse--demand_aligned,ellipse,demand_aligned,n0_d0_m0,factorial_combination,0.0,0.0,0,1.0,1669,delay_aware_dual_anchor,0.25,8.418992467635118,0.17305152742650998,0.17305152742650998,0.24832394790544118,0.02055489752387436,0.6666666666666666,0.0,1.111710137699995,0.03730224298142328,0.03355392895723474,0.24832394790544118,2,"[[3, 4], [3, 4], [2, 4], [1, 2]]","[true, true, true, true, true]",0,4.0,0,1,1,"[[1, 4], [1, 4], [1, 4], [1, 4], [1, 4]]","[[3, 6], [3, 6], [3, 6], [3, 6], [3, 6]]","[[2, 2], [2, 2], [2, 2], [2, 2], [2, 2]]","[[0.25, 1.0], [0.25, 1.0], [0.25, 1.0], [0.25, 1.0], [0.25, 1.0]]",2.5,"[1.0, 4.0]",3.0,0.5,0.9967667711644639,0.2271446250000011
ellipse--demand_conflict,ellipse,demand_conflict,n0_d0_m0,factorial_combination,0.0,0.0,0,1.0,1601,full_trajectory,0.0,3.014750891283552,0.11486994998572159,0.11486994998572159,0.30559968875083593,0.03810263405770646,0.6666666666666666,0.0,0.7898222174247597,0.021376384876374187,0.02706480573067768,0.30559968875083593,0,"[[0, 1, 2, 3, 4, 5], [0, 1, 2, 3, 4, 5], [0, 1, 2, 3, 4, 5], [0, 1, 2, 3, 4, 5]]","[true, true, true, true, true]",0,0.0,0,1,1,[],[],[],[],nan,[],nan,nan,nan,0.18400412499999774
ellipse--demand_conflict,ellipse,demand_conflict,n0_d0_m0,factorial_combination,0.0,0.0,0,1.0,1601,error_peak_dynamic,0.0,3.014750891283552,0.1637689447959111,0.1637689447959111,0.32930374921769434,0.054322546273859885,0.6666666666666666,0.0,0.7898222174247597,0.024704687606999596,0.03127879548330511,0.32930374921769434,1,"[[3, 4], [3, 4], [3, 4], [1, 3]]","[true, true, true, true, true]",0,0.0,0,1,1,[],[],[],[],nan,[],nan,nan,nan,0.151445374999998
ellipse--demand_conflict,ellipse,demand_conflict,n0_d0_m0,factorial_combination,0.0,0.0,0,1.0,1601,dual_anchor_dynamic,0.0,3.014750891283552,0.11783969592225735,0.11783969592225735,0.31027737587852927,0.03908770580778773,0.6666666666666666,0.0,0.7898222174247597,0.020747324737466294,0.026268347837964855,0.31027737587852927,1,"[[3, 4], [1, 3], [1, 3], [1, 3]]","[true, true, true, true, true]",0,4.0,0,1,1,[],[],[],[],nan,[],nan,nan,nan,0.15682733399999904
ellipse--demand_conflict,ellipse,demand_conflict,n0_d0_m0,factorial_combination,0.0,0.0,0,1.0,1601,fixed_delay_dual_anchor,1.0,3.014750891283552,0.0900677907296835,0.0900677907296835,0.2835045621366529,0.02987569917968794,0.6666666666666666,0.0,0.7898222174247597,0.023781210033209037,0.030109573405960172,0.2835045621366529,1,"[[3, 4], [3, 4], [3, 4], [2, 4]]","[true, true, true, true, true]",0,4.0,0,1,1,"[[3, 4], [3, 4], [3, 4], [3, 4], [3, 4]]","[[5, 6], [5, 6], [5, 6], [5, 6], [5, 6]]","[[2, 2], [2, 2], [2, 2], [2, 2], [2, 2]]","[[4.0, 4.0], [4.0, 4.0], [4.0, 4.0], [4.0, 4.0], [4.0, 4.0]]",3.5,"[3.0, 4.0]",4.0,0.5,0.9992976576303085,0.1924861249999985
ellipse--demand_conflict,ellipse,demand_conflict,n0_d0_m0,factorial_combination,0.0,0.0,0,1.0,1601,delay_aware_dual_anchor,0.25,3.014750891283552,0.09583173364257933,0.09583173364257933,0.2939771912427096,0.03178761267461746,0.6666666666666666,0.0,0.7898222174247597,0.020017974384763618,0.025344911732203303,0.2939771912427096,2,"[[3, 4], [1, 4], [1, 3], [1, 3]]","[true, true, true, true, true]",0,4.0,0,1,1,"[[3, 4], [3, 4], [3, 4], [3, 4], [3, 4]]","[[5, 6], [5, 6], [5, 6], [5, 6], [5, 6]]","[[2, 2], [2, 2], [2, 2], [2, 2], [2, 2]]","[[0.75, 1.0], [0.75, 1.0], [0.75, 1.0], [0.75, 1.0], [0.75, 1.0]]",3.5,"[3.0, 4.0]",4.0,0.5,0.9992956785127174,0.19420279199999868
ellipse--demand_conflict,ellipse,demand_conflict,n0_d0_m0,factorial_combination,0.0,0.0,0,1.0,1627,full_trajectory,0.0,4.604175159206526,0.27775178737179357,0.27775178737179357,0.3284006239226347,0.06032606878919453,0.6666666666666666,0.0,1.1360953088168015,0.03949786459209719,0.03476633015343815,0.3284006239226347,0,"[[0, 1, 2, 3, 4, 5], [0, 1, 2, 3, 4, 5], [0, 1, 2, 3, 4, 5], [0, 1, 2, 3, 4, 5]]","[true, true, true, true, true]",0,0.0,0,1,1,[],[],[],[],nan,[],nan,nan,nan,0.17682445799999869
ellipse--demand_conflict,ellipse,demand_conflict,n0_d0_m0,factorial_combination,0.0,0.0,0,1.0,1627,error_peak_dynamic,0.0,4.604175159206526,0.3011316866610698,0.3011316866610698,0.3457624646326913,0.06540404659864553,0.6666666666666666,0.0,1.1360953088168015,0.059397507101503745,0.05228215154181378,0.3457624646326913,2,"[[3, 4], [3, 4], [1, 2], [2, 3]]","[true, true, true, true, true]",0,0.0,0,1,1,[],[],[],[],nan,[],nan,nan,nan,0.158592917
ellipse--demand_conflict,ellipse,demand_conflict,n0_d0_m0,factorial_combination,0.0,0.0,0,1.0,1627,dual_anchor_dynamic,0.0,4.604175159206526,0.28086303256713097,0.28086303256713097,0.3411251812648497,0.06100181310554969,0.6666666666666666,0.0,1.1360953088168015,0.04421533553670248,0.038918685072954845,0.3411251812648497,3,"[[3, 4], [1, 4], [2, 4], [1, 2]]","[true, true, true, true, true]",0,4.0,0,1,1,[],[],[],[],nan,[],nan,nan,nan,0.18613104199999952
ellipse--demand_conflict,ellipse,demand_conflict,n0_d0_m0,factorial_combination,0.0,0.0,0,1.0,1627,fixed_delay_dual_anchor,1.0,4.604175159206526,0.20481893430906065,0.20481893430906065,0.28929412240491864,0.04448547833796113,0.6666666666666666,0.0,1.1360953088168015,0.05834142462802812,0.05135257946693611,0.28929412240491864,0,"[[3, 4], [3, 4], [3, 4], [3, 4]]","[true, true, true, true, true]",0,4.0,0,1,1,"[[0, 3], [0, 3], [0, 3], [0, 3], [0, 3]]","[[2, 5], [2, 5], [2, 5], [2, 5], [2, 5]]","[[2, 2], [2, 2], [2, 2], [2, 2], [2, 2]]","[[4.0, 4.0], [4.0, 4.0], [4.0, 4.0], [4.0, 4.0], [4.0, 4.0]]",1.5,"[0.0, 3.0]",2.0,0.5,0.9965475699558155,0.23291949999999417
ellipse--demand_conflict,ellipse,demand_conflict,n0_d0_m0,factorial_combination,0.0,0.0,0,1.0,1627,delay_aware_dual_anchor,0.25,4.604175159206526,0.24072693629829195,0.24072693629829195,0.32401299039997183,0.05228448700891265,0.6666666666666666,0.0,1.1360953088168015,0.038993756150196915,0.034322609949694605,0.32401299039997183,3,"[[3, 4], [1, 4], [2, 4], [1, 2]]","[true, true, true, true, true]",0,4.0,0,1,1,"[[0, 3], [0, 3], [0, 3], [0, 3], [0, 3]]","[[2, 5], [2, 5], [2, 5], [2, 5], [2, 5]]","[[2, 2], [2, 2], [2, 2], [2, 2], [2, 2]]","[[0.0, 0.75], [0.0, 0.75], [0.0, 0.75], [0.0, 0.75], [0.0, 0.75]]",1.5,"[0.0, 3.0]",2.0,0.5,0.9965486481359803,0.2269279170000047
ellipse--demand_conflict,ellipse,demand_conflict,n0_d0_m0,factorial_combination,0.0,0.0,0,1.0,1657,full_trajectory,0.0,4.362751132022684,0.20614558095444138,0.20614558095444138,0.3157288773085329,0.04725128129389012,0.6666666666666666,0.0,1.1483122941899455,0.0347009112393331,0.03021905401074904,0.3157288773085329,0,"[[0, 1, 2, 3, 4, 5], [0, 1, 2, 3, 4, 5], [0, 1, 2, 3, 4, 5], [0, 1, 2, 3, 4, 5]]","[true, true, true, true, true]",0,0.0,0,1,1,[],[],[],[],nan,[],nan,nan,nan,0.1786687920000034
ellipse--demand_conflict,ellipse,demand_conflict,n0_d0_m0,factorial_combination,0.0,0.0,0,1.0,1657,error_peak_dynamic,0.0,4.362751132022684,0.2783281601494515,0.2783281601494515,0.3353165845904063,0.06379647881047283,0.6666666666666666,0.0,1.1483122941899455,0.038822848176416125,0.03380861493240647,0.3353165845904063,1,"[[3, 4], [3, 4], [3, 4], [1, 3]]","[true, true, true, true, true]",0,0.0,0,1,1,[],[],[],[],nan,[],nan,nan,nan,0.16730870900000383
ellipse--demand_conflict,ellipse,demand_conflict,n0_d0_m0,factorial_combination,0.0,0.0,0,1.0,1657,dual_anchor_dynamic,0.0,4.362751132022684,0.2073032580507823,0.2073032580507823,0.3188463901260717,0.047516636126496446,0.6666666666666666,0.0,1.1483122941899455,0.03400558310759923,0.029613532206922685,0.3188463901260717,2,"[[3, 4], [1, 4], [1, 3], [1, 3]]","[true, true, true, true, true]",0,4.0,0,1,1,[],[],[],[],nan,[],nan,nan,nan,0.16938924999999472
ellipse--demand_conflict,ellipse,demand_conflict,n0_d0_m0,factorial_combination,0.0,0.0,0,1.0,1657,fixed_delay_dual_anchor,1.0,4.362751132022684,0.12685165120148692,0.12685165120148692,0.2847247955046307,0.02907606860047395,0.6666666666666666,0.0,1.1483122941899455,0.03616536491804571,0.03149436359867405,0.2847247955046307,1,"[[3, 4], [3, 4], [3, 4], [1, 4]]","[true, true, true, true, true]",0,4.0,0,1,1,"[[4, 5], [4, 5], [4, 5], [4, 5], [4, 5]]","[[6, 7], [6, 7], [6, 7], [6, 7], [6, 7]]","[[2, 2], [2, 2], [2, 2], [2, 2], [2, 2]]","[[4.0, 4.0], [4.0, 4.0], [4.0, 4.0], [4.0, 4.0], [4.0, 4.0]]",4.5,"[4.0, 5.0]",4.5,0.0,0.9989971448040692,0.20730541599999697
ellipse--demand_conflict,ellipse,demand_conflict,n0_d0_m0,factorial_combination,0.0,0.0,0,1.0,1657,delay_aware_dual_anchor,0.25,4.362751132022684,0.1571912605067849,0.1571912605067849,0.29662644316482706,0.03603030650843175,0.6666666666666666,0.0,1.1483122941899455,0.029175369432748167,0.025407173275393137,0.29662644316482706,2,"[[3, 4], [1, 4], [1, 3], [1, 3]]","[true, true, true, true, true]",0,4.0,0,1,1,"[[4, 5], [4, 5], [4, 5], [4, 5], [4, 5]]","[[6, 7], [6, 7], [6, 7], [6, 7], [6, 7]]","[[2, 2], [2, 2], [2, 2], [2, 2], [2, 2]]","[[1.0, 1.25], [1.0, 1.25], [1.0, 1.25], [1.0, 1.25], [1.0, 1.25]]",4.5,"[4.0, 5.0]",4.5,0.0,0.998994472067738,0.1982366670000033
ellipse--demand_conflict,ellipse,demand_conflict,n0_d0_m0,factorial_combination,0.0,0.0,0,1.0,1669,full_trajectory,0.0,4.536725626832198,0.27162708545342,0.27162708545342,0.33303270494043763,0.05987293651767202,0.6666666666666666,0.0,1.111710137699995,0.03969737147567859,0.035708383084288545,0.33303270494043763,0,"[[0, 1, 2, 3, 4, 5], [0, 1, 2, 3, 4, 5], [0, 1, 2, 3, 4, 5], [0, 1, 2, 3, 4, 5]]","[true, true, true, true, true]",0,0.0,0,1,1,[],[],[],[],nan,[],nan,nan,nan,0.18931762500000104
ellipse--demand_conflict,ellipse,demand_conflict,n0_d0_m0,factorial_combination,0.0,0.0,0,1.0,1669,error_peak_dynamic,0.0,4.536725626832198,0.3117943270134708,0.3117943270134708,0.3573944506184265,0.06872673215443789,0.6666666666666666,0.0,1.111710137699995,0.057743685016493504,0.05194131370966787,0.3573944506184265,2,"[[3, 4], [3, 4], [2, 3], [1, 2]]","[true, true, true, true, true]",0,0.0,0,1,1,[],[],[],[],nan,[],nan,nan,nan,0.15142166700000104
ellipse--demand_conflict,ellipse,demand_conflict,n0_d0_m0,factorial_combination,0.0,0.0,0,1.0,1669,dual_anchor_dynamic,0.0,4.536725626832198,0.2814023396118124,0.2814023396118124,0.342309951349056,0.06202763022464367,0.6666666666666666,0.0,1.111710137699995,0.04398639659101957,0.03956642572498489,0.342309951349056,3,"[[3, 4], [1, 4], [2, 3], [1, 2]]","[true, true, true, true, true]",0,4.0,0,1,1,[],[],[],[],nan,[],nan,nan,nan,0.1936345000000017
ellipse--demand_conflict,ellipse,demand_conflict,n0_d0_m0,factorial_combination,0.0,0.0,0,1.0,1669,fixed_delay_dual_anchor,1.0,4.536725626832198,0.17602337463636206,0.17602337463636206,0.28130122418130893,0.038799651800691254,0.6666666666666666,0.0,1.111710137699995,0.05140785218076836,0.04624213672021154,0.28130122418130893,0,"[[3, 4], [3, 4], [3, 4], [3, 4]]","[true, true, true, true, true]",0,4.0,0,1,1,"[[1, 4], [1, 4], [1, 4], [1, 4], [1, 4]]","[[3, 6], [3, 6], [3, 6], [3, 6], [3, 6]]","[[2, 2], [2, 2], [2, 2], [2, 2], [2, 2]]","[[4.0, 4.0], [4.0, 4.0], [4.0, 4.0], [4.0, 4.0], [4.0, 4.0]]",2.5,"[1.0, 4.0]",3.0,0.5,0.9967496769975019,0.22117750000000314
ellipse--demand_conflict,ellipse,demand_conflict,n0_d0_m0,factorial_combination,0.0,0.0,0,1.0,1669,delay_aware_dual_anchor,0.25,4.536725626832198,0.22820301616354338,0.22820301616354338,0.31845099163554585,0.05030126018947454,0.6666666666666666,0.0,1.111710137699995,0.037284173552601066,0.03353767523406586,0.31845099163554585,3,"[[3, 4], [1, 4], [2, 4], [1, 2]]","[true, true, true, true, true]",0,4.0,0,1,1,"[[1, 4], [1, 4], [1, 4], [1, 4], [1, 4]]","[[3, 6], [3, 6], [3, 6], [3, 6], [3, 6]]","[[2, 2], [2, 2], [2, 2], [2, 2], [2, 2]]","[[0.25, 1.0], [0.25, 1.0], [0.25, 1.0], [0.25, 1.0], [0.25, 1.0]]",2.5,"[1.0, 4.0]",3.0,0.5,0.9967675893294576,0.21890920799999947
rounded_square--neutral,rounded_square,neutral,n0_d0_m0,factorial_combination,0.0,0.0,0,1.0,1601,full_trajectory,0.0,7.192459409872759,2.542419746463658,2.542419746463658,0.5425063724950865,0.353484059009606,0.6666666666666666,0.5,1.162245338745829,0.39938124103086814,0.3436290322849027,0.5425063724950865,0,"[[0, 1, 2, 3, 4, 5], [0, 1, 2, 3, 4, 5], [0, 1, 2, 3, 4, 5], [0, 1, 2, 3, 4, 5]]","[true, true, true, true, true]",0,0.0,0,1,1,[],[],[],[],nan,[],nan,nan,nan,0.26712925000000354
rounded_square--neutral,rounded_square,neutral,n0_d0_m0,factorial_combination,0.0,0.0,0,1.0,1601,error_peak_dynamic,0.0,7.192459409872759,2.2916677864142314,2.2916677864142314,0.5085569762370457,0.31862088554418033,0.6666666666666666,0.6666666666666666,1.162245338745829,0.46687020844784166,0.4016967785404398,0.5085569762370457,3,"[[2, 4], [1, 4], [2, 4], [1, 2]]","[true, true, true, true, true]",0,0.0,0,1,1,[],[],[],[],nan,[],nan,nan,nan,0.2427804580000057
rounded_square--neutral,rounded_square,neutral,n0_d0_m0,factorial_combination,0.0,0.0,0,1.0,1601,dual_anchor_dynamic,0.0,7.192459409872759,2.2102695113407984,2.2916677864142314,0.5085569762370457,0.3073037170438338,0.6666666666666666,0.6666666666666666,1.162245338745829,0.5067335378755642,0.43599532816571834,0.5085569762370457,3,"[[2, 4], [1, 4], [2, 4], [1, 2]]","[true, true, true, true, false]",1,2.0,0,1,1,[],[],[],[],nan,[],nan,nan,nan,0.24472379100000552
rounded_square--neutral,rounded_square,neutral,n0_d0_m0,factorial_combination,0.0,0.0,0,1.0,1601,fixed_delay_dual_anchor,1.0,7.192459409872759,2.7733090027050595,2.7733090027050595,0.6831414614534967,0.38558563137641977,0.6666666666666666,0.6666666666666666,1.162245338745829,0.5548673297569089,0.4774098129364515,0.6831414614534967,3,"[[2, 4], [1, 4], [2, 4], [1, 4]]","[true, true, true, true, true]",0,4.0,0,1,1,"[[3, 4], [3, 4], [3, 4], [3, 4], [3, 4]]","[[5, 6], [5, 6], [5, 6], [5, 6], [5, 6]]","[[2, 2], [2, 2], [2, 2], [2, 2], [2, 2]]","[[4.0, 4.0], [4.0, 4.0], [4.0, 4.0], [4.0, 4.0], [4.0, 4.0]]",3.5,"[3.0, 4.0]",4.0,0.5,0.9982531743871649,0.2888890419999939
rounded_square--neutral,rounded_square,neutral,n0_d0_m0,factorial_combination,0.0,0.0,0,1.0,1601,delay_aware_dual_anchor,0.25,7.192459409872759,2.211172803865081,2.2138723406321015,0.5096893349030033,0.30742930586857475,0.6666666666666666,0.6666666666666666,1.162245338745829,0.48379424480024646,0.4162582792737251,0.5096893349030033,3,"[[2, 4], [1, 4], [2, 4], [1, 4]]","[true, true, true, true, false]",1,2.0,0,1,1,"[[3, 4], [3, 4], [3, 4], [3, 4], [3, 4]]","[[5, 6], [5, 6], [5, 6], [5, 6], [5, 6]]","[[2, 2], [2, 2], [2, 2], [2, 2], [2, 2]]","[[0.75, 1.0], [0.75, 1.0], [0.75, 1.0], [0.75, 1.0], [0.75, 1.0]]",3.5,"[3.0, 4.0]",4.0,0.5,0.9982163057439557,0.26965287500000557
rounded_square--neutral,rounded_square,neutral,n0_d0_m0,factorial_combination,0.0,0.0,0,1.0,1627,full_trajectory,0.0,8.05857269426712,2.1159457502318073,2.1159457502318073,0.4018236108162758,0.26257078399715794,0.8333333333333334,0.5,2.026571573885188,0.3339027498575523,0.16476237709059519,0.4018236108162758,0,"[[0, 1, 2, 3, 4, 5], [0, 1, 2, 3, 4, 5], [0, 1, 2, 3, 4, 5], [0, 1, 2, 3, 4, 5]]","[true, true, true, true, true]",0,0.0,0,1,1,[],[],[],[],nan,[],nan,nan,nan,0.3775632080000051
rounded_square--neutral,rounded_square,neutral,n0_d0_m0,factorial_combination,0.0,0.0,0,1.0,1627,error_peak_dynamic,0.0,8.05857269426712,1.5529120540933883,1.5529120540933883,0.38275445516630974,0.19270311418771863,0.8333333333333334,0.5,2.026571573885188,0.45212297305612603,0.22309746119124255,0.38275445516630974,3,"[[3, 4], [1, 2], [2, 4], [1, 2]]","[true, true, true, true, true]",0,0.0,0,1,1,[],[],[],[],nan,[],nan,nan,nan,0.2477905829999969
rounded_square--neutral,rounded_square,neutral,n0_d0_m0,factorial_combination,0.0,0.0,0,1.0,1627,dual_anchor_dynamic,0.0,8.05857269426712,1.5529120540933883,1.5529120540933883,0.38275445516630974,0.19270311418771863,0.8333333333333334,0.5,2.026571573885188,0.45212297305612603,0.22309746119124255,0.38275445516630974,3,"[[3, 4], [1, 2], [2, 4], [1, 2]]","[true, true, true, true, true]",0,4.0,0,1,1,[],[],[],[],nan,[],nan,nan,nan,0.24389775000000213
rounded_square--neutral,rounded_square,neutral,n0_d0_m0,factorial_combination,0.0,0.0,0,1.0,1627,fixed_delay_dual_anchor,1.0,8.05857269426712,2.6809824203229544,2.6809824203229544,0.5398628814577388,0.33268700575602045,0.8333333333333334,0.5,2.026571573885188,0.5910283261909,0.29163950279724177,0.5398628814577388,2,"[[3, 4], [1, 4], [1, 4], [1, 2]]","[true, true, true, true, true]",0,4.0,0,1,1,"[[0, 3], [0, 3], [0, 3], [0, 3], [0, 3]]","[[2, 5], [2, 5], [2, 5], [2, 5], [2, 5]]","[[2, 2], [2, 2], [2, 2], [2, 2], [2, 2]]","[[4.0, 4.0], [4.0, 4.0], [4.0, 4.0], [4.0, 4.0], [4.0, 4.0]]",1.5,"[0.0, 3.0]",2.0,0.5,0.9918555708338668,0.2689371250000008
rounded_square--neutral,rounded_square,neutral,n0_d0_m0,factorial_combination,0.0,0.0,0,1.0,1627,delay_aware_dual_anchor,0.25,8.05857269426712,1.5517282260001384,1.759408502186882,0.3867231785930014,0.192556211238752,0.8333333333333334,0.5,2.026571573885188,0.500113763738251,0.2467782387668012,0.3867231785930014,3,"[[3, 4], [1, 2], [2, 4], [1, 4]]","[true, true, true, true, false]",1,2.0,0,1,1,"[[0, 3], [0, 3], [0, 3], [0, 3], [0, 3]]","[[2, 5], [2, 5], [2, 5], [2, 5], [2, 5]]","[[2, 2], [2, 2], [2, 2], [2, 2], [2, 2]]","[[0.0, 0.75], [0.0, 0.75], [0.0, 0.75], [0.0, 0.75], [0.0, 0.75]]",1.5,"[0.0, 3.0]",2.0,0.5,0.9916399896101646,0.272397459000004
rounded_square--neutral,rounded_square,neutral,n0_d0_m0,factorial_combination,0.0,0.0,0,1.0,1657,full_trajectory,0.0,10.607782826263428,5.046337284765069,5.046337284765069,0.5670919104375008,0.4757202676011639,0.6666666666666666,0.6666666666666666,1.6846287612066635,0.681574866939754,0.404584607977105,0.5670919104375008,0,"[[0, 1, 2, 3, 4, 5], [0, 1, 2, 3, 4, 5], [0, 1, 2, 3, 4, 5], [0, 1, 2, 3, 4, 5]]","[true, true, true, true, true]",0,0.0,0,1,1,[],[],[],[],nan,[],nan,nan,nan,0.31970854200000076
rounded_square--neutral,rounded_square,neutral,n0_d0_m0,factorial_combination,0.0,0.0,0,1.0,1657,error_peak_dynamic,0.0,10.607782826263428,4.0565051231371285,4.0565051231371285,0.5244783919128977,0.38240838727333043,0.6666666666666666,0.6666666666666666,1.6846287612066635,0.7276037775863233,0.4319074886654294,0.5244783919128977,3,"[[2, 4], [1, 4], [2, 4], [3, 4]]","[true, true, true, true, true]",0,0.0,0,1,1,[],[],[],[],nan,[],nan,nan,nan,0.2815321659999981
rounded_square--neutral,rounded_square,neutral,n0_d0_m0,factorial_combination,0.0,0.0,0,1.0,1657,dual_anchor_dynamic,0.0,10.607782826263428,4.031255080665556,4.0565051231371285,0.5244783919128977,0.38002805550324015,0.6666666666666666,0.8333333333333334,1.6846287612066635,0.8301160643022496,0.49275904781992164,0.5244783919128977,3,"[[2, 4], [1, 4], [2, 4], [3, 4]]","[true, true, true, true, false]",1,2.0,0,1,1,[],[],[],[],nan,[],nan,nan,nan,0.2812347079999995
rounded_square--neutral,rounded_square,neutral,n0_d0_m0,factorial_combination,0.0,0.0,0,1.0,1657,fixed_delay_dual_anchor,1.0,10.607782826263428,5.777842031722778,5.777842031722778,0.7052438210180854,0.5446795175159155,0.6666666666666666,0.6666666666666666,1.6846287612066635,0.97097955842088,0.5763759831129727,0.7052438210180854,3,"[[2, 4], [1, 4], [2, 4], [1, 4]]","[true, true, true, true, true]",0,4.0,0,1,1,"[[4, 5], [4, 5], [4, 5], [4, 5], [4, 5]]","[[6, 7], [6, 7], [6, 7], [6, 7], [6, 7]]","[[2, 2], [2, 2], [2, 2], [2, 2], [2, 2]]","[[4.0, 4.0], [4.0, 4.0], [4.0, 4.0], [4.0, 4.0], [4.0, 4.0]]",4.5,"[4.0, 5.0]",4.5,0.0,0.9975743161018392,0.35387545800000453
rounded_square--neutral,rounded_square,neutral,n0_d0_m0,factorial_combination,0.0,0.0,0,1.0,1657,delay_aware_dual_anchor,0.25,10.607782826263428,3.9991104201813545,3.9991104201813545,0.5354629878609671,0.37699776528984935,0.6666666666666666,0.6666666666666666,1.6846287612066635,0.7616106158016049,0.45209403599169207,0.5354629878609671,3,"[[2, 4], [1, 4], [2, 4], [1, 4]]","[true, true, true, true, true]",0,4.0,0,1,1,"[[4, 5], [4, 5], [4, 5], [4, 5], [4, 5]]","[[6, 7], [6, 7], [6, 7], [6, 7], [6, 7]]","[[2, 2], [2, 2], [2, 2], [2, 2], [2, 2]]","[[1.0, 1.25], [1.0, 1.25], [1.0, 1.25], [1.0, 1.25], [1.0, 1.25]]",4.5,"[4.0, 5.0]",4.5,0.0,0.9975427643471635,0.3023989999999941
rounded_square--neutral,rounded_square,neutral,n0_d0_m0,factorial_combination,0.0,0.0,0,1.0,1669,full_trajectory,0.0,8.264477523830188,2.50931968987538,2.50931968987538,0.44049882740661395,0.30362714190218176,0.8333333333333334,0.5,1.9656867560987537,0.38826009358762936,0.19751880221149726,0.44049882740661395,0,"[[0, 1, 2, 3, 4, 5], [0, 1, 2, 3, 4, 5], [0, 1, 2, 3, 4, 5], [0, 1, 2, 3, 4, 5]]","[true, true, true, true, true]",0,0.0,0,1,1,[],[],[],[],nan,[],nan,nan,nan,0.28456570799999525
rounded_square--neutral,rounded_square,neutral,n0_d0_m0,factorial_combination,0.0,0.0,0,1.0,1669,error_peak_dynamic,0.0,8.264477523830188,1.635064435377041,1.635064435377041,0.4115622431310274,0.19784244444520763,0.8333333333333334,0.6666666666666666,1.9656867560987537,0.4761070565566031,0.24220901681279075,0.4115622431310274,3,"[[1, 4], [2, 4], [1, 2], [2, 4]]","[true, true, true, true, true]",0,0.0,0,1,1,[],[],[],[],nan,[],nan,nan,nan,0.2544460830000048
rounded_square--neutral,rounded_square,neutral,n0_d0_m0,factorial_combination,0.0,0.0,0,1.0,1669,dual_anchor_dynamic,0.0,8.264477523830188,1.635064435377041,1.635064435377041,0.4115622431310274,0.19784244444520763,0.8333333333333334,0.6666666666666666,1.9656867560987537,0.4761070565566031,0.24220901681279075,0.4115622431310274,3,"[[1, 4], [2, 4], [1, 2], [2, 4]]","[true, true, true, true, true]",0,4.0,0,1,1,[],[],[],[],nan,[],nan,nan,nan,0.25748562500000105
rounded_square--neutral,rounded_square,neutral,n0_d0_m0,factorial_combination,0.0,0.0,0,1.0,1669,fixed_delay_dual_anchor,1.0,8.264477523830188,3.2903768192434018,3.2903768192434018,0.5664831864923855,0.3981348862956881,0.8333333333333334,0.6666666666666666,1.9656867560987537,0.6257862123400189,0.3183550025956324,0.5664831864923855,1,"[[1, 4], [1, 4], [1, 4], [2, 4]]","[true, true, true, true, true]",0,4.0,0,1,1,"[[1, 4], [1, 4], [1, 4], [1, 4], [1, 4]]","[[3, 6], [3, 6], [3, 6], [3, 6], [3, 6]]","[[2, 2], [2, 2], [2, 2], [2, 2], [2, 2]]","[[4.0, 4.0], [4.0, 4.0], [4.0, 4.0], [4.0, 4.0], [4.0, 4.0]]",2.5,"[1.0, 4.0]",3.0,0.5,0.992204256856879,0.2943317080000014
rounded_square--neutral,rounded_square,neutral,n0_d0_m0,factorial_combination,0.0,0.0,0,1.0,1669,delay_aware_dual_anchor,0.25,8.264477523830188,1.5113287692207078,1.5113287692207078,0.4022563636844411,0.1828704554961727,0.8333333333333334,0.5,1.9656867560987537,0.4560185068847012,0.23198940801216417,0.4022563636844411,3,"[[1, 4], [2, 4], [1, 2], [2, 4]]","[true, true, true, true, true]",0,4.0,0,1,1,"[[1, 4], [1, 4], [1, 4], [1, 4], [1, 4]]","[[3, 6], [3, 6], [3, 6], [3, 6], [3, 6]]","[[2, 2], [2, 2], [2, 2], [2, 2], [2, 2]]","[[0.25, 1.0], [0.25, 1.0], [0.25, 1.0], [0.25, 1.0], [0.25, 1.0]]",2.5,"[1.0, 4.0]",3.0,0.5,0.9920022481324591,0.29324749999999966
rounded_square--demand_aligned,rounded_square,demand_aligned,n0_d0_m0,factorial_combination,0.0,0.0,0,1.0,1601,full_trajectory,0.0,10.973022095213713,4.136998914097444,4.136998914097444,0.5645383637356427,0.37701545464871966,0.6666666666666666,0.5,1.162245338745829,0.39938124103086814,0.3436290322849027,0.5645383637356427,0,"[[0, 1, 2, 3, 4, 5], [0, 1, 2, 3, 4, 5], [0, 1, 2, 3, 4, 5], [0, 1, 2, 3, 4, 5]]","[true, true, true, true, true]",0,0.0,0,1,1,[],[],[],[],nan,[],nan,nan,nan,0.27534475000000214
rounded_square--demand_aligned,rounded_square,demand_aligned,n0_d0_m0,factorial_combination,0.0,0.0,0,1.0,1601,error_peak_dynamic,0.0,10.973022095213713,2.9890876255952525,2.9890876255952525,0.5432768125786817,0.2724033178516111,0.6666666666666666,0.6666666666666666,1.162245338745829,0.5586687691208473,0.48068058480983283,0.5432768125786817,3,"[[2, 4], [1, 4], [1, 2], [2, 4]]","[true, true, true, true, true]",0,0.0,0,1,1,[],[],[],[],nan,[],nan,nan,nan,0.18968929200000417
rounded_square--demand_aligned,rounded_square,demand_aligned,n0_d0_m0,factorial_combination,0.0,0.0,0,1.0,1601,dual_anchor_dynamic,0.0,10.973022095213713,3.238232086788205,3.457159868986346,0.46108054406364407,0.2951084996175009,0.6666666666666666,0.6666666666666666,1.162245338745829,0.5212584408285781,0.44849260603709074,0.46108054406364407,3,"[[2, 4], [1, 2], [2, 4], [1, 4]]","[true, true, true, true, false]",1,2.0,0,1,1,[],[],[],[],nan,[],nan,nan,nan,0.2564015829999988
rounded_square--demand_aligned,rounded_square,demand_aligned,n0_d0_m0,factorial_combination,0.0,0.0,0,1.0,1601,fixed_delay_dual_anchor,1.0,10.973022095213713,4.211217600536067,4.211217600536067,0.62324405862227,0.3837791962865858,0.6666666666666666,0.6666666666666666,1.162245338745829,0.5548673297569089,0.4774098129364515,0.62324405862227,3,"[[2, 4], [1, 4], [2, 4], [1, 4]]","[true, true, true, true, true]",0,4.0,0,1,1,"[[3, 4], [3, 4], [3, 4], [3, 4], [3, 4]]","[[5, 6], [5, 6], [5, 6], [5, 6], [5, 6]]","[[2, 2], [2, 2], [2, 2], [2, 2], [2, 2]]","[[4.0, 4.0], [4.0, 4.0], [4.0, 4.0], [4.0, 4.0], [4.0, 4.0]]",3.5,"[3.0, 4.0]",4.0,0.5,0.9982531743871649,0.2904847919999938
rounded_square--demand_aligned,rounded_square,demand_aligned,n0_d0_m0,factorial_combination,0.0,0.0,0,1.0,1601,delay_aware_dual_anchor,0.25,10.973022095213713,3.027743423568217,3.027743423568217,0.4697432049354132,0.2759261211083206,0.6666666666666666,0.5,1.162245338745829,0.4489383996964378,0.386268186870841,0.4697432049354132,3,"[[2, 4], [1, 4], [2, 4], [1, 2]]","[true, true, true, true, true]",0,4.0,0,1,1,"[[3, 4], [3, 4], [3, 4], [3, 4], [3, 4]]","[[5, 6], [5, 6], [5, 6], [5, 6], [5, 6]]","[[2, 2], [2, 2], [2, 2], [2, 2], [2, 2]]","[[0.75, 1.0], [0.75, 1.0], [0.75, 1.0], [0.75, 1.0], [0.75, 1.0]]",3.5,"[3.0, 4.0]",4.0,0.5,0.9982163057439557,0.270053125000004
rounded_square--demand_aligned,rounded_square,demand_aligned,n0_d0_m0,factorial_combination,0.0,0.0,0,1.0,1627,full_trajectory,0.0,10.704995761226986,3.4930268495151244,3.4930268495151244,0.4541070752942725,0.3262987606372261,0.6666666666666666,0.5,2.026571573885188,0.3339027498575523,0.16476237709059519,0.4541070752942725,0,"[[0, 1, 2, 3, 4, 5], [0, 1, 2, 3, 4, 5], [0, 1, 2, 3, 4, 5], [0, 1, 2, 3, 4, 5]]","[true, true, true, true, true]",0,0.0,0,1,1,[],[],[],[],nan,[],nan,nan,nan,0.2671695000000014
rounded_square--demand_aligned,rounded_square,demand_aligned,n0_d0_m0,factorial_combination,0.0,0.0,0,1.0,1627,error_peak_dynamic,0.0,10.704995761226986,3.311205926313228,3.311205926313228,0.468702723206636,0.30931408102993063,0.6666666666666666,0.5,2.026571573885188,0.5727669652695954,0.28262854006756366,0.468702723206636,3,"[[3, 4], [1, 2], [2, 4], [1, 4]]","[true, true, true, true, true]",0,0.0,0,1,1,[],[],[],[],nan,[],nan,nan,nan,0.1809264999999982
rounded_square--demand_aligned,rounded_square,demand_aligned,n0_d0_m0,factorial_combination,0.0,0.0,0,1.0,1627,dual_anchor_dynamic,0.0,10.704995761226986,2.0387606960856894,2.0387606960856894,0.3796838246611361,0.19044946318147918,0.6666666666666666,0.6666666666666666,2.026571573885188,0.4455084240341762,0.21983355030490312,0.3796838246611361,3,"[[2, 4], [1, 2], [2, 4], [1, 2]]","[true, true, true, true, true]",0,4.0,0,1,1,[],[],[],[],nan,[],nan,nan,nan,0.25310083299999775
rounded_square--demand_aligned,rounded_square,demand_aligned,n0_d0_m0,factorial_combination,0.0,0.0,0,1.0,1627,fixed_delay_dual_anchor,1.0,10.704995761226986,3.404386035517578,3.404386035517578,0.5547931247115088,0.3180184384423683,0.6666666666666666,0.6666666666666666,2.026571573885188,0.5246118753273793,0.25886668997415846,0.5547931247115088,1,"[[2, 4], [1, 4], [1, 4], [1, 4]]","[true, true, true, true, true]",0,4.0,0,1,1,"[[0, 3], [0, 3], [0, 3], [0, 3], [0, 3]]","[[2, 5], [2, 5], [2, 5], [2, 5], [2, 5]]","[[2, 2], [2, 2], [2, 2], [2, 2], [2, 2]]","[[4.0, 4.0], [4.0, 4.0], [4.0, 4.0], [4.0, 4.0], [4.0, 4.0]]",1.5,"[0.0, 3.0]",2.0,0.5,0.9916863324372254,0.2881688330000003
rounded_square--demand_aligned,rounded_square,demand_aligned,n0_d0_m0,factorial_combination,0.0,0.0,0,1.0,1627,delay_aware_dual_anchor,0.25,10.704995761226986,1.9062995949706063,1.9062995949706063,0.3737790799221846,0.1780756982525054,0.6666666666666666,0.6666666666666666,2.026571573885188,0.42355464239029106,0.20900058396569954,0.3737790799221846,3,"[[2, 4], [1, 2], [2, 4], [1, 2]]","[true, true, true, true, true]",0,4.0,0,1,1,"[[0, 3], [0, 3], [0, 3], [0, 3], [0, 3]]","[[2, 5], [2, 5], [2, 5], [2, 5], [2, 5]]","[[2, 2], [2, 2], [2, 2], [2, 2], [2, 2]]","[[0.0, 0.75], [0.0, 0.75], [0.0, 0.75], [0.0, 0.75], [0.0, 0.75]]",1.5,"[0.0, 3.0]",2.0,0.5,0.9915332621328738,0.2724271670000036
rounded_square--demand_aligned,rounded_square,demand_aligned,n0_d0_m0,factorial_combination,0.0,0.0,0,1.0,1657,full_trajectory,0.0,15.514526403068839,6.928468461418378,6.928468461418378,0.5744940035396237,0.4465794366786406,0.6666666666666666,0.6666666666666666,1.6846287612066635,0.681574866939754,0.404584607977105,0.5744940035396237,0,"[[0, 1, 2, 3, 4, 5], [0, 1, 2, 3, 4, 5], [0, 1, 2, 3, 4, 5], [0, 1, 2, 3, 4, 5]]","[true, true, true, true, true]",0,0.0,0,1,1,[],[],[],[],nan,[],nan,nan,nan,0.31240791599999795
rounded_square--demand_aligned,rounded_square,demand_aligned,n0_d0_m0,factorial_combination,0.0,0.0,0,1.0,1657,error_peak_dynamic,0.0,15.514526403068839,8.10101422688257,8.10101422688257,0.5859670076706859,0.5221567205093773,0.6666666666666666,0.8333333333333334,1.6846287612066635,0.9171767252708155,0.5444384818729211,0.5859670076706859,3,"[[2, 4], [1, 4], [1, 2], [3, 4]]","[true, true, true, true, true]",0,0.0,0,1,1,[],[],[],[],nan,[],nan,nan,nan,0.2232279579999954
rounded_square--demand_aligned,rounded_square,demand_aligned,n0_d0_m0,factorial_combination,0.0,0.0,0,1.0,1657,dual_anchor_dynamic,0.0,15.514526403068839,7.405069028930195,7.416234118093011,0.5537309634133077,0.4772990703387144,0.6666666666666666,0.6666666666666666,1.6846287612066635,1.0879976143820742,0.6458382044972121,0.5537309634133077,1,"[[2, 4], [1, 4], [1, 4], [1, 4]]","[true, true, false, false, false]",3,0.5,0,1,1,[],[],[],[],nan,[],nan,nan,nan,0.28106245799999385
rounded_square--demand_aligned,rounded_square,demand_aligned,n0_d0_m0,factorial_combination,0.0,0.0,0,1.0,1657,fixed_delay_dual_anchor,1.0,15.514526403068839,7.743384279497128,7.743384279497128,0.6640460049449342,0.49910542406021846,0.6666666666666666,0.6666666666666666,1.6846287612066635,0.97097955842088,0.5763759831129727,0.6640460049449342,3,"[[2, 4], [1, 4], [2, 4], [1, 4]]","[true, true, true, true, true]",0,4.0,0,1,1,"[[4, 5], [4, 5], [4, 5], [4, 5], [4, 5]]","[[6, 7], [6, 7], [6, 7], [6, 7], [6, 7]]","[[2, 2], [2, 2], [2, 2], [2, 2], [2, 2]]","[[4.0, 4.0], [4.0, 4.0], [4.0, 4.0], [4.0, 4.0], [4.0, 4.0]]",4.5,"[4.0, 5.0]",4.5,0.0,0.9975743161018392,0.3473070000000007
rounded_square--demand_aligned,rounded_square,demand_aligned,n0_d0_m0,factorial_combination,0.0,0.0,0,1.0,1657,delay_aware_dual_anchor,0.25,15.514526403068839,5.583640867240749,6.329275138680137,0.51599544708428,0.35989760319955894,0.6666666666666666,0.6666666666666666,1.6846287612066635,0.79192013181814,0.4700858432755859,0.51599544708428,3,"[[2, 4], [1, 4], [2, 4], [1, 4]]","[true, true, true, true, false]",1,2.0,0,1,1,"[[4, 5], [4, 5], [4, 5], [4, 5], [4, 5]]","[[6, 7], [6, 7], [6, 7], [6, 7], [6, 7]]","[[2, 2], [2, 2], [2, 2], [2, 2], [2, 2]]","[[1.0, 1.25], [1.0, 1.25], [1.0, 1.25], [1.0, 1.25], [1.0, 1.25]]",4.5,"[4.0, 5.0]",4.5,0.0,0.9975427643471635,0.29582175000000177
rounded_square--demand_aligned,rounded_square,demand_aligned,n0_d0_m0,factorial_combination,0.0,0.0,0,1.0,1669,full_trajectory,0.0,10.79401709068289,4.146141885650598,4.146141885650598,0.5101570857034327,0.3841148157185556,0.6666666666666666,0.5,1.9656867560987537,0.38826009358762936,0.19751880221149726,0.5101570857034327,0,"[[0, 1, 2, 3, 4, 5], [0, 1, 2, 3, 4, 5], [0, 1, 2, 3, 4, 5], [0, 1, 2, 3, 4, 5]]","[true, true, true, true, true]",0,0.0,0,1,1,[],[],[],[],nan,[],nan,nan,nan,0.2893646249999975
rounded_square--demand_aligned,rounded_square,demand_aligned,n0_d0_m0,factorial_combination,0.0,0.0,0,1.0,1669,error_peak_dynamic,0.0,10.79401709068289,2.5537687332940084,2.5537687332940084,0.5210618458598765,0.23659113301741516,0.6666666666666666,0.6666666666666666,1.9656867560987537,0.6429653405270747,0.32709450706334864,0.5210618458598765,3,"[[1, 4], [2, 4], [1, 2], [2, 4]]","[true, true, true, true, true]",0,0.0,0,1,1,[],[],[],[],nan,[],nan,nan,nan,0.20099970799999767
rounded_square--demand_aligned,rounded_square,demand_aligned,n0_d0_m0,factorial_combination,0.0,0.0,0,1.0,1669,dual_anchor_dynamic,0.0,10.79401709068289,2.571657978453746,2.571657978453746,0.475411300859549,0.2382484627223291,0.6666666666666666,0.6666666666666666,1.9656867560987537,0.4761070565566031,0.24220901681279075,0.475411300859549,3,"[[1, 4], [2, 4], [1, 2], [2, 4]]","[true, true, true, true, true]",0,4.0,0,1,1,[],[],[],[],nan,[],nan,nan,nan,0.26026391699999607
rounded_square--demand_aligned,rounded_square,demand_aligned,n0_d0_m0,factorial_combination,0.0,0.0,0,1.0,1669,fixed_delay_dual_anchor,1.0,10.79401709068289,3.8894084273878446,3.8894084273878446,0.5847878909902904,0.3603300230777918,0.6666666666666666,0.6666666666666666,1.9656867560987537,0.5949901570769949,0.3026881853026553,0.5847878909902904,2,"[[1, 4], [1, 4], [2, 4], [1, 4]]","[true, true, true, true, true]",0,4.0,0,1,1,"[[1, 4], [1, 4], [1, 4], [1, 4], [1, 4]]","[[3, 6], [3, 6], [3, 6], [3, 6], [3, 6]]","[[2, 2], [2, 2], [2, 2], [2, 2], [2, 2]]","[[4.0, 4.0], [4.0, 4.0], [4.0, 4.0], [4.0, 4.0], [4.0, 4.0]]",2.5,"[1.0, 4.0]",3.0,0.5,0.992204256856879,0.2940145410000028
rounded_square--demand_aligned,rounded_square,demand_aligned,n0_d0_m0,factorial_combination,0.0,0.0,0,1.0,1669,delay_aware_dual_anchor,0.25,10.79401709068289,2.3155858923992483,2.3155858923992483,0.45325421676689953,0.21452494219209645,0.6666666666666666,0.5,1.9656867560987537,0.4560185068847012,0.23198940801216417,0.45325421676689953,3,"[[1, 4], [2, 4], [1, 2], [2, 4]]","[true, true, true, true, true]",0,4.0,0,1,1,"[[1, 4], [1, 4], [1, 4], [1, 4], [1, 4]]","[[3, 6], [3, 6], [3, 6], [3, 6], [3, 6]]","[[2, 2], [2, 2], [2, 2], [2, 2], [2, 2]]","[[0.25, 1.0], [0.25, 1.0], [0.25, 1.0], [0.25, 1.0], [0.25, 1.0]]",2.5,"[1.0, 4.0]",3.0,0.5,0.9920022481324591,0.2875028329999978
rounded_square--demand_conflict,rounded_square,demand_conflict,n0_d0_m0,factorial_combination,0.0,0.0,0,1.0,1601,full_trajectory,0.0,5.301676842008641,1.6738174913131025,1.6738174913131025,0.5025032993150609,0.3157147335066437,0.6666666666666666,0.5,1.162245338745829,0.39938124103086814,0.3436290322849027,0.5025032993150609,0,"[[0, 1, 2, 3, 4, 5], [0, 1, 2, 3, 4, 5], [0, 1, 2, 3, 4, 5], [0, 1, 2, 3, 4, 5]]","[true, true, true, true, true]",0,0.0,0,1,1,[],[],[],[],nan,[],nan,nan,nan,0.2683970000000002
rounded_square--demand_conflict,rounded_square,demand_conflict,n0_d0_m0,factorial_combination,0.0,0.0,0,1.0,1601,error_peak_dynamic,0.0,5.301676842008641,1.6524631309136653,1.6524631309136653,0.5430487968835519,0.3116868832555245,0.6666666666666666,0.6666666666666666,1.162245338745829,0.48242855490181097,0.41508323485504045,0.5430487968835519,3,"[[2, 4], [1, 4], [1, 2], [2, 4]]","[true, true, true, true, true]",0,0.0,0,1,1,[],[],[],[],nan,[],nan,nan,nan,0.2512130420000034
rounded_square--demand_conflict,rounded_square,demand_conflict,n0_d0_m0,factorial_combination,0.0,0.0,0,1.0,1601,dual_anchor_dynamic,0.0,5.301676842008641,1.3393648902719506,1.3393648902719506,0.5053568765571017,0.2526304281051779,0.6666666666666666,0.6666666666666666,1.162245338745829,0.4621458276685377,0.3976319046090872,0.5053568765571017,3,"[[1, 4], [2, 4], [2, 3], [1, 4]]","[true, true, true, true, true]",0,4.0,0,1,1,[],[],[],[],nan,[],nan,nan,nan,0.2529259169999989
rounded_square--demand_conflict,rounded_square,demand_conflict,n0_d0_m0,factorial_combination,0.0,0.0,0,1.0,1601,fixed_delay_dual_anchor,1.0,5.301676842008641,2.209256731215118,2.209256731215118,0.6745001715977393,0.41670905207004266,0.6666666666666666,0.6666666666666666,1.162245338745829,0.5786564840660093,0.4978780854397176,0.6745001715977393,3,"[[1, 4], [1, 2], [2, 4], [1, 4]]","[true, true, true, true, true]",0,4.0,0,1,1,"[[3, 4], [3, 4], [3, 4], [3, 4], [3, 4]]","[[5, 6], [5, 6], [5, 6], [5, 6], [5, 6]]","[[2, 2], [2, 2], [2, 2], [2, 2], [2, 2]]","[[4.0, 4.0], [4.0, 4.0], [4.0, 4.0], [4.0, 4.0], [4.0, 4.0]]",3.5,"[3.0, 4.0]",4.0,0.5,0.9982571884685281,0.2876238750000013
rounded_square--demand_conflict,rounded_square,demand_conflict,n0_d0_m0,factorial_combination,0.0,0.0,0,1.0,1601,delay_aware_dual_anchor,0.25,5.301676842008641,1.439073410674171,1.439073410674171,0.501151158578623,0.2714374062318273,0.6666666666666666,0.5,1.162245338745829,0.4353268039969493,0.3745567217905193,0.501151158578623,3,"[[1, 4], [2, 4], [1, 2], [2, 4]]","[true, true, true, true, true]",0,4.0,0,1,1,"[[3, 4], [3, 4], [3, 4], [3, 4], [3, 4]]","[[5, 6], [5, 6], [5, 6], [5, 6], [5, 6]]","[[2, 2], [2, 2], [2, 2], [2, 2], [2, 2]]","[[0.75, 1.0], [0.75, 1.0], [0.75, 1.0], [0.75, 1.0], [0.75, 1.0]]",3.5,"[3.0, 4.0]",4.0,0.5,0.9982230796829752,0.28040641599999816
rounded_square--demand_conflict,rounded_square,demand_conflict,n0_d0_m0,factorial_combination,0.0,0.0,0,1.0,1627,full_trajectory,0.0,7.9431667617478405,1.2041194550821375,1.2041194550821375,0.3158944864209051,0.15159186395038987,1.0,0.3333333333333333,2.026571573885188,0.3339027498575523,0.16476237709059519,0.3158944864209051,0,"[[0, 1, 2, 3, 4, 5], [0, 1, 2, 3, 4, 5], [0, 1, 2, 3, 4, 5], [0, 1, 2, 3, 4, 5]]","[true, true, true, true, true]",0,0.0,0,1,1,[],[],[],[],nan,[],nan,nan,nan,0.27614541699999506
rounded_square--demand_conflict,rounded_square,demand_conflict,n0_d0_m0,factorial_combination,0.0,0.0,0,1.0,1627,error_peak_dynamic,0.0,7.9431667617478405,1.1181551943786041,1.1181551943786041,0.34106659136052275,0.14076944723902052,1.0,0.3333333333333333,2.026571573885188,0.5030721474838998,0.24823803608349662,0.34106659136052275,3,"[[3, 4], [1, 2], [2, 4], [1, 2]]","[true, true, true, true, true]",0,0.0,0,1,1,[],[],[],[],nan,[],nan,nan,nan,0.22235458300000488
rounded_square--demand_conflict,rounded_square,demand_conflict,n0_d0_m0,factorial_combination,0.0,0.0,0,1.0,1627,dual_anchor_dynamic,0.0,7.9431667617478405,1.0605110345115978,1.0605110345115978,0.3349128806187722,0.13351237186895462,1.0,0.3333333333333333,2.026571573885188,0.45732725863337703,0.22566548575268142,0.3349128806187722,3,"[[3, 4], [1, 3], [2, 4], [1, 2]]","[true, true, true, true, true]",0,4.0,0,1,1,[],[],[],[],nan,[],nan,nan,nan,0.23529312500000543
rounded_square--demand_conflict,rounded_square,demand_conflict,n0_d0_m0,factorial_combination,0.0,0.0,0,1.0,1627,fixed_delay_dual_anchor,1.0,7.9431667617478405,1.7469448436762423,1.7469448436762423,0.45759782460271636,0.21993052595711068,1.0,0.6666666666666666,2.026571573885188,0.565653662464043,0.2791185220167749,0.45759782460271636,1,"[[3, 4], [1, 4], [1, 4], [1, 4]]","[true, true, true, true, true]",0,4.0,0,1,1,"[[0, 3], [0, 3], [0, 3], [0, 3], [0, 3]]","[[2, 5], [2, 5], [2, 5], [2, 5], [2, 5]]","[[2, 2], [2, 2], [2, 2], [2, 2], [2, 2]]","[[4.0, 4.0], [4.0, 4.0], [4.0, 4.0], [4.0, 4.0], [4.0, 4.0]]",1.5,"[0.0, 3.0]",2.0,0.5,0.9918555708338668,0.2702321249999997
rounded_square--demand_conflict,rounded_square,demand_conflict,n0_d0_m0,factorial_combination,0.0,0.0,0,1.0,1627,delay_aware_dual_anchor,0.25,7.9431667617478405,1.0262607646790305,1.0262607646790305,0.33529019640766466,0.12920045561944224,1.0,0.16666666666666666,2.026571573885188,0.4437635387071001,0.21897254675113725,0.33529019640766466,3,"[[3, 4], [1, 3], [2, 4], [1, 2]]","[true, true, true, true, true]",0,4.0,0,1,1,"[[0, 3], [0, 3], [0, 3], [0, 3], [0, 3]]","[[2, 5], [2, 5], [2, 5], [2, 5], [2, 5]]","[[2, 2], [2, 2], [2, 2], [2, 2], [2, 2]]","[[0.0, 0.75], [0.0, 0.75], [0.0, 0.75], [0.0, 0.75], [0.0, 0.75]]",1.5,"[0.0, 3.0]",2.0,0.5,0.9917476199119979,0.26415208300000614
rounded_square--demand_conflict,rounded_square,demand_conflict,n0_d0_m0,factorial_combination,0.0,0.0,0,1.0,1657,full_trajectory,0.0,7.718436233900824,3.3555408132785933,3.3555408132785933,0.5323148372960438,0.4347436075898933,0.8333333333333334,0.8333333333333334,1.6846287612066635,0.681574866939754,0.404584607977105,0.5323148372960438,0,"[[0, 1, 2, 3, 4, 5], [0, 1, 2, 3, 4, 5], [0, 1, 2, 3, 4, 5], [0, 1, 2, 3, 4, 5]]","[true, true, true, true, true]",0,0.0,0,1,1,[],[],[],[],nan,[],nan,nan,nan,0.30921079099999815
rounded_square--demand_conflict,rounded_square,demand_conflict,n0_d0_m0,factorial_combination,0.0,0.0,0,1.0,1657,error_peak_dynamic,0.0,7.718436233900824,2.63664022768383,2.63664022768383,0.5740575285023749,0.3416029034616118,0.8333333333333334,0.8333333333333334,1.6846287612066635,0.7667147745747931,0.45512387787182956,0.5740575285023749,3,"[[2, 4], [1, 4], [2, 4], [3, 4]]","[true, true, true, true, true]",0,0.0,0,1,1,[],[],[],[],nan,[],nan,nan,nan,0.25906762500000013
rounded_square--demand_conflict,rounded_square,demand_conflict,n0_d0_m0,factorial_combination,0.0,0.0,0,1.0,1657,dual_anchor_dynamic,0.0,7.718436233900824,3.1483374866791434,3.1483374866791434,0.5588876916149313,0.4078983606615875,0.8333333333333334,0.6666666666666666,1.6846287612066635,0.787324653624563,0.46735795550624415,0.5588876916149313,3,"[[1, 4], [2, 4], [2, 3], [1, 4]]","[true, true, true, true, true]",0,4.0,0,1,1,[],[],[],[],nan,[],nan,nan,nan,0.29569495800000567
rounded_square--demand_conflict,rounded_square,demand_conflict,n0_d0_m0,factorial_combination,0.0,0.0,0,1.0,1657,fixed_delay_dual_anchor,1.0,7.718436233900824,4.01109452029476,4.01109452029476,0.6716882655125759,0.519677095041257,0.8333333333333334,0.6666666666666666,1.6846287612066635,0.959953963469963,0.569831161366596,0.6716882655125759,3,"[[1, 4], [1, 2], [2, 4], [1, 4]]","[true, true, true, true, true]",0,4.0,0,1,1,"[[4, 5], [4, 5], [4, 5], [4, 5], [4, 5]]","[[6, 7], [6, 7], [6, 7], [6, 7], [6, 7]]","[[2, 2], [2, 2], [2, 2], [2, 2], [2, 2]]","[[4.0, 4.0], [4.0, 4.0], [4.0, 4.0], [4.0, 4.0], [4.0, 4.0]]",4.5,"[4.0, 5.0]",4.5,0.0,0.997543971775376,0.3446763749999988
rounded_square--demand_conflict,rounded_square,demand_conflict,n0_d0_m0,factorial_combination,0.0,0.0,0,1.0,1657,delay_aware_dual_anchor,0.25,7.718436233900824,2.794035172264824,2.9325601646809325,0.51386294306782,0.36199498027759763,0.8333333333333334,0.8333333333333334,1.6846287612066635,0.7523061458528378,0.44657087850855465,0.51386294306782,3,"[[1, 4], [2, 4], [3, 4], [2, 4]]","[true, true, true, true, false]",1,2.0,0,1,1,"[[4, 5], [4, 5], [4, 5], [4, 5], [4, 5]]","[[6, 7], [6, 7], [6, 7], [6, 7], [6, 7]]","[[2, 2], [2, 2], [2, 2], [2, 2], [2, 2]]","[[1.0, 1.25], [1.0, 1.25], [1.0, 1.25], [1.0, 1.25], [1.0, 1.25]]",4.5,"[4.0, 5.0]",4.5,0.0,0.9975365656178816,0.3004237500000002
rounded_square--demand_conflict,rounded_square,demand_conflict,n0_d0_m0,factorial_combination,0.0,0.0,0,1.0,1669,full_trajectory,0.0,7.427610943095942,1.419346613591705,1.419346613591705,0.3428177708968866,0.19109059756434948,1.0,0.6666666666666666,1.9656867560987537,0.38826009358762936,0.19751880221149726,0.3428177708968866,0,"[[0, 1, 2, 3, 4, 5], [0, 1, 2, 3, 4, 5], [0, 1, 2, 3, 4, 5], [0, 1, 2, 3, 4, 5]]","[true, true, true, true, true]",0,0.0,0,1,1,[],[],[],[],nan,[],nan,nan,nan,0.2758775
rounded_square--demand_conflict,rounded_square,demand_conflict,n0_d0_m0,factorial_combination,0.0,0.0,0,1.0,1669,error_peak_dynamic,0.0,7.427610943095942,1.1590015189755087,1.1590015189755087,0.34484624699582,0.1560396105631805,1.0,0.6666666666666666,1.9656867560987537,0.506817692553907,0.25783237892886585,0.34484624699582,3,"[[1, 4], [2, 4], [1, 2], [2, 4]]","[true, true, true, true, true]",0,0.0,0,1,1,[],[],[],[],nan,[],nan,nan,nan,0.2367955829999957
rounded_square--demand_conflict,rounded_square,demand_conflict,n0_d0_m0,factorial_combination,0.0,0.0,0,1.0,1669,dual_anchor_dynamic,0.0,7.427610943095942,1.2858004322837344,1.2858004322837344,0.3594082657654348,0.17311090229879394,1.0,0.3333333333333333,1.9656867560987537,0.4897609958553134,0.24915515879413516,0.3594082657654348,3,"[[3, 4], [1, 2], [2, 4], [1, 4]]","[true, true, true, true, true]",0,4.0,0,1,1,[],[],[],[],nan,[],nan,nan,nan,0.2594756250000003
rounded_square--demand_conflict,rounded_square,demand_conflict,n0_d0_m0,factorial_combination,0.0,0.0,0,1.0,1669,fixed_delay_dual_anchor,1.0,7.427610943095942,1.9678797197136875,1.9678797197136875,0.5025870414360809,0.2649411412081103,1.0,0.5,1.9656867560987537,0.6427999135587935,0.3270103497235447,0.5025870414360809,2,"[[3, 4], [1, 4], [1, 4], [1, 2]]","[true, true, true, true, true]",0,4.0,0,1,1,"[[1, 4], [1, 4], [1, 4], [1, 4], [1, 4]]","[[3, 6], [3, 6], [3, 6], [3, 6], [3, 6]]","[[2, 2], [2, 2], [2, 2], [2, 2], [2, 2]]","[[4.0, 4.0], [4.0, 4.0], [4.0, 4.0], [4.0, 4.0], [4.0, 4.0]]",2.5,"[1.0, 4.0]",3.0,0.5,0.992206449188719,0.29157679200000075
rounded_square--demand_conflict,rounded_square,demand_conflict,n0_d0_m0,factorial_combination,0.0,0.0,0,1.0,1669,delay_aware_dual_anchor,0.25,7.427610943095942,1.133433014980397,1.133433014980397,0.37048065918451867,0.15259725148015962,1.0,0.16666666666666666,1.9656867560987537,0.46590211549856025,0.2370174769978223,0.37048065918451867,3,"[[3, 4], [1, 2], [2, 4], [1, 4]]","[true, true, true, true, true]",0,4.0,0,1,1,"[[1, 4], [1, 4], [1, 4], [1, 4], [1, 4]]","[[3, 6], [3, 6], [3, 6], [3, 6], [3, 6]]","[[2, 2], [2, 2], [2, 2], [2, 2], [2, 2]]","[[0.25, 1.0], [0.25, 1.0], [0.25, 1.0], [0.25, 1.0], [0.25, 1.0]]",2.5,"[1.0, 4.0]",3.0,0.5,0.9920673290989289,0.2721602499999989
figure_eight--neutral,figure_eight,neutral,n0_d0_m0,factorial_combination,0.0,0.0,0,1.0,1601,full_trajectory,0.0,7.525902683952328,0.5863012182604641,0.5863012182604641,0.345591695248904,0.07790443789695141,0.8333333333333334,0.0,1.4488644578266523,0.0965683755586641,0.06665107632188041,0.345591695248904,0,"[[0, 1, 2, 3, 4, 5], [0, 1, 2, 3, 4, 5], [0, 1, 2, 3, 4, 5], [0, 1, 2, 3, 4, 5]]","[true, true, true, true, true]",0,0.0,0,1,1,[],[],[],[],nan,[],nan,nan,nan,0.2143112500000015
figure_eight--neutral,figure_eight,neutral,n0_d0_m0,factorial_combination,0.0,0.0,0,1.0,1601,error_peak_dynamic,0.0,7.525902683952328,0.48261114455083676,0.48261114455083676,0.3264641083895406,0.06412667886071935,0.8333333333333334,0.0,1.4488644578266523,0.11615104370192791,0.08016694941648204,0.3264641083895406,2,"[[2, 4], [3, 4], [2, 3], [2, 3]]","[true, true, true, true, true]",0,0.0,0,1,1,[],[],[],[],nan,[],nan,nan,nan,0.22826120799999927
figure_eight--neutral,figure_eight,neutral,n0_d0_m0,factorial_combination,0.0,0.0,0,1.0,1601,dual_anchor_dynamic,0.0,7.525902683952328,0.48261114455083676,0.48261114455083676,0.3264641083895406,0.06412667886071935,0.8333333333333334,0.0,1.4488644578266523,0.11615104370192791,0.08016694941648204,0.3264641083895406,2,"[[2, 4], [3, 4], [2, 3], [2, 3]]","[true, true, true, true, true]",0,4.0,0,1,1,[],[],[],[],nan,[],nan,nan,nan,0.229271875000002
figure_eight--neutral,figure_eight,neutral,n0_d0_m0,factorial_combination,0.0,0.0,0,1.0,1601,fixed_delay_dual_anchor,1.0,7.525902683952328,0.3430410040482169,0.3430410040482169,0.35440155563909753,0.04558137654100842,0.8333333333333334,0.0,1.4488644578266523,0.1326213839163272,0.09153470719770705,0.35440155563909753,1,"[[2, 4], [2, 4], [2, 4], [1, 4]]","[true, true, true, true, true]",0,4.0,0,1,1,"[[3, 4], [3, 4], [3, 4], [3, 4], [3, 4]]","[[5, 6], [5, 6], [5, 6], [5, 6], [5, 6]]","[[2, 2], [2, 2], [2, 2], [2, 2], [2, 2]]","[[4.0, 4.0], [4.0, 4.0], [4.0, 4.0], [4.0, 4.0], [4.0, 4.0]]",3.5,"[3.0, 4.0]",4.0,0.5,0.9990341355745972,0.24831199999999853
figure_eight--neutral,figure_eight,neutral,n0_d0_m0,factorial_combination,0.0,0.0,0,1.0,1601,delay_aware_dual_anchor,0.25,7.525902683952328,0.38757000633188177,0.38757000633188177,0.3084965074446819,0.051498142164169494,0.8333333333333334,0.0,1.4488644578266523,0.1038597222153505,0.07168353233755471,0.3084965074446819,2,"[[2, 4], [2, 4], [3, 4], [2, 3]]","[true, true, true, true, true]",0,4.0,0,1,1,"[[3, 4], [3, 4], [3, 4], [3, 4], [3, 4]]","[[5, 6], [5, 6], [5, 6], [5, 6], [5, 6]]","[[2, 2], [2, 2], [2, 2], [2, 2], [2, 2]]","[[0.75, 1.0], [0.75, 1.0], [0.75, 1.0], [0.75, 1.0], [0.75, 1.0]]",3.5,"[3.0, 4.0]",4.0,0.5,0.9990436773843856,0.2441943749999993
figure_eight--neutral,figure_eight,neutral,n0_d0_m0,factorial_combination,0.0,0.0,0,1.0,1627,full_trajectory,0.0,8.726563876420006,0.6482644432912275,0.6482644432912275,0.36877607691140146,0.07428633451511182,1.0,0.0,1.7776568951940594,0.09505533834914832,0.053472263745682785,0.36877607691140146,0,"[[0, 1, 2, 3, 4, 5], [0, 1, 2, 3, 4, 5], [0, 1, 2, 3, 4, 5], [0, 1, 2, 3, 4, 5]]","[true, true, true, true, true]",0,0.0,0,1,1,[],[],[],[],nan,[],nan,nan,nan,0.23010658399999784
figure_eight--neutral,figure_eight,neutral,n0_d0_m0,factorial_combination,0.0,0.0,0,1.0,1627,error_peak_dynamic,0.0,8.726563876420006,0.5376265483947598,0.5376265483947598,0.3499493235710218,0.061608045962681504,1.0,0.0,1.7776568951940594,0.12270944234735984,0.06902875503091059,0.3499493235710218,1,"[[3, 4], [2, 3], [2, 3], [2, 3]]","[true, true, true, true, true]",0,0.0,0,1,1,[],[],[],[],nan,[],nan,nan,nan,0.21566337499999833
figure_eight--neutral,figure_eight,neutral,n0_d0_m0,factorial_combination,0.0,0.0,0,1.0,1627,dual_anchor_dynamic,0.0,8.726563876420006,0.5376265483947598,0.5376265483947598,0.3499493235710218,0.061608045962681504,1.0,0.0,1.7776568951940594,0.12270944234735984,0.06902875503091059,0.3499493235710218,1,"[[3, 4], [2, 3], [2, 3], [2, 3]]","[true, true, true, true, true]",0,4.0,0,1,1,[],[],[],[],nan,[],nan,nan,nan,0.216870415999999
figure_eight--neutral,figure_eight,neutral,n0_d0_m0,factorial_combination,0.0,0.0,0,1.0,1627,fixed_delay_dual_anchor,1.0,8.726563876420006,0.8460356720787019,0.8460356720787019,0.4183981230666777,0.0969494619027278,1.0,0.16666666666666666,1.7776568951940594,0.18594494757095997,0.1046011455155755,0.4183981230666777,2,"[[3, 4], [2, 4], [2, 4], [1, 4]]","[true, true, true, true, true]",0,4.0,0,1,1,"[[0, 3], [0, 3], [0, 3], [0, 3], [0, 3]]","[[2, 5], [2, 5], [2, 5], [2, 5], [2, 5]]","[[2, 2], [2, 2], [2, 2], [2, 2], [2, 2]]","[[4.0, 4.0], [4.0, 4.0], [4.0, 4.0], [4.0, 4.0], [4.0, 4.0]]",1.5,"[0.0, 3.0]",2.0,0.5,0.9938363577663283,0.25911933399999754
figure_eight--neutral,figure_eight,neutral,n0_d0_m0,factorial_combination,0.0,0.0,0,1.0,1627,delay_aware_dual_anchor,0.25,8.726563876420006,0.41871690971301206,0.41871690971301206,0.3325519481571929,0.04798187644559899,1.0,0.0,1.7776568951940594,0.10485668297192954,0.058985895003367775,0.3325519481571929,1,"[[3, 4], [2, 3], [2, 3], [2, 3]]","[true, true, true, true, true]",0,4.0,0,1,1,"[[0, 3], [0, 3], [0, 3], [0, 3], [0, 3]]","[[2, 5], [2, 5], [2, 5], [2, 5], [2, 5]]","[[2, 2], [2, 2], [2, 2], [2, 2], [2, 2]]","[[0.0, 0.75], [0.0, 0.75], [0.0, 0.75], [0.0, 0.75], [0.0, 0.75]]",1.5,"[0.0, 3.0]",2.0,0.5,0.9939693647248475,0.25204691700000126
figure_eight--neutral,figure_eight,neutral,n0_d0_m0,factorial_combination,0.0,0.0,0,1.0,1657,full_trajectory,0.0,11.070898006709694,3.375020893550496,3.375020893550496,0.4722441248596787,0.30485520610026495,0.8333333333333334,0.5,2.0993597255436933,0.46084714902082935,0.21951795274222424,0.4722441248596787,0,"[[0, 1, 2, 3, 4, 5], [0, 1, 2, 3, 4, 5], [0, 1, 2, 3, 4, 5], [0, 1, 2, 3, 4, 5]]","[true, true, true, true, true]",0,0.0,0,1,1,[],[],[],[],nan,[],nan,nan,nan,0.30161333399999535
figure_eight--neutral,figure_eight,neutral,n0_d0_m0,factorial_combination,0.0,0.0,0,1.0,1657,error_peak_dynamic,0.0,11.070898006709694,2.997223593781067,2.997223593781067,0.46162116891503935,0.27072994367435704,0.8333333333333334,0.5,2.0993597255436933,0.5055720343491745,0.240822012634467,0.46162116891503935,1,"[[2, 4], [3, 4], [3, 4], [3, 4]]","[true, true, true, true, true]",0,0.0,0,1,1,[],[],[],[],nan,[],nan,nan,nan,0.2644796249999999
figure_eight--neutral,figure_eight,neutral,n0_d0_m0,factorial_combination,0.0,0.0,0,1.0,1657,dual_anchor_dynamic,0.0,11.070898006709694,2.997223593781067,2.997223593781067,0.46162116891503935,0.27072994367435704,0.8333333333333334,0.5,2.0993597255436933,0.5055720343491745,0.240822012634467,0.46162116891503935,1,"[[2, 4], [3, 4], [3, 4], [3, 4]]","[true, true, true, true, true]",0,4.0,0,1,1,[],[],[],[],nan,[],nan,nan,nan,0.26867924999999815
figure_eight--neutral,figure_eight,neutral,n0_d0_m0,factorial_combination,0.0,0.0,0,1.0,1657,fixed_delay_dual_anchor,1.0,11.070898006709694,4.42339212583347,4.42339212583347,0.5233258989061818,0.39955133929990166,0.8333333333333334,0.6666666666666666,2.0993597255436933,0.6025875487220788,0.2870339663041884,0.5233258989061818,0,"[[2, 4], [2, 4], [2, 4], [2, 4]]","[true, true, true, true, true]",0,4.0,0,1,1,"[[4, 5], [4, 5], [4, 5], [4, 5], [4, 5]]","[[6, 7], [6, 7], [6, 7], [6, 7], [6, 7]]","[[2, 2], [2, 2], [2, 2], [2, 2], [2, 2]]","[[4.0, 4.0], [4.0, 4.0], [4.0, 4.0], [4.0, 4.0], [4.0, 4.0]]",4.5,"[4.0, 5.0]",4.5,0.0,0.9982997088752845,0.2948654169999969
figure_eight--neutral,figure_eight,neutral,n0_d0_m0,factorial_combination,0.0,0.0,0,1.0,1657,delay_aware_dual_anchor,0.25,11.070898006709694,3.1554563800524416,3.1554563800524416,0.4624400551325175,0.28502262220643954,0.8333333333333334,0.5,2.0993597255436933,0.4982668014850882,0.2373422693702704,0.4624400551325175,1,"[[2, 4], [2, 4], [3, 4], [3, 4]]","[true, true, true, true, true]",0,4.0,0,1,1,"[[4, 5], [4, 5], [4, 5], [4, 5], [4, 5]]","[[6, 7], [6, 7], [6, 7], [6, 7], [6, 7]]","[[2, 2], [2, 2], [2, 2], [2, 2], [2, 2]]","[[1.0, 1.25], [1.0, 1.25], [1.0, 1.25], [1.0, 1.25], [1.0, 1.25]]",4.5,"[4.0, 5.0]",4.5,0.0,0.9983239502711299,0.3155390419999975
figure_eight--neutral,figure_eight,neutral,n0_d0_m0,factorial_combination,0.0,0.0,0,1.0,1669,full_trajectory,0.0,8.620332806081123,0.6767398090702902,0.6767398090702902,0.3849062217186605,0.07850506752974679,1.0,0.0,1.80647270852329,0.10219667409758787,0.05657249822563278,0.3849062217186605,0,"[[0, 1, 2, 3, 4, 5], [0, 1, 2, 3, 4, 5], [0, 1, 2, 3, 4, 5], [0, 1, 2, 3, 4, 5]]","[true, true, true, true, true]",0,0.0,0,1,1,[],[],[],[],nan,[],nan,nan,nan,0.21086470799999546
figure_eight--neutral,figure_eight,neutral,n0_d0_m0,factorial_combination,0.0,0.0,0,1.0,1669,error_peak_dynamic,0.0,8.620332806081123,0.5829082124580864,0.5829082124580864,0.3795389574708743,0.06762015174714368,1.0,0.0,1.80647270852329,0.1291395568792242,0.07148713416478347,0.3795389574708743,2,"[[2, 4], [3, 4], [2, 3], [2, 3]]","[true, true, true, true, true]",0,0.0,0,1,1,[],[],[],[],nan,[],nan,nan,nan,0.22043108300000114
figure_eight--neutral,figure_eight,neutral,n0_d0_m0,factorial_combination,0.0,0.0,0,1.0,1669,dual_anchor_dynamic,0.0,8.620332806081123,0.5829082124580864,0.5829082124580864,0.3795389574708743,0.06762015174714368,1.0,0.0,1.80647270852329,0.1291395568792242,0.07148713416478347,0.3795389574708743,2,"[[2, 4], [3, 4], [2, 3], [2, 3]]","[true, true, true, true, true]",0,4.0,0,1,1,[],[],[],[],nan,[],nan,nan,nan,0.21541141699999855
figure_eight--neutral,figure_eight,neutral,n0_d0_m0,factorial_combination,0.0,0.0,0,1.0,1669,fixed_delay_dual_anchor,1.0,8.620332806081123,0.7816680666260454,0.7816680666260454,0.4140328000799024,0.09067724926752548,1.0,0.0,1.80647270852329,0.18395054230836913,0.10182857534489985,0.4140328000799024,1,"[[2, 4], [2, 4], [2, 4], [1, 4]]","[true, true, true, true, true]",0,4.0,0,1,1,"[[1, 4], [1, 4], [1, 4], [1, 4], [1, 4]]","[[3, 6], [3, 6], [3, 6], [3, 6], [3, 6]]","[[2, 2], [2, 2], [2, 2], [2, 2], [2, 2]]","[[4.0, 4.0], [4.0, 4.0], [4.0, 4.0], [4.0, 4.0], [4.0, 4.0]]",2.5,"[1.0, 4.0]",3.0,0.5,0.9945770081021337,0.25785370799999896
figure_eight--neutral,figure_eight,neutral,n0_d0_m0,factorial_combination,0.0,0.0,0,1.0,1669,delay_aware_dual_anchor,0.25,8.620332806081123,0.43520863941272314,0.43520863941272314,0.3432140520372811,0.05048629202641803,1.0,0.0,1.80647270852329,0.1092878346060021,0.06049791623773823,0.3432140520372811,2,"[[2, 4], [3, 4], [2, 3], [2, 3]]","[true, true, true, true, true]",0,4.0,0,1,1,"[[1, 4], [1, 4], [1, 4], [1, 4], [1, 4]]","[[3, 6], [3, 6], [3, 6], [3, 6], [3, 6]]","[[2, 2], [2, 2], [2, 2], [2, 2], [2, 2]]","[[0.25, 1.0], [0.25, 1.0], [0.25, 1.0], [0.25, 1.0], [0.25, 1.0]]",2.5,"[1.0, 4.0]",3.0,0.5,0.9946591462449095,0.24329654200000306
figure_eight--demand_aligned,figure_eight,demand_aligned,n0_d0_m0,factorial_combination,0.0,0.0,0,1.0,1601,full_trajectory,0.0,12.1502180911818,0.6515145704182426,0.6515145704182426,0.323678133162892,0.05362163588578619,0.6666666666666666,0.0,1.4488644578266523,0.0965683755586641,0.06665107632188041,0.323678133162892,0,"[[0, 1, 2, 3, 4, 5], [0, 1, 2, 3, 4, 5], [0, 1, 2, 3, 4, 5], [0, 1, 2, 3, 4, 5]]","[true, true, true, true, true]",0,0.0,0,1,1,[],[],[],[],nan,[],nan,nan,nan,0.21366579200000047
figure_eight--demand_aligned,figure_eight,demand_aligned,n0_d0_m0,factorial_combination,0.0,0.0,0,1.0,1601,error_peak_dynamic,0.0,12.1502180911818,0.8139864620882551,0.8139864620882551,0.3244146949574521,0.06699356801496574,0.6666666666666666,0.16666666666666666,1.4488644578266523,0.314238308261381,0.21688592508698123,0.3244146949574521,2,"[[2, 4], [3, 4], [2, 3], [2, 3]]","[true, true, true, true, true]",0,0.0,0,1,1,[],[],[],[],nan,[],nan,nan,nan,0.16671579100000145
figure_eight--demand_aligned,figure_eight,demand_aligned,n0_d0_m0,factorial_combination,0.0,0.0,0,1.0,1601,dual_anchor_dynamic,0.0,12.1502180911818,0.5485129216152779,0.5485129216152779,0.30272086434965884,0.04514428609420346,0.6666666666666666,0.0,1.4488644578266523,0.11615104370192791,0.08016694941648204,0.30272086434965884,2,"[[2, 4], [3, 4], [2, 3], [2, 3]]","[true, true, true, true, true]",0,4.0,0,1,1,[],[],[],[],nan,[],nan,nan,nan,0.21729937500000318
figure_eight--demand_aligned,figure_eight,demand_aligned,n0_d0_m0,factorial_combination,0.0,0.0,0,1.0,1601,fixed_delay_dual_anchor,1.0,12.1502180911818,0.4885251390520725,0.4885251390520725,0.3559344580039721,0.040207108661417926,0.6666666666666666,0.0,1.4488644578266523,0.1326213839163272,0.09153470719770705,0.3559344580039721,1,"[[2, 4], [2, 4], [2, 4], [1, 4]]","[true, true, true, true, true]",0,4.0,0,1,1,"[[3, 4], [3, 4], [3, 4], [3, 4], [3, 4]]","[[5, 6], [5, 6], [5, 6], [5, 6], [5, 6]]","[[2, 2], [2, 2], [2, 2], [2, 2], [2, 2]]","[[4.0, 4.0], [4.0, 4.0], [4.0, 4.0], [4.0, 4.0], [4.0, 4.0]]",3.5,"[3.0, 4.0]",4.0,0.5,0.9990341355745972,0.2410063330000014
figure_eight--demand_aligned,figure_eight,demand_aligned,n0_d0_m0,factorial_combination,0.0,0.0,0,1.0,1601,delay_aware_dual_anchor,0.25,12.1502180911818,0.5150324677153908,0.5150324677153908,0.299027825726289,0.04238874264233851,0.6666666666666666,0.0,1.4488644578266523,0.1038597222153505,0.07168353233755471,0.299027825726289,2,"[[2, 4], [2, 4], [3, 4], [2, 3]]","[true, true, true, true, true]",0,4.0,0,1,1,"[[3, 4], [3, 4], [3, 4], [3, 4], [3, 4]]","[[5, 6], [5, 6], [5, 6], [5, 6], [5, 6]]","[[2, 2], [2, 2], [2, 2], [2, 2], [2, 2]]","[[0.75, 1.0], [0.75, 1.0], [0.75, 1.0], [0.75, 1.0], [0.75, 1.0]]",3.5,"[3.0, 4.0]",4.0,0.5,0.9990436773843856,0.2476235000000031
figure_eight--demand_aligned,figure_eight,demand_aligned,n0_d0_m0,factorial_combination,0.0,0.0,0,1.0,1627,full_trajectory,0.0,11.869411144278747,0.7134071934360627,0.7134071934360627,0.3288447121720592,0.060104682933654785,1.0,0.0,1.7776568951940594,0.09505533834914832,0.053472263745682785,0.3288447121720592,0,"[[0, 1, 2, 3, 4, 5], [0, 1, 2, 3, 4, 5], [0, 1, 2, 3, 4, 5], [0, 1, 2, 3, 4, 5]]","[true, true, true, true, true]",0,0.0,0,1,1,[],[],[],[],nan,[],nan,nan,nan,0.22854224999999673
figure_eight--demand_aligned,figure_eight,demand_aligned,n0_d0_m0,factorial_combination,0.0,0.0,0,1.0,1627,error_peak_dynamic,0.0,11.869411144278747,0.8238821007128437,0.8238821007128437,0.3861410955612445,0.06941221352080036,1.0,0.16666666666666666,1.7776568951940594,0.28057586472754104,0.15783465610607142,0.3861410955612445,2,"[[3, 4], [2, 3], [2, 3], [3, 5]]","[true, true, true, true, true]",0,0.0,0,1,1,[],[],[],[],nan,[],nan,nan,nan,0.18166145800000066
figure_eight--demand_aligned,figure_eight,demand_aligned,n0_d0_m0,factorial_combination,0.0,0.0,0,1.0,1627,dual_anchor_dynamic,0.0,11.869411144278747,0.6646952275181661,0.6646952275181661,0.32541654615781124,0.05600069114115743,1.0,0.0,1.7776568951940594,0.12270944234735984,0.06902875503091059,0.32541654615781124,1,"[[3, 4], [2, 3], [2, 3], [2, 3]]","[true, true, true, true, true]",0,4.0,0,1,1,[],[],[],[],nan,[],nan,nan,nan,0.22875720799999755
figure_eight--demand_aligned,figure_eight,demand_aligned,n0_d0_m0,factorial_combination,0.0,0.0,0,1.0,1627,fixed_delay_dual_anchor,1.0,11.869411144278747,1.3377874418817293,1.3377874418817293,0.4372263524553493,0.11270882991752838,1.0,0.16666666666666666,1.7776568951940594,0.18594494757095997,0.1046011455155755,0.4372263524553493,2,"[[3, 4], [2, 4], [2, 4], [1, 4]]","[true, true, true, true, true]",0,4.0,0,1,1,"[[0, 3], [0, 3], [0, 3], [0, 3], [0, 3]]","[[2, 5], [2, 5], [2, 5], [2, 5], [2, 5]]","[[2, 2], [2, 2], [2, 2], [2, 2], [2, 2]]","[[4.0, 4.0], [4.0, 4.0], [4.0, 4.0], [4.0, 4.0], [4.0, 4.0]]",1.5,"[0.0, 3.0]",2.0,0.5,0.9938363577663283,0.25877416699999856
figure_eight--demand_aligned,figure_eight,demand_aligned,n0_d0_m0,factorial_combination,0.0,0.0,0,1.0,1627,delay_aware_dual_anchor,0.25,11.869411144278747,0.4539768980168074,0.4539768980168074,0.3122933662225929,0.03824763440228725,1.0,0.0,1.7776568951940594,0.10485668297192954,0.058985895003367775,0.3122933662225929,1,"[[3, 4], [2, 3], [2, 3], [2, 3]]","[true, true, true, true, true]",0,4.0,0,1,1,"[[0, 3], [0, 3], [0, 3], [0, 3], [0, 3]]","[[2, 5], [2, 5], [2, 5], [2, 5], [2, 5]]","[[2, 2], [2, 2], [2, 2], [2, 2], [2, 2]]","[[0.0, 0.75], [0.0, 0.75], [0.0, 0.75], [0.0, 0.75], [0.0, 0.75]]",1.5,"[0.0, 3.0]",2.0,0.5,0.9939693647248475,0.2526466250000041
figure_eight--demand_aligned,figure_eight,demand_aligned,n0_d0_m0,factorial_combination,0.0,0.0,0,1.0,1657,full_trajectory,0.0,17.985819165338263,5.6652188596124695,5.6652188596124695,0.475466934371489,0.3149825319343981,0.8333333333333334,0.5,2.0993597255436933,0.46084714902082935,0.21951795274222424,0.475466934371489,0,"[[0, 1, 2, 3, 4, 5], [0, 1, 2, 3, 4, 5], [0, 1, 2, 3, 4, 5], [0, 1, 2, 3, 4, 5]]","[true, true, true, true, true]",0,0.0,0,1,1,[],[],[],[],nan,[],nan,nan,nan,0.2951062090000107
figure_eight--demand_aligned,figure_eight,demand_aligned,n0_d0_m0,factorial_combination,0.0,0.0,0,1.0,1657,error_peak_dynamic,0.0,17.985819165338263,4.986994301420965,4.986994301420965,0.46871625668962524,0.2772736818699785,0.8333333333333334,0.5,2.0993597255436933,0.7029673032015815,0.33484842766502376,0.46871625668962524,3,"[[2, 4], [3, 4], [2, 4], [3, 4]]","[true, true, true, true, true]",0,0.0,0,1,1,[],[],[],[],nan,[],nan,nan,nan,0.18791845900000226
figure_eight--demand_aligned,figure_eight,demand_aligned,n0_d0_m0,factorial_combination,0.0,0.0,0,1.0,1657,dual_anchor_dynamic,0.0,17.985819165338263,5.02703948125748,5.02703948125748,0.46400706917124523,0.27950016816278467,0.8333333333333334,0.5,2.0993597255436933,0.5055720343491745,0.240822012634467,0.46400706917124523,1,"[[2, 4], [3, 4], [3, 4], [3, 4]]","[true, true, true, true, true]",0,4.0,0,1,1,[],[],[],[],nan,[],nan,nan,nan,0.2692517499999951
figure_eight--demand_aligned,figure_eight,demand_aligned,n0_d0_m0,factorial_combination,0.0,0.0,0,1.0,1657,fixed_delay_dual_anchor,1.0,17.985819165338263,7.438324693147245,7.438324693147245,0.5338019332877291,0.4135660780734504,0.8333333333333334,0.6666666666666666,2.0993597255436933,0.6025875487220788,0.2870339663041884,0.5338019332877291,0,"[[2, 4], [2, 4], [2, 4], [2, 4]]","[true, true, true, true, true]",0,4.0,0,1,1,"[[4, 5], [4, 5], [4, 5], [4, 5], [4, 5]]","[[6, 7], [6, 7], [6, 7], [6, 7], [6, 7]]","[[2, 2], [2, 2], [2, 2], [2, 2], [2, 2]]","[[4.0, 4.0], [4.0, 4.0], [4.0, 4.0], [4.0, 4.0], [4.0, 4.0]]",4.5,"[4.0, 5.0]",4.5,0.0,0.9982997088752845,0.3087720000000047
figure_eight--demand_aligned,figure_eight,demand_aligned,n0_d0_m0,factorial_combination,0.0,0.0,0,1.0,1657,delay_aware_dual_anchor,0.25,17.985819165338263,5.325265756747153,5.325265756747153,0.4686885480436511,0.2960813576403485,0.8333333333333334,0.5,2.0993597255436933,0.4982668014850882,0.2373422693702704,0.4686885480436511,1,"[[2, 4], [2, 4], [3, 4], [3, 4]]","[true, true, true, true, true]",0,4.0,0,1,1,"[[4, 5], [4, 5], [4, 5], [4, 5], [4, 5]]","[[6, 7], [6, 7], [6, 7], [6, 7], [6, 7]]","[[2, 2], [2, 2], [2, 2], [2, 2], [2, 2]]","[[1.0, 1.25], [1.0, 1.25], [1.0, 1.25], [1.0, 1.25], [1.0, 1.25]]",4.5,"[4.0, 5.0]",4.5,0.0,0.9983239502711299,0.31645537500000387
figure_eight--demand_aligned,figure_eight,demand_aligned,n0_d0_m0,factorial_combination,0.0,0.0,0,1.0,1669,full_trajectory,0.0,12.654416916721992,0.7385015836674758,0.7385015836674758,0.3290116284716199,0.05835919493782395,1.0,0.16666666666666666,1.80647270852329,0.10219667409758787,0.05657249822563278,0.3290116284716199,0,"[[0, 1, 2, 3, 4, 5], [0, 1, 2, 3, 4, 5], [0, 1, 2, 3, 4, 5], [0, 1, 2, 3, 4, 5]]","[true, true, true, true, true]",0,0.0,0,1,1,[],[],[],[],nan,[],nan,nan,nan,0.21392250000000956
figure_eight--demand_aligned,figure_eight,demand_aligned,n0_d0_m0,factorial_combination,0.0,0.0,0,1.0,1669,error_peak_dynamic,0.0,12.654416916721992,0.8799370279326211,0.8799370279326211,0.3454177362222525,0.06953595995164671,1.0,0.16666666666666666,1.80647270852329,0.32106599037002825,0.17773088342557095,0.3454177362222525,3,"[[2, 4], [3, 4], [2, 3], [3, 5]]","[true, true, true, true, true]",0,0.0,0,1,1,[],[],[],[],nan,[],nan,nan,nan,0.17870154099999525
figure_eight--demand_aligned,figure_eight,demand_aligned,n0_d0_m0,factorial_combination,0.0,0.0,0,1.0,1669,dual_anchor_dynamic,0.0,12.654416916721992,0.6529719087862694,0.6529719087862694,0.32177793039680724,0.05160031576985656,1.0,0.0,1.80647270852329,0.1291395568792242,0.07148713416478347,0.32177793039680724,2,"[[2, 4], [3, 4], [2, 3], [2, 3]]","[true, true, true, true, true]",0,4.0,0,1,1,[],[],[],[],nan,[],nan,nan,nan,0.21579350000000375
figure_eight--demand_aligned,figure_eight,demand_aligned,n0_d0_m0,factorial_combination,0.0,0.0,0,1.0,1669,fixed_delay_dual_anchor,1.0,12.654416916721992,1.2372137206056675,1.2372137206056675,0.42183239845171844,0.09776931870885096,1.0,0.16666666666666666,1.80647270852329,0.18395054230836913,0.10182857534489985,0.42183239845171844,1,"[[2, 4], [2, 4], [2, 4], [1, 4]]","[true, true, true, true, true]",0,4.0,0,1,1,"[[1, 4], [1, 4], [1, 4], [1, 4], [1, 4]]","[[3, 6], [3, 6], [3, 6], [3, 6], [3, 6]]","[[2, 2], [2, 2], [2, 2], [2, 2], [2, 2]]","[[4.0, 4.0], [4.0, 4.0], [4.0, 4.0], [4.0, 4.0], [4.0, 4.0]]",2.5,"[1.0, 4.0]",3.0,0.5,0.9945770081021337,0.26470291699999393
figure_eight--demand_aligned,figure_eight,demand_aligned,n0_d0_m0,factorial_combination,0.0,0.0,0,1.0,1669,delay_aware_dual_anchor,0.25,12.654416916721992,0.47354465887261754,0.47354465887261754,0.30040187379871724,0.03742129423971001,1.0,0.0,1.80647270852329,0.1092878346060021,0.06049791623773823,0.30040187379871724,2,"[[2, 4], [3, 4], [2, 3], [2, 3]]","[true, true, true, true, true]",0,4.0,0,1,1,"[[1, 4], [1, 4], [1, 4], [1, 4], [1, 4]]","[[3, 6], [3, 6], [3, 6], [3, 6], [3, 6]]","[[2, 2], [2, 2], [2, 2], [2, 2], [2, 2]]","[[0.25, 1.0], [0.25, 1.0], [0.25, 1.0], [0.25, 1.0], [0.25, 1.0]]",2.5,"[1.0, 4.0]",3.0,0.5,0.9946591462449095,0.24669058300000302
figure_eight--demand_conflict,figure_eight,demand_conflict,n0_d0_m0,factorial_combination,0.0,0.0,0,1.0,1601,full_trajectory,0.0,5.056165821798322,0.507428076935402,0.507428076935402,0.36864869797010225,0.10035827439593853,1.0,0.0,1.4488644578266523,0.0965683755586641,0.06665107632188041,0.36864869797010225,0,"[[0, 1, 2, 3, 4, 5], [0, 1, 2, 3, 4, 5], [0, 1, 2, 3, 4, 5], [0, 1, 2, 3, 4, 5]]","[true, true, true, true, true]",0,0.0,0,1,1,[],[],[],[],nan,[],nan,nan,nan,0.21422266700000137
figure_eight--demand_conflict,figure_eight,demand_conflict,n0_d0_m0,factorial_combination,0.0,0.0,0,1.0,1601,error_peak_dynamic,0.0,5.056165821798322,0.4111904592050645,0.4111904592050645,0.3616546539214269,0.08132455969547628,1.0,0.0,1.4488644578266523,0.14761658265097197,0.10188432869172734,0.3616546539214269,2,"[[2, 4], [3, 4], [2, 3], [2, 3]]","[true, true, true, true, true]",0,0.0,0,1,1,[],[],[],[],nan,[],nan,nan,nan,0.18696529199999645
figure_eight--demand_conflict,figure_eight,demand_conflict,n0_d0_m0,factorial_combination,0.0,0.0,0,1.0,1601,dual_anchor_dynamic,0.0,5.056165821798322,0.4197874982619056,0.4197874982619056,0.3598536573479565,0.0830248676679279,1.0,0.0,1.4488644578266523,0.11615104370192791,0.08016694941648204,0.3598536573479565,2,"[[2, 4], [3, 4], [2, 3], [2, 3]]","[true, true, true, true, true]",0,4.0,0,1,1,[],[],[],[],nan,[],nan,nan,nan,0.22587083300000188
figure_eight--demand_conflict,figure_eight,demand_conflict,n0_d0_m0,factorial_combination,0.0,0.0,0,1.0,1601,fixed_delay_dual_anchor,1.0,5.056165821798322,0.34191882987023314,0.34191882987023314,0.3523958508949692,0.06762413297367355,1.0,0.0,1.4488644578266523,0.1326213839163272,0.09153470719770705,0.3523958508949692,1,"[[2, 4], [2, 4], [2, 4], [1, 4]]","[true, true, true, true, true]",0,4.0,0,1,1,"[[3, 4], [3, 4], [3, 4], [3, 4], [3, 4]]","[[5, 6], [5, 6], [5, 6], [5, 6], [5, 6]]","[[2, 2], [2, 2], [2, 2], [2, 2], [2, 2]]","[[4.0, 4.0], [4.0, 4.0], [4.0, 4.0], [4.0, 4.0], [4.0, 4.0]]",3.5,"[3.0, 4.0]",4.0,0.5,0.9990341355745972,0.24782683399999428
figure_eight--demand_conflict,figure_eight,demand_conflict,n0_d0_m0,factorial_combination,0.0,0.0,0,1.0,1601,delay_aware_dual_anchor,0.25,5.056165821798322,0.2938951473815471,0.2938951473815471,0.3112524561156885,0.05812608955871184,1.0,0.0,1.4488644578266523,0.1063567421845599,0.07340696475093243,0.3112524561156885,3,"[[2, 4], [3, 4], [2, 3], [3, 4]]","[true, true, true, true, true]",0,4.0,0,1,1,"[[3, 4], [3, 4], [3, 4], [3, 4], [3, 4]]","[[5, 6], [5, 6], [5, 6], [5, 6], [5, 6]]","[[2, 2], [2, 2], [2, 2], [2, 2], [2, 2]]","[[0.75, 1.0], [0.75, 1.0], [0.75, 1.0], [0.75, 1.0], [0.75, 1.0]]",3.5,"[3.0, 4.0]",4.0,0.5,0.9990433699447383,0.24237374999999872
figure_eight--demand_conflict,figure_eight,demand_conflict,n0_d0_m0,factorial_combination,0.0,0.0,0,1.0,1627,full_trajectory,0.0,7.304888344882027,0.5628489933056342,0.5628489933056342,0.3734583809356116,0.07705100567347879,1.0,0.0,1.7776568951940594,0.09505533834914832,0.053472263745682785,0.3734583809356116,0,"[[0, 1, 2, 3, 4, 5], [0, 1, 2, 3, 4, 5], [0, 1, 2, 3, 4, 5], [0, 1, 2, 3, 4, 5]]","[true, true, true, true, true]",0,0.0,0,1,1,[],[],[],[],nan,[],nan,nan,nan,0.22586425000000077
figure_eight--demand_conflict,figure_eight,demand_conflict,n0_d0_m0,factorial_combination,0.0,0.0,0,1.0,1627,error_peak_dynamic,0.0,7.304888344882027,0.4530063379585674,0.4530063379585674,0.3570525734662418,0.06201413581851036,1.0,0.0,1.7776568951940594,0.18252795318923612,0.10267895547375035,0.3570525734662418,2,"[[3, 4], [2, 3], [2, 3], [3, 5]]","[true, true, true, true, true]",0,0.0,0,1,1,[],[],[],[],nan,[],nan,nan,nan,0.20070145900000114
figure_eight--demand_conflict,figure_eight,demand_conflict,n0_d0_m0,factorial_combination,0.0,0.0,0,1.0,1627,dual_anchor_dynamic,0.0,7.304888344882027,0.46700761135533764,0.46700761135533764,0.3554049161665361,0.06393083498429294,1.0,0.0,1.7776568951940594,0.12270944234735984,0.06902875503091059,0.3554049161665361,1,"[[3, 4], [2, 3], [2, 3], [2, 3]]","[true, true, true, true, true]",0,4.0,0,1,1,[],[],[],[],nan,[],nan,nan,nan,0.21600850000000094
figure_eight--demand_conflict,figure_eight,demand_conflict,n0_d0_m0,factorial_combination,0.0,0.0,0,1.0,1627,fixed_delay_dual_anchor,1.0,7.304888344882027,0.5739415962501392,0.5739415962501392,0.3817526176745606,0.0785695234687955,1.0,0.0,1.7776568951940594,0.17774261336075556,0.09998701877808211,0.3817526176745606,2,"[[3, 4], [2, 4], [1, 4], [1, 4]]","[true, true, true, true, true]",0,4.0,0,1,1,"[[0, 3], [0, 3], [0, 3], [0, 3], [0, 3]]","[[2, 5], [2, 5], [2, 5], [2, 5], [2, 5]]","[[2, 2], [2, 2], [2, 2], [2, 2], [2, 2]]","[[4.0, 4.0], [4.0, 4.0], [4.0, 4.0], [4.0, 4.0], [4.0, 4.0]]",1.5,"[0.0, 3.0]",2.0,0.5,0.9938449454234493,0.26236716699999363
figure_eight--demand_conflict,figure_eight,demand_conflict,n0_d0_m0,factorial_combination,0.0,0.0,0,1.0,1627,delay_aware_dual_anchor,0.25,7.304888344882027,0.3780833752179701,0.3780833752179701,0.3349588070640646,0.05175758442397877,1.0,0.0,1.7776568951940594,0.10485668297192954,0.058985895003367775,0.3349588070640646,1,"[[3, 4], [2, 3], [2, 3], [2, 3]]","[true, true, true, true, true]",0,4.0,0,1,1,"[[0, 3], [0, 3], [0, 3], [0, 3], [0, 3]]","[[2, 5], [2, 5], [2, 5], [2, 5], [2, 5]]","[[2, 2], [2, 2], [2, 2], [2, 2], [2, 2]]","[[0.0, 0.75], [0.0, 0.75], [0.0, 0.75], [0.0, 0.75], [0.0, 0.75]]",1.5,"[0.0, 3.0]",2.0,0.5,0.9939693647248475,0.2533537080000059
figure_eight--demand_conflict,figure_eight,demand_conflict,n0_d0_m0,factorial_combination,0.0,0.0,0,1.0,1657,full_trajectory,0.0,7.270295286455131,1.852187931198718,1.852187931198718,0.43671161936896635,0.2547610321480921,1.0,0.5,2.0993597255436933,0.46084714902082935,0.21951795274222424,0.43671161936896635,0,"[[0, 1, 2, 3, 4, 5], [0, 1, 2, 3, 4, 5], [0, 1, 2, 3, 4, 5], [0, 1, 2, 3, 4, 5]]","[true, true, true, true, true]",0,0.0,0,1,1,[],[],[],[],nan,[],nan,nan,nan,0.2963693749999976
figure_eight--demand_conflict,figure_eight,demand_conflict,n0_d0_m0,factorial_combination,0.0,0.0,0,1.0,1657,error_peak_dynamic,0.0,7.270295286455131,1.76043276222289,1.76043276222289,0.44709709448597673,0.24214047612380352,1.0,0.5,2.0993597255436933,0.5498022445658127,0.2618904411074308,0.44709709448597673,1,"[[2, 4], [3, 4], [3, 4], [3, 4]]","[true, true, true, true, true]",0,0.0,0,1,1,[],[],[],[],nan,[],nan,nan,nan,0.25153350000000785
figure_eight--demand_conflict,figure_eight,demand_conflict,n0_d0_m0,factorial_combination,0.0,0.0,0,1.0,1657,dual_anchor_dynamic,0.0,7.270295286455131,1.655805251525454,1.655805251525454,0.4367447941276119,0.22774938104787706,1.0,0.5,2.0993597255436933,0.5055720343491745,0.240822012634467,0.4367447941276119,1,"[[2, 4], [3, 4], [3, 4], [3, 4]]","[true, true, true, true, true]",0,4.0,0,1,1,[],[],[],[],nan,[],nan,nan,nan,0.2704687079999957
figure_eight--demand_conflict,figure_eight,demand_conflict,n0_d0_m0,factorial_combination,0.0,0.0,0,1.0,1657,fixed_delay_dual_anchor,1.0,7.270295286455131,2.420419391610809,2.420419391610809,0.4668105707977929,0.3329189938296115,1.0,0.6666666666666666,2.0993597255436933,0.6025875487220788,0.2870339663041884,0.4668105707977929,0,"[[2, 4], [2, 4], [2, 4], [2, 4]]","[true, true, true, true, true]",0,4.0,0,1,1,"[[4, 5], [4, 5], [4, 5], [4, 5], [4, 5]]","[[6, 7], [6, 7], [6, 7], [6, 7], [6, 7]]","[[2, 2], [2, 2], [2, 2], [2, 2], [2, 2]]","[[4.0, 4.0], [4.0, 4.0], [4.0, 4.0], [4.0, 4.0], [4.0, 4.0]]",4.5,"[4.0, 5.0]",4.5,0.0,0.9982997088752845,0.3015042499999936
figure_eight--demand_conflict,figure_eight,demand_conflict,n0_d0_m0,factorial_combination,0.0,0.0,0,1.0,1657,delay_aware_dual_anchor,0.25,7.270295286455131,1.7070650002792753,1.7070650002792753,0.4137398950251984,0.23479995419988098,1.0,0.3333333333333333,2.0993597255436933,0.4982668014850882,0.2373422693702704,0.4137398950251984,1,"[[2, 4], [2, 4], [3, 4], [3, 4]]","[true, true, true, true, true]",0,4.0,0,1,1,"[[4, 5], [4, 5], [4, 5], [4, 5], [4, 5]]","[[6, 7], [6, 7], [6, 7], [6, 7], [6, 7]]","[[2, 2], [2, 2], [2, 2], [2, 2], [2, 2]]","[[1.0, 1.25], [1.0, 1.25], [1.0, 1.25], [1.0, 1.25], [1.0, 1.25]]",4.5,"[4.0, 5.0]",4.5,0.0,0.9983239502711299,0.311462542000001
figure_eight--demand_conflict,figure_eight,demand_conflict,n0_d0_m0,factorial_combination,0.0,0.0,0,1.0,1669,full_trajectory,0.0,7.018305528767016,0.5940043929979566,0.5940043929979566,0.3963677811957396,0.0846364397450665,1.0,0.0,1.80647270852329,0.10219667409758787,0.05657249822563278,0.3963677811957396,0,"[[0, 1, 2, 3, 4, 5], [0, 1, 2, 3, 4, 5], [0, 1, 2, 3, 4, 5], [0, 1, 2, 3, 4, 5]]","[true, true, true, true, true]",0,0.0,0,1,1,[],[],[],[],nan,[],nan,nan,nan,0.21457200000000398
figure_eight--demand_conflict,figure_eight,demand_conflict,n0_d0_m0,factorial_combination,0.0,0.0,0,1.0,1669,error_peak_dynamic,0.0,7.018305528767016,0.5183759104703793,0.5183759104703793,0.3957224718881279,0.07386055057672136,1.0,0.0,1.80647270852329,0.16737522749259645,0.09265306179433963,0.3957224718881279,2,"[[2, 4], [3, 4], [2, 3], [2, 3]]","[true, true, true, true, true]",0,0.0,0,1,1,[],[],[],[],nan,[],nan,nan,nan,0.2035835000000077
figure_eight--demand_conflict,figure_eight,demand_conflict,n0_d0_m0,factorial_combination,0.0,0.0,0,1.0,1669,dual_anchor_dynamic,0.0,7.018305528767016,0.5136147154793871,0.5136147154793871,0.3782513652285809,0.07318215392221881,1.0,0.0,1.80647270852329,0.13144504214751776,0.07276337003450672,0.3782513652285809,1,"[[3, 4], [2, 3], [2, 3], [2, 3]]","[true, true, true, true, true]",0,4.0,0,1,1,[],[],[],[],nan,[],nan,nan,nan,0.22434233299999562
figure_eight--demand_conflict,figure_eight,demand_conflict,n0_d0_m0,factorial_combination,0.0,0.0,0,1.0,1669,fixed_delay_dual_anchor,1.0,7.018305528767016,0.5381994455756322,0.5381994455756322,0.38361033064525285,0.07668509775894349,1.0,0.0,1.80647270852329,0.17749768841509445,0.09825650151127432,0.38361033064525285,2,"[[3, 4], [2, 4], [1, 4], [1, 4]]","[true, true, true, true, true]",0,4.0,0,1,1,"[[1, 4], [1, 4], [1, 4], [1, 4], [1, 4]]","[[3, 6], [3, 6], [3, 6], [3, 6], [3, 6]]","[[2, 2], [2, 2], [2, 2], [2, 2], [2, 2]]","[[4.0, 4.0], [4.0, 4.0], [4.0, 4.0], [4.0, 4.0], [4.0, 4.0]]",2.5,"[1.0, 4.0]",3.0,0.5,0.9945857022288107,0.2706562919999982
figure_eight--demand_conflict,figure_eight,demand_conflict,n0_d0_m0,factorial_combination,0.0,0.0,0,1.0,1669,delay_aware_dual_anchor,0.25,7.018305528767016,0.37185993364367953,0.37185993364367953,0.3467535309497025,0.05298428974336891,1.0,0.0,1.80647270852329,0.11717460428188475,0.06486375561005277,0.3467535309497025,2,"[[3, 4], [2, 3], [2, 3], [3, 4]]","[true, true, true, true, true]",0,4.0,0,1,1,"[[1, 4], [1, 4], [1, 4], [1, 4], [1, 4]]","[[3, 6], [3, 6], [3, 6], [3, 6], [3, 6]]","[[2, 2], [2, 2], [2, 2], [2, 2], [2, 2]]","[[0.25, 1.0], [0.25, 1.0], [0.25, 1.0], [0.25, 1.0], [0.25, 1.0]]",2.5,"[1.0, 4.0]",3.0,0.5,0.9946569216499266,0.25008804200000156
s_curve--neutral,s_curve,neutral,n0_d0_m0,factorial_combination,0.0,0.0,0,1.0,1601,full_trajectory,0.0,4.077004176437172,0.9271700272875438,0.9271700272875438,0.46222705623365984,0.2274145394910492,0.6666666666666666,0.16666666666666666,0.6291165783576135,0.17925431817421494,0.28493020902768207,0.46222705623365984,0,"[[0, 1, 2, 3, 4, 5], [0, 1, 2, 3, 4, 5], [0, 1, 2, 3, 4, 5], [0, 1, 2, 3, 4, 5]]","[true, true, true, true, true]",0,0.0,0,1,1,[],[],[],[],nan,[],nan,nan,nan,0.24456987499999627
s_curve--neutral,s_curve,neutral,n0_d0_m0,factorial_combination,0.0,0.0,0,1.0,1601,error_peak_dynamic,0.0,4.077004176437172,0.678057968439059,0.678057968439059,0.40252944176924693,0.16631279711653443,0.6666666666666666,0.0,0.6291165783576135,0.23663211060589062,0.3761339610913576,0.40252944176924693,3,"[[2, 4], [3, 4], [2, 4], [2, 3]]","[true, true, true, true, true]",0,0.0,0,1,1,[],[],[],[],nan,[],nan,nan,nan,0.23051225000000386
s_curve--neutral,s_curve,neutral,n0_d0_m0,factorial_combination,0.0,0.0,0,1.0,1601,dual_anchor_dynamic,0.0,4.077004176437172,0.678057968439059,0.678057968439059,0.40252944176924693,0.16631279711653443,0.6666666666666666,0.0,0.6291165783576135,0.23663211060589062,0.3761339610913576,0.40252944176924693,3,"[[2, 4], [3, 4], [2, 4], [2, 3]]","[true, true, true, true, true]",0,4.0,0,1,1,[],[],[],[],nan,[],nan,nan,nan,0.22947520799999666
s_curve--neutral,s_curve,neutral,n0_d0_m0,factorial_combination,0.0,0.0,0,1.0,1601,fixed_delay_dual_anchor,1.0,4.077004176437172,0.4934901625228554,0.4934901625228554,0.479020783835308,0.12104234903043647,0.6666666666666666,0.0,0.6291165783576135,0.25692710296502147,0.4083934707868634,0.479020783835308,1,"[[2, 4], [2, 4], [2, 4], [3, 4]]","[true, true, true, true, true]",0,4.0,0,1,1,"[[3, 4], [3, 4], [3, 4], [3, 4], [3, 4]]","[[5, 6], [5, 6], [5, 6], [5, 6], [5, 6]]","[[2, 2], [2, 2], [2, 2], [2, 2], [2, 2]]","[[4.0, 4.0], [4.0, 4.0], [4.0, 4.0], [4.0, 4.0], [4.0, 4.0]]",3.5,"[3.0, 4.0]",4.0,0.5,0.999024523529555,0.25945174999999665
s_curve--neutral,s_curve,neutral,n0_d0_m0,factorial_combination,0.0,0.0,0,1.0,1601,delay_aware_dual_anchor,0.25,4.077004176437172,0.4532589161570363,0.4532589161570363,0.356166359318778,0.11117450376347957,0.6666666666666666,0.0,0.6291165783576135,0.2358114615203318,0.374829514326179,0.356166359318778,0,"[[2, 4], [2, 4], [2, 4], [2, 4]]","[true, true, true, true, true]",0,4.0,0,1,1,"[[3, 4], [3, 4], [3, 4], [3, 4], [3, 4]]","[[5, 6], [5, 6], [5, 6], [5, 6], [5, 6]]","[[2, 2], [2, 2], [2, 2], [2, 2], [2, 2]]","[[0.75, 1.0], [0.75, 1.0], [0.75, 1.0], [0.75, 1.0], [0.75, 1.0]]",3.5,"[3.0, 4.0]",4.0,0.5,0.9989697556346995,0.24690966600000763
s_curve--neutral,s_curve,neutral,n0_d0_m0,factorial_combination,0.0,0.0,0,1.0,1627,full_trajectory,0.0,4.951054427787453,0.7359789778047119,0.7359789778047119,0.3878977375518458,0.14865095678893783,1.0,0.0,0.7808894158797036,0.14940649437633033,0.19132862008126703,0.3878977375518458,0,"[[0, 1, 2, 3, 4, 5], [0, 1, 2, 3, 4, 5], [0, 1, 2, 3, 4, 5], [0, 1, 2, 3, 4, 5]]","[true, true, true, true, true]",0,0.0,0,1,1,[],[],[],[],nan,[],nan,nan,nan,0.25049475000000143
s_curve--neutral,s_curve,neutral,n0_d0_m0,factorial_combination,0.0,0.0,0,1.0,1627,error_peak_dynamic,0.0,4.951054427787453,0.6253235413718545,0.6253235413718545,0.3687162215660372,0.12630108404025395,1.0,0.0,0.7808894158797036,0.22570133304439347,0.2890311079323975,0.3687162215660372,1,"[[3, 4], [3, 4], [2, 4], [2, 4]]","[true, true, true, true, true]",0,0.0,0,1,1,[],[],[],[],nan,[],nan,nan,nan,0.2217358340000004
s_curve--neutral,s_curve,neutral,n0_d0_m0,factorial_combination,0.0,0.0,0,1.0,1627,dual_anchor_dynamic,0.0,4.951054427787453,0.6253235413718545,0.6253235413718545,0.3687162215660372,0.12630108404025395,1.0,0.0,0.7808894158797036,0.22570133304439347,0.2890311079323975,0.3687162215660372,1,"[[3, 4], [3, 4], [2, 4], [2, 4]]","[true, true, true, true, true]",0,4.0,0,1,1,[],[],[],[],nan,[],nan,nan,nan,0.2408716670000075
s_curve--neutral,s_curve,neutral,n0_d0_m0,factorial_combination,0.0,0.0,0,1.0,1627,fixed_delay_dual_anchor,1.0,4.951054427787453,0.7335524999170033,0.7335524999170033,0.4720250068371546,0.14816086363340913,1.0,0.0,0.7808894158797036,0.2700230844988374,0.34578914633468993,0.4720250068371546,2,"[[3, 4], [2, 4], [2, 4], [3, 4]]","[true, true, true, true, true]",0,4.0,0,1,1,"[[0, 3], [0, 3], [0, 3], [0, 3], [0, 3]]","[[2, 5], [2, 5], [2, 5], [2, 5], [2, 5]]","[[2, 2], [2, 2], [2, 2], [2, 2], [2, 2]]","[[4.0, 4.0], [4.0, 4.0], [4.0, 4.0], [4.0, 4.0], [4.0, 4.0]]",1.5,"[0.0, 3.0]",2.0,0.5,0.9942606862868946,0.2434132910000102
s_curve--neutral,s_curve,neutral,n0_d0_m0,factorial_combination,0.0,0.0,0,1.0,1627,delay_aware_dual_anchor,0.25,4.951054427787453,0.5676235819554477,0.5676235819554477,0.3584553579282116,0.11464700908349934,1.0,0.0,0.7808894158797036,0.2204649555970911,0.2823254498189457,0.3584553579282116,1,"[[3, 4], [3, 4], [2, 4], [2, 4]]","[true, true, true, true, true]",0,4.0,0,1,1,"[[0, 3], [0, 3], [0, 3], [0, 3], [0, 3]]","[[2, 5], [2, 5], [2, 5], [2, 5], [2, 5]]","[[2, 2], [2, 2], [2, 2], [2, 2], [2, 2]]","[[0.0, 0.75], [0.0, 0.75], [0.0, 0.75], [0.0, 0.75], [0.0, 0.75]]",1.5,"[0.0, 3.0]",2.0,0.5,0.9945836743657694,0.23893225000000484
s_curve--neutral,s_curve,neutral,n0_d0_m0,factorial_combination,0.0,0.0,0,1.0,1657,full_trajectory,0.0,6.011988647843259,1.5092441081965537,1.5092441081965537,0.4713467346821418,0.2510390815089081,0.6666666666666666,0.3333333333333333,0.8837830390776696,0.3182738010545242,0.36012662269088114,0.4713467346821418,0,"[[0, 1, 2, 3, 4, 5], [0, 1, 2, 3, 4, 5], [0, 1, 2, 3, 4, 5], [0, 1, 2, 3, 4, 5]]","[true, true, true, true, true]",0,0.0,0,1,1,[],[],[],[],nan,[],nan,nan,nan,0.430164542
s_curve--neutral,s_curve,neutral,n0_d0_m0,factorial_combination,0.0,0.0,0,1.0,1657,error_peak_dynamic,0.0,6.011988647843259,1.0514137996740758,1.0514137996740758,0.40750407778367526,0.17488619178468676,0.6666666666666666,0.16666666666666666,0.8837830390776696,0.41241469614919973,0.46664699130184983,0.40750407778367526,2,"[[2, 4], [3, 4], [2, 4], [2, 4]]","[true, true, true, true, true]",0,0.0,0,1,1,[],[],[],[],nan,[],nan,nan,nan,0.2307345840000039
s_curve--neutral,s_curve,neutral,n0_d0_m0,factorial_combination,0.0,0.0,0,1.0,1657,dual_anchor_dynamic,0.0,6.011988647843259,1.0514137996740758,1.0514137996740758,0.40750407778367526,0.17488619178468676,0.6666666666666666,0.16666666666666666,0.8837830390776696,0.41241469614919973,0.46664699130184983,0.40750407778367526,2,"[[2, 4], [3, 4], [2, 4], [2, 4]]","[true, true, true, true, true]",0,4.0,0,1,1,[],[],[],[],nan,[],nan,nan,nan,0.23029079199999103
s_curve--neutral,s_curve,neutral,n0_d0_m0,factorial_combination,0.0,0.0,0,1.0,1657,fixed_delay_dual_anchor,1.0,6.011988647843259,0.8018534729268484,0.8018534729268484,0.48397662654243423,0.13337574634551339,0.6666666666666666,0.16666666666666666,0.8837830390776696,0.41176036955390555,0.4659066211359129,0.48397662654243423,0,"[[2, 4], [2, 4], [2, 4], [2, 4]]","[true, true, true, true, true]",0,4.0,0,1,1,"[[4, 5], [4, 5], [4, 5], [4, 5], [4, 5]]","[[6, 7], [6, 7], [6, 7], [6, 7], [6, 7]]","[[2, 2], [2, 2], [2, 2], [2, 2], [2, 2]]","[[4.0, 4.0], [4.0, 4.0], [4.0, 4.0], [4.0, 4.0], [4.0, 4.0]]",4.5,"[4.0, 5.0]",4.5,0.0,0.9979698843380967,0.31370245900001237
s_curve--neutral,s_curve,neutral,n0_d0_m0,factorial_combination,0.0,0.0,0,1.0,1657,delay_aware_dual_anchor,0.25,6.011988647843259,0.7104390596226728,0.7104390596226728,0.3733624655649693,0.11817039273311598,0.6666666666666666,0.0,0.8837830390776696,0.3860680301474953,0.4368357538863862,0.3733624655649693,0,"[[2, 4], [2, 4], [2, 4], [2, 4]]","[true, true, true, true, true]",0,4.0,0,1,1,"[[4, 5], [4, 5], [4, 5], [4, 5], [4, 5]]","[[6, 7], [6, 7], [6, 7], [6, 7], [6, 7]]","[[2, 2], [2, 2], [2, 2], [2, 2], [2, 2]]","[[1.0, 1.25], [1.0, 1.25], [1.0, 1.25], [1.0, 1.25], [1.0, 1.25]]",4.5,"[4.0, 5.0]",4.5,0.0,0.9979054462559178,0.31203145799999277
s_curve--neutral,s_curve,neutral,n0_d0_m0,factorial_combination,0.0,0.0,0,1.0,1669,full_trajectory,0.0,5.128357271951078,0.8951496361329407,0.8951496361329407,0.41064061438793403,0.1745490005208592,0.8333333333333334,0.16666666666666666,0.7956183218949199,0.18095894461748294,0.22744441604423335,0.41064061438793403,0,"[[0, 1, 2, 3, 4, 5], [0, 1, 2, 3, 4, 5], [0, 1, 2, 3, 4, 5], [0, 1, 2, 3, 4, 5]]","[true, true, true, true, true]",0,0.0,0,1,1,[],[],[],[],nan,[],nan,nan,nan,0.34757470899999987
s_curve--neutral,s_curve,neutral,n0_d0_m0,factorial_combination,0.0,0.0,0,1.0,1669,error_peak_dynamic,0.0,5.128357271951078,0.785103379355973,0.785103379355973,0.3881652969413419,0.1530906170773241,0.8333333333333334,0.16666666666666666,0.7956183218949199,0.24994398976553367,0.3141506208281421,0.3881652969413419,2,"[[3, 4], [3, 4], [2, 4], [2, 3]]","[true, true, true, true, true]",0,0.0,0,1,1,[],[],[],[],nan,[],nan,nan,nan,0.22559483300000238
s_curve--neutral,s_curve,neutral,n0_d0_m0,factorial_combination,0.0,0.0,0,1.0,1669,dual_anchor_dynamic,0.0,5.128357271951078,0.785103379355973,0.785103379355973,0.3881652969413419,0.1530906170773241,0.8333333333333334,0.16666666666666666,0.7956183218949199,0.24994398976553367,0.3141506208281421,0.3881652969413419,2,"[[3, 4], [3, 4], [2, 4], [2, 3]]","[true, true, true, true, true]",0,4.0,0,1,1,[],[],[],[],nan,[],nan,nan,nan,0.21960470800000564
s_curve--neutral,s_curve,neutral,n0_d0_m0,factorial_combination,0.0,0.0,0,1.0,1669,fixed_delay_dual_anchor,1.0,5.128357271951078,0.7582414076159241,0.7582414076159241,0.47595830649776427,0.14785268798705437,0.8333333333333334,0.0,0.7956183218949199,0.29302161105083185,0.3682941970880508,0.47595830649776427,1,"[[3, 4], [2, 4], [2, 4], [2, 4]]","[true, true, true, true, true]",0,4.0,0,1,1,"[[1, 4], [1, 4], [1, 4], [1, 4], [1, 4]]","[[3, 6], [3, 6], [3, 6], [3, 6], [3, 6]]","[[2, 2], [2, 2], [2, 2], [2, 2], [2, 2]]","[[4.0, 4.0], [4.0, 4.0], [4.0, 4.0], [4.0, 4.0], [4.0, 4.0]]",2.5,"[1.0, 4.0]",3.0,0.5,0.9940628356207923,0.31614308399998947
s_curve--neutral,s_curve,neutral,n0_d0_m0,factorial_combination,0.0,0.0,0,1.0,1669,delay_aware_dual_anchor,0.25,5.128357271951078,0.5370090905871604,0.5370090905871604,0.3390281875628187,0.10471366601626331,0.8333333333333334,0.0,0.7956183218949199,0.24980551860938538,0.3139765786368832,0.3390281875628187,1,"[[3, 4], [2, 4], [2, 4], [2, 4]]","[true, true, true, true, true]",0,4.0,0,1,1,"[[1, 4], [1, 4], [1, 4], [1, 4], [1, 4]]","[[3, 6], [3, 6], [3, 6], [3, 6], [3, 6]]","[[2, 2], [2, 2], [2, 2], [2, 2], [2, 2]]","[[0.25, 1.0], [0.25, 1.0], [0.25, 1.0], [0.25, 1.0], [0.25, 1.0]]",2.5,"[1.0, 4.0]",3.0,0.5,0.9940170355110123,0.2394536249999959
s_curve--demand_aligned,s_curve,demand_aligned,n0_d0_m0,factorial_combination,0.0,0.0,0,1.0,1601,full_trajectory,0.0,5.484261066449515,1.5481703194063305,1.5481703194063305,0.5078814406573333,0.28229333006727353,0.6666666666666666,0.16666666666666666,0.6291165783576135,0.17925431817421494,0.28493020902768207,0.5078814406573333,0,"[[0, 1, 2, 3, 4, 5], [0, 1, 2, 3, 4, 5], [0, 1, 2, 3, 4, 5], [0, 1, 2, 3, 4, 5]]","[true, true, true, true, true]",0,0.0,0,1,1,[],[],[],[],nan,[],nan,nan,nan,0.2505946659999978
s_curve--demand_aligned,s_curve,demand_aligned,n0_d0_m0,factorial_combination,0.0,0.0,0,1.0,1601,error_peak_dynamic,0.0,5.484261066449515,1.032321552510051,1.032321552510051,0.4258675001630342,0.18823348122965475,0.6666666666666666,0.3333333333333333,0.6291165783576135,0.3769909324475766,0.5992385917277175,0.4258675001630342,3,"[[2, 4], [3, 4], [2, 4], [1, 2]]","[true, true, true, true, true]",0,0.0,0,1,1,[],[],[],[],nan,[],nan,nan,nan,0.16481066699999758
s_curve--demand_aligned,s_curve,demand_aligned,n0_d0_m0,factorial_combination,0.0,0.0,0,1.0,1601,dual_anchor_dynamic,0.0,5.484261066449515,1.1171590049105287,1.1171590049105287,0.4366553595956619,0.20370273978109,0.6666666666666666,0.16666666666666666,0.6291165783576135,0.23663211060589062,0.3761339610913576,0.4366553595956619,3,"[[2, 4], [3, 4], [2, 4], [2, 3]]","[true, true, true, true, true]",0,4.0,0,1,1,[],[],[],[],nan,[],nan,nan,nan,0.22198874999999418
s_curve--demand_aligned,s_curve,demand_aligned,n0_d0_m0,factorial_combination,0.0,0.0,0,1.0,1601,fixed_delay_dual_anchor,1.0,5.484261066449515,0.7597933186553163,0.7597933186553163,0.4805183121452766,0.13854069116137152,0.6666666666666666,0.0,0.6291165783576135,0.25692710296502147,0.4083934707868634,0.4805183121452766,1,"[[2, 4], [2, 4], [2, 4], [3, 4]]","[true, true, true, true, true]",0,4.0,0,1,1,"[[3, 4], [3, 4], [3, 4], [3, 4], [3, 4]]","[[5, 6], [5, 6], [5, 6], [5, 6], [5, 6]]","[[2, 2], [2, 2], [2, 2], [2, 2], [2, 2]]","[[4.0, 4.0], [4.0, 4.0], [4.0, 4.0], [4.0, 4.0], [4.0, 4.0]]",3.5,"[3.0, 4.0]",4.0,0.5,0.999024523529555,0.24630179199999702
s_curve--demand_aligned,s_curve,demand_aligned,n0_d0_m0,factorial_combination,0.0,0.0,0,1.0,1601,delay_aware_dual_anchor,0.25,5.484261066449515,0.7450198882580011,0.7450198882580011,0.3721633580825193,0.13584690430142551,0.6666666666666666,0.16666666666666666,0.6291165783576135,0.2358114615203318,0.374829514326179,0.3721633580825193,0,"[[2, 4], [2, 4], [2, 4], [2, 4]]","[true, true, true, true, true]",0,4.0,0,1,1,"[[3, 4], [3, 4], [3, 4], [3, 4], [3, 4]]","[[5, 6], [5, 6], [5, 6], [5, 6], [5, 6]]","[[2, 2], [2, 2], [2, 2], [2, 2], [2, 2]]","[[0.75, 1.0], [0.75, 1.0], [0.75, 1.0], [0.75, 1.0], [0.75, 1.0]]",3.5,"[3.0, 4.0]",4.0,0.5,0.9989697556346995,0.24443645799999558
s_curve--demand_aligned,s_curve,demand_aligned,n0_d0_m0,factorial_combination,0.0,0.0,0,1.0,1627,full_trajectory,0.0,6.43282049212416,1.2263609051971072,1.2263609051971072,0.42336443165023263,0.19064124464510818,0.8333333333333334,0.16666666666666666,0.7808894158797036,0.14940649437633033,0.19132862008126703,0.42336443165023263,0,"[[0, 1, 2, 3, 4, 5], [0, 1, 2, 3, 4, 5], [0, 1, 2, 3, 4, 5], [0, 1, 2, 3, 4, 5]]","[true, true, true, true, true]",0,0.0,0,1,1,[],[],[],[],nan,[],nan,nan,nan,0.24516841700000214
s_curve--demand_aligned,s_curve,demand_aligned,n0_d0_m0,factorial_combination,0.0,0.0,0,1.0,1627,error_peak_dynamic,0.0,6.43282049212416,0.7796201214606225,0.7796201214606225,0.38545296444812094,0.12119413598049693,0.8333333333333334,0.0,0.7808894158797036,0.3593084566676091,0.46012719517120554,0.38545296444812094,3,"[[3, 4], [2, 4], [1, 2], [2, 4]]","[true, true, true, true, true]",0,0.0,0,1,1,[],[],[],[],nan,[],nan,nan,nan,0.1568554589999991
s_curve--demand_aligned,s_curve,demand_aligned,n0_d0_m0,factorial_combination,0.0,0.0,0,1.0,1627,dual_anchor_dynamic,0.0,6.43282049212416,0.8204488424160122,0.8204488424160122,0.36740759447029714,0.12754107524382274,0.8333333333333334,0.16666666666666666,0.7808894158797036,0.2233191724165167,0.285980534343571,0.36740759447029714,1,"[[3, 4], [2, 4], [2, 4], [2, 4]]","[true, true, true, true, true]",0,4.0,0,1,1,[],[],[],[],nan,[],nan,nan,nan,0.21712512499999548
s_curve--demand_aligned,s_curve,demand_aligned,n0_d0_m0,factorial_combination,0.0,0.0,0,1.0,1627,fixed_delay_dual_anchor,1.0,6.43282049212416,1.121972305217672,1.121972305217672,0.48536645761667646,0.17441374379890234,0.8333333333333334,0.3333333333333333,0.7808894158797036,0.2700230844988374,0.34578914633468993,0.48536645761667646,2,"[[3, 4], [2, 4], [2, 4], [3, 4]]","[true, true, true, true, true]",0,4.0,0,1,1,"[[0, 3], [0, 3], [0, 3], [0, 3], [0, 3]]","[[2, 5], [2, 5], [2, 5], [2, 5], [2, 5]]","[[2, 2], [2, 2], [2, 2], [2, 2], [2, 2]]","[[4.0, 4.0], [4.0, 4.0], [4.0, 4.0], [4.0, 4.0], [4.0, 4.0]]",1.5,"[0.0, 3.0]",2.0,0.5,0.9942606862868946,0.23949008300000685
s_curve--demand_aligned,s_curve,demand_aligned,n0_d0_m0,factorial_combination,0.0,0.0,0,1.0,1627,delay_aware_dual_anchor,0.25,6.43282049212416,0.7325472495591621,0.7325472495591621,0.3553863767057934,0.11387652592762931,0.8333333333333334,0.0,0.7808894158797036,0.21793063728922465,0.2790800244663541,0.3553863767057934,1,"[[3, 4], [2, 4], [2, 4], [2, 4]]","[true, true, true, true, true]",0,4.0,0,1,1,"[[0, 3], [0, 3], [0, 3], [0, 3], [0, 3]]","[[2, 5], [2, 5], [2, 5], [2, 5], [2, 5]]","[[2, 2], [2, 2], [2, 2], [2, 2], [2, 2]]","[[0.0, 0.75], [0.0, 0.75], [0.0, 0.75], [0.0, 0.75], [0.0, 0.75]]",1.5,"[0.0, 3.0]",2.0,0.5,0.9945283611948703,0.24126641700000562
s_curve--demand_aligned,s_curve,demand_aligned,n0_d0_m0,factorial_combination,0.0,0.0,0,1.0,1657,full_trajectory,0.0,8.060150068195796,2.50918123576254,2.50918123576254,0.5163270218938898,0.3113070122184712,0.6666666666666666,0.5,0.8837830390776696,0.3182738010545242,0.36012662269088114,0.5163270218938898,0,"[[0, 1, 2, 3, 4, 5], [0, 1, 2, 3, 4, 5], [0, 1, 2, 3, 4, 5], [0, 1, 2, 3, 4, 5]]","[true, true, true, true, true]",0,0.0,0,1,1,[],[],[],[],nan,[],nan,nan,nan,0.25198816699999327
s_curve--demand_aligned,s_curve,demand_aligned,n0_d0_m0,factorial_combination,0.0,0.0,0,1.0,1657,error_peak_dynamic,0.0,8.060150068195796,1.5982573502287747,1.5982573502287747,0.423706622487971,0.19829126464223917,0.6666666666666666,0.3333333333333333,0.8837830390776696,0.5741802259225135,0.6496845951261265,0.423706622487971,3,"[[2, 4], [3, 4], [2, 4], [1, 2]]","[true, true, true, true, true]",0,0.0,0,1,1,[],[],[],[],nan,[],nan,nan,nan,0.16645099999999502
s_curve--demand_aligned,s_curve,demand_aligned,n0_d0_m0,factorial_combination,0.0,0.0,0,1.0,1657,dual_anchor_dynamic,0.0,8.060150068195796,1.7175490334357175,1.7175490334357175,0.4391886469021389,0.2130914460529614,0.6666666666666666,0.5,0.8837830390776696,0.41241469614919973,0.46664699130184983,0.4391886469021389,2,"[[2, 4], [3, 4], [2, 4], [2, 4]]","[true, true, true, true, true]",0,4.0,0,1,1,[],[],[],[],nan,[],nan,nan,nan,0.22199125000000208
s_curve--demand_aligned,s_curve,demand_aligned,n0_d0_m0,factorial_combination,0.0,0.0,0,1.0,1657,fixed_delay_dual_anchor,1.0,8.060150068195796,1.0720443734504437,1.0720443734504437,0.4846300904986883,0.13300551036643574,0.6666666666666666,0.3333333333333333,0.8837830390776696,0.41176036955390555,0.4659066211359129,0.4846300904986883,0,"[[2, 4], [2, 4], [2, 4], [2, 4]]","[true, true, true, true, true]",0,4.0,0,1,1,"[[4, 5], [4, 5], [4, 5], [4, 5], [4, 5]]","[[6, 7], [6, 7], [6, 7], [6, 7], [6, 7]]","[[2, 2], [2, 2], [2, 2], [2, 2], [2, 2]]","[[4.0, 4.0], [4.0, 4.0], [4.0, 4.0], [4.0, 4.0], [4.0, 4.0]]",4.5,"[4.0, 5.0]",4.5,0.0,0.9979698843380967,0.24550208399999462
s_curve--demand_aligned,s_curve,demand_aligned,n0_d0_m0,factorial_combination,0.0,0.0,0,1.0,1657,delay_aware_dual_anchor,0.25,8.060150068195796,1.165790645763633,1.165790645763633,0.38555467341104,0.14463634496877134,0.6666666666666666,0.16666666666666666,0.8837830390776696,0.3860680301474953,0.4368357538863862,0.38555467341104,0,"[[2, 4], [2, 4], [2, 4], [2, 4]]","[true, true, true, true, true]",0,4.0,0,1,1,"[[4, 5], [4, 5], [4, 5], [4, 5], [4, 5]]","[[6, 7], [6, 7], [6, 7], [6, 7], [6, 7]]","[[2, 2], [2, 2], [2, 2], [2, 2], [2, 2]]","[[1.0, 1.25], [1.0, 1.25], [1.0, 1.25], [1.0, 1.25], [1.0, 1.25]]",4.5,"[4.0, 5.0]",4.5,0.0,0.9979054462559178,0.2489783750000072
s_curve--demand_aligned,s_curve,demand_aligned,n0_d0_m0,factorial_combination,0.0,0.0,0,1.0,1669,full_trajectory,0.0,6.703866315902462,1.4926753731268274,1.4926753731268274,0.451599845750907,0.22265888112744775,0.6666666666666666,0.16666666666666666,0.7956183218949199,0.18095894461748294,0.22744441604423335,0.451599845750907,0,"[[0, 1, 2, 3, 4, 5], [0, 1, 2, 3, 4, 5], [0, 1, 2, 3, 4, 5], [0, 1, 2, 3, 4, 5]]","[true, true, true, true, true]",0,0.0,0,1,1,[],[],[],[],nan,[],nan,nan,nan,0.2405935000000028
s_curve--demand_aligned,s_curve,demand_aligned,n0_d0_m0,factorial_combination,0.0,0.0,0,1.0,1669,error_peak_dynamic,0.0,6.703866315902462,0.9186318546294561,0.9186318546294561,0.4005549743588312,0.1370301571274384,0.6666666666666666,0.3333333333333333,0.7956183218949199,0.40235110635251914,0.5057086988573135,0.4005549743588312,3,"[[3, 4], [2, 4], [1, 2], [2, 4]]","[true, true, true, true, true]",0,0.0,0,1,1,[],[],[],[],nan,[],nan,nan,nan,0.15731404199999588
s_curve--demand_aligned,s_curve,demand_aligned,n0_d0_m0,factorial_combination,0.0,0.0,0,1.0,1669,dual_anchor_dynamic,0.0,6.703866315902462,1.0475622703152396,1.0475622703152396,0.3912686562987928,0.15626240455157686,0.6666666666666666,0.16666666666666666,0.7956183218949199,0.24752868086992516,0.31111485753669854,0.3912686562987928,2,"[[3, 4], [2, 4], [2, 4], [2, 3]]","[true, true, true, true, true]",0,4.0,0,1,1,[],[],[],[],nan,[],nan,nan,nan,0.22010274999999524
s_curve--demand_aligned,s_curve,demand_aligned,n0_d0_m0,factorial_combination,0.0,0.0,0,1.0,1669,fixed_delay_dual_anchor,1.0,6.703866315902462,1.008818276352045,1.008818276352045,0.4856609577770854,0.1504830539294905,0.6666666666666666,0.3333333333333333,0.7956183218949199,0.29302161105083185,0.3682941970880508,0.4856609577770854,1,"[[3, 4], [2, 4], [2, 4], [2, 4]]","[true, true, true, true, true]",0,4.0,0,1,1,"[[1, 4], [1, 4], [1, 4], [1, 4], [1, 4]]","[[3, 6], [3, 6], [3, 6], [3, 6], [3, 6]]","[[2, 2], [2, 2], [2, 2], [2, 2], [2, 2]]","[[4.0, 4.0], [4.0, 4.0], [4.0, 4.0], [4.0, 4.0], [4.0, 4.0]]",2.5,"[1.0, 4.0]",3.0,0.5,0.9940628356207923,0.24056245900000306
s_curve--demand_aligned,s_curve,demand_aligned,n0_d0_m0,factorial_combination,0.0,0.0,0,1.0,1669,delay_aware_dual_anchor,0.25,6.703866315902462,0.8779592045627804,0.8779592045627804,0.3725744865260452,0.1309631134022086,0.6666666666666666,0.16666666666666666,0.7956183218949199,0.24980551860938538,0.3139765786368832,0.3725744865260452,1,"[[3, 4], [2, 4], [2, 4], [2, 4]]","[true, true, true, true, true]",0,4.0,0,1,1,"[[1, 4], [1, 4], [1, 4], [1, 4], [1, 4]]","[[3, 6], [3, 6], [3, 6], [3, 6], [3, 6]]","[[2, 2], [2, 2], [2, 2], [2, 2], [2, 2]]","[[0.25, 1.0], [0.25, 1.0], [0.25, 1.0], [0.25, 1.0], [0.25, 1.0]]",2.5,"[1.0, 4.0]",3.0,0.5,0.9940170355110123,0.23915566700000568
s_curve--demand_conflict,s_curve,demand_conflict,n0_d0_m0,factorial_combination,0.0,0.0,0,1.0,1601,full_trajectory,0.0,2.7579023514199053,0.5117474608380167,0.5117474608380167,0.4326117702033733,0.18555677309406682,0.6666666666666666,0.0,0.6291165783576135,0.17925431817421494,0.28493020902768207,0.4326117702033733,0,"[[0, 1, 2, 3, 4, 5], [0, 1, 2, 3, 4, 5], [0, 1, 2, 3, 4, 5], [0, 1, 2, 3, 4, 5]]","[true, true, true, true, true]",0,0.0,0,1,1,[],[],[],[],nan,[],nan,nan,nan,0.2399610830000114
s_curve--demand_conflict,s_curve,demand_conflict,n0_d0_m0,factorial_combination,0.0,0.0,0,1.0,1601,error_peak_dynamic,0.0,2.7579023514199053,0.39164651147010454,0.39164651147010454,0.3862449192492251,0.1420088391702721,0.6666666666666666,0.0,0.6291165783576135,0.26724127796366326,0.42478816670406244,0.3862449192492251,3,"[[2, 4], [3, 4], [2, 4], [2, 3]]","[true, true, true, true, true]",0,0.0,0,1,1,[],[],[],[],nan,[],nan,nan,nan,0.2015892919999942
s_curve--demand_conflict,s_curve,demand_conflict,n0_d0_m0,factorial_combination,0.0,0.0,0,1.0,1601,dual_anchor_dynamic,0.0,2.7579023514199053,0.3858598528672562,0.3858598528672562,0.38376758425625035,0.1399106290578404,0.6666666666666666,0.0,0.6291165783576135,0.23663211060589062,0.3761339610913576,0.38376758425625035,3,"[[2, 4], [3, 4], [2, 4], [2, 3]]","[true, true, true, true, true]",0,4.0,0,1,1,[],[],[],[],nan,[],nan,nan,nan,0.21517116700000827
s_curve--demand_conflict,s_curve,demand_conflict,n0_d0_m0,factorial_combination,0.0,0.0,0,1.0,1601,fixed_delay_dual_anchor,1.0,2.7579023514199053,0.3545277418102307,0.3545277418102307,0.4790249558441314,0.12854978046184348,0.6666666666666666,0.0,0.6291165783576135,0.25692710296502147,0.4083934707868634,0.4790249558441314,1,"[[2, 4], [2, 4], [2, 4], [3, 4]]","[true, true, true, true, true]",0,4.0,0,1,1,"[[3, 4], [3, 4], [3, 4], [3, 4], [3, 4]]","[[5, 6], [5, 6], [5, 6], [5, 6], [5, 6]]","[[2, 2], [2, 2], [2, 2], [2, 2], [2, 2]]","[[4.0, 4.0], [4.0, 4.0], [4.0, 4.0], [4.0, 4.0], [4.0, 4.0]]",3.5,"[3.0, 4.0]",4.0,0.5,0.999024523529555,0.24276012500000377
s_curve--demand_conflict,s_curve,demand_conflict,n0_d0_m0,factorial_combination,0.0,0.0,0,1.0,1601,delay_aware_dual_anchor,0.25,2.7579023514199053,0.2654151831258321,0.2654151831258321,0.3501755070903009,0.09623806404500986,0.6666666666666666,0.0,0.6291165783576135,0.2358114615203318,0.374829514326179,0.3501755070903009,0,"[[2, 4], [2, 4], [2, 4], [2, 4]]","[true, true, true, true, true]",0,4.0,0,1,1,"[[3, 4], [3, 4], [3, 4], [3, 4], [3, 4]]","[[5, 6], [5, 6], [5, 6], [5, 6], [5, 6]]","[[2, 2], [2, 2], [2, 2], [2, 2], [2, 2]]","[[0.75, 1.0], [0.75, 1.0], [0.75, 1.0], [0.75, 1.0], [0.75, 1.0]]",3.5,"[3.0, 4.0]",4.0,0.5,0.9989697556346995,0.29808795799999643
s_curve--demand_conflict,s_curve,demand_conflict,n0_d0_m0,factorial_combination,0.0,0.0,0,1.0,1627,full_trajectory,0.0,3.560906264736608,0.40777523653367853,0.40777523653367853,0.36717586272189506,0.11451445396691472,1.0,0.0,0.7808894158797036,0.14940649437633033,0.19132862008126703,0.36717586272189506,0,"[[0, 1, 2, 3, 4, 5], [0, 1, 2, 3, 4, 5], [0, 1, 2, 3, 4, 5], [0, 1, 2, 3, 4, 5]]","[true, true, true, true, true]",0,0.0,0,1,1,[],[],[],[],nan,[],nan,nan,nan,0.2427383340000091
s_curve--demand_conflict,s_curve,demand_conflict,n0_d0_m0,factorial_combination,0.0,0.0,0,1.0,1627,error_peak_dynamic,0.0,3.560906264736608,0.4323769560389966,0.4323769560389966,0.35737177364899875,0.12142329055970771,1.0,0.0,0.7808894158797036,0.25674662445573077,0.32878743037705954,0.35737177364899875,2,"[[3, 4], [3, 4], [2, 4], [2, 3]]","[true, true, true, true, true]",0,0.0,0,1,1,[],[],[],[],nan,[],nan,nan,nan,0.25793012500000145
s_curve--demand_conflict,s_curve,demand_conflict,n0_d0_m0,factorial_combination,0.0,0.0,0,1.0,1627,dual_anchor_dynamic,0.0,3.560906264736608,0.36082641096732027,0.36082641096732027,0.34656305819596966,0.10132993798251799,1.0,0.0,0.7808894158797036,0.22570133304439347,0.2890311079323975,0.34656305819596966,1,"[[3, 4], [3, 4], [2, 4], [2, 4]]","[true, true, true, true, true]",0,4.0,0,1,1,[],[],[],[],nan,[],nan,nan,nan,0.21972724999999116
s_curve--demand_conflict,s_curve,demand_conflict,n0_d0_m0,factorial_combination,0.0,0.0,0,1.0,1627,fixed_delay_dual_anchor,1.0,3.560906264736608,0.5155137147344153,0.5155137147344153,0.45363678348115066,0.14477036922861733,1.0,0.0,0.7808894158797036,0.2700230844988374,0.34578914633468993,0.45363678348115066,2,"[[3, 4], [2, 4], [2, 4], [3, 4]]","[true, true, true, true, true]",0,4.0,0,1,1,"[[0, 3], [0, 3], [0, 3], [0, 3], [0, 3]]","[[2, 5], [2, 5], [2, 5], [2, 5], [2, 5]]","[[2, 2], [2, 2], [2, 2], [2, 2], [2, 2]]","[[4.0, 4.0], [4.0, 4.0], [4.0, 4.0], [4.0, 4.0], [4.0, 4.0]]",1.5,"[0.0, 3.0]",2.0,0.5,0.9942606862868946,0.24195229199999346
s_curve--demand_conflict,s_curve,demand_conflict,n0_d0_m0,factorial_combination,0.0,0.0,0,1.0,1627,delay_aware_dual_anchor,0.25,3.560906264736608,0.32894287538846545,0.32894287538846545,0.3355495901064803,0.0923761680126103,1.0,0.0,0.7808894158797036,0.2204649555970911,0.2823254498189457,0.3355495901064803,1,"[[3, 4], [3, 4], [2, 4], [2, 4]]","[true, true, true, true, true]",0,4.0,0,1,1,"[[0, 3], [0, 3], [0, 3], [0, 3], [0, 3]]","[[2, 5], [2, 5], [2, 5], [2, 5], [2, 5]]","[[2, 2], [2, 2], [2, 2], [2, 2], [2, 2]]","[[0.0, 0.75], [0.0, 0.75], [0.0, 0.75], [0.0, 0.75], [0.0, 0.75]]",1.5,"[0.0, 3.0]",2.0,0.5,0.9945836743657694,0.2365601249999969
s_curve--demand_conflict,s_curve,demand_conflict,n0_d0_m0,factorial_combination,0.0,0.0,0,1.0,1657,full_trajectory,0.0,4.061921399373082,0.8373366543915783,0.8373366543915783,0.4517540790661362,0.20614299787307874,0.6666666666666666,0.16666666666666666,0.8837830390776696,0.3182738010545242,0.36012662269088114,0.4517540790661362,0,"[[0, 1, 2, 3, 4, 5], [0, 1, 2, 3, 4, 5], [0, 1, 2, 3, 4, 5], [0, 1, 2, 3, 4, 5]]","[true, true, true, true, true]",0,0.0,0,1,1,[],[],[],[],nan,[],nan,nan,nan,0.24696662499999888
s_curve--demand_conflict,s_curve,demand_conflict,n0_d0_m0,factorial_combination,0.0,0.0,0,1.0,1657,error_peak_dynamic,0.0,4.061921399373082,0.636636453297138,0.636636453297138,0.4029740082344904,0.15673283421865244,0.6666666666666666,0.0,0.8837830390776696,0.4271467868123321,0.4833163434072116,0.4029740082344904,3,"[[2, 4], [3, 4], [2, 4], [2, 3]]","[true, true, true, true, true]",0,0.0,0,1,1,[],[],[],[],nan,[],nan,nan,nan,0.2044796670000011
s_curve--demand_conflict,s_curve,demand_conflict,n0_d0_m0,factorial_combination,0.0,0.0,0,1.0,1657,dual_anchor_dynamic,0.0,4.061921399373082,0.602758862858055,0.602758862858055,0.4011333056766377,0.14839254717018527,0.6666666666666666,0.0,0.8837830390776696,0.40527301690480544,0.4585661853476561,0.4011333056766377,3,"[[2, 4], [3, 4], [2, 3], [2, 4]]","[true, true, true, true, true]",0,4.0,0,1,1,[],[],[],[],nan,[],nan,nan,nan,0.2110724169999969
s_curve--demand_conflict,s_curve,demand_conflict,n0_d0_m0,factorial_combination,0.0,0.0,0,1.0,1657,fixed_delay_dual_anchor,1.0,4.061921399373082,0.5661527501728746,0.5661527501728746,0.48284713004720103,0.13938052820526137,0.6666666666666666,0.0,0.8837830390776696,0.41176036955390555,0.4659066211359129,0.48284713004720103,0,"[[2, 4], [2, 4], [2, 4], [2, 4]]","[true, true, true, true, true]",0,4.0,0,1,1,"[[4, 5], [4, 5], [4, 5], [4, 5], [4, 5]]","[[6, 7], [6, 7], [6, 7], [6, 7], [6, 7]]","[[2, 2], [2, 2], [2, 2], [2, 2], [2, 2]]","[[4.0, 4.0], [4.0, 4.0], [4.0, 4.0], [4.0, 4.0], [4.0, 4.0]]",4.5,"[4.0, 5.0]",4.5,0.0,0.9979698843380967,0.24562291600000208
s_curve--demand_conflict,s_curve,demand_conflict,n0_d0_m0,factorial_combination,0.0,0.0,0,1.0,1657,delay_aware_dual_anchor,0.25,4.061921399373082,0.41241658903600353,0.41241658903600353,0.37188485117713016,0.10153239033617342,0.6666666666666666,0.0,0.8837830390776696,0.3860680301474953,0.4368357538863862,0.37188485117713016,0,"[[2, 4], [2, 4], [2, 4], [2, 4]]","[true, true, true, true, true]",0,4.0,0,1,1,"[[4, 5], [4, 5], [4, 5], [4, 5], [4, 5]]","[[6, 7], [6, 7], [6, 7], [6, 7], [6, 7]]","[[2, 2], [2, 2], [2, 2], [2, 2], [2, 2]]","[[1.0, 1.25], [1.0, 1.25], [1.0, 1.25], [1.0, 1.25], [1.0, 1.25]]",4.5,"[4.0, 5.0]",4.5,0.0,0.9979054462559178,0.2686871249999996
s_curve--demand_conflict,s_curve,demand_conflict,n0_d0_m0,factorial_combination,0.0,0.0,0,1.0,1669,full_trajectory,0.0,3.648518441788979,0.49516589278797857,0.49516589278797857,0.3867394652811702,0.13571697681900266,1.0,0.0,0.7956183218949199,0.18095894461748294,0.22744441604423335,0.3867394652811702,0,"[[0, 1, 2, 3, 4, 5], [0, 1, 2, 3, 4, 5], [0, 1, 2, 3, 4, 5], [0, 1, 2, 3, 4, 5]]","[true, true, true, true, true]",0,0.0,0,1,1,[],[],[],[],nan,[],nan,nan,nan,0.24496479200000465
s_curve--demand_conflict,s_curve,demand_conflict,n0_d0_m0,factorial_combination,0.0,0.0,0,1.0,1669,error_peak_dynamic,0.0,3.648518441788979,0.48329604396949777,0.48329604396949777,0.3710798325994017,0.13246364289514817,1.0,0.0,0.7956183218949199,0.29164993679340173,0.3665701615553305,0.3710798325994017,2,"[[3, 4], [3, 4], [2, 4], [2, 3]]","[true, true, true, true, true]",0,0.0,0,1,1,[],[],[],[],nan,[],nan,nan,nan,0.20906654199998798
s_curve--demand_conflict,s_curve,demand_conflict,n0_d0_m0,factorial_combination,0.0,0.0,0,1.0,1669,dual_anchor_dynamic,0.0,3.648518441788979,0.44661191357741015,0.44661191357741015,0.3634910670991489,0.12240911501557954,1.0,0.0,0.7956183218949199,0.24994398976553367,0.3141506208281421,0.3634910670991489,2,"[[3, 4], [3, 4], [2, 4], [2, 3]]","[true, true, true, true, true]",0,4.0,0,1,1,[],[],[],[],nan,[],nan,nan,nan,0.2265826670000024
s_curve--demand_conflict,s_curve,demand_conflict,n0_d0_m0,factorial_combination,0.0,0.0,0,1.0,1669,fixed_delay_dual_anchor,1.0,3.648518441788979,0.540313972994525,0.540313972994525,0.45958152750476994,0.1480913366932559,1.0,0.0,0.7956183218949199,0.29302161105083185,0.3682941970880508,0.45958152750476994,1,"[[3, 4], [2, 4], [2, 4], [2, 4]]","[true, true, true, true, true]",0,4.0,0,1,1,"[[1, 4], [1, 4], [1, 4], [1, 4], [1, 4]]","[[3, 6], [3, 6], [3, 6], [3, 6], [3, 6]]","[[2, 2], [2, 2], [2, 2], [2, 2], [2, 2]]","[[4.0, 4.0], [4.0, 4.0], [4.0, 4.0], [4.0, 4.0], [4.0, 4.0]]",2.5,"[1.0, 4.0]",3.0,0.5,0.9940628356207923,0.24571795800000018
s_curve--demand_conflict,s_curve,demand_conflict,n0_d0_m0,factorial_combination,0.0,0.0,0,1.0,1669,delay_aware_dual_anchor,0.25,3.648518441788979,0.38852094642141155,0.38852094642141155,0.34523213222596133,0.106487318789845,1.0,0.0,0.7956183218949199,0.2524589590558505,0.3173116456827821,0.34523213222596133,1,"[[3, 4], [3, 4], [2, 4], [2, 4]]","[true, true, true, true, true]",0,4.0,0,1,1,"[[1, 4], [1, 4], [1, 4], [1, 4], [1, 4]]","[[3, 6], [3, 6], [3, 6], [3, 6], [3, 6]]","[[2, 2], [2, 2], [2, 2], [2, 2], [2, 2]]","[[0.25, 1.0], [0.25, 1.0], [0.25, 1.0], [0.25, 1.0], [0.25, 1.0]]",2.5,"[1.0, 4.0]",3.0,0.5,0.9940872408596122,0.25350233300000014
harmonic_loop--neutral,harmonic_loop,neutral,delay_2,added_delay,2.0,0.0,2,1.0,1601,full_trajectory,0.0,11.104528880288784,4.11558431014593,4.11558431014593,0.5191967572285364,0.3706221447585537,0.8333333333333334,0.6666666666666666,1.688137090867912,0.7394033810594624,0.4379996062282579,0.5191967572285364,0,"[[0, 1, 2, 3, 4, 5], [0, 1, 2, 3, 4, 5], [0, 1, 2, 3, 4, 5], [0, 1, 2, 3, 4, 5]]","[true, true, true, true, true]",0,0.0,0,1,1,[],[],[],[],nan,[],nan,nan,nan,0.283480541000003
harmonic_loop--neutral,harmonic_loop,neutral,delay_2,added_delay,2.0,0.0,2,1.0,1601,error_peak_dynamic,0.0,11.104528880288784,2.766979132973698,2.766979132973698,0.46498221048717986,0.24917573386523895,0.8333333333333334,0.8333333333333334,1.688137090867912,0.7596371124292115,0.4499854404825995,0.46498221048717986,1,"[[2, 3], [2, 3], [3, 4], [3, 4]]","[true, true, true, true, true]",0,0.0,0,1,1,[],[],[],[],nan,[],nan,nan,nan,0.2982386249999962
harmonic_loop--neutral,harmonic_loop,neutral,delay_2,added_delay,2.0,0.0,2,1.0,1601,dual_anchor_dynamic,0.0,11.104528880288784,2.766979132973698,2.766979132973698,0.46498221048717986,0.24917573386523895,0.8333333333333334,0.8333333333333334,1.688137090867912,0.7596371124292115,0.4499854404825995,0.46498221048717986,1,"[[2, 3], [2, 3], [3, 4], [3, 4]]","[true, true, true, true, true]",0,4.0,0,1,1,[],[],[],[],nan,[],nan,nan,nan,0.2995328340000043
harmonic_loop--neutral,harmonic_loop,neutral,delay_2,added_delay,2.0,0.0,2,1.0,1601,fixed_delay_dual_anchor,1.0,11.104528880288784,3.515526912667745,3.515526912667745,0.5043391549487467,0.31658496731977703,0.8333333333333334,0.6666666666666666,1.688137090867912,0.7260086880530966,0.4300650059645559,0.5043391549487467,2,"[[2, 3], [2, 3], [1, 3], [2, 4]]","[true, true, true, true, true]",0,4.0,0,1,1,"[[5, 6], [5, 6], [5, 6], [5, 6], [5, 6]]","[[7, 8], [7, 8], [7, 8], [7, 8], [7, 8]]","[[2, 2], [2, 2], [2, 2], [2, 2], [2, 2]]","[[4.0, 4.0], [4.0, 4.0], [4.0, 4.0], [4.0, 4.0], [4.0, 4.0]]",5.5,"[5.0, 6.0]",6.0,0.5,0.999268459953753,0.3058567499999896
harmonic_loop--neutral,harmonic_loop,neutral,delay_2,added_delay,2.0,0.0,2,1.0,1601,delay_aware_dual_anchor,0.25,11.104528880288784,3.083219092559637,3.338798908089389,0.4599453009799892,0.2776542008938838,0.8333333333333334,0.6666666666666666,1.688137090867912,0.76120727131502,0.45091555385686416,0.4599453009799892,2,"[[2, 3], [2, 3], [3, 4], [2, 4]]","[true, true, true, true, false]",1,2.0,0,1,1,"[[5, 6], [5, 6], [5, 6], [5, 6], [5, 6]]","[[7, 8], [7, 8], [7, 8], [7, 8], [7, 8]]","[[2, 2], [2, 2], [2, 2], [2, 2], [2, 2]]","[[1.25, 1.5], [1.25, 1.5], [1.25, 1.5], [1.25, 1.5], [1.25, 1.5]]",5.5,"[5.0, 6.0]",6.0,0.5,0.999252260273274,0.3364767080000064
harmonic_loop--neutral,harmonic_loop,neutral,delay_2,added_delay,2.0,0.0,2,1.0,1627,full_trajectory,0.0,10.580273516922162,3.060935488995245,3.060935488995245,0.48563709963401014,0.2893058940394654,0.6666666666666666,0.6666666666666666,1.459094177793794,0.5996774596128835,0.4109929768341744,0.48563709963401014,0,"[[0, 1, 2, 3, 4, 5], [0, 1, 2, 3, 4, 5], [0, 1, 2, 3, 4, 5], [0, 1, 2, 3, 4, 5]]","[true, true, true, true, true]",0,0.0,0,1,1,[],[],[],[],nan,[],nan,nan,nan,0.29133579200001236
harmonic_loop--neutral,harmonic_loop,neutral,delay_2,added_delay,2.0,0.0,2,1.0,1627,error_peak_dynamic,0.0,10.580273516922162,3.0493168098235524,3.0493168098235524,0.4340657814529662,0.2882077485942546,0.6666666666666666,0.6666666666666666,1.459094177793794,0.6316104834264467,0.4328784892976996,0.4340657814529662,3,"[[2, 3], [3, 4], [1, 3], [1, 4]]","[true, true, true, true, true]",0,0.0,0,1,1,[],[],[],[],nan,[],nan,nan,nan,0.27635637499999177
harmonic_loop--neutral,harmonic_loop,neutral,delay_2,added_delay,2.0,0.0,2,1.0,1627,dual_anchor_dynamic,0.0,10.580273516922162,3.0493168098235524,3.0493168098235524,0.4340657814529662,0.2882077485942546,0.6666666666666666,0.6666666666666666,1.459094177793794,0.6316104834264467,0.4328784892976996,0.4340657814529662,3,"[[2, 3], [3, 4], [1, 3], [1, 4]]","[true, true, true, true, true]",0,4.0,0,1,1,[],[],[],[],nan,[],nan,nan,nan,0.27519866699999795
harmonic_loop--neutral,harmonic_loop,neutral,delay_2,added_delay,2.0,0.0,2,1.0,1627,fixed_delay_dual_anchor,1.0,10.580273516922162,3.1085136184372466,3.804935194194572,0.474792491889883,0.29380276544509637,0.6666666666666666,0.6666666666666666,1.459094177793794,0.7373567579957128,0.5053524091985785,0.474792491889883,3,"[[2, 3], [1, 3], [2, 3], [2, 4]]","[true, true, true, true, false]",1,2.0,0,1,1,"[[2, 5], [2, 5], [2, 5], [2, 5], [2, 5]]","[[4, 7], [4, 7], [4, 7], [4, 7], [4, 7]]","[[2, 2], [2, 2], [2, 2], [2, 2], [2, 2]]","[[4.0, 4.0], [4.0, 4.0], [4.0, 4.0], [4.0, 4.0], [4.0, 4.0]]",3.5,"[2.0, 5.0]",4.0,0.5,0.9953646705633145,0.30571375000000955
harmonic_loop--neutral,harmonic_loop,neutral,delay_2,added_delay,2.0,0.0,2,1.0,1627,delay_aware_dual_anchor,0.25,10.580273516922162,2.694301403839899,2.8452198459087894,0.4064890465415353,0.2546532846745989,0.6666666666666666,0.6666666666666666,1.459094177793794,0.7626103538113043,0.5226601307973143,0.4064890465415353,2,"[[2, 3], [3, 4], [2, 3], [2, 3]]","[true, true, true, false, false]",2,1.0,0,1,1,"[[2, 5], [2, 5], [2, 5], [2, 5], [2, 5]]","[[4, 7], [4, 7], [4, 7], [4, 7], [4, 7]]","[[2, 2], [2, 2], [2, 2], [2, 2], [2, 2]]","[[0.5, 1.25], [0.5, 1.25], [0.5, 1.25], [0.5, 1.25], [0.5, 1.25]]",3.5,"[2.0, 5.0]",4.0,0.5,0.995357928878605,0.3262058749999994
harmonic_loop--neutral,harmonic_loop,neutral,delay_2,added_delay,2.0,0.0,2,1.0,1657,full_trajectory,0.0,14.522151578423939,6.889891307515963,6.889891307515963,0.6053463445233952,0.47444011793352386,0.8333333333333334,0.6666666666666666,2.169283460778642,1.0632195834164584,0.4901247820489198,0.6053463445233952,0,"[[0, 1, 2, 3, 4, 5], [0, 1, 2, 3, 4, 5], [0, 1, 2, 3, 4, 5], [0, 1, 2, 3, 4, 5]]","[true, true, true, true, true]",0,0.0,0,1,1,[],[],[],[],nan,[],nan,nan,nan,0.34735612500000457
harmonic_loop--neutral,harmonic_loop,neutral,delay_2,added_delay,2.0,0.0,2,1.0,1657,error_peak_dynamic,0.0,14.522151578423939,6.9130876841882465,6.9130876841882465,0.5971796071756372,0.47603742784638464,0.8333333333333334,0.8333333333333334,2.169283460778642,1.2074879924077069,0.5566298799762626,0.5971796071756372,2,"[[2, 3], [2, 3], [3, 4], [1, 3]]","[true, true, true, true, true]",0,0.0,0,1,1,[],[],[],[],nan,[],nan,nan,nan,0.2960932499999984
harmonic_loop--neutral,harmonic_loop,neutral,delay_2,added_delay,2.0,0.0,2,1.0,1657,dual_anchor_dynamic,0.0,14.522151578423939,6.774346500291928,6.9130876841882465,0.5971796071756372,0.46648366557176063,0.8333333333333334,0.8333333333333334,2.169283460778642,1.2435300554950588,0.5732446118630833,0.5971796071756372,2,"[[2, 3], [2, 3], [3, 4], [1, 3]]","[true, true, true, true, false]",1,2.0,0,1,1,[],[],[],[],nan,[],nan,nan,nan,0.2902537079999945
harmonic_loop--neutral,harmonic_loop,neutral,delay_2,added_delay,2.0,0.0,2,1.0,1657,fixed_delay_dual_anchor,1.0,14.522151578423939,6.0925228238980464,6.0925228238980464,0.5616348435712302,0.4195330692560679,0.8333333333333334,0.6666666666666666,2.169283460778642,1.0541215327057387,0.4859307470713729,0.5616348435712302,2,"[[2, 3], [2, 3], [1, 3], [2, 3]]","[true, true, true, true, true]",0,4.0,0,1,1,"[[6, 7], [6, 7], [6, 7], [6, 7], [6, 7]]","[[8, 9], [8, 9], [8, 9], [8, 9], [8, 9]]","[[2, 2], [2, 2], [2, 2], [2, 2], [2, 2]]","[[4.0, 4.0], [4.0, 4.0], [4.0, 4.0], [4.0, 4.0], [4.0, 4.0]]",6.5,"[6.0, 7.0]",6.5,0.0,0.9985833386334657,0.34680341700000383
harmonic_loop--neutral,harmonic_loop,neutral,delay_2,added_delay,2.0,0.0,2,1.0,1657,delay_aware_dual_anchor,0.25,14.522151578423939,6.1072124371015075,6.216365147602515,0.5657234829684576,0.4205446007171006,0.8333333333333334,0.6666666666666666,2.169283460778642,1.0766813692134305,0.49633041909007447,0.5657234829684576,2,"[[2, 3], [2, 3], [3, 4], [2, 3]]","[true, true, true, true, false]",1,2.0,0,1,1,"[[6, 7], [6, 7], [6, 7], [6, 7], [6, 7]]","[[8, 9], [8, 9], [8, 9], [8, 9], [8, 9]]","[[2, 2], [2, 2], [2, 2], [2, 2], [2, 2]]","[[1.5, 1.75], [1.5, 1.75], [1.5, 1.75], [1.5, 1.75], [1.5, 1.75]]",6.5,"[6.0, 7.0]",6.5,0.0,0.9985276570465904,0.3167890830000033
harmonic_loop--neutral,harmonic_loop,neutral,delay_2,added_delay,2.0,0.0,2,1.0,1669,full_trajectory,0.0,11.388782216558226,3.9465632048376853,3.9465632048376853,0.5115147862600705,0.3465307466411774,0.6666666666666666,0.6666666666666666,1.5840598222026565,0.7487071369121923,0.4726507966543239,0.5115147862600705,0,"[[0, 1, 2, 3, 4, 5], [0, 1, 2, 3, 4, 5], [0, 1, 2, 3, 4, 5], [0, 1, 2, 3, 4, 5]]","[true, true, true, true, true]",0,0.0,0,1,1,[],[],[],[],nan,[],nan,nan,nan,0.2897799160000005
harmonic_loop--neutral,harmonic_loop,neutral,delay_2,added_delay,2.0,0.0,2,1.0,1669,error_peak_dynamic,0.0,11.388782216558226,2.9287891547157137,2.9287891547157137,0.45332804980703323,0.25716438325227853,0.6666666666666666,0.8333333333333334,1.5840598222026565,0.8050196741578405,0.5082002982933118,0.45332804980703323,3,"[[2, 3], [3, 4], [2, 3], [3, 4]]","[true, true, true, true, true]",0,0.0,0,1,1,[],[],[],[],nan,[],nan,nan,nan,0.2952606249999974
harmonic_loop--neutral,harmonic_loop,neutral,delay_2,added_delay,2.0,0.0,2,1.0,1669,dual_anchor_dynamic,0.0,11.388782216558226,2.9287891547157137,2.9287891547157137,0.45332804980703323,0.25716438325227853,0.6666666666666666,0.8333333333333334,1.5840598222026565,0.8050196741578405,0.5082002982933118,0.45332804980703323,3,"[[2, 3], [3, 4], [2, 3], [3, 4]]","[true, true, true, true, true]",0,4.0,0,1,1,[],[],[],[],nan,[],nan,nan,nan,0.29536733399999093
harmonic_loop--neutral,harmonic_loop,neutral,delay_2,added_delay,2.0,0.0,2,1.0,1669,fixed_delay_dual_anchor,1.0,11.388782216558226,3.687046976170967,4.552587435039272,0.4890394165018377,0.32374374240033715,0.6666666666666666,0.6666666666666666,1.5840598222026565,0.8421525802695056,0.5316419042170271,0.4890394165018377,3,"[[2, 3], [1, 3], [2, 3], [2, 4]]","[true, true, true, true, false]",1,2.0,0,1,1,"[[3, 6], [3, 6], [3, 6], [3, 6], [3, 6]]","[[5, 8], [5, 8], [5, 8], [5, 8], [5, 8]]","[[2, 2], [2, 2], [2, 2], [2, 2], [2, 2]]","[[4.0, 4.0], [4.0, 4.0], [4.0, 4.0], [4.0, 4.0], [4.0, 4.0]]",4.5,"[3.0, 6.0]",5.0,0.5,0.9953046438788201,0.3258417079999987
harmonic_loop--neutral,harmonic_loop,neutral,delay_2,added_delay,2.0,0.0,2,1.0,1669,delay_aware_dual_anchor,0.25,11.388782216558226,2.4961743520127175,2.4961743520127175,0.42077343255563715,0.21917833746820736,0.6666666666666666,0.8333333333333334,1.5840598222026565,0.7313832867573429,0.4617144355952066,0.42077343255563715,3,"[[2, 3], [3, 4], [2, 3], [3, 4]]","[true, true, true, true, true]",0,4.0,0,1,1,"[[3, 6], [3, 6], [3, 6], [3, 6], [3, 6]]","[[5, 8], [5, 8], [5, 8], [5, 8], [5, 8]]","[[2, 2], [2, 2], [2, 2], [2, 2], [2, 2]]","[[0.75, 1.5], [0.75, 1.5], [0.75, 1.5], [0.75, 1.5], [0.75, 1.5]]",4.5,"[3.0, 6.0]",5.0,0.5,0.9952877026177056,0.32283987499999967
harmonic_loop--demand_aligned,harmonic_loop,demand_aligned,delay_2,added_delay,2.0,0.0,2,1.0,1601,full_trajectory,0.0,18.384402134679362,5.695049098942647,5.695049098942647,0.48941388850248246,0.3097761383384781,0.6666666666666666,0.6666666666666666,1.688137090867912,0.7394033810594624,0.4379996062282579,0.48941388850248246,0,"[[0, 1, 2, 3, 4, 5], [0, 1, 2, 3, 4, 5], [0, 1, 2, 3, 4, 5], [0, 1, 2, 3, 4, 5]]","[true, true, true, true, true]",0,0.0,0,1,1,[],[],[],[],nan,[],nan,nan,nan,0.2758867090000052
harmonic_loop--demand_aligned,harmonic_loop,demand_aligned,delay_2,added_delay,2.0,0.0,2,1.0,1601,error_peak_dynamic,0.0,18.384402134679362,4.168863897493702,4.168863897493702,0.43570991923165037,0.2267609175949093,0.6666666666666666,0.6666666666666666,1.688137090867912,1.0983688567669811,0.6506396090155706,0.43570991923165037,3,"[[2, 3], [1, 3], [3, 4], [2, 3]]","[true, true, true, true, true]",0,0.0,0,1,1,[],[],[],[],nan,[],nan,nan,nan,0.20302691699998832
harmonic_loop--demand_aligned,harmonic_loop,demand_aligned,delay_2,added_delay,2.0,0.0,2,1.0,1601,dual_anchor_dynamic,0.0,18.384402134679362,3.868994528218699,3.868994528218699,0.4323445814362454,0.21044984220185395,0.6666666666666666,0.6666666666666666,1.688137090867912,0.7596371124292115,0.4499854404825995,0.4323445814362454,1,"[[2, 3], [2, 3], [3, 4], [3, 4]]","[true, true, true, true, true]",0,4.0,0,1,1,[],[],[],[],nan,[],nan,nan,nan,0.30720212500000343
harmonic_loop--demand_aligned,harmonic_loop,demand_aligned,delay_2,added_delay,2.0,0.0,2,1.0,1601,fixed_delay_dual_anchor,1.0,18.384402134679362,4.374487619513014,5.566552028855673,0.46593606191803605,0.23794560124754952,0.6666666666666666,0.6666666666666666,1.688137090867912,0.8198388533421106,0.4856470826789379,0.46593606191803605,2,"[[2, 3], [2, 3], [1, 3], [2, 4]]","[true, true, true, true, false]",1,2.0,0,1,1,"[[5, 6], [5, 6], [5, 6], [5, 6], [5, 6]]","[[7, 8], [7, 8], [7, 8], [7, 8], [7, 8]]","[[2, 2], [2, 2], [2, 2], [2, 2], [2, 2]]","[[4.0, 4.0], [4.0, 4.0], [4.0, 4.0], [4.0, 4.0], [4.0, 4.0]]",5.5,"[5.0, 6.0]",6.0,0.5,0.999268459953753,0.299097040999996
harmonic_loop--demand_aligned,harmonic_loop,demand_aligned,delay_2,added_delay,2.0,0.0,2,1.0,1601,delay_aware_dual_anchor,0.25,18.384402134679362,3.188288667207087,3.188288667207087,0.40484836090335163,0.17342357090812696,0.6666666666666666,0.6666666666666666,1.688137090867912,0.7071301318989603,0.4188819354329853,0.40484836090335163,1,"[[2, 3], [2, 3], [3, 4], [3, 4]]","[true, true, true, true, true]",0,4.0,0,1,1,"[[5, 6], [5, 6], [5, 6], [5, 6], [5, 6]]","[[7, 8], [7, 8], [7, 8], [7, 8], [7, 8]]","[[2, 2], [2, 2], [2, 2], [2, 2], [2, 2]]","[[1.25, 1.5], [1.25, 1.5], [1.25, 1.5], [1.25, 1.5], [1.25, 1.5]]",5.5,"[5.0, 6.0]",6.0,0.5,0.999252260273274,0.3096347910000077
harmonic_loop--demand_aligned,harmonic_loop,demand_aligned,delay_2,added_delay,2.0,0.0,2,1.0,1627,full_trajectory,0.0,17.901989422148525,4.579819438305531,4.579819438305531,0.4659494027986673,0.25582740165399337,0.6666666666666666,0.6666666666666666,1.459094177793794,0.5996774596128835,0.4109929768341744,0.4659494027986673,0,"[[0, 1, 2, 3, 4, 5], [0, 1, 2, 3, 4, 5], [0, 1, 2, 3, 4, 5], [0, 1, 2, 3, 4, 5]]","[true, true, true, true, true]",0,0.0,0,1,1,[],[],[],[],nan,[],nan,nan,nan,0.29502087499999163
harmonic_loop--demand_aligned,harmonic_loop,demand_aligned,delay_2,added_delay,2.0,0.0,2,1.0,1627,error_peak_dynamic,0.0,17.901989422148525,3.192164630154571,3.192164630154571,0.39223425827416813,0.17831340164938275,0.6666666666666666,0.6666666666666666,1.459094177793794,0.9415833818644739,0.6453204982890027,0.39223425827416813,3,"[[2, 3], [1, 3], [3, 4], [2, 3]]","[true, true, true, true, true]",0,0.0,0,1,1,[],[],[],[],nan,[],nan,nan,nan,0.21989508299999727
harmonic_loop--demand_aligned,harmonic_loop,demand_aligned,delay_2,added_delay,2.0,0.0,2,1.0,1627,dual_anchor_dynamic,0.0,17.901989422148525,3.1961826915959266,3.1961826915959266,0.39423736230206996,0.1785378494102771,0.6666666666666666,0.6666666666666666,1.459094177793794,0.6764525446385377,0.4636112972922417,0.39423736230206996,3,"[[2, 3], [3, 4], [1, 3], [3, 4]]","[true, true, true, true, true]",0,4.0,0,1,1,[],[],[],[],nan,[],nan,nan,nan,0.28547933299999784
harmonic_loop--demand_aligned,harmonic_loop,demand_aligned,delay_2,added_delay,2.0,0.0,2,1.0,1627,fixed_delay_dual_anchor,1.0,17.901989422148525,3.3153089291709135,3.3153089291709135,0.4261248359330245,0.18519220691020963,0.6666666666666666,0.6666666666666666,1.459094177793794,0.7184238895979248,0.4923766406115122,0.4261248359330245,3,"[[2, 3], [1, 3], [2, 3], [3, 4]]","[true, true, true, true, true]",0,4.0,0,1,1,"[[2, 5], [2, 5], [2, 5], [2, 5], [2, 5]]","[[4, 7], [4, 7], [4, 7], [4, 7], [4, 7]]","[[2, 2], [2, 2], [2, 2], [2, 2], [2, 2]]","[[4.0, 4.0], [4.0, 4.0], [4.0, 4.0], [4.0, 4.0], [4.0, 4.0]]",3.5,"[2.0, 5.0]",4.0,0.5,0.9953646705633145,0.3174151250000108
harmonic_loop--demand_aligned,harmonic_loop,demand_aligned,delay_2,added_delay,2.0,0.0,2,1.0,1627,delay_aware_dual_anchor,0.25,17.901989422148525,2.5914511634664237,2.5914511634664237,0.35889386778131044,0.14475771951134403,0.6666666666666666,0.6666666666666666,1.459094177793794,0.6261592784692805,0.42914246934769984,0.35889386778131044,3,"[[2, 3], [3, 4], [2, 3], [3, 4]]","[true, true, true, true, true]",0,4.0,0,1,1,"[[2, 5], [2, 5], [2, 5], [2, 5], [2, 5]]","[[4, 7], [4, 7], [4, 7], [4, 7], [4, 7]]","[[2, 2], [2, 2], [2, 2], [2, 2], [2, 2]]","[[0.5, 1.25], [0.5, 1.25], [0.5, 1.25], [0.5, 1.25], [0.5, 1.25]]",3.5,"[2.0, 5.0]",4.0,0.5,0.995357928878605,0.3048257920000026
harmonic_loop--demand_aligned,harmonic_loop,demand_aligned,delay_2,added_delay,2.0,0.0,2,1.0,1657,full_trajectory,0.0,24.156527535328333,11.016570373562626,11.016570373562626,0.5930930302470683,0.45604942007708515,0.8333333333333334,0.6666666666666666,2.169283460778642,1.0632195834164584,0.4901247820489198,0.5930930302470683,0,"[[0, 1, 2, 3, 4, 5], [0, 1, 2, 3, 4, 5], [0, 1, 2, 3, 4, 5], [0, 1, 2, 3, 4, 5]]","[true, true, true, true, true]",0,0.0,0,1,1,[],[],[],[],nan,[],nan,nan,nan,0.4364498750000081
harmonic_loop--demand_aligned,harmonic_loop,demand_aligned,delay_2,added_delay,2.0,0.0,2,1.0,1657,error_peak_dynamic,0.0,24.156527535328333,9.749629210788555,9.749629210788555,0.5515700192979063,0.4036022642960566,0.8333333333333334,0.8333333333333334,2.169283460778642,1.5483878934293618,0.7137784994099313,0.5515700192979063,3,"[[2, 3], [1, 3], [3, 4], [2, 3]]","[true, true, true, true, true]",0,0.0,0,1,1,[],[],[],[],nan,[],nan,nan,nan,0.2591582920000093
harmonic_loop--demand_aligned,harmonic_loop,demand_aligned,delay_2,added_delay,2.0,0.0,2,1.0,1657,dual_anchor_dynamic,0.0,24.156527535328333,11.193558736352607,11.371022373709895,0.5945342824674912,0.46337615040002333,0.8333333333333334,0.6666666666666666,2.169283460778642,1.2435300554950588,0.5732446118630833,0.5945342824674912,2,"[[2, 3], [2, 3], [3, 4], [1, 3]]","[true, true, true, true, false]",1,2.0,0,1,1,[],[],[],[],nan,[],nan,nan,nan,0.29942524999999875
harmonic_loop--demand_aligned,harmonic_loop,demand_aligned,delay_2,added_delay,2.0,0.0,2,1.0,1657,fixed_delay_dual_anchor,1.0,24.156527535328333,9.652627440631328,9.652627440631328,0.5469957032935764,0.3995867132192156,0.8333333333333334,0.6666666666666666,2.169283460778642,1.0541215327057387,0.4859307470713729,0.5469957032935764,2,"[[2, 3], [2, 3], [1, 3], [2, 3]]","[true, true, true, true, true]",0,4.0,0,1,1,"[[6, 7], [6, 7], [6, 7], [6, 7], [6, 7]]","[[8, 9], [8, 9], [8, 9], [8, 9], [8, 9]]","[[2, 2], [2, 2], [2, 2], [2, 2], [2, 2]]","[[4.0, 4.0], [4.0, 4.0], [4.0, 4.0], [4.0, 4.0], [4.0, 4.0]]",6.5,"[6.0, 7.0]",6.5,0.0,0.9985833386334657,0.3512409170000126
harmonic_loop--demand_aligned,harmonic_loop,demand_aligned,delay_2,added_delay,2.0,0.0,2,1.0,1657,delay_aware_dual_anchor,0.25,24.156527535328333,10.029535579516017,10.220911501782185,0.5605166623992067,0.4151894582053677,0.8333333333333334,0.6666666666666666,2.169283460778642,1.0766813692134305,0.49633041909007447,0.5605166623992067,2,"[[2, 3], [2, 3], [3, 4], [2, 3]]","[true, true, true, true, false]",1,2.0,0,1,1,"[[6, 7], [6, 7], [6, 7], [6, 7], [6, 7]]","[[8, 9], [8, 9], [8, 9], [8, 9], [8, 9]]","[[2, 2], [2, 2], [2, 2], [2, 2], [2, 2]]","[[1.5, 1.75], [1.5, 1.75], [1.5, 1.75], [1.5, 1.75], [1.5, 1.75]]",6.5,"[6.0, 7.0]",6.5,0.0,0.9985276570465904,0.32590600000000336
harmonic_loop--demand_aligned,harmonic_loop,demand_aligned,delay_2,added_delay,2.0,0.0,2,1.0,1669,full_trajectory,0.0,19.21711988122949,5.751747553984106,5.751747553984106,0.48549165609922096,0.2993033081716986,0.6666666666666666,0.6666666666666666,1.5840598222026565,0.7487071369121923,0.4726507966543239,0.48549165609922096,0,"[[0, 1, 2, 3, 4, 5], [0, 1, 2, 3, 4, 5], [0, 1, 2, 3, 4, 5], [0, 1, 2, 3, 4, 5]]","[true, true, true, true, true]",0,0.0,0,1,1,[],[],[],[],nan,[],nan,nan,nan,0.3154498330000024
harmonic_loop--demand_aligned,harmonic_loop,demand_aligned,delay_2,added_delay,2.0,0.0,2,1.0,1669,error_peak_dynamic,0.0,19.21711988122949,4.808916349628067,4.808916349628067,0.4359878084574567,0.2502412629649682,0.6666666666666666,0.6666666666666666,1.5840598222026565,1.1253463502820122,0.7104190981355761,0.4359878084574567,3,"[[2, 3], [1, 3], [3, 4], [1, 3]]","[true, true, true, true, true]",0,0.0,0,1,1,[],[],[],[],nan,[],nan,nan,nan,0.23735824999999977
harmonic_loop--demand_aligned,harmonic_loop,demand_aligned,delay_2,added_delay,2.0,0.0,2,1.0,1669,dual_anchor_dynamic,0.0,19.21711988122949,4.5271678631635766,4.5271678631635766,0.43494808806099317,0.23557993555452253,0.6666666666666666,0.6666666666666666,1.5840598222026565,0.8050196741578405,0.5082002982933118,0.43494808806099317,3,"[[2, 3], [3, 4], [2, 3], [3, 4]]","[true, true, true, true, true]",0,4.0,0,1,1,[],[],[],[],nan,[],nan,nan,nan,0.2972292500000009
harmonic_loop--demand_aligned,harmonic_loop,demand_aligned,delay_2,added_delay,2.0,0.0,2,1.0,1669,fixed_delay_dual_anchor,1.0,19.21711988122949,3.9451338889558283,3.9451338889558283,0.4346331991851431,0.20529267202049753,0.6666666666666666,0.6666666666666666,1.5840598222026565,0.8108728370086183,0.5118953373118754,0.4346331991851431,3,"[[2, 3], [1, 3], [2, 3], [3, 4]]","[true, true, true, true, true]",0,4.0,0,1,1,"[[3, 6], [3, 6], [3, 6], [3, 6], [3, 6]]","[[5, 8], [5, 8], [5, 8], [5, 8], [5, 8]]","[[2, 2], [2, 2], [2, 2], [2, 2], [2, 2]]","[[4.0, 4.0], [4.0, 4.0], [4.0, 4.0], [4.0, 4.0], [4.0, 4.0]]",4.5,"[3.0, 6.0]",5.0,0.5,0.9953046438788201,0.3214529999999911
harmonic_loop--demand_aligned,harmonic_loop,demand_aligned,delay_2,added_delay,2.0,0.0,2,1.0,1669,delay_aware_dual_anchor,0.25,19.21711988122949,3.7320541536098495,3.7320541536098495,0.3946365394956288,0.19420465588369307,0.6666666666666666,0.6666666666666666,1.5840598222026565,0.7313832867573429,0.4617144355952066,0.3946365394956288,3,"[[2, 3], [3, 4], [2, 3], [3, 4]]","[true, true, true, true, true]",0,4.0,0,1,1,"[[3, 6], [3, 6], [3, 6], [3, 6], [3, 6]]","[[5, 8], [5, 8], [5, 8], [5, 8], [5, 8]]","[[2, 2], [2, 2], [2, 2], [2, 2], [2, 2]]","[[0.75, 1.5], [0.75, 1.5], [0.75, 1.5], [0.75, 1.5], [0.75, 1.5]]",4.5,"[3.0, 6.0]",5.0,0.5,0.9952877026177056,0.3274336249999976
harmonic_loop--demand_conflict,harmonic_loop,demand_conflict,delay_2,added_delay,2.0,0.0,2,1.0,1601,full_trajectory,0.0,6.281153839059812,4.145854879547393,4.145854879547393,0.7350619466856205,0.6600467025287764,1.0,0.6666666666666666,1.688137090867912,0.7394033810594624,0.4379996062282579,0.7350619466856205,0,"[[0, 1, 2, 3, 4, 5], [0, 1, 2, 3, 4, 5], [0, 1, 2, 3, 4, 5], [0, 1, 2, 3, 4, 5]]","[true, true, true, true, true]",0,0.0,0,1,1,[],[],[],[],nan,[],nan,nan,nan,0.2748105419999973
harmonic_loop--demand_conflict,harmonic_loop,demand_conflict,delay_2,added_delay,2.0,0.0,2,1.0,1601,error_peak_dynamic,0.0,6.281153839059812,2.6924780013452714,2.6924780013452714,0.6210444620726021,0.4286597765846621,1.0,0.8333333333333334,1.688137090867912,0.7962218417608267,0.4716570982700639,0.6210444620726021,3,"[[2, 3], [3, 4], [2, 3], [3, 4]]","[true, true, true, true, true]",0,0.0,0,1,1,[],[],[],[],nan,[],nan,nan,nan,0.26640266699999415
harmonic_loop--demand_conflict,harmonic_loop,demand_conflict,delay_2,added_delay,2.0,0.0,2,1.0,1601,dual_anchor_dynamic,0.0,6.281153839059812,2.469878899720377,2.469878899720377,0.6080975375647729,0.39322057109336434,1.0,0.8333333333333334,1.688137090867912,0.736325380671531,0.4361762943630178,0.6080975375647729,3,"[[2, 3], [3, 4], [2, 4], [3, 4]]","[true, true, true, true, true]",0,4.0,0,1,1,[],[],[],[],nan,[],nan,nan,nan,0.29445837500000493
harmonic_loop--demand_conflict,harmonic_loop,demand_conflict,delay_2,added_delay,2.0,0.0,2,1.0,1601,fixed_delay_dual_anchor,1.0,6.281153839059812,2.133500619431812,2.133500619431812,0.5724703595898804,0.3396669901896819,1.0,0.8333333333333334,1.688137090867912,0.739144717275828,0.43784638183372643,0.5724703595898804,3,"[[2, 3], [3, 4], [1, 2], [3, 4]]","[true, true, true, true, true]",0,4.0,0,1,1,"[[5, 6], [5, 6], [5, 6], [5, 6], [5, 6]]","[[7, 8], [7, 8], [7, 8], [7, 8], [7, 8]]","[[2, 2], [2, 2], [2, 2], [2, 2], [2, 2]]","[[4.0, 4.0], [4.0, 4.0], [4.0, 4.0], [4.0, 4.0], [4.0, 4.0]]",5.5,"[5.0, 6.0]",6.0,0.5,0.9992678844218962,0.30840254199999606
harmonic_loop--demand_conflict,harmonic_loop,demand_conflict,delay_2,added_delay,2.0,0.0,2,1.0,1601,delay_aware_dual_anchor,0.25,6.281153839059812,1.9924972534475667,1.9924972534475667,0.5797229575632893,0.31721834944673344,1.0,0.6666666666666666,1.688137090867912,0.6885050541911317,0.40784901766310616,0.5797229575632893,3,"[[2, 3], [3, 4], [2, 4], [3, 4]]","[true, true, true, true, true]",0,4.0,0,1,1,"[[5, 6], [5, 6], [5, 6], [5, 6], [5, 6]]","[[7, 8], [7, 8], [7, 8], [7, 8], [7, 8]]","[[2, 2], [2, 2], [2, 2], [2, 2], [2, 2]]","[[1.25, 1.5], [1.25, 1.5], [1.25, 1.5], [1.25, 1.5], [1.25, 1.5]]",5.5,"[5.0, 6.0]",6.0,0.5,0.9992524115144799,0.30180904200000214
harmonic_loop--demand_conflict,harmonic_loop,demand_conflict,delay_2,added_delay,2.0,0.0,2,1.0,1627,full_trajectory,0.0,5.741184530818282,3.058261230616849,3.058261230616849,0.6379708628692928,0.532688195998633,0.8333333333333334,0.6666666666666666,1.459094177793794,0.5996774596128835,0.4109929768341744,0.6379708628692928,0,"[[0, 1, 2, 3, 4, 5], [0, 1, 2, 3, 4, 5], [0, 1, 2, 3, 4, 5], [0, 1, 2, 3, 4, 5]]","[true, true, true, true, true]",0,0.0,0,1,1,[],[],[],[],nan,[],nan,nan,nan,0.293365124999994
harmonic_loop--demand_conflict,harmonic_loop,demand_conflict,delay_2,added_delay,2.0,0.0,2,1.0,1627,error_peak_dynamic,0.0,5.741184530818282,2.088796053058212,2.088796053058212,0.5307172150025292,0.3638266705843888,0.8333333333333334,0.8333333333333334,1.459094177793794,0.7235148454130057,0.495865761391076,0.5307172150025292,3,"[[2, 3], [3, 4], [2, 3], [3, 4]]","[true, true, true, true, true]",0,0.0,0,1,1,[],[],[],[],nan,[],nan,nan,nan,0.2829327919999969
harmonic_loop--demand_conflict,harmonic_loop,demand_conflict,delay_2,added_delay,2.0,0.0,2,1.0,1627,dual_anchor_dynamic,0.0,5.741184530818282,2.213258646178393,2.213258646178393,0.5202009488506497,0.38550557542572855,0.8333333333333334,0.6666666666666666,1.459094177793794,0.6176670491107387,0.4233222628882495,0.5202009488506497,2,"[[2, 3], [3, 4], [3, 4], [1, 4]]","[true, true, true, true, true]",0,4.0,0,1,1,[],[],[],[],nan,[],nan,nan,nan,0.2884445830000004
harmonic_loop--demand_conflict,harmonic_loop,demand_conflict,delay_2,added_delay,2.0,0.0,2,1.0,1627,fixed_delay_dual_anchor,1.0,5.741184530818282,2.1378352745111107,2.1378352745111107,0.5515047344417449,0.3723683262635713,0.8333333333333334,0.6666666666666666,1.459094177793794,0.6801618931415746,0.4661535242159662,0.5515047344417449,3,"[[2, 3], [1, 3], [3, 4], [2, 4]]","[true, true, true, true, true]",0,4.0,0,1,1,"[[2, 5], [2, 5], [2, 5], [2, 5], [2, 5]]","[[4, 7], [4, 7], [4, 7], [4, 7], [4, 7]]","[[2, 2], [2, 2], [2, 2], [2, 2], [2, 2]]","[[4.0, 4.0], [4.0, 4.0], [4.0, 4.0], [4.0, 4.0], [4.0, 4.0]]",3.5,"[2.0, 5.0]",4.0,0.5,0.9953993138039543,0.3094538330000063
harmonic_loop--demand_conflict,harmonic_loop,demand_conflict,delay_2,added_delay,2.0,0.0,2,1.0,1627,delay_aware_dual_anchor,0.25,5.741184530818282,1.8512288171450038,1.8512288171450038,0.5073523605275843,0.3224471896361692,0.8333333333333334,0.8333333333333334,1.459094177793794,0.5749643294887938,0.3940556670290891,0.5073523605275843,2,"[[2, 3], [3, 4], [3, 4], [2, 4]]","[true, true, true, true, true]",0,4.0,0,1,1,"[[2, 5], [2, 5], [2, 5], [2, 5], [2, 5]]","[[4, 7], [4, 7], [4, 7], [4, 7], [4, 7]]","[[2, 2], [2, 2], [2, 2], [2, 2], [2, 2]]","[[0.5, 1.25], [0.5, 1.25], [0.5, 1.25], [0.5, 1.25], [0.5, 1.25]]",3.5,"[2.0, 5.0]",4.0,0.5,0.995392878495899,0.31039920799999265
harmonic_loop--demand_conflict,harmonic_loop,demand_conflict,delay_2,added_delay,2.0,0.0,2,1.0,1657,full_trajectory,0.0,8.138930996761431,5.6029795279118515,5.6029795279118515,0.725120719892013,0.6884171312106391,1.0,0.6666666666666666,2.169283460778642,1.0632195834164584,0.4901247820489198,0.725120719892013,0,"[[0, 1, 2, 3, 4, 5], [0, 1, 2, 3, 4, 5], [0, 1, 2, 3, 4, 5], [0, 1, 2, 3, 4, 5]]","[true, true, true, true, true]",0,0.0,0,1,1,[],[],[],[],nan,[],nan,nan,nan,0.39556579099999567
harmonic_loop--demand_conflict,harmonic_loop,demand_conflict,delay_2,added_delay,2.0,0.0,2,1.0,1657,error_peak_dynamic,0.0,8.138930996761431,4.109314368186457,4.109314368186457,0.6174339802046317,0.5048960815396515,1.0,0.8333333333333334,2.169283460778642,1.212230445872238,0.5588160642856329,0.6174339802046317,2,"[[2, 3], [2, 3], [3, 4], [2, 3]]","[true, true, true, true, true]",0,0.0,0,1,1,[],[],[],[],nan,[],nan,nan,nan,0.29082508400000506
harmonic_loop--demand_conflict,harmonic_loop,demand_conflict,delay_2,added_delay,2.0,0.0,2,1.0,1657,dual_anchor_dynamic,0.0,8.138930996761431,3.916274664922362,4.251304151565975,0.6181693684232348,0.48117801545199124,1.0,0.8333333333333334,2.169283460778642,1.2435300554950588,0.5732446118630833,0.6181693684232348,2,"[[2, 3], [2, 3], [3, 4], [1, 3]]","[true, true, true, true, false]",1,2.0,0,1,1,[],[],[],[],nan,[],nan,nan,nan,0.30392404199999135
harmonic_loop--demand_conflict,harmonic_loop,demand_conflict,delay_2,added_delay,2.0,0.0,2,1.0,1657,fixed_delay_dual_anchor,1.0,8.138930996761431,4.127536037328576,4.235095111896648,0.6077104957558033,0.507134909851302,1.0,0.8333333333333334,2.169283460778642,1.1559159536037544,0.5328561133217926,0.6077104957558033,2,"[[2, 3], [3, 4], [1, 3], [1, 3]]","[true, true, true, false, false]",2,1.0,0,1,1,"[[6, 7], [6, 7], [6, 7], [6, 7], [6, 7]]","[[8, 9], [8, 9], [8, 9], [8, 9], [8, 9]]","[[2, 2], [2, 2], [2, 2], [2, 2], [2, 2]]","[[4.0, 4.0], [4.0, 4.0], [4.0, 4.0], [4.0, 4.0], [4.0, 4.0]]",6.5,"[6.0, 7.0]",6.5,0.0,0.998580838076879,0.3188158340000058
harmonic_loop--demand_conflict,harmonic_loop,demand_conflict,delay_2,added_delay,2.0,0.0,2,1.0,1657,delay_aware_dual_anchor,0.25,8.138930996761431,3.267854552198793,3.267854552198793,0.5968772492069324,0.40150906224651717,1.0,0.6666666666666666,2.169283460778642,1.03561444851257,0.47739931974627553,0.5968772492069324,1,"[[2, 3], [2, 3], [3, 4], [3, 4]]","[true, true, true, true, true]",0,4.0,0,1,1,"[[6, 7], [6, 7], [6, 7], [6, 7], [6, 7]]","[[8, 9], [8, 9], [8, 9], [8, 9], [8, 9]]","[[2, 2], [2, 2], [2, 2], [2, 2], [2, 2]]","[[1.5, 1.75], [1.5, 1.75], [1.5, 1.75], [1.5, 1.75], [1.5, 1.75]]",6.5,"[6.0, 7.0]",6.5,0.0,0.9985440508205841,0.34168291599999634
harmonic_loop--demand_conflict,harmonic_loop,demand_conflict,delay_2,added_delay,2.0,0.0,2,1.0,1669,full_trajectory,0.0,6.21386602408889,3.9591978128260497,3.9591978128260497,0.692503985826589,0.6371553228662615,0.8333333333333334,0.6666666666666666,1.5840598222026565,0.7487071369121923,0.4726507966543239,0.692503985826589,0,"[[0, 1, 2, 3, 4, 5], [0, 1, 2, 3, 4, 5], [0, 1, 2, 3, 4, 5], [0, 1, 2, 3, 4, 5]]","[true, true, true, true, true]",0,0.0,0,1,1,[],[],[],[],nan,[],nan,nan,nan,0.2959589999999963
harmonic_loop--demand_conflict,harmonic_loop,demand_conflict,delay_2,added_delay,2.0,0.0,2,1.0,1669,error_peak_dynamic,0.0,6.21386602408889,2.3735704506593116,2.3735704506593116,0.552063239454381,0.38197966313690146,0.8333333333333334,0.8333333333333334,1.5840598222026565,0.8450581062242968,0.5334761316332309,0.552063239454381,3,"[[2, 3], [3, 4], [2, 3], [3, 4]]","[true, true, true, true, true]",0,0.0,0,1,1,[],[],[],[],nan,[],nan,nan,nan,0.27730629099998794
harmonic_loop--demand_conflict,harmonic_loop,demand_conflict,delay_2,added_delay,2.0,0.0,2,1.0,1669,dual_anchor_dynamic,0.0,6.21386602408889,2.58636352955044,2.692712804517603,0.542461352997175,0.4162245403302956,0.8333333333333334,0.8333333333333334,1.5840598222026565,0.8643548492157286,0.5456579588098078,0.542461352997175,2,"[[2, 3], [3, 4], [3, 4], [1, 4]]","[true, true, true, true, false]",1,2.0,0,1,1,[],[],[],[],nan,[],nan,nan,nan,0.2917067919999994
harmonic_loop--demand_conflict,harmonic_loop,demand_conflict,delay_2,added_delay,2.0,0.0,2,1.0,1669,fixed_delay_dual_anchor,1.0,6.21386602408889,2.910876594015368,3.0034272204148342,0.6006705307305407,0.4684485604824697,0.8333333333333334,0.6666666666666666,1.5840598222026565,0.8209405736691903,0.5182509916372106,0.6006705307305407,3,"[[2, 3], [1, 3], [2, 4], [2, 3]]","[true, true, true, true, false]",1,2.0,0,1,1,"[[3, 6], [3, 6], [3, 6], [3, 6], [3, 6]]","[[5, 8], [5, 8], [5, 8], [5, 8], [5, 8]]","[[2, 2], [2, 2], [2, 2], [2, 2], [2, 2]]","[[4.0, 4.0], [4.0, 4.0], [4.0, 4.0], [4.0, 4.0], [4.0, 4.0]]",4.5,"[3.0, 6.0]",5.0,0.5,0.9953046438788201,0.33653000000001043
harmonic_loop--demand_conflict,harmonic_loop,demand_conflict,delay_2,added_delay,2.0,0.0,2,1.0,1669,delay_aware_dual_anchor,0.25,6.21386602408889,2.1844545699197733,2.1844545699197733,0.528754129847466,0.35154516712324346,0.8333333333333334,0.8333333333333334,1.5840598222026565,0.6816915678337464,0.4303445856519769,0.528754129847466,2,"[[2, 3], [3, 4], [3, 4], [2, 4]]","[true, true, true, true, true]",0,4.0,0,1,1,"[[3, 6], [3, 6], [3, 6], [3, 6], [3, 6]]","[[5, 8], [5, 8], [5, 8], [5, 8], [5, 8]]","[[2, 2], [2, 2], [2, 2], [2, 2], [2, 2]]","[[0.75, 1.5], [0.75, 1.5], [0.75, 1.5], [0.75, 1.5], [0.75, 1.5]]",4.5,"[3.0, 6.0]",5.0,0.5,0.9952877026177056,0.3442002500000001
ellipse--neutral,ellipse,neutral,delay_2,added_delay,2.0,0.0,2,1.0,1601,full_trajectory,0.0,7.021385884657439,0.2904936565310932,0.2904936565310932,0.3079786014566329,0.04137269497833131,0.6666666666666666,0.0,1.3763109523584096,0.0419362040889035,0.030470006808448878,0.3079786014566329,0,"[[0, 1, 2, 3, 4, 5], [0, 1, 2, 3, 4, 5], [0, 1, 2, 3, 4, 5], [0, 1, 2, 3, 4, 5]]","[true, true, true, true, true]",0,0.0,0,1,1,[],[],[],[],nan,[],nan,nan,nan,0.21182612500000175
ellipse--neutral,ellipse,neutral,delay_2,added_delay,2.0,0.0,2,1.0,1601,error_peak_dynamic,0.0,7.021385884657439,0.22689901131523463,0.22689901131523463,0.2916338915564376,0.03231541679129698,0.6666666666666666,0.0,1.3763109523584096,0.04408738196264537,0.032033009609564185,0.2916338915564376,0,"[[3, 4], [3, 4], [3, 4], [3, 4]]","[true, true, true, true, true]",0,0.0,0,1,1,[],[],[],[],nan,[],nan,nan,nan,0.17540870800000619
ellipse--neutral,ellipse,neutral,delay_2,added_delay,2.0,0.0,2,1.0,1601,dual_anchor_dynamic,0.0,7.021385884657439,0.22689901131523463,0.22689901131523463,0.2916338915564376,0.03231541679129698,0.6666666666666666,0.0,1.3763109523584096,0.04408738196264537,0.032033009609564185,0.2916338915564376,0,"[[3, 4], [3, 4], [3, 4], [3, 4]]","[true, true, true, true, true]",0,4.0,0,1,1,[],[],[],[],nan,[],nan,nan,nan,0.17587241700000789
ellipse--neutral,ellipse,neutral,delay_2,added_delay,2.0,0.0,2,1.0,1601,fixed_delay_dual_anchor,1.0,7.021385884657439,0.17225351000255937,0.17225351000255937,0.29258757411796615,0.024532693806069497,0.6666666666666666,0.0,1.3763109523584096,0.040410697016018654,0.029361603892472093,0.29258757411796615,0,"[[3, 4], [3, 4], [3, 4], [3, 4]]","[true, true, true, true, true]",0,4.0,0,1,1,"[[5, 6], [5, 6], [5, 6], [5, 6], [5, 6]]","[[7, 8], [7, 8], [7, 8], [7, 8], [7, 8]]","[[2, 2], [2, 2], [2, 2], [2, 2], [2, 2]]","[[4.0, 4.0], [4.0, 4.0], [4.0, 4.0], [4.0, 4.0], [4.0, 4.0]]",5.5,"[5.0, 6.0]",6.0,0.5,0.9992955374801604,0.20078987499999812
ellipse--neutral,ellipse,neutral,delay_2,added_delay,2.0,0.0,2,1.0,1601,delay_aware_dual_anchor,0.25,7.021385884657439,0.1804781946565205,0.1804781946565205,0.2809225567535821,0.02570407005415936,0.6666666666666666,0.0,1.3763109523584096,0.03929730228593744,0.028552633559006876,0.2809225567535821,0,"[[3, 4], [3, 4], [3, 4], [3, 4]]","[true, true, true, true, true]",0,4.0,0,1,1,"[[5, 6], [5, 6], [5, 6], [5, 6], [5, 6]]","[[7, 8], [7, 8], [7, 8], [7, 8], [7, 8]]","[[2, 2], [2, 2], [2, 2], [2, 2], [2, 2]]","[[1.25, 1.5], [1.25, 1.5], [1.25, 1.5], [1.25, 1.5], [1.25, 1.5]]",5.5,"[5.0, 6.0]",6.0,0.5,0.9992938165349241,0.20243370800000093
ellipse--neutral,ellipse,neutral,delay_2,added_delay,2.0,0.0,2,1.0,1627,full_trajectory,0.0,7.931334839012171,0.32541542760380354,0.32541542760380354,0.29275660780556495,0.041029087058986564,0.6666666666666666,0.0,1.3746793824611245,0.05849006247893665,0.042548148481153736,0.29275660780556495,0,"[[0, 1, 2, 3, 4, 5], [0, 1, 2, 3, 4, 5], [0, 1, 2, 3, 4, 5], [0, 1, 2, 3, 4, 5]]","[true, true, true, true, true]",0,0.0,0,1,1,[],[],[],[],nan,[],nan,nan,nan,0.17966741699999034
ellipse--neutral,ellipse,neutral,delay_2,added_delay,2.0,0.0,2,1.0,1627,error_peak_dynamic,0.0,7.931334839012171,0.37787197481147544,0.37787197481147544,0.2864390333427826,0.04764292297342202,0.6666666666666666,0.0,1.3746793824611245,0.06834524083840948,0.04971722258323916,0.2864390333427826,1,"[[3, 4], [3, 4], [3, 4], [1, 2]]","[true, true, true, true, true]",0,0.0,0,1,1,[],[],[],[],nan,[],nan,nan,nan,0.18196762500001284
ellipse--neutral,ellipse,neutral,delay_2,added_delay,2.0,0.0,2,1.0,1627,dual_anchor_dynamic,0.0,7.931334839012171,0.37787197481147544,0.37787197481147544,0.2864390333427826,0.04764292297342202,0.6666666666666666,0.0,1.3746793824611245,0.06834524083840948,0.04971722258323916,0.2864390333427826,1,"[[3, 4], [3, 4], [3, 4], [1, 2]]","[true, true, true, true, true]",0,4.0,0,1,1,[],[],[],[],nan,[],nan,nan,nan,0.19124899999999911
ellipse--neutral,ellipse,neutral,delay_2,added_delay,2.0,0.0,2,1.0,1627,fixed_delay_dual_anchor,1.0,7.931334839012171,0.2791456336840364,0.2791456336840364,0.2747367102990179,0.035195290496498985,0.6666666666666666,0.0,1.3746793824611245,0.05496629207443161,0.039984808658455336,0.2747367102990179,0,"[[3, 4], [3, 4], [3, 4], [3, 4]]","[true, true, true, true, true]",0,4.0,0,1,1,"[[2, 5], [2, 5], [2, 5], [2, 5], [2, 5]]","[[4, 7], [4, 7], [4, 7], [4, 7], [4, 7]]","[[2, 2], [2, 2], [2, 2], [2, 2], [2, 2]]","[[4.0, 4.0], [4.0, 4.0], [4.0, 4.0], [4.0, 4.0], [4.0, 4.0]]",3.5,"[2.0, 5.0]",4.0,0.5,0.9965453083024567,0.22854600000000858
ellipse--neutral,ellipse,neutral,delay_2,added_delay,2.0,0.0,2,1.0,1627,delay_aware_dual_anchor,0.25,7.931334839012171,0.2769635768487145,0.2769635768487145,0.2670062380885399,0.0349201720101896,0.6666666666666666,0.0,1.3746793824611245,0.05202445327723257,0.03784479053151421,0.2670062380885399,1,"[[3, 4], [3, 4], [3, 4], [1, 2]]","[true, true, true, true, true]",0,4.0,0,1,1,"[[2, 5], [2, 5], [2, 5], [2, 5], [2, 5]]","[[4, 7], [4, 7], [4, 7], [4, 7], [4, 7]]","[[2, 2], [2, 2], [2, 2], [2, 2], [2, 2]]","[[0.5, 1.25], [0.5, 1.25], [0.5, 1.25], [0.5, 1.25], [0.5, 1.25]]",3.5,"[2.0, 5.0]",4.0,0.5,0.9965456790393445,0.2208678329999998
ellipse--neutral,ellipse,neutral,delay_2,added_delay,2.0,0.0,2,1.0,1657,full_trajectory,0.0,9.240190720939296,0.4401718429196473,0.4401718429196473,0.31726422692976686,0.04763666207908124,0.8333333333333334,0.0,1.7985382624910653,0.06458596451715243,0.035910253267393735,0.31726422692976686,0,"[[0, 1, 2, 3, 4, 5], [0, 1, 2, 3, 4, 5], [0, 1, 2, 3, 4, 5], [0, 1, 2, 3, 4, 5]]","[true, true, true, true, true]",0,0.0,0,1,1,[],[],[],[],nan,[],nan,nan,nan,0.2011498749999987
ellipse--neutral,ellipse,neutral,delay_2,added_delay,2.0,0.0,2,1.0,1657,error_peak_dynamic,0.0,9.240190720939296,0.35775626859798326,0.35775626859798326,0.3014822378425502,0.03871741172909645,0.8333333333333334,0.0,1.7985382624910653,0.06487543707270325,0.03607120205652313,0.3014822378425502,0,"[[3, 4], [3, 4], [3, 4], [3, 4]]","[true, true, true, true, true]",0,0.0,0,1,1,[],[],[],[],nan,[],nan,nan,nan,0.19201137499999277
ellipse--neutral,ellipse,neutral,delay_2,added_delay,2.0,0.0,2,1.0,1657,dual_anchor_dynamic,0.0,9.240190720939296,0.35775626859798326,0.35775626859798326,0.3014822378425502,0.03871741172909645,0.8333333333333334,0.0,1.7985382624910653,0.06487543707270325,0.03607120205652313,0.3014822378425502,0,"[[3, 4], [3, 4], [3, 4], [3, 4]]","[true, true, true, true, true]",0,4.0,0,1,1,[],[],[],[],nan,[],nan,nan,nan,0.18987870799999484
ellipse--neutral,ellipse,neutral,delay_2,added_delay,2.0,0.0,2,1.0,1657,fixed_delay_dual_anchor,1.0,9.240190720939296,0.23765439442933112,0.23765439442933112,0.2986958336145713,0.02571964168345356,0.8333333333333334,0.0,1.7985382624910653,0.053897161641586984,0.029967203236997985,0.2986958336145713,0,"[[3, 4], [3, 4], [3, 4], [3, 4]]","[true, true, true, true, true]",0,4.0,0,1,1,"[[6, 7], [6, 7], [6, 7], [6, 7], [6, 7]]","[[8, 9], [8, 9], [8, 9], [8, 9], [8, 9]]","[[2, 2], [2, 2], [2, 2], [2, 2], [2, 2]]","[[4.0, 4.0], [4.0, 4.0], [4.0, 4.0], [4.0, 4.0], [4.0, 4.0]]",6.5,"[6.0, 7.0]",6.5,0.0,0.9989931895136664,0.20213191700000266
ellipse--neutral,ellipse,neutral,delay_2,added_delay,2.0,0.0,2,1.0,1657,delay_aware_dual_anchor,0.25,9.240190720939296,0.2605476298519394,0.2605476298519394,0.2908895673608924,0.02819721342563954,0.8333333333333334,0.0,1.7985382624910653,0.05418651877788531,0.03012808785220631,0.2908895673608924,0,"[[3, 4], [3, 4], [3, 4], [3, 4]]","[true, true, true, true, true]",0,4.0,0,1,1,"[[6, 7], [6, 7], [6, 7], [6, 7], [6, 7]]","[[8, 9], [8, 9], [8, 9], [8, 9], [8, 9]]","[[2, 2], [2, 2], [2, 2], [2, 2], [2, 2]]","[[1.5, 1.75], [1.5, 1.75], [1.5, 1.75], [1.5, 1.75], [1.5, 1.75]]",6.5,"[6.0, 7.0]",6.5,0.0,0.9989918914617778,0.18702312499999607
ellipse--neutral,ellipse,neutral,delay_2,added_delay,2.0,0.0,2,1.0,1669,full_trajectory,0.0,8.165546048308617,0.32631014260535735,0.32631014260535735,0.2953868105520658,0.039961827497494565,0.6666666666666666,0.0,1.4181915929509548,0.06142726941562547,0.04331380169008646,0.2953868105520658,0,"[[0, 1, 2, 3, 4, 5], [0, 1, 2, 3, 4, 5], [0, 1, 2, 3, 4, 5], [0, 1, 2, 3, 4, 5]]","[true, true, true, true, true]",0,0.0,0,1,1,[],[],[],[],nan,[],nan,nan,nan,0.18622766699999715
ellipse--neutral,ellipse,neutral,delay_2,added_delay,2.0,0.0,2,1.0,1669,error_peak_dynamic,0.0,8.165546048308617,0.3763801124818228,0.3763801124818228,0.2883453083510724,0.04609368562189235,0.6666666666666666,0.0,1.4181915929509548,0.07077042046018281,0.049901875608305245,0.2883453083510724,1,"[[3, 4], [3, 4], [3, 4], [1, 2]]","[true, true, true, true, true]",0,0.0,0,1,1,[],[],[],[],nan,[],nan,nan,nan,0.18853370800000846
ellipse--neutral,ellipse,neutral,delay_2,added_delay,2.0,0.0,2,1.0,1669,dual_anchor_dynamic,0.0,8.165546048308617,0.3763801124818228,0.3763801124818228,0.2883453083510724,0.04609368562189235,0.6666666666666666,0.0,1.4181915929509548,0.07077042046018281,0.049901875608305245,0.2883453083510724,1,"[[3, 4], [3, 4], [3, 4], [1, 2]]","[true, true, true, true, true]",0,4.0,0,1,1,[],[],[],[],nan,[],nan,nan,nan,0.17834204199999704
ellipse--neutral,ellipse,neutral,delay_2,added_delay,2.0,0.0,2,1.0,1669,fixed_delay_dual_anchor,1.0,8.165546048308617,0.25622642615794056,0.25622642615794056,0.2729255163450752,0.031378970205062334,0.6666666666666666,0.0,1.4181915929509548,0.053036140500573474,0.03739702080042412,0.2729255163450752,0,"[[3, 4], [3, 4], [3, 4], [3, 4]]","[true, true, true, true, true]",0,4.0,0,1,1,"[[3, 6], [3, 6], [3, 6], [3, 6], [3, 6]]","[[5, 8], [5, 8], [5, 8], [5, 8], [5, 8]]","[[2, 2], [2, 2], [2, 2], [2, 2], [2, 2]]","[[4.0, 4.0], [4.0, 4.0], [4.0, 4.0], [4.0, 4.0], [4.0, 4.0]]",4.5,"[3.0, 6.0]",5.0,0.5,0.9967272421271758,0.22734133299999826
ellipse--neutral,ellipse,neutral,delay_2,added_delay,2.0,0.0,2,1.0,1669,delay_aware_dual_anchor,0.25,8.165546048308617,0.2557375904735682,0.2557375904735682,0.2660669660742448,0.03131910455964434,0.6666666666666666,0.0,1.4181915929509548,0.05043980784025472,0.03556628603001392,0.2660669660742448,1,"[[3, 4], [3, 4], [3, 4], [1, 2]]","[true, true, true, true, true]",0,4.0,0,1,1,"[[3, 6], [3, 6], [3, 6], [3, 6], [3, 6]]","[[5, 8], [5, 8], [5, 8], [5, 8], [5, 8]]","[[2, 2], [2, 2], [2, 2], [2, 2], [2, 2]]","[[0.75, 1.5], [0.75, 1.5], [0.75, 1.5], [0.75, 1.5], [0.75, 1.5]]",4.5,"[3.0, 6.0]",5.0,0.5,0.9967436612612613,0.21054954199999543
ellipse--demand_aligned,ellipse,demand_aligned,delay_2,added_delay,2.0,0.0,2,1.0,1601,full_trajectory,0.0,11.092706897374285,0.4690573427689303,0.4690573427689303,0.31294006041235983,0.04228520117843907,0.6666666666666666,0.0,1.3763109523584096,0.0419362040889035,0.030470006808448878,0.31294006041235983,0,"[[0, 1, 2, 3, 4, 5], [0, 1, 2, 3, 4, 5], [0, 1, 2, 3, 4, 5], [0, 1, 2, 3, 4, 5]]","[true, true, true, true, true]",0,0.0,0,1,1,[],[],[],[],nan,[],nan,nan,nan,0.18575320799999417
ellipse--demand_aligned,ellipse,demand_aligned,delay_2,added_delay,2.0,0.0,2,1.0,1601,error_peak_dynamic,0.0,11.092706897374285,0.3844453630245953,0.3844453630245953,0.29418445435428253,0.03465748861674115,0.6666666666666666,0.0,1.3763109523584096,0.08841139055979363,0.06423794739720282,0.29418445435428253,2,"[[3, 4], [3, 4], [2, 3], [1, 3]]","[true, true, true, true, true]",0,0.0,0,1,1,[],[],[],[],nan,[],nan,nan,nan,0.12769987500000468
ellipse--demand_aligned,ellipse,demand_aligned,delay_2,added_delay,2.0,0.0,2,1.0,1601,dual_anchor_dynamic,0.0,11.092706897374285,0.3430997178048462,0.3430997178048462,0.29385805089068084,0.030930206754679522,0.6666666666666666,0.0,1.3763109523584096,0.04408738196264537,0.032033009609564185,0.29385805089068084,0,"[[3, 4], [3, 4], [3, 4], [3, 4]]","[true, true, true, true, true]",0,4.0,0,1,1,[],[],[],[],nan,[],nan,nan,nan,0.17425250000000858
ellipse--demand_aligned,ellipse,demand_aligned,delay_2,added_delay,2.0,0.0,2,1.0,1601,fixed_delay_dual_anchor,1.0,11.092706897374285,0.2218145372581195,0.2218145372581195,0.2681490046159545,0.01999643002472412,0.6666666666666666,0.0,1.3763109523584096,0.040410697016018654,0.029361603892472093,0.2681490046159545,0,"[[3, 4], [3, 4], [3, 4], [3, 4]]","[true, true, true, true, true]",0,4.0,0,1,1,"[[5, 6], [5, 6], [5, 6], [5, 6], [5, 6]]","[[7, 8], [7, 8], [7, 8], [7, 8], [7, 8]]","[[2, 2], [2, 2], [2, 2], [2, 2], [2, 2]]","[[4.0, 4.0], [4.0, 4.0], [4.0, 4.0], [4.0, 4.0], [4.0, 4.0]]",5.5,"[5.0, 6.0]",6.0,0.5,0.9992955374801604,0.20313220799999954
ellipse--demand_aligned,ellipse,demand_aligned,delay_2,added_delay,2.0,0.0,2,1.0,1601,delay_aware_dual_anchor,0.25,11.092706897374285,0.274022178477542,0.274022178477542,0.2792867131355137,0.02470291345590361,0.6666666666666666,0.0,1.3763109523584096,0.03929730228593744,0.028552633559006876,0.2792867131355137,0,"[[3, 4], [3, 4], [3, 4], [3, 4]]","[true, true, true, true, true]",0,4.0,0,1,1,"[[5, 6], [5, 6], [5, 6], [5, 6], [5, 6]]","[[7, 8], [7, 8], [7, 8], [7, 8], [7, 8]]","[[2, 2], [2, 2], [2, 2], [2, 2], [2, 2]]","[[1.25, 1.5], [1.25, 1.5], [1.25, 1.5], [1.25, 1.5], [1.25, 1.5]]",5.5,"[5.0, 6.0]",6.0,0.5,0.9992938165349241,0.1951352079999964
ellipse--demand_aligned,ellipse,demand_aligned,delay_2,added_delay,2.0,0.0,2,1.0,1627,full_trajectory,0.0,10.671672331776069,0.3965813783641476,0.3965813783641476,0.29446039418176095,0.037162064766857884,0.6666666666666666,0.0,1.3746793824611245,0.05849006247893665,0.042548148481153736,0.29446039418176095,0,"[[0, 1, 2, 3, 4, 5], [0, 1, 2, 3, 4, 5], [0, 1, 2, 3, 4, 5], [0, 1, 2, 3, 4, 5]]","[true, true, true, true, true]",0,0.0,0,1,1,[],[],[],[],nan,[],nan,nan,nan,0.18522654200000943
ellipse--demand_aligned,ellipse,demand_aligned,delay_2,added_delay,2.0,0.0,2,1.0,1627,error_peak_dynamic,0.0,10.671672331776069,0.6016133781626949,0.6016133781626949,0.28532385874703414,0.05637479857503921,0.6666666666666666,0.0,1.3746793824611245,0.11668084794194321,0.0848785901866415,0.28532385874703414,2,"[[3, 4], [3, 4], [1, 3], [1, 2]]","[true, true, true, true, true]",0,0.0,0,1,1,[],[],[],[],nan,[],nan,nan,nan,0.1489515840000024
ellipse--demand_aligned,ellipse,demand_aligned,delay_2,added_delay,2.0,0.0,2,1.0,1627,dual_anchor_dynamic,0.0,10.671672331776069,0.33422754906351465,0.33422754906351465,0.28191797774349536,0.03131913524633957,0.6666666666666666,0.0,1.3746793824611245,0.06806391789129324,0.049512576357577005,0.28191797774349536,1,"[[3, 4], [3, 4], [3, 4], [2, 3]]","[true, true, true, true, true]",0,4.0,0,1,1,[],[],[],[],nan,[],nan,nan,nan,0.18836525000000393
ellipse--demand_aligned,ellipse,demand_aligned,delay_2,added_delay,2.0,0.0,2,1.0,1627,fixed_delay_dual_anchor,1.0,10.671672331776069,0.4607031380566065,0.4607031380566065,0.28114391647895276,0.043170660017813015,0.6666666666666666,0.0,1.3746793824611245,0.05496629207443161,0.039984808658455336,0.28114391647895276,0,"[[3, 4], [3, 4], [3, 4], [3, 4]]","[true, true, true, true, true]",0,4.0,0,1,1,"[[2, 5], [2, 5], [2, 5], [2, 5], [2, 5]]","[[4, 7], [4, 7], [4, 7], [4, 7], [4, 7]]","[[2, 2], [2, 2], [2, 2], [2, 2], [2, 2]]","[[4.0, 4.0], [4.0, 4.0], [4.0, 4.0], [4.0, 4.0], [4.0, 4.0]]",3.5,"[2.0, 5.0]",4.0,0.5,0.9965453083024567,0.22548424999999384
ellipse--demand_aligned,ellipse,demand_aligned,delay_2,added_delay,2.0,0.0,2,1.0,1627,delay_aware_dual_anchor,0.25,10.671672331776069,0.24625454864591428,0.24625454864591428,0.2571759430056672,0.02307553502300333,0.6666666666666666,0.0,1.3746793824611245,0.05202445327723257,0.03784479053151421,0.2571759430056672,1,"[[3, 4], [3, 4], [3, 4], [1, 2]]","[true, true, true, true, true]",0,4.0,0,1,1,"[[2, 5], [2, 5], [2, 5], [2, 5], [2, 5]]","[[4, 7], [4, 7], [4, 7], [4, 7], [4, 7]]","[[2, 2], [2, 2], [2, 2], [2, 2], [2, 2]]","[[0.5, 1.25], [0.5, 1.25], [0.5, 1.25], [0.5, 1.25], [0.5, 1.25]]",3.5,"[2.0, 5.0]",4.0,0.5,0.9965456790393445,0.21465662499998928
ellipse--demand_aligned,ellipse,demand_aligned,delay_2,added_delay,2.0,0.0,2,1.0,1657,full_trajectory,0.0,14.010816677208542,0.7057976097079708,0.7057976097079708,0.3266930215689519,0.050375194106714344,0.8333333333333334,0.0,1.7985382624910653,0.06458596451715243,0.035910253267393735,0.3266930215689519,0,"[[0, 1, 2, 3, 4, 5], [0, 1, 2, 3, 4, 5], [0, 1, 2, 3, 4, 5], [0, 1, 2, 3, 4, 5]]","[true, true, true, true, true]",0,0.0,0,1,1,[],[],[],[],nan,[],nan,nan,nan,0.19009120799999835
ellipse--demand_aligned,ellipse,demand_aligned,delay_2,added_delay,2.0,0.0,2,1.0,1657,error_peak_dynamic,0.0,14.010816677208542,0.7972936828277486,0.7972936828277486,0.30994994516010543,0.056905582393688,0.8333333333333334,0.16666666666666666,1.7985382624910653,0.12738675544725642,0.07082793738889903,0.30994994516010543,1,"[[3, 4], [3, 4], [3, 4], [1, 2]]","[true, true, true, true, true]",0,0.0,0,1,1,[],[],[],[],nan,[],nan,nan,nan,0.14083712500000445
ellipse--demand_aligned,ellipse,demand_aligned,delay_2,added_delay,2.0,0.0,2,1.0,1657,dual_anchor_dynamic,0.0,14.010816677208542,0.5438428068579658,0.5438428068579658,0.3082154163757825,0.038815924823471376,0.8333333333333334,0.0,1.7985382624910653,0.06487543707270325,0.03607120205652313,0.3082154163757825,0,"[[3, 4], [3, 4], [3, 4], [3, 4]]","[true, true, true, true, true]",0,4.0,0,1,1,[],[],[],[],nan,[],nan,nan,nan,0.18225499999999784
ellipse--demand_aligned,ellipse,demand_aligned,delay_2,added_delay,2.0,0.0,2,1.0,1657,fixed_delay_dual_anchor,1.0,14.010816677208542,0.3083132800063579,0.3083132800063579,0.27932387182295443,0.02200537535459246,0.8333333333333334,0.0,1.7985382624910653,0.053897161641586984,0.029967203236997985,0.27932387182295443,0,"[[3, 4], [3, 4], [3, 4], [3, 4]]","[true, true, true, true, true]",0,4.0,0,1,1,"[[6, 7], [6, 7], [6, 7], [6, 7], [6, 7]]","[[8, 9], [8, 9], [8, 9], [8, 9], [8, 9]]","[[2, 2], [2, 2], [2, 2], [2, 2], [2, 2]]","[[4.0, 4.0], [4.0, 4.0], [4.0, 4.0], [4.0, 4.0], [4.0, 4.0]]",6.5,"[6.0, 7.0]",6.5,0.0,0.9989931895136664,0.20481420900000558
ellipse--demand_aligned,ellipse,demand_aligned,delay_2,added_delay,2.0,0.0,2,1.0,1657,delay_aware_dual_anchor,0.25,14.010816677208542,0.38473249598653697,0.38473249598653697,0.28676823159154013,0.027459676680545185,0.8333333333333334,0.0,1.7985382624910653,0.05418651877788531,0.03012808785220631,0.28676823159154013,0,"[[3, 4], [3, 4], [3, 4], [3, 4]]","[true, true, true, true, true]",0,4.0,0,1,1,"[[6, 7], [6, 7], [6, 7], [6, 7], [6, 7]]","[[8, 9], [8, 9], [8, 9], [8, 9], [8, 9]]","[[2, 2], [2, 2], [2, 2], [2, 2], [2, 2]]","[[1.5, 1.75], [1.5, 1.75], [1.5, 1.75], [1.5, 1.75], [1.5, 1.75]]",6.5,"[6.0, 7.0]",6.5,0.0,0.9989918914617778,0.18753941699999643
ellipse--demand_aligned,ellipse,demand_aligned,delay_2,added_delay,2.0,0.0,2,1.0,1669,full_trajectory,0.0,11.02237852642564,0.4656221903675503,0.4656221903675503,0.3033481341945094,0.042243349677317174,0.6666666666666666,0.0,1.4181915929509548,0.06142726941562547,0.04331380169008646,0.3033481341945094,0,"[[0, 1, 2, 3, 4, 5], [0, 1, 2, 3, 4, 5], [0, 1, 2, 3, 4, 5], [0, 1, 2, 3, 4, 5]]","[true, true, true, true, true]",0,0.0,0,1,1,[],[],[],[],nan,[],nan,nan,nan,0.18604075000000364
ellipse--demand_aligned,ellipse,demand_aligned,delay_2,added_delay,2.0,0.0,2,1.0,1669,error_peak_dynamic,0.0,11.02237852642564,0.6813221063328496,0.6813221063328496,0.29281900205139694,0.06181262099640395,0.6666666666666666,0.0,1.4181915929509548,0.1154720255629919,0.08142202092928727,0.29281900205139694,2,"[[3, 4], [3, 4], [1, 3], [1, 2]]","[true, true, true, true, true]",0,0.0,0,1,1,[],[],[],[],nan,[],nan,nan,nan,0.14334354200001087
ellipse--demand_aligned,ellipse,demand_aligned,delay_2,added_delay,2.0,0.0,2,1.0,1669,dual_anchor_dynamic,0.0,11.02237852642564,0.3604303754020318,0.3604303754020318,0.289141704997613,0.03269987276683674,0.6666666666666666,0.0,1.4181915929509548,0.06979815476406753,0.049216308368344244,0.289141704997613,1,"[[3, 4], [3, 4], [3, 4], [2, 3]]","[true, true, true, true, true]",0,4.0,0,1,1,[],[],[],[],nan,[],nan,nan,nan,0.17534354199999314
ellipse--demand_aligned,ellipse,demand_aligned,delay_2,added_delay,2.0,0.0,2,1.0,1669,fixed_delay_dual_anchor,1.0,11.02237852642564,0.42008996526075826,0.42008996526075826,0.2750228178681689,0.03811246041438444,0.6666666666666666,0.0,1.4181915929509548,0.053036140500573474,0.03739702080042412,0.2750228178681689,0,"[[3, 4], [3, 4], [3, 4], [3, 4]]","[true, true, true, true, true]",0,4.0,0,1,1,"[[3, 6], [3, 6], [3, 6], [3, 6], [3, 6]]","[[5, 8], [5, 8], [5, 8], [5, 8], [5, 8]]","[[2, 2], [2, 2], [2, 2], [2, 2], [2, 2]]","[[4.0, 4.0], [4.0, 4.0], [4.0, 4.0], [4.0, 4.0], [4.0, 4.0]]",4.5,"[3.0, 6.0]",5.0,0.5,0.9967272421271758,0.22651304100000402
ellipse--demand_aligned,ellipse,demand_aligned,delay_2,added_delay,2.0,0.0,2,1.0,1669,delay_aware_dual_anchor,0.25,11.02237852642564,0.21676474114686478,0.21676474114686478,0.25857758147918475,0.019665877072465022,0.6666666666666666,0.0,1.4181915929509548,0.05306359332275274,0.03741637842623133,0.25857758147918475,1,"[[3, 4], [3, 4], [3, 4], [2, 3]]","[true, true, true, true, true]",0,4.0,0,1,1,"[[3, 6], [3, 6], [3, 6], [3, 6], [3, 6]]","[[5, 8], [5, 8], [5, 8], [5, 8], [5, 8]]","[[2, 2], [2, 2], [2, 2], [2, 2], [2, 2]]","[[0.75, 1.5], [0.75, 1.5], [0.75, 1.5], [0.75, 1.5], [0.75, 1.5]]",4.5,"[3.0, 6.0]",5.0,0.5,0.9967436612612613,0.21040341700000909
ellipse--demand_conflict,ellipse,demand_conflict,delay_2,added_delay,2.0,0.0,2,1.0,1601,full_trajectory,0.0,4.8747730701013365,0.24890071811751965,0.24890071811751965,0.3180992562240816,0.05105893434180835,0.6666666666666666,0.0,1.3763109523584096,0.0419362040889035,0.030470006808448878,0.3180992562240816,0,"[[0, 1, 2, 3, 4, 5], [0, 1, 2, 3, 4, 5], [0, 1, 2, 3, 4, 5], [0, 1, 2, 3, 4, 5]]","[true, true, true, true, true]",0,0.0,0,1,1,[],[],[],[],nan,[],nan,nan,nan,0.18654216699999893
ellipse--demand_conflict,ellipse,demand_conflict,delay_2,added_delay,2.0,0.0,2,1.0,1601,error_peak_dynamic,0.0,4.8747730701013365,0.37041848755976314,0.37041848755976314,0.339221645776535,0.075986816664691,0.6666666666666666,0.0,1.3763109523584096,0.047418820793677305,0.03445356640693855,0.339221645776535,0,"[[3, 4], [3, 4], [3, 4], [3, 4]]","[true, true, true, true, true]",0,0.0,0,1,1,[],[],[],[],nan,[],nan,nan,nan,0.16504879199999323
ellipse--demand_conflict,ellipse,demand_conflict,delay_2,added_delay,2.0,0.0,2,1.0,1601,dual_anchor_dynamic,0.0,4.8747730701013365,0.23382463794439223,0.23382463794439223,0.32003752288802273,0.04796626111244426,0.6666666666666666,0.0,1.3763109523584096,0.03756059690053174,0.027290778174923994,0.32003752288802273,1,"[[3, 4], [1, 3], [1, 3], [1, 3]]","[true, true, true, true, true]",0,4.0,0,1,1,[],[],[],[],nan,[],nan,nan,nan,0.16259087499999225
ellipse--demand_conflict,ellipse,demand_conflict,delay_2,added_delay,2.0,0.0,2,1.0,1601,fixed_delay_dual_anchor,1.0,4.8747730701013365,0.1437799512103969,0.1437799512103969,0.2966082916396725,0.029494696295146314,0.6666666666666666,0.0,1.3763109523584096,0.040646896015994916,0.029533221359855838,0.2966082916396725,1,"[[3, 4], [3, 4], [3, 4], [1, 4]]","[true, true, true, true, true]",0,4.0,0,1,1,"[[5, 6], [5, 6], [5, 6], [5, 6], [5, 6]]","[[7, 8], [7, 8], [7, 8], [7, 8], [7, 8]]","[[2, 2], [2, 2], [2, 2], [2, 2], [2, 2]]","[[4.0, 4.0], [4.0, 4.0], [4.0, 4.0], [4.0, 4.0], [4.0, 4.0]]",5.5,"[5.0, 6.0]",6.0,0.5,0.9992955374801604,0.19316175000000158
ellipse--demand_conflict,ellipse,demand_conflict,delay_2,added_delay,2.0,0.0,2,1.0,1601,delay_aware_dual_anchor,0.25,4.8747730701013365,0.17263799424945375,0.17263799424945375,0.29839849207360364,0.03541457043576081,0.6666666666666666,0.0,1.3763109523584096,0.03535404995620839,0.025687545314978882,0.29839849207360364,1,"[[3, 4], [1, 3], [1, 3], [1, 3]]","[true, true, true, true, true]",0,4.0,0,1,1,"[[5, 6], [5, 6], [5, 6], [5, 6], [5, 6]]","[[7, 8], [7, 8], [7, 8], [7, 8], [7, 8]]","[[2, 2], [2, 2], [2, 2], [2, 2], [2, 2]]","[[1.25, 1.5], [1.25, 1.5], [1.25, 1.5], [1.25, 1.5], [1.25, 1.5]]",5.5,"[5.0, 6.0]",6.0,0.5,0.9992943174800661,0.20687358400000733
ellipse--demand_conflict,ellipse,demand_conflict,delay_2,added_delay,2.0,0.0,2,1.0,1627,full_trajectory,0.0,5.586013907965974,0.35548685288137266,0.35548685288137266,0.341594748391317,0.0636387339412865,0.6666666666666666,0.0,1.3746793824611245,0.05849006247893665,0.042548148481153736,0.341594748391317,0,"[[0, 1, 2, 3, 4, 5], [0, 1, 2, 3, 4, 5], [0, 1, 2, 3, 4, 5], [0, 1, 2, 3, 4, 5]]","[true, true, true, true, true]",0,0.0,0,1,1,[],[],[],[],nan,[],nan,nan,nan,0.18527354199999024
ellipse--demand_conflict,ellipse,demand_conflict,delay_2,added_delay,2.0,0.0,2,1.0,1627,error_peak_dynamic,0.0,5.586013907965974,0.4428189826050214,0.4428189826050214,0.36210748295416306,0.07927280345176661,0.6666666666666666,0.0,1.3746793824611245,0.08309423817793433,0.060446267862960555,0.36210748295416306,1,"[[3, 4], [3, 4], [3, 4], [1, 2]]","[true, true, true, true, true]",0,0.0,0,1,1,[],[],[],[],nan,[],nan,nan,nan,0.16203987500000494
ellipse--demand_conflict,ellipse,demand_conflict,delay_2,added_delay,2.0,0.0,2,1.0,1627,dual_anchor_dynamic,0.0,5.586013907965974,0.4258088209914926,0.4258088209914926,0.34881364178476904,0.07622766931966728,0.6666666666666666,0.0,1.3746793824611245,0.06563733049926548,0.0477473739234768,0.34881364178476904,3,"[[3, 4], [1, 4], [1, 3], [2, 3]]","[true, true, true, true, true]",0,4.0,0,1,1,[],[],[],[],nan,[],nan,nan,nan,0.19796916699999656
ellipse--demand_conflict,ellipse,demand_conflict,delay_2,added_delay,2.0,0.0,2,1.0,1627,fixed_delay_dual_anchor,1.0,5.586013907965974,0.17857529075915962,0.17857529075915962,0.2772673493910655,0.03196828609833948,0.6666666666666666,0.0,1.3746793824611245,0.05707431383960958,0.04151827296444058,0.2772673493910655,2,"[[3, 4], [3, 4], [1, 4], [3, 4]]","[true, true, true, true, true]",0,4.0,0,1,1,"[[2, 5], [2, 5], [2, 5], [2, 5], [2, 5]]","[[4, 7], [4, 7], [4, 7], [4, 7], [4, 7]]","[[2, 2], [2, 2], [2, 2], [2, 2], [2, 2]]","[[4.0, 4.0], [4.0, 4.0], [4.0, 4.0], [4.0, 4.0], [4.0, 4.0]]",3.5,"[2.0, 5.0]",4.0,0.5,0.9965453083024567,0.2249798750000025
ellipse--demand_conflict,ellipse,demand_conflict,delay_2,added_delay,2.0,0.0,2,1.0,1627,delay_aware_dual_anchor,0.25,5.586013907965974,0.3365193957995595,0.3365193957995595,0.32010311098892996,0.06024320765110586,0.6666666666666666,0.0,1.3746793824611245,0.05275913764142414,0.03837923105165662,0.32010311098892996,2,"[[3, 4], [1, 4], [1, 4], [2, 3]]","[true, true, true, true, true]",0,4.0,0,1,1,"[[2, 5], [2, 5], [2, 5], [2, 5], [2, 5]]","[[4, 7], [4, 7], [4, 7], [4, 7], [4, 7]]","[[2, 2], [2, 2], [2, 2], [2, 2], [2, 2]]","[[0.5, 1.25], [0.5, 1.25], [0.5, 1.25], [0.5, 1.25], [0.5, 1.25]]",3.5,"[2.0, 5.0]",4.0,0.5,0.9965464545519682,0.2265509169999973
ellipse--demand_conflict,ellipse,demand_conflict,delay_2,added_delay,2.0,0.0,2,1.0,1657,full_trajectory,0.0,6.4029233926009255,0.42099708340690845,0.42099708340690845,0.3358650547830726,0.06575076064370897,0.8333333333333334,0.0,1.7985382624910653,0.06458596451715243,0.035910253267393735,0.3358650547830726,0,"[[0, 1, 2, 3, 4, 5], [0, 1, 2, 3, 4, 5], [0, 1, 2, 3, 4, 5], [0, 1, 2, 3, 4, 5]]","[true, true, true, true, true]",0,0.0,0,1,1,[],[],[],[],nan,[],nan,nan,nan,0.21748875000000112
ellipse--demand_conflict,ellipse,demand_conflict,delay_2,added_delay,2.0,0.0,2,1.0,1657,error_peak_dynamic,0.0,6.4029233926009255,0.5753434264560509,0.5753434264560509,0.34937117353388614,0.08985636578455784,0.8333333333333334,0.0,1.7985382624910653,0.06908196180344091,0.038410059571242564,0.34937117353388614,0,"[[3, 4], [3, 4], [3, 4], [3, 4]]","[true, true, true, true, true]",0,0.0,0,1,1,[],[],[],[],nan,[],nan,nan,nan,0.19441112500000202
ellipse--demand_conflict,ellipse,demand_conflict,delay_2,added_delay,2.0,0.0,2,1.0,1657,dual_anchor_dynamic,0.0,6.4029233926009255,0.3857613307848553,0.3857613307848553,0.33180008044373227,0.06024768799055638,0.8333333333333334,0.0,1.7985382624910653,0.05619677367472207,0.031245803798962125,0.33180008044373227,1,"[[3, 4], [1, 3], [1, 3], [1, 3]]","[true, true, true, true, true]",0,4.0,0,1,1,[],[],[],[],nan,[],nan,nan,nan,0.18333700000000874
ellipse--demand_conflict,ellipse,demand_conflict,delay_2,added_delay,2.0,0.0,2,1.0,1657,fixed_delay_dual_anchor,1.0,6.4029233926009255,0.21752814533262854,0.21752814533262854,0.30434137198708533,0.03397325440188761,0.8333333333333334,0.0,1.7985382624910653,0.05449713807843245,0.030300794381183303,0.30434137198708533,1,"[[3, 4], [3, 4], [3, 4], [1, 4]]","[true, true, true, true, true]",0,4.0,0,1,1,"[[6, 7], [6, 7], [6, 7], [6, 7], [6, 7]]","[[8, 9], [8, 9], [8, 9], [8, 9], [8, 9]]","[[2, 2], [2, 2], [2, 2], [2, 2], [2, 2]]","[[4.0, 4.0], [4.0, 4.0], [4.0, 4.0], [4.0, 4.0], [4.0, 4.0]]",6.5,"[6.0, 7.0]",6.5,0.0,0.9989931895136664,0.2108355419999981
ellipse--demand_conflict,ellipse,demand_conflict,delay_2,added_delay,2.0,0.0,2,1.0,1657,delay_aware_dual_anchor,0.25,6.4029233926009255,0.2968962579131625,0.2968962579131625,0.315450815733439,0.046368859926740516,0.8333333333333334,0.0,1.7985382624910653,0.04923413832207387,0.027374529276837364,0.315450815733439,2,"[[3, 4], [3, 4], [1, 4], [1, 3]]","[true, true, true, true, true]",0,4.0,0,1,1,"[[6, 7], [6, 7], [6, 7], [6, 7], [6, 7]]","[[8, 9], [8, 9], [8, 9], [8, 9], [8, 9]]","[[2, 2], [2, 2], [2, 2], [2, 2], [2, 2]]","[[1.5, 1.75], [1.5, 1.75], [1.5, 1.75], [1.5, 1.75], [1.5, 1.75]]",6.5,"[6.0, 7.0]",6.5,0.0,0.9989917946719356,0.19552550000000224
ellipse--demand_conflict,ellipse,demand_conflict,delay_2,added_delay,2.0,0.0,2,1.0,1669,full_trajectory,0.0,5.727406520646234,0.3526321425331165,0.3526321425331165,0.34567254617227805,0.06156925324960665,0.6666666666666666,0.0,1.4181915929509548,0.06142726941562547,0.04331380169008646,0.34567254617227805,0,"[[0, 1, 2, 3, 4, 5], [0, 1, 2, 3, 4, 5], [0, 1, 2, 3, 4, 5], [0, 1, 2, 3, 4, 5]]","[true, true, true, true, true]",0,0.0,0,1,1,[],[],[],[],nan,[],nan,nan,nan,0.18625833400000147
ellipse--demand_conflict,ellipse,demand_conflict,delay_2,added_delay,2.0,0.0,2,1.0,1669,error_peak_dynamic,0.0,5.727406520646234,0.47778917566653595,0.47778917566653595,0.3666281110769531,0.08342155807243556,0.6666666666666666,0.0,1.4181915929509548,0.08577359216841209,0.06048096223017054,0.3666281110769531,1,"[[3, 4], [3, 4], [3, 4], [1, 2]]","[true, true, true, true, true]",0,0.0,0,1,1,[],[],[],[],nan,[],nan,nan,nan,0.16843354199998828
ellipse--demand_conflict,ellipse,demand_conflict,delay_2,added_delay,2.0,0.0,2,1.0,1669,dual_anchor_dynamic,0.0,5.727406520646234,0.4072877994666071,0.4072877994666071,0.3497396952839049,0.07111208153261174,0.6666666666666666,0.0,1.4181915929509548,0.0703760315166224,0.04962378275715545,0.3497396952839049,3,"[[3, 4], [1, 4], [1, 3], [1, 2]]","[true, true, true, true, true]",0,4.0,0,1,1,[],[],[],[],nan,[],nan,nan,nan,0.18709920800000646
ellipse--demand_conflict,ellipse,demand_conflict,delay_2,added_delay,2.0,0.0,2,1.0,1669,fixed_delay_dual_anchor,1.0,5.727406520646234,0.16690257072471334,0.16690257072471334,0.2791541951831736,0.029141037941529148,0.6666666666666666,0.0,1.4181915929509548,0.054439160192684063,0.03838632273895219,0.2791541951831736,2,"[[3, 4], [3, 4], [1, 4], [1, 3]]","[true, true, true, true, true]",0,4.0,0,1,1,"[[3, 6], [3, 6], [3, 6], [3, 6], [3, 6]]","[[5, 8], [5, 8], [5, 8], [5, 8], [5, 8]]","[[2, 2], [2, 2], [2, 2], [2, 2], [2, 2]]","[[4.0, 4.0], [4.0, 4.0], [4.0, 4.0], [4.0, 4.0], [4.0, 4.0]]",4.5,"[3.0, 6.0]",5.0,0.5,0.9967272421271758,0.2229380829999883
ellipse--demand_conflict,ellipse,demand_conflict,delay_2,added_delay,2.0,0.0,2,1.0,1669,delay_aware_dual_anchor,0.25,5.727406520646234,0.3034004122866564,0.3034004122866564,0.31601886370816945,0.052973437662047276,0.6666666666666666,0.0,1.4181915929509548,0.05093051914998826,0.03591229803020669,0.31601886370816945,2,"[[3, 4], [1, 4], [1, 4], [1, 2]]","[true, true, true, true, true]",0,4.0,0,1,1,"[[3, 6], [3, 6], [3, 6], [3, 6], [3, 6]]","[[5, 8], [5, 8], [5, 8], [5, 8], [5, 8]]","[[2, 2], [2, 2], [2, 2], [2, 2], [2, 2]]","[[0.75, 1.5], [0.75, 1.5], [0.75, 1.5], [0.75, 1.5], [0.75, 1.5]]",4.5,"[3.0, 6.0]",5.0,0.5,0.9967452899790127,0.2152294170000033
rounded_square--neutral,rounded_square,neutral,delay_2,added_delay,2.0,0.0,2,1.0,1601,full_trajectory,0.0,12.691807162536332,8.341912542910453,8.341912542910453,0.6767652291409119,0.6572675140805878,0.8333333333333334,0.8333333333333334,1.910527855775238,1.0618830071752638,0.5558060846720195,0.6767652291409119,0,"[[0, 1, 2, 3, 4, 5], [0, 1, 2, 3, 4, 5], [0, 1, 2, 3, 4, 5], [0, 1, 2, 3, 4, 5]]","[true, true, true, true, true]",0,0.0,0,1,1,[],[],[],[],nan,[],nan,nan,nan,0.3319731659999974
rounded_square--neutral,rounded_square,neutral,delay_2,added_delay,2.0,0.0,2,1.0,1601,error_peak_dynamic,0.0,12.691807162536332,6.640022727591801,6.640022727591801,0.6139193996374346,0.5231739375297015,0.8333333333333334,0.8333333333333334,1.910527855775238,1.0972783268542332,0.5743325456037325,0.6139193996374346,3,"[[2, 4], [1, 4], [2, 4], [3, 4]]","[true, true, true, true, true]",0,0.0,0,1,1,[],[],[],[],nan,[],nan,nan,nan,0.29957924999999364
rounded_square--neutral,rounded_square,neutral,delay_2,added_delay,2.0,0.0,2,1.0,1601,dual_anchor_dynamic,0.0,12.691807162536332,6.552792888617468,6.640022727591801,0.6139193996374346,0.516301012511441,0.8333333333333334,0.8333333333333334,1.910527855775238,1.2470748437907915,0.6527383728120331,0.6139193996374346,3,"[[2, 4], [1, 4], [2, 4], [3, 4]]","[true, true, true, true, false]",1,2.0,0,1,1,[],[],[],[],nan,[],nan,nan,nan,0.3013278329999878
rounded_square--neutral,rounded_square,neutral,delay_2,added_delay,2.0,0.0,2,1.0,1601,fixed_delay_dual_anchor,1.0,12.691807162536332,7.894621533372948,7.894621533372948,0.7531314277550926,0.622025014426337,0.8333333333333334,0.6666666666666666,1.910527855775238,1.3564042200206816,0.7099630690651675,0.7531314277550926,3,"[[2, 4], [1, 4], [2, 4], [1, 4]]","[true, true, true, true, true]",0,4.0,0,1,1,"[[5, 6], [5, 6], [5, 6], [5, 6], [5, 6]]","[[7, 8], [7, 8], [7, 8], [7, 8], [7, 8]]","[[2, 2], [2, 2], [2, 2], [2, 2], [2, 2]]","[[4.0, 4.0], [4.0, 4.0], [4.0, 4.0], [4.0, 4.0], [4.0, 4.0]]",5.5,"[5.0, 6.0]",6.0,0.5,0.998212956374366,0.3741295419999915
rounded_square--neutral,rounded_square,neutral,delay_2,added_delay,2.0,0.0,2,1.0,1601,delay_aware_dual_anchor,0.25,12.691807162536332,6.557127358461683,6.557127358461683,0.630853549368287,0.5166425296640976,0.8333333333333334,0.6666666666666666,1.910527855775238,1.1242564337666279,0.5884533064347478,0.630853549368287,2,"[[2, 4], [1, 4], [2, 4], [2, 4]]","[true, true, true, true, true]",0,4.0,0,1,1,"[[5, 6], [5, 6], [5, 6], [5, 6], [5, 6]]","[[7, 8], [7, 8], [7, 8], [7, 8], [7, 8]]","[[2, 2], [2, 2], [2, 2], [2, 2], [2, 2]]","[[1.25, 1.5], [1.25, 1.5], [1.25, 1.5], [1.25, 1.5], [1.25, 1.5]]",5.5,"[5.0, 6.0]",6.0,0.5,0.9982205978428076,0.3417269580000095
rounded_square--neutral,rounded_square,neutral,delay_2,added_delay,2.0,0.0,2,1.0,1627,full_trajectory,0.0,11.912643915831225,5.0243444890927,5.0243444890927,0.5206657177932478,0.4217656906890025,0.8333333333333334,0.6666666666666666,2.3111724492458277,0.762688539078686,0.33000070562781386,0.5206657177932478,0,"[[0, 1, 2, 3, 4, 5], [0, 1, 2, 3, 4, 5], [0, 1, 2, 3, 4, 5], [0, 1, 2, 3, 4, 5]]","[true, true, true, true, true]",0,0.0,0,1,1,[],[],[],[],nan,[],nan,nan,nan,0.3616320830000177
rounded_square--neutral,rounded_square,neutral,delay_2,added_delay,2.0,0.0,2,1.0,1627,error_peak_dynamic,0.0,11.912643915831225,4.673339249250729,4.673339249250729,0.5137847942208237,0.392300758947401,0.8333333333333334,0.8333333333333334,2.3111724492458277,0.8658636557062466,0.37464260011787165,0.5137847942208237,2,"[[1, 4], [2, 4], [2, 4], [3, 4]]","[true, true, true, true, true]",0,0.0,0,1,1,[],[],[],[],nan,[],nan,nan,nan,0.3095030419999887
rounded_square--neutral,rounded_square,neutral,delay_2,added_delay,2.0,0.0,2,1.0,1627,dual_anchor_dynamic,0.0,11.912643915831225,4.55151102589212,4.673339249250729,0.5137847942208237,0.3820739592361542,0.8333333333333334,0.8333333333333334,2.3111724492458277,0.9821378059447964,0.4249521952657767,0.5137847942208237,2,"[[1, 4], [2, 4], [2, 4], [3, 4]]","[true, true, true, true, false]",1,2.0,0,1,1,[],[],[],[],nan,[],nan,nan,nan,0.30291020900000376
rounded_square--neutral,rounded_square,neutral,delay_2,added_delay,2.0,0.0,2,1.0,1627,fixed_delay_dual_anchor,1.0,11.912643915831225,5.147603381734906,5.147603381734906,0.6000539070689322,0.4321125871053725,0.8333333333333334,0.6666666666666666,2.3111724492458277,0.9891846069319621,0.4280012109242427,0.6000539070689322,2,"[[1, 4], [1, 4], [2, 4], [1, 4]]","[true, true, true, true, true]",0,4.0,0,1,1,"[[2, 5], [2, 5], [2, 5], [2, 5], [2, 5]]","[[4, 7], [4, 7], [4, 7], [4, 7], [4, 7]]","[[2, 2], [2, 2], [2, 2], [2, 2], [2, 2]]","[[4.0, 4.0], [4.0, 4.0], [4.0, 4.0], [4.0, 4.0], [4.0, 4.0]]",3.5,"[2.0, 5.0]",4.0,0.5,0.9916591643976402,0.40766112499997575
rounded_square--neutral,rounded_square,neutral,delay_2,added_delay,2.0,0.0,2,1.0,1627,delay_aware_dual_anchor,0.25,11.912643915831225,4.4684403821950305,4.4684403821950305,0.5124375299830308,0.37510064212166433,0.8333333333333334,0.6666666666666666,2.3111724492458277,0.8741700971143755,0.3782366380317623,0.5124375299830308,3,"[[1, 4], [2, 4], [1, 4], [2, 4]]","[true, true, true, true, true]",0,4.0,0,1,1,"[[2, 5], [2, 5], [2, 5], [2, 5], [2, 5]]","[[4, 7], [4, 7], [4, 7], [4, 7], [4, 7]]","[[2, 2], [2, 2], [2, 2], [2, 2], [2, 2]]","[[0.5, 1.25], [0.5, 1.25], [0.5, 1.25], [0.5, 1.25], [0.5, 1.25]]",3.5,"[2.0, 5.0]",4.0,0.5,0.9913692447316377,0.3545104579999929
rounded_square--neutral,rounded_square,neutral,delay_2,added_delay,2.0,0.0,2,1.0,1657,full_trajectory,0.0,16.60931979494469,12.127719821043506,12.127719821043506,0.7330751666862267,0.7301755864038918,0.8333333333333334,0.8333333333333334,2.502842323591861,1.61513443921572,0.6453200922772554,0.7330751666862267,0,"[[0, 1, 2, 3, 4, 5], [0, 1, 2, 3, 4, 5], [0, 1, 2, 3, 4, 5], [0, 1, 2, 3, 4, 5]]","[true, true, true, true, true]",0,0.0,0,1,1,[],[],[],[],nan,[],nan,nan,nan,0.3759232499999996
rounded_square--neutral,rounded_square,neutral,delay_2,added_delay,2.0,0.0,2,1.0,1657,error_peak_dynamic,0.0,16.60931979494469,9.862888720898535,9.862888720898535,0.6586467126909084,0.5938165344917052,0.8333333333333334,0.8333333333333334,2.502842323591861,1.6732382964417796,0.6685352411815115,0.6586467126909084,3,"[[2, 4], [1, 4], [2, 4], [3, 4]]","[true, true, true, true, true]",0,0.0,0,1,1,[],[],[],[],nan,[],nan,nan,nan,0.3571384999999907
rounded_square--neutral,rounded_square,neutral,delay_2,added_delay,2.0,0.0,2,1.0,1657,dual_anchor_dynamic,0.0,16.60931979494469,9.578635896998403,9.862888720898535,0.6586467126909084,0.5767024788043285,0.8333333333333334,0.8333333333333334,2.502842323591861,1.8565379788056757,0.7417718492714852,0.6586467126909084,3,"[[2, 4], [1, 4], [2, 4], [3, 4]]","[true, true, true, true, false]",1,2.0,0,1,1,[],[],[],[],nan,[],nan,nan,nan,0.3233719170000029
rounded_square--neutral,rounded_square,neutral,delay_2,added_delay,2.0,0.0,2,1.0,1657,fixed_delay_dual_anchor,1.0,16.60931979494469,11.771225431878934,11.771225431878934,0.7916630383364778,0.7087120711265789,0.8333333333333334,0.6666666666666666,2.502842323591861,1.857681684424993,0.7422288119848518,0.7916630383364778,2,"[[2, 4], [1, 4], [2, 4], [2, 4]]","[true, true, true, true, true]",0,4.0,0,1,1,"[[6, 7], [6, 7], [6, 7], [6, 7], [6, 7]]","[[8, 9], [8, 9], [8, 9], [8, 9], [8, 9]]","[[2, 2], [2, 2], [2, 2], [2, 2], [2, 2]]","[[4.0, 4.0], [4.0, 4.0], [4.0, 4.0], [4.0, 4.0], [4.0, 4.0]]",6.5,"[6.0, 7.0]",6.5,0.0,0.9976805274840828,0.39327212500000996
rounded_square--neutral,rounded_square,neutral,delay_2,added_delay,2.0,0.0,2,1.0,1657,delay_aware_dual_anchor,0.25,16.60931979494469,10.42805597126467,10.466131636517868,0.704236404892419,0.62784365043285,0.8333333333333334,0.8333333333333334,2.502842323591861,1.7245821240573078,0.6890494490209587,0.704236404892419,2,"[[2, 4], [1, 4], [2, 4], [2, 4]]","[true, true, true, true, false]",1,2.0,0,1,1,"[[6, 7], [6, 7], [6, 7], [6, 7], [6, 7]]","[[8, 9], [8, 9], [8, 9], [8, 9], [8, 9]]","[[2, 2], [2, 2], [2, 2], [2, 2], [2, 2]]","[[1.5, 1.75], [1.5, 1.75], [1.5, 1.75], [1.5, 1.75], [1.5, 1.75]]",6.5,"[6.0, 7.0]",6.5,0.0,0.9976098343971984,0.3904719999999884
rounded_square--neutral,rounded_square,neutral,delay_2,added_delay,2.0,0.0,2,1.0,1669,full_trajectory,0.0,12.757589523141768,6.526361545683775,6.526361545683775,0.5767616972223599,0.5115669800980202,0.8333333333333334,0.8333333333333334,2.3330605780888005,0.945569385641719,0.40529139899843997,0.5767616972223599,0,"[[0, 1, 2, 3, 4, 5], [0, 1, 2, 3, 4, 5], [0, 1, 2, 3, 4, 5], [0, 1, 2, 3, 4, 5]]","[true, true, true, true, true]",0,0.0,0,1,1,[],[],[],[],nan,[],nan,nan,nan,0.350033083000028
rounded_square--neutral,rounded_square,neutral,delay_2,added_delay,2.0,0.0,2,1.0,1669,error_peak_dynamic,0.0,12.757589523141768,5.920283914718464,5.920283914718464,0.5687182384102509,0.4640597586228418,0.8333333333333334,0.8333333333333334,2.3330605780888005,1.0526953646908466,0.4512079002908681,0.5687182384102509,2,"[[1, 4], [2, 4], [2, 4], [3, 4]]","[true, true, true, true, true]",0,0.0,0,1,1,[],[],[],[],nan,[],nan,nan,nan,0.3324178750000044
rounded_square--neutral,rounded_square,neutral,delay_2,added_delay,2.0,0.0,2,1.0,1669,dual_anchor_dynamic,0.0,12.757589523141768,5.749179057978385,5.920283914718464,0.5687182384102509,0.4506477534450845,0.8333333333333334,0.8333333333333334,2.3330605780888005,1.1799569529142317,0.505754957241972,0.5687182384102509,2,"[[1, 4], [2, 4], [2, 4], [3, 4]]","[true, true, true, true, false]",1,2.0,0,1,1,[],[],[],[],nan,[],nan,nan,nan,0.3207364170000062
rounded_square--neutral,rounded_square,neutral,delay_2,added_delay,2.0,0.0,2,1.0,1669,fixed_delay_dual_anchor,1.0,12.757589523141768,6.290838763960019,6.290838763960019,0.642669198350703,0.4931055943247495,0.8333333333333334,0.6666666666666666,2.3330605780888005,1.173807015145705,0.5031189614918896,0.642669198350703,2,"[[1, 4], [2, 4], [1, 4], [1, 4]]","[true, true, true, true, true]",0,4.0,0,1,1,"[[3, 6], [3, 6], [3, 6], [3, 6], [3, 6]]","[[5, 8], [5, 8], [5, 8], [5, 8], [5, 8]]","[[2, 2], [2, 2], [2, 2], [2, 2], [2, 2]]","[[4.0, 4.0], [4.0, 4.0], [4.0, 4.0], [4.0, 4.0], [4.0, 4.0]]",4.5,"[3.0, 6.0]",5.0,0.5,0.9920360748233551,0.3947923749999802
rounded_square--neutral,rounded_square,neutral,delay_2,added_delay,2.0,0.0,2,1.0,1669,delay_aware_dual_anchor,0.25,12.757589523141768,5.5359905472851505,5.675354034658482,0.5618165259339498,0.43393703310825926,0.8333333333333334,0.8333333333333334,2.3330605780888005,1.1355021833953383,0.4867006858113904,0.5618165259339498,3,"[[1, 4], [2, 4], [1, 4], [2, 4]]","[true, true, true, true, false]",1,2.0,0,1,1,"[[3, 6], [3, 6], [3, 6], [3, 6], [3, 6]]","[[5, 8], [5, 8], [5, 8], [5, 8], [5, 8]]","[[2, 2], [2, 2], [2, 2], [2, 2], [2, 2]]","[[0.75, 1.5], [0.75, 1.5], [0.75, 1.5], [0.75, 1.5], [0.75, 1.5]]",4.5,"[3.0, 6.0]",5.0,0.5,0.9920271049789549,0.36055654200001186
rounded_square--demand_aligned,rounded_square,demand_aligned,delay_2,added_delay,2.0,0.0,2,1.0,1601,full_trajectory,0.0,20.033740293378347,11.327404234925043,11.327404234925043,0.6162243627772666,0.5654163460763756,0.6666666666666666,0.8333333333333334,1.910527855775238,1.0618830071752638,0.5558060846720195,0.6162243627772666,0,"[[0, 1, 2, 3, 4, 5], [0, 1, 2, 3, 4, 5], [0, 1, 2, 3, 4, 5], [0, 1, 2, 3, 4, 5]]","[true, true, true, true, true]",0,0.0,0,1,1,[],[],[],[],nan,[],nan,nan,nan,0.3340537080000274
rounded_square--demand_aligned,rounded_square,demand_aligned,delay_2,added_delay,2.0,0.0,2,1.0,1601,error_peak_dynamic,0.0,20.033740293378347,11.051212050967871,11.051212050967871,0.5982573607330723,0.5516299946555948,0.6666666666666666,0.8333333333333334,1.910527855775238,1.2818904260361148,0.6709613901525451,0.5982573607330723,3,"[[2, 4], [1, 4], [2, 4], [3, 4]]","[true, true, true, true, true]",0,0.0,0,1,1,[],[],[],[],nan,[],nan,nan,nan,0.23615641699998946
rounded_square--demand_aligned,rounded_square,demand_aligned,delay_2,added_delay,2.0,0.0,2,1.0,1601,dual_anchor_dynamic,0.0,20.033740293378347,8.874303276882483,9.680124561399582,0.5479704438138214,0.44296787054864944,0.6666666666666666,0.8333333333333334,1.910527855775238,1.3182545756331063,0.6899949517345279,0.5479704438138214,1,"[[2, 4], [2, 4], [1, 4], [1, 4]]","[true, true, true, false, false]",2,1.0,0,1,1,[],[],[],[],nan,[],nan,nan,nan,0.2935327920000077
rounded_square--demand_aligned,rounded_square,demand_aligned,delay_2,added_delay,2.0,0.0,2,1.0,1601,fixed_delay_dual_anchor,1.0,20.033740293378347,10.888695899752188,10.888695899752188,0.6911056272255636,0.5435178723641124,0.6666666666666666,0.6666666666666666,1.910527855775238,1.3104652352452673,0.6859178898040812,0.6911056272255636,2,"[[2, 4], [1, 4], [2, 4], [2, 4]]","[true, true, true, true, true]",0,4.0,0,1,1,"[[5, 6], [5, 6], [5, 6], [5, 6], [5, 6]]","[[7, 8], [7, 8], [7, 8], [7, 8], [7, 8]]","[[2, 2], [2, 2], [2, 2], [2, 2], [2, 2]]","[[4.0, 4.0], [4.0, 4.0], [4.0, 4.0], [4.0, 4.0], [4.0, 4.0]]",5.5,"[5.0, 6.0]",6.0,0.5,0.998212956374366,0.39164304199999833
rounded_square--demand_aligned,rounded_square,demand_aligned,delay_2,added_delay,2.0,0.0,2,1.0,1601,delay_aware_dual_anchor,0.25,20.033740293378347,9.333581385770763,9.798468321303552,0.5661018512834987,0.4658931007933524,0.6666666666666666,0.6666666666666666,1.910527855775238,1.2446393636442177,0.6514636046168394,0.5661018512834987,1,"[[2, 4], [2, 4], [1, 4], [1, 4]]","[true, true, true, false, false]",2,1.0,0,1,1,"[[5, 6], [5, 6], [5, 6], [5, 6], [5, 6]]","[[7, 8], [7, 8], [7, 8], [7, 8], [7, 8]]","[[2, 2], [2, 2], [2, 2], [2, 2], [2, 2]]","[[1.25, 1.5], [1.25, 1.5], [1.25, 1.5], [1.25, 1.5], [1.25, 1.5]]",5.5,"[5.0, 6.0]",6.0,0.5,0.9982288677606892,0.3418990839999765
rounded_square--demand_aligned,rounded_square,demand_aligned,delay_2,added_delay,2.0,0.0,2,1.0,1627,full_trajectory,0.0,15.790560834955649,7.811812050789073,7.811812050789073,0.5951958952113828,0.49471403406369346,0.6666666666666666,0.6666666666666666,2.3111724492458277,0.762688539078686,0.33000070562781386,0.5951958952113828,0,"[[0, 1, 2, 3, 4, 5], [0, 1, 2, 3, 4, 5], [0, 1, 2, 3, 4, 5], [0, 1, 2, 3, 4, 5]]","[true, true, true, true, true]",0,0.0,0,1,1,[],[],[],[],nan,[],nan,nan,nan,0.3468412500000113
rounded_square--demand_aligned,rounded_square,demand_aligned,delay_2,added_delay,2.0,0.0,2,1.0,1627,error_peak_dynamic,0.0,15.790560834955649,6.278228293219153,6.278228293219153,0.622395149050797,0.3975937497622634,0.6666666666666666,0.8333333333333334,2.3111724492458277,1.2471168106421353,0.5396035293900675,0.622395149050797,3,"[[1, 4], [2, 4], [1, 4], [2, 4]]","[true, true, true, true, true]",0,0.0,0,1,1,[],[],[],[],nan,[],nan,nan,nan,0.2377025000000117
rounded_square--demand_aligned,rounded_square,demand_aligned,delay_2,added_delay,2.0,0.0,2,1.0,1627,dual_anchor_dynamic,0.0,15.790560834955649,6.006532923211663,7.219655459379942,0.5682719384004005,0.38038756102411314,0.6666666666666666,0.8333333333333334,2.3111724492458277,0.9821378059447964,0.4249521952657767,0.5682719384004005,2,"[[1, 4], [2, 4], [2, 4], [3, 4]]","[true, true, true, true, false]",1,2.0,0,1,1,[],[],[],[],nan,[],nan,nan,nan,0.29935850000001096
rounded_square--demand_aligned,rounded_square,demand_aligned,delay_2,added_delay,2.0,0.0,2,1.0,1627,fixed_delay_dual_anchor,1.0,15.790560834955649,6.922308889673079,6.922308889673079,0.6123352737824248,0.4383827124334385,0.6666666666666666,0.6666666666666666,2.3111724492458277,0.9657710572258231,0.4178706169420502,0.6123352737824248,3,"[[1, 4], [2, 4], [1, 4], [2, 4]]","[true, true, true, true, true]",0,4.0,0,1,1,"[[2, 5], [2, 5], [2, 5], [2, 5], [2, 5]]","[[4, 7], [4, 7], [4, 7], [4, 7], [4, 7]]","[[2, 2], [2, 2], [2, 2], [2, 2], [2, 2]]","[[4.0, 4.0], [4.0, 4.0], [4.0, 4.0], [4.0, 4.0], [4.0, 4.0]]",3.5,"[2.0, 5.0]",4.0,0.5,0.9915194331078898,0.3676483750000159
rounded_square--demand_aligned,rounded_square,demand_aligned,delay_2,added_delay,2.0,0.0,2,1.0,1627,delay_aware_dual_anchor,0.25,15.790560834955649,6.427315086034525,7.291995225870835,0.5762902734713313,0.4070352632318381,0.6666666666666666,0.6666666666666666,2.3111724492458277,1.0502654831054539,0.45442973476434967,0.5762902734713313,2,"[[1, 4], [2, 4], [1, 4], [1, 4]]","[true, true, true, false, false]",2,1.0,0,1,1,"[[2, 5], [2, 5], [2, 5], [2, 5], [2, 5]]","[[4, 7], [4, 7], [4, 7], [4, 7], [4, 7]]","[[2, 2], [2, 2], [2, 2], [2, 2], [2, 2]]","[[0.5, 1.25], [0.5, 1.25], [0.5, 1.25], [0.5, 1.25], [0.5, 1.25]]",3.5,"[2.0, 5.0]",4.0,0.5,0.9913692447316377,0.34823287499997946
rounded_square--demand_aligned,rounded_square,demand_aligned,delay_2,added_delay,2.0,0.0,2,1.0,1657,full_trajectory,0.0,25.255837767195835,16.372901913102396,16.372901913102396,0.6778241927300448,0.6482818770070158,0.6666666666666666,0.8333333333333334,2.502842323591861,1.61513443921572,0.6453200922772554,0.6778241927300448,0,"[[0, 1, 2, 3, 4, 5], [0, 1, 2, 3, 4, 5], [0, 1, 2, 3, 4, 5], [0, 1, 2, 3, 4, 5]]","[true, true, true, true, true]",0,0.0,0,1,1,[],[],[],[],nan,[],nan,nan,nan,0.36743220799999676
rounded_square--demand_aligned,rounded_square,demand_aligned,delay_2,added_delay,2.0,0.0,2,1.0,1657,error_peak_dynamic,0.0,25.255837767195835,14.757309143905523,14.757309143905523,0.6386403433566114,0.5843127945283769,0.6666666666666666,0.8333333333333334,2.502842323591861,2.1136765618075937,0.8445104759033439,0.6386403433566114,3,"[[2, 4], [1, 4], [2, 4], [1, 3]]","[true, true, true, true, true]",0,0.0,0,1,1,[],[],[],[],nan,[],nan,nan,nan,0.31944529099999386
rounded_square--demand_aligned,rounded_square,demand_aligned,delay_2,added_delay,2.0,0.0,2,1.0,1657,dual_anchor_dynamic,0.0,25.255837767195835,12.026738588431911,12.026738588431911,0.5831452429545438,0.4761963827647458,0.6666666666666666,0.8333333333333334,2.502842323591861,1.7485880953656712,0.6986409327041625,0.5831452429545438,0,"[[2, 4], [2, 4], [2, 4], [2, 4]]","[true, true, true, true, true]",0,4.0,0,1,1,[],[],[],[],nan,[],nan,nan,nan,0.35212104199999317
rounded_square--demand_aligned,rounded_square,demand_aligned,delay_2,added_delay,2.0,0.0,2,1.0,1657,fixed_delay_dual_anchor,1.0,25.255837767195835,17.36838787324284,17.402847063863003,0.7500819401925094,0.6876979506022245,0.6666666666666666,0.6666666666666666,2.502842323591861,1.9057770056206684,0.761445092907676,0.7500819401925094,0,"[[2, 4], [2, 4], [2, 4], [2, 4]]","[true, true, true, true, false]",1,2.0,0,1,1,"[[6, 7], [6, 7], [6, 7], [6, 7], [6, 7]]","[[8, 9], [8, 9], [8, 9], [8, 9], [8, 9]]","[[2, 2], [2, 2], [2, 2], [2, 2], [2, 2]]","[[4.0, 4.0], [4.0, 4.0], [4.0, 4.0], [4.0, 4.0], [4.0, 4.0]]",6.5,"[6.0, 7.0]",6.5,0.0,0.9976404044849667,0.41404987499998924
rounded_square--demand_aligned,rounded_square,demand_aligned,delay_2,added_delay,2.0,0.0,2,1.0,1657,delay_aware_dual_anchor,0.25,25.255837767195835,13.870535941053456,13.870535941053456,0.6378561205849858,0.5492011814816747,0.6666666666666666,0.8333333333333334,2.502842323591861,1.6967314209676496,0.6779218191150965,0.6378561205849858,2,"[[2, 4], [2, 4], [1, 4], [2, 4]]","[true, true, true, true, true]",0,4.0,0,1,1,"[[6, 7], [6, 7], [6, 7], [6, 7], [6, 7]]","[[8, 9], [8, 9], [8, 9], [8, 9], [8, 9]]","[[2, 2], [2, 2], [2, 2], [2, 2], [2, 2]]","[[1.5, 1.75], [1.5, 1.75], [1.5, 1.75], [1.5, 1.75], [1.5, 1.75]]",6.5,"[6.0, 7.0]",6.5,0.0,0.9976006640987485,0.3453482500000007
rounded_square--demand_aligned,rounded_square,demand_aligned,delay_2,added_delay,2.0,0.0,2,1.0,1669,full_trajectory,0.0,17.003548908624825,9.541243099221527,9.541243099221527,0.6418759689665304,0.5611324524365533,0.6666666666666666,0.6666666666666666,2.3330605780888005,0.945569385641719,0.40529139899843997,0.6418759689665304,0,"[[0, 1, 2, 3, 4, 5], [0, 1, 2, 3, 4, 5], [0, 1, 2, 3, 4, 5], [0, 1, 2, 3, 4, 5]]","[true, true, true, true, true]",0,0.0,0,1,1,[],[],[],[],nan,[],nan,nan,nan,0.34121108299999037
rounded_square--demand_aligned,rounded_square,demand_aligned,delay_2,added_delay,2.0,0.0,2,1.0,1669,error_peak_dynamic,0.0,17.003548908624825,7.4506992623965616,7.4506992623965616,0.6537299010357022,0.43818495200241947,0.6666666666666666,0.8333333333333334,2.3330605780888005,1.5091310014756636,0.6468460423397645,0.6537299010357022,3,"[[1, 4], [2, 4], [1, 4], [2, 4]]","[true, true, true, true, true]",0,0.0,0,1,1,[],[],[],[],nan,[],nan,nan,nan,0.2574479589999896
rounded_square--demand_aligned,rounded_square,demand_aligned,delay_2,added_delay,2.0,0.0,2,1.0,1669,dual_anchor_dynamic,0.0,17.003548908624825,7.547751734446918,8.698086183246122,0.6148550318901381,0.4438927293947689,0.6666666666666666,0.8333333333333334,2.3330605780888005,1.1799569529142317,0.505754957241972,0.6148550318901381,2,"[[1, 4], [2, 4], [2, 4], [3, 4]]","[true, true, true, true, false]",1,2.0,0,1,1,[],[],[],[],nan,[],nan,nan,nan,0.31762454200000434
rounded_square--demand_aligned,rounded_square,demand_aligned,delay_2,added_delay,2.0,0.0,2,1.0,1669,fixed_delay_dual_anchor,1.0,17.003548908624825,8.286544886217191,8.286544886217191,0.653051170025733,0.48734207962985604,0.6666666666666666,0.6666666666666666,2.3330605780888005,1.1220926590359486,0.48095307493264744,0.653051170025733,3,"[[1, 4], [2, 4], [1, 4], [2, 4]]","[true, true, true, true, true]",0,4.0,0,1,1,"[[3, 6], [3, 6], [3, 6], [3, 6], [3, 6]]","[[5, 8], [5, 8], [5, 8], [5, 8], [5, 8]]","[[2, 2], [2, 2], [2, 2], [2, 2], [2, 2]]","[[4.0, 4.0], [4.0, 4.0], [4.0, 4.0], [4.0, 4.0], [4.0, 4.0]]",4.5,"[3.0, 6.0]",5.0,0.5,0.9920360748233551,0.41229429099999493
rounded_square--demand_aligned,rounded_square,demand_aligned,delay_2,added_delay,2.0,0.0,2,1.0,1669,delay_aware_dual_anchor,0.25,17.003548908624825,7.976349825642445,8.615913983249637,0.6206684624031491,0.4690991197488512,0.6666666666666666,0.8333333333333334,2.3330605780888005,1.199588759187927,0.5141695721294163,0.6206684624031491,2,"[[1, 4], [2, 4], [1, 4], [1, 4]]","[true, true, true, false, false]",2,1.0,0,1,1,"[[3, 6], [3, 6], [3, 6], [3, 6], [3, 6]]","[[5, 8], [5, 8], [5, 8], [5, 8], [5, 8]]","[[2, 2], [2, 2], [2, 2], [2, 2], [2, 2]]","[[0.75, 1.5], [0.75, 1.5], [0.75, 1.5], [0.75, 1.5], [0.75, 1.5]]",4.5,"[3.0, 6.0]",5.0,0.5,0.9920271049789549,0.3672339580000141
rounded_square--demand_conflict,rounded_square,demand_conflict,delay_2,added_delay,2.0,0.0,2,1.0,1601,full_trajectory,0.0,9.27822822332519,5.609334634048531,5.609334634048531,0.635736023798062,0.6045695901235573,1.0,0.8333333333333334,1.910527855775238,1.0618830071752638,0.5558060846720195,0.635736023798062,0,"[[0, 1, 2, 3, 4, 5], [0, 1, 2, 3, 4, 5], [0, 1, 2, 3, 4, 5], [0, 1, 2, 3, 4, 5]]","[true, true, true, true, true]",0,0.0,0,1,1,[],[],[],[],nan,[],nan,nan,nan,0.33110916699999393
rounded_square--demand_conflict,rounded_square,demand_conflict,delay_2,added_delay,2.0,0.0,2,1.0,1601,error_peak_dynamic,0.0,9.27822822332519,4.386936833278655,4.386936833278655,0.7157432998245417,0.47282053509419253,1.0,0.8333333333333334,1.910527855775238,1.147583643078152,0.6006631306678829,0.7157432998245417,3,"[[2, 4], [1, 4], [2, 4], [3, 4]]","[true, true, true, true, true]",0,0.0,0,1,1,[],[],[],[],nan,[],nan,nan,nan,0.2682268750000105
rounded_square--demand_conflict,rounded_square,demand_conflict,delay_2,added_delay,2.0,0.0,2,1.0,1601,dual_anchor_dynamic,0.0,9.27822822332519,4.830555538312788,4.85955664961566,0.6802018507023782,0.5206334034949598,1.0,0.8333333333333334,1.910527855775238,1.1681457659315408,0.6114256656349772,0.6802018507023782,3,"[[1, 2], [2, 4], [3, 4], [2, 4]]","[true, true, true, true, false]",1,2.0,0,1,1,[],[],[],[],nan,[],nan,nan,nan,0.32021104200001105
rounded_square--demand_conflict,rounded_square,demand_conflict,delay_2,added_delay,2.0,0.0,2,1.0,1601,fixed_delay_dual_anchor,1.0,9.27822822332519,5.607407576661743,5.607407576661743,0.7453170223342965,0.6043618934232385,1.0,0.6666666666666666,1.910527855775238,1.3611215427045755,0.7124321891408754,0.7453170223342965,2,"[[1, 2], [2, 4], [1, 4], [1, 4]]","[true, true, true, true, true]",0,4.0,0,1,1,"[[5, 6], [5, 6], [5, 6], [5, 6], [5, 6]]","[[7, 8], [7, 8], [7, 8], [7, 8], [7, 8]]","[[2, 2], [2, 2], [2, 2], [2, 2], [2, 2]]","[[4.0, 4.0], [4.0, 4.0], [4.0, 4.0], [4.0, 4.0], [4.0, 4.0]]",5.5,"[5.0, 6.0]",6.0,0.5,0.9981743709003954,0.3661289169999975
rounded_square--demand_conflict,rounded_square,demand_conflict,delay_2,added_delay,2.0,0.0,2,1.0,1601,delay_aware_dual_anchor,0.25,9.27822822332519,4.722503969753101,4.742290201814596,0.6543651154028918,0.5089876920553502,1.0,0.8333333333333334,1.910527855775238,1.0706573613238117,0.560398718127755,0.6543651154028918,3,"[[1, 2], [2, 4], [3, 4], [2, 4]]","[true, true, true, true, false]",1,2.0,0,1,1,"[[5, 6], [5, 6], [5, 6], [5, 6], [5, 6]]","[[7, 8], [7, 8], [7, 8], [7, 8], [7, 8]]","[[2, 2], [2, 2], [2, 2], [2, 2], [2, 2]]","[[1.25, 1.5], [1.25, 1.5], [1.25, 1.5], [1.25, 1.5], [1.25, 1.5]]",5.5,"[5.0, 6.0]",6.0,0.5,0.998209294181214,0.33114195800001767
rounded_square--demand_conflict,rounded_square,demand_conflict,delay_2,added_delay,2.0,0.0,2,1.0,1627,full_trajectory,0.0,8.666192373620627,3.329066977302592,3.329066977302592,0.47865068584065584,0.38414413548400717,1.0,0.8333333333333334,2.3111724492458277,0.762688539078686,0.33000070562781386,0.47865068584065584,0,"[[0, 1, 2, 3, 4, 5], [0, 1, 2, 3, 4, 5], [0, 1, 2, 3, 4, 5], [0, 1, 2, 3, 4, 5]]","[true, true, true, true, true]",0,0.0,0,1,1,[],[],[],[],nan,[],nan,nan,nan,0.34035720800000036
rounded_square--demand_conflict,rounded_square,demand_conflict,delay_2,added_delay,2.0,0.0,2,1.0,1627,error_peak_dynamic,0.0,8.666192373620627,3.1079513226958317,3.1079513226958317,0.5037040280616377,0.3586293943988885,1.0,0.8333333333333334,2.3111724492458277,0.9281838735106157,0.40160736331618047,0.5037040280616377,2,"[[1, 4], [2, 4], [2, 4], [3, 4]]","[true, true, true, true, true]",0,0.0,0,1,1,[],[],[],[],nan,[],nan,nan,nan,0.28141237500000216
rounded_square--demand_conflict,rounded_square,demand_conflict,delay_2,added_delay,2.0,0.0,2,1.0,1627,dual_anchor_dynamic,0.0,8.666192373620627,3.2747356159934196,3.6697563767873578,0.5006659370867741,0.3778747891590221,1.0,0.8333333333333334,2.3111724492458277,1.1251748476544117,0.48684158035094877,0.5006659370867741,1,"[[1, 4], [2, 4], [2, 4], [2, 4]]","[true, true, true, false, false]",2,1.0,0,1,1,[],[],[],[],nan,[],nan,nan,nan,0.31813512499999774
rounded_square--demand_conflict,rounded_square,demand_conflict,delay_2,added_delay,2.0,0.0,2,1.0,1627,fixed_delay_dual_anchor,1.0,8.666192373620627,3.6482633580418367,3.717977736548401,0.5671245640227579,0.42097650280034554,1.0,0.6666666666666666,2.3111724492458277,1.0877021318578994,0.47062785479847424,0.5671245640227579,1,"[[1, 4], [1, 4], [1, 4], [1, 2]]","[true, true, true, true, false]",1,2.0,0,1,1,"[[2, 5], [2, 5], [2, 5], [2, 5], [2, 5]]","[[4, 7], [4, 7], [4, 7], [4, 7], [4, 7]]","[[2, 2], [2, 2], [2, 2], [2, 2], [2, 2]]","[[4.0, 4.0], [4.0, 4.0], [4.0, 4.0], [4.0, 4.0], [4.0, 4.0]]",3.5,"[2.0, 5.0]",4.0,0.5,0.9916591643976402,0.3501937499999883
rounded_square--demand_conflict,rounded_square,demand_conflict,delay_2,added_delay,2.0,0.0,2,1.0,1627,delay_aware_dual_anchor,0.25,8.666192373620627,3.160245892789061,3.405925294269511,0.4822473223000216,0.36466371349067456,1.0,0.8333333333333334,2.3111724492458277,0.958206248409837,0.41459746922931473,0.4822473223000216,3,"[[1, 4], [2, 4], [1, 4], [2, 3]]","[true, true, true, true, false]",1,2.0,0,1,1,"[[2, 5], [2, 5], [2, 5], [2, 5], [2, 5]]","[[4, 7], [4, 7], [4, 7], [4, 7], [4, 7]]","[[2, 2], [2, 2], [2, 2], [2, 2], [2, 2]]","[[0.5, 1.25], [0.5, 1.25], [0.5, 1.25], [0.5, 1.25], [0.5, 1.25]]",3.5,"[2.0, 5.0]",4.0,0.5,0.9913692447316377,0.33929095900001016
rounded_square--demand_conflict,rounded_square,demand_conflict,delay_2,added_delay,2.0,0.0,2,1.0,1657,full_trajectory,0.0,12.06123784694844,8.249517664202813,8.249517664202813,0.6967229734224103,0.6839694042092028,1.0,0.8333333333333334,2.502842323591861,1.61513443921572,0.6453200922772554,0.6967229734224103,0,"[[0, 1, 2, 3, 4, 5], [0, 1, 2, 3, 4, 5], [0, 1, 2, 3, 4, 5], [0, 1, 2, 3, 4, 5]]","[true, true, true, true, true]",0,0.0,0,1,1,[],[],[],[],nan,[],nan,nan,nan,0.35366404199999124
rounded_square--demand_conflict,rounded_square,demand_conflict,delay_2,added_delay,2.0,0.0,2,1.0,1657,error_peak_dynamic,0.0,12.06123784694844,6.633354065827279,6.633354065827279,0.7550996143209557,0.5499729090829225,1.0,0.8333333333333334,2.502842323591861,1.7718916162761313,0.7079517553200343,0.7550996143209557,3,"[[2, 4], [1, 4], [2, 4], [3, 4]]","[true, true, true, true, true]",0,0.0,0,1,1,[],[],[],[],nan,[],nan,nan,nan,0.3184894999999983
rounded_square--demand_conflict,rounded_square,demand_conflict,delay_2,added_delay,2.0,0.0,2,1.0,1657,dual_anchor_dynamic,0.0,12.06123784694844,7.652721913511122,7.652721913511122,0.7420057119523956,0.6344889314530269,1.0,0.8333333333333334,2.502842323591861,1.934758240615784,0.7730244220255903,0.7420057119523956,1,"[[1, 4], [1, 2], [1, 2], [1, 2]]","[true, true, false, false, true]",2,1.15,0,1,1,[],[],[],[],nan,[],nan,nan,nan,0.37794437499999844
rounded_square--demand_conflict,rounded_square,demand_conflict,delay_2,added_delay,2.0,0.0,2,1.0,1657,fixed_delay_dual_anchor,1.0,12.06123784694844,9.087672798468898,9.087672798468898,0.7944750953795358,0.7534610388906416,1.0,0.8333333333333334,2.502842323591861,2.0492338031527844,0.818762645907275,0.7944750953795358,1,"[[1, 4], [1, 2], [1, 2], [1, 2]]","[true, true, false, false, true]",2,1.15,0,1,1,"[[6, 7], [6, 7], [6, 7], [6, 7], [6, 7]]","[[8, 9], [8, 9], [8, 9], [8, 9], [8, 9]]","[[2, 2], [2, 2], [2, 2], [2, 2], [2, 2]]","[[4.0, 4.0], [4.0, 4.0], [4.0, 4.0], [4.0, 4.0], [4.0, 4.0]]",6.5,"[6.0, 7.0]",6.5,0.0,0.9976530133646746,0.42924120800000765
rounded_square--demand_conflict,rounded_square,demand_conflict,delay_2,added_delay,2.0,0.0,2,1.0,1657,delay_aware_dual_anchor,0.25,12.06123784694844,7.501657930240446,7.95212489012653,0.700120830686761,0.6219641819051274,1.0,0.8333333333333334,2.502842323591861,1.8077870317285043,0.7222936158176061,0.700120830686761,2,"[[1, 4], [1, 2], [2, 4], [2, 4]]","[true, true, true, false, false]",2,1.0,0,1,1,"[[6, 7], [6, 7], [6, 7], [6, 7], [6, 7]]","[[8, 9], [8, 9], [8, 9], [8, 9], [8, 9]]","[[2, 2], [2, 2], [2, 2], [2, 2], [2, 2]]","[[1.5, 1.75], [1.5, 1.75], [1.5, 1.75], [1.5, 1.75], [1.5, 1.75]]",6.5,"[6.0, 7.0]",6.5,0.0,0.9975594881730945,0.45738337500000625
rounded_square--demand_conflict,rounded_square,demand_conflict,delay_2,added_delay,2.0,0.0,2,1.0,1669,full_trajectory,0.0,9.271145082692154,4.348328640032948,4.348328640032948,0.5393827886921658,0.4690174300206594,1.0,0.8333333333333334,2.3330605780888005,0.945569385641719,0.40529139899843997,0.5393827886921658,0,"[[0, 1, 2, 3, 4, 5], [0, 1, 2, 3, 4, 5], [0, 1, 2, 3, 4, 5], [0, 1, 2, 3, 4, 5]]","[true, true, true, true, true]",0,0.0,0,1,1,[],[],[],[],nan,[],nan,nan,nan,0.3653724160000138
rounded_square--demand_conflict,rounded_square,demand_conflict,delay_2,added_delay,2.0,0.0,2,1.0,1669,error_peak_dynamic,0.0,9.271145082692154,3.941299006546724,3.941299006546724,0.5700757253123029,0.4251145863205767,1.0,0.8333333333333334,2.3330605780888005,1.1183080624568584,0.47933091534766553,0.5700757253123029,2,"[[1, 4], [2, 4], [2, 4], [3, 4]]","[true, true, true, true, true]",0,0.0,0,1,1,[],[],[],[],nan,[],nan,nan,nan,0.2809176670000113
rounded_square--demand_conflict,rounded_square,demand_conflict,delay_2,added_delay,2.0,0.0,2,1.0,1669,dual_anchor_dynamic,0.0,9.271145082692154,4.20507751164195,4.725977275893933,0.5637222502926866,0.4535661424921721,1.0,0.8333333333333334,2.3330605780888005,1.3013218537720126,0.5577745670187574,0.5637222502926866,1,"[[1, 4], [2, 4], [2, 4], [2, 4]]","[true, true, true, false, false]",2,1.0,0,1,1,[],[],[],[],nan,[],nan,nan,nan,0.3400848750000023
rounded_square--demand_conflict,rounded_square,demand_conflict,delay_2,added_delay,2.0,0.0,2,1.0,1669,fixed_delay_dual_anchor,1.0,9.271145082692154,4.765158104270215,4.765158104270215,0.6199259718221037,0.5139772985718943,1.0,0.6666666666666666,2.3330605780888005,1.1405518059111166,0.4888650627517933,0.6199259718221037,2,"[[1, 4], [1, 4], [1, 2], [2, 4]]","[true, true, true, true, true]",0,4.0,0,1,1,"[[3, 6], [3, 6], [3, 6], [3, 6], [3, 6]]","[[5, 8], [5, 8], [5, 8], [5, 8], [5, 8]]","[[2, 2], [2, 2], [2, 2], [2, 2], [2, 2]]","[[4.0, 4.0], [4.0, 4.0], [4.0, 4.0], [4.0, 4.0], [4.0, 4.0]]",4.5,"[3.0, 6.0]",5.0,0.5,0.9921716437930739,0.36777804199999764
rounded_square--demand_conflict,rounded_square,demand_conflict,delay_2,added_delay,2.0,0.0,2,1.0,1669,delay_aware_dual_anchor,0.25,9.271145082692154,3.8926070419042302,3.8926070419042302,0.533567668172761,0.4198625959560429,1.0,0.8333333333333334,2.3330605780888005,1.0300755825906796,0.44151257462611543,0.533567668172761,3,"[[1, 4], [2, 4], [1, 4], [3, 4]]","[true, true, true, true, true]",0,4.0,0,1,1,"[[3, 6], [3, 6], [3, 6], [3, 6], [3, 6]]","[[5, 8], [5, 8], [5, 8], [5, 8], [5, 8]]","[[2, 2], [2, 2], [2, 2], [2, 2], [2, 2]]","[[0.75, 1.5], [0.75, 1.5], [0.75, 1.5], [0.75, 1.5], [0.75, 1.5]]",4.5,"[3.0, 6.0]",5.0,0.5,0.9920271049789549,0.3379238340000086
figure_eight--neutral,figure_eight,neutral,delay_2,added_delay,2.0,0.0,2,1.0,1601,full_trajectory,0.0,13.465538329609789,5.902913217324632,5.902913217324632,0.5656480240372133,0.43837186994184507,0.8333333333333334,0.6666666666666666,2.5056726641774163,0.8209475836771853,0.327635606762982,0.5656480240372133,0,"[[0, 1, 2, 3, 4, 5], [0, 1, 2, 3, 4, 5], [0, 1, 2, 3, 4, 5], [0, 1, 2, 3, 4, 5]]","[true, true, true, true, true]",0,0.0,0,1,1,[],[],[],[],nan,[],nan,nan,nan,0.29799474999998665
figure_eight--neutral,figure_eight,neutral,delay_2,added_delay,2.0,0.0,2,1.0,1601,error_peak_dynamic,0.0,13.465538329609789,5.4732088280915745,5.4732088280915745,0.5592205982144516,0.40646045439240747,0.8333333333333334,0.6666666666666666,2.5056726641774163,0.8692355632137456,0.3469070703611262,0.5592205982144516,1,"[[2, 4], [2, 4], [3, 4], [3, 4]]","[true, true, true, true, true]",0,0.0,0,1,1,[],[],[],[],nan,[],nan,nan,nan,0.3002341670000135
figure_eight--neutral,figure_eight,neutral,delay_2,added_delay,2.0,0.0,2,1.0,1601,dual_anchor_dynamic,0.0,13.465538329609789,5.4732088280915745,5.4732088280915745,0.5592205982144516,0.40646045439240747,0.8333333333333334,0.6666666666666666,2.5056726641774163,0.8692355632137456,0.3469070703611262,0.5592205982144516,1,"[[2, 4], [2, 4], [3, 4], [3, 4]]","[true, true, true, true, true]",0,4.0,0,1,1,[],[],[],[],nan,[],nan,nan,nan,0.30676312500000336
figure_eight--neutral,figure_eight,neutral,delay_2,added_delay,2.0,0.0,2,1.0,1601,fixed_delay_dual_anchor,1.0,13.465538329609789,7.442080418362475,7.442080418362475,0.6492332151701086,0.5526760413282441,0.8333333333333334,0.6666666666666666,2.5056726641774163,1.0125507210101925,0.404103351361979,0.6492332151701086,0,"[[2, 4], [2, 4], [2, 4], [2, 4]]","[true, true, true, true, true]",0,4.0,0,1,1,"[[5, 6], [5, 6], [5, 6], [5, 6], [5, 6]]","[[7, 8], [7, 8], [7, 8], [7, 8], [7, 8]]","[[2, 2], [2, 2], [2, 2], [2, 2], [2, 2]]","[[4.0, 4.0], [4.0, 4.0], [4.0, 4.0], [4.0, 4.0], [4.0, 4.0]]",5.5,"[5.0, 6.0]",6.0,0.5,0.9989637230832629,0.3152762500000108
figure_eight--neutral,figure_eight,neutral,delay_2,added_delay,2.0,0.0,2,1.0,1601,delay_aware_dual_anchor,0.25,13.465538329609789,5.611310360156074,5.611310360156074,0.5529686007664784,0.41671637797184763,0.8333333333333334,0.6666666666666666,2.5056726641774163,0.8946621310155484,0.35705467190753576,0.5529686007664784,0,"[[2, 4], [2, 4], [2, 4], [2, 4]]","[true, true, true, true, true]",0,4.0,0,1,1,"[[5, 6], [5, 6], [5, 6], [5, 6], [5, 6]]","[[7, 8], [7, 8], [7, 8], [7, 8], [7, 8]]","[[2, 2], [2, 2], [2, 2], [2, 2], [2, 2]]","[[1.25, 1.5], [1.25, 1.5], [1.25, 1.5], [1.25, 1.5], [1.25, 1.5]]",5.5,"[5.0, 6.0]",6.0,0.5,0.9989773840813361,0.32233670900001243
figure_eight--neutral,figure_eight,neutral,delay_2,added_delay,2.0,0.0,2,1.0,1627,full_trajectory,0.0,12.19274779341291,4.028588163484558,4.028588163484558,0.5081428545555194,0.33040855365358984,1.0,0.5,2.408464024723721,0.6202457052185625,0.25752749422516785,0.5081428545555194,0,"[[0, 1, 2, 3, 4, 5], [0, 1, 2, 3, 4, 5], [0, 1, 2, 3, 4, 5], [0, 1, 2, 3, 4, 5]]","[true, true, true, true, true]",0,0.0,0,1,1,[],[],[],[],nan,[],nan,nan,nan,0.3465759579999883
figure_eight--neutral,figure_eight,neutral,delay_2,added_delay,2.0,0.0,2,1.0,1627,error_peak_dynamic,0.0,12.19274779341291,3.725660221995643,3.725660221995643,0.5050792870754848,0.305563625617551,1.0,0.5,2.408464024723721,0.6710205519685798,0.2786093315408993,0.5050792870754848,1,"[[2, 4], [3, 4], [3, 4], [3, 4]]","[true, true, true, true, true]",0,0.0,0,1,1,[],[],[],[],nan,[],nan,nan,nan,0.2984179999999981
figure_eight--neutral,figure_eight,neutral,delay_2,added_delay,2.0,0.0,2,1.0,1627,dual_anchor_dynamic,0.0,12.19274779341291,3.725660221995643,3.725660221995643,0.5050792870754848,0.305563625617551,1.0,0.5,2.408464024723721,0.6710205519685798,0.2786093315408993,0.5050792870754848,1,"[[2, 4], [3, 4], [3, 4], [3, 4]]","[true, true, true, true, true]",0,4.0,0,1,1,[],[],[],[],nan,[],nan,nan,nan,0.2935152080000023
figure_eight--neutral,figure_eight,neutral,delay_2,added_delay,2.0,0.0,2,1.0,1627,fixed_delay_dual_anchor,1.0,12.19274779341291,3.8556706590569467,3.8556706590569467,0.4906439153425354,0.3162265573261476,1.0,0.6666666666666666,2.408464024723721,0.613641238502741,0.254785303912992,0.4906439153425354,1,"[[2, 4], [2, 4], [2, 4], [1, 4]]","[true, true, true, true, true]",0,4.0,0,1,1,"[[2, 5], [2, 5], [2, 5], [2, 5], [2, 5]]","[[4, 7], [4, 7], [4, 7], [4, 7], [4, 7]]","[[2, 2], [2, 2], [2, 2], [2, 2], [2, 2]]","[[4.0, 4.0], [4.0, 4.0], [4.0, 4.0], [4.0, 4.0], [4.0, 4.0]]",3.5,"[2.0, 5.0]",4.0,0.5,0.9937435407561364,0.34374237500000504
figure_eight--neutral,figure_eight,neutral,delay_2,added_delay,2.0,0.0,2,1.0,1627,delay_aware_dual_anchor,0.25,12.19274779341291,3.8851454853993515,3.971232216952723,0.48893316449816226,0.31864396370917214,1.0,0.5,2.408464024723721,0.6742630924901779,0.27995564208916257,0.48893316449816226,2,"[[2, 4], [3, 4], [3, 4], [2, 4]]","[true, true, true, true, false]",1,2.0,0,1,1,"[[2, 5], [2, 5], [2, 5], [2, 5], [2, 5]]","[[4, 7], [4, 7], [4, 7], [4, 7], [4, 7]]","[[2, 2], [2, 2], [2, 2], [2, 2], [2, 2]]","[[0.5, 1.25], [0.5, 1.25], [0.5, 1.25], [0.5, 1.25], [0.5, 1.25]]",3.5,"[2.0, 5.0]",4.0,0.5,0.993874395027061,0.3325688339999999
figure_eight--neutral,figure_eight,neutral,delay_2,added_delay,2.0,0.0,2,1.0,1657,full_trajectory,0.0,17.628396146524956,10.723129966707294,10.723129966707294,0.696696238272789,0.6082873267413564,0.8333333333333334,0.6666666666666666,3.258463582282828,1.5796143098810056,0.48477273720958786,0.696696238272789,0,"[[0, 1, 2, 3, 4, 5], [0, 1, 2, 3, 4, 5], [0, 1, 2, 3, 4, 5], [0, 1, 2, 3, 4, 5]]","[true, true, true, true, true]",0,0.0,0,1,1,[],[],[],[],nan,[],nan,nan,nan,0.3377927499999771
figure_eight--neutral,figure_eight,neutral,delay_2,added_delay,2.0,0.0,2,1.0,1657,error_peak_dynamic,0.0,17.628396146524956,10.413954448782498,10.413954448782498,0.6808150487252593,0.590748832861654,0.8333333333333334,0.8333333333333334,3.258463582282828,1.7488558894546444,0.5367118107330276,0.6808150487252593,2,"[[2, 4], [2, 4], [3, 4], [2, 4]]","[true, true, true, true, true]",0,0.0,0,1,1,[],[],[],[],nan,[],nan,nan,nan,0.3696782080000105
figure_eight--neutral,figure_eight,neutral,delay_2,added_delay,2.0,0.0,2,1.0,1657,dual_anchor_dynamic,0.0,17.628396146524956,10.388490310223041,10.413954448782498,0.6808150487252593,0.589304337381305,0.8333333333333334,0.8333333333333334,3.258463582282828,1.6894649950606182,0.5184851548584765,0.6808150487252593,2,"[[2, 4], [2, 4], [3, 4], [2, 4]]","[true, true, true, true, false]",1,2.0,0,1,1,[],[],[],[],nan,[],nan,nan,nan,0.373293541999999
figure_eight--neutral,figure_eight,neutral,delay_2,added_delay,2.0,0.0,2,1.0,1657,fixed_delay_dual_anchor,1.0,17.628396146524956,12.177567435471516,12.177567435471516,0.7641412933409834,0.6907927036727077,0.8333333333333334,0.8333333333333334,3.258463582282828,1.7034224764839971,0.5227686096435076,0.7641412933409834,0,"[[2, 4], [2, 4], [2, 4], [2, 4]]","[true, true, true, true, true]",0,4.0,0,1,1,"[[6, 7], [6, 7], [6, 7], [6, 7], [6, 7]]","[[8, 9], [8, 9], [8, 9], [8, 9], [8, 9]]","[[2, 2], [2, 2], [2, 2], [2, 2], [2, 2]]","[[4.0, 4.0], [4.0, 4.0], [4.0, 4.0], [4.0, 4.0], [4.0, 4.0]]",6.5,"[6.0, 7.0]",6.5,0.0,0.9981869221872339,0.37452879199997824
figure_eight--neutral,figure_eight,neutral,delay_2,added_delay,2.0,0.0,2,1.0,1657,delay_aware_dual_anchor,0.25,17.628396146524956,10.197932470727675,10.197932470727675,0.6786375747425306,0.578494627983384,0.8333333333333334,0.8333333333333334,3.258463582282828,1.551191906637402,0.47605009768151574,0.6786375747425306,0,"[[2, 4], [2, 4], [2, 4], [2, 4]]","[true, true, true, true, true]",0,4.0,0,1,1,"[[6, 7], [6, 7], [6, 7], [6, 7], [6, 7]]","[[8, 9], [8, 9], [8, 9], [8, 9], [8, 9]]","[[2, 2], [2, 2], [2, 2], [2, 2], [2, 2]]","[[1.5, 1.75], [1.5, 1.75], [1.5, 1.75], [1.5, 1.75], [1.5, 1.75]]",6.5,"[6.0, 7.0]",6.5,0.0,0.9982078944283896,0.37675733300000047
figure_eight--neutral,figure_eight,neutral,delay_2,added_delay,2.0,0.0,2,1.0,1669,full_trajectory,0.0,13.1187734577847,5.3643440593974026,5.3643440593974026,0.5690759443392118,0.4089059146161406,1.0,0.6666666666666666,2.5560298506885184,0.8042038980173183,0.31463008845561397,0.5690759443392118,0,"[[0, 1, 2, 3, 4, 5], [0, 1, 2, 3, 4, 5], [0, 1, 2, 3, 4, 5], [0, 1, 2, 3, 4, 5]]","[true, true, true, true, true]",0,0.0,0,1,1,[],[],[],[],nan,[],nan,nan,nan,0.3248274169999945
figure_eight--neutral,figure_eight,neutral,delay_2,added_delay,2.0,0.0,2,1.0,1669,error_peak_dynamic,0.0,13.1187734577847,4.935366547956728,4.935366547956728,0.5607180929845911,0.3762064009900311,1.0,0.6666666666666666,2.5560298506885184,0.8641447891523774,0.33808086745137284,0.5607180929845911,1,"[[2, 4], [3, 4], [3, 4], [3, 4]]","[true, true, true, true, true]",0,0.0,0,1,1,[],[],[],[],nan,[],nan,nan,nan,0.3081242909999844
figure_eight--neutral,figure_eight,neutral,delay_2,added_delay,2.0,0.0,2,1.0,1669,dual_anchor_dynamic,0.0,13.1187734577847,4.935366547956728,4.935366547956728,0.5607180929845911,0.3762064009900311,1.0,0.6666666666666666,2.5560298506885184,0.8641447891523774,0.33808086745137284,0.5607180929845911,1,"[[2, 4], [3, 4], [3, 4], [3, 4]]","[true, true, true, true, true]",0,4.0,0,1,1,[],[],[],[],nan,[],nan,nan,nan,0.31110087499999395
figure_eight--neutral,figure_eight,neutral,delay_2,added_delay,2.0,0.0,2,1.0,1669,fixed_delay_dual_anchor,1.0,13.1187734577847,5.4806036298839,5.4806036298839,0.544189094549741,0.4177679908506768,1.0,0.6666666666666666,2.5560298506885184,0.8519435564422859,0.3333073579765892,0.544189094549741,0,"[[2, 4], [2, 4], [2, 4], [2, 4]]","[true, true, true, true, true]",0,4.0,0,1,1,"[[3, 6], [3, 6], [3, 6], [3, 6], [3, 6]]","[[5, 8], [5, 8], [5, 8], [5, 8], [5, 8]]","[[2, 2], [2, 2], [2, 2], [2, 2], [2, 2]]","[[4.0, 4.0], [4.0, 4.0], [4.0, 4.0], [4.0, 4.0], [4.0, 4.0]]",4.5,"[3.0, 6.0]",5.0,0.5,0.9944740057690138,0.3348878749999926
figure_eight--neutral,figure_eight,neutral,delay_2,added_delay,2.0,0.0,2,1.0,1669,delay_aware_dual_anchor,0.25,13.1187734577847,5.311174006676962,5.384118529498016,0.5579089450561933,0.4048529402362157,1.0,0.6666666666666666,2.5560298506885184,0.8692250801851676,0.3400684385399585,0.5579089450561933,2,"[[2, 4], [2, 4], [3, 4], [2, 4]]","[true, true, true, true, false]",1,2.0,0,1,1,"[[3, 6], [3, 6], [3, 6], [3, 6], [3, 6]]","[[5, 8], [5, 8], [5, 8], [5, 8], [5, 8]]","[[2, 2], [2, 2], [2, 2], [2, 2], [2, 2]]","[[0.75, 1.5], [0.75, 1.5], [0.75, 1.5], [0.75, 1.5], [0.75, 1.5]]",4.5,"[3.0, 6.0]",5.0,0.5,0.994488034575358,0.3354055410000001
figure_eight--demand_aligned,figure_eight,demand_aligned,delay_2,added_delay,2.0,0.0,2,1.0,1601,full_trajectory,0.0,21.953276464598165,9.851130988397621,9.851130988397621,0.5711368840594707,0.4487316963499069,0.6666666666666666,0.5,2.5056726641774163,0.8209475836771853,0.327635606762982,0.5711368840594707,0,"[[0, 1, 2, 3, 4, 5], [0, 1, 2, 3, 4, 5], [0, 1, 2, 3, 4, 5], [0, 1, 2, 3, 4, 5]]","[true, true, true, true, true]",0,0.0,0,1,1,[],[],[],[],nan,[],nan,nan,nan,0.2955438749999928
figure_eight--demand_aligned,figure_eight,demand_aligned,delay_2,added_delay,2.0,0.0,2,1.0,1601,error_peak_dynamic,0.0,21.953276464598165,8.166273169324374,8.166273169324374,0.5476166203728903,0.37198425403576085,0.6666666666666666,0.6666666666666666,2.5056726641774163,1.0424533921235006,0.41603734080154725,0.5476166203728903,1,"[[2, 4], [2, 4], [3, 4], [3, 4]]","[true, true, true, true, true]",0,0.0,0,1,1,[],[],[],[],nan,[],nan,nan,nan,0.2512886670000114
figure_eight--demand_aligned,figure_eight,demand_aligned,delay_2,added_delay,2.0,0.0,2,1.0,1601,dual_anchor_dynamic,0.0,21.953276464598165,9.112304283554488,9.112304283554488,0.5604639035139048,0.41507718896762325,0.6666666666666666,0.5,2.5056726641774163,0.8692355632137456,0.3469070703611262,0.5604639035139048,1,"[[2, 4], [2, 4], [3, 4], [3, 4]]","[true, true, true, true, true]",0,4.0,0,1,1,[],[],[],[],nan,[],nan,nan,nan,0.29366383300001075
figure_eight--demand_aligned,figure_eight,demand_aligned,delay_2,added_delay,2.0,0.0,2,1.0,1601,fixed_delay_dual_anchor,1.0,21.953276464598165,12.454509363947412,12.454509363947412,0.6631201782288982,0.5673189322801789,0.6666666666666666,0.6666666666666666,2.5056726641774163,1.0125507210101925,0.404103351361979,0.6631201782288982,0,"[[2, 4], [2, 4], [2, 4], [2, 4]]","[true, true, true, true, true]",0,4.0,0,1,1,"[[5, 6], [5, 6], [5, 6], [5, 6], [5, 6]]","[[7, 8], [7, 8], [7, 8], [7, 8], [7, 8]]","[[2, 2], [2, 2], [2, 2], [2, 2], [2, 2]]","[[4.0, 4.0], [4.0, 4.0], [4.0, 4.0], [4.0, 4.0], [4.0, 4.0]]",5.5,"[5.0, 6.0]",6.0,0.5,0.9989637230832629,0.30506045900000345
figure_eight--demand_aligned,figure_eight,demand_aligned,delay_2,added_delay,2.0,0.0,2,1.0,1601,delay_aware_dual_anchor,0.25,21.953276464598165,9.221909287876537,9.221909287876537,0.558351963853499,0.4200698379919635,0.6666666666666666,0.6666666666666666,2.5056726641774163,0.8946621310155484,0.35705467190753576,0.558351963853499,0,"[[2, 4], [2, 4], [2, 4], [2, 4]]","[true, true, true, true, true]",0,4.0,0,1,1,"[[5, 6], [5, 6], [5, 6], [5, 6], [5, 6]]","[[7, 8], [7, 8], [7, 8], [7, 8], [7, 8]]","[[2, 2], [2, 2], [2, 2], [2, 2], [2, 2]]","[[1.25, 1.5], [1.25, 1.5], [1.25, 1.5], [1.25, 1.5], [1.25, 1.5]]",5.5,"[5.0, 6.0]",6.0,0.5,0.9989773840813361,0.31684216700000434
figure_eight--demand_aligned,figure_eight,demand_aligned,delay_2,added_delay,2.0,0.0,2,1.0,1627,full_trajectory,0.0,18.95814941968775,6.604572642121755,6.604572642121755,0.5214819024618809,0.3483764420203908,1.0,0.5,2.408464024723721,0.6202457052185625,0.25752749422516785,0.5214819024618809,0,"[[0, 1, 2, 3, 4, 5], [0, 1, 2, 3, 4, 5], [0, 1, 2, 3, 4, 5], [0, 1, 2, 3, 4, 5]]","[true, true, true, true, true]",0,0.0,0,1,1,[],[],[],[],nan,[],nan,nan,nan,0.3388156249999952
figure_eight--demand_aligned,figure_eight,demand_aligned,delay_2,added_delay,2.0,0.0,2,1.0,1627,error_peak_dynamic,0.0,18.95814941968775,6.649863241566487,6.649863241566487,0.5426452790797639,0.35076541989170656,1.0,0.6666666666666666,2.408464024723721,0.957211792179504,0.3974366161808489,0.5426452790797639,3,"[[2, 4], [3, 4], [2, 4], [3, 4]]","[true, true, true, true, true]",0,0.0,0,1,1,[],[],[],[],nan,[],nan,nan,nan,0.24146195800000214
figure_eight--demand_aligned,figure_eight,demand_aligned,delay_2,added_delay,2.0,0.0,2,1.0,1627,dual_anchor_dynamic,0.0,18.95814941968775,6.176179227961126,6.176179227961126,0.5185802927624331,0.32577964711826024,1.0,0.5,2.408464024723721,0.6710205519685798,0.2786093315408993,0.5185802927624331,1,"[[2, 4], [3, 4], [3, 4], [3, 4]]","[true, true, true, true, true]",0,4.0,0,1,1,[],[],[],[],nan,[],nan,nan,nan,0.29067441600000166
figure_eight--demand_aligned,figure_eight,demand_aligned,delay_2,added_delay,2.0,0.0,2,1.0,1627,fixed_delay_dual_anchor,1.0,18.95814941968775,6.386385803439632,6.386385803439632,0.5066166961089722,0.3368675740474683,1.0,0.6666666666666666,2.408464024723721,0.613641238502741,0.254785303912992,0.5066166961089722,1,"[[2, 4], [2, 4], [2, 4], [1, 4]]","[true, true, true, true, true]",0,4.0,0,1,1,"[[2, 5], [2, 5], [2, 5], [2, 5], [2, 5]]","[[4, 7], [4, 7], [4, 7], [4, 7], [4, 7]]","[[2, 2], [2, 2], [2, 2], [2, 2], [2, 2]]","[[4.0, 4.0], [4.0, 4.0], [4.0, 4.0], [4.0, 4.0], [4.0, 4.0]]",3.5,"[2.0, 5.0]",4.0,0.5,0.9937435407561364,0.3310987080000132
figure_eight--demand_aligned,figure_eight,demand_aligned,delay_2,added_delay,2.0,0.0,2,1.0,1627,delay_aware_dual_anchor,0.25,18.95814941968775,6.415661045516032,6.525225136222533,0.5050807628819902,0.3384117776207347,1.0,0.5,2.408464024723721,0.6742630924901779,0.27995564208916257,0.5050807628819902,2,"[[2, 4], [3, 4], [3, 4], [2, 4]]","[true, true, true, true, false]",1,2.0,0,1,1,"[[2, 5], [2, 5], [2, 5], [2, 5], [2, 5]]","[[4, 7], [4, 7], [4, 7], [4, 7], [4, 7]]","[[2, 2], [2, 2], [2, 2], [2, 2], [2, 2]]","[[0.5, 1.25], [0.5, 1.25], [0.5, 1.25], [0.5, 1.25], [0.5, 1.25]]",3.5,"[2.0, 5.0]",4.0,0.5,0.993874395027061,0.3511873329999844
figure_eight--demand_aligned,figure_eight,demand_aligned,delay_2,added_delay,2.0,0.0,2,1.0,1657,full_trajectory,0.0,28.793527734451395,17.778556253633802,17.778556253633802,0.7026242663560585,0.6174497414001063,0.8333333333333334,0.5,3.258463582282828,1.5796143098810056,0.48477273720958786,0.7026242663560585,0,"[[0, 1, 2, 3, 4, 5], [0, 1, 2, 3, 4, 5], [0, 1, 2, 3, 4, 5], [0, 1, 2, 3, 4, 5]]","[true, true, true, true, true]",0,0.0,0,1,1,[],[],[],[],nan,[],nan,nan,nan,0.3444132919999845
figure_eight--demand_aligned,figure_eight,demand_aligned,delay_2,added_delay,2.0,0.0,2,1.0,1657,error_peak_dynamic,0.0,28.793527734451395,14.293091603025314,14.293091603025314,0.6578196853298532,0.49639945944948105,0.8333333333333334,0.8333333333333334,3.258463582282828,1.7896499043138336,0.5492312125397557,0.6578196853298532,1,"[[2, 4], [2, 4], [3, 4], [3, 4]]","[true, true, true, true, true]",0,0.0,0,1,1,[],[],[],[],nan,[],nan,nan,nan,0.3003277090000154
figure_eight--demand_aligned,figure_eight,demand_aligned,delay_2,added_delay,2.0,0.0,2,1.0,1657,dual_anchor_dynamic,0.0,28.793527734451395,16.955915380647966,16.955915380647966,0.6804714154093363,0.5888794015455164,0.8333333333333334,0.8333333333333334,3.258463582282828,1.7488558894546444,0.5367118107330276,0.6804714154093363,2,"[[2, 4], [2, 4], [3, 4], [2, 4]]","[true, true, true, true, true]",0,4.0,0,1,1,[],[],[],[],nan,[],nan,nan,nan,0.37491779100000144
figure_eight--demand_aligned,figure_eight,demand_aligned,delay_2,added_delay,2.0,0.0,2,1.0,1657,fixed_delay_dual_anchor,1.0,28.793527734451395,20.397289812778794,20.397289812778794,0.7787047105347178,0.7083984290113046,0.8333333333333334,0.6666666666666666,3.258463582282828,1.7034224764839971,0.5227686096435076,0.7787047105347178,0,"[[2, 4], [2, 4], [2, 4], [2, 4]]","[true, true, true, true, true]",0,4.0,0,1,1,"[[6, 7], [6, 7], [6, 7], [6, 7], [6, 7]]","[[8, 9], [8, 9], [8, 9], [8, 9], [8, 9]]","[[2, 2], [2, 2], [2, 2], [2, 2], [2, 2]]","[[4.0, 4.0], [4.0, 4.0], [4.0, 4.0], [4.0, 4.0], [4.0, 4.0]]",6.5,"[6.0, 7.0]",6.5,0.0,0.9981869221872339,0.37314216600000805
figure_eight--demand_aligned,figure_eight,demand_aligned,delay_2,added_delay,2.0,0.0,2,1.0,1657,delay_aware_dual_anchor,0.25,28.793527734451395,16.892125290299013,16.892125290299013,0.685967109279686,0.5866639699757117,0.8333333333333334,0.8333333333333334,3.258463582282828,1.551191906637402,0.47605009768151574,0.685967109279686,0,"[[2, 4], [2, 4], [2, 4], [2, 4]]","[true, true, true, true, true]",0,4.0,0,1,1,"[[6, 7], [6, 7], [6, 7], [6, 7], [6, 7]]","[[8, 9], [8, 9], [8, 9], [8, 9], [8, 9]]","[[2, 2], [2, 2], [2, 2], [2, 2], [2, 2]]","[[1.5, 1.75], [1.5, 1.75], [1.5, 1.75], [1.5, 1.75], [1.5, 1.75]]",6.5,"[6.0, 7.0]",6.5,0.0,0.9982078944283896,0.39952562499999544
figure_eight--demand_aligned,figure_eight,demand_aligned,delay_2,added_delay,2.0,0.0,2,1.0,1669,full_trajectory,0.0,20.69522259883106,8.830052256914406,8.830052256914406,0.5821384268480165,0.42667104520118376,0.8333333333333334,0.5,2.5560298506885184,0.8042038980173183,0.31463008845561397,0.5821384268480165,0,"[[0, 1, 2, 3, 4, 5], [0, 1, 2, 3, 4, 5], [0, 1, 2, 3, 4, 5], [0, 1, 2, 3, 4, 5]]","[true, true, true, true, true]",0,0.0,0,1,1,[],[],[],[],nan,[],nan,nan,nan,0.3394150409999952
figure_eight--demand_aligned,figure_eight,demand_aligned,delay_2,added_delay,2.0,0.0,2,1.0,1669,error_peak_dynamic,0.0,20.69522259883106,8.458080469251046,8.458080469251046,0.5834166161496098,0.4086972454081643,0.8333333333333334,0.8333333333333334,2.5560298506885184,1.119000650708485,0.4377885690212341,0.5834166161496098,3,"[[2, 4], [3, 4], [2, 4], [3, 4]]","[true, true, true, true, true]",0,0.0,0,1,1,[],[],[],[],nan,[],nan,nan,nan,0.25434308299998065
figure_eight--demand_aligned,figure_eight,demand_aligned,delay_2,added_delay,2.0,0.0,2,1.0,1669,dual_anchor_dynamic,0.0,20.69522259883106,8.185344737383867,8.185344737383867,0.5730117323478993,0.3955185646491285,0.8333333333333334,0.5,2.5560298506885184,0.8641447891523774,0.33808086745137284,0.5730117323478993,1,"[[2, 4], [3, 4], [3, 4], [3, 4]]","[true, true, true, true, true]",0,4.0,0,1,1,[],[],[],[],nan,[],nan,nan,nan,0.3182347499999878
figure_eight--demand_aligned,figure_eight,demand_aligned,delay_2,added_delay,2.0,0.0,2,1.0,1669,fixed_delay_dual_anchor,1.0,20.69522259883106,8.984416396557213,8.984416396557213,0.5604277931193209,0.43412997147779825,0.8333333333333334,0.6666666666666666,2.5560298506885184,0.8519435564422859,0.3333073579765892,0.5604277931193209,0,"[[2, 4], [2, 4], [2, 4], [2, 4]]","[true, true, true, true, true]",0,4.0,0,1,1,"[[3, 6], [3, 6], [3, 6], [3, 6], [3, 6]]","[[5, 8], [5, 8], [5, 8], [5, 8], [5, 8]]","[[2, 2], [2, 2], [2, 2], [2, 2], [2, 2]]","[[4.0, 4.0], [4.0, 4.0], [4.0, 4.0], [4.0, 4.0], [4.0, 4.0]]",4.5,"[3.0, 6.0]",5.0,0.5,0.9944740057690138,0.3418923750000147
figure_eight--demand_aligned,figure_eight,demand_aligned,delay_2,added_delay,2.0,0.0,2,1.0,1669,delay_aware_dual_anchor,0.25,20.69522259883106,8.757281532573224,8.824332701580124,0.5722084502744561,0.4231547397353371,0.8333333333333334,0.6666666666666666,2.5560298506885184,0.8692250801851676,0.3400684385399585,0.5722084502744561,2,"[[2, 4], [2, 4], [3, 4], [2, 4]]","[true, true, true, true, false]",1,2.0,0,1,1,"[[3, 6], [3, 6], [3, 6], [3, 6], [3, 6]]","[[5, 8], [5, 8], [5, 8], [5, 8], [5, 8]]","[[2, 2], [2, 2], [2, 2], [2, 2], [2, 2]]","[[0.75, 1.5], [0.75, 1.5], [0.75, 1.5], [0.75, 1.5], [0.75, 1.5]]",4.5,"[3.0, 6.0]",5.0,0.5,0.994488034575358,0.34258341599999653
figure_eight--demand_conflict,figure_eight,demand_conflict,delay_2,added_delay,2.0,0.0,2,1.0,1601,full_trajectory,0.0,8.585417032424973,3.2558957503042203,3.2558957503042203,0.5158483603458687,0.37923559659449463,1.0,0.6666666666666666,2.5056726641774163,0.8209475836771853,0.327635606762982,0.5158483603458687,0,"[[0, 1, 2, 3, 4, 5], [0, 1, 2, 3, 4, 5], [0, 1, 2, 3, 4, 5], [0, 1, 2, 3, 4, 5]]","[true, true, true, true, true]",0,0.0,0,1,1,[],[],[],[],nan,[],nan,nan,nan,0.29951399999998785
figure_eight--demand_conflict,figure_eight,demand_conflict,delay_2,added_delay,2.0,0.0,2,1.0,1601,error_peak_dynamic,0.0,8.585417032424973,3.245211318879527,3.245211318879527,0.5553441950643827,0.37799111058008894,1.0,0.6666666666666666,2.5056726641774163,0.9062643317734351,0.3616850455887267,0.5553441950643827,1,"[[2, 4], [2, 4], [3, 4], [3, 4]]","[true, true, true, true, true]",0,0.0,0,1,1,[],[],[],[],nan,[],nan,nan,nan,0.30377495900000895
figure_eight--demand_conflict,figure_eight,demand_conflict,delay_2,added_delay,2.0,0.0,2,1.0,1601,dual_anchor_dynamic,0.0,8.585417032424973,3.044414635565108,3.044414635565108,0.5381834998282438,0.35460299995528644,1.0,0.6666666666666666,2.5056726641774163,0.8692355632137456,0.3469070703611262,0.5381834998282438,1,"[[2, 4], [2, 4], [3, 4], [3, 4]]","[true, true, true, true, true]",0,4.0,0,1,1,[],[],[],[],nan,[],nan,nan,nan,0.2963211249999915
figure_eight--demand_conflict,figure_eight,demand_conflict,delay_2,added_delay,2.0,0.0,2,1.0,1601,fixed_delay_dual_anchor,1.0,8.585417032424973,4.093577431069793,4.093577431069793,0.5749974565362985,0.476805892551215,1.0,0.6666666666666666,2.5056726641774163,1.0125507210101925,0.404103351361979,0.5749974565362985,0,"[[2, 4], [2, 4], [2, 4], [2, 4]]","[true, true, true, true, true]",0,4.0,0,1,1,"[[5, 6], [5, 6], [5, 6], [5, 6], [5, 6]]","[[7, 8], [7, 8], [7, 8], [7, 8], [7, 8]]","[[2, 2], [2, 2], [2, 2], [2, 2], [2, 2]]","[[4.0, 4.0], [4.0, 4.0], [4.0, 4.0], [4.0, 4.0], [4.0, 4.0]]",5.5,"[5.0, 6.0]",6.0,0.5,0.9989637230832629,0.3052322920000279
figure_eight--demand_conflict,figure_eight,demand_conflict,delay_2,added_delay,2.0,0.0,2,1.0,1601,delay_aware_dual_anchor,0.25,8.585417032424973,3.1944034702220345,3.1944034702220345,0.5014934143399361,0.3720731862130368,1.0,0.8333333333333334,2.5056726641774163,0.8946621310155484,0.35705467190753576,0.5014934143399361,0,"[[2, 4], [2, 4], [2, 4], [2, 4]]","[true, true, true, true, true]",0,4.0,0,1,1,"[[5, 6], [5, 6], [5, 6], [5, 6], [5, 6]]","[[7, 8], [7, 8], [7, 8], [7, 8], [7, 8]]","[[2, 2], [2, 2], [2, 2], [2, 2], [2, 2]]","[[1.25, 1.5], [1.25, 1.5], [1.25, 1.5], [1.25, 1.5], [1.25, 1.5]]",5.5,"[5.0, 6.0]",6.0,0.5,0.9989773840813361,0.32284820799998215
figure_eight--demand_conflict,figure_eight,demand_conflict,delay_2,added_delay,2.0,0.0,2,1.0,1627,full_trajectory,0.0,8.37993671357759,2.4439988262087997,2.4439988262087997,0.5163766391537931,0.29164884052750795,1.0,0.6666666666666666,2.408464024723721,0.6202457052185625,0.25752749422516785,0.5163766391537931,0,"[[0, 1, 2, 3, 4, 5], [0, 1, 2, 3, 4, 5], [0, 1, 2, 3, 4, 5], [0, 1, 2, 3, 4, 5]]","[true, true, true, true, true]",0,0.0,0,1,1,[],[],[],[],nan,[],nan,nan,nan,0.34545445800000607
figure_eight--demand_conflict,figure_eight,demand_conflict,delay_2,added_delay,2.0,0.0,2,1.0,1627,error_peak_dynamic,0.0,8.37993671357759,2.5851493661530487,2.5851493661530487,0.5242907459822399,0.3084927075838724,1.0,0.6666666666666666,2.408464024723721,0.7468940351691753,0.3101121824955857,0.5242907459822399,2,"[[2, 4], [3, 4], [3, 4], [2, 4]]","[true, true, true, true, true]",0,0.0,0,1,1,[],[],[],[],nan,[],nan,nan,nan,0.30111700000000496
figure_eight--demand_conflict,figure_eight,demand_conflict,delay_2,added_delay,2.0,0.0,2,1.0,1627,dual_anchor_dynamic,0.0,8.37993671357759,2.0926170305416574,2.0926170305416574,0.5130578138001982,0.24971752198928843,1.0,0.6666666666666666,2.408464024723721,0.6710205519685798,0.2786093315408993,0.5130578138001982,1,"[[2, 4], [3, 4], [3, 4], [3, 4]]","[true, true, true, true, true]",0,4.0,0,1,1,[],[],[],[],nan,[],nan,nan,nan,0.29789487499999723
figure_eight--demand_conflict,figure_eight,demand_conflict,delay_2,added_delay,2.0,0.0,2,1.0,1627,fixed_delay_dual_anchor,1.0,8.37993671357759,2.2620764290483244,2.270652629544687,0.44567007096057604,0.2699395599710432,1.0,0.8333333333333334,2.408464024723721,0.668654484126194,0.2776269345367932,0.44567007096057604,2,"[[2, 4], [2, 4], [1, 4], [2, 4]]","[true, true, true, true, false]",1,2.0,0,1,1,"[[2, 5], [2, 5], [2, 5], [2, 5], [2, 5]]","[[4, 7], [4, 7], [4, 7], [4, 7], [4, 7]]","[[2, 2], [2, 2], [2, 2], [2, 2], [2, 2]]","[[4.0, 4.0], [4.0, 4.0], [4.0, 4.0], [4.0, 4.0], [4.0, 4.0]]",3.5,"[2.0, 5.0]",4.0,0.5,0.993776746630151,0.38659795799998165
figure_eight--demand_conflict,figure_eight,demand_conflict,delay_2,added_delay,2.0,0.0,2,1.0,1627,delay_aware_dual_anchor,0.25,8.37993671357759,2.195703583995835,2.3007276045311604,0.4638636724168119,0.26201911291743374,1.0,0.5,2.408464024723721,0.6742630924901779,0.27995564208916257,0.4638636724168119,2,"[[2, 4], [3, 4], [3, 4], [2, 4]]","[true, true, true, true, false]",1,2.0,0,1,1,"[[2, 5], [2, 5], [2, 5], [2, 5], [2, 5]]","[[4, 7], [4, 7], [4, 7], [4, 7], [4, 7]]","[[2, 2], [2, 2], [2, 2], [2, 2], [2, 2]]","[[0.5, 1.25], [0.5, 1.25], [0.5, 1.25], [0.5, 1.25], [0.5, 1.25]]",3.5,"[2.0, 5.0]",4.0,0.5,0.993874395027061,0.3351850410000168
figure_eight--demand_conflict,figure_eight,demand_conflict,delay_2,added_delay,2.0,0.0,2,1.0,1657,full_trajectory,0.0,11.093789885321247,5.925130857168783,5.925130857168783,0.640688278884925,0.5340943823903338,1.0,0.6666666666666666,3.258463582282828,1.5796143098810056,0.48477273720958786,0.640688278884925,0,"[[0, 1, 2, 3, 4, 5], [0, 1, 2, 3, 4, 5], [0, 1, 2, 3, 4, 5], [0, 1, 2, 3, 4, 5]]","[true, true, true, true, true]",0,0.0,0,1,1,[],[],[],[],nan,[],nan,nan,nan,0.3477948750000053
figure_eight--demand_conflict,figure_eight,demand_conflict,delay_2,added_delay,2.0,0.0,2,1.0,1657,error_peak_dynamic,0.0,11.093789885321247,6.818126813179884,6.818126813179884,0.6793030601864443,0.6145895031058134,1.0,0.8333333333333334,3.258463582282828,1.7983761822189681,0.5519092470442939,0.6793030601864443,2,"[[2, 4], [2, 4], [3, 4], [2, 4]]","[true, true, true, true, true]",0,0.0,0,1,1,[],[],[],[],nan,[],nan,nan,nan,0.3925955839999915
figure_eight--demand_conflict,figure_eight,demand_conflict,delay_2,added_delay,2.0,0.0,2,1.0,1657,dual_anchor_dynamic,0.0,11.093789885321247,5.851942497509777,6.3128134426682205,0.6573831298129297,0.527497145520376,1.0,0.8333333333333334,3.258463582282828,1.6894649950606182,0.5184851548584765,0.6573831298129297,2,"[[2, 4], [2, 4], [3, 4], [2, 4]]","[true, true, true, true, false]",1,2.0,0,1,1,[],[],[],[],nan,[],nan,nan,nan,0.3895702080000092
figure_eight--demand_conflict,figure_eight,demand_conflict,delay_2,added_delay,2.0,0.0,2,1.0,1657,fixed_delay_dual_anchor,1.0,11.093789885321247,6.629242799486519,6.629242799486519,0.6802201446662548,0.5975633997050913,1.0,0.8333333333333334,3.258463582282828,1.7034224764839971,0.5227686096435076,0.6802201446662548,0,"[[2, 4], [2, 4], [2, 4], [2, 4]]","[true, true, true, true, true]",0,4.0,0,1,1,"[[6, 7], [6, 7], [6, 7], [6, 7], [6, 7]]","[[8, 9], [8, 9], [8, 9], [8, 9], [8, 9]]","[[2, 2], [2, 2], [2, 2], [2, 2], [2, 2]]","[[4.0, 4.0], [4.0, 4.0], [4.0, 4.0], [4.0, 4.0], [4.0, 4.0]]",6.5,"[6.0, 7.0]",6.5,0.0,0.9981869221872339,0.4081298330000038
figure_eight--demand_conflict,figure_eight,demand_conflict,delay_2,added_delay,2.0,0.0,2,1.0,1657,delay_aware_dual_anchor,0.25,11.093789885321247,5.655994523710227,5.655994523710227,0.6177833297302078,0.5098342930754403,1.0,0.8333333333333334,3.258463582282828,1.551191906637402,0.47605009768151574,0.6177833297302078,0,"[[2, 4], [2, 4], [2, 4], [2, 4]]","[true, true, true, true, true]",0,4.0,0,1,1,"[[6, 7], [6, 7], [6, 7], [6, 7], [6, 7]]","[[8, 9], [8, 9], [8, 9], [8, 9], [8, 9]]","[[2, 2], [2, 2], [2, 2], [2, 2], [2, 2]]","[[1.5, 1.75], [1.5, 1.75], [1.5, 1.75], [1.5, 1.75], [1.5, 1.75]]",6.5,"[6.0, 7.0]",6.5,0.0,0.9982078944283896,0.4177719589999924
figure_eight--demand_conflict,figure_eight,demand_conflict,delay_2,added_delay,2.0,0.0,2,1.0,1669,full_trajectory,0.0,8.922751814797621,3.0503443890728716,3.0503443890728716,0.5329998989611119,0.3418613957203355,1.0,0.6666666666666666,2.5560298506885184,0.8042038980173183,0.31463008845561397,0.5329998989611119,0,"[[0, 1, 2, 3, 4, 5], [0, 1, 2, 3, 4, 5], [0, 1, 2, 3, 4, 5], [0, 1, 2, 3, 4, 5]]","[true, true, true, true, true]",0,0.0,0,1,1,[],[],[],[],nan,[],nan,nan,nan,0.4434838329999877
figure_eight--demand_conflict,figure_eight,demand_conflict,delay_2,added_delay,2.0,0.0,2,1.0,1669,error_peak_dynamic,0.0,8.922751814797621,3.2518336312354554,3.2518336312354554,0.5573878932956939,0.36444290939960555,1.0,0.6666666666666666,2.5560298506885184,0.9937285181502546,0.38877813491989294,0.5573878932956939,2,"[[2, 4], [3, 4], [3, 4], [2, 4]]","[true, true, true, true, true]",0,0.0,0,1,1,[],[],[],[],nan,[],nan,nan,nan,0.3577170410000008
figure_eight--demand_conflict,figure_eight,demand_conflict,delay_2,added_delay,2.0,0.0,2,1.0,1669,dual_anchor_dynamic,0.0,8.922751814797621,2.7756748613553897,2.7756748613553897,0.5436651063430149,0.3110783443233477,1.0,0.6666666666666666,2.5560298506885184,0.8641447891523774,0.33808086745137284,0.5436651063430149,1,"[[2, 4], [3, 4], [3, 4], [3, 4]]","[true, true, true, true, true]",0,4.0,0,1,1,[],[],[],[],nan,[],nan,nan,nan,0.33856362500000614
figure_eight--demand_conflict,figure_eight,demand_conflict,delay_2,added_delay,2.0,0.0,2,1.0,1669,fixed_delay_dual_anchor,1.0,8.922751814797621,3.1734293918933423,3.1734293918933423,0.48574126477637714,0.3556559072539125,1.0,0.6666666666666666,2.5560298506885184,0.8519435564422859,0.3333073579765892,0.48574126477637714,0,"[[2, 4], [2, 4], [2, 4], [2, 4]]","[true, true, true, true, true]",0,4.0,0,1,1,"[[3, 6], [3, 6], [3, 6], [3, 6], [3, 6]]","[[5, 8], [5, 8], [5, 8], [5, 8], [5, 8]]","[[2, 2], [2, 2], [2, 2], [2, 2], [2, 2]]","[[4.0, 4.0], [4.0, 4.0], [4.0, 4.0], [4.0, 4.0], [4.0, 4.0]]",4.5,"[3.0, 6.0]",5.0,0.5,0.9944740057690138,0.3440623749999929
figure_eight--demand_conflict,figure_eight,demand_conflict,delay_2,added_delay,2.0,0.0,2,1.0,1669,delay_aware_dual_anchor,0.25,8.922751814797621,2.7858546175234533,2.7858546175234533,0.4962402699037583,0.3122192206336336,1.0,0.8333333333333334,2.5560298506885184,0.8182184703607472,0.320113033946119,0.4962402699037583,3,"[[2, 4], [3, 4], [2, 4], [3, 4]]","[true, true, true, true, true]",0,4.0,0,1,1,"[[3, 6], [3, 6], [3, 6], [3, 6], [3, 6]]","[[5, 8], [5, 8], [5, 8], [5, 8], [5, 8]]","[[2, 2], [2, 2], [2, 2], [2, 2], [2, 2]]","[[0.75, 1.5], [0.75, 1.5], [0.75, 1.5], [0.75, 1.5], [0.75, 1.5]]",4.5,"[3.0, 6.0]",5.0,0.5,0.994535246095535,0.3702094160000229
s_curve--neutral,s_curve,neutral,delay_2,added_delay,2.0,0.0,2,1.0,1601,full_trajectory,0.0,6.97371856397157,2.353714215906942,2.353714215906942,0.5332907184225908,0.33751207398402516,0.6666666666666666,0.5,1.0658863838103403,0.47844457657248063,0.44887014586126206,0.5332907184225908,0,"[[0, 1, 2, 3, 4, 5], [0, 1, 2, 3, 4, 5], [0, 1, 2, 3, 4, 5], [0, 1, 2, 3, 4, 5]]","[true, true, true, true, true]",0,0.0,0,1,1,[],[],[],[],nan,[],nan,nan,nan,0.2782122499999957
s_curve--neutral,s_curve,neutral,delay_2,added_delay,2.0,0.0,2,1.0,1601,error_peak_dynamic,0.0,6.97371856397157,1.6709653475785065,1.6709653475785065,0.4577346996260351,0.23960894496248253,0.6666666666666666,0.5,1.0658863838103403,0.5604786994863564,0.5258334359078236,0.4577346996260351,3,"[[2, 4], [3, 4], [2, 4], [2, 3]]","[true, true, true, true, true]",0,0.0,0,1,1,[],[],[],[],nan,[],nan,nan,nan,0.24740658299998586
s_curve--neutral,s_curve,neutral,delay_2,added_delay,2.0,0.0,2,1.0,1601,dual_anchor_dynamic,0.0,6.97371856397157,1.6709653475785065,1.6709653475785065,0.4577346996260351,0.23960894496248253,0.6666666666666666,0.5,1.0658863838103403,0.5604786994863564,0.5258334359078236,0.4577346996260351,3,"[[2, 4], [3, 4], [2, 4], [2, 3]]","[true, true, true, true, true]",0,4.0,0,1,1,[],[],[],[],nan,[],nan,nan,nan,0.24826866699999073
s_curve--neutral,s_curve,neutral,delay_2,added_delay,2.0,0.0,2,1.0,1601,fixed_delay_dual_anchor,1.0,6.97371856397157,1.191118785560376,1.191118785560376,0.5115033155791183,0.17080109766890672,0.6666666666666666,0.5,1.0658863838103403,0.5662121600974781,0.5312124900905271,0.5115033155791183,0,"[[2, 4], [2, 4], [2, 4], [2, 4]]","[true, true, true, true, true]",0,4.0,0,1,1,"[[5, 6], [5, 6], [5, 6], [5, 6], [5, 6]]","[[7, 8], [7, 8], [7, 8], [7, 8], [7, 8]]","[[2, 2], [2, 2], [2, 2], [2, 2], [2, 2]]","[[4.0, 4.0], [4.0, 4.0], [4.0, 4.0], [4.0, 4.0], [4.0, 4.0]]",5.5,"[5.0, 6.0]",6.0,0.5,0.9987681925649603,0.312802333999997
s_curve--neutral,s_curve,neutral,delay_2,added_delay,2.0,0.0,2,1.0,1601,delay_aware_dual_anchor,0.25,6.97371856397157,1.058573417267231,1.058573417267231,0.41375533262087777,0.15179468565539125,0.6666666666666666,0.3333333333333333,1.0658863838103403,0.5471630589538231,0.513340884417549,0.41375533262087777,0,"[[2, 4], [2, 4], [2, 4], [2, 4]]","[true, true, true, true, true]",0,4.0,0,1,1,"[[5, 6], [5, 6], [5, 6], [5, 6], [5, 6]]","[[7, 8], [7, 8], [7, 8], [7, 8], [7, 8]]","[[2, 2], [2, 2], [2, 2], [2, 2], [2, 2]]","[[1.25, 1.5], [1.25, 1.5], [1.25, 1.5], [1.25, 1.5], [1.25, 1.5]]",5.5,"[5.0, 6.0]",6.0,0.5,0.9986801954211862,0.27487899999999854
s_curve--neutral,s_curve,neutral,delay_2,added_delay,2.0,0.0,2,1.0,1627,full_trajectory,0.0,7.22139988429403,1.7998390333882828,1.7998390333882828,0.46686345081025726,0.24923686019698058,0.8333333333333334,0.5,1.0484743994150558,0.38938884393542883,0.37138612459461956,0.46686345081025726,0,"[[0, 1, 2, 3, 4, 5], [0, 1, 2, 3, 4, 5], [0, 1, 2, 3, 4, 5], [0, 1, 2, 3, 4, 5]]","[true, true, true, true, true]",0,0.0,0,1,1,[],[],[],[],nan,[],nan,nan,nan,0.2596200000000124
s_curve--neutral,s_curve,neutral,delay_2,added_delay,2.0,0.0,2,1.0,1627,error_peak_dynamic,0.0,7.22139988429403,1.512423268318441,1.512423268318441,0.42417544140454577,0.20943629940890565,0.8333333333333334,0.3333333333333333,1.0484743994150558,0.46710727041333977,0.4455113741202828,0.42417544140454577,2,"[[3, 4], [3, 4], [2, 4], [2, 3]]","[true, true, true, true, true]",0,0.0,0,1,1,[],[],[],[],nan,[],nan,nan,nan,0.2453472500000089
s_curve--neutral,s_curve,neutral,delay_2,added_delay,2.0,0.0,2,1.0,1627,dual_anchor_dynamic,0.0,7.22139988429403,1.512423268318441,1.512423268318441,0.42417544140454577,0.20943629940890565,0.8333333333333334,0.3333333333333333,1.0484743994150558,0.46710727041333977,0.4455113741202828,0.42417544140454577,2,"[[3, 4], [3, 4], [2, 4], [2, 3]]","[true, true, true, true, true]",0,4.0,0,1,1,[],[],[],[],nan,[],nan,nan,nan,0.2401532080000095
s_curve--neutral,s_curve,neutral,delay_2,added_delay,2.0,0.0,2,1.0,1627,fixed_delay_dual_anchor,1.0,7.22139988429403,1.0645163811687604,1.0645163811687604,0.46913531840463046,0.14741136043220635,0.8333333333333334,0.3333333333333333,1.0484743994150558,0.479259102867103,0.45710138762995245,0.46913531840463046,1,"[[3, 4], [2, 4], [2, 4], [2, 4]]","[true, true, true, true, true]",0,4.0,0,1,1,"[[2, 5], [2, 5], [2, 5], [2, 5], [2, 5]]","[[4, 7], [4, 7], [4, 7], [4, 7], [4, 7]]","[[2, 2], [2, 2], [2, 2], [2, 2], [2, 2]]","[[4.0, 4.0], [4.0, 4.0], [4.0, 4.0], [4.0, 4.0], [4.0, 4.0]]",3.5,"[2.0, 5.0]",4.0,0.5,0.9933127372605022,0.31601641700001437
s_curve--neutral,s_curve,neutral,delay_2,added_delay,2.0,0.0,2,1.0,1627,delay_aware_dual_anchor,0.25,7.22139988429403,1.0297906594990827,1.0297906594990827,0.3732429848547025,0.14260263605382045,0.8333333333333334,0.16666666666666666,1.0484743994150558,0.46096884097235535,0.4396567443416167,0.3732429848547025,1,"[[3, 4], [2, 4], [2, 4], [2, 4]]","[true, true, true, true, true]",0,4.0,0,1,1,"[[2, 5], [2, 5], [2, 5], [2, 5], [2, 5]]","[[4, 7], [4, 7], [4, 7], [4, 7], [4, 7]]","[[2, 2], [2, 2], [2, 2], [2, 2], [2, 2]]","[[0.5, 1.25], [0.5, 1.25], [0.5, 1.25], [0.5, 1.25], [0.5, 1.25]]",3.5,"[2.0, 5.0]",4.0,0.5,0.9936218416599282,0.28155608400001597
s_curve--neutral,s_curve,neutral,delay_2,added_delay,2.0,0.0,2,1.0,1657,full_trajectory,0.0,9.179815403209833,3.762373293199839,3.762373293199839,0.5594885775990261,0.4098528268753944,0.6666666666666666,0.5,1.3579701419200034,0.7360970430910115,0.5420568688279556,0.5594885775990261,0,"[[0, 1, 2, 3, 4, 5], [0, 1, 2, 3, 4, 5], [0, 1, 2, 3, 4, 5], [0, 1, 2, 3, 4, 5]]","[true, true, true, true, true]",0,0.0,0,1,1,[],[],[],[],nan,[],nan,nan,nan,0.31333533399998714
s_curve--neutral,s_curve,neutral,delay_2,added_delay,2.0,0.0,2,1.0,1657,error_peak_dynamic,0.0,9.179815403209833,2.507883736663162,2.507883736663162,0.49905309180999285,0.2731954431007676,0.6666666666666666,0.5,1.3579701419200034,0.9171277553828981,0.6753666572419567,0.49905309180999285,2,"[[2, 4], [3, 4], [2, 4], [2, 4]]","[true, true, true, true, true]",0,0.0,0,1,1,[],[],[],[],nan,[],nan,nan,nan,0.2764250419999996
s_curve--neutral,s_curve,neutral,delay_2,added_delay,2.0,0.0,2,1.0,1657,dual_anchor_dynamic,0.0,9.179815403209833,2.507883736663162,2.507883736663162,0.49905309180999285,0.2731954431007676,0.6666666666666666,0.5,1.3579701419200034,0.9171277553828981,0.6753666572419567,0.49905309180999285,2,"[[2, 4], [3, 4], [2, 4], [2, 4]]","[true, true, true, true, true]",0,4.0,0,1,1,[],[],[],[],nan,[],nan,nan,nan,0.26569704199999933
s_curve--neutral,s_curve,neutral,delay_2,added_delay,2.0,0.0,2,1.0,1657,fixed_delay_dual_anchor,1.0,9.179815403209833,2.818336763265174,2.818336763265174,0.5389794296019401,0.30701453563866965,0.6666666666666666,0.5,1.3579701419200034,0.8582033096166911,0.6319750951249169,0.5389794296019401,0,"[[2, 4], [2, 4], [2, 4], [2, 4]]","[true, true, true, true, true]",0,4.0,0,1,1,"[[6, 7], [6, 7], [6, 7], [6, 7], [6, 7]]","[[8, 9], [8, 9], [8, 9], [8, 9], [8, 9]]","[[2, 2], [2, 2], [2, 2], [2, 2], [2, 2]]","[[4.0, 4.0], [4.0, 4.0], [4.0, 4.0], [4.0, 4.0], [4.0, 4.0]]",6.5,"[6.0, 7.0]",6.5,0.0,0.9976578181550083,0.4135211250000168
s_curve--neutral,s_curve,neutral,delay_2,added_delay,2.0,0.0,2,1.0,1657,delay_aware_dual_anchor,0.25,9.179815403209833,2.1039202739847616,2.1039202739847616,0.468488452965615,0.2291898237135684,0.6666666666666666,0.3333333333333333,1.3579701419200034,0.8136824870755708,0.5991902634362221,0.468488452965615,0,"[[2, 4], [2, 4], [2, 4], [2, 4]]","[true, true, true, true, true]",0,4.0,0,1,1,"[[6, 7], [6, 7], [6, 7], [6, 7], [6, 7]]","[[8, 9], [8, 9], [8, 9], [8, 9], [8, 9]]","[[2, 2], [2, 2], [2, 2], [2, 2], [2, 2]]","[[1.5, 1.75], [1.5, 1.75], [1.5, 1.75], [1.5, 1.75], [1.5, 1.75]]",6.5,"[6.0, 7.0]",6.5,0.0,0.9973531566281184,0.3272125839999944
s_curve--neutral,s_curve,neutral,delay_2,added_delay,2.0,0.0,2,1.0,1669,full_trajectory,0.0,7.657837723420878,2.2182745917708604,2.2182745917708604,0.49516016105530847,0.2896737528122915,0.8333333333333334,0.5,1.1122455198921966,0.4644948377248821,0.4176189783797941,0.49516016105530847,0,"[[0, 1, 2, 3, 4, 5], [0, 1, 2, 3, 4, 5], [0, 1, 2, 3, 4, 5], [0, 1, 2, 3, 4, 5]]","[true, true, true, true, true]",0,0.0,0,1,1,[],[],[],[],nan,[],nan,nan,nan,0.2924931670000035
s_curve--neutral,s_curve,neutral,delay_2,added_delay,2.0,0.0,2,1.0,1669,error_peak_dynamic,0.0,7.657837723420878,1.8153465133726348,1.8153465133726348,0.44489408108929007,0.23705732335128285,0.8333333333333334,0.5,1.1122455198921966,0.552203105899608,0.4964759093416081,0.44489408108929007,2,"[[3, 4], [3, 4], [2, 4], [2, 3]]","[true, true, true, true, true]",0,0.0,0,1,1,[],[],[],[],nan,[],nan,nan,nan,0.23628695900001162
s_curve--neutral,s_curve,neutral,delay_2,added_delay,2.0,0.0,2,1.0,1669,dual_anchor_dynamic,0.0,7.657837723420878,1.8153465133726348,1.8153465133726348,0.44489408108929007,0.23705732335128285,0.8333333333333334,0.5,1.1122455198921966,0.552203105899608,0.4964759093416081,0.44489408108929007,2,"[[3, 4], [3, 4], [2, 4], [2, 3]]","[true, true, true, true, true]",0,4.0,0,1,1,[],[],[],[],nan,[],nan,nan,nan,0.241506333000018
s_curve--neutral,s_curve,neutral,delay_2,added_delay,2.0,0.0,2,1.0,1669,fixed_delay_dual_anchor,1.0,7.657837723420878,1.3269763169459023,1.3269763169459023,0.47607659233599087,0.17328342083920797,0.8333333333333334,0.3333333333333333,1.1122455198921966,0.5555241326963868,0.49946178497552457,0.47607659233599087,1,"[[3, 4], [2, 4], [2, 4], [2, 4]]","[true, true, true, true, true]",0,4.0,0,1,1,"[[3, 6], [3, 6], [3, 6], [3, 6], [3, 6]]","[[5, 8], [5, 8], [5, 8], [5, 8], [5, 8]]","[[2, 2], [2, 2], [2, 2], [2, 2], [2, 2]]","[[4.0, 4.0], [4.0, 4.0], [4.0, 4.0], [4.0, 4.0], [4.0, 4.0]]",4.5,"[3.0, 6.0]",5.0,0.5,0.993388256254452,0.3031333750000158
s_curve--neutral,s_curve,neutral,delay_2,added_delay,2.0,0.0,2,1.0,1669,delay_aware_dual_anchor,0.25,7.657837723420878,1.2197320913092995,1.2197320913092995,0.3912594891061043,0.15927891597635288,0.8333333333333334,0.3333333333333333,1.1122455198921966,0.5392322099260515,0.48481400939094466,0.3912594891061043,1,"[[3, 4], [2, 4], [2, 4], [2, 4]]","[true, true, true, true, true]",0,4.0,0,1,1,"[[3, 6], [3, 6], [3, 6], [3, 6], [3, 6]]","[[5, 8], [5, 8], [5, 8], [5, 8], [5, 8]]","[[2, 2], [2, 2], [2, 2], [2, 2], [2, 2]]","[[0.75, 1.5], [0.75, 1.5], [0.75, 1.5], [0.75, 1.5], [0.75, 1.5]]",4.5,"[3.0, 6.0]",5.0,0.5,0.9932772637305686,0.3089594580000039
s_curve--demand_aligned,s_curve,demand_aligned,delay_2,added_delay,2.0,0.0,2,1.0,1601,full_trajectory,0.0,9.398344625422686,3.8814578936737316,3.8814578936737316,0.5877222833470473,0.41299378224270694,0.6666666666666666,0.5,1.0658863838103403,0.47844457657248063,0.44887014586126206,0.5877222833470473,0,"[[0, 1, 2, 3, 4, 5], [0, 1, 2, 3, 4, 5], [0, 1, 2, 3, 4, 5], [0, 1, 2, 3, 4, 5]]","[true, true, true, true, true]",0,0.0,0,1,1,[],[],[],[],nan,[],nan,nan,nan,0.30456187500001874
s_curve--demand_aligned,s_curve,demand_aligned,delay_2,added_delay,2.0,0.0,2,1.0,1601,error_peak_dynamic,0.0,9.398344625422686,2.2568841057409275,2.2568841057409275,0.4677345045795515,0.24013634269550158,0.6666666666666666,0.5,1.0658863838103403,0.7671620608028897,0.7197409334195938,0.4677345045795515,3,"[[2, 4], [3, 4], [2, 4], [2, 3]]","[true, true, true, true, true]",0,0.0,0,1,1,[],[],[],[],nan,[],nan,nan,nan,0.1917888750000145
s_curve--demand_aligned,s_curve,demand_aligned,delay_2,added_delay,2.0,0.0,2,1.0,1601,dual_anchor_dynamic,0.0,9.398344625422686,2.7428035754438076,2.7428035754438076,0.49567804415811756,0.29183900833179455,0.6666666666666666,0.5,1.0658863838103403,0.5604786994863564,0.5258334359078236,0.49567804415811756,3,"[[2, 4], [3, 4], [2, 4], [2, 3]]","[true, true, true, true, true]",0,4.0,0,1,1,[],[],[],[],nan,[],nan,nan,nan,0.2739063749999957
s_curve--demand_aligned,s_curve,demand_aligned,delay_2,added_delay,2.0,0.0,2,1.0,1601,fixed_delay_dual_anchor,1.0,9.398344625422686,1.890355780372028,1.890355780372028,0.5164369964583171,0.20113709974611726,0.6666666666666666,0.5,1.0658863838103403,0.5662121600974781,0.5312124900905271,0.5164369964583171,0,"[[2, 4], [2, 4], [2, 4], [2, 4]]","[true, true, true, true, true]",0,4.0,0,1,1,"[[5, 6], [5, 6], [5, 6], [5, 6], [5, 6]]","[[7, 8], [7, 8], [7, 8], [7, 8], [7, 8]]","[[2, 2], [2, 2], [2, 2], [2, 2], [2, 2]]","[[4.0, 4.0], [4.0, 4.0], [4.0, 4.0], [4.0, 4.0], [4.0, 4.0]]",5.5,"[5.0, 6.0]",6.0,0.5,0.9987681925649603,1.5165930830000036
s_curve--demand_aligned,s_curve,demand_aligned,delay_2,added_delay,2.0,0.0,2,1.0,1601,delay_aware_dual_anchor,0.25,9.398344625422686,1.7310620437394162,1.7310620437394162,0.4287057240713372,0.1841879727475478,0.6666666666666666,0.3333333333333333,1.0658863838103403,0.5471630589538231,0.513340884417549,0.4287057240713372,0,"[[2, 4], [2, 4], [2, 4], [2, 4]]","[true, true, true, true, true]",0,4.0,0,1,1,"[[5, 6], [5, 6], [5, 6], [5, 6], [5, 6]]","[[7, 8], [7, 8], [7, 8], [7, 8], [7, 8]]","[[2, 2], [2, 2], [2, 2], [2, 2], [2, 2]]","[[1.25, 1.5], [1.25, 1.5], [1.25, 1.5], [1.25, 1.5], [1.25, 1.5]]",5.5,"[5.0, 6.0]",6.0,0.5,0.9986801954211862,0.49219470899998896
s_curve--demand_aligned,s_curve,demand_aligned,delay_2,added_delay,2.0,0.0,2,1.0,1627,full_trajectory,0.0,9.553051854341842,2.99320336739556,2.99320336739556,0.5142777078119043,0.3133243086119286,0.8333333333333334,0.5,1.0484743994150558,0.38938884393542883,0.37138612459461956,0.5142777078119043,0,"[[0, 1, 2, 3, 4, 5], [0, 1, 2, 3, 4, 5], [0, 1, 2, 3, 4, 5], [0, 1, 2, 3, 4, 5]]","[true, true, true, true, true]",0,0.0,0,1,1,[],[],[],[],nan,[],nan,nan,nan,0.703059708000012
s_curve--demand_aligned,s_curve,demand_aligned,delay_2,added_delay,2.0,0.0,2,1.0,1627,error_peak_dynamic,0.0,9.553051854341842,2.307233865423564,2.307233865423564,0.4562543053443047,0.24151798824110132,0.8333333333333334,0.3333333333333333,1.0484743994150558,0.6331996704709404,0.6039247794931404,0.4562543053443047,2,"[[3, 4], [3, 4], [2, 4], [2, 3]]","[true, true, true, true, true]",0,0.0,0,1,1,[],[],[],[],nan,[],nan,nan,nan,0.1672079589999953
s_curve--demand_aligned,s_curve,demand_aligned,delay_2,added_delay,2.0,0.0,2,1.0,1627,dual_anchor_dynamic,0.0,9.553051854341842,2.4921739180219515,2.4921739180219515,0.4678018118256455,0.2608772522143553,0.8333333333333334,0.3333333333333333,1.0484743994150558,0.46710727041333977,0.4455113741202828,0.4678018118256455,2,"[[3, 4], [3, 4], [2, 4], [2, 3]]","[true, true, true, true, true]",0,4.0,0,1,1,[],[],[],[],nan,[],nan,nan,nan,0.252822875000021
s_curve--demand_aligned,s_curve,demand_aligned,delay_2,added_delay,2.0,0.0,2,1.0,1627,fixed_delay_dual_anchor,1.0,9.553051854341842,1.7262850591602104,1.7262850591602104,0.4809270579412489,0.18070508623645934,0.8333333333333334,0.3333333333333333,1.0484743994150558,0.479259102867103,0.45710138762995245,0.4809270579412489,1,"[[3, 4], [2, 4], [2, 4], [2, 4]]","[true, true, true, true, true]",0,4.0,0,1,1,"[[2, 5], [2, 5], [2, 5], [2, 5], [2, 5]]","[[4, 7], [4, 7], [4, 7], [4, 7], [4, 7]]","[[2, 2], [2, 2], [2, 2], [2, 2], [2, 2]]","[[4.0, 4.0], [4.0, 4.0], [4.0, 4.0], [4.0, 4.0], [4.0, 4.0]]",3.5,"[2.0, 5.0]",4.0,0.5,0.9933127372605022,0.30462937499999043
s_curve--demand_aligned,s_curve,demand_aligned,delay_2,added_delay,2.0,0.0,2,1.0,1627,delay_aware_dual_anchor,0.25,9.553051854341842,1.6876672328800866,1.6876672328800866,0.40191490879131303,0.17666262662575682,0.8333333333333334,0.3333333333333333,1.0484743994150558,0.46096884097235535,0.4396567443416167,0.40191490879131303,1,"[[3, 4], [2, 4], [2, 4], [2, 4]]","[true, true, true, true, true]",0,4.0,0,1,1,"[[2, 5], [2, 5], [2, 5], [2, 5], [2, 5]]","[[4, 7], [4, 7], [4, 7], [4, 7], [4, 7]]","[[2, 2], [2, 2], [2, 2], [2, 2], [2, 2]]","[[0.5, 1.25], [0.5, 1.25], [0.5, 1.25], [0.5, 1.25], [0.5, 1.25]]",3.5,"[2.0, 5.0]",4.0,0.5,0.9936218416599282,0.29523566700001425
s_curve--demand_aligned,s_curve,demand_aligned,delay_2,added_delay,2.0,0.0,2,1.0,1657,full_trajectory,0.0,12.329178479551906,5.78118278913818,5.78118278913818,0.6011952791335182,0.46890251436673924,0.6666666666666666,0.5,1.3579701419200034,0.7360970430910115,0.5420568688279556,0.6011952791335182,0,"[[0, 1, 2, 3, 4, 5], [0, 1, 2, 3, 4, 5], [0, 1, 2, 3, 4, 5], [0, 1, 2, 3, 4, 5]]","[true, true, true, true, true]",0,0.0,0,1,1,[],[],[],[],nan,[],nan,nan,nan,0.4294075409999891
s_curve--demand_aligned,s_curve,demand_aligned,delay_2,added_delay,2.0,0.0,2,1.0,1657,error_peak_dynamic,0.0,12.329178479551906,4.013882500194233,4.013882500194233,0.5115372410604353,0.32555960698040887,0.6666666666666666,0.5,1.3579701419200034,1.214515520871431,0.8943609902602534,0.5115372410604353,2,"[[2, 4], [3, 4], [3, 4], [2, 4]]","[true, true, true, true, true]",0,0.0,0,1,1,[],[],[],[],nan,[],nan,nan,nan,0.19198066699999572
s_curve--demand_aligned,s_curve,demand_aligned,delay_2,added_delay,2.0,0.0,2,1.0,1657,dual_anchor_dynamic,0.0,12.329178479551906,3.3638735587215143,3.3638735587215143,0.4998338292486883,0.272838418577567,0.6666666666666666,0.5,1.3579701419200034,0.9171277553828981,0.6753666572419567,0.4998338292486883,2,"[[2, 4], [3, 4], [2, 4], [2, 4]]","[true, true, true, true, true]",0,4.0,0,1,1,[],[],[],[],nan,[],nan,nan,nan,0.32178845800001454
s_curve--demand_aligned,s_curve,demand_aligned,delay_2,added_delay,2.0,0.0,2,1.0,1657,fixed_delay_dual_anchor,1.0,12.329178479551906,3.4720002434983837,3.4720002434983837,0.53701301838316,0.28160840150515615,0.6666666666666666,0.5,1.3579701419200034,0.8582033096166911,0.6319750951249169,0.53701301838316,0,"[[2, 4], [2, 4], [2, 4], [2, 4]]","[true, true, true, true, true]",0,4.0,0,1,1,"[[6, 7], [6, 7], [6, 7], [6, 7], [6, 7]]","[[8, 9], [8, 9], [8, 9], [8, 9], [8, 9]]","[[2, 2], [2, 2], [2, 2], [2, 2], [2, 2]]","[[4.0, 4.0], [4.0, 4.0], [4.0, 4.0], [4.0, 4.0], [4.0, 4.0]]",6.5,"[6.0, 7.0]",6.5,0.0,0.9976578181550083,0.4196614999999895
s_curve--demand_aligned,s_curve,demand_aligned,delay_2,added_delay,2.0,0.0,2,1.0,1657,delay_aware_dual_anchor,0.25,12.329178479551906,2.84236613614841,2.84236613614841,0.46969690766816685,0.23053978339777537,0.6666666666666666,0.3333333333333333,1.3579701419200034,0.8136824870755708,0.5991902634362221,0.46969690766816685,0,"[[2, 4], [2, 4], [2, 4], [2, 4]]","[true, true, true, true, true]",0,4.0,0,1,1,"[[6, 7], [6, 7], [6, 7], [6, 7], [6, 7]]","[[8, 9], [8, 9], [8, 9], [8, 9], [8, 9]]","[[2, 2], [2, 2], [2, 2], [2, 2], [2, 2]]","[[1.5, 1.75], [1.5, 1.75], [1.5, 1.75], [1.5, 1.75], [1.5, 1.75]]",6.5,"[6.0, 7.0]",6.5,0.0,0.9973531566281184,0.39380129200000624
s_curve--demand_aligned,s_curve,demand_aligned,delay_2,added_delay,2.0,0.0,2,1.0,1669,full_trajectory,0.0,10.171077234626594,3.672653349055601,3.672653349055601,0.5469659290107005,0.36108794224394986,0.6666666666666666,0.5,1.1122455198921966,0.4644948377248821,0.4176189783797941,0.5469659290107005,0,"[[0, 1, 2, 3, 4, 5], [0, 1, 2, 3, 4, 5], [0, 1, 2, 3, 4, 5], [0, 1, 2, 3, 4, 5]]","[true, true, true, true, true]",0,0.0,0,1,1,[],[],[],[],nan,[],nan,nan,nan,0.2985677080000073
s_curve--demand_aligned,s_curve,demand_aligned,delay_2,added_delay,2.0,0.0,2,1.0,1669,error_peak_dynamic,0.0,10.171077234626594,2.7034211916842557,2.7034211916842557,0.4712493243160935,0.2657949722848118,0.6666666666666666,0.5,1.1122455198921966,0.7199829476754903,0.647323756130098,0.4712493243160935,2,"[[3, 4], [3, 4], [2, 4], [2, 3]]","[true, true, true, true, true]",0,0.0,0,1,1,[],[],[],[],nan,[],nan,nan,nan,0.18380683300000555
s_curve--demand_aligned,s_curve,demand_aligned,delay_2,added_delay,2.0,0.0,2,1.0,1669,dual_anchor_dynamic,0.0,10.171077234626594,2.9913866009414596,2.9913866009414596,0.49060762874769126,0.2941071561975295,0.6666666666666666,0.5,1.1122455198921966,0.552203105899608,0.4964759093416081,0.49060762874769126,2,"[[3, 4], [3, 4], [2, 4], [2, 3]]","[true, true, true, true, true]",0,4.0,0,1,1,[],[],[],[],nan,[],nan,nan,nan,0.23225349999998457
s_curve--demand_aligned,s_curve,demand_aligned,delay_2,added_delay,2.0,0.0,2,1.0,1669,fixed_delay_dual_anchor,1.0,10.171077234626594,2.1461763575184483,2.1461763575184483,0.49204746842233166,0.21100777312082222,0.6666666666666666,0.3333333333333333,1.1122455198921966,0.5555241326963868,0.49946178497552457,0.49204746842233166,1,"[[3, 4], [2, 4], [2, 4], [2, 4]]","[true, true, true, true, true]",0,4.0,0,1,1,"[[3, 6], [3, 6], [3, 6], [3, 6], [3, 6]]","[[5, 8], [5, 8], [5, 8], [5, 8], [5, 8]]","[[2, 2], [2, 2], [2, 2], [2, 2], [2, 2]]","[[4.0, 4.0], [4.0, 4.0], [4.0, 4.0], [4.0, 4.0], [4.0, 4.0]]",4.5,"[3.0, 6.0]",5.0,0.5,0.993388256254452,0.3034708749999879
s_curve--demand_aligned,s_curve,demand_aligned,delay_2,added_delay,2.0,0.0,2,1.0,1669,delay_aware_dual_anchor,0.25,10.171077234626594,1.9966323349607182,1.9966323349607182,0.42030074715820287,0.19630490349275376,0.6666666666666666,0.3333333333333333,1.1122455198921966,0.5392322099260515,0.48481400939094466,0.42030074715820287,1,"[[3, 4], [2, 4], [2, 4], [2, 4]]","[true, true, true, true, true]",0,4.0,0,1,1,"[[3, 6], [3, 6], [3, 6], [3, 6], [3, 6]]","[[5, 8], [5, 8], [5, 8], [5, 8], [5, 8]]","[[2, 2], [2, 2], [2, 2], [2, 2], [2, 2]]","[[0.75, 1.5], [0.75, 1.5], [0.75, 1.5], [0.75, 1.5], [0.75, 1.5]]",4.5,"[3.0, 6.0]",5.0,0.5,0.9932772637305686,0.2616468749999967
s_curve--demand_conflict,s_curve,demand_conflict,delay_2,added_delay,2.0,0.0,2,1.0,1601,full_trajectory,0.0,4.6762918951378865,1.3220700152840574,1.3220700152840574,0.5073118744753646,0.28271759867228613,0.6666666666666666,0.5,1.0658863838103403,0.47844457657248063,0.44887014586126206,0.5073118744753646,0,"[[0, 1, 2, 3, 4, 5], [0, 1, 2, 3, 4, 5], [0, 1, 2, 3, 4, 5], [0, 1, 2, 3, 4, 5]]","[true, true, true, true, true]",0,0.0,0,1,1,[],[],[],[],nan,[],nan,nan,nan,0.30829558399997836
s_curve--demand_conflict,s_curve,demand_conflict,delay_2,added_delay,2.0,0.0,2,1.0,1601,error_peak_dynamic,0.0,4.6762918951378865,0.927855673675037,0.927855673675037,0.46036931603136927,0.1984169710705533,0.6666666666666666,0.16666666666666666,1.0658863838103403,0.5984168639099072,0.5614265019229172,0.46036931603136927,3,"[[2, 4], [3, 4], [2, 4], [2, 3]]","[true, true, true, true, true]",0,0.0,0,1,1,[],[],[],[],nan,[],nan,nan,nan,0.24311720800000103
s_curve--demand_conflict,s_curve,demand_conflict,delay_2,added_delay,2.0,0.0,2,1.0,1601,dual_anchor_dynamic,0.0,4.6762918951378865,0.985630759806103,0.985630759806103,0.4508123168187713,0.21077186409832538,0.6666666666666666,0.3333333333333333,1.0658863838103403,0.583025520412725,0.5469865543534951,0.4508123168187713,3,"[[2, 4], [3, 4], [2, 3], [2, 4]]","[true, true, true, true, true]",0,4.0,0,1,1,[],[],[],[],nan,[],nan,nan,nan,0.251572125000024
s_curve--demand_conflict,s_curve,demand_conflict,delay_2,added_delay,2.0,0.0,2,1.0,1601,fixed_delay_dual_anchor,1.0,4.6762918951378865,0.8420195196356388,0.8420195196356388,0.5111337287601095,0.1800613688189819,0.6666666666666666,0.0,1.0658863838103403,0.5662121600974781,0.5312124900905271,0.5111337287601095,0,"[[2, 4], [2, 4], [2, 4], [2, 4]]","[true, true, true, true, true]",0,4.0,0,1,1,"[[5, 6], [5, 6], [5, 6], [5, 6], [5, 6]]","[[7, 8], [7, 8], [7, 8], [7, 8], [7, 8]]","[[2, 2], [2, 2], [2, 2], [2, 2], [2, 2]]","[[4.0, 4.0], [4.0, 4.0], [4.0, 4.0], [4.0, 4.0], [4.0, 4.0]]",5.5,"[5.0, 6.0]",6.0,0.5,0.9987681925649603,0.3397394170000041
s_curve--demand_conflict,s_curve,demand_conflict,delay_2,added_delay,2.0,0.0,2,1.0,1601,delay_aware_dual_anchor,0.25,4.6762918951378865,0.6133680642115944,0.6133680642115944,0.411447756751808,0.13116547853852661,0.6666666666666666,0.0,1.0658863838103403,0.5471630589538231,0.513340884417549,0.411447756751808,0,"[[2, 4], [2, 4], [2, 4], [2, 4]]","[true, true, true, true, true]",0,4.0,0,1,1,"[[5, 6], [5, 6], [5, 6], [5, 6], [5, 6]]","[[7, 8], [7, 8], [7, 8], [7, 8], [7, 8]]","[[2, 2], [2, 2], [2, 2], [2, 2], [2, 2]]","[[1.25, 1.5], [1.25, 1.5], [1.25, 1.5], [1.25, 1.5], [1.25, 1.5]]",5.5,"[5.0, 6.0]",6.0,0.5,0.9986801954211862,0.3092807920000098
s_curve--demand_conflict,s_curve,demand_conflict,delay_2,added_delay,2.0,0.0,2,1.0,1627,full_trajectory,0.0,5.004904842003272,0.9981374768887823,0.9981374768887823,0.4432993221456648,0.19943185902596822,1.0,0.16666666666666666,1.0484743994150558,0.38938884393542883,0.37138612459461956,0.4432993221456648,0,"[[0, 1, 2, 3, 4, 5], [0, 1, 2, 3, 4, 5], [0, 1, 2, 3, 4, 5], [0, 1, 2, 3, 4, 5]]","[true, true, true, true, true]",0,0.0,0,1,1,[],[],[],[],nan,[],nan,nan,nan,0.25209679200000323
s_curve--demand_conflict,s_curve,demand_conflict,delay_2,added_delay,2.0,0.0,2,1.0,1627,error_peak_dynamic,0.0,5.004904842003272,0.8674441336325618,0.8674441336325618,0.4020596058021104,0.1733188064541417,1.0,0.3333333333333333,1.0484743994150558,0.5169669447166929,0.49306587266709506,0.4020596058021104,2,"[[3, 4], [3, 4], [2, 4], [2, 3]]","[true, true, true, true, true]",0,0.0,0,1,1,[],[],[],[],nan,[],nan,nan,nan,0.2664595420000069
s_curve--demand_conflict,s_curve,demand_conflict,delay_2,added_delay,2.0,0.0,2,1.0,1627,dual_anchor_dynamic,0.0,5.004904842003272,0.8370463992042807,0.8370463992042807,0.39634712053981513,0.16724521756726207,1.0,0.0,1.0484743994150558,0.48567068499867927,0.4632165413572664,0.39634712053981513,2,"[[3, 4], [3, 4], [2, 3], [2, 4]]","[true, true, true, true, true]",0,4.0,0,1,1,[],[],[],[],nan,[],nan,nan,nan,0.2305287920000012
s_curve--demand_conflict,s_curve,demand_conflict,delay_2,added_delay,2.0,0.0,2,1.0,1627,fixed_delay_dual_anchor,1.0,5.004904842003272,0.6887689336795784,0.6887689336795784,0.4570633267757408,0.13761878705447883,1.0,0.0,1.0484743994150558,0.479259102867103,0.45710138762995245,0.4570633267757408,1,"[[3, 4], [2, 4], [2, 4], [2, 4]]","[true, true, true, true, true]",0,4.0,0,1,1,"[[2, 5], [2, 5], [2, 5], [2, 5], [2, 5]]","[[4, 7], [4, 7], [4, 7], [4, 7], [4, 7]]","[[2, 2], [2, 2], [2, 2], [2, 2], [2, 2]]","[[4.0, 4.0], [4.0, 4.0], [4.0, 4.0], [4.0, 4.0], [4.0, 4.0]]",3.5,"[2.0, 5.0]",4.0,0.5,0.9933127372605022,0.28523595900000487
s_curve--demand_conflict,s_curve,demand_conflict,delay_2,added_delay,2.0,0.0,2,1.0,1627,delay_aware_dual_anchor,0.25,5.004904842003272,0.8272669538141753,0.8272669538141753,0.37073272369351434,0.16529124527431613,1.0,0.16666666666666666,1.0484743994150558,0.43717460002028,0.4169625889427342,0.37073272369351434,2,"[[3, 4], [2, 4], [2, 4], [2, 3]]","[true, true, true, true, true]",0,4.0,0,1,1,"[[2, 5], [2, 5], [2, 5], [2, 5], [2, 5]]","[[4, 7], [4, 7], [4, 7], [4, 7], [4, 7]]","[[2, 2], [2, 2], [2, 2], [2, 2], [2, 2]]","[[0.5, 1.25], [0.5, 1.25], [0.5, 1.25], [0.5, 1.25], [0.5, 1.25]]",3.5,"[2.0, 5.0]",4.0,0.5,0.9936218416599282,0.26129825000001006
s_curve--demand_conflict,s_curve,demand_conflict,delay_2,added_delay,2.0,0.0,2,1.0,1657,full_trajectory,0.0,6.163321899204057,2.4786028026700606,2.4786028026700606,0.557532358040899,0.40215371567565733,0.6666666666666666,0.5,1.3579701419200034,0.7360970430910115,0.5420568688279556,0.557532358040899,0,"[[0, 1, 2, 3, 4, 5], [0, 1, 2, 3, 4, 5], [0, 1, 2, 3, 4, 5], [0, 1, 2, 3, 4, 5]]","[true, true, true, true, true]",0,0.0,0,1,1,[],[],[],[],nan,[],nan,nan,nan,0.30916495799999666
s_curve--demand_conflict,s_curve,demand_conflict,delay_2,added_delay,2.0,0.0,2,1.0,1657,error_peak_dynamic,0.0,6.163321899204057,1.910039897824744,1.910039897824744,0.5113213809045948,0.3099042900990471,0.6666666666666666,0.6666666666666666,1.3579701419200034,1.0144675322361698,0.7470470085607605,0.5113213809045948,2,"[[2, 4], [3, 4], [2, 4], [2, 4]]","[true, true, true, true, true]",0,0.0,0,1,1,[],[],[],[],nan,[],nan,nan,nan,0.24971754200001328
s_curve--demand_conflict,s_curve,demand_conflict,delay_2,added_delay,2.0,0.0,2,1.0,1657,dual_anchor_dynamic,0.0,6.163321899204057,1.7167884171313386,1.7167884171313386,0.5047503616045296,0.27854920531621885,0.6666666666666666,0.5,1.3579701419200034,0.9171277553828981,0.6753666572419567,0.5047503616045296,2,"[[2, 4], [3, 4], [2, 4], [2, 4]]","[true, true, true, true, true]",0,4.0,0,1,1,[],[],[],[],nan,[],nan,nan,nan,0.246939416999993
s_curve--demand_conflict,s_curve,demand_conflict,delay_2,added_delay,2.0,0.0,2,1.0,1657,fixed_delay_dual_anchor,1.0,6.163321899204057,1.4873015053000072,1.4873015053000072,0.5379768524671865,0.24131491582357237,0.6666666666666666,0.3333333333333333,1.3579701419200034,0.7832988029043028,0.5768159245363188,0.5379768524671865,1,"[[2, 4], [2, 4], [2, 4], [3, 4]]","[true, true, true, true, true]",0,4.0,0,1,1,"[[6, 7], [6, 7], [6, 7], [6, 7], [6, 7]]","[[8, 9], [8, 9], [8, 9], [8, 9], [8, 9]]","[[2, 2], [2, 2], [2, 2], [2, 2], [2, 2]]","[[4.0, 4.0], [4.0, 4.0], [4.0, 4.0], [4.0, 4.0], [4.0, 4.0]]",6.5,"[6.0, 7.0]",6.5,0.0,0.9976578181550083,0.301575291000006
s_curve--demand_conflict,s_curve,demand_conflict,delay_2,added_delay,2.0,0.0,2,1.0,1657,delay_aware_dual_anchor,0.25,6.163321899204057,1.417166402168459,1.417166402168459,0.46957848810025193,0.22993548371235883,0.6666666666666666,0.16666666666666666,1.3579701419200034,0.8136824870755708,0.5991902634362221,0.46957848810025193,0,"[[2, 4], [2, 4], [2, 4], [2, 4]]","[true, true, true, true, true]",0,4.0,0,1,1,"[[6, 7], [6, 7], [6, 7], [6, 7], [6, 7]]","[[8, 9], [8, 9], [8, 9], [8, 9], [8, 9]]","[[2, 2], [2, 2], [2, 2], [2, 2], [2, 2]]","[[1.5, 1.75], [1.5, 1.75], [1.5, 1.75], [1.5, 1.75], [1.5, 1.75]]",6.5,"[6.0, 7.0]",6.5,0.0,0.9973531566281184,0.3032922499999984
s_curve--demand_conflict,s_curve,demand_conflict,delay_2,added_delay,2.0,0.0,2,1.0,1669,full_trajectory,0.0,5.266645857763872,1.2345391490746689,1.2345391490746689,0.4694471183179391,0.2344070937017271,1.0,0.5,1.1122455198921966,0.4644948377248821,0.4176189783797941,0.4694471183179391,0,"[[0, 1, 2, 3, 4, 5], [0, 1, 2, 3, 4, 5], [0, 1, 2, 3, 4, 5], [0, 1, 2, 3, 4, 5]]","[true, true, true, true, true]",0,0.0,0,1,1,[],[],[],[],nan,[],nan,nan,nan,0.27499537500000315
s_curve--demand_conflict,s_curve,demand_conflict,delay_2,added_delay,2.0,0.0,2,1.0,1669,error_peak_dynamic,0.0,5.266645857763872,1.013058062671491,1.013058062671491,0.425176941705335,0.19235355670973822,1.0,0.3333333333333333,1.1122455198921966,0.601057928520297,0.5404004042008226,0.425176941705335,2,"[[3, 4], [3, 4], [2, 4], [2, 3]]","[true, true, true, true, true]",0,0.0,0,1,1,[],[],[],[],nan,[],nan,nan,nan,0.20744670799999199
s_curve--demand_conflict,s_curve,demand_conflict,delay_2,added_delay,2.0,0.0,2,1.0,1669,dual_anchor_dynamic,0.0,5.266645857763872,1.0109892222727064,1.0109892222727064,0.4185882117869135,0.19196073736044883,1.0,0.5,1.1122455198921966,0.5742552803953632,0.5163026239485526,0.4185882117869135,2,"[[3, 4], [3, 4], [2, 3], [2, 4]]","[true, true, true, true, true]",0,4.0,0,1,1,[],[],[],[],nan,[],nan,nan,nan,0.22737395799998694
s_curve--demand_conflict,s_curve,demand_conflict,delay_2,added_delay,2.0,0.0,2,1.0,1669,fixed_delay_dual_anchor,1.0,5.266645857763872,0.8372186908087833,0.8372186908087833,0.46503197766386317,0.158966202288804,1.0,0.0,1.1122455198921966,0.5555241326963868,0.49946178497552457,0.46503197766386317,1,"[[3, 4], [2, 4], [2, 4], [2, 4]]","[true, true, true, true, true]",0,4.0,0,1,1,"[[3, 6], [3, 6], [3, 6], [3, 6], [3, 6]]","[[5, 8], [5, 8], [5, 8], [5, 8], [5, 8]]","[[2, 2], [2, 2], [2, 2], [2, 2], [2, 2]]","[[4.0, 4.0], [4.0, 4.0], [4.0, 4.0], [4.0, 4.0], [4.0, 4.0]]",4.5,"[3.0, 6.0]",5.0,0.5,0.993388256254452,0.28499570799999674
s_curve--demand_conflict,s_curve,demand_conflict,delay_2,added_delay,2.0,0.0,2,1.0,1669,delay_aware_dual_anchor,0.25,5.266645857763872,0.9816223411630535,0.9969211303616704,0.38942010972677066,0.18638472524519306,1.0,0.5,1.1122455198921966,0.6074998554771817,0.5461922251986802,0.38942010972677066,2,"[[3, 4], [2, 4], [2, 4], [2, 3]]","[true, true, true, true, false]",1,2.0,0,1,1,"[[3, 6], [3, 6], [3, 6], [3, 6], [3, 6]]","[[5, 8], [5, 8], [5, 8], [5, 8], [5, 8]]","[[2, 2], [2, 2], [2, 2], [2, 2], [2, 2]]","[[0.75, 1.5], [0.75, 1.5], [0.75, 1.5], [0.75, 1.5], [0.75, 1.5]]",4.5,"[3.0, 6.0]",5.0,0.5,0.9932772637305686,0.25840816599998107
harmonic_loop--neutral,harmonic_loop,neutral,n0_d1_m0,factorial_combination,1.0,0.0,4,1.0,1601,full_trajectory,0.0,16.96537157890121,9.634868816739619,9.634868816739619,0.6670852150111322,0.567913810312408,0.8333333333333334,0.8333333333333334,2.6176602059492127,1.489581664860157,0.569050811665606,0.6670852150111322,0,"[[0, 1, 2, 3, 4, 5], [0, 1, 2, 3, 4, 5], [0, 1, 2, 3, 4, 5], [0, 1, 2, 3, 4, 5]]","[true, true, true, true, true]",0,0.0,0,1,1,[],[],[],[],nan,[],nan,nan,nan,0.35604474999999525
harmonic_loop--neutral,harmonic_loop,neutral,n0_d1_m0,factorial_combination,1.0,0.0,4,1.0,1601,error_peak_dynamic,0.0,16.96537157890121,9.640293826028536,9.640293826028536,0.6700698727502434,0.5682335798655643,0.8333333333333334,0.8333333333333334,2.6176602059492127,1.5865890801089575,0.6061096381047022,0.6700698727502434,2,"[[2, 3], [2, 3], [3, 4], [2, 3]]","[true, true, true, true, true]",0,0.0,0,1,1,[],[],[],[],nan,[],nan,nan,nan,0.35829999999998563
harmonic_loop--neutral,harmonic_loop,neutral,n0_d1_m0,factorial_combination,1.0,0.0,4,1.0,1601,dual_anchor_dynamic,0.0,16.96537157890121,9.596408797446145,9.640293826028536,0.6700698727502434,0.5656468384919202,0.8333333333333334,0.8333333333333334,2.6176602059492127,1.6187451439514673,0.6183939154029657,0.6700698727502434,2,"[[2, 3], [2, 3], [3, 4], [2, 3]]","[true, true, true, true, false]",1,2.0,0,1,1,[],[],[],[],nan,[],nan,nan,nan,0.41737162500001546
harmonic_loop--neutral,harmonic_loop,neutral,n0_d1_m0,factorial_combination,1.0,0.0,4,1.0,1601,fixed_delay_dual_anchor,1.0,16.96537157890121,7.8786795218003896,7.8786795218003896,0.6226188370605521,0.46439769887496124,0.8333333333333334,0.6666666666666666,2.6176602059492127,1.38302518760205,0.5283440472750508,0.6226188370605521,3,"[[2, 3], [1, 3], [2, 3], [3, 4]]","[true, true, true, true, true]",0,4.0,0,1,1,"[[7, 8], [7, 8], [7, 8], [7, 8], [7, 8]]","[[9, 10], [9, 10], [9, 10], [9, 10], [9, 10]]","[[2, 2], [2, 2], [2, 2], [2, 2], [2, 2]]","[[4.0, 4.0], [4.0, 4.0], [4.0, 4.0], [4.0, 4.0], [4.0, 4.0]]",7.5,"[7.0, 8.0]",8.0,0.5,0.99920107028178,0.46688791599999035
harmonic_loop--neutral,harmonic_loop,neutral,n0_d1_m0,factorial_combination,1.0,0.0,4,1.0,1601,delay_aware_dual_anchor,0.25,16.96537157890121,8.565053248123636,8.89847956950753,0.6340321002280969,0.5048550341670952,0.8333333333333334,0.8333333333333334,2.6176602059492127,1.426788826587201,0.5450626568507659,0.6340321002280969,2,"[[2, 3], [2, 3], [3, 4], [1, 3]]","[true, true, true, true, false]",1,2.0,0,1,1,"[[7, 8], [7, 8], [7, 8], [7, 8], [7, 8]]","[[9, 10], [9, 10], [9, 10], [9, 10], [9, 10]]","[[2, 2], [2, 2], [2, 2], [2, 2], [2, 2]]","[[1.75, 2.0], [1.75, 2.0], [1.75, 2.0], [1.75, 2.0], [1.75, 2.0]]",7.5,"[7.0, 8.0]",8.0,0.5,0.9991784378961439,0.39021349999998733
harmonic_loop--neutral,harmonic_loop,neutral,n0_d1_m0,factorial_combination,1.0,0.0,4,1.0,1627,full_trajectory,0.0,15.579369074096931,8.507063561174405,8.507063561174405,0.6528682061646165,0.5460467314635156,0.6666666666666666,0.6666666666666666,2.1876563894940064,1.246881021467211,0.5699620047532273,0.6528682061646165,0,"[[0, 1, 2, 3, 4, 5], [0, 1, 2, 3, 4, 5], [0, 1, 2, 3, 4, 5], [0, 1, 2, 3, 4, 5]]","[true, true, true, true, true]",0,0.0,0,1,1,[],[],[],[],nan,[],nan,nan,nan,0.331305666999981
harmonic_loop--neutral,harmonic_loop,neutral,n0_d1_m0,factorial_combination,1.0,0.0,4,1.0,1627,error_peak_dynamic,0.0,15.579369074096931,8.564583966096178,8.564583966096178,0.6387743831001631,0.5497388196763436,0.6666666666666666,0.8333333333333334,2.1876563894940064,1.3872840998828657,0.6341416808165826,0.6387743831001631,2,"[[2, 3], [2, 3], [3, 4], [1, 3]]","[true, true, true, true, true]",0,0.0,0,1,1,[],[],[],[],nan,[],nan,nan,nan,0.2998539170000072
harmonic_loop--neutral,harmonic_loop,neutral,n0_d1_m0,factorial_combination,1.0,0.0,4,1.0,1627,dual_anchor_dynamic,0.0,15.579369074096931,8.0640653016125,8.564583966096178,0.6387743831001631,0.5176118020735663,0.6666666666666666,0.6666666666666666,2.1876563894940064,1.3883330769701263,0.6346211789188889,0.6387743831001631,2,"[[2, 3], [2, 3], [3, 4], [1, 3]]","[true, true, true, true, false]",1,2.0,0,1,1,[],[],[],[],nan,[],nan,nan,nan,0.3031252080000115
harmonic_loop--neutral,harmonic_loop,neutral,n0_d1_m0,factorial_combination,1.0,0.0,4,1.0,1627,fixed_delay_dual_anchor,1.0,15.579369074096931,6.761235535239122,6.761235535239122,0.5841273297445269,0.43398647936781365,0.6666666666666666,0.6666666666666666,2.1876563894940064,1.1649613477357095,0.5325156881721992,0.5841273297445269,3,"[[2, 3], [1, 3], [2, 3], [3, 4]]","[true, true, true, true, true]",0,4.0,0,1,1,"[[4, 7], [4, 7], [4, 7], [4, 7], [4, 7]]","[[6, 9], [6, 9], [6, 9], [6, 9], [6, 9]]","[[2, 2], [2, 2], [2, 2], [2, 2], [2, 2]]","[[4.0, 4.0], [4.0, 4.0], [4.0, 4.0], [4.0, 4.0], [4.0, 4.0]]",5.5,"[4.0, 7.0]",6.0,0.5,0.9953305543415902,0.3639137079999841
harmonic_loop--neutral,harmonic_loop,neutral,n0_d1_m0,factorial_combination,1.0,0.0,4,1.0,1627,delay_aware_dual_anchor,0.25,15.579369074096931,7.364555318946326,7.71241958095592,0.6043192376400567,0.4727120388457206,0.6666666666666666,0.6666666666666666,2.1876563894940064,1.2335865494679845,0.5638849663009952,0.6043192376400567,2,"[[2, 3], [2, 3], [3, 4], [1, 3]]","[true, true, true, true, false]",1,2.0,0,1,1,"[[4, 7], [4, 7], [4, 7], [4, 7], [4, 7]]","[[6, 9], [6, 9], [6, 9], [6, 9], [6, 9]]","[[2, 2], [2, 2], [2, 2], [2, 2], [2, 2]]","[[1.0, 1.75], [1.0, 1.75], [1.0, 1.75], [1.0, 1.75], [1.0, 1.75]]",5.5,"[4.0, 7.0]",6.0,0.5,0.9952144083455304,0.32665016700002525
harmonic_loop--neutral,harmonic_loop,neutral,n0_d1_m0,factorial_combination,1.0,0.0,4,1.0,1657,full_trajectory,0.0,20.619577933888447,14.417171426120065,14.417171426120065,0.7597257807064826,0.6991981830251397,0.8333333333333334,0.8333333333333334,3.1536238580311386,2.022044815239438,0.6411813539810785,0.7597257807064826,0,"[[0, 1, 2, 3, 4, 5], [0, 1, 2, 3, 4, 5], [0, 1, 2, 3, 4, 5], [0, 1, 2, 3, 4, 5]]","[true, true, true, true, true]",0,0.0,0,1,1,[],[],[],[],nan,[],nan,nan,nan,0.3539566670000056
harmonic_loop--neutral,harmonic_loop,neutral,n0_d1_m0,factorial_combination,1.0,0.0,4,1.0,1657,error_peak_dynamic,0.0,20.619577933888447,14.388981283991699,14.388981283991699,0.7649922747942314,0.6978310288467782,0.8333333333333334,0.8333333333333334,3.1536238580311386,2.1266706524125545,0.6743577383195825,0.7649922747942314,2,"[[2, 3], [2, 3], [3, 4], [2, 3]]","[true, true, true, true, true]",0,0.0,0,1,1,[],[],[],[],nan,[],nan,nan,nan,0.42117854200000693
harmonic_loop--neutral,harmonic_loop,neutral,n0_d1_m0,factorial_combination,1.0,0.0,4,1.0,1657,dual_anchor_dynamic,0.0,20.619577933888447,14.355570521120967,14.388981283991699,0.7649922747942314,0.6962106871027398,0.8333333333333334,0.8333333333333334,3.1536238580311386,2.1567619173827306,0.683899543659983,0.7649922747942314,2,"[[2, 3], [2, 3], [3, 4], [2, 3]]","[true, true, true, true, false]",1,2.0,0,1,1,[],[],[],[],nan,[],nan,nan,nan,0.42696420800001533
harmonic_loop--neutral,harmonic_loop,neutral,n0_d1_m0,factorial_combination,1.0,0.0,4,1.0,1657,fixed_delay_dual_anchor,1.0,20.619577933888447,11.667948229838496,11.667948229838496,0.7057986675418176,0.5658674618485826,0.8333333333333334,0.8333333333333334,3.1536238580311386,1.7459496211784915,0.5536328046010274,0.7057986675418176,3,"[[2, 3], [1, 3], [2, 3], [3, 4]]","[true, true, true, true, true]",0,4.0,0,1,1,"[[8, 9], [8, 9], [8, 9], [8, 9], [8, 9]]","[[10, 11], [10, 11], [10, 11], [10, 11], [10, 11]]","[[2, 2], [2, 2], [2, 2], [2, 2], [2, 2]]","[[4.0, 4.0], [4.0, 4.0], [4.0, 4.0], [4.0, 4.0], [4.0, 4.0]]",8.5,"[8.0, 9.0]",8.5,0.0,0.9984563588446156,0.5067979170000001
harmonic_loop--neutral,harmonic_loop,neutral,n0_d1_m0,factorial_combination,1.0,0.0,4,1.0,1657,delay_aware_dual_anchor,0.25,20.619577933888447,13.248910144368848,13.33640164927617,0.7178463275734709,0.6425403171126095,0.8333333333333334,0.8333333333333334,3.1536238580311386,1.94428907030639,0.6165253555381975,0.7178463275734709,2,"[[2, 3], [3, 4], [2, 3], [2, 3]]","[true, true, true, false, false]",2,1.0,0,1,1,"[[8, 9], [8, 9], [8, 9], [8, 9], [8, 9]]","[[10, 11], [10, 11], [10, 11], [10, 11], [10, 11]]","[[2, 2], [2, 2], [2, 2], [2, 2], [2, 2]]","[[2.0, 2.25], [2.0, 2.25], [2.0, 2.25], [2.0, 2.25], [2.0, 2.25]]",8.5,"[8.0, 9.0]",8.5,0.0,0.9983825485385271,0.44183175000000574
harmonic_loop--neutral,harmonic_loop,neutral,n0_d1_m0,factorial_combination,1.0,0.0,4,1.0,1669,full_trajectory,0.0,16.770561755242017,9.976456499609476,9.976456499609476,0.6890132807723985,0.5948790890377366,0.6666666666666666,0.6666666666666666,2.382604041868517,1.455979228238071,0.611087366030087,0.6890132807723985,0,"[[0, 1, 2, 3, 4, 5], [0, 1, 2, 3, 4, 5], [0, 1, 2, 3, 4, 5], [0, 1, 2, 3, 4, 5]]","[true, true, true, true, true]",0,0.0,0,1,1,[],[],[],[],nan,[],nan,nan,nan,0.35293637500001296
harmonic_loop--neutral,harmonic_loop,neutral,n0_d1_m0,factorial_combination,1.0,0.0,4,1.0,1669,error_peak_dynamic,0.0,16.770561755242017,10.029622924429775,10.029622924429775,0.6746187648677655,0.5980493122894223,0.6666666666666666,0.8333333333333334,2.382604041868517,1.5763960637681111,0.6616273774688342,0.6746187648677655,2,"[[2, 3], [2, 3], [3, 4], [1, 3]]","[true, true, true, true, true]",0,0.0,0,1,1,[],[],[],[],nan,[],nan,nan,nan,0.34942570799998407
harmonic_loop--neutral,harmonic_loop,neutral,n0_d1_m0,factorial_combination,1.0,0.0,4,1.0,1669,dual_anchor_dynamic,0.0,16.770561755242017,9.441047169870563,10.029622924429775,0.6746187648677655,0.5629535436950733,0.6666666666666666,0.6666666666666666,2.382604041868517,1.5622984459407794,0.6557104825170922,0.6746187648677655,2,"[[2, 3], [2, 3], [3, 4], [1, 3]]","[true, true, true, true, false]",1,2.0,0,1,1,[],[],[],[],nan,[],nan,nan,nan,0.32781541599999287
harmonic_loop--neutral,harmonic_loop,neutral,n0_d1_m0,factorial_combination,1.0,0.0,4,1.0,1669,fixed_delay_dual_anchor,1.0,16.770561755242017,8.084959655020457,8.084959655020457,0.6247942651784844,0.4820923576095071,0.6666666666666666,0.6666666666666666,2.382604041868517,1.335210804504741,0.5603997899112203,0.6247942651784844,3,"[[2, 3], [1, 3], [2, 3], [3, 4]]","[true, true, true, true, true]",0,4.0,0,1,1,"[[5, 8], [5, 8], [5, 8], [5, 8], [5, 8]]","[[7, 10], [7, 10], [7, 10], [7, 10], [7, 10]]","[[2, 2], [2, 2], [2, 2], [2, 2], [2, 2]]","[[4.0, 4.0], [4.0, 4.0], [4.0, 4.0], [4.0, 4.0], [4.0, 4.0]]",6.5,"[5.0, 8.0]",7.0,0.5,0.9951445954484708,0.4246808329999965
harmonic_loop--neutral,harmonic_loop,neutral,n0_d1_m0,factorial_combination,1.0,0.0,4,1.0,1669,delay_aware_dual_anchor,0.25,16.770561755242017,8.666877197542924,9.024468453919038,0.6387082803605498,0.5167911083738084,0.6666666666666666,0.6666666666666666,2.382604041868517,1.3864106406835848,0.581888814222071,0.6387082803605498,2,"[[2, 3], [2, 3], [3, 4], [1, 3]]","[true, true, true, true, false]",1,2.0,0,1,1,"[[5, 8], [5, 8], [5, 8], [5, 8], [5, 8]]","[[7, 10], [7, 10], [7, 10], [7, 10], [7, 10]]","[[2, 2], [2, 2], [2, 2], [2, 2], [2, 2]]","[[1.25, 2.0], [1.25, 2.0], [1.25, 2.0], [1.25, 2.0], [1.25, 2.0]]",6.5,"[5.0, 8.0]",7.0,0.5,0.9951906633033797,0.37013970900000004
harmonic_loop--demand_aligned,harmonic_loop,demand_aligned,n0_d1_m0,factorial_combination,1.0,0.0,4,1.0,1601,full_trajectory,0.0,28.041346623935265,15.37178434011075,15.37178434011075,0.6557868065516308,0.5481828154069409,0.8333333333333334,0.6666666666666666,2.6176602059492127,1.489581664860157,0.569050811665606,0.6557868065516308,0,"[[0, 1, 2, 3, 4, 5], [0, 1, 2, 3, 4, 5], [0, 1, 2, 3, 4, 5], [0, 1, 2, 3, 4, 5]]","[true, true, true, true, true]",0,0.0,0,1,1,[],[],[],[],nan,[],nan,nan,nan,0.3751356660000056
harmonic_loop--demand_aligned,harmonic_loop,demand_aligned,n0_d1_m0,factorial_combination,1.0,0.0,4,1.0,1601,error_peak_dynamic,0.0,28.041346623935265,13.815812799563993,13.815812799563993,0.6257557829629821,0.49269434114020844,0.8333333333333334,0.8333333333333334,2.6176602059492127,1.8421513838165204,0.7037396907474176,0.6257557829629821,3,"[[2, 3], [1, 3], [2, 3], [1, 3]]","[true, true, true, true, true]",0,0.0,0,1,1,[],[],[],[],nan,[],nan,nan,nan,0.3095704170000033
harmonic_loop--demand_aligned,harmonic_loop,demand_aligned,n0_d1_m0,factorial_combination,1.0,0.0,4,1.0,1601,dual_anchor_dynamic,0.0,28.041346623935265,15.886205239330554,15.966682396787816,0.6712423522954977,0.5665279008309307,0.8333333333333334,0.8333333333333334,2.6176602059492127,1.6187451439514673,0.6183939154029657,0.6712423522954977,2,"[[2, 3], [2, 3], [3, 4], [2, 3]]","[true, true, true, true, false]",1,2.0,0,1,1,[],[],[],[],nan,[],nan,nan,nan,0.8931941249999795
harmonic_loop--demand_aligned,harmonic_loop,demand_aligned,n0_d1_m0,factorial_combination,1.0,0.0,4,1.0,1601,fixed_delay_dual_anchor,1.0,28.041346623935265,12.82549535775264,12.82549535775264,0.6117829896879188,0.45737801146843554,0.8333333333333334,0.6666666666666666,2.6176602059492127,1.38302518760205,0.5283440472750508,0.6117829896879188,3,"[[2, 3], [1, 3], [2, 3], [3, 4]]","[true, true, true, true, true]",0,4.0,0,1,1,"[[7, 8], [7, 8], [7, 8], [7, 8], [7, 8]]","[[9, 10], [9, 10], [9, 10], [9, 10], [9, 10]]","[[2, 2], [2, 2], [2, 2], [2, 2], [2, 2]]","[[4.0, 4.0], [4.0, 4.0], [4.0, 4.0], [4.0, 4.0], [4.0, 4.0]]",7.5,"[7.0, 8.0]",8.0,0.5,0.99920107028178,0.621218749999997
harmonic_loop--demand_aligned,harmonic_loop,demand_aligned,n0_d1_m0,factorial_combination,1.0,0.0,4,1.0,1601,delay_aware_dual_anchor,0.25,28.041346623935265,14.135642242224197,14.610997766866536,0.6317723260997408,0.5040999789274896,0.8333333333333334,0.6666666666666666,2.6176602059492127,1.426788826587201,0.5450626568507659,0.6317723260997408,2,"[[2, 3], [2, 3], [3, 4], [1, 3]]","[true, true, true, true, false]",1,2.0,0,1,1,"[[7, 8], [7, 8], [7, 8], [7, 8], [7, 8]]","[[9, 10], [9, 10], [9, 10], [9, 10], [9, 10]]","[[2, 2], [2, 2], [2, 2], [2, 2], [2, 2]]","[[1.75, 2.0], [1.75, 2.0], [1.75, 2.0], [1.75, 2.0], [1.75, 2.0]]",7.5,"[7.0, 8.0]",8.0,0.5,0.9991784378961439,0.412990791999988
harmonic_loop--demand_aligned,harmonic_loop,demand_aligned,n0_d1_m0,factorial_combination,1.0,0.0,4,1.0,1627,full_trajectory,0.0,26.22588337561239,13.776360177325598,13.776360177325598,0.639030103095843,0.5252963257716733,0.6666666666666666,0.6666666666666666,2.1876563894940064,1.246881021467211,0.5699620047532273,0.639030103095843,0,"[[0, 1, 2, 3, 4, 5], [0, 1, 2, 3, 4, 5], [0, 1, 2, 3, 4, 5], [0, 1, 2, 3, 4, 5]]","[true, true, true, true, true]",0,0.0,0,1,1,[],[],[],[],nan,[],nan,nan,nan,0.563503207999986
harmonic_loop--demand_aligned,harmonic_loop,demand_aligned,n0_d1_m0,factorial_combination,1.0,0.0,4,1.0,1627,error_peak_dynamic,0.0,26.22588337561239,12.24746334228934,12.24746334228934,0.596494201314981,0.4669990774716222,0.6666666666666666,0.6666666666666666,2.1876563894940064,1.6291563730290952,0.7447039584703293,0.596494201314981,2,"[[2, 3], [1, 3], [1, 3], [2, 3]]","[true, true, true, true, true]",0,0.0,0,1,1,[],[],[],[],nan,[],nan,nan,nan,0.329064499999987
harmonic_loop--demand_aligned,harmonic_loop,demand_aligned,n0_d1_m0,factorial_combination,1.0,0.0,4,1.0,1627,dual_anchor_dynamic,0.0,26.22588337561239,13.462246851898984,14.253323481939029,0.6356454876302056,0.5133191000314449,0.6666666666666666,0.6666666666666666,2.1876563894940064,1.3883330769701263,0.6346211789188889,0.6356454876302056,2,"[[2, 3], [2, 3], [3, 4], [1, 3]]","[true, true, true, true, false]",1,2.0,0,1,1,[],[],[],[],nan,[],nan,nan,nan,0.6637186670000119
harmonic_loop--demand_aligned,harmonic_loop,demand_aligned,n0_d1_m0,factorial_combination,1.0,0.0,4,1.0,1627,fixed_delay_dual_anchor,1.0,26.22588337561239,11.012132548510964,11.012132548510964,0.5700142269035589,0.41989558142972655,0.6666666666666666,0.6666666666666666,2.1876563894940064,1.1649613477357095,0.5325156881721992,0.5700142269035589,3,"[[2, 3], [1, 3], [2, 3], [3, 4]]","[true, true, true, true, true]",0,4.0,0,1,1,"[[4, 7], [4, 7], [4, 7], [4, 7], [4, 7]]","[[6, 9], [6, 9], [6, 9], [6, 9], [6, 9]]","[[2, 2], [2, 2], [2, 2], [2, 2], [2, 2]]","[[4.0, 4.0], [4.0, 4.0], [4.0, 4.0], [4.0, 4.0], [4.0, 4.0]]",5.5,"[4.0, 7.0]",6.0,0.5,0.9953305543415902,0.40608262500001047
harmonic_loop--demand_aligned,harmonic_loop,demand_aligned,n0_d1_m0,factorial_combination,1.0,0.0,4,1.0,1627,delay_aware_dual_anchor,0.25,26.22588337561239,12.25233047836385,12.78210660622759,0.5989508775873799,0.46718466268165315,0.6666666666666666,0.6666666666666666,2.1876563894940064,1.2335865494679845,0.5638849663009952,0.5989508775873799,2,"[[2, 3], [2, 3], [3, 4], [1, 3]]","[true, true, true, true, false]",1,2.0,0,1,1,"[[4, 7], [4, 7], [4, 7], [4, 7], [4, 7]]","[[6, 9], [6, 9], [6, 9], [6, 9], [6, 9]]","[[2, 2], [2, 2], [2, 2], [2, 2], [2, 2]]","[[1.0, 1.75], [1.0, 1.75], [1.0, 1.75], [1.0, 1.75], [1.0, 1.75]]",5.5,"[4.0, 7.0]",6.0,0.5,0.9952144083455304,0.33779174999997963
harmonic_loop--demand_aligned,harmonic_loop,demand_aligned,n0_d1_m0,factorial_combination,1.0,0.0,4,1.0,1657,full_trajectory,0.0,34.203490548022515,23.584510374731742,23.584510374731742,0.7562918452709515,0.6895351906150785,0.8333333333333334,0.8333333333333334,3.1536238580311386,2.022044815239438,0.6411813539810785,0.7562918452709515,0,"[[0, 1, 2, 3, 4, 5], [0, 1, 2, 3, 4, 5], [0, 1, 2, 3, 4, 5], [0, 1, 2, 3, 4, 5]]","[true, true, true, true, true]",0,0.0,0,1,1,[],[],[],[],nan,[],nan,nan,nan,0.6925060829999836
harmonic_loop--demand_aligned,harmonic_loop,demand_aligned,n0_d1_m0,factorial_combination,1.0,0.0,4,1.0,1657,error_peak_dynamic,0.0,34.203490548022515,19.223095076838913,19.223095076838913,0.6921006226583454,0.562021441930005,0.8333333333333334,0.8333333333333334,3.1536238580311386,2.194877765105467,0.6959859082483498,0.6921006226583454,3,"[[2, 3], [1, 3], [2, 3], [1, 3]]","[true, true, true, true, true]",0,0.0,0,1,1,[],[],[],[],nan,[],nan,nan,nan,0.4106101669999873
harmonic_loop--demand_aligned,harmonic_loop,demand_aligned,n0_d1_m0,factorial_combination,1.0,0.0,4,1.0,1657,dual_anchor_dynamic,0.0,34.203490548022515,24.023048339167527,24.11414081125408,0.7697653239327112,0.7023566295211477,0.8333333333333334,0.8333333333333334,3.1536238580311386,2.1567619173827306,0.683899543659983,0.7697653239327112,2,"[[2, 3], [2, 3], [3, 4], [2, 3]]","[true, true, true, true, false]",1,2.0,0,1,1,[],[],[],[],nan,[],nan,nan,nan,0.47604350000000295
harmonic_loop--demand_aligned,harmonic_loop,demand_aligned,n0_d1_m0,factorial_combination,1.0,0.0,4,1.0,1657,fixed_delay_dual_anchor,1.0,34.203490548022515,19.376375840170994,19.376375840170994,0.7021761513765143,0.566502878206717,0.8333333333333334,0.8333333333333334,3.1536238580311386,1.7459496211784915,0.5536328046010274,0.7021761513765143,3,"[[2, 3], [1, 3], [2, 3], [3, 4]]","[true, true, true, true, true]",0,4.0,0,1,1,"[[8, 9], [8, 9], [8, 9], [8, 9], [8, 9]]","[[10, 11], [10, 11], [10, 11], [10, 11], [10, 11]]","[[2, 2], [2, 2], [2, 2], [2, 2], [2, 2]]","[[4.0, 4.0], [4.0, 4.0], [4.0, 4.0], [4.0, 4.0], [4.0, 4.0]]",8.5,"[8.0, 9.0]",8.5,0.0,0.9984563588446156,0.6865899580000132
harmonic_loop--demand_aligned,harmonic_loop,demand_aligned,n0_d1_m0,factorial_combination,1.0,0.0,4,1.0,1657,delay_aware_dual_anchor,0.25,34.203490548022515,22.059042706467,22.245632492153174,0.7203275229002551,0.6449354248068798,0.8333333333333334,0.6666666666666666,3.1536238580311386,1.94428907030639,0.6165253555381975,0.7203275229002551,2,"[[2, 3], [3, 4], [2, 3], [2, 3]]","[true, true, true, false, false]",2,1.0,0,1,1,"[[8, 9], [8, 9], [8, 9], [8, 9], [8, 9]]","[[10, 11], [10, 11], [10, 11], [10, 11], [10, 11]]","[[2, 2], [2, 2], [2, 2], [2, 2], [2, 2]]","[[2.0, 2.25], [2.0, 2.25], [2.0, 2.25], [2.0, 2.25], [2.0, 2.25]]",8.5,"[8.0, 9.0]",8.5,0.0,0.9983825485385271,0.4592145410000228
harmonic_loop--demand_aligned,harmonic_loop,demand_aligned,n0_d1_m0,factorial_combination,1.0,0.0,4,1.0,1669,full_trajectory,0.0,28.16044347999705,16.150287720481806,16.150287720481806,0.6756208758412077,0.5735097081107297,0.6666666666666666,0.6666666666666666,2.382604041868517,1.455979228238071,0.611087366030087,0.6756208758412077,0,"[[0, 1, 2, 3, 4, 5], [0, 1, 2, 3, 4, 5], [0, 1, 2, 3, 4, 5], [0, 1, 2, 3, 4, 5]]","[true, true, true, true, true]",0,0.0,0,1,1,[],[],[],[],nan,[],nan,nan,nan,0.3997705000000167
harmonic_loop--demand_aligned,harmonic_loop,demand_aligned,n0_d1_m0,factorial_combination,1.0,0.0,4,1.0,1669,error_peak_dynamic,0.0,28.16044347999705,14.21964183049159,14.21964183049159,0.6219405522223157,0.504950919561764,0.6666666666666666,0.6666666666666666,2.382604041868517,1.791873328396562,0.7520650921885097,0.6219405522223157,2,"[[2, 3], [1, 3], [1, 3], [2, 3]]","[true, true, true, true, true]",0,0.0,0,1,1,[],[],[],[],nan,[],nan,nan,nan,0.3072954589999881
harmonic_loop--demand_aligned,harmonic_loop,demand_aligned,n0_d1_m0,factorial_combination,1.0,0.0,4,1.0,1669,dual_anchor_dynamic,0.0,28.16044347999705,15.78196091470097,16.724819342345423,0.6729533143818689,0.5604301269584488,0.6666666666666666,0.6666666666666666,2.382604041868517,1.5622984459407794,0.6557104825170922,0.6729533143818689,2,"[[2, 3], [2, 3], [3, 4], [1, 3]]","[true, true, true, true, false]",1,2.0,0,1,1,[],[],[],[],nan,[],nan,nan,nan,0.36141324999999824
harmonic_loop--demand_aligned,harmonic_loop,demand_aligned,n0_d1_m0,factorial_combination,1.0,0.0,4,1.0,1669,fixed_delay_dual_anchor,1.0,28.16044347999705,13.260044642640565,13.260044642640565,0.6117287273841951,0.4708748515292187,0.6666666666666666,0.6666666666666666,2.382604041868517,1.335210804504741,0.5603997899112203,0.6117287273841951,3,"[[2, 3], [1, 3], [2, 3], [3, 4]]","[true, true, true, true, true]",0,4.0,0,1,1,"[[5, 8], [5, 8], [5, 8], [5, 8], [5, 8]]","[[7, 10], [7, 10], [7, 10], [7, 10], [7, 10]]","[[2, 2], [2, 2], [2, 2], [2, 2], [2, 2]]","[[4.0, 4.0], [4.0, 4.0], [4.0, 4.0], [4.0, 4.0], [4.0, 4.0]]",6.5,"[5.0, 8.0]",7.0,0.5,0.9951445954484708,0.4310685000000092
harmonic_loop--demand_aligned,harmonic_loop,demand_aligned,n0_d1_m0,factorial_combination,1.0,0.0,4,1.0,1669,delay_aware_dual_anchor,0.25,28.16044347999705,14.439739116865962,14.95674538642151,0.6340778775725321,0.512766751245335,0.6666666666666666,0.6666666666666666,2.382604041868517,1.3864106406835848,0.581888814222071,0.6340778775725321,2,"[[2, 3], [2, 3], [3, 4], [1, 3]]","[true, true, true, true, false]",1,2.0,0,1,1,"[[5, 8], [5, 8], [5, 8], [5, 8], [5, 8]]","[[7, 10], [7, 10], [7, 10], [7, 10], [7, 10]]","[[2, 2], [2, 2], [2, 2], [2, 2], [2, 2]]","[[1.25, 2.0], [1.25, 2.0], [1.25, 2.0], [1.25, 2.0], [1.25, 2.0]]",6.5,"[5.0, 8.0]",7.0,0.5,0.9951906633033797,0.36722212499998363
harmonic_loop--demand_conflict,harmonic_loop,demand_conflict,n0_d1_m0,factorial_combination,1.0,0.0,4,1.0,1601,full_trajectory,0.0,9.624311816753368,7.937273501579126,7.937273501579126,0.8010718318637737,0.8247107588266668,1.0,0.8333333333333334,2.6176602059492127,1.489581664860157,0.569050811665606,0.8010718318637737,0,"[[0, 1, 2, 3, 4, 5], [0, 1, 2, 3, 4, 5], [0, 1, 2, 3, 4, 5], [0, 1, 2, 3, 4, 5]]","[true, true, true, true, true]",0,0.0,0,1,1,[],[],[],[],nan,[],nan,nan,nan,0.3666511250000042
harmonic_loop--demand_conflict,harmonic_loop,demand_conflict,n0_d1_m0,factorial_combination,1.0,0.0,4,1.0,1601,error_peak_dynamic,0.0,9.624311816753368,5.506110720968526,5.506110720968526,0.6792742782296102,0.5721043567378866,1.0,0.8333333333333334,2.6176602059492127,1.581260097275758,0.6040738571347015,0.6792742782296102,2,"[[2, 3], [2, 3], [3, 4], [2, 3]]","[true, true, true, true, true]",0,0.0,0,1,1,[],[],[],[],nan,[],nan,nan,nan,0.3404078749999826
harmonic_loop--demand_conflict,harmonic_loop,demand_conflict,n0_d1_m0,factorial_combination,1.0,0.0,4,1.0,1601,dual_anchor_dynamic,0.0,9.624311816753368,5.524669374416366,5.556223049882979,0.6773058782631763,0.5740326663979637,1.0,1.0,2.6176602059492127,1.6187451439514673,0.6183939154029657,0.6773058782631763,2,"[[2, 3], [2, 3], [3, 4], [2, 3]]","[true, true, true, true, false]",1,2.0,0,1,1,[],[],[],[],nan,[],nan,nan,nan,0.37920008399999006
harmonic_loop--demand_conflict,harmonic_loop,demand_conflict,n0_d1_m0,factorial_combination,1.0,0.0,4,1.0,1601,fixed_delay_dual_anchor,1.0,9.624311816753368,6.687863169293225,6.687863169293225,0.7386002754541521,0.6948926111944371,1.0,0.6666666666666666,2.6176602059492127,1.6487921388446822,0.6298724850144556,0.7386002754541521,1,"[[2, 3], [1, 3], [1, 3], [1, 3]]","[true, true, false, false, true]",2,1.15,0,1,1,"[[7, 8], [7, 8], [7, 8], [7, 8], [7, 8]]","[[9, 10], [9, 10], [9, 10], [9, 10], [9, 10]]","[[2, 2], [2, 2], [2, 2], [2, 2], [2, 2]]","[[4.0, 4.0], [4.0, 4.0], [4.0, 4.0], [4.0, 4.0], [4.0, 4.0]]",7.5,"[7.0, 8.0]",8.0,0.5,0.9991913419452498,0.4206056669999896
harmonic_loop--demand_conflict,harmonic_loop,demand_conflict,n0_d1_m0,factorial_combination,1.0,0.0,4,1.0,1601,delay_aware_dual_anchor,0.25,9.624311816753368,4.945332304408776,5.57120114829648,0.6666886059061472,0.5138374980536549,1.0,0.8333333333333334,2.6176602059492127,1.426788826587201,0.5450626568507659,0.6666886059061472,2,"[[2, 3], [2, 3], [3, 4], [1, 3]]","[true, true, true, true, false]",1,2.0,0,1,1,"[[7, 8], [7, 8], [7, 8], [7, 8], [7, 8]]","[[9, 10], [9, 10], [9, 10], [9, 10], [9, 10]]","[[2, 2], [2, 2], [2, 2], [2, 2], [2, 2]]","[[1.75, 2.0], [1.75, 2.0], [1.75, 2.0], [1.75, 2.0], [1.75, 2.0]]",7.5,"[7.0, 8.0]",8.0,0.5,0.9991784378961439,0.44125091700001917
harmonic_loop--demand_conflict,harmonic_loop,demand_conflict,n0_d1_m0,factorial_combination,1.0,0.0,4,1.0,1627,full_trajectory,0.0,8.528262530751448,6.224603480542408,6.224603480542408,0.7492517201754894,0.7298794400497824,0.8333333333333334,0.6666666666666666,2.1876563894940064,1.246881021467211,0.5699620047532273,0.7492517201754894,0,"[[0, 1, 2, 3, 4, 5], [0, 1, 2, 3, 4, 5], [0, 1, 2, 3, 4, 5], [0, 1, 2, 3, 4, 5]]","[true, true, true, true, true]",0,0.0,0,1,1,[],[],[],[],nan,[],nan,nan,nan,0.36659675000001357
harmonic_loop--demand_conflict,harmonic_loop,demand_conflict,n0_d1_m0,factorial_combination,1.0,0.0,4,1.0,1627,error_peak_dynamic,0.0,8.528262530751448,4.829663711364718,4.829663711364718,0.6508839246318813,0.5663127388433202,0.8333333333333334,0.8333333333333334,2.1876563894940064,1.3812861724504089,0.6313999671447,0.6508839246318813,2,"[[2, 3], [2, 3], [3, 4], [1, 3]]","[true, true, true, true, true]",0,0.0,0,1,1,[],[],[],[],nan,[],nan,nan,nan,0.3046868330000052
harmonic_loop--demand_conflict,harmonic_loop,demand_conflict,n0_d1_m0,factorial_combination,1.0,0.0,4,1.0,1627,dual_anchor_dynamic,0.0,8.528262530751448,4.535091392851505,4.868958802546022,0.6508704272767482,0.5317720199746132,0.8333333333333334,0.8333333333333334,2.1876563894940064,1.3883330769701263,0.6346211789188889,0.6508704272767482,2,"[[2, 3], [2, 3], [3, 4], [1, 3]]","[true, true, true, true, false]",1,2.0,0,1,1,[],[],[],[],nan,[],nan,nan,nan,0.30414249999998333
harmonic_loop--demand_conflict,harmonic_loop,demand_conflict,n0_d1_m0,factorial_combination,1.0,0.0,4,1.0,1627,fixed_delay_dual_anchor,1.0,8.528262530751448,3.7092349811562793,3.7092349811562793,0.6189535683815166,0.434934427473523,0.8333333333333334,0.6666666666666666,2.1876563894940064,1.1772557167599356,0.5381355693762441,0.6189535683815166,2,"[[2, 3], [1, 3], [3, 4], [3, 4]]","[true, true, true, true, true]",0,4.0,0,1,1,"[[4, 7], [4, 7], [4, 7], [4, 7], [4, 7]]","[[6, 9], [6, 9], [6, 9], [6, 9], [6, 9]]","[[2, 2], [2, 2], [2, 2], [2, 2], [2, 2]]","[[4.0, 4.0], [4.0, 4.0], [4.0, 4.0], [4.0, 4.0], [4.0, 4.0]]",5.5,"[4.0, 7.0]",6.0,0.5,0.9953551232720084,0.36573300000000586
harmonic_loop--demand_conflict,harmonic_loop,demand_conflict,n0_d1_m0,factorial_combination,1.0,0.0,4,1.0,1627,delay_aware_dual_anchor,0.25,8.528262530751448,4.181894938132293,4.434028667795472,0.6220262022356715,0.49035720031519897,0.8333333333333334,0.8333333333333334,2.1876563894940064,1.2335865494679845,0.5638849663009952,0.6220262022356715,2,"[[2, 3], [2, 3], [3, 4], [1, 3]]","[true, true, true, true, false]",1,2.0,0,1,1,"[[4, 7], [4, 7], [4, 7], [4, 7], [4, 7]]","[[6, 9], [6, 9], [6, 9], [6, 9], [6, 9]]","[[2, 2], [2, 2], [2, 2], [2, 2], [2, 2]]","[[1.0, 1.75], [1.0, 1.75], [1.0, 1.75], [1.0, 1.75], [1.0, 1.75]]",5.5,"[4.0, 7.0]",6.0,0.5,0.9952144083455304,0.32576816600001735
harmonic_loop--demand_conflict,harmonic_loop,demand_conflict,n0_d1_m0,factorial_combination,1.0,0.0,4,1.0,1657,full_trajectory,0.0,11.619394021033036,8.989824315590708,8.989824315590708,0.7849633838056184,0.7736913215368745,1.0,1.0,3.1536238580311386,2.022044815239438,0.6411813539810785,0.7849633838056184,0,"[[0, 1, 2, 3, 4, 5], [0, 1, 2, 3, 4, 5], [0, 1, 2, 3, 4, 5], [0, 1, 2, 3, 4, 5]]","[true, true, true, true, true]",0,0.0,0,1,1,[],[],[],[],nan,[],nan,nan,nan,0.35433291600000416
harmonic_loop--demand_conflict,harmonic_loop,demand_conflict,n0_d1_m0,factorial_combination,1.0,0.0,4,1.0,1657,error_peak_dynamic,0.0,11.619394021033036,7.932355675512181,7.932355675512181,0.7609516576637104,0.6826823895594983,1.0,1.0,3.1536238580311386,2.098550498241158,0.6654409633846818,0.7609516576637104,2,"[[2, 3], [2, 3], [3, 4], [2, 3]]","[true, true, true, true, true]",0,0.0,0,1,1,[],[],[],[],nan,[],nan,nan,nan,0.37427066600000103
harmonic_loop--demand_conflict,harmonic_loop,demand_conflict,n0_d1_m0,factorial_combination,1.0,0.0,4,1.0,1657,dual_anchor_dynamic,0.0,11.619394021033036,8.028528680825989,8.028528680825989,0.7624065095505373,0.6909593276803434,1.0,1.0,3.1536238580311386,2.1266706524125545,0.6743577383195825,0.7624065095505373,2,"[[2, 3], [2, 3], [3, 4], [2, 3]]","[true, true, true, true, true]",0,4.0,0,1,1,[],[],[],[],nan,[],nan,nan,nan,0.42478879199998687
harmonic_loop--demand_conflict,harmonic_loop,demand_conflict,n0_d1_m0,factorial_combination,1.0,0.0,4,1.0,1657,fixed_delay_dual_anchor,1.0,11.619394021033036,6.895270743943396,7.2002428563954854,0.7120830987974088,0.5934277408496355,1.0,0.8333333333333334,3.1536238580311386,1.8282198847940132,0.5797203366971615,0.7120830987974088,3,"[[2, 3], [1, 3], [3, 4], [2, 3]]","[true, true, true, true, false]",1,2.0,0,1,1,"[[8, 9], [8, 9], [8, 9], [8, 9], [8, 9]]","[[10, 11], [10, 11], [10, 11], [10, 11], [10, 11]]","[[2, 2], [2, 2], [2, 2], [2, 2], [2, 2]]","[[4.0, 4.0], [4.0, 4.0], [4.0, 4.0], [4.0, 4.0], [4.0, 4.0]]",8.5,"[8.0, 9.0]",8.5,0.0,0.9984660655182704,0.48337004200001843
harmonic_loop--demand_conflict,harmonic_loop,demand_conflict,n0_d1_m0,factorial_combination,1.0,0.0,4,1.0,1657,delay_aware_dual_anchor,0.25,11.619394021033036,7.47056575612317,7.529000433881683,0.7193797197758725,0.6429393600561443,1.0,1.0,3.1536238580311386,1.94428907030639,0.6165253555381975,0.7193797197758725,2,"[[2, 3], [3, 4], [2, 3], [2, 3]]","[true, true, true, false, false]",2,1.0,0,1,1,"[[8, 9], [8, 9], [8, 9], [8, 9], [8, 9]]","[[10, 11], [10, 11], [10, 11], [10, 11], [10, 11]]","[[2, 2], [2, 2], [2, 2], [2, 2], [2, 2]]","[[2.0, 2.25], [2.0, 2.25], [2.0, 2.25], [2.0, 2.25], [2.0, 2.25]]",8.5,"[8.0, 9.0]",8.5,0.0,0.9983825485385271,0.41726404199999934
harmonic_loop--demand_conflict,harmonic_loop,demand_conflict,n0_d1_m0,factorial_combination,1.0,0.0,4,1.0,1669,full_trajectory,0.0,9.227606455491657,7.325069626491498,7.325069626491498,0.7853967977988547,0.7938211996602981,1.0,0.8333333333333334,2.382604041868517,1.455979228238071,0.611087366030087,0.7853967977988547,0,"[[0, 1, 2, 3, 4, 5], [0, 1, 2, 3, 4, 5], [0, 1, 2, 3, 4, 5], [0, 1, 2, 3, 4, 5]]","[true, true, true, true, true]",0,0.0,0,1,1,[],[],[],[],nan,[],nan,nan,nan,0.3404384159999836
harmonic_loop--demand_conflict,harmonic_loop,demand_conflict,n0_d1_m0,factorial_combination,1.0,0.0,4,1.0,1669,error_peak_dynamic,0.0,9.227606455491657,5.621976308643685,5.621976308643685,0.6855984438011516,0.6092561853131327,1.0,0.8333333333333334,2.382604041868517,1.5585277455345683,0.6541278861897335,0.6855984438011516,2,"[[2, 3], [2, 3], [3, 4], [1, 3]]","[true, true, true, true, true]",0,0.0,0,1,1,[],[],[],[],nan,[],nan,nan,nan,0.29108545799999774
harmonic_loop--demand_conflict,harmonic_loop,demand_conflict,n0_d1_m0,factorial_combination,1.0,0.0,4,1.0,1669,dual_anchor_dynamic,0.0,9.227606455491657,5.2920629853773375,5.668452629391792,0.6837683228513584,0.5735033251475364,1.0,0.8333333333333334,2.382604041868517,1.5622984459407794,0.6557104825170922,0.6837683228513584,2,"[[2, 3], [2, 3], [3, 4], [1, 3]]","[true, true, true, true, false]",1,2.0,0,1,1,[],[],[],[],nan,[],nan,nan,nan,0.31794604199998844
harmonic_loop--demand_conflict,harmonic_loop,demand_conflict,n0_d1_m0,factorial_combination,1.0,0.0,4,1.0,1669,fixed_delay_dual_anchor,1.0,9.227606455491657,4.684249271956036,5.415980971800133,0.6658249002516481,0.5076342705500062,1.0,0.6666666666666666,2.382604041868517,1.342002483648951,0.5632503177475131,0.6658249002516481,3,"[[2, 3], [1, 3], [3, 4], [2, 3]]","[true, true, true, true, false]",1,2.0,0,1,1,"[[5, 8], [5, 8], [5, 8], [5, 8], [5, 8]]","[[7, 10], [7, 10], [7, 10], [7, 10], [7, 10]]","[[2, 2], [2, 2], [2, 2], [2, 2], [2, 2]]","[[4.0, 4.0], [4.0, 4.0], [4.0, 4.0], [4.0, 4.0], [4.0, 4.0]]",6.5,"[5.0, 8.0]",7.0,0.5,0.9951445954484708,0.41129304200001116
harmonic_loop--demand_conflict,harmonic_loop,demand_conflict,n0_d1_m0,factorial_combination,1.0,0.0,4,1.0,1669,delay_aware_dual_anchor,0.25,9.227606455491657,4.902661160935789,5.186350886434804,0.6552774117116721,0.5313036684630229,1.0,0.8333333333333334,2.382604041868517,1.3864106406835848,0.581888814222071,0.6552774117116721,2,"[[2, 3], [2, 3], [3, 4], [1, 3]]","[true, true, true, true, false]",1,2.0,0,1,1,"[[5, 8], [5, 8], [5, 8], [5, 8], [5, 8]]","[[7, 10], [7, 10], [7, 10], [7, 10], [7, 10]]","[[2, 2], [2, 2], [2, 2], [2, 2], [2, 2]]","[[1.25, 2.0], [1.25, 2.0], [1.25, 2.0], [1.25, 2.0], [1.25, 2.0]]",6.5,"[5.0, 8.0]",7.0,0.5,0.9951906633033797,0.3372369580000054
ellipse--neutral,ellipse,neutral,n0_d1_m0,factorial_combination,1.0,0.0,4,1.0,1601,full_trajectory,0.0,10.918492507699966,1.2942958818752408,1.2942958818752408,0.34988066584780736,0.11854162843107455,0.8333333333333334,0.16666666666666666,2.1642265776368843,0.18015680449643606,0.0832430422757071,0.34988066584780736,0,"[[0, 1, 2, 3, 4, 5], [0, 1, 2, 3, 4, 5], [0, 1, 2, 3, 4, 5], [0, 1, 2, 3, 4, 5]]","[true, true, true, true, true]",0,0.0,0,1,1,[],[],[],[],nan,[],nan,nan,nan,0.2560437090000107
ellipse--neutral,ellipse,neutral,n0_d1_m0,factorial_combination,1.0,0.0,4,1.0,1601,error_peak_dynamic,0.0,10.918492507699966,1.0246394199218245,1.0246394199218245,0.3276193917249048,0.09384440381300127,0.8333333333333334,0.16666666666666666,2.1642265776368843,0.17275306482733482,0.07982207898766479,0.3276193917249048,0,"[[3, 4], [3, 4], [3, 4], [3, 4]]","[true, true, true, true, true]",0,0.0,0,1,1,[],[],[],[],nan,[],nan,nan,nan,0.2602705829999934
ellipse--neutral,ellipse,neutral,n0_d1_m0,factorial_combination,1.0,0.0,4,1.0,1601,dual_anchor_dynamic,0.0,10.918492507699966,1.0246394199218245,1.0246394199218245,0.3276193917249048,0.09384440381300127,0.8333333333333334,0.16666666666666666,2.1642265776368843,0.17275306482733482,0.07982207898766479,0.3276193917249048,0,"[[3, 4], [3, 4], [3, 4], [3, 4]]","[true, true, true, true, true]",0,4.0,0,1,1,[],[],[],[],nan,[],nan,nan,nan,0.26740541600000256
ellipse--neutral,ellipse,neutral,n0_d1_m0,factorial_combination,1.0,0.0,4,1.0,1601,fixed_delay_dual_anchor,1.0,10.918492507699966,1.406296568885518,1.406296568885518,0.3573989152561669,0.12879951768925665,0.8333333333333334,0.3333333333333333,2.1642265776368843,0.22953718997146677,0.1060596854059976,0.3573989152561669,0,"[[3, 4], [3, 4], [3, 4], [3, 4]]","[true, true, true, true, true]",0,4.0,0,1,1,"[[7, 8], [7, 8], [7, 8], [7, 8], [7, 8]]","[[9, 10], [9, 10], [9, 10], [9, 10], [9, 10]]","[[2, 2], [2, 2], [2, 2], [2, 2], [2, 2]]","[[4.0, 4.0], [4.0, 4.0], [4.0, 4.0], [4.0, 4.0], [4.0, 4.0]]",7.5,"[7.0, 8.0]",8.0,0.5,0.9992768050430505,0.3166714170000091
ellipse--neutral,ellipse,neutral,n0_d1_m0,factorial_combination,1.0,0.0,4,1.0,1601,delay_aware_dual_anchor,0.25,10.918492507699966,1.1435346423104253,1.1435346423104253,0.3328833648864815,0.10473374795137506,0.8333333333333334,0.16666666666666666,2.1642265776368843,0.18719995379220913,0.08649739159779309,0.3328833648864815,0,"[[3, 4], [3, 4], [3, 4], [3, 4]]","[true, true, true, true, true]",0,4.0,0,1,1,"[[7, 8], [7, 8], [7, 8], [7, 8], [7, 8]]","[[9, 10], [9, 10], [9, 10], [9, 10], [9, 10]]","[[2, 2], [2, 2], [2, 2], [2, 2], [2, 2]]","[[1.75, 2.0], [1.75, 2.0], [1.75, 2.0], [1.75, 2.0], [1.75, 2.0]]",7.5,"[7.0, 8.0]",8.0,0.5,0.9992802574377233,0.30118029100000854
ellipse--neutral,ellipse,neutral,n0_d1_m0,factorial_combination,1.0,0.0,4,1.0,1627,full_trajectory,0.0,10.384008257616784,0.4963155588986869,0.4963155588986869,0.31470078007618846,0.047796144473848425,0.6666666666666666,0.0,1.8513095866666844,0.09630336116914853,0.0520190474152648,0.31470078007618846,0,"[[0, 1, 2, 3, 4, 5], [0, 1, 2, 3, 4, 5], [0, 1, 2, 3, 4, 5], [0, 1, 2, 3, 4, 5]]","[true, true, true, true, true]",0,0.0,0,1,1,[],[],[],[],nan,[],nan,nan,nan,0.19863383300000237
ellipse--neutral,ellipse,neutral,n0_d1_m0,factorial_combination,1.0,0.0,4,1.0,1627,error_peak_dynamic,0.0,10.384008257616784,0.5290517634645251,0.5290517634645251,0.30346224771555674,0.050948704039835466,0.6666666666666666,0.0,1.8513095866666844,0.10180058211706254,0.05498841622721583,0.30346224771555674,1,"[[3, 4], [3, 4], [3, 4], [1, 3]]","[true, true, true, true, true]",0,0.0,0,1,1,[],[],[],[],nan,[],nan,nan,nan,0.19889050000000452
ellipse--neutral,ellipse,neutral,n0_d1_m0,factorial_combination,1.0,0.0,4,1.0,1627,dual_anchor_dynamic,0.0,10.384008257616784,0.5290517634645251,0.5290517634645251,0.30346224771555674,0.050948704039835466,0.6666666666666666,0.0,1.8513095866666844,0.10180058211706254,0.05498841622721583,0.30346224771555674,1,"[[3, 4], [3, 4], [3, 4], [1, 3]]","[true, true, true, true, true]",0,4.0,0,1,1,[],[],[],[],nan,[],nan,nan,nan,0.20356916700001193
ellipse--neutral,ellipse,neutral,n0_d1_m0,factorial_combination,1.0,0.0,4,1.0,1627,fixed_delay_dual_anchor,1.0,10.384008257616784,0.31020034348416486,0.31020034348416486,0.2799161987141649,0.02987289067847471,0.6666666666666666,0.0,1.8513095866666844,0.06681186165975696,0.03608897298482254,0.2799161987141649,2,"[[3, 4], [3, 4], [1, 4], [3, 4]]","[true, true, true, true, true]",0,4.0,0,1,1,"[[4, 7], [4, 7], [4, 7], [4, 7], [4, 7]]","[[6, 9], [6, 9], [6, 9], [6, 9], [6, 9]]","[[2, 2], [2, 2], [2, 2], [2, 2], [2, 2]]","[[4.0, 4.0], [4.0, 4.0], [4.0, 4.0], [4.0, 4.0], [4.0, 4.0]]",5.5,"[4.0, 7.0]",6.0,0.5,0.9965294883879412,0.24125149999997575
ellipse--neutral,ellipse,neutral,n0_d1_m0,factorial_combination,1.0,0.0,4,1.0,1627,delay_aware_dual_anchor,0.25,10.384008257616784,0.3259104309885748,0.3259104309885748,0.278535685191579,0.031385802370632356,0.6666666666666666,0.0,1.8513095866666844,0.06779859711649447,0.03662196620424088,0.278535685191579,1,"[[3, 4], [3, 4], [3, 4], [1, 3]]","[true, true, true, true, true]",0,4.0,0,1,1,"[[4, 7], [4, 7], [4, 7], [4, 7], [4, 7]]","[[6, 9], [6, 9], [6, 9], [6, 9], [6, 9]]","[[2, 2], [2, 2], [2, 2], [2, 2], [2, 2]]","[[1.0, 1.75], [1.0, 1.75], [1.0, 1.75], [1.0, 1.75], [1.0, 1.75]]",5.5,"[4.0, 7.0]",6.0,0.5,0.9965299050747001,0.2113704169999835
ellipse--neutral,ellipse,neutral,n0_d1_m0,factorial_combination,1.0,0.0,4,1.0,1657,full_trajectory,0.0,13.016012554682938,2.9929583944381775,2.9929583944381775,0.4309230399870278,0.22994433831898559,0.8333333333333334,0.3333333333333333,2.646959800922619,0.41081118425153995,0.15520114212099043,0.4309230399870278,0,"[[0, 1, 2, 3, 4, 5], [0, 1, 2, 3, 4, 5], [0, 1, 2, 3, 4, 5], [0, 1, 2, 3, 4, 5]]","[true, true, true, true, true]",0,0.0,0,1,1,[],[],[],[],nan,[],nan,nan,nan,0.2839894169999866
ellipse--neutral,ellipse,neutral,n0_d1_m0,factorial_combination,1.0,0.0,4,1.0,1657,error_peak_dynamic,0.0,13.016012554682938,2.221266665595409,2.221266665595409,0.39772779940654907,0.17065646304990967,0.8333333333333334,0.5,2.646959800922619,0.42383598564284,0.1601218067214729,0.39772779940654907,0,"[[3, 4], [3, 4], [3, 4], [3, 4]]","[true, true, true, true, true]",0,0.0,0,1,1,[],[],[],[],nan,[],nan,nan,nan,0.31458725000001664
ellipse--neutral,ellipse,neutral,n0_d1_m0,factorial_combination,1.0,0.0,4,1.0,1657,dual_anchor_dynamic,0.0,13.016012554682938,2.221266665595409,2.221266665595409,0.39772779940654907,0.17065646304990967,0.8333333333333334,0.5,2.646959800922619,0.42383598564284,0.1601218067214729,0.39772779940654907,0,"[[3, 4], [3, 4], [3, 4], [3, 4]]","[true, true, true, true, true]",0,4.0,0,1,1,[],[],[],[],nan,[],nan,nan,nan,0.3205845829999987
ellipse--neutral,ellipse,neutral,n0_d1_m0,factorial_combination,1.0,0.0,4,1.0,1657,fixed_delay_dual_anchor,1.0,13.016012554682938,3.152241912203685,3.152241912203685,0.4494024848559127,0.24218184324580747,0.8333333333333334,0.5,2.646959800922619,0.5742158352561971,0.21693409739583108,0.4494024848559127,0,"[[3, 4], [3, 4], [3, 4], [3, 4]]","[true, true, true, true, true]",0,4.0,0,1,1,"[[8, 9], [8, 9], [8, 9], [8, 9], [8, 9]]","[[10, 11], [10, 11], [10, 11], [10, 11], [10, 11]]","[[2, 2], [2, 2], [2, 2], [2, 2], [2, 2]]","[[4.0, 4.0], [4.0, 4.0], [4.0, 4.0], [4.0, 4.0], [4.0, 4.0]]",8.5,"[8.0, 9.0]",8.5,0.0,0.9989419213894524,0.3565093750000017
ellipse--neutral,ellipse,neutral,n0_d1_m0,factorial_combination,1.0,0.0,4,1.0,1657,delay_aware_dual_anchor,0.25,13.016012554682938,2.666590579403308,2.666590579403308,0.4225587989176596,0.20487000670907576,0.8333333333333334,0.5,2.646959800922619,0.505849771045181,0.19110595138953868,0.4225587989176596,0,"[[3, 4], [3, 4], [3, 4], [3, 4]]","[true, true, true, true, true]",0,4.0,0,1,1,"[[8, 9], [8, 9], [8, 9], [8, 9], [8, 9]]","[[10, 11], [10, 11], [10, 11], [10, 11], [10, 11]]","[[2, 2], [2, 2], [2, 2], [2, 2], [2, 2]]","[[2.0, 2.25], [2.0, 2.25], [2.0, 2.25], [2.0, 2.25], [2.0, 2.25]]",8.5,"[8.0, 9.0]",8.5,0.0,0.998954331625158,0.34609362500000884
ellipse--neutral,ellipse,neutral,n0_d1_m0,factorial_combination,1.0,0.0,4,1.0,1669,full_trajectory,0.0,10.902994506948682,0.566308863143001,0.566308863143001,0.3212144975097003,0.051940672150397015,0.6666666666666666,0.0,1.9742439691835065,0.10429519789120266,0.052827917683515226,0.3212144975097003,0,"[[0, 1, 2, 3, 4, 5], [0, 1, 2, 3, 4, 5], [0, 1, 2, 3, 4, 5], [0, 1, 2, 3, 4, 5]]","[true, true, true, true, true]",0,0.0,0,1,1,[],[],[],[],nan,[],nan,nan,nan,0.19037508299999217
ellipse--neutral,ellipse,neutral,n0_d1_m0,factorial_combination,1.0,0.0,4,1.0,1669,error_peak_dynamic,0.0,10.902994506948682,0.5267785668191469,0.5267785668191469,0.3086158495885054,0.048315035514639684,0.6666666666666666,0.0,1.9742439691835065,0.10658872255287573,0.053989640701274585,0.3086158495885054,1,"[[3, 4], [3, 4], [3, 4], [1, 3]]","[true, true, true, true, true]",0,0.0,0,1,1,[],[],[],[],nan,[],nan,nan,nan,0.18296008299998334
ellipse--neutral,ellipse,neutral,n0_d1_m0,factorial_combination,1.0,0.0,4,1.0,1669,dual_anchor_dynamic,0.0,10.902994506948682,0.5267785668191469,0.5267785668191469,0.3086158495885054,0.048315035514639684,0.6666666666666666,0.0,1.9742439691835065,0.10658872255287573,0.053989640701274585,0.3086158495885054,1,"[[3, 4], [3, 4], [3, 4], [1, 3]]","[true, true, true, true, true]",0,4.0,0,1,1,[],[],[],[],nan,[],nan,nan,nan,0.18316395899998383
ellipse--neutral,ellipse,neutral,n0_d1_m0,factorial_combination,1.0,0.0,4,1.0,1669,fixed_delay_dual_anchor,1.0,10.902994506948682,0.2743577890839866,0.2743577890839866,0.28472139990518003,0.02516352630546895,0.6666666666666666,0.0,1.9742439691835065,0.06679259663905576,0.03383198717161555,0.28472139990518003,0,"[[3, 4], [3, 4], [3, 4], [3, 4]]","[true, true, true, true, true]",0,4.0,0,1,1,"[[5, 8], [5, 8], [5, 8], [5, 8], [5, 8]]","[[7, 10], [7, 10], [7, 10], [7, 10], [7, 10]]","[[2, 2], [2, 2], [2, 2], [2, 2], [2, 2]]","[[4.0, 4.0], [4.0, 4.0], [4.0, 4.0], [4.0, 4.0], [4.0, 4.0]]",6.5,"[5.0, 8.0]",7.0,0.5,0.9966924185711215,0.22529183399998942
ellipse--neutral,ellipse,neutral,n0_d1_m0,factorial_combination,1.0,0.0,4,1.0,1669,delay_aware_dual_anchor,0.25,10.902994506948682,0.3091187415196207,0.3091187415196207,0.2816422383502202,0.02835172863038806,0.6666666666666666,0.0,1.9742439691835065,0.0666281615129771,0.03374869699641665,0.2816422383502202,1,"[[3, 4], [3, 4], [3, 4], [1, 3]]","[true, true, true, true, true]",0,4.0,0,1,1,"[[5, 8], [5, 8], [5, 8], [5, 8], [5, 8]]","[[7, 10], [7, 10], [7, 10], [7, 10], [7, 10]]","[[2, 2], [2, 2], [2, 2], [2, 2], [2, 2]]","[[1.25, 2.0], [1.25, 2.0], [1.25, 2.0], [1.25, 2.0], [1.25, 2.0]]",6.5,"[5.0, 8.0]",7.0,0.5,0.9967051324237202,0.21085008399998628
ellipse--demand_aligned,ellipse,demand_aligned,n0_d1_m0,factorial_combination,1.0,0.0,4,1.0,1601,full_trajectory,0.0,17.597321346656162,2.1619562312242286,2.1619562312242286,0.35259928855879946,0.12285712061711272,0.8333333333333334,0.3333333333333333,2.1642265776368843,0.18015680449643606,0.0832430422757071,0.35259928855879946,0,"[[0, 1, 2, 3, 4, 5], [0, 1, 2, 3, 4, 5], [0, 1, 2, 3, 4, 5], [0, 1, 2, 3, 4, 5]]","[true, true, true, true, true]",0,0.0,0,1,1,[],[],[],[],nan,[],nan,nan,nan,0.2413829170000099
ellipse--demand_aligned,ellipse,demand_aligned,n0_d1_m0,factorial_combination,1.0,0.0,4,1.0,1601,error_peak_dynamic,0.0,17.597321346656162,1.9934110817143291,1.9934110817143291,0.32987338801294264,0.11327923394960998,0.8333333333333334,0.3333333333333333,2.1642265776368843,0.31962220113444906,0.1476842602512737,0.32987338801294264,1,"[[3, 4], [3, 4], [3, 4], [1, 3]]","[true, true, true, true, true]",0,0.0,0,1,1,[],[],[],[],nan,[],nan,nan,nan,0.21139345899999284
ellipse--demand_aligned,ellipse,demand_aligned,n0_d1_m0,factorial_combination,1.0,0.0,4,1.0,1601,dual_anchor_dynamic,0.0,17.597321346656162,1.6736638462537001,1.6736638462537001,0.3283643754999521,0.09510901195037444,0.8333333333333334,0.3333333333333333,2.1642265776368843,0.17275306482733482,0.07982207898766479,0.3283643754999521,0,"[[3, 4], [3, 4], [3, 4], [3, 4]]","[true, true, true, true, true]",0,4.0,0,1,1,[],[],[],[],nan,[],nan,nan,nan,0.24075924999999643
ellipse--demand_aligned,ellipse,demand_aligned,n0_d1_m0,factorial_combination,1.0,0.0,4,1.0,1601,fixed_delay_dual_anchor,1.0,17.597321346656162,2.3136511820621264,2.3136511820621264,0.351750672817111,0.13147746389832027,0.8333333333333334,0.3333333333333333,2.1642265776368843,0.22953718997146677,0.1060596854059976,0.351750672817111,0,"[[3, 4], [3, 4], [3, 4], [3, 4]]","[true, true, true, true, true]",0,4.0,0,1,1,"[[7, 8], [7, 8], [7, 8], [7, 8], [7, 8]]","[[9, 10], [9, 10], [9, 10], [9, 10], [9, 10]]","[[2, 2], [2, 2], [2, 2], [2, 2], [2, 2]]","[[4.0, 4.0], [4.0, 4.0], [4.0, 4.0], [4.0, 4.0], [4.0, 4.0]]",7.5,"[7.0, 8.0]",8.0,0.5,0.9992768050430505,0.2835732919999998
ellipse--demand_aligned,ellipse,demand_aligned,n0_d1_m0,factorial_combination,1.0,0.0,4,1.0,1601,delay_aware_dual_anchor,0.25,17.597321346656162,1.883549271710018,1.883549271710018,0.3341944554686645,0.10703613547796748,0.8333333333333334,0.3333333333333333,2.1642265776368843,0.18719995379220913,0.08649739159779309,0.3341944554686645,0,"[[3, 4], [3, 4], [3, 4], [3, 4]]","[true, true, true, true, true]",0,4.0,0,1,1,"[[7, 8], [7, 8], [7, 8], [7, 8], [7, 8]]","[[9, 10], [9, 10], [9, 10], [9, 10], [9, 10]]","[[2, 2], [2, 2], [2, 2], [2, 2], [2, 2]]","[[1.75, 2.0], [1.75, 2.0], [1.75, 2.0], [1.75, 2.0], [1.75, 2.0]]",7.5,"[7.0, 8.0]",8.0,0.5,0.9992802574377233,0.28908962500000257
ellipse--demand_aligned,ellipse,demand_aligned,n0_d1_m0,factorial_combination,1.0,0.0,4,1.0,1627,full_trajectory,0.0,14.06460602477912,0.7604079366101728,0.7604079366101728,0.326745284679908,0.05406535634702322,0.6666666666666666,0.16666666666666666,1.8513095866666844,0.09630336116914853,0.0520190474152648,0.326745284679908,0,"[[0, 1, 2, 3, 4, 5], [0, 1, 2, 3, 4, 5], [0, 1, 2, 3, 4, 5], [0, 1, 2, 3, 4, 5]]","[true, true, true, true, true]",0,0.0,0,1,1,[],[],[],[],nan,[],nan,nan,nan,0.19324754200002303
ellipse--demand_aligned,ellipse,demand_aligned,n0_d1_m0,factorial_combination,1.0,0.0,4,1.0,1627,error_peak_dynamic,0.0,14.06460602477912,0.7027543049530086,0.7027543049530086,0.3118071827183177,0.04996615644369214,0.6666666666666666,0.0,1.8513095866666844,0.16383515280743974,0.08849689646042821,0.3118071827183177,1,"[[3, 4], [3, 4], [1, 3], [1, 3]]","[true, true, true, true, true]",0,0.0,0,1,1,[],[],[],[],nan,[],nan,nan,nan,0.12207916700000965
ellipse--demand_aligned,ellipse,demand_aligned,n0_d1_m0,factorial_combination,1.0,0.0,4,1.0,1627,dual_anchor_dynamic,0.0,14.06460602477912,0.6278251809791179,0.6278251809791179,0.3117517020135291,0.0446386610384259,0.6666666666666666,0.0,1.8513095866666844,0.10180058211706254,0.05498841622721583,0.3117517020135291,1,"[[3, 4], [3, 4], [3, 4], [1, 3]]","[true, true, true, true, true]",0,4.0,0,1,1,[],[],[],[],nan,[],nan,nan,nan,0.18561704200001827
ellipse--demand_aligned,ellipse,demand_aligned,n0_d1_m0,factorial_combination,1.0,0.0,4,1.0,1627,fixed_delay_dual_anchor,1.0,14.06460602477912,0.5017566798805941,0.5017566798805941,0.2796781673461107,0.03567513224306431,0.6666666666666666,0.0,1.8513095866666844,0.06681186165975696,0.03608897298482254,0.2796781673461107,2,"[[3, 4], [3, 4], [1, 4], [3, 4]]","[true, true, true, true, true]",0,4.0,0,1,1,"[[4, 7], [4, 7], [4, 7], [4, 7], [4, 7]]","[[6, 9], [6, 9], [6, 9], [6, 9], [6, 9]]","[[2, 2], [2, 2], [2, 2], [2, 2], [2, 2]]","[[4.0, 4.0], [4.0, 4.0], [4.0, 4.0], [4.0, 4.0], [4.0, 4.0]]",5.5,"[4.0, 7.0]",6.0,0.5,0.9965294883879412,0.22241141700001776
ellipse--demand_aligned,ellipse,demand_aligned,n0_d1_m0,factorial_combination,1.0,0.0,4,1.0,1627,delay_aware_dual_anchor,0.25,14.06460602477912,0.3020415216286534,0.3020415216286534,0.27493341330519405,0.021475292027129275,0.6666666666666666,0.0,1.8513095866666844,0.06779859711649447,0.03662196620424088,0.27493341330519405,1,"[[3, 4], [3, 4], [3, 4], [1, 3]]","[true, true, true, true, true]",0,4.0,0,1,1,"[[4, 7], [4, 7], [4, 7], [4, 7], [4, 7]]","[[6, 9], [6, 9], [6, 9], [6, 9], [6, 9]]","[[2, 2], [2, 2], [2, 2], [2, 2], [2, 2]]","[[1.0, 1.75], [1.0, 1.75], [1.0, 1.75], [1.0, 1.75], [1.0, 1.75]]",5.5,"[4.0, 7.0]",6.0,0.5,0.9965299050747001,0.21153537500001107
ellipse--demand_aligned,ellipse,demand_aligned,n0_d1_m0,factorial_combination,1.0,0.0,4,1.0,1657,full_trajectory,0.0,20.927811632484328,5.015682633805592,5.015682633805592,0.4377812007345452,0.23966589158420207,0.8333333333333334,0.3333333333333333,2.646959800922619,0.41081118425153995,0.15520114212099043,0.4377812007345452,0,"[[0, 1, 2, 3, 4, 5], [0, 1, 2, 3, 4, 5], [0, 1, 2, 3, 4, 5], [0, 1, 2, 3, 4, 5]]","[true, true, true, true, true]",0,0.0,0,1,1,[],[],[],[],nan,[],nan,nan,nan,0.28232954199998517
ellipse--demand_aligned,ellipse,demand_aligned,n0_d1_m0,factorial_combination,1.0,0.0,4,1.0,1657,error_peak_dynamic,0.0,20.927811632484328,3.5763051249288638,3.5763051249288638,0.39694114556714216,0.17088767749503692,0.8333333333333334,0.5,2.646959800922619,0.7420241569587854,0.2803307238365112,0.39694114556714216,0,"[[3, 4], [3, 4], [3, 4], [3, 4]]","[true, true, true, true, true]",0,0.0,0,1,1,[],[],[],[],nan,[],nan,nan,nan,0.24906720799998538
ellipse--demand_aligned,ellipse,demand_aligned,n0_d1_m0,factorial_combination,1.0,0.0,4,1.0,1657,dual_anchor_dynamic,0.0,20.927811632484328,3.596140509693255,3.596140509693255,0.40188134898807376,0.17183547772913316,0.8333333333333334,0.5,2.646959800922619,0.42383598564284,0.1601218067214729,0.40188134898807376,0,"[[3, 4], [3, 4], [3, 4], [3, 4]]","[true, true, true, true, true]",0,4.0,0,1,1,[],[],[],[],nan,[],nan,nan,nan,0.31555766599998947
ellipse--demand_aligned,ellipse,demand_aligned,n0_d1_m0,factorial_combination,1.0,0.0,4,1.0,1657,fixed_delay_dual_anchor,1.0,20.927811632484328,5.1508814132953935,5.1508814132953935,0.44750135456689677,0.24612613606002412,0.8333333333333334,0.5,2.646959800922619,0.5742158352561971,0.21693409739583108,0.44750135456689677,0,"[[3, 4], [3, 4], [3, 4], [3, 4]]","[true, true, true, true, true]",0,4.0,0,1,1,"[[8, 9], [8, 9], [8, 9], [8, 9], [8, 9]]","[[10, 11], [10, 11], [10, 11], [10, 11], [10, 11]]","[[2, 2], [2, 2], [2, 2], [2, 2], [2, 2]]","[[4.0, 4.0], [4.0, 4.0], [4.0, 4.0], [4.0, 4.0], [4.0, 4.0]]",8.5,"[8.0, 9.0]",8.5,0.0,0.9989419213894524,0.3557387090000077
ellipse--demand_aligned,ellipse,demand_aligned,n0_d1_m0,factorial_combination,1.0,0.0,4,1.0,1657,delay_aware_dual_anchor,0.25,20.927811632484328,4.345549599837905,4.345549599837905,0.42625642865452,0.20764472063064185,0.8333333333333334,0.5,2.646959800922619,0.505849771045181,0.19110595138953868,0.42625642865452,0,"[[3, 4], [3, 4], [3, 4], [3, 4]]","[true, true, true, true, true]",0,4.0,0,1,1,"[[8, 9], [8, 9], [8, 9], [8, 9], [8, 9]]","[[10, 11], [10, 11], [10, 11], [10, 11], [10, 11]]","[[2, 2], [2, 2], [2, 2], [2, 2], [2, 2]]","[[2.0, 2.25], [2.0, 2.25], [2.0, 2.25], [2.0, 2.25], [2.0, 2.25]]",8.5,"[8.0, 9.0]",8.5,0.0,0.998954331625158,0.33609466699999757
ellipse--demand_aligned,ellipse,demand_aligned,n0_d1_m0,factorial_combination,1.0,0.0,4,1.0,1669,full_trajectory,0.0,14.807734527084662,0.8746314055453579,0.8746314055453579,0.3351434977760638,0.0590658485905173,0.6666666666666666,0.16666666666666666,1.9742439691835065,0.10429519789120266,0.052827917683515226,0.3351434977760638,0,"[[0, 1, 2, 3, 4, 5], [0, 1, 2, 3, 4, 5], [0, 1, 2, 3, 4, 5], [0, 1, 2, 3, 4, 5]]","[true, true, true, true, true]",0,0.0,0,1,1,[],[],[],[],nan,[],nan,nan,nan,0.18836408299998197
ellipse--demand_aligned,ellipse,demand_aligned,n0_d1_m0,factorial_combination,1.0,0.0,4,1.0,1669,error_peak_dynamic,0.0,14.807734527084662,0.7892646735206308,0.7892646735206308,0.3193119537644994,0.05330083896878321,0.6666666666666666,0.0,1.9742439691835065,0.1876449509702755,0.09504648559107938,0.3193119537644994,1,"[[3, 4], [3, 4], [3, 4], [1, 3]]","[true, true, true, true, true]",0,0.0,0,1,1,[],[],[],[],nan,[],nan,nan,nan,0.11689658299999905
ellipse--demand_aligned,ellipse,demand_aligned,n0_d1_m0,factorial_combination,1.0,0.0,4,1.0,1669,dual_anchor_dynamic,0.0,14.807734527084662,0.7199156903814314,0.7199156903814314,0.3196094826740228,0.04861754436944029,0.6666666666666666,0.0,1.9742439691835065,0.10658872255287573,0.053989640701274585,0.3196094826740228,1,"[[3, 4], [3, 4], [3, 4], [1, 3]]","[true, true, true, true, true]",0,4.0,0,1,1,[],[],[],[],nan,[],nan,nan,nan,0.18416812499998514
ellipse--demand_aligned,ellipse,demand_aligned,n0_d1_m0,factorial_combination,1.0,0.0,4,1.0,1669,fixed_delay_dual_anchor,1.0,14.807734527084662,0.4278314041366126,0.4278314041366126,0.2822472826185221,0.028892428031720242,0.6666666666666666,0.0,1.9742439691835065,0.06679259663905576,0.03383198717161555,0.2822472826185221,0,"[[3, 4], [3, 4], [3, 4], [3, 4]]","[true, true, true, true, true]",0,4.0,0,1,1,"[[5, 8], [5, 8], [5, 8], [5, 8], [5, 8]]","[[7, 10], [7, 10], [7, 10], [7, 10], [7, 10]]","[[2, 2], [2, 2], [2, 2], [2, 2], [2, 2]]","[[4.0, 4.0], [4.0, 4.0], [4.0, 4.0], [4.0, 4.0], [4.0, 4.0]]",6.5,"[5.0, 8.0]",7.0,0.5,0.9966924185711215,0.22531416700002183
ellipse--demand_aligned,ellipse,demand_aligned,n0_d1_m0,factorial_combination,1.0,0.0,4,1.0,1669,delay_aware_dual_anchor,0.25,14.807734527084662,0.3349072425187221,0.3349072425187221,0.27964472150568015,0.022617047996514726,0.6666666666666666,0.0,1.9742439691835065,0.0666281615129771,0.03374869699641665,0.27964472150568015,1,"[[3, 4], [3, 4], [3, 4], [1, 3]]","[true, true, true, true, true]",0,4.0,0,1,1,"[[5, 8], [5, 8], [5, 8], [5, 8], [5, 8]]","[[7, 10], [7, 10], [7, 10], [7, 10], [7, 10]]","[[2, 2], [2, 2], [2, 2], [2, 2], [2, 2]]","[[1.25, 2.0], [1.25, 2.0], [1.25, 2.0], [1.25, 2.0], [1.25, 2.0]]",6.5,"[5.0, 8.0]",7.0,0.5,0.9967051324237202,0.20875145799999473
ellipse--demand_conflict,ellipse,demand_conflict,n0_d1_m0,factorial_combination,1.0,0.0,4,1.0,1601,full_trajectory,0.0,7.3270896262281795,0.7465034292712724,0.7465034292712724,0.34990316135925736,0.1018826665636893,0.8333333333333334,0.0,2.1642265776368843,0.18015680449643606,0.0832430422757071,0.34990316135925736,0,"[[0, 1, 2, 3, 4, 5], [0, 1, 2, 3, 4, 5], [0, 1, 2, 3, 4, 5], [0, 1, 2, 3, 4, 5]]","[true, true, true, true, true]",0,0.0,0,1,1,[],[],[],[],nan,[],nan,nan,nan,0.23887483300001122
ellipse--demand_conflict,ellipse,demand_conflict,n0_d1_m0,factorial_combination,1.0,0.0,4,1.0,1601,error_peak_dynamic,0.0,7.3270896262281795,0.7855501649141458,0.7855501649141458,0.3570272010429124,0.10721175869095098,0.8333333333333334,0.0,2.1642265776368843,0.18054530474391306,0.08342255224545399,0.3570272010429124,0,"[[3, 4], [3, 4], [3, 4], [3, 4]]","[true, true, true, true, true]",0,0.0,0,1,1,[],[],[],[],nan,[],nan,nan,nan,0.22968799999998168
ellipse--demand_conflict,ellipse,demand_conflict,n0_d1_m0,factorial_combination,1.0,0.0,4,1.0,1601,dual_anchor_dynamic,0.0,7.3270896262281795,0.6649738783079067,0.6649738783079067,0.34223426001472196,0.09075552671384753,0.8333333333333334,0.0,2.1642265776368843,0.19396108836053183,0.089621433524912,0.34223426001472196,1,"[[3, 4], [1, 3], [1, 3], [1, 3]]","[true, true, true, true, true]",0,4.0,0,1,1,[],[],[],[],nan,[],nan,nan,nan,0.24284695800000122
ellipse--demand_conflict,ellipse,demand_conflict,n0_d1_m0,factorial_combination,1.0,0.0,4,1.0,1601,fixed_delay_dual_anchor,1.0,7.3270896262281795,0.8196780654142772,0.8196780654142772,0.3560964334212242,0.11186952899827281,0.8333333333333334,0.0,2.1642265776368843,0.22953718997146677,0.1060596854059976,0.3560964334212242,0,"[[3, 4], [3, 4], [3, 4], [3, 4]]","[true, true, true, true, true]",0,4.0,0,1,1,"[[7, 8], [7, 8], [7, 8], [7, 8], [7, 8]]","[[9, 10], [9, 10], [9, 10], [9, 10], [9, 10]]","[[2, 2], [2, 2], [2, 2], [2, 2], [2, 2]]","[[4.0, 4.0], [4.0, 4.0], [4.0, 4.0], [4.0, 4.0], [4.0, 4.0]]",7.5,"[7.0, 8.0]",8.0,0.5,0.9992768050430505,0.2809716670000171
ellipse--demand_conflict,ellipse,demand_conflict,n0_d1_m0,factorial_combination,1.0,0.0,4,1.0,1601,delay_aware_dual_anchor,0.25,7.3270896262281795,0.688631329450788,0.688631329450788,0.33574574912514715,0.09398429179653421,0.8333333333333334,0.0,2.1642265776368843,0.18832638834305096,0.08701787062826123,0.33574574912514715,2,"[[3, 4], [3, 4], [1, 3], [3, 4]]","[true, true, true, true, true]",0,4.0,0,1,1,"[[7, 8], [7, 8], [7, 8], [7, 8], [7, 8]]","[[9, 10], [9, 10], [9, 10], [9, 10], [9, 10]]","[[2, 2], [2, 2], [2, 2], [2, 2], [2, 2]]","[[1.75, 2.0], [1.75, 2.0], [1.75, 2.0], [1.75, 2.0], [1.75, 2.0]]",7.5,"[7.0, 8.0]",8.0,0.5,0.9992802574377233,0.2614870410000094
ellipse--demand_conflict,ellipse,demand_conflict,n0_d1_m0,factorial_combination,1.0,0.0,4,1.0,1627,full_trajectory,0.0,7.232425872495845,0.5374501925309125,0.5374501925309125,0.35603349397453415,0.07431119267668945,0.6666666666666666,0.0,1.8513095866666844,0.09630336116914853,0.0520190474152648,0.35603349397453415,0,"[[0, 1, 2, 3, 4, 5], [0, 1, 2, 3, 4, 5], [0, 1, 2, 3, 4, 5], [0, 1, 2, 3, 4, 5]]","[true, true, true, true, true]",0,0.0,0,1,1,[],[],[],[],nan,[],nan,nan,nan,0.18890958400001523
ellipse--demand_conflict,ellipse,demand_conflict,n0_d1_m0,factorial_combination,1.0,0.0,4,1.0,1627,error_peak_dynamic,0.0,7.232425872495845,0.7134266871488792,0.7134266871488792,0.372886365381372,0.09864279285073159,0.6666666666666666,0.0,1.8513095866666844,0.11886875759547888,0.0642079306732831,0.372886365381372,1,"[[3, 4], [3, 4], [3, 4], [1, 3]]","[true, true, true, true, true]",0,0.0,0,1,1,[],[],[],[],nan,[],nan,nan,nan,0.16713695900000403
ellipse--demand_conflict,ellipse,demand_conflict,n0_d1_m0,factorial_combination,1.0,0.0,4,1.0,1627,dual_anchor_dynamic,0.0,7.232425872495845,0.5686526186422182,0.5686526186422182,0.3571090634689195,0.07862543338394166,0.6666666666666666,0.0,1.8513095866666844,0.10113447604432112,0.05462861358937569,0.3571090634689195,2,"[[3, 4], [1, 4], [1, 3], [1, 3]]","[true, true, true, true, true]",0,4.0,0,1,1,[],[],[],[],nan,[],nan,nan,nan,0.2478955830000018
ellipse--demand_conflict,ellipse,demand_conflict,n0_d1_m0,factorial_combination,1.0,0.0,4,1.0,1627,fixed_delay_dual_anchor,1.0,7.232425872495845,0.23444472162529406,0.23444472162529406,0.2921420559818301,0.0324157794021592,0.6666666666666666,0.0,1.8513095866666844,0.06530741183641146,0.03527633212011753,0.2921420559818301,2,"[[3, 4], [3, 4], [1, 4], [1, 3]]","[true, true, true, true, true]",0,4.0,0,1,1,"[[4, 7], [4, 7], [4, 7], [4, 7], [4, 7]]","[[6, 9], [6, 9], [6, 9], [6, 9], [6, 9]]","[[2, 2], [2, 2], [2, 2], [2, 2], [2, 2]]","[[4.0, 4.0], [4.0, 4.0], [4.0, 4.0], [4.0, 4.0], [4.0, 4.0]]",5.5,"[4.0, 7.0]",6.0,0.5,0.9965294883879412,0.22586545799998703
ellipse--demand_conflict,ellipse,demand_conflict,n0_d1_m0,factorial_combination,1.0,0.0,4,1.0,1627,delay_aware_dual_anchor,0.25,7.232425872495845,0.3854046979826685,0.3854046979826685,0.3196092269902669,0.053288440804947906,0.6666666666666666,0.0,1.8513095866666844,0.06661623829886726,0.03598330542802999,0.3196092269902669,2,"[[3, 4], [1, 4], [1, 4], [1, 3]]","[true, true, true, true, true]",0,4.0,0,1,1,"[[4, 7], [4, 7], [4, 7], [4, 7], [4, 7]]","[[6, 9], [6, 9], [6, 9], [6, 9], [6, 9]]","[[2, 2], [2, 2], [2, 2], [2, 2], [2, 2]]","[[1.0, 1.75], [1.0, 1.75], [1.0, 1.75], [1.0, 1.75], [1.0, 1.75]]",5.5,"[4.0, 7.0]",6.0,0.5,0.9965309714778412,0.21077370800000494
ellipse--demand_conflict,ellipse,demand_conflict,n0_d1_m0,factorial_combination,1.0,0.0,4,1.0,1657,full_trajectory,0.0,9.012186670216272,1.6676746763814396,1.6676746763814396,0.39925719241015484,0.185046619361849,0.8333333333333334,0.5,2.646959800922619,0.41081118425153995,0.15520114212099043,0.39925719241015484,0,"[[0, 1, 2, 3, 4, 5], [0, 1, 2, 3, 4, 5], [0, 1, 2, 3, 4, 5], [0, 1, 2, 3, 4, 5]]","[true, true, true, true, true]",0,0.0,0,1,1,[],[],[],[],nan,[],nan,nan,nan,0.2753124170000092
ellipse--demand_conflict,ellipse,demand_conflict,n0_d1_m0,factorial_combination,1.0,0.0,4,1.0,1657,error_peak_dynamic,0.0,9.012186670216272,1.6974738568561158,1.6974738568561158,0.38958361491817756,0.1883531621094773,0.8333333333333334,0.5,2.646959800922619,0.44970745078911883,0.169895836964494,0.38958361491817756,0,"[[3, 4], [3, 4], [3, 4], [3, 4]]","[true, true, true, true, true]",0,0.0,0,1,1,[],[],[],[],nan,[],nan,nan,nan,0.27886166700000103
ellipse--demand_conflict,ellipse,demand_conflict,n0_d1_m0,factorial_combination,1.0,0.0,4,1.0,1657,dual_anchor_dynamic,0.0,9.012186670216272,1.6352846197414457,1.6352846197414457,0.3859187177988109,0.18145259076199347,0.8333333333333334,0.6666666666666666,2.646959800922619,0.41415974939122613,0.15646620294228397,0.3859187177988109,2,"[[3, 4], [3, 4], [1, 3], [3, 4]]","[true, true, true, true, true]",0,4.0,0,1,1,[],[],[],[],nan,[],nan,nan,nan,0.3080157499999814
ellipse--demand_conflict,ellipse,demand_conflict,n0_d1_m0,factorial_combination,1.0,0.0,4,1.0,1657,fixed_delay_dual_anchor,1.0,9.012186670216272,1.9361581087672712,1.9361581087672712,0.4339632940797755,0.21483777240943544,0.8333333333333334,0.5,2.646959800922619,0.5742158352561971,0.21693409739583108,0.4339632940797755,0,"[[3, 4], [3, 4], [3, 4], [3, 4]]","[true, true, true, true, true]",0,4.0,0,1,1,"[[8, 9], [8, 9], [8, 9], [8, 9], [8, 9]]","[[10, 11], [10, 11], [10, 11], [10, 11], [10, 11]]","[[2, 2], [2, 2], [2, 2], [2, 2], [2, 2]]","[[4.0, 4.0], [4.0, 4.0], [4.0, 4.0], [4.0, 4.0], [4.0, 4.0]]",8.5,"[8.0, 9.0]",8.5,0.0,0.9989419213894524,0.3544827919999989
ellipse--demand_conflict,ellipse,demand_conflict,n0_d1_m0,factorial_combination,1.0,0.0,4,1.0,1657,delay_aware_dual_anchor,0.25,9.012186670216272,1.749392665312569,1.749392665312569,0.40472568704117606,0.19411411784156793,0.8333333333333334,0.5,2.646959800922619,0.505849771045181,0.19110595138953868,0.40472568704117606,0,"[[3, 4], [3, 4], [3, 4], [3, 4]]","[true, true, true, true, true]",0,4.0,0,1,1,"[[8, 9], [8, 9], [8, 9], [8, 9], [8, 9]]","[[10, 11], [10, 11], [10, 11], [10, 11], [10, 11]]","[[2, 2], [2, 2], [2, 2], [2, 2], [2, 2]]","[[2.0, 2.25], [2.0, 2.25], [2.0, 2.25], [2.0, 2.25], [2.0, 2.25]]",8.5,"[8.0, 9.0]",8.5,0.0,0.998954331625158,0.3385321250000004
ellipse--demand_conflict,ellipse,demand_conflict,n0_d1_m0,factorial_combination,1.0,0.0,4,1.0,1669,full_trajectory,0.0,7.581318665592639,0.6077927429727875,0.6077927429727875,0.3609733371287388,0.08016979232534024,0.6666666666666666,0.0,1.9742439691835065,0.10429519789120266,0.052827917683515226,0.3609733371287388,0,"[[0, 1, 2, 3, 4, 5], [0, 1, 2, 3, 4, 5], [0, 1, 2, 3, 4, 5], [0, 1, 2, 3, 4, 5]]","[true, true, true, true, true]",0,0.0,0,1,1,[],[],[],[],nan,[],nan,nan,nan,0.1893725829999937
ellipse--demand_conflict,ellipse,demand_conflict,n0_d1_m0,factorial_combination,1.0,0.0,4,1.0,1669,error_peak_dynamic,0.0,7.581318665592639,0.77064978423795,0.77064978423795,0.3770532241311549,0.10165115308178482,0.6666666666666666,0.0,1.9742439691835065,0.12126318105390355,0.06142259160809527,0.3770532241311549,1,"[[3, 4], [3, 4], [3, 4], [1, 3]]","[true, true, true, true, true]",0,0.0,0,1,1,[],[],[],[],nan,[],nan,nan,nan,0.17618216699997902
ellipse--demand_conflict,ellipse,demand_conflict,n0_d1_m0,factorial_combination,1.0,0.0,4,1.0,1669,dual_anchor_dynamic,0.0,7.581318665592639,0.6052345018393629,0.6052345018393629,0.36080777315535983,0.07983235219832975,0.6666666666666666,0.0,1.9742439691835065,0.10658669217204703,0.05398861226666346,0.36080777315535983,2,"[[3, 4], [1, 4], [1, 3], [1, 3]]","[true, true, true, true, true]",0,4.0,0,1,1,[],[],[],[],nan,[],nan,nan,nan,0.19152245800000856
ellipse--demand_conflict,ellipse,demand_conflict,n0_d1_m0,factorial_combination,1.0,0.0,4,1.0,1669,fixed_delay_dual_anchor,1.0,7.581318665592639,0.2742861350390039,0.2742861350390039,0.2991133308163784,0.03617921197321979,0.6666666666666666,0.0,1.9742439691835065,0.06982564747036432,0.035368297211637076,0.2991133308163784,1,"[[3, 4], [3, 4], [1, 4], [1, 4]]","[true, true, true, true, true]",0,4.0,0,1,1,"[[5, 8], [5, 8], [5, 8], [5, 8], [5, 8]]","[[7, 10], [7, 10], [7, 10], [7, 10], [7, 10]]","[[2, 2], [2, 2], [2, 2], [2, 2], [2, 2]]","[[4.0, 4.0], [4.0, 4.0], [4.0, 4.0], [4.0, 4.0], [4.0, 4.0]]",6.5,"[5.0, 8.0]",7.0,0.5,0.9966924185711215,0.23256229200001144
ellipse--demand_conflict,ellipse,demand_conflict,n0_d1_m0,factorial_combination,1.0,0.0,4,1.0,1669,delay_aware_dual_anchor,0.25,7.581318665592639,0.3862391082403346,0.3862391082403346,0.31920777821781804,0.05094616454961294,0.6666666666666666,0.0,1.9742439691835065,0.06542247552524477,0.033137989299418615,0.31920777821781804,2,"[[3, 4], [1, 4], [1, 4], [1, 3]]","[true, true, true, true, true]",0,4.0,0,1,1,"[[5, 8], [5, 8], [5, 8], [5, 8], [5, 8]]","[[7, 10], [7, 10], [7, 10], [7, 10], [7, 10]]","[[2, 2], [2, 2], [2, 2], [2, 2], [2, 2]]","[[1.25, 2.0], [1.25, 2.0], [1.25, 2.0], [1.25, 2.0], [1.25, 2.0]]",6.5,"[5.0, 8.0]",7.0,0.5,0.9967076666291657,0.2141356250000115
rounded_square--neutral,rounded_square,neutral,n0_d1_m0,factorial_combination,1.0,0.0,4,1.0,1601,full_trajectory,0.0,19.746177333819702,15.828727919387285,15.828727919387285,0.7909225546489586,0.8016097319392085,0.8333333333333334,0.8333333333333334,2.9218263341680593,2.1986882407815456,0.7525047656220762,0.7909225546489586,0,"[[0, 1, 2, 3, 4, 5], [0, 1, 2, 3, 4, 5], [0, 1, 2, 3, 4, 5], [0, 1, 2, 3, 4, 5]]","[true, true, true, true, true]",0,0.0,0,1,1,[],[],[],[],nan,[],nan,nan,nan,0.3686773329999937
rounded_square--neutral,rounded_square,neutral,n0_d1_m0,factorial_combination,1.0,0.0,4,1.0,1601,error_peak_dynamic,0.0,19.746177333819702,16.121687368941117,16.121687368941117,0.7318655977851309,0.8164459933887638,0.8333333333333334,0.8333333333333334,2.9218263341680593,2.3108722753105946,0.7908999410016532,0.7318655977851309,1,"[[2, 4], [2, 4], [2, 4], [2, 3]]","[true, true, true, true, true]",0,0.0,0,1,1,[],[],[],[],nan,[],nan,nan,nan,0.3839015410000002
rounded_square--neutral,rounded_square,neutral,n0_d1_m0,factorial_combination,1.0,0.0,4,1.0,1601,dual_anchor_dynamic,0.0,19.746177333819702,12.442137024784369,12.442137024784369,0.7002197756793225,0.6301035797685486,0.8333333333333334,0.8333333333333334,2.9218263341680593,2.178771528151793,0.7456882370704492,0.7002197756793225,2,"[[2, 4], [2, 4], [3, 4], [2, 4]]","[true, true, true, true, true]",0,4.0,0,1,1,[],[],[],[],nan,[],nan,nan,nan,0.38369354200000316
rounded_square--neutral,rounded_square,neutral,n0_d1_m0,factorial_combination,1.0,0.0,4,1.0,1601,fixed_delay_dual_anchor,1.0,19.746177333819702,16.302258920569827,16.302258920569827,0.8659359650305692,0.8255906267310077,0.8333333333333334,0.6666666666666666,2.9218263341680593,2.4906593698472896,0.8524323779005376,0.8659359650305692,0,"[[2, 4], [2, 4], [2, 4], [2, 4]]","[true, true, true, true, true]",0,4.0,0,1,1,"[[7, 8], [7, 8], [7, 8], [7, 8], [7, 8]]","[[9, 10], [9, 10], [9, 10], [9, 10], [9, 10]]","[[2, 2], [2, 2], [2, 2], [2, 2], [2, 2]]","[[4.0, 4.0], [4.0, 4.0], [4.0, 4.0], [4.0, 4.0], [4.0, 4.0]]",7.5,"[7.0, 8.0]",8.0,0.5,0.9983424541849615,0.40269358300000135
rounded_square--neutral,rounded_square,neutral,n0_d1_m0,factorial_combination,1.0,0.0,4,1.0,1601,delay_aware_dual_anchor,0.25,19.746177333819702,13.273201768474514,13.273201768474514,0.7492218458170818,0.6721909534227274,0.8333333333333334,0.8333333333333334,2.9218263341680593,2.1548583584777714,0.7375039143424419,0.7492218458170818,0,"[[2, 4], [2, 4], [2, 4], [2, 4]]","[true, true, true, true, true]",0,4.0,0,1,1,"[[7, 8], [7, 8], [7, 8], [7, 8], [7, 8]]","[[9, 10], [9, 10], [9, 10], [9, 10], [9, 10]]","[[2, 2], [2, 2], [2, 2], [2, 2], [2, 2]]","[[1.75, 2.0], [1.75, 2.0], [1.75, 2.0], [1.75, 2.0], [1.75, 2.0]]",7.5,"[7.0, 8.0]",8.0,0.5,0.9983070174659958,0.4147646669999858
rounded_square--neutral,rounded_square,neutral,n0_d1_m0,factorial_combination,1.0,0.0,4,1.0,1627,full_trajectory,0.0,17.54474951857611,11.994584125927702,11.994584125927702,0.7202144947259845,0.6836566183648287,1.0,0.8333333333333334,2.8818763682924806,1.7046484228656769,0.5915064371327232,0.7202144947259845,0,"[[0, 1, 2, 3, 4, 5], [0, 1, 2, 3, 4, 5], [0, 1, 2, 3, 4, 5], [0, 1, 2, 3, 4, 5]]","[true, true, true, true, true]",0,0.0,0,1,1,[],[],[],[],nan,[],nan,nan,nan,0.3606538340000043
rounded_square--neutral,rounded_square,neutral,n0_d1_m0,factorial_combination,1.0,0.0,4,1.0,1627,error_peak_dynamic,0.0,17.54474951857611,10.040056918835603,10.040056918835603,0.6653068215389406,0.5722542181753775,1.0,0.8333333333333334,2.8818763682924806,1.9486386900380899,0.6761701200918149,0.6653068215389406,3,"[[1, 4], [2, 4], [1, 4], [2, 4]]","[true, true, true, true, true]",0,0.0,0,1,1,[],[],[],[],nan,[],nan,nan,nan,0.36555299999997715
rounded_square--neutral,rounded_square,neutral,n0_d1_m0,factorial_combination,1.0,0.0,4,1.0,1627,dual_anchor_dynamic,0.0,17.54474951857611,10.040056918835603,10.040056918835603,0.6653068215389406,0.5722542181753775,1.0,0.8333333333333334,2.8818763682924806,1.9486386900380899,0.6761701200918149,0.6653068215389406,3,"[[1, 4], [2, 4], [1, 4], [2, 4]]","[true, true, true, true, true]",0,4.0,0,1,1,[],[],[],[],nan,[],nan,nan,nan,0.374212875000012
rounded_square--neutral,rounded_square,neutral,n0_d1_m0,factorial_combination,1.0,0.0,4,1.0,1627,fixed_delay_dual_anchor,1.0,17.54474951857611,11.166749151723142,11.166749151723142,0.718617580489785,0.636472418138541,1.0,0.8333333333333334,2.8818763682924806,1.900035658586612,0.659305055376955,0.718617580489785,2,"[[1, 4], [2, 4], [1, 4], [1, 4]]","[true, true, true, true, true]",0,4.0,0,1,1,"[[4, 7], [4, 7], [4, 7], [4, 7], [4, 7]]","[[6, 9], [6, 9], [6, 9], [6, 9], [6, 9]]","[[2, 2], [2, 2], [2, 2], [2, 2], [2, 2]]","[[4.0, 4.0], [4.0, 4.0], [4.0, 4.0], [4.0, 4.0], [4.0, 4.0]]",5.5,"[4.0, 7.0]",6.0,0.5,0.9917565907099419,0.4552014580000048
rounded_square--neutral,rounded_square,neutral,n0_d1_m0,factorial_combination,1.0,0.0,4,1.0,1627,delay_aware_dual_anchor,0.25,17.54474951857611,10.697865297949939,10.771345946161922,0.6874159938495137,0.609747394035076,1.0,0.8333333333333334,2.8818763682924806,1.932996411859424,0.6707423098114127,0.6874159938495137,2,"[[1, 4], [2, 4], [1, 4], [1, 4]]","[true, true, true, true, false]",1,2.0,0,1,1,"[[4, 7], [4, 7], [4, 7], [4, 7], [4, 7]]","[[6, 9], [6, 9], [6, 9], [6, 9], [6, 9]]","[[2, 2], [2, 2], [2, 2], [2, 2], [2, 2]]","[[1.0, 1.75], [1.0, 1.75], [1.0, 1.75], [1.0, 1.75], [1.0, 1.75]]",5.5,"[4.0, 7.0]",6.0,0.5,0.9916975870993079,0.3874420829999963
rounded_square--neutral,rounded_square,neutral,n0_d1_m0,factorial_combination,1.0,0.0,4,1.0,1657,full_trajectory,0.0,23.814582108443428,18.750455028910675,18.750455028910675,0.8022639265603102,0.7873518394539758,1.0,0.8333333333333334,3.5761753679067123,2.802536790247791,0.7836687248053597,0.8022639265603102,0,"[[0, 1, 2, 3, 4, 5], [0, 1, 2, 3, 4, 5], [0, 1, 2, 3, 4, 5], [0, 1, 2, 3, 4, 5]]","[true, true, true, true, true]",0,0.0,0,1,1,[],[],[],[],nan,[],nan,nan,nan,0.4221650000000068
rounded_square--neutral,rounded_square,neutral,n0_d1_m0,factorial_combination,1.0,0.0,4,1.0,1657,error_peak_dynamic,0.0,23.814582108443428,15.758171727902145,15.758171727902145,0.7289716427756956,0.6617026348035352,1.0,0.8333333333333334,3.5761753679067123,2.9363444738632873,0.8210851459396005,0.7289716427756956,0,"[[2, 4], [2, 4], [2, 4], [2, 4]]","[true, true, true, true, true]",0,0.0,0,1,1,[],[],[],[],nan,[],nan,nan,nan,0.41491125000001716
rounded_square--neutral,rounded_square,neutral,n0_d1_m0,factorial_combination,1.0,0.0,4,1.0,1657,dual_anchor_dynamic,0.0,23.814582108443428,15.758171727902145,15.758171727902145,0.7289716427756956,0.6617026348035352,1.0,0.8333333333333334,3.5761753679067123,2.9363444738632873,0.8210851459396005,0.7289716427756956,0,"[[2, 4], [2, 4], [2, 4], [2, 4]]","[true, true, true, true, true]",0,4.0,0,1,1,[],[],[],[],nan,[],nan,nan,nan,0.42225629199998593
rounded_square--neutral,rounded_square,neutral,n0_d1_m0,factorial_combination,1.0,0.0,4,1.0,1657,fixed_delay_dual_anchor,1.0,23.814582108443428,20.372687348304094,20.372687348304094,0.8912778998748502,0.8554711250247379,1.0,0.8333333333333334,3.5761753679067123,3.12823854728382,0.8747441681292356,0.8912778998748502,0,"[[2, 4], [2, 4], [2, 4], [2, 4]]","[true, true, true, true, true]",0,4.0,0,1,1,"[[8, 9], [8, 9], [8, 9], [8, 9], [8, 9]]","[[10, 11], [10, 11], [10, 11], [10, 11], [10, 11]]","[[2, 2], [2, 2], [2, 2], [2, 2], [2, 2]]","[[4.0, 4.0], [4.0, 4.0], [4.0, 4.0], [4.0, 4.0], [4.0, 4.0]]",8.5,"[8.0, 9.0]",8.5,0.0,0.9977996943272311,0.46493866700001263
rounded_square--neutral,rounded_square,neutral,n0_d1_m0,factorial_combination,1.0,0.0,4,1.0,1657,delay_aware_dual_anchor,0.25,23.814582108443428,17.77758054037764,17.77758054037764,0.802107982809116,0.7464997898944707,1.0,0.8333333333333334,3.5761753679067123,2.8560770136070213,0.798640088860856,0.802107982809116,0,"[[2, 4], [2, 4], [2, 4], [2, 4]]","[true, true, true, true, true]",0,4.0,0,1,1,"[[8, 9], [8, 9], [8, 9], [8, 9], [8, 9]]","[[10, 11], [10, 11], [10, 11], [10, 11], [10, 11]]","[[2, 2], [2, 2], [2, 2], [2, 2], [2, 2]]","[[2.0, 2.25], [2.0, 2.25], [2.0, 2.25], [2.0, 2.25], [2.0, 2.25]]",8.5,"[8.0, 9.0]",8.5,0.0,0.9978067952321696,0.36672225000000935
rounded_square--neutral,rounded_square,neutral,n0_d1_m0,factorial_combination,1.0,0.0,4,1.0,1669,full_trajectory,0.0,18.895915078646876,13.887697708630142,13.887697708630142,0.7585378276410039,0.7349576694660205,1.0,0.8333333333333334,3.0081946683921714,1.981130407379981,0.6585778600687638,0.7585378276410039,0,"[[0, 1, 2, 3, 4, 5], [0, 1, 2, 3, 4, 5], [0, 1, 2, 3, 4, 5], [0, 1, 2, 3, 4, 5]]","[true, true, true, true, true]",0,0.0,0,1,1,[],[],[],[],nan,[],nan,nan,nan,0.3642812909999975
rounded_square--neutral,rounded_square,neutral,n0_d1_m0,factorial_combination,1.0,0.0,4,1.0,1669,error_peak_dynamic,0.0,18.895915078646876,11.46606214808957,11.46606214808957,0.6941580876231197,0.6068011049142927,1.0,0.8333333333333334,3.0081946683921714,2.219772358669057,0.7379084811208336,0.6941580876231197,3,"[[1, 4], [2, 4], [1, 4], [2, 4]]","[true, true, true, true, true]",0,0.0,0,1,1,[],[],[],[],nan,[],nan,nan,nan,0.36853437499999586
rounded_square--neutral,rounded_square,neutral,n0_d1_m0,factorial_combination,1.0,0.0,4,1.0,1669,dual_anchor_dynamic,0.0,18.895915078646876,11.46606214808957,11.46606214808957,0.6941580876231197,0.6068011049142927,1.0,0.8333333333333334,3.0081946683921714,2.219772358669057,0.7379084811208336,0.6941580876231197,3,"[[1, 4], [2, 4], [1, 4], [2, 4]]","[true, true, true, true, true]",0,4.0,0,1,1,[],[],[],[],nan,[],nan,nan,nan,0.3571650419999912
rounded_square--neutral,rounded_square,neutral,n0_d1_m0,factorial_combination,1.0,0.0,4,1.0,1669,fixed_delay_dual_anchor,1.0,18.895915078646876,12.738211155691676,12.738211155691676,0.7490009480192661,0.6741251271861586,1.0,0.8333333333333334,3.0081946683921714,2.1522292439029846,0.7154554412707986,0.7490009480192661,2,"[[1, 4], [2, 4], [1, 4], [1, 4]]","[true, true, true, true, true]",0,4.0,0,1,1,"[[5, 8], [5, 8], [5, 8], [5, 8], [5, 8]]","[[7, 10], [7, 10], [7, 10], [7, 10], [7, 10]]","[[2, 2], [2, 2], [2, 2], [2, 2], [2, 2]]","[[4.0, 4.0], [4.0, 4.0], [4.0, 4.0], [4.0, 4.0], [4.0, 4.0]]",6.5,"[5.0, 8.0]",7.0,0.5,0.9924397229987456,0.4604265830000145
rounded_square--neutral,rounded_square,neutral,n0_d1_m0,factorial_combination,1.0,0.0,4,1.0,1669,delay_aware_dual_anchor,0.25,18.895915078646876,12.495620650171663,12.606235704054242,0.7265432177521232,0.6612868759286605,1.0,0.8333333333333334,3.0081946683921714,2.171682077129261,0.7219220550942562,0.7265432177521232,2,"[[1, 4], [2, 4], [1, 4], [1, 4]]","[true, true, true, true, false]",1,2.0,0,1,1,"[[5, 8], [5, 8], [5, 8], [5, 8], [5, 8]]","[[7, 10], [7, 10], [7, 10], [7, 10], [7, 10]]","[[2, 2], [2, 2], [2, 2], [2, 2], [2, 2]]","[[1.25, 2.0], [1.25, 2.0], [1.25, 2.0], [1.25, 2.0], [1.25, 2.0]]",6.5,"[5.0, 8.0]",7.0,0.5,0.9926420283062507,0.3631387499999903
rounded_square--demand_aligned,rounded_square,demand_aligned,n0_d1_m0,factorial_combination,1.0,0.0,4,1.0,1601,full_trajectory,0.0,31.488328009283578,21.320079351180578,21.320079351180578,0.6992099450014306,0.6770788002746562,0.8333333333333334,0.8333333333333334,2.9218263341680593,2.1986882407815456,0.7525047656220762,0.6992099450014306,0,"[[0, 1, 2, 3, 4, 5], [0, 1, 2, 3, 4, 5], [0, 1, 2, 3, 4, 5], [0, 1, 2, 3, 4, 5]]","[true, true, true, true, true]",0,0.0,0,1,1,[],[],[],[],nan,[],nan,nan,nan,0.3711409999999944
rounded_square--demand_aligned,rounded_square,demand_aligned,n0_d1_m0,factorial_combination,1.0,0.0,4,1.0,1601,error_peak_dynamic,0.0,31.488328009283578,18.50931527277217,18.50931527277217,0.6860448168977458,0.5878151189010462,0.8333333333333334,0.8333333333333334,2.9218263341680593,2.7156131857163874,0.9294232014955168,0.6860448168977458,3,"[[2, 4], [1, 2], [3, 4], [2, 4]]","[true, true, true, true, true]",0,0.0,0,1,1,[],[],[],[],nan,[],nan,nan,nan,0.3525801670000135
rounded_square--demand_aligned,rounded_square,demand_aligned,n0_d1_m0,factorial_combination,1.0,0.0,4,1.0,1601,dual_anchor_dynamic,0.0,31.488328009283578,18.57370055246768,21.415229583362986,0.6817547150307484,0.5898598536890136,0.8333333333333334,0.8333333333333334,2.9218263341680593,2.4328089561821344,0.8326329760713981,0.6817547150307484,1,"[[2, 4], [2, 4], [2, 4], [2, 3]]","[true, true, true, true, false]",1,2.0,0,1,1,[],[],[],[],nan,[],nan,nan,nan,0.38413366599999677
rounded_square--demand_aligned,rounded_square,demand_aligned,n0_d1_m0,factorial_combination,1.0,0.0,4,1.0,1601,fixed_delay_dual_anchor,1.0,31.488328009283578,26.214064617788104,26.214064617788104,0.859878831811157,0.8325010019604571,0.8333333333333334,0.6666666666666666,2.9218263341680593,2.4906593698472896,0.8524323779005376,0.859878831811157,0,"[[2, 4], [2, 4], [2, 4], [2, 4]]","[true, true, true, true, true]",0,4.0,0,1,1,"[[7, 8], [7, 8], [7, 8], [7, 8], [7, 8]]","[[9, 10], [9, 10], [9, 10], [9, 10], [9, 10]]","[[2, 2], [2, 2], [2, 2], [2, 2], [2, 2]]","[[4.0, 4.0], [4.0, 4.0], [4.0, 4.0], [4.0, 4.0], [4.0, 4.0]]",7.5,"[7.0, 8.0]",8.0,0.5,0.9983424541849615,0.40318591700000184
rounded_square--demand_aligned,rounded_square,demand_aligned,n0_d1_m0,factorial_combination,1.0,0.0,4,1.0,1601,delay_aware_dual_anchor,0.25,31.488328009283578,19.852612564158637,19.852612564158637,0.7178109401746238,0.6304752846294529,0.8333333333333334,0.8333333333333334,2.9218263341680593,2.1548583584777714,0.7375039143424419,0.7178109401746238,0,"[[2, 4], [2, 4], [2, 4], [2, 4]]","[true, true, true, true, true]",0,4.0,0,1,1,"[[7, 8], [7, 8], [7, 8], [7, 8], [7, 8]]","[[9, 10], [9, 10], [9, 10], [9, 10], [9, 10]]","[[2, 2], [2, 2], [2, 2], [2, 2], [2, 2]]","[[1.75, 2.0], [1.75, 2.0], [1.75, 2.0], [1.75, 2.0], [1.75, 2.0]]",7.5,"[7.0, 8.0]",8.0,0.5,0.9983070174659958,0.4259384579999903
rounded_square--demand_aligned,rounded_square,demand_aligned,n0_d1_m0,factorial_combination,1.0,0.0,4,1.0,1627,full_trajectory,0.0,23.51848115688444,16.28155989737607,16.28155989737607,0.7324970763507233,0.6922878985580263,0.6666666666666666,0.8333333333333334,2.8818763682924806,1.7046484228656769,0.5915064371327232,0.7324970763507233,0,"[[0, 1, 2, 3, 4, 5], [0, 1, 2, 3, 4, 5], [0, 1, 2, 3, 4, 5], [0, 1, 2, 3, 4, 5]]","[true, true, true, true, true]",0,0.0,0,1,1,[],[],[],[],nan,[],nan,nan,nan,0.3767164589999936
rounded_square--demand_aligned,rounded_square,demand_aligned,n0_d1_m0,factorial_combination,1.0,0.0,4,1.0,1627,error_peak_dynamic,0.0,23.51848115688444,15.53307747592497,15.53307747592497,0.7089633148054482,0.6604626111826126,0.6666666666666666,0.8333333333333334,2.8818763682924806,2.868688053597509,0.995423705596786,0.7089633148054482,2,"[[1, 4], [2, 4], [1, 4], [1, 4]]","[true, true, true, true, true]",0,0.0,0,1,1,[],[],[],[],nan,[],nan,nan,nan,0.34593395799998916
rounded_square--demand_aligned,rounded_square,demand_aligned,n0_d1_m0,factorial_combination,1.0,0.0,4,1.0,1627,dual_anchor_dynamic,0.0,23.51848115688444,13.05733866190878,13.668082907129438,0.6786569721826639,0.5551948093419533,0.6666666666666666,0.8333333333333334,2.8818763682924806,1.954401218409969,0.6781696952419777,0.6786569721826639,2,"[[1, 4], [2, 4], [2, 4], [1, 4]]","[true, true, true, true, false]",1,2.0,0,1,1,[],[],[],[],nan,[],nan,nan,nan,0.3626889169999856
rounded_square--demand_aligned,rounded_square,demand_aligned,n0_d1_m0,factorial_combination,1.0,0.0,4,1.0,1627,fixed_delay_dual_anchor,1.0,23.51848115688444,15.078701701646295,15.531909618924239,0.7444835812013088,0.6411426656790031,0.6666666666666666,0.6666666666666666,2.8818763682924806,1.8839485444070299,0.6537228887175595,0.7444835812013088,2,"[[1, 4], [2, 4], [1, 4], [1, 4]]","[true, true, true, true, false]",1,2.0,0,1,1,"[[4, 7], [4, 7], [4, 7], [4, 7], [4, 7]]","[[6, 9], [6, 9], [6, 9], [6, 9], [6, 9]]","[[2, 2], [2, 2], [2, 2], [2, 2], [2, 2]]","[[4.0, 4.0], [4.0, 4.0], [4.0, 4.0], [4.0, 4.0], [4.0, 4.0]]",5.5,"[4.0, 7.0]",6.0,0.5,0.9917565907099419,0.45907345799997756
rounded_square--demand_aligned,rounded_square,demand_aligned,n0_d1_m0,factorial_combination,1.0,0.0,4,1.0,1627,delay_aware_dual_anchor,0.25,23.51848115688444,14.163347948569589,14.313753547398772,0.6994451946011037,0.6022220505690958,0.6666666666666666,0.8333333333333334,2.8818763682924806,1.932996411859424,0.6707423098114127,0.6994451946011037,2,"[[1, 4], [2, 4], [1, 4], [1, 4]]","[true, true, true, true, false]",1,2.0,0,1,1,"[[4, 7], [4, 7], [4, 7], [4, 7], [4, 7]]","[[6, 9], [6, 9], [6, 9], [6, 9], [6, 9]]","[[2, 2], [2, 2], [2, 2], [2, 2], [2, 2]]","[[1.0, 1.75], [1.0, 1.75], [1.0, 1.75], [1.0, 1.75], [1.0, 1.75]]",5.5,"[4.0, 7.0]",6.0,0.5,0.9916975870993079,0.41342904199999
rounded_square--demand_aligned,rounded_square,demand_aligned,n0_d1_m0,factorial_combination,1.0,0.0,4,1.0,1657,full_trajectory,0.0,37.196393433624976,25.866320151770147,25.866320151770147,0.7438320001905181,0.6953986062634606,0.8333333333333334,0.8333333333333334,3.5761753679067123,2.802536790247791,0.7836687248053597,0.7438320001905181,0,"[[0, 1, 2, 3, 4, 5], [0, 1, 2, 3, 4, 5], [0, 1, 2, 3, 4, 5], [0, 1, 2, 3, 4, 5]]","[true, true, true, true, true]",0,0.0,0,1,1,[],[],[],[],nan,[],nan,nan,nan,0.4358722499999885
rounded_square--demand_aligned,rounded_square,demand_aligned,n0_d1_m0,factorial_combination,1.0,0.0,4,1.0,1657,error_peak_dynamic,0.0,37.196393433624976,25.635702782042884,25.635702782042884,0.7292241174569759,0.6891986135104323,0.8333333333333334,0.8333333333333334,3.5761753679067123,3.51392638405059,0.9825934196586787,0.7292241174569759,3,"[[2, 4], [1, 4], [2, 4], [1, 4]]","[true, true, true, true, true]",0,0.0,0,1,1,[],[],[],[],nan,[],nan,nan,nan,0.41192945900002087
rounded_square--demand_aligned,rounded_square,demand_aligned,n0_d1_m0,factorial_combination,1.0,0.0,4,1.0,1657,dual_anchor_dynamic,0.0,37.196393433624976,24.24522499146914,24.24522499146914,0.7239322358293441,0.6518165540627878,0.8333333333333334,0.8333333333333334,3.5761753679067123,2.9363444738632873,0.8210851459396005,0.7239322358293441,0,"[[2, 4], [2, 4], [2, 4], [2, 4]]","[true, true, true, true, true]",0,4.0,0,1,1,[],[],[],[],nan,[],nan,nan,nan,0.7643354589999944
rounded_square--demand_aligned,rounded_square,demand_aligned,n0_d1_m0,factorial_combination,1.0,0.0,4,1.0,1657,fixed_delay_dual_anchor,1.0,37.196393433624976,32.654281331922164,32.654281331922164,0.9013866062553808,0.8778883735110509,0.8333333333333334,0.6666666666666666,3.5761753679067123,3.12823854728382,0.8747441681292356,0.9013866062553808,0,"[[2, 4], [2, 4], [2, 4], [2, 4]]","[true, true, true, true, true]",0,4.0,0,1,1,"[[8, 9], [8, 9], [8, 9], [8, 9], [8, 9]]","[[10, 11], [10, 11], [10, 11], [10, 11], [10, 11]]","[[2, 2], [2, 2], [2, 2], [2, 2], [2, 2]]","[[4.0, 4.0], [4.0, 4.0], [4.0, 4.0], [4.0, 4.0], [4.0, 4.0]]",8.5,"[8.0, 9.0]",8.5,0.0,0.9977996943272311,0.8460635420000244
rounded_square--demand_aligned,rounded_square,demand_aligned,n0_d1_m0,factorial_combination,1.0,0.0,4,1.0,1657,delay_aware_dual_anchor,0.25,37.196393433624976,26.344514886082994,26.344514886082994,0.7779282830843113,0.7082545498152504,0.8333333333333334,0.8333333333333334,3.5761753679067123,2.8560770136070213,0.798640088860856,0.7779282830843113,0,"[[2, 4], [2, 4], [2, 4], [2, 4]]","[true, true, true, true, true]",0,4.0,0,1,1,"[[8, 9], [8, 9], [8, 9], [8, 9], [8, 9]]","[[10, 11], [10, 11], [10, 11], [10, 11], [10, 11]]","[[2, 2], [2, 2], [2, 2], [2, 2], [2, 2]]","[[2.0, 2.25], [2.0, 2.25], [2.0, 2.25], [2.0, 2.25], [2.0, 2.25]]",8.5,"[8.0, 9.0]",8.5,0.0,0.9978067952321696,0.5288724169999455
rounded_square--demand_aligned,rounded_square,demand_aligned,n0_d1_m0,factorial_combination,1.0,0.0,4,1.0,1669,full_trajectory,0.0,25.550149630959986,18.797485293119053,18.797485293119053,0.7620084432588641,0.7357094014956961,0.6666666666666666,0.8333333333333334,3.0081946683921714,1.981130407379981,0.6585778600687638,0.7620084432588641,0,"[[0, 1, 2, 3, 4, 5], [0, 1, 2, 3, 4, 5], [0, 1, 2, 3, 4, 5], [0, 1, 2, 3, 4, 5]]","[true, true, true, true, true]",0,0.0,0,1,1,[],[],[],[],nan,[],nan,nan,nan,0.4261667910000142
rounded_square--demand_aligned,rounded_square,demand_aligned,n0_d1_m0,factorial_combination,1.0,0.0,4,1.0,1669,error_peak_dynamic,0.0,25.550149630959986,17.920034524999338,17.920034524999338,0.7375659969026304,0.7013671068010116,0.6666666666666666,0.8333333333333334,3.0081946683921714,3.2319439066514084,1.0743799065300608,0.7375659969026304,2,"[[1, 4], [2, 4], [1, 4], [1, 4]]","[true, true, true, true, true]",0,0.0,0,1,1,[],[],[],[],nan,[],nan,nan,nan,0.4175956670000005
rounded_square--demand_aligned,rounded_square,demand_aligned,n0_d1_m0,factorial_combination,1.0,0.0,4,1.0,1669,dual_anchor_dynamic,0.0,25.550149630959986,15.142412703218287,16.21352658718706,0.6876862591740589,0.5926545606163383,0.6666666666666666,0.8333333333333334,3.0081946683921714,2.233969558095801,0.7426279893281704,0.6876862591740589,3,"[[2, 4], [1, 4], [2, 4], [1, 4]]","[true, true, true, true, false]",1,2.0,0,1,1,[],[],[],[],nan,[],nan,nan,nan,0.4205104170000027
rounded_square--demand_aligned,rounded_square,demand_aligned,n0_d1_m0,factorial_combination,1.0,0.0,4,1.0,1669,fixed_delay_dual_anchor,1.0,25.550149630959986,16.915278244072116,16.915278244072116,0.7490249171609168,0.6620422380452636,0.6666666666666666,0.6666666666666666,3.0081946683921714,2.0919031331514963,0.6954015161091894,0.7490249171609168,3,"[[2, 4], [1, 4], [2, 4], [1, 4]]","[true, true, true, true, true]",0,4.0,0,1,1,"[[5, 8], [5, 8], [5, 8], [5, 8], [5, 8]]","[[7, 10], [7, 10], [7, 10], [7, 10], [7, 10]]","[[2, 2], [2, 2], [2, 2], [2, 2], [2, 2]]","[[4.0, 4.0], [4.0, 4.0], [4.0, 4.0], [4.0, 4.0], [4.0, 4.0]]",6.5,"[5.0, 8.0]",7.0,0.5,0.992326405997832,0.5780265829999962
rounded_square--demand_aligned,rounded_square,demand_aligned,n0_d1_m0,factorial_combination,1.0,0.0,4,1.0,1669,delay_aware_dual_anchor,0.25,25.550149630959986,16.795548525724026,16.891823444646196,0.7201362348719904,0.657356170837148,0.6666666666666666,0.8333333333333334,3.0081946683921714,2.2012348596749103,0.7317461475494977,0.7201362348719904,1,"[[2, 4], [1, 4], [1, 4], [1, 4]]","[true, true, true, true, false]",1,2.0,0,1,1,"[[5, 8], [5, 8], [5, 8], [5, 8], [5, 8]]","[[7, 10], [7, 10], [7, 10], [7, 10], [7, 10]]","[[2, 2], [2, 2], [2, 2], [2, 2], [2, 2]]","[[1.25, 2.0], [1.25, 2.0], [1.25, 2.0], [1.25, 2.0], [1.25, 2.0]]",6.5,"[5.0, 8.0]",7.0,0.5,0.9925941569972732,0.5465158750000114
rounded_square--demand_conflict,rounded_square,demand_conflict,n0_d1_m0,factorial_combination,1.0,0.0,4,1.0,1601,full_trajectory,0.0,14.222826853902507,10.857314978474296,10.857314978474296,0.7622581926255455,0.7633725060426527,1.0,0.8333333333333334,2.9218263341680593,2.1986882407815456,0.7525047656220762,0.7622581926255455,0,"[[0, 1, 2, 3, 4, 5], [0, 1, 2, 3, 4, 5], [0, 1, 2, 3, 4, 5], [0, 1, 2, 3, 4, 5]]","[true, true, true, true, true]",0,0.0,0,1,1,[],[],[],[],nan,[],nan,nan,nan,0.45795795799995176
rounded_square--demand_conflict,rounded_square,demand_conflict,n0_d1_m0,factorial_combination,1.0,0.0,4,1.0,1601,error_peak_dynamic,0.0,14.222826853902507,12.269648975404062,12.269648975404062,0.880925827588564,0.8626730186226991,1.0,0.8333333333333334,2.9218263341680593,2.395077134369217,0.819719196298905,0.880925827588564,1,"[[2, 4], [2, 4], [2, 4], [2, 3]]","[true, true, true, true, true]",0,0.0,0,1,1,[],[],[],[],nan,[],nan,nan,nan,0.41401737500001445
rounded_square--demand_conflict,rounded_square,demand_conflict,n0_d1_m0,factorial_combination,1.0,0.0,4,1.0,1601,dual_anchor_dynamic,0.0,14.222826853902507,10.585043237552245,10.585043237552245,0.8020306406400921,0.744229213101043,1.0,1.0,2.9218263341680593,2.3583284682189953,0.8071419032132482,0.8020306406400921,1,"[[1, 2], [2, 3], [2, 3], [2, 3]]","[true, true, false, false, true]",2,1.15,0,1,1,[],[],[],[],nan,[],nan,nan,nan,0.426968458000033
rounded_square--demand_conflict,rounded_square,demand_conflict,n0_d1_m0,factorial_combination,1.0,0.0,4,1.0,1601,fixed_delay_dual_anchor,1.0,14.222826853902507,10.519553454893575,10.519553454893575,0.8192375468134659,0.7396246585120443,1.0,0.8333333333333334,2.9218263341680593,2.490085935010193,0.8522361188585846,0.8192375468134659,1,"[[1, 2], [2, 4], [2, 4], [2, 4]]","[true, true, true, true, true]",0,4.0,0,1,1,"[[7, 8], [7, 8], [7, 8], [7, 8], [7, 8]]","[[9, 10], [9, 10], [9, 10], [9, 10], [9, 10]]","[[2, 2], [2, 2], [2, 2], [2, 2], [2, 2]]","[[4.0, 4.0], [4.0, 4.0], [4.0, 4.0], [4.0, 4.0], [4.0, 4.0]]",7.5,"[7.0, 8.0]",8.0,0.5,0.9983207597255073,0.4687145000000328
rounded_square--demand_conflict,rounded_square,demand_conflict,n0_d1_m0,factorial_combination,1.0,0.0,4,1.0,1601,delay_aware_dual_anchor,0.25,14.222826853902507,10.06675710980549,10.43077050452834,0.7661593271240386,0.7077887689424651,1.0,0.8333333333333334,2.9218263341680593,2.3568640195341803,0.8066406931763306,0.7661593271240386,1,"[[1, 2], [1, 4], [1, 4], [1, 4]]","[true, true, true, false, false]",2,1.0,0,1,1,"[[7, 8], [7, 8], [7, 8], [7, 8], [7, 8]]","[[9, 10], [9, 10], [9, 10], [9, 10], [9, 10]]","[[2, 2], [2, 2], [2, 2], [2, 2], [2, 2]]","[[1.75, 2.0], [1.75, 2.0], [1.75, 2.0], [1.75, 2.0], [1.75, 2.0]]",7.5,"[7.0, 8.0]",8.0,0.5,0.9984309316274174,0.38585383299999876
rounded_square--demand_conflict,rounded_square,demand_conflict,n0_d1_m0,factorial_combination,1.0,0.0,4,1.0,1627,full_trajectory,0.0,12.61767390397985,8.126244124466949,8.126244124466949,0.6865296756072481,0.6440366256338088,1.0,0.8333333333333334,2.8818763682924806,1.7046484228656769,0.5915064371327232,0.6865296756072481,0,"[[0, 1, 2, 3, 4, 5], [0, 1, 2, 3, 4, 5], [0, 1, 2, 3, 4, 5], [0, 1, 2, 3, 4, 5]]","[true, true, true, true, true]",0,0.0,0,1,1,[],[],[],[],nan,[],nan,nan,nan,0.36902199999997265
rounded_square--demand_conflict,rounded_square,demand_conflict,n0_d1_m0,factorial_combination,1.0,0.0,4,1.0,1627,error_peak_dynamic,0.0,12.61767390397985,8.839529563701705,8.839529563701705,0.6928299396637969,0.7005672860917378,1.0,0.8333333333333334,2.8818763682924806,2.1590921522428848,0.7491966608970643,0.6928299396637969,2,"[[1, 4], [2, 4], [2, 4], [1, 4]]","[true, true, true, true, true]",0,0.0,0,1,1,[],[],[],[],nan,[],nan,nan,nan,0.37706274999999323
rounded_square--demand_conflict,rounded_square,demand_conflict,n0_d1_m0,factorial_combination,1.0,0.0,4,1.0,1627,dual_anchor_dynamic,0.0,12.61767390397985,7.5614761069127905,8.0125917460213,0.6779431084920531,0.5992765516414051,1.0,1.0,2.8818763682924806,2.1668062131067427,0.7518734103054466,0.6779431084920531,1,"[[1, 4], [1, 4], [2, 4], [2, 4]]","[true, true, true, false, false]",2,1.0,0,1,1,[],[],[],[],nan,[],nan,nan,nan,0.33851845899999944
rounded_square--demand_conflict,rounded_square,demand_conflict,n0_d1_m0,factorial_combination,1.0,0.0,4,1.0,1627,fixed_delay_dual_anchor,1.0,12.61767390397985,8.348803876736529,8.348803876736529,0.7249579194503051,0.661675356350996,1.0,0.8333333333333334,2.8818763682924806,1.9582986062239427,0.6795220738022985,0.7249579194503051,0,"[[1, 4], [1, 4], [1, 4], [1, 4]]","[true, true, true, true, true]",0,4.0,0,1,1,"[[4, 7], [4, 7], [4, 7], [4, 7], [4, 7]]","[[6, 9], [6, 9], [6, 9], [6, 9], [6, 9]]","[[2, 2], [2, 2], [2, 2], [2, 2], [2, 2]]","[[4.0, 4.0], [4.0, 4.0], [4.0, 4.0], [4.0, 4.0], [4.0, 4.0]]",5.5,"[4.0, 7.0]",6.0,0.5,0.9919740190100437,0.4126229999999964
rounded_square--demand_conflict,rounded_square,demand_conflict,n0_d1_m0,factorial_combination,1.0,0.0,4,1.0,1627,delay_aware_dual_anchor,0.25,12.61767390397985,7.520073792341089,7.59337362005931,0.6712503689729177,0.5959952563022822,1.0,0.8333333333333334,2.8818763682924806,1.903087966686931,0.6603641945315356,0.6712503689729177,2,"[[1, 4], [1, 4], [2, 4], [1, 4]]","[true, true, true, true, false]",1,2.0,0,1,1,"[[4, 7], [4, 7], [4, 7], [4, 7], [4, 7]]","[[6, 9], [6, 9], [6, 9], [6, 9], [6, 9]]","[[2, 2], [2, 2], [2, 2], [2, 2], [2, 2]]","[[1.0, 1.75], [1.0, 1.75], [1.0, 1.75], [1.0, 1.75], [1.0, 1.75]]",5.5,"[4.0, 7.0]",6.0,0.5,0.9918635399184426,0.37649633300003416
rounded_square--demand_conflict,rounded_square,demand_conflict,n0_d1_m0,factorial_combination,1.0,0.0,4,1.0,1657,full_trajectory,0.0,17.26449906256161,12.928992113693635,12.928992113693635,0.7714049580302762,0.7488773388004286,1.0,0.8333333333333334,3.5761753679067123,2.802536790247791,0.7836687248053597,0.7714049580302762,0,"[[0, 1, 2, 3, 4, 5], [0, 1, 2, 3, 4, 5], [0, 1, 2, 3, 4, 5], [0, 1, 2, 3, 4, 5]]","[true, true, true, true, true]",0,0.0,0,1,1,[],[],[],[],nan,[],nan,nan,nan,0.3949190000000158
rounded_square--demand_conflict,rounded_square,demand_conflict,n0_d1_m0,factorial_combination,1.0,0.0,4,1.0,1657,error_peak_dynamic,0.0,17.26449906256161,14.166327455552189,14.166327455552189,0.8012214697550145,0.8205466839331663,1.0,0.8333333333333334,3.5761753679067123,3.076995640565463,0.8604151989242518,0.8012214697550145,0,"[[2, 4], [2, 4], [2, 4], [2, 4]]","[true, true, true, true, true]",0,0.0,0,1,1,[],[],[],[],nan,[],nan,nan,nan,0.4369007500000066
rounded_square--demand_conflict,rounded_square,demand_conflict,n0_d1_m0,factorial_combination,1.0,0.0,4,1.0,1657,dual_anchor_dynamic,0.0,17.26449906256161,11.900975264534477,12.338168454647882,0.764672372645798,0.6893322083316025,1.0,0.8333333333333334,3.5761753679067123,2.9497953839118036,0.8248464016568753,0.764672372645798,3,"[[1, 2], [1, 4], [3, 4], [1, 4]]","[true, true, true, true, false]",1,2.0,0,1,1,[],[],[],[],nan,[],nan,nan,nan,0.5383365829999889
rounded_square--demand_conflict,rounded_square,demand_conflict,n0_d1_m0,factorial_combination,1.0,0.0,4,1.0,1657,fixed_delay_dual_anchor,1.0,17.26449906256161,13.571722033676856,13.571722033676856,0.8603510968270052,0.7861057528803364,1.0,0.8333333333333334,3.5761753679067123,3.1454627729296134,0.8795605498426065,0.8603510968270052,1,"[[1, 2], [2, 4], [2, 4], [2, 4]]","[true, true, true, true, true]",0,4.0,0,1,1,"[[8, 9], [8, 9], [8, 9], [8, 9], [8, 9]]","[[10, 11], [10, 11], [10, 11], [10, 11], [10, 11]]","[[2, 2], [2, 2], [2, 2], [2, 2], [2, 2]]","[[4.0, 4.0], [4.0, 4.0], [4.0, 4.0], [4.0, 4.0], [4.0, 4.0]]",8.5,"[8.0, 9.0]",8.5,0.0,0.9977664412815241,0.7680488329999662
rounded_square--demand_conflict,rounded_square,demand_conflict,n0_d1_m0,factorial_combination,1.0,0.0,4,1.0,1657,delay_aware_dual_anchor,0.25,17.26449906256161,13.399633973214094,13.399633973214094,0.8159318458597555,0.7761380115726294,1.0,0.8333333333333334,3.5761753679067123,3.081363016976804,0.8616364411626874,0.8159318458597555,1,"[[1, 2], [1, 4], [1, 4], [1, 4]]","[true, true, true, true, true]",0,4.0,0,1,1,"[[8, 9], [8, 9], [8, 9], [8, 9], [8, 9]]","[[10, 11], [10, 11], [10, 11], [10, 11], [10, 11]]","[[2, 2], [2, 2], [2, 2], [2, 2], [2, 2]]","[[2.0, 2.25], [2.0, 2.25], [2.0, 2.25], [2.0, 2.25], [2.0, 2.25]]",8.5,"[8.0, 9.0]",8.5,0.0,0.9977135652078895,0.4159146249999708
rounded_square--demand_conflict,rounded_square,demand_conflict,n0_d1_m0,factorial_combination,1.0,0.0,4,1.0,1669,full_trajectory,0.0,13.59136657944421,9.448794445209561,9.448794445209561,0.7246297293315151,0.6952056211551281,1.0,0.8333333333333334,3.0081946683921714,1.981130407379981,0.6585778600687638,0.7246297293315151,0,"[[0, 1, 2, 3, 4, 5], [0, 1, 2, 3, 4, 5], [0, 1, 2, 3, 4, 5], [0, 1, 2, 3, 4, 5]]","[true, true, true, true, true]",0,0.0,0,1,1,[],[],[],[],nan,[],nan,nan,nan,0.3602709999999547
rounded_square--demand_conflict,rounded_square,demand_conflict,n0_d1_m0,factorial_combination,1.0,0.0,4,1.0,1669,error_peak_dynamic,0.0,13.59136657944421,10.049763571825334,10.049763571825334,0.7222217064895248,0.7394225969171304,1.0,0.8333333333333334,3.0081946683921714,2.462555764217605,0.8186158263267579,0.7222217064895248,2,"[[1, 4], [2, 4], [2, 4], [1, 4]]","[true, true, true, true, true]",0,0.0,0,1,1,[],[],[],[],nan,[],nan,nan,nan,0.36975499999999784
rounded_square--demand_conflict,rounded_square,demand_conflict,n0_d1_m0,factorial_combination,1.0,0.0,4,1.0,1669,dual_anchor_dynamic,0.0,13.59136657944421,8.958636567124724,9.03735049232873,0.7142426296942024,0.659141706962264,1.0,1.0,3.0081946683921714,2.450967174662624,0.8147634860255316,0.7142426296942024,0,"[[1, 4], [1, 4], [1, 4], [1, 4]]","[true, true, true, false, false]",2,1.0,0,1,1,[],[],[],[],nan,[],nan,nan,nan,0.39009837499997957
rounded_square--demand_conflict,rounded_square,demand_conflict,n0_d1_m0,factorial_combination,1.0,0.0,4,1.0,1669,fixed_delay_dual_anchor,1.0,13.59136657944421,9.509178841467005,9.509178841467005,0.7573147009840921,0.6996484706584863,1.0,0.8333333333333334,3.0081946683921714,2.2007815744125114,0.7315954640624344,0.7573147009840921,0,"[[1, 4], [1, 4], [1, 4], [1, 4]]","[true, true, true, true, true]",0,4.0,0,1,1,"[[5, 8], [5, 8], [5, 8], [5, 8], [5, 8]]","[[7, 10], [7, 10], [7, 10], [7, 10], [7, 10]]","[[2, 2], [2, 2], [2, 2], [2, 2], [2, 2]]","[[4.0, 4.0], [4.0, 4.0], [4.0, 4.0], [4.0, 4.0], [4.0, 4.0]]",6.5,"[5.0, 8.0]",7.0,0.5,0.9925421976202249,0.3822529170000166
rounded_square--demand_conflict,rounded_square,demand_conflict,n0_d1_m0,factorial_combination,1.0,0.0,4,1.0,1669,delay_aware_dual_anchor,0.25,13.59136657944421,8.847492963333838,8.855723860645647,0.7123034206590169,0.6509641919830873,1.0,0.8333333333333334,3.0081946683921714,2.2643352563518335,0.7527223155282308,0.7123034206590169,0,"[[1, 4], [1, 4], [1, 4], [1, 4]]","[true, true, true, true, false]",1,2.0,0,1,1,"[[5, 8], [5, 8], [5, 8], [5, 8], [5, 8]]","[[7, 10], [7, 10], [7, 10], [7, 10], [7, 10]]","[[2, 2], [2, 2], [2, 2], [2, 2], [2, 2]]","[[1.25, 2.0], [1.25, 2.0], [1.25, 2.0], [1.25, 2.0], [1.25, 2.0]]",6.5,"[5.0, 8.0]",7.0,0.5,0.9927342559767033,0.38738745900002414
figure_eight--neutral,figure_eight,neutral,n0_d1_m0,factorial_combination,1.0,0.0,4,1.0,1601,full_trajectory,0.0,21.005476428921376,13.891361982141028,13.891361982141028,0.7326428425559697,0.6613209668986472,0.6666666666666666,0.6666666666666666,3.849957572372387,2.112654609174779,0.5487475042154654,0.7326428425559697,0,"[[0, 1, 2, 3, 4, 5], [0, 1, 2, 3, 4, 5], [0, 1, 2, 3, 4, 5], [0, 1, 2, 3, 4, 5]]","[true, true, true, true, true]",0,0.0,0,1,1,[],[],[],[],nan,[],nan,nan,nan,0.5040755829999739
figure_eight--neutral,figure_eight,neutral,n0_d1_m0,factorial_combination,1.0,0.0,4,1.0,1601,error_peak_dynamic,0.0,21.005476428921376,13.432976054816995,13.432976054816995,0.7188012633049334,0.6394987564443818,0.6666666666666666,0.8333333333333334,3.849957572372387,2.232894671636022,0.579979033446877,0.7188012633049334,2,"[[2, 4], [2, 4], [3, 4], [2, 4]]","[true, true, true, true, true]",0,0.0,0,1,1,[],[],[],[],nan,[],nan,nan,nan,0.39854345899999544
figure_eight--neutral,figure_eight,neutral,n0_d1_m0,factorial_combination,1.0,0.0,4,1.0,1601,dual_anchor_dynamic,0.0,21.005476428921376,13.416551509227848,13.432976054816995,0.7188012633049334,0.6387168391360682,0.6666666666666666,0.6666666666666666,3.849957572372387,2.1767424807247493,0.5653938880639187,0.7188012633049334,2,"[[2, 4], [2, 4], [3, 4], [2, 4]]","[true, true, true, true, false]",1,2.0,0,1,1,[],[],[],[],nan,[],nan,nan,nan,0.3834382919999939
figure_eight--neutral,figure_eight,neutral,n0_d1_m0,factorial_combination,1.0,0.0,4,1.0,1601,fixed_delay_dual_anchor,1.0,21.005476428921376,16.12072881436429,16.12072881436429,0.822547983472175,0.7674536147234668,0.6666666666666666,0.8333333333333334,3.849957572372387,2.334177507443675,0.6062865534399458,0.822547983472175,0,"[[2, 4], [2, 4], [2, 4], [2, 4]]","[true, true, true, true, true]",0,4.0,0,1,1,"[[7, 8], [7, 8], [7, 8], [7, 8], [7, 8]]","[[9, 10], [9, 10], [9, 10], [9, 10], [9, 10]]","[[2, 2], [2, 2], [2, 2], [2, 2], [2, 2]]","[[4.0, 4.0], [4.0, 4.0], [4.0, 4.0], [4.0, 4.0], [4.0, 4.0]]",7.5,"[7.0, 8.0]",8.0,0.5,0.9989024310812575,0.44074799999998504
figure_eight--neutral,figure_eight,neutral,n0_d1_m0,factorial_combination,1.0,0.0,4,1.0,1601,delay_aware_dual_anchor,0.25,21.005476428921376,13.569388504263461,13.569388504263461,0.7299040306080141,0.645992893814132,0.6666666666666666,0.6666666666666666,3.849957572372387,2.04883314274673,0.5321703172651371,0.7299040306080141,0,"[[2, 4], [2, 4], [2, 4], [2, 4]]","[true, true, true, true, true]",0,4.0,0,1,1,"[[7, 8], [7, 8], [7, 8], [7, 8], [7, 8]]","[[9, 10], [9, 10], [9, 10], [9, 10], [9, 10]]","[[2, 2], [2, 2], [2, 2], [2, 2], [2, 2]]","[[1.75, 2.0], [1.75, 2.0], [1.75, 2.0], [1.75, 2.0], [1.75, 2.0]]",7.5,"[7.0, 8.0]",8.0,0.5,0.9989326952815468,0.43490683300001365
figure_eight--neutral,figure_eight,neutral,n0_d1_m0,factorial_combination,1.0,0.0,4,1.0,1627,full_trajectory,0.0,17.95717315773397,12.157657157622213,12.157657157622213,0.7517582404492482,0.677036249014842,1.0,0.6666666666666666,3.4172252209284877,1.8397495080811384,0.5383752574497456,0.7517582404492482,0,"[[0, 1, 2, 3, 4, 5], [0, 1, 2, 3, 4, 5], [0, 1, 2, 3, 4, 5], [0, 1, 2, 3, 4, 5]]","[true, true, true, true, true]",0,0.0,0,1,1,[],[],[],[],nan,[],nan,nan,nan,0.36302274999997053
figure_eight--neutral,figure_eight,neutral,n0_d1_m0,factorial_combination,1.0,0.0,4,1.0,1627,error_peak_dynamic,0.0,17.95717315773397,11.840848807547417,11.840848807547417,0.7427323839822231,0.6593938090109515,1.0,0.8333333333333334,3.4172252209284877,2.0287658615235515,0.5936880744934686,0.7427323839822231,2,"[[2, 4], [2, 4], [3, 4], [2, 4]]","[true, true, true, true, true]",0,0.0,0,1,1,[],[],[],[],nan,[],nan,nan,nan,0.3663020000000188
figure_eight--neutral,figure_eight,neutral,n0_d1_m0,factorial_combination,1.0,0.0,4,1.0,1627,dual_anchor_dynamic,0.0,17.95717315773397,11.661026717654373,11.840848807547417,0.7427323839822231,0.6493798670439445,1.0,0.8333333333333334,3.4172252209284877,1.9480355790589767,0.5700635612567789,0.7427323839822231,2,"[[2, 4], [2, 4], [3, 4], [2, 4]]","[true, true, true, true, false]",1,2.0,0,1,1,[],[],[],[],nan,[],nan,nan,nan,0.42503866599997764
figure_eight--neutral,figure_eight,neutral,n0_d1_m0,factorial_combination,1.0,0.0,4,1.0,1627,fixed_delay_dual_anchor,1.0,17.95717315773397,11.672058471307455,11.672058471307455,0.732523611311986,0.6499942039195863,1.0,0.8333333333333334,3.4172252209284877,1.7067207968403364,0.49944638895548316,0.732523611311986,0,"[[2, 4], [2, 4], [2, 4], [2, 4]]","[true, true, true, true, true]",0,4.0,0,1,1,"[[4, 7], [4, 7], [4, 7], [4, 7], [4, 7]]","[[6, 9], [6, 9], [6, 9], [6, 9], [6, 9]]","[[2, 2], [2, 2], [2, 2], [2, 2], [2, 2]]","[[4.0, 4.0], [4.0, 4.0], [4.0, 4.0], [4.0, 4.0], [4.0, 4.0]]",5.5,"[4.0, 7.0]",6.0,0.5,0.9936470197898888,0.42171541699997306
figure_eight--neutral,figure_eight,neutral,n0_d1_m0,factorial_combination,1.0,0.0,4,1.0,1627,delay_aware_dual_anchor,0.25,17.95717315773397,11.477572296877248,11.477572296877248,0.7266044965189523,0.6391636476442828,1.0,0.8333333333333334,3.4172252209284877,1.843891914255195,0.5395874708410922,0.7266044965189523,0,"[[2, 4], [2, 4], [2, 4], [2, 4]]","[true, true, true, true, true]",0,4.0,0,1,1,"[[4, 7], [4, 7], [4, 7], [4, 7], [4, 7]]","[[6, 9], [6, 9], [6, 9], [6, 9], [6, 9]]","[[2, 2], [2, 2], [2, 2], [2, 2], [2, 2]]","[[1.0, 1.75], [1.0, 1.75], [1.0, 1.75], [1.0, 1.75], [1.0, 1.75]]",5.5,"[4.0, 7.0]",6.0,0.5,0.993572563431235,0.5413938749999829
figure_eight--neutral,figure_eight,neutral,n0_d1_m0,factorial_combination,1.0,0.0,4,1.0,1657,full_trajectory,0.0,25.608401118732612,19.051509613988515,19.051509613988515,0.7949584475103886,0.7439554514027151,0.8333333333333334,0.8333333333333334,4.67986289706748,3.0353639352459116,0.6486010385363954,0.7949584475103886,0,"[[0, 1, 2, 3, 4, 5], [0, 1, 2, 3, 4, 5], [0, 1, 2, 3, 4, 5], [0, 1, 2, 3, 4, 5]]","[true, true, true, true, true]",0,0.0,0,1,1,[],[],[],[],nan,[],nan,nan,nan,0.4022555419999776
figure_eight--neutral,figure_eight,neutral,n0_d1_m0,factorial_combination,1.0,0.0,4,1.0,1657,error_peak_dynamic,0.0,25.608401118732612,18.750291628040546,18.750291628040546,0.7935365866942274,0.7321929839002974,0.8333333333333334,0.8333333333333334,4.67986289706748,3.214957577970532,0.6869768727594788,0.7935365866942274,0,"[[2, 4], [2, 4], [2, 4], [2, 4]]","[true, true, true, true, true]",0,0.0,0,1,1,[],[],[],[],nan,[],nan,nan,nan,0.41051304199999095
figure_eight--neutral,figure_eight,neutral,n0_d1_m0,factorial_combination,1.0,0.0,4,1.0,1657,dual_anchor_dynamic,0.0,25.608401118732612,18.750291628040546,18.750291628040546,0.7935365866942274,0.7321929839002974,0.8333333333333334,0.8333333333333334,4.67986289706748,3.214957577970532,0.6869768727594788,0.7935365866942274,0,"[[2, 4], [2, 4], [2, 4], [2, 4]]","[true, true, true, true, true]",0,4.0,0,1,1,[],[],[],[],nan,[],nan,nan,nan,0.40734779099994967
figure_eight--neutral,figure_eight,neutral,n0_d1_m0,factorial_combination,1.0,0.0,4,1.0,1657,fixed_delay_dual_anchor,1.0,25.608401118732612,21.54663185852503,21.54663185852503,0.8794327302278991,0.8413891893767476,0.8333333333333334,0.8333333333333334,4.67986289706748,3.265905168325389,0.6978634289418794,0.8794327302278991,0,"[[2, 4], [2, 4], [2, 4], [2, 4]]","[true, true, true, true, true]",0,4.0,0,1,1,"[[8, 9], [8, 9], [8, 9], [8, 9], [8, 9]]","[[10, 11], [10, 11], [10, 11], [10, 11], [10, 11]]","[[2, 2], [2, 2], [2, 2], [2, 2], [2, 2]]","[[4.0, 4.0], [4.0, 4.0], [4.0, 4.0], [4.0, 4.0], [4.0, 4.0]]",8.5,"[8.0, 9.0]",8.5,0.0,0.9981329015022442,0.39788333400002784
figure_eight--neutral,figure_eight,neutral,n0_d1_m0,factorial_combination,1.0,0.0,4,1.0,1657,delay_aware_dual_anchor,0.25,25.608401118732612,19.377334593293313,19.377334593293313,0.8125348305152603,0.7566788142473582,0.8333333333333334,0.8333333333333334,4.67986289706748,2.967606030592571,0.6341224296233439,0.8125348305152603,0,"[[2, 4], [2, 4], [2, 4], [2, 4]]","[true, true, true, true, true]",0,4.0,0,1,1,"[[8, 9], [8, 9], [8, 9], [8, 9], [8, 9]]","[[10, 11], [10, 11], [10, 11], [10, 11], [10, 11]]","[[2, 2], [2, 2], [2, 2], [2, 2], [2, 2]]","[[2.0, 2.25], [2.0, 2.25], [2.0, 2.25], [2.0, 2.25], [2.0, 2.25]]",8.5,"[8.0, 9.0]",8.5,0.0,0.9982005804658192,0.4610000420000233
figure_eight--neutral,figure_eight,neutral,n0_d1_m0,factorial_combination,1.0,0.0,4,1.0,1669,full_trajectory,0.0,19.524882794606082,13.994981000303895,13.994981000303895,0.778234025701446,0.7167766970754943,1.0,0.8333333333333334,3.674025391730222,2.1307481975689613,0.5799492301727182,0.778234025701446,0,"[[0, 1, 2, 3, 4, 5], [0, 1, 2, 3, 4, 5], [0, 1, 2, 3, 4, 5], [0, 1, 2, 3, 4, 5]]","[true, true, true, true, true]",0,0.0,0,1,1,[],[],[],[],nan,[],nan,nan,nan,0.4277960410000219
figure_eight--neutral,figure_eight,neutral,n0_d1_m0,factorial_combination,1.0,0.0,4,1.0,1669,error_peak_dynamic,0.0,19.524882794606082,13.485854614920203,13.485854614920203,0.7645521018207944,0.6907009254183993,1.0,0.8333333333333334,3.674025391730222,2.3084507398298886,0.6283164904156423,0.7645521018207944,2,"[[2, 4], [2, 4], [3, 4], [2, 4]]","[true, true, true, true, true]",0,0.0,0,1,1,[],[],[],[],nan,[],nan,nan,nan,0.408203125
figure_eight--neutral,figure_eight,neutral,n0_d1_m0,factorial_combination,1.0,0.0,4,1.0,1669,dual_anchor_dynamic,0.0,19.524882794606082,13.393666767217832,13.485854614920203,0.7645521018207944,0.685979368384119,1.0,0.8333333333333334,3.674025391730222,2.2362343744220587,0.608660565998141,0.7645521018207944,2,"[[2, 4], [2, 4], [3, 4], [2, 4]]","[true, true, true, true, false]",1,2.0,0,1,1,[],[],[],[],nan,[],nan,nan,nan,0.413423583999986
figure_eight--neutral,figure_eight,neutral,n0_d1_m0,factorial_combination,1.0,0.0,4,1.0,1669,fixed_delay_dual_anchor,1.0,19.524882794606082,13.619336728853654,13.619336728853654,0.7681488795694524,0.6975374383612747,1.0,0.8333333333333334,3.674025391730222,1.9977217185922538,0.5437419466639721,0.7681488795694524,0,"[[2, 4], [2, 4], [2, 4], [2, 4]]","[true, true, true, true, true]",0,4.0,0,1,1,"[[5, 8], [5, 8], [5, 8], [5, 8], [5, 8]]","[[7, 10], [7, 10], [7, 10], [7, 10], [7, 10]]","[[2, 2], [2, 2], [2, 2], [2, 2], [2, 2]]","[[4.0, 4.0], [4.0, 4.0], [4.0, 4.0], [4.0, 4.0], [4.0, 4.0]]",6.5,"[5.0, 8.0]",7.0,0.5,0.9943716554983191,0.43576020900002277
figure_eight--neutral,figure_eight,neutral,n0_d1_m0,factorial_combination,1.0,0.0,4,1.0,1669,delay_aware_dual_anchor,0.25,19.524882794606082,13.194851823311453,13.194851823311453,0.7542479303629624,0.6757967237046179,1.0,0.8333333333333334,3.674025391730222,2.0837650743060827,0.5671613154869264,0.7542479303629624,0,"[[2, 4], [2, 4], [2, 4], [2, 4]]","[true, true, true, true, true]",0,4.0,0,1,1,"[[5, 8], [5, 8], [5, 8], [5, 8], [5, 8]]","[[7, 10], [7, 10], [7, 10], [7, 10], [7, 10]]","[[2, 2], [2, 2], [2, 2], [2, 2], [2, 2]]","[[1.25, 2.0], [1.25, 2.0], [1.25, 2.0], [1.25, 2.0], [1.25, 2.0]]",6.5,"[5.0, 8.0]",7.0,0.5,0.9943409640817598,0.5011438340000041
figure_eight--demand_aligned,figure_eight,demand_aligned,n0_d1_m0,factorial_combination,1.0,0.0,4,1.0,1601,full_trajectory,0.0,34.316897858338855,22.992124911258266,22.992124911258266,0.7389643253826813,0.6699942694753593,0.6666666666666666,0.5,3.849957572372387,2.112654609174779,0.5487475042154654,0.7389643253826813,0,"[[0, 1, 2, 3, 4, 5], [0, 1, 2, 3, 4, 5], [0, 1, 2, 3, 4, 5], [0, 1, 2, 3, 4, 5]]","[true, true, true, true, true]",0,0.0,0,1,1,[],[],[],[],nan,[],nan,nan,nan,0.34224012499998935
figure_eight--demand_aligned,figure_eight,demand_aligned,n0_d1_m0,factorial_combination,1.0,0.0,4,1.0,1601,error_peak_dynamic,0.0,34.316897858338855,21.225177265881626,21.225177265881626,0.7040578128726566,0.6185051269348346,0.6666666666666666,0.8333333333333334,3.849957572372387,2.4747825034041275,0.642807734080856,0.7040578128726566,2,"[[2, 4], [2, 4], [3, 4], [2, 4]]","[true, true, true, true, true]",0,0.0,0,1,1,[],[],[],[],nan,[],nan,nan,nan,0.29577170800001795
figure_eight--demand_aligned,figure_eight,demand_aligned,n0_d1_m0,factorial_combination,1.0,0.0,4,1.0,1601,dual_anchor_dynamic,0.0,34.316897858338855,21.951494201304893,21.951494201304893,0.7201655618288865,0.6396701208810102,0.6666666666666666,0.6666666666666666,3.849957572372387,2.232894671636022,0.579979033446877,0.7201655618288865,2,"[[2, 4], [2, 4], [3, 4], [2, 4]]","[true, true, true, true, true]",0,4.0,0,1,1,[],[],[],[],nan,[],nan,nan,nan,0.42767274999999927
figure_eight--demand_aligned,figure_eight,demand_aligned,n0_d1_m0,factorial_combination,1.0,0.0,4,1.0,1601,fixed_delay_dual_anchor,1.0,34.316897858338855,26.957074906879786,26.957074906879786,0.8371052386211147,0.7855335589527751,0.6666666666666666,0.8333333333333334,3.849957572372387,2.334177507443675,0.6062865534399458,0.8371052386211147,0,"[[2, 4], [2, 4], [2, 4], [2, 4]]","[true, true, true, true, true]",0,4.0,0,1,1,"[[7, 8], [7, 8], [7, 8], [7, 8], [7, 8]]","[[9, 10], [9, 10], [9, 10], [9, 10], [9, 10]]","[[2, 2], [2, 2], [2, 2], [2, 2], [2, 2]]","[[4.0, 4.0], [4.0, 4.0], [4.0, 4.0], [4.0, 4.0], [4.0, 4.0]]",7.5,"[7.0, 8.0]",8.0,0.5,0.9989024310812575,0.4853884999999991
figure_eight--demand_aligned,figure_eight,demand_aligned,n0_d1_m0,factorial_combination,1.0,0.0,4,1.0,1601,delay_aware_dual_anchor,0.25,34.316897858338855,22.467021769242397,22.467021769242397,0.737221120852732,0.6546926782830695,0.6666666666666666,0.6666666666666666,3.849957572372387,2.04883314274673,0.5321703172651371,0.737221120852732,0,"[[2, 4], [2, 4], [2, 4], [2, 4]]","[true, true, true, true, true]",0,4.0,0,1,1,"[[7, 8], [7, 8], [7, 8], [7, 8], [7, 8]]","[[9, 10], [9, 10], [9, 10], [9, 10], [9, 10]]","[[2, 2], [2, 2], [2, 2], [2, 2], [2, 2]]","[[1.75, 2.0], [1.75, 2.0], [1.75, 2.0], [1.75, 2.0], [1.75, 2.0]]",7.5,"[7.0, 8.0]",8.0,0.5,0.9989326952815468,0.5534509579999849
figure_eight--demand_aligned,figure_eight,demand_aligned,n0_d1_m0,factorial_combination,1.0,0.0,4,1.0,1627,full_trajectory,0.0,29.152210873020813,20.098706715418217,20.098706715418217,0.7589224539301826,0.6894402212910292,0.8333333333333334,0.6666666666666666,3.4172252209284877,1.8397495080811384,0.5383752574497456,0.7589224539301826,0,"[[0, 1, 2, 3, 4, 5], [0, 1, 2, 3, 4, 5], [0, 1, 2, 3, 4, 5], [0, 1, 2, 3, 4, 5]]","[true, true, true, true, true]",0,0.0,0,1,1,[],[],[],[],nan,[],nan,nan,nan,0.5172304999999824
figure_eight--demand_aligned,figure_eight,demand_aligned,n0_d1_m0,factorial_combination,1.0,0.0,4,1.0,1627,error_peak_dynamic,0.0,29.152210873020813,16.984856438747112,16.984856438747112,0.7120086785260418,0.5826267006893089,0.8333333333333334,0.6666666666666666,3.4172252209284877,2.0893309842561667,0.6114115544565947,0.7120086785260418,3,"[[2, 4], [3, 4], [2, 4], [3, 4]]","[true, true, true, true, true]",0,0.0,0,1,1,[],[],[],[],nan,[],nan,nan,nan,0.2916042499999776
figure_eight--demand_aligned,figure_eight,demand_aligned,n0_d1_m0,factorial_combination,1.0,0.0,4,1.0,1627,dual_anchor_dynamic,0.0,29.152210873020813,19.137854784760467,19.2618531611715,0.7428222471044817,0.6564803907367374,0.8333333333333334,0.8333333333333334,3.4172252209284877,1.9480355790589767,0.5700635612567789,0.7428222471044817,2,"[[2, 4], [2, 4], [3, 4], [2, 4]]","[true, true, true, true, false]",1,2.0,0,1,1,[],[],[],[],nan,[],nan,nan,nan,0.37497849999999744
figure_eight--demand_aligned,figure_eight,demand_aligned,n0_d1_m0,factorial_combination,1.0,0.0,4,1.0,1627,fixed_delay_dual_anchor,1.0,29.152210873020813,19.44127842449041,19.44127842449041,0.7463821576228125,0.6668886455703613,0.8333333333333334,0.6666666666666666,3.4172252209284877,1.7067207968403364,0.49944638895548316,0.7463821576228125,0,"[[2, 4], [2, 4], [2, 4], [2, 4]]","[true, true, true, true, true]",0,4.0,0,1,1,"[[4, 7], [4, 7], [4, 7], [4, 7], [4, 7]]","[[6, 9], [6, 9], [6, 9], [6, 9], [6, 9]]","[[2, 2], [2, 2], [2, 2], [2, 2], [2, 2]]","[[4.0, 4.0], [4.0, 4.0], [4.0, 4.0], [4.0, 4.0], [4.0, 4.0]]",5.5,"[4.0, 7.0]",6.0,0.5,0.9936470197898888,0.4314697080000087
figure_eight--demand_aligned,figure_eight,demand_aligned,n0_d1_m0,factorial_combination,1.0,0.0,4,1.0,1627,delay_aware_dual_anchor,0.25,29.152210873020813,18.855201650121185,18.855201650121185,0.7333710847194227,0.6467846206330412,0.8333333333333334,0.8333333333333334,3.4172252209284877,1.843891914255195,0.5395874708410922,0.7333710847194227,0,"[[2, 4], [2, 4], [2, 4], [2, 4]]","[true, true, true, true, true]",0,4.0,0,1,1,"[[4, 7], [4, 7], [4, 7], [4, 7], [4, 7]]","[[6, 9], [6, 9], [6, 9], [6, 9], [6, 9]]","[[2, 2], [2, 2], [2, 2], [2, 2], [2, 2]]","[[1.0, 1.75], [1.0, 1.75], [1.0, 1.75], [1.0, 1.75], [1.0, 1.75]]",5.5,"[4.0, 7.0]",6.0,0.5,0.993572563431235,0.48940308300001334
figure_eight--demand_aligned,figure_eight,demand_aligned,n0_d1_m0,factorial_combination,1.0,0.0,4,1.0,1657,full_trajectory,0.0,41.87703988038309,31.49876167634789,31.49876167634789,0.8007279548419153,0.7521725930562536,0.6666666666666666,0.8333333333333334,4.67986289706748,3.0353639352459116,0.6486010385363954,0.8007279548419153,0,"[[0, 1, 2, 3, 4, 5], [0, 1, 2, 3, 4, 5], [0, 1, 2, 3, 4, 5], [0, 1, 2, 3, 4, 5]]","[true, true, true, true, true]",0,0.0,0,1,1,[],[],[],[],nan,[],nan,nan,nan,0.41061504200001764
figure_eight--demand_aligned,figure_eight,demand_aligned,n0_d1_m0,factorial_combination,1.0,0.0,4,1.0,1657,error_peak_dynamic,0.0,41.87703988038309,31.21862639552608,31.21862639552608,0.7990850411794436,0.7454831211732842,0.6666666666666666,0.8333333333333334,4.67986289706748,3.6294004741642416,0.7755356415331132,0.7990850411794436,0,"[[2, 4], [2, 4], [2, 4], [2, 4]]","[true, true, true, true, true]",0,0.0,0,1,1,[],[],[],[],nan,[],nan,nan,nan,0.275570249999987
figure_eight--demand_aligned,figure_eight,demand_aligned,n0_d1_m0,factorial_combination,1.0,0.0,4,1.0,1657,dual_anchor_dynamic,0.0,41.87703988038309,30.60636694654667,30.60636694654667,0.794251430909457,0.7308627122158159,0.6666666666666666,0.8333333333333334,4.67986289706748,3.214957577970532,0.6869768727594788,0.794251430909457,0,"[[2, 4], [2, 4], [2, 4], [2, 4]]","[true, true, true, true, true]",0,4.0,0,1,1,[],[],[],[],nan,[],nan,nan,nan,0.477705708999963
figure_eight--demand_aligned,figure_eight,demand_aligned,n0_d1_m0,factorial_combination,1.0,0.0,4,1.0,1657,fixed_delay_dual_anchor,1.0,41.87703988038309,35.93176528537127,35.93176528537127,0.8924830801667025,0.8580302091075729,0.6666666666666666,0.8333333333333334,4.67986289706748,3.265905168325389,0.6978634289418794,0.8924830801667025,0,"[[2, 4], [2, 4], [2, 4], [2, 4]]","[true, true, true, true, true]",0,4.0,0,1,1,"[[8, 9], [8, 9], [8, 9], [8, 9], [8, 9]]","[[10, 11], [10, 11], [10, 11], [10, 11], [10, 11]]","[[2, 2], [2, 2], [2, 2], [2, 2], [2, 2]]","[[4.0, 4.0], [4.0, 4.0], [4.0, 4.0], [4.0, 4.0], [4.0, 4.0]]",8.5,"[8.0, 9.0]",8.5,0.0,0.9981329015022442,0.4373376670000084
figure_eight--demand_aligned,figure_eight,demand_aligned,n0_d1_m0,factorial_combination,1.0,0.0,4,1.0,1657,delay_aware_dual_anchor,0.25,41.87703988038309,32.12493397082198,32.12493397082198,0.8204190183560272,0.7671252328861622,0.6666666666666666,0.8333333333333334,4.67986289706748,2.967606030592571,0.6341224296233439,0.8204190183560272,0,"[[2, 4], [2, 4], [2, 4], [2, 4]]","[true, true, true, true, true]",0,4.0,0,1,1,"[[8, 9], [8, 9], [8, 9], [8, 9], [8, 9]]","[[10, 11], [10, 11], [10, 11], [10, 11], [10, 11]]","[[2, 2], [2, 2], [2, 2], [2, 2], [2, 2]]","[[2.0, 2.25], [2.0, 2.25], [2.0, 2.25], [2.0, 2.25], [2.0, 2.25]]",8.5,"[8.0, 9.0]",8.5,0.0,0.9982005804658192,0.5340593340000055
figure_eight--demand_aligned,figure_eight,demand_aligned,n0_d1_m0,factorial_combination,1.0,0.0,4,1.0,1669,full_trajectory,0.0,31.778511566954982,23.15063295690996,23.15063295690996,0.784917540064499,0.7284995997415826,0.8333333333333334,0.6666666666666666,3.674025391730222,2.1307481975689613,0.5799492301727182,0.784917540064499,0,"[[0, 1, 2, 3, 4, 5], [0, 1, 2, 3, 4, 5], [0, 1, 2, 3, 4, 5], [0, 1, 2, 3, 4, 5]]","[true, true, true, true, true]",0,0.0,0,1,1,[],[],[],[],nan,[],nan,nan,nan,0.39209679099997174
figure_eight--demand_aligned,figure_eight,demand_aligned,n0_d1_m0,factorial_combination,1.0,0.0,4,1.0,1669,error_peak_dynamic,0.0,31.778511566954982,21.27581841790172,21.27581841790172,0.7468989116310911,0.6695033017224592,0.8333333333333334,0.8333333333333334,3.674025391730222,2.5420011363922574,0.6918844769320289,0.7468989116310911,2,"[[2, 4], [2, 4], [3, 4], [2, 4]]","[true, true, true, true, true]",0,0.0,0,1,1,[],[],[],[],nan,[],nan,nan,nan,0.3275542499999915
figure_eight--demand_aligned,figure_eight,demand_aligned,n0_d1_m0,factorial_combination,1.0,0.0,4,1.0,1669,dual_anchor_dynamic,0.0,31.778511566954982,21.956380392058705,21.956380392058705,0.7642091586880848,0.6909190931047299,0.8333333333333334,0.6666666666666666,3.674025391730222,2.3084507398298886,0.6283164904156423,0.7642091586880848,2,"[[2, 4], [2, 4], [3, 4], [2, 4]]","[true, true, true, true, true]",0,4.0,0,1,1,[],[],[],[],nan,[],nan,nan,nan,0.4158479999999827
figure_eight--demand_aligned,figure_eight,demand_aligned,n0_d1_m0,factorial_combination,1.0,0.0,4,1.0,1669,fixed_delay_dual_anchor,1.0,31.778511566954982,22.715442546772344,22.715442546772344,0.7820875667632998,0.7148051128484284,0.8333333333333334,0.5,3.674025391730222,1.9977217185922538,0.5437419466639721,0.7820875667632998,0,"[[2, 4], [2, 4], [2, 4], [2, 4]]","[true, true, true, true, true]",0,4.0,0,1,1,"[[5, 8], [5, 8], [5, 8], [5, 8], [5, 8]]","[[7, 10], [7, 10], [7, 10], [7, 10], [7, 10]]","[[2, 2], [2, 2], [2, 2], [2, 2], [2, 2]]","[[4.0, 4.0], [4.0, 4.0], [4.0, 4.0], [4.0, 4.0], [4.0, 4.0]]",6.5,"[5.0, 8.0]",7.0,0.5,0.9943716554983191,0.42797920800001066
figure_eight--demand_aligned,figure_eight,demand_aligned,n0_d1_m0,factorial_combination,1.0,0.0,4,1.0,1669,delay_aware_dual_anchor,0.25,31.778511566954982,21.764700807447877,21.764700807447877,0.7619720376717887,0.6848873573449548,0.8333333333333334,0.8333333333333334,3.674025391730222,2.0837650743060827,0.5671613154869264,0.7619720376717887,0,"[[2, 4], [2, 4], [2, 4], [2, 4]]","[true, true, true, true, true]",0,4.0,0,1,1,"[[5, 8], [5, 8], [5, 8], [5, 8], [5, 8]]","[[7, 10], [7, 10], [7, 10], [7, 10], [7, 10]]","[[2, 2], [2, 2], [2, 2], [2, 2], [2, 2]]","[[1.25, 2.0], [1.25, 2.0], [1.25, 2.0], [1.25, 2.0], [1.25, 2.0]]",6.5,"[5.0, 8.0]",7.0,0.5,0.9943409640817598,0.4436195830000429
figure_eight--demand_conflict,figure_eight,demand_conflict,n0_d1_m0,factorial_combination,1.0,0.0,4,1.0,1601,full_trajectory,0.0,12.969098787542112,7.715425477332347,7.715425477332347,0.6865880751875635,0.5949083744156262,0.8333333333333334,0.6666666666666666,3.849957572372387,2.112654609174779,0.5487475042154654,0.6865880751875635,0,"[[0, 1, 2, 3, 4, 5], [0, 1, 2, 3, 4, 5], [0, 1, 2, 3, 4, 5], [0, 1, 2, 3, 4, 5]]","[true, true, true, true, true]",0,0.0,0,1,1,[],[],[],[],nan,[],nan,nan,nan,0.3489701249999939
figure_eight--demand_conflict,figure_eight,demand_conflict,n0_d1_m0,factorial_combination,1.0,0.0,4,1.0,1601,error_peak_dynamic,0.0,12.969098787542112,8.306145056529253,8.306145056529253,0.7029706922456431,0.6404566109487877,0.8333333333333334,0.8333333333333334,3.849957572372387,2.3216778540923877,0.6030398544526671,0.7029706922456431,2,"[[2, 4], [2, 4], [3, 4], [2, 4]]","[true, true, true, true, true]",0,0.0,0,1,1,[],[],[],[],nan,[],nan,nan,nan,0.3769387090000009
figure_eight--demand_conflict,figure_eight,demand_conflict,n0_d1_m0,factorial_combination,1.0,0.0,4,1.0,1601,dual_anchor_dynamic,0.0,12.969098787542112,8.323100421929846,8.833305790067904,0.7193587585481125,0.6417639774573134,0.8333333333333334,0.8333333333333334,3.849957572372387,2.4448744086197527,0.6350393121639503,0.7193587585481125,0,"[[2, 4], [2, 4], [2, 4], [2, 4]]","[true, true, true, false, false]",2,1.0,0,1,1,[],[],[],[],nan,[],nan,nan,nan,0.42042191699999876
figure_eight--demand_conflict,figure_eight,demand_conflict,n0_d1_m0,factorial_combination,1.0,0.0,4,1.0,1601,fixed_delay_dual_anchor,1.0,12.969098787542112,8.810654793414528,8.810654793414528,0.745389986038367,0.6793575203450442,0.8333333333333334,0.8333333333333334,3.849957572372387,2.334177507443675,0.6062865534399458,0.745389986038367,0,"[[2, 4], [2, 4], [2, 4], [2, 4]]","[true, true, true, true, true]",0,4.0,0,1,1,"[[7, 8], [7, 8], [7, 8], [7, 8], [7, 8]]","[[9, 10], [9, 10], [9, 10], [9, 10], [9, 10]]","[[2, 2], [2, 2], [2, 2], [2, 2], [2, 2]]","[[4.0, 4.0], [4.0, 4.0], [4.0, 4.0], [4.0, 4.0], [4.0, 4.0]]",7.5,"[7.0, 8.0]",8.0,0.5,0.9989024310812575,0.44146566599999915
figure_eight--demand_conflict,figure_eight,demand_conflict,n0_d1_m0,factorial_combination,1.0,0.0,4,1.0,1601,delay_aware_dual_anchor,0.25,12.969098787542112,7.516984725365826,7.516984725365826,0.6752720652300838,0.579607330355638,0.8333333333333334,0.6666666666666666,3.849957572372387,2.04883314274673,0.5321703172651371,0.6752720652300838,0,"[[2, 4], [2, 4], [2, 4], [2, 4]]","[true, true, true, true, true]",0,4.0,0,1,1,"[[7, 8], [7, 8], [7, 8], [7, 8], [7, 8]]","[[9, 10], [9, 10], [9, 10], [9, 10], [9, 10]]","[[2, 2], [2, 2], [2, 2], [2, 2], [2, 2]]","[[1.75, 2.0], [1.75, 2.0], [1.75, 2.0], [1.75, 2.0], [1.75, 2.0]]",7.5,"[7.0, 8.0]",8.0,0.5,0.9989326952815468,0.440076667000028
figure_eight--demand_conflict,figure_eight,demand_conflict,n0_d1_m0,factorial_combination,1.0,0.0,4,1.0,1627,full_trajectory,0.0,11.864118640914217,6.765881484091435,6.765881484091435,0.6779306518654137,0.5702810034922302,1.0,0.8333333333333334,3.4172252209284877,1.8397495080811384,0.5383752574497456,0.6779306518654137,0,"[[0, 1, 2, 3, 4, 5], [0, 1, 2, 3, 4, 5], [0, 1, 2, 3, 4, 5], [0, 1, 2, 3, 4, 5]]","[true, true, true, true, true]",0,0.0,0,1,1,[],[],[],[],nan,[],nan,nan,nan,0.3665894590000107
figure_eight--demand_conflict,figure_eight,demand_conflict,n0_d1_m0,factorial_combination,1.0,0.0,4,1.0,1627,error_peak_dynamic,0.0,11.864118640914217,6.558258674848401,6.558258674848401,0.6934497975882514,0.5527809417070225,1.0,1.0,3.4172252209284877,1.9095712093219976,0.5588075370704281,0.6934497975882514,3,"[[2, 4], [3, 4], [2, 4], [3, 4]]","[true, true, true, true, true]",0,0.0,0,1,1,[],[],[],[],nan,[],nan,nan,nan,0.379974500000003
figure_eight--demand_conflict,figure_eight,demand_conflict,n0_d1_m0,factorial_combination,1.0,0.0,4,1.0,1627,dual_anchor_dynamic,0.0,11.864118640914217,6.947384625892141,7.242308200070854,0.6820864883402309,0.5855794969829123,1.0,1.0,3.4172252209284877,2.061599158146591,0.60329624910893,0.6820864883402309,2,"[[2, 4], [3, 4], [2, 4], [2, 4]]","[true, true, true, false, false]",2,1.0,0,1,1,[],[],[],[],nan,[],nan,nan,nan,0.47057595799998353
figure_eight--demand_conflict,figure_eight,demand_conflict,n0_d1_m0,factorial_combination,1.0,0.0,4,1.0,1627,fixed_delay_dual_anchor,1.0,11.864118640914217,6.408141311945278,6.408141311945278,0.6345256090682363,0.540127885256168,1.0,0.8333333333333334,3.4172252209284877,1.7067207968403364,0.49944638895548316,0.6345256090682363,0,"[[2, 4], [2, 4], [2, 4], [2, 4]]","[true, true, true, true, true]",0,4.0,0,1,1,"[[4, 7], [4, 7], [4, 7], [4, 7], [4, 7]]","[[6, 9], [6, 9], [6, 9], [6, 9], [6, 9]]","[[2, 2], [2, 2], [2, 2], [2, 2], [2, 2]]","[[4.0, 4.0], [4.0, 4.0], [4.0, 4.0], [4.0, 4.0], [4.0, 4.0]]",5.5,"[4.0, 7.0]",6.0,0.5,0.9936470197898888,0.5006311660000051
figure_eight--demand_conflict,figure_eight,demand_conflict,n0_d1_m0,factorial_combination,1.0,0.0,4,1.0,1627,delay_aware_dual_anchor,0.25,11.864118640914217,6.488334274889155,6.488334274889155,0.6496257452989989,0.5468871705744491,1.0,1.0,3.4172252209284877,1.843891914255195,0.5395874708410922,0.6496257452989989,0,"[[2, 4], [2, 4], [2, 4], [2, 4]]","[true, true, true, true, true]",0,4.0,0,1,1,"[[4, 7], [4, 7], [4, 7], [4, 7], [4, 7]]","[[6, 9], [6, 9], [6, 9], [6, 9], [6, 9]]","[[2, 2], [2, 2], [2, 2], [2, 2], [2, 2]]","[[1.0, 1.75], [1.0, 1.75], [1.0, 1.75], [1.0, 1.75], [1.0, 1.75]]",5.5,"[4.0, 7.0]",6.0,0.5,0.993572563431235,0.3955832920000262
figure_eight--demand_conflict,figure_eight,demand_conflict,n0_d1_m0,factorial_combination,1.0,0.0,4,1.0,1657,full_trajectory,0.0,15.679667656079957,10.829925154281701,10.829925154281701,0.7617188471080883,0.6906986418224421,0.8333333333333334,0.8333333333333334,4.67986289706748,3.0353639352459116,0.6486010385363954,0.7617188471080883,0,"[[0, 1, 2, 3, 4, 5], [0, 1, 2, 3, 4, 5], [0, 1, 2, 3, 4, 5], [0, 1, 2, 3, 4, 5]]","[true, true, true, true, true]",0,0.0,0,1,1,[],[],[],[],nan,[],nan,nan,nan,0.36795675000001893
figure_eight--demand_conflict,figure_eight,demand_conflict,n0_d1_m0,factorial_combination,1.0,0.0,4,1.0,1657,error_peak_dynamic,0.0,15.679667656079957,11.135107865166507,11.135107865166507,0.7709867201383404,0.7101622374533398,0.8333333333333334,1.0,4.67986289706748,3.3124772219721192,0.7078150139927819,0.7709867201383404,0,"[[2, 4], [2, 4], [2, 4], [2, 4]]","[true, true, true, true, true]",0,0.0,0,1,1,[],[],[],[],nan,[],nan,nan,nan,0.4368531659999917
figure_eight--demand_conflict,figure_eight,demand_conflict,n0_d1_m0,factorial_combination,1.0,0.0,4,1.0,1657,dual_anchor_dynamic,0.0,15.679667656079957,11.06912417436847,11.06912417436847,0.7684401524487854,0.7059540047123576,0.8333333333333334,0.8333333333333334,4.67986289706748,3.214957577970532,0.6869768727594788,0.7684401524487854,0,"[[2, 4], [2, 4], [2, 4], [2, 4]]","[true, true, true, true, true]",0,4.0,0,1,1,[],[],[],[],nan,[],nan,nan,nan,0.41324766700000737
figure_eight--demand_conflict,figure_eight,demand_conflict,n0_d1_m0,factorial_combination,1.0,0.0,4,1.0,1657,fixed_delay_dual_anchor,1.0,15.679667656079957,11.818453875447045,11.818453875447045,0.8043955628541399,0.7537439016358433,0.8333333333333334,0.8333333333333334,4.67986289706748,3.265905168325389,0.6978634289418794,0.8043955628541399,0,"[[2, 4], [2, 4], [2, 4], [2, 4]]","[true, true, true, true, true]",0,4.0,0,1,1,"[[8, 9], [8, 9], [8, 9], [8, 9], [8, 9]]","[[10, 11], [10, 11], [10, 11], [10, 11], [10, 11]]","[[2, 2], [2, 2], [2, 2], [2, 2], [2, 2]]","[[4.0, 4.0], [4.0, 4.0], [4.0, 4.0], [4.0, 4.0], [4.0, 4.0]]",8.5,"[8.0, 9.0]",8.5,0.0,0.9981329015022442,0.38795316699997784
figure_eight--demand_conflict,figure_eight,demand_conflict,n0_d1_m0,factorial_combination,1.0,0.0,4,1.0,1657,delay_aware_dual_anchor,0.25,15.679667656079957,10.694740286708832,10.694740286708832,0.7546741092715048,0.6820769751814116,0.8333333333333334,1.0,4.67986289706748,2.967606030592571,0.6341224296233439,0.7546741092715048,0,"[[2, 4], [2, 4], [2, 4], [2, 4]]","[true, true, true, true, true]",0,4.0,0,1,1,"[[8, 9], [8, 9], [8, 9], [8, 9], [8, 9]]","[[10, 11], [10, 11], [10, 11], [10, 11], [10, 11]]","[[2, 2], [2, 2], [2, 2], [2, 2], [2, 2]]","[[2.0, 2.25], [2.0, 2.25], [2.0, 2.25], [2.0, 2.25], [2.0, 2.25]]",8.5,"[8.0, 9.0]",8.5,0.0,0.9982005804658192,0.4635972910000419
figure_eight--demand_conflict,figure_eight,demand_conflict,n0_d1_m0,factorial_combination,1.0,0.0,4,1.0,1669,full_trajectory,0.0,12.716074152247653,7.791534358052074,7.791534358052074,0.7095528412159506,0.6127311200583764,1.0,1.0,3.674025391730222,2.1307481975689613,0.5799492301727182,0.7095528412159506,0,"[[0, 1, 2, 3, 4, 5], [0, 1, 2, 3, 4, 5], [0, 1, 2, 3, 4, 5], [0, 1, 2, 3, 4, 5]]","[true, true, true, true, true]",0,0.0,0,1,1,[],[],[],[],nan,[],nan,nan,nan,0.3598268329999996
figure_eight--demand_conflict,figure_eight,demand_conflict,n0_d1_m0,factorial_combination,1.0,0.0,4,1.0,1669,error_peak_dynamic,0.0,12.716074152247653,8.624416247124525,8.624416247124525,0.7472556048966691,0.6782294711296647,1.0,1.0,3.674025391730222,2.356098964008837,0.641285432951042,0.7472556048966691,2,"[[2, 4], [2, 4], [3, 4], [2, 4]]","[true, true, true, true, true]",0,0.0,0,1,1,[],[],[],[],nan,[],nan,nan,nan,0.3421448330000203
figure_eight--demand_conflict,figure_eight,demand_conflict,n0_d1_m0,factorial_combination,1.0,0.0,4,1.0,1669,dual_anchor_dynamic,0.0,12.716074152247653,9.479914789972858,9.479914789972858,0.7795058849127525,0.7455064099557187,1.0,1.0,3.674025391730222,2.56035719311079,0.6968806472796399,0.7795058849127525,0,"[[2, 4], [2, 4], [2, 4], [2, 4]]","[true, true, false, false, true]",2,1.15,0,1,1,[],[],[],[],nan,[],nan,nan,nan,0.41033941699998877
figure_eight--demand_conflict,figure_eight,demand_conflict,n0_d1_m0,factorial_combination,1.0,0.0,4,1.0,1669,fixed_delay_dual_anchor,1.0,12.716074152247653,7.4464028552080315,7.4464028552080315,0.6691488168200883,0.5855897634799361,1.0,0.8333333333333334,3.674025391730222,1.9977217185922538,0.5437419466639721,0.6691488168200883,0,"[[2, 4], [2, 4], [2, 4], [2, 4]]","[true, true, true, true, true]",0,4.0,0,1,1,"[[5, 8], [5, 8], [5, 8], [5, 8], [5, 8]]","[[7, 10], [7, 10], [7, 10], [7, 10], [7, 10]]","[[2, 2], [2, 2], [2, 2], [2, 2], [2, 2]]","[[4.0, 4.0], [4.0, 4.0], [4.0, 4.0], [4.0, 4.0], [4.0, 4.0]]",6.5,"[5.0, 8.0]",7.0,0.5,0.9943716554983191,0.38350379199999907
figure_eight--demand_conflict,figure_eight,demand_conflict,n0_d1_m0,factorial_combination,1.0,0.0,4,1.0,1669,delay_aware_dual_anchor,0.25,12.716074152247653,7.391508206013651,7.391508206013651,0.6770400794141611,0.5812728140396344,1.0,1.0,3.674025391730222,2.0837650743060827,0.5671613154869264,0.6770400794141611,0,"[[2, 4], [2, 4], [2, 4], [2, 4]]","[true, true, true, true, true]",0,4.0,0,1,1,"[[5, 8], [5, 8], [5, 8], [5, 8], [5, 8]]","[[7, 10], [7, 10], [7, 10], [7, 10], [7, 10]]","[[2, 2], [2, 2], [2, 2], [2, 2], [2, 2]]","[[1.25, 2.0], [1.25, 2.0], [1.25, 2.0], [1.25, 2.0], [1.25, 2.0]]",6.5,"[5.0, 8.0]",7.0,0.5,0.9943409640817598,0.41265712500000973
s_curve--neutral,s_curve,neutral,n0_d1_m0,factorial_combination,1.0,0.0,4,1.0,1601,full_trajectory,0.0,10.629968760604376,5.249595130517522,5.249595130517522,0.6355407703117578,0.49384859436022016,0.6666666666666666,0.5,1.6141405776233246,1.0392540791278144,0.6438435992099409,0.6355407703117578,0,"[[0, 1, 2, 3, 4, 5], [0, 1, 2, 3, 4, 5], [0, 1, 2, 3, 4, 5], [0, 1, 2, 3, 4, 5]]","[true, true, true, true, true]",0,0.0,0,1,1,[],[],[],[],nan,[],nan,nan,nan,0.2964772499999526
s_curve--neutral,s_curve,neutral,n0_d1_m0,factorial_combination,1.0,0.0,4,1.0,1601,error_peak_dynamic,0.0,10.629968760604376,4.763821917103221,4.763821917103221,0.6262390629235132,0.4481501333059769,0.6666666666666666,0.5,1.6141405776233246,1.220831050403564,0.7563350226912249,0.6262390629235132,3,"[[2, 4], [3, 4], [2, 4], [3, 4]]","[true, true, true, true, true]",0,0.0,0,1,1,[],[],[],[],nan,[],nan,nan,nan,0.2906557079999743
s_curve--neutral,s_curve,neutral,n0_d1_m0,factorial_combination,1.0,0.0,4,1.0,1601,dual_anchor_dynamic,0.0,10.629968760604376,4.763821917103221,4.763821917103221,0.6262390629235132,0.4481501333059769,0.6666666666666666,0.5,1.6141405776233246,1.220831050403564,0.7563350226912249,0.6262390629235132,3,"[[2, 4], [3, 4], [2, 4], [3, 4]]","[true, true, true, true, true]",0,4.0,0,1,1,[],[],[],[],nan,[],nan,nan,nan,0.29243254200002866
s_curve--neutral,s_curve,neutral,n0_d1_m0,factorial_combination,1.0,0.0,4,1.0,1601,fixed_delay_dual_anchor,1.0,10.629968760604376,3.7894068764408777,3.7894068764408777,0.5993007029382358,0.35648335021310334,0.6666666666666666,0.5,1.6141405776233246,1.0132660811689422,0.6277433918803308,0.5993007029382358,1,"[[2, 4], [2, 4], [2, 4], [3, 4]]","[true, true, true, true, true]",0,4.0,0,1,1,"[[7, 8], [7, 8], [7, 8], [7, 8], [7, 8]]","[[9, 10], [9, 10], [9, 10], [9, 10], [9, 10]]","[[2, 2], [2, 2], [2, 2], [2, 2], [2, 2]]","[[4.0, 4.0], [4.0, 4.0], [4.0, 4.0], [4.0, 4.0], [4.0, 4.0]]",7.5,"[7.0, 8.0]",8.0,0.5,0.9985117527296146,0.32787883299999976
s_curve--neutral,s_curve,neutral,n0_d1_m0,factorial_combination,1.0,0.0,4,1.0,1601,delay_aware_dual_anchor,0.25,10.629968760604376,3.906715497310975,3.906715497310975,0.5643136353265574,0.3675190007885644,0.6666666666666666,0.3333333333333333,1.6141405776233246,1.080379451411032,0.6693217842288511,0.5643136353265574,0,"[[2, 4], [2, 4], [2, 4], [2, 4]]","[true, true, true, true, true]",0,4.0,0,1,1,"[[7, 8], [7, 8], [7, 8], [7, 8], [7, 8]]","[[9, 10], [9, 10], [9, 10], [9, 10], [9, 10]]","[[2, 2], [2, 2], [2, 2], [2, 2], [2, 2]]","[[1.75, 2.0], [1.75, 2.0], [1.75, 2.0], [1.75, 2.0], [1.75, 2.0]]",7.5,"[7.0, 8.0]",8.0,0.5,0.9982176248018266,0.33712654200002135
s_curve--neutral,s_curve,neutral,n0_d1_m0,factorial_combination,1.0,0.0,4,1.0,1627,full_trajectory,0.0,10.322182531705586,4.261445539345805,4.261445539345805,0.565809873871468,0.41284345885730667,0.8333333333333334,0.5,1.4689358776919936,0.8453060558881974,0.5754547007295856,0.565809873871468,0,"[[0, 1, 2, 3, 4, 5], [0, 1, 2, 3, 4, 5], [0, 1, 2, 3, 4, 5], [0, 1, 2, 3, 4, 5]]","[true, true, true, true, true]",0,0.0,0,1,1,[],[],[],[],nan,[],nan,nan,nan,0.2916533750000099
s_curve--neutral,s_curve,neutral,n0_d1_m0,factorial_combination,1.0,0.0,4,1.0,1627,error_peak_dynamic,0.0,10.322182531705586,3.733626787682999,3.733626787682999,0.551084837307495,0.3617090451767155,0.8333333333333334,0.5,1.4689358776919936,1.073204333701237,0.7305998512252734,0.551084837307495,2,"[[2, 4], [3, 4], [2, 4], [2, 4]]","[true, true, true, true, true]",0,0.0,0,1,1,[],[],[],[],nan,[],nan,nan,nan,0.2725374589999774
s_curve--neutral,s_curve,neutral,n0_d1_m0,factorial_combination,1.0,0.0,4,1.0,1627,dual_anchor_dynamic,0.0,10.322182531705586,3.733626787682999,3.733626787682999,0.551084837307495,0.3617090451767155,0.8333333333333334,0.5,1.4689358776919936,1.073204333701237,0.7305998512252734,0.551084837307495,2,"[[2, 4], [3, 4], [2, 4], [2, 4]]","[true, true, true, true, true]",0,4.0,0,1,1,[],[],[],[],nan,[],nan,nan,nan,0.2779127499999845
s_curve--neutral,s_curve,neutral,n0_d1_m0,factorial_combination,1.0,0.0,4,1.0,1627,fixed_delay_dual_anchor,1.0,10.322182531705586,3.012042555209523,3.012042555209523,0.5448738518167825,0.29180287656779386,0.8333333333333334,0.5,1.4689358776919936,0.8666536262551123,0.5899873775408134,0.5448738518167825,1,"[[2, 4], [2, 4], [2, 4], [3, 4]]","[true, true, true, true, true]",0,4.0,0,1,1,"[[4, 7], [4, 7], [4, 7], [4, 7], [4, 7]]","[[6, 9], [6, 9], [6, 9], [6, 9], [6, 9]]","[[2, 2], [2, 2], [2, 2], [2, 2], [2, 2]]","[[4.0, 4.0], [4.0, 4.0], [4.0, 4.0], [4.0, 4.0], [4.0, 4.0]]",5.5,"[4.0, 7.0]",6.0,0.5,0.9932553276590537,0.334347833000038
s_curve--neutral,s_curve,neutral,n0_d1_m0,factorial_combination,1.0,0.0,4,1.0,1627,delay_aware_dual_anchor,0.25,10.322182531705586,3.1130982797893796,3.1130982797893796,0.5003996561709667,0.30159302746557676,0.8333333333333334,0.3333333333333333,1.4689358776919936,0.9138266076774628,0.622101087974838,0.5003996561709667,2,"[[2, 4], [3, 4], [2, 4], [2, 4]]","[true, true, true, true, true]",0,4.0,0,1,1,"[[4, 7], [4, 7], [4, 7], [4, 7], [4, 7]]","[[6, 9], [6, 9], [6, 9], [6, 9], [6, 9]]","[[2, 2], [2, 2], [2, 2], [2, 2], [2, 2]]","[[1.0, 1.75], [1.0, 1.75], [1.0, 1.75], [1.0, 1.75], [1.0, 1.75]]",5.5,"[4.0, 7.0]",6.0,0.5,0.9915459700407883,0.32552949999995917
s_curve--neutral,s_curve,neutral,n0_d1_m0,factorial_combination,1.0,0.0,4,1.0,1657,full_trajectory,0.0,12.980701630792742,7.49474530633991,7.49474530633991,0.7231412363246145,0.5773759785496433,0.6666666666666666,0.6666666666666666,1.9314135959378897,1.3687046563450656,0.7086543551436615,0.7231412363246145,0,"[[0, 1, 2, 3, 4, 5], [0, 1, 2, 3, 4, 5], [0, 1, 2, 3, 4, 5], [0, 1, 2, 3, 4, 5]]","[true, true, true, true, true]",0,0.0,0,1,1,[],[],[],[],nan,[],nan,nan,nan,0.33912249999997357
s_curve--neutral,s_curve,neutral,n0_d1_m0,factorial_combination,1.0,0.0,4,1.0,1657,error_peak_dynamic,0.0,12.980701630792742,8.648946270522154,8.648946270522154,0.7533169723496037,0.666292664027126,0.6666666666666666,0.5,1.9314135959378897,1.5786819898037392,0.8173712731048344,0.7533169723496037,2,"[[2, 4], [3, 4], [3, 4], [2, 4]]","[true, true, true, true, true]",0,0.0,0,1,1,[],[],[],[],nan,[],nan,nan,nan,0.29258758299999954
s_curve--neutral,s_curve,neutral,n0_d1_m0,factorial_combination,1.0,0.0,4,1.0,1657,dual_anchor_dynamic,0.0,12.980701630792742,8.527217179235297,8.648946270522154,0.7533169723496037,0.6569149666769232,0.6666666666666666,0.5,1.9314135959378897,1.5893894328452811,0.8229151105636063,0.7533169723496037,2,"[[2, 4], [3, 4], [3, 4], [2, 4]]","[true, true, true, true, false]",1,2.0,0,1,1,[],[],[],[],nan,[],nan,nan,nan,0.2974112080000282
s_curve--neutral,s_curve,neutral,n0_d1_m0,factorial_combination,1.0,0.0,4,1.0,1657,fixed_delay_dual_anchor,1.0,12.980701630792742,6.939602822274081,6.939602822274081,0.6882840245397361,0.5346092237273212,0.6666666666666666,0.6666666666666666,1.9314135959378897,1.3041486814298417,0.6752301444769266,0.6882840245397361,1,"[[2, 4], [2, 4], [2, 4], [3, 4]]","[true, true, true, true, true]",0,4.0,0,1,1,"[[8, 9], [8, 9], [7, 9], [7, 9], [8, 9]]","[[10, 11], [10, 11], [9, 11], [9, 11], [10, 11]]","[[2, 2], [2, 2], [2, 2], [2, 2], [2, 2]]","[[4.0, 4.0], [4.0, 4.0], [4.0, 4.0], [4.0, 4.0], [4.0, 4.0]]",8.5,"[8.0, 9.0]",8.5,0.0,0.9972115815026127,0.3736883750000288
s_curve--neutral,s_curve,neutral,n0_d1_m0,factorial_combination,1.0,0.0,4,1.0,1657,delay_aware_dual_anchor,0.25,12.980701630792742,7.278710323583461,7.278710323583461,0.7008230281298043,0.5607331969110936,0.6666666666666666,0.5,1.9314135959378897,1.3784253130148711,0.7136872785373094,0.7008230281298043,0,"[[2, 4], [2, 4], [2, 4], [2, 4]]","[true, true, true, true, true]",0,4.0,0,1,1,"[[8, 9], [8, 9], [8, 9], [8, 9], [8, 9]]","[[10, 11], [10, 11], [10, 11], [10, 11], [10, 11]]","[[2, 2], [2, 2], [2, 2], [2, 2], [2, 2]]","[[2.0, 2.25], [2.0, 2.25], [2.0, 2.25], [2.0, 2.25], [2.0, 2.25]]",8.5,"[8.0, 9.0]",8.5,0.0,0.9965601579910388,0.3511066670000105
s_curve--neutral,s_curve,neutral,n0_d1_m0,factorial_combination,1.0,0.0,4,1.0,1669,full_trajectory,0.0,10.998615194892047,4.992144222151817,4.992144222151817,0.6029747122159358,0.45388843356118663,0.8333333333333334,0.5,1.5765023823749371,0.992951546217366,0.6298446214343962,0.6029747122159358,0,"[[0, 1, 2, 3, 4, 5], [0, 1, 2, 3, 4, 5], [0, 1, 2, 3, 4, 5], [0, 1, 2, 3, 4, 5]]","[true, true, true, true, true]",0,0.0,0,1,1,[],[],[],[],nan,[],nan,nan,nan,0.31720429199998534
s_curve--neutral,s_curve,neutral,n0_d1_m0,factorial_combination,1.0,0.0,4,1.0,1669,error_peak_dynamic,0.0,10.998615194892047,4.85390716983576,4.85390716983576,0.6067853874859026,0.44131984652849765,0.8333333333333334,0.5,1.5765023823749371,1.2023077813486007,0.7626425400876163,0.6067853874859026,3,"[[2, 4], [3, 4], [2, 4], [3, 4]]","[true, true, true, true, true]",0,0.0,0,1,1,[],[],[],[],nan,[],nan,nan,nan,0.42010199999998576
s_curve--neutral,s_curve,neutral,n0_d1_m0,factorial_combination,1.0,0.0,4,1.0,1669,dual_anchor_dynamic,0.0,10.998615194892047,4.85390716983576,4.85390716983576,0.6067853874859026,0.44131984652849765,0.8333333333333334,0.5,1.5765023823749371,1.2023077813486007,0.7626425400876163,0.6067853874859026,3,"[[2, 4], [3, 4], [2, 4], [3, 4]]","[true, true, true, true, true]",0,4.0,0,1,1,[],[],[],[],nan,[],nan,nan,nan,0.2986455419999743
s_curve--neutral,s_curve,neutral,n0_d1_m0,factorial_combination,1.0,0.0,4,1.0,1669,fixed_delay_dual_anchor,1.0,10.998615194892047,3.848294788257596,3.848294788257596,0.5816030261383769,0.34988902876107647,0.8333333333333334,0.5,1.5765023823749371,0.9828465579594026,0.6234348700943819,0.5816030261383769,1,"[[2, 4], [2, 4], [2, 4], [3, 4]]","[true, true, true, true, true]",0,4.0,0,1,1,"[[5, 8], [5, 8], [5, 8], [5, 8], [5, 8]]","[[7, 10], [7, 10], [7, 10], [7, 10], [7, 10]]","[[2, 2], [2, 2], [2, 2], [2, 2], [2, 2]]","[[4.0, 4.0], [4.0, 4.0], [4.0, 4.0], [4.0, 4.0], [4.0, 4.0]]",6.5,"[5.0, 8.0]",7.0,0.5,0.9927810986977877,0.3406352499999912
s_curve--neutral,s_curve,neutral,n0_d1_m0,factorial_combination,1.0,0.0,4,1.0,1669,delay_aware_dual_anchor,0.25,10.998615194892047,4.037022199312777,4.037022199312777,0.553592535186303,0.36704822632467793,0.8333333333333334,0.3333333333333333,1.5765023823749371,1.0299033340454995,0.6532837156224222,0.553592535186303,2,"[[2, 4], [3, 4], [2, 4], [2, 4]]","[true, true, true, true, true]",0,4.0,0,1,1,"[[5, 8], [5, 8], [5, 8], [5, 8], [5, 8]]","[[7, 10], [7, 10], [7, 10], [7, 10], [7, 10]]","[[2, 2], [2, 2], [2, 2], [2, 2], [2, 2]]","[[1.25, 2.0], [1.25, 2.0], [1.25, 2.0], [1.25, 2.0], [1.25, 2.0]]",6.5,"[5.0, 8.0]",7.0,0.5,0.9919711226573534,0.33520841700004667
s_curve--demand_aligned,s_curve,demand_aligned,n0_d1_m0,factorial_combination,1.0,0.0,4,1.0,1601,full_trajectory,0.0,14.293662294346786,7.779440557754921,7.779440557754921,0.6607854578683492,0.5442580353134359,0.6666666666666666,0.5,1.6141405776233246,1.0392540791278144,0.6438435992099409,0.6607854578683492,0,"[[0, 1, 2, 3, 4, 5], [0, 1, 2, 3, 4, 5], [0, 1, 2, 3, 4, 5], [0, 1, 2, 3, 4, 5]]","[true, true, true, true, true]",0,0.0,0,1,1,[],[],[],[],nan,[],nan,nan,nan,0.30036133400000153
s_curve--demand_aligned,s_curve,demand_aligned,n0_d1_m0,factorial_combination,1.0,0.0,4,1.0,1601,error_peak_dynamic,0.0,14.293662294346786,6.470741576684633,6.470741576684633,0.6029732264546809,0.45270004589683377,0.6666666666666666,0.5,1.6141405776233246,1.40684805700913,0.8715771578461808,0.6029732264546809,2,"[[2, 4], [3, 4], [3, 4], [2, 4]]","[true, true, true, true, true]",0,0.0,0,1,1,[],[],[],[],nan,[],nan,nan,nan,0.20873949999997876
s_curve--demand_aligned,s_curve,demand_aligned,n0_d1_m0,factorial_combination,1.0,0.0,4,1.0,1601,dual_anchor_dynamic,0.0,14.293662294346786,6.492646187584812,6.492646187584812,0.6256725078473198,0.45423251605382375,0.6666666666666666,0.5,1.6141405776233246,1.220831050403564,0.7563350226912249,0.6256725078473198,3,"[[2, 4], [3, 4], [2, 4], [3, 4]]","[true, true, true, true, true]",0,4.0,0,1,1,[],[],[],[],nan,[],nan,nan,nan,0.29743799999999965
s_curve--demand_aligned,s_curve,demand_aligned,n0_d1_m0,factorial_combination,1.0,0.0,4,1.0,1601,fixed_delay_dual_anchor,1.0,14.293662294346786,5.085050193635555,5.085050193635555,0.5989926504567699,0.35575558516215383,0.6666666666666666,0.5,1.6141405776233246,1.0132660811689422,0.6277433918803308,0.5989926504567699,1,"[[2, 4], [2, 4], [2, 4], [3, 4]]","[true, true, true, true, true]",0,4.0,0,1,1,"[[7, 8], [7, 8], [7, 8], [7, 8], [7, 8]]","[[9, 10], [9, 10], [9, 10], [9, 10], [9, 10]]","[[2, 2], [2, 2], [2, 2], [2, 2], [2, 2]]","[[4.0, 4.0], [4.0, 4.0], [4.0, 4.0], [4.0, 4.0], [4.0, 4.0]]",7.5,"[7.0, 8.0]",8.0,0.5,0.9985117527296146,0.34235279099999616
s_curve--demand_aligned,s_curve,demand_aligned,n0_d1_m0,factorial_combination,1.0,0.0,4,1.0,1601,delay_aware_dual_anchor,0.25,14.293662294346786,5.233751541507346,5.233751541507346,0.5642599334646485,0.3661588915233656,0.6666666666666666,0.3333333333333333,1.6141405776233246,1.080379451411032,0.6693217842288511,0.5642599334646485,0,"[[2, 4], [2, 4], [2, 4], [2, 4]]","[true, true, true, true, true]",0,4.0,0,1,1,"[[7, 8], [7, 8], [7, 8], [7, 8], [7, 8]]","[[9, 10], [9, 10], [9, 10], [9, 10], [9, 10]]","[[2, 2], [2, 2], [2, 2], [2, 2], [2, 2]]","[[1.75, 2.0], [1.75, 2.0], [1.75, 2.0], [1.75, 2.0], [1.75, 2.0]]",7.5,"[7.0, 8.0]",8.0,0.5,0.9982176248018266,0.3445257910000237
s_curve--demand_aligned,s_curve,demand_aligned,n0_d1_m0,factorial_combination,1.0,0.0,4,1.0,1627,full_trajectory,0.0,13.770113445803279,6.467616292590482,6.467616292590482,0.6013564785972932,0.46968504058052035,0.8333333333333334,0.5,1.4689358776919936,0.8453060558881974,0.5754547007295856,0.6013564785972932,0,"[[0, 1, 2, 3, 4, 5], [0, 1, 2, 3, 4, 5], [0, 1, 2, 3, 4, 5], [0, 1, 2, 3, 4, 5]]","[true, true, true, true, true]",0,0.0,0,1,1,[],[],[],[],nan,[],nan,nan,nan,0.29339154199999484
s_curve--demand_aligned,s_curve,demand_aligned,n0_d1_m0,factorial_combination,1.0,0.0,4,1.0,1627,error_peak_dynamic,0.0,13.770113445803279,5.123996374558536,5.123996374558536,0.5391086980486427,0.3721099608021151,0.8333333333333334,0.6666666666666666,1.4689358776919936,1.2599030474173074,0.8576977841925131,0.5391086980486427,2,"[[2, 4], [3, 4], [2, 4], [2, 4]]","[true, true, true, true, true]",0,0.0,0,1,1,[],[],[],[],nan,[],nan,nan,nan,0.2030366660000027
s_curve--demand_aligned,s_curve,demand_aligned,n0_d1_m0,factorial_combination,1.0,0.0,4,1.0,1627,dual_anchor_dynamic,0.0,13.770113445803279,4.995351391380155,4.995351391380155,0.5534438557947967,0.36276762795317347,0.8333333333333334,0.5,1.4689358776919936,1.073204333701237,0.7305998512252734,0.5534438557947967,2,"[[2, 4], [3, 4], [2, 4], [2, 4]]","[true, true, true, true, true]",0,4.0,0,1,1,[],[],[],[],nan,[],nan,nan,nan,0.27424975000002405
s_curve--demand_aligned,s_curve,demand_aligned,n0_d1_m0,factorial_combination,1.0,0.0,4,1.0,1627,fixed_delay_dual_anchor,1.0,13.770113445803279,4.027609799249113,4.027609799249113,0.5476060777527678,0.2924892242247001,0.8333333333333334,0.5,1.4689358776919936,0.8666536262551123,0.5899873775408134,0.5476060777527678,1,"[[2, 4], [2, 4], [2, 4], [3, 4]]","[true, true, true, true, true]",0,4.0,0,1,1,"[[4, 7], [4, 7], [4, 7], [4, 7], [4, 7]]","[[6, 9], [6, 9], [6, 9], [6, 9], [6, 9]]","[[2, 2], [2, 2], [2, 2], [2, 2], [2, 2]]","[[4.0, 4.0], [4.0, 4.0], [4.0, 4.0], [4.0, 4.0], [4.0, 4.0]]",5.5,"[4.0, 7.0]",6.0,0.5,0.9932553276590537,0.3664150829999926
s_curve--demand_aligned,s_curve,demand_aligned,n0_d1_m0,factorial_combination,1.0,0.0,4,1.0,1627,delay_aware_dual_anchor,0.25,13.770113445803279,4.190934351044918,4.190934351044918,0.5039184633062618,0.3043500235157605,0.8333333333333334,0.3333333333333333,1.4689358776919936,0.9138266076774628,0.622101087974838,0.5039184633062618,2,"[[2, 4], [3, 4], [2, 4], [2, 4]]","[true, true, true, true, true]",0,4.0,0,1,1,"[[4, 7], [4, 7], [4, 7], [4, 7], [4, 7]]","[[6, 9], [6, 9], [6, 9], [6, 9], [6, 9]]","[[2, 2], [2, 2], [2, 2], [2, 2], [2, 2]]","[[1.0, 1.75], [1.0, 1.75], [1.0, 1.75], [1.0, 1.75], [1.0, 1.75]]",5.5,"[4.0, 7.0]",6.0,0.5,0.9915459700407883,0.3342468330000088
s_curve--demand_aligned,s_curve,demand_aligned,n0_d1_m0,factorial_combination,1.0,0.0,4,1.0,1657,full_trajectory,0.0,17.411894546519402,10.228627436499407,10.228627436499407,0.7283454272047606,0.5874505734669802,0.6666666666666666,0.5,1.9314135959378897,1.3687046563450656,0.7086543551436615,0.7283454272047606,0,"[[0, 1, 2, 3, 4, 5], [0, 1, 2, 3, 4, 5], [0, 1, 2, 3, 4, 5], [0, 1, 2, 3, 4, 5]]","[true, true, true, true, true]",0,0.0,0,1,1,[],[],[],[],nan,[],nan,nan,nan,0.3614448330000073
s_curve--demand_aligned,s_curve,demand_aligned,n0_d1_m0,factorial_combination,1.0,0.0,4,1.0,1657,error_peak_dynamic,0.0,17.411894546519402,10.048965801743849,10.048965801743849,0.6790089984881125,0.5771322457126077,0.6666666666666666,0.5,1.9314135959378897,1.6208585936568456,0.8392084414574914,0.6790089984881125,2,"[[2, 4], [3, 4], [3, 4], [2, 4]]","[true, true, true, true, true]",0,0.0,0,1,1,[],[],[],[],nan,[],nan,nan,nan,0.2629159169999866
s_curve--demand_aligned,s_curve,demand_aligned,n0_d1_m0,factorial_combination,1.0,0.0,4,1.0,1657,dual_anchor_dynamic,0.0,17.411894546519402,11.55686694674626,11.569058911004744,0.7542859782399612,0.6637340305427275,0.6666666666666666,0.5,1.9314135959378897,1.5893894328452811,0.8229151105636063,0.7542859782399612,2,"[[2, 4], [3, 4], [3, 4], [2, 4]]","[true, true, true, true, false]",1,2.0,0,1,1,[],[],[],[],nan,[],nan,nan,nan,0.29467891599995255
s_curve--demand_aligned,s_curve,demand_aligned,n0_d1_m0,factorial_combination,1.0,0.0,4,1.0,1657,fixed_delay_dual_anchor,1.0,17.411894546519402,9.261753488913456,9.261753488913456,0.6870829471310016,0.5319210648886488,0.6666666666666666,0.5,1.9314135959378897,1.3041486814298417,0.6752301444769266,0.6870829471310016,1,"[[2, 4], [2, 4], [2, 4], [3, 4]]","[true, true, true, true, true]",0,4.0,0,1,1,"[[8, 9], [8, 9], [7, 9], [7, 9], [8, 9]]","[[10, 11], [10, 11], [9, 11], [9, 11], [10, 11]]","[[2, 2], [2, 2], [2, 2], [2, 2], [2, 2]]","[[4.0, 4.0], [4.0, 4.0], [4.0, 4.0], [4.0, 4.0], [4.0, 4.0]]",8.5,"[8.0, 9.0]",8.5,0.0,0.9972115815026127,0.3709604580000132
s_curve--demand_aligned,s_curve,demand_aligned,n0_d1_m0,factorial_combination,1.0,0.0,4,1.0,1657,delay_aware_dual_anchor,0.25,17.411894546519402,9.71600298749327,9.71600298749327,0.6996786850920499,0.5580095239800013,0.6666666666666666,0.5,1.9314135959378897,1.3784253130148711,0.7136872785373094,0.6996786850920499,0,"[[2, 4], [2, 4], [2, 4], [2, 4]]","[true, true, true, true, true]",0,4.0,0,1,1,"[[8, 9], [8, 9], [8, 9], [8, 9], [8, 9]]","[[10, 11], [10, 11], [10, 11], [10, 11], [10, 11]]","[[2, 2], [2, 2], [2, 2], [2, 2], [2, 2]]","[[2.0, 2.25], [2.0, 2.25], [2.0, 2.25], [2.0, 2.25], [2.0, 2.25]]",8.5,"[8.0, 9.0]",8.5,0.0,0.9965601579910388,0.3544379999999592
s_curve--demand_aligned,s_curve,demand_aligned,n0_d1_m0,factorial_combination,1.0,0.0,4,1.0,1669,full_trajectory,0.0,14.70189158890403,7.403818910734639,7.403818910734639,0.6298566383938669,0.503596347855165,0.6666666666666666,0.5,1.5765023823749371,0.992951546217366,0.6298446214343962,0.6298566383938669,0,"[[0, 1, 2, 3, 4, 5], [0, 1, 2, 3, 4, 5], [0, 1, 2, 3, 4, 5], [0, 1, 2, 3, 4, 5]]","[true, true, true, true, true]",0,0.0,0,1,1,[],[],[],[],nan,[],nan,nan,nan,0.32821245900004214
s_curve--demand_aligned,s_curve,demand_aligned,n0_d1_m0,factorial_combination,1.0,0.0,4,1.0,1669,error_peak_dynamic,0.0,14.70189158890403,6.331900187156923,6.331900187156923,0.5882215587640953,0.4306860888523898,0.6666666666666666,0.6666666666666666,1.5765023823749371,1.3665307499266854,0.8668117252497025,0.5882215587640953,2,"[[2, 4], [3, 4], [2, 4], [2, 4]]","[true, true, true, true, true]",0,0.0,0,1,1,[],[],[],[],nan,[],nan,nan,nan,0.20862637499999437
s_curve--demand_aligned,s_curve,demand_aligned,n0_d1_m0,factorial_combination,1.0,0.0,4,1.0,1669,dual_anchor_dynamic,0.0,14.70189158890403,6.609761181395376,6.609761181395376,0.6090422984868342,0.44958576530274286,0.6666666666666666,0.5,1.5765023823749371,1.2023077813486007,0.7626425400876163,0.6090422984868342,3,"[[2, 4], [3, 4], [2, 4], [3, 4]]","[true, true, true, true, true]",0,4.0,0,1,1,[],[],[],[],nan,[],nan,nan,nan,0.2823135839999509
s_curve--demand_aligned,s_curve,demand_aligned,n0_d1_m0,factorial_combination,1.0,0.0,4,1.0,1669,fixed_delay_dual_anchor,1.0,14.70189158890403,5.132134694067288,5.132134694067288,0.5832655338246037,0.34907988968852605,0.6666666666666666,0.5,1.5765023823749371,0.9828465579594026,0.6234348700943819,0.5832655338246037,1,"[[2, 4], [2, 4], [2, 4], [3, 4]]","[true, true, true, true, true]",0,4.0,0,1,1,"[[5, 8], [5, 8], [5, 8], [5, 8], [5, 8]]","[[7, 10], [7, 10], [7, 10], [7, 10], [7, 10]]","[[2, 2], [2, 2], [2, 2], [2, 2], [2, 2]]","[[4.0, 4.0], [4.0, 4.0], [4.0, 4.0], [4.0, 4.0], [4.0, 4.0]]",6.5,"[5.0, 8.0]",7.0,0.5,0.9927810986977877,0.3480172079999875
s_curve--demand_aligned,s_curve,demand_aligned,n0_d1_m0,factorial_combination,1.0,0.0,4,1.0,1669,delay_aware_dual_anchor,0.25,14.70189158890403,5.412615062353979,5.412615062353979,0.5563018902495849,0.36815773192335643,0.6666666666666666,0.3333333333333333,1.5765023823749371,1.0299033340454995,0.6532837156224222,0.5563018902495849,2,"[[2, 4], [3, 4], [2, 4], [2, 4]]","[true, true, true, true, true]",0,4.0,0,1,1,"[[5, 8], [5, 8], [5, 8], [5, 8], [5, 8]]","[[7, 10], [7, 10], [7, 10], [7, 10], [7, 10]]","[[2, 2], [2, 2], [2, 2], [2, 2], [2, 2]]","[[1.25, 2.0], [1.25, 2.0], [1.25, 2.0], [1.25, 2.0], [1.25, 2.0]]",6.5,"[5.0, 8.0]",7.0,0.5,0.9919711226573534,0.3334750839999856
s_curve--demand_conflict,s_curve,demand_conflict,n0_d1_m0,factorial_combination,1.0,0.0,4,1.0,1601,full_trajectory,0.0,7.127960729503162,3.4906468457432487,3.4906468457432487,0.634970552734246,0.4897118514269026,0.6666666666666666,0.6666666666666666,1.6141405776233246,1.0392540791278144,0.6438435992099409,0.634970552734246,0,"[[0, 1, 2, 3, 4, 5], [0, 1, 2, 3, 4, 5], [0, 1, 2, 3, 4, 5], [0, 1, 2, 3, 4, 5]]","[true, true, true, true, true]",0,0.0,0,1,1,[],[],[],[],nan,[],nan,nan,nan,0.34588870800001814
s_curve--demand_conflict,s_curve,demand_conflict,n0_d1_m0,factorial_combination,1.0,0.0,4,1.0,1601,error_peak_dynamic,0.0,7.127960729503162,3.113588491451015,3.113588491451015,0.6366269703578855,0.43681336213927774,0.6666666666666666,0.6666666666666666,1.6141405776233246,1.2733561169011485,0.788875600151289,0.6366269703578855,3,"[[2, 4], [3, 4], [2, 4], [3, 4]]","[true, true, true, true, true]",0,0.0,0,1,1,[],[],[],[],nan,[],nan,nan,nan,0.29061287499996524
s_curve--demand_conflict,s_curve,demand_conflict,n0_d1_m0,factorial_combination,1.0,0.0,4,1.0,1601,dual_anchor_dynamic,0.0,7.127960729503162,3.1621965164935126,3.1621965164935126,0.6312651745619777,0.4436327073751887,0.6666666666666666,0.6666666666666666,1.6141405776233246,1.220831050403564,0.7563350226912249,0.6312651745619777,3,"[[2, 4], [3, 4], [2, 4], [3, 4]]","[true, true, true, true, true]",0,4.0,0,1,1,[],[],[],[],nan,[],nan,nan,nan,0.3002083339999899
s_curve--demand_conflict,s_curve,demand_conflict,n0_d1_m0,factorial_combination,1.0,0.0,4,1.0,1601,fixed_delay_dual_anchor,1.0,7.127960729503162,2.5568422846660877,2.5568422846660877,0.6184819476466287,0.35870600045299444,0.6666666666666666,0.6666666666666666,1.6141405776233246,1.0132660811689422,0.6277433918803308,0.6184819476466287,1,"[[2, 4], [2, 4], [2, 4], [3, 4]]","[true, true, true, true, true]",0,4.0,0,1,1,"[[7, 8], [7, 8], [7, 8], [7, 8], [7, 8]]","[[9, 10], [9, 10], [9, 10], [9, 10], [9, 10]]","[[2, 2], [2, 2], [2, 2], [2, 2], [2, 2]]","[[4.0, 4.0], [4.0, 4.0], [4.0, 4.0], [4.0, 4.0], [4.0, 4.0]]",7.5,"[7.0, 8.0]",8.0,0.5,0.9985117527296146,0.3382492080000361
s_curve--demand_conflict,s_curve,demand_conflict,n0_d1_m0,factorial_combination,1.0,0.0,4,1.0,1601,delay_aware_dual_anchor,0.25,7.127960729503162,2.6228941436548014,2.6228941436548014,0.5643656618113896,0.36797258615615636,0.6666666666666666,0.16666666666666666,1.6141405776233246,1.080379451411032,0.6693217842288511,0.5643656618113896,0,"[[2, 4], [2, 4], [2, 4], [2, 4]]","[true, true, true, true, true]",0,4.0,0,1,1,"[[7, 8], [7, 8], [7, 8], [7, 8], [7, 8]]","[[9, 10], [9, 10], [9, 10], [9, 10], [9, 10]]","[[2, 2], [2, 2], [2, 2], [2, 2], [2, 2]]","[[1.75, 2.0], [1.75, 2.0], [1.75, 2.0], [1.75, 2.0], [1.75, 2.0]]",7.5,"[7.0, 8.0]",8.0,0.5,0.9982176248018266,0.3441869999999767
s_curve--demand_conflict,s_curve,demand_conflict,n0_d1_m0,factorial_combination,1.0,0.0,4,1.0,1627,full_trajectory,0.0,7.0131475651555695,2.8001141997914702,2.8001141997914702,0.5606376652598111,0.39926640267826113,1.0,0.5,1.4689358776919936,0.8453060558881974,0.5754547007295856,0.5606376652598111,0,"[[0, 1, 2, 3, 4, 5], [0, 1, 2, 3, 4, 5], [0, 1, 2, 3, 4, 5], [0, 1, 2, 3, 4, 5]]","[true, true, true, true, true]",0,0.0,0,1,1,[],[],[],[],nan,[],nan,nan,nan,0.29385750000000144
s_curve--demand_conflict,s_curve,demand_conflict,n0_d1_m0,factorial_combination,1.0,0.0,4,1.0,1627,error_peak_dynamic,0.0,7.0131475651555695,2.611169958092946,2.611169958092946,0.5468704430839897,0.37232497018405797,1.0,0.5,1.4689358776919936,1.1170197630214742,0.7604278580059918,0.5468704430839897,2,"[[2, 4], [3, 4], [2, 4], [2, 4]]","[true, true, true, true, true]",0,0.0,0,1,1,[],[],[],[],nan,[],nan,nan,nan,0.29094079199995804
s_curve--demand_conflict,s_curve,demand_conflict,n0_d1_m0,factorial_combination,1.0,0.0,4,1.0,1627,dual_anchor_dynamic,0.0,7.0131475651555695,2.5222889928184022,2.5222889928184022,0.551627417925447,0.35965149305431043,1.0,0.5,1.4689358776919936,1.073204333701237,0.7305998512252734,0.551627417925447,2,"[[2, 4], [3, 4], [2, 4], [2, 4]]","[true, true, true, true, true]",0,4.0,0,1,1,[],[],[],[],nan,[],nan,nan,nan,0.2770988750000356
s_curve--demand_conflict,s_curve,demand_conflict,n0_d1_m0,factorial_combination,1.0,0.0,4,1.0,1627,fixed_delay_dual_anchor,1.0,7.0131475651555695,2.0547461599426184,2.0547461599426184,0.5521333139061553,0.29298487460202743,1.0,0.3333333333333333,1.4689358776919936,0.8666536262551123,0.5899873775408134,0.5521333139061553,1,"[[2, 4], [2, 4], [2, 4], [3, 4]]","[true, true, true, true, true]",0,4.0,0,1,1,"[[4, 7], [4, 7], [4, 7], [4, 7], [4, 7]]","[[6, 9], [6, 9], [6, 9], [6, 9], [6, 9]]","[[2, 2], [2, 2], [2, 2], [2, 2], [2, 2]]","[[4.0, 4.0], [4.0, 4.0], [4.0, 4.0], [4.0, 4.0], [4.0, 4.0]]",5.5,"[4.0, 7.0]",6.0,0.5,0.9932553276590537,0.41204433400002927
s_curve--demand_conflict,s_curve,demand_conflict,n0_d1_m0,factorial_combination,1.0,0.0,4,1.0,1627,delay_aware_dual_anchor,0.25,7.0131475651555695,2.0854890647143236,2.0854890647143236,0.4983513681720043,0.2973684847408543,1.0,0.16666666666666666,1.4689358776919936,0.9138266076774628,0.622101087974838,0.4983513681720043,2,"[[2, 4], [3, 4], [2, 4], [2, 4]]","[true, true, true, true, true]",0,4.0,0,1,1,"[[4, 7], [4, 7], [4, 7], [4, 7], [4, 7]]","[[6, 9], [6, 9], [6, 9], [6, 9], [6, 9]]","[[2, 2], [2, 2], [2, 2], [2, 2], [2, 2]]","[[1.0, 1.75], [1.0, 1.75], [1.0, 1.75], [1.0, 1.75], [1.0, 1.75]]",5.5,"[4.0, 7.0]",6.0,0.5,0.9915459700407883,0.3465239589999669
s_curve--demand_conflict,s_curve,demand_conflict,n0_d1_m0,factorial_combination,1.0,0.0,4,1.0,1657,full_trajectory,0.0,8.713294111814136,5.000398417422037,5.000398417422037,0.7226129738307109,0.573881514069647,0.6666666666666666,0.6666666666666666,1.9314135959378897,1.3687046563450656,0.7086543551436615,0.7226129738307109,0,"[[0, 1, 2, 3, 4, 5], [0, 1, 2, 3, 4, 5], [0, 1, 2, 3, 4, 5], [0, 1, 2, 3, 4, 5]]","[true, true, true, true, true]",0,0.0,0,1,1,[],[],[],[],nan,[],nan,nan,nan,0.4901408750000087
s_curve--demand_conflict,s_curve,demand_conflict,n0_d1_m0,factorial_combination,1.0,0.0,4,1.0,1657,error_peak_dynamic,0.0,8.713294111814136,5.577256971098995,5.577256971098995,0.7259260973956352,0.640085930708678,0.6666666666666666,0.5,1.9314135959378897,1.577953745933718,0.8169942208403413,0.7259260973956352,2,"[[2, 4], [3, 4], [3, 4], [2, 4]]","[true, true, true, true, true]",0,0.0,0,1,1,[],[],[],[],nan,[],nan,nan,nan,0.29283075000000736
s_curve--demand_conflict,s_curve,demand_conflict,n0_d1_m0,factorial_combination,1.0,0.0,4,1.0,1657,dual_anchor_dynamic,0.0,8.713294111814136,5.668645358463449,5.805494356834494,0.7533851159212073,0.6505743161793971,0.6666666666666666,0.5,1.9314135959378897,1.5893894328452811,0.8229151105636063,0.7533851159212073,2,"[[2, 4], [3, 4], [3, 4], [2, 4]]","[true, true, true, true, false]",1,2.0,0,1,1,[],[],[],[],nan,[],nan,nan,nan,0.31174799999996594
s_curve--demand_conflict,s_curve,demand_conflict,n0_d1_m0,factorial_combination,1.0,0.0,4,1.0,1657,fixed_delay_dual_anchor,1.0,8.713294111814136,4.661065177132469,4.661065177132469,0.6914588466022458,0.5349372025457798,0.6666666666666666,0.6666666666666666,1.9314135959378897,1.3041486814298417,0.6752301444769266,0.6914588466022458,1,"[[2, 4], [2, 4], [2, 4], [3, 4]]","[true, true, true, true, true]",0,4.0,0,1,1,"[[8, 9], [8, 9], [7, 9], [7, 9], [8, 9]]","[[10, 11], [10, 11], [9, 11], [9, 11], [10, 11]]","[[2, 2], [2, 2], [2, 2], [2, 2], [2, 2]]","[[4.0, 4.0], [4.0, 4.0], [4.0, 4.0], [4.0, 4.0], [4.0, 4.0]]",8.5,"[8.0, 9.0]",8.5,0.0,0.9972115815026127,0.46359037500002387
s_curve--demand_conflict,s_curve,demand_conflict,n0_d1_m0,factorial_combination,1.0,0.0,4,1.0,1657,delay_aware_dual_anchor,0.25,8.713294111814136,4.87547326083361,4.87547326083361,0.6994102482064717,0.559544208914408,0.6666666666666666,0.5,1.9314135959378897,1.3784253130148711,0.7136872785373094,0.6994102482064717,0,"[[2, 4], [2, 4], [2, 4], [2, 4]]","[true, true, true, true, true]",0,4.0,0,1,1,"[[8, 9], [8, 9], [8, 9], [8, 9], [8, 9]]","[[10, 11], [10, 11], [10, 11], [10, 11], [10, 11]]","[[2, 2], [2, 2], [2, 2], [2, 2], [2, 2]]","[[2.0, 2.25], [2.0, 2.25], [2.0, 2.25], [2.0, 2.25], [2.0, 2.25]]",8.5,"[8.0, 9.0]",8.5,0.0,0.9965601579910388,0.3825063749999913
s_curve--demand_conflict,s_curve,demand_conflict,n0_d1_m0,factorial_combination,1.0,0.0,4,1.0,1669,full_trajectory,0.0,7.442654813909597,3.293651832330072,3.293651832330072,0.5990776754190859,0.442537228271632,1.0,0.5,1.5765023823749371,0.992951546217366,0.6298446214343962,0.5990776754190859,0,"[[0, 1, 2, 3, 4, 5], [0, 1, 2, 3, 4, 5], [0, 1, 2, 3, 4, 5], [0, 1, 2, 3, 4, 5]]","[true, true, true, true, true]",0,0.0,0,1,1,[],[],[],[],nan,[],nan,nan,nan,0.32775779100001046
s_curve--demand_conflict,s_curve,demand_conflict,n0_d1_m0,factorial_combination,1.0,0.0,4,1.0,1669,error_peak_dynamic,0.0,7.442654813909597,3.3781624454560766,3.3781624454560766,0.6107944057868979,0.4538921298812112,1.0,0.5,1.5765023823749371,1.257034465623901,0.7973565277651083,0.6107944057868979,2,"[[2, 4], [3, 4], [2, 4], [2, 4]]","[true, true, true, true, true]",0,0.0,0,1,1,[],[],[],[],nan,[],nan,nan,nan,0.26464479100002336
s_curve--demand_conflict,s_curve,demand_conflict,n0_d1_m0,factorial_combination,1.0,0.0,4,1.0,1669,dual_anchor_dynamic,0.0,7.442654813909597,3.2179021178025504,3.2179021178025504,0.607218635588899,0.4323594467646954,1.0,0.5,1.5765023823749371,1.2023077813486007,0.7626425400876163,0.607218635588899,3,"[[2, 4], [3, 4], [2, 4], [3, 4]]","[true, true, true, true, true]",0,4.0,0,1,1,[],[],[],[],nan,[],nan,nan,nan,0.2927612500000123
s_curve--demand_conflict,s_curve,demand_conflict,n0_d1_m0,factorial_combination,1.0,0.0,4,1.0,1669,fixed_delay_dual_anchor,1.0,7.442654813909597,2.6163229295991086,2.6163229295991086,0.5892149104170091,0.3515308710420717,1.0,0.5,1.5765023823749371,0.9828465579594026,0.6234348700943819,0.5892149104170091,1,"[[2, 4], [2, 4], [2, 4], [3, 4]]","[true, true, true, true, true]",0,4.0,0,1,1,"[[5, 8], [5, 8], [5, 8], [5, 8], [5, 8]]","[[7, 10], [7, 10], [7, 10], [7, 10], [7, 10]]","[[2, 2], [2, 2], [2, 2], [2, 2], [2, 2]]","[[4.0, 4.0], [4.0, 4.0], [4.0, 4.0], [4.0, 4.0], [4.0, 4.0]]",6.5,"[5.0, 8.0]",7.0,0.5,0.9927810986977877,0.4111004590000107
s_curve--demand_conflict,s_curve,demand_conflict,n0_d1_m0,factorial_combination,1.0,0.0,4,1.0,1669,delay_aware_dual_anchor,0.25,7.442654813909597,2.7055122875628443,2.7055122875628443,0.5512623811187097,0.36351441188787975,1.0,0.16666666666666666,1.5765023823749371,1.0299033340454995,0.6532837156224222,0.5512623811187097,2,"[[2, 4], [3, 4], [2, 4], [2, 4]]","[true, true, true, true, true]",0,4.0,0,1,1,"[[5, 8], [5, 8], [5, 8], [5, 8], [5, 8]]","[[7, 10], [7, 10], [7, 10], [7, 10], [7, 10]]","[[2, 2], [2, 2], [2, 2], [2, 2], [2, 2]]","[[1.25, 2.0], [1.25, 2.0], [1.25, 2.0], [1.25, 2.0], [1.25, 2.0]]",6.5,"[5.0, 8.0]",7.0,0.5,0.9919711226573534,0.35274837500003287
harmonic_loop--neutral,harmonic_loop,neutral,n1_d1_m1,factorial_combination,3.0,0.05,4,1.7,1601,full_trajectory,0.0,17.64451370400092,10.966576539140846,10.966576539140846,0.7086491947347215,0.6215289762649654,0.8333333333333334,0.8333333333333334,2.62839106376191,1.7966060022869166,0.6835383162943443,0.70734077242539,0,"[[0, 1, 2, 3, 4, 5], [0, 1, 2, 3, 4, 5], [0, 1, 2, 3, 4, 5], [0, 1, 2, 3, 4, 5]]","[true, true, true, true, true]",0,0.0,0,1,1,[],[],[],[],nan,[],nan,nan,nan,0.37329629200002046
harmonic_loop--neutral,harmonic_loop,neutral,n1_d1_m1,factorial_combination,3.0,0.05,4,1.7,1601,error_peak_dynamic,0.0,17.64451370400092,10.863081401990122,10.863081401990122,0.7055901310952756,0.6156634058736853,0.8333333333333334,0.8333333333333334,2.62839106376191,1.8281276420545343,0.6955310673739732,0.7040068421137615,2,"[[2, 3], [2, 3], [3, 4], [1, 3]]","[true, true, true, true, true]",0,0.0,0,1,1,[],[],[],[],nan,[],nan,nan,nan,0.3411819169999717
harmonic_loop--neutral,harmonic_loop,neutral,n1_d1_m1,factorial_combination,3.0,0.05,4,1.7,1601,dual_anchor_dynamic,0.0,17.64451370400092,10.831759565993623,10.863081401990122,0.7055901310952756,0.6138882458141935,0.8333333333333334,0.8333333333333334,2.62839106376191,1.8537083221466741,0.7052635156556711,0.7040068421137615,2,"[[2, 3], [2, 3], [3, 4], [1, 3]]","[true, true, true, true, false]",1,2.0,0,1,1,[],[],[],[],nan,[],nan,nan,nan,0.3669445000000451
harmonic_loop--neutral,harmonic_loop,neutral,n1_d1_m1,factorial_combination,3.0,0.05,4,1.7,1601,fixed_delay_dual_anchor,1.0,17.64451370400092,8.556874903206486,8.556874903206486,0.6395017181138665,0.484959520378632,0.8333333333333334,0.6666666666666666,2.62839106376191,1.6113155335877087,0.6130425399032889,0.637525259482524,3,"[[2, 3], [1, 3], [2, 3], [3, 4]]","[true, true, true, true, true]",0,4.0,0,1,1,"[[6, 9], [6, 9], [6, 9], [6, 9], [6, 9]]","[[8, 11], [8, 11], [8, 11], [8, 11], [8, 11]]","[[2, 2], [2, 2], [2, 2], [2, 2], [2, 2]]","[[4.0, 4.0], [4.0, 4.0], [4.0, 4.0], [4.0, 4.0], [4.0, 4.0]]",7.5,"[6.0, 9.0]",8.0,1.5,0.996452471038944,0.4240758330000176
harmonic_loop--neutral,harmonic_loop,neutral,n1_d1_m1,factorial_combination,3.0,0.05,4,1.7,1601,delay_aware_dual_anchor,0.25,17.64451370400092,9.778751280268395,9.916554382912791,0.6496507958680395,0.5542091691680371,0.8333333333333334,0.6666666666666666,2.62839106376191,1.680447792623484,0.6393446606146678,0.6477920479545669,2,"[[2, 3], [3, 4], [2, 3], [2, 3]]","[true, true, true, false, false]",2,1.0,0,1,1,"[[6, 9], [6, 9], [6, 9], [6, 9], [6, 9]]","[[8, 11], [8, 11], [8, 11], [8, 11], [8, 11]]","[[2, 2], [2, 2], [2, 2], [2, 2], [2, 2]]","[[1.5, 2.25], [1.5, 2.25], [1.5, 2.25], [1.5, 2.25], [1.5, 2.25]]",7.5,"[6.0, 9.0]",8.0,1.5,0.9964908560906844,0.3978850830000056
harmonic_loop--neutral,harmonic_loop,neutral,n1_d1_m1,factorial_combination,3.0,0.05,4,1.7,1627,full_trajectory,0.0,18.41659052899204,12.33785000884961,12.33785000884961,0.7426763649190662,0.6699312768792322,0.6666666666666666,0.8333333333333334,2.5421295926373495,1.6949356633609158,0.6667384968374068,0.7433243795043625,0,"[[0, 1, 2, 3, 4, 5], [0, 1, 2, 3, 4, 5], [0, 1, 2, 3, 4, 5], [0, 1, 2, 3, 4, 5]]","[true, true, true, true, true]",0,0.0,0,1,1,[],[],[],[],nan,[],nan,nan,nan,0.3476663330000065
harmonic_loop--neutral,harmonic_loop,neutral,n1_d1_m1,factorial_combination,3.0,0.05,4,1.7,1627,error_peak_dynamic,0.0,18.41659052899204,12.66304367166832,12.66304367166832,0.7384645330593478,0.6875889243306851,0.6666666666666666,0.6666666666666666,2.5421295926373495,1.8227037292086181,0.716998745653105,0.7391250973637631,1,"[[2, 3], [1, 3], [1, 3], [1, 3]]","[true, true, true, true, true]",0,0.0,0,1,1,[],[],[],[],nan,[],nan,nan,nan,0.337427708000007
harmonic_loop--neutral,harmonic_loop,neutral,n1_d1_m1,factorial_combination,3.0,0.05,4,1.7,1627,dual_anchor_dynamic,0.0,18.41659052899204,12.514269605818848,12.735626300042384,0.7389571773700564,0.6795106611138717,0.6666666666666666,0.6666666666666666,2.5421295926373495,1.8436919355554549,0.7252548968767183,0.7396077339319749,1,"[[2, 3], [1, 3], [1, 3], [1, 3]]","[true, true, true, false, false]",2,1.0,0,1,1,[],[],[],[],nan,[],nan,nan,nan,0.4027874170000132
harmonic_loop--neutral,harmonic_loop,neutral,n1_d1_m1,factorial_combination,3.0,0.05,4,1.7,1627,fixed_delay_dual_anchor,1.0,18.41659052899204,10.514322284995481,10.532812561496087,0.6597468689777235,0.5709157875038525,0.6666666666666666,0.6666666666666666,2.5421295926373495,1.5573463393473812,0.6126148501075045,0.6601512358408943,3,"[[2, 3], [1, 3], [2, 3], [1, 3]]","[true, true, true, true, false]",1,2.0,0,1,1,"[[4, 8], [4, 8], [4, 8], [4, 8], [4, 8]]","[[6, 10], [6, 10], [6, 10], [6, 10], [6, 10]]","[[2, 2], [2, 2], [2, 2], [2, 2], [2, 2]]","[[4.0, 4.0], [4.0, 4.0], [4.0, 4.0], [4.0, 4.0], [4.0, 4.0]]",6.0,"[4.0, 8.0]",6.0,1.0,0.9904649647657788,0.48217725000000655
harmonic_loop--neutral,harmonic_loop,neutral,n1_d1_m1,factorial_combination,3.0,0.05,4,1.7,1627,delay_aware_dual_anchor,0.25,18.41659052899204,10.629775545765735,10.629775545765735,0.690208911208473,0.577184768756843,0.6666666666666666,0.8333333333333334,2.5421295926373495,1.5503414569631657,0.6098593326844339,0.6907399625643473,3,"[[2, 3], [1, 3], [2, 3], [3, 4]]","[true, true, true, true, true]",0,4.0,0,1,1,"[[4, 8], [4, 8], [4, 8], [4, 8], [4, 8]]","[[6, 10], [6, 10], [6, 10], [6, 10], [6, 10]]","[[2, 2], [2, 2], [2, 2], [2, 2], [2, 2]]","[[1.0, 2.0], [1.0, 2.0], [1.0, 2.0], [1.0, 2.0], [1.0, 2.0]]",6.0,"[4.0, 8.0]",6.0,1.0,0.9903730601383761,0.35546916700002384
harmonic_loop--neutral,harmonic_loop,neutral,n1_d1_m1,factorial_combination,3.0,0.05,4,1.7,1657,full_trajectory,0.0,21.32534426134975,15.570212297839706,15.570212297839706,0.7815280630975996,0.7301271251249765,0.8333333333333334,0.8333333333333334,3.2232035401205597,2.158983234185759,0.6698252863376432,0.7789197970619659,0,"[[0, 1, 2, 3, 4, 5], [0, 1, 2, 3, 4, 5], [0, 1, 2, 3, 4, 5], [0, 1, 2, 3, 4, 5]]","[true, true, true, true, true]",0,0.0,0,1,1,[],[],[],[],nan,[],nan,nan,nan,0.3768260839999584
harmonic_loop--neutral,harmonic_loop,neutral,n1_d1_m1,factorial_combination,3.0,0.05,4,1.7,1657,error_peak_dynamic,0.0,21.32534426134975,15.364331014184572,15.364331014184572,0.7803610863030652,0.7204728245363442,0.8333333333333334,0.8333333333333334,3.2232035401205597,2.22721306700269,0.6909936152897698,0.7781202206433626,2,"[[2, 3], [2, 3], [3, 4], [2, 3]]","[true, true, true, true, true]",0,0.0,0,1,1,[],[],[],[],nan,[],nan,nan,nan,0.45159487500001205
harmonic_loop--neutral,harmonic_loop,neutral,n1_d1_m1,factorial_combination,3.0,0.05,4,1.7,1657,dual_anchor_dynamic,0.0,21.32534426134975,15.205259271289414,15.364331014184572,0.7803610863030652,0.7130135431786472,0.8333333333333334,0.8333333333333334,3.2232035401205597,2.2531655843474905,0.6990453926664568,0.7781202206433626,2,"[[2, 3], [2, 3], [3, 4], [2, 3]]","[true, true, true, true, false]",1,2.0,0,1,1,[],[],[],[],nan,[],nan,nan,nan,0.45368150000001606
harmonic_loop--neutral,harmonic_loop,neutral,n1_d1_m1,factorial_combination,3.0,0.05,4,1.7,1657,fixed_delay_dual_anchor,1.0,21.32534426134975,12.509750060126306,12.509750060126306,0.722147881609271,0.5866142139050525,0.8333333333333334,0.8333333333333334,3.2232035401205597,1.838622943417953,0.5704333966291132,0.7202279673453391,3,"[[2, 3], [1, 3], [2, 3], [3, 4]]","[true, true, true, true, true]",0,4.0,0,1,1,"[[8, 9], [8, 9], [8, 9], [8, 9], [8, 9]]","[[10, 11], [10, 11], [10, 11], [10, 11], [10, 11]]","[[2, 2], [2, 2], [2, 2], [2, 2], [2, 2]]","[[4.0, 4.0], [4.0, 4.0], [4.0, 4.0], [4.0, 4.0], [4.0, 4.0]]",8.5,"[8.0, 9.0]",8.5,0.0,0.9980189325508655,0.44241537499999595
harmonic_loop--neutral,harmonic_loop,neutral,n1_d1_m1,factorial_combination,3.0,0.05,4,1.7,1657,delay_aware_dual_anchor,0.25,21.32534426134975,14.135428761748127,14.542652113171,0.740548272336577,0.6628464510824947,0.8333333333333334,0.8333333333333334,3.2232035401205597,2.0417581794600776,0.6334561730419632,0.7383924141690623,2,"[[2, 3], [3, 4], [1, 3], [1, 3]]","[true, true, true, false, false]",2,1.0,0,1,1,"[[8, 9], [8, 9], [8, 9], [8, 9], [8, 9]]","[[10, 11], [10, 11], [10, 11], [10, 11], [10, 11]]","[[2, 2], [2, 2], [2, 2], [2, 2], [2, 2]]","[[2.0, 2.25], [2.0, 2.25], [2.0, 2.25], [2.0, 2.25], [2.0, 2.25]]",8.5,"[8.0, 9.0]",8.5,0.0,0.9979444813664986,0.45175883399997474
harmonic_loop--neutral,harmonic_loop,neutral,n1_d1_m1,factorial_combination,3.0,0.05,4,1.7,1669,full_trajectory,0.0,17.285543810529834,10.765189860620836,10.765189860620836,0.7069830459976344,0.6227857207514065,0.6666666666666666,0.6666666666666666,2.428697124085652,1.6081764599153774,0.6621560358296296,0.7083945726686933,0,"[[0, 1, 2, 3, 4, 5], [0, 1, 2, 3, 4, 5], [0, 1, 2, 3, 4, 5], [0, 1, 2, 3, 4, 5]]","[true, true, true, true, true]",0,0.0,0,1,1,[],[],[],[],nan,[],nan,nan,nan,0.3491122080000082
harmonic_loop--neutral,harmonic_loop,neutral,n1_d1_m1,factorial_combination,3.0,0.05,4,1.7,1669,error_peak_dynamic,0.0,17.285543810529834,10.752562632232422,10.752562632232422,0.6914591698464108,0.6220552127311311,0.6666666666666666,0.8333333333333334,2.428697124085652,1.688978103054583,0.6954255787207076,0.6923539411300033,2,"[[2, 3], [2, 3], [3, 4], [1, 3]]","[true, true, true, true, true]",0,0.0,0,1,1,[],[],[],[],nan,[],nan,nan,nan,0.28858945899997934
harmonic_loop--neutral,harmonic_loop,neutral,n1_d1_m1,factorial_combination,3.0,0.05,4,1.7,1669,dual_anchor_dynamic,0.0,17.285543810529834,10.11445683982133,10.752562632232422,0.6914591698464108,0.5851396375310973,0.6666666666666666,0.8333333333333334,2.428697124085652,1.674041315334912,0.6892754550302972,0.6923539411300033,2,"[[2, 3], [2, 3], [3, 4], [1, 3]]","[true, true, true, true, false]",1,2.0,0,1,1,[],[],[],[],nan,[],nan,nan,nan,0.295319749999976
harmonic_loop--neutral,harmonic_loop,neutral,n1_d1_m1,factorial_combination,3.0,0.05,4,1.7,1669,fixed_delay_dual_anchor,1.0,17.285543810529834,8.402202666128598,8.402202666128598,0.63059876827904,0.4860826340337773,0.6666666666666666,0.6666666666666666,2.428697124085652,1.4296379006740656,0.5886439632575803,0.6314724401080333,3,"[[2, 3], [1, 3], [2, 3], [3, 4]]","[true, true, true, true, true]",0,4.0,0,1,1,"[[5, 8], [5, 8], [5, 8], [5, 8], [5, 8]]","[[7, 10], [7, 10], [7, 10], [7, 10], [7, 10]]","[[2, 2], [2, 2], [2, 2], [2, 2], [2, 2]]","[[4.0, 4.0], [4.0, 4.0], [4.0, 4.0], [4.0, 4.0], [4.0, 4.0]]",6.5,"[5.0, 8.0]",7.0,0.5,0.9933381859323305,0.562140166000006
harmonic_loop--neutral,harmonic_loop,neutral,n1_d1_m1,factorial_combination,3.0,0.05,4,1.7,1669,delay_aware_dual_anchor,0.25,17.285543810529834,9.477627848032547,9.965676521699152,0.6597130553986348,0.5482979275583486,0.6666666666666666,0.8333333333333334,2.428697124085652,1.5052585870684834,0.6197802814277132,0.6605971831367351,3,"[[2, 3], [1, 3], [3, 4], [1, 3]]","[true, true, true, true, false]",1,2.0,0,1,1,"[[5, 8], [5, 8], [5, 8], [5, 8], [5, 8]]","[[7, 10], [7, 10], [7, 10], [7, 10], [7, 10]]","[[2, 2], [2, 2], [2, 2], [2, 2], [2, 2]]","[[1.25, 2.0], [1.25, 2.0], [1.25, 2.0], [1.25, 2.0], [1.25, 2.0]]",6.5,"[5.0, 8.0]",7.0,0.5,0.993360655475319,0.36268624999996746
harmonic_loop--demand_aligned,harmonic_loop,demand_aligned,n1_d1_m1,factorial_combination,3.0,0.05,4,1.7,1601,full_trajectory,0.0,29.31444242458243,17.34604820573066,17.34604820573066,0.6901332245185119,0.5917236273675346,0.8333333333333334,0.6666666666666666,2.62839106376191,1.7944667443226607,0.6827244123080806,0.6906999804213376,0,"[[0, 1, 2, 3, 4, 5], [0, 1, 2, 3, 4, 5], [0, 1, 2, 3, 4, 5], [0, 1, 2, 3, 4, 5]]","[true, true, true, true, true]",0,0.0,0,1,1,[],[],[],[],nan,[],nan,nan,nan,0.351297250000016
harmonic_loop--demand_aligned,harmonic_loop,demand_aligned,n1_d1_m1,factorial_combination,3.0,0.05,4,1.7,1601,error_peak_dynamic,0.0,29.31444242458243,14.558575254510737,14.558575254510737,0.6330263470030767,0.4966349024705394,0.8333333333333334,0.6666666666666666,2.62839106376191,1.9630860801070684,0.7468774746545449,0.6334905975550243,3,"[[2, 3], [1, 3], [2, 3], [1, 3]]","[true, true, true, true, true]",0,0.0,0,1,1,[],[],[],[],nan,[],nan,nan,nan,0.2961133339999833
harmonic_loop--demand_aligned,harmonic_loop,demand_aligned,n1_d1_m1,factorial_combination,3.0,0.05,4,1.7,1601,dual_anchor_dynamic,0.0,29.31444242458243,17.874384560317733,17.874384560317733,0.7040157180609008,0.6097467010093521,0.8333333333333334,0.8333333333333334,2.62839106376191,1.8262175578751407,0.6948043550495675,0.7048906100701586,2,"[[2, 3], [2, 3], [3, 4], [1, 3]]","[true, true, true, true, true]",0,4.0,0,1,1,[],[],[],[],nan,[],nan,nan,nan,0.3619727500000067
harmonic_loop--demand_aligned,harmonic_loop,demand_aligned,n1_d1_m1,factorial_combination,3.0,0.05,4,1.7,1601,fixed_delay_dual_anchor,1.0,29.31444242458243,13.844740335899738,13.844740335899738,0.6219668791381879,0.4722839389327716,0.8333333333333334,0.6666666666666666,2.62839106376191,1.6095779832149975,0.6123814699443063,0.6224482811775152,3,"[[2, 3], [1, 3], [2, 3], [3, 4]]","[true, true, true, true, true]",0,4.0,0,1,1,"[[6, 9], [6, 9], [6, 9], [6, 9], [6, 9]]","[[8, 11], [8, 11], [8, 11], [8, 11], [8, 11]]","[[2, 2], [2, 2], [2, 2], [2, 2], [2, 2]]","[[4.0, 4.0], [4.0, 4.0], [4.0, 4.0], [4.0, 4.0], [4.0, 4.0]]",7.5,"[6.0, 9.0]",8.0,1.5,0.9964316114958265,0.43653179200003933
harmonic_loop--demand_aligned,harmonic_loop,demand_aligned,n1_d1_m1,factorial_combination,3.0,0.05,4,1.7,1601,delay_aware_dual_anchor,0.25,29.31444242458243,16.036877958322545,16.24241114149919,0.643817201126871,0.5470640623501807,0.8333333333333334,0.6666666666666666,2.62839106376191,1.6806739318781776,0.639430697756481,0.6443164318011613,2,"[[2, 3], [3, 4], [2, 3], [2, 3]]","[true, true, true, false, false]",2,1.0,0,1,1,"[[6, 9], [6, 9], [6, 9], [6, 9], [6, 9]]","[[8, 11], [8, 11], [8, 11], [8, 11], [8, 11]]","[[2, 2], [2, 2], [2, 2], [2, 2], [2, 2]]","[[1.5, 2.25], [1.5, 2.25], [1.5, 2.25], [1.5, 2.25], [1.5, 2.25]]",7.5,"[6.0, 9.0]",8.0,1.5,0.9963937984528384,0.3779975840000134
harmonic_loop--demand_aligned,harmonic_loop,demand_aligned,n1_d1_m1,factorial_combination,3.0,0.05,4,1.7,1627,full_trajectory,0.0,31.130894509833603,20.247533875758094,20.247533875758094,0.7302471633282225,0.6504000027805921,0.6666666666666666,0.6666666666666666,2.5421295926373495,1.695772799309296,0.6670678018228036,0.7305893482634851,0,"[[0, 1, 2, 3, 4, 5], [0, 1, 2, 3, 4, 5], [0, 1, 2, 3, 4, 5], [0, 1, 2, 3, 4, 5]]","[true, true, true, true, true]",0,0.0,0,1,1,[],[],[],[],nan,[],nan,nan,nan,0.33646395799996753
harmonic_loop--demand_aligned,harmonic_loop,demand_aligned,n1_d1_m1,factorial_combination,3.0,0.05,4,1.7,1627,error_peak_dynamic,0.0,31.130894509833603,16.172726302310576,16.172726302310576,0.6418355136113011,0.5195072790857952,0.6666666666666666,0.6666666666666666,2.5421295926373495,1.9352834152740042,0.7612843266838459,0.6421937995770848,2,"[[2, 3], [1, 3], [1, 3], [2, 3]]","[true, true, true, true, true]",0,0.0,0,1,1,[],[],[],[],nan,[],nan,nan,nan,0.29150637500003995
harmonic_loop--demand_aligned,harmonic_loop,demand_aligned,n1_d1_m1,factorial_combination,3.0,0.05,4,1.7,1627,dual_anchor_dynamic,0.0,31.130894509833603,21.06134745554403,21.38731867195465,0.7364110308564555,0.6765416730602196,0.6666666666666666,0.6666666666666666,2.5421295926373495,1.8445578681160448,0.7255955296135772,0.7367212025443346,1,"[[2, 3], [1, 3], [1, 3], [1, 3]]","[true, true, true, false, false]",2,1.0,0,1,1,[],[],[],[],nan,[],nan,nan,nan,0.34573408400001426
harmonic_loop--demand_aligned,harmonic_loop,demand_aligned,n1_d1_m1,factorial_combination,3.0,0.05,4,1.7,1627,fixed_delay_dual_anchor,1.0,31.130894509833603,16.11656761345752,16.11656761345752,0.6417984093665816,0.5177033254976541,0.6666666666666666,0.6666666666666666,2.5421295926373495,1.4942677467062029,0.5878015625300852,0.6418889346342709,3,"[[2, 3], [1, 3], [2, 3], [3, 4]]","[true, true, true, true, true]",0,4.0,0,1,1,"[[4, 8], [4, 8], [4, 8], [4, 8], [4, 8]]","[[6, 10], [6, 10], [6, 10], [6, 10], [6, 10]]","[[2, 2], [2, 2], [2, 2], [2, 2], [2, 2]]","[[4.0, 4.0], [4.0, 4.0], [4.0, 4.0], [4.0, 4.0], [4.0, 4.0]]",6.0,"[4.0, 8.0]",6.0,1.0,0.990542775363011,0.40035491699995873
harmonic_loop--demand_aligned,harmonic_loop,demand_aligned,n1_d1_m1,factorial_combination,3.0,0.05,4,1.7,1627,delay_aware_dual_anchor,0.25,31.130894509833603,17.8360800429109,17.8360800429109,0.6848985129481068,0.5729382442665389,0.6666666666666666,0.6666666666666666,2.5421295926373495,1.5489852714914776,0.6093258486812517,0.6850243633904182,3,"[[2, 3], [1, 3], [2, 3], [3, 4]]","[true, true, true, true, true]",0,4.0,0,1,1,"[[4, 8], [4, 8], [4, 8], [4, 8], [4, 8]]","[[6, 10], [6, 10], [6, 10], [6, 10], [6, 10]]","[[2, 2], [2, 2], [2, 2], [2, 2], [2, 2]]","[[1.0, 2.0], [1.0, 2.0], [1.0, 2.0], [1.0, 2.0], [1.0, 2.0]]",6.0,"[4.0, 8.0]",6.0,1.0,0.9903692827034049,0.35752337500002795
harmonic_loop--demand_aligned,harmonic_loop,demand_aligned,n1_d1_m1,factorial_combination,3.0,0.05,4,1.7,1657,full_trajectory,0.0,35.46309281860596,25.53391252184435,25.53391252184435,0.7785237705228588,0.7200136957160095,0.8333333333333334,0.8333333333333334,3.2232035401205597,2.1548439749983266,0.6685410797599607,0.7817093963892772,0,"[[0, 1, 2, 3, 4, 5], [0, 1, 2, 3, 4, 5], [0, 1, 2, 3, 4, 5], [0, 1, 2, 3, 4, 5]]","[true, true, true, true, true]",0,0.0,0,1,1,[],[],[],[],nan,[],nan,nan,nan,0.38114570800001957
harmonic_loop--demand_aligned,harmonic_loop,demand_aligned,n1_d1_m1,factorial_combination,3.0,0.05,4,1.7,1657,error_peak_dynamic,0.0,35.46309281860596,20.01466511987799,20.01466511987799,0.6973608557650042,0.5643801352085444,0.8333333333333334,0.8333333333333334,3.2232035401205597,2.256150393861255,0.6999714308382978,0.7001114985163438,3,"[[2, 3], [1, 3], [2, 3], [1, 3]]","[true, true, true, true, true]",0,0.0,0,1,1,[],[],[],[],nan,[],nan,nan,nan,0.376199999999983
harmonic_loop--demand_aligned,harmonic_loop,demand_aligned,n1_d1_m1,factorial_combination,3.0,0.05,4,1.7,1657,dual_anchor_dynamic,0.0,35.46309281860596,25.463600230788387,25.774731649084494,0.7848820191784757,0.7180310065180985,0.8333333333333334,0.8333333333333334,3.2232035401205597,2.252542734407726,0.6988521532597574,0.7881325232445611,2,"[[2, 3], [2, 3], [3, 4], [2, 3]]","[true, true, true, true, false]",1,2.0,0,1,1,[],[],[],[],nan,[],nan,nan,nan,0.4870396660000438
harmonic_loop--demand_aligned,harmonic_loop,demand_aligned,n1_d1_m1,factorial_combination,3.0,0.05,4,1.7,1657,fixed_delay_dual_anchor,1.0,35.46309281860596,20.814461301576294,20.814461301576294,0.7186748360877451,0.5869330520054314,0.8333333333333334,0.8333333333333334,3.2232035401205597,1.840437255309953,0.5709962875137305,0.7215814786536763,3,"[[2, 3], [1, 3], [2, 3], [3, 4]]","[true, true, true, true, true]",0,4.0,0,1,1,"[[8, 9], [8, 9], [8, 9], [8, 9], [8, 9]]","[[10, 11], [10, 11], [10, 11], [10, 11], [10, 11]]","[[2, 2], [2, 2], [2, 2], [2, 2], [2, 2]]","[[4.0, 4.0], [4.0, 4.0], [4.0, 4.0], [4.0, 4.0], [4.0, 4.0]]",8.5,"[8.0, 9.0]",8.5,0.0,0.9980758198837272,0.4333096249999926
harmonic_loop--demand_aligned,harmonic_loop,demand_aligned,n1_d1_m1,factorial_combination,3.0,0.05,4,1.7,1657,delay_aware_dual_anchor,0.25,35.46309281860596,23.572971274105534,24.25986422051362,0.7423759902779125,0.6647184269765047,0.8333333333333334,0.6666666666666666,3.2232035401205597,2.0422593820102097,0.6336116713044506,0.745418248641661,2,"[[2, 3], [3, 4], [1, 3], [1, 3]]","[true, true, true, false, false]",2,1.0,0,1,1,"[[8, 9], [8, 9], [8, 9], [8, 9], [8, 9]]","[[10, 11], [10, 11], [10, 11], [10, 11], [10, 11]]","[[2, 2], [2, 2], [2, 2], [2, 2], [2, 2]]","[[2.0, 2.25], [2.0, 2.25], [2.0, 2.25], [2.0, 2.25], [2.0, 2.25]]",8.5,"[8.0, 9.0]",8.5,0.0,0.9980238281804591,0.4735912090000056
harmonic_loop--demand_aligned,harmonic_loop,demand_aligned,n1_d1_m1,factorial_combination,3.0,0.05,4,1.7,1669,full_trajectory,0.0,29.087528878356963,17.350087980498984,17.350087980498984,0.6904025532063456,0.5964785820430621,0.6666666666666666,0.6666666666666666,2.428697124085652,1.60842546053369,0.6622585601896428,0.6898737574326805,0,"[[0, 1, 2, 3, 4, 5], [0, 1, 2, 3, 4, 5], [0, 1, 2, 3, 4, 5], [0, 1, 2, 3, 4, 5]]","[true, true, true, true, true]",0,0.0,0,1,1,[],[],[],[],nan,[],nan,nan,nan,0.3550712499999804
harmonic_loop--demand_aligned,harmonic_loop,demand_aligned,n1_d1_m1,factorial_combination,3.0,0.05,4,1.7,1669,error_peak_dynamic,0.0,29.087528878356963,14.545354307260958,14.545354307260958,0.6235314924894788,0.5000546580663185,0.6666666666666666,0.6666666666666666,2.428697124085652,1.8253577162039603,0.7515789836870519,0.6227932005759937,2,"[[2, 3], [1, 3], [1, 3], [2, 3]]","[true, true, true, true, true]",0,0.0,0,1,1,[],[],[],[],nan,[],nan,nan,nan,0.4419187919999672
harmonic_loop--demand_aligned,harmonic_loop,demand_aligned,n1_d1_m1,factorial_combination,3.0,0.05,4,1.7,1669,dual_anchor_dynamic,0.0,29.087528878356963,18.301263243709066,18.301263243709066,0.7067315600478354,0.6291790313382863,0.6666666666666666,0.6666666666666666,2.428697124085652,1.699342958787017,0.6996932396116622,0.7057400552716173,1,"[[2, 3], [2, 3], [1, 3], [1, 3]]","[true, true, true, true, true]",0,4.0,0,1,1,[],[],[],[],nan,[],nan,nan,nan,0.31778424999998833
harmonic_loop--demand_aligned,harmonic_loop,demand_aligned,n1_d1_m1,factorial_combination,3.0,0.05,4,1.7,1669,fixed_delay_dual_anchor,1.0,29.087528878356963,13.748162726998705,13.748162726998705,0.6147020134239886,0.47264801298498216,0.6666666666666666,0.6666666666666666,2.428697124085652,1.4305289957077116,0.589010865752259,0.6140095601339437,3,"[[2, 3], [1, 3], [2, 3], [3, 4]]","[true, true, true, true, true]",0,4.0,0,1,1,"[[5, 8], [5, 8], [5, 8], [5, 8], [5, 8]]","[[7, 10], [7, 10], [7, 10], [7, 10], [7, 10]]","[[2, 2], [2, 2], [2, 2], [2, 2], [2, 2]]","[[4.0, 4.0], [4.0, 4.0], [4.0, 4.0], [4.0, 4.0], [4.0, 4.0]]",6.5,"[5.0, 8.0]",7.0,0.5,0.9933586030393129,0.4272651249999626
harmonic_loop--demand_aligned,harmonic_loop,demand_aligned,n1_d1_m1,factorial_combination,3.0,0.05,4,1.7,1669,delay_aware_dual_anchor,0.25,29.087528878356963,15.29114153323752,15.914609837839958,0.6428821900188331,0.525694073126134,0.6666666666666666,0.6666666666666666,2.428697124085652,1.483672768615634,0.6108924632478421,0.6420984642524302,2,"[[2, 3], [2, 3], [3, 4], [1, 3]]","[true, true, true, true, false]",1,2.0,0,1,1,"[[5, 8], [5, 8], [5, 8], [5, 8], [5, 8]]","[[7, 10], [7, 10], [7, 10], [7, 10], [7, 10]]","[[2, 2], [2, 2], [2, 2], [2, 2], [2, 2]]","[[1.25, 2.0], [1.25, 2.0], [1.25, 2.0], [1.25, 2.0], [1.25, 2.0]]",6.5,"[5.0, 8.0]",7.0,0.5,0.9932886893287145,0.42939370900000995
harmonic_loop--demand_conflict,harmonic_loop,demand_conflict,n1_d1_m1,factorial_combination,3.0,0.05,4,1.7,1601,full_trajectory,0.0,9.923360117896177,9.821142147087413,9.821142147087413,0.9252313116163389,0.9896992581550658,1.0,1.0,2.62839106376191,1.7962375346043866,0.6833981287523875,0.9250108795227319,0,"[[0, 1, 2, 3, 4, 5], [0, 1, 2, 3, 4, 5], [0, 1, 2, 3, 4, 5], [0, 1, 2, 3, 4, 5]]","[true, true, true, true, true]",0,0.0,0,1,1,[],[],[],[],nan,[],nan,nan,nan,0.35806433400000515
harmonic_loop--demand_conflict,harmonic_loop,demand_conflict,n1_d1_m1,factorial_combination,3.0,0.05,4,1.7,1601,error_peak_dynamic,0.0,9.923360117896177,6.188601764112126,6.188601764112126,0.7170063431225759,0.6236397440571927,1.0,1.0,2.62839106376191,1.8140016305378268,0.690156672478379,0.7168989837558429,2,"[[2, 3], [2, 3], [3, 4], [2, 3]]","[true, true, true, true, true]",0,0.0,0,1,1,[],[],[],[],nan,[],nan,nan,nan,0.30315237499996783
harmonic_loop--demand_conflict,harmonic_loop,demand_conflict,n1_d1_m1,factorial_combination,3.0,0.05,4,1.7,1601,dual_anchor_dynamic,0.0,9.923360117896177,6.220211869408285,6.451356464944283,0.721155064881237,0.6268251676355583,1.0,1.0,2.62839106376191,1.853295868486426,0.7051065931695409,0.7220772788981861,2,"[[2, 3], [2, 3], [3, 4], [1, 3]]","[true, true, true, true, false]",1,2.0,0,1,1,[],[],[],[],nan,[],nan,nan,nan,0.34088737500002253
harmonic_loop--demand_conflict,harmonic_loop,demand_conflict,n1_d1_m1,factorial_combination,3.0,0.05,4,1.7,1601,fixed_delay_dual_anchor,1.0,9.923360117896177,4.989107136706621,6.760946869361358,0.67515549528792,0.5027638901977435,1.0,0.6666666666666666,2.62839106376191,1.605336154872056,0.6107676201631895,0.675845661202355,2,"[[2, 3], [3, 4], [3, 4], [1, 3]]","[true, true, true, true, false]",1,2.0,0,1,1,"[[6, 9], [6, 9], [6, 9], [6, 9], [6, 9]]","[[8, 11], [8, 11], [8, 11], [8, 11], [8, 11]]","[[2, 2], [2, 2], [2, 2], [2, 2], [2, 2]]","[[4.0, 4.0], [4.0, 4.0], [4.0, 4.0], [4.0, 4.0], [4.0, 4.0]]",7.5,"[6.0, 9.0]",8.0,1.5,0.9965501228705438,0.4218751249999855
harmonic_loop--demand_conflict,harmonic_loop,demand_conflict,n1_d1_m1,factorial_combination,3.0,0.05,4,1.7,1601,delay_aware_dual_anchor,0.25,9.923360117896177,5.117065082096885,5.819668596384519,0.6600766639043559,0.5156585089428095,1.0,0.8333333333333334,2.62839106376191,1.6625969344130507,0.6325531072356648,0.6607508195954648,2,"[[2, 3], [3, 4], [3, 4], [2, 3]]","[true, true, true, true, false]",1,2.0,0,1,1,"[[6, 9], [6, 9], [6, 9], [6, 9], [6, 9]]","[[8, 11], [8, 11], [8, 11], [8, 11], [8, 11]]","[[2, 2], [2, 2], [2, 2], [2, 2], [2, 2]]","[[1.5, 2.25], [1.5, 2.25], [1.5, 2.25], [1.5, 2.25], [1.5, 2.25]]",7.5,"[6.0, 9.0]",8.0,1.5,0.9964522779687779,0.4917738329999679
harmonic_loop--demand_conflict,harmonic_loop,demand_conflict,n1_d1_m1,factorial_combination,3.0,0.05,4,1.7,1627,full_trajectory,0.0,9.995741453049263,7.844556344246008,7.844556344246008,0.7909828496638166,0.7847898408629784,0.8333333333333334,0.8333333333333334,2.5421295926373495,1.69497686023226,0.6667547024909123,0.7924879329698982,0,"[[0, 1, 2, 3, 4, 5], [0, 1, 2, 3, 4, 5], [0, 1, 2, 3, 4, 5], [0, 1, 2, 3, 4, 5]]","[true, true, true, true, true]",0,0.0,0,1,1,[],[],[],[],nan,[],nan,nan,nan,0.33130083300000024
harmonic_loop--demand_conflict,harmonic_loop,demand_conflict,n1_d1_m1,factorial_combination,3.0,0.05,4,1.7,1627,error_peak_dynamic,0.0,9.995741453049263,6.9432781389280045,6.9432781389280045,0.7529275880923313,0.694623622623804,0.8333333333333334,0.8333333333333334,2.5421295926373495,1.8065912198117253,0.7106605520993385,0.7539727590693515,1,"[[2, 3], [1, 3], [1, 3], [1, 3]]","[true, true, true, true, true]",0,0.0,0,1,1,[],[],[],[],nan,[],nan,nan,nan,0.29022237500004167
harmonic_loop--demand_conflict,harmonic_loop,demand_conflict,n1_d1_m1,factorial_combination,3.0,0.05,4,1.7,1627,dual_anchor_dynamic,0.0,9.995741453049263,6.883976737004563,7.076743681587034,0.7485731612740361,0.6886909559775141,0.8333333333333334,0.8333333333333334,2.5421295926373495,1.8434773074806694,0.7251704684213763,0.7496319124048592,1,"[[2, 3], [1, 3], [1, 3], [1, 3]]","[true, true, true, false, false]",2,1.0,0,1,1,[],[],[],[],nan,[],nan,nan,nan,0.35008308300001545
harmonic_loop--demand_conflict,harmonic_loop,demand_conflict,n1_d1_m1,factorial_combination,3.0,0.05,4,1.7,1627,fixed_delay_dual_anchor,1.0,9.995741453049263,5.618275513897874,5.842435224361479,0.6803519228842821,0.5620669102224513,0.8333333333333334,0.6666666666666666,2.5421295926373495,1.5156639697729708,0.5962182156892069,0.6820980327663642,3,"[[2, 3], [1, 3], [3, 4], [2, 3]]","[true, true, true, true, false]",1,2.0,0,1,1,"[[4, 8], [4, 8], [4, 8], [4, 8], [4, 8]]","[[6, 10], [6, 10], [6, 10], [6, 10], [6, 10]]","[[2, 2], [2, 2], [2, 2], [2, 2], [2, 2]]","[[4.0, 4.0], [4.0, 4.0], [4.0, 4.0], [4.0, 4.0], [4.0, 4.0]]",6.0,"[4.0, 8.0]",6.0,1.0,0.9904812600035211,0.39523458399997935
harmonic_loop--demand_conflict,harmonic_loop,demand_conflict,n1_d1_m1,factorial_combination,3.0,0.05,4,1.7,1627,delay_aware_dual_anchor,0.25,9.995741453049263,5.954047705161392,6.322616469915852,0.6995277226589712,0.595658434457113,0.8333333333333334,0.8333333333333334,2.5421295926373495,1.598071128871438,0.62863480032641,0.7005611957228306,3,"[[2, 3], [1, 3], [3, 4], [1, 3]]","[true, true, true, true, false]",1,2.0,0,1,1,"[[4, 8], [4, 8], [4, 8], [4, 8], [4, 8]]","[[6, 10], [6, 10], [6, 10], [6, 10], [6, 10]]","[[2, 2], [2, 2], [2, 2], [2, 2], [2, 2]]","[[1.0, 2.0], [1.0, 2.0], [1.0, 2.0], [1.0, 2.0], [1.0, 2.0]]",6.0,"[4.0, 8.0]",6.0,1.0,0.9903837932676298,0.3433839999999577
harmonic_loop--demand_conflict,harmonic_loop,demand_conflict,n1_d1_m1,factorial_combination,3.0,0.05,4,1.7,1657,full_trajectory,0.0,11.961865737521162,9.259157641322682,9.259157641322682,0.7960485581998035,0.7740563089818999,1.0,1.0,3.2232035401205597,2.1542176437578564,0.6683467602785274,0.7972659650920836,0,"[[0, 1, 2, 3, 4, 5], [0, 1, 2, 3, 4, 5], [0, 1, 2, 3, 4, 5], [0, 1, 2, 3, 4, 5]]","[true, true, true, true, true]",0,0.0,0,1,1,[],[],[],[],nan,[],nan,nan,nan,0.38300025000000915
harmonic_loop--demand_conflict,harmonic_loop,demand_conflict,n1_d1_m1,factorial_combination,3.0,0.05,4,1.7,1657,error_peak_dynamic,0.0,11.961865737521162,8.66037292873887,8.66037292873887,0.7898622067755978,0.7239985064849545,1.0,1.0,3.2232035401205597,2.2112416434533064,0.6860384756746072,0.7910117376335861,2,"[[2, 3], [2, 3], [1, 3], [2, 3]]","[true, true, true, true, true]",0,0.0,0,1,1,[],[],[],[],nan,[],nan,nan,nan,0.4287037919999648
harmonic_loop--demand_conflict,harmonic_loop,demand_conflict,n1_d1_m1,factorial_combination,3.0,0.05,4,1.7,1657,dual_anchor_dynamic,0.0,11.961865737521162,8.464199550258977,8.527292588370486,0.7769370082450494,0.7075986084435855,1.0,1.0,3.2232035401205597,2.2523765126249073,0.698800582894824,0.7778212991926117,2,"[[2, 3], [2, 3], [3, 4], [2, 3]]","[true, true, true, true, false]",1,2.0,0,1,1,[],[],[],[],nan,[],nan,nan,nan,0.4545377080000321
harmonic_loop--demand_conflict,harmonic_loop,demand_conflict,n1_d1_m1,factorial_combination,3.0,0.05,4,1.7,1657,fixed_delay_dual_anchor,1.0,11.961865737521162,8.323045835599249,8.370745538612095,0.7561563158185708,0.6957982992144852,1.0,0.6666666666666666,3.2232035401205597,2.0950786447135,0.6499988656115513,0.7590139240656748,2,"[[2, 3], [1, 3], [2, 3], [2, 3]]","[true, true, true, false, false]",2,1.0,0,1,1,"[[8, 9], [8, 9], [8, 9], [8, 9], [8, 9]]","[[10, 11], [10, 11], [10, 11], [10, 11], [10, 11]]","[[2, 2], [2, 2], [2, 2], [2, 2], [2, 2]]","[[4.0, 4.0], [4.0, 4.0], [4.0, 4.0], [4.0, 4.0], [4.0, 4.0]]",8.5,"[8.0, 9.0]",8.5,0.0,0.9980678813349183,0.45435229200001004
harmonic_loop--demand_conflict,harmonic_loop,demand_conflict,n1_d1_m1,factorial_combination,3.0,0.05,4,1.7,1657,delay_aware_dual_anchor,0.25,11.961865737521162,7.930608876831714,7.996564072878134,0.7364004786238749,0.6629909623509251,1.0,1.0,3.2232035401205597,2.0418408242943293,0.6334818136300374,0.7374360075798292,2,"[[2, 3], [3, 4], [2, 3], [2, 3]]","[true, true, true, false, false]",2,1.0,0,1,1,"[[8, 9], [8, 9], [8, 9], [8, 9], [8, 9]]","[[10, 11], [10, 11], [10, 11], [10, 11], [10, 11]]","[[2, 2], [2, 2], [2, 2], [2, 2], [2, 2]]","[[2.0, 2.25], [2.0, 2.25], [2.0, 2.25], [2.0, 2.25], [2.0, 2.25]]",8.5,"[8.0, 9.0]",8.5,0.0,0.9979938618136743,0.4376635419999957
harmonic_loop--demand_conflict,harmonic_loop,demand_conflict,n1_d1_m1,factorial_combination,3.0,0.05,4,1.7,1669,full_trajectory,0.0,9.478585127155466,8.247866133379715,8.247866133379715,0.8310443551832619,0.8701579426395792,0.8333333333333334,0.8333333333333334,2.428697124085652,1.608463633836737,0.6622742777950488,0.8304077805700294,0,"[[0, 1, 2, 3, 4, 5], [0, 1, 2, 3, 4, 5], [0, 1, 2, 3, 4, 5], [0, 1, 2, 3, 4, 5]]","[true, true, true, true, true]",0,0.0,0,1,1,[],[],[],[],nan,[],nan,nan,nan,0.34517979200001037
harmonic_loop--demand_conflict,harmonic_loop,demand_conflict,n1_d1_m1,factorial_combination,3.0,0.05,4,1.7,1669,error_peak_dynamic,0.0,9.478585127155466,5.83823011674378,5.83823011674378,0.7192969038545043,0.6159389865073501,0.8333333333333334,0.8333333333333334,2.428697124085652,1.651883663957676,0.6801521884206009,0.7196849919217045,2,"[[2, 3], [2, 3], [1, 3], [3, 4]]","[true, true, true, true, true]",0,0.0,0,1,1,[],[],[],[],nan,[],nan,nan,nan,0.2751024579999921
harmonic_loop--demand_conflict,harmonic_loop,demand_conflict,n1_d1_m1,factorial_combination,3.0,0.05,4,1.7,1669,dual_anchor_dynamic,0.0,9.478585127155466,6.241237918471011,6.34616307813558,0.7231337063732199,0.6584567036899118,0.8333333333333334,0.8333333333333334,2.428697124085652,1.7683602209888434,0.7281106414842031,0.723548144379377,1,"[[2, 3], [2, 3], [1, 3], [1, 3]]","[true, true, true, false, false]",2,1.0,0,1,1,[],[],[],[],nan,[],nan,nan,nan,0.3217770420000079
harmonic_loop--demand_conflict,harmonic_loop,demand_conflict,n1_d1_m1,factorial_combination,3.0,0.05,4,1.7,1669,fixed_delay_dual_anchor,1.0,9.478585127155466,6.6080481226426,6.6080481226426,0.7451629006117682,0.6971555389328115,0.8333333333333334,0.6666666666666666,2.428697124085652,1.5885094556218036,0.6540582767066274,0.745094808314483,1,"[[2, 3], [1, 3], [1, 3], [1, 3]]","[true, true, false, false, true]",2,1.15,0,1,1,"[[5, 8], [5, 8], [5, 8], [5, 8], [5, 8]]","[[7, 10], [7, 10], [7, 10], [7, 10], [7, 10]]","[[2, 2], [2, 2], [2, 2], [2, 2], [2, 2]]","[[4.0, 4.0], [4.0, 4.0], [4.0, 4.0], [4.0, 4.0], [4.0, 4.0]]",6.5,"[5.0, 8.0]",7.0,0.5,0.9933546667658086,0.3870632079999723
harmonic_loop--demand_conflict,harmonic_loop,demand_conflict,n1_d1_m1,factorial_combination,3.0,0.05,4,1.7,1669,delay_aware_dual_anchor,0.25,9.478585127155466,5.2143412015493995,5.573328017850486,0.6731564130988276,0.5501180958549063,0.8333333333333334,0.8333333333333334,2.428697124085652,1.4861653851697714,0.6119187816509966,0.6724189050946346,2,"[[2, 3], [2, 3], [3, 4], [1, 3]]","[true, true, true, true, false]",1,2.0,0,1,1,"[[5, 8], [5, 8], [5, 8], [5, 8], [5, 8]]","[[7, 10], [7, 10], [7, 10], [7, 10], [7, 10]]","[[2, 2], [2, 2], [2, 2], [2, 2], [2, 2]]","[[1.25, 2.0], [1.25, 2.0], [1.25, 2.0], [1.25, 2.0], [1.25, 2.0]]",6.5,"[5.0, 8.0]",7.0,0.5,0.9933079799584315,0.3540787910000063
ellipse--neutral,ellipse,neutral,n1_d1_m1,factorial_combination,3.0,0.05,4,1.7,1601,full_trajectory,0.0,10.790239070198101,0.6647666013482414,0.6647666013482414,0.32813314514655506,0.0616081438996362,0.8333333333333334,0.0,2.0618135149093497,0.12027622884694843,0.058335163668881335,0.3286753401877272,0,"[[0, 1, 2, 3, 4, 5], [0, 1, 2, 3, 4, 5], [0, 1, 2, 3, 4, 5], [0, 1, 2, 3, 4, 5]]","[true, true, true, true, true]",0,0.0,0,1,1,[],[],[],[],nan,[],nan,nan,nan,0.22094412499995997
ellipse--neutral,ellipse,neutral,n1_d1_m1,factorial_combination,3.0,0.05,4,1.7,1601,error_peak_dynamic,0.0,10.790239070198101,0.5563650287088399,0.5563650287088399,0.3034270896987859,0.051561881538425024,0.8333333333333334,0.0,2.0618135149093497,0.10794227426829227,0.05235307339278843,0.3040823572875566,1,"[[3, 4], [3, 4], [3, 4], [1, 3]]","[true, true, true, true, true]",0,0.0,0,1,1,[],[],[],[],nan,[],nan,nan,nan,0.21168558300001905
ellipse--neutral,ellipse,neutral,n1_d1_m1,factorial_combination,3.0,0.05,4,1.7,1601,dual_anchor_dynamic,0.0,10.790239070198101,0.5563650287088399,0.5563650287088399,0.3034270896987859,0.051561881538425024,0.8333333333333334,0.0,2.0618135149093497,0.10794227426829227,0.05235307339278843,0.3040823572875566,1,"[[3, 4], [3, 4], [3, 4], [1, 3]]","[true, true, true, true, true]",0,4.0,0,1,1,[],[],[],[],nan,[],nan,nan,nan,0.21455454200003032
ellipse--neutral,ellipse,neutral,n1_d1_m1,factorial_combination,3.0,0.05,4,1.7,1601,fixed_delay_dual_anchor,1.0,10.790239070198101,0.35808034384171705,0.35808034384171705,0.30048939785400197,0.03318558018150963,0.8333333333333334,0.0,2.0618135149093497,0.08357217053878152,0.04053333142617211,0.30269930366269143,0,"[[3, 4], [3, 4], [3, 4], [3, 4]]","[true, true, true, true, true]",0,4.0,0,1,1,"[[6, 8], [6, 8], [6, 8], [6, 8], [6, 8]]","[[8, 10], [8, 10], [8, 10], [8, 10], [8, 10]]","[[2, 2], [2, 2], [2, 2], [2, 2], [2, 2]]","[[4.0, 4.0], [4.0, 4.0], [4.0, 4.0], [4.0, 4.0], [4.0, 4.0]]",7.0,"[6.0, 8.0]",8.0,1.0,0.9981263536389793,0.2597507090000022
ellipse--neutral,ellipse,neutral,n1_d1_m1,factorial_combination,3.0,0.05,4,1.7,1601,delay_aware_dual_anchor,0.25,10.790239070198101,0.3506909669052104,0.3506909669052104,0.2856151061388703,0.03250075967953247,0.8333333333333334,0.0,2.0618135149093497,0.0758359185504704,0.03678117249794272,0.28750319752649534,1,"[[3, 4], [3, 4], [3, 4], [1, 3]]","[true, true, true, true, true]",0,4.0,0,1,1,"[[6, 8], [6, 8], [6, 8], [6, 8], [6, 8]]","[[8, 10], [8, 10], [8, 10], [8, 10], [8, 10]]","[[2, 2], [2, 2], [2, 2], [2, 2], [2, 2]]","[[1.5, 2.0], [1.5, 2.0], [1.5, 2.0], [1.5, 2.0], [1.5, 2.0]]",7.0,"[6.0, 8.0]",8.0,1.0,0.9981240294561708,0.33067287500000475
ellipse--neutral,ellipse,neutral,n1_d1_m1,factorial_combination,3.0,0.05,4,1.7,1627,full_trajectory,0.0,12.361273750609865,0.798750820686124,0.798750820686124,0.32966543171919194,0.0646171937294663,0.6666666666666666,0.0,2.195635229816981,0.1625861682257577,0.07404971737464343,0.3297910777559699,0,"[[0, 1, 2, 3, 4, 5], [0, 1, 2, 3, 4, 5], [0, 1, 2, 3, 4, 5], [0, 1, 2, 3, 4, 5]]","[true, true, true, true, true]",0,0.0,0,1,1,[],[],[],[],nan,[],nan,nan,nan,0.24906787499998018
ellipse--neutral,ellipse,neutral,n1_d1_m1,factorial_combination,3.0,0.05,4,1.7,1627,error_peak_dynamic,0.0,12.361273750609865,0.9442464156090509,0.9442464156090509,0.3249955937993866,0.07638746901487113,0.6666666666666666,0.16666666666666666,2.195635229816981,0.18789382687387873,0.08557606669917607,0.325016736949902,1,"[[3, 4], [3, 4], [3, 4], [2, 3]]","[true, true, true, true, true]",0,0.0,0,1,1,[],[],[],[],nan,[],nan,nan,nan,0.29598225000000866
ellipse--neutral,ellipse,neutral,n1_d1_m1,factorial_combination,3.0,0.05,4,1.7,1627,dual_anchor_dynamic,0.0,12.361273750609865,0.9442464156090509,0.9442464156090509,0.3249955937993866,0.07638746901487113,0.6666666666666666,0.16666666666666666,2.195635229816981,0.18789382687387873,0.08557606669917607,0.325016736949902,1,"[[3, 4], [3, 4], [3, 4], [2, 3]]","[true, true, true, true, true]",0,4.0,0,1,1,[],[],[],[],nan,[],nan,nan,nan,0.2401162499999714
ellipse--neutral,ellipse,neutral,n1_d1_m1,factorial_combination,3.0,0.05,4,1.7,1627,fixed_delay_dual_anchor,1.0,12.361273750609865,0.4822465735648505,0.4822465735648505,0.28049997017264394,0.03901269264755649,0.6666666666666666,0.0,2.195635229816981,0.10763181133599423,0.04902080722441586,0.28192571323955984,1,"[[3, 4], [3, 4], [3, 4], [2, 3]]","[true, true, true, true, true]",0,4.0,0,1,1,"[[4, 8], [4, 8], [4, 8], [4, 8], [4, 8]]","[[6, 10], [6, 10], [6, 10], [6, 10], [6, 10]]","[[2, 2], [2, 2], [2, 2], [2, 2], [2, 2]]","[[4.0, 4.0], [4.0, 4.0], [4.0, 4.0], [4.0, 4.0], [4.0, 4.0]]",6.0,"[4.0, 8.0]",6.0,1.0,0.9927271885973172,0.23618645800002014
ellipse--neutral,ellipse,neutral,n1_d1_m1,factorial_combination,3.0,0.05,4,1.7,1627,delay_aware_dual_anchor,0.25,12.361273750609865,0.6153730596160734,0.6153730596160734,0.28397380917415277,0.04978233408880803,0.6666666666666666,0.0,2.195635229816981,0.11596415318570942,0.05281576448168748,0.28461485048306456,2,"[[3, 4], [3, 4], [1, 4], [2, 3]]","[true, true, true, true, true]",0,4.0,0,1,1,"[[4, 8], [4, 8], [4, 8], [4, 8], [4, 8]]","[[6, 10], [6, 10], [6, 10], [6, 10], [6, 10]]","[[2, 2], [2, 2], [2, 2], [2, 2], [2, 2]]","[[1.0, 2.0], [1.0, 2.0], [1.0, 2.0], [1.0, 2.0], [1.0, 2.0]]",6.0,"[4.0, 8.0]",6.0,1.0,0.9927743854829227,0.23837037499998814
ellipse--neutral,ellipse,neutral,n1_d1_m1,factorial_combination,3.0,0.05,4,1.7,1657,full_trajectory,0.0,13.412588431754942,2.761430754510457,2.761430754510457,0.4154391602865847,0.2058835077629489,0.8333333333333334,0.3333333333333333,2.6924974376696893,0.38346937902092576,0.14242144622162092,0.417761812292488,0,"[[0, 1, 2, 3, 4, 5], [0, 1, 2, 3, 4, 5], [0, 1, 2, 3, 4, 5], [0, 1, 2, 3, 4, 5]]","[true, true, true, true, true]",0,0.0,0,1,1,[],[],[],[],nan,[],nan,nan,nan,0.2782112919999804
ellipse--neutral,ellipse,neutral,n1_d1_m1,factorial_combination,3.0,0.05,4,1.7,1657,error_peak_dynamic,0.0,13.412588431754942,1.9887076409434354,1.9887076409434354,0.3789089635633271,0.14827172630117205,0.8333333333333334,0.5,2.6924974376696893,0.3959058710712921,0.14704038916892784,0.38149774765930694,0,"[[3, 4], [3, 4], [3, 4], [3, 4]]","[true, true, true, true, true]",0,0.0,0,1,1,[],[],[],[],nan,[],nan,nan,nan,0.3186881670000048
ellipse--neutral,ellipse,neutral,n1_d1_m1,factorial_combination,3.0,0.05,4,1.7,1657,dual_anchor_dynamic,0.0,13.412588431754942,1.9887076409434354,1.9887076409434354,0.3789089635633271,0.14827172630117205,0.8333333333333334,0.5,2.6924974376696893,0.3959058710712921,0.14704038916892784,0.38149774765930694,0,"[[3, 4], [3, 4], [3, 4], [3, 4]]","[true, true, true, true, true]",0,4.0,0,1,1,[],[],[],[],nan,[],nan,nan,nan,0.31687879200001134
ellipse--neutral,ellipse,neutral,n1_d1_m1,factorial_combination,3.0,0.05,4,1.7,1657,fixed_delay_dual_anchor,1.0,13.412588431754942,2.8689246424891004,2.8689246424891004,0.4354501876440159,0.2138979106893927,0.8333333333333334,0.5,2.6924974376696893,0.5490760701441274,0.20392816812458822,0.43796978029855094,0,"[[3, 4], [3, 4], [3, 4], [3, 4]]","[true, true, true, true, true]",0,4.0,0,1,1,"[[8, 9], [8, 9], [8, 9], [8, 9], [8, 9]]","[[10, 11], [10, 11], [10, 11], [10, 11], [10, 11]]","[[2, 2], [2, 2], [2, 2], [2, 2], [2, 2]]","[[4.0, 4.0], [4.0, 4.0], [4.0, 4.0], [4.0, 4.0], [4.0, 4.0]]",8.5,"[8.0, 9.0]",8.5,0.0,0.998210876980651,0.34679950000003146
ellipse--neutral,ellipse,neutral,n1_d1_m1,factorial_combination,3.0,0.05,4,1.7,1657,delay_aware_dual_anchor,0.25,13.412588431754942,2.3860544546395137,2.3860544546395137,0.4048382712112231,0.1778966429023063,0.8333333333333334,0.5,2.6924974376696893,0.46840053455463593,0.17396508089531504,0.4074919996429116,0,"[[3, 4], [3, 4], [3, 4], [3, 4]]","[true, true, true, true, true]",0,4.0,0,1,1,"[[8, 9], [8, 9], [8, 9], [8, 9], [8, 9]]","[[10, 11], [10, 11], [10, 11], [10, 11], [10, 11]]","[[2, 2], [2, 2], [2, 2], [2, 2], [2, 2]]","[[2.0, 2.25], [2.0, 2.25], [2.0, 2.25], [2.0, 2.25], [2.0, 2.25]]",8.5,"[8.0, 9.0]",8.5,0.0,0.9982061777603013,0.363378541999964
ellipse--neutral,ellipse,neutral,n1_d1_m1,factorial_combination,3.0,0.05,4,1.7,1669,full_trajectory,0.0,11.360992728430174,0.67149250122713,0.67149250122713,0.3229698839910141,0.05910509031017703,0.6666666666666666,0.0,2.0267882326654894,0.13141564711821724,0.0648393576596745,0.32412042208467495,0,"[[0, 1, 2, 3, 4, 5], [0, 1, 2, 3, 4, 5], [0, 1, 2, 3, 4, 5], [0, 1, 2, 3, 4, 5]]","[true, true, true, true, true]",0,0.0,0,1,1,[],[],[],[],nan,[],nan,nan,nan,0.1849061249999977
ellipse--neutral,ellipse,neutral,n1_d1_m1,factorial_combination,3.0,0.05,4,1.7,1669,error_peak_dynamic,0.0,11.360992728430174,0.7628483235796923,0.7628483235796923,0.31268103136303993,0.0671462733772122,0.6666666666666666,0.0,2.0267882326654894,0.14581727141668918,0.0719449960615375,0.31451874651808165,1,"[[3, 4], [3, 4], [3, 4], [1, 2]]","[true, true, true, true, true]",0,0.0,0,1,1,[],[],[],[],nan,[],nan,nan,nan,0.1872277919999874
ellipse--neutral,ellipse,neutral,n1_d1_m1,factorial_combination,3.0,0.05,4,1.7,1669,dual_anchor_dynamic,0.0,11.360992728430174,0.7628483235796923,0.7628483235796923,0.31268103136303993,0.0671462733772122,0.6666666666666666,0.0,2.0267882326654894,0.14581727141668918,0.0719449960615375,0.31451874651808165,1,"[[3, 4], [3, 4], [3, 4], [1, 2]]","[true, true, true, true, true]",0,4.0,0,1,1,[],[],[],[],nan,[],nan,nan,nan,0.18812970799996265
ellipse--neutral,ellipse,neutral,n1_d1_m1,factorial_combination,3.0,0.05,4,1.7,1669,fixed_delay_dual_anchor,1.0,11.360992728430174,0.3322602412593126,0.3322602412593126,0.2798835497134371,0.029245704948639928,0.6666666666666666,0.0,2.0267882326654894,0.07946486204645738,0.03920728409891683,0.28424023411715604,2,"[[3, 4], [3, 4], [1, 4], [3, 4]]","[true, true, true, true, true]",0,4.0,0,1,1,"[[5, 8], [5, 8], [5, 8], [5, 8], [5, 8]]","[[7, 10], [7, 10], [7, 10], [7, 10], [7, 10]]","[[2, 2], [2, 2], [2, 2], [2, 2], [2, 2]]","[[4.0, 4.0], [4.0, 4.0], [4.0, 4.0], [4.0, 4.0], [4.0, 4.0]]",6.5,"[5.0, 8.0]",7.0,0.5,0.9951463265289677,0.24324508300003345
ellipse--neutral,ellipse,neutral,n1_d1_m1,factorial_combination,3.0,0.05,4,1.7,1669,delay_aware_dual_anchor,0.25,11.360992728430174,0.4477555935714157,0.4477555935714157,0.28159009866313284,0.03941166095907581,0.6666666666666666,0.0,2.0267882326654894,0.09203308085125628,0.045408335892211514,0.2845229975545783,1,"[[3, 4], [3, 4], [3, 4], [1, 2]]","[true, true, true, true, true]",0,4.0,0,1,1,"[[5, 8], [5, 8], [5, 8], [5, 8], [5, 8]]","[[7, 10], [7, 10], [7, 10], [7, 10], [7, 10]]","[[2, 2], [2, 2], [2, 2], [2, 2], [2, 2]]","[[1.25, 2.0], [1.25, 2.0], [1.25, 2.0], [1.25, 2.0], [1.25, 2.0]]",6.5,"[5.0, 8.0]",7.0,0.5,0.9951727440427665,0.21514245800000253
ellipse--demand_aligned,ellipse,demand_aligned,n1_d1_m1,factorial_combination,3.0,0.05,4,1.7,1601,full_trajectory,0.0,16.193551717407754,1.0462672114709093,1.0462672114709093,0.3418473856879467,0.06461011331727753,0.8333333333333334,0.16666666666666666,2.0618135149093497,0.11712752039716197,0.05680800884764383,0.3430048403647913,0,"[[0, 1, 2, 3, 4, 5], [0, 1, 2, 3, 4, 5], [0, 1, 2, 3, 4, 5], [0, 1, 2, 3, 4, 5]]","[true, true, true, true, true]",0,0.0,0,1,1,[],[],[],[],nan,[],nan,nan,nan,0.23137408399998094
ellipse--demand_aligned,ellipse,demand_aligned,n1_d1_m1,factorial_combination,3.0,0.05,4,1.7,1601,error_peak_dynamic,0.0,16.193551717407754,0.742839318504179,0.742839318504179,0.30836569027181676,0.045872538123038265,0.8333333333333334,0.0,2.0618135149093497,0.15015078360436934,0.07282461896704122,0.31042853026362005,2,"[[3, 4], [3, 4], [1, 3], [1, 4]]","[true, true, true, true, true]",0,0.0,0,1,1,[],[],[],[],nan,[],nan,nan,nan,0.1766649159999929
ellipse--demand_aligned,ellipse,demand_aligned,n1_d1_m1,factorial_combination,3.0,0.05,4,1.7,1601,dual_anchor_dynamic,0.0,16.193551717407754,0.62360548524567,0.62360548524567,0.30927814476909676,0.03850949415719013,0.8333333333333334,0.0,2.0618135149093497,0.10302694826614858,0.049969091540598566,0.3105700193147353,1,"[[3, 4], [3, 4], [3, 4], [1, 3]]","[true, true, true, true, true]",0,4.0,0,1,1,[],[],[],[],nan,[],nan,nan,nan,0.21314762500003326
ellipse--demand_aligned,ellipse,demand_aligned,n1_d1_m1,factorial_combination,3.0,0.05,4,1.7,1601,fixed_delay_dual_anchor,1.0,16.193551717407754,0.5146886311906149,0.5146886311906149,0.285349548767159,0.031783554353757654,0.8333333333333334,0.0,2.0618135149093497,0.0808841449500023,0.039229612360727244,0.2877941613662969,0,"[[3, 4], [3, 4], [3, 4], [3, 4]]","[true, true, true, true, true]",0,4.0,0,1,1,"[[6, 8], [6, 8], [6, 8], [6, 8], [6, 8]]","[[8, 10], [8, 10], [8, 10], [8, 10], [8, 10]]","[[2, 2], [2, 2], [2, 2], [2, 2], [2, 2]]","[[4.0, 4.0], [4.0, 4.0], [4.0, 4.0], [4.0, 4.0], [4.0, 4.0]]",7.0,"[6.0, 8.0]",8.0,1.0,0.9981551251101453,0.2619681659999742
ellipse--demand_aligned,ellipse,demand_aligned,n1_d1_m1,factorial_combination,3.0,0.05,4,1.7,1601,delay_aware_dual_anchor,0.25,16.193551717407754,0.4466948489365056,0.4466948489365056,0.28594377428017376,0.027584735994409262,0.8333333333333334,0.0,2.0618135149093497,0.07029894011958003,0.0340956830534069,0.28847568197461404,1,"[[3, 4], [3, 4], [3, 4], [1, 3]]","[true, true, true, true, true]",0,4.0,0,1,1,"[[6, 8], [6, 8], [6, 8], [6, 8], [6, 8]]","[[8, 10], [8, 10], [8, 10], [8, 10], [8, 10]]","[[2, 2], [2, 2], [2, 2], [2, 2], [2, 2]]","[[1.5, 2.0], [1.5, 2.0], [1.5, 2.0], [1.5, 2.0], [1.5, 2.0]]",7.0,"[6.0, 8.0]",8.0,1.0,0.9981531528950324,0.2566797499999893
ellipse--demand_aligned,ellipse,demand_aligned,n1_d1_m1,factorial_combination,3.0,0.05,4,1.7,1627,full_trajectory,0.0,16.654204133826756,1.0130000224389926,1.0130000224389926,0.33704665103397025,0.06082548372164262,0.6666666666666666,0.16666666666666666,2.195635229816981,0.16008509892655404,0.07291060771506115,0.33851453062401643,0,"[[0, 1, 2, 3, 4, 5], [0, 1, 2, 3, 4, 5], [0, 1, 2, 3, 4, 5], [0, 1, 2, 3, 4, 5]]","[true, true, true, true, true]",0,0.0,0,1,1,[],[],[],[],nan,[],nan,nan,nan,0.23618429100002913
ellipse--demand_aligned,ellipse,demand_aligned,n1_d1_m1,factorial_combination,3.0,0.05,4,1.7,1627,error_peak_dynamic,0.0,16.654204133826756,1.3717935408641933,1.3717935408641933,0.32820350269553084,0.08236920418658195,0.6666666666666666,0.3333333333333333,2.195635229816981,0.26648713303650995,0.12137131405872151,0.32979539342258274,1,"[[3, 4], [3, 4], [3, 4], [1, 2]]","[true, true, true, true, true]",0,0.0,0,1,1,[],[],[],[],nan,[],nan,nan,nan,0.1947456670000065
ellipse--demand_aligned,ellipse,demand_aligned,n1_d1_m1,factorial_combination,3.0,0.05,4,1.7,1627,dual_anchor_dynamic,0.0,16.654204133826756,0.824790299603599,0.824790299603599,0.32562844530202234,0.049524449981272145,0.6666666666666666,0.0,2.195635229816981,0.18370535602528806,0.08366843159125344,0.3268136403422616,1,"[[3, 4], [3, 4], [3, 4], [2, 3]]","[true, true, true, true, true]",0,4.0,0,1,1,[],[],[],[],nan,[],nan,nan,nan,0.2283542920000059
ellipse--demand_aligned,ellipse,demand_aligned,n1_d1_m1,factorial_combination,3.0,0.05,4,1.7,1627,fixed_delay_dual_anchor,1.0,16.654204133826756,0.6601029866135091,0.6601029866135091,0.2804177110574001,0.03963581695703837,0.6666666666666666,0.0,2.195635229816981,0.1034693307601644,0.04712500936177326,0.2829447280642993,1,"[[3, 4], [3, 4], [3, 4], [2, 3]]","[true, true, true, true, true]",0,4.0,0,1,1,"[[4, 8], [4, 8], [4, 8], [4, 8], [4, 8]]","[[6, 10], [6, 10], [6, 10], [6, 10], [6, 10]]","[[2, 2], [2, 2], [2, 2], [2, 2], [2, 2]]","[[4.0, 4.0], [4.0, 4.0], [4.0, 4.0], [4.0, 4.0], [4.0, 4.0]]",6.0,"[4.0, 8.0]",6.0,1.0,0.992748300531608,0.2383330419999652
ellipse--demand_aligned,ellipse,demand_aligned,n1_d1_m1,factorial_combination,3.0,0.05,4,1.7,1627,delay_aware_dual_anchor,0.25,16.654204133826756,0.487504936792067,0.487504936792067,0.27260772038822434,0.029272184541192455,0.6666666666666666,0.0,2.195635229816981,0.11459967927121763,0.052194316120884154,0.27435338562566963,1,"[[3, 4], [3, 4], [3, 4], [2, 3]]","[true, true, true, true, true]",0,4.0,0,1,1,"[[4, 8], [4, 8], [4, 8], [4, 8], [4, 8]]","[[6, 10], [6, 10], [6, 10], [6, 10], [6, 10]]","[[2, 2], [2, 2], [2, 2], [2, 2], [2, 2]]","[[1.0, 2.0], [1.0, 2.0], [1.0, 2.0], [1.0, 2.0], [1.0, 2.0]]",6.0,"[4.0, 8.0]",6.0,1.0,0.992782097228484,0.23553883299996414
ellipse--demand_aligned,ellipse,demand_aligned,n1_d1_m1,factorial_combination,3.0,0.05,4,1.7,1657,full_trajectory,0.0,20.805308390128307,4.571142146249763,4.571142146249763,0.4281285685687715,0.2197103768199214,0.8333333333333334,0.3333333333333333,2.6924974376696893,0.380365419180925,0.1412686280994662,0.42937322244954884,0,"[[0, 1, 2, 3, 4, 5], [0, 1, 2, 3, 4, 5], [0, 1, 2, 3, 4, 5], [0, 1, 2, 3, 4, 5]]","[true, true, true, true, true]",0,0.0,0,1,1,[],[],[],[],nan,[],nan,nan,nan,0.2838863750000087
ellipse--demand_aligned,ellipse,demand_aligned,n1_d1_m1,factorial_combination,3.0,0.05,4,1.7,1657,error_peak_dynamic,0.0,20.805308390128307,3.2013598940970427,3.2013598940970427,0.3849454250102934,0.15387226346599228,0.8333333333333334,0.5,2.6924974376696893,0.6335201993306401,0.23529092004594107,0.38628711404003896,0,"[[3, 4], [3, 4], [3, 4], [3, 4]]","[true, true, true, true, true]",0,0.0,0,1,1,[],[],[],[],nan,[],nan,nan,nan,0.2461599580000211
ellipse--demand_aligned,ellipse,demand_aligned,n1_d1_m1,factorial_combination,3.0,0.05,4,1.7,1657,dual_anchor_dynamic,0.0,20.805308390128307,3.1619445410288822,3.1619445410288822,0.389521106281043,0.15197777806211996,0.8333333333333334,0.5,2.6924974376696893,0.4004860431573745,0.14874147605651517,0.39089613873793294,0,"[[3, 4], [3, 4], [3, 4], [3, 4]]","[true, true, true, true, true]",0,4.0,0,1,1,[],[],[],[],nan,[],nan,nan,nan,0.31395154099999445
ellipse--demand_aligned,ellipse,demand_aligned,n1_d1_m1,factorial_combination,3.0,0.05,4,1.7,1657,fixed_delay_dual_anchor,1.0,20.805308390128307,4.690137458762664,4.690137458762664,0.4350353110221905,0.22542984563439775,0.8333333333333334,0.5,2.6924974376696893,0.5546246047311041,0.2059889071653573,0.43530359448587075,0,"[[3, 4], [3, 4], [3, 4], [3, 4]]","[true, true, true, true, true]",0,4.0,0,1,1,"[[8, 9], [8, 9], [8, 9], [8, 9], [8, 9]]","[[10, 11], [10, 11], [10, 11], [10, 11], [10, 11]]","[[2, 2], [2, 2], [2, 2], [2, 2], [2, 2]]","[[4.0, 4.0], [4.0, 4.0], [4.0, 4.0], [4.0, 4.0], [4.0, 4.0]]",8.5,"[8.0, 9.0]",8.5,0.0,0.9982079066073155,0.3643686670000079
ellipse--demand_aligned,ellipse,demand_aligned,n1_d1_m1,factorial_combination,3.0,0.05,4,1.7,1657,delay_aware_dual_anchor,0.25,20.805308390128307,3.8774988419394782,3.8774988419394782,0.4121765568956361,0.18637064970299946,0.8333333333333334,0.5,2.6924974376696893,0.4740174972709502,0.17605123430728473,0.4129598870020505,0,"[[3, 4], [3, 4], [3, 4], [3, 4]]","[true, true, true, true, true]",0,4.0,0,1,1,"[[8, 9], [8, 9], [8, 9], [8, 9], [8, 9]]","[[10, 11], [10, 11], [10, 11], [10, 11], [10, 11]]","[[2, 2], [2, 2], [2, 2], [2, 2], [2, 2]]","[[2.0, 2.25], [2.0, 2.25], [2.0, 2.25], [2.0, 2.25], [2.0, 2.25]]",8.5,"[8.0, 9.0]",8.5,0.0,0.9982021819927874,0.354439291999995
ellipse--demand_aligned,ellipse,demand_aligned,n1_d1_m1,factorial_combination,3.0,0.05,4,1.7,1669,full_trajectory,0.0,15.3807360002645,0.8733681524344611,0.8733681524344611,0.3313332116571015,0.056783248371173,0.6666666666666666,0.16666666666666666,2.0267882326654894,0.12515993118511007,0.06175284085822253,0.33568772516819223,0,"[[0, 1, 2, 3, 4, 5], [0, 1, 2, 3, 4, 5], [0, 1, 2, 3, 4, 5], [0, 1, 2, 3, 4, 5]]","[true, true, true, true, true]",0,0.0,0,1,1,[],[],[],[],nan,[],nan,nan,nan,0.20155575000001136
ellipse--demand_aligned,ellipse,demand_aligned,n1_d1_m1,factorial_combination,3.0,0.05,4,1.7,1669,error_peak_dynamic,0.0,15.3807360002645,0.8537709185814017,0.8537709185814017,0.3159357951559269,0.055509106883228444,0.6666666666666666,0.16666666666666666,2.0267882326654894,0.18127575978517801,0.089439911315637,0.3203223563253097,1,"[[3, 4], [3, 4], [1, 3], [1, 3]]","[true, true, true, true, true]",0,0.0,0,1,1,[],[],[],[],nan,[],nan,nan,nan,0.12844454199995425
ellipse--demand_aligned,ellipse,demand_aligned,n1_d1_m1,factorial_combination,3.0,0.05,4,1.7,1669,dual_anchor_dynamic,0.0,15.3807360002645,0.6878770878555919,0.6878770878555919,0.31549508045277885,0.04472328813418048,0.6666666666666666,0.0,2.0267882326654894,0.13380541201026933,0.06601844724265932,0.320248729647414,1,"[[3, 4], [3, 4], [3, 4], [1, 3]]","[true, true, true, true, true]",0,4.0,0,1,1,[],[],[],[],nan,[],nan,nan,nan,0.19081137500000978
ellipse--demand_aligned,ellipse,demand_aligned,n1_d1_m1,factorial_combination,3.0,0.05,4,1.7,1669,fixed_delay_dual_anchor,1.0,15.3807360002645,0.6283971580896502,0.6283971580896502,0.27834181292917826,0.04085611755372719,0.6666666666666666,0.0,2.0267882326654894,0.07806163802708056,0.03851494535490735,0.2812634535900435,2,"[[3, 4], [3, 4], [1, 4], [1, 3]]","[true, true, true, true, true]",0,4.0,0,1,1,"[[5, 8], [5, 8], [5, 8], [5, 8], [5, 8]]","[[7, 10], [7, 10], [7, 10], [7, 10], [7, 10]]","[[2, 2], [2, 2], [2, 2], [2, 2], [2, 2]]","[[4.0, 4.0], [4.0, 4.0], [4.0, 4.0], [4.0, 4.0], [4.0, 4.0]]",6.5,"[5.0, 8.0]",7.0,0.5,0.9951722631160019,0.22683545799998228
ellipse--demand_aligned,ellipse,demand_aligned,n1_d1_m1,factorial_combination,3.0,0.05,4,1.7,1669,delay_aware_dual_anchor,0.25,15.3807360002645,0.3549185244336346,0.3549185244336346,0.27121625242132263,0.0230755228116217,0.6666666666666666,0.0,2.0267882326654894,0.0838666562403372,0.04137909175150562,0.2764018878492463,1,"[[3, 4], [3, 4], [3, 4], [1, 3]]","[true, true, true, true, true]",0,4.0,0,1,1,"[[5, 8], [5, 8], [5, 8], [5, 8], [5, 8]]","[[7, 10], [7, 10], [7, 10], [7, 10], [7, 10]]","[[2, 2], [2, 2], [2, 2], [2, 2], [2, 2]]","[[1.25, 2.0], [1.25, 2.0], [1.25, 2.0], [1.25, 2.0], [1.25, 2.0]]",6.5,"[5.0, 8.0]",7.0,0.5,0.9951869801276403,0.2197747920000097
ellipse--demand_conflict,ellipse,demand_conflict,n1_d1_m1,factorial_combination,3.0,0.05,4,1.7,1601,full_trajectory,0.0,7.500635173953985,0.6988536687264848,0.6988536687264848,0.3685477212371483,0.09317259838916839,0.8333333333333334,0.0,2.0618135149093497,0.11590161008858972,0.05621343019166575,0.37679916278119546,0,"[[0, 1, 2, 3, 4, 5], [0, 1, 2, 3, 4, 5], [0, 1, 2, 3, 4, 5], [0, 1, 2, 3, 4, 5]]","[true, true, true, true, true]",0,0.0,0,1,1,[],[],[],[],nan,[],nan,nan,nan,0.22908716699998877
ellipse--demand_conflict,ellipse,demand_conflict,n1_d1_m1,factorial_combination,3.0,0.05,4,1.7,1601,error_peak_dynamic,0.0,7.500635173953985,0.6863311603428672,0.6863311603428672,0.3812347908030821,0.09150307199664337,0.8333333333333334,0.0,2.0618135149093497,0.10454542124544289,0.05070556599297457,0.3898665301253997,1,"[[3, 4], [3, 4], [3, 4], [1, 3]]","[true, true, true, true, true]",0,0.0,0,1,1,[],[],[],[],nan,[],nan,nan,nan,0.1776100000000156
ellipse--demand_conflict,ellipse,demand_conflict,n1_d1_m1,factorial_combination,3.0,0.05,4,1.7,1601,dual_anchor_dynamic,0.0,7.500635173953985,0.573498072725177,0.573498072725177,0.3613043745219142,0.07645993431551686,0.8333333333333334,0.0,2.0618135149093497,0.09954869244944835,0.048282102978564057,0.3701448022332523,1,"[[3, 4], [1, 3], [1, 3], [1, 3]]","[true, true, true, true, true]",0,4.0,0,1,1,[],[],[],[],nan,[],nan,nan,nan,0.21390199999996184
ellipse--demand_conflict,ellipse,demand_conflict,n1_d1_m1,factorial_combination,3.0,0.05,4,1.7,1601,fixed_delay_dual_anchor,1.0,7.500635173953985,0.30360048400936923,0.30360048400936923,0.311340241354479,0.040476636573876346,0.8333333333333334,0.0,2.0618135149093497,0.07730303406854185,0.03749273807235693,0.32323538535231505,1,"[[3, 4], [3, 4], [1, 4], [1, 4]]","[true, true, true, true, true]",0,4.0,0,1,1,"[[6, 8], [6, 8], [6, 8], [6, 8], [6, 8]]","[[8, 10], [8, 10], [8, 10], [8, 10], [8, 10]]","[[2, 2], [2, 2], [2, 2], [2, 2], [2, 2]]","[[4.0, 4.0], [4.0, 4.0], [4.0, 4.0], [4.0, 4.0], [4.0, 4.0]]",7.0,"[6.0, 8.0]",8.0,1.0,0.9981553682344475,0.25247054200002594
ellipse--demand_conflict,ellipse,demand_conflict,n1_d1_m1,factorial_combination,3.0,0.05,4,1.7,1601,delay_aware_dual_anchor,0.25,7.500635173953985,0.37468648713565145,0.37468648713565145,0.32547228968062447,0.04995396769019685,0.8333333333333334,0.0,2.0618135149093497,0.07814647662855083,0.03790181607767114,0.33639901225537117,2,"[[3, 4], [1, 4], [1, 3], [1, 3]]","[true, true, true, true, true]",0,4.0,0,1,1,"[[6, 8], [6, 8], [6, 8], [6, 8], [6, 8]]","[[8, 10], [8, 10], [8, 10], [8, 10], [8, 10]]","[[2, 2], [2, 2], [2, 2], [2, 2], [2, 2]]","[[1.5, 2.0], [1.5, 2.0], [1.5, 2.0], [1.5, 2.0], [1.5, 2.0]]",7.0,"[6.0, 8.0]",8.0,1.0,0.9981560461065563,0.255696582999974
ellipse--demand_conflict,ellipse,demand_conflict,n1_d1_m1,factorial_combination,3.0,0.05,4,1.7,1627,full_trajectory,0.0,8.645720363018729,0.8410886276005032,0.8410886276005032,0.3828261774723103,0.09728381121348571,0.6666666666666666,0.16666666666666666,2.195635229816981,0.15811460994484344,0.07201315036196757,0.39261713283061256,0,"[[0, 1, 2, 3, 4, 5], [0, 1, 2, 3, 4, 5], [0, 1, 2, 3, 4, 5], [0, 1, 2, 3, 4, 5]]","[true, true, true, true, true]",0,0.0,0,1,1,[],[],[],[],nan,[],nan,nan,nan,0.23099045800000795
ellipse--demand_conflict,ellipse,demand_conflict,n1_d1_m1,factorial_combination,3.0,0.05,4,1.7,1627,error_peak_dynamic,0.0,8.645720363018729,1.1831320637157123,1.1831320637157123,0.4014588356001769,0.13684597859265152,0.6666666666666666,0.3333333333333333,2.195635229816981,0.20068659453878845,0.09140252069808374,0.4113872838883788,1,"[[3, 4], [3, 4], [3, 4], [2, 3]]","[true, true, true, true, true]",0,0.0,0,1,1,[],[],[],[],nan,[],nan,nan,nan,0.21786579099995151
ellipse--demand_conflict,ellipse,demand_conflict,n1_d1_m1,factorial_combination,3.0,0.05,4,1.7,1627,dual_anchor_dynamic,0.0,8.645720363018729,0.9535271924082038,0.9535271924082038,0.3828484388600516,0.11028892357967399,0.6666666666666666,0.16666666666666666,2.195635229816981,0.17058104449539352,0.07769097625091963,0.39106834556514886,3,"[[3, 4], [1, 4], [1, 3], [1, 2]]","[true, true, true, true, true]",0,4.0,0,1,1,[],[],[],[],nan,[],nan,nan,nan,0.22318658400001823
ellipse--demand_conflict,ellipse,demand_conflict,n1_d1_m1,factorial_combination,3.0,0.05,4,1.7,1627,fixed_delay_dual_anchor,1.0,8.645720363018729,0.3921172689245876,0.3921172689245876,0.29988220369951935,0.04535391528528184,0.6666666666666666,0.0,2.195635229816981,0.09982341276001645,0.04546447943829783,0.3081599325221927,2,"[[3, 4], [3, 4], [1, 4], [1, 3]]","[true, true, true, true, true]",0,4.0,0,1,1,"[[4, 8], [4, 8], [4, 8], [4, 8], [4, 8]]","[[6, 10], [6, 10], [6, 10], [6, 10], [6, 10]]","[[2, 2], [2, 2], [2, 2], [2, 2], [2, 2]]","[[4.0, 4.0], [4.0, 4.0], [4.0, 4.0], [4.0, 4.0], [4.0, 4.0]]",6.0,"[4.0, 8.0]",6.0,1.0,0.9927037756342091,0.23525329099999226
ellipse--demand_conflict,ellipse,demand_conflict,n1_d1_m1,factorial_combination,3.0,0.05,4,1.7,1627,delay_aware_dual_anchor,0.25,8.645720363018729,0.6384914664278123,0.6384914664278123,0.3332015579792009,0.0738505803586825,0.6666666666666666,0.0,2.195635229816981,0.10466602703292494,0.04767004355347745,0.3426879169803036,3,"[[3, 4], [1, 4], [1, 3], [1, 2]]","[true, true, true, true, true]",0,4.0,0,1,1,"[[4, 8], [4, 8], [4, 8], [4, 8], [4, 8]]","[[6, 10], [6, 10], [6, 10], [6, 10], [6, 10]]","[[2, 2], [2, 2], [2, 2], [2, 2], [2, 2]]","[[1.0, 2.0], [1.0, 2.0], [1.0, 2.0], [1.0, 2.0], [1.0, 2.0]]",6.0,"[4.0, 8.0]",6.0,1.0,0.9927605990614092,0.23905700000000252
ellipse--demand_conflict,ellipse,demand_conflict,n1_d1_m1,factorial_combination,3.0,0.05,4,1.7,1657,full_trajectory,0.0,9.292172601353624,1.5926002041480944,1.5926002041480944,0.40034127142158965,0.17139158649679997,0.8333333333333334,0.5,2.6924974376696893,0.3853178044678557,0.14310795586173025,0.40543109981817804,0,"[[0, 1, 2, 3, 4, 5], [0, 1, 2, 3, 4, 5], [0, 1, 2, 3, 4, 5], [0, 1, 2, 3, 4, 5]]","[true, true, true, true, true]",0,0.0,0,1,1,[],[],[],[],nan,[],nan,nan,nan,0.27384675000001835
ellipse--demand_conflict,ellipse,demand_conflict,n1_d1_m1,factorial_combination,3.0,0.05,4,1.7,1657,error_peak_dynamic,0.0,9.292172601353624,1.792014296306853,1.792014296306853,0.39961504724899477,0.19285202429901097,0.8333333333333334,0.5,2.6924974376696893,0.4267864139275097,0.15850949678038917,0.40432820986876555,0,"[[3, 4], [3, 4], [3, 4], [3, 4]]","[true, true, true, true, true]",0,0.0,0,1,1,[],[],[],[],nan,[],nan,nan,nan,0.2952078330000063
ellipse--demand_conflict,ellipse,demand_conflict,n1_d1_m1,factorial_combination,3.0,0.05,4,1.7,1657,dual_anchor_dynamic,0.0,9.292172601353624,1.6047045854250062,1.6047045854250062,0.3931050310182054,0.17269422924744673,0.8333333333333334,0.6666666666666666,2.6924974376696893,0.3608864631426637,0.13403409715219813,0.3981066194751826,1,"[[3, 4], [3, 4], [1, 3], [1, 3]]","[true, true, true, true, true]",0,4.0,0,1,1,[],[],[],[],nan,[],nan,nan,nan,0.2893716660000223
ellipse--demand_conflict,ellipse,demand_conflict,n1_d1_m1,factorial_combination,3.0,0.05,4,1.7,1657,fixed_delay_dual_anchor,1.0,9.292172601353624,1.892671123930659,1.892671123930659,0.42786740456129757,0.20368445627612933,0.8333333333333334,0.5,2.6924974376696893,0.5594338114910765,0.2077750580796307,0.4303358807751736,0,"[[3, 4], [3, 4], [3, 4], [3, 4]]","[true, true, true, true, true]",0,4.0,0,1,1,"[[8, 9], [8, 9], [8, 9], [8, 9], [8, 9]]","[[10, 11], [10, 11], [10, 11], [10, 11], [10, 11]]","[[2, 2], [2, 2], [2, 2], [2, 2], [2, 2]]","[[4.0, 4.0], [4.0, 4.0], [4.0, 4.0], [4.0, 4.0], [4.0, 4.0]]",8.5,"[8.0, 9.0]",8.5,0.0,0.9981991457966543,0.36103950000000395
ellipse--demand_conflict,ellipse,demand_conflict,n1_d1_m1,factorial_combination,3.0,0.05,4,1.7,1657,delay_aware_dual_anchor,0.25,9.292172601353624,1.775915384352646,1.775915384352646,0.40118506899317663,0.19111950030867295,0.8333333333333334,0.6666666666666666,2.6924974376696893,0.4804625388979276,0.17844493821088267,0.40364478647891805,0,"[[3, 4], [3, 4], [3, 4], [3, 4]]","[true, true, true, true, true]",0,4.0,0,1,1,"[[8, 9], [8, 9], [8, 9], [8, 9], [8, 9]]","[[10, 11], [10, 11], [10, 11], [10, 11], [10, 11]]","[[2, 2], [2, 2], [2, 2], [2, 2], [2, 2]]","[[2.0, 2.25], [2.0, 2.25], [2.0, 2.25], [2.0, 2.25], [2.0, 2.25]]",8.5,"[8.0, 9.0]",8.5,0.0,0.9981959721444394,0.3555061249999767
ellipse--demand_conflict,ellipse,demand_conflict,n1_d1_m1,factorial_combination,3.0,0.05,4,1.7,1669,full_trajectory,0.0,7.928654246022196,0.7017465504619165,0.7017465504619165,0.37850979353464265,0.08850764943041659,0.6666666666666666,0.0,2.0267882326654894,0.1252002518024071,0.06177273470635486,0.38012215732866717,0,"[[0, 1, 2, 3, 4, 5], [0, 1, 2, 3, 4, 5], [0, 1, 2, 3, 4, 5], [0, 1, 2, 3, 4, 5]]","[true, true, true, true, true]",0,0.0,0,1,1,[],[],[],[],nan,[],nan,nan,nan,0.19651712500001395
ellipse--demand_conflict,ellipse,demand_conflict,n1_d1_m1,factorial_combination,3.0,0.05,4,1.7,1669,error_peak_dynamic,0.0,7.928654246022196,0.9368081726481784,0.9368081726481784,0.3976907915560892,0.11815475156054066,0.6666666666666666,0.3333333333333333,2.0267882326654894,0.15435802118945122,0.07615892903939471,0.39879559271320275,1,"[[3, 4], [3, 4], [3, 4], [1, 3]]","[true, true, true, true, true]",0,0.0,0,1,1,[],[],[],[],nan,[],nan,nan,nan,0.17785595899999862
ellipse--demand_conflict,ellipse,demand_conflict,n1_d1_m1,factorial_combination,3.0,0.05,4,1.7,1669,dual_anchor_dynamic,0.0,7.928654246022196,0.7890571646701587,0.7890571646701587,0.3805940761743289,0.0995196839446024,0.6666666666666666,0.0,2.0267882326654894,0.135313535310626,0.06676254239579395,0.381894359145672,2,"[[3, 4], [1, 4], [1, 3], [1, 3]]","[true, true, true, true, true]",0,4.0,0,1,1,[],[],[],[],nan,[],nan,nan,nan,0.1925506249999671
ellipse--demand_conflict,ellipse,demand_conflict,n1_d1_m1,factorial_combination,3.0,0.05,4,1.7,1669,fixed_delay_dual_anchor,1.0,7.928654246022196,0.34417888109916556,0.34417888109916556,0.3040141716426161,0.04340949553599717,0.6666666666666666,0.0,2.0267882326654894,0.08491984019282359,0.041898723716756035,0.3074331007162422,1,"[[3, 4], [3, 4], [1, 4], [1, 4]]","[true, true, true, true, true]",0,4.0,0,1,1,"[[5, 8], [5, 8], [5, 8], [5, 8], [5, 8]]","[[7, 10], [7, 10], [7, 10], [7, 10], [7, 10]]","[[2, 2], [2, 2], [2, 2], [2, 2], [2, 2]]","[[4.0, 4.0], [4.0, 4.0], [4.0, 4.0], [4.0, 4.0], [4.0, 4.0]]",6.5,"[5.0, 8.0]",7.0,0.5,0.9951665236453513,0.22301237499999615
ellipse--demand_conflict,ellipse,demand_conflict,n1_d1_m1,factorial_combination,3.0,0.05,4,1.7,1669,delay_aware_dual_anchor,0.25,7.928654246022196,0.47815274111771455,0.47815274111771455,0.33346936777255654,0.06030692300116425,0.6666666666666666,0.0,2.0267882326654894,0.08109344146207581,0.040010811270315805,0.33617526007823795,3,"[[3, 4], [1, 4], [1, 3], [1, 2]]","[true, true, true, true, true]",0,4.0,0,1,1,"[[5, 8], [5, 8], [5, 8], [5, 8], [5, 8]]","[[7, 10], [7, 10], [7, 10], [7, 10], [7, 10]]","[[2, 2], [2, 2], [2, 2], [2, 2], [2, 2]]","[[1.25, 2.0], [1.25, 2.0], [1.25, 2.0], [1.25, 2.0], [1.25, 2.0]]",6.5,"[5.0, 8.0]",7.0,0.5,0.995192651524432,0.2157860000000369
rounded_square--neutral,rounded_square,neutral,n1_d1_m1,factorial_combination,3.0,0.05,4,1.7,1601,full_trajectory,0.0,19.78484132061771,17.22035681404981,17.22035681404981,0.8371938234252969,0.8703813457479966,1.0,0.8333333333333334,2.9878182475477164,2.424601031883613,0.8114954896850336,0.8349907481414217,0,"[[0, 1, 2, 3, 4, 5], [0, 1, 2, 3, 4, 5], [0, 1, 2, 3, 4, 5], [0, 1, 2, 3, 4, 5]]","[true, true, true, true, true]",0,0.0,0,1,1,[],[],[],[],nan,[],nan,nan,nan,0.3736066660000006
rounded_square--neutral,rounded_square,neutral,n1_d1_m1,factorial_combination,3.0,0.05,4,1.7,1601,error_peak_dynamic,0.0,19.78484132061771,13.936846934795522,13.936846934795522,0.7222644926109977,0.7044204554863923,1.0,0.8333333333333334,2.9878182475477164,2.3274463286992946,0.7789785508571584,0.7201355345204417,1,"[[2, 4], [2, 4], [2, 4], [3, 4]]","[true, true, true, true, true]",0,0.0,0,1,1,[],[],[],[],nan,[],nan,nan,nan,0.33185508299999356
rounded_square--neutral,rounded_square,neutral,n1_d1_m1,factorial_combination,3.0,0.05,4,1.7,1601,dual_anchor_dynamic,0.0,19.78484132061771,12.816150931227664,13.936846934795522,0.7222644926109977,0.6477762810193479,1.0,0.8333333333333334,2.9878182475477164,2.4566081469871737,0.8222080272129876,0.7201355345204417,1,"[[2, 4], [2, 4], [2, 4], [3, 4]]","[true, true, true, true, false]",1,2.0,0,1,1,[],[],[],[],nan,[],nan,nan,nan,0.33526225000002796
rounded_square--neutral,rounded_square,neutral,n1_d1_m1,factorial_combination,3.0,0.05,4,1.7,1601,fixed_delay_dual_anchor,1.0,19.78484132061771,14.390673424121797,14.390673424121797,0.804431755655233,0.7273585464203511,1.0,0.8333333333333334,2.9878182475477164,2.303013865389215,0.770801191564928,0.8015117686718771,2,"[[2, 4], [1, 4], [2, 4], [2, 4]]","[true, true, true, true, true]",0,4.0,0,1,1,"[[6, 8], [6, 8], [6, 8], [6, 8], [6, 8]]","[[8, 10], [8, 10], [8, 10], [8, 10], [8, 10]]","[[2, 2], [2, 2], [2, 2], [2, 2], [2, 2]]","[[4.0, 4.0], [4.0, 4.0], [4.0, 4.0], [4.0, 4.0], [4.0, 4.0]]",7.0,"[6.0, 8.0]",8.0,1.0,0.9954062776910395,0.45286316700003226
rounded_square--neutral,rounded_square,neutral,n1_d1_m1,factorial_combination,3.0,0.05,4,1.7,1601,delay_aware_dual_anchor,0.25,19.78484132061771,14.03428161381509,14.223148826507446,0.7655762087550975,0.7093451691821262,1.0,0.8333333333333334,2.9878182475477164,2.1901558602944164,0.7330284772482429,0.7630161523133232,0,"[[2, 4], [2, 4], [2, 4], [2, 4]]","[true, true, true, true, false]",1,2.0,0,1,1,"[[6, 8], [6, 8], [6, 8], [6, 8], [6, 8]]","[[8, 10], [8, 10], [8, 10], [8, 10], [8, 10]]","[[2, 2], [2, 2], [2, 2], [2, 2], [2, 2]]","[[1.5, 2.0], [1.5, 2.0], [1.5, 2.0], [1.5, 2.0], [1.5, 2.0]]",7.0,"[6.0, 8.0]",8.0,1.0,0.9953943896277173,0.3823602089999554
rounded_square--neutral,rounded_square,neutral,n1_d1_m1,factorial_combination,3.0,0.05,4,1.7,1627,full_trajectory,0.0,20.692040645524273,14.51431084123428,14.51431084123428,0.7492685158363013,0.7014441489787888,1.0,0.8333333333333334,3.5318644712997207,2.172686654928181,0.6151670520156273,0.7514984646190135,0,"[[0, 1, 2, 3, 4, 5], [0, 1, 2, 3, 4, 5], [0, 1, 2, 3, 4, 5], [0, 1, 2, 3, 4, 5]]","[true, true, true, true, true]",0,0.0,0,1,1,[],[],[],[],nan,[],nan,nan,nan,0.34401249999996253
rounded_square--neutral,rounded_square,neutral,n1_d1_m1,factorial_combination,3.0,0.05,4,1.7,1627,error_peak_dynamic,0.0,20.692040645524273,13.254791962504957,13.254791962504957,0.71445992202319,0.6405744213233021,1.0,0.8333333333333334,3.5318644712997207,2.613283059472652,0.7399160077371169,0.7167933070649797,2,"[[1, 4], [1, 4], [2, 4], [1, 4]]","[true, true, true, true, true]",0,0.0,0,1,1,[],[],[],[],nan,[],nan,nan,nan,0.37157008399998404
rounded_square--neutral,rounded_square,neutral,n1_d1_m1,factorial_combination,3.0,0.05,4,1.7,1627,dual_anchor_dynamic,0.0,20.692040645524273,13.077406742952999,13.254791962504957,0.71445992202319,0.6320017907843065,1.0,0.8333333333333334,3.5318644712997207,2.5921124337830705,0.7339218293473128,0.7167933070649797,2,"[[1, 4], [1, 4], [2, 4], [1, 4]]","[true, true, true, true, false]",1,2.0,0,1,1,[],[],[],[],nan,[],nan,nan,nan,0.37306283300000587
rounded_square--neutral,rounded_square,neutral,n1_d1_m1,factorial_combination,3.0,0.05,4,1.7,1627,fixed_delay_dual_anchor,1.0,20.692040645524273,13.555349045086007,13.555349045086007,0.7305493912941952,0.6550996722509365,1.0,0.8333333333333334,3.5318644712997207,2.3052154002858574,0.6526907866987154,0.7332551396240546,0,"[[1, 4], [1, 4], [1, 4], [1, 4]]","[true, true, true, true, true]",0,4.0,0,1,1,"[[4, 8], [4, 8], [4, 8], [4, 8], [4, 8]]","[[6, 10], [6, 10], [6, 10], [6, 10], [6, 10]]","[[2, 2], [2, 2], [2, 2], [2, 2], [2, 2]]","[[4.0, 4.0], [4.0, 4.0], [4.0, 4.0], [4.0, 4.0], [4.0, 4.0]]",6.0,"[4.0, 8.0]",6.0,1.0,0.9840818681556682,0.4321199590000333
rounded_square--neutral,rounded_square,neutral,n1_d1_m1,factorial_combination,3.0,0.05,4,1.7,1627,delay_aware_dual_anchor,0.25,20.692040645524273,13.456384499026736,13.456384499026736,0.7225775649459035,0.6503169372972103,1.0,0.8333333333333334,3.5318644712997207,2.478596747460267,0.7017813870270473,0.7252050653810186,0,"[[1, 4], [1, 4], [1, 4], [1, 4]]","[true, true, true, true, true]",0,4.0,0,1,1,"[[4, 8], [4, 8], [4, 8], [4, 8], [4, 8]]","[[6, 10], [6, 10], [6, 10], [6, 10], [6, 10]]","[[2, 2], [2, 2], [2, 2], [2, 2], [2, 2]]","[[1.0, 2.0], [1.0, 2.0], [1.0, 2.0], [1.0, 2.0], [1.0, 2.0]]",6.0,"[4.0, 8.0]",6.0,1.0,0.9844334489063444,0.40536283299996967
rounded_square--neutral,rounded_square,neutral,n1_d1_m1,factorial_combination,3.0,0.05,4,1.7,1657,full_trajectory,0.0,24.5665388889816,19.476739696561154,19.476739696561154,0.8079817998058918,0.792815780219521,0.8333333333333334,0.8333333333333334,3.689390836458858,2.9168226550587857,0.7905973599312137,0.8065316181834994,0,"[[0, 1, 2, 3, 4, 5], [0, 1, 2, 3, 4, 5], [0, 1, 2, 3, 4, 5], [0, 1, 2, 3, 4, 5]]","[true, true, true, true, true]",0,0.0,0,1,1,[],[],[],[],nan,[],nan,nan,nan,0.5086076669999784
rounded_square--neutral,rounded_square,neutral,n1_d1_m1,factorial_combination,3.0,0.05,4,1.7,1657,error_peak_dynamic,0.0,24.5665388889816,16.18669762204353,16.18669762204353,0.7331746258661607,0.6588920684021738,0.8333333333333334,0.8333333333333334,3.689390836458858,3.042787838111212,0.8247399023280855,0.7320215650216804,0,"[[2, 4], [2, 4], [2, 4], [2, 4]]","[true, true, true, true, true]",0,0.0,0,1,1,[],[],[],[],nan,[],nan,nan,nan,0.4100367500000175
rounded_square--neutral,rounded_square,neutral,n1_d1_m1,factorial_combination,3.0,0.05,4,1.7,1657,dual_anchor_dynamic,0.0,24.5665388889816,16.18669762204353,16.18669762204353,0.7331746258661607,0.6588920684021738,0.8333333333333334,0.8333333333333334,3.689390836458858,3.042787838111212,0.8247399023280855,0.7320215650216804,0,"[[2, 4], [2, 4], [2, 4], [2, 4]]","[true, true, true, true, true]",0,4.0,0,1,1,[],[],[],[],nan,[],nan,nan,nan,0.40874145899999803
rounded_square--neutral,rounded_square,neutral,n1_d1_m1,factorial_combination,3.0,0.05,4,1.7,1657,fixed_delay_dual_anchor,1.0,24.5665388889816,20.68252882692884,20.68252882692884,0.8814223234683122,0.8418983610347005,0.8333333333333334,0.8333333333333334,3.689390836458858,3.2222764678045897,0.8733898387673633,0.8802024393335417,0,"[[2, 4], [2, 4], [2, 4], [2, 4]]","[true, true, true, true, true]",0,4.0,0,1,1,"[[8, 9], [8, 9], [8, 9], [8, 9], [8, 9]]","[[10, 11], [10, 11], [10, 11], [10, 11], [10, 11]]","[[2, 2], [2, 2], [2, 2], [2, 2], [2, 2]]","[[4.0, 4.0], [4.0, 4.0], [4.0, 4.0], [4.0, 4.0], [4.0, 4.0]]",8.5,"[8.0, 9.0]",8.5,0.0,0.9966852479972399,0.4144441669999992
rounded_square--neutral,rounded_square,neutral,n1_d1_m1,factorial_combination,3.0,0.05,4,1.7,1657,delay_aware_dual_anchor,0.25,24.5665388889816,18.63076725497822,18.63076725497822,0.8088966573588848,0.75837981651271,0.8333333333333334,0.8333333333333334,3.689390836458858,2.9698500209000027,0.8049702925349369,0.8081802225984134,0,"[[2, 4], [2, 4], [2, 4], [2, 4]]","[true, true, true, true, true]",0,4.0,0,1,1,"[[8, 9], [8, 9], [8, 9], [8, 9], [8, 9]]","[[10, 11], [10, 11], [10, 11], [10, 11], [10, 11]]","[[2, 2], [2, 2], [2, 2], [2, 2], [2, 2]]","[[2.0, 2.25], [2.0, 2.25], [2.0, 2.25], [2.0, 2.25], [2.0, 2.25]]",8.5,"[8.0, 9.0]",8.5,0.0,0.9966053392042575,0.35755208300003005
rounded_square--neutral,rounded_square,neutral,n1_d1_m1,factorial_combination,3.0,0.05,4,1.7,1669,full_trajectory,0.0,19.34402233362423,14.054130510745203,14.054130510745203,0.7601024002333466,0.7265360982506718,1.0,0.8333333333333334,3.199325795001899,2.0781756591124068,0.6495667500818476,0.7607949584936778,0,"[[0, 1, 2, 3, 4, 5], [0, 1, 2, 3, 4, 5], [0, 1, 2, 3, 4, 5], [0, 1, 2, 3, 4, 5]]","[true, true, true, true, true]",0,0.0,0,1,1,[],[],[],[],nan,[],nan,nan,nan,0.3642891670000381
rounded_square--neutral,rounded_square,neutral,n1_d1_m1,factorial_combination,3.0,0.05,4,1.7,1669,error_peak_dynamic,0.0,19.34402233362423,11.917199766877614,11.917199766877614,0.7019567039599406,0.6160662741876005,1.0,0.8333333333333334,3.199325795001899,2.3263652186748973,0.727142331771659,0.7025757506452457,3,"[[1, 4], [2, 4], [1, 4], [2, 4]]","[true, true, true, true, true]",0,0.0,0,1,1,[],[],[],[],nan,[],nan,nan,nan,0.3616938750000145
rounded_square--neutral,rounded_square,neutral,n1_d1_m1,factorial_combination,3.0,0.05,4,1.7,1669,dual_anchor_dynamic,0.0,19.34402233362423,11.917199766877614,11.917199766877614,0.7019567039599406,0.6160662741876005,1.0,0.8333333333333334,3.199325795001899,2.3263652186748973,0.727142331771659,0.7025757506452457,3,"[[1, 4], [2, 4], [1, 4], [2, 4]]","[true, true, true, true, true]",0,4.0,0,1,1,[],[],[],[],nan,[],nan,nan,nan,0.3548264170000266
rounded_square--neutral,rounded_square,neutral,n1_d1_m1,factorial_combination,3.0,0.05,4,1.7,1669,fixed_delay_dual_anchor,1.0,19.34402233362423,12.581551298413425,12.581551298413425,0.729100906174191,0.6504102963396542,1.0,0.8333333333333334,3.199325795001899,2.151341498184225,0.6724358930700736,0.7302844516153255,2,"[[1, 4], [2, 4], [1, 4], [1, 4]]","[true, true, true, true, true]",0,4.0,0,1,1,"[[5, 8], [5, 8], [5, 8], [5, 8], [5, 8]]","[[7, 10], [7, 10], [7, 10], [7, 10], [7, 10]]","[[2, 2], [2, 2], [2, 2], [2, 2], [2, 2]]","[[4.0, 4.0], [4.0, 4.0], [4.0, 4.0], [4.0, 4.0], [4.0, 4.0]]",6.5,"[5.0, 8.0]",7.0,0.5,0.9893414370014176,0.4819794999999658
rounded_square--neutral,rounded_square,neutral,n1_d1_m1,factorial_combination,3.0,0.05,4,1.7,1669,delay_aware_dual_anchor,0.25,19.34402233362423,12.823719404804054,12.823719404804054,0.7341126045135694,0.6629293113725145,1.0,0.8333333333333334,3.199325795001899,2.2442472606170996,0.701475062065621,0.7350873732804211,1,"[[1, 4], [1, 4], [1, 4], [2, 4]]","[true, true, true, true, true]",0,4.0,0,1,1,"[[5, 8], [5, 8], [5, 8], [5, 8], [5, 8]]","[[7, 10], [7, 10], [7, 10], [7, 10], [7, 10]]","[[2, 2], [2, 2], [2, 2], [2, 2], [2, 2]]","[[1.25, 2.0], [1.25, 2.0], [1.25, 2.0], [1.25, 2.0], [1.25, 2.0]]",6.5,"[5.0, 8.0]",7.0,0.5,0.9896354947012143,0.48151145799999995
rounded_square--demand_aligned,rounded_square,demand_aligned,n1_d1_m1,factorial_combination,3.0,0.05,4,1.7,1601,full_trajectory,0.0,29.455766694995972,23.187496700327454,23.187496700327454,0.7780369029499461,0.7871971875804751,0.8333333333333334,0.8333333333333334,2.9878182475477164,2.4245686462989284,0.8114846504766209,0.7754858230589208,0,"[[0, 1, 2, 3, 4, 5], [0, 1, 2, 3, 4, 5], [0, 1, 2, 3, 4, 5], [0, 1, 2, 3, 4, 5]]","[true, true, true, true, true]",0,0.0,0,1,1,[],[],[],[],nan,[],nan,nan,nan,0.38042533399999456
rounded_square--demand_aligned,rounded_square,demand_aligned,n1_d1_m1,factorial_combination,3.0,0.05,4,1.7,1601,error_peak_dynamic,0.0,29.455766694995972,19.35441961103633,19.35441961103633,0.699054914294224,0.6570672497322677,0.8333333333333334,0.8333333333333334,2.9878182475477164,3.418884212883389,1.144274493834916,0.6952265417030272,3,"[[2, 4], [1, 4], [2, 4], [1, 4]]","[true, true, true, true, true]",0,0.0,0,1,1,[],[],[],[],nan,[],nan,nan,nan,0.32392741600000363
rounded_square--demand_aligned,rounded_square,demand_aligned,n1_d1_m1,factorial_combination,3.0,0.05,4,1.7,1601,dual_anchor_dynamic,0.0,29.455766694995972,16.886244330717922,16.886244330717922,0.6640670305550445,0.5732746495981245,0.8333333333333334,0.8333333333333334,2.9878182475477164,2.396943385089346,0.8022386860568452,0.6609347406585484,0,"[[2, 4], [2, 4], [2, 4], [2, 4]]","[true, true, true, true, true]",0,4.0,0,1,1,[],[],[],[],nan,[],nan,nan,nan,0.3453995829999599
rounded_square--demand_aligned,rounded_square,demand_aligned,n1_d1_m1,factorial_combination,3.0,0.05,4,1.7,1601,fixed_delay_dual_anchor,1.0,29.455766694995972,22.54358432704862,22.859775595110307,0.8092970349394187,0.7653368714004103,0.8333333333333334,0.8333333333333334,2.9878182475477164,2.3422811317416095,0.7839436463928359,0.8055212324912646,0,"[[2, 4], [2, 4], [2, 4], [2, 4]]","[true, true, true, true, false]",1,2.0,0,1,1,"[[6, 8], [6, 8], [6, 8], [6, 8], [6, 8]]","[[8, 10], [8, 10], [8, 10], [8, 10], [8, 10]]","[[2, 2], [2, 2], [2, 2], [2, 2], [2, 2]]","[[4.0, 4.0], [4.0, 4.0], [4.0, 4.0], [4.0, 4.0], [4.0, 4.0]]",7.0,"[6.0, 8.0]",8.0,1.0,0.9952236762209723,0.438155791999975
rounded_square--demand_aligned,rounded_square,demand_aligned,n1_d1_m1,factorial_combination,3.0,0.05,4,1.7,1601,delay_aware_dual_anchor,0.25,29.455766694995972,18.675501125002235,18.933834052046016,0.7030745405886984,0.6340185036899713,0.8333333333333334,0.8333333333333334,2.9878182475477164,2.187394312490344,0.7321042082414723,0.7004170053023024,0,"[[2, 4], [2, 4], [2, 4], [2, 4]]","[true, true, true, true, false]",1,2.0,0,1,1,"[[6, 8], [6, 8], [6, 8], [6, 8], [6, 8]]","[[8, 10], [8, 10], [8, 10], [8, 10], [8, 10]]","[[2, 2], [2, 2], [2, 2], [2, 2], [2, 2]]","[[1.5, 2.0], [1.5, 2.0], [1.5, 2.0], [1.5, 2.0], [1.5, 2.0]]",7.0,"[6.0, 8.0]",8.0,1.0,0.9953695946805377,0.376098417000037
rounded_square--demand_aligned,rounded_square,demand_aligned,n1_d1_m1,factorial_combination,3.0,0.05,4,1.7,1627,full_trajectory,0.0,27.588585699496164,20.749359249674015,20.749359249674015,0.7735429228348278,0.7520994180594386,0.8333333333333334,0.8333333333333334,3.5318644712997207,2.173422942345381,0.6153755219111124,0.7758442137738821,0,"[[0, 1, 2, 3, 4, 5], [0, 1, 2, 3, 4, 5], [0, 1, 2, 3, 4, 5], [0, 1, 2, 3, 4, 5]]","[true, true, true, true, true]",0,0.0,0,1,1,[],[],[],[],nan,[],nan,nan,nan,0.3496602080000457
rounded_square--demand_aligned,rounded_square,demand_aligned,n1_d1_m1,factorial_combination,3.0,0.05,4,1.7,1627,error_peak_dynamic,0.0,27.588585699496164,19.482533732191214,19.482533732191214,0.7389415763813266,0.7061809526737362,0.8333333333333334,0.8333333333333334,3.5318644712997207,3.6793347878705696,1.041754239940181,0.7405644737609354,2,"[[1, 4], [2, 4], [1, 4], [1, 4]]","[true, true, true, true, true]",0,0.0,0,1,1,[],[],[],[],nan,[],nan,nan,nan,0.38258216699995273
rounded_square--demand_aligned,rounded_square,demand_aligned,n1_d1_m1,factorial_combination,3.0,0.05,4,1.7,1627,dual_anchor_dynamic,0.0,27.588585699496164,17.812812393404393,18.673965983236045,0.7272608616711145,0.6456587730675044,0.8333333333333334,0.8333333333333334,3.5318644712997207,2.6223097370982185,0.7424717902986839,0.7290485783960285,2,"[[1, 4], [2, 4], [1, 4], [1, 4]]","[true, true, true, false, false]",2,1.0,0,1,1,[],[],[],[],nan,[],nan,nan,nan,0.3532127500000115
rounded_square--demand_aligned,rounded_square,demand_aligned,n1_d1_m1,factorial_combination,3.0,0.05,4,1.7,1627,fixed_delay_dual_anchor,1.0,27.588585699496164,18.077760496283947,18.077760496283947,0.738041876827965,0.6552623136681519,0.8333333333333334,0.8333333333333334,3.5318644712997207,2.247270466567054,0.6362844567872283,0.7395287712606102,2,"[[1, 4], [2, 4], [1, 4], [1, 4]]","[true, true, true, true, true]",0,4.0,0,1,1,"[[4, 8], [4, 8], [4, 8], [4, 8], [4, 8]]","[[6, 10], [6, 10], [6, 10], [6, 10], [6, 10]]","[[2, 2], [2, 2], [2, 2], [2, 2], [2, 2]]","[[4.0, 4.0], [4.0, 4.0], [4.0, 4.0], [4.0, 4.0], [4.0, 4.0]]",6.0,"[4.0, 8.0]",6.0,1.0,0.9839218255706971,0.4782948749999605
rounded_square--demand_aligned,rounded_square,demand_aligned,n1_d1_m1,factorial_combination,3.0,0.05,4,1.7,1627,delay_aware_dual_anchor,0.25,27.588585699496164,17.653446735147835,17.762980529584187,0.7220128614420942,0.6398822660731837,0.8333333333333334,0.8333333333333334,3.5318644712997207,2.3931237825486495,0.6775808647232672,0.7241614363895323,2,"[[1, 4], [1, 4], [2, 4], [1, 4]]","[true, true, true, true, false]",1,2.0,0,1,1,"[[4, 8], [4, 8], [4, 8], [4, 8], [4, 8]]","[[6, 10], [6, 10], [6, 10], [6, 10], [6, 10]]","[[2, 2], [2, 2], [2, 2], [2, 2], [2, 2]]","[[1.0, 2.0], [1.0, 2.0], [1.0, 2.0], [1.0, 2.0], [1.0, 2.0]]",6.0,"[4.0, 8.0]",6.0,1.0,0.9844080471977235,0.4078753330000495
rounded_square--demand_aligned,rounded_square,demand_aligned,n1_d1_m1,factorial_combination,3.0,0.05,4,1.7,1657,full_trajectory,0.0,37.48007590061873,26.887733996429176,26.887733996429176,0.7585307109992081,0.7173873945112611,0.8333333333333334,0.8333333333333334,3.689390836458858,2.918696962506312,0.7911053861964185,0.7586313399634946,0,"[[0, 1, 2, 3, 4, 5], [0, 1, 2, 3, 4, 5], [0, 1, 2, 3, 4, 5], [0, 1, 2, 3, 4, 5]]","[true, true, true, true, true]",0,0.0,0,1,1,[],[],[],[],nan,[],nan,nan,nan,0.3940214170000331
rounded_square--demand_aligned,rounded_square,demand_aligned,n1_d1_m1,factorial_combination,3.0,0.05,4,1.7,1657,error_peak_dynamic,0.0,37.48007590061873,26.15656313749178,26.15656313749178,0.7374879168900369,0.697879140022232,0.8333333333333334,0.8333333333333334,3.689390836458858,3.653161968620856,0.9901802575427938,0.7378234606627175,3,"[[2, 4], [1, 4], [2, 4], [1, 4]]","[true, true, true, true, true]",0,0.0,0,1,1,[],[],[],[],nan,[],nan,nan,nan,0.39194641699998556
rounded_square--demand_aligned,rounded_square,demand_aligned,n1_d1_m1,factorial_combination,3.0,0.05,4,1.7,1657,dual_anchor_dynamic,0.0,37.48007590061873,24.772927404738812,24.619936391803513,0.7302628083458591,0.6609625730328325,0.8333333333333334,0.8333333333333334,3.689390836458858,3.0816884124442554,0.8352838040336529,0.7304335949183018,0,"[[2, 4], [2, 4], [2, 4], [2, 4]]","[true, true, true, true, false]",1,2.0,0,1,1,[],[],[],[],nan,[],nan,nan,nan,0.36142320800001926
rounded_square--demand_aligned,rounded_square,demand_aligned,n1_d1_m1,factorial_combination,3.0,0.05,4,1.7,1657,fixed_delay_dual_anchor,1.0,37.48007590061873,33.120173191084405,33.06474754256689,0.9020342816988622,0.8836741227233654,0.8333333333333334,0.8333333333333334,3.689390836458858,3.2282916058615747,0.8750202266345263,0.9039317459725517,0,"[[2, 4], [2, 4], [2, 4], [2, 4]]","[true, true, true, true, false]",1,2.0,0,1,1,"[[8, 9], [8, 9], [8, 9], [8, 9], [8, 9]]","[[10, 11], [10, 11], [10, 11], [10, 11], [10, 11]]","[[2, 2], [2, 2], [2, 2], [2, 2], [2, 2]]","[[4.0, 4.0], [4.0, 4.0], [4.0, 4.0], [4.0, 4.0], [4.0, 4.0]]",8.5,"[8.0, 9.0]",8.5,0.0,0.9966469577708068,0.36552916699997695
rounded_square--demand_aligned,rounded_square,demand_aligned,n1_d1_m1,factorial_combination,3.0,0.05,4,1.7,1657,delay_aware_dual_anchor,0.25,37.48007590061873,26.04523890686844,26.04523890686844,0.7698917102218467,0.694908915764455,0.8333333333333334,0.8333333333333334,3.689390836458858,2.9686065657800853,0.804633257188172,0.7702717977230039,0,"[[2, 4], [2, 4], [2, 4], [2, 4]]","[true, true, true, true, true]",0,4.0,0,1,1,"[[8, 9], [8, 9], [8, 9], [8, 9], [8, 9]]","[[10, 11], [10, 11], [10, 11], [10, 11], [10, 11]]","[[2, 2], [2, 2], [2, 2], [2, 2], [2, 2]]","[[2.0, 2.25], [2.0, 2.25], [2.0, 2.25], [2.0, 2.25], [2.0, 2.25]]",8.5,"[8.0, 9.0]",8.5,0.0,0.9965915207405034,0.3706523749999633
rounded_square--demand_aligned,rounded_square,demand_aligned,n1_d1_m1,factorial_combination,3.0,0.05,4,1.7,1669,full_trajectory,0.0,25.92570178757955,19.604642806386206,19.604642806386206,0.7796583228345038,0.7561856171537996,0.6666666666666666,0.8333333333333334,3.199325795001899,2.0808290393988886,0.6503961061576268,0.7800784757242851,0,"[[0, 1, 2, 3, 4, 5], [0, 1, 2, 3, 4, 5], [0, 1, 2, 3, 4, 5], [0, 1, 2, 3, 4, 5]]","[true, true, true, true, true]",0,0.0,0,1,1,[],[],[],[],nan,[],nan,nan,nan,0.35952587499997435
rounded_square--demand_aligned,rounded_square,demand_aligned,n1_d1_m1,factorial_combination,3.0,0.05,4,1.7,1669,error_peak_dynamic,0.0,25.92570178757955,18.559032173081732,18.559032173081732,0.7427960454469356,0.7158545726223299,0.6666666666666666,0.8333333333333334,3.199325795001899,3.422502718039506,1.0697574855884517,0.7431254452980083,2,"[[1, 4], [2, 4], [1, 4], [1, 4]]","[true, true, true, true, true]",0,0.0,0,1,1,[],[],[],[],nan,[],nan,nan,nan,0.3686013749999688
rounded_square--demand_aligned,rounded_square,demand_aligned,n1_d1_m1,factorial_combination,3.0,0.05,4,1.7,1669,dual_anchor_dynamic,0.0,25.92570178757955,16.385764274253354,17.467535827006696,0.7328079029256876,0.6320278003854625,0.6666666666666666,0.8333333333333334,3.199325795001899,2.428528938119893,0.7590752220089081,0.7330777136239297,2,"[[1, 4], [2, 4], [1, 4], [1, 4]]","[true, true, true, false, false]",2,1.0,0,1,1,[],[],[],[],nan,[],nan,nan,nan,0.4123591670000337
rounded_square--demand_aligned,rounded_square,demand_aligned,n1_d1_m1,factorial_combination,3.0,0.05,4,1.7,1669,fixed_delay_dual_anchor,1.0,25.92570178757955,16.783409659775824,16.783409659775824,0.7500591781497792,0.6473656835710576,0.6666666666666666,0.6666666666666666,3.199325795001899,2.0299986071824714,0.6345082486922112,0.7495671483649387,3,"[[1, 4], [2, 4], [1, 4], [2, 4]]","[true, true, true, true, true]",0,4.0,0,1,1,"[[5, 8], [5, 8], [5, 8], [5, 8], [5, 8]]","[[7, 10], [7, 10], [7, 10], [7, 10], [7, 10]]","[[2, 2], [2, 2], [2, 2], [2, 2], [2, 2]]","[[4.0, 4.0], [4.0, 4.0], [4.0, 4.0], [4.0, 4.0], [4.0, 4.0]]",6.5,"[5.0, 8.0]",7.0,0.5,0.9891192177441391,0.5109761659999776
rounded_square--demand_aligned,rounded_square,demand_aligned,n1_d1_m1,factorial_combination,3.0,0.05,4,1.7,1669,delay_aware_dual_anchor,0.25,25.92570178757955,17.13453778030741,17.31524580787915,0.7384169401176945,0.6609093138807993,0.6666666666666666,0.8333333333333334,3.199325795001899,2.2922474616939317,0.71647828591729,0.7390723791288185,2,"[[1, 4], [2, 4], [1, 4], [1, 4]]","[true, true, true, true, false]",1,2.0,0,1,1,"[[5, 8], [5, 8], [5, 8], [5, 8], [5, 8]]","[[7, 10], [7, 10], [7, 10], [7, 10], [7, 10]]","[[2, 2], [2, 2], [2, 2], [2, 2], [2, 2]]","[[1.25, 2.0], [1.25, 2.0], [1.25, 2.0], [1.25, 2.0], [1.25, 2.0]]",6.5,"[5.0, 8.0]",7.0,0.5,0.9895240555413083,0.418269333000012
rounded_square--demand_conflict,rounded_square,demand_conflict,n1_d1_m1,factorial_combination,3.0,0.05,4,1.7,1601,full_trajectory,0.0,14.26554080559426,11.820597064916672,11.820597064916672,0.8017650383170287,0.8286119135617489,1.0,0.8333333333333334,2.9878182475477164,2.4276777356724053,0.812525238998372,0.8007669861231614,0,"[[0, 1, 2, 3, 4, 5], [0, 1, 2, 3, 4, 5], [0, 1, 2, 3, 4, 5], [0, 1, 2, 3, 4, 5]]","[true, true, true, true, true]",0,0.0,0,1,1,[],[],[],[],nan,[],nan,nan,nan,0.5764396249999777
rounded_square--demand_conflict,rounded_square,demand_conflict,n1_d1_m1,factorial_combination,3.0,0.05,4,1.7,1601,error_peak_dynamic,0.0,14.26554080559426,12.694303008939324,12.694303008939324,0.8297367582847804,0.889857817655341,1.0,0.8333333333333334,2.9878182475477164,2.6473696864118925,0.8860544608376862,0.8301086412131602,2,"[[2, 4], [1, 4], [2, 4], [2, 4]]","[true, true, true, true, true]",0,0.0,0,1,1,[],[],[],[],nan,[],nan,nan,nan,0.4277422080000406
rounded_square--demand_conflict,rounded_square,demand_conflict,n1_d1_m1,factorial_combination,3.0,0.05,4,1.7,1601,dual_anchor_dynamic,0.0,14.26554080559426,10.220200886706223,10.220200886706223,0.7929530758053877,0.7164257581246658,1.0,1.0,2.9878182475477164,2.6219512700774334,0.8775471105812503,0.7928075895110369,1,"[[1, 4], [1, 2], [1, 2], [1, 2]]","[true, true, false, false, true]",2,1.15,0,1,1,[],[],[],[],nan,[],nan,nan,nan,0.41786787499995626
rounded_square--demand_conflict,rounded_square,demand_conflict,n1_d1_m1,factorial_combination,3.0,0.05,4,1.7,1601,fixed_delay_dual_anchor,1.0,14.26554080559426,11.268932972202801,11.268932972202801,0.8355706176948856,0.7899408179312535,1.0,0.8333333333333334,2.9878182475477164,2.5475060072308615,0.8526308483863616,0.8339724006003832,1,"[[1, 4], [1, 2], [1, 2], [1, 2]]","[true, true, false, false, true]",2,1.15,0,1,1,"[[6, 8], [6, 8], [6, 8], [6, 8], [6, 8]]","[[8, 10], [8, 10], [8, 10], [8, 10], [8, 10]]","[[2, 2], [2, 2], [2, 2], [2, 2], [2, 2]]","[[4.0, 4.0], [4.0, 4.0], [4.0, 4.0], [4.0, 4.0], [4.0, 4.0]]",7.0,"[6.0, 8.0]",8.0,1.0,0.995459400182149,0.5127893750000112
rounded_square--demand_conflict,rounded_square,demand_conflict,n1_d1_m1,factorial_combination,3.0,0.05,4,1.7,1601,delay_aware_dual_anchor,0.25,14.26554080559426,10.136588212853237,10.26619986973974,0.7597102806458389,0.7105645941497117,1.0,0.8333333333333334,2.9878182475477164,2.3123610765504274,0.7739296319139635,0.7591213043945583,3,"[[1, 4], [1, 2], [2, 4], [1, 4]]","[true, true, true, true, false]",1,2.0,0,1,1,"[[6, 8], [6, 8], [6, 8], [6, 8], [6, 8]]","[[8, 10], [8, 10], [8, 10], [8, 10], [8, 10]]","[[2, 2], [2, 2], [2, 2], [2, 2], [2, 2]]","[[1.5, 2.0], [1.5, 2.0], [1.5, 2.0], [1.5, 2.0], [1.5, 2.0]]",7.0,"[6.0, 8.0]",8.0,1.0,0.9954963694934333,0.4911631670000247
rounded_square--demand_conflict,rounded_square,demand_conflict,n1_d1_m1,factorial_combination,3.0,0.05,4,1.7,1627,full_trajectory,0.0,14.835960694583797,9.867931892778753,9.867931892778753,0.7171096479662578,0.6651360229325267,1.0,0.8333333333333334,3.5318644712997207,2.174697635051047,0.6157364340344469,0.7175004999502469,0,"[[0, 1, 2, 3, 4, 5], [0, 1, 2, 3, 4, 5], [0, 1, 2, 3, 4, 5], [0, 1, 2, 3, 4, 5]]","[true, true, true, true, true]",0,0.0,0,1,1,[],[],[],[],nan,[],nan,nan,nan,0.4017580839999937
rounded_square--demand_conflict,rounded_square,demand_conflict,n1_d1_m1,factorial_combination,3.0,0.05,4,1.7,1627,error_peak_dynamic,0.0,14.835960694583797,9.757498978154398,9.757498978154398,0.7173822919082833,0.6576924257905721,1.0,1.0,3.5318644712997207,2.806175225847786,0.7945308345354254,0.7163173013430382,1,"[[1, 4], [1, 4], [1, 4], [2, 4]]","[true, true, true, true, true]",0,0.0,0,1,1,[],[],[],[],nan,[],nan,nan,nan,0.4119435000000067
rounded_square--demand_conflict,rounded_square,demand_conflict,n1_d1_m1,factorial_combination,3.0,0.05,4,1.7,1627,dual_anchor_dynamic,0.0,14.835960694583797,10.056508949312114,10.059421076614395,0.7292660076944685,0.6778468315154994,1.0,1.0,3.5318644712997207,2.734034377105524,0.7741051219044663,0.7281762952997102,0,"[[1, 4], [1, 4], [1, 4], [1, 4]]","[true, true, true, true, false]",1,2.0,0,1,1,[],[],[],[],nan,[],nan,nan,nan,0.41567412500000955
rounded_square--demand_conflict,rounded_square,demand_conflict,n1_d1_m1,factorial_combination,3.0,0.05,4,1.7,1627,fixed_delay_dual_anchor,1.0,14.835960694583797,9.905291266420834,9.905291266420834,0.7334703215822485,0.6676541863606437,1.0,0.8333333333333334,3.5318644712997207,2.3061506401935716,0.6529555873204024,0.7336408066155939,0,"[[1, 4], [1, 4], [1, 4], [1, 4]]","[true, true, true, true, true]",0,4.0,0,1,1,"[[4, 8], [4, 8], [4, 8], [4, 8], [4, 8]]","[[6, 10], [6, 10], [6, 10], [6, 10], [6, 10]]","[[2, 2], [2, 2], [2, 2], [2, 2], [2, 2]]","[[4.0, 4.0], [4.0, 4.0], [4.0, 4.0], [4.0, 4.0], [4.0, 4.0]]",6.0,"[4.0, 8.0]",6.0,1.0,0.9841339470459602,0.47455262500000117
rounded_square--demand_conflict,rounded_square,demand_conflict,n1_d1_m1,factorial_combination,3.0,0.05,4,1.7,1627,delay_aware_dual_anchor,0.25,14.835960694583797,9.5745783698503,9.5745783698503,0.7165950300189388,0.6453628832641567,1.0,0.8333333333333334,3.5318644712997207,2.479682901732253,0.702088917024535,0.716571929088838,0,"[[1, 4], [1, 4], [1, 4], [1, 4]]","[true, true, true, true, true]",0,4.0,0,1,1,"[[4, 8], [4, 8], [4, 8], [4, 8], [4, 8]]","[[6, 10], [6, 10], [6, 10], [6, 10], [6, 10]]","[[2, 2], [2, 2], [2, 2], [2, 2], [2, 2]]","[[1.0, 2.0], [1.0, 2.0], [1.0, 2.0], [1.0, 2.0], [1.0, 2.0]]",6.0,"[4.0, 8.0]",6.0,1.0,0.9845123513948499,0.38190870800002585
rounded_square--demand_conflict,rounded_square,demand_conflict,n1_d1_m1,factorial_combination,3.0,0.05,4,1.7,1657,full_trajectory,0.0,17.795628085954256,13.422072392909694,13.422072392909694,0.7785198289357877,0.7542342606892013,1.0,0.8333333333333334,3.689390836458858,2.917710232691966,0.7908379355905908,0.7787344663905329,0,"[[0, 1, 2, 3, 4, 5], [0, 1, 2, 3, 4, 5], [0, 1, 2, 3, 4, 5], [0, 1, 2, 3, 4, 5]]","[true, true, true, true, true]",0,0.0,0,1,1,[],[],[],[],nan,[],nan,nan,nan,0.3952512910000223
rounded_square--demand_conflict,rounded_square,demand_conflict,n1_d1_m1,factorial_combination,3.0,0.05,4,1.7,1657,error_peak_dynamic,0.0,17.795628085954256,14.029274459198687,14.029274459198687,0.779974106753424,0.7883551168543312,1.0,0.8333333333333334,3.689390836458858,3.1875020705774046,0.8639643268688836,0.7800459520751117,0,"[[2, 4], [2, 4], [2, 4], [2, 4]]","[true, true, true, true, true]",0,0.0,0,1,1,[],[],[],[],nan,[],nan,nan,nan,0.40017424999996365
rounded_square--demand_conflict,rounded_square,demand_conflict,n1_d1_m1,factorial_combination,3.0,0.05,4,1.7,1657,dual_anchor_dynamic,0.0,17.795628085954256,13.449258408226292,13.810665911187684,0.794503206907124,0.7557619401386305,1.0,0.8333333333333334,3.689390836458858,3.4186077050166213,0.9266049211250985,0.7944001582723594,1,"[[1, 4], [1, 4], [1, 4], [1, 2]]","[true, true, true, true, false]",1,2.0,0,1,1,[],[],[],[],nan,[],nan,nan,nan,0.3851870829999484
rounded_square--demand_conflict,rounded_square,demand_conflict,n1_d1_m1,factorial_combination,3.0,0.05,4,1.7,1657,fixed_delay_dual_anchor,1.0,17.795628085954256,14.352450035432351,14.975276403833604,0.8499101838863807,0.8065155085343946,1.0,0.8333333333333334,3.689390836458858,3.2250461062681723,0.8741405422266479,0.8507825350144642,1,"[[1, 4], [1, 4], [1, 4], [1, 2]]","[true, true, true, true, false]",1,2.0,0,1,1,"[[8, 9], [8, 9], [8, 9], [8, 9], [8, 9]]","[[10, 11], [10, 11], [10, 11], [10, 11], [10, 11]]","[[2, 2], [2, 2], [2, 2], [2, 2], [2, 2]]","[[4.0, 4.0], [4.0, 4.0], [4.0, 4.0], [4.0, 4.0], [4.0, 4.0]]",8.5,"[8.0, 9.0]",8.5,0.0,0.9967286184796914,0.4475329580000107
rounded_square--demand_conflict,rounded_square,demand_conflict,n1_d1_m1,factorial_combination,3.0,0.05,4,1.7,1657,delay_aware_dual_anchor,0.25,17.795628085954256,13.857459938402913,13.857459938402913,0.8280353443569934,0.7787002443223872,1.0,0.8333333333333334,3.689390836458858,3.229591998374581,0.8753726947168329,0.8284186291296982,0,"[[1, 4], [1, 4], [1, 4], [1, 4]]","[true, true, true, true, true]",0,4.0,0,1,1,"[[8, 9], [8, 9], [8, 9], [8, 9], [8, 9]]","[[10, 11], [10, 11], [10, 11], [10, 11], [10, 11]]","[[2, 2], [2, 2], [2, 2], [2, 2], [2, 2]]","[[2.0, 2.25], [2.0, 2.25], [2.0, 2.25], [2.0, 2.25], [2.0, 2.25]]",8.5,"[8.0, 9.0]",8.5,0.0,0.9967607285342012,0.4063764590000005
rounded_square--demand_conflict,rounded_square,demand_conflict,n1_d1_m1,factorial_combination,3.0,0.05,4,1.7,1669,full_trajectory,0.0,13.917546822238037,9.569672447860013,9.569672447860013,0.7252506441979971,0.6875976470630004,1.0,0.8333333333333334,3.199325795001899,2.0817083503034066,0.6506709487216106,0.7229109394596721,0,"[[0, 1, 2, 3, 4, 5], [0, 1, 2, 3, 4, 5], [0, 1, 2, 3, 4, 5], [0, 1, 2, 3, 4, 5]]","[true, true, true, true, true]",0,0.0,0,1,1,[],[],[],[],nan,[],nan,nan,nan,0.3657767079999985
rounded_square--demand_conflict,rounded_square,demand_conflict,n1_d1_m1,factorial_combination,3.0,0.05,4,1.7,1669,error_peak_dynamic,0.0,13.917546822238037,9.45823471635236,9.45823471635236,0.7048815216647693,0.679590651797887,1.0,1.0,3.199325795001899,2.709422533653535,0.8468729686380461,0.7034413807343165,2,"[[1, 4], [2, 4], [1, 4], [1, 4]]","[true, true, true, true, true]",0,0.0,0,1,1,[],[],[],[],nan,[],nan,nan,nan,0.3664971250000235
rounded_square--demand_conflict,rounded_square,demand_conflict,n1_d1_m1,factorial_combination,3.0,0.05,4,1.7,1669,dual_anchor_dynamic,0.0,13.917546822238037,9.31567603317319,9.392939082210843,0.7223831733695232,0.6693475619056811,1.0,1.0,3.199325795001899,2.5856080223271376,0.8081727801421371,0.7200110577037635,0,"[[1, 4], [1, 4], [1, 4], [1, 4]]","[true, true, true, false, false]",2,1.0,0,1,1,[],[],[],[],nan,[],nan,nan,nan,0.34972866700002214
rounded_square--demand_conflict,rounded_square,demand_conflict,n1_d1_m1,factorial_combination,3.0,0.05,4,1.7,1669,fixed_delay_dual_anchor,1.0,13.917546822238037,9.354481145192768,9.354481145192768,0.7361017564794439,0.6721357768486748,1.0,0.8333333333333334,3.199325795001899,2.207994856367117,0.690143798364182,0.7327401815456481,0,"[[1, 4], [1, 4], [1, 4], [1, 4]]","[true, true, true, true, true]",0,4.0,0,1,1,"[[5, 8], [5, 8], [5, 8], [5, 8], [5, 8]]","[[7, 10], [7, 10], [7, 10], [7, 10], [7, 10]]","[[2, 2], [2, 2], [2, 2], [2, 2], [2, 2]]","[[4.0, 4.0], [4.0, 4.0], [4.0, 4.0], [4.0, 4.0], [4.0, 4.0]]",6.5,"[5.0, 8.0]",7.0,0.5,0.9894672840110346,0.4296559160000015
rounded_square--demand_conflict,rounded_square,demand_conflict,n1_d1_m1,factorial_combination,3.0,0.05,4,1.7,1669,delay_aware_dual_anchor,0.25,13.917546822238037,9.116948562488803,9.116948562488803,0.7190795618070275,0.6550686467187854,1.0,0.8333333333333334,3.199325795001899,2.3418115812217084,0.7319703372754879,0.7161967550060613,0,"[[1, 4], [1, 4], [1, 4], [1, 4]]","[true, true, true, true, true]",0,4.0,0,1,1,"[[5, 8], [5, 8], [5, 8], [5, 8], [5, 8]]","[[7, 10], [7, 10], [7, 10], [7, 10], [7, 10]]","[[2, 2], [2, 2], [2, 2], [2, 2], [2, 2]]","[[1.25, 2.0], [1.25, 2.0], [1.25, 2.0], [1.25, 2.0], [1.25, 2.0]]",6.5,"[5.0, 8.0]",7.0,0.5,0.9896682335321776,0.3871569579999914
figure_eight--neutral,figure_eight,neutral,n1_d1_m1,factorial_combination,3.0,0.05,4,1.7,1601,full_trajectory,0.0,20.70276320173089,14.709961924916435,14.709961924916435,0.7717770725575872,0.7105313325366435,0.8333333333333334,0.8333333333333334,3.84750013597901,2.251302236034122,0.5851337638643825,0.7707701664013811,0,"[[0, 1, 2, 3, 4, 5], [0, 1, 2, 3, 4, 5], [0, 1, 2, 3, 4, 5], [0, 1, 2, 3, 4, 5]]","[true, true, true, true, true]",0,0.0,0,1,1,[],[],[],[],nan,[],nan,nan,nan,0.3695833340000263
figure_eight--neutral,figure_eight,neutral,n1_d1_m1,factorial_combination,3.0,0.05,4,1.7,1601,error_peak_dynamic,0.0,20.70276320173089,14.133720515348074,14.133720515348074,0.7546295242885646,0.6826972987918057,0.8333333333333334,0.8333333333333334,3.84750013597901,2.3858142099437605,0.620094639538377,0.7544612131021717,2,"[[2, 4], [2, 4], [3, 4], [2, 4]]","[true, true, true, true, true]",0,0.0,0,1,1,[],[],[],[],nan,[],nan,nan,nan,0.39938429099998984
figure_eight--neutral,figure_eight,neutral,n1_d1_m1,factorial_combination,3.0,0.05,4,1.7,1601,dual_anchor_dynamic,0.0,20.70276320173089,14.087636655039255,14.133720515348074,0.7546295242885646,0.6804713224880742,0.8333333333333334,0.8333333333333334,3.84750013597901,2.3272785666218665,0.6048806976922126,0.7544612131021717,2,"[[2, 4], [2, 4], [3, 4], [2, 4]]","[true, true, true, true, false]",1,2.0,0,1,1,[],[],[],[],nan,[],nan,nan,nan,0.39334558399997377
figure_eight--neutral,figure_eight,neutral,n1_d1_m1,factorial_combination,3.0,0.05,4,1.7,1601,fixed_delay_dual_anchor,1.0,20.70276320173089,15.177266736713689,15.025040243512537,0.7916317287159031,0.7331034311132326,0.8333333333333334,0.8333333333333334,3.84750013597901,2.2559382665939514,0.5863387100361778,0.790470331288546,0,"[[2, 4], [2, 4], [2, 4], [2, 4]]","[true, true, true, true, false]",1,2.0,0,1,1,"[[6, 8], [6, 8], [6, 8], [6, 8], [6, 8]]","[[8, 10], [8, 10], [8, 10], [8, 10], [8, 10]]","[[2, 2], [2, 2], [2, 2], [2, 2], [2, 2]]","[[4.0, 4.0], [4.0, 4.0], [4.0, 4.0], [4.0, 4.0], [4.0, 4.0]]",7.0,"[6.0, 8.0]",8.0,1.0,0.9972621765716931,0.46580549999998766
figure_eight--neutral,figure_eight,neutral,n1_d1_m1,factorial_combination,3.0,0.05,4,1.7,1601,delay_aware_dual_anchor,0.25,20.70276320173089,14.022152820195576,14.022152820195576,0.7539998156256551,0.6773082744347494,0.8333333333333334,0.8333333333333334,3.84750013597901,2.182242370142197,0.5671844816158578,0.7530827157277632,0,"[[2, 4], [2, 4], [2, 4], [2, 4]]","[true, true, true, true, true]",0,4.0,0,1,1,"[[6, 8], [6, 8], [6, 8], [6, 8], [6, 8]]","[[8, 10], [8, 10], [8, 10], [8, 10], [8, 10]]","[[2, 2], [2, 2], [2, 2], [2, 2], [2, 2]]","[[1.5, 2.0], [1.5, 2.0], [1.5, 2.0], [1.5, 2.0], [1.5, 2.0]]",7.0,"[6.0, 8.0]",8.0,1.0,0.9972578482165281,0.40662441599999966
figure_eight--neutral,figure_eight,neutral,n1_d1_m1,factorial_combination,3.0,0.05,4,1.7,1627,full_trajectory,0.0,21.04096239696179,15.554715395726827,15.554715395726827,0.8101060037985071,0.7392587421748756,1.0,0.8333333333333334,4.030401728125219,2.4404639830907278,0.6055138290708141,0.808209634243108,0,"[[0, 1, 2, 3, 4, 5], [0, 1, 2, 3, 4, 5], [0, 1, 2, 3, 4, 5], [0, 1, 2, 3, 4, 5]]","[true, true, true, true, true]",0,0.0,0,1,1,[],[],[],[],nan,[],nan,nan,nan,0.4194617919999928
figure_eight--neutral,figure_eight,neutral,n1_d1_m1,factorial_combination,3.0,0.05,4,1.7,1627,error_peak_dynamic,0.0,21.04096239696179,15.59563876678748,15.59563876678748,0.805800201450194,0.74120368035254,1.0,1.0,4.030401728125219,2.714934157084226,0.6736137834942584,0.8047595467065811,2,"[[2, 4], [2, 4], [3, 4], [2, 4]]","[true, true, true, true, true]",0,0.0,0,1,1,[],[],[],[],nan,[],nan,nan,nan,0.40202491700000564
figure_eight--neutral,figure_eight,neutral,n1_d1_m1,factorial_combination,3.0,0.05,4,1.7,1627,dual_anchor_dynamic,0.0,21.04096239696179,15.12655787084601,15.59563876678748,0.805800201450194,0.7189099807065009,1.0,1.0,4.030401728125219,2.5876196517973056,0.6420252437220352,0.8047595467065811,2,"[[2, 4], [2, 4], [3, 4], [2, 4]]","[true, true, true, true, false]",1,2.0,0,1,1,[],[],[],[],nan,[],nan,nan,nan,0.42184124999999995
figure_eight--neutral,figure_eight,neutral,n1_d1_m1,factorial_combination,3.0,0.05,4,1.7,1627,fixed_delay_dual_anchor,1.0,21.04096239696179,15.043602727355946,15.043602727355946,0.7838784605576927,0.7149674260873242,1.0,0.8333333333333334,4.030401728125219,2.3329966474163157,0.5788496543994714,0.7825410349745434,0,"[[2, 4], [2, 4], [2, 4], [2, 4]]","[true, true, true, true, true]",0,4.0,0,1,1,"[[4, 8], [4, 8], [4, 8], [4, 8], [4, 8]]","[[6, 10], [6, 10], [6, 10], [6, 10], [6, 10]]","[[2, 2], [2, 2], [2, 2], [2, 2], [2, 2]]","[[4.0, 4.0], [4.0, 4.0], [4.0, 4.0], [4.0, 4.0], [4.0, 4.0]]",6.0,"[4.0, 8.0]",6.0,1.0,0.9875385283053777,0.375243791999992
figure_eight--neutral,figure_eight,neutral,n1_d1_m1,factorial_combination,3.0,0.05,4,1.7,1627,delay_aware_dual_anchor,0.25,21.04096239696179,15.158598270596759,15.158598270596759,0.7914855644233956,0.7204327437411127,1.0,0.8333333333333334,4.030401728125219,2.480216698820352,0.6153770433137564,0.7899603517825776,0,"[[2, 4], [2, 4], [2, 4], [2, 4]]","[true, true, true, true, true]",0,4.0,0,1,1,"[[4, 8], [4, 8], [4, 8], [4, 8], [4, 8]]","[[6, 10], [6, 10], [6, 10], [6, 10], [6, 10]]","[[2, 2], [2, 2], [2, 2], [2, 2], [2, 2]]","[[1.0, 2.0], [1.0, 2.0], [1.0, 2.0], [1.0, 2.0], [1.0, 2.0]]",6.0,"[4.0, 8.0]",6.0,1.0,0.9873280361159067,0.44426670799998647
figure_eight--neutral,figure_eight,neutral,n1_d1_m1,factorial_combination,3.0,0.05,4,1.7,1657,full_trajectory,0.0,26.377528113242015,20.255991290730183,20.255991290730183,0.8128855190088434,0.7679260620543626,0.8333333333333334,0.8333333333333334,4.816730137059487,3.2402714210667227,0.6727118457678097,0.8124159145689449,0,"[[0, 1, 2, 3, 4, 5], [0, 1, 2, 3, 4, 5], [0, 1, 2, 3, 4, 5], [0, 1, 2, 3, 4, 5]]","[true, true, true, true, true]",0,0.0,0,1,1,[],[],[],[],nan,[],nan,nan,nan,0.3916213749999997
figure_eight--neutral,figure_eight,neutral,n1_d1_m1,factorial_combination,3.0,0.05,4,1.7,1657,error_peak_dynamic,0.0,26.377528113242015,19.866351815676502,19.866351815676502,0.8088448917647023,0.7531544172898907,0.8333333333333334,0.8333333333333334,4.816730137059487,3.4264302780321856,0.7113602341284475,0.8075371795883364,0,"[[2, 4], [2, 4], [2, 4], [2, 4]]","[true, true, true, true, true]",0,0.0,0,1,1,[],[],[],[],nan,[],nan,nan,nan,0.37040666699999747
figure_eight--neutral,figure_eight,neutral,n1_d1_m1,factorial_combination,3.0,0.05,4,1.7,1657,dual_anchor_dynamic,0.0,26.377528113242015,19.866351815676502,19.866351815676502,0.8088448917647023,0.7531544172898907,0.8333333333333334,0.8333333333333334,4.816730137059487,3.4264302780321856,0.7113602341284475,0.8075371795883364,0,"[[2, 4], [2, 4], [2, 4], [2, 4]]","[true, true, true, true, true]",0,4.0,0,1,1,[],[],[],[],nan,[],nan,nan,nan,0.3663237499999923
figure_eight--neutral,figure_eight,neutral,n1_d1_m1,factorial_combination,3.0,0.05,4,1.7,1657,fixed_delay_dual_anchor,1.0,26.377528113242015,22.467548479491658,22.467548479491658,0.8868723240169121,0.8517685350589211,0.8333333333333334,0.8333333333333334,4.816730137059487,3.4310922240549058,0.7123280994416507,0.8868401481784745,0,"[[2, 4], [2, 4], [2, 4], [2, 4]]","[true, true, true, true, true]",0,4.0,0,1,1,"[[8, 9], [8, 9], [7, 9], [7, 9], [7, 9]]","[[10, 11], [10, 11], [9, 11], [9, 11], [9, 11]]","[[2, 2], [2, 2], [2, 2], [2, 2], [2, 2]]","[[4.0, 4.0], [4.0, 4.0], [4.0, 4.0], [4.0, 4.0], [4.0, 4.0]]",8.0,"[7.0, 9.0]",8.5,0.5,0.9975784687092666,0.41840975000002345
figure_eight--neutral,figure_eight,neutral,n1_d1_m1,factorial_combination,3.0,0.05,4,1.7,1657,delay_aware_dual_anchor,0.25,26.377528113242015,20.549601363458933,20.549601363458933,0.8302142704906872,0.7790571305710275,0.8333333333333334,0.8333333333333334,4.816730137059487,3.159321176623106,0.6559057881020932,0.8294390079464591,0,"[[2, 4], [2, 4], [2, 4], [2, 4]]","[true, true, true, true, true]",0,4.0,0,1,1,"[[8, 9], [8, 9], [8, 9], [8, 9], [8, 9]]","[[10, 11], [10, 11], [10, 11], [10, 11], [10, 11]]","[[2, 2], [2, 2], [2, 2], [2, 2], [2, 2]]","[[2.0, 2.25], [2.0, 2.25], [2.0, 2.25], [2.0, 2.25], [2.0, 2.25]]",8.5,"[8.0, 9.0]",8.5,0.0,0.997654299760238,0.3993956670000216
figure_eight--neutral,figure_eight,neutral,n1_d1_m1,factorial_combination,3.0,0.05,4,1.7,1669,full_trajectory,0.0,19.886288915585933,14.177588920865292,14.177588920865292,0.7876031578847325,0.7129328645001013,1.0,0.8333333333333334,3.7827195659703294,2.1800057277109324,0.5763064614470634,0.7870991514164537,0,"[[0, 1, 2, 3, 4, 5], [0, 1, 2, 3, 4, 5], [0, 1, 2, 3, 4, 5], [0, 1, 2, 3, 4, 5]]","[true, true, true, true, true]",0,0.0,0,1,1,[],[],[],[],nan,[],nan,nan,nan,0.3667844999999943
figure_eight--neutral,figure_eight,neutral,n1_d1_m1,factorial_combination,3.0,0.05,4,1.7,1669,error_peak_dynamic,0.0,19.886288915585933,14.100387245060908,14.100387245060908,0.7804514761385244,0.7090507085014586,1.0,0.8333333333333334,3.7827195659703294,2.437958763706773,0.6444989434688365,0.7801513126220225,2,"[[2, 4], [2, 4], [3, 4], [2, 4]]","[true, true, true, true, true]",0,0.0,0,1,1,[],[],[],[],nan,[],nan,nan,nan,0.3916832090000071
figure_eight--neutral,figure_eight,neutral,n1_d1_m1,factorial_combination,3.0,0.05,4,1.7,1669,dual_anchor_dynamic,0.0,19.886288915585933,13.811894569260396,14.100387245060908,0.7804514761385244,0.6945435937237785,1.0,1.0,3.7827195659703294,2.3358643710012044,0.6175092629162471,0.7801513126220225,2,"[[2, 4], [2, 4], [3, 4], [2, 4]]","[true, true, true, true, false]",1,2.0,0,1,1,[],[],[],[],nan,[],nan,nan,nan,0.393809583999996
figure_eight--neutral,figure_eight,neutral,n1_d1_m1,factorial_combination,3.0,0.05,4,1.7,1669,fixed_delay_dual_anchor,1.0,19.886288915585933,13.653509752575848,13.653509752575848,0.7630222223598594,0.6865790701589815,1.0,0.8333333333333334,3.7827195659703294,2.0645178327874656,0.545776073743358,0.7626635848070688,0,"[[2, 4], [2, 4], [2, 4], [2, 4]]","[true, true, true, true, true]",0,4.0,0,1,1,"[[5, 8], [5, 8], [5, 8], [5, 8], [5, 8]]","[[7, 10], [7, 10], [7, 10], [7, 10], [7, 10]]","[[2, 2], [2, 2], [2, 2], [2, 2], [2, 2]]","[[4.0, 4.0], [4.0, 4.0], [4.0, 4.0], [4.0, 4.0], [4.0, 4.0]]",6.5,"[5.0, 8.0]",7.0,0.5,0.9916517802524889,0.42646704200001295
figure_eight--neutral,figure_eight,neutral,n1_d1_m1,factorial_combination,3.0,0.05,4,1.7,1669,delay_aware_dual_anchor,0.25,19.886288915585933,13.74528962951609,13.74528962951609,0.7689317816160779,0.6911943041691998,1.0,0.8333333333333334,3.7827195659703294,2.2023220057719333,0.5822059942228368,0.7684539222445178,0,"[[2, 4], [2, 4], [2, 4], [2, 4]]","[true, true, true, true, true]",0,4.0,0,1,1,"[[5, 8], [5, 8], [5, 8], [5, 8], [5, 8]]","[[7, 10], [7, 10], [7, 10], [7, 10], [7, 10]]","[[2, 2], [2, 2], [2, 2], [2, 2], [2, 2]]","[[1.25, 2.0], [1.25, 2.0], [1.25, 2.0], [1.25, 2.0], [1.25, 2.0]]",6.5,"[5.0, 8.0]",7.0,0.5,0.9915162848906977,0.4247197500000084
figure_eight--demand_aligned,figure_eight,demand_aligned,n1_d1_m1,factorial_combination,3.0,0.05,4,1.7,1601,full_trajectory,0.0,33.76528079899891,24.29605353387701,24.29605353387701,0.7774647344775334,0.7195572777406712,0.8333333333333334,0.8333333333333334,3.84750013597901,2.2508352626807535,0.5850123932765036,0.7775008352179557,0,"[[0, 1, 2, 3, 4, 5], [0, 1, 2, 3, 4, 5], [0, 1, 2, 3, 4, 5], [0, 1, 2, 3, 4, 5]]","[true, true, true, true, true]",0,0.0,0,1,1,[],[],[],[],nan,[],nan,nan,nan,0.37901462499996796
figure_eight--demand_aligned,figure_eight,demand_aligned,n1_d1_m1,factorial_combination,3.0,0.05,4,1.7,1601,error_peak_dynamic,0.0,33.76528079899891,22.18993579129333,22.18993579129333,0.735869679675459,0.6571820303639005,0.8333333333333334,0.8333333333333334,3.84750013597901,2.5993338615500883,0.6755903235046095,0.7364700105555494,2,"[[2, 4], [2, 4], [3, 4], [2, 4]]","[true, true, true, true, true]",0,0.0,0,1,1,[],[],[],[],nan,[],nan,nan,nan,0.33784354199997324
figure_eight--demand_aligned,figure_eight,demand_aligned,n1_d1_m1,factorial_combination,3.0,0.05,4,1.7,1601,dual_anchor_dynamic,0.0,33.76528079899891,23.031690456947626,23.031690456947626,0.7541660316655742,0.6821116221142305,0.8333333333333334,0.6666666666666666,3.84750013597901,2.3870641738970217,0.6204195164478207,0.7544987849110503,2,"[[2, 4], [2, 4], [3, 4], [2, 4]]","[true, true, true, true, true]",0,4.0,0,1,1,[],[],[],[],nan,[],nan,nan,nan,0.4048623330000396
figure_eight--demand_aligned,figure_eight,demand_aligned,n1_d1_m1,factorial_combination,3.0,0.05,4,1.7,1601,fixed_delay_dual_anchor,1.0,33.76528079899891,25.161140856321495,25.161140856321495,0.8073594543497624,0.7451778945983913,0.8333333333333334,0.8333333333333334,3.84750013597901,2.209198328807053,0.574190578487118,0.8066292639114916,0,"[[2, 4], [2, 4], [2, 4], [2, 4]]","[true, true, true, true, true]",0,4.0,0,1,1,"[[6, 8], [6, 8], [6, 8], [6, 8], [6, 8]]","[[8, 10], [8, 10], [8, 10], [8, 10], [8, 10]]","[[2, 2], [2, 2], [2, 2], [2, 2], [2, 2]]","[[4.0, 4.0], [4.0, 4.0], [4.0, 4.0], [4.0, 4.0], [4.0, 4.0]]",7.0,"[6.0, 8.0]",8.0,1.0,0.9972864388352163,0.4443563330000302
figure_eight--demand_aligned,figure_eight,demand_aligned,n1_d1_m1,factorial_combination,3.0,0.05,4,1.7,1601,delay_aware_dual_anchor,0.25,33.76528079899891,23.168622710875688,23.168622710875688,0.761570819647684,0.6861670379344988,0.8333333333333334,0.8333333333333334,3.84750013597901,2.1820418967759774,0.5671323767791756,0.7617255253177988,0,"[[2, 4], [2, 4], [2, 4], [2, 4]]","[true, true, true, true, true]",0,4.0,0,1,1,"[[6, 8], [6, 8], [6, 8], [6, 8], [6, 8]]","[[8, 10], [8, 10], [8, 10], [8, 10], [8, 10]]","[[2, 2], [2, 2], [2, 2], [2, 2], [2, 2]]","[[1.5, 2.0], [1.5, 2.0], [1.5, 2.0], [1.5, 2.0], [1.5, 2.0]]",7.0,"[6.0, 8.0]",8.0,1.0,0.9972983665597084,0.4010273330000018
figure_eight--demand_aligned,figure_eight,demand_aligned,n1_d1_m1,factorial_combination,3.0,0.05,4,1.7,1627,full_trajectory,0.0,34.094601430992995,25.613052938831974,25.613052938831974,0.8179332988177552,0.7512348543118312,1.0,0.8333333333333334,4.030401728125219,2.439950531622983,0.605386434457974,0.8155287483654122,0,"[[0, 1, 2, 3, 4, 5], [0, 1, 2, 3, 4, 5], [0, 1, 2, 3, 4, 5], [0, 1, 2, 3, 4, 5]]","[true, true, true, true, true]",0,0.0,0,1,1,[],[],[],[],nan,[],nan,nan,nan,0.3969338329999914
figure_eight--demand_aligned,figure_eight,demand_aligned,n1_d1_m1,factorial_combination,3.0,0.05,4,1.7,1627,error_peak_dynamic,0.0,34.094601430992995,22.251106882063954,22.251106882063954,0.7731070044030088,0.6526284499057685,1.0,0.8333333333333334,4.030401728125219,2.7617472303711477,0.6852287728786285,0.7709022598911941,3,"[[2, 4], [3, 4], [2, 4], [3, 4]]","[true, true, true, true, true]",0,0.0,0,1,1,[],[],[],[],nan,[],nan,nan,nan,0.3009283339999911
figure_eight--demand_aligned,figure_eight,demand_aligned,n1_d1_m1,factorial_combination,3.0,0.05,4,1.7,1627,dual_anchor_dynamic,0.0,34.094601430992995,24.770096299883697,25.37137103957352,0.806547972349378,0.7265108040643335,1.0,0.8333333333333334,4.030401728125219,2.5890464314553783,0.6423792480507144,0.80342476760712,2,"[[2, 4], [2, 4], [3, 4], [2, 4]]","[true, true, true, true, false]",1,2.0,0,1,1,[],[],[],[],nan,[],nan,nan,nan,0.3818598329999645
figure_eight--demand_aligned,figure_eight,demand_aligned,n1_d1_m1,factorial_combination,3.0,0.05,4,1.7,1627,fixed_delay_dual_anchor,1.0,34.094601430992995,24.91354418111331,24.91354418111331,0.7962332885976351,0.7307181528881627,1.0,0.6666666666666666,4.030401728125219,2.333340829388732,0.578935050842713,0.7944066931778578,0,"[[2, 4], [2, 4], [2, 4], [2, 4]]","[true, true, true, true, true]",0,4.0,0,1,1,"[[4, 8], [4, 8], [4, 8], [4, 8], [4, 8]]","[[6, 10], [6, 10], [6, 10], [6, 10], [6, 10]]","[[2, 2], [2, 2], [2, 2], [2, 2], [2, 2]]","[[4.0, 4.0], [4.0, 4.0], [4.0, 4.0], [4.0, 4.0], [4.0, 4.0]]",6.0,"[4.0, 8.0]",6.0,1.0,0.9875912564460765,0.4054072920000067
figure_eight--demand_aligned,figure_eight,demand_aligned,n1_d1_m1,factorial_combination,3.0,0.05,4,1.7,1627,delay_aware_dual_anchor,0.25,34.094601430992995,24.903221594301684,24.903221594301684,0.799436003410365,0.730415389800214,1.0,0.8333333333333334,4.030401728125219,2.481284220880055,0.615641910721949,0.7970626125261111,0,"[[2, 4], [2, 4], [2, 4], [2, 4]]","[true, true, true, true, true]",0,4.0,0,1,1,"[[4, 8], [4, 8], [4, 8], [4, 8], [4, 8]]","[[6, 10], [6, 10], [6, 10], [6, 10], [6, 10]]","[[2, 2], [2, 2], [2, 2], [2, 2], [2, 2]]","[[1.0, 2.0], [1.0, 2.0], [1.0, 2.0], [1.0, 2.0], [1.0, 2.0]]",6.0,"[4.0, 8.0]",6.0,1.0,0.9873993377037739,0.412349249999977
figure_eight--demand_aligned,figure_eight,demand_aligned,n1_d1_m1,factorial_combination,3.0,0.05,4,1.7,1657,full_trajectory,0.0,43.148643899341764,33.483899691614226,33.483899691614226,0.8183757196538063,0.7760127935822573,0.8333333333333334,0.8333333333333334,4.816730137059487,3.239525768618911,0.6725570410711391,0.8180774314280727,0,"[[0, 1, 2, 3, 4, 5], [0, 1, 2, 3, 4, 5], [0, 1, 2, 3, 4, 5], [0, 1, 2, 3, 4, 5]]","[true, true, true, true, true]",0,0.0,0,1,1,[],[],[],[],nan,[],nan,nan,nan,0.36641579100000854
figure_eight--demand_aligned,figure_eight,demand_aligned,n1_d1_m1,factorial_combination,3.0,0.05,4,1.7,1657,error_peak_dynamic,0.0,43.148643899341764,33.04142806060721,33.04142806060721,0.8146673729280176,0.7657582040744335,0.8333333333333334,0.8333333333333334,4.816730137059487,3.829711705103675,0.7950853786966845,0.8143613847304968,0,"[[2, 4], [2, 4], [2, 4], [2, 4]]","[true, true, true, true, true]",0,0.0,0,1,1,[],[],[],[],nan,[],nan,nan,nan,0.2484483750000095
figure_eight--demand_aligned,figure_eight,demand_aligned,n1_d1_m1,factorial_combination,3.0,0.05,4,1.7,1657,dual_anchor_dynamic,0.0,43.148643899341764,32.41515760825855,32.41515760825855,0.8087786754658309,0.751243948335374,0.8333333333333334,0.8333333333333334,4.816730137059487,3.4267457370152425,0.7114257264799143,0.8085162578087741,0,"[[2, 4], [2, 4], [2, 4], [2, 4]]","[true, true, true, true, true]",0,4.0,0,1,1,[],[],[],[],nan,[],nan,nan,nan,0.3931003330000067
figure_eight--demand_aligned,figure_eight,demand_aligned,n1_d1_m1,factorial_combination,3.0,0.05,4,1.7,1657,fixed_delay_dual_anchor,1.0,43.148643899341764,37.43279895928416,37.43279895928416,0.8995806531898698,0.867531295922262,0.8333333333333334,0.8333333333333334,4.816730137059487,3.4303073728333926,0.7121651566985074,0.898859853263745,0,"[[2, 4], [2, 4], [2, 4], [2, 4]]","[true, true, true, true, true]",0,4.0,0,1,1,"[[8, 9], [8, 9], [8, 9], [7, 9], [7, 9]]","[[10, 11], [10, 11], [10, 11], [9, 11], [9, 11]]","[[2, 2], [2, 2], [2, 2], [2, 2], [2, 2]]","[[4.0, 4.0], [4.0, 4.0], [4.0, 4.0], [4.0, 4.0], [4.0, 4.0]]",8.5,"[8.0, 9.0]",8.5,0.0,0.9976450660371513,0.4351612080000109
figure_eight--demand_aligned,figure_eight,demand_aligned,n1_d1_m1,factorial_combination,3.0,0.05,4,1.7,1657,delay_aware_dual_anchor,0.25,43.148643899341764,34.07068425388307,34.07068425388307,0.8386984445051937,0.7896119362027696,0.8333333333333334,0.8333333333333334,4.816730137059487,3.1592136184009845,0.6558834579696047,0.8384810756045938,0,"[[2, 4], [2, 4], [2, 4], [2, 4]]","[true, true, true, true, true]",0,4.0,0,1,1,"[[8, 9], [8, 9], [8, 9], [8, 9], [8, 9]]","[[10, 11], [10, 11], [10, 11], [10, 11], [10, 11]]","[[2, 2], [2, 2], [2, 2], [2, 2], [2, 2]]","[[2.0, 2.25], [2.0, 2.25], [2.0, 2.25], [2.0, 2.25], [2.0, 2.25]]",8.5,"[8.0, 9.0]",8.5,0.0,0.9976940560809126,0.42729479100000844
figure_eight--demand_aligned,figure_eight,demand_aligned,n1_d1_m1,factorial_combination,3.0,0.05,4,1.7,1669,full_trajectory,0.0,32.26996423949436,23.3928527693595,23.3928527693595,0.7949470169122377,0.7249110223905859,0.8333333333333334,0.8333333333333334,3.7827195659703294,2.180557034702047,0.5764522050004778,0.7944471121404297,0,"[[0, 1, 2, 3, 4, 5], [0, 1, 2, 3, 4, 5], [0, 1, 2, 3, 4, 5], [0, 1, 2, 3, 4, 5]]","[true, true, true, true, true]",0,0.0,0,1,1,[],[],[],[],nan,[],nan,nan,nan,0.3841617080000219
figure_eight--demand_aligned,figure_eight,demand_aligned,n1_d1_m1,factorial_combination,3.0,0.05,4,1.7,1669,error_peak_dynamic,0.0,32.26996423949436,20.066975852323417,20.066975852323417,0.7464572027696602,0.6218468574490694,0.8333333333333334,0.6666666666666666,3.7827195659703294,2.4678915484038115,0.6524119764534427,0.7460653268570925,3,"[[2, 4], [3, 4], [2, 4], [3, 4]]","[true, true, true, true, true]",0,0.0,0,1,1,[],[],[],[],nan,[],nan,nan,nan,0.30676995800001805
figure_eight--demand_aligned,figure_eight,demand_aligned,n1_d1_m1,factorial_combination,3.0,0.05,4,1.7,1669,dual_anchor_dynamic,0.0,32.26996423949436,22.622962800035562,22.919164612442813,0.7804577155005026,0.701053234274983,0.8333333333333334,0.8333333333333334,3.7827195659703294,2.3334981804270294,0.6168837366162112,0.7799670948116729,2,"[[2, 4], [2, 4], [3, 4], [2, 4]]","[true, true, true, true, false]",1,2.0,0,1,1,[],[],[],[],nan,[],nan,nan,nan,0.39558825000000297
figure_eight--demand_aligned,figure_eight,demand_aligned,n1_d1_m1,factorial_combination,3.0,0.05,4,1.7,1669,fixed_delay_dual_anchor,1.0,32.26996423949436,22.69254378113002,22.69254378113002,0.7762302294015173,0.703209449279687,0.8333333333333334,0.6666666666666666,3.7827195659703294,2.0649645289401732,0.5458941623684641,0.7756354934244205,0,"[[2, 4], [2, 4], [2, 4], [2, 4]]","[true, true, true, true, true]",0,4.0,0,1,1,"[[5, 8], [5, 8], [5, 8], [5, 8], [5, 8]]","[[7, 10], [7, 10], [7, 10], [7, 10], [7, 10]]","[[2, 2], [2, 2], [2, 2], [2, 2], [2, 2]]","[[4.0, 4.0], [4.0, 4.0], [4.0, 4.0], [4.0, 4.0], [4.0, 4.0]]",6.5,"[5.0, 8.0]",7.0,0.5,0.9916143930510444,0.4318377079999891
figure_eight--demand_aligned,figure_eight,demand_aligned,n1_d1_m1,factorial_combination,3.0,0.05,4,1.7,1669,delay_aware_dual_anchor,0.25,32.26996423949436,22.655253869127023,22.655253869127023,0.7780716920179853,0.7020538882841356,0.8333333333333334,0.8333333333333334,3.7827195659703294,2.203600701771959,0.5825440303837853,0.7775007692068053,0,"[[2, 4], [2, 4], [2, 4], [2, 4]]","[true, true, true, true, true]",0,4.0,0,1,1,"[[5, 8], [5, 8], [5, 8], [5, 8], [5, 8]]","[[7, 10], [7, 10], [7, 10], [7, 10], [7, 10]]","[[2, 2], [2, 2], [2, 2], [2, 2], [2, 2]]","[[1.25, 2.0], [1.25, 2.0], [1.25, 2.0], [1.25, 2.0], [1.25, 2.0]]",6.5,"[5.0, 8.0]",7.0,0.5,0.9915260391939347,0.43940462500000876
figure_eight--demand_conflict,figure_eight,demand_conflict,n1_d1_m1,factorial_combination,3.0,0.05,4,1.7,1601,full_trajectory,0.0,13.18285542388898,8.210086589632976,8.210086589632976,0.7080317751921419,0.6227851497753114,1.0,1.0,3.84750013597901,2.2509555172871925,0.5850436485337326,0.7088242030427697,0,"[[0, 1, 2, 3, 4, 5], [0, 1, 2, 3, 4, 5], [0, 1, 2, 3, 4, 5], [0, 1, 2, 3, 4, 5]]","[true, true, true, true, true]",0,0.0,0,1,1,[],[],[],[],nan,[],nan,nan,nan,0.38574204200000395
figure_eight--demand_conflict,figure_eight,demand_conflict,n1_d1_m1,factorial_combination,3.0,0.05,4,1.7,1601,error_peak_dynamic,0.0,13.18285542388898,9.140398974657248,9.140398974657248,0.7469211340852229,0.6933550191329341,1.0,1.0,3.84750013597901,2.4676240774291696,0.6413577622398898,0.7465734122016983,2,"[[2, 4], [2, 4], [3, 4], [2, 4]]","[true, true, true, true, true]",0,0.0,0,1,1,[],[],[],[],nan,[],nan,nan,nan,0.38139366699999755
figure_eight--demand_conflict,figure_eight,demand_conflict,n1_d1_m1,factorial_combination,3.0,0.05,4,1.7,1601,dual_anchor_dynamic,0.0,13.18285542388898,7.944959379798827,8.404457594325905,0.7217290506617801,0.6026736336197367,1.0,1.0,3.84750013597901,2.3270599022888665,0.6048238648591335,0.7214431484906924,2,"[[2, 4], [2, 4], [3, 4], [2, 4]]","[true, true, true, true, false]",1,2.0,0,1,1,[],[],[],[],nan,[],nan,nan,nan,0.41938141700001097
figure_eight--demand_conflict,figure_eight,demand_conflict,n1_d1_m1,factorial_combination,3.0,0.05,4,1.7,1601,fixed_delay_dual_anchor,1.0,13.18285542388898,8.205835562425335,8.205835562425335,0.6995775995695358,0.6224626834301267,1.0,0.8333333333333334,3.84750013597901,2.2097033391648475,0.5743218352356421,0.700268618678398,0,"[[2, 4], [2, 4], [2, 4], [2, 4]]","[true, true, true, true, true]",0,4.0,0,1,1,"[[6, 8], [6, 8], [6, 8], [6, 8], [6, 8]]","[[8, 10], [8, 10], [8, 10], [8, 10], [8, 10]]","[[2, 2], [2, 2], [2, 2], [2, 2], [2, 2]]","[[4.0, 4.0], [4.0, 4.0], [4.0, 4.0], [4.0, 4.0], [4.0, 4.0]]",7.0,"[6.0, 8.0]",8.0,1.0,0.9972536095454672,0.4421375830000329
figure_eight--demand_conflict,figure_eight,demand_conflict,n1_d1_m1,factorial_combination,3.0,0.05,4,1.7,1601,delay_aware_dual_anchor,0.25,13.18285542388898,7.83688254585431,7.83688254585431,0.6822028507306575,0.5944753464907838,1.0,1.0,3.84750013597901,2.180922155686904,0.56684134596709,0.6823779635944198,0,"[[2, 4], [2, 4], [2, 4], [2, 4]]","[true, true, true, true, true]",0,4.0,0,1,1,"[[6, 8], [6, 8], [6, 8], [6, 8], [6, 8]]","[[8, 10], [8, 10], [8, 10], [8, 10], [8, 10]]","[[2, 2], [2, 2], [2, 2], [2, 2], [2, 2]]","[[1.5, 2.0], [1.5, 2.0], [1.5, 2.0], [1.5, 2.0], [1.5, 2.0]]",7.0,"[6.0, 8.0]",8.0,1.0,0.9972677086597064,0.42386512500002027
figure_eight--demand_conflict,figure_eight,demand_conflict,n1_d1_m1,factorial_combination,3.0,0.05,4,1.7,1627,full_trajectory,0.0,14.012017813742952,8.855810175465422,8.855810175465422,0.7359179473057671,0.6320153380607085,1.0,1.0,4.030401728125219,2.4402986559993267,0.6054728090677094,0.7386412673451203,0,"[[0, 1, 2, 3, 4, 5], [0, 1, 2, 3, 4, 5], [0, 1, 2, 3, 4, 5], [0, 1, 2, 3, 4, 5]]","[true, true, true, true, true]",0,0.0,0,1,1,[],[],[],[],nan,[],nan,nan,nan,0.4139722500000289
figure_eight--demand_conflict,figure_eight,demand_conflict,n1_d1_m1,factorial_combination,3.0,0.05,4,1.7,1627,error_peak_dynamic,0.0,14.012017813742952,8.373827740061532,8.373827740061532,0.7440686397984307,0.5976175488335808,1.0,1.0,4.030401728125219,2.5179546636426355,0.6247403691973621,0.7457973793570408,3,"[[2, 4], [3, 4], [2, 4], [3, 4]]","[true, true, true, true, true]",0,0.0,0,1,1,[],[],[],[],nan,[],nan,nan,nan,0.4572870829999829
figure_eight--demand_conflict,figure_eight,demand_conflict,n1_d1_m1,factorial_combination,3.0,0.05,4,1.7,1627,dual_anchor_dynamic,0.0,14.012017813742952,11.025973012066142,11.203947165264939,0.8214707268453199,0.7868940190221494,1.0,1.0,4.030401728125219,3.22275391270343,0.7996110884466412,0.8234050247676066,0,"[[2, 4], [2, 4], [2, 4], [2, 4]]","[true, true, false, false, false]",3,0.5,0,1,1,[],[],[],[],nan,[],nan,nan,nan,0.3765261670000086
figure_eight--demand_conflict,figure_eight,demand_conflict,n1_d1_m1,factorial_combination,3.0,0.05,4,1.7,1627,fixed_delay_dual_anchor,1.0,14.012017813742952,8.341608253758782,8.341608253758782,0.6842519534662913,0.59531813081035,1.0,1.0,4.030401728125219,2.3325950094935424,0.5787500023176528,0.6854994171110089,0,"[[2, 4], [2, 4], [2, 4], [2, 4]]","[true, true, true, true, true]",0,4.0,0,1,1,"[[4, 8], [4, 8], [4, 8], [4, 8], [4, 8]]","[[6, 10], [6, 10], [6, 10], [6, 10], [6, 10]]","[[2, 2], [2, 2], [2, 2], [2, 2], [2, 2]]","[[4.0, 4.0], [4.0, 4.0], [4.0, 4.0], [4.0, 4.0], [4.0, 4.0]]",6.0,"[4.0, 8.0]",6.0,1.0,0.9875603747531401,0.3943600419999598
figure_eight--demand_conflict,figure_eight,demand_conflict,n1_d1_m1,factorial_combination,3.0,0.05,4,1.7,1627,delay_aware_dual_anchor,0.25,14.012017813742952,8.557338463551158,8.557338463551158,0.704915188202765,0.6107142152758428,1.0,1.0,4.030401728125219,2.48144559169436,0.6156819491164294,0.7069229557278671,0,"[[2, 4], [2, 4], [2, 4], [2, 4]]","[true, true, true, true, true]",0,4.0,0,1,1,"[[4, 8], [4, 8], [4, 8], [4, 8], [4, 8]]","[[6, 10], [6, 10], [6, 10], [6, 10], [6, 10]]","[[2, 2], [2, 2], [2, 2], [2, 2], [2, 2]]","[[1.0, 2.0], [1.0, 2.0], [1.0, 2.0], [1.0, 2.0], [1.0, 2.0]]",6.0,"[4.0, 8.0]",6.0,1.0,0.9873604805287458,0.42553424999999834
figure_eight--demand_conflict,figure_eight,demand_conflict,n1_d1_m1,factorial_combination,3.0,0.05,4,1.7,1657,full_trajectory,0.0,16.21270067137555,11.533855873587807,11.533855873587807,0.7785681606657906,0.711408673198506,0.8333333333333334,0.8333333333333334,4.816730137059487,3.2404203474033793,0.672742764323016,0.7788414780501389,0,"[[0, 1, 2, 3, 4, 5], [0, 1, 2, 3, 4, 5], [0, 1, 2, 3, 4, 5], [0, 1, 2, 3, 4, 5]]","[true, true, true, true, true]",0,0.0,0,1,1,[],[],[],[],nan,[],nan,nan,nan,0.3767969170000356
figure_eight--demand_conflict,figure_eight,demand_conflict,n1_d1_m1,factorial_combination,3.0,0.05,4,1.7,1657,error_peak_dynamic,0.0,16.21270067137555,11.80080772054036,11.80080772054036,0.7862741322373633,0.7278742733698501,0.8333333333333334,1.0,4.816730137059487,3.504047858714386,0.7274743984003916,0.7867766759828158,0,"[[2, 4], [2, 4], [2, 4], [2, 4]]","[true, true, true, true, true]",0,0.0,0,1,1,[],[],[],[],nan,[],nan,nan,nan,0.3914807909999922
figure_eight--demand_conflict,figure_eight,demand_conflict,n1_d1_m1,factorial_combination,3.0,0.05,4,1.7,1657,dual_anchor_dynamic,0.0,16.21270067137555,11.77889692540937,11.77889692540937,0.7843999312670201,0.7265228146847665,0.8333333333333334,0.8333333333333334,4.816730137059487,3.426888778946693,0.7114554233753974,0.7848652720793603,0,"[[2, 4], [2, 4], [2, 4], [2, 4]]","[true, true, true, true, true]",0,4.0,0,1,1,[],[],[],[],nan,[],nan,nan,nan,0.407834916000013
figure_eight--demand_conflict,figure_eight,demand_conflict,n1_d1_m1,factorial_combination,3.0,0.05,4,1.7,1657,fixed_delay_dual_anchor,1.0,16.21270067137555,12.322336847902076,12.322336847902076,0.8087310354031395,0.7600422099729421,0.8333333333333334,0.8333333333333334,4.816730137059487,3.4306656187029843,0.7122395320235511,0.8077649596213076,0,"[[2, 4], [2, 4], [2, 4], [2, 4]]","[true, true, true, true, true]",0,4.0,0,1,1,"[[8, 9], [8, 9], [8, 9], [7, 9], [7, 9]]","[[10, 11], [10, 11], [10, 11], [9, 11], [9, 11]]","[[2, 2], [2, 2], [2, 2], [2, 2], [2, 2]]","[[4.0, 4.0], [4.0, 4.0], [4.0, 4.0], [4.0, 4.0], [4.0, 4.0]]",8.5,"[8.0, 9.0]",8.5,0.0,0.9976128356313027,0.41174275000003036
figure_eight--demand_conflict,figure_eight,demand_conflict,n1_d1_m1,factorial_combination,3.0,0.05,4,1.7,1657,delay_aware_dual_anchor,0.25,16.21270067137555,11.340806493973503,11.340806493973503,0.769457494343129,0.6995013800505393,0.8333333333333334,1.0,4.816730137059487,3.1596410188307575,0.6559721904535952,0.7692029974707739,0,"[[2, 4], [2, 4], [2, 4], [2, 4]]","[true, true, true, true, true]",0,4.0,0,1,1,"[[8, 9], [8, 9], [8, 9], [8, 9], [8, 9]]","[[10, 11], [10, 11], [10, 11], [10, 11], [10, 11]]","[[2, 2], [2, 2], [2, 2], [2, 2], [2, 2]]","[[2.0, 2.25], [2.0, 2.25], [2.0, 2.25], [2.0, 2.25], [2.0, 2.25]]",8.5,"[8.0, 9.0]",8.5,0.0,0.9976769185372611,0.4287969580000208
figure_eight--demand_conflict,figure_eight,demand_conflict,n1_d1_m1,factorial_combination,3.0,0.05,4,1.7,1669,full_trajectory,0.0,13.152089885909724,7.939532648427685,7.939532648427685,0.7135713106909582,0.6036708019258272,1.0,1.0,3.7827195659703294,2.1807692357633033,0.5765083024873667,0.715191021186269,0,"[[0, 1, 2, 3, 4, 5], [0, 1, 2, 3, 4, 5], [0, 1, 2, 3, 4, 5], [0, 1, 2, 3, 4, 5]]","[true, true, true, true, true]",0,0.0,0,1,1,[],[],[],[],nan,[],nan,nan,nan,0.43302833299998156
figure_eight--demand_conflict,figure_eight,demand_conflict,n1_d1_m1,factorial_combination,3.0,0.05,4,1.7,1669,error_peak_dynamic,0.0,13.152089885909724,9.03424856529212,9.03424856529212,0.7641676880514954,0.6869059323393778,1.0,1.0,3.7827195659703294,2.47269936073964,0.6536829700473321,0.7646431374970488,2,"[[2, 4], [2, 4], [3, 4], [2, 4]]","[true, true, true, true, true]",0,0.0,0,1,1,[],[],[],[],nan,[],nan,nan,nan,0.36716350000000375
figure_eight--demand_conflict,figure_eight,demand_conflict,n1_d1_m1,factorial_combination,3.0,0.05,4,1.7,1669,dual_anchor_dynamic,0.0,13.152089885909724,10.024329725527789,10.190593579724005,0.8005337007679907,0.7621853114209013,1.0,1.0,3.7827195659703294,2.936011302462123,0.7761641462599378,0.8022632562352381,0,"[[2, 4], [2, 4], [2, 4], [2, 4]]","[true, true, false, false, false]",3,0.5,0,1,1,[],[],[],[],nan,[],nan,nan,nan,0.4585064170000237
figure_eight--demand_conflict,figure_eight,demand_conflict,n1_d1_m1,factorial_combination,3.0,0.05,4,1.7,1669,fixed_delay_dual_anchor,1.0,13.152089885909724,7.524743421986907,7.524743421986907,0.6636088013654746,0.5721329071852236,1.0,0.8333333333333334,3.7827195659703294,2.064232194930574,0.5457005625002139,0.6646105928623944,0,"[[2, 4], [2, 4], [2, 4], [2, 4]]","[true, true, true, true, true]",0,4.0,0,1,1,"[[5, 8], [5, 8], [5, 8], [5, 8], [5, 8]]","[[7, 10], [7, 10], [7, 10], [7, 10], [7, 10]]","[[2, 2], [2, 2], [2, 2], [2, 2], [2, 2]]","[[4.0, 4.0], [4.0, 4.0], [4.0, 4.0], [4.0, 4.0], [4.0, 4.0]]",6.5,"[5.0, 8.0]",7.0,0.5,0.9916307310022268,0.39318908400002783
figure_eight--demand_conflict,figure_eight,demand_conflict,n1_d1_m1,factorial_combination,3.0,0.05,4,1.7,1669,delay_aware_dual_anchor,0.25,13.152089885909724,7.761234264427206,7.761234264427206,0.6841213191572608,0.5901141439690187,1.0,1.0,3.7827195659703294,2.2045411694638326,0.582792652486342,0.6860938010774881,0,"[[2, 4], [2, 4], [2, 4], [2, 4]]","[true, true, true, true, true]",0,4.0,0,1,1,"[[5, 8], [5, 8], [5, 8], [5, 8], [5, 8]]","[[7, 10], [7, 10], [7, 10], [7, 10], [7, 10]]","[[2, 2], [2, 2], [2, 2], [2, 2], [2, 2]]","[[1.25, 2.0], [1.25, 2.0], [1.25, 2.0], [1.25, 2.0], [1.25, 2.0]]",6.5,"[5.0, 8.0]",7.0,0.5,0.9915225254648563,0.4342370829999709
s_curve--neutral,s_curve,neutral,n1_d1_m1,factorial_combination,3.0,0.05,4,1.7,1601,full_trajectory,0.0,11.37366508287467,6.014504223912816,6.014504223912816,0.6777414570120912,0.5288096827265343,0.6666666666666666,0.6666666666666666,1.7190139309276884,1.258622734820111,0.7321771581809572,0.6800287310636918,0,"[[0, 1, 2, 3, 4, 5], [0, 1, 2, 3, 4, 5], [0, 1, 2, 3, 4, 5], [0, 1, 2, 3, 4, 5]]","[true, true, true, true, true]",0,0.0,0,1,1,[],[],[],[],nan,[],nan,nan,nan,0.31836916600002496
s_curve--neutral,s_curve,neutral,n1_d1_m1,factorial_combination,3.0,0.05,4,1.7,1601,error_peak_dynamic,0.0,11.37366508287467,5.0497396697783525,5.0497396697783525,0.6553645203631158,0.44398526182925385,0.6666666666666666,0.5,1.7190139309276884,1.3906137320726601,0.8089601294401362,0.6570525361878835,3,"[[2, 4], [3, 4], [2, 4], [3, 4]]","[true, true, true, true, true]",0,0.0,0,1,1,[],[],[],[],nan,[],nan,nan,nan,0.2998694579999892
s_curve--neutral,s_curve,neutral,n1_d1_m1,factorial_combination,3.0,0.05,4,1.7,1601,dual_anchor_dynamic,0.0,11.37366508287467,5.0497396697783525,5.0497396697783525,0.6553645203631158,0.44398526182925385,0.6666666666666666,0.5,1.7190139309276884,1.3906137320726601,0.8089601294401362,0.6570525361878835,3,"[[2, 4], [3, 4], [2, 4], [3, 4]]","[true, true, true, true, true]",0,4.0,0,1,1,[],[],[],[],nan,[],nan,nan,nan,0.30268749999999045
s_curve--neutral,s_curve,neutral,n1_d1_m1,factorial_combination,3.0,0.05,4,1.7,1601,fixed_delay_dual_anchor,1.0,11.37366508287467,4.113855019203604,4.113855019203604,0.6060916630309565,0.36170003154021446,0.6666666666666666,0.6666666666666666,1.7190139309276884,1.1978540620787932,0.6968262679711709,0.6073853067229115,1,"[[2, 4], [2, 4], [2, 4], [3, 4]]","[true, true, true, true, true]",0,4.0,0,1,1,"[[6, 9], [6, 9], [6, 9], [6, 9], [6, 9]]","[[8, 11], [8, 11], [8, 11], [8, 11], [8, 11]]","[[2, 2], [2, 2], [2, 2], [2, 2], [2, 2]]","[[4.0, 4.0], [4.0, 4.0], [4.0, 4.0], [4.0, 4.0], [4.0, 4.0]]",7.5,"[6.0, 9.0]",8.0,1.5,0.9922711812559454,0.3589347079999925
s_curve--neutral,s_curve,neutral,n1_d1_m1,factorial_combination,3.0,0.05,4,1.7,1601,delay_aware_dual_anchor,0.25,11.37366508287467,4.243585419363202,4.243585419363202,0.5775477964913348,0.37310624046357493,0.6666666666666666,0.3333333333333333,1.7190139309276884,1.215096369427878,0.7068566156250609,0.5786278811677334,2,"[[2, 4], [2, 4], [3, 4], [2, 4]]","[true, true, true, true, true]",0,4.0,0,1,1,"[[6, 9], [6, 9], [6, 9], [6, 9], [6, 9]]","[[8, 11], [8, 11], [8, 11], [8, 11], [8, 11]]","[[2, 2], [2, 2], [2, 2], [2, 2], [2, 2]]","[[1.5, 2.25], [1.5, 2.25], [1.5, 2.25], [1.5, 2.25], [1.5, 2.25]]",7.5,"[6.0, 9.0]",8.0,1.5,0.9921632362423406,0.34205312500000673
s_curve--neutral,s_curve,neutral,n1_d1_m1,factorial_combination,3.0,0.05,4,1.7,1627,full_trajectory,0.0,12.474791963728801,5.792635840995036,5.792635840995036,0.6290512470224767,0.4643472899457938,0.8333333333333334,0.5,1.7567941703782668,1.1495563835158917,0.654348928803864,0.6273032828507905,0,"[[0, 1, 2, 3, 4, 5], [0, 1, 2, 3, 4, 5], [0, 1, 2, 3, 4, 5], [0, 1, 2, 3, 4, 5]]","[true, true, true, true, true]",0,0.0,0,1,1,[],[],[],[],nan,[],nan,nan,nan,0.3160373750000076
s_curve--neutral,s_curve,neutral,n1_d1_m1,factorial_combination,3.0,0.05,4,1.7,1627,error_peak_dynamic,0.0,12.474791963728801,6.713156840608592,6.713156840608592,0.6437926587797623,0.5381377789808034,0.8333333333333334,0.5,1.7567941703782668,1.3858130764474996,0.7888306438022339,0.6415046626121097,1,"[[3, 4], [3, 4], [2, 4], [2, 4]]","[true, true, true, true, true]",0,0.0,0,1,1,[],[],[],[],nan,[],nan,nan,nan,0.28659591699999964
s_curve--neutral,s_curve,neutral,n1_d1_m1,factorial_combination,3.0,0.05,4,1.7,1627,dual_anchor_dynamic,0.0,12.474791963728801,6.713156840608592,6.713156840608592,0.6437926587797623,0.5381377789808034,0.8333333333333334,0.5,1.7567941703782668,1.3858130764474996,0.7888306438022339,0.6415046626121097,1,"[[3, 4], [3, 4], [2, 4], [2, 4]]","[true, true, true, true, true]",0,4.0,0,1,1,[],[],[],[],nan,[],nan,nan,nan,0.29206908300000123
s_curve--neutral,s_curve,neutral,n1_d1_m1,factorial_combination,3.0,0.05,4,1.7,1627,fixed_delay_dual_anchor,1.0,12.474791963728801,5.775678919519354,5.775678919519354,0.5816064047181982,0.4629879950152663,0.8333333333333334,0.6666666666666666,1.7567941703782668,1.2525016647659712,0.7129473024698658,0.5802877493407415,1,"[[3, 4], [2, 4], [2, 4], [2, 4]]","[true, true, true, true, true]",0,4.0,0,1,1,"[[4, 8], [4, 8], [4, 8], [4, 8], [4, 8]]","[[6, 10], [6, 10], [6, 10], [6, 10], [6, 10]]","[[2, 2], [2, 2], [2, 2], [2, 2], [2, 2]]","[[4.0, 4.0], [4.0, 4.0], [4.0, 4.0], [4.0, 4.0], [4.0, 4.0]]",6.0,"[4.0, 8.0]",6.0,1.0,0.9818002548572926,0.36226979099996015
s_curve--neutral,s_curve,neutral,n1_d1_m1,factorial_combination,3.0,0.05,4,1.7,1627,delay_aware_dual_anchor,0.25,12.474791963728801,5.8602075357729095,5.8602075357729095,0.593784243866172,0.46976394899504625,0.8333333333333334,0.5,1.7567941703782668,1.2100206864759089,0.6887663375017754,0.5918033731927659,1,"[[3, 4], [3, 4], [2, 4], [2, 4]]","[true, true, true, true, true]",0,4.0,0,1,1,"[[4, 8], [4, 8], [4, 8], [4, 8], [4, 8]]","[[6, 10], [6, 10], [6, 10], [6, 10], [6, 10]]","[[2, 2], [2, 2], [2, 2], [2, 2], [2, 2]]","[[1.0, 2.0], [1.0, 2.0], [1.0, 2.0], [1.0, 2.0], [1.0, 2.0]]",6.0,"[4.0, 8.0]",6.0,1.0,0.980175495565486,0.34010579099998495
s_curve--neutral,s_curve,neutral,n1_d1_m1,factorial_combination,3.0,0.05,4,1.7,1657,full_trajectory,0.0,13.510622474423345,8.28419877552729,8.28419877552729,0.746800453542237,0.6131618873379018,0.6666666666666666,0.6666666666666666,1.9950470533166806,1.4613805320027997,0.7325042933565487,0.7436203444816735,0,"[[0, 1, 2, 3, 4, 5], [0, 1, 2, 3, 4, 5], [0, 1, 2, 3, 4, 5], [0, 1, 2, 3, 4, 5]]","[true, true, true, true, true]",0,0.0,0,1,1,[],[],[],[],nan,[],nan,nan,nan,0.32489891600005194
s_curve--neutral,s_curve,neutral,n1_d1_m1,factorial_combination,3.0,0.05,4,1.7,1657,error_peak_dynamic,0.0,13.510622474423345,8.421911279375063,8.421911279375063,0.7711841265627712,0.6233547932612575,0.6666666666666666,0.5,1.9950470533166806,1.5613404143341005,0.7826083157980854,0.7679080738506106,3,"[[2, 4], [3, 4], [2, 4], [3, 4]]","[true, true, true, true, true]",0,0.0,0,1,1,[],[],[],[],nan,[],nan,nan,nan,0.32727670899998884
s_curve--neutral,s_curve,neutral,n1_d1_m1,factorial_combination,3.0,0.05,4,1.7,1657,dual_anchor_dynamic,0.0,13.510622474423345,8.421911279375063,8.421911279375063,0.7711841265627712,0.6233547932612575,0.6666666666666666,0.5,1.9950470533166806,1.5613404143341005,0.7826083157980854,0.7679080738506106,3,"[[2, 4], [3, 4], [2, 4], [3, 4]]","[true, true, true, true, true]",0,4.0,0,1,1,[],[],[],[],nan,[],nan,nan,nan,0.32409050000001116
s_curve--neutral,s_curve,neutral,n1_d1_m1,factorial_combination,3.0,0.05,4,1.7,1657,fixed_delay_dual_anchor,1.0,13.510622474423345,7.629681230368245,7.629681230368245,0.7092688731205433,0.564717224895583,0.6666666666666666,0.6666666666666666,1.9950470533166806,1.3802377655169238,0.6918321867257904,0.7057743881817238,1,"[[2, 4], [2, 4], [2, 4], [3, 4]]","[true, true, true, true, true]",0,4.0,0,1,1,"[[8, 9], [7, 9], [7, 9], [7, 9], [7, 9]]","[[10, 11], [9, 11], [9, 11], [9, 11], [9, 11]]","[[2, 2], [2, 2], [2, 2], [2, 2], [2, 2]]","[[4.0, 4.0], [4.0, 4.0], [4.0, 4.0], [4.0, 4.0], [4.0, 4.0]]",8.0,"[7.0, 9.0]",8.5,0.5,0.9944901065701626,0.3997904999999946
s_curve--neutral,s_curve,neutral,n1_d1_m1,factorial_combination,3.0,0.05,4,1.7,1657,delay_aware_dual_anchor,0.25,13.510622474423345,8.013058765140647,8.013058765140647,0.723784878148426,0.5930932331437717,0.6666666666666666,0.5,1.9950470533166806,1.4546229647853406,0.7291171215070301,0.720557694429097,0,"[[2, 4], [2, 4], [2, 4], [2, 4]]","[true, true, true, true, true]",0,4.0,0,1,1,"[[8, 9], [8, 9], [8, 9], [7, 9], [7, 9]]","[[10, 11], [10, 11], [10, 11], [9, 11], [9, 11]]","[[2, 2], [2, 2], [2, 2], [2, 2], [2, 2]]","[[2.0, 2.25], [2.0, 2.25], [2.0, 2.25], [2.0, 2.25], [2.0, 2.25]]",8.5,"[8.0, 9.0]",8.5,0.0,0.9944421550034034,0.3513599999999997
s_curve--neutral,s_curve,neutral,n1_d1_m1,factorial_combination,3.0,0.05,4,1.7,1669,full_trajectory,0.0,11.50219418315188,5.368009724697516,5.368009724697516,0.6158787156872391,0.46669440971188253,0.8333333333333334,0.5,1.654084417217223,1.103750998562438,0.6672881910219264,0.6181437074169621,0,"[[0, 1, 2, 3, 4, 5], [0, 1, 2, 3, 4, 5], [0, 1, 2, 3, 4, 5], [0, 1, 2, 3, 4, 5]]","[true, true, true, true, true]",0,0.0,0,1,1,[],[],[],[],nan,[],nan,nan,nan,0.3819521669999517
s_curve--neutral,s_curve,neutral,n1_d1_m1,factorial_combination,3.0,0.05,4,1.7,1669,error_peak_dynamic,0.0,11.50219418315188,5.182261503118405,5.182261503118405,0.6219561470653489,0.45054547163785924,0.8333333333333334,0.5,1.654084417217223,1.2930961657396387,0.7817594750787272,0.6240665201600674,3,"[[2, 4], [3, 4], [2, 4], [3, 4]]","[true, true, true, true, true]",0,0.0,0,1,1,[],[],[],[],nan,[],nan,nan,nan,0.26036666600003855
s_curve--neutral,s_curve,neutral,n1_d1_m1,factorial_combination,3.0,0.05,4,1.7,1669,dual_anchor_dynamic,0.0,11.50219418315188,5.182261503118405,5.182261503118405,0.6219561470653489,0.45054547163785924,0.8333333333333334,0.5,1.654084417217223,1.2930961657396387,0.7817594750787272,0.6240665201600674,3,"[[2, 4], [3, 4], [2, 4], [3, 4]]","[true, true, true, true, true]",0,4.0,0,1,1,[],[],[],[],nan,[],nan,nan,nan,0.31631812500000933
s_curve--neutral,s_curve,neutral,n1_d1_m1,factorial_combination,3.0,0.05,4,1.7,1669,fixed_delay_dual_anchor,1.0,11.50219418315188,4.1588698894010845,4.1588698894010845,0.5839550121089716,0.36157187256435736,0.8333333333333334,0.6666666666666666,1.654084417217223,1.0720971071828835,0.6481513857597089,0.5866013924402982,1,"[[2, 4], [2, 4], [2, 4], [3, 4]]","[true, true, true, true, true]",0,4.0,0,1,1,"[[5, 8], [5, 8], [4, 8], [4, 8], [4, 8]]","[[7, 10], [7, 10], [6, 10], [6, 10], [6, 10]]","[[2, 2], [2, 2], [2, 2], [2, 2], [2, 2]]","[[4.0, 4.0], [4.0, 4.0], [4.0, 4.0], [4.0, 4.0], [4.0, 4.0]]",6.0,"[4.0, 8.0]",7.0,1.0,0.9861421075574801,0.35954325000000154
s_curve--neutral,s_curve,neutral,n1_d1_m1,factorial_combination,3.0,0.05,4,1.7,1669,delay_aware_dual_anchor,0.25,11.50219418315188,4.361622397083249,4.361622397083249,0.566559768249464,0.37919916214525756,0.8333333333333334,0.5,1.654084417217223,1.1142144201594633,0.6736139997219615,0.5690180297815466,2,"[[2, 4], [3, 4], [2, 4], [2, 4]]","[true, true, true, true, true]",0,4.0,0,1,1,"[[5, 8], [5, 8], [5, 8], [5, 8], [5, 8]]","[[7, 10], [7, 10], [7, 10], [7, 10], [7, 10]]","[[2, 2], [2, 2], [2, 2], [2, 2], [2, 2]]","[[1.25, 2.0], [1.25, 2.0], [1.25, 2.0], [1.25, 2.0], [1.25, 2.0]]",6.5,"[5.0, 8.0]",7.0,0.5,0.9852788378153212,0.3484947079999756
s_curve--demand_aligned,s_curve,demand_aligned,n1_d1_m1,factorial_combination,3.0,0.05,4,1.7,1601,full_trajectory,0.0,15.284976987687266,8.807008483992748,8.807008483992748,0.7067553393192864,0.5761872256063708,0.6666666666666666,0.5,1.7190139309276884,1.258146167321391,0.7318999251171955,0.7042555532415913,0,"[[0, 1, 2, 3, 4, 5], [0, 1, 2, 3, 4, 5], [0, 1, 2, 3, 4, 5], [0, 1, 2, 3, 4, 5]]","[true, true, true, true, true]",0,0.0,0,1,1,[],[],[],[],nan,[],nan,nan,nan,0.32030129200001056
s_curve--demand_aligned,s_curve,demand_aligned,n1_d1_m1,factorial_combination,3.0,0.05,4,1.7,1601,error_peak_dynamic,0.0,15.284976987687266,5.931454423518272,5.931454423518272,0.6262840688169314,0.38805779219009123,0.6666666666666666,0.5,1.7190139309276884,1.5238941727552824,0.8864932071451527,0.6265404819982014,3,"[[2, 4], [3, 4], [2, 4], [3, 4]]","[true, true, true, true, true]",0,0.0,0,1,1,[],[],[],[],nan,[],nan,nan,nan,0.30349462500004165
s_curve--demand_aligned,s_curve,demand_aligned,n1_d1_m1,factorial_combination,3.0,0.05,4,1.7,1601,dual_anchor_dynamic,0.0,15.284976987687266,6.862062861837522,6.862062861837522,0.6558577065498888,0.4489416547610913,0.6666666666666666,0.5,1.7190139309276884,1.3915300797270944,0.8094931953088577,0.6559814008960635,3,"[[2, 4], [3, 4], [2, 4], [3, 4]]","[true, true, true, true, true]",0,4.0,0,1,1,[],[],[],[],nan,[],nan,nan,nan,0.29179833299997426
s_curve--demand_aligned,s_curve,demand_aligned,n1_d1_m1,factorial_combination,3.0,0.05,4,1.7,1601,fixed_delay_dual_anchor,1.0,15.284976987687266,5.476623487279168,5.476623487279168,0.6059816909699902,0.3583010619964187,0.6666666666666666,0.5,1.7190139309276884,1.196516002833889,0.6960478803032001,0.606129080015779,1,"[[2, 4], [2, 4], [2, 4], [3, 4]]","[true, true, true, true, true]",0,4.0,0,1,1,"[[6, 9], [6, 9], [6, 9], [6, 9], [6, 9]]","[[8, 11], [8, 11], [8, 11], [8, 11], [8, 11]]","[[2, 2], [2, 2], [2, 2], [2, 2], [2, 2]]","[[4.0, 4.0], [4.0, 4.0], [4.0, 4.0], [4.0, 4.0], [4.0, 4.0]]",7.5,"[6.0, 9.0]",8.0,1.5,0.9921519037607138,0.3602559589999714
s_curve--demand_aligned,s_curve,demand_aligned,n1_d1_m1,factorial_combination,3.0,0.05,4,1.7,1601,delay_aware_dual_anchor,0.25,15.284976987687266,5.663519400668253,5.663519400668253,0.5861229183127346,0.37052848723491516,0.6666666666666666,0.5,1.7190139309276884,1.214021552401596,0.7062313635506335,0.5868134699772325,2,"[[2, 4], [3, 4], [2, 4], [2, 4]]","[true, true, true, true, true]",0,4.0,0,1,1,"[[6, 9], [6, 9], [7, 9], [6, 9], [6, 9]]","[[8, 11], [8, 11], [9, 11], [8, 11], [8, 11]]","[[2, 2], [2, 2], [2, 2], [2, 2], [2, 2]]","[[1.5, 2.25], [1.5, 2.25], [1.5, 2.25], [1.5, 2.25], [1.5, 2.25]]",7.5,"[6.0, 9.0]",8.0,1.5,0.9924242846125109,0.3590299580000078
s_curve--demand_aligned,s_curve,demand_aligned,n1_d1_m1,factorial_combination,3.0,0.05,4,1.7,1627,full_trajectory,0.0,16.586360853125907,8.265724860055583,8.265724860055583,0.6428799847907205,0.49834469014930444,0.8333333333333334,0.5,1.7567941703782668,1.1504424721600377,0.6548533069826435,0.6416278884028852,0,"[[0, 1, 2, 3, 4, 5], [0, 1, 2, 3, 4, 5], [0, 1, 2, 3, 4, 5], [0, 1, 2, 3, 4, 5]]","[true, true, true, true, true]",0,0.0,0,1,1,[],[],[],[],nan,[],nan,nan,nan,0.31852066699997295
s_curve--demand_aligned,s_curve,demand_aligned,n1_d1_m1,factorial_combination,3.0,0.05,4,1.7,1627,error_peak_dynamic,0.0,16.586360853125907,7.813234138767382,7.813234138767382,0.5839835885018583,0.4710637980178081,0.8333333333333334,0.6666666666666666,1.7567941703782668,1.4773792661711245,0.840951826390123,0.5829667172875322,1,"[[3, 4], [3, 4], [2, 4], [2, 4]]","[true, true, true, true, true]",0,0.0,0,1,1,[],[],[],[],nan,[],nan,nan,nan,0.2369623329999513
s_curve--demand_aligned,s_curve,demand_aligned,n1_d1_m1,factorial_combination,3.0,0.05,4,1.7,1627,dual_anchor_dynamic,0.0,16.586360853125907,8.956166050882075,8.956166050882075,0.6485816258283283,0.5399717352220861,0.8333333333333334,0.5,1.7567941703782668,1.3868864520082291,0.7894416291861952,0.6476205981303326,1,"[[3, 4], [3, 4], [2, 4], [2, 4]]","[true, true, true, true, true]",0,4.0,0,1,1,[],[],[],[],nan,[],nan,nan,nan,0.29698450000000776
s_curve--demand_aligned,s_curve,demand_aligned,n1_d1_m1,factorial_combination,3.0,0.05,4,1.7,1627,fixed_delay_dual_anchor,1.0,16.586360853125907,7.686027358129126,7.686027358129126,0.5869066116237367,0.46339443752549236,0.8333333333333334,0.5,1.7567941703782668,1.253558081628905,0.7135486346468198,0.5861348462602523,1,"[[3, 4], [2, 4], [2, 4], [2, 4]]","[true, true, true, true, true]",0,4.0,0,1,1,"[[4, 8], [4, 8], [4, 8], [4, 8], [4, 8]]","[[6, 10], [6, 10], [6, 10], [6, 10], [6, 10]]","[[2, 2], [2, 2], [2, 2], [2, 2], [2, 2]]","[[4.0, 4.0], [4.0, 4.0], [4.0, 4.0], [4.0, 4.0], [4.0, 4.0]]",6.0,"[4.0, 8.0]",6.0,1.0,0.9821446903505584,0.3596939580000367
s_curve--demand_aligned,s_curve,demand_aligned,n1_d1_m1,factorial_combination,3.0,0.05,4,1.7,1627,delay_aware_dual_anchor,0.25,16.586360853125907,7.850060866076994,7.850060866076994,0.6002961245259266,0.4732840998450575,0.8333333333333334,0.5,1.7567941703782668,1.2097161149061404,0.688592969685042,0.5997215814076408,1,"[[3, 4], [3, 4], [2, 4], [2, 4]]","[true, true, true, true, true]",0,4.0,0,1,1,"[[4, 8], [5, 8], [4, 8], [4, 8], [4, 8]]","[[6, 10], [7, 10], [6, 10], [6, 10], [6, 10]]","[[2, 2], [2, 2], [2, 2], [2, 2], [2, 2]]","[[1.0, 2.0], [1.125, 2.0], [1.0, 2.0], [1.0, 2.0], [1.0, 2.0]]",6.0,"[4.0, 8.0]",6.0,1.0,0.978748598894005,0.34739875000002485
s_curve--demand_aligned,s_curve,demand_aligned,n1_d1_m1,factorial_combination,3.0,0.05,4,1.7,1657,full_trajectory,0.0,18.113159296988762,11.282912982353196,11.282912982353196,0.751247405318457,0.6229124802225382,0.6666666666666666,0.5,1.9950470533166806,1.4600703977394756,0.7318475999411497,0.7542857404916157,0,"[[0, 1, 2, 3, 4, 5], [0, 1, 2, 3, 4, 5], [0, 1, 2, 3, 4, 5], [0, 1, 2, 3, 4, 5]]","[true, true, true, true, true]",0,0.0,0,1,1,[],[],[],[],nan,[],nan,nan,nan,0.32269545899998775
s_curve--demand_aligned,s_curve,demand_aligned,n1_d1_m1,factorial_combination,3.0,0.05,4,1.7,1657,error_peak_dynamic,0.0,18.113159296988762,10.73434642816473,10.73434642816473,0.6882659957149975,0.5926269543684337,0.6666666666666666,0.5,1.9950470533166806,1.6759618724578316,0.8400613257073895,0.6922861003390128,2,"[[2, 4], [3, 4], [3, 4], [2, 4]]","[true, true, true, true, true]",0,0.0,0,1,1,[],[],[],[],nan,[],nan,nan,nan,0.28814599999998336
s_curve--demand_aligned,s_curve,demand_aligned,n1_d1_m1,factorial_combination,3.0,0.05,4,1.7,1657,dual_anchor_dynamic,0.0,18.113159296988762,12.377139438484866,12.556511075009706,0.7697955462099157,0.6833230600772398,0.6666666666666666,0.5,1.9950470533166806,1.6560326600299964,0.8300719811479698,0.7737110161836537,2,"[[2, 4], [3, 4], [3, 4], [2, 4]]","[true, true, true, true, false]",1,2.0,0,1,1,[],[],[],[],nan,[],nan,nan,nan,0.3148442500000215
s_curve--demand_aligned,s_curve,demand_aligned,n1_d1_m1,factorial_combination,3.0,0.05,4,1.7,1657,fixed_delay_dual_anchor,1.0,18.113159296988762,10.18530908625454,10.18530908625454,0.7086120131626916,0.5623154370396226,0.6666666666666666,0.5,1.9950470533166806,1.3844340236000692,0.6939355246276054,0.7129904455944933,1,"[[2, 4], [2, 4], [2, 4], [3, 4]]","[true, true, true, true, true]",0,4.0,0,1,1,"[[7, 9], [7, 9], [7, 9], [7, 9], [7, 9]]","[[9, 11], [9, 11], [9, 11], [9, 11], [9, 11]]","[[2, 2], [2, 2], [2, 2], [2, 2], [2, 2]]","[[4.0, 4.0], [4.0, 4.0], [4.0, 4.0], [4.0, 4.0], [4.0, 4.0]]",8.0,"[7.0, 9.0]",8.5,0.5,0.9941154096930711,0.3911412909999967
s_curve--demand_aligned,s_curve,demand_aligned,n1_d1_m1,factorial_combination,3.0,0.05,4,1.7,1657,delay_aware_dual_anchor,0.25,18.113159296988762,10.693800674835575,10.693800674835575,0.7223027648223556,0.5903884849405248,0.6666666666666666,0.5,1.9950470533166806,1.4472120513711697,0.7254024655535023,0.7260328333061945,0,"[[2, 4], [2, 4], [2, 4], [2, 4]]","[true, true, true, true, true]",0,4.0,0,1,1,"[[7, 9], [8, 9], [8, 9], [7, 9], [7, 9]]","[[9, 11], [10, 11], [10, 11], [9, 11], [9, 11]]","[[2, 2], [2, 2], [2, 2], [2, 2], [2, 2]]","[[1.75, 2.25], [1.875, 2.25], [2.0, 2.25], [1.875, 2.25], [1.75, 2.25]]",8.0,"[7.0, 9.0]",8.5,0.5,0.994173139189344,0.3299104159999615
s_curve--demand_aligned,s_curve,demand_aligned,n1_d1_m1,factorial_combination,3.0,0.05,4,1.7,1669,full_trajectory,0.0,15.344331006281449,7.953820000027788,7.953820000027788,0.6453724121824336,0.5183556061695856,0.8333333333333334,0.5,1.654084417217223,1.1043171929926816,0.6676304918285539,0.6440474766043602,0,"[[0, 1, 2, 3, 4, 5], [0, 1, 2, 3, 4, 5], [0, 1, 2, 3, 4, 5], [0, 1, 2, 3, 4, 5]]","[true, true, true, true, true]",0,0.0,0,1,1,[],[],[],[],nan,[],nan,nan,nan,0.3213721660000033
s_curve--demand_aligned,s_curve,demand_aligned,n1_d1_m1,factorial_combination,3.0,0.05,4,1.7,1669,error_peak_dynamic,0.0,15.344331006281449,6.864491924073965,6.864491924073965,0.5940363570509533,0.44736338920633784,0.8333333333333334,0.6666666666666666,1.654084417217223,1.4669070045273946,0.8868392624091522,0.5897736514918833,2,"[[2, 4], [3, 4], [2, 4], [2, 4]]","[true, true, true, true, true]",0,0.0,0,1,1,[],[],[],[],nan,[],nan,nan,nan,0.22032241699997712
s_curve--demand_aligned,s_curve,demand_aligned,n1_d1_m1,factorial_combination,3.0,0.05,4,1.7,1669,dual_anchor_dynamic,0.0,15.344331006281449,7.004318661481161,7.004318661481161,0.6243320539297482,0.4564759883382228,0.8333333333333334,0.5,1.654084417217223,1.2900477473116971,0.7799165108404992,0.6199158205417232,3,"[[2, 4], [3, 4], [2, 4], [3, 4]]","[true, true, true, true, true]",0,4.0,0,1,1,[],[],[],[],nan,[],nan,nan,nan,0.2747892080000156
s_curve--demand_aligned,s_curve,demand_aligned,n1_d1_m1,factorial_combination,3.0,0.05,4,1.7,1669,fixed_delay_dual_anchor,1.0,15.344331006281449,5.527346778482743,5.527346778482743,0.585643657990679,0.3602207731454721,0.8333333333333334,0.5,1.654084417217223,1.0725682214853276,0.648436204537723,0.581389860207238,1,"[[2, 4], [2, 4], [2, 4], [3, 4]]","[true, true, true, true, true]",0,4.0,0,1,1,"[[5, 8], [5, 8], [4, 8], [4, 8], [4, 8]]","[[7, 10], [7, 10], [6, 10], [6, 10], [6, 10]]","[[2, 2], [2, 2], [2, 2], [2, 2], [2, 2]]","[[4.0, 4.0], [4.0, 4.0], [4.0, 4.0], [4.0, 4.0], [4.0, 4.0]]",6.0,"[4.0, 8.0]",7.0,1.0,0.9869242141999477,0.3610796250000021
s_curve--demand_aligned,s_curve,demand_aligned,n1_d1_m1,factorial_combination,3.0,0.05,4,1.7,1669,delay_aware_dual_anchor,0.25,15.344331006281449,5.825914132278303,5.825914132278303,0.5688187578621142,0.37967860116504076,0.8333333333333334,0.5,1.654084417217223,1.1128689594310097,0.6728005825139588,0.564642613581832,2,"[[2, 4], [3, 4], [2, 4], [2, 4]]","[true, true, true, true, true]",0,4.0,0,1,1,"[[5, 8], [5, 8], [5, 8], [5, 8], [5, 8]]","[[7, 10], [7, 10], [7, 10], [7, 10], [7, 10]]","[[2, 2], [2, 2], [2, 2], [2, 2], [2, 2]]","[[1.25, 2.0], [1.25, 2.0], [1.25, 2.0], [1.25, 2.0], [1.25, 2.0]]",6.5,"[5.0, 8.0]",7.0,0.5,0.9860416494278852,0.36411570800004256
s_curve--demand_conflict,s_curve,demand_conflict,n1_d1_m1,factorial_combination,3.0,0.05,4,1.7,1601,full_trajectory,0.0,7.641021737096192,4.015433254316842,4.015433254316842,0.6752832338937441,0.5255099896944962,0.8333333333333334,0.6666666666666666,1.7190139309276884,1.2602089961981229,0.7330999321907965,0.6772549422726448,0,"[[0, 1, 2, 3, 4, 5], [0, 1, 2, 3, 4, 5], [0, 1, 2, 3, 4, 5], [0, 1, 2, 3, 4, 5]]","[true, true, true, true, true]",0,0.0,0,1,1,[],[],[],[],nan,[],nan,nan,nan,0.3327661249999778
s_curve--demand_conflict,s_curve,demand_conflict,n1_d1_m1,factorial_combination,3.0,0.05,4,1.7,1601,error_peak_dynamic,0.0,7.641021737096192,3.308807545209576,3.308807545209576,0.6507518544870545,0.4330320811869615,0.8333333333333334,0.6666666666666666,1.7190139309276884,1.4267677676873975,0.829991975060623,0.6521919231814892,3,"[[2, 4], [3, 4], [2, 4], [3, 4]]","[true, true, true, true, true]",0,0.0,0,1,1,[],[],[],[],nan,[],nan,nan,nan,0.2638778329999809
s_curve--demand_conflict,s_curve,demand_conflict,n1_d1_m1,factorial_combination,3.0,0.05,4,1.7,1601,dual_anchor_dynamic,0.0,7.641021737096192,3.366566639527382,3.366566639527382,0.661119625080806,0.44059116115101826,0.8333333333333334,0.6666666666666666,1.7190139309276884,1.3908463662835775,0.8090954594725065,0.66267148820422,3,"[[2, 4], [3, 4], [2, 4], [3, 4]]","[true, true, true, true, true]",0,4.0,0,1,1,[],[],[],[],nan,[],nan,nan,nan,0.30257045799999105
s_curve--demand_conflict,s_curve,demand_conflict,n1_d1_m1,factorial_combination,3.0,0.05,4,1.7,1601,fixed_delay_dual_anchor,1.0,7.641021737096192,2.7881018224590957,2.7881018224590957,0.62313954600514,0.36488599540598277,0.8333333333333334,0.5,1.7190139309276884,1.1959179602507346,0.6956999816780669,0.6252734539635296,1,"[[2, 4], [2, 4], [2, 4], [3, 4]]","[true, true, true, true, true]",0,4.0,0,1,1,"[[6, 9], [6, 9], [6, 9], [6, 9], [6, 9]]","[[8, 11], [8, 11], [8, 11], [8, 11], [8, 11]]","[[2, 2], [2, 2], [2, 2], [2, 2], [2, 2]]","[[4.0, 4.0], [4.0, 4.0], [4.0, 4.0], [4.0, 4.0], [4.0, 4.0]]",7.5,"[6.0, 9.0]",8.0,1.5,0.9917881442795753,0.370502541999997
s_curve--demand_conflict,s_curve,demand_conflict,n1_d1_m1,factorial_combination,3.0,0.05,4,1.7,1601,delay_aware_dual_anchor,0.25,7.641021737096192,2.8488037527117003,2.8488037527117003,0.584398717864162,0.3728302118133127,0.8333333333333334,0.16666666666666666,1.7190139309276884,1.2129391662215159,0.7056017082810594,0.5861219859635908,2,"[[2, 4], [3, 4], [2, 4], [2, 4]]","[true, true, true, true, true]",0,4.0,0,1,1,"[[6, 9], [6, 9], [7, 9], [6, 9], [6, 9]]","[[8, 11], [8, 11], [9, 11], [8, 11], [8, 11]]","[[2, 2], [2, 2], [2, 2], [2, 2], [2, 2]]","[[1.5, 2.25], [1.5, 2.25], [1.5, 2.25], [1.5, 2.25], [1.5, 2.25]]",7.5,"[6.0, 9.0]",8.0,1.5,0.9921523178817226,0.3634432079999783
s_curve--demand_conflict,s_curve,demand_conflict,n1_d1_m1,factorial_combination,3.0,0.05,4,1.7,1627,full_trajectory,0.0,8.51510353120984,3.795528947848145,3.795528947848145,0.6204773566136578,0.4457407868191674,1.0,0.5,1.7567941703782668,1.1454057781269238,0.6519863268218262,0.619434657561987,0,"[[0, 1, 2, 3, 4, 5], [0, 1, 2, 3, 4, 5], [0, 1, 2, 3, 4, 5], [0, 1, 2, 3, 4, 5]]","[true, true, true, true, true]",0,0.0,0,1,1,[],[],[],[],nan,[],nan,nan,nan,0.3239590000000021
s_curve--demand_conflict,s_curve,demand_conflict,n1_d1_m1,factorial_combination,3.0,0.05,4,1.7,1627,error_peak_dynamic,0.0,8.51510353120984,4.550886519655408,4.550886519655408,0.6284572646527755,0.5344487595453593,1.0,0.5,1.7567941703782668,1.4211517979594936,0.8089461030335137,0.6266801233261748,1,"[[3, 4], [3, 4], [2, 4], [2, 4]]","[true, true, true, true, true]",0,0.0,0,1,1,[],[],[],[],nan,[],nan,nan,nan,0.2607665830000201
s_curve--demand_conflict,s_curve,demand_conflict,n1_d1_m1,factorial_combination,3.0,0.05,4,1.7,1627,dual_anchor_dynamic,0.0,8.51510353120984,4.526353788948766,4.526353788948766,0.6398945040050483,0.5315676752911604,1.0,0.5,1.7567941703782668,1.3852682441382613,0.7885205150925507,0.6381735590843551,1,"[[3, 4], [3, 4], [2, 4], [2, 4]]","[true, true, true, true, true]",0,4.0,0,1,1,[],[],[],[],nan,[],nan,nan,nan,0.35184650000002193
s_curve--demand_conflict,s_curve,demand_conflict,n1_d1_m1,factorial_combination,3.0,0.05,4,1.7,1627,fixed_delay_dual_anchor,1.0,8.51510353120984,3.9244703603311835,3.9244703603311835,0.5746811032220301,0.46088345795762603,1.0,0.6666666666666666,1.7567941703782668,1.2481294348057332,0.7104585476493187,0.5735522662729428,1,"[[3, 4], [2, 4], [2, 4], [2, 4]]","[true, true, true, true, true]",0,4.0,0,1,1,"[[4, 8], [4, 8], [4, 8], [4, 8], [4, 8]]","[[6, 10], [6, 10], [6, 10], [6, 10], [6, 10]]","[[2, 2], [2, 2], [2, 2], [2, 2], [2, 2]]","[[4.0, 4.0], [4.0, 4.0], [4.0, 4.0], [4.0, 4.0], [4.0, 4.0]]",6.0,"[4.0, 8.0]",6.0,1.0,0.9815451518675995,0.36327879199996005
s_curve--demand_conflict,s_curve,demand_conflict,n1_d1_m1,factorial_combination,3.0,0.05,4,1.7,1627,delay_aware_dual_anchor,0.25,8.51510353120984,3.9165491329989552,3.9165491329989552,0.5878279497820438,0.4599532018188492,1.0,0.5,1.7567941703782668,1.2105911150563353,0.6890910360863021,0.5863174695371988,1,"[[3, 4], [3, 4], [2, 4], [2, 4]]","[true, true, true, true, true]",0,4.0,0,1,1,"[[4, 8], [4, 8], [4, 8], [4, 8], [4, 8]]","[[6, 10], [6, 10], [6, 10], [6, 10], [6, 10]]","[[2, 2], [2, 2], [2, 2], [2, 2], [2, 2]]","[[1.0, 2.0], [1.0, 2.0], [1.0, 2.0], [1.0, 2.0], [1.0, 2.0]]",6.0,"[4.0, 8.0]",6.0,1.0,0.979448372860775,0.35483595800002377
s_curve--demand_conflict,s_curve,demand_conflict,n1_d1_m1,factorial_combination,3.0,0.05,4,1.7,1657,full_trajectory,0.0,9.07006385355236,5.505938090606035,5.505938090606035,0.7441425512444846,0.6070451299468628,0.6666666666666666,0.6666666666666666,1.9950470533166806,1.4559658038814676,0.7297902079356908,0.7429306281263873,0,"[[0, 1, 2, 3, 4, 5], [0, 1, 2, 3, 4, 5], [0, 1, 2, 3, 4, 5], [0, 1, 2, 3, 4, 5]]","[true, true, true, true, true]",0,0.0,0,1,1,[],[],[],[],nan,[],nan,nan,nan,0.3385565419999921
s_curve--demand_conflict,s_curve,demand_conflict,n1_d1_m1,factorial_combination,3.0,0.05,4,1.7,1657,error_peak_dynamic,0.0,9.07006385355236,5.899117380359466,5.899117380359466,0.7376471999932019,0.6503942503171056,0.6666666666666666,0.5,1.9950470533166806,1.6354455540160513,0.8197528731451185,0.7375071855200787,2,"[[2, 4], [3, 4], [3, 4], [2, 4]]","[true, true, true, true, true]",0,0.0,0,1,1,[],[],[],[],nan,[],nan,nan,nan,0.3049293329999614
s_curve--demand_conflict,s_curve,demand_conflict,n1_d1_m1,factorial_combination,3.0,0.05,4,1.7,1657,dual_anchor_dynamic,0.0,9.07006385355236,5.610682648537611,5.610682648537611,0.7719061164025194,0.6185935114822972,0.6666666666666666,0.5,1.9950470533166806,1.564717972895504,0.7843012876785173,0.7720954546434049,3,"[[2, 4], [3, 4], [2, 4], [3, 4]]","[true, true, true, true, true]",0,4.0,0,1,1,[],[],[],[],nan,[],nan,nan,nan,0.3420184999999947
s_curve--demand_conflict,s_curve,demand_conflict,n1_d1_m1,factorial_combination,3.0,0.05,4,1.7,1657,fixed_delay_dual_anchor,1.0,9.07006385355236,5.126576171332291,5.126576171332291,0.7121000021851027,0.5652194134580902,0.6666666666666666,0.8333333333333334,1.9950470533166806,1.383006784019153,0.6932201331893215,0.7109842850764534,1,"[[2, 4], [2, 4], [2, 4], [3, 4]]","[true, true, true, true, true]",0,4.0,0,1,1,"[[7, 9], [7, 9], [7, 9], [7, 9], [7, 9]]","[[9, 11], [9, 11], [9, 11], [9, 11], [9, 11]]","[[2, 2], [2, 2], [2, 2], [2, 2], [2, 2]]","[[4.0, 4.0], [4.0, 4.0], [4.0, 4.0], [4.0, 4.0], [4.0, 4.0]]",8.0,"[7.0, 9.0]",8.5,0.5,0.9943180440001977,0.41772204199997987
s_curve--demand_conflict,s_curve,demand_conflict,n1_d1_m1,factorial_combination,3.0,0.05,4,1.7,1657,delay_aware_dual_anchor,0.25,9.07006385355236,5.360550289591622,5.360550289591622,0.7208067414566363,0.5910157167738264,0.6666666666666666,0.5,1.9950470533166806,1.4503133562827157,0.7269569676923818,0.7205671618533716,0,"[[2, 4], [2, 4], [2, 4], [2, 4]]","[true, true, true, true, true]",0,4.0,0,1,1,"[[7, 9], [8, 9], [8, 9], [8, 9], [7, 9]]","[[9, 11], [10, 11], [10, 11], [10, 11], [9, 11]]","[[2, 2], [2, 2], [2, 2], [2, 2], [2, 2]]","[[1.75, 2.25], [1.875, 2.25], [2.0, 2.25], [2.0, 2.25], [2.0, 2.25]]",8.5,"[8.0, 9.0]",8.5,0.0,0.9942509793715528,0.3628635420000137
s_curve--demand_conflict,s_curve,demand_conflict,n1_d1_m1,factorial_combination,3.0,0.05,4,1.7,1669,full_trajectory,0.0,7.815263429350974,3.583085029395491,3.583085029395491,0.6134783959957886,0.4584727132727056,1.0,0.5,1.654084417217223,1.1058924312562708,0.6685828242773653,0.6170300592775377,0,"[[0, 1, 2, 3, 4, 5], [0, 1, 2, 3, 4, 5], [0, 1, 2, 3, 4, 5], [0, 1, 2, 3, 4, 5]]","[true, true, true, true, true]",0,0.0,0,1,1,[],[],[],[],nan,[],nan,nan,nan,0.31905437500000744
s_curve--demand_conflict,s_curve,demand_conflict,n1_d1_m1,factorial_combination,3.0,0.05,4,1.7,1669,error_peak_dynamic,0.0,7.815263429350974,3.6948077033891353,3.6948077033891353,0.6163020179766681,0.4727681589737499,1.0,0.5,1.654084417217223,1.354235315148433,0.8187220078082554,0.6201326215456981,2,"[[2, 4], [3, 4], [2, 4], [2, 4]]","[true, true, true, true, true]",0,0.0,0,1,1,[],[],[],[],nan,[],nan,nan,nan,0.2681998749999934
s_curve--demand_conflict,s_curve,demand_conflict,n1_d1_m1,factorial_combination,3.0,0.05,4,1.7,1669,dual_anchor_dynamic,0.0,7.815263429350974,3.4240728517566836,3.4240728517566836,0.6213906150278372,0.4381263514288269,1.0,0.5,1.654084417217223,1.2888332971327963,0.7791822979029612,0.6249743621170709,3,"[[2, 4], [3, 4], [2, 4], [3, 4]]","[true, true, true, true, true]",0,4.0,0,1,1,[],[],[],[],nan,[],nan,nan,nan,0.27114504100001113
s_curve--demand_conflict,s_curve,demand_conflict,n1_d1_m1,factorial_combination,3.0,0.05,4,1.7,1669,fixed_delay_dual_anchor,1.0,7.815263429350974,2.839901381545485,2.839901381545485,0.5849588455430461,0.3633788428525598,1.0,0.6666666666666666,1.654084417217223,1.072888446261694,0.648629800930406,0.5882983112908606,1,"[[2, 4], [2, 4], [2, 4], [3, 4]]","[true, true, true, true, true]",0,4.0,0,1,1,"[[5, 8], [5, 8], [4, 8], [4, 8], [4, 8]]","[[7, 10], [7, 10], [6, 10], [6, 10], [6, 10]]","[[2, 2], [2, 2], [2, 2], [2, 2], [2, 2]]","[[4.0, 4.0], [4.0, 4.0], [4.0, 4.0], [4.0, 4.0], [4.0, 4.0]]",6.0,"[4.0, 8.0]",7.0,1.0,0.9872490391368074,0.3640075829999887
s_curve--demand_conflict,s_curve,demand_conflict,n1_d1_m1,factorial_combination,3.0,0.05,4,1.7,1669,delay_aware_dual_anchor,0.25,7.815263429350974,2.9341510960855164,2.9341510960855164,0.5642282797388907,0.3754385405699864,1.0,0.16666666666666666,1.654084417217223,1.1132523150674487,0.6730323455560675,0.5679519800575862,2,"[[2, 4], [3, 4], [2, 4], [2, 4]]","[true, true, true, true, true]",0,4.0,0,1,1,"[[5, 8], [5, 8], [5, 8], [5, 8], [5, 8]]","[[7, 10], [7, 10], [7, 10], [7, 10], [7, 10]]","[[2, 2], [2, 2], [2, 2], [2, 2], [2, 2]]","[[1.25, 2.0], [1.25, 2.0], [1.25, 2.0], [1.25, 2.0], [1.25, 2.0]]",6.5,"[5.0, 8.0]",7.0,0.5,0.9860984118965623,0.34460212499999443
