manifest_id,trajectory,regime,scenario_id,scenario_mode,domain_seed,method,initial_task_score,final_task_score,last_observed_task_score,task_auc_normalized,final_task_ratio,initial_violation_rate,final_violation_rate,initial_global_rmse,final_global_rmse,final_global_ratio,measured_score_auc_normalized,selection_switches,selection_history,accepted_history,rejected_trials,final_trust_radius_mm,constraint_violation,all_updates_succeeded,finite_result,base_axis_delay_steps,extra_delay_schedule,actual_axis_delay_history,raw_estimated_lag_history,total_estimated_lag_history,nominal_estimated_lag_history,applied_lag_history,lag_absolute_error_steps,median_peak_correlation,elapsed_s
harmonic_loop--demand_conflict,harmonic_loop,demand_conflict,unknown_static_0_8,static,1709,dual_anchor_dynamic,15.145129950485423,12.918820633824854,13.272621345742813,0.8845112786746919,0.8530016365697006,1.0,1.0,3.9474837634120297,3.251463462429262,0.8236800091658494,0.8845112786746919,2,"[[2, 3], [1, 3], [2, 3], [2, 3]]","[true, true, true, false, false]",2,1.0,0,1,1,"[4, 3]","[[4, 8], [4, 8], [4, 8], [4, 8], [4, 8]]","[[8, 11], [8, 11], [8, 11], [8, 11], [8, 11]]","[[7, 11], [7, 11], [7, 11], [7, 11], [7, 11]]","[[9, 13], [9, 13], [9, 13], [9, 13], [9, 13]]","[[2, 2], [2, 2], [2, 2], [2, 2], [2, 2]]","[[0.0, 0.0], [0.0, 0.0], [0.0, 0.0], [0.0, 0.0], [0.0, 0.0]]",0.5,0.9885776236145312,0.42256241699999997
harmonic_loop--demand_conflict,harmonic_loop,demand_conflict,unknown_static_0_8,static,1709,fixed_delay_2,15.145129950485423,12.715175361233438,12.755298108635646,0.868131682189306,0.8395553820141305,1.0,1.0,3.9474837634120297,3.0929546785309365,0.7835256238919964,0.868131682189306,2,"[[2, 3], [1, 3], [2, 3], [2, 3]]","[true, true, true, false, false]",2,1.0,0,1,1,"[4, 3]","[[4, 8], [4, 8], [4, 8], [4, 8], [4, 8]]","[[8, 11], [8, 11], [8, 11], [8, 11], [8, 11]]","[[7, 11], [7, 11], [7, 11], [7, 11], [7, 11]]","[[9, 13], [9, 13], [9, 13], [9, 13], [9, 13]]","[[2, 2], [2, 2], [2, 2], [2, 2], [2, 2]]","[[2.0, 2.0], [2.0, 2.0], [2.0, 2.0], [2.0, 2.0], [2.0, 2.0]]",0.5,0.9889662645776327,0.4621171249999998
harmonic_loop--demand_conflict,harmonic_loop,demand_conflict,unknown_static_0_8,static,1709,fixed_delay_4,15.145129950485423,10.971389526346421,10.971389526346421,0.8420078445943016,0.7244169949162287,1.0,0.8333333333333334,3.9474837634120297,2.6988410149308564,0.6836864130881435,0.8420078445943016,3,"[[2, 3], [1, 3], [2, 3], [3, 4]]","[true, true, true, true, true]",0,4.0,0,1,1,"[4, 3]","[[4, 8], [4, 8], [4, 8], [4, 8], [4, 8]]","[[8, 11], [8, 11], [8, 11], [8, 11], [8, 11]]","[[7, 11], [7, 11], [7, 11], [7, 11], [7, 11]]","[[9, 13], [9, 13], [9, 13], [9, 13], [9, 13]]","[[2, 2], [2, 2], [2, 2], [2, 2], [2, 2]]","[[4.0, 4.0], [4.0, 4.0], [4.0, 4.0], [4.0, 4.0], [4.0, 4.0]]",0.5,0.9892107362325451,0.50172075
harmonic_loop--demand_conflict,harmonic_loop,demand_conflict,unknown_static_0_8,static,1709,fixed_delay_6,15.145129950485423,11.944745573800326,12.166066616318128,0.8381129605034044,0.7886855783246336,1.0,0.6666666666666666,3.9474837634120297,2.8991592562772683,0.7344322181002118,0.8381129605034044,2,"[[2, 3], [1, 3], [2, 3], [2, 3]]","[true, true, true, false, false]",2,1.0,0,1,1,"[4, 3]","[[4, 8], [4, 8], [4, 8], [4, 8], [4, 8]]","[[8, 11], [8, 11], [8, 11], [8, 11], [8, 11]]","[[7, 11], [7, 11], [7, 11], [7, 11], [7, 11]]","[[9, 13], [9, 13], [9, 13], [9, 13], [9, 13]]","[[2, 2], [2, 2], [2, 2], [2, 2], [2, 2]]","[[6.0, 6.0], [6.0, 6.0], [6.0, 6.0], [6.0, 6.0], [6.0, 6.0]]",0.5,0.9892646172147925,0.43905174999999996
harmonic_loop--demand_conflict,harmonic_loop,demand_conflict,unknown_static_0_8,static,1709,delay_aware_dual_anchor,15.145129950485423,11.255962452957707,11.255962452957707,0.8309204745756799,0.7432067265026628,1.0,1.0,3.9474837634120297,2.806527847896938,0.710966280320074,0.8309204745756799,3,"[[2, 3], [1, 3], [2, 3], [3, 4]]","[true, true, true, true, true]",0,4.0,0,1,1,"[4, 3]","[[4, 8], [4, 8], [4, 8], [4, 8], [4, 8]]","[[8, 11], [8, 11], [8, 11], [8, 11], [8, 11]]","[[7, 11], [7, 11], [7, 11], [7, 11], [7, 11]]","[[9, 13], [9, 13], [9, 13], [9, 13], [9, 13]]","[[2, 2], [2, 2], [2, 2], [2, 2], [2, 2]]","[[1.75, 2.75], [1.75, 2.75], [1.75, 2.75], [1.75, 2.75], [1.75, 2.75]]",0.5,0.9889500223963518,0.4270463750000002
harmonic_loop--demand_conflict,harmonic_loop,demand_conflict,unknown_static_0_8,static,1709,oracle_true_delay_0p25,15.145129950485423,12.26188500432533,12.262220042235219,0.845341567705817,0.8096256053539058,1.0,1.0,3.9474837634120297,2.9619746766611454,0.7503449929584881,0.845341567705817,2,"[[2, 3], [1, 3], [2, 3], [2, 3]]","[true, true, true, false, false]",2,1.0,0,1,1,"[4, 3]","[[4, 8], [4, 8], [4, 8], [4, 8], [4, 8]]","[[8, 11], [8, 11], [8, 11], [8, 11], [8, 11]]","[[7, 11], [7, 11], [7, 11], [7, 11], [7, 11]]","[[9, 13], [9, 13], [9, 13], [9, 13], [9, 13]]","[[2, 2], [2, 2], [2, 2], [2, 2], [2, 2]]","[[2.0, 2.75], [2.0, 2.75], [2.0, 2.75], [2.0, 2.75], [2.0, 2.75]]",0.5,0.9890105857173364,0.4021351669999995
harmonic_loop--demand_conflict,harmonic_loop,demand_conflict,unknown_static_0_8,static,1723,dual_anchor_dynamic,10.599029492183071,3.0971774611303338,3.0971774611303338,0.5274898535205756,0.29221330721030114,1.0,0.8333333333333334,2.605541601184729,0.884871007772128,0.3396111608311227,0.5274898535205756,1,"[[2, 3], [2, 4], [2, 4], [2, 4]]","[true, true, true, true, true]",0,4.0,0,1,1,"[4, 2]","[[6, 5], [6, 5], [6, 5], [6, 5], [6, 5]]","[[10, 7], [10, 7], [10, 7], [10, 7], [10, 7]]","[[9, 6], [9, 6], [9, 6], [9, 6], [9, 6]]","[[11, 8], [11, 8], [11, 8], [11, 8], [11, 8]]","[[2, 2], [2, 2], [2, 2], [2, 2], [2, 2]]","[[0.0, 0.0], [0.0, 0.0], [0.0, 0.0], [0.0, 0.0], [0.0, 0.0]]",1.0,0.9951952959695578,0.3498690419999999
harmonic_loop--demand_conflict,harmonic_loop,demand_conflict,unknown_static_0_8,static,1723,fixed_delay_2,10.599029492183071,3.180673239492906,3.180673239492906,0.5157872009063563,0.3000909886927568,1.0,0.8333333333333334,2.605541601184729,0.8407741625213359,0.3226869078348391,0.5157872009063563,3,"[[2, 3], [2, 4], [1, 2], [2, 4]]","[true, true, true, true, true]",0,4.0,0,1,1,"[4, 2]","[[6, 5], [6, 5], [6, 5], [6, 5], [6, 5]]","[[10, 7], [10, 7], [10, 7], [10, 7], [10, 7]]","[[9, 6], [9, 6], [9, 6], [9, 6], [9, 6]]","[[11, 8], [11, 8], [11, 8], [11, 8], [11, 8]]","[[2, 2], [2, 2], [2, 2], [2, 2], [2, 2]]","[[2.0, 2.0], [2.0, 2.0], [2.0, 2.0], [2.0, 2.0], [2.0, 2.0]]",1.0,0.9952873676673111,0.37665008399999955
harmonic_loop--demand_conflict,harmonic_loop,demand_conflict,unknown_static_0_8,static,1723,fixed_delay_4,10.599029492183071,3.7544950493260805,3.774759458663197,0.5132967958407304,0.3542300785270078,1.0,0.6666666666666666,2.605541601184729,0.8858276379895247,0.33997831298749653,0.5132967958407304,3,"[[2, 3], [3, 4], [1, 2], [2, 4]]","[true, true, true, true, false]",1,2.0,0,1,1,"[4, 2]","[[6, 5], [6, 5], [6, 5], [6, 5], [6, 5]]","[[10, 7], [10, 7], [10, 7], [10, 7], [10, 7]]","[[9, 6], [9, 6], [9, 6], [9, 6], [9, 6]]","[[11, 8], [11, 8], [11, 8], [11, 8], [11, 8]]","[[2, 2], [2, 2], [2, 2], [2, 2], [2, 2]]","[[4.0, 4.0], [4.0, 4.0], [4.0, 4.0], [4.0, 4.0], [4.0, 4.0]]",1.0,0.9953433119856345,0.3682726670000003
harmonic_loop--demand_conflict,harmonic_loop,demand_conflict,unknown_static_0_8,static,1723,fixed_delay_6,10.599029492183071,4.466792359950715,5.511124109963056,0.5980141534622073,0.42143409104060287,1.0,0.8333333333333334,2.605541601184729,1.3196820165821945,0.5064904801297897,0.5980141534622073,2,"[[2, 3], [1, 2], [2, 4], [2, 4]]","[true, true, true, false, false]",2,1.0,0,1,1,"[4, 2]","[[6, 5], [6, 5], [6, 5], [6, 5], [6, 5]]","[[10, 7], [10, 7], [10, 7], [10, 7], [10, 7]]","[[9, 6], [9, 6], [9, 6], [9, 6], [9, 6]]","[[11, 8], [11, 8], [11, 8], [11, 8], [11, 8]]","[[2, 2], [2, 2], [2, 2], [2, 2], [2, 2]]","[[6.0, 6.0], [6.0, 6.0], [6.0, 6.0], [6.0, 6.0], [6.0, 6.0]]",1.0,0.9953859081109604,0.39278145799999997
harmonic_loop--demand_conflict,harmonic_loop,demand_conflict,unknown_static_0_8,static,1723,delay_aware_dual_anchor,10.599029492183071,3.4681621605685122,3.4681621605685122,0.5138816502475319,0.3272150684292679,1.0,0.8333333333333334,2.605541601184729,0.7963153269538993,0.30562372390900144,0.5138816502475319,2,"[[2, 3], [2, 4], [2, 4], [1, 2]]","[true, true, true, true, true]",0,4.0,0,1,1,"[4, 2]","[[6, 5], [6, 5], [6, 5], [6, 5], [6, 5]]","[[10, 7], [10, 7], [10, 7], [10, 7], [10, 7]]","[[9, 6], [9, 6], [9, 6], [9, 6], [9, 6]]","[[11, 8], [11, 8], [11, 8], [11, 8], [11, 8]]","[[2, 2], [2, 2], [2, 2], [2, 2], [2, 2]]","[[2.25, 1.5], [2.25, 1.5], [2.25, 1.5], [2.25, 1.5], [2.25, 1.5]]",1.0,0.9952697298262219,0.3880361249999993
harmonic_loop--demand_conflict,harmonic_loop,demand_conflict,unknown_static_0_8,static,1723,oracle_true_delay_0p25,10.599029492183071,3.0896118928797334,3.0896118928797334,0.5164549829783966,0.29149950900300486,1.0,0.8333333333333334,2.605541601184729,0.850806791196404,0.32653740428076283,0.5164549829783966,3,"[[2, 3], [2, 4], [1, 3], [2, 4]]","[true, true, true, true, true]",0,4.0,0,1,1,"[4, 2]","[[6, 5], [6, 5], [6, 5], [6, 5], [6, 5]]","[[10, 7], [10, 7], [10, 7], [10, 7], [10, 7]]","[[9, 6], [9, 6], [9, 6], [9, 6], [9, 6]]","[[11, 8], [11, 8], [11, 8], [11, 8], [11, 8]]","[[2, 2], [2, 2], [2, 2], [2, 2], [2, 2]]","[[2.5, 1.75], [2.5, 1.75], [2.5, 1.75], [2.5, 1.75], [2.5, 1.75]]",1.0,0.995286888890702,0.3684798330000003
harmonic_loop--demand_conflict,harmonic_loop,demand_conflict,unknown_static_0_8,static,1741,dual_anchor_dynamic,9.493843000016527,2.9636294435646966,2.9636294435646966,0.546526105662053,0.31216330874225934,1.0,0.8333333333333334,2.4044771951498376,0.9179160365784714,0.3817528560595354,0.546526105662053,3,"[[2, 3], [2, 4], [3, 4], [2, 4]]","[true, true, true, true, true]",0,4.0,0,1,1,"[2, 3]","[[7, 4], [7, 4], [7, 4], [7, 4], [7, 4]]","[[9, 7], [9, 7], [9, 7], [9, 7], [9, 7]]","[[8, 6], [8, 6], [8, 6], [8, 6], [8, 6]]","[[10, 8], [10, 8], [10, 8], [10, 8], [10, 8]]","[[2, 2], [2, 2], [2, 2], [2, 2], [2, 2]]","[[0.0, 0.0], [0.0, 0.0], [0.0, 0.0], [0.0, 0.0], [0.0, 0.0]]",1.0,0.9971751838640229,0.31859212499999945
harmonic_loop--demand_conflict,harmonic_loop,demand_conflict,unknown_static_0_8,static,1741,fixed_delay_2,9.493843000016527,3.1145325744184165,3.423951685976215,0.5206211256599091,0.3280581503626081,1.0,0.8333333333333334,2.4044771951498376,0.8370697251817852,0.34812961706198353,0.5206211256599091,3,"[[2, 3], [3, 4], [2, 4], [1, 3]]","[true, true, true, true, false]",1,2.0,0,1,1,"[2, 3]","[[7, 4], [7, 4], [7, 4], [7, 4], [7, 4]]","[[9, 7], [9, 7], [9, 7], [9, 7], [9, 7]]","[[8, 6], [8, 6], [8, 6], [8, 6], [8, 6]]","[[10, 8], [10, 8], [10, 8], [10, 8], [10, 8]]","[[2, 2], [2, 2], [2, 2], [2, 2], [2, 2]]","[[2.0, 2.0], [2.0, 2.0], [2.0, 2.0], [2.0, 2.0], [2.0, 2.0]]",1.0,0.9971321995293863,0.34477404200000006
harmonic_loop--demand_conflict,harmonic_loop,demand_conflict,unknown_static_0_8,static,1741,fixed_delay_4,9.493843000016527,3.1736310386530886,3.1736310386530886,0.5265469250328316,0.3342830757415689,1.0,0.8333333333333334,2.4044771951498376,0.8078964675065724,0.335996726912699,0.5265469250328316,3,"[[2, 3], [3, 4], [1, 2], [2, 4]]","[true, true, true, true, true]",0,4.0,0,1,1,"[2, 3]","[[7, 4], [7, 4], [7, 4], [7, 4], [7, 4]]","[[9, 7], [9, 7], [9, 7], [9, 7], [9, 7]]","[[8, 6], [8, 6], [8, 6], [8, 6], [8, 6]]","[[10, 8], [10, 8], [10, 8], [10, 8], [10, 8]]","[[2, 2], [2, 2], [2, 2], [2, 2], [2, 2]]","[[4.0, 4.0], [4.0, 4.0], [4.0, 4.0], [4.0, 4.0], [4.0, 4.0]]",1.0,0.9971942903219093,0.36283075000000053
harmonic_loop--demand_conflict,harmonic_loop,demand_conflict,unknown_static_0_8,static,1741,fixed_delay_6,9.493843000016527,3.3238814885331367,3.3238814885331367,0.5688757118326222,0.3501091695457098,1.0,0.6666666666666666,2.4044771951498376,1.024412375631125,0.4260437061734277,0.5688757118326222,3,"[[2, 3], [1, 2], [3, 4], [1, 2]]","[true, true, true, true, true]",0,4.0,0,1,1,"[2, 3]","[[7, 4], [7, 4], [7, 4], [7, 4], [7, 4]]","[[9, 7], [9, 7], [9, 7], [9, 7], [9, 7]]","[[8, 6], [8, 6], [8, 6], [8, 6], [8, 6]]","[[10, 8], [10, 8], [10, 8], [10, 8], [10, 8]]","[[2, 2], [2, 2], [2, 2], [2, 2], [2, 2]]","[[6.0, 6.0], [6.0, 6.0], [6.0, 6.0], [6.0, 6.0], [6.0, 6.0]]",1.0,0.9972113940030316,0.3438404170000009
harmonic_loop--demand_conflict,harmonic_loop,demand_conflict,unknown_static_0_8,static,1741,delay_aware_dual_anchor,9.493843000016527,2.4613116036863034,2.4613116036863034,0.5122526525678378,0.2592534554955268,1.0,0.8333333333333334,2.4044771951498376,0.82005727094219,0.34105429346402566,0.5122526525678378,3,"[[2, 3], [3, 4], [2, 4], [3, 4]]","[true, true, true, true, true]",0,4.0,0,1,1,"[2, 3]","[[7, 4], [7, 4], [7, 4], [7, 4], [7, 4]]","[[9, 7], [9, 7], [9, 7], [9, 7], [9, 7]]","[[8, 6], [8, 6], [8, 6], [8, 6], [8, 6]]","[[10, 8], [10, 8], [10, 8], [10, 8], [10, 8]]","[[2, 2], [2, 2], [2, 2], [2, 2], [2, 2]]","[[2.0, 1.5], [2.0, 1.5], [2.0, 1.5], [2.0, 1.5], [2.0, 1.5]]",1.0,0.9971312569074173,0.3232922499999997
harmonic_loop--demand_conflict,harmonic_loop,demand_conflict,unknown_static_0_8,static,1741,oracle_true_delay_0p25,9.493843000016527,3.13161696117942,3.49769623818255,0.5234089189716061,0.329857673143949,1.0,0.8333333333333334,2.4044771951498376,0.8417006768141594,0.3500555873484622,0.5234089189716061,3,"[[2, 3], [3, 4], [2, 4], [1, 3]]","[true, true, true, true, false]",1,2.0,0,1,1,"[2, 3]","[[7, 4], [7, 4], [7, 4], [7, 4], [7, 4]]","[[9, 7], [9, 7], [9, 7], [9, 7], [9, 7]]","[[8, 6], [8, 6], [8, 6], [8, 6], [8, 6]]","[[10, 8], [10, 8], [10, 8], [10, 8], [10, 8]]","[[2, 2], [2, 2], [2, 2], [2, 2], [2, 2]]","[[2.25, 1.75], [2.25, 1.75], [2.25, 1.75], [2.25, 1.75], [2.25, 1.75]]",1.0,0.997132065991748,0.31770595800000123
ellipse--demand_conflict,ellipse,demand_conflict,unknown_static_0_8,static,1709,dual_anchor_dynamic,11.976570686438937,2.6862646046212024,2.6862646046212024,0.437675180517987,0.2242933035633362,0.8333333333333334,0.6666666666666666,3.2220995323966775,0.6110220435266409,0.1896347513114058,0.437675180517987,2,"[[3, 4], [3, 4], [1, 4], [3, 4]]","[true, true, true, true, true]",0,4.0,0,1,1,"[4, 3]","[[4, 8], [4, 8], [4, 8], [4, 8], [4, 8]]","[[8, 11], [8, 11], [8, 11], [8, 11], [8, 11]]","[[7, 11], [7, 11], [7, 11], [7, 11], [7, 11]]","[[9, 13], [9, 13], [9, 13], [9, 13], [9, 13]]","[[2, 2], [2, 2], [2, 2], [2, 2], [2, 2]]","[[0.0, 0.0], [0.0, 0.0], [0.0, 0.0], [0.0, 0.0], [0.0, 0.0]]",0.5,0.9925812706097498,0.4432431250000004
ellipse--demand_conflict,ellipse,demand_conflict,unknown_static_0_8,static,1709,fixed_delay_2,11.976570686438937,2.5803773790610425,2.5803773790610425,0.4339666069153256,0.21545210616781998,0.8333333333333334,0.6666666666666666,3.2220995323966775,0.5851658791426477,0.18161011888648482,0.4339666069153256,0,"[[3, 4], [3, 4], [3, 4], [3, 4]]","[true, true, true, true, true]",0,4.0,0,1,1,"[4, 3]","[[4, 8], [4, 8], [4, 8], [4, 8], [4, 8]]","[[8, 11], [8, 11], [8, 11], [8, 11], [8, 11]]","[[7, 11], [7, 11], [7, 11], [7, 11], [7, 11]]","[[9, 13], [9, 13], [9, 13], [9, 13], [9, 13]]","[[2, 2], [2, 2], [2, 2], [2, 2], [2, 2]]","[[2.0, 2.0], [2.0, 2.0], [2.0, 2.0], [2.0, 2.0], [2.0, 2.0]]",0.5,0.9926317474186646,0.47256875000000065
ellipse--demand_conflict,ellipse,demand_conflict,unknown_static_0_8,static,1709,fixed_delay_4,11.976570686438937,2.5659375240304527,2.5659375240304527,0.44727174749386256,0.21424643090328538,0.8333333333333334,0.6666666666666666,3.2220995323966775,0.5810752770826505,0.18034057335604164,0.44727174749386256,1,"[[3, 4], [3, 4], [3, 4], [2, 4]]","[true, true, true, true, true]",0,4.0,0,1,1,"[4, 3]","[[4, 8], [4, 8], [4, 8], [4, 8], [4, 8]]","[[8, 11], [8, 11], [8, 11], [8, 11], [8, 11]]","[[7, 11], [7, 11], [7, 11], [7, 11], [7, 11]]","[[9, 13], [9, 13], [9, 13], [9, 13], [9, 13]]","[[2, 2], [2, 2], [2, 2], [2, 2], [2, 2]]","[[4.0, 4.0], [4.0, 4.0], [4.0, 4.0], [4.0, 4.0], [4.0, 4.0]]",0.5,0.9926959924605914,0.43399404100000005
ellipse--demand_conflict,ellipse,demand_conflict,unknown_static_0_8,static,1709,fixed_delay_6,11.976570686438937,3.0488938856916064,3.0488938856916064,0.4742243809194071,0.25457152681809553,0.8333333333333334,0.5,3.2220995323966775,0.7034613377872394,0.21832390052332973,0.4742243809194071,0,"[[3, 4], [3, 4], [3, 4], [3, 4]]","[true, true, true, true, true]",0,4.0,0,1,1,"[4, 3]","[[4, 8], [4, 8], [4, 8], [4, 8], [4, 8]]","[[8, 11], [8, 11], [8, 11], [8, 11], [8, 11]]","[[7, 11], [7, 11], [7, 11], [7, 11], [7, 11]]","[[9, 13], [9, 13], [9, 13], [9, 13], [9, 13]]","[[2, 2], [2, 2], [2, 2], [2, 2], [2, 2]]","[[6.0, 6.0], [6.0, 6.0], [6.0, 6.0], [6.0, 6.0], [6.0, 6.0]]",0.5,0.9926566536590439,0.3713667919999999
ellipse--demand_conflict,ellipse,demand_conflict,unknown_static_0_8,static,1709,delay_aware_dual_anchor,11.976570686438937,2.5628706744200174,2.5628706744200174,0.4324373808209608,0.21399036013889638,0.8333333333333334,0.6666666666666666,3.2220995323966775,0.5791142605015976,0.17973195882960144,0.4324373808209608,0,"[[3, 4], [3, 4], [3, 4], [3, 4]]","[true, true, true, true, true]",0,4.0,0,1,1,"[4, 3]","[[4, 8], [4, 8], [4, 8], [4, 8], [4, 8]]","[[8, 11], [8, 11], [8, 11], [8, 11], [8, 11]]","[[7, 11], [7, 11], [7, 11], [7, 11], [7, 11]]","[[9, 13], [9, 13], [9, 13], [9, 13], [9, 13]]","[[2, 2], [2, 2], [2, 2], [2, 2], [2, 2]]","[[1.75, 2.75], [1.75, 2.75], [1.75, 2.75], [1.75, 2.75], [1.75, 2.75]]",0.5,0.992637691910796,0.4161132080000005
ellipse--demand_conflict,ellipse,demand_conflict,unknown_static_0_8,static,1709,oracle_true_delay_0p25,11.976570686438937,2.5645894830795806,2.5645894830795806,0.4335486923416155,0.2141338743972399,0.8333333333333334,0.6666666666666666,3.2220995323966775,0.5801580369160207,0.1800559017754752,0.4335486923416155,0,"[[3, 4], [3, 4], [3, 4], [3, 4]]","[true, true, true, true, true]",0,4.0,0,1,1,"[4, 3]","[[4, 8], [4, 8], [4, 8], [4, 8], [4, 8]]","[[8, 11], [8, 11], [8, 11], [8, 11], [8, 11]]","[[7, 11], [7, 11], [7, 11], [7, 11], [7, 11]]","[[9, 13], [9, 13], [9, 13], [9, 13], [9, 13]]","[[2, 2], [2, 2], [2, 2], [2, 2], [2, 2]]","[[2.0, 2.75], [2.0, 2.75], [2.0, 2.75], [2.0, 2.75], [2.0, 2.75]]",0.5,0.9926398689298647,0.4494779169999994
ellipse--demand_conflict,ellipse,demand_conflict,unknown_static_0_8,static,1723,dual_anchor_dynamic,10.011326946137123,2.3589083407136773,2.3589083407136773,0.4358409529859997,0.23562394409902512,0.8333333333333334,0.3333333333333333,2.579812957041091,0.7380473900030023,0.286085620272837,0.4358409529859997,1,"[[2, 3], [2, 3], [3, 4], [3, 4]]","[true, true, true, true, true]",0,4.0,0,1,1,"[4, 2]","[[6, 5], [6, 5], [6, 5], [6, 5], [6, 5]]","[[10, 7], [10, 7], [10, 7], [10, 7], [10, 7]]","[[9, 6], [9, 6], [9, 6], [9, 6], [9, 6]]","[[11, 8], [11, 8], [11, 8], [11, 8], [11, 8]]","[[2, 2], [2, 2], [2, 2], [2, 2], [2, 2]]","[[0.0, 0.0], [0.0, 0.0], [0.0, 0.0], [0.0, 0.0], [0.0, 0.0]]",1.0,0.9969921620354535,0.3670858329999991
ellipse--demand_conflict,ellipse,demand_conflict,unknown_static_0_8,static,1723,fixed_delay_2,10.011326946137123,2.395530453756139,2.395530453756139,0.42452966439960227,0.23928201192954304,0.8333333333333334,0.3333333333333333,2.579812957041091,0.6062160804523746,0.23498450877914515,0.42452966439960227,1,"[[2, 3], [2, 3], [3, 4], [3, 4]]","[true, true, true, true, true]",0,4.0,0,1,1,"[4, 2]","[[6, 5], [6, 5], [6, 5], [6, 5], [6, 5]]","[[10, 7], [10, 7], [10, 7], [10, 7], [10, 7]]","[[9, 6], [9, 6], [9, 6], [9, 6], [9, 6]]","[[11, 8], [11, 8], [11, 8], [11, 8], [11, 8]]","[[2, 2], [2, 2], [2, 2], [2, 2], [2, 2]]","[[2.0, 2.0], [2.0, 2.0], [2.0, 2.0], [2.0, 2.0], [2.0, 2.0]]",1.0,0.997079167104927,0.36399058399999973
ellipse--demand_conflict,ellipse,demand_conflict,unknown_static_0_8,static,1723,fixed_delay_4,10.011326946137123,2.440295950803151,2.440295950803151,0.41080805915928775,0.24375349680740785,0.8333333333333334,0.5,2.579812957041091,0.6004705687592216,0.2327574048034589,0.41080805915928775,1,"[[2, 3], [3, 4], [3, 4], [3, 4]]","[true, true, true, true, true]",0,4.0,0,1,1,"[4, 2]","[[6, 5], [6, 5], [6, 5], [6, 5], [6, 5]]","[[10, 7], [10, 7], [10, 7], [10, 7], [10, 7]]","[[9, 6], [9, 6], [9, 6], [9, 6], [9, 6]]","[[11, 8], [11, 8], [11, 8], [11, 8], [11, 8]]","[[2, 2], [2, 2], [2, 2], [2, 2], [2, 2]]","[[4.0, 4.0], [4.0, 4.0], [4.0, 4.0], [4.0, 4.0], [4.0, 4.0]]",1.0,0.9970802388936968,0.3437915829999998
ellipse--demand_conflict,ellipse,demand_conflict,unknown_static_0_8,static,1723,fixed_delay_6,10.011326946137123,2.460134377642756,2.460134377642756,0.4055928496279275,0.2457350949458304,0.8333333333333334,0.3333333333333333,2.579812957041091,0.6020504782549938,0.23336981722330516,0.4055928496279275,1,"[[2, 3], [3, 4], [3, 4], [3, 4]]","[true, true, true, true, true]",0,4.0,0,1,1,"[4, 2]","[[6, 5], [6, 5], [6, 5], [6, 5], [6, 5]]","[[10, 7], [10, 7], [10, 7], [10, 7], [10, 7]]","[[9, 6], [9, 6], [9, 6], [9, 6], [9, 6]]","[[11, 8], [11, 8], [11, 8], [11, 8], [11, 8]]","[[2, 2], [2, 2], [2, 2], [2, 2], [2, 2]]","[[6.0, 6.0], [6.0, 6.0], [6.0, 6.0], [6.0, 6.0], [6.0, 6.0]]",1.0,0.9970926064970351,0.3504324169999986
ellipse--demand_conflict,ellipse,demand_conflict,unknown_static_0_8,static,1723,delay_aware_dual_anchor,10.011326946137123,2.346968621319566,2.346968621319566,0.4204470673300198,0.23443132303506933,0.8333333333333334,0.3333333333333333,2.579812957041091,0.6033042716106981,0.23385581887403814,0.4204470673300198,1,"[[2, 3], [2, 3], [3, 4], [3, 4]]","[true, true, true, true, true]",0,4.0,0,1,1,"[4, 2]","[[6, 5], [6, 5], [6, 5], [6, 5], [6, 5]]","[[10, 7], [10, 7], [10, 7], [10, 7], [10, 7]]","[[9, 6], [9, 6], [9, 6], [9, 6], [9, 6]]","[[11, 8], [11, 8], [11, 8], [11, 8], [11, 8]]","[[2, 2], [2, 2], [2, 2], [2, 2], [2, 2]]","[[2.25, 1.5], [2.25, 1.5], [2.25, 1.5], [2.25, 1.5], [2.25, 1.5]]",1.0,0.997062975218238,0.37542304199999954
ellipse--demand_conflict,ellipse,demand_conflict,unknown_static_0_8,static,1723,oracle_true_delay_0p25,10.011326946137123,2.362930302519752,2.362930302519752,0.41870602109132593,0.23602568522961784,0.8333333333333334,0.3333333333333333,2.579812957041091,0.5979548992083605,0.2317822683913423,0.41870602109132593,1,"[[2, 3], [2, 3], [3, 4], [3, 4]]","[true, true, true, true, true]",0,4.0,0,1,1,"[4, 2]","[[6, 5], [6, 5], [6, 5], [6, 5], [6, 5]]","[[10, 7], [10, 7], [10, 7], [10, 7], [10, 7]]","[[9, 6], [9, 6], [9, 6], [9, 6], [9, 6]]","[[11, 8], [11, 8], [11, 8], [11, 8], [11, 8]]","[[2, 2], [2, 2], [2, 2], [2, 2], [2, 2]]","[[2.5, 1.75], [2.5, 1.75], [2.5, 1.75], [2.5, 1.75], [2.5, 1.75]]",1.0,0.9970714105486813,0.38619454100000006
ellipse--demand_conflict,ellipse,demand_conflict,unknown_static_0_8,static,1741,dual_anchor_dynamic,8.785436281176223,1.5633438127818133,1.5633438127818133,0.397053325933984,0.17794720293304636,0.8333333333333334,0.3333333333333333,2.2867677730476275,0.4874339416867872,0.21315410660924827,0.397053325933984,1,"[[2, 3], [2, 3], [3, 4], [3, 4]]","[true, true, true, true, true]",0,4.0,0,1,1,"[2, 3]","[[7, 4], [7, 4], [7, 4], [7, 4], [7, 4]]","[[9, 7], [9, 7], [9, 7], [9, 7], [9, 7]]","[[8, 6], [8, 6], [8, 6], [8, 6], [8, 6]]","[[10, 8], [10, 8], [10, 8], [10, 8], [10, 8]]","[[2, 2], [2, 2], [2, 2], [2, 2], [2, 2]]","[[0.0, 0.0], [0.0, 0.0], [0.0, 0.0], [0.0, 0.0], [0.0, 0.0]]",1.0,0.9985608764855933,0.3178212089999999
ellipse--demand_conflict,ellipse,demand_conflict,unknown_static_0_8,static,1741,fixed_delay_2,8.785436281176223,1.8041927339326924,1.8041927339326924,0.40709359911061627,0.20536176874885276,0.8333333333333334,0.5,2.2867677730476275,0.47857832311801607,0.20928155834564866,0.40709359911061627,1,"[[2, 3], [2, 3], [3, 4], [3, 4]]","[true, true, true, true, true]",0,4.0,0,1,1,"[2, 3]","[[7, 4], [7, 4], [7, 4], [7, 4], [7, 4]]","[[9, 7], [9, 7], [9, 7], [9, 7], [9, 7]]","[[8, 6], [8, 6], [8, 6], [8, 6], [8, 6]]","[[10, 8], [10, 8], [10, 8], [10, 8], [10, 8]]","[[2, 2], [2, 2], [2, 2], [2, 2], [2, 2]]","[[2.0, 2.0], [2.0, 2.0], [2.0, 2.0], [2.0, 2.0], [2.0, 2.0]]",1.0,0.9985622159162542,0.350448042
ellipse--demand_conflict,ellipse,demand_conflict,unknown_static_0_8,static,1741,fixed_delay_4,8.785436281176223,1.838393447743448,1.838393447743448,0.39909470838604727,0.20925465610426328,0.8333333333333334,0.5,2.2867677730476275,0.472211388999612,0.2064973079318348,0.39909470838604727,1,"[[2, 3], [2, 3], [3, 4], [3, 4]]","[true, true, true, true, true]",0,4.0,0,1,1,"[2, 3]","[[7, 4], [7, 4], [7, 4], [7, 4], [7, 4]]","[[9, 7], [9, 7], [9, 7], [9, 7], [9, 7]]","[[8, 6], [8, 6], [8, 6], [8, 6], [8, 6]]","[[10, 8], [10, 8], [10, 8], [10, 8], [10, 8]]","[[2, 2], [2, 2], [2, 2], [2, 2], [2, 2]]","[[4.0, 4.0], [4.0, 4.0], [4.0, 4.0], [4.0, 4.0], [4.0, 4.0]]",1.0,0.9985776510582872,0.39654129100000013
ellipse--demand_conflict,ellipse,demand_conflict,unknown_static_0_8,static,1741,fixed_delay_6,8.785436281176223,1.8598948263083077,1.8598948263083077,0.37787855268216125,0.21170204492784722,0.8333333333333334,0.5,2.2867677730476275,0.47675390429458875,0.20848374282413817,0.37787855268216125,1,"[[2, 3], [3, 4], [3, 4], [3, 4]]","[true, true, true, true, true]",0,4.0,0,1,1,"[2, 3]","[[7, 4], [7, 4], [7, 4], [7, 4], [7, 4]]","[[9, 7], [9, 7], [9, 7], [9, 7], [9, 7]]","[[8, 6], [8, 6], [8, 6], [8, 6], [8, 6]]","[[10, 8], [10, 8], [10, 8], [10, 8], [10, 8]]","[[2, 2], [2, 2], [2, 2], [2, 2], [2, 2]]","[[6.0, 6.0], [6.0, 6.0], [6.0, 6.0], [6.0, 6.0], [6.0, 6.0]]",1.0,0.9985766616840095,0.326509209000001
ellipse--demand_conflict,ellipse,demand_conflict,unknown_static_0_8,static,1741,delay_aware_dual_anchor,8.785436281176223,1.7622429273518376,1.7622429273518376,0.4028188042951122,0.20058684292408333,0.8333333333333334,0.5,2.2867677730476275,0.47422125559716694,0.2073762194773112,0.4028188042951122,1,"[[2, 3], [2, 3], [3, 4], [3, 4]]","[true, true, true, true, true]",0,4.0,0,1,1,"[2, 3]","[[7, 4], [7, 4], [7, 4], [7, 4], [7, 4]]","[[9, 7], [9, 7], [9, 7], [9, 7], [9, 7]]","[[8, 6], [8, 6], [8, 6], [8, 6], [8, 6]]","[[10, 8], [10, 8], [10, 8], [10, 8], [10, 8]]","[[2, 2], [2, 2], [2, 2], [2, 2], [2, 2]]","[[2.0, 1.5], [2.0, 1.5], [2.0, 1.5], [2.0, 1.5], [2.0, 1.5]]",1.0,0.9985595071334807,0.3157846669999991
ellipse--demand_conflict,ellipse,demand_conflict,unknown_static_0_8,static,1741,oracle_true_delay_0p25,8.785436281176223,1.7800901488092071,1.7800901488092071,0.4036684798394993,0.20261829826519245,0.8333333333333334,0.5,2.2867677730476275,0.47469139765931717,0.20758181187182165,0.4036684798394993,1,"[[2, 3], [2, 3], [3, 4], [3, 4]]","[true, true, true, true, true]",0,4.0,0,1,1,"[2, 3]","[[7, 4], [7, 4], [7, 4], [7, 4], [7, 4]]","[[9, 7], [9, 7], [9, 7], [9, 7], [9, 7]]","[[8, 6], [8, 6], [8, 6], [8, 6], [8, 6]]","[[10, 8], [10, 8], [10, 8], [10, 8], [10, 8]]","[[2, 2], [2, 2], [2, 2], [2, 2], [2, 2]]","[[2.25, 1.75], [2.25, 1.75], [2.25, 1.75], [2.25, 1.75], [2.25, 1.75]]",1.0,0.9985597240911561,0.3237590420000025
rounded_square--demand_conflict,rounded_square,demand_conflict,unknown_static_0_8,static,1709,dual_anchor_dynamic,22.407186842567036,18.113117153098038,18.113117153098038,0.8423233197567028,0.8083619456722013,1.0,1.0,4.833171668638797,4.608857843408674,0.953588690696497,0.8423233197567028,0,"[[1, 4], [1, 4], [1, 4], [1, 4]]","[true, true, true, true, true]",0,4.0,0,1,1,"[4, 3]","[[4, 8], [4, 8], [4, 8], [4, 8], [4, 8]]","[[8, 11], [8, 11], [8, 11], [8, 11], [8, 11]]","[[7, 11], [7, 11], [7, 11], [7, 11], [7, 11]]","[[9, 13], [9, 13], [9, 13], [9, 13], [9, 13]]","[[2, 2], [2, 2], [2, 2], [2, 2], [2, 2]]","[[0.0, 0.0], [0.0, 0.0], [0.0, 0.0], [0.0, 0.0], [0.0, 0.0]]",0.5,0.9825887278931236,0.43089024999999737
rounded_square--demand_conflict,rounded_square,demand_conflict,unknown_static_0_8,static,1709,fixed_delay_2,22.407186842567036,18.132208619058325,18.132208619058325,0.8527774898141021,0.8092139698952519,1.0,1.0,4.833171668638797,4.184534849893615,0.8657947900021804,0.8527774898141021,0,"[[1, 4], [1, 4], [1, 4], [1, 4]]","[true, true, true, true, true]",0,4.0,0,1,1,"[4, 3]","[[4, 8], [4, 8], [4, 8], [4, 8], [4, 8]]","[[8, 11], [8, 11], [8, 11], [8, 11], [8, 11]]","[[7, 11], [7, 11], [7, 11], [7, 11], [7, 11]]","[[9, 13], [9, 13], [9, 13], [9, 13], [9, 13]]","[[2, 2], [2, 2], [2, 2], [2, 2], [2, 2]]","[[2.0, 2.0], [2.0, 2.0], [2.0, 2.0], [2.0, 2.0], [2.0, 2.0]]",0.5,0.9838414540524463,0.5047841660000003
rounded_square--demand_conflict,rounded_square,demand_conflict,unknown_static_0_8,static,1709,fixed_delay_4,22.407186842567036,18.178463060705276,18.178463060705276,0.8516508069609365,0.8112782380236847,1.0,0.8333333333333334,4.833171668638797,4.02557715623398,0.8329058912504413,0.8516508069609365,0,"[[1, 4], [1, 4], [1, 4], [1, 4]]","[true, true, true, true, true]",0,4.0,0,1,1,"[4, 3]","[[4, 8], [4, 8], [4, 8], [4, 8], [4, 8]]","[[8, 11], [8, 11], [8, 11], [8, 11], [8, 11]]","[[7, 11], [7, 11], [7, 11], [7, 11], [7, 11]]","[[9, 13], [9, 13], [9, 13], [9, 13], [9, 13]]","[[2, 2], [2, 2], [2, 2], [2, 2], [2, 2]]","[[4.0, 4.0], [4.0, 4.0], [4.0, 4.0], [4.0, 4.0], [4.0, 4.0]]",0.5,0.9838786665743308,0.4308241250000009
rounded_square--demand_conflict,rounded_square,demand_conflict,unknown_static_0_8,static,1709,fixed_delay_6,22.407186842567036,17.768223337603814,17.768223337603814,0.8398517208920288,0.7929698387594751,1.0,0.8333333333333334,4.833171668638797,4.029011591077006,0.8336164877445222,0.8398517208920288,0,"[[1, 4], [1, 4], [1, 4], [1, 4]]","[true, true, true, true, true]",0,4.0,0,1,1,"[4, 3]","[[4, 8], [4, 8], [4, 8], [4, 8], [4, 8]]","[[8, 11], [8, 11], [8, 11], [8, 11], [8, 11]]","[[7, 11], [7, 11], [7, 11], [7, 11], [7, 11]]","[[9, 13], [9, 13], [9, 13], [9, 13], [9, 13]]","[[2, 2], [2, 2], [2, 2], [2, 2], [2, 2]]","[[6.0, 6.0], [6.0, 6.0], [6.0, 6.0], [6.0, 6.0], [6.0, 6.0]]",0.5,0.9840595234789087,0.4098424170000001
rounded_square--demand_conflict,rounded_square,demand_conflict,unknown_static_0_8,static,1709,delay_aware_dual_anchor,22.407186842567036,18.07253614087391,18.07253614087391,0.8500540050498603,0.8065508744070198,1.0,0.8333333333333334,4.833171668638797,4.268791807013398,0.883227846987618,0.8500540050498603,0,"[[1, 4], [1, 4], [1, 4], [1, 4]]","[true, true, true, true, true]",0,4.0,0,1,1,"[4, 3]","[[4, 8], [4, 8], [4, 8], [4, 8], [4, 8]]","[[8, 11], [8, 11], [8, 11], [8, 11], [8, 11]]","[[7, 11], [7, 11], [7, 11], [7, 11], [7, 11]]","[[9, 13], [9, 13], [9, 13], [9, 13], [9, 13]]","[[2, 2], [2, 2], [2, 2], [2, 2], [2, 2]]","[[1.75, 2.75], [1.75, 2.75], [1.75, 2.75], [1.75, 2.75], [1.75, 2.75]]",0.5,0.9838730567620326,0.4852546249999996
rounded_square--demand_conflict,rounded_square,demand_conflict,unknown_static_0_8,static,1709,oracle_true_delay_0p25,22.407186842567036,18.15900254149192,18.15900254149192,0.8531184364054045,0.8104097434933322,1.0,0.8333333333333334,4.833171668638797,4.163744138401369,0.8614931196048403,0.8531184364054045,0,"[[1, 4], [1, 4], [1, 4], [1, 4]]","[true, true, true, true, true]",0,4.0,0,1,1,"[4, 3]","[[4, 8], [4, 8], [4, 8], [4, 8], [4, 8]]","[[8, 11], [8, 11], [8, 11], [8, 11], [8, 11]]","[[7, 11], [7, 11], [7, 11], [7, 11], [7, 11]]","[[9, 13], [9, 13], [9, 13], [9, 13], [9, 13]]","[[2, 2], [2, 2], [2, 2], [2, 2], [2, 2]]","[[2.0, 2.75], [2.0, 2.75], [2.0, 2.75], [2.0, 2.75], [2.0, 2.75]]",0.5,0.9837640890803462,0.5136363750000008
rounded_square--demand_conflict,rounded_square,demand_conflict,unknown_static_0_8,static,1723,dual_anchor_dynamic,13.61313980069685,12.693240969258657,14.71203386016049,1.0436447528856159,0.9324256677808375,1.0,0.8333333333333334,3.2213116106222457,2.89465602050889,0.8985954699209441,1.0436447528856159,0,"[[2, 4], [2, 4], [2, 4], [2, 4]]","[true, false, false, true, false]",3,0.575,0,1,1,"[4, 2]","[[6, 5], [6, 5], [6, 5], [6, 5], [6, 5]]","[[10, 7], [10, 7], [10, 7], [10, 7], [10, 7]]","[[9, 6], [9, 6], [9, 6], [9, 6], [9, 6]]","[[11, 8], [11, 8], [11, 8], [11, 8], [11, 8]]","[[2, 2], [2, 2], [2, 2], [2, 2], [2, 2]]","[[0.0, 0.0], [0.0, 0.0], [0.0, 0.0], [0.0, 0.0], [0.0, 0.0]]",1.0,0.9933869247909022,0.43964712500000047
rounded_square--demand_conflict,rounded_square,demand_conflict,unknown_static_0_8,static,1723,fixed_delay_2,13.61313980069685,11.012852548729391,11.437882133768966,0.8693731549624049,0.808986957451627,1.0,0.8333333333333334,3.2213116106222457,2.5247286751817835,0.7837579782274132,0.8693731549624049,2,"[[2, 4], [2, 3], [2, 4], [2, 4]]","[true, true, true, false, false]",2,1.0,0,1,1,"[4, 2]","[[6, 5], [6, 5], [6, 5], [6, 5], [6, 5]]","[[10, 7], [10, 7], [10, 7], [10, 7], [10, 7]]","[[9, 6], [9, 6], [9, 6], [9, 6], [9, 6]]","[[11, 8], [11, 8], [11, 8], [11, 8], [11, 8]]","[[2, 2], [2, 2], [2, 2], [2, 2], [2, 2]]","[[2.0, 2.0], [2.0, 2.0], [2.0, 2.0], [2.0, 2.0], [2.0, 2.0]]",1.0,0.992783493916743,0.37198158300000017
rounded_square--demand_conflict,rounded_square,demand_conflict,unknown_static_0_8,static,1723,fixed_delay_4,13.61313980069685,10.356805681938585,10.356805681938585,0.8263251967323563,0.7607947786893678,1.0,0.8333333333333334,3.2213116106222457,2.3231311519250193,0.721175543609167,0.8263251967323563,1,"[[2, 4], [2, 4], [2, 4], [2, 3]]","[true, true, true, true, true]",0,4.0,0,1,1,"[4, 2]","[[6, 5], [6, 5], [6, 5], [6, 5], [6, 5]]","[[10, 7], [10, 7], [10, 7], [10, 7], [10, 7]]","[[9, 6], [9, 6], [9, 6], [9, 6], [9, 6]]","[[11, 8], [11, 8], [11, 8], [11, 8], [11, 8]]","[[2, 2], [2, 2], [2, 2], [2, 2], [2, 2]]","[[4.0, 4.0], [4.0, 4.0], [4.0, 4.0], [4.0, 4.0], [4.0, 4.0]]",1.0,0.993186460098137,0.4123647919999982
rounded_square--demand_conflict,rounded_square,demand_conflict,unknown_static_0_8,static,1723,fixed_delay_6,13.61313980069685,10.352597074510614,10.352597074510614,0.8168003358784552,0.7604856209572365,1.0,1.0,3.2213116106222457,2.537178085127127,0.7876226803891947,0.8168003358784552,0,"[[2, 4], [2, 4], [2, 4], [2, 4]]","[true, true, true, true, true]",0,4.0,0,1,1,"[4, 2]","[[6, 5], [6, 5], [6, 5], [6, 5], [6, 5]]","[[10, 7], [10, 7], [10, 7], [10, 7], [10, 7]]","[[9, 6], [9, 6], [9, 6], [9, 6], [9, 6]]","[[11, 8], [11, 8], [11, 8], [11, 8], [11, 8]]","[[2, 2], [2, 2], [2, 2], [2, 2], [2, 2]]","[[6.0, 6.0], [6.0, 6.0], [6.0, 6.0], [6.0, 6.0], [6.0, 6.0]]",1.0,0.9933422339182855,0.4421069580000001
rounded_square--demand_conflict,rounded_square,demand_conflict,unknown_static_0_8,static,1723,delay_aware_dual_anchor,13.61313980069685,11.26102887362211,12.02539235845381,0.9027376256080588,0.8272176028814208,1.0,0.8333333333333334,3.2213116106222457,2.503938776336539,0.7773041167702694,0.9027376256080588,1,"[[2, 4], [2, 3], [2, 3], [2, 3]]","[true, true, true, false, false]",2,1.0,0,1,1,"[4, 2]","[[6, 5], [6, 5], [6, 5], [6, 5], [6, 5]]","[[10, 7], [10, 7], [10, 7], [10, 7], [10, 7]]","[[9, 6], [9, 6], [9, 6], [9, 6], [9, 6]]","[[11, 8], [11, 8], [11, 8], [11, 8], [11, 8]]","[[2, 2], [2, 2], [2, 2], [2, 2], [2, 2]]","[[2.25, 1.5], [2.25, 1.5], [2.25, 1.5], [2.25, 1.5], [2.25, 1.5]]",1.0,0.9927338109370243,0.42003604099999947
rounded_square--demand_conflict,rounded_square,demand_conflict,unknown_static_0_8,static,1723,oracle_true_delay_0p25,13.61313980069685,10.918646247827112,11.73127451751988,0.8786639071849242,0.8020667096409451,1.0,0.8333333333333334,3.2213116106222457,2.494578245834319,0.7743983033521097,0.8786639071849242,2,"[[2, 4], [2, 3], [2, 4], [2, 4]]","[true, true, true, false, false]",2,1.0,0,1,1,"[4, 2]","[[6, 5], [6, 5], [6, 5], [6, 5], [6, 5]]","[[10, 7], [10, 7], [10, 7], [10, 7], [10, 7]]","[[9, 6], [9, 6], [9, 6], [9, 6], [9, 6]]","[[11, 8], [11, 8], [11, 8], [11, 8], [11, 8]]","[[2, 2], [2, 2], [2, 2], [2, 2], [2, 2]]","[[2.5, 1.75], [2.5, 1.75], [2.5, 1.75], [2.5, 1.75], [2.5, 1.75]]",1.0,0.9927771717828453,0.40095641599999965
rounded_square--demand_conflict,rounded_square,demand_conflict,unknown_static_0_8,static,1741,dual_anchor_dynamic,12.305895104393976,11.241314346055232,12.60455529533353,1.0274258233107498,0.9134901809817457,1.0,0.8333333333333334,2.8555335082301774,2.546917556844996,0.8919235405588157,1.0274258233107498,1,"[[1, 2], [1, 2], [1, 2], [2, 4]]","[true, false, false, true, false]",3,0.575,0,1,1,"[2, 3]","[[7, 4], [7, 4], [7, 4], [7, 4], [7, 4]]","[[9, 7], [9, 7], [9, 7], [9, 7], [9, 7]]","[[8, 6], [8, 6], [8, 6], [8, 6], [8, 6]]","[[10, 8], [10, 8], [10, 8], [10, 8], [10, 8]]","[[2, 2], [2, 2], [2, 2], [2, 2], [2, 2]]","[[0.0, 0.0], [0.0, 0.0], [0.0, 0.0], [0.0, 0.0], [0.0, 0.0]]",1.0,0.9969504243753007,0.43656704200000007
rounded_square--demand_conflict,rounded_square,demand_conflict,unknown_static_0_8,static,1741,fixed_delay_2,12.305895104393976,9.719031968393889,9.918830368726852,0.8358856185999053,0.7897866742683013,1.0,0.8333333333333334,2.8555335082301774,2.203872461936546,0.7717900895172747,0.8358856185999053,2,"[[1, 2], [2, 3], [2, 4], [2, 4]]","[true, true, true, false, false]",2,1.0,0,1,1,"[2, 3]","[[7, 4], [7, 4], [7, 4], [7, 4], [7, 4]]","[[9, 7], [9, 7], [9, 7], [9, 7], [9, 7]]","[[8, 6], [8, 6], [8, 6], [8, 6], [8, 6]]","[[10, 8], [10, 8], [10, 8], [10, 8], [10, 8]]","[[2, 2], [2, 2], [2, 2], [2, 2], [2, 2]]","[[2.0, 2.0], [2.0, 2.0], [2.0, 2.0], [2.0, 2.0], [2.0, 2.0]]",1.0,0.9966807883428428,0.46391383299999944
rounded_square--demand_conflict,rounded_square,demand_conflict,unknown_static_0_8,static,1741,fixed_delay_4,12.305895104393976,9.33920662140709,9.361278701725668,0.8103221260839031,0.7589213577866765,1.0,0.8333333333333334,2.8555335082301774,2.250500152773337,0.7881189789182924,0.8103221260839031,1,"[[1, 2], [2, 4], [2, 4], [2, 4]]","[true, true, true, true, false]",1,2.0,0,1,1,"[2, 3]","[[7, 4], [7, 4], [7, 4], [7, 4], [7, 4]]","[[9, 7], [9, 7], [9, 7], [9, 7], [9, 7]]","[[8, 6], [8, 6], [8, 6], [8, 6], [8, 6]]","[[10, 8], [10, 8], [10, 8], [10, 8], [10, 8]]","[[2, 2], [2, 2], [2, 2], [2, 2], [2, 2]]","[[4.0, 4.0], [4.0, 4.0], [4.0, 4.0], [4.0, 4.0], [4.0, 4.0]]",1.0,0.9967878798796097,0.4542971250000001
rounded_square--demand_conflict,rounded_square,demand_conflict,unknown_static_0_8,static,1741,fixed_delay_6,12.305895104393976,9.255534812174066,9.255534812174066,0.8098282708743125,0.7521220304298921,1.0,1.0,2.8555335082301774,2.2869976186066783,0.8009002913168859,0.8098282708743125,1,"[[1, 2], [2, 4], [2, 4], [2, 4]]","[true, true, true, true, true]",0,4.0,0,1,1,"[2, 3]","[[7, 4], [7, 4], [7, 4], [7, 4], [7, 4]]","[[9, 7], [9, 7], [9, 7], [9, 7], [9, 7]]","[[8, 6], [8, 6], [8, 6], [8, 6], [8, 6]]","[[10, 8], [10, 8], [10, 8], [10, 8], [10, 8]]","[[2, 2], [2, 2], [2, 2], [2, 2], [2, 2]]","[[6.0, 6.0], [6.0, 6.0], [6.0, 6.0], [6.0, 6.0], [6.0, 6.0]]",1.0,0.9968141952052781,0.5157772910000027
rounded_square--demand_conflict,rounded_square,demand_conflict,unknown_static_0_8,static,1741,delay_aware_dual_anchor,12.305895104393976,9.990180262326888,10.734648486763046,0.8886940912400282,0.8118206906184149,1.0,0.8333333333333334,2.8555335082301774,2.168778884430221,0.7595004149590253,0.8886940912400282,2,"[[1, 2], [2, 3], [2, 4], [2, 4]]","[true, true, true, false, false]",2,1.0,0,1,1,"[2, 3]","[[7, 4], [7, 4], [7, 4], [7, 4], [7, 4]]","[[9, 7], [9, 7], [9, 7], [9, 7], [9, 7]]","[[8, 6], [8, 6], [8, 6], [8, 6], [8, 6]]","[[10, 8], [10, 8], [10, 8], [10, 8], [10, 8]]","[[2, 2], [2, 2], [2, 2], [2, 2], [2, 2]]","[[2.0, 1.5], [2.0, 1.5], [2.0, 1.5], [2.0, 1.5], [2.0, 1.5]]",1.0,0.9966857255703978,0.3960631670000012
rounded_square--demand_conflict,rounded_square,demand_conflict,unknown_static_0_8,static,1741,oracle_true_delay_0p25,12.305895104393976,9.809286867812375,10.279898284062881,0.8573696913287957,0.7971209558181465,1.0,0.8333333333333334,2.8555335082301774,2.18068946261552,0.7636714667610689,0.8573696913287957,2,"[[1, 2], [2, 3], [2, 4], [2, 4]]","[true, true, true, false, false]",2,1.0,0,1,1,"[2, 3]","[[7, 4], [7, 4], [7, 4], [7, 4], [7, 4]]","[[9, 7], [9, 7], [9, 7], [9, 7], [9, 7]]","[[8, 6], [8, 6], [8, 6], [8, 6], [8, 6]]","[[10, 8], [10, 8], [10, 8], [10, 8], [10, 8]]","[[2, 2], [2, 2], [2, 2], [2, 2], [2, 2]]","[[2.25, 1.75], [2.25, 1.75], [2.25, 1.75], [2.25, 1.75], [2.25, 1.75]]",1.0,0.9966830641256135,0.3946849589999992
figure_eight--demand_conflict,figure_eight,demand_conflict,unknown_static_0_8,static,1709,dual_anchor_dynamic,20.624249322799056,17.542739496136782,17.542739496136782,0.8849636174661148,0.8505880248811858,1.0,1.0,6.025269509394531,5.145649075265809,0.8540114375369886,0.8849636174661148,0,"[[2, 4], [2, 4], [2, 4], [2, 4]]","[true, true, true, true, true]",0,4.0,0,1,1,"[4, 3]","[[4, 8], [4, 8], [4, 8], [4, 8], [4, 8]]","[[8, 11], [8, 11], [8, 11], [8, 11], [8, 11]]","[[7, 11], [7, 11], [7, 11], [7, 11], [7, 11]]","[[9, 13], [9, 13], [9, 13], [9, 13], [9, 13]]","[[2, 2], [2, 2], [2, 2], [2, 2], [2, 2]]","[[0.0, 0.0], [0.0, 0.0], [0.0, 0.0], [0.0, 0.0], [0.0, 0.0]]",0.5,0.9862139012926561,0.4467153749999966
figure_eight--demand_conflict,figure_eight,demand_conflict,unknown_static_0_8,static,1709,fixed_delay_2,20.624249322799056,16.687219421143503,16.687219421143503,0.8558484381622833,0.809106753897541,1.0,1.0,6.025269509394531,4.869412934401031,0.8081651661902756,0.8558484381622833,0,"[[2, 4], [2, 4], [2, 4], [2, 4]]","[true, true, true, true, true]",0,4.0,0,1,1,"[4, 3]","[[4, 8], [4, 8], [4, 8], [4, 8], [4, 8]]","[[8, 11], [8, 11], [8, 11], [8, 11], [8, 11]]","[[7, 11], [7, 11], [7, 11], [7, 11], [7, 11]]","[[9, 13], [9, 13], [9, 13], [9, 13], [9, 13]]","[[2, 2], [2, 2], [2, 2], [2, 2], [2, 2]]","[[2.0, 2.0], [2.0, 2.0], [2.0, 2.0], [2.0, 2.0], [2.0, 2.0]]",0.5,0.9861248131845899,0.45379837500000164
figure_eight--demand_conflict,figure_eight,demand_conflict,unknown_static_0_8,static,1709,fixed_delay_4,20.624249322799056,16.376059633026973,16.376059633026973,0.8396892335635855,0.7940196695995172,1.0,0.8333333333333334,6.025269509394531,4.776726084126373,0.7927821447121255,0.8396892335635855,0,"[[2, 4], [2, 4], [2, 4], [2, 4]]","[true, true, true, true, true]",0,4.0,0,1,1,"[4, 3]","[[4, 8], [4, 8], [4, 8], [4, 8], [4, 8]]","[[8, 11], [8, 11], [8, 11], [8, 11], [8, 11]]","[[7, 11], [7, 11], [7, 11], [7, 11], [7, 11]]","[[9, 13], [9, 13], [9, 13], [9, 13], [9, 13]]","[[2, 2], [2, 2], [2, 2], [2, 2], [2, 2]]","[[4.0, 4.0], [4.0, 4.0], [4.0, 4.0], [4.0, 4.0], [4.0, 4.0]]",0.5,0.9865131401598268,0.3733204170000022
figure_eight--demand_conflict,figure_eight,demand_conflict,unknown_static_0_8,static,1709,fixed_delay_6,20.624249322799056,15.815464620960688,15.815464620960688,0.8156104365491919,0.7668383160727938,1.0,0.8333333333333334,6.025269509394531,4.684430777328899,0.7774641067963829,0.8156104365491919,0,"[[2, 4], [2, 4], [2, 4], [2, 4]]","[true, true, true, true, true]",0,4.0,0,1,1,"[4, 3]","[[4, 8], [4, 8], [4, 8], [4, 8], [4, 8]]","[[8, 11], [8, 11], [8, 11], [8, 11], [8, 11]]","[[7, 11], [7, 11], [7, 11], [7, 11], [7, 11]]","[[9, 13], [9, 13], [9, 13], [9, 13], [9, 13]]","[[2, 2], [2, 2], [2, 2], [2, 2], [2, 2]]","[[6.0, 6.0], [6.0, 6.0], [6.0, 6.0], [6.0, 6.0], [6.0, 6.0]]",0.5,0.9867431540850319,0.5101577500000012
figure_eight--demand_conflict,figure_eight,demand_conflict,unknown_static_0_8,static,1709,delay_aware_dual_anchor,20.624249322799056,16.05727079009943,16.05727079009943,0.8372619410463624,0.7785626782715886,1.0,1.0,6.025269509394531,4.679707047828074,0.7766801203716329,0.8372619410463624,0,"[[2, 4], [2, 4], [2, 4], [2, 4]]","[true, true, true, true, true]",0,4.0,0,1,1,"[4, 3]","[[4, 8], [4, 8], [4, 8], [4, 8], [4, 8]]","[[8, 11], [8, 11], [8, 11], [8, 11], [8, 11]]","[[7, 11], [7, 11], [7, 11], [7, 11], [7, 11]]","[[9, 13], [9, 13], [9, 13], [9, 13], [9, 13]]","[[2, 2], [2, 2], [2, 2], [2, 2], [2, 2]]","[[1.75, 2.75], [1.75, 2.75], [1.75, 2.75], [1.75, 2.75], [1.75, 2.75]]",0.5,0.9862962096592303,0.4219779999999993
figure_eight--demand_conflict,figure_eight,demand_conflict,unknown_static_0_8,static,1709,oracle_true_delay_0p25,20.624249322799056,16.32832622486515,16.32832622486515,0.8415531735064585,0.7917052382999957,1.0,1.0,6.025269509394531,4.727453626600359,0.7846045092637546,0.8415531735064585,0,"[[2, 4], [2, 4], [2, 4], [2, 4]]","[true, true, true, true, true]",0,4.0,0,1,1,"[4, 3]","[[4, 8], [4, 8], [4, 8], [4, 8], [4, 8]]","[[8, 11], [8, 11], [8, 11], [8, 11], [8, 11]]","[[7, 11], [7, 11], [7, 11], [7, 11], [7, 11]]","[[9, 13], [9, 13], [9, 13], [9, 13], [9, 13]]","[[2, 2], [2, 2], [2, 2], [2, 2], [2, 2]]","[[2.0, 2.75], [2.0, 2.75], [2.0, 2.75], [2.0, 2.75], [2.0, 2.75]]",0.5,0.9861297850674098,0.43468245800000105
figure_eight--demand_conflict,figure_eight,demand_conflict,unknown_static_0_8,static,1723,dual_anchor_dynamic,13.187841289736923,4.710244768581902,4.710244768581902,0.5050044702658938,0.35716571538114594,1.0,0.6666666666666666,3.6993393473834257,1.280977971120349,0.34627209099548967,0.5050044702658938,1,"[[1, 4], [2, 4], [2, 4], [2, 4]]","[true, true, true, true, true]",0,4.0,0,1,1,"[4, 2]","[[6, 5], [6, 5], [6, 5], [6, 5], [6, 5]]","[[10, 7], [10, 7], [10, 7], [10, 7], [10, 7]]","[[9, 6], [9, 6], [9, 6], [9, 6], [9, 6]]","[[11, 8], [11, 8], [11, 8], [11, 8], [11, 8]]","[[2, 2], [2, 2], [2, 2], [2, 2], [2, 2]]","[[0.0, 0.0], [0.0, 0.0], [0.0, 0.0], [0.0, 0.0], [0.0, 0.0]]",1.0,0.9951493710956363,0.3576425830000005
figure_eight--demand_conflict,figure_eight,demand_conflict,unknown_static_0_8,static,1723,fixed_delay_2,13.187841289736923,4.797238271960361,4.797238271960361,0.5082223299938241,0.3637622084285834,1.0,0.6666666666666666,3.6993393473834257,1.2642287974390511,0.3417444788711398,0.5082223299938241,1,"[[1, 4], [2, 4], [2, 4], [2, 4]]","[true, true, true, true, true]",0,4.0,0,1,1,"[4, 2]","[[6, 5], [6, 5], [6, 5], [6, 5], [6, 5]]","[[10, 7], [10, 7], [10, 7], [10, 7], [10, 7]]","[[9, 6], [9, 6], [9, 6], [9, 6], [9, 6]]","[[11, 8], [11, 8], [11, 8], [11, 8], [11, 8]]","[[2, 2], [2, 2], [2, 2], [2, 2], [2, 2]]","[[2.0, 2.0], [2.0, 2.0], [2.0, 2.0], [2.0, 2.0], [2.0, 2.0]]",1.0,0.9951238045876487,0.3645570420000013
figure_eight--demand_conflict,figure_eight,demand_conflict,unknown_static_0_8,static,1723,fixed_delay_4,13.187841289736923,6.276408741804737,6.653030334921483,0.6232023363214092,0.47592389109877903,1.0,0.6666666666666666,3.6993393473834257,1.6687942923182855,0.4511060315401013,0.6232023363214092,3,"[[1, 4], [2, 4], [3, 4], [2, 4]]","[true, true, true, true, false]",1,2.0,0,1,1,"[4, 2]","[[6, 5], [6, 5], [6, 5], [6, 5], [6, 5]]","[[10, 7], [10, 7], [10, 7], [10, 7], [10, 7]]","[[9, 6], [9, 6], [9, 6], [9, 6], [9, 6]]","[[11, 8], [11, 8], [11, 8], [11, 8], [11, 8]]","[[2, 2], [2, 2], [2, 2], [2, 2], [2, 2]]","[[4.0, 4.0], [4.0, 4.0], [4.0, 4.0], [4.0, 4.0], [4.0, 4.0]]",1.0,0.9950894255326204,0.3592669160000028
figure_eight--demand_conflict,figure_eight,demand_conflict,unknown_static_0_8,static,1723,fixed_delay_6,13.187841289736923,8.904550921181995,9.155586955027543,0.7500292989500933,0.6752091358660586,1.0,0.6666666666666666,3.6993393473834257,2.5342287268950368,0.6850490017055392,0.7500292989500933,3,"[[1, 4], [2, 4], [3, 4], [2, 4]]","[true, true, true, true, false]",1,2.0,0,1,1,"[4, 2]","[[6, 5], [6, 5], [6, 5], [6, 5], [6, 5]]","[[10, 7], [10, 7], [10, 7], [10, 7], [10, 7]]","[[9, 6], [9, 6], [9, 6], [9, 6], [9, 6]]","[[11, 8], [11, 8], [11, 8], [11, 8], [11, 8]]","[[2, 2], [2, 2], [2, 2], [2, 2], [2, 2]]","[[6.0, 6.0], [6.0, 6.0], [6.0, 6.0], [6.0, 6.0], [6.0, 6.0]]",1.0,0.995026031416449,0.3600599590000009
figure_eight--demand_conflict,figure_eight,demand_conflict,unknown_static_0_8,static,1723,delay_aware_dual_anchor,13.187841289736923,5.274779374572635,5.274779374572635,0.5278284278444918,0.39997291889443554,1.0,0.6666666666666666,3.6993393473834257,1.3965041121118509,0.3775009484057228,0.5278284278444918,1,"[[1, 4], [2, 4], [2, 4], [2, 4]]","[true, true, true, true, true]",0,4.0,0,1,1,"[4, 2]","[[6, 5], [6, 5], [6, 5], [6, 5], [6, 5]]","[[10, 7], [10, 7], [10, 7], [10, 7], [10, 7]]","[[9, 6], [9, 6], [9, 6], [9, 6], [9, 6]]","[[11, 8], [11, 8], [11, 8], [11, 8], [11, 8]]","[[2, 2], [2, 2], [2, 2], [2, 2], [2, 2]]","[[2.25, 1.5], [2.25, 1.5], [2.25, 1.5], [2.25, 1.5], [2.25, 1.5]]",1.0,0.9951290733930211,0.35203599999999824
figure_eight--demand_conflict,figure_eight,demand_conflict,unknown_static_0_8,static,1723,oracle_true_delay_0p25,13.187841289736923,5.507671360845428,5.507671360845428,0.5372281548552217,0.4176325176988309,1.0,0.6666666666666666,3.6993393473834257,1.433693001050483,0.3875537944537438,0.5372281548552217,1,"[[1, 4], [2, 4], [2, 4], [2, 4]]","[true, true, true, true, true]",0,4.0,0,1,1,"[4, 2]","[[6, 5], [6, 5], [6, 5], [6, 5], [6, 5]]","[[10, 7], [10, 7], [10, 7], [10, 7], [10, 7]]","[[9, 6], [9, 6], [9, 6], [9, 6], [9, 6]]","[[11, 8], [11, 8], [11, 8], [11, 8], [11, 8]]","[[2, 2], [2, 2], [2, 2], [2, 2], [2, 2]]","[[2.5, 1.75], [2.5, 1.75], [2.5, 1.75], [2.5, 1.75], [2.5, 1.75]]",1.0,0.9951313859277128,0.39667566700000023
figure_eight--demand_conflict,figure_eight,demand_conflict,unknown_static_0_8,static,1741,dual_anchor_dynamic,11.783710749790933,4.328345173369809,4.328345173369809,0.5014724912470786,0.36731597247043785,1.0,0.6666666666666666,3.4319562441802116,1.177402304263839,0.34307031339937266,0.5014724912470786,1,"[[1, 4], [2, 4], [2, 4], [2, 4]]","[true, true, true, true, true]",0,4.0,0,1,1,"[2, 3]","[[7, 4], [7, 4], [7, 4], [7, 4], [7, 4]]","[[9, 7], [9, 7], [9, 7], [9, 7], [9, 7]]","[[8, 6], [8, 6], [8, 6], [8, 6], [8, 6]]","[[10, 8], [10, 8], [10, 8], [10, 8], [10, 8]]","[[2, 2], [2, 2], [2, 2], [2, 2], [2, 2]]","[[0.0, 0.0], [0.0, 0.0], [0.0, 0.0], [0.0, 0.0], [0.0, 0.0]]",1.0,0.9972185141566781,0.3740118749999972
figure_eight--demand_conflict,figure_eight,demand_conflict,unknown_static_0_8,static,1741,fixed_delay_2,11.783710749790933,4.4856105364424,4.4856105364424,0.514257617802454,0.38066196902550276,1.0,0.6666666666666666,3.4319562441802116,1.1663407303631703,0.3398472029883857,0.514257617802454,1,"[[1, 4], [2, 4], [2, 4], [2, 4]]","[true, true, true, true, true]",0,4.0,0,1,1,"[2, 3]","[[7, 4], [7, 4], [7, 4], [7, 4], [7, 4]]","[[9, 7], [9, 7], [9, 7], [9, 7], [9, 7]]","[[8, 6], [8, 6], [8, 6], [8, 6], [8, 6]]","[[10, 8], [10, 8], [10, 8], [10, 8], [10, 8]]","[[2, 2], [2, 2], [2, 2], [2, 2], [2, 2]]","[[2.0, 2.0], [2.0, 2.0], [2.0, 2.0], [2.0, 2.0], [2.0, 2.0]]",1.0,0.9972020519300799,0.35427645800000107
figure_eight--demand_conflict,figure_eight,demand_conflict,unknown_static_0_8,static,1741,fixed_delay_4,11.783710749790933,6.250568267479201,6.69725874797394,0.6462810006812452,0.5304414203811052,1.0,0.6666666666666666,3.4319562441802116,1.639388616437669,0.4776834259520894,0.6462810006812452,3,"[[1, 4], [2, 4], [3, 4], [2, 4]]","[true, true, true, true, false]",1,2.0,0,1,1,"[2, 3]","[[7, 4], [7, 4], [7, 4], [7, 4], [7, 4]]","[[9, 7], [9, 7], [9, 7], [9, 7], [9, 7]]","[[8, 6], [8, 6], [8, 6], [8, 6], [8, 6]]","[[10, 8], [10, 8], [10, 8], [10, 8], [10, 8]]","[[2, 2], [2, 2], [2, 2], [2, 2], [2, 2]]","[[4.0, 4.0], [4.0, 4.0], [4.0, 4.0], [4.0, 4.0], [4.0, 4.0]]",1.0,0.9972015643671325,0.35968875000000367
figure_eight--demand_conflict,figure_eight,demand_conflict,unknown_static_0_8,static,1741,fixed_delay_6,11.783710749790933,8.111048877466699,8.300896566970557,0.7613997413908967,0.6883272213390511,1.0,0.6666666666666666,3.4319562441802116,2.2482219165473913,0.6550846679236793,0.7613997413908967,3,"[[1, 4], [2, 4], [3, 4], [2, 4]]","[true, true, true, true, false]",1,2.0,0,1,1,"[2, 3]","[[7, 4], [7, 4], [7, 4], [7, 4], [7, 4]]","[[9, 7], [9, 7], [9, 7], [9, 7], [9, 7]]","[[8, 6], [8, 6], [8, 6], [8, 6], [8, 6]]","[[10, 8], [10, 8], [10, 8], [10, 8], [10, 8]]","[[2, 2], [2, 2], [2, 2], [2, 2], [2, 2]]","[[6.0, 6.0], [6.0, 6.0], [6.0, 6.0], [6.0, 6.0], [6.0, 6.0]]",1.0,0.9972013304083425,0.3885262500000053
figure_eight--demand_conflict,figure_eight,demand_conflict,unknown_static_0_8,static,1741,delay_aware_dual_anchor,11.783710749790933,4.461716802890706,4.461716802890706,0.5122541359494877,0.3786342772347723,1.0,0.6666666666666666,3.4319562441802116,1.161836538697184,0.3385347760966897,0.5122541359494877,1,"[[1, 4], [2, 4], [2, 4], [2, 4]]","[true, true, true, true, true]",0,4.0,0,1,1,"[2, 3]","[[7, 4], [7, 4], [7, 4], [7, 4], [7, 4]]","[[9, 7], [9, 7], [9, 7], [9, 7], [9, 7]]","[[8, 6], [8, 6], [8, 6], [8, 6], [8, 6]]","[[10, 8], [10, 8], [10, 8], [10, 8], [10, 8]]","[[2, 2], [2, 2], [2, 2], [2, 2], [2, 2]]","[[2.0, 1.5], [2.0, 1.5], [2.0, 1.5], [2.0, 1.5], [2.0, 1.5]]",1.0,0.9972020519300799,0.3795900000000003
figure_eight--demand_conflict,figure_eight,demand_conflict,unknown_static_0_8,static,1741,oracle_true_delay_0p25,11.783710749790933,4.66738374040447,4.66738374040447,0.5231799724727616,0.3960877723078258,1.0,0.6666666666666666,3.4319562441802116,1.2100012347327076,0.35256895736493854,0.5231799724727616,1,"[[1, 4], [2, 4], [2, 4], [2, 4]]","[true, true, true, true, true]",0,4.0,0,1,1,"[2, 3]","[[7, 4], [7, 4], [7, 4], [7, 4], [7, 4]]","[[9, 7], [9, 7], [9, 7], [9, 7], [9, 7]]","[[8, 6], [8, 6], [8, 6], [8, 6], [8, 6]]","[[10, 8], [10, 8], [10, 8], [10, 8], [10, 8]]","[[2, 2], [2, 2], [2, 2], [2, 2], [2, 2]]","[[2.25, 1.75], [2.25, 1.75], [2.25, 1.75], [2.25, 1.75], [2.25, 1.75]]",1.0,0.9971999679601191,0.3573291249999997
s_curve--demand_conflict,s_curve,demand_conflict,unknown_static_0_8,static,1709,dual_anchor_dynamic,12.39874565512755,10.00716082826965,10.620171412096305,0.8778839339106718,0.8071107438300541,1.0,1.0,2.5829822315166178,2.286184237199673,0.885094837008353,0.8778839339106718,2,"[[2, 4], [3, 4], [2, 4], [2, 4]]","[true, true, true, false, false]",2,1.0,0,1,1,"[4, 3]","[[4, 8], [4, 8], [4, 8], [4, 8], [4, 8]]","[[8, 11], [8, 11], [8, 11], [8, 11], [8, 11]]","[[7, 11], [7, 11], [7, 11], [7, 11], [7, 11]]","[[9, 13], [9, 13], [9, 13], [9, 13], [9, 13]]","[[2, 2], [2, 2], [2, 2], [2, 2], [2, 2]]","[[0.0, 0.0], [0.0, 0.0], [0.0, 0.0], [0.0, 0.0], [0.0, 0.0]]",0.5,0.9714081563973801,0.4031096670000025
s_curve--demand_conflict,s_curve,demand_conflict,unknown_static_0_8,static,1709,fixed_delay_2,12.39874565512755,9.092680946531491,9.092680946531491,0.8485711104711998,0.7333549053626386,1.0,0.8333333333333334,2.5829822315166178,2.1024259279572632,0.8139529193442449,0.8485711104711998,1,"[[2, 4], [2, 4], [3, 4], [3, 4]]","[true, true, true, true, true]",0,4.0,0,1,1,"[4, 3]","[[4, 8], [4, 8], [4, 8], [4, 8], [4, 8]]","[[8, 11], [8, 11], [8, 11], [8, 11], [8, 11]]","[[7, 11], [7, 11], [7, 11], [7, 11], [7, 11]]","[[9, 13], [9, 13], [9, 13], [9, 13], [9, 13]]","[[2, 2], [2, 2], [2, 2], [2, 2], [2, 2]]","[[2.0, 2.0], [2.0, 2.0], [2.0, 2.0], [2.0, 2.0], [2.0, 2.0]]",0.5,0.9773011820563726,0.3773827499999953
s_curve--demand_conflict,s_curve,demand_conflict,unknown_static_0_8,static,1709,fixed_delay_4,12.39874565512755,9.258097970124123,9.258097970124123,0.8315330625663329,0.746696337487607,1.0,1.0,2.5829822315166178,2.0836526631366987,0.8066848612865858,0.8315330625663329,1,"[[2, 4], [2, 4], [2, 4], [3, 4]]","[true, true, true, true, true]",0,4.0,0,1,1,"[4, 3]","[[4, 8], [4, 8], [4, 8], [4, 8], [4, 8]]","[[8, 11], [8, 11], [8, 11], [8, 11], [8, 11]]","[[7, 11], [7, 11], [7, 11], [7, 11], [7, 11]]","[[9, 13], [9, 13], [9, 13], [9, 13], [9, 13]]","[[2, 2], [2, 2], [2, 2], [2, 2], [2, 2]]","[[4.0, 4.0], [4.0, 4.0], [4.0, 4.0], [4.0, 4.0], [4.0, 4.0]]",0.5,0.9787058033494476,0.6435707920000056
s_curve--demand_conflict,s_curve,demand_conflict,unknown_static_0_8,static,1709,fixed_delay_6,12.39874565512755,8.95773678730842,8.95773678730842,0.811973299743862,0.7224712109167198,1.0,1.0,2.5829822315166178,2.1289999632833077,0.824241040958787,0.811973299743862,1,"[[2, 4], [2, 4], [2, 4], [3, 4]]","[true, true, true, true, true]",0,4.0,0,1,1,"[4, 3]","[[4, 8], [4, 8], [4, 8], [4, 8], [4, 8]]","[[8, 11], [8, 11], [8, 11], [8, 11], [8, 11]]","[[7, 11], [7, 11], [7, 11], [7, 11], [7, 11]]","[[9, 13], [9, 13], [9, 13], [9, 13], [9, 13]]","[[2, 2], [2, 2], [2, 2], [2, 2], [2, 2]]","[[6.0, 6.0], [6.0, 6.0], [6.0, 6.0], [6.0, 6.0], [6.0, 6.0]]",0.5,0.9878551137200613,0.5200282500000029
s_curve--demand_conflict,s_curve,demand_conflict,unknown_static_0_8,static,1709,delay_aware_dual_anchor,12.39874565512755,8.98897276329803,9.263779061355388,0.8222997719411635,0.7249904960814003,1.0,0.8333333333333334,2.5829822315166178,2.066744340700997,0.800138814538996,0.8222997719411635,2,"[[2, 4], [3, 4], [3, 4], [2, 4]]","[true, true, true, true, false]",1,2.0,0,1,1,"[4, 3]","[[4, 8], [4, 8], [4, 8], [4, 8], [4, 8]]","[[8, 11], [8, 11], [8, 11], [8, 11], [8, 11]]","[[7, 11], [7, 11], [7, 11], [7, 11], [7, 11]]","[[9, 13], [9, 13], [9, 13], [9, 13], [9, 13]]","[[2, 2], [2, 2], [2, 2], [2, 2], [2, 2]]","[[1.75, 2.75], [1.75, 2.75], [1.75, 2.75], [1.75, 2.75], [1.75, 2.75]]",0.5,0.9753124622848734,0.3757664580000011
s_curve--demand_conflict,s_curve,demand_conflict,unknown_static_0_8,static,1709,oracle_true_delay_0p25,12.39874565512755,8.966501938493751,8.966501938493751,0.8379991660119298,0.7231781494594672,1.0,0.8333333333333334,2.5829822315166178,2.047987393108835,0.792877073686389,0.8379991660119298,1,"[[2, 4], [2, 4], [3, 4], [3, 4]]","[true, true, true, true, true]",0,4.0,0,1,1,"[4, 3]","[[4, 8], [4, 8], [4, 8], [4, 8], [4, 8]]","[[8, 11], [8, 11], [8, 11], [8, 11], [8, 11]]","[[7, 11], [7, 11], [7, 11], [7, 11], [7, 11]]","[[9, 13], [9, 13], [9, 13], [9, 13], [9, 13]]","[[2, 2], [2, 2], [2, 2], [2, 2], [2, 2]]","[[2.0, 2.75], [2.0, 2.75], [2.0, 2.75], [2.0, 2.75], [2.0, 2.75]]",0.5,0.9765107849515375,0.393347624999997
s_curve--demand_conflict,s_curve,demand_conflict,unknown_static_0_8,static,1723,dual_anchor_dynamic,5.196387243463018,2.2744934891951303,2.2744934891951303,0.5433593487591155,0.43770669556169256,0.6666666666666666,0.5,1.4261869981314892,0.8606898648395509,0.6034901916559181,0.5433593487591155,1,"[[3, 4], [2, 4], [2, 4], [2, 4]]","[true, true, false, false, true]",2,1.15,0,1,1,"[4, 2]","[[6, 5], [6, 5], [6, 5], [6, 5], [6, 5]]","[[10, 7], [10, 7], [10, 7], [10, 7], [10, 7]]","[[9, 6], [9, 6], [9, 6], [9, 6], [9, 6]]","[[11, 8], [11, 8], [11, 8], [11, 8], [11, 8]]","[[2, 2], [2, 2], [2, 2], [2, 2], [2, 2]]","[[0.0, 0.0], [0.0, 0.0], [0.0, 0.0], [0.0, 0.0], [0.0, 0.0]]",1.0,0.9934515853448336,0.3082288339999977
s_curve--demand_conflict,s_curve,demand_conflict,unknown_static_0_8,static,1723,fixed_delay_2,5.196387243463018,1.3498548489549944,1.3752363381290469,0.41989558919978553,0.2597679475587761,0.6666666666666666,0.5,1.4261869981314892,0.6624030191102632,0.4644573397304188,0.41989558919978553,2,"[[3, 4], [2, 4], [2, 4], [2, 3]]","[true, true, true, true, false]",1,2.0,0,1,1,"[4, 2]","[[6, 5], [6, 5], [6, 5], [6, 5], [6, 5]]","[[10, 7], [10, 7], [10, 7], [10, 7], [10, 7]]","[[9, 6], [9, 6], [9, 6], [9, 6], [9, 6]]","[[11, 8], [11, 8], [11, 8], [11, 8], [11, 8]]","[[2, 2], [2, 2], [2, 2], [2, 2], [2, 2]]","[[2.0, 2.0], [2.0, 2.0], [2.0, 2.0], [2.0, 2.0], [2.0, 2.0]]",1.0,0.9929518973001902,0.27288045799999594
s_curve--demand_conflict,s_curve,demand_conflict,unknown_static_0_8,static,1723,fixed_delay_4,5.196387243463018,1.2281596384244993,1.2281596384244993,0.44989626456322707,0.2363487517158208,0.6666666666666666,0.3333333333333333,1.4261869981314892,0.6727061051023979,0.47168155787687027,0.44989626456322707,1,"[[3, 4], [2, 4], [2, 4], [2, 4]]","[true, true, true, true, true]",0,4.0,0,1,1,"[4, 2]","[[6, 5], [6, 5], [6, 5], [6, 5], [6, 5]]","[[10, 7], [10, 7], [10, 7], [10, 7], [10, 7]]","[[9, 6], [9, 6], [9, 6], [9, 6], [9, 6]]","[[11, 8], [11, 8], [11, 8], [11, 8], [11, 8]]","[[2, 2], [2, 2], [2, 2], [2, 2], [2, 2]]","[[4.0, 4.0], [4.0, 4.0], [4.0, 4.0], [4.0, 4.0], [4.0, 4.0]]",1.0,0.9925620962212902,0.2786685829999982
s_curve--demand_conflict,s_curve,demand_conflict,unknown_static_0_8,static,1723,fixed_delay_6,5.196387243463018,2.5343307231312107,2.7701198249224923,0.6204042503186253,0.4877101348286471,0.6666666666666666,0.6666666666666666,1.4261869981314892,0.9319498049359648,0.653455546963304,0.6204042503186253,1,"[[3, 4], [2, 4], [2, 4], [2, 4]]","[true, true, true, false, false]",2,1.0,0,1,1,"[4, 2]","[[6, 5], [6, 5], [6, 5], [6, 5], [6, 5]]","[[10, 7], [10, 7], [10, 7], [10, 7], [10, 7]]","[[9, 6], [9, 6], [9, 6], [9, 6], [9, 6]]","[[11, 8], [11, 8], [11, 8], [11, 8], [11, 8]]","[[2, 2], [2, 2], [2, 2], [2, 2], [2, 2]]","[[6.0, 6.0], [6.0, 6.0], [6.0, 6.0], [6.0, 6.0], [6.0, 6.0]]",1.0,0.9917855022174857,0.3440719580000007
s_curve--demand_conflict,s_curve,demand_conflict,unknown_static_0_8,static,1723,delay_aware_dual_anchor,5.196387243463018,1.353445335390893,1.5599510965632268,0.43026798850755427,0.2604589057702557,0.6666666666666666,0.5,1.4261869981314892,0.6870079348000562,0.4817095764441379,0.43026798850755427,2,"[[3, 4], [2, 4], [2, 4], [2, 3]]","[true, true, true, true, false]",1,2.0,0,1,1,"[4, 2]","[[6, 5], [6, 5], [6, 5], [6, 5], [6, 5]]","[[10, 7], [10, 7], [10, 7], [10, 7], [10, 7]]","[[9, 6], [9, 6], [9, 6], [9, 6], [9, 6]]","[[11, 8], [11, 8], [11, 8], [11, 8], [11, 8]]","[[2, 2], [2, 2], [2, 2], [2, 2], [2, 2]]","[[2.25, 1.5], [2.25, 1.5], [2.25, 1.5], [2.25, 1.5], [2.25, 1.5]]",1.0,0.9930258531834237,0.28585762500000556
s_curve--demand_conflict,s_curve,demand_conflict,unknown_static_0_8,static,1723,oracle_true_delay_0p25,5.196387243463018,0.975690179639761,0.975690179639761,0.4168639489936224,0.18776317736272743,0.6666666666666666,0.16666666666666666,1.4261869981314892,0.619643195747064,0.4344754205156028,0.4168639489936224,1,"[[3, 4], [2, 4], [2, 4], [2, 4]]","[true, true, true, true, true]",0,4.0,0,1,1,"[4, 2]","[[6, 5], [6, 5], [6, 5], [6, 5], [6, 5]]","[[10, 7], [10, 7], [10, 7], [10, 7], [10, 7]]","[[9, 6], [9, 6], [9, 6], [9, 6], [9, 6]]","[[11, 8], [11, 8], [11, 8], [11, 8], [11, 8]]","[[2, 2], [2, 2], [2, 2], [2, 2], [2, 2]]","[[2.5, 1.75], [2.5, 1.75], [2.5, 1.75], [2.5, 1.75], [2.5, 1.75]]",1.0,0.9929884171241388,0.4380541670000042
s_curve--demand_conflict,s_curve,demand_conflict,unknown_static_0_8,static,1741,dual_anchor_dynamic,4.987630152449068,1.2367483417948493,1.2367483417948493,0.47552578950218444,0.24796312156136333,0.6666666666666666,0.5,1.338281926556636,0.6177687675313066,0.4616133232261526,0.47552578950218444,2,"[[2, 4], [2, 4], [3, 4], [2, 3]]","[true, true, true, true, true]",0,4.0,0,1,1,"[2, 3]","[[7, 4], [7, 4], [7, 4], [7, 4], [7, 4]]","[[9, 7], [9, 7], [9, 7], [9, 7], [9, 7]]","[[8, 6], [8, 6], [8, 6], [8, 6], [8, 6]]","[[10, 8], [10, 8], [10, 8], [10, 8], [10, 8]]","[[2, 2], [2, 2], [2, 2], [2, 2], [2, 2]]","[[0.0, 0.0], [0.0, 0.0], [0.0, 0.0], [0.0, 0.0], [0.0, 0.0]]",1.0,0.9955955345678943,0.2805977499999983
s_curve--demand_conflict,s_curve,demand_conflict,unknown_static_0_8,static,1741,fixed_delay_2,4.987630152449068,0.6699738251602612,0.6699738251602612,0.4103559882106613,0.13432708614757352,0.6666666666666666,0.0,1.338281926556636,0.6012728815015328,0.4492871565923273,0.4103559882106613,0,"[[2, 4], [2, 4], [2, 4], [2, 4]]","[true, true, true, true, true]",0,4.0,0,1,1,"[2, 3]","[[7, 4], [7, 4], [7, 4], [7, 4], [7, 4]]","[[9, 7], [9, 7], [9, 7], [9, 7], [9, 7]]","[[8, 6], [8, 6], [8, 6], [8, 6], [8, 6]]","[[10, 8], [10, 8], [10, 8], [10, 8], [10, 8]]","[[2, 2], [2, 2], [2, 2], [2, 2], [2, 2]]","[[2.0, 2.0], [2.0, 2.0], [2.0, 2.0], [2.0, 2.0], [2.0, 2.0]]",1.0,0.9956744176769424,0.30030712499999623
s_curve--demand_conflict,s_curve,demand_conflict,unknown_static_0_8,static,1741,fixed_delay_4,4.987630152449068,1.0756415683110074,1.0756415683110074,0.5028698256636697,0.21566185451478131,0.6666666666666666,0.3333333333333333,1.338281926556636,0.6772548279271702,0.5060628963806819,0.5028698256636697,0,"[[2, 4], [2, 4], [2, 4], [2, 4]]","[true, true, true, true, true]",0,4.0,0,1,1,"[2, 3]","[[7, 4], [7, 4], [7, 4], [7, 4], [7, 4]]","[[9, 7], [9, 7], [9, 7], [9, 7], [9, 7]]","[[8, 6], [8, 6], [8, 6], [8, 6], [8, 6]]","[[10, 8], [10, 8], [10, 8], [10, 8], [10, 8]]","[[2, 2], [2, 2], [2, 2], [2, 2], [2, 2]]","[[4.0, 4.0], [4.0, 4.0], [4.0, 4.0], [4.0, 4.0], [4.0, 4.0]]",1.0,0.9954076245679939,0.2968003330000002
s_curve--demand_conflict,s_curve,demand_conflict,unknown_static_0_8,static,1741,fixed_delay_6,4.987630152449068,1.400451545246146,1.7415134480981243,0.6205198678169773,0.28078496248533674,0.6666666666666666,0.6666666666666666,1.338281926556636,0.7207291239009173,0.5385480514971418,0.6205198678169773,2,"[[2, 4], [2, 4], [3, 4], [2, 4]]","[true, true, true, true, false]",1,2.0,0,1,1,"[2, 3]","[[7, 4], [7, 4], [7, 4], [7, 4], [7, 4]]","[[9, 7], [9, 7], [9, 7], [9, 7], [9, 7]]","[[8, 6], [8, 6], [8, 6], [8, 6], [8, 6]]","[[10, 8], [10, 8], [10, 8], [10, 8], [10, 8]]","[[2, 2], [2, 2], [2, 2], [2, 2], [2, 2]]","[[6.0, 6.0], [6.0, 6.0], [6.0, 6.0], [6.0, 6.0], [6.0, 6.0]]",1.0,0.9951390101465403,0.31430454200000213
s_curve--demand_conflict,s_curve,demand_conflict,unknown_static_0_8,static,1741,delay_aware_dual_anchor,4.987630152449068,0.7466476274964735,0.7466476274964735,0.42239933763103577,0.14969987843421959,0.6666666666666666,0.0,1.338281926556636,0.6252435741445146,0.46719869837385447,0.42239933763103577,0,"[[2, 4], [2, 4], [2, 4], [2, 4]]","[true, true, true, true, true]",0,4.0,0,1,1,"[2, 3]","[[7, 4], [7, 4], [7, 4], [7, 4], [7, 4]]","[[9, 7], [9, 7], [9, 7], [9, 7], [9, 7]]","[[8, 6], [8, 6], [8, 6], [8, 6], [8, 6]]","[[10, 8], [10, 8], [10, 8], [10, 8], [10, 8]]","[[2, 2], [2, 2], [2, 2], [2, 2], [2, 2]]","[[2.0, 1.5], [2.0, 1.5], [2.0, 1.5], [2.0, 1.5], [2.0, 1.5]]",1.0,0.9957500690405316,0.2834826250000049
s_curve--demand_conflict,s_curve,demand_conflict,unknown_static_0_8,static,1741,oracle_true_delay_0p25,4.987630152449068,0.7661802686360566,0.7661802686360566,0.4257147681532662,0.15361609526316627,0.6666666666666666,0.0,1.338281926556636,0.6272498171721061,0.46869781674927297,0.4257147681532662,0,"[[2, 4], [2, 4], [2, 4], [2, 4]]","[true, true, true, true, true]",0,4.0,0,1,1,"[2, 3]","[[7, 4], [7, 4], [7, 4], [7, 4], [7, 4]]","[[9, 7], [9, 7], [9, 7], [9, 7], [9, 7]]","[[8, 6], [8, 6], [8, 6], [8, 6], [8, 6]]","[[10, 8], [10, 8], [10, 8], [10, 8], [10, 8]]","[[2, 2], [2, 2], [2, 2], [2, 2], [2, 2]]","[[2.25, 1.75], [2.25, 1.75], [2.25, 1.75], [2.25, 1.75], [2.25, 1.75]]",1.0,0.9957178639889459,0.303660832999995
harmonic_loop--demand_conflict,harmonic_loop,demand_conflict,unknown_drift_pm2,drift,1709,dual_anchor_dynamic,6.561016525813411,1.2468069682885563,3.753110806975227,0.44434987464459996,0.19003259074004264,0.8333333333333334,0.3333333333333333,1.7636014777941367,0.40719854739173783,0.23089034145120493,0.44434987464459996,1,"[[2, 3], [2, 4], [2, 4], [2, 4]]","[true, true, true, false, false]",2,1.0,0,1,1,"[4, 3]","[[3, 2], [2, 1], [1, 0], [2, 1], [3, 2]]","[[7, 5], [6, 4], [5, 3], [6, 4], [7, 5]]","[[6, 5], [5, 4], [4, 3], [5, 4], [6, 5]]","[[8, 7], [7, 6], [6, 5], [7, 6], [8, 7]]","[[2, 2], [2, 2], [2, 2], [2, 2], [2, 2]]","[[0.0, 0.0], [0.0, 0.0], [0.0, 0.0], [0.0, 0.0], [0.0, 0.0]]",0.5,0.9987802463958777,0.28372895899999406
harmonic_loop--demand_conflict,harmonic_loop,demand_conflict,unknown_drift_pm2,drift,1709,fixed_delay_2,6.561016525813411,1.1565991264023334,3.895012701624821,0.43988296087102263,0.17628352586094767,0.8333333333333334,0.3333333333333333,1.7636014777941367,0.38632909758168693,0.2190569141872667,0.43988296087102263,2,"[[2, 3], [3, 4], [1, 3], [1, 3]]","[true, true, true, false, false]",2,1.0,0,1,1,"[4, 3]","[[3, 2], [2, 1], [1, 0], [2, 1], [3, 2]]","[[7, 5], [6, 4], [5, 3], [6, 4], [7, 5]]","[[6, 5], [5, 4], [4, 3], [5, 4], [6, 5]]","[[8, 7], [7, 6], [6, 5], [7, 6], [8, 7]]","[[2, 2], [2, 2], [2, 2], [2, 2], [2, 2]]","[[2.0, 2.0], [2.0, 2.0], [2.0, 2.0], [2.0, 2.0], [2.0, 2.0]]",0.5,0.9987873566444573,0.248830667
harmonic_loop--demand_conflict,harmonic_loop,demand_conflict,unknown_drift_pm2,drift,1709,fixed_delay_4,6.561016525813411,1.2338981113975935,4.150412270213522,0.46904434840233156,0.18806508207119924,0.8333333333333334,0.6666666666666666,1.7636014777941367,0.3769327252882586,0.21372896883694809,0.46904434840233156,1,"[[2, 3], [1, 3], [1, 3], [1, 3]]","[true, true, true, false, false]",2,1.0,0,1,1,"[4, 3]","[[3, 2], [2, 1], [1, 0], [2, 1], [3, 2]]","[[7, 5], [6, 4], [5, 3], [6, 4], [7, 5]]","[[6, 5], [5, 4], [4, 3], [5, 4], [6, 5]]","[[8, 7], [7, 6], [6, 5], [7, 6], [8, 7]]","[[2, 2], [2, 2], [2, 2], [2, 2], [2, 2]]","[[4.0, 4.0], [4.0, 4.0], [4.0, 4.0], [4.0, 4.0], [4.0, 4.0]]",0.5,0.998773510864631,0.262893708
harmonic_loop--demand_conflict,harmonic_loop,demand_conflict,unknown_drift_pm2,drift,1709,fixed_delay_6,6.561016525813411,2.1668105878671833,4.5732173612096085,0.5724256395178591,0.3302553162824948,0.8333333333333334,0.5,1.7636014777941367,0.5595941442581418,0.3173019252388394,0.5724256395178591,2,"[[2, 3], [1, 3], [1, 2], [1, 2]]","[true, true, true, false, false]",2,1.0,0,1,1,"[4, 3]","[[3, 2], [2, 1], [1, 0], [2, 1], [3, 2]]","[[7, 5], [6, 4], [5, 3], [6, 4], [7, 5]]","[[6, 5], [5, 4], [4, 3], [5, 4], [6, 5]]","[[8, 7], [7, 6], [6, 5], [7, 6], [8, 7]]","[[2, 2], [2, 2], [2, 2], [2, 2], [2, 2]]","[[6.0, 6.0], [6.0, 6.0], [6.0, 6.0], [6.0, 6.0], [6.0, 6.0]]",0.5,0.9988056451572824,0.30101849999999786
harmonic_loop--demand_conflict,harmonic_loop,demand_conflict,unknown_drift_pm2,drift,1709,delay_aware_dual_anchor,6.561016525813411,1.04409568253798,3.979893779578684,0.4428405030745031,0.15913626774603143,0.8333333333333334,0.5,1.7636014777941367,0.41088642617191035,0.23298144810234314,0.4428405030745031,2,"[[2, 3], [3, 4], [1, 3], [1, 3]]","[true, true, true, false, false]",2,1.0,0,1,1,"[4, 3]","[[3, 2], [2, 1], [1, 0], [2, 1], [3, 2]]","[[7, 5], [6, 4], [5, 3], [6, 4], [7, 5]]","[[6, 5], [5, 4], [4, 3], [5, 4], [6, 5]]","[[8, 7], [7, 6], [6, 5], [7, 6], [8, 7]]","[[2, 2], [2, 2], [2, 2], [2, 2], [2, 2]]","[[1.5, 1.25], [1.375, 1.125], [1.25, 1.0], [1.25, 1.0], [1.25, 1.0]]",0.5,0.9987814985821789,0.3129679169999946
harmonic_loop--demand_conflict,harmonic_loop,demand_conflict,unknown_drift_pm2,drift,1709,oracle_true_delay_0p25,6.561016525813411,1.0452976420459346,3.9957982070569766,0.44322419242034483,0.1593194648928799,0.8333333333333334,0.5,1.7636014777941367,0.4084104798821015,0.23157753326047895,0.44322419242034483,2,"[[2, 3], [3, 4], [1, 3], [1, 3]]","[true, true, true, false, false]",2,1.0,0,1,1,"[4, 3]","[[3, 2], [2, 1], [1, 0], [2, 1], [3, 2]]","[[7, 5], [6, 4], [5, 3], [6, 4], [7, 5]]","[[6, 5], [5, 4], [4, 3], [5, 4], [6, 5]]","[[8, 7], [7, 6], [6, 5], [7, 6], [8, 7]]","[[2, 2], [2, 2], [2, 2], [2, 2], [2, 2]]","[[1.75, 1.25], [1.5, 1.0], [1.25, 0.75], [1.5, 1.0], [1.75, 1.25]]",0.5,0.9987793246127443,0.2777131669999946
harmonic_loop--demand_conflict,harmonic_loop,demand_conflict,unknown_drift_pm2,drift,1723,dual_anchor_dynamic,8.791045433214919,1.5490688429595867,2.5156474698194176,0.33882442452484324,0.17620985521321397,0.8333333333333334,0.6666666666666666,2.0266106433590445,0.3311747735913396,0.16341312263239063,0.33882442452484324,2,"[[2, 4], [2, 4], [1, 2], [3, 4]]","[true, true, true, true, false]",1,2.0,0,1,1,"[4, 2]","[[5, 3], [4, 2], [3, 1], [4, 2], [5, 3]]","[[9, 5], [8, 4], [7, 3], [8, 4], [9, 5]]","[[8, 4], [7, 3], [6, 2], [7, 3], [8, 4]]","[[10, 6], [9, 5], [8, 4], [9, 5], [10, 6]]","[[2, 2], [2, 2], [2, 2], [2, 2], [2, 2]]","[[0.0, 0.0], [0.0, 0.0], [0.0, 0.0], [0.0, 0.0], [0.0, 0.0]]",1.0,0.9927287595867751,0.31805916699999415
harmonic_loop--demand_conflict,harmonic_loop,demand_conflict,unknown_drift_pm2,drift,1723,fixed_delay_2,8.791045433214919,1.365307567361114,2.321330062592158,0.3232299812861125,0.15530662169059178,0.8333333333333334,0.3333333333333333,2.0266106433590445,0.29114557908412325,0.14366132934225515,0.3232299812861125,3,"[[2, 4], [1, 2], [1, 3], [2, 4]]","[true, true, true, true, false]",1,2.0,0,1,1,"[4, 2]","[[5, 3], [4, 2], [3, 1], [4, 2], [5, 3]]","[[9, 5], [8, 4], [7, 3], [8, 4], [9, 5]]","[[8, 4], [7, 3], [6, 2], [7, 3], [8, 4]]","[[10, 6], [9, 5], [8, 4], [9, 5], [10, 6]]","[[2, 2], [2, 2], [2, 2], [2, 2], [2, 2]]","[[2.0, 2.0], [2.0, 2.0], [2.0, 2.0], [2.0, 2.0], [2.0, 2.0]]",1.0,0.992708403242299,0.28008616700000033
harmonic_loop--demand_conflict,harmonic_loop,demand_conflict,unknown_drift_pm2,drift,1723,fixed_delay_4,8.791045433214919,0.9963471377510316,2.078136804678625,0.3812828540216867,0.11333659293655404,0.8333333333333334,0.3333333333333333,2.0266106433590445,0.30564546921377705,0.15081607817236128,0.3812828540216867,3,"[[2, 4], [1, 2], [1, 3], [2, 4]]","[true, true, true, true, false]",1,2.0,0,1,1,"[4, 2]","[[5, 3], [4, 2], [3, 1], [4, 2], [5, 3]]","[[9, 5], [8, 4], [7, 3], [8, 4], [9, 5]]","[[8, 4], [7, 3], [6, 2], [7, 3], [8, 4]]","[[10, 6], [9, 5], [8, 4], [9, 5], [10, 6]]","[[2, 2], [2, 2], [2, 2], [2, 2], [2, 2]]","[[4.0, 4.0], [4.0, 4.0], [4.0, 4.0], [4.0, 4.0], [4.0, 4.0]]",1.0,0.9927228776144561,0.29502133400000474
harmonic_loop--demand_conflict,harmonic_loop,demand_conflict,unknown_drift_pm2,drift,1723,fixed_delay_6,8.791045433214919,1.994884800225202,2.27855422166167,0.49250187142366103,0.2269223626905617,0.8333333333333334,0.3333333333333333,2.0266106433590445,0.5876067049717654,0.2899455338879625,0.49250187142366103,3,"[[2, 4], [1, 2], [1, 3], [1, 2]]","[true, true, true, true, false]",1,2.0,0,1,1,"[4, 2]","[[5, 3], [4, 2], [3, 1], [4, 2], [5, 3]]","[[9, 5], [8, 4], [7, 3], [8, 4], [9, 5]]","[[8, 4], [7, 3], [6, 2], [7, 3], [8, 4]]","[[10, 6], [9, 5], [8, 4], [9, 5], [10, 6]]","[[2, 2], [2, 2], [2, 2], [2, 2], [2, 2]]","[[6.0, 6.0], [6.0, 6.0], [6.0, 6.0], [6.0, 6.0], [6.0, 6.0]]",1.0,0.9928158630234365,0.29479904200000107
harmonic_loop--demand_conflict,harmonic_loop,demand_conflict,unknown_drift_pm2,drift,1723,delay_aware_dual_anchor,8.791045433214919,1.2308297940542574,3.059754963198216,0.32636739899825035,0.1400094907260806,0.8333333333333334,0.5,2.0266106433590445,0.4050520264078964,0.19986672217241255,0.32636739899825035,1,"[[2, 4], [1, 2], [1, 2], [1, 2]]","[true, true, true, false, false]",2,1.0,0,1,1,"[4, 2]","[[5, 3], [4, 2], [3, 1], [4, 2], [5, 3]]","[[9, 5], [8, 4], [7, 3], [8, 4], [9, 5]]","[[8, 4], [7, 3], [6, 2], [7, 3], [8, 4]]","[[10, 6], [9, 5], [8, 4], [9, 5], [10, 6]]","[[2, 2], [2, 2], [2, 2], [2, 2], [2, 2]]","[[2.0, 1.0], [1.875, 0.875], [1.75, 0.75], [1.75, 0.75], [1.75, 0.75]]",1.0,0.9927072718030172,0.2987409170000035
harmonic_loop--demand_conflict,harmonic_loop,demand_conflict,unknown_drift_pm2,drift,1723,oracle_true_delay_0p25,8.791045433214919,1.2756576544854195,3.021246475682857,0.32926745570559085,0.1451087546045029,0.8333333333333334,0.5,2.0266106433590445,0.40175421735401634,0.1982394687753742,0.32926745570559085,1,"[[2, 4], [1, 2], [1, 2], [1, 2]]","[true, true, true, false, false]",2,1.0,0,1,1,"[4, 2]","[[5, 3], [4, 2], [3, 1], [4, 2], [5, 3]]","[[9, 5], [8, 4], [7, 3], [8, 4], [9, 5]]","[[8, 4], [7, 3], [6, 2], [7, 3], [8, 4]]","[[10, 6], [9, 5], [8, 4], [9, 5], [10, 6]]","[[2, 2], [2, 2], [2, 2], [2, 2], [2, 2]]","[[2.25, 1.25], [2.0, 1.0], [1.75, 0.75], [2.0, 1.0], [2.25, 1.25]]",1.0,0.9927092180365384,0.2850841669999937
harmonic_loop--demand_conflict,harmonic_loop,demand_conflict,unknown_drift_pm2,drift,1741,dual_anchor_dynamic,6.515789145989847,3.579163375951686,3.579163375951686,0.804573361795253,0.5493062000255929,0.8333333333333334,0.8333333333333334,1.6849968818906633,1.0408628773246407,0.6177239189646053,0.804573361795253,2,"[[2, 3], [3, 4], [3, 4], [1, 3]]","[true, true, false, true, true]",1,2.6449999999999996,0,1,1,"[2, 3]","[[3, 4], [2, 5], [1, 6], [2, 5], [3, 4]]","[[5, 7], [4, 8], [3, 9], [4, 8], [5, 7]]","[[4, 6], [3, 7], [2, 8], [3, 7], [4, 6]]","[[6, 8], [5, 9], [4, 10], [5, 9], [6, 8]]","[[2, 2], [2, 2], [2, 2], [2, 2], [2, 2]]","[[0.0, 0.0], [0.0, 0.0], [0.0, 0.0], [0.0, 0.0], [0.0, 0.0]]",1.0,0.9906842569313414,0.3206805829999979
harmonic_loop--demand_conflict,harmonic_loop,demand_conflict,unknown_drift_pm2,drift,1741,fixed_delay_2,6.515789145989847,3.566788328049136,3.566788328049136,0.7788911524921376,0.5474069599450316,0.8333333333333334,0.8333333333333334,1.6849968818906633,0.9303197522213852,0.5521195690151741,0.7788911524921376,2,"[[2, 3], [3, 4], [3, 4], [1, 3]]","[true, true, false, true, true]",1,2.6449999999999996,0,1,1,"[2, 3]","[[3, 4], [2, 5], [1, 6], [2, 5], [3, 4]]","[[5, 7], [4, 8], [3, 9], [4, 8], [5, 7]]","[[4, 6], [3, 7], [2, 8], [3, 7], [4, 6]]","[[6, 8], [5, 9], [4, 10], [5, 9], [6, 8]]","[[2, 2], [2, 2], [2, 2], [2, 2], [2, 2]]","[[2.0, 2.0], [2.0, 2.0], [2.0, 2.0], [2.0, 2.0], [2.0, 2.0]]",1.0,0.9906888629695938,0.30924529199999995
harmonic_loop--demand_conflict,harmonic_loop,demand_conflict,unknown_drift_pm2,drift,1741,fixed_delay_4,6.515789145989847,3.08953523273264,3.08953523273264,0.8189472141014119,0.4741613277394189,0.8333333333333334,0.8333333333333334,1.6849968818906633,0.9969234580699938,0.591647064029809,0.8189472141014119,2,"[[2, 3], [1, 3], [1, 3], [3, 4]]","[true, true, false, true, true]",1,2.6449999999999996,0,1,1,"[2, 3]","[[3, 4], [2, 5], [1, 6], [2, 5], [3, 4]]","[[5, 7], [4, 8], [3, 9], [4, 8], [5, 7]]","[[4, 6], [3, 7], [2, 8], [3, 7], [4, 6]]","[[6, 8], [5, 9], [4, 10], [5, 9], [6, 8]]","[[2, 2], [2, 2], [2, 2], [2, 2], [2, 2]]","[[4.0, 4.0], [4.0, 4.0], [4.0, 4.0], [4.0, 4.0], [4.0, 4.0]]",1.0,0.9908988905400691,0.3362291249999956
harmonic_loop--demand_conflict,harmonic_loop,demand_conflict,unknown_drift_pm2,drift,1741,fixed_delay_6,6.515789145989847,4.386160714263994,4.386160714263994,0.8409600022847319,0.6731587864477573,0.8333333333333334,1.0,1.6849968818906633,1.1766271568754951,0.6982963407951543,0.8409600022847319,3,"[[2, 3], [1, 3], [2, 3], [3, 4]]","[true, true, true, true, true]",0,4.0,0,1,1,"[2, 3]","[[3, 4], [2, 5], [1, 6], [2, 5], [3, 4]]","[[5, 7], [4, 8], [3, 9], [4, 8], [5, 7]]","[[4, 6], [3, 7], [2, 8], [3, 7], [4, 6]]","[[6, 8], [5, 9], [4, 10], [5, 9], [6, 8]]","[[2, 2], [2, 2], [2, 2], [2, 2], [2, 2]]","[[6.0, 6.0], [6.0, 6.0], [6.0, 6.0], [6.0, 6.0], [6.0, 6.0]]",1.0,0.991141337581551,0.4204710420000026
harmonic_loop--demand_conflict,harmonic_loop,demand_conflict,unknown_drift_pm2,drift,1741,delay_aware_dual_anchor,6.515789145989847,3.5429073887109395,3.5429073887109395,0.7714310795492134,0.5437418721401425,0.8333333333333334,0.8333333333333334,1.6849968818906633,0.9121649753955074,0.5413452008124822,0.7714310795492134,2,"[[2, 3], [3, 4], [3, 4], [1, 3]]","[true, true, false, true, true]",1,2.6449999999999996,0,1,1,"[2, 3]","[[3, 4], [2, 5], [1, 6], [2, 5], [3, 4]]","[[5, 7], [4, 8], [3, 9], [4, 8], [5, 7]]","[[4, 6], [3, 7], [2, 8], [3, 7], [4, 6]]","[[6, 8], [5, 9], [4, 10], [5, 9], [6, 8]]","[[2, 2], [2, 2], [2, 2], [2, 2], [2, 2]]","[[1.0, 1.5], [0.875, 1.625], [0.75, 1.75], [0.75, 1.75], [0.75, 1.75]]",1.0,0.9906426802229946,0.34654204199999583
harmonic_loop--demand_conflict,harmonic_loop,demand_conflict,unknown_drift_pm2,drift,1741,oracle_true_delay_0p25,6.515789145989847,3.4258080325905573,3.4258080325905573,0.761421963982819,0.5257702414601578,0.8333333333333334,0.8333333333333334,1.6849968818906633,0.9066655782136817,0.5380814575729961,0.761421963982819,2,"[[2, 3], [3, 4], [3, 4], [1, 3]]","[true, true, false, true, true]",1,2.6449999999999996,0,1,1,"[2, 3]","[[3, 4], [2, 5], [1, 6], [2, 5], [3, 4]]","[[5, 7], [4, 8], [3, 9], [4, 8], [5, 7]]","[[4, 6], [3, 7], [2, 8], [3, 7], [4, 6]]","[[6, 8], [5, 9], [4, 10], [5, 9], [6, 8]]","[[2, 2], [2, 2], [2, 2], [2, 2], [2, 2]]","[[1.25, 1.75], [1.0, 2.0], [0.75, 2.25], [1.0, 2.0], [1.25, 1.75]]",1.0,0.9906459335857942,0.3293781659999979
ellipse--demand_conflict,ellipse,demand_conflict,unknown_drift_pm2,drift,1709,dual_anchor_dynamic,5.888433304180327,0.8371262312115928,2.240370270702953,0.29808805296777074,0.14216450929609725,0.8333333333333334,0.16666666666666666,1.5458227093757186,0.23282600747088564,0.15061624212061975,0.29808805296777074,1,"[[2, 3], [2, 3], [3, 4], [3, 4]]","[true, true, true, false, false]",2,1.0,0,1,1,"[4, 3]","[[3, 2], [2, 1], [1, 0], [2, 1], [3, 2]]","[[7, 5], [6, 4], [5, 3], [6, 4], [7, 5]]","[[6, 5], [5, 4], [4, 3], [5, 4], [6, 5]]","[[8, 7], [7, 6], [6, 5], [7, 6], [8, 7]]","[[2, 2], [2, 2], [2, 2], [2, 2], [2, 2]]","[[0.0, 0.0], [0.0, 0.0], [0.0, 0.0], [0.0, 0.0], [0.0, 0.0]]",0.5,0.9996513395878175,0.20129408399999704
ellipse--demand_conflict,ellipse,demand_conflict,unknown_drift_pm2,drift,1709,fixed_delay_2,5.888433304180327,0.8093537587880356,2.2147153637221773,0.28665494703961486,0.13744806419280622,0.8333333333333334,0.0,1.5458227093757186,0.2224627864416466,0.14391222556918465,0.28665494703961486,0,"[[2, 3], [2, 3], [2, 3], [2, 3]]","[true, true, true, false, false]",2,1.0,0,1,1,"[4, 3]","[[3, 2], [2, 1], [1, 0], [2, 1], [3, 2]]","[[7, 5], [6, 4], [5, 3], [6, 4], [7, 5]]","[[6, 5], [5, 4], [4, 3], [5, 4], [6, 5]]","[[8, 7], [7, 6], [6, 5], [7, 6], [8, 7]]","[[2, 2], [2, 2], [2, 2], [2, 2], [2, 2]]","[[2.0, 2.0], [2.0, 2.0], [2.0, 2.0], [2.0, 2.0], [2.0, 2.0]]",0.5,0.999650433868328,0.19013758399999858
ellipse--demand_conflict,ellipse,demand_conflict,unknown_drift_pm2,drift,1709,fixed_delay_4,5.888433304180327,0.8797842438313536,2.227888854358787,0.2862705416798578,0.1494088832095246,0.8333333333333334,0.16666666666666666,1.5458227093757186,0.22135944281530417,0.14319846737450267,0.2862705416798578,2,"[[2, 3], [3, 4], [2, 3], [2, 3]]","[true, true, true, false, false]",2,1.0,0,1,1,"[4, 3]","[[3, 2], [2, 1], [1, 0], [2, 1], [3, 2]]","[[7, 5], [6, 4], [5, 3], [6, 4], [7, 5]]","[[6, 5], [5, 4], [4, 3], [5, 4], [6, 5]]","[[8, 7], [7, 6], [6, 5], [7, 6], [8, 7]]","[[2, 2], [2, 2], [2, 2], [2, 2], [2, 2]]","[[4.0, 4.0], [4.0, 4.0], [4.0, 4.0], [4.0, 4.0], [4.0, 4.0]]",0.5,0.9996490850922747,0.207038292
ellipse--demand_conflict,ellipse,demand_conflict,unknown_drift_pm2,drift,1709,fixed_delay_6,5.888433304180327,0.9003267225577987,1.6649225162673074,0.29104147233441535,0.15289749854492485,0.8333333333333334,0.16666666666666666,1.5458227093757186,0.22379247903661695,0.14477240997901736,0.29104147233441535,3,"[[2, 3], [3, 4], [2, 3], [2, 4]]","[true, true, true, true, false]",1,2.0,0,1,1,"[4, 3]","[[3, 2], [2, 1], [1, 0], [2, 1], [3, 2]]","[[7, 5], [6, 4], [5, 3], [6, 4], [7, 5]]","[[6, 5], [5, 4], [4, 3], [5, 4], [6, 5]]","[[8, 7], [7, 6], [6, 5], [7, 6], [8, 7]]","[[2, 2], [2, 2], [2, 2], [2, 2], [2, 2]]","[[6.0, 6.0], [6.0, 6.0], [6.0, 6.0], [6.0, 6.0], [6.0, 6.0]]",0.5,0.9996475970294728,0.20192658399999885
ellipse--demand_conflict,ellipse,demand_conflict,unknown_drift_pm2,drift,1709,delay_aware_dual_anchor,5.888433304180327,0.7871599172665038,2.214766558153169,0.2873982320497346,0.13367900706418492,0.8333333333333334,0.0,1.5458227093757186,0.22485646309105,0.1454607062810317,0.2873982320497346,0,"[[2, 3], [2, 3], [2, 3], [2, 3]]","[true, true, true, false, false]",2,1.0,0,1,1,"[4, 3]","[[3, 2], [2, 1], [1, 0], [2, 1], [3, 2]]","[[7, 5], [6, 4], [5, 3], [6, 4], [7, 5]]","[[6, 5], [5, 4], [4, 3], [5, 4], [6, 5]]","[[8, 7], [7, 6], [6, 5], [7, 6], [8, 7]]","[[2, 2], [2, 2], [2, 2], [2, 2], [2, 2]]","[[1.5, 1.25], [1.375, 1.125], [1.25, 1.0], [1.25, 1.0], [1.25, 1.0]]",0.5,0.9996506650713707,0.192678334
ellipse--demand_conflict,ellipse,demand_conflict,unknown_drift_pm2,drift,1709,oracle_true_delay_0p25,5.888433304180327,0.8076361312764218,2.2082549850303295,0.28632596423479495,0.13715636902995287,0.8333333333333334,0.0,1.5458227093757186,0.22511584473632382,0.14562850149046974,0.28632596423479495,0,"[[2, 3], [2, 3], [2, 3], [2, 3]]","[true, true, true, false, false]",2,1.0,0,1,1,"[4, 3]","[[3, 2], [2, 1], [1, 0], [2, 1], [3, 2]]","[[7, 5], [6, 4], [5, 3], [6, 4], [7, 5]]","[[6, 5], [5, 4], [4, 3], [5, 4], [6, 5]]","[[8, 7], [7, 6], [6, 5], [7, 6], [8, 7]]","[[2, 2], [2, 2], [2, 2], [2, 2], [2, 2]]","[[1.75, 1.25], [1.5, 1.0], [1.25, 0.75], [1.5, 1.0], [1.75, 1.25]]",0.5,0.9996504653076892,0.19260770900000068
ellipse--demand_conflict,ellipse,demand_conflict,unknown_drift_pm2,drift,1723,dual_anchor_dynamic,9.101960231972871,1.5882538698948143,2.2433446921107416,0.3486559331991943,0.17449580413630927,0.6666666666666666,0.3333333333333333,2.236338620537556,0.3617197582049057,0.16174641661286426,0.3486559331991943,2,"[[2, 3], [2, 3], [3, 4], [2, 3]]","[true, true, true, true, false]",1,2.0,0,1,1,"[4, 2]","[[5, 3], [4, 2], [3, 1], [4, 2], [5, 3]]","[[9, 5], [8, 4], [7, 3], [8, 4], [9, 5]]","[[8, 4], [7, 3], [6, 2], [7, 3], [8, 4]]","[[10, 6], [9, 5], [8, 4], [9, 5], [10, 6]]","[[2, 2], [2, 2], [2, 2], [2, 2], [2, 2]]","[[0.0, 0.0], [0.0, 0.0], [0.0, 0.0], [0.0, 0.0], [0.0, 0.0]]",1.0,0.9947334983198401,0.23997695899999627
ellipse--demand_conflict,ellipse,demand_conflict,unknown_drift_pm2,drift,1723,fixed_delay_2,9.101960231972871,1.3359398342045998,2.1164153519119684,0.3086587397348014,0.14677495837784293,0.6666666666666666,0.3333333333333333,2.236338620537556,0.33008459302319065,0.14760045280792367,0.3086587397348014,2,"[[2, 3], [2, 3], [3, 4], [2, 3]]","[true, true, true, true, false]",1,2.0,0,1,1,"[4, 2]","[[5, 3], [4, 2], [3, 1], [4, 2], [5, 3]]","[[9, 5], [8, 4], [7, 3], [8, 4], [9, 5]]","[[8, 4], [7, 3], [6, 2], [7, 3], [8, 4]]","[[10, 6], [9, 5], [8, 4], [9, 5], [10, 6]]","[[2, 2], [2, 2], [2, 2], [2, 2], [2, 2]]","[[2.0, 2.0], [2.0, 2.0], [2.0, 2.0], [2.0, 2.0], [2.0, 2.0]]",1.0,0.9947164812519333,0.23000729099999973
ellipse--demand_conflict,ellipse,demand_conflict,unknown_drift_pm2,drift,1723,fixed_delay_4,9.101960231972871,1.0470876753574032,1.9264293033493916,0.27084682420948475,0.11503979897420893,0.6666666666666666,0.3333333333333333,2.236338620537556,0.30412025796075753,0.13599025441310636,0.27084682420948475,2,"[[2, 3], [2, 3], [2, 4], [2, 3]]","[true, true, true, true, false]",1,2.0,0,1,1,"[4, 2]","[[5, 3], [4, 2], [3, 1], [4, 2], [5, 3]]","[[9, 5], [8, 4], [7, 3], [8, 4], [9, 5]]","[[8, 4], [7, 3], [6, 2], [7, 3], [8, 4]]","[[10, 6], [9, 5], [8, 4], [9, 5], [10, 6]]","[[2, 2], [2, 2], [2, 2], [2, 2], [2, 2]]","[[4.0, 4.0], [4.0, 4.0], [4.0, 4.0], [4.0, 4.0], [4.0, 4.0]]",1.0,0.9947311513071804,0.2213486670000009
ellipse--demand_conflict,ellipse,demand_conflict,unknown_drift_pm2,drift,1723,fixed_delay_6,9.101960231972871,1.1853871131606546,1.9467764132715832,0.2855654484903217,0.13023426635030674,0.6666666666666666,0.3333333333333333,2.236338620537556,0.3245085201468461,0.1451070589966572,0.2855654484903217,2,"[[2, 3], [2, 3], [2, 4], [3, 4]]","[true, true, true, true, false]",1,2.0,0,1,1,"[4, 2]","[[5, 3], [4, 2], [3, 1], [4, 2], [5, 3]]","[[9, 5], [8, 4], [7, 3], [8, 4], [9, 5]]","[[8, 4], [7, 3], [6, 2], [7, 3], [8, 4]]","[[10, 6], [9, 5], [8, 4], [9, 5], [10, 6]]","[[2, 2], [2, 2], [2, 2], [2, 2], [2, 2]]","[[6.0, 6.0], [6.0, 6.0], [6.0, 6.0], [6.0, 6.0], [6.0, 6.0]]",1.0,0.9947255361108414,0.22733595800000472
ellipse--demand_conflict,ellipse,demand_conflict,unknown_drift_pm2,drift,1723,delay_aware_dual_anchor,9.101960231972871,1.3999383243533452,2.127120483010346,0.3150395082666565,0.15380624488291192,0.6666666666666666,0.3333333333333333,2.236338620537556,0.3356770828216797,0.15010118760145183,0.3150395082666565,2,"[[2, 3], [2, 3], [3, 4], [2, 3]]","[true, true, true, true, false]",1,2.0,0,1,1,"[4, 2]","[[5, 3], [4, 2], [3, 1], [4, 2], [5, 3]]","[[9, 5], [8, 4], [7, 3], [8, 4], [9, 5]]","[[8, 4], [7, 3], [6, 2], [7, 3], [8, 4]]","[[10, 6], [9, 5], [8, 4], [9, 5], [10, 6]]","[[2, 2], [2, 2], [2, 2], [2, 2], [2, 2]]","[[2.0, 1.0], [1.875, 0.875], [1.75, 0.75], [1.75, 0.75], [1.75, 0.75]]",1.0,0.9947285646703315,0.2476455830000006
ellipse--demand_conflict,ellipse,demand_conflict,unknown_drift_pm2,drift,1723,oracle_true_delay_0p25,9.101960231972871,1.375310180362003,2.1111241085992414,0.3104332410373202,0.15110043829140102,0.6666666666666666,0.3333333333333333,2.236338620537556,0.3322134189052078,0.14855237746837846,0.3104332410373202,2,"[[2, 3], [2, 3], [3, 4], [2, 3]]","[true, true, true, true, false]",1,2.0,0,1,1,"[4, 2]","[[5, 3], [4, 2], [3, 1], [4, 2], [5, 3]]","[[9, 5], [8, 4], [7, 3], [8, 4], [9, 5]]","[[8, 4], [7, 3], [6, 2], [7, 3], [8, 4]]","[[10, 6], [9, 5], [8, 4], [9, 5], [10, 6]]","[[2, 2], [2, 2], [2, 2], [2, 2], [2, 2]]","[[2.25, 1.25], [2.0, 1.0], [1.75, 0.75], [2.0, 1.0], [2.25, 1.25]]",1.0,0.9947309781254641,0.23503812499999555
ellipse--demand_conflict,ellipse,demand_conflict,unknown_drift_pm2,drift,1741,dual_anchor_dynamic,5.511333518687088,1.9228336068850582,1.9228336068850582,0.7093929219061992,0.34888717954835663,0.6666666666666666,0.6666666666666666,1.41024316648473,0.6041678012146944,0.4284139186582162,0.7093929219061992,1,"[[3, 4], [1, 4], [1, 4], [1, 4]]","[true, true, false, true, true]",1,2.6449999999999996,0,1,1,"[2, 3]","[[3, 4], [2, 5], [1, 6], [2, 5], [3, 4]]","[[5, 7], [4, 8], [3, 9], [4, 8], [5, 7]]","[[4, 6], [3, 7], [2, 8], [3, 7], [4, 6]]","[[6, 8], [5, 9], [4, 10], [5, 9], [6, 8]]","[[2, 2], [2, 2], [2, 2], [2, 2], [2, 2]]","[[0.0, 0.0], [0.0, 0.0], [0.0, 0.0], [0.0, 0.0], [0.0, 0.0]]",1.0,0.9934471176396595,0.21577170899999487
ellipse--demand_conflict,ellipse,demand_conflict,unknown_drift_pm2,drift,1741,fixed_delay_2,5.511333518687088,1.7491668893111787,1.7491668893111787,0.6628963067737336,0.3173763451949222,0.6666666666666666,0.6666666666666666,1.41024316648473,0.5357056719517189,0.3798675892804048,0.6628963067737336,1,"[[3, 4], [3, 4], [3, 4], [1, 2]]","[true, true, false, true, true]",1,2.6449999999999996,0,1,1,"[2, 3]","[[3, 4], [2, 5], [1, 6], [2, 5], [3, 4]]","[[5, 7], [4, 8], [3, 9], [4, 8], [5, 7]]","[[4, 6], [3, 7], [2, 8], [3, 7], [4, 6]]","[[6, 8], [5, 9], [4, 10], [5, 9], [6, 8]]","[[2, 2], [2, 2], [2, 2], [2, 2], [2, 2]]","[[2.0, 2.0], [2.0, 2.0], [2.0, 2.0], [2.0, 2.0], [2.0, 2.0]]",1.0,0.993456772212575,0.23378645900000095
ellipse--demand_conflict,ellipse,demand_conflict,unknown_drift_pm2,drift,1741,fixed_delay_4,5.511333518687088,0.7546910648694318,3.160903334774056,0.6166657705603875,0.13693438481095851,0.6666666666666666,0.0,1.41024316648473,0.20867322070340613,0.14796967336034642,0.6166657705603875,2,"[[3, 4], [3, 4], [2, 3], [3, 4]]","[true, true, true, true, false]",1,2.0,0,1,1,"[2, 3]","[[3, 4], [2, 5], [1, 6], [2, 5], [3, 4]]","[[5, 7], [4, 8], [3, 9], [4, 8], [5, 7]]","[[4, 6], [3, 7], [2, 8], [3, 7], [4, 6]]","[[6, 8], [5, 9], [4, 10], [5, 9], [6, 8]]","[[2, 2], [2, 2], [2, 2], [2, 2], [2, 2]]","[[4.0, 4.0], [4.0, 4.0], [4.0, 4.0], [4.0, 4.0], [4.0, 4.0]]",1.0,0.9934671006113042,0.24970729199999653
ellipse--demand_conflict,ellipse,demand_conflict,unknown_drift_pm2,drift,1741,fixed_delay_6,5.511333518687088,2.566642890357114,3.893999961021164,0.7199103379356135,0.46570269820443394,0.6666666666666666,0.6666666666666666,1.41024316648473,0.4154083691812826,0.29456506441847075,0.7199103379356135,1,"[[3, 4], [3, 4], [3, 4], [2, 3]]","[true, true, true, true, false]",1,2.0,0,1,1,"[2, 3]","[[3, 4], [2, 5], [1, 6], [2, 5], [3, 4]]","[[5, 7], [4, 8], [3, 9], [4, 8], [5, 7]]","[[4, 6], [3, 7], [2, 8], [3, 7], [4, 6]]","[[6, 8], [5, 9], [4, 10], [5, 9], [6, 8]]","[[2, 2], [2, 2], [2, 2], [2, 2], [2, 2]]","[[6.0, 6.0], [6.0, 6.0], [6.0, 6.0], [6.0, 6.0], [6.0, 6.0]]",1.0,0.9934764606213504,0.2776266659999962
ellipse--demand_conflict,ellipse,demand_conflict,unknown_drift_pm2,drift,1741,delay_aware_dual_anchor,5.511333518687088,1.7940484570245037,1.7940484570245037,0.6709156612260433,0.3255198494051368,0.6666666666666666,0.5,1.41024316648473,0.5598695665209802,0.39700214815899443,0.6709156612260433,1,"[[3, 4], [3, 4], [3, 4], [1, 2]]","[true, true, false, true, true]",1,2.6449999999999996,0,1,1,"[2, 3]","[[3, 4], [2, 5], [1, 6], [2, 5], [3, 4]]","[[5, 7], [4, 8], [3, 9], [4, 8], [5, 7]]","[[4, 6], [3, 7], [2, 8], [3, 7], [4, 6]]","[[6, 8], [5, 9], [4, 10], [5, 9], [6, 8]]","[[2, 2], [2, 2], [2, 2], [2, 2], [2, 2]]","[[1.0, 1.5], [0.875, 1.625], [0.75, 1.75], [0.75, 1.75], [0.75, 1.75]]",1.0,0.9934547495972657,0.2340337919999982
ellipse--demand_conflict,ellipse,demand_conflict,unknown_drift_pm2,drift,1741,oracle_true_delay_0p25,5.511333518687088,1.7945225795634276,1.7945225795634276,0.663545375577345,0.3256058762328213,0.6666666666666666,0.6666666666666666,1.41024316648473,0.5531002516210061,0.3922020434246827,0.663545375577345,1,"[[3, 4], [3, 4], [3, 4], [1, 2]]","[true, true, false, true, true]",1,2.6449999999999996,0,1,1,"[2, 3]","[[3, 4], [2, 5], [1, 6], [2, 5], [3, 4]]","[[5, 7], [4, 8], [3, 9], [4, 8], [5, 7]]","[[4, 6], [3, 7], [2, 8], [3, 7], [4, 6]]","[[6, 8], [5, 9], [4, 10], [5, 9], [6, 8]]","[[2, 2], [2, 2], [2, 2], [2, 2], [2, 2]]","[[1.25, 1.75], [1.0, 2.0], [0.75, 2.25], [1.0, 2.0], [1.25, 1.75]]",1.0,0.9934561210503817,0.2312977079999996
rounded_square--demand_conflict,rounded_square,demand_conflict,unknown_drift_pm2,drift,1709,dual_anchor_dynamic,9.376715474692823,3.1405022362643376,4.794771864242904,0.5837978954920318,0.3349256191830028,0.8333333333333334,0.8333333333333334,1.984379925108804,0.7308659233720151,0.3683094724574688,0.5837978954920318,2,"[[1, 2], [3, 4], [3, 4], [2, 4]]","[true, true, true, true, false]",1,2.0,0,1,1,"[4, 3]","[[3, 2], [2, 1], [1, 0], [2, 1], [3, 2]]","[[7, 5], [6, 4], [5, 3], [6, 4], [7, 5]]","[[6, 5], [5, 4], [4, 3], [5, 4], [6, 5]]","[[8, 7], [7, 6], [6, 5], [7, 6], [8, 7]]","[[2, 2], [2, 2], [2, 2], [2, 2], [2, 2]]","[[0.0, 0.0], [0.0, 0.0], [0.0, 0.0], [0.0, 0.0], [0.0, 0.0]]",0.5,0.9991489954927466,0.3067639159999942
rounded_square--demand_conflict,rounded_square,demand_conflict,unknown_drift_pm2,drift,1709,fixed_delay_2,9.376715474692823,2.168065976623815,5.909622265013198,0.5132639930827376,0.23121806164165817,0.8333333333333334,0.6666666666666666,1.984379925108804,0.5077642151237917,0.25588054419364825,0.5132639930827376,2,"[[1, 2], [3, 4], [2, 3], [2, 3]]","[true, true, true, false, false]",2,1.0,0,1,1,"[4, 3]","[[3, 2], [2, 1], [1, 0], [2, 1], [3, 2]]","[[7, 5], [6, 4], [5, 3], [6, 4], [7, 5]]","[[6, 5], [5, 4], [4, 3], [5, 4], [6, 5]]","[[8, 7], [7, 6], [6, 5], [7, 6], [8, 7]]","[[2, 2], [2, 2], [2, 2], [2, 2], [2, 2]]","[[2.0, 2.0], [2.0, 2.0], [2.0, 2.0], [2.0, 2.0], [2.0, 2.0]]",0.5,0.9991329532102097,0.30420762500000365
rounded_square--demand_conflict,rounded_square,demand_conflict,unknown_drift_pm2,drift,1709,fixed_delay_4,9.376715474692823,3.806582386883495,6.628488337029568,0.5811924370614552,0.405961170215437,0.8333333333333334,0.6666666666666666,1.984379925108804,0.8579428383152451,0.43234807380356055,0.5811924370614552,2,"[[1, 2], [2, 4], [2, 3], [2, 3]]","[true, true, true, false, false]",2,1.0,0,1,1,"[4, 3]","[[3, 2], [2, 1], [1, 0], [2, 1], [3, 2]]","[[7, 5], [6, 4], [5, 3], [6, 4], [7, 5]]","[[6, 5], [5, 4], [4, 3], [5, 4], [6, 5]]","[[8, 7], [7, 6], [6, 5], [7, 6], [8, 7]]","[[2, 2], [2, 2], [2, 2], [2, 2], [2, 2]]","[[4.0, 4.0], [4.0, 4.0], [4.0, 4.0], [4.0, 4.0], [4.0, 4.0]]",0.5,0.9991465418539134,0.3323147910000017
rounded_square--demand_conflict,rounded_square,demand_conflict,unknown_drift_pm2,drift,1709,fixed_delay_6,9.376715474692823,4.52069041769604,6.9600261735099656,0.6584863645293002,0.4821187578845817,0.8333333333333334,0.8333333333333334,1.984379925108804,1.1180908486746814,0.5634459583707875,0.6584863645293002,1,"[[1, 2], [1, 2], [2, 3], [2, 3]]","[true, true, true, false, false]",2,1.0,0,1,1,"[4, 3]","[[3, 2], [2, 1], [1, 0], [2, 1], [3, 2]]","[[7, 5], [6, 4], [5, 3], [6, 4], [7, 5]]","[[6, 5], [5, 4], [4, 3], [5, 4], [6, 5]]","[[8, 7], [7, 6], [6, 5], [7, 6], [8, 7]]","[[2, 2], [2, 2], [2, 2], [2, 2], [2, 2]]","[[6.0, 6.0], [6.0, 6.0], [6.0, 6.0], [6.0, 6.0], [6.0, 6.0]]",0.5,0.9992270402340424,0.36342791599999913
rounded_square--demand_conflict,rounded_square,demand_conflict,unknown_drift_pm2,drift,1709,delay_aware_dual_anchor,9.376715474692823,2.498138383342758,5.828959941210517,0.5456516405512941,0.2664193437547593,0.8333333333333334,0.6666666666666666,1.984379925108804,0.54363086501678,0.27395503156330947,0.5456516405512941,2,"[[1, 2], [3, 4], [2, 3], [2, 3]]","[true, true, true, false, false]",2,1.0,0,1,1,"[4, 3]","[[3, 2], [2, 1], [1, 0], [2, 1], [3, 2]]","[[7, 5], [6, 4], [5, 3], [6, 4], [7, 5]]","[[6, 5], [5, 4], [4, 3], [5, 4], [6, 5]]","[[8, 7], [7, 6], [6, 5], [7, 6], [8, 7]]","[[2, 2], [2, 2], [2, 2], [2, 2], [2, 2]]","[[1.5, 1.25], [1.375, 1.125], [1.25, 1.0], [1.25, 1.0], [1.25, 1.0]]",0.5,0.9991414393501948,0.2910027080000006
rounded_square--demand_conflict,rounded_square,demand_conflict,unknown_drift_pm2,drift,1709,oracle_true_delay_0p25,9.376715474692823,2.402002832676797,5.791564889043608,0.5366138402927795,0.25616676107530983,0.8333333333333334,0.6666666666666666,1.984379925108804,0.5348008601217725,0.2695052763610523,0.5366138402927795,2,"[[1, 2], [3, 4], [2, 3], [2, 3]]","[true, true, true, false, false]",2,1.0,0,1,1,"[4, 3]","[[3, 2], [2, 1], [1, 0], [2, 1], [3, 2]]","[[7, 5], [6, 4], [5, 3], [6, 4], [7, 5]]","[[6, 5], [5, 4], [4, 3], [5, 4], [6, 5]]","[[8, 7], [7, 6], [6, 5], [7, 6], [8, 7]]","[[2, 2], [2, 2], [2, 2], [2, 2], [2, 2]]","[[1.75, 1.25], [1.5, 1.0], [1.25, 0.75], [1.5, 1.0], [1.75, 1.25]]",0.5,0.9991418083324622,0.3006337499999958
rounded_square--demand_conflict,rounded_square,demand_conflict,unknown_drift_pm2,drift,1723,dual_anchor_dynamic,11.882074344748958,5.464637001991168,9.0718279066644,0.7266440041793545,0.45990597630001817,0.8333333333333334,0.8333333333333334,3.019135726454144,1.2240996356840435,0.4054470373618149,0.7266440041793545,2,"[[2, 3], [2, 3], [3, 4], [2, 4]]","[true, true, true, true, false]",1,2.0,0,1,1,"[4, 2]","[[5, 3], [4, 2], [3, 1], [4, 2], [5, 3]]","[[9, 5], [8, 4], [7, 3], [8, 4], [9, 5]]","[[8, 4], [7, 3], [6, 2], [7, 3], [8, 4]]","[[10, 6], [9, 5], [8, 4], [9, 5], [10, 6]]","[[2, 2], [2, 2], [2, 2], [2, 2], [2, 2]]","[[0.0, 0.0], [0.0, 0.0], [0.0, 0.0], [0.0, 0.0], [0.0, 0.0]]",1.0,0.9872721022921358,0.3724249580000034
rounded_square--demand_conflict,rounded_square,demand_conflict,unknown_drift_pm2,drift,1723,fixed_delay_2,11.882074344748958,5.3194420011970855,8.290490407213355,0.6700021172410671,0.44768630853988095,0.8333333333333334,0.8333333333333334,3.019135726454144,1.1933256203914815,0.3952540490099117,0.6700021172410671,2,"[[2, 3], [2, 3], [3, 4], [2, 4]]","[true, true, true, true, false]",1,2.0,0,1,1,"[4, 2]","[[5, 3], [4, 2], [3, 1], [4, 2], [5, 3]]","[[9, 5], [8, 4], [7, 3], [8, 4], [9, 5]]","[[8, 4], [7, 3], [6, 2], [7, 3], [8, 4]]","[[10, 6], [9, 5], [8, 4], [9, 5], [10, 6]]","[[2, 2], [2, 2], [2, 2], [2, 2], [2, 2]]","[[2.0, 2.0], [2.0, 2.0], [2.0, 2.0], [2.0, 2.0], [2.0, 2.0]]",1.0,0.987743067572872,0.39242795799999897
rounded_square--demand_conflict,rounded_square,demand_conflict,unknown_drift_pm2,drift,1723,fixed_delay_4,11.882074344748958,5.604661308754551,8.25970020700203,0.6369588512077365,0.4716904764386883,0.8333333333333334,0.8333333333333334,3.019135726454144,1.0773131682288677,0.35682833295279826,0.6369588512077365,0,"[[2, 3], [2, 3], [2, 3], [2, 3]]","[true, true, true, false, false]",2,1.0,0,1,1,"[4, 2]","[[5, 3], [4, 2], [3, 1], [4, 2], [5, 3]]","[[9, 5], [8, 4], [7, 3], [8, 4], [9, 5]]","[[8, 4], [7, 3], [6, 2], [7, 3], [8, 4]]","[[10, 6], [9, 5], [8, 4], [9, 5], [10, 6]]","[[2, 2], [2, 2], [2, 2], [2, 2], [2, 2]]","[[4.0, 4.0], [4.0, 4.0], [4.0, 4.0], [4.0, 4.0], [4.0, 4.0]]",1.0,0.9875589389292796,0.4037940830000011
rounded_square--demand_conflict,rounded_square,demand_conflict,unknown_drift_pm2,drift,1723,fixed_delay_6,11.882074344748958,4.642046718917932,7.360060379003789,0.5676180185163142,0.3906764580184091,0.8333333333333334,0.8333333333333334,3.019135726454144,1.0281099312492554,0.34053120641142226,0.5676180185163142,0,"[[2, 3], [2, 3], [2, 3], [2, 3]]","[true, true, true, false, false]",2,1.0,0,1,1,"[4, 2]","[[5, 3], [4, 2], [3, 1], [4, 2], [5, 3]]","[[9, 5], [8, 4], [7, 3], [8, 4], [9, 5]]","[[8, 4], [7, 3], [6, 2], [7, 3], [8, 4]]","[[10, 6], [9, 5], [8, 4], [9, 5], [10, 6]]","[[2, 2], [2, 2], [2, 2], [2, 2], [2, 2]]","[[6.0, 6.0], [6.0, 6.0], [6.0, 6.0], [6.0, 6.0], [6.0, 6.0]]",1.0,0.9876127630473741,0.397524458999996
rounded_square--demand_conflict,rounded_square,demand_conflict,unknown_drift_pm2,drift,1723,delay_aware_dual_anchor,11.882074344748958,5.176278802050809,8.27623151382262,0.6660360431568837,0.43563763799696814,0.8333333333333334,0.8333333333333334,3.019135726454144,1.1630571640663099,0.38522851221143173,0.6660360431568837,2,"[[2, 3], [2, 3], [3, 4], [2, 4]]","[true, true, true, true, false]",1,2.0,0,1,1,"[4, 2]","[[5, 3], [4, 2], [3, 1], [4, 2], [5, 3]]","[[9, 5], [8, 4], [7, 3], [8, 4], [9, 5]]","[[8, 4], [7, 3], [6, 2], [7, 3], [8, 4]]","[[10, 6], [9, 5], [8, 4], [9, 5], [10, 6]]","[[2, 2], [2, 2], [2, 2], [2, 2], [2, 2]]","[[2.0, 1.0], [1.875, 0.875], [1.75, 0.75], [1.75, 0.75], [1.75, 0.75]]",1.0,0.9875153186093515,0.3421057080000054
rounded_square--demand_conflict,rounded_square,demand_conflict,unknown_drift_pm2,drift,1723,oracle_true_delay_0p25,11.882074344748958,5.19739965034753,8.08431250633172,0.6626967338692903,0.4374151768074415,0.8333333333333334,0.8333333333333334,3.019135726454144,1.165505223850291,0.38603936008505685,0.6626967338692903,2,"[[2, 3], [2, 3], [3, 4], [2, 4]]","[true, true, true, true, false]",1,2.0,0,1,1,"[4, 2]","[[5, 3], [4, 2], [3, 1], [4, 2], [5, 3]]","[[9, 5], [8, 4], [7, 3], [8, 4], [9, 5]]","[[8, 4], [7, 3], [6, 2], [7, 3], [8, 4]]","[[10, 6], [9, 5], [8, 4], [9, 5], [10, 6]]","[[2, 2], [2, 2], [2, 2], [2, 2], [2, 2]]","[[2.25, 1.25], [2.0, 1.0], [1.75, 0.75], [2.0, 1.0], [2.25, 1.25]]",1.0,0.9875648605139484,0.3606076250000001
rounded_square--demand_conflict,rounded_square,demand_conflict,unknown_drift_pm2,drift,1741,dual_anchor_dynamic,9.620267274752301,6.2777320630153035,8.284489623250089,0.8323837956706468,0.6525527704922253,0.8333333333333334,1.0,2.182493455832481,1.982360339561974,0.9083007026959588,0.8323837956706468,2,"[[1, 4], [2, 4], [2, 4], [1, 4]]","[true, true, false, true, false]",2,1.15,0,1,1,"[2, 3]","[[3, 4], [2, 5], [1, 6], [2, 5], [3, 4]]","[[5, 7], [4, 8], [3, 9], [4, 8], [5, 7]]","[[4, 6], [3, 7], [2, 8], [3, 7], [4, 6]]","[[6, 8], [5, 9], [4, 10], [5, 9], [6, 8]]","[[2, 2], [2, 2], [2, 2], [2, 2], [2, 2]]","[[0.0, 0.0], [0.0, 0.0], [0.0, 0.0], [0.0, 0.0], [0.0, 0.0]]",1.0,0.9844495411831137,0.34842199999999934
rounded_square--demand_conflict,rounded_square,demand_conflict,unknown_drift_pm2,drift,1741,fixed_delay_2,9.620267274752301,6.625611803141833,7.496496138181767,0.8433503995364833,0.6887139009672085,0.8333333333333334,0.8333333333333334,2.182493455832481,1.8565604465933965,0.8506602581702761,0.8433503995364833,1,"[[1, 4], [2, 4], [2, 4], [2, 4]]","[true, true, false, true, false]",2,1.15,0,1,1,"[2, 3]","[[3, 4], [2, 5], [1, 6], [2, 5], [3, 4]]","[[5, 7], [4, 8], [3, 9], [4, 8], [5, 7]]","[[4, 6], [3, 7], [2, 8], [3, 7], [4, 6]]","[[6, 8], [5, 9], [4, 10], [5, 9], [6, 8]]","[[2, 2], [2, 2], [2, 2], [2, 2], [2, 2]]","[[2.0, 2.0], [2.0, 2.0], [2.0, 2.0], [2.0, 2.0], [2.0, 2.0]]",1.0,0.9844672609916961,0.38002883299999723
rounded_square--demand_conflict,rounded_square,demand_conflict,unknown_drift_pm2,drift,1741,fixed_delay_4,9.620267274752301,7.549520762156822,7.549520762156822,0.8990883761686169,0.7847516650571649,0.8333333333333334,0.8333333333333334,2.182493455832481,1.4592462895334684,0.6686142795222538,0.8990883761686169,2,"[[1, 4], [2, 4], [2, 4], [1, 4]]","[true, true, false, true, true]",1,2.6449999999999996,0,1,1,"[2, 3]","[[3, 4], [2, 5], [1, 6], [2, 5], [3, 4]]","[[5, 7], [4, 8], [3, 9], [4, 8], [5, 7]]","[[4, 6], [3, 7], [2, 8], [3, 7], [4, 6]]","[[6, 8], [5, 9], [4, 10], [5, 9], [6, 8]]","[[2, 2], [2, 2], [2, 2], [2, 2], [2, 2]]","[[4.0, 4.0], [4.0, 4.0], [4.0, 4.0], [4.0, 4.0], [4.0, 4.0]]",1.0,0.9846112386550678,0.42910295899999795
rounded_square--demand_conflict,rounded_square,demand_conflict,unknown_drift_pm2,drift,1741,fixed_delay_6,9.620267274752301,9.247916237846757,9.247916237846757,1.1215608422905397,0.9612951463539113,0.8333333333333334,0.8333333333333334,2.182493455832481,2.0604799926705937,0.9440944655133698,1.1215608422905397,0,"[[1, 4], [1, 4], [1, 4], [1, 4]]","[true, false, false, false, true]",3,0.575,0,1,1,"[2, 3]","[[3, 4], [2, 5], [1, 6], [2, 5], [3, 4]]","[[5, 7], [4, 8], [3, 9], [4, 8], [5, 7]]","[[4, 6], [3, 7], [2, 8], [3, 7], [4, 6]]","[[6, 8], [5, 9], [4, 10], [5, 9], [6, 8]]","[[2, 2], [2, 2], [2, 2], [2, 2], [2, 2]]","[[6.0, 6.0], [6.0, 6.0], [6.0, 6.0], [6.0, 6.0], [6.0, 6.0]]",1.0,0.9852954739727908,0.33644533300000035
rounded_square--demand_conflict,rounded_square,demand_conflict,unknown_drift_pm2,drift,1741,delay_aware_dual_anchor,9.620267274752301,6.353037686972751,7.779028448892472,0.8305874622760009,0.6603805804487201,0.8333333333333334,0.8333333333333334,2.182493455832481,1.8645548955686735,0.8543232469200992,0.8305874622760009,1,"[[1, 4], [2, 4], [2, 4], [2, 4]]","[true, true, false, true, false]",2,1.15,0,1,1,"[2, 3]","[[3, 4], [2, 5], [1, 6], [2, 5], [3, 4]]","[[5, 7], [4, 8], [3, 9], [4, 8], [5, 7]]","[[4, 6], [3, 7], [2, 8], [3, 7], [4, 6]]","[[6, 8], [5, 9], [4, 10], [5, 9], [6, 8]]","[[2, 2], [2, 2], [2, 2], [2, 2], [2, 2]]","[[1.0, 1.5], [0.875, 1.625], [0.75, 1.75], [0.75, 1.75], [0.75, 1.75]]",1.0,0.9845090235484701,0.38742229100000003
rounded_square--demand_conflict,rounded_square,demand_conflict,unknown_drift_pm2,drift,1741,oracle_true_delay_0p25,9.620267274752301,6.297570337923183,7.683757474549062,0.8271949808466443,0.6546149039383452,0.8333333333333334,0.8333333333333334,2.182493455832481,1.8470998167420087,0.846325477772147,0.8271949808466443,1,"[[1, 4], [2, 4], [2, 4], [2, 4]]","[true, true, false, true, false]",2,1.15,0,1,1,"[2, 3]","[[3, 4], [2, 5], [1, 6], [2, 5], [3, 4]]","[[5, 7], [4, 8], [3, 9], [4, 8], [5, 7]]","[[4, 6], [3, 7], [2, 8], [3, 7], [4, 6]]","[[6, 8], [5, 9], [4, 10], [5, 9], [6, 8]]","[[2, 2], [2, 2], [2, 2], [2, 2], [2, 2]]","[[1.25, 1.75], [1.0, 2.0], [0.75, 2.25], [1.0, 2.0], [1.25, 1.75]]",1.0,0.9845156710758044,0.3990010830000017
figure_eight--demand_conflict,figure_eight,demand_conflict,unknown_drift_pm2,drift,1709,dual_anchor_dynamic,8.449258755973705,1.387004012671492,2.7857102188790708,0.32251739720340244,0.1641568867435699,0.8333333333333334,0.5,2.560743603907798,0.4542368184449174,0.17738473221283604,0.32251739720340244,2,"[[2, 4], [2, 4], [3, 4], [2, 4]]","[true, true, true, true, false]",1,2.0,0,1,1,"[4, 3]","[[3, 2], [2, 1], [1, 0], [2, 1], [3, 2]]","[[7, 5], [6, 4], [5, 3], [6, 4], [7, 5]]","[[6, 5], [5, 4], [4, 3], [5, 4], [6, 5]]","[[8, 7], [7, 6], [6, 5], [7, 6], [8, 7]]","[[2, 2], [2, 2], [2, 2], [2, 2], [2, 2]]","[[0.0, 0.0], [0.0, 0.0], [0.0, 0.0], [0.0, 0.0], [0.0, 0.0]]",0.5,0.9989482527978846,0.2650847089999999
figure_eight--demand_conflict,figure_eight,demand_conflict,unknown_drift_pm2,drift,1709,fixed_delay_2,8.449258755973705,1.5413602671578888,2.9921214145323876,0.33621059043828094,0.18242550165340038,0.8333333333333334,0.5,2.560743603907798,0.45358518299477946,0.1771302610314403,0.33621059043828094,2,"[[2, 4], [2, 4], [1, 2], [2, 4]]","[true, true, true, true, false]",1,2.0,0,1,1,"[4, 3]","[[3, 2], [2, 1], [1, 0], [2, 1], [3, 2]]","[[7, 5], [6, 4], [5, 3], [6, 4], [7, 5]]","[[6, 5], [5, 4], [4, 3], [5, 4], [6, 5]]","[[8, 7], [7, 6], [6, 5], [7, 6], [8, 7]]","[[2, 2], [2, 2], [2, 2], [2, 2], [2, 2]]","[[2.0, 2.0], [2.0, 2.0], [2.0, 2.0], [2.0, 2.0], [2.0, 2.0]]",0.5,0.9989529807406081,0.26917458300000163
figure_eight--demand_conflict,figure_eight,demand_conflict,unknown_drift_pm2,drift,1709,fixed_delay_4,8.449258755973705,1.900888437734197,3.3971898764991595,0.4038163499447025,0.22497694681089642,0.8333333333333334,0.3333333333333333,2.560743603907798,0.5148062319670996,0.20103778886003446,0.4038163499447025,2,"[[2, 4], [2, 4], [2, 3], [1, 4]]","[true, true, true, true, false]",1,2.0,0,1,1,"[4, 3]","[[3, 2], [2, 1], [1, 0], [2, 1], [3, 2]]","[[7, 5], [6, 4], [5, 3], [6, 4], [7, 5]]","[[6, 5], [5, 4], [4, 3], [5, 4], [6, 5]]","[[8, 7], [7, 6], [6, 5], [7, 6], [8, 7]]","[[2, 2], [2, 2], [2, 2], [2, 2], [2, 2]]","[[4.0, 4.0], [4.0, 4.0], [4.0, 4.0], [4.0, 4.0], [4.0, 4.0]]",0.5,0.9989558394421145,0.2756892920000027
figure_eight--demand_conflict,figure_eight,demand_conflict,unknown_drift_pm2,drift,1709,fixed_delay_6,8.449258755973705,3.1288796049081586,4.823533471436777,0.5380530770374843,0.37031409444006097,0.8333333333333334,0.5,2.560743603907798,0.8764879807721023,0.34227869570172753,0.5380530770374843,1,"[[2, 4], [2, 4], [3, 4], [3, 4]]","[true, true, true, true, false]",1,2.0,0,1,1,"[4, 3]","[[3, 2], [2, 1], [1, 0], [2, 1], [3, 2]]","[[7, 5], [6, 4], [5, 3], [6, 4], [7, 5]]","[[6, 5], [5, 4], [4, 3], [5, 4], [6, 5]]","[[8, 7], [7, 6], [6, 5], [7, 6], [8, 7]]","[[2, 2], [2, 2], [2, 2], [2, 2], [2, 2]]","[[6.0, 6.0], [6.0, 6.0], [6.0, 6.0], [6.0, 6.0], [6.0, 6.0]]",0.5,0.9989493537428431,0.3114602919999996
figure_eight--demand_conflict,figure_eight,demand_conflict,unknown_drift_pm2,drift,1709,delay_aware_dual_anchor,8.449258755973705,1.4711743086029647,2.9508257819934474,0.32556110333467436,0.1741187423764044,0.8333333333333334,0.3333333333333333,2.560743603907798,0.4546806010198267,0.17755803444201357,0.32556110333467436,2,"[[2, 4], [2, 4], [1, 2], [2, 4]]","[true, true, true, true, false]",1,2.0,0,1,1,"[4, 3]","[[3, 2], [2, 1], [1, 0], [2, 1], [3, 2]]","[[7, 5], [6, 4], [5, 3], [6, 4], [7, 5]]","[[6, 5], [5, 4], [4, 3], [5, 4], [6, 5]]","[[8, 7], [7, 6], [6, 5], [7, 6], [8, 7]]","[[2, 2], [2, 2], [2, 2], [2, 2], [2, 2]]","[[1.5, 1.25], [1.375, 1.125], [1.25, 1.0], [1.25, 1.0], [1.25, 1.0]]",0.5,0.9989493675348853,0.27001591699999494
figure_eight--demand_conflict,figure_eight,demand_conflict,unknown_drift_pm2,drift,1709,oracle_true_delay_0p25,8.449258755973705,1.4474057697291114,3.4624639153760173,0.3324104479551735,0.17130565077152857,0.8333333333333334,0.3333333333333333,2.560743603907798,0.37342826160270437,0.1458280559728189,0.3324104479551735,1,"[[2, 4], [2, 4], [1, 2], [1, 2]]","[true, true, true, false, false]",2,1.0,0,1,1,"[4, 3]","[[3, 2], [2, 1], [1, 0], [2, 1], [3, 2]]","[[7, 5], [6, 4], [5, 3], [6, 4], [7, 5]]","[[6, 5], [5, 4], [4, 3], [5, 4], [6, 5]]","[[8, 7], [7, 6], [6, 5], [7, 6], [8, 7]]","[[2, 2], [2, 2], [2, 2], [2, 2], [2, 2]]","[[1.75, 1.25], [1.5, 1.0], [1.25, 0.75], [1.5, 1.0], [1.75, 1.25]]",0.5,0.9989491926496026,0.27252258400000073
figure_eight--demand_conflict,figure_eight,demand_conflict,unknown_drift_pm2,drift,1723,dual_anchor_dynamic,11.332864498216937,1.7106448063101696,2.711729179432198,0.35691791382776766,0.15094549189918532,1.0,0.6666666666666666,2.9932565130644506,0.4909368979662917,0.16401430877157866,0.35691791382776766,3,"[[1, 4], [3, 4], [1, 2], [2, 4]]","[true, true, true, true, false]",1,2.0,0,1,1,"[4, 2]","[[5, 3], [4, 2], [3, 1], [4, 2], [5, 3]]","[[9, 5], [8, 4], [7, 3], [8, 4], [9, 5]]","[[8, 4], [7, 3], [6, 2], [7, 3], [8, 4]]","[[10, 6], [9, 5], [8, 4], [9, 5], [10, 6]]","[[2, 2], [2, 2], [2, 2], [2, 2], [2, 2]]","[[0.0, 0.0], [0.0, 0.0], [0.0, 0.0], [0.0, 0.0], [0.0, 0.0]]",1.0,0.9913786975027932,0.329169959000005
figure_eight--demand_conflict,figure_eight,demand_conflict,unknown_drift_pm2,drift,1723,fixed_delay_2,11.332864498216937,1.3314085297516314,2.522905042862589,0.36116388804289185,0.1174820831892157,1.0,0.5,2.9932565130644506,0.39047233023544026,0.13045067421758672,0.36116388804289185,2,"[[1, 4], [3, 4], [3, 4], [2, 4]]","[true, true, true, true, false]",1,2.0,0,1,1,"[4, 2]","[[5, 3], [4, 2], [3, 1], [4, 2], [5, 3]]","[[9, 5], [8, 4], [7, 3], [8, 4], [9, 5]]","[[8, 4], [7, 3], [6, 2], [7, 3], [8, 4]]","[[10, 6], [9, 5], [8, 4], [9, 5], [10, 6]]","[[2, 2], [2, 2], [2, 2], [2, 2], [2, 2]]","[[2.0, 2.0], [2.0, 2.0], [2.0, 2.0], [2.0, 2.0], [2.0, 2.0]]",1.0,0.9913758157648604,0.31561916700000126
figure_eight--demand_conflict,figure_eight,demand_conflict,unknown_drift_pm2,drift,1723,fixed_delay_4,11.332864498216937,1.2441446008905006,2.2682086296493154,0.4008917741651101,0.10978200622501477,1.0,0.5,2.9932565130644506,0.34011784829363134,0.1136280324820621,0.4008917741651101,2,"[[1, 4], [3, 4], [3, 4], [1, 4]]","[true, true, true, true, false]",1,2.0,0,1,1,"[4, 2]","[[5, 3], [4, 2], [3, 1], [4, 2], [5, 3]]","[[9, 5], [8, 4], [7, 3], [8, 4], [9, 5]]","[[8, 4], [7, 3], [6, 2], [7, 3], [8, 4]]","[[10, 6], [9, 5], [8, 4], [9, 5], [10, 6]]","[[2, 2], [2, 2], [2, 2], [2, 2], [2, 2]]","[[4.0, 4.0], [4.0, 4.0], [4.0, 4.0], [4.0, 4.0], [4.0, 4.0]]",1.0,0.9913852880288849,0.30518729100000286
figure_eight--demand_conflict,figure_eight,demand_conflict,unknown_drift_pm2,drift,1723,fixed_delay_6,11.332864498216937,2.514526389078649,2.859180059535077,0.46086180549929523,0.22187915416038667,1.0,0.5,2.9932565130644506,0.7831402751088435,0.2616348688095149,0.46086180549929523,1,"[[1, 4], [3, 4], [3, 4], [3, 4]]","[true, true, true, true, false]",1,2.0,0,1,1,"[4, 2]","[[5, 3], [4, 2], [3, 1], [4, 2], [5, 3]]","[[9, 5], [8, 4], [7, 3], [8, 4], [9, 5]]","[[8, 4], [7, 3], [6, 2], [7, 3], [8, 4]]","[[10, 6], [9, 5], [8, 4], [9, 5], [10, 6]]","[[2, 2], [2, 2], [2, 2], [2, 2], [2, 2]]","[[6.0, 6.0], [6.0, 6.0], [6.0, 6.0], [6.0, 6.0], [6.0, 6.0]]",1.0,0.9913168276428603,0.3210772079999984
figure_eight--demand_conflict,figure_eight,demand_conflict,unknown_drift_pm2,drift,1723,delay_aware_dual_anchor,11.332864498216937,1.4711807637753287,2.6067475908133897,0.3494810734499557,0.12981543757156877,1.0,0.5,2.9932565130644506,0.43137558359510814,0.14411580888985434,0.3494810734499557,2,"[[1, 4], [3, 4], [3, 4], [2, 4]]","[true, true, true, true, false]",1,2.0,0,1,1,"[4, 2]","[[5, 3], [4, 2], [3, 1], [4, 2], [5, 3]]","[[9, 5], [8, 4], [7, 3], [8, 4], [9, 5]]","[[8, 4], [7, 3], [6, 2], [7, 3], [8, 4]]","[[10, 6], [9, 5], [8, 4], [9, 5], [10, 6]]","[[2, 2], [2, 2], [2, 2], [2, 2], [2, 2]]","[[2.0, 1.0], [1.875, 0.875], [1.75, 0.75], [1.75, 0.75], [1.75, 0.75]]",1.0,0.9913857005974238,0.32795695800000857
figure_eight--demand_conflict,figure_eight,demand_conflict,unknown_drift_pm2,drift,1723,oracle_true_delay_0p25,11.332864498216937,1.4632014794242845,2.596972849498318,0.35281268314400377,0.12911135394361223,1.0,0.5,2.9932565130644506,0.42869709208444967,0.14322096693462336,0.35281268314400377,2,"[[1, 4], [3, 4], [3, 4], [2, 4]]","[true, true, true, true, false]",1,2.0,0,1,1,"[4, 2]","[[5, 3], [4, 2], [3, 1], [4, 2], [5, 3]]","[[9, 5], [8, 4], [7, 3], [8, 4], [9, 5]]","[[8, 4], [7, 3], [6, 2], [7, 3], [8, 4]]","[[10, 6], [9, 5], [8, 4], [9, 5], [10, 6]]","[[2, 2], [2, 2], [2, 2], [2, 2], [2, 2]]","[[2.25, 1.25], [2.0, 1.0], [1.75, 0.75], [2.0, 1.0], [2.25, 1.25]]",1.0,0.9913771894980452,0.3267960839999944
figure_eight--demand_conflict,figure_eight,demand_conflict,unknown_drift_pm2,drift,1741,dual_anchor_dynamic,9.140054463427361,8.434068438565218,8.434068438565218,1.2159224444398062,0.9227591008689229,1.0,1.0,2.6197943730731823,2.436258023160697,0.9299424596835111,1.2159224444398062,0,"[[2, 4], [2, 4], [2, 4], [2, 4]]","[true, false, false, false, true]",3,0.575,0,1,1,"[2, 3]","[[3, 4], [2, 5], [1, 6], [2, 5], [3, 4]]","[[5, 7], [4, 8], [3, 9], [4, 8], [5, 7]]","[[4, 6], [3, 7], [2, 8], [3, 7], [4, 6]]","[[6, 8], [5, 9], [4, 10], [5, 9], [6, 8]]","[[2, 2], [2, 2], [2, 2], [2, 2], [2, 2]]","[[0.0, 0.0], [0.0, 0.0], [0.0, 0.0], [0.0, 0.0], [0.0, 0.0]]",1.0,0.9887306312362596,0.2999674580000118
figure_eight--demand_conflict,figure_eight,demand_conflict,unknown_drift_pm2,drift,1741,fixed_delay_2,9.140054463427361,4.028483996859732,4.028483996859732,0.8320253660978436,0.4407505461788157,1.0,0.8333333333333334,2.6197943730731823,1.0337932950424005,0.39460856381247067,0.8320253660978436,2,"[[2, 4], [3, 4], [3, 4], [2, 4]]","[true, true, false, true, true]",1,2.6449999999999996,0,1,1,"[2, 3]","[[3, 4], [2, 5], [1, 6], [2, 5], [3, 4]]","[[5, 7], [4, 8], [3, 9], [4, 8], [5, 7]]","[[4, 6], [3, 7], [2, 8], [3, 7], [4, 6]]","[[6, 8], [5, 9], [4, 10], [5, 9], [6, 8]]","[[2, 2], [2, 2], [2, 2], [2, 2], [2, 2]]","[[2.0, 2.0], [2.0, 2.0], [2.0, 2.0], [2.0, 2.0], [2.0, 2.0]]",1.0,0.9887401445469997,0.3681691670000049
figure_eight--demand_conflict,figure_eight,demand_conflict,unknown_drift_pm2,drift,1741,fixed_delay_4,9.140054463427361,4.07609597229513,4.07609597229513,0.8308127388274056,0.4459597028228938,1.0,0.8333333333333334,2.6197943730731823,1.1101368266045961,0.42374960340965095,0.8308127388274056,1,"[[2, 4], [2, 4], [2, 4], [3, 4]]","[true, true, false, true, true]",1,2.6449999999999996,0,1,1,"[2, 3]","[[3, 4], [2, 5], [1, 6], [2, 5], [3, 4]]","[[5, 7], [4, 8], [3, 9], [4, 8], [5, 7]]","[[4, 6], [3, 7], [2, 8], [3, 7], [4, 6]]","[[6, 8], [5, 9], [4, 10], [5, 9], [6, 8]]","[[2, 2], [2, 2], [2, 2], [2, 2], [2, 2]]","[[4.0, 4.0], [4.0, 4.0], [4.0, 4.0], [4.0, 4.0], [4.0, 4.0]]",1.0,0.9887084734593967,0.39933283300000255
figure_eight--demand_conflict,figure_eight,demand_conflict,unknown_drift_pm2,drift,1741,fixed_delay_6,9.140054463427361,4.037894005784642,4.037894005784642,0.7833140810433419,0.44178008150188874,1.0,1.0,2.6197943730731823,1.0879620121818818,0.4152852694716015,0.7833140810433419,0,"[[2, 4], [2, 4], [2, 4], [2, 4]]","[true, true, false, true, true]",1,2.6449999999999996,0,1,1,"[2, 3]","[[3, 4], [2, 5], [1, 6], [2, 5], [3, 4]]","[[5, 7], [4, 8], [3, 9], [4, 8], [5, 7]]","[[4, 6], [3, 7], [2, 8], [3, 7], [4, 6]]","[[6, 8], [5, 9], [4, 10], [5, 9], [6, 8]]","[[2, 2], [2, 2], [2, 2], [2, 2], [2, 2]]","[[6.0, 6.0], [6.0, 6.0], [6.0, 6.0], [6.0, 6.0], [6.0, 6.0]]",1.0,0.9886803648276801,0.3960492920000007
figure_eight--demand_conflict,figure_eight,demand_conflict,unknown_drift_pm2,drift,1741,delay_aware_dual_anchor,9.140054463427361,4.0166040755710295,4.0166040755710295,0.8667801382274577,0.43945078135397375,1.0,0.8333333333333334,2.6197943730731823,1.0317035975713587,0.39381090675490915,0.8667801382274577,1,"[[2, 4], [3, 4], [3, 4], [3, 4]]","[true, true, false, true, true]",1,2.6449999999999996,0,1,1,"[2, 3]","[[3, 4], [2, 5], [1, 6], [2, 5], [3, 4]]","[[5, 7], [4, 8], [3, 9], [4, 8], [5, 7]]","[[4, 6], [3, 7], [2, 8], [3, 7], [4, 6]]","[[6, 8], [5, 9], [4, 10], [5, 9], [6, 8]]","[[2, 2], [2, 2], [2, 2], [2, 2], [2, 2]]","[[1.0, 1.5], [0.875, 1.625], [0.75, 1.75], [0.75, 1.75], [0.75, 1.75]]",1.0,0.9887307171059223,0.3557205409999966
figure_eight--demand_conflict,figure_eight,demand_conflict,unknown_drift_pm2,drift,1741,oracle_true_delay_0p25,9.140054463427361,3.8526136600902587,3.8526136600902587,0.8500410268959258,0.42150882967994874,1.0,0.8333333333333334,2.6197943730731823,0.9746404440927388,0.3720293676901919,0.8500410268959258,2,"[[2, 4], [3, 4], [3, 4], [2, 4]]","[true, true, false, true, true]",1,2.6449999999999996,0,1,1,"[2, 3]","[[3, 4], [2, 5], [1, 6], [2, 5], [3, 4]]","[[5, 7], [4, 8], [3, 9], [4, 8], [5, 7]]","[[4, 6], [3, 7], [2, 8], [3, 7], [4, 6]]","[[6, 8], [5, 9], [4, 10], [5, 9], [6, 8]]","[[2, 2], [2, 2], [2, 2], [2, 2], [2, 2]]","[[1.25, 1.75], [1.0, 2.0], [0.75, 2.25], [1.0, 2.0], [1.25, 1.75]]",1.0,0.9886585683846763,0.36160920900000804
s_curve--demand_conflict,s_curve,demand_conflict,unknown_drift_pm2,drift,1709,dual_anchor_dynamic,4.136003207589124,0.7847647640163868,1.5971007157719201,0.3493635297468616,0.1897398828357839,0.8333333333333334,0.0,1.042789282190071,0.36548451513950225,0.35048741043052334,0.3493635297468616,2,"[[2, 4], [3, 4], [2, 4], [2, 4]]","[true, true, true, true, false]",1,2.0,0,1,1,"[4, 3]","[[3, 2], [2, 1], [1, 0], [2, 1], [3, 2]]","[[7, 5], [6, 4], [5, 3], [6, 4], [7, 5]]","[[6, 5], [5, 4], [4, 3], [5, 4], [6, 5]]","[[8, 7], [7, 6], [6, 5], [7, 6], [8, 7]]","[[2, 2], [2, 2], [2, 2], [2, 2], [2, 2]]","[[0.0, 0.0], [0.0, 0.0], [0.0, 0.0], [0.0, 0.0], [0.0, 0.0]]",0.5,0.9981884795458598,0.2386787079999948
s_curve--demand_conflict,s_curve,demand_conflict,unknown_drift_pm2,drift,1709,fixed_delay_2,4.136003207589124,0.5912030235691998,1.9327050885645416,0.329116419961095,0.1429406588670931,0.8333333333333334,0.0,1.042789282190071,0.2739416339283088,0.262700852997813,0.329116419961095,1,"[[2, 4], [2, 4], [3, 4], [3, 4]]","[true, true, true, false, false]",2,1.0,0,1,1,"[4, 3]","[[3, 2], [2, 1], [1, 0], [2, 1], [3, 2]]","[[7, 5], [6, 4], [5, 3], [6, 4], [7, 5]]","[[6, 5], [5, 4], [4, 3], [5, 4], [6, 5]]","[[8, 7], [7, 6], [6, 5], [7, 6], [8, 7]]","[[2, 2], [2, 2], [2, 2], [2, 2], [2, 2]]","[[2.0, 2.0], [2.0, 2.0], [2.0, 2.0], [2.0, 2.0], [2.0, 2.0]]",0.5,0.9981536649189484,0.2345235840000015
s_curve--demand_conflict,s_curve,demand_conflict,unknown_drift_pm2,drift,1709,fixed_delay_4,4.136003207589124,0.6340695123966551,1.6372378100786358,0.3619820509532526,0.15330488894041602,0.8333333333333334,0.0,1.042789282190071,0.3639756757159081,0.3490404839523136,0.3619820509532526,2,"[[2, 4], [2, 4], [3, 4], [2, 4]]","[true, true, true, true, false]",1,2.0,0,1,1,"[4, 3]","[[3, 2], [2, 1], [1, 0], [2, 1], [3, 2]]","[[7, 5], [6, 4], [5, 3], [6, 4], [7, 5]]","[[6, 5], [5, 4], [4, 3], [5, 4], [6, 5]]","[[8, 7], [7, 6], [6, 5], [7, 6], [8, 7]]","[[2, 2], [2, 2], [2, 2], [2, 2], [2, 2]]","[[4.0, 4.0], [4.0, 4.0], [4.0, 4.0], [4.0, 4.0], [4.0, 4.0]]",0.5,0.9981314306055508,0.24835899999999356
s_curve--demand_conflict,s_curve,demand_conflict,unknown_drift_pm2,drift,1709,fixed_delay_6,4.136003207589124,0.7627276075497067,1.4479409597708677,0.4491123176633084,0.18441175435990548,0.8333333333333334,0.0,1.042789282190071,0.44860824515384395,0.43020028381158154,0.4491123176633084,2,"[[2, 4], [3, 4], [3, 4], [2, 4]]","[true, true, true, true, false]",1,2.0,0,1,1,"[4, 3]","[[3, 2], [2, 1], [1, 0], [2, 1], [3, 2]]","[[7, 5], [6, 4], [5, 3], [6, 4], [7, 5]]","[[6, 5], [5, 4], [4, 3], [5, 4], [6, 5]]","[[8, 7], [7, 6], [6, 5], [7, 6], [8, 7]]","[[2, 2], [2, 2], [2, 2], [2, 2], [2, 2]]","[[6.0, 6.0], [6.0, 6.0], [6.0, 6.0], [6.0, 6.0], [6.0, 6.0]]",0.5,0.9981864767435082,0.2582980829999997
s_curve--demand_conflict,s_curve,demand_conflict,unknown_drift_pm2,drift,1709,delay_aware_dual_anchor,4.136003207589124,0.6454075290473229,1.9321042850426238,0.3328013000035263,0.1560461867783538,0.8333333333333334,0.0,1.042789282190071,0.2942409241442241,0.2821671925187588,0.3328013000035263,1,"[[2, 4], [2, 4], [3, 4], [3, 4]]","[true, true, true, false, false]",2,1.0,0,1,1,"[4, 3]","[[3, 2], [2, 1], [1, 0], [2, 1], [3, 2]]","[[7, 5], [6, 4], [5, 3], [6, 4], [7, 5]]","[[6, 5], [5, 4], [4, 3], [5, 4], [6, 5]]","[[8, 7], [7, 6], [6, 5], [7, 6], [8, 7]]","[[2, 2], [2, 2], [2, 2], [2, 2], [2, 2]]","[[1.5, 1.25], [1.375, 1.125], [1.25, 1.0], [1.25, 1.0], [1.25, 1.0]]",0.5,0.9981592531841166,0.23890641699999549
s_curve--demand_conflict,s_curve,demand_conflict,unknown_drift_pm2,drift,1709,oracle_true_delay_0p25,4.136003207589124,0.6310800508346422,1.941956766545624,0.3341344716067046,0.1525820989879016,0.8333333333333334,0.0,1.042789282190071,0.2945734531037545,0.28248607665499775,0.3341344716067046,1,"[[2, 4], [2, 4], [3, 4], [3, 4]]","[true, true, true, false, false]",2,1.0,0,1,1,"[4, 3]","[[3, 2], [2, 1], [1, 0], [2, 1], [3, 2]]","[[7, 5], [6, 4], [5, 3], [6, 4], [7, 5]]","[[6, 5], [5, 4], [4, 3], [5, 4], [6, 5]]","[[8, 7], [7, 6], [6, 5], [7, 6], [8, 7]]","[[2, 2], [2, 2], [2, 2], [2, 2], [2, 2]]","[[1.75, 1.25], [1.5, 1.0], [1.25, 0.75], [1.5, 1.0], [1.75, 1.25]]",0.5,0.9981557475044386,0.23529245899999296
s_curve--demand_conflict,s_curve,demand_conflict,unknown_drift_pm2,drift,1723,dual_anchor_dynamic,4.932921531904967,0.6176473340335731,1.218243989257657,0.2914646329467505,0.12520923554911154,1.0,0.0,1.1560512557302531,0.2322693301720288,0.20091611770734955,0.2914646329467505,3,"[[2, 3], [1, 4], [0, 4], [2, 4]]","[true, true, true, true, false]",1,2.0,0,1,1,"[4, 2]","[[5, 3], [4, 2], [3, 1], [4, 2], [5, 3]]","[[9, 5], [8, 4], [7, 3], [8, 4], [9, 5]]","[[8, 4], [7, 3], [6, 2], [7, 3], [8, 4]]","[[10, 6], [9, 5], [8, 4], [9, 5], [10, 6]]","[[2, 2], [2, 2], [2, 2], [2, 2], [2, 2]]","[[0.0, 0.0], [0.0, 0.0], [0.0, 0.0], [0.0, 0.0], [0.0, 0.0]]",1.0,0.9913137342375274,0.24058562500000846
s_curve--demand_conflict,s_curve,demand_conflict,unknown_drift_pm2,drift,1723,fixed_delay_2,4.932921531904967,0.43843247193489987,1.136476088653975,0.2979476638339701,0.08887886602274588,1.0,0.0,1.1560512557302531,0.19051143932618245,0.16479497633159906,0.2979476638339701,3,"[[2, 3], [3, 4], [1, 4], [2, 4]]","[true, true, true, true, false]",1,2.0,0,1,1,"[4, 2]","[[5, 3], [4, 2], [3, 1], [4, 2], [5, 3]]","[[9, 5], [8, 4], [7, 3], [8, 4], [9, 5]]","[[8, 4], [7, 3], [6, 2], [7, 3], [8, 4]]","[[10, 6], [9, 5], [8, 4], [9, 5], [10, 6]]","[[2, 2], [2, 2], [2, 2], [2, 2], [2, 2]]","[[2.0, 2.0], [2.0, 2.0], [2.0, 2.0], [2.0, 2.0], [2.0, 2.0]]",1.0,0.9913716915065293,0.2306453749999946
s_curve--demand_conflict,s_curve,demand_conflict,unknown_drift_pm2,drift,1723,fixed_delay_4,4.932921531904967,0.3351439632980618,1.1150264827607823,0.31979773252426824,0.06794025835003255,1.0,0.0,1.1560512557302531,0.18414426769280212,0.15928728659741137,0.31979773252426824,3,"[[2, 3], [3, 4], [1, 4], [1, 2]]","[true, true, true, true, false]",1,2.0,0,1,1,"[4, 2]","[[5, 3], [4, 2], [3, 1], [4, 2], [5, 3]]","[[9, 5], [8, 4], [7, 3], [8, 4], [9, 5]]","[[8, 4], [7, 3], [6, 2], [7, 3], [8, 4]]","[[10, 6], [9, 5], [8, 4], [9, 5], [10, 6]]","[[2, 2], [2, 2], [2, 2], [2, 2], [2, 2]]","[[4.0, 4.0], [4.0, 4.0], [4.0, 4.0], [4.0, 4.0], [4.0, 4.0]]",1.0,0.9909117448307679,0.24930487499999288
s_curve--demand_conflict,s_curve,demand_conflict,unknown_drift_pm2,drift,1723,fixed_delay_6,4.932921531904967,0.7096907218984013,0.7851719194145699,0.38141031886450893,0.1438682365629151,1.0,0.0,1.1560512557302531,0.2816823123324731,0.2436590167920715,0.38141031886450893,3,"[[2, 3], [3, 4], [1, 2], [1, 4]]","[true, true, true, true, false]",1,2.0,0,1,1,"[4, 2]","[[5, 3], [4, 2], [3, 1], [4, 2], [5, 3]]","[[9, 5], [8, 4], [7, 3], [8, 4], [9, 5]]","[[8, 4], [7, 3], [6, 2], [7, 3], [8, 4]]","[[10, 6], [9, 5], [8, 4], [9, 5], [10, 6]]","[[2, 2], [2, 2], [2, 2], [2, 2], [2, 2]]","[[6.0, 6.0], [6.0, 6.0], [6.0, 6.0], [6.0, 6.0], [6.0, 6.0]]",1.0,0.9895822024949086,0.25733520800000065
s_curve--demand_conflict,s_curve,demand_conflict,unknown_drift_pm2,drift,1723,delay_aware_dual_anchor,4.932921531904967,0.4535572284268876,1.150031580704785,0.28788781824052095,0.09194495097750634,1.0,0.0,1.1560512557302531,0.20089584177333367,0.17377762515073955,0.28788781824052095,2,"[[2, 3], [1, 4], [1, 4], [2, 4]]","[true, true, true, true, false]",1,2.0,0,1,1,"[4, 2]","[[5, 3], [4, 2], [3, 1], [4, 2], [5, 3]]","[[9, 5], [8, 4], [7, 3], [8, 4], [9, 5]]","[[8, 4], [7, 3], [6, 2], [7, 3], [8, 4]]","[[10, 6], [9, 5], [8, 4], [9, 5], [10, 6]]","[[2, 2], [2, 2], [2, 2], [2, 2], [2, 2]]","[[2.0, 1.0], [1.875, 0.875], [1.75, 0.75], [1.75, 0.75], [1.75, 0.75]]",1.0,0.9914198767001392,0.2318234170000011
s_curve--demand_conflict,s_curve,demand_conflict,unknown_drift_pm2,drift,1723,oracle_true_delay_0p25,4.932921531904967,0.4437292720020302,1.1465232839633543,0.28945691736727547,0.08995263134272348,1.0,0.0,1.1560512557302531,0.19786507251315416,0.17115596867559907,0.28945691736727547,2,"[[2, 3], [1, 4], [1, 4], [2, 4]]","[true, true, true, true, false]",1,2.0,0,1,1,"[4, 2]","[[5, 3], [4, 2], [3, 1], [4, 2], [5, 3]]","[[9, 5], [8, 4], [7, 3], [8, 4], [9, 5]]","[[8, 4], [7, 3], [6, 2], [7, 3], [8, 4]]","[[10, 6], [9, 5], [8, 4], [9, 5], [10, 6]]","[[2, 2], [2, 2], [2, 2], [2, 2], [2, 2]]","[[2.25, 1.25], [2.0, 1.0], [1.75, 0.75], [2.0, 1.0], [2.25, 1.25]]",1.0,0.9914109919925079,0.23710249999999178
s_curve--demand_conflict,s_curve,demand_conflict,unknown_drift_pm2,drift,1741,dual_anchor_dynamic,5.239202496772067,1.325611234207245,1.325611234207245,0.7931538455754499,0.2530177512749258,1.0,0.3333333333333333,1.1284582625624728,0.7842661531560632,0.6949890653245541,0.7931538455754499,1,"[[2, 4], [3, 4], [3, 4], [3, 4]]","[true, true, false, true, true]",1,2.6449999999999996,0,1,1,"[2, 3]","[[3, 4], [2, 5], [1, 6], [2, 5], [3, 4]]","[[5, 7], [4, 8], [3, 9], [4, 8], [5, 7]]","[[4, 6], [3, 7], [2, 8], [3, 7], [4, 6]]","[[6, 8], [5, 9], [4, 10], [5, 9], [6, 8]]","[[2, 2], [2, 2], [2, 2], [2, 2], [2, 2]]","[[0.0, 0.0], [0.0, 0.0], [0.0, 0.0], [0.0, 0.0], [0.0, 0.0]]",1.0,0.9880706485840544,0.2814130830000039
s_curve--demand_conflict,s_curve,demand_conflict,unknown_drift_pm2,drift,1741,fixed_delay_2,5.239202496772067,1.6910183082169625,2.1294648492117534,0.7326007010140102,0.322762540531468,1.0,0.3333333333333333,1.1284582625624728,0.9090875073063245,0.805601356705912,0.7326007010140102,2,"[[2, 4], [3, 4], [3, 4], [2, 4]]","[true, true, true, true, false]",1,2.0,0,1,1,"[2, 3]","[[3, 4], [2, 5], [1, 6], [2, 5], [3, 4]]","[[5, 7], [4, 8], [3, 9], [4, 8], [5, 7]]","[[4, 6], [3, 7], [2, 8], [3, 7], [4, 6]]","[[6, 8], [5, 9], [4, 10], [5, 9], [6, 8]]","[[2, 2], [2, 2], [2, 2], [2, 2], [2, 2]]","[[2.0, 2.0], [2.0, 2.0], [2.0, 2.0], [2.0, 2.0], [2.0, 2.0]]",1.0,0.9878491237829836,0.30509737500000256
s_curve--demand_conflict,s_curve,demand_conflict,unknown_drift_pm2,drift,1741,fixed_delay_4,5.239202496772067,4.896383652549235,4.896383652549235,1.1798019720610635,0.9345665977915444,1.0,0.8333333333333334,1.1284582625624728,1.0690149606412676,0.9473234377439684,1.1798019720610635,0,"[[2, 4], [2, 4], [2, 4], [2, 4]]","[true, false, false, false, true]",3,0.575,0,1,1,"[2, 3]","[[3, 4], [2, 5], [1, 6], [2, 5], [3, 4]]","[[5, 7], [4, 8], [3, 9], [4, 8], [5, 7]]","[[4, 6], [3, 7], [2, 8], [3, 7], [4, 6]]","[[6, 8], [5, 9], [4, 10], [5, 9], [6, 8]]","[[2, 2], [2, 2], [2, 2], [2, 2], [2, 2]]","[[4.0, 4.0], [4.0, 4.0], [4.0, 4.0], [4.0, 4.0], [4.0, 4.0]]",1.0,0.9895838288202206,0.2615720419999974
s_curve--demand_conflict,s_curve,demand_conflict,unknown_drift_pm2,drift,1741,fixed_delay_6,5.239202496772067,5.028497378238703,5.028497378238703,1.2360220673312972,0.9597829786760139,1.0,0.8333333333333334,1.1284582625624728,1.0905097500318628,0.9663713636652919,1.2360220673312972,0,"[[2, 4], [2, 4], [2, 4], [2, 4]]","[true, false, false, false, true]",3,0.575,0,1,1,"[2, 3]","[[3, 4], [2, 5], [1, 6], [2, 5], [3, 4]]","[[5, 7], [4, 8], [3, 9], [4, 8], [5, 7]]","[[4, 6], [3, 7], [2, 8], [3, 7], [4, 6]]","[[6, 8], [5, 9], [4, 10], [5, 9], [6, 8]]","[[2, 2], [2, 2], [2, 2], [2, 2], [2, 2]]","[[6.0, 6.0], [6.0, 6.0], [6.0, 6.0], [6.0, 6.0], [6.0, 6.0]]",1.0,0.9899480346120039,0.2798563750000085
s_curve--demand_conflict,s_curve,demand_conflict,unknown_drift_pm2,drift,1741,delay_aware_dual_anchor,5.239202496772067,1.648811134458183,2.046803044608518,0.7207397051284067,0.3147065102893111,1.0,0.3333333333333333,1.1284582625624728,0.9171320656101165,0.8127301611736331,0.7207397051284067,2,"[[2, 4], [3, 4], [3, 4], [2, 4]]","[true, true, true, true, false]",1,2.0,0,1,1,"[2, 3]","[[3, 4], [2, 5], [1, 6], [2, 5], [3, 4]]","[[5, 7], [4, 8], [3, 9], [4, 8], [5, 7]]","[[4, 6], [3, 7], [2, 8], [3, 7], [4, 6]]","[[6, 8], [5, 9], [4, 10], [5, 9], [6, 8]]","[[2, 2], [2, 2], [2, 2], [2, 2], [2, 2]]","[[1.0, 1.5], [0.875, 1.625], [0.75, 1.75], [0.75, 1.75], [0.75, 1.75]]",1.0,0.9877665409238852,0.2970298750000069
s_curve--demand_conflict,s_curve,demand_conflict,unknown_drift_pm2,drift,1741,oracle_true_delay_0p25,5.239202496772067,1.6340124275071575,2.0877703886171664,0.7190625618325277,0.3118818996810853,1.0,0.3333333333333333,1.1284582625624728,0.9051220091912594,0.8020872718286741,0.7190625618325277,2,"[[2, 4], [3, 4], [3, 4], [2, 4]]","[true, true, true, true, false]",1,2.0,0,1,1,"[2, 3]","[[3, 4], [2, 5], [1, 6], [2, 5], [3, 4]]","[[5, 7], [4, 8], [3, 9], [4, 8], [5, 7]]","[[4, 6], [3, 7], [2, 8], [3, 7], [4, 6]]","[[6, 8], [5, 9], [4, 10], [5, 9], [6, 8]]","[[2, 2], [2, 2], [2, 2], [2, 2], [2, 2]]","[[1.25, 1.75], [1.0, 2.0], [0.75, 2.25], [1.0, 2.0], [1.25, 1.75]]",1.0,0.9877415902333301,0.29691362500000196
