manifest_id,trajectory,regime,domain_seed,method,initial_task_score,final_task_score,last_observed_task_score,task_auc_normalized,final_task_ratio,initial_violation_rate,final_violation_rate,initial_task_max_ratio,final_task_max_ratio,initial_global_rmse,final_global_rmse,final_global_ratio,selection_switches,selection_history,accepted_history,rejected_trials,final_trust_radius_mm,constraint_violation,all_updates_succeeded,elapsed_s
harmonic_loop--neutral,harmonic_loop,neutral,811,full_trajectory,8.320836682541433,2.04095618764267,2.04095618764267,0.4521398553762411,0.24528256778851962,0.8333333333333334,0.5,11.629870218005987,2.546902319694077,1.210627794235553,0.40718496531171117,0.33634199317951957,0,"[[0, 1, 2, 3, 4, 5], [0, 1, 2, 3, 4, 5], [0, 1, 2, 3, 4, 5], [0, 1, 2, 3, 4, 5]]","[true, true, true, true, true]",0,0.0,0,1,0.27408037500000004
harmonic_loop--neutral,harmonic_loop,neutral,811,static_tolerance,8.320836682541433,2.7580381451546923,2.7580381451546923,0.5507979365001079,0.33146163665746947,0.8333333333333334,0.6666666666666666,11.629870218005987,3.640726016007436,1.210627794235553,0.482161979832431,0.3982743351245216,0,"[[4, 5], [4, 5], [4, 5], [4, 5]]","[true, true, true, true, true]",0,0.0,0,1,0.23702475
harmonic_loop--neutral,harmonic_loop,neutral,811,curvature_zones,8.320836682541433,2.311326549259197,2.311326549259197,0.41330224622325007,0.2777757378784712,0.8333333333333334,0.5,11.629870218005987,3.0450422362887695,1.210627794235553,0.5175221689777538,0.42748247763842356,0,"[[2, 3], [2, 3], [2, 3], [2, 3]]","[true, true, true, true, true]",0,0.0,0,1,0.24089679200000003
harmonic_loop--neutral,harmonic_loop,neutral,811,error_peak_dynamic,8.320836682541433,1.9088221317561729,1.9088221317561729,0.3891361506049409,0.22940266761408917,0.8333333333333334,0.5,11.629870218005987,2.443390785956885,1.210627794235553,0.4280045158568572,0.35353931067402866,3,"[[1, 3], [3, 4], [1, 3], [1, 4]]","[true, true, true, true, true]",0,0.0,0,1,0.25356200000000007
harmonic_loop--neutral,harmonic_loop,neutral,811,violation_dynamic,8.320836682541433,1.5841666543194544,1.5841666543194544,0.3842590046846589,0.19038550025183312,0.8333333333333334,0.5,11.629870218005987,1.9070115003487842,1.210627794235553,0.4705541051370085,0.38868602503392746,3,"[[1, 3], [3, 4], [1, 3], [3, 4]]","[true, true, true, true, true]",0,0.0,0,1,0.2446993329999998
harmonic_loop--neutral,harmonic_loop,neutral,811,violation_safe,8.320836682541433,1.5841666543194544,1.5841666543194544,0.3842590046846589,0.19038550025183312,0.8333333333333334,0.5,11.629870218005987,1.9070115003487842,1.210627794235553,0.4705541051370085,0.38868602503392746,3,"[[1, 3], [3, 4], [1, 3], [3, 4]]","[true, true, true, true, true]",0,4.0,0,1,0.2447134590000002
harmonic_loop--neutral,harmonic_loop,neutral,811,random_zones,8.320836682541433,2.787495575907734,2.787495575907734,0.5634833698357972,0.33500183722586285,0.8333333333333334,0.5,11.629870218005987,3.6326441085695467,1.210627794235553,0.5052242941359251,0.4173242152060017,0,"[[2, 5], [2, 5], [2, 5], [2, 5]]","[true, true, true, true, true]",0,0.0,0,1,0.22545454200000004
harmonic_loop--neutral,harmonic_loop,neutral,827,full_trajectory,4.536167928883102,0.7746871837188953,0.7746871837188953,0.41799827650438265,0.17078009365267025,0.6666666666666666,0.0,6.047582022976749,0.9515571218742096,0.6759354225828892,0.14126709990108877,0.2089949648759018,0,"[[0, 1, 2, 3, 4, 5], [0, 1, 2, 3, 4, 5], [0, 1, 2, 3, 4, 5], [0, 1, 2, 3, 4, 5]]","[true, true, true, true, true]",0,0.0,0,1,0.23102908300000013
harmonic_loop--neutral,harmonic_loop,neutral,827,static_tolerance,4.536167928883102,1.3656256572103467,1.3656256572103467,0.5257095684657374,0.3010527120292462,0.6666666666666666,0.5,6.047582022976749,1.7559761142298842,0.6759354225828892,0.23036101466484465,0.34080328825583295,0,"[[4, 5], [4, 5], [4, 5], [4, 5]]","[true, true, true, true, true]",0,0.0,0,1,0.21050195900000013
harmonic_loop--neutral,harmonic_loop,neutral,827,curvature_zones,4.536167928883102,0.893721819507693,0.893721819507693,0.3858421841008227,0.19702132582374343,0.6666666666666666,0.16666666666666666,6.047582022976749,1.2005696536892316,0.6759354225828892,0.1834435789267261,0.27139216676313577,0,"[[2, 3], [2, 3], [2, 3], [2, 3]]","[true, true, true, true, true]",0,0.0,0,1,0.2221090000000001
harmonic_loop--neutral,harmonic_loop,neutral,827,error_peak_dynamic,4.536167928883102,0.7013443184384791,0.7013443184384791,0.3654252982456469,0.15461163022048097,0.6666666666666666,0.0,6.047582022976749,0.869554923818604,0.6759354225828892,0.16800155037243336,0.24854674686298384,2,"[[2, 3], [2, 3], [3, 4], [2, 4]]","[true, true, true, true, true]",0,0.0,0,1,0.22234495899999995
harmonic_loop--neutral,harmonic_loop,neutral,827,violation_dynamic,4.536167928883102,0.7302334122166242,0.7302334122166242,0.36081521635101427,0.16098024228049748,0.6666666666666666,0.0,6.047582022976749,0.9078222067679247,0.6759354225828892,0.1630273527983124,0.24118776343360013,3,"[[2, 3], [3, 4], [2, 3], [1, 4]]","[true, true, true, true, true]",0,0.0,0,1,0.22386837499999945
harmonic_loop--neutral,harmonic_loop,neutral,827,violation_safe,4.536167928883102,0.7302334122166242,0.7302334122166242,0.36081521635101427,0.16098024228049748,0.6666666666666666,0.0,6.047582022976749,0.9078222067679247,0.6759354225828892,0.1630273527983124,0.24118776343360013,3,"[[2, 3], [3, 4], [2, 3], [1, 4]]","[true, true, true, true, true]",0,4.0,0,1,0.225348125
harmonic_loop--neutral,harmonic_loop,neutral,827,random_zones,4.536167928883102,1.000934654631916,1.000934654631916,0.4072352850815262,0.22065643739921392,0.6666666666666666,0.5,6.047582022976749,1.1742694182414504,0.6759354225828892,0.2189368577674074,0.3239020333196984,0,"[[0, 3], [0, 3], [0, 3], [0, 3]]","[true, true, true, true, true]",0,0.0,0,1,0.20539175000000043
harmonic_loop--neutral,harmonic_loop,neutral,853,full_trajectory,3.833413910209618,0.45123968419617544,0.45123968419617544,0.3632665621588021,0.11771222590766381,0.8333333333333334,0.0,4.834920347922459,0.5141983137868591,0.6525079995329165,0.08410657524421214,0.12889738563269412,0,"[[0, 1, 2, 3, 4, 5], [0, 1, 2, 3, 4, 5], [0, 1, 2, 3, 4, 5], [0, 1, 2, 3, 4, 5]]","[true, true, true, true, true]",0,0.0,0,1,0.22748854200000057
harmonic_loop--neutral,harmonic_loop,neutral,853,static_tolerance,3.833413910209618,0.9276089167717769,0.9276089167717769,0.4730877553540199,0.24197984838038364,0.8333333333333334,0.16666666666666666,4.834920347922459,1.1387123875640377,0.6525079995329165,0.16266569725874375,0.24929303146503093,0,"[[4, 5], [4, 5], [4, 5], [4, 5]]","[true, true, true, true, true]",0,0.0,0,1,0.21037075000000005
harmonic_loop--neutral,harmonic_loop,neutral,853,curvature_zones,3.833413910209618,0.6234795936243482,0.6234795936243482,0.3713752505090107,0.1626434317368706,0.8333333333333334,0.0,4.834920347922459,0.7975238633770269,0.6525079995329165,0.11376753370537995,0.17435423594318836,0,"[[2, 3], [2, 3], [2, 3], [2, 3]]","[true, true, true, true, true]",0,0.0,0,1,0.21199345800000025
harmonic_loop--neutral,harmonic_loop,neutral,853,error_peak_dynamic,3.833413910209618,0.5030569418802393,0.5030569418802393,0.35091222575616426,0.13122948725689035,0.8333333333333334,0.0,4.834920347922459,0.6209528949226761,0.6525079995329165,0.10093496419116325,0.15468770384947822,3,"[[2, 3], [2, 4], [1, 3], [2, 4]]","[true, true, true, true, true]",0,0.0,0,1,0.20477474999999945
harmonic_loop--neutral,harmonic_loop,neutral,853,violation_dynamic,3.833413910209618,0.5030569418802393,0.5030569418802393,0.35091222575616426,0.13122948725689035,0.8333333333333334,0.0,4.834920347922459,0.6209528949226761,0.6525079995329165,0.10093496419116325,0.15468770384947822,3,"[[2, 3], [2, 4], [1, 3], [2, 4]]","[true, true, true, true, true]",0,0.0,0,1,0.2550669169999997
harmonic_loop--neutral,harmonic_loop,neutral,853,violation_safe,3.833413910209618,0.5030569418802393,0.5030569418802393,0.35091222575616426,0.13122948725689035,0.8333333333333334,0.0,4.834920347922459,0.6209528949226761,0.6525079995329165,0.10093496419116325,0.15468770384947822,3,"[[2, 3], [2, 4], [1, 3], [2, 4]]","[true, true, true, true, true]",0,4.0,0,1,0.20904433400000055
harmonic_loop--neutral,harmonic_loop,neutral,853,random_zones,3.833413910209618,0.9042214166663312,0.9042214166663312,0.47104863461449664,0.23587888963884066,0.8333333333333334,0.16666666666666666,4.834920347922459,1.1291370183799174,0.6525079995329165,0.15886358000173872,0.24346610327453108,0,"[[0, 3], [0, 3], [0, 3], [0, 3]]","[true, true, true, true, true]",0,0.0,0,1,0.2564364999999995
harmonic_loop--neutral,harmonic_loop,neutral,877,full_trajectory,4.804381633896237,0.8175068619186658,0.8175068619186658,0.41804578193233627,0.1701586019209901,0.6666666666666666,0.16666666666666666,6.470340546732229,1.010312113081371,0.7089346569933851,0.1502087986575496,0.2118796100258238,0,"[[0, 1, 2, 3, 4, 5], [0, 1, 2, 3, 4, 5], [0, 1, 2, 3, 4, 5], [0, 1, 2, 3, 4, 5]]","[true, true, true, true, true]",0,0.0,0,1,0.23868095799999978
harmonic_loop--neutral,harmonic_loop,neutral,877,static_tolerance,4.804381633896237,1.4345016408419573,1.4345016408419573,0.5245291063370193,0.29858195084277916,0.6666666666666666,0.5,6.470340546732229,1.8606327419521687,0.7089346569933851,0.2408009047384881,0.3396658667524205,0,"[[4, 5], [4, 5], [4, 5], [4, 5]]","[true, true, true, true, true]",0,0.0,0,1,0.21035933299999954
harmonic_loop--neutral,harmonic_loop,neutral,877,curvature_zones,4.804381633896237,0.9251206118176982,0.9251206118176982,0.38037076446720025,0.19255768636086634,0.6666666666666666,0.16666666666666666,6.470340546732229,1.2413156883591296,0.7089346569933851,0.19621822264497238,0.2767789960743917,0,"[[2, 3], [2, 3], [2, 3], [2, 3]]","[true, true, true, true, true]",0,0.0,0,1,0.21786516700000025
harmonic_loop--neutral,harmonic_loop,neutral,877,error_peak_dynamic,4.804381633896237,0.777407326889489,0.777407326889489,0.3620277384913452,0.16181215110070898,0.6666666666666666,0.0,6.470340546732229,0.9311765230710496,0.7089346569933851,0.17927842786808829,0.25288427656846957,2,"[[2, 3], [2, 3], [3, 4], [1, 2]]","[true, true, true, true, true]",0,0.0,0,1,0.2183692500000003
harmonic_loop--neutral,harmonic_loop,neutral,877,violation_dynamic,4.804381633896237,0.7728786618839429,0.7728786618839429,0.35707047338911757,0.16086953967833673,0.6666666666666666,0.0,6.470340546732229,0.9665677811536485,0.7089346569933851,0.17469811435051472,0.24642343638751574,3,"[[2, 3], [3, 4], [2, 3], [1, 4]]","[true, true, true, true, true]",0,0.0,0,1,0.22017691599999978
harmonic_loop--neutral,harmonic_loop,neutral,877,violation_safe,4.804381633896237,0.7728786618839429,0.7728786618839429,0.35707047338911757,0.16086953967833673,0.6666666666666666,0.0,6.470340546732229,0.9665677811536485,0.7089346569933851,0.17469811435051472,0.24642343638751574,3,"[[2, 3], [3, 4], [2, 3], [1, 4]]","[true, true, true, true, true]",0,4.0,0,1,0.2233045830000009
harmonic_loop--neutral,harmonic_loop,neutral,877,random_zones,4.804381633896237,1.4139145446242343,1.4139145446242343,0.5456567021990375,0.2942968840461543,0.6666666666666666,0.16666666666666666,6.470340546732229,1.9619528648575877,0.7089346569933851,0.22066182180127877,0.3112583361873049,0,"[[2, 4], [2, 4], [2, 4], [2, 4]]","[true, true, true, true, true]",0,0.0,0,1,0.2222538329999999
harmonic_loop--neutral,harmonic_loop,neutral,907,full_trajectory,9.50665706433848,2.6632004443250183,2.6632004443250183,0.4795301184157119,0.28014058215219073,0.6666666666666666,0.6666666666666666,13.289157835274485,3.254566068695371,1.3217234145417893,0.5335613407596291,0.4036860775025329,0,"[[0, 1, 2, 3, 4, 5], [0, 1, 2, 3, 4, 5], [0, 1, 2, 3, 4, 5], [0, 1, 2, 3, 4, 5]]","[true, true, true, true, true]",0,0.0,0,1,0.2783377499999986
harmonic_loop--neutral,harmonic_loop,neutral,907,static_tolerance,9.50665706433848,3.386319589491234,3.386319589491234,0.565159156720293,0.3562050851917283,0.6666666666666666,0.6666666666666666,13.289157835274485,4.427654643372755,1.3217234145417893,0.5876189329703607,0.44458540002037755,0,"[[4, 5], [4, 5], [4, 5], [4, 5]]","[true, true, true, true, true]",0,0.0,0,1,0.23508141699999996
harmonic_loop--neutral,harmonic_loop,neutral,907,curvature_zones,9.50665706433848,3.154966310169576,3.154966310169576,0.44685604926606726,0.33186916166404434,0.6666666666666666,0.5,13.289157835274485,4.2112656722598665,1.3217234145417893,0.6584378123873537,0.49816611035495556,0,"[[2, 3], [2, 3], [2, 3], [2, 3]]","[true, true, true, true, true]",0,0.0,0,1,0.2498484999999988
harmonic_loop--neutral,harmonic_loop,neutral,907,error_peak_dynamic,9.50665706433848,2.4727708566856426,2.4727708566856426,0.42351707661688337,0.2601093991242767,0.6666666666666666,0.5,13.289157835274485,3.1181012437490807,1.3217234145417893,0.5436512760842123,0.4113200009191662,2,"[[1, 3], [1, 3], [3, 4], [1, 4]]","[true, true, true, true, true]",0,0.0,0,1,0.2621508749999997
harmonic_loop--neutral,harmonic_loop,neutral,907,violation_dynamic,9.50665706433848,2.4610798844074546,2.4610798844074546,0.40317645955076087,0.2588796322147241,0.6666666666666666,0.6666666666666666,13.289157835274485,3.0840341100031607,1.3217234145417893,0.5372694573224833,0.4064915937868454,2,"[[1, 3], [3, 4], [3, 4], [1, 4]]","[true, true, true, true, true]",0,0.0,0,1,0.25222329099999996
harmonic_loop--neutral,harmonic_loop,neutral,907,violation_safe,9.50665706433848,2.183640356355632,2.4610798844074546,0.40317645955076087,0.22969592166598055,0.6666666666666666,0.6666666666666666,13.289157835274485,2.544100608489432,1.3217234145417893,0.6522281930988381,0.49346798726793406,2,"[[1, 3], [3, 4], [3, 4], [1, 4]]","[true, true, true, true, false]",1,2.0,0,1,0.24967079199999986
harmonic_loop--neutral,harmonic_loop,neutral,907,random_zones,9.50665706433848,3.700477419192127,3.700477419192127,0.6060322828639125,0.38925117358797084,0.6666666666666666,0.5,13.289157835274485,4.8911143935717805,1.3217234145417893,0.615786138196845,0.4658963678950363,0,"[[1, 5], [1, 5], [1, 5], [1, 5]]","[true, true, true, true, true]",0,0.0,0,1,0.2427420419999997
harmonic_loop--neutral,harmonic_loop,neutral,929,full_trajectory,10.978836219925626,3.6466632780965913,3.6466632780965913,0.5058573451230597,0.3321539009278795,0.6666666666666666,0.6666666666666666,15.178098543461806,4.431098561359479,1.5202457464146086,0.7005943157628982,0.4608428061155244,0,"[[0, 1, 2, 3, 4, 5], [0, 1, 2, 3, 4, 5], [0, 1, 2, 3, 4, 5], [0, 1, 2, 3, 4, 5]]","[true, true, true, true, true]",0,0.0,0,1,0.2806040420000002
harmonic_loop--neutral,harmonic_loop,neutral,929,static_tolerance,10.978836219925626,4.128350395445202,4.128350395445202,0.5701099745367517,0.3760280518578652,0.6666666666666666,0.6666666666666666,15.178098543461806,5.309942339848497,1.5202457464146086,0.7219427770250771,0.4748855760509298,0,"[[4, 5], [4, 5], [4, 5], [4, 5]]","[true, true, true, true, true]",0,0.0,0,1,0.2331123340000012
harmonic_loop--neutral,harmonic_loop,neutral,929,curvature_zones,10.978836219925626,3.7920823876712735,3.7920823876712735,0.47417311332425827,0.34539930387056655,0.6666666666666666,0.6666666666666666,15.178098543461806,4.954927671735316,1.5202457464146086,0.8068964756117204,0.5307671325604616,0,"[[2, 3], [2, 3], [2, 3], [2, 3]]","[true, true, true, true, true]",0,0.0,0,1,0.28151454200000003
harmonic_loop--neutral,harmonic_loop,neutral,929,error_peak_dynamic,10.978836219925626,2.7664196521010833,2.7664196521010833,0.4468158575874933,0.25197749530868074,0.6666666666666666,0.8333333333333334,15.178098543461806,3.257445822823033,1.5202457464146086,0.764913374405121,0.5031511360640967,3,"[[2, 3], [3, 4], [1, 3], [3, 4]]","[true, true, true, true, true]",0,0.0,0,1,0.28409220800000057
harmonic_loop--neutral,harmonic_loop,neutral,929,violation_dynamic,10.978836219925626,2.518122885910647,2.518122885910647,0.42711770990806475,0.22936154939086117,0.6666666666666666,0.8333333333333334,15.178098543461806,2.880882464839068,1.5202457464146086,0.7580245613887907,0.49861975484985743,1,"[[2, 3], [3, 4], [3, 4], [3, 4]]","[true, true, true, true, true]",0,0.0,0,1,0.27637525000000096
harmonic_loop--neutral,harmonic_loop,neutral,929,violation_safe,10.978836219925626,2.518122885910647,2.518122885910647,0.42711770990806475,0.22936154939086117,0.6666666666666666,0.8333333333333334,15.178098543461806,2.880882464839068,1.5202457464146086,0.7580245613887907,0.49861975484985743,1,"[[2, 3], [3, 4], [3, 4], [3, 4]]","[true, true, true, true, true]",0,4.0,0,1,0.2760630000000006
harmonic_loop--neutral,harmonic_loop,neutral,929,random_zones,10.978836219925626,4.128350395445202,4.128350395445202,0.5701099745367517,0.3760280518578652,0.6666666666666666,0.6666666666666666,15.178098543461806,5.309942339848497,1.5202457464146086,0.7219427770250771,0.4748855760509298,0,"[[4, 5], [4, 5], [4, 5], [4, 5]]","[true, true, true, true, true]",0,0.0,0,1,0.23651575000000058
harmonic_loop--demand_aligned,harmonic_loop,demand_aligned,811,full_trajectory,14.117633340643419,3.231863900247828,3.231863900247828,0.43884841364645927,0.2289239153806026,0.6666666666666666,0.5,19.936920373724547,4.366118262332703,1.210627794235553,0.40718496531171117,0.33634199317951957,0,"[[0, 1, 2, 3, 4, 5], [0, 1, 2, 3, 4, 5], [0, 1, 2, 3, 4, 5], [0, 1, 2, 3, 4, 5]]","[true, true, true, true, true]",0,0.0,0,1,0.2712382499999997
harmonic_loop--demand_aligned,harmonic_loop,demand_aligned,811,static_tolerance,14.117633340643419,3.020556430236544,3.020556430236544,0.35971488389280776,0.2139562883773606,0.6666666666666666,0.5,19.936920373724547,4.000625096246534,1.210627794235553,0.715814623709714,0.5912755572919197,0,"[[2, 3], [2, 3], [2, 3], [2, 3]]","[true, true, true, true, true]",0,0.0,0,1,0.17637199999999886
harmonic_loop--demand_aligned,harmonic_loop,demand_aligned,811,curvature_zones,14.117633340643419,3.020556430236544,3.020556430236544,0.35971488389280776,0.2139562883773606,0.6666666666666666,0.5,19.936920373724547,4.000625096246534,1.210627794235553,0.715814623709714,0.5912755572919197,0,"[[2, 3], [2, 3], [2, 3], [2, 3]]","[true, true, true, true, true]",0,0.0,0,1,0.17549070799999988
harmonic_loop--demand_aligned,harmonic_loop,demand_aligned,811,error_peak_dynamic,14.117633340643419,3.1271898741275317,3.1271898741275317,0.3541646289738455,0.22150949799245942,0.6666666666666666,0.5,19.936920373724547,4.280969337478468,1.210627794235553,0.5430324705754427,0.44855443858228844,3,"[[1, 3], [3, 4], [1, 3], [1, 4]]","[true, true, true, true, true]",0,0.0,0,1,0.1843491670000006
harmonic_loop--demand_aligned,harmonic_loop,demand_aligned,811,violation_dynamic,14.117633340643419,2.0497151971646663,2.0497151971646663,0.3446244793346978,0.14518830087927823,0.6666666666666666,0.6666666666666666,19.936920373724547,2.4628083019431157,1.210627794235553,0.5886436243970433,0.4862300594781408,3,"[[1, 3], [3, 4], [1, 3], [3, 4]]","[true, true, true, true, true]",0,0.0,0,1,0.17930450000000064
harmonic_loop--demand_aligned,harmonic_loop,demand_aligned,811,violation_safe,14.117633340643419,2.0497151971646663,2.0497151971646663,0.3446244793346978,0.14518830087927823,0.6666666666666666,0.6666666666666666,19.936920373724547,2.4628083019431157,1.210627794235553,0.5886436243970433,0.4862300594781408,3,"[[1, 3], [3, 4], [1, 3], [3, 4]]","[true, true, true, true, true]",0,4.0,0,1,0.18030583400000033
harmonic_loop--demand_aligned,harmonic_loop,demand_aligned,811,random_zones,14.117633340643419,3.020556430236544,3.020556430236544,0.35971488389280776,0.2139562883773606,0.6666666666666666,0.5,19.936920373724547,4.000625096246534,1.210627794235553,0.715814623709714,0.5912755572919197,0,"[[2, 3], [2, 3], [2, 3], [2, 3]]","[true, true, true, true, true]",0,0.0,0,1,0.17511924999999984
harmonic_loop--demand_aligned,harmonic_loop,demand_aligned,827,full_trajectory,7.541955124830093,1.2256377600498995,1.2256377600498995,0.40981947335735425,0.16250928834285672,0.6666666666666666,0.16666666666666666,10.367283467960139,1.6312407803557876,0.6759354225828892,0.14126709990108877,0.2089949648759018,0,"[[0, 1, 2, 3, 4, 5], [0, 1, 2, 3, 4, 5], [0, 1, 2, 3, 4, 5], [0, 1, 2, 3, 4, 5]]","[true, true, true, true, true]",0,0.0,0,1,0.230294666999999
harmonic_loop--demand_aligned,harmonic_loop,demand_aligned,827,static_tolerance,7.541955124830093,1.6178283777933955,1.6178283777933955,0.3835404564099159,0.21451047520384742,0.6666666666666666,0.3333333333333333,10.367283467960139,2.042016821231532,0.6759354225828892,0.3533342198727794,0.5227336932907233,0,"[[2, 3], [2, 3], [2, 3], [2, 3]]","[true, true, true, true, true]",0,0.0,0,1,0.14540066700000054
harmonic_loop--demand_aligned,harmonic_loop,demand_aligned,827,curvature_zones,7.541955124830093,1.6178283777933955,1.6178283777933955,0.3835404564099159,0.21451047520384742,0.6666666666666666,0.3333333333333333,10.367283467960139,2.042016821231532,0.6759354225828892,0.3533342198727794,0.5227336932907233,0,"[[2, 3], [2, 3], [2, 3], [2, 3]]","[true, true, true, true, true]",0,0.0,0,1,0.14301504099999995
harmonic_loop--demand_aligned,harmonic_loop,demand_aligned,827,error_peak_dynamic,7.541955124830093,1.1261077089741938,1.1261077089741938,0.3780829199582657,0.1493124382650796,0.6666666666666666,0.3333333333333333,10.367283467960139,1.4295821570081275,0.6759354225828892,0.27982812308409355,0.41398647523873267,3,"[[2, 3], [1, 3], [2, 4], [1, 3]]","[true, true, true, true, true]",0,0.0,0,1,0.15323495900000061
harmonic_loop--demand_aligned,harmonic_loop,demand_aligned,827,violation_dynamic,7.541955124830093,1.0394235473169957,1.0394235473169957,0.3522319161384994,0.1378188453939405,0.6666666666666666,0.3333333333333333,10.367283467960139,1.2349230377650058,0.6759354225828892,0.2907026058205232,0.43007452503330623,3,"[[2, 3], [1, 3], [3, 4], [2, 3]]","[true, true, true, true, true]",0,0.0,0,1,0.14831187500000098
harmonic_loop--demand_aligned,harmonic_loop,demand_aligned,827,violation_safe,7.541955124830093,1.0394235473169957,1.0394235473169957,0.3522319161384994,0.1378188453939405,0.6666666666666666,0.3333333333333333,10.367283467960139,1.2349230377650058,0.6759354225828892,0.2907026058205232,0.43007452503330623,3,"[[2, 3], [1, 3], [3, 4], [2, 3]]","[true, true, true, true, true]",0,4.0,0,1,0.14911100000000133
harmonic_loop--demand_aligned,harmonic_loop,demand_aligned,827,random_zones,7.541955124830093,4.060814437820395,4.060814437820395,0.7433719206095966,0.5384299390023058,0.6666666666666666,0.5,10.367283467960139,5.691604231284648,0.6759354225828892,0.3526246781100782,0.5216839750203153,0,"[[0, 2], [0, 2], [0, 2], [0, 2]]","[true, true, true, true, true]",0,0.0,0,1,0.16309229100000167
harmonic_loop--demand_aligned,harmonic_loop,demand_aligned,853,full_trajectory,5.128954902931144,0.6672886147294503,0.6672886147294503,0.36374660062185704,0.13010225813217852,0.6666666666666666,0.0,6.4465604638966125,0.827894413183887,0.6525079995329165,0.08410657524421214,0.12889738563269412,0,"[[0, 1, 2, 3, 4, 5], [0, 1, 2, 3, 4, 5], [0, 1, 2, 3, 4, 5], [0, 1, 2, 3, 4, 5]]","[true, true, true, true, true]",0,0.0,0,1,0.22829725000000067
harmonic_loop--demand_aligned,harmonic_loop,demand_aligned,853,static_tolerance,5.128954902931144,1.8641056768139905,1.8641056768139905,0.4838768499814986,0.3634474687520987,0.6666666666666666,0.3333333333333333,6.4465604638966125,2.5060969196463976,0.6525079995329165,0.31267940858947285,0.4791962838973584,0,"[[2, 3], [2, 3], [2, 3], [2, 3]]","[true, true, true, true, true]",0,0.0,0,1,0.14303383299999695
harmonic_loop--demand_aligned,harmonic_loop,demand_aligned,853,curvature_zones,5.128954902931144,1.8641056768139905,1.8641056768139905,0.4838768499814986,0.3634474687520987,0.6666666666666666,0.3333333333333333,6.4465604638966125,2.5060969196463976,0.6525079995329165,0.31267940858947285,0.4791962838973584,0,"[[2, 3], [2, 3], [2, 3], [2, 3]]","[true, true, true, true, true]",0,0.0,0,1,0.14556120800000016
harmonic_loop--demand_aligned,harmonic_loop,demand_aligned,853,error_peak_dynamic,5.128954902931144,1.071782065526499,1.071782065526499,0.4108553263045319,0.2089669505407401,0.6666666666666666,0.16666666666666666,6.4465604638966125,1.4339019173586462,0.6525079995329165,0.1710734745573294,0.26217835594320466,3,"[[2, 3], [1, 4], [2, 3], [1, 4]]","[true, true, true, true, true]",0,0.0,0,1,0.1629392910000007
harmonic_loop--demand_aligned,harmonic_loop,demand_aligned,853,violation_dynamic,5.128954902931144,0.7700542780401577,0.7700542780401577,0.4013998950325598,0.15013863303810288,0.6666666666666666,0.0,6.4465604638966125,0.900624129471994,0.6525079995329165,0.2104902344148436,0.32258644271873815,3,"[[2, 3], [1, 3], [2, 4], [1, 3]]","[true, true, true, true, true]",0,0.0,0,1,0.15281291599999847
harmonic_loop--demand_aligned,harmonic_loop,demand_aligned,853,violation_safe,5.128954902931144,0.7700542780401577,0.7700542780401577,0.4013998950325598,0.15013863303810288,0.6666666666666666,0.0,6.4465604638966125,0.900624129471994,0.6525079995329165,0.2104902344148436,0.32258644271873815,3,"[[2, 3], [1, 3], [2, 4], [1, 3]]","[true, true, true, true, true]",0,4.0,0,1,0.16952470800000086
harmonic_loop--demand_aligned,harmonic_loop,demand_aligned,853,random_zones,5.128954902931144,2.986622101936893,2.986622101936893,0.7433613024467303,0.5823061731796607,0.6666666666666666,0.3333333333333333,6.4465604638966125,4.122676581750501,0.6525079995329165,0.2648153792120965,0.4058423489086092,0,"[[2, 4], [2, 4], [2, 4], [2, 4]]","[true, true, true, true, true]",0,0.0,0,1,0.1607902079999981
harmonic_loop--demand_aligned,harmonic_loop,demand_aligned,877,full_trajectory,8.023639832755528,1.2961483098780935,1.2961483098780935,0.409789751022834,0.16154118790162122,0.6666666666666666,0.16666666666666666,11.092012365826676,1.7319636224252073,0.7089346569933851,0.1502087986575496,0.2118796100258238,0,"[[0, 1, 2, 3, 4, 5], [0, 1, 2, 3, 4, 5], [0, 1, 2, 3, 4, 5], [0, 1, 2, 3, 4, 5]]","[true, true, true, true, true]",0,0.0,0,1,0.23710654199999937
harmonic_loop--demand_aligned,harmonic_loop,demand_aligned,877,static_tolerance,8.023639832755528,1.5527395837377886,1.5527395837377886,0.3684160273573932,0.19352059864388718,0.6666666666666666,0.3333333333333333,11.092012365826676,1.9259243671628268,0.7089346569933851,0.3613307823834828,0.5096813631821844,0,"[[2, 3], [2, 3], [2, 3], [2, 3]]","[true, true, true, true, true]",0,0.0,0,1,0.1437525000000015
harmonic_loop--demand_aligned,harmonic_loop,demand_aligned,877,curvature_zones,8.023639832755528,1.5527395837377886,1.5527395837377886,0.3684160273573932,0.19352059864388718,0.6666666666666666,0.3333333333333333,11.092012365826676,1.9259243671628268,0.7089346569933851,0.3613307823834828,0.5096813631821844,0,"[[2, 3], [2, 3], [2, 3], [2, 3]]","[true, true, true, true, true]",0,0.0,0,1,0.14383183300000013
harmonic_loop--demand_aligned,harmonic_loop,demand_aligned,877,error_peak_dynamic,8.023639832755528,1.1696847007412465,1.1696847007412465,0.3734012009616745,0.14577981129787904,0.6666666666666666,0.3333333333333333,11.092012365826676,1.4926587741214903,0.7089346569933851,0.29162117058143777,0.4113512687025524,3,"[[2, 3], [1, 3], [2, 4], [1, 3]]","[true, true, true, true, true]",0,0.0,0,1,0.15886662499999815
harmonic_loop--demand_aligned,harmonic_loop,demand_aligned,877,violation_dynamic,8.023639832755528,1.0310650772973438,1.0310650772973438,0.3462039414584205,0.12850340977272517,0.6666666666666666,0.3333333333333333,11.092012365826676,1.216441341638646,0.7089346569933851,0.30139749086094325,0.42514142578270864,3,"[[2, 3], [1, 3], [3, 4], [2, 3]]","[true, true, true, true, true]",0,0.0,0,1,0.1559141249999989
harmonic_loop--demand_aligned,harmonic_loop,demand_aligned,877,violation_safe,8.023639832755528,1.0310650772973438,1.0310650772973438,0.3462039414584205,0.12850340977272517,0.6666666666666666,0.3333333333333333,11.092012365826676,1.216441341638646,0.7089346569933851,0.30139749086094325,0.42514142578270864,3,"[[2, 3], [1, 3], [3, 4], [2, 3]]","[true, true, true, true, true]",0,4.0,0,1,0.15333749999999924
harmonic_loop--demand_aligned,harmonic_loop,demand_aligned,877,random_zones,8.023639832755528,1.4123321816291976,1.4123321816291976,0.35987752888125274,0.17602138319613056,0.6666666666666666,0.3333333333333333,11.092012365826676,1.8377722845935642,0.7089346569933851,0.3187050843174208,0.44955495005570667,0,"[[1, 3], [1, 3], [1, 3], [1, 3]]","[true, true, true, true, true]",0,0.0,0,1,0.15058950000000237
harmonic_loop--demand_aligned,harmonic_loop,demand_aligned,907,full_trajectory,16.13708324950782,4.171808129979468,4.171808129979468,0.46257636593557905,0.2585230593085468,0.6666666666666666,0.6666666666666666,22.781413431899114,5.579256117763491,1.3217234145417893,0.5335613407596291,0.4036860775025329,0,"[[0, 1, 2, 3, 4, 5], [0, 1, 2, 3, 4, 5], [0, 1, 2, 3, 4, 5], [0, 1, 2, 3, 4, 5]]","[true, true, true, true, true]",0,0.0,0,1,0.27802574999999763
harmonic_loop--demand_aligned,harmonic_loop,demand_aligned,907,static_tolerance,16.13708324950782,3.9179884553956703,3.9179884553956703,0.3825208170631907,0.24279409077939587,0.6666666666666666,0.5,22.781413431899114,5.153013777551276,1.3217234145417893,0.866741024050684,0.6557658088785261,0,"[[2, 3], [2, 3], [2, 3], [2, 3]]","[true, true, true, true, true]",0,0.0,0,1,0.17855641599999927
harmonic_loop--demand_aligned,harmonic_loop,demand_aligned,907,curvature_zones,16.13708324950782,3.9179884553956703,3.9179884553956703,0.3825208170631907,0.24279409077939587,0.6666666666666666,0.5,22.781413431899114,5.153013777551276,1.3217234145417893,0.866741024050684,0.6557658088785261,0,"[[2, 3], [2, 3], [2, 3], [2, 3]]","[true, true, true, true, true]",0,0.0,0,1,0.17838937500000185
harmonic_loop--demand_aligned,harmonic_loop,demand_aligned,907,error_peak_dynamic,16.13708324950782,3.9010474942309035,3.9010474942309035,0.3798745943379018,0.2417442752146603,0.6666666666666666,0.6666666666666666,22.781413431899114,5.292214492600476,1.3217234145417893,0.6563603621257676,0.49659433653395063,2,"[[1, 3], [1, 3], [3, 4], [1, 4]]","[true, true, true, true, true]",0,0.0,0,1,0.19268129199999962
harmonic_loop--demand_aligned,harmonic_loop,demand_aligned,907,violation_dynamic,16.13708324950782,2.665825819711614,2.665825819711614,0.37030640243310886,0.16519873997631643,0.6666666666666666,0.6666666666666666,22.781413431899114,3.1572657101350354,1.3217234145417893,0.722411363520331,0.5465677278409826,1,"[[1, 3], [1, 3], [3, 4], [3, 4]]","[true, true, true, true, true]",0,0.0,0,1,0.18882504199999772
harmonic_loop--demand_aligned,harmonic_loop,demand_aligned,907,violation_safe,16.13708324950782,2.665825819711614,2.665825819711614,0.37030640243310886,0.16519873997631643,0.6666666666666666,0.6666666666666666,22.781413431899114,3.1572657101350354,1.3217234145417893,0.722411363520331,0.5465677278409826,1,"[[1, 3], [1, 3], [3, 4], [3, 4]]","[true, true, true, true, true]",0,4.0,0,1,0.18941233299999993
harmonic_loop--demand_aligned,harmonic_loop,demand_aligned,907,random_zones,16.13708324950782,6.506231154945009,6.506231154945009,0.6079311907894712,0.4031850771510055,0.6666666666666666,0.5,22.781413431899114,8.938778029054024,1.3217234145417893,0.6722778397058811,0.5086373081609847,0,"[[0, 4], [0, 4], [0, 4], [0, 4]]","[true, true, true, true, true]",0,0.0,0,1,0.21381808300000316
harmonic_loop--demand_aligned,harmonic_loop,demand_aligned,929,full_trajectory,18.54784658225723,5.33633975825669,5.33633975825669,0.48083842054393167,0.28770670140011856,0.6666666666666666,0.6666666666666666,26.019597503077378,7.012356403960886,1.5202457464146086,0.7005943157628982,0.4608428061155244,0,"[[0, 1, 2, 3, 4, 5], [0, 1, 2, 3, 4, 5], [0, 1, 2, 3, 4, 5], [0, 1, 2, 3, 4, 5]]","[true, true, true, true, true]",0,0.0,0,1,0.2841692910000013
harmonic_loop--demand_aligned,harmonic_loop,demand_aligned,929,static_tolerance,18.54784658225723,3.926137320675231,3.926137320675231,0.42075942592821813,0.21167618048075473,0.6666666666666666,0.5,26.019597503077378,4.898224519069826,1.5202457464146086,1.1097262120831894,0.7299650169720255,0,"[[2, 3], [2, 3], [2, 3], [2, 3]]","[true, true, true, true, true]",0,0.0,0,1,0.1976610000000001
harmonic_loop--demand_aligned,harmonic_loop,demand_aligned,929,curvature_zones,18.54784658225723,3.926137320675231,3.926137320675231,0.42075942592821813,0.21167618048075473,0.6666666666666666,0.5,26.019597503077378,4.898224519069826,1.5202457464146086,1.1097262120831894,0.7299650169720255,0,"[[2, 3], [2, 3], [2, 3], [2, 3]]","[true, true, true, true, true]",0,0.0,0,1,0.1979039159999978
harmonic_loop--demand_aligned,harmonic_loop,demand_aligned,929,error_peak_dynamic,18.54784658225723,4.036334197863593,4.036334197863593,0.4173010898055599,0.2176174026436432,0.6666666666666666,0.6666666666666666,26.019597503077378,5.259261585970546,1.5202457464146086,1.0417522334264473,0.6852525230761841,3,"[[2, 3], [1, 3], [3, 4], [1, 3]]","[true, true, true, true, true]",0,0.0,0,1,0.2032702499999992
harmonic_loop--demand_aligned,harmonic_loop,demand_aligned,929,violation_dynamic,18.54784658225723,3.873417313021773,3.873417313021773,0.41620313967345623,0.20883380158681403,0.6666666666666666,0.6666666666666666,26.019597503077378,5.089058443861642,1.5202457464146086,1.0504356240712986,0.6909643566171301,3,"[[2, 3], [1, 3], [3, 4], [2, 3]]","[true, true, true, true, true]",0,0.0,0,1,0.19800108299999764
harmonic_loop--demand_aligned,harmonic_loop,demand_aligned,929,violation_safe,18.54784658225723,3.873417313021773,3.873417313021773,0.41620313967345623,0.20883380158681403,0.6666666666666666,0.6666666666666666,26.019597503077378,5.089058443861642,1.5202457464146086,1.0504356240712986,0.6909643566171301,3,"[[2, 3], [1, 3], [3, 4], [2, 3]]","[true, true, true, true, true]",0,4.0,0,1,0.19726758299999858
harmonic_loop--demand_aligned,harmonic_loop,demand_aligned,929,random_zones,18.54784658225723,4.817595016608525,4.817595016608525,0.44086527538033576,0.2597387785823617,0.6666666666666666,0.6666666666666666,26.019597503077378,6.2649480387354375,1.5202457464146086,1.0825015526262238,0.7120569520942431,0,"[[1, 3], [1, 3], [1, 3], [1, 3]]","[true, true, true, true, true]",0,0.0,0,1,0.21655404100000197
harmonic_loop--demand_conflict,harmonic_loop,demand_conflict,811,full_trajectory,4.5192948606778565,1.7503184139159884,1.7503184139159884,0.5407779952701659,0.38729900745034707,1.0,0.5,6.067758374611819,2.2522672816177063,1.210627794235553,0.40718496531171117,0.33634199317951957,0,"[[0, 1, 2, 3, 4, 5], [0, 1, 2, 3, 4, 5], [0, 1, 2, 3, 4, 5], [0, 1, 2, 3, 4, 5]]","[true, true, true, true, true]",0,0.0,0,1,0.2738612499999995
harmonic_loop--demand_conflict,harmonic_loop,demand_conflict,811,static_tolerance,4.5192948606778565,2.7968015896292,2.7968015896292,0.7694208346770766,0.6188579581217463,1.0,0.6666666666666666,6.067758374611819,3.511057170440406,1.210627794235553,0.7768455346020181,0.6416881706342739,0,"[[0, 5], [0, 5], [0, 5], [0, 5]]","[true, true, true, true, true]",0,0.0,0,1,0.16171483299999778
harmonic_loop--demand_conflict,harmonic_loop,demand_conflict,811,curvature_zones,4.5192948606778565,2.506003620687529,2.506003620687529,0.5915346161777457,0.5545120860539844,1.0,0.3333333333333333,6.067758374611819,3.4254086836604056,1.210627794235553,0.5329712988803106,0.4402437325642714,0,"[[2, 3], [2, 3], [2, 3], [2, 3]]","[true, true, true, true, true]",0,0.0,0,1,0.23569975000000198
harmonic_loop--demand_conflict,harmonic_loop,demand_conflict,811,error_peak_dynamic,4.5192948606778565,1.2635576258221708,1.2635576258221708,0.4763128498798319,0.27959176481630316,1.0,0.5,6.067758374611819,1.48418529010704,1.210627794235553,0.5427002106833909,0.4482799860266526,3,"[[1, 3], [3, 4], [1, 3], [3, 4]]","[true, true, true, true, true]",0,0.0,0,1,0.2265026249999984
harmonic_loop--demand_conflict,harmonic_loop,demand_conflict,811,violation_dynamic,4.5192948606778565,1.6815507915528833,1.6815507915528833,0.4774673318668639,0.3720825578751161,1.0,0.5,6.067758374611819,2.193103650942659,1.210627794235553,0.5342221938305571,0.4412769939483258,3,"[[3, 4], [1, 3], [1, 4], [1, 3]]","[true, true, true, true, true]",0,0.0,0,1,0.2311965839999992
harmonic_loop--demand_conflict,harmonic_loop,demand_conflict,811,violation_safe,4.5192948606778565,1.563174055050701,1.6815507915528833,0.4774673318668639,0.34588892808296157,1.0,0.5,6.067758374611819,1.9041809119317479,1.210627794235553,0.5863872730881132,0.4843662733337339,3,"[[3, 4], [1, 3], [1, 4], [1, 3]]","[true, true, true, true, false]",1,2.0,0,1,0.22961520799999846
harmonic_loop--demand_conflict,harmonic_loop,demand_conflict,811,random_zones,4.5192948606778565,2.73462865831991,2.73462865831991,0.5962949333102485,0.6051007386381818,1.0,0.5,6.067758374611819,3.5635547406735357,1.210627794235553,0.719824985863085,0.5945881874598924,0,"[[0, 3], [0, 3], [0, 3], [0, 3]]","[true, true, true, true, true]",0,0.0,0,1,0.182282292
harmonic_loop--demand_conflict,harmonic_loop,demand_conflict,827,full_trajectory,2.5482561325802227,0.6329129213493909,0.6329129213493909,0.47507422550955636,0.24837099899708215,0.6666666666666666,0.0,3.155260185900912,0.7913721045590363,0.6759354225828892,0.14126709990108877,0.2089949648759018,0,"[[0, 1, 2, 3, 4, 5], [0, 1, 2, 3, 4, 5], [0, 1, 2, 3, 4, 5], [0, 1, 2, 3, 4, 5]]","[true, true, true, true, true]",0,0.0,0,1,0.23851779199999967
harmonic_loop--demand_conflict,harmonic_loop,demand_conflict,827,static_tolerance,2.5482561325802227,1.4826531071097913,1.4826531071097913,0.7446352638779598,0.5818304871922506,0.6666666666666666,0.6666666666666666,3.155260185900912,1.7625850016714613,0.6759354225828892,0.40137838416767024,0.5938117322419949,0,"[[0, 5], [0, 5], [0, 5], [0, 5]]","[true, true, true, true, true]",0,0.0,0,1,0.1558839170000006
harmonic_loop--demand_conflict,harmonic_loop,demand_conflict,827,curvature_zones,2.5482561325802227,1.0209467295616848,1.0209467295616848,0.5629191554228793,0.4006452555960027,0.6666666666666666,0.16666666666666666,3.155260185900912,1.4098982141301477,0.6759354225828892,0.198378234426803,0.2934869631018281,0,"[[2, 3], [2, 3], [2, 3], [2, 3]]","[true, true, true, true, true]",0,0.0,0,1,0.22609316700000193
harmonic_loop--demand_conflict,harmonic_loop,demand_conflict,827,error_peak_dynamic,2.5482561325802227,0.8814115332857158,0.8814115332857158,0.4868189896988946,0.34588812404553987,0.6666666666666666,0.16666666666666666,3.155260185900912,1.1847352332883385,0.6759354225828892,0.20917983136305063,0.30946718336454565,3,"[[2, 3], [3, 4], [1, 2], [1, 3]]","[true, true, true, true, true]",0,0.0,0,1,0.21761687500000093
harmonic_loop--demand_conflict,harmonic_loop,demand_conflict,827,violation_dynamic,2.5482561325802227,0.7697640456747137,0.7697640456747137,0.4930574509512874,0.30207483299384563,0.6666666666666666,0.0,3.155260185900912,0.9217930851040597,0.6759354225828892,0.23032891482298615,0.34075579874605727,3,"[[3, 4], [1, 2], [3, 4], [1, 2]]","[true, true, true, true, true]",0,0.0,0,1,0.20522174999999976
harmonic_loop--demand_conflict,harmonic_loop,demand_conflict,827,violation_safe,2.5482561325802227,0.7697640456747137,0.7697640456747137,0.4930574509512874,0.30207483299384563,0.6666666666666666,0.0,3.155260185900912,0.9217930851040597,0.6759354225828892,0.23032891482298615,0.34075579874605727,3,"[[3, 4], [1, 2], [3, 4], [1, 2]]","[true, true, true, true, true]",0,4.0,0,1,0.20105379099999965
harmonic_loop--demand_conflict,harmonic_loop,demand_conflict,827,random_zones,2.5482561325802227,0.9555268014923974,0.9555268014923974,0.524695912962322,0.3749728252492751,0.6666666666666666,0.3333333333333333,3.155260185900912,1.191358528499995,0.6759354225828892,0.2875782051399225,0.42545218896951226,0,"[[3, 4], [3, 4], [3, 4], [3, 4]]","[true, true, true, true, true]",0,0.0,0,1,0.18968012499999887
harmonic_loop--demand_conflict,harmonic_loop,demand_conflict,853,full_trajectory,2.694831442210943,0.3927567383564233,0.3927567383564233,0.4021316808945863,0.14574445444134737,0.8333333333333334,0.0,3.2232802319483063,0.47163334093151404,0.6525079995329165,0.08410657524421214,0.12889738563269412,0,"[[0, 1, 2, 3, 4, 5], [0, 1, 2, 3, 4, 5], [0, 1, 2, 3, 4, 5], [0, 1, 2, 3, 4, 5]]","[true, true, true, true, true]",0,0.0,0,1,0.22806941700000039
harmonic_loop--demand_conflict,harmonic_loop,demand_conflict,853,static_tolerance,2.694831442210943,1.372691319293056,1.372691319293056,0.694918501587159,0.5093792872502807,0.8333333333333334,0.6666666666666666,3.2232802319483063,1.6056964140513235,0.6525079995329165,0.3464625743460884,0.5309706158301446,0,"[[0, 5], [0, 5], [0, 5], [0, 5]]","[true, true, true, true, true]",0,0.0,0,1,0.15544337500000083
harmonic_loop--demand_conflict,harmonic_loop,demand_conflict,853,curvature_zones,2.694831442210943,0.7298712689302682,0.7298712689302682,0.5022228271117257,0.27084115818815513,0.8333333333333334,0.0,3.2232802319483063,0.9647607791238322,0.6525079995329165,0.12920825386958984,0.19801788478008045,0,"[[2, 3], [2, 3], [2, 3], [2, 3]]","[true, true, true, true, true]",0,0.0,0,1,0.20389058299999974
harmonic_loop--demand_conflict,harmonic_loop,demand_conflict,853,error_peak_dynamic,2.694831442210943,0.41330348977031073,0.41330348977031073,0.45238979105252136,0.15336895781178086,0.8333333333333334,0.0,3.2232802319483063,0.4923485481074521,0.6525079995329165,0.13251836344817358,0.20309078745859657,3,"[[2, 3], [2, 4], [1, 3], [3, 4]]","[true, true, true, true, true]",0,0.0,0,1,0.17857433300000025
harmonic_loop--demand_conflict,harmonic_loop,demand_conflict,853,violation_dynamic,2.694831442210943,0.5189165939775486,0.5189165939775486,0.41843251922685104,0.19255994488167674,0.8333333333333334,0.0,3.2232802319483063,0.6745042187183696,0.6525079995329165,0.13962021728801255,0.21397472121101443,3,"[[2, 4], [1, 3], [2, 4], [1, 3]]","[true, true, true, true, true]",0,0.0,0,1,0.3174637500000017
harmonic_loop--demand_conflict,harmonic_loop,demand_conflict,853,violation_safe,2.694831442210943,0.5189165939775486,0.5189165939775486,0.41843251922685104,0.19255994488167674,0.8333333333333334,0.0,3.2232802319483063,0.6745042187183696,0.6525079995329165,0.13962021728801255,0.21397472121101443,3,"[[2, 4], [1, 3], [2, 4], [1, 3]]","[true, true, true, true, true]",0,4.0,0,1,0.20275141600000168
harmonic_loop--demand_conflict,harmonic_loop,demand_conflict,853,random_zones,2.694831442210943,0.9855213188214735,0.9855213188214735,0.5746083596673068,0.3657079635425784,0.8333333333333334,0.3333333333333333,3.2232802319483063,1.2489538599904308,0.6525079995329165,0.2540586970375179,0.38935721434737997,0,"[[1, 5], [1, 5], [1, 5], [1, 5]]","[true, true, true, true, true]",0,0.0,0,1,0.18222337499999952
harmonic_loop--demand_conflict,harmonic_loop,demand_conflict,877,full_trajectory,2.677749252114579,0.6616356339114783,0.6616356339114783,0.4715176542332864,0.2470864788362818,0.6666666666666666,0.0,3.3758298504689885,0.828088370597994,0.7089346569933851,0.1502087986575496,0.2118796100258238,0,"[[0, 1, 2, 3, 4, 5], [0, 1, 2, 3, 4, 5], [0, 1, 2, 3, 4, 5], [0, 1, 2, 3, 4, 5]]","[true, true, true, true, true]",0,0.0,0,1,0.2455528330000014
harmonic_loop--demand_conflict,harmonic_loop,demand_conflict,877,static_tolerance,2.677749252114579,1.5407028616694638,1.5407028616694638,0.7405655766777116,0.5753723431918779,0.6666666666666666,0.6666666666666666,3.3758298504689885,1.8646785608062326,0.7089346569933851,0.4135737257840176,0.5833735474832014,0,"[[0, 5], [0, 5], [0, 5], [0, 5]]","[true, true, true, true, true]",0,0.0,0,1,0.15483070899999873
harmonic_loop--demand_conflict,harmonic_loop,demand_conflict,877,curvature_zones,2.677749252114579,1.0528382696822196,1.0528382696822196,0.5463707075511536,0.3931803057552192,0.6666666666666666,0.16666666666666666,3.3758298504689885,1.454732722772762,0.7089346569933851,0.21114048203030994,0.2978278462584458,0,"[[2, 3], [2, 3], [2, 3], [2, 3]]","[true, true, true, true, true]",0,0.0,0,1,0.2209994999999978
harmonic_loop--demand_conflict,harmonic_loop,demand_conflict,877,error_peak_dynamic,2.677749252114579,0.5445181403895645,0.5445181403895645,0.45587890000959624,0.2033491896074909,0.6666666666666666,0.0,3.3758298504689885,0.621476514505991,0.7089346569933851,0.21785404525152613,0.3072977785787088,3,"[[2, 3], [3, 4], [2, 3], [1, 4]]","[true, true, true, true, true]",0,0.0,0,1,0.1973379169999987
harmonic_loop--demand_conflict,harmonic_loop,demand_conflict,877,violation_dynamic,2.677749252114579,0.7919375213378188,0.7919375213378188,0.47990207785506234,0.2957474530942124,0.6666666666666666,0.0,3.3758298504689885,0.9454198142004339,0.7089346569933851,0.24334848196980127,0.3432593957274569,3,"[[3, 4], [1, 2], [3, 4], [1, 2]]","[true, true, true, true, true]",0,0.0,0,1,0.2090747499999992
harmonic_loop--demand_conflict,harmonic_loop,demand_conflict,877,violation_safe,2.677749252114579,0.7919375213378188,0.7919375213378188,0.47990207785506234,0.2957474530942124,0.6666666666666666,0.0,3.3758298504689885,0.9454198142004339,0.7089346569933851,0.24334848196980127,0.3432593957274569,3,"[[3, 4], [1, 2], [3, 4], [1, 2]]","[true, true, true, true, true]",0,4.0,0,1,0.19987250000000145
harmonic_loop--demand_conflict,harmonic_loop,demand_conflict,877,random_zones,2.677749252114579,1.5407028616694638,1.5407028616694638,0.7405655766777116,0.5753723431918779,0.6666666666666666,0.6666666666666666,3.3758298504689885,1.8646785608062326,0.7089346569933851,0.4135737257840176,0.5833735474832014,0,"[[0, 5], [0, 5], [0, 5], [0, 5]]","[true, true, true, true, true]",0,0.0,0,1,0.15649229199999937
harmonic_loop--demand_conflict,harmonic_loop,demand_conflict,907,full_trajectory,5.142231372503602,2.455486134387222,2.455486134387222,0.6031467819370431,0.47751373995287916,1.0,0.5,6.933473653186687,3.187841885685482,1.3217234145417893,0.5335613407596291,0.4036860775025329,0,"[[0, 1, 2, 3, 4, 5], [0, 1, 2, 3, 4, 5], [0, 1, 2, 3, 4, 5], [0, 1, 2, 3, 4, 5]]","[true, true, true, true, true]",0,0.0,0,1,0.2789047499999988
harmonic_loop--demand_conflict,harmonic_loop,demand_conflict,907,static_tolerance,5.142231372503602,3.200640954012684,3.200640954012684,0.7707705391863451,0.622422587036255,1.0,0.6666666666666666,6.933473653186687,4.029377892383013,1.3217234145417893,0.8684288198478534,0.6570427748296472,0,"[[0, 5], [0, 5], [0, 5], [0, 5]]","[true, true, true, true, true]",0,0.0,0,1,0.17028074999999987
harmonic_loop--demand_conflict,harmonic_loop,demand_conflict,907,curvature_zones,5.142231372503602,3.4096695650142443,3.4096695650142443,0.6469697135126182,0.6630719852953983,1.0,0.5,6.933473653186687,4.703516415797511,1.3217234145417893,0.6744147523501125,0.5102540705037871,0,"[[2, 3], [2, 3], [2, 3], [2, 3]]","[true, true, true, true, true]",0,0.0,0,1,0.24932412500000112
harmonic_loop--demand_conflict,harmonic_loop,demand_conflict,907,error_peak_dynamic,5.142231372503602,1.5779507558673815,1.5779507558673815,0.5406768149072463,0.3068610961974516,1.0,0.6666666666666666,6.933473653186687,1.8133111021934853,1.3217234145417893,0.6324316309498033,0.4784901470244836,2,"[[1, 3], [1, 3], [3, 4], [1, 4]]","[true, true, true, true, true]",0,0.0,0,1,0.22184258299999726
harmonic_loop--demand_conflict,harmonic_loop,demand_conflict,907,violation_dynamic,5.142231372503602,2.297055862642856,2.297055862642856,0.5134153284846558,0.4467041049388812,1.0,0.5,6.933473653186687,3.006623635861616,1.3217234145417893,0.670139443392568,0.5070194232920431,3,"[[3, 4], [1, 3], [1, 4], [1, 3]]","[true, true, true, true, true]",0,0.0,0,1,0.22208699999999837
harmonic_loop--demand_conflict,harmonic_loop,demand_conflict,907,violation_safe,5.142231372503602,2.0168633518273977,2.297055862642856,0.5134153284846558,0.3922155978068031,1.0,0.6666666666666666,6.933473653186687,2.4350359093739087,1.3217234145417893,0.7012860517965803,0.5305845716894558,3,"[[3, 4], [1, 3], [1, 4], [1, 3]]","[true, true, true, true, false]",1,2.0,0,1,0.2655690829999955
harmonic_loop--demand_conflict,harmonic_loop,demand_conflict,907,random_zones,5.142231372503602,3.6443157786498426,3.6443157786498426,0.832182340530977,0.7087031902408413,1.0,0.6666666666666666,6.933473653186687,4.838340487707808,1.3217234145417893,0.9072332468658931,0.6864017364634565,0,"[[0, 1], [0, 1], [0, 1], [0, 1]]","[true, true, true, true, true]",0,0.0,0,1,0.17499329199999636
harmonic_loop--demand_conflict,harmonic_loop,demand_conflict,929,full_trajectory,5.978835061971985,3.6562943757345034,3.6562943757345034,0.6823707182425308,0.611539595562711,0.8333333333333334,0.6666666666666666,7.919007935719202,4.833925703301251,1.5202457464146086,0.7005943157628982,0.4608428061155244,0,"[[0, 1, 2, 3, 4, 5], [0, 1, 2, 3, 4, 5], [0, 1, 2, 3, 4, 5], [0, 1, 2, 3, 4, 5]]","[true, true, true, true, true]",0,0.0,0,1,0.28242070800000363
harmonic_loop--demand_conflict,harmonic_loop,demand_conflict,929,static_tolerance,5.978835061971985,3.6921555311725056,3.6921555311725056,0.7669673378004724,0.6175376127460407,0.8333333333333334,0.6666666666666666,7.919007935719202,4.5513423583044545,1.5202457464146086,0.9948199172053513,0.6543809904099803,0,"[[0, 5], [0, 5], [0, 5], [0, 5]]","[true, true, true, true, true]",0,0.0,0,1,0.17329712499999772
harmonic_loop--demand_conflict,harmonic_loop,demand_conflict,929,curvature_zones,5.978835061971985,4.0043723518462215,4.0043723518462215,0.6705100955831014,0.6697579562473277,0.8333333333333334,0.6666666666666666,7.919007935719202,5.502796060555195,1.5202457464146086,0.8205956585325551,0.5397782960208055,0,"[[2, 3], [2, 3], [2, 3], [2, 3]]","[true, true, true, true, true]",0,0.0,0,1,0.2825087080000017
harmonic_loop--demand_conflict,harmonic_loop,demand_conflict,929,error_peak_dynamic,5.978835061971985,2.311272002405263,2.311272002405263,0.5522814083841874,0.38657564198516986,0.8333333333333334,0.8333333333333334,7.919007935719202,2.848292367628566,1.5202457464146086,0.8065033215362919,0.5305085203746648,3,"[[2, 3], [3, 4], [2, 3], [3, 4]]","[true, true, true, true, true]",0,0.0,0,1,0.2648993749999988
harmonic_loop--demand_conflict,harmonic_loop,demand_conflict,929,violation_dynamic,5.978835061971985,2.1080957592008995,2.1080957592008995,0.5374592474044068,0.35259306158306886,0.8333333333333334,0.8333333333333334,7.919007935719202,2.4451753315034352,1.5202457464146086,0.832538958970844,0.5476344603721653,3,"[[3, 4], [1, 3], [1, 4], [3, 4]]","[true, true, true, true, true]",0,0.0,0,1,0.23401608399999674
harmonic_loop--demand_conflict,harmonic_loop,demand_conflict,929,violation_safe,5.978835061971985,2.9158372709112115,2.9158372709112115,0.5731933062415082,0.4876932112506693,0.8333333333333334,0.6666666666666666,7.919007935719202,3.4971564747975217,1.5202457464146086,0.9778374881366831,0.6432101457562656,1,"[[3, 4], [1, 3], [1, 3], [1, 3]]","[true, true, false, false, true]",2,1.15,0,1,0.24762429199999758
harmonic_loop--demand_conflict,harmonic_loop,demand_conflict,929,random_zones,5.978835061971985,3.215581257660535,3.215581257660535,0.706225492693299,0.537827390173889,0.8333333333333334,0.6666666666666666,7.919007935719202,4.101371073280739,1.5202457464146086,0.9372002030381282,0.6164794114691313,0,"[[4, 5], [4, 5], [4, 5], [4, 5]]","[true, true, true, true, true]",0,0.0,0,1,0.1864344580000008
ellipse--neutral,ellipse,neutral,811,full_trajectory,8.08992716829203,0.34792860857125474,0.34792860857125474,0.28877200056118474,0.04300763175408295,0.6666666666666666,0.0,10.76548736640375,0.47412181249286406,1.4878691511076982,0.057881079759335236,0.03890199599624978,0,"[[0, 1, 2, 3, 4, 5], [0, 1, 2, 3, 4, 5], [0, 1, 2, 3, 4, 5], [0, 1, 2, 3, 4, 5]]","[true, true, true, true, true]",0,0.0,0,1,0.15916487500000187
ellipse--neutral,ellipse,neutral,811,static_tolerance,8.08992716829203,0.5350266595805299,0.5350266595805299,0.3017450269827719,0.0661349167242857,0.6666666666666666,0.0,10.76548736640375,0.7307172103586469,1.4878691511076982,0.08447115621011926,0.05677324255780936,0,"[[4, 5], [4, 5], [4, 5], [4, 5]]","[true, true, true, true, true]",0,0.0,0,1,0.1971632079999992
ellipse--neutral,ellipse,neutral,811,curvature_zones,8.08992716829203,0.5538338142270484,0.5538338142270484,0.32970223089765316,0.06845967864800635,0.6666666666666666,0.0,10.76548736640375,0.7412346107589682,1.4878691511076982,0.09703219868320558,0.06521554574269278,0,"[[0, 5], [0, 5], [0, 5], [0, 5]]","[true, true, true, true, true]",0,0.0,0,1,0.19147191600000468
ellipse--neutral,ellipse,neutral,811,error_peak_dynamic,8.08992716829203,0.3180717275443826,0.3180717275443826,0.2808714002550206,0.03931700754872616,0.6666666666666666,0.0,10.76548736640375,0.42003610835349325,1.4878691511076982,0.06027908373038696,0.04051369953164901,2,"[[3, 4], [2, 4], [1, 2], [1, 2]]","[true, true, true, true, true]",0,0.0,0,1,0.1935352499999965
ellipse--neutral,ellipse,neutral,811,violation_dynamic,8.08992716829203,0.3180717275443826,0.3180717275443826,0.2808714002550206,0.03931700754872616,0.6666666666666666,0.0,10.76548736640375,0.42003610835349325,1.4878691511076982,0.06027908373038696,0.04051369953164901,2,"[[3, 4], [2, 4], [1, 2], [1, 2]]","[true, true, true, true, true]",0,0.0,0,1,0.18835937499999744
ellipse--neutral,ellipse,neutral,811,violation_safe,8.08992716829203,0.3180717275443826,0.3180717275443826,0.2808714002550206,0.03931700754872616,0.6666666666666666,0.0,10.76548736640375,0.42003610835349325,1.4878691511076982,0.06027908373038696,0.04051369953164901,2,"[[3, 4], [2, 4], [1, 2], [1, 2]]","[true, true, true, true, true]",0,4.0,0,1,0.19032191600000203
ellipse--neutral,ellipse,neutral,811,random_zones,8.08992716829203,0.5493692630409721,0.5493692630409721,0.327924208205041,0.067907813211742,0.6666666666666666,0.0,10.76548736640375,0.7490341242969611,1.4878691511076982,0.09277225350104082,0.06235242758543192,0,"[[1, 5], [1, 5], [1, 5], [1, 5]]","[true, true, true, true, true]",0,0.0,0,1,0.19619812499999512
ellipse--neutral,ellipse,neutral,827,full_trajectory,2.9836569492301317,0.09061775248116258,0.09061775248116258,0.28218447530483687,0.030371371113741656,0.6666666666666666,0.0,3.7791307172706223,0.12089609643146569,0.5601219293453203,0.013467905235586853,0.024044595524635788,0,"[[0, 1, 2, 3, 4, 5], [0, 1, 2, 3, 4, 5], [0, 1, 2, 3, 4, 5], [0, 1, 2, 3, 4, 5]]","[true, true, true, true, true]",0,0.0,0,1,0.14000091700000183
ellipse--neutral,ellipse,neutral,827,static_tolerance,2.9836569492301317,0.12969815085380224,0.12969815085380224,0.29325619007619136,0.04346952517020029,0.6666666666666666,0.0,3.7791307172706223,0.17446889756957856,0.5601219293453203,0.020206513198310284,0.0360752045932713,0,"[[4, 5], [4, 5], [4, 5], [4, 5]]","[true, true, true, true, true]",0,0.0,0,1,0.156743917
ellipse--neutral,ellipse,neutral,827,curvature_zones,2.9836569492301317,0.16736804805843805,0.16736804805843805,0.32344922355398836,0.056094936819604466,0.6666666666666666,0.0,3.7791307172706223,0.22521528967831655,0.5601219293453203,0.02335757763102521,0.04170088048208705,0,"[[0, 5], [0, 5], [0, 5], [0, 5]]","[true, true, true, true, true]",0,0.0,0,1,0.1558704170000027
ellipse--neutral,ellipse,neutral,827,error_peak_dynamic,2.9836569492301317,0.0691576582848365,0.0691576582848365,0.2679354086346077,0.023178823658893205,0.6666666666666666,0.0,3.7791307172706223,0.08300882435623376,0.5601219293453203,0.015320542983545713,0.02735215705882577,0,"[[3, 4], [3, 4], [3, 4], [3, 4]]","[true, true, true, true, true]",0,0.0,0,1,0.14382879200000076
ellipse--neutral,ellipse,neutral,827,violation_dynamic,2.9836569492301317,0.0691576582848365,0.0691576582848365,0.2679354086346077,0.023178823658893205,0.6666666666666666,0.0,3.7791307172706223,0.08300882435623376,0.5601219293453203,0.015320542983545713,0.02735215705882577,0,"[[3, 4], [3, 4], [3, 4], [3, 4]]","[true, true, true, true, true]",0,0.0,0,1,0.14662458400000133
ellipse--neutral,ellipse,neutral,827,violation_safe,2.9836569492301317,0.0691576582848365,0.0691576582848365,0.2679354086346077,0.023178823658893205,0.6666666666666666,0.0,3.7791307172706223,0.08300882435623376,0.5601219293453203,0.015320542983545713,0.02735215705882577,0,"[[3, 4], [3, 4], [3, 4], [3, 4]]","[true, true, true, true, true]",0,4.0,0,1,0.14412550000000124
ellipse--neutral,ellipse,neutral,827,random_zones,2.9836569492301317,0.16876286643328728,0.16876286643328728,0.32327658835212036,0.05656242299465188,0.6666666666666666,0.0,3.7791307172706223,0.22741289016794983,0.5601219293453203,0.02357033617059485,0.04208072374196141,0,"[[0, 1], [0, 1], [0, 1], [0, 1]]","[true, true, true, true, true]",0,0.0,0,1,0.16872304199999633
ellipse--neutral,ellipse,neutral,853,full_trajectory,3.3134012245952125,0.09654915138873921,0.09654915138873921,0.2761136233854968,0.02913898584694774,0.3333333333333333,0.0,4.304733667740071,0.12538347451906068,0.6411381707672008,0.01954236836565371,0.030480743865661374,0,"[[0, 1, 2, 3, 4, 5], [0, 1, 2, 3, 4, 5], [0, 1, 2, 3, 4, 5], [0, 1, 2, 3, 4, 5]]","[true, true, true, true, true]",0,0.0,0,1,0.173177416999998
ellipse--neutral,ellipse,neutral,853,static_tolerance,3.3134012245952125,0.15639588586229575,0.15639588586229575,0.31144746731056244,0.0472010104606037,0.3333333333333333,0.0,4.304733667740071,0.20902376020687272,0.6411381707672008,0.031688030939836166,0.04942465194658046,0,"[[4, 5], [4, 5], [4, 5], [4, 5]]","[true, true, true, true, true]",0,0.0,0,1,0.17298866600000196
ellipse--neutral,ellipse,neutral,853,curvature_zones,3.3134012245952125,0.15289370690476328,0.15289370690476328,0.31513062199080744,0.04614403645711268,0.3333333333333333,0.0,4.304733667740071,0.19259803458759667,0.6411381707672008,0.0327912182821664,0.051145322143162475,0,"[[0, 5], [0, 5], [0, 5], [0, 5]]","[true, true, true, true, true]",0,0.0,0,1,0.15833733399999517
ellipse--neutral,ellipse,neutral,853,error_peak_dynamic,3.3134012245952125,0.07996195487146468,0.07996195487146468,0.2619246960339964,0.024132892291434876,0.3333333333333333,0.0,4.304733667740071,0.09327503444622844,0.6411381707672008,0.024789444833574228,0.03866474648344616,0,"[[2, 3], [2, 3], [2, 3], [2, 3]]","[true, true, true, true, true]",0,0.0,0,1,0.17240112500000038
ellipse--neutral,ellipse,neutral,853,violation_dynamic,3.3134012245952125,0.07996195487146468,0.07996195487146468,0.2619246960339964,0.024132892291434876,0.3333333333333333,0.0,4.304733667740071,0.09327503444622844,0.6411381707672008,0.024789444833574228,0.03866474648344616,0,"[[2, 3], [2, 3], [2, 3], [2, 3]]","[true, true, true, true, true]",0,0.0,0,1,0.1729653330000005
ellipse--neutral,ellipse,neutral,853,violation_safe,3.3134012245952125,0.07996195487146468,0.07996195487146468,0.2619246960339964,0.024132892291434876,0.3333333333333333,0.0,4.304733667740071,0.09327503444622844,0.6411381707672008,0.024789444833574228,0.03866474648344616,0,"[[2, 3], [2, 3], [2, 3], [2, 3]]","[true, true, true, true, true]",0,4.0,0,1,0.170773791000002
ellipse--neutral,ellipse,neutral,853,random_zones,3.3134012245952125,0.09981858186029624,0.09981858186029624,0.2904720717902815,0.0301257152678486,0.3333333333333333,0.0,4.304733667740071,0.12459217311904637,0.6411381707672008,0.02798440768057807,0.04364801373016253,0,"[[2, 4], [2, 4], [2, 4], [2, 4]]","[true, true, true, true, true]",0,0.0,0,1,0.17237187499999607
ellipse--neutral,ellipse,neutral,877,full_trajectory,3.5155084735680924,0.10964196151068087,0.10964196151068087,0.2816757791483355,0.031188080567872707,0.6666666666666666,0.0,4.526988936671686,0.14558417169247367,0.6244026054639025,0.01594346737881135,0.02553395395742477,0,"[[0, 1, 2, 3, 4, 5], [0, 1, 2, 3, 4, 5], [0, 1, 2, 3, 4, 5], [0, 1, 2, 3, 4, 5]]","[true, true, true, true, true]",0,0.0,0,1,0.15620691600000214
ellipse--neutral,ellipse,neutral,877,static_tolerance,3.5155084735680924,0.16310583853501737,0.16310583853501737,0.290068043733988,0.04639608743979839,0.6666666666666666,0.0,4.526988936671686,0.21724038592876554,0.6244026054639025,0.02434593915592944,0.03899077124740939,0,"[[4, 5], [4, 5], [4, 5], [4, 5]]","[true, true, true, true, true]",0,0.0,0,1,0.1576631669999955
ellipse--neutral,ellipse,neutral,877,curvature_zones,3.5155084735680924,0.20577383059553495,0.20577383059553495,0.32443178636103887,0.058533163023977354,0.6666666666666666,0.0,4.526988936671686,0.2747640178637705,0.6244026054639025,0.02861437126346006,0.04582679670627078,0,"[[0, 5], [0, 5], [0, 5], [0, 5]]","[true, true, true, true, true]",0,0.0,0,1,0.16104229199999764
ellipse--neutral,ellipse,neutral,877,error_peak_dynamic,3.5155084735680924,0.07984713032844143,0.07984713032844143,0.2669230318188012,0.022712825450083463,0.6666666666666666,0.0,4.526988936671686,0.09709718459593818,0.6244026054639025,0.016225732880475238,0.025986010850195383,1,"[[3, 4], [3, 4], [3, 4], [1, 3]]","[true, true, true, true, true]",0,0.0,0,1,0.1473009999999988
ellipse--neutral,ellipse,neutral,877,violation_dynamic,3.5155084735680924,0.07984713032844143,0.07984713032844143,0.2669230318188012,0.022712825450083463,0.6666666666666666,0.0,4.526988936671686,0.09709718459593818,0.6244026054639025,0.016225732880475238,0.025986010850195383,1,"[[3, 4], [3, 4], [3, 4], [1, 3]]","[true, true, true, true, true]",0,0.0,0,1,0.14540849999999494
ellipse--neutral,ellipse,neutral,877,violation_safe,3.5155084735680924,0.07984713032844143,0.07984713032844143,0.2669230318188012,0.022712825450083463,0.6666666666666666,0.0,4.526988936671686,0.09709718459593818,0.6244026054639025,0.016225732880475238,0.025986010850195383,1,"[[3, 4], [3, 4], [3, 4], [1, 3]]","[true, true, true, true, true]",0,4.0,0,1,0.14583487499999848
ellipse--neutral,ellipse,neutral,877,random_zones,3.5155084735680924,0.16310583853501737,0.16310583853501737,0.290068043733988,0.04639608743979839,0.6666666666666666,0.0,4.526988936671686,0.21724038592876554,0.6244026054639025,0.02434593915592944,0.03899077124740939,0,"[[4, 5], [4, 5], [4, 5], [4, 5]]","[true, true, true, true, true]",0,0.0,0,1,0.1587248749999972
ellipse--neutral,ellipse,neutral,907,full_trajectory,8.101930985531864,0.34743349345194224,0.34743349345194224,0.2908816663268918,0.042882800911582246,0.6666666666666666,0.0,10.92169636772805,0.4615779177087029,1.4394564200045754,0.06162999690770361,0.042814770944929144,0,"[[0, 1, 2, 3, 4, 5], [0, 1, 2, 3, 4, 5], [0, 1, 2, 3, 4, 5], [0, 1, 2, 3, 4, 5]]","[true, true, true, true, true]",0,0.0,0,1,0.1694304589999973
ellipse--neutral,ellipse,neutral,907,static_tolerance,8.101930985531864,0.523160065692886,0.523160065692886,0.3000300361440687,0.06457226883654359,0.6666666666666666,0.0,10.92169636772805,0.7018478528662462,1.4394564200045754,0.08439928082003303,0.05863274472718304,0,"[[4, 5], [4, 5], [4, 5], [4, 5]]","[true, true, true, true, true]",0,0.0,0,1,0.19929624999999618
ellipse--neutral,ellipse,neutral,907,curvature_zones,8.101930985531864,0.5440202726277115,0.5440202726277115,0.33136306507042246,0.06714698923000002,0.6666666666666666,0.0,10.92169636772805,0.7115161974877723,1.4394564200045754,0.10023000950318257,0.0696304577966063,0,"[[0, 5], [0, 5], [0, 5], [0, 5]]","[true, true, true, true, true]",0,0.0,0,1,0.18996016599999876
ellipse--neutral,ellipse,neutral,907,error_peak_dynamic,8.101930985531864,0.36718539929382765,0.36718539929382765,0.28926344758477346,0.04532072662054689,0.6666666666666666,0.0,10.92169636772805,0.4718729459010055,1.4394564200045754,0.06874019465013502,0.047754272859414894,1,"[[3, 4], [3, 4], [1, 2], [1, 2]]","[true, true, true, true, true]",0,0.0,0,1,0.18364445899999993
ellipse--neutral,ellipse,neutral,907,violation_dynamic,8.101930985531864,0.3379712204272899,0.3379712204272899,0.283777168086139,0.041714897477012174,0.6666666666666666,0.0,10.92169636772805,0.4262489042125238,1.4394564200045754,0.06685482162341191,0.046444491611075944,2,"[[3, 4], [2, 4], [1, 2], [1, 2]]","[true, true, true, true, true]",0,0.0,0,1,0.18762783300000052
ellipse--neutral,ellipse,neutral,907,violation_safe,8.101930985531864,0.3379712204272899,0.3379712204272899,0.283777168086139,0.041714897477012174,0.6666666666666666,0.0,10.92169636772805,0.4262489042125238,1.4394564200045754,0.06685482162341191,0.046444491611075944,2,"[[3, 4], [2, 4], [1, 2], [1, 2]]","[true, true, true, true, true]",0,4.0,0,1,0.1874641249999982
ellipse--neutral,ellipse,neutral,907,random_zones,8.101930985531864,0.32791442914441515,0.32791442914441515,0.28057760495043405,0.04047361421986844,0.6666666666666666,0.0,10.92169636772805,0.4037800865553503,1.4394564200045754,0.06921582412450826,0.04808469583559067,0,"[[2, 4], [2, 4], [2, 4], [2, 4]]","[true, true, true, true, true]",0,0.0,0,1,0.18075395899999336
ellipse--neutral,ellipse,neutral,929,full_trajectory,7.921955764880819,0.3377231824063186,0.3377231824063186,0.2948808016151263,0.04263128858955443,0.6666666666666666,0.0,10.642664130653362,0.4196509693525122,1.3825304496775388,0.06140813587162835,0.044417203169703184,0,"[[0, 1, 2, 3, 4, 5], [0, 1, 2, 3, 4, 5], [0, 1, 2, 3, 4, 5], [0, 1, 2, 3, 4, 5]]","[true, true, true, true, true]",0,0.0,0,1,0.18513541599999428
ellipse--neutral,ellipse,neutral,929,static_tolerance,7.921955764880819,0.47146430952284357,0.47146430952284357,0.29786782278967633,0.059513625614133495,0.6666666666666666,0.0,10.642664130653362,0.5938163901021617,1.3825304496775388,0.07878239277213256,0.056984200811278876,0,"[[4, 5], [4, 5], [4, 5], [4, 5]]","[true, true, true, true, true]",0,0.0,0,1,0.18720062500000267
ellipse--neutral,ellipse,neutral,929,curvature_zones,7.921955764880819,0.5064118339582655,0.5064118339582655,0.3379410711182687,0.06392510246058969,0.6666666666666666,0.0,10.642664130653362,0.6138460250451779,1.3825304496775388,0.0957179785126563,0.0692339026131262,0,"[[0, 5], [0, 5], [0, 5], [0, 5]]","[true, true, true, true, true]",0,0.0,0,1,0.18501899999999694
ellipse--neutral,ellipse,neutral,929,error_peak_dynamic,7.921955764880819,0.3903919490484191,0.3903919490484191,0.28866130309358623,0.049279743618246816,0.6666666666666666,0.0,10.642664130653362,0.4786440262915204,1.3825304496775388,0.07147701812342905,0.051700140232065296,1,"[[3, 4], [3, 4], [3, 4], [1, 2]]","[true, true, true, true, true]",0,0.0,0,1,0.16946233299999847
ellipse--neutral,ellipse,neutral,929,violation_dynamic,7.921955764880819,0.3903919490484191,0.3903919490484191,0.28866130309358623,0.049279743618246816,0.6666666666666666,0.0,10.642664130653362,0.4786440262915204,1.3825304496775388,0.07147701812342905,0.051700140232065296,1,"[[3, 4], [3, 4], [3, 4], [1, 2]]","[true, true, true, true, true]",0,0.0,0,1,0.1754245420000018
ellipse--neutral,ellipse,neutral,929,violation_safe,7.921955764880819,0.3903919490484191,0.3903919490484191,0.28866130309358623,0.049279743618246816,0.6666666666666666,0.0,10.642664130653362,0.4786440262915204,1.3825304496775388,0.07147701812342905,0.051700140232065296,1,"[[3, 4], [3, 4], [3, 4], [1, 2]]","[true, true, true, true, true]",0,4.0,0,1,0.1721894579999983
ellipse--neutral,ellipse,neutral,929,random_zones,7.921955764880819,0.5052828396304836,0.5052828396304836,0.33725201948765077,0.0637825878642842,0.6666666666666666,0.0,10.642664130653362,0.6168942367858374,1.3825304496775388,0.09301331165750874,0.06727758631226036,0,"[[1, 5], [1, 5], [1, 5], [1, 5]]","[true, true, true, true, true]",0,0.0,0,1,0.19998058299999855
ellipse--demand_aligned,ellipse,demand_aligned,811,full_trajectory,10.693557652802141,0.30242152277649975,0.30242152277649975,0.26487618349500214,0.028280721215100307,0.6666666666666666,0.0,14.353983155205,0.40639012499388344,1.4878691511076982,0.057881079759335236,0.03890199599624978,0,"[[0, 1, 2, 3, 4, 5], [0, 1, 2, 3, 4, 5], [0, 1, 2, 3, 4, 5], [0, 1, 2, 3, 4, 5]]","[true, true, true, true, true]",0,0.0,0,1,0.16126191600000084
ellipse--demand_aligned,ellipse,demand_aligned,811,static_tolerance,10.693557652802141,0.7847862826905276,0.7847862826905276,0.27514459727716095,0.07338869889431812,0.6666666666666666,0.16666666666666666,14.353983155205,1.0518790484767369,1.4878691511076982,0.23958310810747055,0.1610243131454834,0,"[[3, 4], [3, 4], [3, 4], [3, 4]]","[true, true, true, true, true]",0,0.0,0,1,0.13504979199999667
ellipse--demand_aligned,ellipse,demand_aligned,811,curvature_zones,10.693557652802141,0.9999425607698584,0.9999425607698584,0.3938939404667855,0.09350887639417489,0.6666666666666666,0.5,14.353983155205,1.1954368587107957,1.4878691511076982,0.18748577679929967,0.1260095867030505,0,"[[0, 5], [0, 5], [0, 5], [0, 5]]","[true, true, true, true, true]",0,0.0,0,1,0.1636527920000006
ellipse--demand_aligned,ellipse,demand_aligned,811,error_peak_dynamic,10.693557652802141,0.42815444974890626,0.42815444974890626,0.27174851139037776,0.04003854130217483,0.6666666666666666,0.0,14.353983155205,0.5355431525518635,1.4878691511076982,0.09777751336987471,0.06571647331828924,2,"[[3, 4], [1, 4], [1, 2], [1, 2]]","[true, true, true, true, true]",0,0.0,0,1,0.15278395899999708
ellipse--demand_aligned,ellipse,demand_aligned,811,violation_dynamic,10.693557652802141,0.4280285136899635,0.4280285136899635,0.2656777833928834,0.040026764486354345,0.6666666666666666,0.0,14.353983155205,0.5363053664135357,1.4878691511076982,0.1445117837681525,0.09712667519221393,2,"[[3, 4], [3, 4], [2, 3], [1, 2]]","[true, true, true, true, true]",0,0.0,0,1,0.14195250000000215
ellipse--demand_aligned,ellipse,demand_aligned,811,violation_safe,10.693557652802141,0.4280285136899635,0.4280285136899635,0.2656777833928834,0.040026764486354345,0.6666666666666666,0.0,14.353983155205,0.5363053664135357,1.4878691511076982,0.1445117837681525,0.09712667519221393,2,"[[3, 4], [3, 4], [2, 3], [1, 2]]","[true, true, true, true, true]",0,4.0,0,1,0.16275416699999568
ellipse--demand_aligned,ellipse,demand_aligned,811,random_zones,10.693557652802141,0.9178322242903395,0.9178322242903395,0.30779385392716396,0.0858303900432828,0.6666666666666666,0.3333333333333333,14.353983155205,1.1681089530774893,1.4878691511076982,0.17891229722631571,0.12024733296816992,0,"[[0, 4], [0, 4], [0, 4], [0, 4]]","[true, true, true, true, true]",0,0.0,0,1,0.16108970800000577
ellipse--demand_aligned,ellipse,demand_aligned,827,full_trajectory,4.367025907686539,0.14932158693707956,0.14932158693707956,0.2948895716995194,0.034192970248757615,0.5,0.0,5.600253696699604,0.20725045102536974,0.5601219293453203,0.013467905235586853,0.024044595524635788,0,"[[0, 1, 2, 3, 4, 5], [0, 1, 2, 3, 4, 5], [0, 1, 2, 3, 4, 5], [0, 1, 2, 3, 4, 5]]","[true, true, true, true, true]",0,0.0,0,1,0.13967904100000084
ellipse--demand_aligned,ellipse,demand_aligned,827,static_tolerance,4.367025907686539,0.14261886057432127,0.14261886057432127,0.27867622520426055,0.03265812101624892,0.5,0.0,5.600253696699604,0.1674106196645543,0.5601219293453203,0.052859756411757074,0.09437187448372253,0,"[[3, 4], [3, 4], [3, 4], [3, 4]]","[true, true, true, true, true]",0,0.0,0,1,0.10271583300000486
ellipse--demand_aligned,ellipse,demand_aligned,827,curvature_zones,4.367025907686539,0.5291592905366616,0.5291592905366616,0.4118265427092648,0.12117154826246203,0.5,0.0,5.600253696699604,0.7198447825138414,0.5601219293453203,0.046044261139719614,0.08220399653614151,0,"[[0, 5], [0, 5], [0, 5], [0, 5]]","[true, true, true, true, true]",0,0.0,0,1,0.14665520799999854
ellipse--demand_aligned,ellipse,demand_aligned,827,error_peak_dynamic,4.367025907686539,0.1508122764531693,0.1508122764531693,0.2850043446696768,0.034534321444651815,0.5,0.0,5.600253696699604,0.20212730541075286,0.5601219293453203,0.0288389581572865,0.05148692926733639,2,"[[3, 4], [3, 4], [1, 2], [1, 3]]","[true, true, true, true, true]",0,0.0,0,1,0.10930700000000115
ellipse--demand_aligned,ellipse,demand_aligned,827,violation_dynamic,4.367025907686539,0.1195403050915092,0.1195403050915092,0.2780156338781881,0.02737339040766911,0.5,0.0,5.600253696699604,0.1409284698875936,0.5601219293453203,0.04543876092975722,0.08112298153165827,1,"[[3, 4], [3, 4], [3, 4], [2, 3]]","[true, true, true, true, true]",0,0.0,0,1,0.11716616600000407
ellipse--demand_aligned,ellipse,demand_aligned,827,violation_safe,4.367025907686539,0.1195403050915092,0.1195403050915092,0.2780156338781881,0.02737339040766911,0.5,0.0,5.600253696699604,0.1409284698875936,0.5601219293453203,0.04543876092975722,0.08112298153165827,1,"[[3, 4], [3, 4], [3, 4], [2, 3]]","[true, true, true, true, true]",0,4.0,0,1,0.104621250000001
ellipse--demand_aligned,ellipse,demand_aligned,827,random_zones,4.367025907686539,0.2841620431796958,0.2841620431796958,0.33277349169687387,0.06506992383066316,0.5,0.0,5.600253696699604,0.3952229587391029,0.5601219293453203,0.035890664693487985,0.06407652122357999,0,"[[0, 4], [0, 4], [0, 4], [0, 4]]","[true, true, true, true, true]",0,0.0,0,1,0.12393695799999449
ellipse--demand_aligned,ellipse,demand_aligned,853,full_trajectory,5.347186376195351,0.09060910787372509,0.09060910787372509,0.26510084554326985,0.016945193509076,0.5,0.0,7.379543430411549,0.11278503223625166,0.6411381707672008,0.01954236836565371,0.030480743865661374,0,"[[0, 1, 2, 3, 4, 5], [0, 1, 2, 3, 4, 5], [0, 1, 2, 3, 4, 5], [0, 1, 2, 3, 4, 5]]","[true, true, true, true, true]",0,0.0,0,1,0.1722170829999996
ellipse--demand_aligned,ellipse,demand_aligned,853,static_tolerance,5.347186376195351,0.34197469816040305,0.34197469816040305,0.279161669755636,0.06395413851344492,0.5,0.0,7.379543430411549,0.4788438945508564,0.6411381707672008,0.08898196967277465,0.1387875090423906,0,"[[3, 4], [3, 4], [3, 4], [3, 4]]","[true, true, true, true, true]",0,0.0,0,1,0.1269974590000018
ellipse--demand_aligned,ellipse,demand_aligned,853,curvature_zones,5.347186376195351,0.5026517141359598,0.5026517141359598,0.3906349655359974,0.09400302865328743,0.5,0.0,7.379543430411549,0.6871026879764792,0.6411381707672008,0.06266484957906467,0.09774000743720881,0,"[[0, 5], [0, 5], [0, 5], [0, 5]]","[true, true, true, true, true]",0,0.0,0,1,0.14976845799999694
ellipse--demand_aligned,ellipse,demand_aligned,853,error_peak_dynamic,5.347186376195351,0.07510101004989045,0.07510101004989045,0.24851358767510634,0.014044958369924369,0.5,0.0,7.379543430411549,0.08616140158986352,0.6411381707672008,0.06035647520887792,0.09413957546257769,1,"[[2, 3], [2, 3], [2, 3], [2, 4]]","[true, true, true, true, true]",0,0.0,0,1,0.11028308399999531
ellipse--demand_aligned,ellipse,demand_aligned,853,violation_dynamic,5.347186376195351,0.13271949848437695,0.13271949848437695,0.24986052240817908,0.02482043623450619,0.5,0.0,7.379543430411549,0.16967613665477432,0.6411381707672008,0.06927135033118255,0.10804433972210833,1,"[[2, 3], [2, 3], [2, 3], [3, 4]]","[true, true, true, true, true]",0,0.0,0,1,0.10096970899999747
ellipse--demand_aligned,ellipse,demand_aligned,853,violation_safe,5.347186376195351,0.13271949848437695,0.13271949848437695,0.24986052240817908,0.02482043623450619,0.5,0.0,7.379543430411549,0.16967613665477432,0.6411381707672008,0.06927135033118255,0.10804433972210833,1,"[[2, 3], [2, 3], [2, 3], [3, 4]]","[true, true, true, true, true]",0,4.0,0,1,0.10080525000000051
ellipse--demand_aligned,ellipse,demand_aligned,853,random_zones,5.347186376195351,0.2832518867137734,0.2832518867137734,0.2700841298754425,0.05297213651926488,0.5,0.0,7.379543430411549,0.3892362132095722,0.6411381707672008,0.06995586463323711,0.10911199461034475,0,"[[0, 3], [0, 3], [0, 3], [0, 3]]","[true, true, true, true, true]",0,0.0,0,1,0.11056912499999783
ellipse--demand_aligned,ellipse,demand_aligned,877,full_trajectory,4.9339107764245185,0.1795046395046963,0.1795046395046963,0.2989246135272813,0.036381817109951635,0.3333333333333333,0.0,6.27279705811894,0.24957286575852625,0.6244026054639025,0.01594346737881135,0.02553395395742477,0,"[[0, 1, 2, 3, 4, 5], [0, 1, 2, 3, 4, 5], [0, 1, 2, 3, 4, 5], [0, 1, 2, 3, 4, 5]]","[true, true, true, true, true]",0,0.0,0,1,0.15499445900000097
ellipse--demand_aligned,ellipse,demand_aligned,877,static_tolerance,4.9339107764245185,0.1489561627554633,0.1489561627554633,0.2807714011933283,0.030190283024008818,0.3333333333333333,0.0,6.27279705811894,0.1704055963865784,0.6244026054639025,0.061421998724061865,0.0983692223360089,0,"[[3, 4], [3, 4], [3, 4], [3, 4]]","[true, true, true, true, true]",0,0.0,0,1,0.10389716699999951
ellipse--demand_aligned,ellipse,demand_aligned,877,curvature_zones,4.9339107764245185,0.641592527033402,0.641592527033402,0.42088833375150725,0.13003731848964403,0.3333333333333333,0.0,6.27279705811894,0.8710752598849265,0.6244026054639025,0.056843196078181994,0.09103612890268148,0,"[[0, 5], [0, 5], [0, 5], [0, 5]]","[true, true, true, true, true]",0,0.0,0,1,0.15043066599999833
ellipse--demand_aligned,ellipse,demand_aligned,877,error_peak_dynamic,4.9339107764245185,0.2047238819542242,0.2047238819542242,0.28144896695088123,0.04149322742771252,0.3333333333333333,0.0,6.27279705811894,0.2780405663229147,0.6244026054639025,0.03453787087916913,0.05531346374429216,2,"[[3, 4], [3, 4], [1, 3], [1, 2]]","[true, true, true, true, true]",0,0.0,0,1,0.12116079200000485
ellipse--demand_aligned,ellipse,demand_aligned,877,violation_dynamic,4.9339107764245185,0.13557837147171692,0.13557837147171692,0.28043247655803516,0.027478885941664144,0.3333333333333333,0.0,6.27279705811894,0.16132732980539338,0.6244026054639025,0.048317325295397916,0.07738168430527345,1,"[[3, 4], [3, 4], [3, 4], [1, 3]]","[true, true, true, true, true]",0,0.0,0,1,0.10516783399999952
ellipse--demand_aligned,ellipse,demand_aligned,877,violation_safe,4.9339107764245185,0.13557837147171692,0.13557837147171692,0.28043247655803516,0.027478885941664144,0.3333333333333333,0.0,6.27279705811894,0.16132732980539338,0.6244026054639025,0.048317325295397916,0.07738168430527345,1,"[[3, 4], [3, 4], [3, 4], [1, 3]]","[true, true, true, true, true]",0,4.0,0,1,0.10764962500000053
ellipse--demand_aligned,ellipse,demand_aligned,877,random_zones,4.9339107764245185,0.32763215967219356,0.32763215967219356,0.32796685698487416,0.06640415170004764,0.3333333333333333,0.0,6.27279705811894,0.4521163753006929,0.6244026054639025,0.0419585736403783,0.06719794772349645,0,"[[0, 4], [0, 4], [0, 4], [0, 4]]","[true, true, true, true, true]",0,0.0,0,1,0.1266627079999978
ellipse--demand_aligned,ellipse,demand_aligned,907,full_trajectory,10.787388082334424,0.31337359913170587,0.31337359913170587,0.27399964637298896,0.029049997713987023,0.6666666666666666,0.0,14.5622618236374,0.39563821517888814,1.4394564200045754,0.06162999690770361,0.042814770944929144,0,"[[0, 1, 2, 3, 4, 5], [0, 1, 2, 3, 4, 5], [0, 1, 2, 3, 4, 5], [0, 1, 2, 3, 4, 5]]","[true, true, true, true, true]",0,0.0,0,1,0.16809691699999973
ellipse--demand_aligned,ellipse,demand_aligned,907,static_tolerance,10.787388082334424,0.7062349346583897,0.7062349346583897,0.2770943202403988,0.06546857582837219,0.6666666666666666,0.0,14.5622618236374,0.9337349903105303,1.4394564200045754,0.2230553034001119,0.15495801074644755,0,"[[3, 4], [3, 4], [3, 4], [3, 4]]","[true, true, true, true, true]",0,0.0,0,1,0.13342720899999705
ellipse--demand_aligned,ellipse,demand_aligned,907,curvature_zones,10.787388082334424,1.0904847796135093,1.0904847796135093,0.4006882555479372,0.10108886148254018,0.6666666666666666,0.3333333333333333,14.5622618236374,1.3405691073504509,1.4394564200045754,0.18551986310743981,0.1288818893918651,0,"[[0, 5], [0, 5], [0, 5], [0, 5]]","[true, true, true, true, true]",0,0.0,0,1,0.16727150000000535
ellipse--demand_aligned,ellipse,demand_aligned,907,error_peak_dynamic,10.787388082334424,0.5614315519107577,0.5614315519107577,0.2763863298223616,0.05204517976229721,0.6666666666666666,0.0,14.5622618236374,0.7200776011786132,1.4394564200045754,0.10111989991992927,0.07024867061943275,2,"[[3, 4], [1, 4], [1, 2], [1, 2]]","[true, true, true, true, true]",0,0.0,0,1,0.1548374999999993
ellipse--demand_aligned,ellipse,demand_aligned,907,violation_dynamic,10.787388082334424,0.5055908992889216,0.5055908992889216,0.27476933626561667,0.04686870403011498,0.6666666666666666,0.0,14.5622618236374,0.6370314221642329,1.4394564200045754,0.19809899510704676,0.13762069650320993,1,"[[3, 4], [3, 4], [3, 4], [2, 3]]","[true, true, true, true, true]",0,0.0,0,1,0.13654620800000572
ellipse--demand_aligned,ellipse,demand_aligned,907,violation_safe,10.787388082334424,0.5055908992889216,0.5055908992889216,0.27476933626561667,0.04686870403011498,0.6666666666666666,0.0,14.5622618236374,0.6370314221642329,1.4394564200045754,0.19809899510704676,0.13762069650320993,1,"[[3, 4], [3, 4], [3, 4], [2, 3]]","[true, true, true, true, true]",0,4.0,0,1,0.13563208400000093
ellipse--demand_aligned,ellipse,demand_aligned,907,random_zones,10.787388082334424,1.0904847796135093,1.0904847796135093,0.4006882555479372,0.10108886148254018,0.6666666666666666,0.3333333333333333,14.5622618236374,1.3405691073504509,1.4394564200045754,0.18551986310743981,0.1288818893918651,0,"[[0, 5], [0, 5], [0, 5], [0, 5]]","[true, true, true, true, true]",0,0.0,0,1,0.16460049999999882
ellipse--demand_aligned,ellipse,demand_aligned,929,full_trajectory,10.666812282197089,0.4334517097644267,0.4334517097644267,0.2994653117670806,0.04063554305608787,0.6666666666666666,0.0,14.19021884087115,0.5705188672241243,1.3825304496775388,0.06140813587162835,0.044417203169703184,0,"[[0, 1, 2, 3, 4, 5], [0, 1, 2, 3, 4, 5], [0, 1, 2, 3, 4, 5], [0, 1, 2, 3, 4, 5]]","[true, true, true, true, true]",0,0.0,0,1,0.18435537500000265
ellipse--demand_aligned,ellipse,demand_aligned,929,static_tolerance,10.666812282197089,0.49065422880186005,0.49065422880186005,0.28824437733936503,0.04599820600769004,0.6666666666666666,0.0,14.19021884087115,0.5708681290962937,1.3825304496775388,0.18419870082006778,0.1332330154920134,0,"[[3, 4], [3, 4], [3, 4], [3, 4]]","[true, true, true, true, true]",0,0.0,0,1,0.12681945799999994
ellipse--demand_aligned,ellipse,demand_aligned,929,curvature_zones,10.666812282197089,1.3800000202580582,1.3800000202580582,0.41659991884673964,0.12937323576616028,0.6666666666666666,0.3333333333333333,14.19021884087115,1.8030157006146976,1.3825304496775388,0.16970922571733468,0.12275261333804087,0,"[[0, 5], [0, 5], [0, 5], [0, 5]]","[true, true, true, true, true]",0,0.0,0,1,0.16697074999999728
ellipse--demand_aligned,ellipse,demand_aligned,929,error_peak_dynamic,10.666812282197089,0.6617710895008951,0.6617710895008951,0.2898497077781809,0.062040192701749444,0.6666666666666666,0.0,14.19021884087115,0.8511722646600265,1.3825304496775388,0.11832840237020142,0.0855882793741001,2,"[[3, 4], [3, 4], [1, 3], [1, 2]]","[true, true, true, true, true]",0,0.0,0,1,0.1380493329999979
ellipse--demand_aligned,ellipse,demand_aligned,929,violation_dynamic,10.666812282197089,0.49645691849003587,0.49645691849003587,0.2883123766808583,0.046542200739636386,0.6666666666666666,0.0,14.19021884087115,0.5847205847105506,1.3825304496775388,0.15431160028042318,0.11161533571749888,1,"[[3, 4], [3, 4], [3, 4], [1, 3]]","[true, true, true, true, true]",0,0.0,0,1,0.136068041999998
ellipse--demand_aligned,ellipse,demand_aligned,929,violation_safe,10.666812282197089,0.49645691849003587,0.49645691849003587,0.2883123766808583,0.046542200739636386,0.6666666666666666,0.0,14.19021884087115,0.5847205847105506,1.3825304496775388,0.15431160028042318,0.11161533571749888,1,"[[3, 4], [3, 4], [3, 4], [1, 3]]","[true, true, true, true, true]",0,4.0,0,1,0.13135433299999733
ellipse--demand_aligned,ellipse,demand_aligned,929,random_zones,10.666812282197089,0.5765392482340153,0.5765392482340153,0.30923508256812576,0.05404981666324618,0.6666666666666666,0.0,14.19021884087115,0.7138157864665498,1.3825304496775388,0.16791745831717417,0.12145660759684476,0,"[[2, 3], [2, 3], [2, 3], [2, 3]]","[true, true, true, true, true]",0,0.0,0,1,0.1460305410000018
ellipse--demand_conflict,ellipse,demand_conflict,811,full_trajectory,5.913472618220343,0.38914101476934526,0.38914101476934526,0.34886919012113077,0.0658058369240335,0.6666666666666666,0.0,7.1769915776025,0.5172237954467608,1.4878691511076982,0.057881079759335236,0.03890199599624978,0,"[[0, 1, 2, 3, 4, 5], [0, 1, 2, 3, 4, 5], [0, 1, 2, 3, 4, 5], [0, 1, 2, 3, 4, 5]]","[true, true, true, true, true]",0,0.0,0,1,0.1600559170000011
ellipse--demand_conflict,ellipse,demand_conflict,811,static_tolerance,5.913472618220343,1.6736183189463634,1.6736183189463634,0.5432601607571117,0.2830178521144549,0.6666666666666666,0.3333333333333333,7.1769915776025,2.141402750189146,1.4878691511076982,0.3931491688572971,0.2642363870267778,0,"[[0, 1], [0, 1], [0, 1], [0, 1]]","[true, true, true, true, true]",0,0.0,0,1,0.11107187500000038
ellipse--demand_conflict,ellipse,demand_conflict,811,curvature_zones,5.913472618220343,1.3172233014807098,1.3172233014807098,0.492077812829471,0.22274953931842634,0.6666666666666666,0.3333333333333333,7.1769915776025,1.7015265903582475,1.4878691511076982,0.2621293584215033,0.17617769561681657,0,"[[0, 5], [0, 5], [0, 5], [0, 5]]","[true, true, true, true, true]",0,0.0,0,1,0.1589459160000004
ellipse--demand_conflict,ellipse,demand_conflict,811,error_peak_dynamic,5.913472618220343,0.44038905068930856,0.44038905068930856,0.3620449652353642,0.07447215521593865,0.6666666666666666,0.0,7.1769915776025,0.5640004452084921,1.4878691511076982,0.08914805680152815,0.05991659732655835,3,"[[3, 4], [2, 4], [1, 2], [2, 3]]","[true, true, true, true, true]",0,0.0,0,1,0.14609433400000427
ellipse--demand_conflict,ellipse,demand_conflict,811,violation_dynamic,5.913472618220343,0.49529642299773824,0.49529642299773824,0.38103076886301307,0.08375728695718515,0.6666666666666666,0.0,7.1769915776025,0.6455807777292433,1.4878691511076982,0.13533417856733887,0.09095838734648434,3,"[[1, 4], [1, 2], [2, 4], [1, 2]]","[true, true, true, true, true]",0,0.0,0,1,0.15114529200000248
ellipse--demand_conflict,ellipse,demand_conflict,811,violation_safe,5.913472618220343,0.49529642299773824,0.49529642299773824,0.38103076886301307,0.08375728695718515,0.6666666666666666,0.0,7.1769915776025,0.6455807777292433,1.4878691511076982,0.13533417856733887,0.09095838734648434,3,"[[1, 4], [1, 2], [2, 4], [1, 2]]","[true, true, true, true, true]",0,4.0,0,1,0.15238999999999692
ellipse--demand_conflict,ellipse,demand_conflict,811,random_zones,5.913472618220343,0.6161118957285566,0.6161118957285566,0.3787888717418972,0.10418783268400002,0.6666666666666666,0.0,7.1769915776025,0.8214020532752317,1.4878691511076982,0.08938128054075156,0.060073347494440904,0,"[[3, 4], [3, 4], [3, 4], [3, 4]]","[true, true, true, true, true]",0,0.0,0,1,0.1695749169999985
ellipse--demand_conflict,ellipse,demand_conflict,827,full_trajectory,2.0789216292586103,0.06516831224135006,0.06516831224135006,0.287752667611844,0.03134717120846471,0.6666666666666666,0.0,2.5194204781804146,0.08053635474248556,0.5601219293453203,0.013467905235586853,0.024044595524635788,0,"[[0, 1, 2, 3, 4, 5], [0, 1, 2, 3, 4, 5], [0, 1, 2, 3, 4, 5], [0, 1, 2, 3, 4, 5]]","[true, true, true, true, true]",0,0.0,0,1,0.1410866249999998
ellipse--demand_conflict,ellipse,demand_conflict,827,static_tolerance,2.0789216292586103,0.4356679962823178,0.4356679962823178,0.5028758841337162,0.20956441558486583,0.6666666666666666,0.0,2.5194204781804146,0.5615499112315429,0.5601219293453203,0.1076591098063245,0.19220656104673178,0,"[[0, 1], [0, 1], [0, 1], [0, 1]]","[true, true, true, true, true]",0,0.0,0,1,0.1111199580000033
ellipse--demand_conflict,ellipse,demand_conflict,827,curvature_zones,2.0789216292586103,0.24924446125763813,0.24924446125763813,0.4230439594688219,0.11989122521493234,0.6666666666666666,0.0,2.5194204781804146,0.30682652836213237,0.5601219293453203,0.06527617192331439,0.11653921852267103,0,"[[0, 5], [0, 5], [0, 5], [0, 5]]","[true, true, true, true, true]",0,0.0,0,1,0.14964537499999864
ellipse--demand_conflict,ellipse,demand_conflict,827,error_peak_dynamic,2.0789216292586103,0.09200844194691193,0.09200844194691193,0.30886745756974837,0.04425777318971095,0.6666666666666666,0.0,2.5194204781804146,0.1219633265975277,0.5601219293453203,0.016444221972401987,0.029358289884529716,1,"[[3, 4], [3, 4], [3, 4], [1, 3]]","[true, true, true, true, true]",0,0.0,0,1,0.1390107080000007
ellipse--demand_conflict,ellipse,demand_conflict,827,violation_dynamic,2.0789216292586103,0.0801758583928388,0.0801758583928388,0.3102582913368479,0.03856608025259293,0.6666666666666666,0.0,2.5194204781804146,0.09058536266891179,0.5601219293453203,0.027922575396290828,0.04985088769676843,2,"[[1, 4], [1, 4], [2, 3], [1, 3]]","[true, true, true, true, true]",0,0.0,0,1,0.1333680410000042
ellipse--demand_conflict,ellipse,demand_conflict,827,violation_safe,2.0789216292586103,0.0801758583928388,0.0801758583928388,0.3102582913368479,0.03856608025259293,0.6666666666666666,0.0,2.5194204781804146,0.09058536266891179,0.5601219293453203,0.027922575396290828,0.04985088769676843,2,"[[1, 4], [1, 4], [2, 3], [1, 3]]","[true, true, true, true, true]",0,4.0,0,1,0.13510708300000118
ellipse--demand_conflict,ellipse,demand_conflict,827,random_zones,2.0789216292586103,0.37064683088540584,0.37064683088540584,0.47695365493411135,0.1782880247475162,0.6666666666666666,0.0,2.5194204781804146,0.46986374944310577,0.5601219293453203,0.09507381530951811,0.16973771303802002,0,"[[1, 2], [1, 2], [1, 2], [1, 2]]","[true, true, true, true, true]",0,0.0,0,1,0.13162649999999587
ellipse--demand_conflict,ellipse,demand_conflict,853,full_trajectory,2.818561552138786,0.10566791627253935,0.10566791627253935,0.3001384537237231,0.037490015498280044,0.3333333333333333,0.0,3.7906438404222755,0.13678197220261165,0.6411381707672008,0.01954236836565371,0.030480743865661374,0,"[[0, 1, 2, 3, 4, 5], [0, 1, 2, 3, 4, 5], [0, 1, 2, 3, 4, 5], [0, 1, 2, 3, 4, 5]]","[true, true, true, true, true]",0,0.0,0,1,0.17472445800000003
ellipse--demand_conflict,ellipse,demand_conflict,853,static_tolerance,2.818561552138786,0.6140761074369774,0.6140761074369774,0.5167344168120895,0.21786861705078003,0.3333333333333333,0.0,3.7906438404222755,0.8147059503300166,0.6411381707672008,0.14522588902630612,0.22651262340616135,0,"[[0, 1], [0, 1], [0, 1], [0, 1]]","[true, true, true, true, true]",0,0.0,0,1,0.1406409160000024
ellipse--demand_conflict,ellipse,demand_conflict,853,curvature_zones,2.818561552138786,0.3788404266451284,0.3788404266451284,0.43342399383145436,0.13440913729829884,0.3333333333333333,0.0,3.7906438404222755,0.4943654840411247,0.6411381707672008,0.08780885107606333,0.1369577652364532,0,"[[0, 5], [0, 5], [0, 5], [0, 5]]","[true, true, true, true, true]",0,0.0,0,1,0.14969733300000598
ellipse--demand_conflict,ellipse,demand_conflict,853,error_peak_dynamic,2.818561552138786,0.09850925088271684,0.09850925088271684,0.2864221882174446,0.03495018613589115,0.3333333333333333,0.0,3.7906438404222755,0.1143634705679513,0.6411381707672008,0.03710413695005405,0.05787229436933131,0,"[[2, 3], [2, 3], [2, 3], [2, 3]]","[true, true, true, true, true]",0,0.0,0,1,0.10377762500000642
ellipse--demand_conflict,ellipse,demand_conflict,853,violation_dynamic,2.818561552138786,0.08837685662289482,0.08837685662289482,0.28597282805303137,0.03135530482058571,0.3333333333333333,0.0,3.7906438404222755,0.10079740517706538,0.6411381707672008,0.040271431050696964,0.06281240594754674,1,"[[2, 3], [2, 3], [2, 3], [0, 2]]","[true, true, true, true, true]",0,0.0,0,1,0.10715899999999579
ellipse--demand_conflict,ellipse,demand_conflict,853,violation_safe,2.818561552138786,0.08837685662289482,0.08837685662289482,0.28597282805303137,0.03135530482058571,0.3333333333333333,0.0,3.7906438404222755,0.10079740517706538,0.6411381707672008,0.040271431050696964,0.06281240594754674,1,"[[2, 3], [2, 3], [2, 3], [0, 2]]","[true, true, true, true, true]",0,4.0,0,1,0.11011516599999993
ellipse--demand_conflict,ellipse,demand_conflict,853,random_zones,2.818561552138786,0.19321356635557402,0.19321356635557402,0.308454569690342,0.06855041579949153,0.3333333333333333,0.0,3.7906438404222755,0.24776644525465225,0.6411381707672008,0.06079315499841101,0.09482067636943922,0,"[[2, 5], [2, 5], [2, 5], [2, 5]]","[true, true, true, true, true]",0,0.0,0,1,0.1496537499999988
ellipse--demand_conflict,ellipse,demand_conflict,877,full_trajectory,2.445060366951915,0.08587918502113359,0.08587918502113359,0.2943403210385099,0.035123543852699696,0.6666666666666666,0.0,3.017992624447791,0.10788511435095434,0.6244026054639025,0.01594346737881135,0.02553395395742477,0,"[[0, 1, 2, 3, 4, 5], [0, 1, 2, 3, 4, 5], [0, 1, 2, 3, 4, 5], [0, 1, 2, 3, 4, 5]]","[true, true, true, true, true]",0,0.0,0,1,0.15357120800000246
ellipse--demand_conflict,ellipse,demand_conflict,877,static_tolerance,2.445060366951915,0.5330293079704608,0.5330293079704608,0.5081723673699788,0.21800251444709767,0.6666666666666666,0.0,3.017992624447791,0.6924431296168589,0.6244026054639025,0.12818020446226308,0.20528454452401118,0,"[[0, 1], [0, 1], [0, 1], [0, 1]]","[true, true, true, true, true]",0,0.0,0,1,0.10613166699999965
ellipse--demand_conflict,ellipse,demand_conflict,877,curvature_zones,2.445060366951915,0.31336159442939593,0.31336159442939593,0.43018945496990735,0.1281610870082696,0.6666666666666666,0.0,3.017992624447791,0.37624196106068675,0.6244026054639025,0.08019110551233365,0.12842852481814251,0,"[[0, 5], [0, 5], [0, 5], [0, 5]]","[true, true, true, true, true]",0,0.0,0,1,0.15358887500000407
ellipse--demand_conflict,ellipse,demand_conflict,877,error_peak_dynamic,2.445060366951915,0.11817943715100455,0.11817943715100455,0.317514604221358,0.048333954755616346,0.6666666666666666,0.0,3.017992624447791,0.15600380581847667,0.6244026054639025,0.01904990019552947,0.030509001770382217,1,"[[3, 4], [3, 4], [3, 4], [1, 3]]","[true, true, true, true, true]",0,0.0,0,1,0.14163933300000053
ellipse--demand_conflict,ellipse,demand_conflict,877,violation_dynamic,2.445060366951915,0.11695752507809802,0.11695752507809802,0.3037473424080053,0.047834207555333595,0.6666666666666666,0.0,3.017992624447791,0.13610771625960164,0.6244026054639025,0.03808989616105107,0.06100214161142398,1,"[[1, 4], [1, 4], [1, 3], [1, 3]]","[true, true, true, true, true]",0,0.0,0,1,0.13675324999999816
ellipse--demand_conflict,ellipse,demand_conflict,877,violation_safe,2.445060366951915,0.11695752507809802,0.11695752507809802,0.3037473424080053,0.047834207555333595,0.6666666666666666,0.0,3.017992624447791,0.13610771625960164,0.6244026054639025,0.03808989616105107,0.06100214161142398,1,"[[1, 4], [1, 4], [1, 3], [1, 3]]","[true, true, true, true, true]",0,4.0,0,1,0.13933562500000107
ellipse--demand_conflict,ellipse,demand_conflict,877,random_zones,2.445060366951915,0.1971130230548393,0.1971130230548393,0.35258922412536287,0.08061683290894214,0.6666666666666666,0.0,3.017992624447791,0.24513160843628548,0.6244026054639025,0.04631115671077078,0.0741687435406579,0,"[[0, 4], [0, 4], [0, 4], [0, 4]]","[true, true, true, true, true]",0,0.0,0,1,0.14686491699999493
ellipse--demand_conflict,ellipse,demand_conflict,907,full_trajectory,5.815330142249524,0.3856266563525661,0.3856266563525661,0.34736713078215903,0.06631208322136557,0.6666666666666666,0.0,7.2811309118187,0.5035395465913122,1.4394564200045754,0.06162999690770361,0.042814770944929144,0,"[[0, 1, 2, 3, 4, 5], [0, 1, 2, 3, 4, 5], [0, 1, 2, 3, 4, 5], [0, 1, 2, 3, 4, 5]]","[true, true, true, true, true]",0,0.0,0,1,0.16872150000000374
ellipse--demand_conflict,ellipse,demand_conflict,907,static_tolerance,5.815330142249524,1.4872989273054682,1.4872989273054682,0.5400198417502179,0.25575485671913056,0.6666666666666666,0.3333333333333333,7.2811309118187,1.8471874842297462,1.4394564200045754,0.37609493440286046,0.26127566571391236,0,"[[0, 1], [0, 1], [0, 1], [0, 1]]","[true, true, true, true, true]",0,0.0,0,1,0.11084662500000064
ellipse--demand_conflict,ellipse,demand_conflict,907,curvature_zones,5.815330142249524,1.2126803199886071,1.2126803199886071,0.47770987201020854,0.20853163798530452,0.6666666666666666,0.3333333333333333,7.2811309118187,1.5353273352571524,1.4394564200045754,0.2551049982315022,0.17722314804826902,0,"[[0, 5], [0, 5], [0, 5], [0, 5]]","[true, true, true, true, true]",0,0.0,0,1,0.159862375000003
ellipse--demand_conflict,ellipse,demand_conflict,907,error_peak_dynamic,5.815330142249524,0.4515528983455801,0.4515528983455801,0.36218001076133455,0.07764871250644206,0.6666666666666666,0.0,7.2811309118187,0.5629348822930675,1.4394564200045754,0.08790989627540642,0.06107159275799888,2,"[[3, 4], [3, 4], [1, 2], [2, 3]]","[true, true, true, true, true]",0,0.0,0,1,0.15479158299999796
ellipse--demand_conflict,ellipse,demand_conflict,907,violation_dynamic,5.815330142249524,0.509451631978298,0.509451631978298,0.3591321472678981,0.08760493721191015,0.6666666666666666,0.0,7.2811309118187,0.641444098706832,1.4394564200045754,0.13927828211729526,0.09675755388054927,3,"[[1, 4], [1, 2], [2, 4], [1, 2]]","[true, true, true, true, true]",0,0.0,0,1,0.1455826659999957
ellipse--demand_conflict,ellipse,demand_conflict,907,violation_safe,5.815330142249524,0.509451631978298,0.509451631978298,0.3591321472678981,0.08760493721191015,0.6666666666666666,0.0,7.2811309118187,0.641444098706832,1.4394564200045754,0.13927828211729526,0.09675755388054927,3,"[[1, 4], [1, 2], [2, 4], [1, 2]]","[true, true, true, true, true]",0,4.0,0,1,0.14502891700000475
ellipse--demand_conflict,ellipse,demand_conflict,907,random_zones,5.815330142249524,1.2126803199886071,1.2126803199886071,0.47770987201020854,0.20853163798530452,0.6666666666666666,0.3333333333333333,7.2811309118187,1.5353273352571524,1.4394564200045754,0.2551049982315022,0.17722314804826902,0,"[[0, 5], [0, 5], [0, 5], [0, 5]]","[true, true, true, true, true]",0,0.0,0,1,0.15649162500000102
ellipse--demand_conflict,ellipse,demand_conflict,929,full_trajectory,5.574561931592359,0.36679452505961985,0.36679452505961985,0.34832304448152507,0.06579791014266227,0.6666666666666666,0.0,7.095109420435575,0.4578010574754678,1.3825304496775388,0.06140813587162835,0.044417203169703184,0,"[[0, 1, 2, 3, 4, 5], [0, 1, 2, 3, 4, 5], [0, 1, 2, 3, 4, 5], [0, 1, 2, 3, 4, 5]]","[true, true, true, true, true]",0,0.0,0,1,0.18900583299999596
ellipse--demand_conflict,ellipse,demand_conflict,929,static_tolerance,5.574561931592359,1.4134830810636068,1.4134830810636068,0.5392190726418367,0.2535594901283748,0.6666666666666666,0.5,7.095109420435575,1.824569210370821,1.3825304496775388,0.33613251189617877,0.24312846923160228,0,"[[0, 1], [0, 1], [0, 1], [0, 1]]","[true, true, true, true, true]",0,0.0,0,1,0.10695595800000035
ellipse--demand_conflict,ellipse,demand_conflict,929,curvature_zones,5.574561931592359,0.9638484470457604,0.9638484470457604,0.46551986547650215,0.17290119992808828,0.6666666666666666,0.16666666666666666,7.095109420435575,1.1593167243190368,1.3825304496775388,0.22906417557303632,0.1656847237082288,0,"[[0, 5], [0, 5], [0, 5], [0, 5]]","[true, true, true, true, true]",0,0.0,0,1,0.15112329200000119
ellipse--demand_conflict,ellipse,demand_conflict,929,error_peak_dynamic,5.574561931592359,0.46728644437235034,0.46728644437235034,0.36941625896111785,0.08382478302449699,0.6666666666666666,0.0,7.095109420435575,0.57381589532996,1.3825304496775388,0.08606386582444943,0.0622509730939546,1,"[[3, 4], [3, 4], [3, 4], [1, 2]]","[true, true, true, true, true]",0,0.0,0,1,0.15963433299999963
ellipse--demand_conflict,ellipse,demand_conflict,929,violation_dynamic,5.574561931592359,0.5722750526228837,0.5722750526228837,0.3484777603288552,0.10265830026565241,0.6666666666666666,0.0,7.095109420435575,0.6794632481284001,1.3825304496775388,0.1543248053858647,0.1116248871204677,1,"[[1, 4], [1, 4], [1, 2], [1, 2]]","[true, true, true, true, true]",0,0.0,0,1,0.15888837500000363
ellipse--demand_conflict,ellipse,demand_conflict,929,violation_safe,5.574561931592359,0.5722750526228837,0.5722750526228837,0.3484777603288552,0.10265830026565241,0.6666666666666666,0.0,7.095109420435575,0.6794632481284001,1.3825304496775388,0.1543248053858647,0.1116248871204677,1,"[[1, 4], [1, 4], [1, 2], [1, 2]]","[true, true, true, true, true]",0,4.0,0,1,0.15937079200000426
ellipse--demand_conflict,ellipse,demand_conflict,929,random_zones,5.574561931592359,0.8114026415142216,0.8114026415142216,0.45811344072807497,0.14555451199058553,0.6666666666666666,0.0,7.095109420435575,0.9522346171341892,1.3825304496775388,0.21683305513630113,0.15683781517208192,0,"[[0, 2], [0, 2], [0, 2], [0, 2]]","[true, true, true, true, true]",0,0.0,0,1,0.1550039589999983
rounded_square--neutral,rounded_square,neutral,811,full_trajectory,10.881094677352698,2.74484657920998,2.74484657920998,0.3768942059804008,0.2522583122930591,1.0,0.6666666666666666,12.902356000027645,3.6528262127083075,2.7192138174997047,0.45314951795731667,0.16664725482087467,0,"[[0, 1, 2, 3, 4, 5], [0, 1, 2, 3, 4, 5], [0, 1, 2, 3, 4, 5], [0, 1, 2, 3, 4, 5]]","[true, true, true, true, true]",0,0.0,0,1,0.36936175000000304
rounded_square--neutral,rounded_square,neutral,811,static_tolerance,10.881094677352698,3.29769757569627,3.29769757569627,0.41806710348176257,0.3030667109771514,1.0,0.5,12.902356000027645,4.447293173428663,2.7192138174997047,0.5700411654639256,0.20963455017600413,0,"[[4, 5], [4, 5], [4, 5], [4, 5]]","[true, true, true, true, true]",0,0.0,0,1,0.2522010409999993
rounded_square--neutral,rounded_square,neutral,811,curvature_zones,10.881094677352698,3.321965897373465,3.321965897373465,0.4195885564324152,0.3052970308481571,1.0,0.6666666666666666,12.902356000027645,4.4005645700806175,2.7192138174997047,0.557310006767596,0.20495262387274793,0,"[[0, 5], [0, 5], [0, 5], [0, 5]]","[true, true, true, true, true]",0,0.0,0,1,0.2400606669999945
rounded_square--neutral,rounded_square,neutral,811,error_peak_dynamic,10.881094677352698,1.8256966852334218,1.8256966852334218,0.35611147993216274,0.16778612257030764,1.0,0.6666666666666666,12.902356000027645,2.12191454334449,2.7192138174997047,0.5768025172981646,0.21212105998656988,2,"[[3, 4], [1, 2], [2, 4], [2, 4]]","[true, true, true, true, true]",0,0.0,0,1,0.2661914999999979
rounded_square--neutral,rounded_square,neutral,811,violation_dynamic,10.881094677352698,1.812380218953624,1.812380218953624,0.36163377743796365,0.16656230578765305,1.0,0.6666666666666666,12.902356000027645,2.110350266921985,2.7192138174997047,0.5797916004222431,0.21322030532904426,3,"[[3, 4], [2, 3], [1, 2], [2, 4]]","[true, true, true, true, true]",0,0.0,0,1,0.2505560419999995
rounded_square--neutral,rounded_square,neutral,811,violation_safe,10.881094677352698,1.812380218953624,1.812380218953624,0.36163377743796365,0.16656230578765305,1.0,0.6666666666666666,12.902356000027645,2.110350266921985,2.7192138174997047,0.5797916004222431,0.21322030532904426,3,"[[3, 4], [2, 3], [1, 2], [2, 4]]","[true, true, true, true, true]",0,4.0,0,1,0.25167016700000033
rounded_square--neutral,rounded_square,neutral,811,random_zones,10.881094677352698,2.3682726867865567,2.3682726867865567,0.4021343994435895,0.21765022334708173,1.0,0.6666666666666666,12.902356000027645,2.95851846578296,2.7192138174997047,0.6321898244780922,0.2324899279378426,0,"[[1, 2], [1, 2], [1, 2], [1, 2]]","[true, true, true, true, true]",0,0.0,0,1,0.2794425000000018
rounded_square--neutral,rounded_square,neutral,827,full_trajectory,5.159472304126943,1.4875436666451507,1.4875436666451507,0.5064386137956745,0.28831314114338763,0.6666666666666666,0.3333333333333333,6.16450939379591,1.8297923167872325,0.8018880810129837,0.23353874276384184,0.2912360818093523,0,"[[0, 1, 2, 3, 4, 5], [0, 1, 2, 3, 4, 5], [0, 1, 2, 3, 4, 5], [0, 1, 2, 3, 4, 5]]","[true, true, true, true, true]",0,0.0,0,1,0.2396380839999992
rounded_square--neutral,rounded_square,neutral,827,static_tolerance,5.159472304126943,2.455239962449543,2.455239962449543,0.6500709266754786,0.4758703638133018,0.6666666666666666,0.5,6.16450939379591,3.2466015639379493,0.8018880810129837,0.3393763271258006,0.42322156316014087,0,"[[4, 5], [4, 5], [4, 5], [4, 5]]","[true, true, true, true, true]",0,0.0,0,1,0.2020289169999998
rounded_square--neutral,rounded_square,neutral,827,curvature_zones,5.159472304126943,2.536699501390184,2.536699501390184,0.6622618776624203,0.491658710787368,0.6666666666666666,0.6666666666666666,6.16450939379591,3.163745953786342,0.8018880810129837,0.3686704204680965,0.4597529620372637,0,"[[0, 5], [0, 5], [0, 5], [0, 5]]","[true, true, true, true, true]",0,0.0,0,1,0.20859212499999558
rounded_square--neutral,rounded_square,neutral,827,error_peak_dynamic,5.159472304126943,1.2057434681976582,1.2057434681976582,0.5019796500956509,0.23369511398156198,0.6666666666666666,0.6666666666666666,6.16450939379591,1.4426641367210788,0.8018880810129837,0.2722124701420391,0.3394644172764947,3,"[[2, 4], [1, 4], [1, 2], [2, 4]]","[true, true, true, true, true]",0,0.0,0,1,0.22960695799999797
rounded_square--neutral,rounded_square,neutral,827,violation_dynamic,5.159472304126943,1.2057434681976582,1.2057434681976582,0.5019796500956509,0.23369511398156198,0.6666666666666666,0.6666666666666666,6.16450939379591,1.4426641367210788,0.8018880810129837,0.2722124701420391,0.3394644172764947,3,"[[2, 4], [1, 4], [1, 2], [2, 4]]","[true, true, true, true, true]",0,0.0,0,1,0.2249454170000007
rounded_square--neutral,rounded_square,neutral,827,violation_safe,5.159472304126943,1.2057434681976582,1.2057434681976582,0.5019796500956509,0.23369511398156198,0.6666666666666666,0.6666666666666666,6.16450939379591,1.4426641367210788,0.8018880810129837,0.2722124701420391,0.3394644172764947,3,"[[2, 4], [1, 4], [1, 2], [2, 4]]","[true, true, true, true, true]",0,4.0,0,1,0.2235052499999881
rounded_square--neutral,rounded_square,neutral,827,random_zones,5.159472304126943,2.7561007197417586,2.7561007197417586,0.695080533936274,0.534182675530057,0.6666666666666666,0.5,6.16450939379591,3.5644222066871634,0.8018880810129837,0.37787285540315785,0.47122892128015,0,"[[0, 1], [0, 1], [0, 1], [0, 1]]","[true, true, true, true, true]",0,0.0,0,1,0.21311120800000083
rounded_square--neutral,rounded_square,neutral,853,full_trajectory,5.93256297823234,1.529360079312257,1.529360079312257,0.4746685763437744,0.2577907870382091,0.8333333333333334,0.3333333333333333,7.343332720819983,1.9864882764581664,0.930647295179054,0.20429177561852854,0.21951578936166508,0,"[[0, 1, 2, 3, 4, 5], [0, 1, 2, 3, 4, 5], [0, 1, 2, 3, 4, 5], [0, 1, 2, 3, 4, 5]]","[true, true, true, true, true]",0,0.0,0,1,0.2363646249999931
rounded_square--neutral,rounded_square,neutral,853,static_tolerance,5.93256297823234,2.167049858795643,2.167049858795643,0.5881795046151306,0.3652805485162055,0.8333333333333334,0.6666666666666666,7.343332720819983,2.712042557537604,0.930647295179054,0.3168803456194146,0.3404945646550745,0,"[[4, 5], [4, 5], [4, 5], [4, 5]]","[true, true, true, true, true]",0,0.0,0,1,0.21515545799999813
rounded_square--neutral,rounded_square,neutral,853,curvature_zones,5.93256297823234,2.3971993719517966,2.3971993719517966,0.6054922846198416,0.404074829167016,0.8333333333333334,0.6666666666666666,7.343332720819983,2.811527804631068,0.930647295179054,0.36192654038222793,0.38889764388408204,0,"[[0, 5], [0, 5], [0, 5], [0, 5]]","[true, true, true, true, true]",0,0.0,0,1,0.20970808299999533
rounded_square--neutral,rounded_square,neutral,853,error_peak_dynamic,5.93256297823234,1.2405160096152126,1.2405160096152126,0.4918662753456993,0.2091028808572101,0.8333333333333334,0.3333333333333333,7.343332720819983,1.5072691110640468,0.930647295179054,0.2172091082647727,0.2333957336898317,3,"[[2, 4], [1, 3], [2, 4], [3, 4]]","[true, true, true, true, true]",0,0.0,0,1,0.221771167
rounded_square--neutral,rounded_square,neutral,853,violation_dynamic,5.93256297823234,1.5167206238259614,1.5167206238259614,0.47646948461070404,0.25566026511494055,0.8333333333333334,0.3333333333333333,7.343332720819983,1.9725262172133917,0.930647295179054,0.22725767641988,0.24419313052014646,3,"[[1, 2], [3, 4], [2, 4], [1, 3]]","[true, true, true, true, true]",0,0.0,0,1,0.22475854200000356
rounded_square--neutral,rounded_square,neutral,853,violation_safe,5.93256297823234,1.5167206238259614,1.5167206238259614,0.47646948461070404,0.25566026511494055,0.8333333333333334,0.3333333333333333,7.343332720819983,1.9725262172133917,0.930647295179054,0.22725767641988,0.24419313052014646,3,"[[1, 2], [3, 4], [2, 4], [1, 3]]","[true, true, true, true, true]",0,4.0,0,1,0.22880849999999953
rounded_square--neutral,rounded_square,neutral,853,random_zones,5.93256297823234,2.4403894345147124,2.4403894345147124,0.5921422196308828,0.4113549984161901,0.8333333333333334,0.5,7.343332720819983,3.1466507429056834,0.930647295179054,0.328297066774215,0.35276207052323894,0,"[[2, 5], [2, 5], [2, 5], [2, 5]]","[true, true, true, true, true]",0,0.0,0,1,0.2144151660000091
rounded_square--neutral,rounded_square,neutral,877,full_trajectory,5.357107068036605,1.6232914406936425,1.6232914406936425,0.51321333202859,0.30301642660440303,0.6666666666666666,0.5,6.304581240805652,2.012887452297549,0.9222744981420868,0.25791109657791744,0.27964678314046076,0,"[[0, 1, 2, 3, 4, 5], [0, 1, 2, 3, 4, 5], [0, 1, 2, 3, 4, 5], [0, 1, 2, 3, 4, 5]]","[true, true, true, true, true]",0,0.0,0,1,0.23723429200001078
rounded_square--neutral,rounded_square,neutral,877,static_tolerance,5.357107068036605,2.5888988113106737,2.5888988113106737,0.6528123897109624,0.4832643399564371,0.6666666666666666,0.5,6.304581240805652,3.4456046229333315,0.9222744981420868,0.36529604956576545,0.3960816983464802,0,"[[4, 5], [4, 5], [4, 5], [4, 5]]","[true, true, true, true, true]",0,0.0,0,1,0.20737587499999677
rounded_square--neutral,rounded_square,neutral,877,curvature_zones,5.357107068036605,2.6459741656388713,2.6459741656388713,0.6613320510740853,0.4939184772740838,0.6666666666666666,0.6666666666666666,6.304581240805652,3.338210806053818,0.9222744981420868,0.38784591667474116,0.42053197551927657,0,"[[0, 5], [0, 5], [0, 5], [0, 5]]","[true, true, true, true, true]",0,0.0,0,1,0.21389583299999515
rounded_square--neutral,rounded_square,neutral,877,error_peak_dynamic,5.357107068036605,1.2332845063180715,1.2332845063180715,0.4941660819119309,0.23021464582563847,0.6666666666666666,0.5,6.304581240805652,1.4798859112240426,0.9222744981420868,0.3017885800561005,0.32722208048043255,3,"[[2, 4], [1, 4], [1, 2], [2, 4]]","[true, true, true, true, true]",0,0.0,0,1,0.23178749999999582
rounded_square--neutral,rounded_square,neutral,877,violation_dynamic,5.357107068036605,1.2332845063180715,1.2332845063180715,0.4941660819119309,0.23021464582563847,0.6666666666666666,0.5,6.304581240805652,1.4798859112240426,0.9222744981420868,0.3017885800561005,0.32722208048043255,3,"[[2, 4], [1, 4], [1, 2], [2, 4]]","[true, true, true, true, true]",0,0.0,0,1,0.252399834000002
rounded_square--neutral,rounded_square,neutral,877,violation_safe,5.357107068036605,1.2332845063180715,1.2332845063180715,0.4941660819119309,0.23021464582563847,0.6666666666666666,0.5,6.304581240805652,1.4798859112240426,0.9222744981420868,0.3017885800561005,0.32722208048043255,3,"[[2, 4], [1, 4], [1, 2], [2, 4]]","[true, true, true, true, true]",0,4.0,0,1,0.2285885839999935
rounded_square--neutral,rounded_square,neutral,877,random_zones,5.357107068036605,2.825635960123696,2.825635960123696,0.6931437051418217,0.5274555696269293,0.6666666666666666,0.3333333333333333,6.304581240805652,3.722790627832208,0.9222744981420868,0.39414870827841153,0.427365940479131,0,"[[1, 3], [1, 3], [1, 3], [1, 3]]","[true, true, true, true, true]",0,0.0,0,1,0.20412112500000035
rounded_square--neutral,rounded_square,neutral,907,full_trajectory,11.086537555246775,3.6568783049184606,3.6568783049184606,0.4499875549855976,0.3298485470955555,1.0,0.6666666666666666,13.068222057241487,4.819103600009085,2.587343668186013,0.5895484502510354,0.22785857847186103,0,"[[0, 1, 2, 3, 4, 5], [0, 1, 2, 3, 4, 5], [0, 1, 2, 3, 4, 5], [0, 1, 2, 3, 4, 5]]","[true, true, true, true, true]",0,0.0,0,1,0.32478379199999097
rounded_square--neutral,rounded_square,neutral,907,static_tolerance,11.086537555246775,3.94571695792345,3.94571695792345,0.46689427254492166,0.355901645420045,1.0,0.6666666666666666,13.068222057241487,5.287810722709331,2.587343668186013,0.685344825236117,0.26488356906858546,0,"[[4, 5], [4, 5], [4, 5], [4, 5]]","[true, true, true, true, true]",0,0.0,0,1,0.2716910840000111
rounded_square--neutral,rounded_square,neutral,907,curvature_zones,11.086537555246775,4.364900037625264,4.364900037625264,0.4990643564930302,0.393711744164845,1.0,0.6666666666666666,13.068222057241487,5.792280172641108,2.587343668186013,0.6792739123286309,0.26253718076998633,0,"[[0, 5], [0, 5], [0, 5], [0, 5]]","[true, true, true, true, true]",0,0.0,0,1,0.2500344590000054
rounded_square--neutral,rounded_square,neutral,907,error_peak_dynamic,11.086537555246775,2.64100820851963,2.64100820851963,0.4058449759472911,0.23821758554994077,1.0,0.6666666666666666,13.068222057241487,3.1488713196792406,2.587343668186013,0.701818071768902,0.27125042583189063,1,"[[1, 4], [2, 4], [2, 4], [2, 4]]","[true, true, true, true, true]",0,0.0,0,1,0.29507808399999647
rounded_square--neutral,rounded_square,neutral,907,violation_dynamic,11.086537555246775,2.751441131667439,2.751441131667439,0.42064800379815953,0.24817857856489214,1.0,0.6666666666666666,13.068222057241487,3.3539305080845594,2.587343668186013,0.7128640995239731,0.2755196800059276,2,"[[3, 4], [1, 2], [2, 4], [2, 4]]","[true, true, true, true, true]",0,0.0,0,1,0.29803441699999667
rounded_square--neutral,rounded_square,neutral,907,violation_safe,11.086537555246775,2.751441131667439,2.751441131667439,0.42064800379815953,0.24817857856489214,1.0,0.6666666666666666,13.068222057241487,3.3539305080845594,2.587343668186013,0.7128640995239731,0.2755196800059276,2,"[[3, 4], [1, 2], [2, 4], [2, 4]]","[true, true, true, true, true]",0,4.0,0,1,0.2939900419999901
rounded_square--neutral,rounded_square,neutral,907,random_zones,11.086537555246775,3.17496699548962,3.17496699548962,0.48207211559493873,0.2863803942094659,1.0,0.6666666666666666,13.068222057241487,3.974253456290363,2.587343668186013,0.7018682751883598,0.27126982929192384,0,"[[2, 3], [2, 3], [2, 3], [2, 3]]","[true, true, true, true, true]",0,0.0,0,1,0.2680574999999976
rounded_square--neutral,rounded_square,neutral,929,full_trajectory,12.391117446733329,6.018381355787116,6.018381355787116,0.5557462510831682,0.4857012599274283,0.8333333333333334,0.8333333333333334,15.147933385588516,7.64719111612911,2.3189690886117917,0.8738913738747388,0.3768447704483538,0,"[[0, 1, 2, 3, 4, 5], [0, 1, 2, 3, 4, 5], [0, 1, 2, 3, 4, 5], [0, 1, 2, 3, 4, 5]]","[true, true, true, true, true]",0,0.0,0,1,0.34503304100000776
rounded_square--neutral,rounded_square,neutral,929,static_tolerance,12.391117446733329,5.899615670517164,5.899615670517164,0.5680022293835044,0.4761165161962435,0.8333333333333334,0.6666666666666666,15.147933385588516,7.391611864473226,2.3189690886117917,0.9686267173293857,0.4176971232976789,0,"[[4, 5], [4, 5], [4, 5], [4, 5]]","[true, true, true, true, true]",0,0.0,0,1,0.2788916659999927
rounded_square--neutral,rounded_square,neutral,929,curvature_zones,12.391117446733329,6.043515576973227,6.043515576973227,0.5852402560289744,0.4877296662672243,0.8333333333333334,0.6666666666666666,15.147933385588516,7.841869119801638,2.3189690886117917,0.8984326016710437,0.3874275884414112,0,"[[0, 5], [0, 5], [0, 5], [0, 5]]","[true, true, true, true, true]",0,0.0,0,1,0.2627290829999964
rounded_square--neutral,rounded_square,neutral,929,error_peak_dynamic,12.391117446733329,5.513846454871539,5.513846454871539,0.5505510847956558,0.4449837941230356,0.8333333333333334,0.8333333333333334,15.147933385588516,6.922688267309149,2.3189690886117917,0.9791290185906378,0.42222598972924447,2,"[[1, 4], [2, 4], [2, 4], [3, 4]]","[true, true, true, true, true]",0,0.0,0,1,0.296068125000005
rounded_square--neutral,rounded_square,neutral,929,violation_dynamic,12.391117446733329,5.513846454871539,5.513846454871539,0.5505510847956558,0.4449837941230356,0.8333333333333334,0.8333333333333334,15.147933385588516,6.922688267309149,2.3189690886117917,0.9791290185906378,0.42222598972924447,2,"[[1, 4], [2, 4], [2, 4], [3, 4]]","[true, true, true, true, true]",0,0.0,0,1,0.3001097080000079
rounded_square--neutral,rounded_square,neutral,929,violation_safe,12.391117446733329,5.362903885086258,5.513846454871539,0.5505510847956558,0.43280228019306527,0.8333333333333334,0.8333333333333334,15.147933385588516,6.558811989270999,2.3189690886117917,1.099490908150546,0.474129178155081,2,"[[1, 4], [2, 4], [2, 4], [3, 4]]","[true, true, true, true, false]",1,2.0,0,1,0.2962718330000058
rounded_square--neutral,rounded_square,neutral,929,random_zones,12.391117446733329,7.00682061050231,7.00682061050231,0.628412425578261,0.5654712450772161,0.8333333333333334,0.6666666666666666,15.147933385588516,9.260965263556159,2.3189690886117917,1.0706469472726308,0.46169090934866835,0,"[[1, 5], [1, 5], [1, 5], [1, 5]]","[true, true, true, true, true]",0,0.0,0,1,0.28351599999999166
rounded_square--demand_aligned,rounded_square,demand_aligned,811,full_trajectory,13.689782044868046,4.552095124167669,4.552095124167669,0.439853207154879,0.33251772082625186,0.8333333333333334,0.5,16.453314261243754,6.2619877932142405,2.7192138174997047,0.45314951795731667,0.16664725482087467,0,"[[0, 1, 2, 3, 4, 5], [0, 1, 2, 3, 4, 5], [0, 1, 2, 3, 4, 5], [0, 1, 2, 3, 4, 5]]","[true, true, true, true, true]",0,0.0,0,1,0.30595237500000394
rounded_square--demand_aligned,rounded_square,demand_aligned,811,static_tolerance,13.689782044868046,4.327140609422883,4.327140609422883,0.46734071451994075,0.31608542745536394,0.8333333333333334,0.6666666666666666,16.453314261243754,5.744905268737368,2.7192138174997047,0.8069907174248482,0.2967735424965109,0,"[[2, 4], [2, 4], [2, 4], [2, 4]]","[true, true, true, true, true]",0,0.0,0,1,0.19982283299999892
rounded_square--demand_aligned,rounded_square,demand_aligned,811,curvature_zones,13.689782044868046,5.574369205182176,5.574369205182176,0.5041183985472293,0.407191961633302,0.8333333333333334,0.5,16.453314261243754,7.629002400677207,2.7192138174997047,0.5801205084571719,0.2133412623618499,0,"[[0, 5], [0, 5], [0, 5], [0, 5]]","[true, true, true, true, true]",0,0.0,0,1,0.2411416660000043
rounded_square--demand_aligned,rounded_square,demand_aligned,811,error_peak_dynamic,13.689782044868046,3.7535872552917176,3.7535872552917176,0.4608815573397079,0.27418897123339103,0.8333333333333334,0.6666666666666666,16.453314261243754,4.83037685274383,2.7192138174997047,0.7967175333346563,0.2929955445972365,3,"[[3, 4], [1, 2], [2, 4], [1, 2]]","[true, true, true, true, true]",0,0.0,0,1,0.19404016700001137
rounded_square--demand_aligned,rounded_square,demand_aligned,811,violation_dynamic,13.689782044868046,2.7990724801491966,2.7990724801491966,0.4153874247568722,0.20446435677173533,0.8333333333333334,0.6666666666666666,16.453314261243754,3.2805226367762916,2.7192138174997047,0.7993349391303206,0.29395810435580333,2,"[[2, 4], [1, 2], [2, 4], [2, 4]]","[true, true, true, true, true]",0,0.0,0,1,0.1989283329999978
rounded_square--demand_aligned,rounded_square,demand_aligned,811,violation_safe,13.689782044868046,2.7990724801491966,2.7990724801491966,0.4153874247568722,0.20446435677173533,0.8333333333333334,0.6666666666666666,16.453314261243754,3.2805226367762916,2.7192138174997047,0.7993349391303206,0.29395810435580333,2,"[[2, 4], [1, 2], [2, 4], [2, 4]]","[true, true, true, true, true]",0,4.0,0,1,0.19743558300000075
rounded_square--demand_aligned,rounded_square,demand_aligned,811,random_zones,13.689782044868046,6.15849869186253,6.15849869186253,0.5352513954479352,0.44986097453400986,0.8333333333333334,0.5,16.453314261243754,8.451768997570467,2.7192138174997047,0.616843357694823,0.22684621331543744,0,"[[0, 3], [0, 3], [0, 3], [0, 3]]","[true, true, true, true, true]",0,0.0,0,1,0.2064977090000042
rounded_square--demand_aligned,rounded_square,demand_aligned,827,full_trajectory,7.886612690258718,2.3666776931129836,2.3666776931129836,0.5248766184718732,0.30008798277062915,0.6666666666666666,0.5,9.949213282983475,3.0626691560052755,0.8018880810129837,0.23353874276384184,0.2912360818093523,0,"[[0, 1, 2, 3, 4, 5], [0, 1, 2, 3, 4, 5], [0, 1, 2, 3, 4, 5], [0, 1, 2, 3, 4, 5]]","[true, true, true, true, true]",0,0.0,0,1,0.2421629999999908
rounded_square--demand_aligned,rounded_square,demand_aligned,827,static_tolerance,7.886612690258718,3.7036889298341418,3.7036889298341418,0.5942398377870531,0.4696171950232595,0.6666666666666666,0.5,9.949213282983475,5.144411054520462,0.8018880810129837,0.4269106341911376,0.5323818177367639,0,"[[2, 4], [2, 4], [2, 4], [2, 4]]","[true, true, true, true, true]",0,0.0,0,1,0.17238304199999277
rounded_square--demand_aligned,rounded_square,demand_aligned,827,curvature_zones,7.886612690258718,4.389280302104871,4.389280302104871,0.7149284961572466,0.5565482260243824,0.6666666666666666,0.6666666666666666,9.949213282983475,5.8199497620881715,0.8018880810129837,0.39167988392307457,0.48844707035461316,0,"[[0, 5], [0, 5], [0, 5], [0, 5]]","[true, true, true, true, true]",0,0.0,0,1,0.205726332999987
rounded_square--demand_aligned,rounded_square,demand_aligned,827,error_peak_dynamic,7.886612690258718,1.7908420278106274,1.7908420278106274,0.5265852381336402,0.22707366243845295,0.6666666666666666,0.6666666666666666,9.949213282983475,2.125123029021961,0.8018880810129837,0.3482399753337203,0.43427503610454815,3,"[[2, 4], [1, 4], [1, 2], [2, 4]]","[true, true, true, true, true]",0,0.0,0,1,0.17644666700000755
rounded_square--demand_aligned,rounded_square,demand_aligned,827,violation_dynamic,7.886612690258718,2.459611786222694,2.459611786222694,0.506196662981714,0.3118717607700863,0.6666666666666666,0.5,9.949213282983475,3.284768131742829,0.8018880810129837,0.337795159362957,0.4212497571185219,3,"[[2, 4], [1, 2], [2, 4], [1, 4]]","[true, true, true, true, true]",0,0.0,0,1,0.17633979100000374
rounded_square--demand_aligned,rounded_square,demand_aligned,827,violation_safe,7.886612690258718,2.361386032930078,2.459611786222694,0.506196662981714,0.29941701534890686,0.6666666666666666,0.6666666666666666,9.949213282983475,2.8563622723744007,0.8018880810129837,0.4082607618259425,0.5091243672186869,3,"[[2, 4], [1, 2], [2, 4], [1, 4]]","[true, true, true, true, false]",1,2.0,0,1,0.1793773750000014
rounded_square--demand_aligned,rounded_square,demand_aligned,827,random_zones,7.886612690258718,5.882663253984285,5.882663253984285,0.7950513775349012,0.7459049258562368,0.6666666666666666,0.3333333333333333,9.949213282983475,8.296535289575937,0.8018880810129837,0.5249321640625969,0.6546202350326461,0,"[[1, 2], [1, 2], [1, 2], [1, 2]]","[true, true, true, true, true]",0,0.0,0,1,0.1658193749999981
rounded_square--demand_aligned,rounded_square,demand_aligned,853,full_trajectory,9.47813786581866,2.0186776082309374,2.0186776082309374,0.436590330097711,0.2129825116293112,0.6666666666666666,0.5,12.58857037854854,2.648651035277555,0.930647295179054,0.20429177561852854,0.21951578936166508,0,"[[0, 1, 2, 3, 4, 5], [0, 1, 2, 3, 4, 5], [0, 1, 2, 3, 4, 5], [0, 1, 2, 3, 4, 5]]","[true, true, true, true, true]",0,0.0,0,1,0.23509670800000038
rounded_square--demand_aligned,rounded_square,demand_aligned,853,static_tolerance,9.47813786581866,3.326354469817482,3.326354469817482,0.4839960962605878,0.35095020951461686,0.6666666666666666,0.6666666666666666,12.58857037854854,4.455977044550093,0.930647295179054,0.44276636931469326,0.4757617322999969,0,"[[2, 4], [2, 4], [2, 4], [2, 4]]","[true, true, true, true, true]",0,0.0,0,1,0.17223599999999806
rounded_square--demand_aligned,rounded_square,demand_aligned,853,curvature_zones,9.47813786581866,3.987129302502713,3.987129302502713,0.6232179244403137,0.4206658901725451,0.6666666666666666,0.6666666666666666,12.58857037854854,5.0845329653306175,0.930647295179054,0.3881256766256708,0.41704916420672183,0,"[[0, 5], [0, 5], [0, 5], [0, 5]]","[true, true, true, true, true]",0,0.0,0,1,0.20085150000001306
rounded_square--demand_aligned,rounded_square,demand_aligned,853,error_peak_dynamic,9.47813786581866,3.102121065047676,3.102121065047676,0.4610767007815221,0.3272922496975871,0.6666666666666666,0.6666666666666666,12.58857037854854,3.9576751076510375,0.930647295179054,0.33152152377564953,0.35622681706915155,3,"[[2, 4], [1, 3], [2, 4], [1, 3]]","[true, true, true, true, true]",0,0.0,0,1,0.17699758300000212
rounded_square--demand_aligned,rounded_square,demand_aligned,853,violation_dynamic,9.47813786581866,2.3074100063101377,2.3074100063101377,0.45059585699674853,0.24344549941939875,0.6666666666666666,0.5,12.58857037854854,2.8698276613468745,0.930647295179054,0.3116319773271027,0.33485508306038275,3,"[[2, 4], [1, 3], [2, 4], [3, 4]]","[true, true, true, true, true]",0,0.0,0,1,0.1777814999999947
rounded_square--demand_aligned,rounded_square,demand_aligned,853,violation_safe,9.47813786581866,2.3074100063101377,2.3074100063101377,0.45059585699674853,0.24344549941939875,0.6666666666666666,0.5,12.58857037854854,2.8698276613468745,0.930647295179054,0.3116319773271027,0.33485508306038275,3,"[[2, 4], [1, 3], [2, 4], [3, 4]]","[true, true, true, true, true]",0,4.0,0,1,0.1776892090000075
rounded_square--demand_aligned,rounded_square,demand_aligned,853,random_zones,9.47813786581866,5.117418909893094,5.117418909893094,0.731752612380892,0.5399181761586547,0.6666666666666666,0.3333333333333333,12.58857037854854,7.070878119670031,0.930647295179054,0.3973681364030105,0.4269803807107804,0,"[[3, 4], [3, 4], [3, 4], [3, 4]]","[true, true, true, true, true]",0,0.0,0,1,0.17963779099999044
rounded_square--demand_aligned,rounded_square,demand_aligned,877,full_trajectory,8.46910618185956,2.6364166699228972,2.6364166699228972,0.5224188088382521,0.31129810080430703,0.6666666666666666,0.5,10.773558544151259,3.4506642039386546,0.9222744981420868,0.25791109657791744,0.27964678314046076,0,"[[0, 1, 2, 3, 4, 5], [0, 1, 2, 3, 4, 5], [0, 1, 2, 3, 4, 5], [0, 1, 2, 3, 4, 5]]","[true, true, true, true, true]",0,0.0,0,1,0.23559762499999692
rounded_square--demand_aligned,rounded_square,demand_aligned,877,static_tolerance,8.46910618185956,3.814926843717173,3.814926843717173,0.5696583228811795,0.4504521211327557,0.6666666666666666,0.5,10.773558544151259,5.306091942312754,0.9222744981420868,0.45787388038554405,0.49646160802226086,0,"[[2, 4], [2, 4], [2, 4], [2, 4]]","[true, true, true, true, true]",0,0.0,0,1,0.1714472919999963
rounded_square--demand_aligned,rounded_square,demand_aligned,877,curvature_zones,8.46910618185956,4.582562240052926,4.582562240052926,0.6970000028233745,0.5410916030157428,0.6666666666666666,0.6666666666666666,10.773558544151259,6.111052685860913,0.9222744981420868,0.4101599035328957,0.444726493423768,0,"[[0, 5], [0, 5], [0, 5], [0, 5]]","[true, true, true, true, true]",0,0.0,0,1,0.21290820800000176
rounded_square--demand_aligned,rounded_square,demand_aligned,877,error_peak_dynamic,8.46910618185956,1.8170345028312718,1.8170345028312718,0.5087296737341853,0.2145485561065791,0.6666666666666666,0.5,10.773558544151259,2.155854350534159,0.9222744981420868,0.384627585211218,0.4170424163153666,3,"[[2, 4], [1, 4], [1, 2], [2, 4]]","[true, true, true, true, true]",0,0.0,0,1,0.1762882919999953
rounded_square--demand_aligned,rounded_square,demand_aligned,877,violation_dynamic,8.46910618185956,2.6384469953849794,2.6384469953849794,0.4852575216408853,0.31153783394951556,0.6666666666666666,0.5,10.773558544151259,3.555049091168463,0.9222744981420868,0.37840938839773536,0.4103001754467216,3,"[[2, 4], [1, 2], [2, 4], [1, 4]]","[true, true, true, true, true]",0,0.0,0,1,0.1768659580000076
rounded_square--demand_aligned,rounded_square,demand_aligned,877,violation_safe,8.46910618185956,2.3977085327973393,2.6384469953849794,0.4852575216408853,0.2831123475501018,0.6666666666666666,0.5,10.773558544151259,2.9297343762983585,0.9222744981420868,0.4464966294279295,0.48412552914277984,3,"[[2, 4], [1, 2], [2, 4], [1, 4]]","[true, true, true, true, false]",1,2.0,0,1,0.18047362500000474
rounded_square--demand_aligned,rounded_square,demand_aligned,877,random_zones,8.46910618185956,6.140363050110412,6.140363050110412,0.825809312358374,0.7250308259521872,0.6666666666666666,0.3333333333333333,10.773558544151259,8.515278645848696,0.9222744981420868,0.4853199983130788,0.5262207718968174,0,"[[4, 5], [4, 5], [4, 5], [4, 5]]","[true, true, true, true, true]",0,0.0,0,1,0.16844091699999808
rounded_square--demand_aligned,rounded_square,demand_aligned,907,full_trajectory,14.461630468268346,6.059161129457529,6.059161129457529,0.5193419075847863,0.41898188055299274,0.8333333333333334,0.5,17.42429607632198,8.26132045715843,2.587343668186013,0.5895484502510354,0.22785857847186103,0,"[[0, 1, 2, 3, 4, 5], [0, 1, 2, 3, 4, 5], [0, 1, 2, 3, 4, 5], [0, 1, 2, 3, 4, 5]]","[true, true, true, true, true]",0,0.0,0,1,0.3159888330000058
rounded_square--demand_aligned,rounded_square,demand_aligned,907,static_tolerance,14.461630468268346,5.590478563309643,5.590478563309643,0.5238926523328926,0.3865731858918847,0.8333333333333334,0.8333333333333334,17.42429607632198,7.279609881721311,2.587343668186013,0.9738637486112799,0.3763952043116313,0,"[[2, 4], [2, 4], [2, 4], [2, 4]]","[true, true, true, true, true]",0,0.0,0,1,0.21299333399998943
rounded_square--demand_aligned,rounded_square,demand_aligned,907,curvature_zones,14.461630468268346,7.401116409253257,7.401116409253257,0.5880434823026055,0.5117760701666909,0.8333333333333334,0.6666666666666666,17.42429607632198,10.133138501519836,2.587343668186013,0.702484126359902,0.27150785378751546,0,"[[0, 5], [0, 5], [0, 5], [0, 5]]","[true, true, true, true, true]",0,0.0,0,1,0.23859229200000698
rounded_square--demand_aligned,rounded_square,demand_aligned,907,error_peak_dynamic,14.461630468268346,4.286249341237627,4.286249341237627,0.520398821728869,0.2963876964386899,0.8333333333333334,0.8333333333333334,17.42429607632198,5.375436410312282,2.587343668186013,0.9254111018934859,0.35766841230731894,3,"[[1, 4], [2, 4], [1, 2], [2, 4]]","[true, true, true, true, true]",0,0.0,0,1,0.22898437499999602
rounded_square--demand_aligned,rounded_square,demand_aligned,907,violation_dynamic,14.461630468268346,4.224993549388825,4.224993549388825,0.48805814453051943,0.29215195054660603,0.8333333333333334,0.8333333333333334,17.42429607632198,5.157571423750045,2.587343668186013,0.9415040579558249,0.36388828802781875,2,"[[2, 4], [1, 2], [2, 4], [2, 4]]","[true, true, true, true, true]",0,0.0,0,1,0.24291595800001176
rounded_square--demand_aligned,rounded_square,demand_aligned,907,violation_safe,14.461630468268346,4.224993549388825,4.224993549388825,0.48805814453051943,0.29215195054660603,0.8333333333333334,0.8333333333333334,17.42429607632198,5.157571423750045,2.587343668186013,0.9415040579558249,0.36388828802781875,2,"[[2, 4], [1, 2], [2, 4], [2, 4]]","[true, true, true, true, true]",0,4.0,0,1,0.23170008299999267
rounded_square--demand_aligned,rounded_square,demand_aligned,907,random_zones,14.461630468268346,9.798155784295238,9.798155784295238,0.735236961821099,0.6775277383690804,0.8333333333333334,0.6666666666666666,17.42429607632198,13.35207914931661,2.587343668186013,1.0848144059636995,0.41927727626699973,0,"[[2, 5], [2, 5], [2, 5], [2, 5]]","[true, true, true, true, true]",0,0.0,0,1,0.2699187919999986
rounded_square--demand_aligned,rounded_square,demand_aligned,929,full_trajectory,16.456027946037786,8.829360380366529,8.829360380366529,0.6198416830771899,0.5365426219084919,0.6666666666666666,0.6666666666666666,20.197244514118022,11.269975231496757,2.3189690886117917,0.8738913738747388,0.3768447704483538,0,"[[0, 1, 2, 3, 4, 5], [0, 1, 2, 3, 4, 5], [0, 1, 2, 3, 4, 5], [0, 1, 2, 3, 4, 5]]","[true, true, true, true, true]",0,0.0,0,1,0.3414772090000042
rounded_square--demand_aligned,rounded_square,demand_aligned,929,static_tolerance,16.456027946037786,7.807666517360518,7.807666517360518,0.5965234708190846,0.47445632341918914,0.6666666666666666,0.8333333333333334,20.197244514118022,9.5495833290242,2.3189690886117917,1.3721151263684876,0.5916918570009396,0,"[[2, 4], [2, 4], [2, 4], [2, 4]]","[true, true, true, true, true]",0,0.0,0,1,0.2850666249999989
rounded_square--demand_aligned,rounded_square,demand_aligned,929,curvature_zones,16.456027946037786,10.1313626525491,10.1313626525491,0.6924605322013906,0.615662703403982,0.6666666666666666,0.6666666666666666,20.197244514118022,13.710600371945983,2.3189690886117917,0.9221197013866248,0.3976420841118822,0,"[[0, 5], [0, 5], [0, 5], [0, 5]]","[true, true, true, true, true]",0,0.0,0,1,0.25320745799999145
rounded_square--demand_aligned,rounded_square,demand_aligned,929,error_peak_dynamic,16.456027946037786,9.580313124960258,9.580313124960258,0.6556421166421402,0.5821765225712907,0.6666666666666666,0.8333333333333334,20.197244514118022,12.53345589221876,2.3189690886117917,1.3410459263416177,0.5782940069910161,3,"[[1, 4], [2, 4], [1, 4], [2, 3]]","[true, true, true, true, true]",0,0.0,0,1,0.2662742079999987
rounded_square--demand_aligned,rounded_square,demand_aligned,929,violation_dynamic,16.456027946037786,6.851115959320394,6.851115959320394,0.5680952517818143,0.4163286536572744,0.6666666666666666,0.8333333333333334,20.197244514118022,8.134961281727081,2.3189690886117917,1.346627823744656,0.5807010668481097,2,"[[2, 4], [1, 4], [2, 4], [2, 4]]","[true, true, true, true, true]",0,0.0,0,1,0.25242329200000313
rounded_square--demand_aligned,rounded_square,demand_aligned,929,violation_safe,16.456027946037786,6.851115959320394,6.851115959320394,0.5680952517818143,0.4163286536572744,0.6666666666666666,0.8333333333333334,20.197244514118022,8.134961281727081,2.3189690886117917,1.346627823744656,0.5807010668481097,2,"[[2, 4], [1, 4], [2, 4], [2, 4]]","[true, true, true, true, true]",0,4.0,0,1,0.2693952499999881
rounded_square--demand_aligned,rounded_square,demand_aligned,929,random_zones,16.456027946037786,10.1313626525491,10.1313626525491,0.6924605322013906,0.615662703403982,0.6666666666666666,0.6666666666666666,20.197244514118022,13.710600371945983,2.3189690886117917,0.9221197013866248,0.3976420841118822,0,"[[0, 5], [0, 5], [0, 5], [0, 5]]","[true, true, true, true, true]",0,0.0,0,1,0.25802570800000524
rounded_square--demand_conflict,rounded_square,demand_conflict,811,full_trajectory,10.854105278899807,1.5557275151511885,1.5557275151511885,0.3120744213281397,0.14333079283609823,1.0,0.6666666666666666,14.07529745457561,1.9058223718478124,2.7192138174997047,0.45314951795731667,0.16664725482087467,0,"[[0, 1, 2, 3, 4, 5], [0, 1, 2, 3, 4, 5], [0, 1, 2, 3, 4, 5], [0, 1, 2, 3, 4, 5]]","[true, true, true, true, true]",0,0.0,0,1,0.30349370799999065
rounded_square--demand_conflict,rounded_square,demand_conflict,811,static_tolerance,10.854105278899807,3.153083663647885,3.153083663647885,0.5169435711700175,0.2904968749268929,1.0,0.6666666666666666,14.07529745457561,4.02073886722974,2.7192138174997047,0.9421389394070365,0.34647475433665076,0,"[[0, 5], [0, 5], [0, 5], [0, 5]]","[true, true, true, true, true]",0,0.0,0,1,0.17710362500000087
rounded_square--demand_conflict,rounded_square,demand_conflict,811,curvature_zones,10.854105278899807,3.153083663647885,3.153083663647885,0.5169435711700175,0.2904968749268929,1.0,0.6666666666666666,14.07529745457561,4.02073886722974,2.7192138174997047,0.9421389394070365,0.34647475433665076,0,"[[0, 5], [0, 5], [0, 5], [0, 5]]","[true, true, true, true, true]",0,0.0,0,1,0.17684683299999904
rounded_square--demand_conflict,rounded_square,demand_conflict,811,error_peak_dynamic,10.854105278899807,1.340370281085043,1.340370281085043,0.31515986395779544,0.12348970704114136,1.0,0.5,14.07529745457561,1.5352066432656335,2.7192138174997047,0.6525993745714884,0.23999560842609585,3,"[[3, 4], [1, 2], [2, 4], [1, 2]]","[true, true, true, true, true]",0,0.0,0,1,0.23793949999999597
rounded_square--demand_conflict,rounded_square,demand_conflict,811,violation_dynamic,10.854105278899807,1.401998047008695,1.401998047008695,0.32360715006820656,0.12916753716532997,1.0,0.8333333333333334,14.07529745457561,1.5530691118322821,2.7192138174997047,0.6360051949163853,0.23389304321099214,3,"[[1, 3], [2, 3], [1, 4], [2, 3]]","[true, true, true, true, true]",0,0.0,0,1,0.19763912500000913
rounded_square--demand_conflict,rounded_square,demand_conflict,811,violation_safe,10.854105278899807,1.401998047008695,1.401998047008695,0.32360715006820656,0.12916753716532997,1.0,0.8333333333333334,14.07529745457561,1.5530691118322821,2.7192138174997047,0.6360051949163853,0.23389304321099214,3,"[[1, 3], [2, 3], [1, 4], [2, 3]]","[true, true, true, true, true]",0,4.0,0,1,0.19569400000000314
rounded_square--demand_conflict,rounded_square,demand_conflict,811,random_zones,10.854105278899807,2.9614960121324194,2.9614960121324194,0.42939800471916745,0.27284570547602083,1.0,0.6666666666666666,14.07529745457561,3.8454550305584525,2.7192138174997047,0.867799298819844,0.31913610222008154,0,"[[0, 3], [0, 3], [0, 3], [0, 3]]","[true, true, true, true, true]",0,0.0,0,1,0.17936687499999948
rounded_square--demand_conflict,rounded_square,demand_conflict,827,full_trajectory,3.7971341967709016,0.9927038855854744,0.9927038855854744,0.47448029646204043,0.26143502814034697,0.6666666666666666,0.16666666666666666,4.690089867725652,1.2198615445248218,0.8018880810129837,0.23353874276384184,0.2912360818093523,0,"[[0, 1, 2, 3, 4, 5], [0, 1, 2, 3, 4, 5], [0, 1, 2, 3, 4, 5], [0, 1, 2, 3, 4, 5]]","[true, true, true, true, true]",0,0.0,0,1,0.24305629199999146
rounded_square--demand_conflict,rounded_square,demand_conflict,827,static_tolerance,3.7971341967709016,2.5755942980858535,2.5755942980858535,0.8053099474670964,0.6782995186939006,0.6666666666666666,0.6666666666666666,4.690089867725652,3.0935766988335103,0.8018880810129837,0.5570580121512089,0.6946829929776563,0,"[[0, 5], [0, 5], [0, 5], [0, 5]]","[true, true, true, true, true]",0,0.0,0,1,0.15970345800000985
rounded_square--demand_conflict,rounded_square,demand_conflict,827,curvature_zones,3.7971341967709016,2.5755942980858535,2.5755942980858535,0.8053099474670964,0.6782995186939006,0.6666666666666666,0.6666666666666666,4.690089867725652,3.0935766988335103,0.8018880810129837,0.5570580121512089,0.6946829929776563,0,"[[0, 5], [0, 5], [0, 5], [0, 5]]","[true, true, true, true, true]",0,0.0,0,1,0.15936849999999936
rounded_square--demand_conflict,rounded_square,demand_conflict,827,error_peak_dynamic,3.7971341967709016,1.233901176004943,1.233901176004943,0.5499510779836119,0.32495590412744896,0.6666666666666666,0.3333333333333333,4.690089867725652,1.5643292471360901,0.8018880810129837,0.30045923748668635,0.3746897411258835,3,"[[2, 4], [1, 4], [1, 2], [2, 4]]","[true, true, true, true, true]",0,0.0,0,1,0.22299537499999644
rounded_square--demand_conflict,rounded_square,demand_conflict,827,violation_dynamic,3.7971341967709016,1.0839049018477387,1.0839049018477387,0.5440360703451054,0.28545340924992746,0.6666666666666666,0.3333333333333333,4.690089867725652,1.276949644995154,0.8018880810129837,0.2999402338872626,0.37404251414781425,3,"[[1, 4], [1, 2], [3, 4], [2, 4]]","[true, true, true, true, true]",0,0.0,0,1,0.2174535839999976
rounded_square--demand_conflict,rounded_square,demand_conflict,827,violation_safe,3.7971341967709016,1.0839049018477387,1.0839049018477387,0.5440360703451054,0.28545340924992746,0.6666666666666666,0.3333333333333333,4.690089867725652,1.276949644995154,0.8018880810129837,0.2999402338872626,0.37404251414781425,3,"[[1, 4], [1, 2], [3, 4], [2, 4]]","[true, true, true, true, true]",0,4.0,0,1,0.21288137499999493
rounded_square--demand_conflict,rounded_square,demand_conflict,827,random_zones,3.7971341967709016,1.9604224033132334,1.9604224033132334,0.6599339202135475,0.5162899970668365,0.6666666666666666,0.3333333333333333,4.690089867725652,2.5731263711794314,0.8018880810129837,0.386145552422941,0.48154544451532855,0,"[[1, 2], [1, 2], [1, 2], [1, 2]]","[true, true, true, true, true]",0,0.0,0,1,0.19820441699999947
rounded_square--demand_conflict,rounded_square,demand_conflict,853,full_trajectory,4.1741632865137825,1.0719885281733506,1.0719885281733506,0.5430988258386747,0.2568151877615368,0.8333333333333334,0.3333333333333333,4.941516893546302,1.3243255176387776,0.930647295179054,0.20429177561852854,0.21951578936166508,0,"[[0, 1, 2, 3, 4, 5], [0, 1, 2, 3, 4, 5], [0, 1, 2, 3, 4, 5], [0, 1, 2, 3, 4, 5]]","[true, true, true, true, true]",0,0.0,0,1,0.23726962499999615
rounded_square--demand_conflict,rounded_square,demand_conflict,853,static_tolerance,4.1741632865137825,3.165441512390882,3.165441512390882,0.860123484150968,0.7583415633542754,0.8333333333333334,0.6666666666666666,4.941516893546302,3.9296543294127506,0.930647295179054,0.5649155785059703,0.607013614537269,0,"[[0, 5], [0, 5], [0, 5], [0, 5]]","[true, true, true, true, true]",0,0.0,0,1,0.15501570900001127
rounded_square--demand_conflict,rounded_square,demand_conflict,853,curvature_zones,4.1741632865137825,3.165441512390882,3.165441512390882,0.860123484150968,0.7583415633542754,0.8333333333333334,0.6666666666666666,4.941516893546302,3.9296543294127506,0.930647295179054,0.5649155785059703,0.607013614537269,0,"[[0, 5], [0, 5], [0, 5], [0, 5]]","[true, true, true, true, true]",0,0.0,0,1,0.15531858299999612
rounded_square--demand_conflict,rounded_square,demand_conflict,853,error_peak_dynamic,4.1741632865137825,1.2067466423440458,1.2067466423440458,0.6318926432868548,0.28909905039960904,0.8333333333333334,0.3333333333333333,4.941516893546302,1.527165394732664,0.930647295179054,0.256452771914344,0.2755638717727141,3,"[[2, 4], [1, 3], [2, 4], [3, 4]]","[true, true, true, true, true]",0,0.0,0,1,0.2031070000000028
rounded_square--demand_conflict,rounded_square,demand_conflict,853,violation_dynamic,4.1741632865137825,1.183019582642705,1.183019582642705,0.6043651692681052,0.2834147831410665,0.8333333333333334,0.5,4.941516893546302,1.4235821688807924,0.930647295179054,0.29931972017814307,0.3216253050201524,3,"[[1, 3], [2, 4], [1, 3], [3, 4]]","[true, true, true, true, true]",0,0.0,0,1,0.20803354199999546
rounded_square--demand_conflict,rounded_square,demand_conflict,853,violation_safe,4.1741632865137825,1.183019582642705,1.183019582642705,0.6043651692681052,0.2834147831410665,0.8333333333333334,0.5,4.941516893546302,1.4235821688807924,0.930647295179054,0.29931972017814307,0.3216253050201524,3,"[[1, 3], [2, 4], [1, 3], [3, 4]]","[true, true, true, true, true]",0,4.0,0,1,0.20717066699999975
rounded_square--demand_conflict,rounded_square,demand_conflict,853,random_zones,4.1741632865137825,2.5899038808539485,2.5899038808539485,0.8665375907195916,0.6204606056551777,0.8333333333333334,0.3333333333333333,4.941516893546302,3.3993792151220052,0.930647295179054,0.39138041463211093,0.42054644832638816,0,"[[1, 2], [1, 2], [1, 2], [1, 2]]","[true, true, true, true, true]",0,0.0,0,1,0.2117543330000018
rounded_square--demand_conflict,rounded_square,demand_conflict,877,full_trajectory,3.944498650075359,1.0368399263715329,1.0368399263715329,0.4622476995388093,0.26285721414855195,0.6666666666666666,0.3333333333333333,4.740608694874383,1.2622650825965018,0.9222744981420868,0.25791109657791744,0.27964678314046076,0,"[[0, 1, 2, 3, 4, 5], [0, 1, 2, 3, 4, 5], [0, 1, 2, 3, 4, 5], [0, 1, 2, 3, 4, 5]]","[true, true, true, true, true]",0,0.0,0,1,0.23680149999999855
rounded_square--demand_conflict,rounded_square,demand_conflict,877,static_tolerance,3.944498650075359,2.607293992500817,2.607293992500817,0.789329180100467,0.6609950272009866,0.6666666666666666,0.6666666666666666,4.740608694874383,3.1849140189258867,0.9222744981420868,0.5824550220331168,0.6315419359490769,0,"[[0, 5], [0, 5], [0, 5], [0, 5]]","[true, true, true, true, true]",0,0.0,0,1,0.1589442080000083
rounded_square--demand_conflict,rounded_square,demand_conflict,877,curvature_zones,3.944498650075359,2.607293992500817,2.607293992500817,0.789329180100467,0.6609950272009866,0.6666666666666666,0.6666666666666666,4.740608694874383,3.1849140189258867,0.9222744981420868,0.5824550220331168,0.6315419359490769,0,"[[0, 5], [0, 5], [0, 5], [0, 5]]","[true, true, true, true, true]",0,0.0,0,1,0.15721137500000282
rounded_square--demand_conflict,rounded_square,demand_conflict,877,error_peak_dynamic,3.944498650075359,1.0457918882963209,1.0457918882963209,0.5137933288372871,0.26512669443462505,0.6666666666666666,0.3333333333333333,4.740608694874383,1.2417305558322305,0.9222744981420868,0.3281236869107844,0.35577660183794135,3,"[[2, 4], [1, 4], [1, 2], [2, 4]]","[true, true, true, true, true]",0,0.0,0,1,0.2238380839999934
rounded_square--demand_conflict,rounded_square,demand_conflict,877,violation_dynamic,3.944498650075359,1.1050311045040402,1.1050311045040402,0.5180631055230935,0.28014488089200607,0.6666666666666666,0.3333333333333333,4.740608694874383,1.3193256286221828,0.9222744981420868,0.3337389971293818,0.36186514730884983,3,"[[1, 4], [1, 2], [3, 4], [2, 4]]","[true, true, true, true, true]",0,0.0,0,1,0.21649050000000614
rounded_square--demand_conflict,rounded_square,demand_conflict,877,violation_safe,3.944498650075359,1.1050311045040402,1.1050311045040402,0.5180631055230935,0.28014488089200607,0.6666666666666666,0.3333333333333333,4.740608694874383,1.3193256286221828,0.9222744981420868,0.3337389971293818,0.36186514730884983,3,"[[1, 4], [1, 2], [3, 4], [2, 4]]","[true, true, true, true, true]",0,4.0,0,1,0.21373320800000783
rounded_square--demand_conflict,rounded_square,demand_conflict,877,random_zones,3.944498650075359,2.692111527133388,2.692111527133388,0.7958422081828094,0.6824977686535539,0.6666666666666666,0.5,4.740608694874383,3.2512398594395537,0.9222744981420868,0.5546868180975575,0.6014335419823152,0,"[[0, 2], [0, 2], [0, 2], [0, 2]]","[true, true, true, true, true]",0,0.0,0,1,0.17768587500000876
rounded_square--demand_conflict,rounded_square,demand_conflict,907,full_trajectory,9.772463555134863,2.0587952460961834,2.0587952460961834,0.3539014961294832,0.21067310555631655,1.0,0.8333333333333334,12.064347841788894,2.5143149217438703,2.587343668186013,0.5895484502510354,0.22785857847186103,0,"[[0, 1, 2, 3, 4, 5], [0, 1, 2, 3, 4, 5], [0, 1, 2, 3, 4, 5], [0, 1, 2, 3, 4, 5]]","[true, true, true, true, true]",0,0.0,0,1,0.31906399999999735
rounded_square--demand_conflict,rounded_square,demand_conflict,907,static_tolerance,9.772463555134863,3.8549289805652593,3.8549289805652593,0.5774488061395494,0.39446849392850564,1.0,0.6666666666666666,12.064347841788894,4.934742275446527,2.587343668186013,1.0502602259561942,0.40592219691191306,0,"[[0, 5], [0, 5], [0, 5], [0, 5]]","[true, true, true, true, true]",0,0.0,0,1,0.18728549999998734
rounded_square--demand_conflict,rounded_square,demand_conflict,907,curvature_zones,9.772463555134863,3.8549289805652593,3.8549289805652593,0.5774488061395494,0.39446849392850564,1.0,0.6666666666666666,12.064347841788894,4.934742275446527,2.587343668186013,1.0502602259561942,0.40592219691191306,0,"[[0, 5], [0, 5], [0, 5], [0, 5]]","[true, true, true, true, true]",0,0.0,0,1,0.18529187500000432
rounded_square--demand_conflict,rounded_square,demand_conflict,907,error_peak_dynamic,9.772463555134863,1.9578725527011867,1.9578725527011867,0.35483460273333234,0.20034585359721688,1.0,0.8333333333333334,12.064347841788894,2.242124289424015,2.587343668186013,0.728047032035793,0.2813878345531991,1,"[[1, 4], [2, 4], [2, 4], [2, 4]]","[true, true, true, true, true]",0,0.0,0,1,0.36999499999998875
rounded_square--demand_conflict,rounded_square,demand_conflict,907,violation_dynamic,9.772463555134863,2.007408731328631,2.007408731328631,0.38681214702081773,0.20541480866141004,1.0,0.8333333333333334,12.064347841788894,2.335745409992752,2.587343668186013,0.7834780825864738,0.3028117571778821,3,"[[1, 3], [3, 4], [1, 2], [2, 4]]","[true, true, true, true, true]",0,0.0,0,1,0.2490915829999949
rounded_square--demand_conflict,rounded_square,demand_conflict,907,violation_safe,9.772463555134863,2.007408731328631,2.007408731328631,0.38681214702081773,0.20541480866141004,1.0,0.8333333333333334,12.064347841788894,2.335745409992752,2.587343668186013,0.7834780825864738,0.3028117571778821,3,"[[1, 3], [3, 4], [1, 2], [2, 4]]","[true, true, true, true, true]",0,4.0,0,1,0.2549420830000031
rounded_square--demand_conflict,rounded_square,demand_conflict,907,random_zones,9.772463555134863,3.8549289805652593,3.8549289805652593,0.5774488061395494,0.39446849392850564,1.0,0.6666666666666666,12.064347841788894,4.934742275446527,2.587343668186013,1.0502602259561942,0.40592219691191306,0,"[[0, 5], [0, 5], [0, 5], [0, 5]]","[true, true, true, true, true]",0,0.0,0,1,0.18808179200000552
rounded_square--demand_conflict,rounded_square,demand_conflict,929,full_trajectory,9.014474380517777,4.007244321015206,4.007244321015206,0.5198715054173904,0.4445344400418647,1.0,0.8333333333333334,10.749362245057823,5.09812741075274,2.3189690886117917,0.8738913738747388,0.3768447704483538,0,"[[0, 1, 2, 3, 4, 5], [0, 1, 2, 3, 4, 5], [0, 1, 2, 3, 4, 5], [0, 1, 2, 3, 4, 5]]","[true, true, true, true, true]",0,0.0,0,1,0.34250399999999104
rounded_square--demand_conflict,rounded_square,demand_conflict,929,static_tolerance,9.014474380517777,5.1534549854055065,5.1534549854055065,0.7312054710170987,0.5716866860860167,1.0,0.6666666666666666,10.749362245057823,6.443465053100146,2.3189690886117917,1.2481972377766641,0.5382552289749901,0,"[[0, 5], [0, 5], [0, 5], [0, 5]]","[true, true, true, true, true]",0,0.0,0,1,0.18520166599999754
rounded_square--demand_conflict,rounded_square,demand_conflict,929,curvature_zones,9.014474380517777,5.1534549854055065,5.1534549854055065,0.7312054710170987,0.5716866860860167,1.0,0.6666666666666666,10.749362245057823,6.443465053100146,2.3189690886117917,1.2481972377766641,0.5382552289749901,0,"[[0, 5], [0, 5], [0, 5], [0, 5]]","[true, true, true, true, true]",0,0.0,0,1,0.18411295900000368
rounded_square--demand_conflict,rounded_square,demand_conflict,929,error_peak_dynamic,9.014474380517777,3.6518580345581335,3.6518580345581335,0.5481597325540606,0.4051104790369793,1.0,0.8333333333333334,10.749362245057823,4.346742227366998,2.3189690886117917,1.0449858032997235,0.45062515426856553,2,"[[1, 4], [2, 4], [2, 4], [3, 4]]","[true, true, true, true, true]",0,0.0,0,1,0.2722556660000066
rounded_square--demand_conflict,rounded_square,demand_conflict,929,violation_dynamic,9.014474380517777,3.5636531950342483,3.5636531950342483,0.5499676274181198,0.39532567786049416,1.0,0.8333333333333334,10.749362245057823,4.06569472371921,2.3189690886117917,1.096475254108626,0.47282874941856634,2,"[[1, 4], [1, 4], [2, 4], [3, 4]]","[true, true, true, true, true]",0,0.0,0,1,0.2714831659999959
rounded_square--demand_conflict,rounded_square,demand_conflict,929,violation_safe,9.014474380517777,4.108437680532852,4.7043739101151205,0.5657855313098072,0.4557600928360362,1.0,0.8333333333333334,10.749362245057823,4.930654178992219,2.3189690886117917,1.449289785657271,0.6249715844745743,1,"[[1, 4], [1, 4], [2, 4], [2, 4]]","[true, true, true, false, false]",2,1.0,0,1,0.3027482500000076
rounded_square--demand_conflict,rounded_square,demand_conflict,929,random_zones,9.014474380517777,4.075959605308102,4.075959605308102,0.6263696763044901,0.45215721219610205,1.0,0.6666666666666666,10.749362245057823,4.855716667453543,2.3189690886117917,1.1653911968411,0.5025471027467382,0,"[[4, 5], [4, 5], [4, 5], [4, 5]]","[true, true, true, true, true]",0,0.0,0,1,0.2143323749999979
figure_eight--neutral,figure_eight,neutral,811,full_trajectory,11.824206332985927,1.6671865090732516,1.6671865090732516,0.40867212456600643,0.14099775174104584,1.0,0.3333333333333333,14.507734985300026,2.212360761675626,2.2947730221804523,0.23325167468483932,0.10164476940870071,0,"[[0, 1, 2, 3, 4, 5], [0, 1, 2, 3, 4, 5], [0, 1, 2, 3, 4, 5], [0, 1, 2, 3, 4, 5]]","[true, true, true, true, true]",0,0.0,0,1,0.29140216599999746
figure_eight--neutral,figure_eight,neutral,811,static_tolerance,11.824206332985927,2.173340838364401,2.173340838364401,0.4387948915814116,0.18380437360107996,1.0,0.5,14.507734985300026,2.888153346004994,2.2947730221804523,0.3105593289708344,0.13533335365592997,0,"[[4, 5], [4, 5], [4, 5], [4, 5]]","[true, true, true, true, true]",0,0.0,0,1,0.24516841700000214
figure_eight--neutral,figure_eight,neutral,811,curvature_zones,11.824206332985927,2.3466324335353295,2.3466324335353295,0.45157279172145637,0.19846003760852354,1.0,0.3333333333333333,14.507734985300026,3.1675415476777546,2.2947730221804523,0.33301937733456494,0.14512083509598517,0,"[[2, 4], [2, 4], [2, 4], [2, 4]]","[true, true, true, true, true]",0,0.0,0,1,0.2736747919999942
figure_eight--neutral,figure_eight,neutral,811,error_peak_dynamic,11.824206332985927,1.1281458416887058,1.1281458416887058,0.3880167806020538,0.09540985753449881,1.0,0.5,14.507734985300026,1.3818710838303474,2.2947730221804523,0.19723643346137132,0.0859503016441952,2,"[[3, 4], [2, 3], [2, 3], [3, 4]]","[true, true, true, true, true]",0,0.0,0,1,0.2767946660000007
figure_eight--neutral,figure_eight,neutral,811,violation_dynamic,11.824206332985927,1.0438027968476402,1.0438027968476402,0.3757818383564044,0.08827677456335897,1.0,0.5,14.507734985300026,1.2365242224375925,2.2947730221804523,0.19254846048318217,0.08390740984928699,3,"[[2, 3], [3, 4], [2, 3], [3, 4]]","[true, true, true, true, true]",0,0.0,0,1,0.28820787499999767
figure_eight--neutral,figure_eight,neutral,811,violation_safe,11.824206332985927,1.0438027968476402,1.0438027968476402,0.3757818383564044,0.08827677456335897,1.0,0.5,14.507734985300026,1.2365242224375925,2.2947730221804523,0.19254846048318217,0.08390740984928699,3,"[[2, 3], [3, 4], [2, 3], [3, 4]]","[true, true, true, true, true]",0,4.0,0,1,0.2882659170000039
figure_eight--neutral,figure_eight,neutral,811,random_zones,11.824206332985927,1.2265179533447566,1.2265179533447566,0.3616208477940228,0.10372941056713006,1.0,0.5,14.507734985300026,1.518459960545481,2.2947730221804523,0.2073600790960711,0.0903619125254668,0,"[[1, 3], [1, 3], [1, 3], [1, 3]]","[true, true, true, true, true]",0,0.0,0,1,0.27721670900000106
figure_eight--neutral,figure_eight,neutral,827,full_trajectory,5.461086625627456,0.3014085146208254,0.3014085146208254,0.31947869108390076,0.05519204057419522,0.6666666666666666,0.0,6.772931783728732,0.3819279050192351,1.0333782713797601,0.05628555361115966,0.054467521884321746,0,"[[0, 1, 2, 3, 4, 5], [0, 1, 2, 3, 4, 5], [0, 1, 2, 3, 4, 5], [0, 1, 2, 3, 4, 5]]","[true, true, true, true, true]",0,0.0,0,1,0.21034837499999526
figure_eight--neutral,figure_eight,neutral,827,static_tolerance,5.461086625627456,0.6180710400256798,0.6180710400256798,0.38486406924767746,0.11317730012287912,0.6666666666666666,0.0,6.772931783728732,0.8169039550740889,1.0333782713797601,0.10267283832946192,0.0993564904285957,0,"[[4, 5], [4, 5], [4, 5], [4, 5]]","[true, true, true, true, true]",0,0.0,0,1,0.19604345799999123
figure_eight--neutral,figure_eight,neutral,827,curvature_zones,5.461086625627456,0.348258672920192,0.348258672920192,0.3043709655162677,0.06377094831015953,0.6666666666666666,0.0,6.772931783728732,0.47793148352173764,1.0333782713797601,0.07815694447479664,0.07563246358029377,0,"[[2, 4], [2, 4], [2, 4], [2, 4]]","[true, true, true, true, true]",0,0.0,0,1,0.20542325000000972
figure_eight--neutral,figure_eight,neutral,827,error_peak_dynamic,5.461086625627456,0.24194612012812583,0.24194612012812583,0.2979350596518096,0.04430365909098306,0.6666666666666666,0.0,6.772931783728732,0.3029623176685962,1.0333782713797601,0.07141117678246302,0.06910458518458615,2,"[[2, 4], [2, 4], [3, 4], [2, 3]]","[true, true, true, true, true]",0,0.0,0,1,0.1950864580000058
figure_eight--neutral,figure_eight,neutral,827,violation_dynamic,5.461086625627456,0.24194612012812583,0.24194612012812583,0.2979350596518096,0.04430365909098306,0.6666666666666666,0.0,6.772931783728732,0.3029623176685962,1.0333782713797601,0.07141117678246302,0.06910458518458615,2,"[[2, 4], [2, 4], [3, 4], [2, 3]]","[true, true, true, true, true]",0,0.0,0,1,0.3401496249999951
figure_eight--neutral,figure_eight,neutral,827,violation_safe,5.461086625627456,0.24194612012812583,0.24194612012812583,0.2979350596518096,0.04430365909098306,0.6666666666666666,0.0,6.772931783728732,0.3029623176685962,1.0333782713797601,0.07141117678246302,0.06910458518458615,2,"[[2, 4], [2, 4], [3, 4], [2, 3]]","[true, true, true, true, true]",0,4.0,0,1,0.2185662079999986
figure_eight--neutral,figure_eight,neutral,827,random_zones,5.461086625627456,0.6180710400256798,0.6180710400256798,0.38486406924767746,0.11317730012287912,0.6666666666666666,0.0,6.772931783728732,0.8169039550740889,1.0333782713797601,0.10267283832946192,0.0993564904285957,0,"[[4, 5], [4, 5], [4, 5], [4, 5]]","[true, true, true, true, true]",0,0.0,0,1,0.1935827080000081
figure_eight--neutral,figure_eight,neutral,853,full_trajectory,5.6047653484909,0.23232236262948275,0.23232236262948275,0.3059842314158631,0.04145086336077143,0.8333333333333334,0.0,6.893816120442325,0.29594766363872743,1.0209746151046437,0.04125841241337452,0.04041081120233904,0,"[[0, 1, 2, 3, 4, 5], [0, 1, 2, 3, 4, 5], [0, 1, 2, 3, 4, 5], [0, 1, 2, 3, 4, 5]]","[true, true, true, true, true]",0,0.0,0,1,0.20407795799999917
figure_eight--neutral,figure_eight,neutral,853,static_tolerance,5.6047653484909,0.37311408659662204,0.37311408659662204,0.31541863792441294,0.06657086664602009,0.8333333333333334,0.0,6.893816120442325,0.5090073424386676,1.0209746151046437,0.06807155485936171,0.06667311199738771,0,"[[4, 5], [4, 5], [4, 5], [4, 5]]","[true, true, true, true, true]",0,0.0,0,1,0.17272362500000327
figure_eight--neutral,figure_eight,neutral,853,curvature_zones,5.6047653484909,0.13359637212296785,0.13359637212296785,0.2704199644476102,0.023836211476532036,0.8333333333333334,0.0,6.893816120442325,0.15193484685163505,1.0209746151046437,0.05611450719019968,0.05496170654982278,0,"[[2, 4], [2, 4], [2, 4], [2, 4]]","[true, true, true, true, true]",0,0.0,0,1,0.188837625000005
figure_eight--neutral,figure_eight,neutral,853,error_peak_dynamic,5.6047653484909,0.13359637212296785,0.13359637212296785,0.2704199644476102,0.023836211476532036,0.8333333333333334,0.0,6.893816120442325,0.15193484685163505,1.0209746151046437,0.05611450719019968,0.05496170654982278,0,"[[2, 4], [2, 4], [2, 4], [2, 4]]","[true, true, true, true, true]",0,0.0,0,1,0.18982920900000977
figure_eight--neutral,figure_eight,neutral,853,violation_dynamic,5.6047653484909,0.13359637212296785,0.13359637212296785,0.2704199644476102,0.023836211476532036,0.8333333333333334,0.0,6.893816120442325,0.15193484685163505,1.0209746151046437,0.05611450719019968,0.05496170654982278,0,"[[2, 4], [2, 4], [2, 4], [2, 4]]","[true, true, true, true, true]",0,0.0,0,1,0.21593412500000397
figure_eight--neutral,figure_eight,neutral,853,violation_safe,5.6047653484909,0.13359637212296785,0.13359637212296785,0.2704199644476102,0.023836211476532036,0.8333333333333334,0.0,6.893816120442325,0.15193484685163505,1.0209746151046437,0.05611450719019968,0.05496170654982278,0,"[[2, 4], [2, 4], [2, 4], [2, 4]]","[true, true, true, true, true]",0,4.0,0,1,0.19304858399999603
figure_eight--neutral,figure_eight,neutral,853,random_zones,5.6047653484909,0.5689363000769787,0.5689363000769787,0.3849830888414191,0.10150938794077553,0.8333333333333334,0.0,6.893816120442325,0.752037029131608,1.0209746151046437,0.09088534487958318,0.08901822193715167,0,"[[3, 5], [3, 5], [3, 5], [3, 5]]","[true, true, true, true, true]",0,0.0,0,1,0.18962504200000296
figure_eight--neutral,figure_eight,neutral,877,full_trajectory,5.600846794482764,0.3323832270893212,0.3323832270893212,0.32086081165125857,0.05934517391490561,0.6666666666666666,0.0,6.862371602106158,0.4306151320901878,1.0944561632733576,0.05863546203618583,0.05357497541136392,0,"[[0, 1, 2, 3, 4, 5], [0, 1, 2, 3, 4, 5], [0, 1, 2, 3, 4, 5], [0, 1, 2, 3, 4, 5]]","[true, true, true, true, true]",0,0.0,0,1,0.20475583399999664
figure_eight--neutral,figure_eight,neutral,877,static_tolerance,5.600846794482764,0.6470827052457669,0.6470827052457669,0.3915180012729485,0.1155330129513969,0.6666666666666666,0.0,6.862371602106158,0.8429121776915286,1.0944561632733576,0.10908164341123956,0.0996674394751384,0,"[[4, 5], [4, 5], [4, 5], [4, 5]]","[true, true, true, true, true]",0,0.0,0,1,0.20202541700000154
figure_eight--neutral,figure_eight,neutral,877,curvature_zones,5.600846794482764,0.3989568283383732,0.3989568283383732,0.31560968254068267,0.07123151962152836,0.6666666666666666,0.0,6.862371602106158,0.5499810647124795,1.0944561632733576,0.08302063498486846,0.07585560552426873,0,"[[2, 4], [2, 4], [2, 4], [2, 4]]","[true, true, true, true, true]",0,0.0,0,1,0.21225300000000402
figure_eight--neutral,figure_eight,neutral,877,error_peak_dynamic,5.600846794482764,0.26776762816438027,0.26776762816438027,0.30705367488953056,0.04780841861772591,0.6666666666666666,0.0,6.862371602106158,0.3432227334997786,1.0944561632733576,0.07423948796535129,0.06783230837068147,2,"[[2, 4], [2, 4], [3, 4], [2, 3]]","[true, true, true, true, true]",0,0.0,0,1,0.19240604200000178
figure_eight--neutral,figure_eight,neutral,877,violation_dynamic,5.600846794482764,0.26776762816438027,0.26776762816438027,0.30705367488953056,0.04780841861772591,0.6666666666666666,0.0,6.862371602106158,0.3432227334997786,1.0944561632733576,0.07423948796535129,0.06783230837068147,2,"[[2, 4], [2, 4], [3, 4], [2, 3]]","[true, true, true, true, true]",0,0.0,0,1,0.1957140829999986
figure_eight--neutral,figure_eight,neutral,877,violation_safe,5.600846794482764,0.26776762816438027,0.26776762816438027,0.30705367488953056,0.04780841861772591,0.6666666666666666,0.0,6.862371602106158,0.3432227334997786,1.0944561632733576,0.07423948796535129,0.06783230837068147,2,"[[2, 4], [2, 4], [3, 4], [2, 3]]","[true, true, true, true, true]",0,4.0,0,1,0.19467970899999898
figure_eight--neutral,figure_eight,neutral,877,random_zones,5.600846794482764,0.6189153385075472,0.6189153385075472,0.38287174195205326,0.11050388650466626,0.6666666666666666,0.0,6.862371602106158,0.8044490574214965,1.0944561632733576,0.1069004531591771,0.09767449510216429,0,"[[1, 4], [1, 4], [1, 4], [1, 4]]","[true, true, true, true, true]",0,0.0,0,1,0.21679170800000236
figure_eight--neutral,figure_eight,neutral,907,full_trajectory,11.254014133574078,2.416168514194455,2.416168514194455,0.4691098143616056,0.21469392925199057,1.0,0.5,13.07441795791393,3.2191761962475147,2.36085415748524,0.3595161486942083,0.15228223545886524,0,"[[0, 1, 2, 3, 4, 5], [0, 1, 2, 3, 4, 5], [0, 1, 2, 3, 4, 5], [0, 1, 2, 3, 4, 5]]","[true, true, true, true, true]",0,0.0,0,1,0.4360460829999937
figure_eight--neutral,figure_eight,neutral,907,static_tolerance,11.254014133574078,3.137361211337165,3.137361211337165,0.5084616238329301,0.2787770811463157,1.0,0.5,13.07441795791393,4.1824520243955945,2.36085415748524,0.5431548612986979,0.23006709651106166,0,"[[4, 5], [4, 5], [4, 5], [4, 5]]","[true, true, true, true, true]",0,0.0,0,1,0.3140484999999984
figure_eight--neutral,figure_eight,neutral,907,curvature_zones,11.254014133574078,4.2161780692859825,4.2161780692859825,0.5638437858016068,0.3746377087538807,1.0,0.6666666666666666,13.07441795791393,5.709498477452503,2.36085415748524,0.6489162007221764,0.27486500962575167,0,"[[2, 4], [2, 4], [2, 4], [2, 4]]","[true, true, true, true, true]",0,0.0,0,1,0.3296446669999966
figure_eight--neutral,figure_eight,neutral,907,error_peak_dynamic,11.254014133574078,1.7376619646669642,1.7376619646669642,0.43253236152952035,0.15440374821309322,1.0,0.5,13.07441795791393,2.1702641536396023,2.36085415748524,0.34317599080152483,0.14536094477223985,2,"[[3, 4], [2, 3], [3, 4], [3, 4]]","[true, true, true, true, true]",0,0.0,0,1,0.31326325000000566
figure_eight--neutral,figure_eight,neutral,907,violation_dynamic,11.254014133574078,1.5958628851024002,1.5958628851024002,0.4312917574647929,0.14180388136722394,1.0,0.5,13.07441795791393,1.9039756440564204,2.36085415748524,0.3189032757841665,0.13507961716866884,3,"[[2, 3], [3, 4], [2, 3], [3, 4]]","[true, true, true, true, true]",0,0.0,0,1,0.39106675000000735
figure_eight--neutral,figure_eight,neutral,907,violation_safe,11.254014133574078,1.5958628851024002,1.5958628851024002,0.4312917574647929,0.14180388136722394,1.0,0.5,13.07441795791393,1.9039756440564204,2.36085415748524,0.3189032757841665,0.13507961716866884,3,"[[2, 3], [3, 4], [2, 3], [3, 4]]","[true, true, true, true, true]",0,4.0,0,1,0.3259922910000057
figure_eight--neutral,figure_eight,neutral,907,random_zones,11.254014133574078,2.756929625920847,2.756929625920847,0.49484412940900885,0.24497300191725407,1.0,0.5,13.07441795791393,3.6881342739967384,2.36085415748524,0.42524030619918396,0.18012137888777763,0,"[[1, 5], [1, 5], [1, 5], [1, 5]]","[true, true, true, true, true]",0,0.0,0,1,0.24984175000000164
figure_eight--neutral,figure_eight,neutral,929,full_trajectory,12.770992891431462,4.828524779716337,4.828524779716337,0.5450687246356125,0.378085307913371,1.0,0.6666666666666666,15.564569953605082,6.253419282973905,2.490152439070186,0.7338049008169448,0.2946827227536901,0,"[[0, 1, 2, 3, 4, 5], [0, 1, 2, 3, 4, 5], [0, 1, 2, 3, 4, 5], [0, 1, 2, 3, 4, 5]]","[true, true, true, true, true]",0,0.0,0,1,0.3335065830000019
figure_eight--neutral,figure_eight,neutral,929,static_tolerance,12.770992891431462,4.5434230768576125,4.5434230768576125,0.5288618041158443,0.3557611468021383,1.0,0.5,15.564569953605082,5.922210172583557,2.490152439070186,0.7747062253959771,0.3111079519634748,0,"[[4, 5], [4, 5], [4, 5], [4, 5]]","[true, true, true, true, true]",0,0.0,0,1,0.28939004200000795
figure_eight--neutral,figure_eight,neutral,929,curvature_zones,12.770992891431462,5.648790179381505,5.648790179381505,0.5831393318995043,0.4423140962807591,1.0,0.6666666666666666,15.564569953605082,6.933943981884447,2.490152439070186,0.9870618076932702,0.3963860975763538,0,"[[2, 4], [2, 4], [2, 4], [2, 4]]","[true, true, true, true, true]",0,0.0,0,1,0.2721322499999985
figure_eight--neutral,figure_eight,neutral,929,error_peak_dynamic,12.770992891431462,4.440913679719362,4.440913679719362,0.5383225597258819,0.347734410117708,1.0,0.6666666666666666,15.564569953605082,5.852658588716096,2.490152439070186,0.7870063773295333,0.31604746961732133,1,"[[2, 4], [3, 4], [3, 4], [3, 4]]","[true, true, true, true, true]",0,0.0,0,1,0.28216466700000353
figure_eight--neutral,figure_eight,neutral,929,violation_dynamic,12.770992891431462,5.084224200095894,5.084224200095894,0.5446191582543346,0.3981071983453292,1.0,0.6666666666666666,15.564569953605082,6.559029234711592,2.490152439070186,0.8853495524608217,0.3555403029026641,2,"[[2, 4], [3, 4], [3, 4], [2, 4]]","[true, true, true, true, true]",0,0.0,0,1,0.28005025000000217
figure_eight--neutral,figure_eight,neutral,929,violation_safe,12.770992891431462,4.845866424198258,5.084224200095894,0.5446191582543346,0.3794432011194315,1.0,0.5,15.564569953605082,6.3131625855021625,2.490152439070186,0.8512657665657876,0.34185287342635423,2,"[[2, 4], [3, 4], [3, 4], [2, 4]]","[true, true, true, true, false]",1,2.0,0,1,0.2780807080000045
figure_eight--neutral,figure_eight,neutral,929,random_zones,12.770992891431462,4.688452866972717,4.688452866972717,0.5312064628432378,0.3671173343239722,1.0,0.5,15.564569953605082,6.074355378782018,2.490152439070186,0.7325141094003232,0.2941643643606981,0,"[[1, 5], [1, 5], [1, 5], [1, 5]]","[true, true, true, true, true]",0,0.0,0,1,0.28314508299999375
figure_eight--demand_aligned,figure_eight,demand_aligned,811,full_trajectory,14.645842563803935,1.9413527235898222,1.9413527235898222,0.38448680391882545,0.13255316074390455,1.0,0.3333333333333333,17.613259670949176,2.430538268121349,2.2947730221804523,0.23325167468483932,0.10164476940870071,0,"[[0, 1, 2, 3, 4, 5], [0, 1, 2, 3, 4, 5], [0, 1, 2, 3, 4, 5], [0, 1, 2, 3, 4, 5]]","[true, true, true, true, true]",0,0.0,0,1,0.2916500829999933
figure_eight--demand_aligned,figure_eight,demand_aligned,811,static_tolerance,14.645842563803935,3.0552973769235376,3.0552973769235376,0.4438670138238077,0.20861192270866466,1.0,0.6666666666666666,17.613259670949176,3.9199912614566914,2.2947730221804523,0.6057885266678296,0.2639862508459421,0,"[[2, 4], [2, 4], [2, 4], [2, 4]]","[true, true, true, true, true]",0,0.0,0,1,0.21957579200000055
figure_eight--demand_aligned,figure_eight,demand_aligned,811,curvature_zones,14.645842563803935,3.0552973769235376,3.0552973769235376,0.4438670138238077,0.20861192270866466,1.0,0.6666666666666666,17.613259670949176,3.9199912614566914,2.2947730221804523,0.6057885266678296,0.2639862508459421,0,"[[2, 4], [2, 4], [2, 4], [2, 4]]","[true, true, true, true, true]",0,0.0,0,1,0.2201447500000029
figure_eight--demand_aligned,figure_eight,demand_aligned,811,error_peak_dynamic,14.645842563803935,1.5760613397408063,1.5760613397408063,0.42592595797664284,0.10761151725308858,1.0,0.5,17.613259670949176,1.8773713488363688,2.2947730221804523,0.30838498556319727,0.13438583362383064,2,"[[3, 4], [2, 3], [2, 3], [1, 3]]","[true, true, true, true, true]",0,0.0,0,1,0.21011062500001287
figure_eight--demand_aligned,figure_eight,demand_aligned,811,violation_dynamic,14.645842563803935,2.128679266369482,2.128679266369482,0.4306424664689097,0.14534358519122334,1.0,0.6666666666666666,17.613259670949176,2.6582044541793612,2.2947730221804523,0.4037569529908888,0.17594635682410376,2,"[[3, 4], [2, 3], [2, 3], [3, 4]]","[true, true, true, true, true]",0,0.0,0,1,0.20163216699999964
figure_eight--demand_aligned,figure_eight,demand_aligned,811,violation_safe,14.645842563803935,2.128679266369482,2.128679266369482,0.4306424664689097,0.14534358519122334,1.0,0.6666666666666666,17.613259670949176,2.6582044541793612,2.2947730221804523,0.4037569529908888,0.17594635682410376,2,"[[3, 4], [2, 3], [2, 3], [3, 4]]","[true, true, true, true, true]",0,4.0,0,1,0.19944449999999847
figure_eight--demand_aligned,figure_eight,demand_aligned,811,random_zones,14.645842563803935,3.1507377468022146,3.1507377468022146,0.45222623077673163,0.21512847301725194,1.0,0.5,17.613259670949176,4.237981838402984,2.2947730221804523,0.35554950325782675,0.15493885444059735,0,"[[3, 5], [3, 5], [3, 5], [3, 5]]","[true, true, true, true, true]",0,0.0,0,1,0.22385029100000509
figure_eight--demand_aligned,figure_eight,demand_aligned,827,full_trajectory,8.868621710131672,0.34770740718012905,0.34770740718012905,0.31267201156554913,0.039206476332495035,0.6666666666666666,0.0,11.610740200677826,0.4166486236573474,1.0333782713797601,0.05628555361115966,0.054467521884321746,0,"[[0, 1, 2, 3, 4, 5], [0, 1, 2, 3, 4, 5], [0, 1, 2, 3, 4, 5], [0, 1, 2, 3, 4, 5]]","[true, true, true, true, true]",0,0.0,0,1,0.20693116600000394
figure_eight--demand_aligned,figure_eight,demand_aligned,827,static_tolerance,8.868621710131672,0.515693839513052,0.515693839513052,0.2967183082252091,0.05814813804989722,0.6666666666666666,0.0,11.610740200677826,0.666344904230532,1.0333782713797601,0.2696500967988464,0.26094035869247695,0,"[[2, 4], [2, 4], [2, 4], [2, 4]]","[true, true, true, true, true]",0,0.0,0,1,0.15485579200000643
figure_eight--demand_aligned,figure_eight,demand_aligned,827,curvature_zones,8.868621710131672,0.515693839513052,0.515693839513052,0.2967183082252091,0.05814813804989722,0.6666666666666666,0.0,11.610740200677826,0.666344904230532,1.0333782713797601,0.2696500967988464,0.26094035869247695,0,"[[2, 4], [2, 4], [2, 4], [2, 4]]","[true, true, true, true, true]",0,0.0,0,1,0.15650854199999742
figure_eight--demand_aligned,figure_eight,demand_aligned,827,error_peak_dynamic,8.868621710131672,0.4888843646573995,0.4888843646573995,0.29940966244284434,0.055125179609238406,0.6666666666666666,0.0,11.610740200677826,0.5851764182042503,1.0333782713797601,0.2248141312390727,0.2175526014679042,2,"[[2, 4], [2, 4], [3, 4], [1, 2]]","[true, true, true, true, true]",0,0.0,0,1,0.15237179199999673
figure_eight--demand_aligned,figure_eight,demand_aligned,827,violation_dynamic,8.868621710131672,0.39325222919440295,0.39325222919440295,0.29806176224779846,0.044341978048871404,0.6666666666666666,0.0,11.610740200677826,0.4490246134625145,1.0333782713797601,0.23595633482809147,0.2283349102289949,2,"[[2, 4], [2, 4], [3, 4], [2, 3]]","[true, true, true, true, true]",0,0.0,0,1,0.15533633399999758
figure_eight--demand_aligned,figure_eight,demand_aligned,827,violation_safe,8.868621710131672,0.39325222919440295,0.39325222919440295,0.29806176224779846,0.044341978048871404,0.6666666666666666,0.0,11.610740200677826,0.4490246134625145,1.0333782713797601,0.23595633482809147,0.2283349102289949,2,"[[2, 4], [2, 4], [3, 4], [2, 3]]","[true, true, true, true, true]",0,4.0,0,1,0.15349033399999712
figure_eight--demand_aligned,figure_eight,demand_aligned,827,random_zones,8.868621710131672,1.6186714162130305,1.6186714162130305,0.4590639429695643,0.18251668287574283,0.6666666666666666,0.3333333333333333,11.610740200677826,2.0838430173198423,1.0333782713797601,0.19585075591712853,0.18952474746312387,0,"[[1, 3], [1, 3], [1, 3], [1, 3]]","[true, true, true, true, true]",0,0.0,0,1,0.16578720799999758
figure_eight--demand_aligned,figure_eight,demand_aligned,853,full_trajectory,8.971977209124276,0.37737597739219175,0.37737597739219175,0.30999139624836886,0.042061629069722765,0.6666666666666666,0.0,11.817970492186841,0.507338851952104,1.0209746151046437,0.04125841241337452,0.04041081120233904,0,"[[0, 1, 2, 3, 4, 5], [0, 1, 2, 3, 4, 5], [0, 1, 2, 3, 4, 5], [0, 1, 2, 3, 4, 5]]","[true, true, true, true, true]",0,0.0,0,1,0.20645233400000507
figure_eight--demand_aligned,figure_eight,demand_aligned,853,static_tolerance,8.971977209124276,0.5550224208596711,0.5550224208596711,0.28787415251365195,0.06186177337758139,0.6666666666666666,0.0,11.817970492186841,0.7644509307944194,1.0209746151046437,0.22186971374527947,0.21731168479888127,0,"[[2, 4], [2, 4], [2, 4], [2, 4]]","[true, true, true, true, true]",0,0.0,0,1,0.15493141700000024
figure_eight--demand_aligned,figure_eight,demand_aligned,853,curvature_zones,8.971977209124276,0.5550224208596711,0.5550224208596711,0.28787415251365195,0.06186177337758139,0.6666666666666666,0.0,11.817970492186841,0.7644509307944194,1.0209746151046437,0.22186971374527947,0.21731168479888127,0,"[[2, 4], [2, 4], [2, 4], [2, 4]]","[true, true, true, true, true]",0,0.0,0,1,0.153877958999999
figure_eight--demand_aligned,figure_eight,demand_aligned,853,error_peak_dynamic,8.971977209124276,0.6917563052632608,0.6917563052632608,0.31269069255881793,0.0771018794563769,0.6666666666666666,0.0,11.817970492186841,0.9262174301915495,1.0209746151046437,0.1660341415072196,0.1626231828400573,3,"[[2, 4], [1, 4], [2, 3], [1, 4]]","[true, true, true, true, true]",0,0.0,0,1,0.1298667920000014
figure_eight--demand_aligned,figure_eight,demand_aligned,853,violation_dynamic,8.971977209124276,0.37427055697272704,0.37427055697272704,0.287431003280912,0.041715504648418326,0.6666666666666666,0.0,11.817970492186841,0.4641504784929756,1.0209746151046437,0.19105671375654087,0.1871316984085434,2,"[[2, 4], [2, 4], [1, 4], [2, 4]]","[true, true, true, true, true]",0,0.0,0,1,0.15242487499999413
figure_eight--demand_aligned,figure_eight,demand_aligned,853,violation_safe,8.971977209124276,0.37427055697272704,0.37427055697272704,0.287431003280912,0.041715504648418326,0.6666666666666666,0.0,11.817970492186841,0.4641504784929756,1.0209746151046437,0.19105671375654087,0.1871316984085434,2,"[[2, 4], [2, 4], [1, 4], [2, 4]]","[true, true, true, true, true]",0,4.0,0,1,0.1536545000000018
figure_eight--demand_aligned,figure_eight,demand_aligned,853,random_zones,8.971977209124276,1.689723737073699,1.689723737073699,0.48527133169329106,0.18833348521608953,0.6666666666666666,0.3333333333333333,11.817970492186841,2.3222353447641213,1.0209746151046437,0.14635753535119506,0.1433508073422514,0,"[[1, 5], [1, 5], [1, 5], [1, 5]]","[true, true, true, true, true]",0,0.0,0,1,0.1820730829999917
figure_eight--demand_aligned,figure_eight,demand_aligned,877,full_trajectory,8.959664257396424,0.3778975021374906,0.3778975021374906,0.3095850764516133,0.042177640956303344,0.6666666666666666,0.0,11.630217536292204,0.4697619622802048,1.0944561632733576,0.05863546203618583,0.05357497541136392,0,"[[0, 1, 2, 3, 4, 5], [0, 1, 2, 3, 4, 5], [0, 1, 2, 3, 4, 5], [0, 1, 2, 3, 4, 5]]","[true, true, true, true, true]",0,0.0,0,1,0.2063337080000025
figure_eight--demand_aligned,figure_eight,demand_aligned,877,static_tolerance,8.959664257396424,0.5879300551342818,0.5879300551342818,0.30304914534717764,0.06561965250527452,0.6666666666666666,0.0,11.630217536292204,0.7788000899874606,1.0944561632733576,0.27999230337767833,0.255827791713706,0,"[[2, 4], [2, 4], [2, 4], [2, 4]]","[true, true, true, true, true]",0,0.0,0,1,0.15265899999999988
figure_eight--demand_aligned,figure_eight,demand_aligned,877,curvature_zones,8.959664257396424,0.5879300551342818,0.5879300551342818,0.30304914534717764,0.06561965250527452,0.6666666666666666,0.0,11.630217536292204,0.7788000899874606,1.0944561632733576,0.27999230337767833,0.255827791713706,0,"[[2, 4], [2, 4], [2, 4], [2, 4]]","[true, true, true, true, true]",0,0.0,0,1,0.15206991700000572
figure_eight--demand_aligned,figure_eight,demand_aligned,877,error_peak_dynamic,8.959664257396424,0.5557123774581856,0.5557123774581856,0.316959654982349,0.06202379480898866,0.6666666666666666,0.0,11.630217536292204,0.6908441966676818,1.0944561632733576,0.21132266338553424,0.19308463004447723,3,"[[2, 4], [3, 4], [2, 3], [2, 5]]","[true, true, true, true, true]",0,0.0,0,1,0.15016116699999316
figure_eight--demand_aligned,figure_eight,demand_aligned,877,violation_dynamic,8.959664257396424,0.39755909842546666,0.39755909842546666,0.3012834715271514,0.044372097771104735,0.6666666666666666,0.0,11.630217536292204,0.4588052813513387,1.0944561632733576,0.24447725015067084,0.22337783673260636,2,"[[2, 4], [2, 4], [3, 4], [2, 3]]","[true, true, true, true, true]",0,0.0,0,1,0.15275166600000034
figure_eight--demand_aligned,figure_eight,demand_aligned,877,violation_safe,8.959664257396424,0.39755909842546666,0.39755909842546666,0.3012834715271514,0.044372097771104735,0.6666666666666666,0.0,11.630217536292204,0.4588052813513387,1.0944561632733576,0.24447725015067084,0.22337783673260636,2,"[[2, 4], [2, 4], [3, 4], [2, 3]]","[true, true, true, true, true]",0,4.0,0,1,0.15226049999999702
figure_eight--demand_aligned,figure_eight,demand_aligned,877,random_zones,8.959664257396424,2.409953179305158,2.409953179305158,0.4949416011474843,0.26897806771226745,0.6666666666666666,0.16666666666666666,11.630217536292204,3.399789501735872,1.0944561632733576,0.31049551620616794,0.28369844917088455,0,"[[1, 4], [1, 4], [1, 4], [1, 4]]","[true, true, true, true, true]",0,0.0,0,1,0.13301116699999227
figure_eight--demand_aligned,figure_eight,demand_aligned,907,full_trajectory,16.677061515173143,2.7694726488398276,2.7694726488398276,0.39761393313019194,0.16606478583293002,1.0,0.5,20.72282183260808,3.5118285777245615,2.36085415748524,0.3595161486942083,0.15228223545886524,0,"[[0, 1, 2, 3, 4, 5], [0, 1, 2, 3, 4, 5], [0, 1, 2, 3, 4, 5], [0, 1, 2, 3, 4, 5]]","[true, true, true, true, true]",0,0.0,0,1,0.2948510829999975
figure_eight--demand_aligned,figure_eight,demand_aligned,907,static_tolerance,16.677061515173143,5.289294931682285,5.289294931682285,0.48930872908556144,0.3171598861627975,1.0,0.8333333333333334,20.72282183260808,6.7457057889989605,2.36085415748524,1.0392318884640035,0.4401931754950012,0,"[[2, 4], [2, 4], [2, 4], [2, 4]]","[true, true, true, true, true]",0,0.0,0,1,0.23502162500000168
figure_eight--demand_aligned,figure_eight,demand_aligned,907,curvature_zones,16.677061515173143,5.289294931682285,5.289294931682285,0.48930872908556144,0.3171598861627975,1.0,0.8333333333333334,20.72282183260808,6.7457057889989605,2.36085415748524,1.0392318884640035,0.4401931754950012,0,"[[2, 4], [2, 4], [2, 4], [2, 4]]","[true, true, true, true, true]",0,0.0,0,1,0.23517816700000083
figure_eight--demand_aligned,figure_eight,demand_aligned,907,error_peak_dynamic,16.677061515173143,2.7263604538028536,2.7263604538028536,0.4573958721211392,0.16347966644617537,1.0,0.6666666666666666,20.72282183260808,3.207622248728234,2.36085415748524,0.5537328797122245,0.23454768603836826,3,"[[3, 4], [2, 3], [3, 4], [2, 3]]","[true, true, true, true, true]",0,0.0,0,1,0.3089534160000085
figure_eight--demand_aligned,figure_eight,demand_aligned,907,violation_dynamic,16.677061515173143,3.825757989654057,3.825757989654057,0.4471483842895465,0.22940240318555527,1.0,0.8333333333333334,20.72282183260808,4.898474046516715,2.36085415748524,0.9123893938101938,0.3864658013360988,3,"[[2, 4], [3, 4], [2, 4], [3, 4]]","[true, true, true, true, true]",0,0.0,0,1,0.24344025000000613
figure_eight--demand_aligned,figure_eight,demand_aligned,907,violation_safe,16.677061515173143,3.825757989654057,3.825757989654057,0.4471483842895465,0.22940240318555527,1.0,0.8333333333333334,20.72282183260808,4.898474046516715,2.36085415748524,0.9123893938101938,0.3864658013360988,3,"[[2, 4], [3, 4], [2, 4], [3, 4]]","[true, true, true, true, true]",0,4.0,0,1,0.2311546659999948
figure_eight--demand_aligned,figure_eight,demand_aligned,907,random_zones,16.677061515173143,6.042324760452713,6.042324760452713,0.5978950237165893,0.3623135139817814,1.0,0.5,20.72282183260808,7.794870245754706,2.36085415748524,0.8538142897078755,0.3616548218367502,0,"[[1, 2], [1, 2], [1, 2], [1, 2]]","[true, true, true, true, true]",0,0.0,0,1,0.23216737500000306
figure_eight--demand_aligned,figure_eight,demand_aligned,929,full_trajectory,19.993673469850002,7.926852869663916,7.926852869663916,0.5587515421780581,0.396468056838951,0.8333333333333334,0.5,25.72070559566589,10.720147342240978,2.490152439070186,0.7338049008169448,0.2946827227536901,0,"[[0, 1, 2, 3, 4, 5], [0, 1, 2, 3, 4, 5], [0, 1, 2, 3, 4, 5], [0, 1, 2, 3, 4, 5]]","[true, true, true, true, true]",0,0.0,0,1,0.3907178750000071
figure_eight--demand_aligned,figure_eight,demand_aligned,929,static_tolerance,19.993673469850002,9.629646008894483,9.629646008894483,0.6094044834100609,0.48163465425279484,0.8333333333333334,0.8333333333333334,25.72070559566589,12.331709892380275,2.490152439070186,1.3218493775871987,0.530830706123667,0,"[[2, 4], [2, 4], [2, 4], [2, 4]]","[true, true, true, true, true]",0,0.0,0,1,0.28857241699999747
figure_eight--demand_aligned,figure_eight,demand_aligned,929,curvature_zones,19.993673469850002,9.629646008894483,9.629646008894483,0.6094044834100609,0.48163465425279484,0.8333333333333334,0.8333333333333334,25.72070559566589,12.331709892380275,2.490152439070186,1.3218493775871987,0.530830706123667,0,"[[2, 4], [2, 4], [2, 4], [2, 4]]","[true, true, true, true, true]",0,0.0,0,1,0.24658120800000916
figure_eight--demand_aligned,figure_eight,demand_aligned,929,error_peak_dynamic,19.993673469850002,7.77774140243757,7.77774140243757,0.5705117903875089,0.38901012433589177,0.8333333333333334,0.8333333333333334,25.72070559566589,10.351262121177374,2.490152439070186,1.0606835887411141,0.4259512679220432,3,"[[2, 4], [3, 4], [2, 4], [3, 4]]","[true, true, true, true, true]",0,0.0,0,1,0.23861612500000717
figure_eight--demand_aligned,figure_eight,demand_aligned,929,violation_dynamic,19.993673469850002,9.182686420561751,9.182686420561751,0.5792954752631447,0.45927960334097834,0.8333333333333334,0.8333333333333334,25.72070559566589,12.068263695346374,2.490152439070186,1.2136692121143546,0.48738751615043063,2,"[[2, 4], [3, 4], [2, 4], [2, 4]]","[true, true, true, true, true]",0,0.0,0,1,0.2339715410000025
figure_eight--demand_aligned,figure_eight,demand_aligned,929,violation_safe,19.993673469850002,9.164073618266325,9.182686420561751,0.5792954752631447,0.4583486687469182,0.8333333333333334,0.8333333333333334,25.72070559566589,12.048071736602335,2.490152439070186,1.2372706383905887,0.4968654203565871,2,"[[2, 4], [3, 4], [2, 4], [2, 4]]","[true, true, true, true, false]",1,2.0,0,1,0.2897868339999974
figure_eight--demand_aligned,figure_eight,demand_aligned,929,random_zones,19.993673469850002,9.002245129847884,9.002245129847884,0.6186163654121998,0.4502546839840643,0.8333333333333334,0.6666666666666666,25.72070559566589,11.889569182082347,2.490152439070186,1.1856461487141705,0.476133962769318,0,"[[0, 4], [0, 4], [0, 4], [0, 4]]","[true, true, true, true, true]",0,0.0,0,1,0.2169768329999897
figure_eight--demand_conflict,figure_eight,demand_conflict,811,full_trajectory,9.99890904800402,1.3907246917783407,1.3907246917783407,0.4116344263514445,0.1390876429720057,1.0,0.16666666666666666,12.435201415971447,1.8963092242933937,2.2947730221804523,0.23325167468483932,0.10164476940870071,0,"[[0, 1, 2, 3, 4, 5], [0, 1, 2, 3, 4, 5], [0, 1, 2, 3, 4, 5], [0, 1, 2, 3, 4, 5]]","[true, true, true, true, true]",0,0.0,0,1,0.2927536669999995
figure_eight--demand_conflict,figure_eight,demand_conflict,811,static_tolerance,9.99890904800402,4.084475474354914,4.084475474354914,0.6446517791567307,0.40849211196398033,1.0,0.6666666666666666,12.435201415971447,5.22429919014031,2.2947730221804523,0.9479852113348426,0.4131063081934282,0,"[[0, 5], [0, 5], [0, 5], [0, 5]]","[true, true, true, true, true]",0,0.0,0,1,0.16580345799999918
figure_eight--demand_conflict,figure_eight,demand_conflict,811,curvature_zones,9.99890904800402,2.048333201293109,2.048333201293109,0.4620062232981848,0.20485566889939824,1.0,0.3333333333333333,12.435201415971447,2.7728443015344757,2.2947730221804523,0.34932655331907586,0.15222706121372823,0,"[[2, 4], [2, 4], [2, 4], [2, 4]]","[true, true, true, true, true]",0,0.0,0,1,0.2965101249999975
figure_eight--demand_conflict,figure_eight,demand_conflict,811,error_peak_dynamic,9.99890904800402,0.8711205478160134,0.8711205478160134,0.3865822166571079,0.08712155932550525,1.0,0.16666666666666666,12.435201415971447,1.0124672598833437,2.2947730221804523,0.22256975151422778,0.0969898762809866,2,"[[3, 4], [2, 3], [2, 3], [1, 3]]","[true, true, true, true, true]",0,0.0,0,1,0.2510807919999962
figure_eight--demand_conflict,figure_eight,demand_conflict,811,violation_dynamic,9.99890904800402,1.0870547486614763,1.0870547486614763,0.38265816538830844,0.10871733540555346,1.0,0.5,12.435201415971447,1.2717823489134266,2.2947730221804523,0.29388994260751566,0.12806928605438575,3,"[[2, 3], [3, 5], [2, 3], [0, 3]]","[true, true, true, true, true]",0,0.0,0,1,0.2470129999999955
figure_eight--demand_conflict,figure_eight,demand_conflict,811,violation_safe,9.99890904800402,1.0870547486614763,1.0870547486614763,0.38265816538830844,0.10871733540555346,1.0,0.5,12.435201415971447,1.2717823489134266,2.2947730221804523,0.29388994260751566,0.12806928605438575,3,"[[2, 3], [3, 5], [2, 3], [0, 3]]","[true, true, true, true, true]",0,4.0,0,1,0.24657691699999873
figure_eight--demand_conflict,figure_eight,demand_conflict,811,random_zones,9.99890904800402,2.048333201293109,2.048333201293109,0.4620062232981848,0.20485566889939824,1.0,0.3333333333333333,12.435201415971447,2.7728443015344757,2.2947730221804523,0.34932655331907586,0.15222706121372823,0,"[[2, 4], [2, 4], [2, 4], [2, 4]]","[true, true, true, true, true]",0,0.0,0,1,0.29140820900001074
figure_eight--demand_conflict,figure_eight,demand_conflict,827,full_trajectory,3.601849053460052,0.25152717852595774,0.25152717852595774,0.3286196952220374,0.06983279276635222,0.6666666666666666,0.0,4.432135586607385,0.32736677573077294,1.0333782713797601,0.05628555361115966,0.054467521884321746,0,"[[0, 1, 2, 3, 4, 5], [0, 1, 2, 3, 4, 5], [0, 1, 2, 3, 4, 5], [0, 1, 2, 3, 4, 5]]","[true, true, true, true, true]",0,0.0,0,1,0.20406866700000137
figure_eight--demand_conflict,figure_eight,demand_conflict,827,static_tolerance,3.601849053460052,1.716330342955593,1.716330342955593,0.6995863983945934,0.4765136788025114,0.6666666666666666,0.5,4.432135586607385,2.2061832457235058,1.0333782713797601,0.45225251010165207,0.43764468697199077,0,"[[0, 5], [0, 5], [0, 5], [0, 5]]","[true, true, true, true, true]",0,0.0,0,1,0.14832012499999792
figure_eight--demand_conflict,figure_eight,demand_conflict,827,curvature_zones,3.601849053460052,0.3018840402425401,0.3018840402425401,0.32125118175614564,0.08381362898940493,0.6666666666666666,0.0,4.432135586607385,0.41280294764078235,1.0333782713797601,0.08700449101601097,0.08419423305644227,0,"[[2, 4], [2, 4], [2, 4], [2, 4]]","[true, true, true, true, true]",0,0.0,0,1,0.19757254099999955
figure_eight--demand_conflict,figure_eight,demand_conflict,827,error_peak_dynamic,3.601849053460052,0.20195149982784918,0.20195149982784918,0.3112930728927342,0.05606884042901467,0.6666666666666666,0.0,4.432135586607385,0.25119090557076196,1.0333782713797601,0.08930027073185982,0.08641585874708461,2,"[[2, 4], [2, 4], [3, 4], [2, 3]]","[true, true, true, true, true]",0,0.0,0,1,0.17632650000000183
figure_eight--demand_conflict,figure_eight,demand_conflict,827,violation_dynamic,3.601849053460052,0.19609087735174618,0.19609087735174618,0.30492623019143383,0.05444172546969312,0.6666666666666666,0.0,4.432135586607385,0.22927729190858062,1.0333782713797601,0.09827761531008739,0.09510323376440627,3,"[[2, 4], [2, 3], [3, 4], [2, 3]]","[true, true, true, true, true]",0,0.0,0,1,0.1654230000000041
figure_eight--demand_conflict,figure_eight,demand_conflict,827,violation_safe,3.601849053460052,0.19609087735174618,0.19609087735174618,0.30492623019143383,0.05444172546969312,0.6666666666666666,0.0,4.432135586607385,0.22927729190858062,1.0333782713797601,0.09827761531008739,0.09510323376440627,3,"[[2, 4], [2, 3], [3, 4], [2, 3]]","[true, true, true, true, true]",0,4.0,0,1,0.16691737499999704
figure_eight--demand_conflict,figure_eight,demand_conflict,827,random_zones,3.601849053460052,1.2109659695809802,1.2109659695809802,0.5906854721742653,0.3362067514788515,0.6666666666666666,0.3333333333333333,4.432135586607385,1.5298650388236772,1.0333782713797601,0.3325132737238653,0.3217730456823866,0,"[[1, 5], [1, 5], [1, 5], [1, 5]]","[true, true, true, true, true]",0,0.0,0,1,0.16379245900000683
figure_eight--demand_conflict,figure_eight,demand_conflict,853,full_trajectory,3.61311664859691,0.14710378697858176,0.14710378697858176,0.2882914614732231,0.040713821690674425,1.0,0.0,4.042635070336772,0.16273933594531287,1.0209746151046437,0.04125841241337452,0.04041081120233904,0,"[[0, 1, 2, 3, 4, 5], [0, 1, 2, 3, 4, 5], [0, 1, 2, 3, 4, 5], [0, 1, 2, 3, 4, 5]]","[true, true, true, true, true]",0,0.0,0,1,0.20040770800000018
figure_eight--demand_conflict,figure_eight,demand_conflict,853,static_tolerance,3.61311664859691,1.4528253626952288,1.4528253626952288,0.6305601104226828,0.4020975528867599,1.0,0.5,4.042635070336772,1.7921761811325427,1.0209746151046437,0.3856092623349587,0.3776874141924048,0,"[[0, 5], [0, 5], [0, 5], [0, 5]]","[true, true, true, true, true]",0,0.0,0,1,0.15149900000000116
figure_eight--demand_conflict,figure_eight,demand_conflict,853,curvature_zones,3.61311664859691,0.13493877856099326,0.13493877856099326,0.2764342740615574,0.03734692003741267,1.0,0.0,4.042635070336772,0.15799216091159388,1.0209746151046437,0.0641685690702447,0.06285030804969408,0,"[[2, 4], [2, 4], [2, 4], [2, 4]]","[true, true, true, true, true]",0,0.0,0,1,0.19811537500000043
figure_eight--demand_conflict,figure_eight,demand_conflict,853,error_peak_dynamic,3.61311664859691,0.13493877856099326,0.13493877856099326,0.2764342740615574,0.03734692003741267,1.0,0.0,4.042635070336772,0.15799216091159388,1.0209746151046437,0.0641685690702447,0.06285030804969408,0,"[[2, 4], [2, 4], [2, 4], [2, 4]]","[true, true, true, true, true]",0,0.0,0,1,0.19741175000000055
figure_eight--demand_conflict,figure_eight,demand_conflict,853,violation_dynamic,3.61311664859691,0.2077002211056328,0.2077002211056328,0.34911569767848577,0.05748505827684514,1.0,0.0,4.042635070336772,0.24283012963674766,1.0209746151046437,0.09594900967412015,0.09397786022749054,2,"[[1, 3], [2, 4], [2, 4], [0, 4]]","[true, true, true, true, true]",0,0.0,0,1,0.18527050000000145
figure_eight--demand_conflict,figure_eight,demand_conflict,853,violation_safe,3.61311664859691,0.2077002211056328,0.2077002211056328,0.34911569767848577,0.05748505827684514,1.0,0.0,4.042635070336772,0.24283012963674766,1.0209746151046437,0.09594900967412015,0.09397786022749054,2,"[[1, 3], [2, 4], [2, 4], [0, 4]]","[true, true, true, true, true]",0,4.0,0,1,0.1847221249999933
figure_eight--demand_conflict,figure_eight,demand_conflict,853,random_zones,3.61311664859691,0.8319717224417016,0.8319717224417016,0.5163315106538617,0.2302642852023012,1.0,0.16666666666666666,4.042635070336772,1.0441086298327187,1.0209746151046437,0.22182897972963694,0.21727178761139013,0,"[[0, 4], [0, 4], [0, 4], [0, 4]]","[true, true, true, true, true]",0,0.0,0,1,0.15999083299999484
figure_eight--demand_conflict,figure_eight,demand_conflict,877,full_trajectory,3.7916265990268907,0.281023672042397,0.281023672042397,0.33823119946452435,0.07411691650082865,1.0,0.0,4.574914401404106,0.3690986846487323,1.0944561632733576,0.05863546203618583,0.05357497541136392,0,"[[0, 1, 2, 3, 4, 5], [0, 1, 2, 3, 4, 5], [0, 1, 2, 3, 4, 5], [0, 1, 2, 3, 4, 5]]","[true, true, true, true, true]",0,0.0,0,1,0.2032982499999889
figure_eight--demand_conflict,figure_eight,demand_conflict,877,static_tolerance,3.7916265990268907,1.8086318642305927,1.8086318642305927,0.699626801827017,0.4770068510160712,1.0,0.5,4.574914401404106,2.320111318393487,1.0944561632733576,0.46924775246584627,0.42874970073026514,0,"[[0, 5], [0, 5], [0, 5], [0, 5]]","[true, true, true, true, true]",0,0.0,0,1,0.14959974999999304
figure_eight--demand_conflict,figure_eight,demand_conflict,877,curvature_zones,3.7916265990268907,0.3497148471650191,0.3497148471650191,0.34638148894000104,0.09223346182210357,1.0,0.0,4.574914401404106,0.47656446523920254,1.0944561632733576,0.0920923519377584,0.08414439520567339,0,"[[2, 4], [2, 4], [2, 4], [2, 4]]","[true, true, true, true, true]",0,0.0,0,1,0.1931147919999887
figure_eight--demand_conflict,figure_eight,demand_conflict,877,error_peak_dynamic,3.7916265990268907,0.22903676059347045,0.22903676059347045,0.33464193773878065,0.06040593782421825,1.0,0.0,4.574914401404106,0.284519572134152,1.0944561632733576,0.09247504959649532,0.08449406444924759,2,"[[2, 4], [2, 4], [3, 4], [2, 3]]","[true, true, true, true, true]",0,0.0,0,1,0.1779779579999996
figure_eight--demand_conflict,figure_eight,demand_conflict,877,violation_dynamic,3.7916265990268907,0.21621789231124755,0.21621789231124755,0.32478191885366126,0.057025101671862734,1.0,0.0,4.574914401404106,0.2537509503696165,1.0944561632733576,0.10058406940946617,0.09190324179694323,3,"[[2, 4], [2, 3], [3, 4], [2, 3]]","[true, true, true, true, true]",0,0.0,0,1,0.16846554199999275
figure_eight--demand_conflict,figure_eight,demand_conflict,877,violation_safe,3.7916265990268907,0.21621789231124755,0.21621789231124755,0.32478191885366126,0.057025101671862734,1.0,0.0,4.574914401404106,0.2537509503696165,1.0944561632733576,0.10058406940946617,0.09190324179694323,3,"[[2, 4], [2, 3], [3, 4], [2, 3]]","[true, true, true, true, true]",0,4.0,0,1,0.16864345800000535
figure_eight--demand_conflict,figure_eight,demand_conflict,877,random_zones,3.7916265990268907,0.5513579331796383,0.5513579331796383,0.4246238904074193,0.1454146179165276,1.0,0.0,4.574914401404106,0.7524211596889319,1.0944561632733576,0.1327190302100305,0.12126482052336147,0,"[[3, 4], [3, 4], [3, 4], [3, 4]]","[true, true, true, true, true]",0,0.0,0,1,0.16275783399999
figure_eight--demand_conflict,figure_eight,demand_conflict,907,full_trajectory,9.212211655720886,2.027200619638868,2.027200619638868,0.47920065721874616,0.22005580151645276,1.0,0.16666666666666666,11.047366527251482,2.759293882497869,2.36085415748524,0.3595161486942083,0.15228223545886524,0,"[[0, 1, 2, 3, 4, 5], [0, 1, 2, 3, 4, 5], [0, 1, 2, 3, 4, 5], [0, 1, 2, 3, 4, 5]]","[true, true, true, true, true]",0,0.0,0,1,0.30439641700000664
figure_eight--demand_conflict,figure_eight,demand_conflict,907,static_tolerance,9.212211655720886,4.2343100523697865,4.2343100523697865,0.6822737240714576,0.4596409864009402,1.0,0.6666666666666666,11.047366527251482,5.33082450171154,2.36085415748524,1.0437504241985296,0.4421071165659478,0,"[[0, 5], [0, 5], [0, 5], [0, 5]]","[true, true, true, true, true]",0,0.0,0,1,0.16111154200000044
figure_eight--demand_conflict,figure_eight,demand_conflict,907,curvature_zones,9.212211655720886,3.7335221799339555,3.7335221799339555,0.5904699159121803,0.40527967869858883,1.0,0.5,11.047366527251482,5.0892268483181615,2.36085415748524,0.6735496085559461,0.285299117872408,0,"[[2, 4], [2, 4], [2, 4], [2, 4]]","[true, true, true, true, true]",0,0.0,0,1,0.33708166700000675
figure_eight--demand_conflict,figure_eight,demand_conflict,907,error_peak_dynamic,9.212211655720886,1.4640970700013798,1.4640970700013798,0.43470512602123135,0.15893002947800916,1.0,0.3333333333333333,11.047366527251482,1.8184400946505588,2.36085415748524,0.3365152549638191,0.14253962020350805,3,"[[3, 4], [2, 3], [3, 4], [2, 3]]","[true, true, true, true, true]",0,0.0,0,1,0.27612537499999235
figure_eight--demand_conflict,figure_eight,demand_conflict,907,violation_dynamic,9.212211655720886,1.6801239696657133,1.6801239696657133,0.44083970477042594,0.182380087698304,1.0,0.5,11.047366527251482,2.113005855807736,2.36085415748524,0.3499425060058377,0.14822707488995981,2,"[[2, 3], [3, 5], [2, 3], [2, 3]]","[true, true, true, true, true]",0,0.0,0,1,0.3219945409999809
figure_eight--demand_conflict,figure_eight,demand_conflict,907,violation_safe,9.212211655720886,1.6801239696657133,1.6801239696657133,0.44083970477042594,0.182380087698304,1.0,0.5,11.047366527251482,2.113005855807736,2.36085415748524,0.3499425060058377,0.14822707488995981,2,"[[2, 3], [3, 5], [2, 3], [2, 3]]","[true, true, true, true, true]",0,4.0,0,1,0.26582874999999717
figure_eight--demand_conflict,figure_eight,demand_conflict,907,random_zones,9.212211655720886,3.7819058886365067,3.7819058886365067,0.6312531265962027,0.41053180603898753,1.0,0.3333333333333333,11.047366527251482,5.228350875086334,2.36085415748524,0.7070631540585431,0.2994946349467433,0,"[[1, 2], [1, 2], [1, 2], [1, 2]]","[true, true, true, true, true]",0,0.0,0,1,0.28166108399997825
figure_eight--demand_conflict,figure_eight,demand_conflict,929,full_trajectory,8.71737605215947,2.793229835274281,2.793229835274281,0.5319242808202164,0.32042094072359556,1.0,0.6666666666666666,10.376379969070054,3.3278028668961315,2.490152439070186,0.7338049008169448,0.2946827227536901,0,"[[0, 1, 2, 3, 4, 5], [0, 1, 2, 3, 4, 5], [0, 1, 2, 3, 4, 5], [0, 1, 2, 3, 4, 5]]","[true, true, true, true, true]",0,0.0,0,1,0.4923982500000079
figure_eight--demand_conflict,figure_eight,demand_conflict,929,static_tolerance,8.71737605215947,4.443908412208634,4.443908412208634,0.7219431760507928,0.5097759217474378,1.0,0.6666666666666666,10.376379969070054,5.454239607638922,2.490152439070186,1.2095133406693186,0.4857185936459964,0,"[[0, 5], [0, 5], [0, 5], [0, 5]]","[true, true, true, true, true]",0,0.0,0,1,0.17321229099999869
figure_eight--demand_conflict,figure_eight,demand_conflict,929,curvature_zones,8.71737605215947,4.842082491341081,4.842082491341081,0.6886640255237061,0.5554518311896847,1.0,0.8333333333333334,10.376379969070054,6.120038273332585,2.490152439070186,1.058878948851104,0.4252265573132886,0,"[[2, 4], [2, 4], [2, 4], [2, 4]]","[true, true, true, true, true]",0,0.0,0,1,0.30942895800001224
figure_eight--demand_conflict,figure_eight,demand_conflict,929,error_peak_dynamic,8.71737605215947,3.002326567015351,3.002326567015351,0.5471794658901565,0.3444071414438539,1.0,0.6666666666666666,10.376379969070054,3.610834402184966,2.490152439070186,0.9010394462596266,0.3618410793341116,2,"[[2, 4], [3, 4], [3, 4], [2, 4]]","[true, true, true, true, true]",0,0.0,0,1,0.31536266699998805
figure_eight--demand_conflict,figure_eight,demand_conflict,929,violation_dynamic,8.71737605215947,2.9710040542839966,2.9710040542839966,0.5206744036359652,0.3408140289586359,1.0,0.8333333333333334,10.376379969070054,3.5563486222896703,2.490152439070186,0.8411645838328737,0.33779642187165115,2,"[[2, 3], [2, 3], [3, 4], [2, 4]]","[true, true, true, true, true]",0,0.0,0,1,0.3138368749999927
figure_eight--demand_conflict,figure_eight,demand_conflict,929,violation_safe,8.71737605215947,2.713632326135793,2.9710040542839966,0.5206744036359652,0.31129003841282854,1.0,1.0,10.376379969070054,3.213520478647784,2.490152439070186,0.7854740442230881,0.3154321124679344,2,"[[2, 3], [2, 3], [3, 4], [2, 4]]","[true, true, true, true, false]",1,2.0,0,1,0.3082408330000135
figure_eight--demand_conflict,figure_eight,demand_conflict,929,random_zones,8.71737605215947,3.302890922676249,3.302890922676249,0.6000469874559797,0.37888590590950316,1.0,0.5,10.376379969070054,4.030831028085934,2.490152439070186,0.9332543565233664,0.37477800229444597,0,"[[4, 5], [4, 5], [4, 5], [4, 5]]","[true, true, true, true, true]",0,0.0,0,1,0.2222621249999861
s_curve--neutral,s_curve,neutral,811,full_trajectory,6.216936758296697,1.0033743990114474,1.0033743990114474,0.3956598530752934,0.16139369564479047,1.0,0.16666666666666666,7.8106762849564655,1.3328585086155436,1.0133730957420746,0.20694188732596663,0.20421095467748418,0,"[[0, 1, 2, 3, 4, 5], [0, 1, 2, 3, 4, 5], [0, 1, 2, 3, 4, 5], [0, 1, 2, 3, 4, 5]]","[true, true, true, true, true]",0,0.0,0,1,0.2520806670000013
s_curve--neutral,s_curve,neutral,811,static_tolerance,6.216936758296697,1.4239546015157662,1.4239546015157662,0.4007315596486165,0.22904440834394113,1.0,0.16666666666666666,7.8106762849564655,1.9736974532836375,1.0133730957420746,0.30899433002413523,0.3049166504641258,0,"[[4, 5], [4, 5], [4, 5], [4, 5]]","[true, true, true, true, true]",0,0.0,0,1,0.23581737500001054
s_curve--neutral,s_curve,neutral,811,curvature_zones,6.216936758296697,0.5743855434353274,0.5743855434353274,0.3346355021266715,0.09239044335923025,1.0,0.0,7.8106762849564655,0.7238909330335188,1.0133730957420746,0.28733923863874045,0.28354733300702756,0,"[[2, 4], [2, 4], [2, 4], [2, 4]]","[true, true, true, true, true]",0,0.0,0,1,0.21573087499999133
s_curve--neutral,s_curve,neutral,811,error_peak_dynamic,6.216936758296697,0.839491513955442,0.839491513955442,0.3726589888618461,0.13503298273625097,1.0,0.16666666666666666,7.8106762849564655,1.1025077969495212,1.0133730957420746,0.2922771402497198,0.28842007102595374,1,"[[3, 4], [3, 4], [2, 4], [2, 4]]","[true, true, true, true, true]",0,0.0,0,1,0.21130704199998718
s_curve--neutral,s_curve,neutral,811,violation_dynamic,6.216936758296697,0.875008087257995,0.875008087257995,0.373373098050249,0.1407458562434738,1.0,0.16666666666666666,7.8106762849564655,1.1188462215829262,1.0133730957420746,0.28135303107634985,0.2776401231279188,2,"[[3, 4], [3, 4], [2, 4], [2, 3]]","[true, true, true, true, true]",0,0.0,0,1,0.22707925000000273
s_curve--neutral,s_curve,neutral,811,violation_safe,6.216936758296697,0.875008087257995,0.875008087257995,0.373373098050249,0.1407458562434738,1.0,0.16666666666666666,7.8106762849564655,1.1188462215829262,1.0133730957420746,0.28135303107634985,0.2776401231279188,2,"[[3, 4], [3, 4], [2, 4], [2, 3]]","[true, true, true, true, true]",0,4.0,0,1,0.2271844999999928
s_curve--neutral,s_curve,neutral,811,random_zones,6.216936758296697,1.4378160501314086,1.4378160501314086,0.4360707425447029,0.2312740351126458,1.0,0.3333333333333333,7.8106762849564655,1.869011338531184,1.0133730957420746,0.3145493557188014,0.31039836861710113,0,"[[3, 5], [3, 5], [3, 5], [3, 5]]","[true, true, true, true, true]",0,0.0,0,1,0.22186712500001704
s_curve--neutral,s_curve,neutral,827,full_trajectory,2.856766293475223,0.46228431859990887,0.46228431859990887,0.40643868632895824,0.16182083905699732,0.5,0.0,3.8497768723516863,0.6193266456567771,0.43563158282793585,0.09009854098203741,0.2068227936945155,0,"[[0, 1, 2, 3, 4, 5], [0, 1, 2, 3, 4, 5], [0, 1, 2, 3, 4, 5], [0, 1, 2, 3, 4, 5]]","[true, true, true, true, true]",0,0.0,0,1,0.2235577089999765
s_curve--neutral,s_curve,neutral,827,static_tolerance,2.856766293475223,0.7558245839839666,0.7558245839839666,0.42748496545160164,0.26457347445965373,0.5,0.16666666666666666,3.8497768723516863,1.0531820202264235,0.43563158282793585,0.15777659591013157,0.36217896527591664,0,"[[4, 5], [4, 5], [4, 5], [4, 5]]","[true, true, true, true, true]",0,0.0,0,1,0.20463595800001144
s_curve--neutral,s_curve,neutral,827,curvature_zones,2.856766293475223,0.2515994821543361,0.2515994821543361,0.32654178801081923,0.08807142632877688,0.5,0.0,3.8497768723516863,0.3224093436853856,0.43563158282793585,0.14054852236715346,0.32263161787942907,0,"[[2, 4], [2, 4], [2, 4], [2, 4]]","[true, true, true, true, true]",0,0.0,0,1,0.21388587499998835
s_curve--neutral,s_curve,neutral,827,error_peak_dynamic,2.856766293475223,0.2515994821543361,0.2515994821543361,0.32654178801081923,0.08807142632877688,0.5,0.0,3.8497768723516863,0.3224093436853856,0.43563158282793585,0.14054852236715346,0.32263161787942907,0,"[[2, 4], [2, 4], [2, 4], [2, 4]]","[true, true, true, true, true]",0,0.0,0,1,0.22026345900002298
s_curve--neutral,s_curve,neutral,827,violation_dynamic,2.856766293475223,0.2515994821543361,0.2515994821543361,0.32654178801081923,0.08807142632877688,0.5,0.0,3.8497768723516863,0.3224093436853856,0.43563158282793585,0.14054852236715346,0.32263161787942907,0,"[[2, 4], [2, 4], [2, 4], [2, 4]]","[true, true, true, true, true]",0,0.0,0,1,0.21767724999997995
s_curve--neutral,s_curve,neutral,827,violation_safe,2.856766293475223,0.2515994821543361,0.2515994821543361,0.32654178801081923,0.08807142632877688,0.5,0.0,3.8497768723516863,0.3224093436853856,0.43563158282793585,0.14054852236715346,0.32263161787942907,0,"[[2, 4], [2, 4], [2, 4], [2, 4]]","[true, true, true, true, true]",0,4.0,0,1,0.2202649170000086
s_curve--neutral,s_curve,neutral,827,random_zones,2.856766293475223,0.7941793244050991,0.7941793244050991,0.5243457625852995,0.2779994031079767,0.5,0.16666666666666666,3.8497768723516863,1.0200621392937297,0.43563158282793585,0.1664796394294652,0.3821569555374058,0,"[[0, 1], [0, 1], [0, 1], [0, 1]]","[true, true, true, true, true]",0,0.0,0,1,0.19342162500001336
s_curve--neutral,s_curve,neutral,853,full_trajectory,1.9439476291292865,0.27653735523727363,0.27653735523727363,0.383766000637213,0.14225555827403513,0.5,0.0,2.299988279799669,0.36846634181136056,0.41837931334270534,0.05559850130180213,0.13289017771359063,0,"[[0, 1, 2, 3, 4, 5], [0, 1, 2, 3, 4, 5], [0, 1, 2, 3, 4, 5], [0, 1, 2, 3, 4, 5]]","[true, true, true, true, true]",0,0.0,0,1,0.2039987080000003
s_curve--neutral,s_curve,neutral,853,static_tolerance,1.9439476291292865,0.4947591786838529,0.4947591786838529,0.45800890062711774,0.2545126068573465,0.5,0.0,2.299988279799669,0.6868266054110214,0.41837931334270534,0.10757849026046241,0.25713147574373996,0,"[[4, 5], [4, 5], [4, 5], [4, 5]]","[true, true, true, true, true]",0,0.0,0,1,0.2098828340000125
s_curve--neutral,s_curve,neutral,853,curvature_zones,1.9439476291292865,0.14581882350940226,0.14581882350940226,0.301705344727571,0.07501170367162409,0.5,0.0,2.299988279799669,0.17919469138978447,0.41837931334270534,0.09275772182436125,0.22170723758605387,0,"[[2, 4], [2, 4], [2, 4], [2, 4]]","[true, true, true, true, true]",0,0.0,0,1,0.20031316600000082
s_curve--neutral,s_curve,neutral,853,error_peak_dynamic,1.9439476291292865,0.1483174673544984,0.1483174673544984,0.37729917700383314,0.07629704891840697,0.5,0.0,2.299988279799669,0.17952330907708652,0.41837931334270534,0.09750824366241247,0.23306181867204542,1,"[[2, 3], [2, 4], [2, 4], [2, 4]]","[true, true, true, true, true]",0,0.0,0,1,0.22149579099999528
s_curve--neutral,s_curve,neutral,853,violation_dynamic,1.9439476291292865,0.19714694046841036,0.19714694046841036,0.3557144641448097,0.10141576733562233,0.5,0.0,2.299988279799669,0.23927606998979917,0.41837931334270534,0.09024130568411877,0.215692561286365,2,"[[3, 4], [2, 4], [2, 4], [2, 3]]","[true, true, true, true, true]",0,0.0,0,1,0.21799879200000305
s_curve--neutral,s_curve,neutral,853,violation_safe,1.9439476291292865,0.19714694046841036,0.19714694046841036,0.3557144641448097,0.10141576733562233,0.5,0.0,2.299988279799669,0.23927606998979917,0.41837931334270534,0.09024130568411877,0.215692561286365,2,"[[3, 4], [2, 4], [2, 4], [2, 3]]","[true, true, true, true, true]",0,4.0,0,1,0.2055771249999907
s_curve--neutral,s_curve,neutral,853,random_zones,1.9439476291292865,0.5032225841323221,0.5032225841323221,0.48390903409255975,0.2588663277712479,0.5,0.0,2.299988279799669,0.6600451579488789,0.41837931334270534,0.11010867635160275,0.2631790646432126,0,"[[1, 3], [1, 3], [1, 3], [1, 3]]","[true, true, true, true, true]",0,0.0,0,1,0.20786645799998382
s_curve--neutral,s_curve,neutral,877,full_trajectory,3.009890805548434,0.480255176725639,0.480255176725639,0.40423588736321375,0.15955900321710553,0.6666666666666666,0.0,4.0400526911982375,0.6427339360863292,0.4535982293432236,0.09393327789879215,0.2070847543536502,0,"[[0, 1, 2, 3, 4, 5], [0, 1, 2, 3, 4, 5], [0, 1, 2, 3, 4, 5], [0, 1, 2, 3, 4, 5]]","[true, true, true, true, true]",0,0.0,0,1,0.22949562499999843
s_curve--neutral,s_curve,neutral,877,static_tolerance,3.009890805548434,0.7841600410206323,0.7841600410206323,0.42465038110873476,0.2605277372770837,0.6666666666666666,0.16666666666666666,4.0400526911982375,1.0923934019971366,0.4535982293432236,0.16365718744294785,0.36079767701014015,0,"[[4, 5], [4, 5], [4, 5], [4, 5]]","[true, true, true, true, true]",0,0.0,0,1,0.30916249999998513
s_curve--neutral,s_curve,neutral,877,curvature_zones,3.009890805548434,0.26318530916991845,0.26318530916991845,0.3272439524650084,0.08744015187685962,0.6666666666666666,0.0,4.0400526911982375,0.3352231183347086,0.4535982293432236,0.14626930228970333,0.3224644472300749,0,"[[2, 4], [2, 4], [2, 4], [2, 4]]","[true, true, true, true, true]",0,0.0,0,1,0.21221233300002496
s_curve--neutral,s_curve,neutral,877,error_peak_dynamic,3.009890805548434,0.33326426024327904,0.33326426024327904,0.35398999643982026,0.11072304006143331,0.6666666666666666,0.0,4.0400526911982375,0.43387541434843413,0.4535982293432236,0.14773923093103913,0.32570504330441175,2,"[[2, 4], [3, 4], [2, 4], [2, 4]]","[true, true, true, true, true]",0,0.0,0,1,0.2679157090000217
s_curve--neutral,s_curve,neutral,877,violation_dynamic,3.009890805548434,0.26318530916991845,0.26318530916991845,0.3272439524650084,0.08744015187685962,0.6666666666666666,0.0,4.0400526911982375,0.3352231183347086,0.4535982293432236,0.14626930228970333,0.3224644472300749,0,"[[2, 4], [2, 4], [2, 4], [2, 4]]","[true, true, true, true, true]",0,0.0,0,1,0.22107908300000645
s_curve--neutral,s_curve,neutral,877,violation_safe,3.009890805548434,0.26318530916991845,0.26318530916991845,0.3272439524650084,0.08744015187685962,0.6666666666666666,0.0,4.0400526911982375,0.3352231183347086,0.4535982293432236,0.14626930228970333,0.3224644472300749,0,"[[2, 4], [2, 4], [2, 4], [2, 4]]","[true, true, true, true, true]",0,4.0,0,1,0.21307845900000189
s_curve--neutral,s_curve,neutral,877,random_zones,3.009890805548434,0.824390113283332,0.824390113283332,0.5176796640606824,0.27389369466947133,0.6666666666666666,0.16666666666666666,4.0400526911982375,1.0598470950517735,0.4535982293432236,0.1724073611185795,0.3800882586517423,0,"[[0, 1], [0, 1], [0, 1], [0, 1]]","[true, true, true, true, true]",0,0.0,0,1,0.18322370800001408
s_curve--neutral,s_curve,neutral,907,full_trajectory,6.8515339612136845,1.45617519082817,1.45617519082817,0.4395570127157247,0.2125327261123613,1.0,0.3333333333333333,8.89213061027289,1.9354792729599117,1.0467594023028977,0.3032630483615369,0.289716096835959,0,"[[0, 1, 2, 3, 4, 5], [0, 1, 2, 3, 4, 5], [0, 1, 2, 3, 4, 5], [0, 1, 2, 3, 4, 5]]","[true, true, true, true, true]",0,0.0,0,1,0.2329727919999982
s_curve--neutral,s_curve,neutral,907,static_tolerance,6.8515339612136845,1.8791431938205942,1.8791431938205942,0.43232041817211103,0.2742660555225099,1.0,0.16666666666666666,8.89213061027289,2.5970789689688334,1.0467594023028977,0.41475866374070547,0.3962311327973035,0,"[[4, 5], [4, 5], [4, 5], [4, 5]]","[true, true, true, true, true]",0,0.0,0,1,0.21292616599998837
s_curve--neutral,s_curve,neutral,907,curvature_zones,6.8515339612136845,0.8374450443489923,0.8374450443489923,0.3656549462533733,0.12222737989620164,1.0,0.16666666666666666,8.89213061027289,1.0574359770967985,1.0467594023028977,0.39525204737169956,0.37759588927707255,0,"[[2, 4], [2, 4], [2, 4], [2, 4]]","[true, true, true, true, true]",0,0.0,0,1,0.22231970899997577
s_curve--neutral,s_curve,neutral,907,error_peak_dynamic,6.8515339612136845,1.2016385478179796,1.2016385478179796,0.40526950093824005,0.17538241138705832,1.0,0.16666666666666666,8.89213061027289,1.5738496334873198,1.0467594023028977,0.39814374066561187,0.38035840880882976,1,"[[3, 4], [3, 4], [2, 4], [2, 4]]","[true, true, true, true, true]",0,0.0,0,1,0.21904154200001358
s_curve--neutral,s_curve,neutral,907,violation_dynamic,6.8515339612136845,1.2458773586602243,1.2458773586602243,0.4060765977703633,0.1818391860440445,1.0,0.3333333333333333,8.89213061027289,1.6066234139627442,1.0467594023028977,0.37938837007077514,0.36244085244050445,2,"[[3, 4], [3, 4], [2, 4], [2, 3]]","[true, true, true, true, true]",0,0.0,0,1,0.21699837500000285
s_curve--neutral,s_curve,neutral,907,violation_safe,6.8515339612136845,1.2458773586602243,1.2458773586602243,0.4060765977703633,0.1818391860440445,1.0,0.3333333333333333,8.89213061027289,1.6066234139627442,1.0467594023028977,0.37938837007077514,0.36244085244050445,2,"[[3, 4], [3, 4], [2, 4], [2, 3]]","[true, true, true, true, true]",0,4.0,0,1,0.21754608399999142
s_curve--neutral,s_curve,neutral,907,random_zones,6.8515339612136845,1.981321714871255,1.981321714871255,0.5108568522288234,0.28917928832980383,1.0,0.3333333333333333,8.89213061027289,2.545681244362895,1.0467594023028977,0.4250392371031358,0.4060524664674982,0,"[[1, 5], [1, 5], [1, 5], [1, 5]]","[true, true, true, true, true]",0,0.0,0,1,0.22395858300001237
s_curve--neutral,s_curve,neutral,929,full_trajectory,7.471659301885371,2.0663564728277426,2.0663564728277426,0.4863983601809357,0.2765592473289468,0.8333333333333334,0.5,10.036121582345888,2.722177764293526,1.0891623528526728,0.4406826516652284,0.404606944512007,0,"[[0, 1, 2, 3, 4, 5], [0, 1, 2, 3, 4, 5], [0, 1, 2, 3, 4, 5], [0, 1, 2, 3, 4, 5]]","[true, true, true, true, true]",0,0.0,0,1,0.2513790829999891
s_curve--neutral,s_curve,neutral,929,static_tolerance,7.471659301885371,2.395921029611804,2.395921029611804,0.4619523541026088,0.32066786409910664,0.8333333333333334,0.3333333333333333,10.036121582345888,3.2876774988988577,1.0891623528526728,0.5664738446098638,0.5201004635591631,0,"[[4, 5], [4, 5], [4, 5], [4, 5]]","[true, true, true, true, true]",0,0.0,0,1,0.2234875000000045
s_curve--neutral,s_curve,neutral,929,curvature_zones,7.471659301885371,1.1899266571643476,1.1899266571643476,0.40325099944743387,0.15925868794152404,0.8333333333333334,0.5,10.036121582345888,1.492078616592326,1.0891623528526728,0.5562452900445264,0.5107092515524797,0,"[[2, 4], [2, 4], [2, 4], [2, 4]]","[true, true, true, true, true]",0,0.0,0,1,0.22876537499999472
s_curve--neutral,s_curve,neutral,929,error_peak_dynamic,7.471659301885371,1.7058710782275774,1.7058710782275774,0.4385061402557828,0.2283122141017758,0.8333333333333334,0.3333333333333333,10.036121582345888,2.2094528874345363,1.0891623528526728,0.522187501593638,0.4794395438163593,2,"[[3, 4], [3, 4], [2, 4], [2, 3]]","[true, true, true, true, true]",0,0.0,0,1,0.221285249999994
s_curve--neutral,s_curve,neutral,929,violation_dynamic,7.471659301885371,1.7058710782275774,1.7058710782275774,0.4385061402557828,0.2283122141017758,0.8333333333333334,0.3333333333333333,10.036121582345888,2.2094528874345363,1.0891623528526728,0.522187501593638,0.4794395438163593,2,"[[3, 4], [3, 4], [2, 4], [2, 3]]","[true, true, true, true, true]",0,0.0,0,1,0.22222633399999836
s_curve--neutral,s_curve,neutral,929,violation_safe,7.471659301885371,1.7058710782275774,1.7058710782275774,0.4385061402557828,0.2283122141017758,0.8333333333333334,0.3333333333333333,10.036121582345888,2.2094528874345363,1.0891623528526728,0.522187501593638,0.4794395438163593,2,"[[3, 4], [3, 4], [2, 4], [2, 3]]","[true, true, true, true, true]",0,4.0,0,1,0.2222074169999928
s_curve--neutral,s_curve,neutral,929,random_zones,7.471659301885371,2.4458330566325,2.4458330566325,0.5247375402002072,0.3273480438294781,0.8333333333333334,0.3333333333333333,10.036121582345888,3.2041217562053697,1.0891623528526728,0.5473551259755883,0.5025468650674406,0,"[[1, 3], [1, 3], [1, 3], [1, 3]]","[true, true, true, true, true]",0,0.0,0,1,0.2150718329999961
s_curve--demand_aligned,s_curve,demand_aligned,811,full_trajectory,8.035530625053271,1.6701085739074728,1.6701085739074728,0.4355134491372966,0.20784048395016863,0.8333333333333334,0.3333333333333333,10.41423504660862,2.2849003004837884,1.0133730957420746,0.20694188732596663,0.20421095467748418,0,"[[0, 1, 2, 3, 4, 5], [0, 1, 2, 3, 4, 5], [0, 1, 2, 3, 4, 5], [0, 1, 2, 3, 4, 5]]","[true, true, true, true, true]",0,0.0,0,1,0.2342706670000041
s_curve--demand_aligned,s_curve,demand_aligned,811,static_tolerance,8.035530625053271,0.7944826044716258,0.7944826044716258,0.3393817160144112,0.09887120608993495,0.8333333333333334,0.0,10.41423504660862,0.9279603754217762,1.0133730957420746,0.47249936488212996,0.46626397214160037,0,"[[2, 4], [2, 4], [2, 4], [2, 4]]","[true, true, true, true, true]",0,0.0,0,1,0.1530702080000026
s_curve--demand_aligned,s_curve,demand_aligned,811,curvature_zones,8.035530625053271,0.7944826044716258,0.7944826044716258,0.3393817160144112,0.09887120608993495,0.8333333333333334,0.0,10.41423504660862,0.9279603754217762,1.0133730957420746,0.47249936488212996,0.46626397214160037,0,"[[2, 4], [2, 4], [2, 4], [2, 4]]","[true, true, true, true, true]",0,0.0,0,1,0.15327783299997577
s_curve--demand_aligned,s_curve,demand_aligned,811,error_peak_dynamic,8.035530625053271,1.3767600547840837,1.3767600547840837,0.445287737813759,0.17133405608480978,0.8333333333333334,0.3333333333333333,10.41423504660862,1.7847968400685077,1.0133730957420746,0.4338294303690957,0.42810434991014873,2,"[[3, 4], [3, 4], [1, 2], [2, 4]]","[true, true, true, true, true]",0,0.0,0,1,0.15280525000000011
s_curve--demand_aligned,s_curve,demand_aligned,811,violation_dynamic,8.035530625053271,0.9544747047418783,0.9544747047418783,0.37041819899821454,0.1187817891908726,0.8333333333333334,0.16666666666666666,10.41423504660862,1.1761229324811806,1.0133730957420746,0.4579376052329218,0.4518943784446759,1,"[[3, 4], [2, 4], [2, 4], [2, 4]]","[true, true, true, true, true]",0,0.0,0,1,0.15214445899999873
s_curve--demand_aligned,s_curve,demand_aligned,811,violation_safe,8.035530625053271,0.9544747047418783,0.9544747047418783,0.37041819899821454,0.1187817891908726,0.8333333333333334,0.16666666666666666,10.41423504660862,1.1761229324811806,1.0133730957420746,0.4579376052329218,0.4518943784446759,1,"[[3, 4], [2, 4], [2, 4], [2, 4]]","[true, true, true, true, true]",0,4.0,0,1,0.15392033300000207
s_curve--demand_aligned,s_curve,demand_aligned,811,random_zones,8.035530625053271,3.9914611401477096,3.9914611401477096,0.7114252314156525,0.4967265170644843,0.8333333333333334,0.3333333333333333,10.41423504660862,5.538722501723138,1.0133730957420746,0.5293530312225911,0.5223673624717219,0,"[[2, 5], [2, 5], [2, 5], [2, 5]]","[true, true, true, true, true]",0,0.0,0,1,0.1531745409999985
s_curve--demand_aligned,s_curve,demand_aligned,827,full_trajectory,3.8459863833292287,0.7725930705734487,0.7725930705734487,0.4409086168714404,0.20088294485969121,0.5,0.16666666666666666,5.133035829802248,1.0617028211259034,0.43563158282793585,0.09009854098203741,0.2068227936945155,0,"[[0, 1, 2, 3, 4, 5], [0, 1, 2, 3, 4, 5], [0, 1, 2, 3, 4, 5], [0, 1, 2, 3, 4, 5]]","[true, true, true, true, true]",0,0.0,0,1,0.22097820900000897
s_curve--demand_aligned,s_curve,demand_aligned,827,static_tolerance,3.8459863833292287,0.35778782416810867,0.35778782416810867,0.33447812183550907,0.09302888479246103,0.5,0.0,5.133035829802248,0.4331088953553032,0.43563158282793585,0.2647825163303199,0.6078129473796732,0,"[[2, 4], [2, 4], [2, 4], [2, 4]]","[true, true, true, true, true]",0,0.0,0,1,0.1469152079999958
s_curve--demand_aligned,s_curve,demand_aligned,827,curvature_zones,3.8459863833292287,0.35778782416810867,0.35778782416810867,0.33447812183550907,0.09302888479246103,0.5,0.0,5.133035829802248,0.4331088953553032,0.43563158282793585,0.2647825163303199,0.6078129473796732,0,"[[2, 4], [2, 4], [2, 4], [2, 4]]","[true, true, true, true, true]",0,0.0,0,1,0.14466412499999137
s_curve--demand_aligned,s_curve,demand_aligned,827,error_peak_dynamic,3.8459863833292287,0.5891981782911252,0.5891981782911252,0.3824451297326198,0.15319819665640452,0.5,0.0,5.133035829802248,0.7450076138498726,0.43563158282793585,0.23878837897122002,0.5481429455162707,3,"[[2, 4], [3, 4], [2, 4], [1, 2]]","[true, true, true, true, true]",0,0.0,0,1,0.1481953340000075
s_curve--demand_aligned,s_curve,demand_aligned,827,violation_dynamic,3.8459863833292287,0.35778782416810867,0.35778782416810867,0.33447812183550907,0.09302888479246103,0.5,0.0,5.133035829802248,0.4331088953553032,0.43563158282793585,0.2647825163303199,0.6078129473796732,0,"[[2, 4], [2, 4], [2, 4], [2, 4]]","[true, true, true, true, true]",0,0.0,0,1,0.14714654200000155
s_curve--demand_aligned,s_curve,demand_aligned,827,violation_safe,3.8459863833292287,0.35778782416810867,0.35778782416810867,0.33447812183550907,0.09302888479246103,0.5,0.0,5.133035829802248,0.4331088953553032,0.43563158282793585,0.2647825163303199,0.6078129473796732,0,"[[2, 4], [2, 4], [2, 4], [2, 4]]","[true, true, true, true, true]",0,4.0,0,1,0.15778908299998307
s_curve--demand_aligned,s_curve,demand_aligned,827,random_zones,3.8459863833292287,1.5193482643644622,1.5193482643644622,0.5634489988243045,0.39504774924586655,0.5,0.3333333333333333,5.133035829802248,2.003026259318884,0.43563158282793585,0.21228073411301857,0.48729417811027814,0,"[[0, 3], [0, 3], [0, 3], [0, 3]]","[true, true, true, true, true]",0,0.0,0,1,0.148304459000002
s_curve--demand_aligned,s_curve,demand_aligned,853,full_trajectory,2.7632352593080105,0.4588288151898472,0.4588288151898472,0.41810278454001987,0.16604768401252612,0.5,0.0,3.395838136286975,0.6316565859623323,0.41837931334270534,0.05559850130180213,0.13289017771359063,0,"[[0, 1, 2, 3, 4, 5], [0, 1, 2, 3, 4, 5], [0, 1, 2, 3, 4, 5], [0, 1, 2, 3, 4, 5]]","[true, true, true, true, true]",0,0.0,0,1,0.20285308399999735
s_curve--demand_aligned,s_curve,demand_aligned,853,static_tolerance,2.7632352593080105,0.22236422712035073,0.22236422712035073,0.30864842009575194,0.08047241955650088,0.5,0.0,3.395838136286975,0.2711043558502957,0.41837931334270534,0.20176059352119555,0.4822432349945759,0,"[[2, 4], [2, 4], [2, 4], [2, 4]]","[true, true, true, true, true]",0,0.0,0,1,0.14344575000001214
s_curve--demand_aligned,s_curve,demand_aligned,853,curvature_zones,2.7632352593080105,0.22236422712035073,0.22236422712035073,0.30864842009575194,0.08047241955650088,0.5,0.0,3.395838136286975,0.2711043558502957,0.41837931334270534,0.20176059352119555,0.4822432349945759,0,"[[2, 4], [2, 4], [2, 4], [2, 4]]","[true, true, true, true, true]",0,0.0,0,1,0.14352541700000643
s_curve--demand_aligned,s_curve,demand_aligned,853,error_peak_dynamic,2.7632352593080105,0.3441631372418921,0.3441631372418921,0.44343782873730436,0.12455079099131065,0.5,0.0,3.395838136286975,0.46936371994023013,0.41837931334270534,0.19320255407954742,0.4617880184752113,2,"[[2, 3], [2, 4], [2, 4], [1, 4]]","[true, true, true, true, true]",0,0.0,0,1,0.1429935409999814
s_curve--demand_aligned,s_curve,demand_aligned,853,violation_dynamic,2.7632352593080105,0.3471510286709576,0.3471510286709576,0.3142933792577641,0.12563209285259833,0.5,0.0,3.395838136286975,0.4663851625771724,0.41837931334270534,0.18685897649087121,0.4466257545047649,1,"[[2, 4], [2, 4], [2, 4], [1, 2]]","[true, true, true, true, true]",0,0.0,0,1,0.15183754199998134
s_curve--demand_aligned,s_curve,demand_aligned,853,violation_safe,2.7632352593080105,0.28582145683298393,0.3471510286709576,0.3142933792577641,0.10343725018352633,0.5,0.0,3.395838136286975,0.3473764786785425,0.41837931334270534,0.22227057283256096,0.531265685811988,1,"[[2, 4], [2, 4], [2, 4], [1, 2]]","[true, true, true, true, false]",1,2.0,0,1,0.1531107499999962
s_curve--demand_aligned,s_curve,demand_aligned,853,random_zones,2.7632352593080105,1.3049459922914133,1.3049459922914133,0.6554048611978018,0.47225294621428915,0.5,0.16666666666666666,3.395838136286975,1.8402870830510911,0.41837931334270534,0.18791306061412794,0.4491452005902679,0,"[[1, 4], [1, 4], [1, 4], [1, 4]]","[true, true, true, true, true]",0,0.0,0,1,0.14910404100001529
s_curve--demand_aligned,s_curve,demand_aligned,877,full_trajectory,4.029588276581187,0.8022586450909046,0.8022586450909046,0.4392942542165082,0.19909196424691875,0.5,0.16666666666666666,5.38673692159765,1.1018296047194212,0.4535982293432236,0.09393327789879215,0.2070847543536502,0,"[[0, 1, 2, 3, 4, 5], [0, 1, 2, 3, 4, 5], [0, 1, 2, 3, 4, 5], [0, 1, 2, 3, 4, 5]]","[true, true, true, true, true]",0,0.0,0,1,0.22082420899999988
s_curve--demand_aligned,s_curve,demand_aligned,877,static_tolerance,4.029588276581187,0.3751596844810685,0.3751596844810685,0.33505082669187114,0.09310124477515214,0.5,0.0,5.38673692159765,0.4484506292037866,0.4535982293432236,0.27230625415566173,0.6003247732027986,0,"[[2, 4], [2, 4], [2, 4], [2, 4]]","[true, true, true, true, true]",0,0.0,0,1,0.14606712500000185
s_curve--demand_aligned,s_curve,demand_aligned,877,curvature_zones,4.029588276581187,0.3751596844810685,0.3751596844810685,0.33505082669187114,0.09310124477515214,0.5,0.0,5.38673692159765,0.4484506292037866,0.4535982293432236,0.27230625415566173,0.6003247732027986,0,"[[2, 4], [2, 4], [2, 4], [2, 4]]","[true, true, true, true, true]",0,0.0,0,1,0.14448204200002124
s_curve--demand_aligned,s_curve,demand_aligned,877,error_peak_dynamic,4.029588276581187,0.5274697153027817,0.5274697153027817,0.39320418397050994,0.13089915869774704,0.5,0.0,5.38673692159765,0.6580657406480135,0.4535982293432236,0.25479880135395677,0.5617279452851622,3,"[[2, 4], [3, 4], [1, 2], [2, 4]]","[true, true, true, true, true]",0,0.0,0,1,0.14716254100000015
s_curve--demand_aligned,s_curve,demand_aligned,877,violation_dynamic,4.029588276581187,0.3751596844810685,0.3751596844810685,0.33505082669187114,0.09310124477515214,0.5,0.0,5.38673692159765,0.4484506292037866,0.4535982293432236,0.27230625415566173,0.6003247732027986,0,"[[2, 4], [2, 4], [2, 4], [2, 4]]","[true, true, true, true, true]",0,0.0,0,1,0.14708229200002165
s_curve--demand_aligned,s_curve,demand_aligned,877,violation_safe,4.029588276581187,0.3751596844810685,0.3751596844810685,0.33505082669187114,0.09310124477515214,0.5,0.0,5.38673692159765,0.4484506292037866,0.4535982293432236,0.27230625415566173,0.6003247732027986,0,"[[2, 4], [2, 4], [2, 4], [2, 4]]","[true, true, true, true, true]",0,4.0,0,1,0.1478162499999769
s_curve--demand_aligned,s_curve,demand_aligned,877,random_zones,4.029588276581187,1.5999963574993594,1.5999963574993594,0.5610657980074342,0.39706199434768064,0.5,0.3333333333333333,5.38673692159765,2.1091692432219316,0.4535982293432236,0.22382544119320874,0.49344425686425475,0,"[[3, 5], [3, 5], [3, 5], [3, 5]]","[true, true, true, true, true]",0,0.0,0,1,0.16394870899998182
s_curve--demand_aligned,s_curve,demand_aligned,907,full_trajectory,8.95732098357607,2.424656572055689,2.424656572055689,0.4863422756327899,0.27068992799314456,0.8333333333333334,0.3333333333333333,11.856174147030522,3.3179644679312768,1.0467594023028977,0.3032630483615369,0.289716096835959,0,"[[0, 1, 2, 3, 4, 5], [0, 1, 2, 3, 4, 5], [0, 1, 2, 3, 4, 5], [0, 1, 2, 3, 4, 5]]","[true, true, true, true, true]",0,0.0,0,1,0.2328980420000164
s_curve--demand_aligned,s_curve,demand_aligned,907,static_tolerance,8.95732098357607,1.0415332063941563,1.0415332063941563,0.36470146017522426,0.11627731196681315,0.8333333333333334,0.3333333333333333,11.856174147030522,1.2473251691221148,1.0467594023028977,0.6009439866569579,0.5740994399810173,0,"[[2, 4], [2, 4], [2, 4], [2, 4]]","[true, true, true, true, true]",0,0.0,0,1,0.15259012499998903
s_curve--demand_aligned,s_curve,demand_aligned,907,curvature_zones,8.95732098357607,1.0415332063941563,1.0415332063941563,0.36470146017522426,0.11627731196681315,0.8333333333333334,0.3333333333333333,11.856174147030522,1.2473251691221148,1.0467594023028977,0.6009439866569579,0.5740994399810173,0,"[[2, 4], [2, 4], [2, 4], [2, 4]]","[true, true, true, true, true]",0,0.0,0,1,0.1527487080000185
s_curve--demand_aligned,s_curve,demand_aligned,907,error_peak_dynamic,8.95732098357607,1.9108320093881321,1.9108320093881321,0.46586504924351807,0.2133262850456948,0.8333333333333334,0.5,11.856174147030522,2.472868146427518,1.0467594023028977,0.5514434866969045,0.5268101585557432,2,"[[3, 4], [3, 4], [1, 2], [2, 4]]","[true, true, true, true, true]",0,0.0,0,1,0.14756083400001785
s_curve--demand_aligned,s_curve,demand_aligned,907,violation_dynamic,8.95732098357607,1.3164383565089288,1.3164383565089288,0.39304306452481497,0.1469678667229542,0.8333333333333334,0.3333333333333333,11.856174147030522,1.6574451810080144,1.0467594023028977,0.5813949238840147,0.555423646164468,1,"[[3, 4], [2, 4], [2, 4], [2, 4]]","[true, true, true, true, true]",0,0.0,0,1,0.1519332499999848
s_curve--demand_aligned,s_curve,demand_aligned,907,violation_safe,8.95732098357607,1.3164383565089288,1.3164383565089288,0.39304306452481497,0.1469678667229542,0.8333333333333334,0.3333333333333333,11.856174147030522,1.6574451810080144,1.0467594023028977,0.5813949238840147,0.555423646164468,1,"[[3, 4], [2, 4], [2, 4], [2, 4]]","[true, true, true, true, true]",0,4.0,0,1,0.15216204199998629
s_curve--demand_aligned,s_curve,demand_aligned,907,random_zones,8.95732098357607,4.003159938980642,4.003159938980642,0.533988787304226,0.44691486955985393,0.8333333333333334,0.16666666666666666,11.856174147030522,5.644850810237921,1.0467594023028977,0.5379220714564497,0.5138927534570096,0,"[[1, 4], [1, 4], [1, 4], [1, 4]]","[true, true, true, true, true]",0,0.0,0,1,0.16431529199999773
s_curve--demand_aligned,s_curve,demand_aligned,929,full_trajectory,9.90831766115721,3.4296534258599234,3.4296534258599234,0.5372481244419217,0.3461388242834524,0.8333333333333334,0.5,13.381495443127852,4.666590453074615,1.0891623528526728,0.4406826516652284,0.404606944512007,0,"[[0, 1, 2, 3, 4, 5], [0, 1, 2, 3, 4, 5], [0, 1, 2, 3, 4, 5], [0, 1, 2, 3, 4, 5]]","[true, true, true, true, true]",0,0.0,0,1,0.26669837500000426
s_curve--demand_aligned,s_curve,demand_aligned,929,static_tolerance,9.90831766115721,1.308278419131204,1.308278419131204,0.39577390063803625,0.13203840085385474,0.8333333333333334,0.3333333333333333,13.381495443127852,1.5796977956060674,1.0891623528526728,0.7911430492004468,0.7263775204204674,0,"[[2, 4], [2, 4], [2, 4], [2, 4]]","[true, true, true, true, true]",0,0.0,0,1,0.15598900000000526
s_curve--demand_aligned,s_curve,demand_aligned,929,curvature_zones,9.90831766115721,1.308278419131204,1.308278419131204,0.39577390063803625,0.13203840085385474,0.8333333333333334,0.3333333333333333,13.381495443127852,1.5796977956060674,1.0891623528526728,0.7911430492004468,0.7263775204204674,0,"[[2, 4], [2, 4], [2, 4], [2, 4]]","[true, true, true, true, true]",0,0.0,0,1,0.15272629100002177
s_curve--demand_aligned,s_curve,demand_aligned,929,error_peak_dynamic,9.90831766115721,2.5488582664486374,2.5488582664486374,0.4662298266317904,0.25724430257628134,0.8333333333333334,0.5,13.381495443127852,3.303108154089643,1.0891623528526728,0.687839185204664,0.6315304448442551,2,"[[3, 4], [3, 4], [2, 4], [2, 3]]","[true, true, true, true, true]",0,0.0,0,1,0.15576958299999433
s_curve--demand_aligned,s_curve,demand_aligned,929,violation_dynamic,9.90831766115721,1.308278419131204,1.308278419131204,0.39577390063803625,0.13203840085385474,0.8333333333333334,0.3333333333333333,13.381495443127852,1.5796977956060674,1.0891623528526728,0.7911430492004468,0.7263775204204674,0,"[[2, 4], [2, 4], [2, 4], [2, 4]]","[true, true, true, true, true]",0,0.0,0,1,0.15519108399999482
s_curve--demand_aligned,s_curve,demand_aligned,929,violation_safe,9.90831766115721,1.308278419131204,1.308278419131204,0.39577390063803625,0.13203840085385474,0.8333333333333334,0.3333333333333333,13.381495443127852,1.5796977956060674,1.0891623528526728,0.7911430492004468,0.7263775204204674,0,"[[2, 4], [2, 4], [2, 4], [2, 4]]","[true, true, true, true, true]",0,4.0,0,1,0.1636367499999949
s_curve--demand_aligned,s_curve,demand_aligned,929,random_zones,9.90831766115721,1.308278419131204,1.308278419131204,0.39577390063803625,0.13203840085385474,0.8333333333333334,0.3333333333333333,13.381495443127852,1.5796977956060674,1.0891623528526728,0.7911430492004468,0.7263775204204674,0,"[[2, 4], [2, 4], [2, 4], [2, 4]]","[true, true, true, true, true]",0,0.0,0,1,0.16654274999999075
s_curve--demand_conflict,s_curve,demand_conflict,811,full_trajectory,4.65753130665478,0.5589177145217152,0.5589177145217152,0.3695562165348905,0.1200029968071544,1.0,0.0,5.498566942559644,0.6954044392776749,1.0133730957420746,0.20694188732596663,0.20421095467748418,0,"[[0, 1, 2, 3, 4, 5], [0, 1, 2, 3, 4, 5], [0, 1, 2, 3, 4, 5], [0, 1, 2, 3, 4, 5]]","[true, true, true, true, true]",0,0.0,0,1,0.24982041699999513
s_curve--demand_conflict,s_curve,demand_conflict,811,static_tolerance,4.65753130665478,2.0251192402288543,2.0251192402288543,0.6390399703587022,0.43480528780028177,1.0,0.5,5.498566942559644,2.5758449174686384,1.0133730957420746,0.5668387752196415,0.5593584214948552,0,"[[0, 5], [0, 5], [0, 5], [0, 5]]","[true, true, true, true, true]",0,0.0,0,1,0.17268979099998205
s_curve--demand_conflict,s_curve,demand_conflict,811,curvature_zones,4.65753130665478,0.3615722942088354,0.3615722942088354,0.34330210377881615,0.07763174746506013,1.0,0.0,5.498566942559644,0.39288730210153516,1.0133730957420746,0.30661396736124563,0.3025677005335511,0,"[[2, 4], [2, 4], [2, 4], [2, 4]]","[true, true, true, true, true]",0,0.0,0,1,0.22311112500000263
s_curve--demand_conflict,s_curve,demand_conflict,811,error_peak_dynamic,4.65753130665478,0.523762635428905,0.523762635428905,0.355543217025773,0.11245498976690543,1.0,0.0,5.498566942559644,0.6151655711542184,1.0133730957420746,0.33327317556050395,0.3288750973958452,1,"[[3, 4], [3, 4], [2, 4], [2, 4]]","[true, true, true, true, true]",0,0.0,0,1,0.1978172910000069
s_curve--demand_conflict,s_curve,demand_conflict,811,violation_dynamic,4.65753130665478,0.5181251800295514,0.5181251800295514,0.35763330889340883,0.1112445941671381,1.0,0.0,5.498566942559644,0.6074644215647885,1.0133730957420746,0.3387280772418193,0.33425801283363943,2,"[[3, 4], [3, 4], [2, 3], [2, 4]]","[true, true, true, true, true]",0,0.0,0,1,0.20000199999998358
s_curve--demand_conflict,s_curve,demand_conflict,811,violation_safe,4.65753130665478,0.5181251800295514,0.5181251800295514,0.35763330889340883,0.1112445941671381,1.0,0.0,5.498566942559644,0.6074644215647885,1.0133730957420746,0.3387280772418193,0.33425801283363943,2,"[[3, 4], [3, 4], [2, 3], [2, 4]]","[true, true, true, true, true]",0,4.0,0,1,0.31458570800000984
s_curve--demand_conflict,s_curve,demand_conflict,811,random_zones,4.65753130665478,2.0251192402288543,2.0251192402288543,0.6390399703587022,0.43480528780028177,1.0,0.5,5.498566942559644,2.5758449174686384,1.0133730957420746,0.5668387752196415,0.5593584214948552,0,"[[0, 5], [0, 5], [0, 5], [0, 5]]","[true, true, true, true, true]",0,0.0,0,1,0.17213512500001116
s_curve--demand_conflict,s_curve,demand_conflict,827,full_trajectory,1.9242029301108465,0.253637275221375,0.253637275221375,0.38994106873291545,0.13181420278097378,0.3333333333333333,0.0,2.566517914901124,0.32312694556005755,0.43563158282793585,0.09009854098203741,0.2068227936945155,0,"[[0, 1, 2, 3, 4, 5], [0, 1, 2, 3, 4, 5], [0, 1, 2, 3, 4, 5], [0, 1, 2, 3, 4, 5]]","[true, true, true, true, true]",0,0.0,0,1,0.21999987499998497
s_curve--demand_conflict,s_curve,demand_conflict,827,static_tolerance,1.9242029301108465,1.178991177113705,1.178991177113705,0.7785200671533178,0.6127166520039482,0.3333333333333333,0.16666666666666666,2.566517914901124,1.5683586541304135,0.43563158282793585,0.3180248303028938,0.7300316203853063,0,"[[0, 5], [0, 5], [0, 5], [0, 5]]","[true, true, true, true, true]",0,0.0,0,1,0.13663437499999986
s_curve--demand_conflict,s_curve,demand_conflict,827,curvature_zones,1.9242029301108465,0.1722317754333056,0.1722317754333056,0.32853626741151587,0.08950811410695853,0.3333333333333333,0.0,2.566517914901124,0.19976261245660837,0.43563158282793585,0.15415357374799651,0.3538622538505972,0,"[[2, 4], [2, 4], [2, 4], [2, 4]]","[true, true, true, true, true]",0,0.0,0,1,0.19623316600001317
s_curve--demand_conflict,s_curve,demand_conflict,827,error_peak_dynamic,1.9242029301108465,0.2039125541686872,0.2039125541686872,0.330594312994938,0.1059724787743362,0.3333333333333333,0.0,2.566517914901124,0.2509218841922505,0.43563158282793585,0.15129824129059896,0.3473077877146437,1,"[[2, 4], [2, 4], [2, 4], [2, 3]]","[true, true, true, true, true]",0,0.0,0,1,0.18849966599998424
s_curve--demand_conflict,s_curve,demand_conflict,827,violation_dynamic,1.9242029301108465,0.2657791893334237,0.2657791893334237,0.3655572951602512,0.138124303406041,0.3333333333333333,0.0,2.566517914901124,0.3246134789137275,0.43563158282793585,0.16770991377511368,0.38498107204810983,3,"[[3, 4], [2, 4], [3, 4], [2, 3]]","[true, true, true, true, true]",0,0.0,0,1,0.18422166700000275
s_curve--demand_conflict,s_curve,demand_conflict,827,violation_safe,1.9242029301108465,0.2657791893334237,0.2657791893334237,0.3655572951602512,0.138124303406041,0.3333333333333333,0.0,2.566517914901124,0.3246134789137275,0.43563158282793585,0.16770991377511368,0.38498107204810983,3,"[[3, 4], [2, 4], [3, 4], [2, 3]]","[true, true, true, true, true]",0,4.0,0,1,0.1845614160000082
s_curve--demand_conflict,s_curve,demand_conflict,827,random_zones,1.9242029301108465,1.178991177113705,1.178991177113705,0.7785200671533178,0.6127166520039482,0.3333333333333333,0.16666666666666666,2.566517914901124,1.5683586541304135,0.43563158282793585,0.3180248303028938,0.7300316203853063,0,"[[0, 5], [0, 5], [0, 5], [0, 5]]","[true, true, true, true, true]",0,0.0,0,1,0.1392147920000184
s_curve--demand_conflict,s_curve,demand_conflict,853,full_trajectory,1.587418166040698,0.15944465052702805,0.15944465052702805,0.3244578073085585,0.10044275285365496,0.5,0.0,1.9714185255425734,0.19224330877114462,0.41837931334270534,0.05559850130180213,0.13289017771359063,0,"[[0, 1, 2, 3, 4, 5], [0, 1, 2, 3, 4, 5], [0, 1, 2, 3, 4, 5], [0, 1, 2, 3, 4, 5]]","[true, true, true, true, true]",0,0.0,0,1,0.24329641699998206
s_curve--demand_conflict,s_curve,demand_conflict,853,static_tolerance,1.587418166040698,0.8484415306547719,0.8484415306547719,0.6895286676721518,0.5344789097197592,0.5,0.16666666666666666,1.9714185255425734,1.1064237910832802,0.41837931334270534,0.2510536181544667,0.600062216624994,0,"[[0, 5], [0, 5], [0, 5], [0, 5]]","[true, true, true, true, true]",0,0.0,0,1,0.1647585829999798
s_curve--demand_conflict,s_curve,demand_conflict,853,curvature_zones,1.587418166040698,0.13921248039784231,0.13921248039784231,0.2844165593489438,0.08769742174808474,0.5,0.0,1.9714185255425734,0.16736745802700181,0.41837931334270534,0.1035107590779526,0.24740888417961585,0,"[[2, 4], [2, 4], [2, 4], [2, 4]]","[true, true, true, true, true]",0,0.0,0,1,0.19529845799999634
s_curve--demand_conflict,s_curve,demand_conflict,853,error_peak_dynamic,1.587418166040698,0.14878582964031783,0.14878582964031783,0.35924049754681253,0.09372818884353329,0.5,0.0,1.9714185255425734,0.17635764671562318,0.41837931334270534,0.11241811638722522,0.2686990317208648,1,"[[2, 3], [2, 4], [2, 4], [2, 4]]","[true, true, true, true, true]",0,0.0,0,1,0.17274662500000204
s_curve--demand_conflict,s_curve,demand_conflict,853,violation_dynamic,1.587418166040698,0.18715183929044132,0.18715183929044132,0.3159472197915,0.11789699985431762,0.5,0.0,1.9714185255425734,0.23834935092559473,0.41837931334270534,0.12349648282240813,0.29517827216578696,3,"[[3, 4], [2, 4], [1, 2], [3, 4]]","[true, true, true, true, true]",0,0.0,0,1,0.17302558400001544
s_curve--demand_conflict,s_curve,demand_conflict,853,violation_safe,1.587418166040698,0.18715183929044132,0.18715183929044132,0.3159472197915,0.11789699985431762,0.5,0.0,1.9714185255425734,0.23834935092559473,0.41837931334270534,0.12349648282240813,0.29517827216578696,3,"[[3, 4], [2, 4], [1, 2], [3, 4]]","[true, true, true, true, true]",0,4.0,0,1,0.17702054200000816
s_curve--demand_conflict,s_curve,demand_conflict,853,random_zones,1.587418166040698,0.8484415306547719,0.8484415306547719,0.6895286676721518,0.5344789097197592,0.5,0.16666666666666666,1.9714185255425734,1.1064237910832802,0.41837931334270534,0.2510536181544667,0.600062216624994,0,"[[0, 5], [0, 5], [0, 5], [0, 5]]","[true, true, true, true, true]",0,0.0,0,1,0.14978104199997233
s_curve--demand_conflict,s_curve,demand_conflict,877,full_trajectory,2.0496182324171026,0.2639399427634124,0.2639399427634124,0.3869256030518419,0.1287751731463423,0.5,0.0,2.693368460798825,0.33533944491460654,0.4535982293432236,0.09393327789879215,0.2070847543536502,0,"[[0, 1, 2, 3, 4, 5], [0, 1, 2, 3, 4, 5], [0, 1, 2, 3, 4, 5], [0, 1, 2, 3, 4, 5]]","[true, true, true, true, true]",0,0.0,0,1,0.22088825000000156
s_curve--demand_conflict,s_curve,demand_conflict,877,static_tolerance,2.0496182324171026,1.2078614736664885,1.2078614736664885,0.7602383132080249,0.5893104650235593,0.5,0.16666666666666666,2.693368460798825,1.5984054203655609,0.4535982293432236,0.3265948327262549,0.7200090555889953,0,"[[0, 5], [0, 5], [0, 5], [0, 5]]","[true, true, true, true, true]",0,0.0,0,1,0.14029062500000578
s_curve--demand_conflict,s_curve,demand_conflict,877,curvature_zones,2.0496182324171026,0.18594487222573167,0.18594487222573167,0.33207599472427074,0.09072171065069419,0.5,0.0,2.693368460798825,0.21509448448124016,0.4535982293432236,0.16022894229190568,0.3532397878270055,0,"[[2, 4], [2, 4], [2, 4], [2, 4]]","[true, true, true, true, true]",0,0.0,0,1,0.1980163329999982
s_curve--demand_conflict,s_curve,demand_conflict,877,error_peak_dynamic,2.0496182324171026,0.23943185647494095,0.23943185647494095,0.34286341006793897,0.11681778230113633,0.5,0.0,2.693368460798825,0.28770967839290973,0.4535982293432236,0.16499357580646537,0.36374387097005156,3,"[[2, 4], [3, 4], [2, 4], [2, 3]]","[true, true, true, true, true]",0,0.0,0,1,0.1833797079999897
s_curve--demand_conflict,s_curve,demand_conflict,877,violation_dynamic,2.0496182324171026,0.2643947895833809,0.2643947895833809,0.37402290883894485,0.1289970909712204,0.5,0.0,2.693368460798825,0.3082755458442681,0.4535982293432236,0.1831603681464308,0.4037942749724428,2,"[[3, 4], [3, 4], [2, 3], [2, 4]]","[true, true, true, true, true]",0,0.0,0,1,0.18014712499999064
s_curve--demand_conflict,s_curve,demand_conflict,877,violation_safe,2.0496182324171026,0.2643947895833809,0.2643947895833809,0.37402290883894485,0.1289970909712204,0.5,0.0,2.693368460798825,0.3082755458442681,0.4535982293432236,0.1831603681464308,0.4037942749724428,2,"[[3, 4], [3, 4], [2, 3], [2, 4]]","[true, true, true, true, true]",0,4.0,0,1,0.26084391700001675
s_curve--demand_conflict,s_curve,demand_conflict,877,random_zones,2.0496182324171026,1.1169582947207841,1.1169582947207841,0.7568083655503131,0.5449591914507717,0.5,0.16666666666666666,2.693368460798825,1.5062391184391246,0.4535982293432236,0.29165410640536177,0.6429789349655425,0,"[[0, 2], [0, 2], [0, 2], [0, 2]]","[true, true, true, true, true]",0,0.0,0,1,0.17223816699998906
s_curve--demand_conflict,s_curve,demand_conflict,907,full_trajectory,4.868229359876037,0.8080096751198973,0.8080096751198973,0.41216196586500853,0.16597609015292414,1.0,0.16666666666666666,5.928087073515261,1.0098152728486494,1.0467594023028977,0.3032630483615369,0.289716096835959,0,"[[0, 1, 2, 3, 4, 5], [0, 1, 2, 3, 4, 5], [0, 1, 2, 3, 4, 5], [0, 1, 2, 3, 4, 5]]","[true, true, true, true, true]",0,0.0,0,1,0.2570335829999806
s_curve--demand_conflict,s_curve,demand_conflict,907,static_tolerance,4.868229359876037,2.4527574963427083,2.4527574963427083,0.6945984906576188,0.5038294860464759,1.0,0.5,5.928087073515261,3.189866577379726,1.0467594023028977,0.667423609123515,0.6376093758080088,0,"[[0, 5], [0, 5], [0, 5], [0, 5]]","[true, true, true, true, true]",0,0.0,0,1,0.15940162499998678
s_curve--demand_conflict,s_curve,demand_conflict,907,curvature_zones,4.868229359876037,0.5226366447964466,0.5226366447964466,0.3733664363287629,0.1073566190418265,1.0,0.0,5.928087073515261,0.5878511465968714,1.0467594023028977,0.41684366940253764,0.3982229999419836,0,"[[2, 4], [2, 4], [2, 4], [2, 4]]","[true, true, true, true, true]",0,0.0,0,1,0.21223183300000414
s_curve--demand_conflict,s_curve,demand_conflict,907,error_peak_dynamic,4.868229359876037,0.7456482285273485,0.7456482285273485,0.3841587757148311,0.15316620754826873,1.0,0.0,5.928087073515261,0.8941320702610721,1.0467594023028977,0.4270381362276613,0.40796207350816854,2,"[[3, 4], [3, 4], [2, 4], [2, 3]]","[true, true, true, true, true]",0,0.0,0,1,0.19909187499999348
s_curve--demand_conflict,s_curve,demand_conflict,907,violation_dynamic,4.868229359876037,0.7156999965959876,0.7156999965959876,0.38472883731296786,0.14701443660292374,1.0,0.0,5.928087073515261,0.8427249965973568,1.0467594023028977,0.44646610119068103,0.42652217903029493,2,"[[3, 4], [3, 4], [2, 3], [2, 4]]","[true, true, true, true, true]",0,0.0,0,1,0.20160279099999912
s_curve--demand_conflict,s_curve,demand_conflict,907,violation_safe,4.868229359876037,0.7156999965959876,0.7156999965959876,0.38472883731296786,0.14701443660292374,1.0,0.0,5.928087073515261,0.8427249965973568,1.0467594023028977,0.44646610119068103,0.42652217903029493,2,"[[3, 4], [3, 4], [2, 3], [2, 4]]","[true, true, true, true, true]",0,4.0,0,1,0.20107295799999747
s_curve--demand_conflict,s_curve,demand_conflict,907,random_zones,4.868229359876037,1.3739433569394381,1.3739433569394381,0.4939831512638037,0.2822265048281176,1.0,0.3333333333333333,5.928087073515261,1.7369122466475497,1.0467594023028977,0.5103418085311359,0.4875445182611885,0,"[[1, 3], [1, 3], [1, 3], [1, 3]]","[true, true, true, true, true]",0,0.0,0,1,0.18616566699998316
s_curve--demand_conflict,s_curve,demand_conflict,929,full_trajectory,5.153224668069867,1.1475374973389643,1.1475374973389643,0.46058704843287057,0.22268338200918628,1.0,0.5,6.690747721563926,1.4202666596314046,1.0891623528526728,0.4406826516652284,0.404606944512007,0,"[[0, 1, 2, 3, 4, 5], [0, 1, 2, 3, 4, 5], [0, 1, 2, 3, 4, 5], [0, 1, 2, 3, 4, 5]]","[true, true, true, true, true]",0,0.0,0,1,0.2508820830000218
s_curve--demand_conflict,s_curve,demand_conflict,929,static_tolerance,5.153224668069867,2.968904926054211,2.968904926054211,0.7485758745368005,0.5761256528266621,1.0,0.5,6.690747721563926,3.931699207923065,1.0891623528526728,0.8018856329040327,0.7362406814776318,0,"[[0, 5], [0, 5], [0, 5], [0, 5]]","[true, true, true, true, true]",0,0.0,0,1,0.15651575000001117
s_curve--demand_conflict,s_curve,demand_conflict,929,curvature_zones,5.153224668069867,0.7992916062030091,0.7992916062030091,0.4178794315203061,0.1551051346849938,1.0,0.0,6.690747721563926,0.9512187465241007,1.0891623528526728,0.5807207783920996,0.5331810972635148,0,"[[2, 4], [2, 4], [2, 4], [2, 4]]","[true, true, true, true, true]",0,0.0,0,1,0.21326737499998671
s_curve--demand_conflict,s_curve,demand_conflict,929,error_peak_dynamic,5.153224668069867,0.9538467597501132,0.9538467597501132,0.41782931735875284,0.1850970646904427,1.0,0.3333333333333333,6.690747721563926,1.1254222896759756,1.0891623528526728,0.5712796377142925,0.5245128388968173,2,"[[3, 4], [3, 4], [2, 4], [2, 3]]","[true, true, true, true, true]",0,0.0,0,1,0.1961239169999942
s_curve--demand_conflict,s_curve,demand_conflict,929,violation_dynamic,5.153224668069867,0.96604719594652,0.96604719594652,0.4105153382250876,0.18746459899803897,1.0,0.3333333333333333,6.690747721563926,1.1265239507765803,1.0891623528526728,0.6000349897613693,0.550914184822668,2,"[[3, 4], [3, 4], [2, 3], [2, 4]]","[true, true, true, true, true]",0,0.0,0,1,0.19937058299998967
s_curve--demand_conflict,s_curve,demand_conflict,929,violation_safe,5.153224668069867,0.96604719594652,0.96604719594652,0.4105153382250876,0.18746459899803897,1.0,0.3333333333333333,6.690747721563926,1.1265239507765803,1.0891623528526728,0.6000349897613693,0.550914184822668,2,"[[3, 4], [3, 4], [2, 3], [2, 4]]","[true, true, true, true, true]",0,4.0,0,1,0.19914262500000746
s_curve--demand_conflict,s_curve,demand_conflict,929,random_zones,5.153224668069867,2.968904926054211,2.968904926054211,0.7485758745368005,0.5761256528266621,1.0,0.5,6.690747721563926,3.931699207923065,1.0891623528526728,0.8018856329040327,0.7362406814776318,0,"[[0, 5], [0, 5], [0, 5], [0, 5]]","[true, true, true, true, true]",0,0.0,0,1,0.15675633300000413
