manifest_id,trajectory,regime,scenario_id,scenario_mode,domain_seed,schedule_slot,method,initial_task_score,final_task_score,last_observed_task_score,task_auc_normalized,final_task_ratio,initial_violation_rate,final_violation_rate,initial_global_rmse,final_global_rmse,final_global_ratio,measured_score_auc_normalized,selection_switches,selection_history,accepted_history,rejected_trials,final_trust_radius_mm,constraint_violation,all_updates_succeeded,finite_result,actual_axis_delay_history,raw_estimated_lag_history,total_estimated_lag_history,nominal_estimated_lag_history,applied_lag_history,confidence_history,gain_history,lag_absolute_error_steps,median_peak_correlation,elapsed_s
harmonic_loop--demand_conflict,harmonic_loop,demand_conflict,balanced_static,static,1901,0,dual_anchor_dynamic,1.467506360911999,0.295732485784161,0.295732485784161,0.4264550920175958,0.20152041153700662,0.5,0.0,0.39857238405926587,0.08767563194795044,0.21997417647207962,0.4264550920175958,3,"[[2, 3], [3, 4], [2, 4], [1, 3]]","[true, true, true, true, true]",0,4.0,0,1,1,"[[2, 2], [2, 2], [2, 2], [2, 2], [2, 2]]","[[1, 2], [1, 2], [1, 2], [1, 2], [1, 2]]","[[3, 4], [3, 4], [3, 4], [3, 4], [3, 4]]","[[2, 2], [2, 2], [2, 2], [2, 2], [2, 2]]","[[0.0, 0.0], [0.0, 0.0], [0.0, 0.0], [0.0, 0.0], [0.0, 0.0]]","[[NaN, NaN], [NaN, NaN], [NaN, NaN], [NaN, NaN], [NaN, NaN]]","[[0.0, 0.0], [0.0, 0.0], [0.0, 0.0], [0.0, 0.0], [0.0, 0.0]]",0.5,0.9992057069913692,0.23386895800000018
harmonic_loop--demand_conflict,harmonic_loop,demand_conflict,balanced_static,static,1901,0,fixed_delay_2,1.467506360911999,0.3327039938900081,0.3327039938900081,0.43838343788499495,0.226713834264572,0.5,0.0,0.39857238405926587,0.09057761775892323,0.2272551270021125,0.43838343788499495,3,"[[2, 3], [3, 4], [1, 2], [2, 3]]","[true, true, true, true, true]",0,4.0,0,1,1,"[[2, 2], [2, 2], [2, 2], [2, 2], [2, 2]]","[[1, 2], [1, 2], [1, 2], [1, 2], [1, 2]]","[[3, 4], [3, 4], [3, 4], [3, 4], [3, 4]]","[[2, 2], [2, 2], [2, 2], [2, 2], [2, 2]]","[[2.0, 2.0], [2.0, 2.0], [2.0, 2.0], [2.0, 2.0], [2.0, 2.0]]","[[NaN, NaN], [NaN, NaN], [NaN, NaN], [NaN, NaN], [NaN, NaN]]","[[1.0, 1.0], [1.0, 1.0], [1.0, 1.0], [1.0, 1.0], [1.0, 1.0]]",0.5,0.9992133795191004,0.23822745800000034
harmonic_loop--demand_conflict,harmonic_loop,demand_conflict,balanced_static,static,1901,0,delay_aware_dual_anchor,1.467506360911999,0.24480885482335127,0.24480885482335127,0.42983458700632227,0.1668196209188572,0.5,0.0,0.39857238405926587,0.09046476837614492,0.22697199302873233,0.42983458700632227,3,"[[2, 3], [3, 4], [1, 2], [3, 4]]","[true, true, true, true, true]",0,4.0,0,1,1,"[[2, 2], [2, 2], [2, 2], [2, 2], [2, 2]]","[[1, 2], [1, 2], [1, 2], [1, 2], [1, 2]]","[[3, 4], [3, 4], [3, 4], [3, 4], [3, 4]]","[[2, 2], [2, 2], [2, 2], [2, 2], [2, 2]]","[[0.25, 0.5], [0.25, 0.5], [0.25, 0.5], [0.25, 0.5], [0.25, 0.5]]","[[NaN, NaN], [NaN, NaN], [NaN, NaN], [NaN, NaN], [NaN, NaN]]","[[0.25, 0.25], [0.25, 0.25], [0.25, 0.25], [0.25, 0.25], [0.25, 0.25]]",0.5,0.9992070483811362,0.23556837500000016
harmonic_loop--demand_conflict,harmonic_loop,demand_conflict,balanced_static,static,1901,0,adaptive_rolling_delay,1.467506360911999,0.2844941690995972,0.2844941690995972,0.4222327101030076,0.19386230729711793,0.5,0.0,0.39857238405926587,0.08702547015370209,0.21834295007443819,0.4222327101030076,3,"[[2, 3], [3, 4], [2, 4], [1, 3]]","[true, true, true, true, true]",0,4.0,0,1,1,"[[2, 2], [2, 2], [2, 2], [2, 2], [2, 2]]","[[1, 2], [1, 2], [1, 2], [1, 2], [1, 2]]","[[3, 4], [3, 4], [3, 4], [3, 4], [3, 4]]","[[2, 2], [2, 2], [2, 2], [2, 2], [2, 2]]","[[0.17497310609540334, 0.36841370820237584], [0.17497226083904524, 0.36961595827660376], [0.17497189375476638, 0.3705484852417401], [0.17497153374042249, 0.3709597105252247], [0.17497129653958698, 0.37146903492961103]]","[[0.9989242438161345, 0.6841370820237586], [0.9988904335618105, 0.6961595827660372], [0.9988757501906554, 0.7054848524174012], [0.9988613496168998, 0.7095971052522465], [0.9988518615834797, 0.7146903492961099]]","[[0.17497310609540334, 0.18420685410118792], [0.17497226083904524, 0.18480797913830188], [0.17497189375476638, 0.18527424262087006], [0.17497153374042249, 0.18547985526261235], [0.17497129653958698, 0.18573451746480552]]",0.5,0.9992066744141481,0.227593916
harmonic_loop--demand_conflict,harmonic_loop,demand_conflict,balanced_static,static,1901,0,oracle_adaptive_delay,1.467506360911999,0.28543200072062197,0.28543200072062197,0.42209406148267725,0.19450137207121673,0.5,0.0,0.39857238405926587,0.08708687320567736,0.2184970075416162,0.42209406148267725,3,"[[2, 3], [3, 4], [2, 4], [1, 3]]","[true, true, true, true, true]",0,4.0,0,1,1,"[[2, 2], [2, 2], [2, 2], [2, 2], [2, 2]]","[[1, 2], [1, 2], [1, 2], [1, 2], [1, 2]]","[[3, 4], [3, 4], [3, 4], [3, 4], [3, 4]]","[[2, 2], [2, 2], [2, 2], [2, 2], [2, 2]]","[[0.4, 0.4], [0.4, 0.4], [0.4, 0.4], [0.4, 0.4], [0.4, 0.4]]","[[1.0, 1.0], [1.0, 1.0], [1.0, 1.0], [1.0, 1.0], [1.0, 1.0]]","[[0.2, 0.2], [0.2, 0.2], [0.2, 0.2], [0.2, 0.2], [0.2, 0.2]]",0.5,0.9992070463155536,0.2301653749999999
harmonic_loop--demand_conflict,harmonic_loop,demand_conflict,balanced_static,static,1931,1,dual_anchor_dynamic,13.109967062074265,9.947327278222627,10.360609034272334,0.8103583773576516,0.758760661344389,1.0,0.6666666666666666,3.287784679418107,2.4832792028486006,0.7553046944935905,0.8103583773576516,1,"[[2, 3], [1, 3], [1, 3], [1, 3]]","[true, true, true, false, false]",2,1.0,0,1,1,"[[2, 10], [2, 10], [2, 10], [2, 10], [2, 10]]","[[1, 10], [1, 10], [1, 10], [1, 10], [1, 10]]","[[3, 12], [3, 12], [3, 12], [3, 12], [3, 12]]","[[2, 2], [2, 2], [2, 2], [2, 2], [2, 2]]","[[0.0, 0.0], [0.0, 0.0], [0.0, 0.0], [0.0, 0.0], [0.0, 0.0]]","[[NaN, NaN], [NaN, NaN], [NaN, NaN], [NaN, NaN], [NaN, NaN]]","[[0.0, 0.0], [0.0, 0.0], [0.0, 0.0], [0.0, 0.0], [0.0, 0.0]]",0.5,0.9589879706887832,0.38650974999999965
harmonic_loop--demand_conflict,harmonic_loop,demand_conflict,balanced_static,static,1931,1,fixed_delay_2,13.109967062074265,9.45176755104313,9.819615444870086,0.7783944182805362,0.7209604346288622,1.0,0.6666666666666666,3.287784679418107,2.2748977417367873,0.6919241871214672,0.7783944182805362,3,"[[2, 3], [1, 3], [2, 3], [1, 3]]","[true, true, true, true, false]",1,2.0,0,1,1,"[[2, 10], [2, 10], [2, 10], [2, 10], [2, 10]]","[[1, 10], [1, 10], [1, 10], [1, 10], [1, 10]]","[[3, 12], [3, 12], [3, 12], [3, 12], [3, 12]]","[[2, 2], [2, 2], [2, 2], [2, 2], [2, 2]]","[[2.0, 2.0], [2.0, 2.0], [2.0, 2.0], [2.0, 2.0], [2.0, 2.0]]","[[NaN, NaN], [NaN, NaN], [NaN, NaN], [NaN, NaN], [NaN, NaN]]","[[1.0, 1.0], [1.0, 1.0], [1.0, 1.0], [1.0, 1.0], [1.0, 1.0]]",0.5,0.960621718615197,0.3991129579999999
harmonic_loop--demand_conflict,harmonic_loop,demand_conflict,balanced_static,static,1931,1,delay_aware_dual_anchor,13.109967062074265,8.990747945326033,8.990747945326033,0.7517507365273683,0.6857948538509534,1.0,0.8333333333333334,3.287784679418107,2.1554500473265965,0.655593433724523,0.7517507365273683,2,"[[2, 3], [1, 3], [1, 3], [2, 3]]","[true, true, true, true, true]",0,4.0,0,1,1,"[[2, 10], [2, 10], [2, 10], [2, 10], [2, 10]]","[[1, 10], [1, 10], [1, 10], [1, 10], [1, 10]]","[[3, 12], [3, 12], [3, 12], [3, 12], [3, 12]]","[[2, 2], [2, 2], [2, 2], [2, 2], [2, 2]]","[[0.25, 2.5], [0.25, 2.5], [0.25, 2.5], [0.25, 2.5], [0.25, 2.5]]","[[NaN, NaN], [NaN, NaN], [NaN, NaN], [NaN, NaN], [NaN, NaN]]","[[0.25, 0.25], [0.25, 0.25], [0.25, 0.25], [0.25, 0.25], [0.25, 0.25]]",0.5,0.9593963734168722,0.34331429199999963
harmonic_loop--demand_conflict,harmonic_loop,demand_conflict,balanced_static,static,1931,1,adaptive_rolling_delay,13.109967062074265,8.508810675168595,8.508810675168595,0.7280206019886615,0.6490337187637699,1.0,0.8333333333333334,3.287784679418107,2.046956087395892,0.6225943262677942,0.7280206019886615,2,"[[2, 3], [1, 3], [1, 3], [2, 3]]","[true, true, true, true, true]",0,4.0,0,1,1,"[[2, 10], [2, 10], [2, 10], [2, 10], [2, 10]]","[[1, 10], [1, 10], [1, 10], [1, 10], [1, 10]]","[[3, 12], [3, 12], [3, 12], [3, 12], [3, 12]]","[[2, 2], [2, 2], [2, 2], [2, 2], [2, 2]]","[[0.17493772629224716, 3.5], [0.17492435188322897, 3.5], [0.17492185518953712, 3.5], [0.1749192439858582, 3.5], [0.17490789215030275, 3.5]]","[[0.9975090516898872, 0.9808766228416278], [0.9969740753291596, 0.9824609642981648], [0.9968742075814853, 0.9825452348197562], [0.996769759434329, 0.9823800073449569], [0.996315686012111, 0.9822581036417611]]","[[0.17493772629224716, 0.3756016232535744], [0.17492435188322897, 0.3759660217885779], [0.17492185518953712, 0.37598540400854397], [0.1749192439858582, 0.3759474016893401], [0.17490789215030275, 0.37591936383760505]]",0.5,0.9595780611789153,0.3512127500000002
harmonic_loop--demand_conflict,harmonic_loop,demand_conflict,balanced_static,static,1931,1,oracle_adaptive_delay,13.109967062074265,8.547409907803745,8.547409907803745,0.7298507936467036,0.6519779849432642,1.0,0.8333333333333334,3.287784679418107,2.0513357090537303,0.6239264152227842,0.7298507936467036,2,"[[2, 3], [1, 3], [1, 3], [2, 3]]","[true, true, true, true, true]",0,4.0,0,1,1,"[[2, 10], [2, 10], [2, 10], [2, 10], [2, 10]]","[[1, 10], [1, 10], [1, 10], [1, 10], [1, 10]]","[[3, 12], [3, 12], [3, 12], [3, 12], [3, 12]]","[[2, 2], [2, 2], [2, 2], [2, 2], [2, 2]]","[[0.4, 3.5], [0.4, 3.5], [0.4, 3.5], [0.4, 3.5], [0.4, 3.5]]","[[1.0, 1.0], [1.0, 1.0], [1.0, 1.0], [1.0, 1.0], [1.0, 1.0]]","[[0.2, 0.38], [0.2, 0.38], [0.2, 0.38], [0.2, 0.38], [0.2, 0.38]]",0.5,0.9597839843414753,0.34472554199999994
harmonic_loop--demand_conflict,harmonic_loop,demand_conflict,balanced_static,static,1951,2,dual_anchor_dynamic,11.962517368479968,4.135975922030542,4.135975922030542,0.49976751403476927,0.3457446116591164,0.8333333333333334,0.8333333333333334,2.7049276492389316,0.9891018139083372,0.36566664331544485,0.49976751403476927,3,"[[2, 4], [1, 2], [2, 3], [1, 2]]","[true, true, true, true, true]",0,4.0,0,1,1,"[[10, 2], [10, 2], [10, 2], [10, 2], [10, 2]]","[[9, 2], [9, 2], [9, 2], [9, 2], [9, 2]]","[[11, 4], [11, 4], [11, 4], [11, 4], [11, 4]]","[[2, 2], [2, 2], [2, 2], [2, 2], [2, 2]]","[[0.0, 0.0], [0.0, 0.0], [0.0, 0.0], [0.0, 0.0], [0.0, 0.0]]","[[NaN, NaN], [NaN, NaN], [NaN, NaN], [NaN, NaN], [NaN, NaN]]","[[0.0, 0.0], [0.0, 0.0], [0.0, 0.0], [0.0, 0.0], [0.0, 0.0]]",0.5,0.9693000767476798,0.39966445800000017
harmonic_loop--demand_conflict,harmonic_loop,demand_conflict,balanced_static,static,1951,2,fixed_delay_2,11.962517368479968,4.6044711134275484,5.19112489152948,0.520972583337134,0.38490820716046503,0.8333333333333334,0.8333333333333334,2.7049276492389316,1.0743669333669474,0.3971887875334615,0.520972583337134,2,"[[2, 4], [1, 2], [2, 3], [2, 3]]","[true, true, true, false, false]",2,1.0,0,1,1,"[[10, 2], [10, 2], [10, 2], [10, 2], [10, 2]]","[[9, 2], [9, 2], [9, 2], [9, 2], [9, 2]]","[[11, 4], [11, 4], [11, 4], [11, 4], [11, 4]]","[[2, 2], [2, 2], [2, 2], [2, 2], [2, 2]]","[[2.0, 2.0], [2.0, 2.0], [2.0, 2.0], [2.0, 2.0], [2.0, 2.0]]","[[NaN, NaN], [NaN, NaN], [NaN, NaN], [NaN, NaN], [NaN, NaN]]","[[1.0, 1.0], [1.0, 1.0], [1.0, 1.0], [1.0, 1.0], [1.0, 1.0]]",0.5,0.9691584463410412,0.38247095799999986
harmonic_loop--demand_conflict,harmonic_loop,demand_conflict,balanced_static,static,1951,2,delay_aware_dual_anchor,11.962517368479968,3.942786063672236,3.942786063672236,0.49058921197034144,0.32959501267359337,0.8333333333333334,0.8333333333333334,2.7049276492389316,0.8961229704223086,0.33129276883780795,0.49058921197034144,3,"[[2, 4], [1, 2], [2, 3], [1, 2]]","[true, true, true, true, true]",0,4.0,0,1,1,"[[10, 2], [10, 2], [10, 2], [10, 2], [10, 2]]","[[9, 2], [9, 2], [9, 2], [9, 2], [9, 2]]","[[11, 4], [11, 4], [11, 4], [11, 4], [11, 4]]","[[2, 2], [2, 2], [2, 2], [2, 2], [2, 2]]","[[2.25, 0.5], [2.25, 0.5], [2.25, 0.5], [2.25, 0.5], [2.25, 0.5]]","[[NaN, NaN], [NaN, NaN], [NaN, NaN], [NaN, NaN], [NaN, NaN]]","[[0.25, 0.25], [0.25, 0.25], [0.25, 0.25], [0.25, 0.25], [0.25, 0.25]]",0.5,0.969270527190486,0.3905704160000001
harmonic_loop--demand_conflict,harmonic_loop,demand_conflict,balanced_static,static,1951,2,adaptive_rolling_delay,11.962517368479968,3.9152202065559463,3.9152202065559463,0.48855825414661885,0.32729066014751695,0.8333333333333334,0.8333333333333334,2.7049276492389316,0.8766038431422155,0.3240766322858432,0.48855825414661885,3,"[[2, 4], [1, 2], [2, 3], [1, 2]]","[true, true, true, true, true]",0,4.0,0,1,1,"[[10, 2], [10, 2], [10, 2], [10, 2], [10, 2]]","[[9, 2], [9, 2], [9, 2], [9, 2], [9, 2]]","[[11, 4], [11, 4], [11, 4], [11, 4], [11, 4]]","[[2, 2], [2, 2], [2, 2], [2, 2], [2, 2]]","[[2.9012787188745666, 0.39732469004747056], [2.915614900268459, 0.39697017120109424], [2.919564290747897, 0.39652808940518536], [3.0174044978779886, 0.3965520289188501], [3.023460645465548, 0.3963574159454733]]","[[0.7660635648763292, 0.9732469004747053], [0.7731431606263994, 0.969701712010942], [0.7750934769125417, 0.9652808940518532], [0.8234096285817227, 0.9655202891885007], [0.8264003187484187, 0.9635741594547327]]","[[0.32236430209717404, 0.19866234502373528], [0.3239572111409399, 0.19848508560054712], [0.3243960323053219, 0.19826404470259268], [0.3352671664308876, 0.19827601445942505], [0.33594007171839424, 0.19817870797273665]]",0.5,0.9692792501806224,0.3782070830000004
harmonic_loop--demand_conflict,harmonic_loop,demand_conflict,balanced_static,static,1951,2,oracle_adaptive_delay,11.962517368479968,3.831462818998557,3.831462818998557,0.4849874033785768,0.32028900782155406,0.8333333333333334,0.8333333333333334,2.7049276492389316,0.8540267117300664,0.3157299648921695,0.4849874033785768,3,"[[2, 4], [1, 2], [2, 3], [1, 2]]","[true, true, true, true, true]",0,4.0,0,1,1,"[[10, 2], [10, 2], [10, 2], [10, 2], [10, 2]]","[[9, 2], [9, 2], [9, 2], [9, 2], [9, 2]]","[[11, 4], [11, 4], [11, 4], [11, 4], [11, 4]]","[[2, 2], [2, 2], [2, 2], [2, 2], [2, 2]]","[[3.5, 0.4], [3.5, 0.4], [3.5, 0.4], [3.5, 0.4], [3.5, 0.4]]","[[1.0, 1.0], [1.0, 1.0], [1.0, 1.0], [1.0, 1.0], [1.0, 1.0]]","[[0.38, 0.2], [0.38, 0.2], [0.38, 0.2], [0.38, 0.2], [0.38, 0.2]]",0.5,0.969222836471006,0.3917272079999998
harmonic_loop--demand_conflict,harmonic_loop,demand_conflict,balanced_static,static,1973,3,dual_anchor_dynamic,14.604118018330125,11.849482228480294,11.849482228480294,0.8582103012560134,0.811379517312008,1.0,1.0,4.000591380453253,2.9699269027649966,0.7423719696232797,0.8582103012560134,0,"[[2, 3], [2, 3], [2, 3], [2, 3]]","[true, true, true, true, true]",0,4.0,0,1,1,"[[10, 10], [10, 10], [10, 10], [10, 10], [10, 10]]","[[9, 11], [9, 11], [9, 11], [9, 11], [9, 11]]","[[11, 13], [11, 13], [11, 13], [11, 13], [11, 13]]","[[2, 2], [2, 2], [2, 2], [2, 2], [2, 2]]","[[0.0, 0.0], [0.0, 0.0], [0.0, 0.0], [0.0, 0.0], [0.0, 0.0]]","[[NaN, NaN], [NaN, NaN], [NaN, NaN], [NaN, NaN], [NaN, NaN]]","[[0.0, 0.0], [0.0, 0.0], [0.0, 0.0], [0.0, 0.0], [0.0, 0.0]]",1.0,0.9978710294084672,0.45443854099999914
harmonic_loop--demand_conflict,harmonic_loop,demand_conflict,balanced_static,static,1973,3,fixed_delay_2,14.604118018330125,11.3042261888164,11.3042261888164,0.8355407859075941,0.7740437440061825,1.0,1.0,4.000591380453253,2.755322498116271,0.688728799341687,0.8355407859075941,2,"[[2, 3], [2, 3], [1, 3], [2, 3]]","[true, true, true, true, true]",0,4.0,0,1,1,"[[10, 10], [10, 10], [10, 10], [10, 10], [10, 10]]","[[9, 11], [9, 11], [9, 11], [9, 11], [9, 11]]","[[11, 13], [11, 13], [11, 13], [11, 13], [11, 13]]","[[2, 2], [2, 2], [2, 2], [2, 2], [2, 2]]","[[2.0, 2.0], [2.0, 2.0], [2.0, 2.0], [2.0, 2.0], [2.0, 2.0]]","[[NaN, NaN], [NaN, NaN], [NaN, NaN], [NaN, NaN], [NaN, NaN]]","[[1.0, 1.0], [1.0, 1.0], [1.0, 1.0], [1.0, 1.0], [1.0, 1.0]]",1.0,0.9979134686181721,0.47307212499999984
harmonic_loop--demand_conflict,harmonic_loop,demand_conflict,balanced_static,static,1973,3,delay_aware_dual_anchor,14.604118018330125,11.124947701103466,11.124947701103466,0.8221217234992352,0.7617678580206053,1.0,1.0,4.000591380453253,2.6523239637279623,0.6629829721393499,0.8221217234992352,2,"[[2, 3], [2, 3], [1, 3], [2, 3]]","[true, true, true, true, true]",0,4.0,0,1,1,"[[10, 10], [10, 10], [10, 10], [10, 10], [10, 10]]","[[9, 11], [9, 11], [9, 11], [9, 11], [9, 11]]","[[11, 13], [11, 13], [11, 13], [11, 13], [11, 13]]","[[2, 2], [2, 2], [2, 2], [2, 2], [2, 2]]","[[2.25, 2.75], [2.25, 2.75], [2.25, 2.75], [2.25, 2.75], [2.25, 2.75]]","[[NaN, NaN], [NaN, NaN], [NaN, NaN], [NaN, NaN], [NaN, NaN]]","[[0.25, 0.25], [0.25, 0.25], [0.25, 0.25], [0.25, 0.25], [0.25, 0.25]]",1.0,0.9979337734687466,0.49843158300000034
harmonic_loop--demand_conflict,harmonic_loop,demand_conflict,balanced_static,static,1973,3,adaptive_rolling_delay,14.604118018330125,11.079340927727987,11.079340927727987,0.8180972902748076,0.758644987244141,1.0,1.0,4.000591380453253,2.642805226789101,0.660603639677312,0.8180972902748076,2,"[[2, 3], [2, 3], [1, 3], [2, 3]]","[true, true, true, true, true]",0,4.0,0,1,1,"[[10, 10], [10, 10], [10, 10], [10, 10], [10, 10]]","[[9, 11], [9, 11], [9, 11], [9, 11], [9, 11]]","[[11, 13], [11, 13], [11, 13], [11, 13], [11, 13]]","[[2, 2], [2, 2], [2, 2], [2, 2], [2, 2]]","[[3.374786921539486, 3.5], [3.3748222289920538, 3.5], [3.374805609019045, 3.5], [3.374792736757644, 3.5], [3.3748065455692293, 3.5]]","[[0.9998947760688821, 0.9468443004988114], [0.9999122118479277, 0.9496944052828966], [0.9999040044538494, 0.9463670846919926], [0.9998976477815525, 0.9431129568307934], [0.9999044669477676, 0.9448804584785554]]","[[0.37497632461549846, 0.3677741891147266], [0.37498024766578375, 0.36842971321506623], [0.3749784010021161, 0.36766442947915834], [0.37497697075084935, 0.3669159800710825], [0.3749785050632477, 0.3673225054500677]]",1.0,0.9979553936931354,0.44697874999999954
harmonic_loop--demand_conflict,harmonic_loop,demand_conflict,balanced_static,static,1973,3,oracle_adaptive_delay,14.604118018330125,11.086056737505046,11.086056737505046,0.8184298749572468,0.7591048445096485,1.0,1.0,4.000591380453253,2.645711197329929,0.6613300249200106,0.8184298749572468,2,"[[2, 3], [2, 3], [1, 3], [2, 3]]","[true, true, true, true, true]",0,4.0,0,1,1,"[[10, 10], [10, 10], [10, 10], [10, 10], [10, 10]]","[[9, 11], [9, 11], [9, 11], [9, 11], [9, 11]]","[[11, 13], [11, 13], [11, 13], [11, 13], [11, 13]]","[[2, 2], [2, 2], [2, 2], [2, 2], [2, 2]]","[[3.5, 3.5], [3.5, 3.5], [3.5, 3.5], [3.5, 3.5], [3.5, 3.5]]","[[1.0, 1.0], [1.0, 1.0], [1.0, 1.0], [1.0, 1.0], [1.0, 1.0]]","[[0.38, 0.38], [0.38, 0.38], [0.38, 0.38], [0.38, 0.38], [0.38, 0.38]]",1.0,0.9979549636424303,0.4696588749999986
ellipse--demand_conflict,ellipse,demand_conflict,balanced_static,static,1901,0,dual_anchor_dynamic,1.3114948631443206,0.04000588188112193,0.04000588188112193,0.29449893595956445,0.03050403246354124,0.5,0.0,0.3454130422570509,0.009549572514626395,0.027646820896588365,0.29449893595956445,1,"[[3, 4], [1, 3], [1, 3], [1, 3]]","[true, true, true, true, true]",0,4.0,0,1,1,"[[2, 2], [2, 2], [2, 2], [2, 2], [2, 2]]","[[1, 2], [1, 2], [1, 2], [1, 2], [1, 2]]","[[3, 4], [3, 4], [3, 4], [3, 4], [3, 4]]","[[2, 2], [2, 2], [2, 2], [2, 2], [2, 2]]","[[0.0, 0.0], [0.0, 0.0], [0.0, 0.0], [0.0, 0.0], [0.0, 0.0]]","[[NaN, NaN], [NaN, NaN], [NaN, NaN], [NaN, NaN], [NaN, NaN]]","[[0.0, 0.0], [0.0, 0.0], [0.0, 0.0], [0.0, 0.0], [0.0, 0.0]]",0.5,0.9997339778082122,0.16275470800000136
ellipse--demand_conflict,ellipse,demand_conflict,balanced_static,static,1901,0,fixed_delay_2,1.3114948631443206,0.04110196921933455,0.04110196921933455,0.2763988813940502,0.031339786662063024,0.5,0.0,0.3454130422570509,0.010977242164699762,0.031780045400053754,0.2763988813940502,2,"[[3, 4], [3, 4], [1, 4], [3, 4]]","[true, true, true, true, true]",0,4.0,0,1,1,"[[2, 2], [2, 2], [2, 2], [2, 2], [2, 2]]","[[1, 2], [1, 2], [1, 2], [1, 2], [1, 2]]","[[3, 4], [3, 4], [3, 4], [3, 4], [3, 4]]","[[2, 2], [2, 2], [2, 2], [2, 2], [2, 2]]","[[2.0, 2.0], [2.0, 2.0], [2.0, 2.0], [2.0, 2.0], [2.0, 2.0]]","[[NaN, NaN], [NaN, NaN], [NaN, NaN], [NaN, NaN], [NaN, NaN]]","[[1.0, 1.0], [1.0, 1.0], [1.0, 1.0], [1.0, 1.0], [1.0, 1.0]]",0.5,0.9997342914577947,0.17446691600000008
ellipse--demand_conflict,ellipse,demand_conflict,balanced_static,static,1901,0,delay_aware_dual_anchor,1.3114948631443206,0.03591109785594855,0.03591109785594855,0.28660312066905846,0.02738180595679298,0.5,0.0,0.3454130422570509,0.009427832557789319,0.027294373415041102,0.28660312066905846,1,"[[3, 4], [1, 3], [1, 3], [1, 3]]","[true, true, true, true, true]",0,4.0,0,1,1,"[[2, 2], [2, 2], [2, 2], [2, 2], [2, 2]]","[[1, 2], [1, 2], [1, 2], [1, 2], [1, 2]]","[[3, 4], [3, 4], [3, 4], [3, 4], [3, 4]]","[[2, 2], [2, 2], [2, 2], [2, 2], [2, 2]]","[[0.25, 0.5], [0.25, 0.5], [0.25, 0.5], [0.25, 0.5], [0.25, 0.5]]","[[NaN, NaN], [NaN, NaN], [NaN, NaN], [NaN, NaN], [NaN, NaN]]","[[0.25, 0.25], [0.25, 0.25], [0.25, 0.25], [0.25, 0.25], [0.25, 0.25]]",0.5,0.9997340752902659,0.16334441699999935
ellipse--demand_conflict,ellipse,demand_conflict,balanced_static,static,1901,0,adaptive_rolling_delay,1.3114948631443206,0.03702176563785915,0.03702176563785915,0.28881707588859573,0.028228677578728094,0.5,0.0,0.3454130422570509,0.009445541863787574,0.02734564335517578,0.28881707588859573,1,"[[3, 4], [1, 3], [1, 3], [1, 3]]","[true, true, true, true, true]",0,4.0,0,1,1,"[[2, 2], [2, 2], [2, 2], [2, 2], [2, 2]]","[[1, 2], [1, 2], [1, 2], [1, 2], [1, 2]]","[[3, 4], [3, 4], [3, 4], [3, 4], [3, 4]]","[[2, 2], [2, 2], [2, 2], [2, 2], [2, 2]]","[[0.17497383530452795, 0.3577674167134551], [0.17497360474569712, 0.3578557011628883], [0.17497346436387914, 0.35785966211045933], [0.17497340218938018, 0.35786092041611567], [0.17497337605530924, 0.35786052173642474]]","[[0.998953412181119, 0.5776741671345509], [0.9989441898278851, 0.578557011628883], [0.9989385745551661, 0.5785966211045934], [0.998936087575208, 0.5786092041611568], [0.9989350422123701, 0.5786052173642475]]","[[0.17497383530452795, 0.17888370835672754], [0.17497360474569712, 0.17892785058144414], [0.17497346436387914, 0.17892983105522967], [0.17497340218938018, 0.17893046020805783], [0.17497337605530924, 0.17893026086821237]]",0.5,0.9997340456200572,0.16316520800000056
ellipse--demand_conflict,ellipse,demand_conflict,balanced_static,static,1901,0,oracle_adaptive_delay,1.3114948631443206,0.03663050090438889,0.03663050090438889,0.28780532006701887,0.02793034264470311,0.5,0.0,0.3454130422570509,0.009416551984447668,0.027261715200203762,0.28780532006701887,1,"[[3, 4], [1, 3], [1, 3], [1, 3]]","[true, true, true, true, true]",0,4.0,0,1,1,"[[2, 2], [2, 2], [2, 2], [2, 2], [2, 2]]","[[1, 2], [1, 2], [1, 2], [1, 2], [1, 2]]","[[3, 4], [3, 4], [3, 4], [3, 4], [3, 4]]","[[2, 2], [2, 2], [2, 2], [2, 2], [2, 2]]","[[0.4, 0.4], [0.4, 0.4], [0.4, 0.4], [0.4, 0.4], [0.4, 0.4]]","[[1.0, 1.0], [1.0, 1.0], [1.0, 1.0], [1.0, 1.0], [1.0, 1.0]]","[[0.2, 0.2], [0.2, 0.2], [0.2, 0.2], [0.2, 0.2], [0.2, 0.2]]",0.5,0.9997340573592686,0.16374050000000118
ellipse--demand_conflict,ellipse,demand_conflict,balanced_static,static,1931,1,dual_anchor_dynamic,13.285590249608553,4.161615464412885,4.161615464412885,0.5051506423783144,0.3132427981162149,1.0,0.6666666666666666,3.3891983582694896,1.0414311158088094,0.3072794819659242,0.5051506423783144,2,"[[3, 4], [3, 4], [2, 4], [3, 4]]","[true, true, true, true, true]",0,4.0,0,1,1,"[[2, 10], [2, 10], [2, 10], [2, 10], [2, 10]]","[[1, 10], [1, 10], [1, 10], [1, 10], [1, 10]]","[[3, 12], [3, 12], [3, 12], [3, 12], [3, 12]]","[[2, 2], [2, 2], [2, 2], [2, 2], [2, 2]]","[[0.0, 0.0], [0.0, 0.0], [0.0, 0.0], [0.0, 0.0], [0.0, 0.0]]","[[NaN, NaN], [NaN, NaN], [NaN, NaN], [NaN, NaN], [NaN, NaN]]","[[0.0, 0.0], [0.0, 0.0], [0.0, 0.0], [0.0, 0.0], [0.0, 0.0]]",0.5,0.9682921184435045,0.39751195799999905
ellipse--demand_conflict,ellipse,demand_conflict,balanced_static,static,1931,1,fixed_delay_2,13.285590249608553,4.028029117687957,4.028029117687957,0.48673802300705293,0.3031878179297784,1.0,0.5,3.3891983582694896,1.0194921419271952,0.3008062775197801,0.48673802300705293,0,"[[3, 4], [3, 4], [3, 4], [3, 4]]","[true, true, true, true, true]",0,4.0,0,1,1,"[[2, 10], [2, 10], [2, 10], [2, 10], [2, 10]]","[[1, 10], [1, 10], [1, 10], [1, 10], [1, 10]]","[[3, 12], [3, 12], [3, 12], [3, 12], [3, 12]]","[[2, 2], [2, 2], [2, 2], [2, 2], [2, 2]]","[[2.0, 2.0], [2.0, 2.0], [2.0, 2.0], [2.0, 2.0], [2.0, 2.0]]","[[NaN, NaN], [NaN, NaN], [NaN, NaN], [NaN, NaN], [NaN, NaN]]","[[1.0, 1.0], [1.0, 1.0], [1.0, 1.0], [1.0, 1.0], [1.0, 1.0]]",0.5,0.9678127283321465,0.4311504999999993
ellipse--demand_conflict,ellipse,demand_conflict,balanced_static,static,1931,1,delay_aware_dual_anchor,13.285590249608553,4.033146826118376,4.033146826118376,0.48717523144341046,0.3035730253864489,1.0,0.5,3.3891983582694896,0.985402903444055,0.2907480764705662,0.48717523144341046,0,"[[3, 4], [3, 4], [3, 4], [3, 4]]","[true, true, true, true, true]",0,4.0,0,1,1,"[[2, 10], [2, 10], [2, 10], [2, 10], [2, 10]]","[[1, 10], [1, 10], [1, 10], [1, 10], [1, 10]]","[[3, 12], [3, 12], [3, 12], [3, 12], [3, 12]]","[[2, 2], [2, 2], [2, 2], [2, 2], [2, 2]]","[[0.25, 2.5], [0.25, 2.5], [0.25, 2.5], [0.25, 2.5], [0.25, 2.5]]","[[NaN, NaN], [NaN, NaN], [NaN, NaN], [NaN, NaN], [NaN, NaN]]","[[0.25, 0.25], [0.25, 0.25], [0.25, 0.25], [0.25, 0.25], [0.25, 0.25]]",0.5,0.968250458529559,0.4556967079999996
ellipse--demand_conflict,ellipse,demand_conflict,balanced_static,static,1931,1,adaptive_rolling_delay,13.285590249608553,4.008288322432403,4.008288322432403,0.4815447922345471,0.30170193774796744,1.0,0.5,3.3891983582694896,0.9716970113143167,0.28670408415117404,0.4815447922345471,0,"[[3, 4], [3, 4], [3, 4], [3, 4]]","[true, true, true, true, true]",0,4.0,0,1,1,"[[2, 10], [2, 10], [2, 10], [2, 10], [2, 10]]","[[1, 10], [1, 10], [1, 10], [1, 10], [1, 10]]","[[3, 12], [3, 12], [3, 12], [3, 12], [3, 12]]","[[2, 2], [2, 2], [2, 2], [2, 2], [2, 2]]","[[0.17493265328070529, 3.5], [0.17492898175542967, 3.5], [0.17492507995653445, 3.5], [0.17492259320926495, 3.5], [0.17492096534908594, 3.5]]","[[0.9973061312282118, 0.9937613002616692], [0.9971592702171873, 0.9944338931321929], [0.9970031982613782, 0.9943186709373715], [0.9969037283705985, 0.9939162382483236], [0.9968386139634379, 0.9932005663777883]]","[[0.17493265328070529, 0.37856509906018393], [0.17492898175542967, 0.37871979542040435], [0.17492507995653445, 0.37869329431559545], [0.17492259320926495, 0.3786007347971144], [0.17492096534908594, 0.3784361302668913]]",0.5,0.9683084480423587,0.4056050829999993
ellipse--demand_conflict,ellipse,demand_conflict,balanced_static,static,1931,1,oracle_adaptive_delay,13.285590249608553,4.007369950829039,4.007369950829039,0.4809837115795112,0.30163281235827005,1.0,0.5,3.3891983582694896,0.9725496690781369,0.28695566510740217,0.4809837115795112,0,"[[3, 4], [3, 4], [3, 4], [3, 4]]","[true, true, true, true, true]",0,4.0,0,1,1,"[[2, 10], [2, 10], [2, 10], [2, 10], [2, 10]]","[[1, 10], [1, 10], [1, 10], [1, 10], [1, 10]]","[[3, 12], [3, 12], [3, 12], [3, 12], [3, 12]]","[[2, 2], [2, 2], [2, 2], [2, 2], [2, 2]]","[[0.4, 3.5], [0.4, 3.5], [0.4, 3.5], [0.4, 3.5], [0.4, 3.5]]","[[1.0, 1.0], [1.0, 1.0], [1.0, 1.0], [1.0, 1.0], [1.0, 1.0]]","[[0.2, 0.38], [0.2, 0.38], [0.2, 0.38], [0.2, 0.38], [0.2, 0.38]]",0.5,0.9681986409927179,0.40634999999999977
ellipse--demand_conflict,ellipse,demand_conflict,balanced_static,static,1951,2,dual_anchor_dynamic,13.878122723986092,3.6965340168738066,3.6965340168738066,0.4361589468891984,0.266356919476216,0.8333333333333334,0.6666666666666666,3.448386818617658,1.0348028135389284,0.30008316003067953,0.4361589468891984,0,"[[2, 3], [2, 3], [2, 3], [2, 3]]","[true, true, true, true, true]",0,4.0,0,1,1,"[[10, 2], [10, 2], [10, 2], [10, 2], [10, 2]]","[[9, 2], [9, 2], [9, 2], [9, 2], [9, 2]]","[[11, 4], [11, 4], [11, 4], [11, 4], [11, 4]]","[[2, 2], [2, 2], [2, 2], [2, 2], [2, 2]]","[[0.0, 0.0], [0.0, 0.0], [0.0, 0.0], [0.0, 0.0], [0.0, 0.0]]","[[NaN, NaN], [NaN, NaN], [NaN, NaN], [NaN, NaN], [NaN, NaN]]","[[0.0, 0.0], [0.0, 0.0], [0.0, 0.0], [0.0, 0.0], [0.0, 0.0]]",0.5,0.9766811721755445,0.43635320800000166
ellipse--demand_conflict,ellipse,demand_conflict,balanced_static,static,1951,2,fixed_delay_2,13.878122723986092,3.627099510514553,3.627099510514553,0.41853014929617804,0.26135375674735156,0.8333333333333334,0.6666666666666666,3.448386818617658,0.983968652143247,0.2853417275668879,0.41853014929617804,0,"[[2, 3], [2, 3], [2, 3], [2, 3]]","[true, true, true, true, true]",0,4.0,0,1,1,"[[10, 2], [10, 2], [10, 2], [10, 2], [10, 2]]","[[9, 2], [9, 2], [9, 2], [9, 2], [9, 2]]","[[11, 4], [11, 4], [11, 4], [11, 4], [11, 4]]","[[2, 2], [2, 2], [2, 2], [2, 2], [2, 2]]","[[2.0, 2.0], [2.0, 2.0], [2.0, 2.0], [2.0, 2.0], [2.0, 2.0]]","[[NaN, NaN], [NaN, NaN], [NaN, NaN], [NaN, NaN], [NaN, NaN]]","[[1.0, 1.0], [1.0, 1.0], [1.0, 1.0], [1.0, 1.0], [1.0, 1.0]]",0.5,0.9763431738603872,0.4364294590000011
ellipse--demand_conflict,ellipse,demand_conflict,balanced_static,static,1951,2,delay_aware_dual_anchor,13.878122723986092,3.6271765167008505,3.6271765167008505,0.42258032269308055,0.26135930549395286,0.8333333333333334,0.6666666666666666,3.448386818617658,0.9861306409819361,0.28596868415627535,0.42258032269308055,0,"[[2, 3], [2, 3], [2, 3], [2, 3]]","[true, true, true, true, true]",0,4.0,0,1,1,"[[10, 2], [10, 2], [10, 2], [10, 2], [10, 2]]","[[9, 2], [9, 2], [9, 2], [9, 2], [9, 2]]","[[11, 4], [11, 4], [11, 4], [11, 4], [11, 4]]","[[2, 2], [2, 2], [2, 2], [2, 2], [2, 2]]","[[2.25, 0.5], [2.25, 0.5], [2.25, 0.5], [2.25, 0.5], [2.25, 0.5]]","[[NaN, NaN], [NaN, NaN], [NaN, NaN], [NaN, NaN], [NaN, NaN]]","[[0.25, 0.25], [0.25, 0.25], [0.25, 0.25], [0.25, 0.25], [0.25, 0.25]]",0.5,0.9765547068149331,0.4140677919999991
ellipse--demand_conflict,ellipse,demand_conflict,balanced_static,static,1951,2,adaptive_rolling_delay,13.878122723986092,3.6212069523923724,3.6212069523923724,0.42067485722129644,0.2609291634331567,0.8333333333333334,0.5,3.448386818617658,0.9809446876955413,0.28446480609410546,0.42067485722129644,0,"[[2, 3], [2, 3], [2, 3], [2, 3]]","[true, true, true, true, true]",0,4.0,0,1,1,"[[10, 2], [10, 2], [10, 2], [10, 2], [10, 2]]","[[9, 2], [9, 2], [9, 2], [9, 2], [9, 2]]","[[11, 4], [11, 4], [11, 4], [11, 4], [11, 4]]","[[2, 2], [2, 2], [2, 2], [2, 2], [2, 2]]","[[2.9263808205036765, 0.3853832706355024], [2.908088809404836, 0.3884571913764976], [2.9123293457464645, 0.390681593180369], [2.91981392411396, 0.3925295318367089], [2.9246590518775553, 0.3940353979188721]]","[[0.7784596644462599, 0.8538327063550233], [0.7694265725455979, 0.8845719137649755], [0.7715206645661554, 0.9068159318036895], [0.775216752648869, 0.9252953183670892], [0.7776094083345952, 0.9403539791887211]]","[[0.3251534245004085, 0.1926916353177512], [0.32312097882275953, 0.1942285956882488], [0.32359214952738496, 0.1953407965901845], [0.32442376934599554, 0.19626476591835446], [0.3249621168752839, 0.19701769895943605]]",0.5,0.9765530296913307,0.4465206249999998
ellipse--demand_conflict,ellipse,demand_conflict,balanced_static,static,1951,2,oracle_adaptive_delay,13.878122723986092,3.615404785455303,3.615404785455303,0.4184574824209144,0.2605110833330981,0.8333333333333334,0.5,3.448386818617658,0.977249470609792,0.2833932276198464,0.4184574824209144,0,"[[2, 3], [2, 3], [2, 3], [2, 3]]","[true, true, true, true, true]",0,4.0,0,1,1,"[[10, 2], [10, 2], [10, 2], [10, 2], [10, 2]]","[[9, 2], [9, 2], [9, 2], [9, 2], [9, 2]]","[[11, 4], [11, 4], [11, 4], [11, 4], [11, 4]]","[[2, 2], [2, 2], [2, 2], [2, 2], [2, 2]]","[[3.5, 0.4], [3.5, 0.4], [3.5, 0.4], [3.5, 0.4], [3.5, 0.4]]","[[1.0, 1.0], [1.0, 1.0], [1.0, 1.0], [1.0, 1.0], [1.0, 1.0]]","[[0.38, 0.2], [0.38, 0.2], [0.38, 0.2], [0.38, 0.2], [0.38, 0.2]]",0.5,0.9765547338409005,0.43044958300000147
ellipse--demand_conflict,ellipse,demand_conflict,balanced_static,static,1973,3,dual_anchor_dynamic,11.390004438171076,2.9674666708590793,2.9674666708590793,0.48072963913022904,0.26053252981309405,0.8333333333333334,0.6666666666666666,3.385036628959941,0.7424492192723073,0.21933269877213302,0.48072963913022904,1,"[[2, 3], [3, 4], [3, 4], [3, 4]]","[true, true, true, true, true]",0,4.0,0,1,1,"[[10, 10], [10, 10], [10, 10], [10, 10], [10, 10]]","[[9, 11], [9, 11], [9, 11], [9, 11], [9, 11]]","[[11, 13], [11, 13], [11, 13], [11, 13], [11, 13]]","[[2, 2], [2, 2], [2, 2], [2, 2], [2, 2]]","[[0.0, 0.0], [0.0, 0.0], [0.0, 0.0], [0.0, 0.0], [0.0, 0.0]]","[[NaN, NaN], [NaN, NaN], [NaN, NaN], [NaN, NaN], [NaN, NaN]]","[[0.0, 0.0], [0.0, 0.0], [0.0, 0.0], [0.0, 0.0], [0.0, 0.0]]",1.0,0.9989186202150552,0.42840912499999817
ellipse--demand_conflict,ellipse,demand_conflict,balanced_static,static,1973,3,fixed_delay_2,11.390004438171076,4.169355791508552,4.169355791508552,0.5758200182292663,0.3660539215889926,0.8333333333333334,0.6666666666666666,3.385036628959941,1.0516134211012773,0.31066530037058643,0.5758200182292663,1,"[[2, 3], [3, 4], [3, 4], [3, 4]]","[true, true, true, true, true]",0,4.0,0,1,1,"[[10, 10], [10, 10], [10, 10], [10, 10], [10, 10]]","[[9, 11], [9, 11], [9, 11], [9, 11], [9, 11]]","[[11, 13], [11, 13], [11, 13], [11, 13], [11, 13]]","[[2, 2], [2, 2], [2, 2], [2, 2], [2, 2]]","[[2.0, 2.0], [2.0, 2.0], [2.0, 2.0], [2.0, 2.0], [2.0, 2.0]]","[[NaN, NaN], [NaN, NaN], [NaN, NaN], [NaN, NaN], [NaN, NaN]]","[[1.0, 1.0], [1.0, 1.0], [1.0, 1.0], [1.0, 1.0], [1.0, 1.0]]",1.0,0.9989035680760945,0.41563295899999986
ellipse--demand_conflict,ellipse,demand_conflict,balanced_static,static,1973,3,delay_aware_dual_anchor,11.390004438171076,4.668149357685053,4.668149357685053,0.6066555804057472,0.4098461403615248,0.8333333333333334,0.6666666666666666,3.385036628959941,1.1712059378108133,0.3459950559443927,0.6066555804057472,1,"[[2, 3], [3, 4], [3, 4], [3, 4]]","[true, true, true, true, true]",0,4.0,0,1,1,"[[10, 10], [10, 10], [10, 10], [10, 10], [10, 10]]","[[9, 11], [9, 11], [9, 11], [9, 11], [9, 11]]","[[11, 13], [11, 13], [11, 13], [11, 13], [11, 13]]","[[2, 2], [2, 2], [2, 2], [2, 2], [2, 2]]","[[2.25, 2.75], [2.25, 2.75], [2.25, 2.75], [2.25, 2.75], [2.25, 2.75]]","[[NaN, NaN], [NaN, NaN], [NaN, NaN], [NaN, NaN], [NaN, NaN]]","[[0.25, 0.25], [0.25, 0.25], [0.25, 0.25], [0.25, 0.25], [0.25, 0.25]]",1.0,0.9988970579661044,0.4149362919999966
ellipse--demand_conflict,ellipse,demand_conflict,balanced_static,static,1973,3,adaptive_rolling_delay,11.390004438171076,5.1205162048834145,5.1205162048834145,0.6375057131375558,0.44956226599202537,0.8333333333333334,0.6666666666666666,3.385036628959941,1.2817029375582627,0.3786378341058213,0.6375057131375558,1,"[[2, 3], [3, 4], [3, 4], [3, 4]]","[true, true, true, true, true]",0,4.0,0,1,1,"[[10, 10], [10, 10], [10, 10], [10, 10], [10, 10]]","[[9, 11], [9, 11], [9, 11], [9, 11], [9, 11]]","[[11, 13], [11, 13], [11, 13], [11, 13], [11, 13]]","[[2, 2], [2, 2], [2, 2], [2, 2], [2, 2]]","[[3.3747015451837825, 3.5], [3.3747193282626764, 3.5], [3.3747628619923296, 3.5], [3.374776738775031, 3.5], [3.374780132154409, 3.5]]","[[0.9998526149055715, 0.9046629445094517], [0.9998613966729265, 0.886071483648318], [0.9998828948110268, 0.8494024430646868], [0.9998897475432251, 0.8290149825150028], [0.9998914232861279, 0.8342544027577947]]","[[0.3749668383537536, 0.3580724772371739], [0.3749688142514085, 0.35379644123911314], [0.37497365133248106, 0.34536256190487796], [0.37497519319722566, 0.3406734459784506], [0.3749755702393788, 0.3418785126342928]]",1.0,0.9988874018453033,0.3907106660000004
ellipse--demand_conflict,ellipse,demand_conflict,balanced_static,static,1973,3,oracle_adaptive_delay,11.390004438171076,5.117700320352524,5.117700320352524,0.6369927813800605,0.449315041809965,0.8333333333333334,0.6666666666666666,3.385036628959941,1.281110157843999,0.37846271643968077,0.6369927813800605,1,"[[2, 3], [3, 4], [3, 4], [3, 4]]","[true, true, true, true, true]",0,4.0,0,1,1,"[[10, 10], [10, 10], [10, 10], [10, 10], [10, 10]]","[[9, 11], [9, 11], [9, 11], [9, 11], [9, 11]]","[[11, 13], [11, 13], [11, 13], [11, 13], [11, 13]]","[[2, 2], [2, 2], [2, 2], [2, 2], [2, 2]]","[[3.5, 3.5], [3.5, 3.5], [3.5, 3.5], [3.5, 3.5], [3.5, 3.5]]","[[1.0, 1.0], [1.0, 1.0], [1.0, 1.0], [1.0, 1.0], [1.0, 1.0]]","[[0.38, 0.38], [0.38, 0.38], [0.38, 0.38], [0.38, 0.38], [0.38, 0.38]]",1.0,0.9988874118447967,0.40990154200000006
rounded_square--demand_conflict,rounded_square,demand_conflict,balanced_static,static,1901,0,dual_anchor_dynamic,2.1718326935527816,0.594007024509638,0.6039452509184934,0.4934929788246368,0.2735049648497254,0.6666666666666666,0.0,0.4893781770713018,0.193736460175005,0.3958829168362729,0.4934929788246368,3,"[[1, 2], [2, 4], [1, 4], [2, 4]]","[true, true, true, true, false]",1,2.0,0,1,1,"[[2, 2], [2, 2], [2, 2], [2, 2], [2, 2]]","[[1, 2], [1, 2], [1, 2], [1, 2], [1, 2]]","[[3, 4], [3, 4], [3, 4], [3, 4], [3, 4]]","[[2, 2], [2, 2], [2, 2], [2, 2], [2, 2]]","[[0.0, 0.0], [0.0, 0.0], [0.0, 0.0], [0.0, 0.0], [0.0, 0.0]]","[[NaN, NaN], [NaN, NaN], [NaN, NaN], [NaN, NaN], [NaN, NaN]]","[[0.0, 0.0], [0.0, 0.0], [0.0, 0.0], [0.0, 0.0], [0.0, 0.0]]",0.5,0.9994142110888329,0.2427505829999994
rounded_square--demand_conflict,rounded_square,demand_conflict,balanced_static,static,1901,0,fixed_delay_2,2.1718326935527816,0.6144717506753461,0.6144717506753461,0.551125782267944,0.2829277561293939,0.6666666666666666,0.0,0.4893781770713018,0.18070667710709307,0.3692577347615652,0.551125782267944,3,"[[1, 2], [2, 4], [1, 4], [1, 2]]","[true, true, true, true, true]",0,4.0,0,1,1,"[[2, 2], [2, 2], [2, 2], [2, 2], [2, 2]]","[[1, 2], [1, 2], [1, 2], [1, 2], [1, 2]]","[[3, 4], [3, 4], [3, 4], [3, 4], [3, 4]]","[[2, 2], [2, 2], [2, 2], [2, 2], [2, 2]]","[[2.0, 2.0], [2.0, 2.0], [2.0, 2.0], [2.0, 2.0], [2.0, 2.0]]","[[NaN, NaN], [NaN, NaN], [NaN, NaN], [NaN, NaN], [NaN, NaN]]","[[1.0, 1.0], [1.0, 1.0], [1.0, 1.0], [1.0, 1.0], [1.0, 1.0]]",0.5,0.9994134357758644,0.24532137499999962
rounded_square--demand_conflict,rounded_square,demand_conflict,balanced_static,static,1901,0,delay_aware_dual_anchor,2.1718326935527816,0.5959714654086994,0.6284520184869169,0.5012746548008373,0.27440947324251874,0.6666666666666666,0.0,0.4893781770713018,0.19029632945323224,0.3888533211514789,0.5012746548008373,3,"[[1, 2], [2, 4], [1, 4], [2, 3]]","[true, true, true, true, false]",1,2.0,0,1,1,"[[2, 2], [2, 2], [2, 2], [2, 2], [2, 2]]","[[1, 2], [1, 2], [1, 2], [1, 2], [1, 2]]","[[3, 4], [3, 4], [3, 4], [3, 4], [3, 4]]","[[2, 2], [2, 2], [2, 2], [2, 2], [2, 2]]","[[0.25, 0.5], [0.25, 0.5], [0.25, 0.5], [0.25, 0.5], [0.25, 0.5]]","[[NaN, NaN], [NaN, NaN], [NaN, NaN], [NaN, NaN], [NaN, NaN]]","[[0.25, 0.25], [0.25, 0.25], [0.25, 0.25], [0.25, 0.25], [0.25, 0.25]]",0.5,0.9994139976625621,0.2397254160000024
rounded_square--demand_conflict,rounded_square,demand_conflict,balanced_static,static,1901,0,adaptive_rolling_delay,2.1718326935527816,0.5930609253256094,0.6234109988747515,0.4987469508301725,0.2730693423513455,0.6666666666666666,0.0,0.4893781770713018,0.19110476480429234,0.39050528560134096,0.4987469508301725,3,"[[1, 2], [2, 4], [1, 4], [2, 3]]","[true, true, true, true, false]",1,2.0,0,1,1,"[[2, 2], [2, 2], [2, 2], [2, 2], [2, 2]]","[[1, 2], [1, 2], [1, 2], [1, 2], [1, 2]]","[[3, 4], [3, 4], [3, 4], [3, 4], [3, 4]]","[[2, 2], [2, 2], [2, 2], [2, 2], [2, 2]]","[[0.17492461458573408, 0.3542268388459194], [0.17492447700932298, 0.3544500725339106], [0.17492417629684862, 0.35408532442017554], [0.1749234351229084, 0.3540093650960441], [0.1749235324065875, 0.35388467544171687]]","[[0.9969845834293635, 0.5422683884591939], [0.9969790803729196, 0.544500725339106], [0.996967051873945, 0.5408532442017555], [0.9969374049163366, 0.5400936509604409], [0.9969412962635006, 0.5388467544171688]]","[[0.17492461458573408, 0.1771134194229597], [0.17492447700932298, 0.1772250362669553], [0.17492417629684862, 0.17704266221008777], [0.1749234351229084, 0.17700468254802204], [0.1749235324065875, 0.17694233772085843]]",0.5,0.9994140623646854,0.2402634170000013
rounded_square--demand_conflict,rounded_square,demand_conflict,balanced_static,static,1901,0,oracle_adaptive_delay,2.1718326935527816,0.577090225071454,0.6316363027023753,0.49876041968197105,0.2657157831653339,0.6666666666666666,0.0,0.4893781770713018,0.1904585108799371,0.38918472421418887,0.49876041968197105,3,"[[1, 2], [2, 4], [1, 4], [2, 3]]","[true, true, true, true, false]",1,2.0,0,1,1,"[[2, 2], [2, 2], [2, 2], [2, 2], [2, 2]]","[[1, 2], [1, 2], [1, 2], [1, 2], [1, 2]]","[[3, 4], [3, 4], [3, 4], [3, 4], [3, 4]]","[[2, 2], [2, 2], [2, 2], [2, 2], [2, 2]]","[[0.4, 0.4], [0.4, 0.4], [0.4, 0.4], [0.4, 0.4], [0.4, 0.4]]","[[1.0, 1.0], [1.0, 1.0], [1.0, 1.0], [1.0, 1.0], [1.0, 1.0]]","[[0.2, 0.2], [0.2, 0.2], [0.2, 0.2], [0.2, 0.2], [0.2, 0.2]]",0.5,0.9994139604094978,0.23962125000000256
rounded_square--demand_conflict,rounded_square,demand_conflict,balanced_static,static,1931,1,dual_anchor_dynamic,21.998291593408286,12.76107731596073,12.76107731596073,0.668190671154115,0.5800940160182504,1.0,0.8333333333333334,5.917848165377465,3.838671895314415,0.6486600852270378,0.668190671154115,1,"[[3, 4], [2, 4], [2, 4], [2, 4]]","[true, true, true, true, true]",0,4.0,0,1,1,"[[2, 10], [2, 10], [2, 10], [2, 10], [2, 10]]","[[1, 10], [1, 10], [1, 10], [1, 10], [1, 10]]","[[3, 12], [3, 12], [3, 12], [3, 12], [3, 12]]","[[2, 2], [2, 2], [2, 2], [2, 2], [2, 2]]","[[0.0, 0.0], [0.0, 0.0], [0.0, 0.0], [0.0, 0.0], [0.0, 0.0]]","[[NaN, NaN], [NaN, NaN], [NaN, NaN], [NaN, NaN], [NaN, NaN]]","[[0.0, 0.0], [0.0, 0.0], [0.0, 0.0], [0.0, 0.0], [0.0, 0.0]]",0.5,0.9335825961766588,0.4655435830000023
rounded_square--demand_conflict,rounded_square,demand_conflict,balanced_static,static,1931,1,fixed_delay_2,21.998291593408286,13.04585578175394,13.04585578175394,0.6738100739580962,0.5930394970154449,1.0,1.0,5.917848165377465,3.638863496042844,0.6148963938162719,0.6738100739580962,1,"[[3, 4], [2, 4], [2, 4], [2, 4]]","[true, true, true, true, true]",0,4.0,0,1,1,"[[2, 10], [2, 10], [2, 10], [2, 10], [2, 10]]","[[1, 10], [1, 10], [1, 10], [1, 10], [1, 10]]","[[3, 12], [3, 12], [3, 12], [3, 12], [3, 12]]","[[2, 2], [2, 2], [2, 2], [2, 2], [2, 2]]","[[2.0, 2.0], [2.0, 2.0], [2.0, 2.0], [2.0, 2.0], [2.0, 2.0]]","[[NaN, NaN], [NaN, NaN], [NaN, NaN], [NaN, NaN], [NaN, NaN]]","[[1.0, 1.0], [1.0, 1.0], [1.0, 1.0], [1.0, 1.0], [1.0, 1.0]]",0.5,0.9335450901150322,0.49502920899999836
rounded_square--demand_conflict,rounded_square,demand_conflict,balanced_static,static,1931,1,delay_aware_dual_anchor,21.998291593408286,13.068860060768166,13.068860060768166,0.6753395988868303,0.5940852272675669,1.0,0.8333333333333334,5.917848165377465,3.563631456199122,0.6021836580817073,0.6753395988868303,1,"[[3, 4], [2, 4], [2, 4], [2, 4]]","[true, true, true, true, true]",0,4.0,0,1,1,"[[2, 10], [2, 10], [2, 10], [2, 10], [2, 10]]","[[1, 10], [1, 10], [1, 10], [1, 10], [1, 10]]","[[3, 12], [3, 12], [3, 12], [3, 12], [3, 12]]","[[2, 2], [2, 2], [2, 2], [2, 2], [2, 2]]","[[0.25, 2.5], [0.25, 2.5], [0.25, 2.5], [0.25, 2.5], [0.25, 2.5]]","[[NaN, NaN], [NaN, NaN], [NaN, NaN], [NaN, NaN], [NaN, NaN]]","[[0.25, 0.25], [0.25, 0.25], [0.25, 0.25], [0.25, 0.25], [0.25, 0.25]]",0.5,0.9326187030835578,0.48814145799999764
rounded_square--demand_conflict,rounded_square,demand_conflict,balanced_static,static,1931,1,adaptive_rolling_delay,21.998291593408286,13.164616813283239,13.164616813283239,0.6768787755004646,0.5984381449524913,1.0,0.8333333333333334,5.917848165377465,3.609141733037931,0.6098740001734608,0.6768787755004646,2,"[[3, 4], [2, 4], [2, 4], [1, 4]]","[true, true, true, true, true]",0,4.0,0,1,1,"[[2, 10], [2, 10], [2, 10], [2, 10], [2, 10]]","[[1, 10], [1, 10], [1, 10], [1, 10], [1, 10]]","[[3, 12], [3, 12], [3, 12], [3, 12], [3, 12]]","[[2, 2], [2, 2], [2, 2], [2, 2], [2, 2]]","[[0.17484323332305773, 3.5], [0.17483136742696412, 3.5], [0.17481183894212263, 3.5], [0.17479635525257364, 3.5], [0.1747790145583025, 3.5]]","[[0.9937293329223102, 0.9894477291460919], [0.9932546970785656, 0.9902349017095881], [0.9924735576849054, 0.9896943551355337], [0.991854210102946, 0.9893741097345333], [0.9911605823321008, 0.9887672295278034]]","[[0.17484323332305773, 0.37757297770360115], [0.17483136742696412, 0.3777540273932053], [0.17481183894212263, 0.37762970168117277], [0.17479635525257364, 0.3775560452389427], [0.1747790145583025, 0.3774164627913948]]",0.5,0.9323477034687495,0.4832168750000001
rounded_square--demand_conflict,rounded_square,demand_conflict,balanced_static,static,1931,1,oracle_adaptive_delay,21.998291593408286,13.178167547692375,13.178167547692375,0.6763024829938744,0.5990541352602657,1.0,0.8333333333333334,5.917848165377465,3.4216370032190495,0.5781893870203416,0.6763024829938744,1,"[[3, 4], [2, 4], [2, 4], [2, 4]]","[true, true, true, true, true]",0,4.0,0,1,1,"[[2, 10], [2, 10], [2, 10], [2, 10], [2, 10]]","[[1, 10], [1, 10], [1, 10], [1, 10], [1, 10]]","[[3, 12], [3, 12], [3, 12], [3, 12], [3, 12]]","[[2, 2], [2, 2], [2, 2], [2, 2], [2, 2]]","[[0.4, 3.5], [0.4, 3.5], [0.4, 3.5], [0.4, 3.5], [0.4, 3.5]]","[[1.0, 1.0], [1.0, 1.0], [1.0, 1.0], [1.0, 1.0], [1.0, 1.0]]","[[0.2, 0.38], [0.2, 0.38], [0.2, 0.38], [0.2, 0.38], [0.2, 0.38]]",0.5,0.932663168462182,0.4728244590000017
rounded_square--demand_conflict,rounded_square,demand_conflict,balanced_static,static,1951,2,dual_anchor_dynamic,20.258134038544576,15.218392601718179,15.218392601718179,0.8403276159919839,0.7512238083113961,0.8333333333333334,0.8333333333333334,5.128113604654837,3.2558337108144157,0.6348989047081689,0.8403276159919839,0,"[[2, 3], [2, 3], [2, 3], [2, 3]]","[true, true, true, true, true]",0,4.0,0,1,1,"[[10, 2], [10, 2], [10, 2], [10, 2], [10, 2]]","[[9, 2], [9, 2], [9, 2], [9, 2], [9, 2]]","[[11, 4], [11, 4], [11, 4], [11, 4], [11, 4]]","[[2, 2], [2, 2], [2, 2], [2, 2], [2, 2]]","[[0.0, 0.0], [0.0, 0.0], [0.0, 0.0], [0.0, 0.0], [0.0, 0.0]]","[[NaN, NaN], [NaN, NaN], [NaN, NaN], [NaN, NaN], [NaN, NaN]]","[[0.0, 0.0], [0.0, 0.0], [0.0, 0.0], [0.0, 0.0], [0.0, 0.0]]",0.5,0.9431173624374736,0.47509325000000047
rounded_square--demand_conflict,rounded_square,demand_conflict,balanced_static,static,1951,2,fixed_delay_2,20.258134038544576,13.29908613290186,13.29908613290186,0.7597275421017001,0.656481298208318,0.8333333333333334,0.8333333333333334,5.128113604654837,3.0578076274255874,0.5962831292680385,0.7597275421017001,0,"[[2, 3], [2, 3], [2, 3], [2, 3]]","[true, true, true, true, true]",0,4.0,0,1,1,"[[10, 2], [10, 2], [10, 2], [10, 2], [10, 2]]","[[9, 2], [9, 2], [9, 2], [9, 2], [9, 2]]","[[11, 4], [11, 4], [11, 4], [11, 4], [11, 4]]","[[2, 2], [2, 2], [2, 2], [2, 2], [2, 2]]","[[2.0, 2.0], [2.0, 2.0], [2.0, 2.0], [2.0, 2.0], [2.0, 2.0]]","[[NaN, NaN], [NaN, NaN], [NaN, NaN], [NaN, NaN], [NaN, NaN]]","[[1.0, 1.0], [1.0, 1.0], [1.0, 1.0], [1.0, 1.0], [1.0, 1.0]]",0.5,0.943497812261672,0.47900499999999724
rounded_square--demand_conflict,rounded_square,demand_conflict,balanced_static,static,1951,2,delay_aware_dual_anchor,20.258134038544576,13.253530442877238,13.253530442877238,0.7595147006452639,0.6542325377875436,0.8333333333333334,0.8333333333333334,5.128113604654837,3.07899736633669,0.6004152021011888,0.7595147006452639,0,"[[2, 3], [2, 3], [2, 3], [2, 3]]","[true, true, true, true, true]",0,4.0,0,1,1,"[[10, 2], [10, 2], [10, 2], [10, 2], [10, 2]]","[[9, 2], [9, 2], [9, 2], [9, 2], [9, 2]]","[[11, 4], [11, 4], [11, 4], [11, 4], [11, 4]]","[[2, 2], [2, 2], [2, 2], [2, 2], [2, 2]]","[[2.25, 0.5], [2.25, 0.5], [2.25, 0.5], [2.25, 0.5], [2.25, 0.5]]","[[NaN, NaN], [NaN, NaN], [NaN, NaN], [NaN, NaN], [NaN, NaN]]","[[0.25, 0.25], [0.25, 0.25], [0.25, 0.25], [0.25, 0.25], [0.25, 0.25]]",0.5,0.9435099746587428,0.524658542000001
rounded_square--demand_conflict,rounded_square,demand_conflict,balanced_static,static,1951,2,adaptive_rolling_delay,20.258134038544576,12.469164168436208,12.469164168436208,0.728002755598852,0.6155139532945869,0.8333333333333334,0.8333333333333334,5.128113604654837,2.9784135304047687,0.5808010040380608,0.728002755598852,0,"[[2, 3], [2, 3], [2, 3], [2, 3]]","[true, true, true, true, true]",0,4.0,0,1,1,"[[10, 2], [10, 2], [10, 2], [10, 2], [10, 2]]","[[9, 2], [9, 2], [9, 2], [9, 2], [9, 2]]","[[11, 4], [11, 4], [11, 4], [11, 4], [11, 4]]","[[2, 2], [2, 2], [2, 2], [2, 2], [2, 2]]","[[3.340524950741228, 0.39821265904069064], [3.337647543655179, 0.3982111482911846], [3.3350545917350054, 0.3981756203303288], [3.333331513676408, 0.39815875310576315], [3.3323014739828127, 0.3981543873347457]]","[[0.9829752843166557, 0.9821265904069061], [0.9815543425457675, 0.9821114829118456], [0.9802738724617311, 0.9817562033032879], [0.9794229697167446, 0.9815875310576312], [0.9789143081396607, 0.9815438733474564]]","[[0.37116943897124755, 0.19910632952034532], [0.3708497270727977, 0.1991055741455923], [0.3705616213038895, 0.1990878101651644], [0.37037016818626756, 0.19907937655288158], [0.37025571933142365, 0.19907719366737284]]",0.5,0.9438732610490406,0.48112883299999964
rounded_square--demand_conflict,rounded_square,demand_conflict,balanced_static,static,1951,2,oracle_adaptive_delay,20.258134038544576,12.312224711308346,12.312224711308346,0.7201322358938236,0.6077669684622594,0.8333333333333334,0.8333333333333334,5.128113604654837,2.901386400206439,0.5657804455760932,0.7201322358938236,0,"[[2, 3], [2, 3], [2, 3], [2, 3]]","[true, true, true, true, true]",0,4.0,0,1,1,"[[10, 2], [10, 2], [10, 2], [10, 2], [10, 2]]","[[9, 2], [9, 2], [9, 2], [9, 2], [9, 2]]","[[11, 4], [11, 4], [11, 4], [11, 4], [11, 4]]","[[2, 2], [2, 2], [2, 2], [2, 2], [2, 2]]","[[3.5, 0.4], [3.5, 0.4], [3.5, 0.4], [3.5, 0.4], [3.5, 0.4]]","[[1.0, 1.0], [1.0, 1.0], [1.0, 1.0], [1.0, 1.0], [1.0, 1.0]]","[[0.38, 0.2], [0.38, 0.2], [0.38, 0.2], [0.38, 0.2], [0.38, 0.2]]",0.5,0.9442847969091857,0.47139241700000056
rounded_square--demand_conflict,rounded_square,demand_conflict,balanced_static,static,1973,3,dual_anchor_dynamic,21.763136671684876,16.819970934376727,16.819970934376727,0.8192825548895519,0.7728651980695641,1.0,0.8333333333333334,4.542708364958309,3.8388751866102244,0.8450630941274294,0.8192825548895519,2,"[[1, 2], [1, 4], [1, 2], [1, 2]]","[true, true, true, true, true]",0,4.0,0,1,1,"[[10, 10], [10, 10], [10, 10], [10, 10], [10, 10]]","[[9, 11], [9, 11], [9, 11], [9, 11], [9, 11]]","[[11, 13], [11, 13], [11, 13], [11, 13], [11, 13]]","[[2, 2], [2, 2], [2, 2], [2, 2], [2, 2]]","[[0.0, 0.0], [0.0, 0.0], [0.0, 0.0], [0.0, 0.0], [0.0, 0.0]]","[[NaN, NaN], [NaN, NaN], [NaN, NaN], [NaN, NaN], [NaN, NaN]]","[[0.0, 0.0], [0.0, 0.0], [0.0, 0.0], [0.0, 0.0], [0.0, 0.0]]",1.0,0.9975482638935318,0.4747475829999992
rounded_square--demand_conflict,rounded_square,demand_conflict,balanced_static,static,1973,3,fixed_delay_2,21.763136671684876,17.97177823852156,17.989657879590446,0.8600155518156694,0.8257898900163552,1.0,0.8333333333333334,4.542708364958309,3.9007266004283627,0.8586786311262933,0.8600155518156694,1,"[[1, 2], [1, 2], [1, 4], [1, 4]]","[true, true, true, true, false]",1,2.0,0,1,1,"[[10, 10], [10, 10], [10, 10], [10, 10], [10, 10]]","[[9, 11], [9, 11], [9, 11], [9, 11], [9, 11]]","[[11, 13], [11, 13], [11, 13], [11, 13], [11, 13]]","[[2, 2], [2, 2], [2, 2], [2, 2], [2, 2]]","[[2.0, 2.0], [2.0, 2.0], [2.0, 2.0], [2.0, 2.0], [2.0, 2.0]]","[[NaN, NaN], [NaN, NaN], [NaN, NaN], [NaN, NaN], [NaN, NaN]]","[[1.0, 1.0], [1.0, 1.0], [1.0, 1.0], [1.0, 1.0], [1.0, 1.0]]",1.0,0.9976382120666016,0.48071733299999764
rounded_square--demand_conflict,rounded_square,demand_conflict,balanced_static,static,1973,3,delay_aware_dual_anchor,21.763136671684876,17.59861437929577,17.59861437929577,0.856240920324294,0.8086432872607286,1.0,1.0,4.542708364958309,4.112544382120362,0.9053067139074654,0.856240920324294,1,"[[1, 2], [1, 4], [1, 4], [1, 4]]","[true, true, true, true, true]",0,4.0,0,1,1,"[[10, 10], [10, 10], [10, 10], [10, 10], [10, 10]]","[[9, 11], [9, 11], [9, 11], [9, 11], [9, 11]]","[[11, 13], [11, 13], [11, 13], [11, 13], [11, 13]]","[[2, 2], [2, 2], [2, 2], [2, 2], [2, 2]]","[[2.25, 2.75], [2.25, 2.75], [2.25, 2.75], [2.25, 2.75], [2.25, 2.75]]","[[NaN, NaN], [NaN, NaN], [NaN, NaN], [NaN, NaN], [NaN, NaN]]","[[0.25, 0.25], [0.25, 0.25], [0.25, 0.25], [0.25, 0.25], [0.25, 0.25]]",1.0,0.9977733000653415,0.44439941699999963
rounded_square--demand_conflict,rounded_square,demand_conflict,balanced_static,static,1973,3,adaptive_rolling_delay,21.763136671684876,17.882786797217662,17.882786797217662,0.8837602823007384,0.8217007992457366,1.0,0.8333333333333334,4.542708364958309,4.104075159739712,0.9034423586153714,0.8837602823007384,1,"[[1, 2], [2, 4], [2, 4], [2, 4]]","[true, true, true, true, true]",0,4.0,0,1,1,"[[10, 10], [10, 10], [10, 10], [10, 10], [10, 10]]","[[9, 11], [9, 11], [9, 11], [9, 11], [9, 11]]","[[11, 13], [11, 13], [11, 13], [11, 13], [11, 13]]","[[2, 2], [2, 2], [2, 2], [2, 2], [2, 2]]","[[3.3726745053562004, 3.5], [3.37278527121903, 3.5], [3.372751994788427, 3.5], [3.372710939397232, 3.5], [3.3726729637580064, 3.5]]","[[0.9988516075833088, 0.9759462972857481], [0.9989063067748295, 0.9739573586347051], [0.9988898739695935, 0.9764484292632293], [0.9988695997023368, 0.9778981656717585], [0.99885084630025, 0.9788142289313096]]","[[0.3747416117062445, 0.3744676483757221], [0.37475391902433663, 0.3740101924859822], [0.3747502216431585, 0.3745831387305427], [0.3747456599330258, 0.37491657810450446], [0.37474144041755625, 0.3751272726542012]]",1.0,0.9976385429393553,0.504437375000002
rounded_square--demand_conflict,rounded_square,demand_conflict,balanced_static,static,1973,3,oracle_adaptive_delay,21.763136671684876,17.89400873787269,17.89400873787269,0.8845392370607352,0.8222164391015312,1.0,0.8333333333333334,4.542708364958309,4.1074706978334605,0.9041898285872368,0.8845392370607352,1,"[[1, 2], [2, 4], [2, 4], [2, 4]]","[true, true, true, true, true]",0,4.0,0,1,1,"[[10, 10], [10, 10], [10, 10], [10, 10], [10, 10]]","[[9, 11], [9, 11], [9, 11], [9, 11], [9, 11]]","[[11, 13], [11, 13], [11, 13], [11, 13], [11, 13]]","[[2, 2], [2, 2], [2, 2], [2, 2], [2, 2]]","[[3.5, 3.5], [3.5, 3.5], [3.5, 3.5], [3.5, 3.5], [3.5, 3.5]]","[[1.0, 1.0], [1.0, 1.0], [1.0, 1.0], [1.0, 1.0], [1.0, 1.0]]","[[0.38, 0.38], [0.38, 0.38], [0.38, 0.38], [0.38, 0.38], [0.38, 0.38]]",1.0,0.9976340457108206,0.4848819589999991
figure_eight--demand_conflict,figure_eight,demand_conflict,balanced_static,static,1901,0,dual_anchor_dynamic,2.0976287158611155,0.08673767148834054,0.08673767148834054,0.2884203617058566,0.041350345193349965,0.6666666666666666,0.0,0.6023412247044333,0.036509883107828066,0.06061328962789046,0.2884203617058566,2,"[[2, 4], [2, 4], [2, 3], [3, 4]]","[true, true, true, true, true]",0,4.0,0,1,1,"[[2, 2], [2, 2], [2, 2], [2, 2], [2, 2]]","[[1, 2], [1, 2], [1, 2], [1, 2], [1, 2]]","[[3, 4], [3, 4], [3, 4], [3, 4], [3, 4]]","[[2, 2], [2, 2], [2, 2], [2, 2], [2, 2]]","[[0.0, 0.0], [0.0, 0.0], [0.0, 0.0], [0.0, 0.0], [0.0, 0.0]]","[[NaN, NaN], [NaN, NaN], [NaN, NaN], [NaN, NaN], [NaN, NaN]]","[[0.0, 0.0], [0.0, 0.0], [0.0, 0.0], [0.0, 0.0], [0.0, 0.0]]",0.5,0.9992115900650324,0.2060712080000009
figure_eight--demand_conflict,figure_eight,demand_conflict,balanced_static,static,1901,0,fixed_delay_2,2.0976287158611155,0.0972432908854367,0.0972432908854367,0.29282031322653224,0.04635867641882302,0.6666666666666666,0.0,0.6023412247044333,0.03887357264686687,0.06453745991890558,0.29282031322653224,1,"[[2, 4], [2, 4], [2, 4], [1, 2]]","[true, true, true, true, true]",0,4.0,0,1,1,"[[2, 2], [2, 2], [2, 2], [2, 2], [2, 2]]","[[1, 2], [1, 2], [1, 2], [1, 2], [1, 2]]","[[3, 4], [3, 4], [3, 4], [3, 4], [3, 4]]","[[2, 2], [2, 2], [2, 2], [2, 2], [2, 2]]","[[2.0, 2.0], [2.0, 2.0], [2.0, 2.0], [2.0, 2.0], [2.0, 2.0]]","[[NaN, NaN], [NaN, NaN], [NaN, NaN], [NaN, NaN], [NaN, NaN]]","[[1.0, 1.0], [1.0, 1.0], [1.0, 1.0], [1.0, 1.0], [1.0, 1.0]]",0.5,0.9992122698712734,0.21713324999999983
figure_eight--demand_conflict,figure_eight,demand_conflict,balanced_static,static,1901,0,delay_aware_dual_anchor,2.0976287158611155,0.08881068585025673,0.08881068585025673,0.27357212740365033,0.04233861082217226,0.6666666666666666,0.0,0.6023412247044333,0.03563149149819994,0.05915499394165523,0.27357212740365033,2,"[[2, 4], [2, 4], [2, 3], [3, 4]]","[true, true, true, true, true]",0,4.0,0,1,1,"[[2, 2], [2, 2], [2, 2], [2, 2], [2, 2]]","[[1, 2], [1, 2], [1, 2], [1, 2], [1, 2]]","[[3, 4], [3, 4], [3, 4], [3, 4], [3, 4]]","[[2, 2], [2, 2], [2, 2], [2, 2], [2, 2]]","[[0.25, 0.5], [0.25, 0.5], [0.25, 0.5], [0.25, 0.5], [0.25, 0.5]]","[[NaN, NaN], [NaN, NaN], [NaN, NaN], [NaN, NaN], [NaN, NaN]]","[[0.25, 0.25], [0.25, 0.25], [0.25, 0.25], [0.25, 0.25], [0.25, 0.25]]",0.5,0.9992118542314101,0.21752612500000268
figure_eight--demand_conflict,figure_eight,demand_conflict,balanced_static,static,1901,0,adaptive_rolling_delay,2.0976287158611155,0.08799942488396245,0.08799942488396245,0.2770897531446203,0.04195185936317479,0.6666666666666666,0.0,0.6023412247044333,0.035745596272058165,0.05934442937987252,0.2770897531446203,2,"[[2, 4], [2, 4], [2, 3], [3, 4]]","[true, true, true, true, true]",0,4.0,0,1,1,"[[2, 2], [2, 2], [2, 2], [2, 2], [2, 2]]","[[1, 2], [1, 2], [1, 2], [1, 2], [1, 2]]","[[3, 4], [3, 4], [3, 4], [3, 4], [3, 4]]","[[2, 2], [2, 2], [2, 2], [2, 2], [2, 2]]","[[0.17496580215860394, 0.36716335097943364], [0.17496572258617732, 0.3666005724688781], [0.17496571673456998, 0.3664074719992927], [0.1749657708080425, 0.3663516687297713], [0.1749658014080829, 0.36632524893311125]]","[[0.9986320863441585, 0.6716335097943366], [0.9986289034470931, 0.6660057246887813], [0.9986286693828001, 0.664074719992927], [0.9986308323217004, 0.6635166872977133], [0.9986320563233171, 0.663252489331112]]","[[0.17496580215860394, 0.18358167548971682], [0.17496572258617732, 0.18330028623443906], [0.17496571673456998, 0.18320373599964634], [0.1749657708080425, 0.18317583436488566], [0.1749658014080829, 0.18316262446655562]]",0.5,0.9992117891563195,0.20644937499999827
figure_eight--demand_conflict,figure_eight,demand_conflict,balanced_static,static,1901,0,oracle_adaptive_delay,2.0976287158611155,0.09177182226164471,0.09177182226164471,0.27823122617712714,0.04375026980118866,0.6666666666666666,0.0,0.6023412247044333,0.03660558029250083,0.06077216499744485,0.27823122617712714,2,"[[2, 4], [2, 4], [2, 3], [3, 4]]","[true, true, true, true, true]",0,4.0,0,1,1,"[[2, 2], [2, 2], [2, 2], [2, 2], [2, 2]]","[[1, 2], [1, 2], [1, 2], [1, 2], [1, 2]]","[[3, 4], [3, 4], [3, 4], [3, 4], [3, 4]]","[[2, 2], [2, 2], [2, 2], [2, 2], [2, 2]]","[[0.4, 0.4], [0.4, 0.4], [0.4, 0.4], [0.4, 0.4], [0.4, 0.4]]","[[1.0, 1.0], [1.0, 1.0], [1.0, 1.0], [1.0, 1.0], [1.0, 1.0]]","[[0.2, 0.2], [0.2, 0.2], [0.2, 0.2], [0.2, 0.2], [0.2, 0.2]]",0.5,0.9992117177481961,0.20692379200000133
figure_eight--demand_conflict,figure_eight,demand_conflict,balanced_static,static,1931,1,dual_anchor_dynamic,19.167271164282596,13.315649527455438,14.521451342763582,0.8211736289520793,0.6947076301747425,1.0,1.0,5.566001294212225,4.048454422682869,0.7273542007423949,0.8211736289520793,2,"[[2, 4], [3, 4], [2, 4], [2, 4]]","[true, true, true, false, false]",2,1.0,0,1,1,"[[2, 10], [2, 10], [2, 10], [2, 10], [2, 10]]","[[1, 10], [1, 10], [1, 10], [1, 10], [1, 10]]","[[3, 12], [3, 12], [3, 12], [3, 12], [3, 12]]","[[2, 2], [2, 2], [2, 2], [2, 2], [2, 2]]","[[0.0, 0.0], [0.0, 0.0], [0.0, 0.0], [0.0, 0.0], [0.0, 0.0]]","[[NaN, NaN], [NaN, NaN], [NaN, NaN], [NaN, NaN], [NaN, NaN]]","[[0.0, 0.0], [0.0, 0.0], [0.0, 0.0], [0.0, 0.0], [0.0, 0.0]]",0.5,0.947913499574426,0.41129008399999734
figure_eight--demand_conflict,figure_eight,demand_conflict,balanced_static,static,1931,1,fixed_delay_2,19.167271164282596,13.015699871411014,14.1389982595004,0.790282321095148,0.6790585764584592,1.0,1.0,5.566001294212225,3.9369780954518627,0.7073261192996321,0.790282321095148,2,"[[2, 4], [3, 4], [2, 4], [2, 4]]","[true, true, true, false, false]",2,1.0,0,1,1,"[[2, 10], [2, 10], [2, 10], [2, 10], [2, 10]]","[[1, 10], [1, 10], [1, 10], [1, 10], [1, 10]]","[[3, 12], [3, 12], [3, 12], [3, 12], [3, 12]]","[[2, 2], [2, 2], [2, 2], [2, 2], [2, 2]]","[[2.0, 2.0], [2.0, 2.0], [2.0, 2.0], [2.0, 2.0], [2.0, 2.0]]","[[NaN, NaN], [NaN, NaN], [NaN, NaN], [NaN, NaN], [NaN, NaN]]","[[1.0, 1.0], [1.0, 1.0], [1.0, 1.0], [1.0, 1.0], [1.0, 1.0]]",0.5,0.9484799649908545,0.5475478329999994
figure_eight--demand_conflict,figure_eight,demand_conflict,balanced_static,static,1931,1,delay_aware_dual_anchor,19.167271164282596,12.904343632083247,13.940517264332062,0.780365254115803,0.673248868943324,1.0,1.0,5.566001294212225,3.8819859488474817,0.6974461096306505,0.780365254115803,2,"[[2, 4], [3, 4], [2, 4], [2, 4]]","[true, true, true, false, false]",2,1.0,0,1,1,"[[2, 10], [2, 10], [2, 10], [2, 10], [2, 10]]","[[1, 10], [1, 10], [1, 10], [1, 10], [1, 10]]","[[3, 12], [3, 12], [3, 12], [3, 12], [3, 12]]","[[2, 2], [2, 2], [2, 2], [2, 2], [2, 2]]","[[0.25, 2.5], [0.25, 2.5], [0.25, 2.5], [0.25, 2.5], [0.25, 2.5]]","[[NaN, NaN], [NaN, NaN], [NaN, NaN], [NaN, NaN], [NaN, NaN]]","[[0.25, 0.25], [0.25, 0.25], [0.25, 0.25], [0.25, 0.25], [0.25, 0.25]]",0.5,0.9483632776090674,0.5460126249999995
figure_eight--demand_conflict,figure_eight,demand_conflict,balanced_static,static,1931,1,adaptive_rolling_delay,19.167271164282596,12.817020900992615,13.593978756554996,0.7692475358902482,0.6686930440508712,1.0,1.0,5.566001294212225,3.8482366836351276,0.6913826426229356,0.7692475358902482,2,"[[2, 4], [3, 4], [2, 4], [2, 4]]","[true, true, true, false, false]",2,1.0,0,1,1,"[[2, 10], [2, 10], [2, 10], [2, 10], [2, 10]]","[[1, 10], [1, 10], [1, 10], [1, 10], [1, 10]]","[[3, 12], [3, 12], [3, 12], [3, 12], [3, 12]]","[[2, 2], [2, 2], [2, 2], [2, 2], [2, 2]]","[[0.17490983200972127, 3.5], [0.1748954206458359, 3.5], [0.1748841433987981, 3.5], [0.1748845511936573, 3.5], [0.174884551196907, 3.5]]","[[0.9963932803888516, 0.9890188481841223], [0.9958168258334367, 0.9907207929745722], [0.9953657359519248, 0.9924789835226817], [0.9953820477462928, 0.9929072485026276], [0.9953820478762805, 0.992907248493335]]","[[0.17490983200972127, 0.3774743350823482], [0.1748954206458359, 0.3778657823841516], [0.1748841433987981, 0.3782701662102168], [0.1748845511936573, 0.37836866715560435], [0.174884551196907, 0.37836866715346706]]",0.5,0.9485197195575035,0.5316822079999994
figure_eight--demand_conflict,figure_eight,demand_conflict,balanced_static,static,1931,1,oracle_adaptive_delay,19.167271164282596,12.810699816383293,13.605912946912692,0.7694272801811289,0.6683632587332251,1.0,1.0,5.566001294212225,3.8463639410009587,0.6910461815739386,0.7694272801811289,2,"[[2, 4], [3, 4], [2, 4], [2, 4]]","[true, true, true, false, false]",2,1.0,0,1,1,"[[2, 10], [2, 10], [2, 10], [2, 10], [2, 10]]","[[1, 10], [1, 10], [1, 10], [1, 10], [1, 10]]","[[3, 12], [3, 12], [3, 12], [3, 12], [3, 12]]","[[2, 2], [2, 2], [2, 2], [2, 2], [2, 2]]","[[0.4, 3.5], [0.4, 3.5], [0.4, 3.5], [0.4, 3.5], [0.4, 3.5]]","[[1.0, 1.0], [1.0, 1.0], [1.0, 1.0], [1.0, 1.0], [1.0, 1.0]]","[[0.2, 0.38], [0.2, 0.38], [0.2, 0.38], [0.2, 0.38], [0.2, 0.38]]",0.5,0.948519621188489,0.5127172920000014
figure_eight--demand_conflict,figure_eight,demand_conflict,balanced_static,static,1951,2,dual_anchor_dynamic,19.394019292877786,8.024874073896687,8.024874073896687,0.5621078731054812,0.4137808647454384,1.0,1.0,4.3726478815825,1.7879251031807484,0.4088884244970767,0.5621078731054812,0,"[[3, 4], [3, 4], [3, 4], [3, 4]]","[true, true, true, true, true]",0,4.0,0,1,1,"[[10, 2], [10, 2], [10, 2], [10, 2], [10, 2]]","[[9, 2], [9, 2], [9, 2], [9, 2], [9, 2]]","[[11, 4], [11, 4], [11, 4], [11, 4], [11, 4]]","[[2, 2], [2, 2], [2, 2], [2, 2], [2, 2]]","[[0.0, 0.0], [0.0, 0.0], [0.0, 0.0], [0.0, 0.0], [0.0, 0.0]]","[[NaN, NaN], [NaN, NaN], [NaN, NaN], [NaN, NaN], [NaN, NaN]]","[[0.0, 0.0], [0.0, 0.0], [0.0, 0.0], [0.0, 0.0], [0.0, 0.0]]",0.5,0.9602257208004384,0.43348216600000455
figure_eight--demand_conflict,figure_eight,demand_conflict,balanced_static,static,1951,2,fixed_delay_2,19.394019292877786,8.091445420246151,8.091445420246151,0.5665021060336721,0.4172134356501148,1.0,0.8333333333333334,4.3726478815825,1.7245451938298575,0.39439379536907265,0.5665021060336721,0,"[[3, 4], [3, 4], [3, 4], [3, 4]]","[true, true, true, true, true]",0,4.0,0,1,1,"[[10, 2], [10, 2], [10, 2], [10, 2], [10, 2]]","[[9, 2], [9, 2], [9, 2], [9, 2], [9, 2]]","[[11, 4], [11, 4], [11, 4], [11, 4], [11, 4]]","[[2, 2], [2, 2], [2, 2], [2, 2], [2, 2]]","[[2.0, 2.0], [2.0, 2.0], [2.0, 2.0], [2.0, 2.0], [2.0, 2.0]]","[[NaN, NaN], [NaN, NaN], [NaN, NaN], [NaN, NaN], [NaN, NaN]]","[[1.0, 1.0], [1.0, 1.0], [1.0, 1.0], [1.0, 1.0], [1.0, 1.0]]",0.5,0.9601303443725262,0.4593598750000041
figure_eight--demand_conflict,figure_eight,demand_conflict,balanced_static,static,1951,2,delay_aware_dual_anchor,19.394019292877786,7.757197769675374,7.757197769675374,0.5515134781941968,0.39997886217036555,1.0,0.8333333333333334,4.3726478815825,1.7371759394938047,0.39728237592849697,0.5515134781941968,0,"[[3, 4], [3, 4], [3, 4], [3, 4]]","[true, true, true, true, true]",0,4.0,0,1,1,"[[10, 2], [10, 2], [10, 2], [10, 2], [10, 2]]","[[9, 2], [9, 2], [9, 2], [9, 2], [9, 2]]","[[11, 4], [11, 4], [11, 4], [11, 4], [11, 4]]","[[2, 2], [2, 2], [2, 2], [2, 2], [2, 2]]","[[2.25, 0.5], [2.25, 0.5], [2.25, 0.5], [2.25, 0.5], [2.25, 0.5]]","[[NaN, NaN], [NaN, NaN], [NaN, NaN], [NaN, NaN], [NaN, NaN]]","[[0.25, 0.25], [0.25, 0.25], [0.25, 0.25], [0.25, 0.25], [0.25, 0.25]]",0.5,0.959926262299246,0.4659749160000004
figure_eight--demand_conflict,figure_eight,demand_conflict,balanced_static,static,1951,2,adaptive_rolling_delay,19.394019292877786,7.66317253903714,7.66317253903714,0.5466047331427552,0.3951307061889613,1.0,0.8333333333333334,4.3726478815825,1.7255008120266278,0.39461233988092215,0.5466047331427552,0,"[[3, 4], [3, 4], [3, 4], [3, 4]]","[true, true, true, true, true]",0,4.0,0,1,1,"[[10, 2], [10, 2], [10, 2], [10, 2], [10, 2]]","[[9, 2], [9, 2], [9, 2], [9, 2], [9, 2]]","[[11, 4], [11, 4], [11, 4], [11, 4], [11, 4]]","[[2, 2], [2, 2], [2, 2], [2, 2], [2, 2]]","[[3.182882739322838, 0.3975471413846418], [3.236596040760795, 0.3974762771307269], [3.2725864480058537, 0.39744581719990457], [3.2980559047522457, 0.39742886230431734], [3.3184599578816885, 0.397408861377829]]","[[0.9051272786779446, 0.9754714138464178], [0.9316523658078002, 0.9747627713072688], [0.9494254064226437, 0.9744581719990454], [0.9620029159270349, 0.9742886230431731], [0.9720789915465128, 0.9740886137782896]]","[[0.35365363770253755, 0.1987735706923209], [0.359621782306755, 0.19873813856536346], [0.36362071644509486, 0.19872290859995229], [0.36645065608358285, 0.19871443115215867], [0.3687177730979654, 0.1987044306889145]]",0.5,0.9597129554922077,0.4755864580000022
figure_eight--demand_conflict,figure_eight,demand_conflict,balanced_static,static,1951,2,oracle_adaptive_delay,19.394019292877786,7.627053080440792,7.627053080440792,0.5454195195627717,0.39326830427779,1.0,0.8333333333333334,4.3726478815825,1.723576328925373,0.39417222140960395,0.5454195195627717,0,"[[3, 4], [3, 4], [3, 4], [3, 4]]","[true, true, true, true, true]",0,4.0,0,1,1,"[[10, 2], [10, 2], [10, 2], [10, 2], [10, 2]]","[[9, 2], [9, 2], [9, 2], [9, 2], [9, 2]]","[[11, 4], [11, 4], [11, 4], [11, 4], [11, 4]]","[[2, 2], [2, 2], [2, 2], [2, 2], [2, 2]]","[[3.5, 0.4], [3.5, 0.4], [3.5, 0.4], [3.5, 0.4], [3.5, 0.4]]","[[1.0, 1.0], [1.0, 1.0], [1.0, 1.0], [1.0, 1.0], [1.0, 1.0]]","[[0.38, 0.2], [0.38, 0.2], [0.38, 0.2], [0.38, 0.2], [0.38, 0.2]]",0.5,0.9596443602686139,0.46346883400000394
figure_eight--demand_conflict,figure_eight,demand_conflict,balanced_static,static,1973,3,dual_anchor_dynamic,19.640421613797848,15.579332376284857,15.579332376284857,0.8381201568497028,0.793228001039449,0.8333333333333334,0.8333333333333334,5.919235050246221,4.613318979387116,0.779377561496771,0.8381201568497028,0,"[[2, 4], [2, 4], [2, 4], [2, 4]]","[true, true, true, true, true]",0,4.0,0,1,1,"[[10, 10], [10, 10], [10, 10], [10, 10], [10, 10]]","[[9, 11], [9, 11], [9, 11], [9, 11], [9, 11]]","[[11, 13], [11, 13], [11, 13], [11, 13], [11, 13]]","[[2, 2], [2, 2], [2, 2], [2, 2], [2, 2]]","[[0.0, 0.0], [0.0, 0.0], [0.0, 0.0], [0.0, 0.0], [0.0, 0.0]]","[[NaN, NaN], [NaN, NaN], [NaN, NaN], [NaN, NaN], [NaN, NaN]]","[[0.0, 0.0], [0.0, 0.0], [0.0, 0.0], [0.0, 0.0], [0.0, 0.0]]",1.0,0.9978957319030404,0.4468040420000037
figure_eight--demand_conflict,figure_eight,demand_conflict,balanced_static,static,1973,3,fixed_delay_2,19.640421613797848,15.133180638961619,15.133180638961619,0.8257509900231745,0.7705120051155221,0.8333333333333334,1.0,5.919235050246221,4.372734339502142,0.7387330123544006,0.8257509900231745,0,"[[2, 4], [2, 4], [2, 4], [2, 4]]","[true, true, true, true, true]",0,4.0,0,1,1,"[[10, 10], [10, 10], [10, 10], [10, 10], [10, 10]]","[[9, 11], [9, 11], [9, 11], [9, 11], [9, 11]]","[[11, 13], [11, 13], [11, 13], [11, 13], [11, 13]]","[[2, 2], [2, 2], [2, 2], [2, 2], [2, 2]]","[[2.0, 2.0], [2.0, 2.0], [2.0, 2.0], [2.0, 2.0], [2.0, 2.0]]","[[NaN, NaN], [NaN, NaN], [NaN, NaN], [NaN, NaN], [NaN, NaN]]","[[1.0, 1.0], [1.0, 1.0], [1.0, 1.0], [1.0, 1.0], [1.0, 1.0]]",1.0,0.9979241084421809,0.37827608399999946
figure_eight--demand_conflict,figure_eight,demand_conflict,balanced_static,static,1973,3,delay_aware_dual_anchor,19.640421613797848,15.248142394726283,15.248142394726283,0.8243710208683708,0.7763653293478238,0.8333333333333334,0.8333333333333334,5.919235050246221,4.333426040288222,0.7320922388625141,0.8243710208683708,0,"[[2, 4], [2, 4], [2, 4], [2, 4]]","[true, true, true, true, true]",0,4.0,0,1,1,"[[10, 10], [10, 10], [10, 10], [10, 10], [10, 10]]","[[9, 11], [9, 11], [9, 11], [9, 11], [9, 11]]","[[11, 13], [11, 13], [11, 13], [11, 13], [11, 13]]","[[2, 2], [2, 2], [2, 2], [2, 2], [2, 2]]","[[2.25, 2.75], [2.25, 2.75], [2.25, 2.75], [2.25, 2.75], [2.25, 2.75]]","[[NaN, NaN], [NaN, NaN], [NaN, NaN], [NaN, NaN], [NaN, NaN]]","[[0.25, 0.25], [0.25, 0.25], [0.25, 0.25], [0.25, 0.25], [0.25, 0.25]]",1.0,0.9978924759544205,0.44730337500000417
figure_eight--demand_conflict,figure_eight,demand_conflict,balanced_static,static,1973,3,adaptive_rolling_delay,19.640421613797848,16.451496157086524,16.451496157086524,0.8705734356389887,0.8376345722399854,0.8333333333333334,0.8333333333333334,5.919235050246221,4.675138150530261,0.7898213385420114,0.8705734356389887,0,"[[2, 4], [2, 4], [2, 4], [2, 4]]","[true, true, true, true, true]",0,4.0,0,1,1,"[[10, 10], [10, 10], [10, 10], [10, 10], [10, 10]]","[[9, 11], [9, 11], [9, 11], [9, 11], [9, 11]]","[[11, 13], [11, 13], [11, 13], [11, 13], [11, 13]]","[[2, 2], [2, 2], [2, 2], [2, 2], [2, 2]]","[[3.3680085720216852, 3.5], [3.3679551625843747, 3.5], [3.3669916596344036, 3.5], [3.3654789644590455, 3.5], [3.3637716374292523, 3.5]]","[[0.9965474429736716, 0.9742577501547579], [0.9965210679429011, 0.9746320485572358], [0.9960452640169893, 0.9751796497143357], [0.9952982540538498, 0.9757734856356471], [0.9944551295946925, 0.9763228378813322]]","[[0.3742231746690761, 0.3740792825355943], [0.37421724028715275, 0.3741653711681643], [0.3741101844038226, 0.3742913194342972], [0.3739421071621162, 0.3744279016961989], [0.37375240415880584, 0.3745542527127064]]",1.0,0.9978475163497416,0.41484945799999906
figure_eight--demand_conflict,figure_eight,demand_conflict,balanced_static,static,1973,3,oracle_adaptive_delay,19.640421613797848,16.46814606456907,16.46814606456907,0.8709486147811072,0.8384823090050072,0.8333333333333334,0.8333333333333334,5.919235050246221,4.685264845089307,0.791532149900757,0.8709486147811072,0,"[[2, 4], [2, 4], [2, 4], [2, 4]]","[true, true, true, true, true]",0,4.0,0,1,1,"[[10, 10], [10, 10], [10, 10], [10, 10], [10, 10]]","[[9, 11], [9, 11], [9, 11], [9, 11], [9, 11]]","[[11, 13], [11, 13], [11, 13], [11, 13], [11, 13]]","[[2, 2], [2, 2], [2, 2], [2, 2], [2, 2]]","[[3.5, 3.5], [3.5, 3.5], [3.5, 3.5], [3.5, 3.5], [3.5, 3.5]]","[[1.0, 1.0], [1.0, 1.0], [1.0, 1.0], [1.0, 1.0], [1.0, 1.0]]","[[0.38, 0.38], [0.38, 0.38], [0.38, 0.38], [0.38, 0.38], [0.38, 0.38]]",1.0,0.9978556530476723,0.42748162499999864
s_curve--demand_conflict,s_curve,demand_conflict,balanced_static,static,1901,0,dual_anchor_dynamic,1.0573192021027173,0.09722126180712004,0.09722126180712004,0.3092641918770255,0.09195071990915674,0.16666666666666666,0.0,0.250468303921404,0.06873644202755518,0.2744316983482445,0.3092641918770255,1,"[[2, 4], [2, 4], [2, 4], [2, 3]]","[true, true, true, true, true]",0,4.0,0,1,1,"[[2, 2], [2, 2], [2, 2], [2, 2], [2, 2]]","[[1, 2], [1, 2], [1, 2], [1, 2], [1, 2]]","[[3, 4], [3, 4], [3, 4], [3, 4], [3, 4]]","[[2, 2], [2, 2], [2, 2], [2, 2], [2, 2]]","[[0.0, 0.0], [0.0, 0.0], [0.0, 0.0], [0.0, 0.0], [0.0, 0.0]]","[[NaN, NaN], [NaN, NaN], [NaN, NaN], [NaN, NaN], [NaN, NaN]]","[[0.0, 0.0], [0.0, 0.0], [0.0, 0.0], [0.0, 0.0], [0.0, 0.0]]",0.5,0.9987091605493558,0.2208215839999994
s_curve--demand_conflict,s_curve,demand_conflict,balanced_static,static,1901,0,fixed_delay_2,1.0573192021027173,0.11357350245746105,0.11357350245746105,0.349320467885316,0.10741647577344152,0.16666666666666666,0.0,0.250468303921404,0.07007899882601029,0.27979188475680666,0.349320467885316,0,"[[2, 4], [2, 4], [2, 4], [2, 4]]","[true, true, true, true, true]",0,4.0,0,1,1,"[[2, 2], [2, 2], [2, 2], [2, 2], [2, 2]]","[[1, 2], [1, 2], [1, 2], [1, 2], [1, 2]]","[[3, 4], [3, 4], [3, 4], [3, 4], [3, 4]]","[[2, 2], [2, 2], [2, 2], [2, 2], [2, 2]]","[[2.0, 2.0], [2.0, 2.0], [2.0, 2.0], [2.0, 2.0], [2.0, 2.0]]","[[NaN, NaN], [NaN, NaN], [NaN, NaN], [NaN, NaN], [NaN, NaN]]","[[1.0, 1.0], [1.0, 1.0], [1.0, 1.0], [1.0, 1.0], [1.0, 1.0]]",0.5,0.998712615946507,0.199019167000003
s_curve--demand_conflict,s_curve,demand_conflict,balanced_static,static,1901,0,delay_aware_dual_anchor,1.0573192021027173,0.09852450645531644,0.09852450645531644,0.3051160032490211,0.09318331328834117,0.16666666666666666,0.0,0.250468303921404,0.06813933830928466,0.27204774912623886,0.3051160032490211,1,"[[2, 4], [2, 4], [2, 4], [0, 2]]","[true, true, true, true, true]",0,4.0,0,1,1,"[[2, 2], [2, 2], [2, 2], [2, 2], [2, 2]]","[[1, 2], [1, 2], [1, 2], [1, 2], [1, 2]]","[[3, 4], [3, 4], [3, 4], [3, 4], [3, 4]]","[[2, 2], [2, 2], [2, 2], [2, 2], [2, 2]]","[[0.25, 0.5], [0.25, 0.5], [0.25, 0.5], [0.25, 0.5], [0.25, 0.5]]","[[NaN, NaN], [NaN, NaN], [NaN, NaN], [NaN, NaN], [NaN, NaN]]","[[0.25, 0.25], [0.25, 0.25], [0.25, 0.25], [0.25, 0.25], [0.25, 0.25]]",0.5,0.9987095970858351,0.21434929100000488
s_curve--demand_conflict,s_curve,demand_conflict,balanced_static,static,1901,0,adaptive_rolling_delay,1.0573192021027173,0.09668906573989554,0.09668906573989554,0.30522939914542285,0.09144737516126403,0.16666666666666666,0.0,0.250468303921404,0.06829023521712049,0.2726502082217545,0.30522939914542285,1,"[[2, 4], [2, 4], [2, 4], [0, 2]]","[true, true, true, true, true]",0,4.0,0,1,1,"[[2, 2], [2, 2], [2, 2], [2, 2], [2, 2]]","[[1, 2], [1, 2], [1, 2], [1, 2], [1, 2]]","[[3, 4], [3, 4], [3, 4], [3, 4], [3, 4]]","[[2, 2], [2, 2], [2, 2], [2, 2], [2, 2]]","[[0.17471867483471887, 0.38699844353717483], [0.1747046158260805, 0.3887379458476756], [0.1746976541804402, 0.3899609650331435], [0.17469341069079553, 0.3908143160178579], [0.17468826654849123, 0.39133661762861627]]","[[0.9887469933887556, 0.8699844353717484], [0.9881846330432205, 0.8873794584767558], [0.9879061672176083, 0.8996096503314344], [0.9877364276318213, 0.9081431601785789], [0.9875306619396502, 0.9133661762861622]]","[[0.17471867483471887, 0.19349922176858741], [0.1747046158260805, 0.1943689729238378], [0.1746976541804402, 0.19498048251657174], [0.17469341069079553, 0.19540715800892894], [0.17468826654849123, 0.19566830881430813]]",0.5,0.9987094674941451,0.21448683299999516
s_curve--demand_conflict,s_curve,demand_conflict,balanced_static,static,1901,0,oracle_adaptive_delay,1.0573192021027173,0.09998167582532465,0.09998167582532465,0.30916292592017647,0.09456148684946662,0.16666666666666666,0.0,0.250468303921404,0.0680007072781362,0.2714942618027811,0.30916292592017647,1,"[[2, 4], [2, 4], [2, 4], [0, 2]]","[true, true, true, true, true]",0,4.0,0,1,1,"[[2, 2], [2, 2], [2, 2], [2, 2], [2, 2]]","[[1, 2], [1, 2], [1, 2], [1, 2], [1, 2]]","[[3, 4], [3, 4], [3, 4], [3, 4], [3, 4]]","[[2, 2], [2, 2], [2, 2], [2, 2], [2, 2]]","[[0.4, 0.4], [0.4, 0.4], [0.4, 0.4], [0.4, 0.4], [0.4, 0.4]]","[[1.0, 1.0], [1.0, 1.0], [1.0, 1.0], [1.0, 1.0], [1.0, 1.0]]","[[0.2, 0.2], [0.2, 0.2], [0.2, 0.2], [0.2, 0.2], [0.2, 0.2]]",0.5,0.9987098805038239,0.2139399169999976
s_curve--demand_conflict,s_curve,demand_conflict,balanced_static,static,1931,1,dual_anchor_dynamic,12.23523505015358,7.382042132733746,7.833945735744146,0.6968719108041845,0.6033428947195489,1.0,1.0,2.42991735007744,1.855195743361894,0.763481006176103,0.6968719108041845,1,"[[3, 4], [3, 4], [2, 4], [2, 4]]","[true, true, true, false, false]",2,1.0,0,1,1,"[[2, 10], [2, 10], [2, 10], [2, 10], [2, 10]]","[[1, 10], [1, 10], [1, 10], [1, 10], [1, 10]]","[[3, 12], [3, 12], [3, 12], [3, 12], [3, 12]]","[[2, 2], [2, 2], [2, 2], [2, 2], [2, 2]]","[[0.0, 0.0], [0.0, 0.0], [0.0, 0.0], [0.0, 0.0], [0.0, 0.0]]","[[NaN, NaN], [NaN, NaN], [NaN, NaN], [NaN, NaN], [NaN, NaN]]","[[0.0, 0.0], [0.0, 0.0], [0.0, 0.0], [0.0, 0.0], [0.0, 0.0]]",0.5,0.9140546640796199,0.3341042500000029
s_curve--demand_conflict,s_curve,demand_conflict,balanced_static,static,1931,1,fixed_delay_2,12.23523505015358,7.401294235165128,7.67941782301315,0.687496336580008,0.6049163914568381,1.0,1.0,2.42991735007744,1.7981303331046925,0.7399964994889177,0.687496336580008,1,"[[3, 4], [3, 4], [2, 4], [2, 4]]","[true, true, true, false, false]",2,1.0,0,1,1,"[[2, 10], [2, 10], [2, 10], [2, 10], [2, 10]]","[[1, 10], [1, 10], [1, 10], [1, 10], [1, 10]]","[[3, 12], [3, 12], [3, 12], [3, 12], [3, 12]]","[[2, 2], [2, 2], [2, 2], [2, 2], [2, 2]]","[[2.0, 2.0], [2.0, 2.0], [2.0, 2.0], [2.0, 2.0], [2.0, 2.0]]","[[NaN, NaN], [NaN, NaN], [NaN, NaN], [NaN, NaN], [NaN, NaN]]","[[1.0, 1.0], [1.0, 1.0], [1.0, 1.0], [1.0, 1.0], [1.0, 1.0]]",0.5,0.9308895326575297,0.3577589169999982
s_curve--demand_conflict,s_curve,demand_conflict,balanced_static,static,1931,1,delay_aware_dual_anchor,12.23523505015358,6.115713993968403,6.115713993968403,0.6252569187729242,0.49984442218718445,1.0,0.6666666666666666,2.42991735007744,1.5648525820788046,0.6439941597309611,0.6252569187729242,2,"[[3, 4], [3, 4], [2, 4], [3, 4]]","[true, true, true, true, true]",0,4.0,0,1,1,"[[2, 10], [2, 10], [2, 10], [2, 10], [2, 10]]","[[1, 10], [1, 10], [1, 10], [1, 10], [1, 10]]","[[3, 12], [3, 12], [3, 12], [3, 12], [3, 12]]","[[2, 2], [2, 2], [2, 2], [2, 2], [2, 2]]","[[0.25, 2.5], [0.25, 2.5], [0.25, 2.5], [0.25, 2.5], [0.25, 2.5]]","[[NaN, NaN], [NaN, NaN], [NaN, NaN], [NaN, NaN], [NaN, NaN]]","[[0.25, 0.25], [0.25, 0.25], [0.25, 0.25], [0.25, 0.25], [0.25, 0.25]]",0.5,0.9132145477345293,0.3341253329999958
s_curve--demand_conflict,s_curve,demand_conflict,balanced_static,static,1931,1,adaptive_rolling_delay,12.23523505015358,5.7010077882296555,5.7010077882296555,0.5999211244421461,0.4659500013576032,1.0,0.6666666666666666,2.42991735007744,1.4748238329045353,0.6069440315974259,0.5999211244421461,2,"[[3, 4], [3, 4], [2, 4], [3, 4]]","[true, true, true, true, true]",0,4.0,0,1,1,"[[2, 10], [2, 10], [2, 10], [2, 10], [2, 10]]","[[1, 10], [1, 10], [1, 10], [1, 10], [1, 10]]","[[3, 12], [3, 12], [3, 12], [3, 12], [3, 12]]","[[2, 2], [2, 2], [2, 2], [2, 2], [2, 2]]","[[0.17445045918346924, 3.5], [0.17419506643433508, 3.5], [0.17414091179370328, 3.5], [0.17412955681177925, 3.5], [0.17412117677431724, 3.5]]","[[0.97801836733877, 0.978269036662568], [0.9678026573734034, 0.9799801115014601], [0.965636471748132, 0.9805632550212269], [0.9651822724711707, 0.9812711102312683], [0.9648470709726904, 0.981310390205994]]","[[0.17445045918346924, 0.37500187843239063], [0.17419506643433508, 0.37539542564533585], [0.17414091179370328, 0.3755295486548822], [0.17412955681177925, 0.37569235535319173], [0.17412117677431724, 0.37570138974737866]]",0.5,0.909528799836091,0.31690724999999986
s_curve--demand_conflict,s_curve,demand_conflict,balanced_static,static,1931,1,oracle_adaptive_delay,12.23523505015358,5.826364909385034,5.826364909385034,0.603958560221607,0.47619558476009005,1.0,0.6666666666666666,2.42991735007744,1.4885891981131325,0.6126089836206536,0.603958560221607,2,"[[3, 4], [3, 4], [2, 4], [3, 4]]","[true, true, true, true, true]",0,4.0,0,1,1,"[[2, 10], [2, 10], [2, 10], [2, 10], [2, 10]]","[[1, 10], [1, 10], [1, 10], [1, 10], [1, 10]]","[[3, 12], [3, 12], [3, 12], [3, 12], [3, 12]]","[[2, 2], [2, 2], [2, 2], [2, 2], [2, 2]]","[[0.4, 3.5], [0.4, 3.5], [0.4, 3.5], [0.4, 3.5], [0.4, 3.5]]","[[1.0, 1.0], [1.0, 1.0], [1.0, 1.0], [1.0, 1.0], [1.0, 1.0]]","[[0.2, 0.38], [0.2, 0.38], [0.2, 0.38], [0.2, 0.38], [0.2, 0.38]]",0.5,0.9110952603165581,0.3078837920000055
s_curve--demand_conflict,s_curve,demand_conflict,balanced_static,static,1951,2,dual_anchor_dynamic,8.738346786664707,1.0932520913536072,1.0932520913536072,0.33812244543616965,0.12510971675122598,1.0,0.16666666666666666,1.7916307606628572,0.18607954687529699,0.1038604331656219,0.33812244543616965,3,"[[3, 4], [2, 3], [1, 3], [0, 1]]","[true, true, true, true, true]",0,4.0,0,1,1,"[[10, 2], [10, 2], [10, 2], [10, 2], [10, 2]]","[[9, 2], [9, 2], [9, 2], [9, 2], [10, 2]]","[[11, 4], [11, 4], [11, 4], [11, 4], [12, 4]]","[[2, 2], [2, 2], [2, 2], [2, 2], [2, 2]]","[[0.0, 0.0], [0.0, 0.0], [0.0, 0.0], [0.0, 0.0], [0.0, 0.0]]","[[NaN, NaN], [NaN, NaN], [NaN, NaN], [NaN, NaN], [NaN, NaN]]","[[0.0, 0.0], [0.0, 0.0], [0.0, 0.0], [0.0, 0.0], [0.0, 0.0]]",0.0,0.9629691882311167,0.2677841249999986
s_curve--demand_conflict,s_curve,demand_conflict,balanced_static,static,1951,2,fixed_delay_2,8.738346786664707,0.7939368657900201,0.7939368657900201,0.32463894147385025,0.09085664430274387,1.0,0.16666666666666666,1.7916307606628572,0.156944903739868,0.08759891110699754,0.32463894147385025,3,"[[3, 4], [2, 3], [1, 2], [0, 1]]","[true, true, true, true, true]",0,4.0,0,1,1,"[[10, 2], [10, 2], [10, 2], [10, 2], [10, 2]]","[[9, 2], [9, 2], [9, 2], [9, 2], [9, 2]]","[[11, 4], [11, 4], [11, 4], [11, 4], [11, 4]]","[[2, 2], [2, 2], [2, 2], [2, 2], [2, 2]]","[[2.0, 2.0], [2.0, 2.0], [2.0, 2.0], [2.0, 2.0], [2.0, 2.0]]","[[NaN, NaN], [NaN, NaN], [NaN, NaN], [NaN, NaN], [NaN, NaN]]","[[1.0, 1.0], [1.0, 1.0], [1.0, 1.0], [1.0, 1.0], [1.0, 1.0]]",0.5,0.9605663647413389,0.26022104200000484
s_curve--demand_conflict,s_curve,demand_conflict,balanced_static,static,1951,2,delay_aware_dual_anchor,8.738346786664707,0.8020403702156227,0.8020403702156227,0.31501950415394453,0.0917839941348619,1.0,0.16666666666666666,1.7916307606628572,0.15743621209497488,0.08787313521940622,0.31501950415394453,3,"[[3, 4], [2, 3], [1, 2], [0, 1]]","[true, true, true, true, true]",0,4.0,0,1,1,"[[10, 2], [10, 2], [10, 2], [10, 2], [10, 2]]","[[9, 2], [9, 2], [9, 2], [9, 2], [9, 2]]","[[11, 4], [11, 4], [11, 4], [11, 4], [11, 4]]","[[2, 2], [2, 2], [2, 2], [2, 2], [2, 2]]","[[2.25, 0.5], [2.25, 0.5], [2.25, 0.5], [2.25, 0.5], [2.25, 0.5]]","[[NaN, NaN], [NaN, NaN], [NaN, NaN], [NaN, NaN], [NaN, NaN]]","[[0.25, 0.25], [0.25, 0.25], [0.25, 0.25], [0.25, 0.25], [0.25, 0.25]]",0.5,0.9607312734082285,0.2564562499999994
s_curve--demand_conflict,s_curve,demand_conflict,balanced_static,static,1951,2,adaptive_rolling_delay,8.738346786664707,0.7316582484987357,0.7316582484987357,0.3050665070058435,0.08372959626817449,1.0,0.0,1.7916307606628572,0.18393865190750341,0.10266549109675414,0.3050665070058435,3,"[[3, 4], [2, 3], [1, 2], [1, 4]]","[true, true, true, true, true]",0,4.0,0,1,1,"[[10, 2], [10, 2], [10, 2], [10, 2], [10, 2]]","[[9, 2], [9, 2], [9, 2], [9, 2], [9, 2]]","[[11, 4], [11, 4], [11, 4], [11, 4], [11, 4]]","[[2, 2], [2, 2], [2, 2], [2, 2], [2, 2]]","[[3.2805894042213595, 0.3964992012406851], [3.2914967873356313, 0.39607073330237164], [3.280377764644709, 0.39579523833255886], [3.271893711270107, 0.39575027714208677], [3.270598949859465, 0.3957645038585861]]","[[0.9533774835661035, 0.9649920124068507], [0.9587638455978427, 0.960707333023716], [0.9532729701949179, 0.9579523833255883], [0.9490833142074602, 0.9575027714208674], [0.9484439258565259, 0.9576450385858605]]","[[0.3645099338023733, 0.19824960062034255], [0.3657218652595146, 0.19803536665118582], [0.36448641829385653, 0.19789761916627943], [0.3635437456966786, 0.19787513857104339], [0.36339988331771833, 0.19788225192929304]]",0.5,0.9590577271681946,0.2656542920000007
s_curve--demand_conflict,s_curve,demand_conflict,balanced_static,static,1951,2,oracle_adaptive_delay,8.738346786664707,0.7304009695415099,0.7304009695415099,0.3035284710604688,0.08358571562485366,1.0,0.0,1.7916307606628572,0.19390676649250427,0.10822920143476648,0.3035284710604688,3,"[[3, 4], [2, 3], [1, 2], [1, 4]]","[true, true, true, true, true]",0,4.0,0,1,1,"[[10, 2], [10, 2], [10, 2], [10, 2], [10, 2]]","[[9, 2], [9, 2], [9, 2], [9, 2], [9, 2]]","[[11, 4], [11, 4], [11, 4], [11, 4], [11, 4]]","[[2, 2], [2, 2], [2, 2], [2, 2], [2, 2]]","[[3.5, 0.4], [3.5, 0.4], [3.5, 0.4], [3.5, 0.4], [3.5, 0.4]]","[[1.0, 1.0], [1.0, 1.0], [1.0, 1.0], [1.0, 1.0], [1.0, 1.0]]","[[0.38, 0.2], [0.38, 0.2], [0.38, 0.2], [0.38, 0.2], [0.38, 0.2]]",0.5,0.9585888447796215,0.2696081659999976
s_curve--demand_conflict,s_curve,demand_conflict,balanced_static,static,1973,3,dual_anchor_dynamic,11.038551356241507,8.733965714536765,9.08442259992068,0.8761396770965697,0.7912239054446519,0.6666666666666666,0.8333333333333334,2.444026188458158,2.1069589104137108,0.8620852429338779,0.8761396770965697,2,"[[2, 4], [2, 4], [3, 4], [2, 4]]","[true, true, true, true, false]",1,2.0,0,1,1,"[[10, 10], [10, 10], [10, 10], [10, 10], [10, 10]]","[[9, 11], [9, 11], [9, 11], [9, 11], [9, 11]]","[[11, 13], [11, 13], [11, 13], [11, 13], [11, 13]]","[[2, 2], [2, 2], [2, 2], [2, 2], [2, 2]]","[[0.0, 0.0], [0.0, 0.0], [0.0, 0.0], [0.0, 0.0], [0.0, 0.0]]","[[NaN, NaN], [NaN, NaN], [NaN, NaN], [NaN, NaN], [NaN, NaN]]","[[0.0, 0.0], [0.0, 0.0], [0.0, 0.0], [0.0, 0.0], [0.0, 0.0]]",1.0,0.9959129647550538,0.3882950830000027
s_curve--demand_conflict,s_curve,demand_conflict,balanced_static,static,1973,3,fixed_delay_2,11.038551356241507,8.454040142611946,8.454040142611946,0.8436751186856385,0.7658650007395938,0.6666666666666666,0.6666666666666666,2.444026188458158,1.992556777768601,0.8152763612674824,0.8436751186856385,0,"[[2, 4], [2, 4], [2, 4], [2, 4]]","[true, true, true, true, true]",0,4.0,0,1,1,"[[10, 10], [10, 10], [10, 10], [10, 10], [10, 10]]","[[9, 11], [9, 11], [9, 11], [9, 11], [9, 11]]","[[11, 13], [11, 13], [11, 13], [11, 13], [11, 13]]","[[2, 2], [2, 2], [2, 2], [2, 2], [2, 2]]","[[2.0, 2.0], [2.0, 2.0], [2.0, 2.0], [2.0, 2.0], [2.0, 2.0]]","[[NaN, NaN], [NaN, NaN], [NaN, NaN], [NaN, NaN], [NaN, NaN]]","[[1.0, 1.0], [1.0, 1.0], [1.0, 1.0], [1.0, 1.0], [1.0, 1.0]]",1.0,0.9964377969232068,0.36781683399999565
s_curve--demand_conflict,s_curve,demand_conflict,balanced_static,static,1973,3,delay_aware_dual_anchor,11.038551356241507,8.040215642952685,8.040215642952685,0.8115596197285825,0.7283759782850964,0.6666666666666666,0.6666666666666666,2.444026188458158,1.8928693677473358,0.7744881690246839,0.8115596197285825,0,"[[2, 4], [2, 4], [2, 4], [2, 4]]","[true, true, true, true, true]",0,4.0,0,1,1,"[[10, 10], [10, 10], [10, 10], [10, 10], [10, 10]]","[[9, 11], [9, 11], [9, 11], [9, 11], [9, 11]]","[[11, 13], [11, 13], [11, 13], [11, 13], [11, 13]]","[[2, 2], [2, 2], [2, 2], [2, 2], [2, 2]]","[[2.25, 2.75], [2.25, 2.75], [2.25, 2.75], [2.25, 2.75], [2.25, 2.75]]","[[NaN, NaN], [NaN, NaN], [NaN, NaN], [NaN, NaN], [NaN, NaN]]","[[0.25, 0.25], [0.25, 0.25], [0.25, 0.25], [0.25, 0.25], [0.25, 0.25]]",1.0,0.9963526748452078,0.3776491249999978
s_curve--demand_conflict,s_curve,demand_conflict,balanced_static,static,1973,3,adaptive_rolling_delay,11.038551356241507,7.872904601049903,7.872904601049903,0.8081163308361332,0.7132190037416768,0.6666666666666666,0.6666666666666666,2.444026188458158,1.8619431041718209,0.7618343506157146,0.8081163308361332,1,"[[2, 4], [2, 4], [2, 4], [3, 4]]","[true, true, true, true, true]",0,4.0,0,1,1,"[[10, 10], [10, 10], [10, 10], [10, 10], [10, 10]]","[[9, 11], [9, 11], [9, 11], [9, 11], [9, 11]]","[[11, 13], [11, 13], [11, 13], [11, 13], [11, 13]]","[[2, 2], [2, 2], [2, 2], [2, 2], [2, 2]]","[[3.3463424032513878, 3.5], [3.348699782396517, 3.5], [3.345958500609102, 3.5], [3.3387318437715914, 3.5], [3.330210844048817, 3.5]]","[[0.9858481003710557, 0.9438439072947886], [0.9870122382205022, 0.9402721772699125], [0.9856585188193097, 0.9387274039753197], [0.9820897993933787, 0.9378419450377063], [0.9778818982957123, 0.9363962235228058]]","[[0.37181582258348755, 0.3670840986778014], [0.37207775359961304, 0.3662626007720799], [0.3717731667343447, 0.36590730291432355], [0.3709702048635102, 0.36570364735867245], [0.37002342711653524, 0.36537113141024535]]",1.0,0.9964437005068417,0.37958345799999904
s_curve--demand_conflict,s_curve,demand_conflict,balanced_static,static,1973,3,oracle_adaptive_delay,11.038551356241507,7.885124143023249,7.885124143023249,0.8109669115865801,0.7143259915681579,0.6666666666666666,0.6666666666666666,2.444026188458158,1.8674427595040175,0.7640845946426275,0.8109669115865801,1,"[[2, 4], [2, 4], [2, 4], [3, 4]]","[true, true, true, true, true]",0,4.0,0,1,1,"[[10, 10], [10, 10], [10, 10], [10, 10], [10, 10]]","[[9, 11], [9, 11], [9, 11], [9, 11], [9, 11]]","[[11, 13], [11, 13], [11, 13], [11, 13], [11, 13]]","[[2, 2], [2, 2], [2, 2], [2, 2], [2, 2]]","[[3.5, 3.5], [3.5, 3.5], [3.5, 3.5], [3.5, 3.5], [3.5, 3.5]]","[[1.0, 1.0], [1.0, 1.0], [1.0, 1.0], [1.0, 1.0], [1.0, 1.0]]","[[0.38, 0.38], [0.38, 0.38], [0.38, 0.38], [0.38, 0.38], [0.38, 0.38]]",1.0,0.9964718420538672,0.39768779199999926
harmonic_loop--demand_conflict,harmonic_loop,demand_conflict,balanced_slow_drift,slow_drift,1901,0,dual_anchor_dynamic,1.467506360911999,1.467506360911999,12.594106336629572,4.0025458944723376,1.0,0.5,0.5,0.39857238405926587,0.39857238405926587,1.0,4.0025458944723376,0,"[[2, 3], [2, 3], [2, 3], [2, 3]]","[true, false, false, false, false]",4,0.25,0,1,1,"[[2, 2], [4, 4], [6, 6], [8, 8], [10, 10]]","[[1, 2], [3, 4], [5, 6], [7, 8], [9, 9]]","[[3, 4], [5, 6], [7, 8], [9, 10], [11, 11]]","[[2, 2], [2, 2], [2, 2], [2, 2], [2, 2]]","[[0.0, 0.0], [0.0, 0.0], [0.0, 0.0], [0.0, 0.0], [0.0, 0.0]]","[[NaN, NaN], [NaN, NaN], [NaN, NaN], [NaN, NaN], [NaN, NaN]]","[[0.0, 0.0], [0.0, 0.0], [0.0, 0.0], [0.0, 0.0], [0.0, 0.0]]",1.0,0.9992154845070498,0.27156624999999934
harmonic_loop--demand_conflict,harmonic_loop,demand_conflict,balanced_slow_drift,slow_drift,1901,0,fixed_delay_2,1.467506360911999,1.467506360911999,12.813087932229166,4.084943754410814,1.0,0.5,0.5,0.39857238405926587,0.39857238405926587,1.0,4.084943754410814,0,"[[2, 3], [2, 3], [2, 3], [2, 3]]","[true, false, false, false, false]",4,0.25,0,1,1,"[[2, 2], [4, 4], [6, 6], [8, 8], [10, 10]]","[[1, 2], [3, 4], [5, 6], [7, 8], [9, 9]]","[[3, 4], [5, 6], [7, 8], [9, 10], [11, 11]]","[[2, 2], [2, 2], [2, 2], [2, 2], [2, 2]]","[[2.0, 2.0], [2.0, 2.0], [2.0, 2.0], [2.0, 2.0], [2.0, 2.0]]","[[NaN, NaN], [NaN, NaN], [NaN, NaN], [NaN, NaN], [NaN, NaN]]","[[1.0, 1.0], [1.0, 1.0], [1.0, 1.0], [1.0, 1.0], [1.0, 1.0]]",1.0,0.9992219950412945,0.262563875000005
harmonic_loop--demand_conflict,harmonic_loop,demand_conflict,balanced_slow_drift,slow_drift,1901,0,delay_aware_dual_anchor,1.467506360911999,1.467506360911999,12.710695176678229,4.026965880252148,1.0,0.5,0.5,0.39857238405926587,0.39857238405926587,1.0,4.026965880252148,0,"[[2, 3], [2, 3], [2, 3], [2, 3]]","[true, false, false, false, false]",4,0.25,0,1,1,"[[2, 2], [4, 4], [6, 6], [8, 8], [10, 10]]","[[1, 2], [3, 4], [5, 6], [7, 8], [9, 9]]","[[3, 4], [5, 6], [7, 8], [9, 10], [11, 11]]","[[2, 2], [2, 2], [2, 2], [2, 2], [2, 2]]","[[0.25, 0.5], [0.5, 0.75], [0.75, 1.0], [1.0, 1.25], [1.25, 1.5]]","[[NaN, NaN], [NaN, NaN], [NaN, NaN], [NaN, NaN], [NaN, NaN]]","[[0.25, 0.25], [0.25, 0.25], [0.25, 0.25], [0.25, 0.25], [0.25, 0.25]]",1.0,0.9992168640807179,0.26287370800000076
harmonic_loop--demand_conflict,harmonic_loop,demand_conflict,balanced_slow_drift,slow_drift,1901,0,adaptive_rolling_delay,1.467506360911999,1.467506360911999,12.829408068753843,4.047586154749237,1.0,0.5,0.5,0.39857238405926587,0.39857238405926587,1.0,4.047586154749237,0,"[[2, 3], [2, 3], [2, 3], [2, 3]]","[true, false, false, false, false]",4,0.25,0,1,1,"[[2, 2], [4, 4], [6, 6], [8, 8], [10, 10]]","[[1, 2], [3, 4], [5, 6], [7, 8], [9, 9]]","[[3, 4], [5, 6], [7, 8], [9, 10], [11, 11]]","[[2, 2], [2, 2], [2, 2], [2, 2], [2, 2]]","[[0.17497310609540334, 0.36841370820237584], [0.6450348482919777, 0.8230328316163674], [1.334686581134039, 1.3711095693356852], [2.2242247064771927, 1.9613417594912899], [3.3136674488403752, 2.3797365072488152]]","[[0.9989242438161345, 0.6841370820237586], [0.9989766862876471, 0.6259903527057659], [0.9990613596568744, 0.5585861181679808], [0.9991385897728989, 0.4975752344119788], [0.9992008326425323, 0.472465268076]]","[[0.17497310609540334, 0.18420685410118792], [0.2224258097558544, 0.21103405938881217], [0.2723850165579671, 0.23239145242977716], [0.3223514067358251, 0.24827110879636582], [0.3723221852629635, 0.25866701165747996]]",1.0,0.9992171858009757,0.26293258400000497
harmonic_loop--demand_conflict,harmonic_loop,demand_conflict,balanced_slow_drift,slow_drift,1901,0,oracle_adaptive_delay,1.467506360911999,1.467506360911999,12.877760224610945,4.0631130264493045,1.0,0.5,0.5,0.39857238405926587,0.39857238405926587,1.0,4.0631130264493045,0,"[[2, 3], [2, 3], [2, 3], [2, 3]]","[true, false, false, false, false]",4,0.25,0,1,1,"[[2, 2], [4, 4], [6, 6], [8, 8], [10, 10]]","[[1, 2], [3, 4], [5, 6], [7, 8], [9, 9]]","[[3, 4], [5, 6], [7, 8], [9, 10], [11, 11]]","[[2, 2], [2, 2], [2, 2], [2, 2], [2, 2]]","[[0.4, 0.4], [1.0, 1.0], [1.8000000000000003, 1.8000000000000003], [2.8, 2.8], [3.5, 3.5]]","[[1.0, 1.0], [1.0, 1.0], [1.0, 1.0], [1.0, 1.0], [1.0, 1.0]]","[[0.2, 0.2], [0.25, 0.25], [0.30000000000000004, 0.30000000000000004], [0.35, 0.35], [0.38, 0.38]]",1.0,0.9992180460700785,0.2618398749999997
harmonic_loop--demand_conflict,harmonic_loop,demand_conflict,balanced_slow_drift,slow_drift,1931,1,dual_anchor_dynamic,14.07576391272088,3.4521291861664545,3.498199341359318,0.41895388517188786,0.24525341626727734,1.0,0.8333333333333334,3.9082656211757825,1.1033584079393308,0.28231407864427366,0.41895388517188786,3,"[[2, 3], [1, 3], [3, 5], [2, 3]]","[true, true, true, true, false]",1,2.0,0,1,1,"[[10, 10], [8, 8], [6, 6], [4, 4], [2, 2]]","[[9, 10], [7, 8], [5, 6], [3, 4], [1, 2]]","[[11, 12], [9, 10], [7, 8], [5, 6], [3, 4]]","[[2, 2], [2, 2], [2, 2], [2, 2], [2, 2]]","[[0.0, 0.0], [0.0, 0.0], [0.0, 0.0], [0.0, 0.0], [0.0, 0.0]]","[[NaN, NaN], [NaN, NaN], [NaN, NaN], [NaN, NaN], [NaN, NaN]]","[[0.0, 0.0], [0.0, 0.0], [0.0, 0.0], [0.0, 0.0], [0.0, 0.0]]",0.5,0.9992763686619965,0.3473156670000037
harmonic_loop--demand_conflict,harmonic_loop,demand_conflict,balanced_slow_drift,slow_drift,1931,1,fixed_delay_2,14.07576391272088,3.0352426584371086,5.432489356708796,0.4176364527416204,0.2156360874804122,1.0,0.8333333333333334,3.9082656211757825,1.0572116488364727,0.2705066009608671,0.4176364527416204,2,"[[2, 3], [1, 3], [3, 4], [3, 4]]","[true, true, true, false, false]",2,1.0,0,1,1,"[[10, 10], [8, 8], [6, 6], [4, 4], [2, 2]]","[[9, 10], [7, 8], [5, 6], [3, 4], [1, 2]]","[[11, 12], [9, 10], [7, 8], [5, 6], [3, 4]]","[[2, 2], [2, 2], [2, 2], [2, 2], [2, 2]]","[[2.0, 2.0], [2.0, 2.0], [2.0, 2.0], [2.0, 2.0], [2.0, 2.0]]","[[NaN, NaN], [NaN, NaN], [NaN, NaN], [NaN, NaN], [NaN, NaN]]","[[1.0, 1.0], [1.0, 1.0], [1.0, 1.0], [1.0, 1.0], [1.0, 1.0]]",0.5,0.9992908726977697,0.3889445419999973
harmonic_loop--demand_conflict,harmonic_loop,demand_conflict,balanced_slow_drift,slow_drift,1931,1,delay_aware_dual_anchor,14.07576391272088,2.9900096842061754,5.3377297523528515,0.41337946537880577,0.21242255146834152,1.0,0.8333333333333334,3.9082656211757825,1.023424595467566,0.26186157612277994,0.41337946537880577,2,"[[2, 3], [1, 3], [3, 4], [3, 4]]","[true, true, true, false, false]",2,1.0,0,1,1,"[[10, 10], [8, 8], [6, 6], [4, 4], [2, 2]]","[[9, 10], [7, 8], [5, 6], [3, 4], [1, 2]]","[[11, 12], [9, 10], [7, 8], [5, 6], [3, 4]]","[[2, 2], [2, 2], [2, 2], [2, 2], [2, 2]]","[[2.25, 2.5], [2.0, 2.25], [1.75, 2.0], [1.5, 1.75], [1.25, 1.5]]","[[NaN, NaN], [NaN, NaN], [NaN, NaN], [NaN, NaN], [NaN, NaN]]","[[0.25, 0.25], [0.25, 0.25], [0.25, 0.25], [0.25, 0.25], [0.25, 0.25]]",0.5,0.9992939371805232,0.39143237500000083
harmonic_loop--demand_conflict,harmonic_loop,demand_conflict,balanced_slow_drift,slow_drift,1931,1,adaptive_rolling_delay,14.07576391272088,2.9133834416266184,5.631375949830344,0.4108277920940526,0.2069787089135295,1.0,0.8333333333333334,3.9082656211757825,0.9565084903970338,0.24473988799903343,0.4108277920940526,2,"[[2, 3], [1, 3], [3, 4], [3, 4]]","[true, true, true, false, false]",2,1.0,0,1,1,"[[10, 10], [8, 8], [6, 6], [4, 4], [2, 2]]","[[9, 10], [7, 8], [5, 6], [3, 4], [1, 2]]","[[11, 12], [9, 10], [7, 8], [5, 6], [3, 4]]","[[2, 2], [2, 2], [2, 2], [2, 2], [2, 2]]","[[3.3708276533676225, 3.5], [2.3222790813289973, 2.826472585366992], [1.4136322733872326, 1.829692520036995], [0.7045840669615884, 1.0287052055628765], [0.19515871960093747, 0.4235932909460734]]","[[0.9979395819099369, 0.9812551631563938], [0.9976425957778197, 0.9824554704264544], [0.9975121466931687, 0.9832760226143457], [0.997228166333355, 0.9844264260865594], [0.9969824661466948, 0.9849731605086033]]","[[0.3745364059297358, 0.3756886875259706], [0.327081560750563, 0.3489472327613571], [0.277182798703379, 0.2999495934486877], [0.227285182890835, 0.25090370867387235], [0.1774170178190341, 0.20171109092670164]]",0.5,0.9992984558319384,0.4038022080000019
harmonic_loop--demand_conflict,harmonic_loop,demand_conflict,balanced_slow_drift,slow_drift,1931,1,oracle_adaptive_delay,14.07576391272088,2.914862069200016,5.6026606223651445,0.409621087860998,0.20708375668092358,1.0,0.8333333333333334,3.9082656211757825,0.9470836866859222,0.24232838258342246,0.409621087860998,2,"[[2, 3], [1, 3], [3, 4], [3, 4]]","[true, true, true, false, false]",2,1.0,0,1,1,"[[10, 10], [8, 8], [6, 6], [4, 4], [2, 2]]","[[9, 10], [7, 8], [5, 6], [3, 4], [1, 2]]","[[11, 12], [9, 10], [7, 8], [5, 6], [3, 4]]","[[2, 2], [2, 2], [2, 2], [2, 2], [2, 2]]","[[3.5, 3.5], [2.8, 2.8], [1.8000000000000003, 1.8000000000000003], [1.0, 1.0], [0.4, 0.4]]","[[1.0, 1.0], [1.0, 1.0], [1.0, 1.0], [1.0, 1.0], [1.0, 1.0]]","[[0.38, 0.38], [0.35, 0.35], [0.30000000000000004, 0.30000000000000004], [0.25, 0.25], [0.2, 0.2]]",0.5,0.9992976108323537,0.4076307919999991
harmonic_loop--demand_conflict,harmonic_loop,demand_conflict,balanced_slow_drift,slow_drift,1951,2,dual_anchor_dynamic,12.115858136228887,4.701808398539239,8.020056519903598,0.5254346795844159,0.38807060512534997,1.0,0.8333333333333334,3.0357746997313733,1.3062278798780114,0.43027826801297064,0.5254346795844159,2,"[[2, 3], [1, 3], [2, 4], [2, 4]]","[true, true, true, false, false]",2,1.0,0,1,1,"[[2, 10], [4, 8], [6, 6], [8, 4], [10, 2]]","[[1, 10], [3, 8], [5, 6], [7, 4], [9, 2]]","[[3, 12], [5, 10], [7, 8], [9, 6], [11, 4]]","[[2, 2], [2, 2], [2, 2], [2, 2], [2, 2]]","[[0.0, 0.0], [0.0, 0.0], [0.0, 0.0], [0.0, 0.0], [0.0, 0.0]]","[[NaN, NaN], [NaN, NaN], [NaN, NaN], [NaN, NaN], [NaN, NaN]]","[[0.0, 0.0], [0.0, 0.0], [0.0, 0.0], [0.0, 0.0], [0.0, 0.0]]",0.5,0.9911269241186562,0.30947045799999984
harmonic_loop--demand_conflict,harmonic_loop,demand_conflict,balanced_slow_drift,slow_drift,1951,2,fixed_delay_2,12.115858136228887,5.091879595184462,9.528679747768548,0.5579752119804539,0.4202656995428746,1.0,0.8333333333333334,3.0357746997313733,1.254575008823554,0.41326354321833164,0.5579752119804539,2,"[[2, 3], [1, 3], [2, 4], [2, 4]]","[true, true, true, false, false]",2,1.0,0,1,1,"[[2, 10], [4, 8], [6, 6], [8, 4], [10, 2]]","[[1, 10], [3, 8], [5, 6], [7, 4], [9, 2]]","[[3, 12], [5, 10], [7, 8], [9, 6], [11, 4]]","[[2, 2], [2, 2], [2, 2], [2, 2], [2, 2]]","[[2.0, 2.0], [2.0, 2.0], [2.0, 2.0], [2.0, 2.0], [2.0, 2.0]]","[[NaN, NaN], [NaN, NaN], [NaN, NaN], [NaN, NaN], [NaN, NaN]]","[[1.0, 1.0], [1.0, 1.0], [1.0, 1.0], [1.0, 1.0], [1.0, 1.0]]",0.5,0.9913351325872586,0.3160917919999946
harmonic_loop--demand_conflict,harmonic_loop,demand_conflict,balanced_slow_drift,slow_drift,1951,2,delay_aware_dual_anchor,12.115858136228887,4.781201058147171,9.12057110724806,0.5413971910129237,0.39462339393446716,1.0,0.8333333333333334,3.0357746997313733,1.1820551492237685,0.3893751236968821,0.5413971910129237,2,"[[2, 3], [1, 3], [2, 4], [2, 4]]","[true, true, true, false, false]",2,1.0,0,1,1,"[[2, 10], [4, 8], [6, 6], [8, 4], [10, 2]]","[[1, 10], [3, 8], [5, 6], [7, 4], [9, 2]]","[[3, 12], [5, 10], [7, 8], [9, 6], [11, 4]]","[[2, 2], [2, 2], [2, 2], [2, 2], [2, 2]]","[[0.25, 2.5], [0.5, 2.25], [0.75, 2.0], [1.0, 1.75], [1.25, 1.5]]","[[NaN, NaN], [NaN, NaN], [NaN, NaN], [NaN, NaN], [NaN, NaN]]","[[0.25, 0.25], [0.25, 0.25], [0.25, 0.25], [0.25, 0.25], [0.25, 0.25]]",0.5,0.9911730465808739,0.3118461669999988
harmonic_loop--demand_conflict,harmonic_loop,demand_conflict,balanced_slow_drift,slow_drift,1951,2,adaptive_rolling_delay,12.115858136228887,4.7179660790163345,8.973352695065355,0.535319898811988,0.3894042028198278,1.0,0.6666666666666666,3.0357746997313733,1.1749973738007522,0.3870502557072909,0.535319898811988,2,"[[2, 3], [1, 3], [2, 4], [2, 4]]","[true, true, true, false, false]",2,1.0,0,1,1,"[[2, 10], [4, 8], [6, 6], [8, 4], [10, 2]]","[[1, 10], [3, 8], [5, 6], [7, 4], [9, 2]]","[[3, 12], [5, 10], [7, 8], [9, 6], [11, 4]]","[[2, 2], [2, 2], [2, 2], [2, 2], [2, 2]]","[[0.16746192702122256, 3.5], [0.5771860991980746, 2.8012428955269097], [1.1426479912230185, 1.813420483391803], [1.8602838768908236, 1.0208411087392315], [2.7649101941534413, 0.42164134021398947]]","[[0.6984770808489027, 0.9169397869122992], [0.676271577636503, 0.9670738579648892], [0.6791303477268112, 0.9657839111978535], [0.6933701969257078, 0.965713524662062], [0.7220856932980385, 0.9672683919636239]]","[[0.16746192702122256, 0.3608961509898288], [0.19902968937864646, 0.3458324562378901], [0.2331934675965344, 0.29728204645767264], [0.2696063589696846, 0.24898563627786136], [0.31066406675881364, 0.20078159057809025]]",0.5,0.99118142161766,0.2975636669999986
harmonic_loop--demand_conflict,harmonic_loop,demand_conflict,balanced_slow_drift,slow_drift,1951,2,oracle_adaptive_delay,12.115858136228887,4.771754486682978,9.047807711407494,0.5378681751691241,0.39384370739819563,1.0,0.6666666666666666,3.0357746997313733,1.195940044415882,0.39394888050213583,0.5378681751691241,2,"[[2, 3], [1, 3], [2, 4], [2, 4]]","[true, true, true, false, false]",2,1.0,0,1,1,"[[2, 10], [4, 8], [6, 6], [8, 4], [10, 2]]","[[1, 10], [3, 8], [5, 6], [7, 4], [9, 2]]","[[3, 12], [5, 10], [7, 8], [9, 6], [11, 4]]","[[2, 2], [2, 2], [2, 2], [2, 2], [2, 2]]","[[0.4, 3.5], [1.0, 2.8], [1.8000000000000003, 1.8000000000000003], [2.8, 1.0], [3.5, 0.4]]","[[1.0, 1.0], [1.0, 1.0], [1.0, 1.0], [1.0, 1.0], [1.0, 1.0]]","[[0.2, 0.38], [0.25, 0.35], [0.30000000000000004, 0.30000000000000004], [0.35, 0.25], [0.38, 0.2]]",0.5,0.9911995709299749,0.3195261659999957
harmonic_loop--demand_conflict,harmonic_loop,demand_conflict,balanced_slow_drift,slow_drift,1973,3,dual_anchor_dynamic,10.351866692762385,3.192500957600676,3.192500957600676,0.5009045021815305,0.30839857702502543,1.0,0.6666666666666666,2.5920926888462477,0.7779462736674755,0.30012286096672836,0.5009045021815305,2,"[[2, 3], [2, 3], [3, 4], [2, 4]]","[true, true, true, true, true]",0,4.0,0,1,1,"[[4, 8], [5, 7], [6, 6], [7, 5], [8, 4]]","[[3, 9], [4, 8], [5, 7], [6, 6], [7, 5]]","[[5, 11], [6, 10], [7, 9], [8, 8], [9, 7]]","[[2, 2], [2, 2], [2, 2], [2, 2], [2, 2]]","[[0.0, 0.0], [0.0, 0.0], [0.0, 0.0], [0.0, 0.0], [0.0, 0.0]]","[[NaN, NaN], [NaN, NaN], [NaN, NaN], [NaN, NaN], [NaN, NaN]]","[[0.0, 0.0], [0.0, 0.0], [0.0, 0.0], [0.0, 0.0], [0.0, 0.0]]",1.0,0.9963750355046797,0.31449666700000023
harmonic_loop--demand_conflict,harmonic_loop,demand_conflict,balanced_slow_drift,slow_drift,1973,3,fixed_delay_2,10.351866692762385,3.2059488967542635,3.2059488967542635,0.5081080751886112,0.30969766051911546,1.0,0.8333333333333334,2.5920926888462477,0.849608607063401,0.3277693775069308,0.5081080751886112,2,"[[2, 3], [2, 3], [3, 4], [2, 4]]","[true, true, true, true, true]",0,4.0,0,1,1,"[[4, 8], [5, 7], [6, 6], [7, 5], [8, 4]]","[[3, 9], [4, 8], [5, 7], [6, 6], [7, 5]]","[[5, 11], [6, 10], [7, 9], [8, 8], [9, 7]]","[[2, 2], [2, 2], [2, 2], [2, 2], [2, 2]]","[[2.0, 2.0], [2.0, 2.0], [2.0, 2.0], [2.0, 2.0], [2.0, 2.0]]","[[NaN, NaN], [NaN, NaN], [NaN, NaN], [NaN, NaN], [NaN, NaN]]","[[1.0, 1.0], [1.0, 1.0], [1.0, 1.0], [1.0, 1.0], [1.0, 1.0]]",1.0,0.9965729617141741,0.32102558300000084
harmonic_loop--demand_conflict,harmonic_loop,demand_conflict,balanced_slow_drift,slow_drift,1973,3,delay_aware_dual_anchor,10.351866692762385,3.2260964752817256,3.2260964752817256,0.497295845018744,0.31164393543990326,1.0,0.6666666666666666,2.5920926888462477,0.8170986659712086,0.31522741045764957,0.497295845018744,3,"[[2, 3], [1, 3], [3, 4], [2, 4]]","[true, true, true, true, true]",0,4.0,0,1,1,"[[4, 8], [5, 7], [6, 6], [7, 5], [8, 4]]","[[3, 9], [4, 8], [5, 7], [6, 6], [7, 5]]","[[5, 11], [6, 10], [7, 9], [8, 8], [9, 7]]","[[2, 2], [2, 2], [2, 2], [2, 2], [2, 2]]","[[0.75, 2.25], [0.875, 2.125], [1.0, 2.0], [1.125, 1.875], [1.25, 1.75]]","[[NaN, NaN], [NaN, NaN], [NaN, NaN], [NaN, NaN], [NaN, NaN]]","[[0.25, 0.25], [0.25, 0.25], [0.25, 0.25], [0.25, 0.25], [0.25, 0.25]]",1.0,0.9965791675546989,0.3055374999999998
harmonic_loop--demand_conflict,harmonic_loop,demand_conflict,balanced_slow_drift,slow_drift,1973,3,adaptive_rolling_delay,10.351866692762385,3.210281336455583,3.210281336455583,0.4918511387914289,0.3101161782444595,1.0,0.6666666666666666,2.5920926888462477,0.8306000306152631,0.32043608401401996,0.4918511387914289,3,"[[2, 3], [1, 3], [3, 4], [2, 4]]","[true, true, true, true, true]",0,4.0,0,1,1,"[[4, 8], [5, 7], [6, 6], [7, 5], [8, 4]]","[[3, 9], [4, 8], [5, 7], [6, 6], [7, 5]]","[[5, 11], [6, 10], [7, 9], [8, 8], [9, 7]]","[[2, 2], [2, 2], [2, 2], [2, 2], [2, 2]]","[[0.6749788116245059, 3.287199939540726], [1.070951220925255, 2.625855318236156], [1.4559278907356643, 2.122920480864241], [1.8909058644913992, 1.671308188892758], [2.375884639500149, 1.268073167488459]]","[[0.9999058294422487, 0.9566419454522103], [0.9998893898531864, 0.957169834474791], [0.9998933294906277, 0.9540834609552263], [0.9999020442158164, 0.9528040295989993], [0.9999109872686341, 0.9515159157785748]]","[[0.22499293720816865, 0.3652444377267473], [0.25498838593458456, 0.3366481177225842], [0.2799861328337816, 0.31219418836238844], [0.3049848168534515, 0.28815658429185487], [0.3299839777083541, 0.264181909893429]]",1.0,0.9965872922546135,0.3123029169999967
harmonic_loop--demand_conflict,harmonic_loop,demand_conflict,balanced_slow_drift,slow_drift,1973,3,oracle_adaptive_delay,10.351866692762385,3.129371593593741,3.129371593593741,0.4994307656546921,0.30230022144524654,1.0,0.8333333333333334,2.5920926888462477,0.8216228956867684,0.3169728070381914,0.4994307656546921,3,"[[2, 3], [1, 3], [3, 4], [2, 4]]","[true, true, true, true, true]",0,4.0,0,1,1,"[[4, 8], [5, 7], [6, 6], [7, 5], [8, 4]]","[[3, 9], [4, 8], [5, 7], [6, 6], [7, 5]]","[[5, 11], [6, 10], [7, 9], [8, 8], [9, 7]]","[[2, 2], [2, 2], [2, 2], [2, 2], [2, 2]]","[[1.0, 2.8], [1.375, 2.275], [1.8000000000000003, 1.8000000000000003], [2.275, 1.375], [2.8, 1.0]]","[[1.0, 1.0], [1.0, 1.0], [1.0, 1.0], [1.0, 1.0], [1.0, 1.0]]","[[0.25, 0.35], [0.275, 0.325], [0.30000000000000004, 0.30000000000000004], [0.325, 0.275], [0.35, 0.25]]",1.0,0.9965842274943383,0.31536950000000274
ellipse--demand_conflict,ellipse,demand_conflict,balanced_slow_drift,slow_drift,1901,0,dual_anchor_dynamic,1.3114948631443206,1.3114948631443206,10.346341389959463,3.5709429336269713,1.0,0.5,0.5,0.3454130422570509,0.3454130422570509,1.0,3.5709429336269713,0,"[[3, 4], [3, 4], [3, 4], [3, 4]]","[true, false, false, false, false]",4,0.25,0,1,1,"[[2, 2], [4, 4], [6, 6], [8, 8], [10, 10]]","[[1, 2], [3, 4], [5, 6], [7, 8], [9, 10]]","[[3, 4], [5, 6], [7, 8], [9, 10], [11, 12]]","[[2, 2], [2, 2], [2, 2], [2, 2], [2, 2]]","[[0.0, 0.0], [0.0, 0.0], [0.0, 0.0], [0.0, 0.0], [0.0, 0.0]]","[[NaN, NaN], [NaN, NaN], [NaN, NaN], [NaN, NaN], [NaN, NaN]]","[[0.0, 0.0], [0.0, 0.0], [0.0, 0.0], [0.0, 0.0], [0.0, 0.0]]",0.5,0.99972485826167,0.180868083
ellipse--demand_conflict,ellipse,demand_conflict,balanced_slow_drift,slow_drift,1901,0,fixed_delay_2,1.3114948631443206,1.3114948631443206,10.364247808630765,3.575900888332229,1.0,0.5,0.5,0.3454130422570509,0.3454130422570509,1.0,3.575900888332229,0,"[[3, 4], [3, 4], [3, 4], [3, 4]]","[true, false, false, false, false]",4,0.25,0,1,1,"[[2, 2], [4, 4], [6, 6], [8, 8], [10, 10]]","[[1, 2], [3, 4], [5, 6], [7, 8], [9, 10]]","[[3, 4], [5, 6], [7, 8], [9, 10], [11, 12]]","[[2, 2], [2, 2], [2, 2], [2, 2], [2, 2]]","[[2.0, 2.0], [2.0, 2.0], [2.0, 2.0], [2.0, 2.0], [2.0, 2.0]]","[[NaN, NaN], [NaN, NaN], [NaN, NaN], [NaN, NaN], [NaN, NaN]]","[[1.0, 1.0], [1.0, 1.0], [1.0, 1.0], [1.0, 1.0], [1.0, 1.0]]",0.5,0.9997251078356295,0.18068391699999609
ellipse--demand_conflict,ellipse,demand_conflict,balanced_slow_drift,slow_drift,1901,0,delay_aware_dual_anchor,1.3114948631443206,1.3114948631443206,10.360196937282158,3.5767086379605386,1.0,0.5,0.5,0.3454130422570509,0.3454130422570509,1.0,3.5767086379605386,0,"[[3, 4], [3, 4], [3, 4], [3, 4]]","[true, false, false, false, false]",4,0.25,0,1,1,"[[2, 2], [4, 4], [6, 6], [8, 8], [10, 10]]","[[1, 2], [3, 4], [5, 6], [7, 8], [9, 10]]","[[3, 4], [5, 6], [7, 8], [9, 10], [11, 12]]","[[2, 2], [2, 2], [2, 2], [2, 2], [2, 2]]","[[0.25, 0.5], [0.5, 0.75], [0.75, 1.0], [1.0, 1.25], [1.25, 1.5]]","[[NaN, NaN], [NaN, NaN], [NaN, NaN], [NaN, NaN], [NaN, NaN]]","[[0.25, 0.25], [0.25, 0.25], [0.25, 0.25], [0.25, 0.25], [0.25, 0.25]]",0.5,0.9997249347821654,0.17988629199999906
ellipse--demand_conflict,ellipse,demand_conflict,balanced_slow_drift,slow_drift,1901,0,adaptive_rolling_delay,1.3114948631443206,1.3114948631443206,10.360931765335486,3.575974532547827,1.0,0.5,0.5,0.3454130422570509,0.3454130422570509,1.0,3.575974532547827,0,"[[3, 4], [3, 4], [3, 4], [3, 4]]","[true, false, false, false, false]",4,0.25,0,1,1,"[[2, 2], [4, 4], [6, 6], [8, 8], [10, 10]]","[[1, 2], [3, 4], [5, 6], [7, 8], [9, 10]]","[[3, 4], [5, 6], [7, 8], [9, 10], [11, 12]]","[[2, 2], [2, 2], [2, 2], [2, 2], [2, 2]]","[[0.17497383530452795, 0.3577674167134551], [0.6450283975696776, 0.7966006035325023], [1.3346198161877794, 1.3505805334033656], [2.2240076580205526, 1.9878849597371122], [3.313193918670577, 2.6139324648933773]]","[[0.998953412181119, 0.5776741671345509], [0.9989460050876471, 0.5564775898290658], [0.9989501310916772, 0.5349963038246086], [0.9989562344218046, 0.5145873800590367], [0.9989617061838536, 0.49579818396722763]]","[[0.17497383530452795, 0.17888370835672754], [0.22242358536885437, 0.20425656500833392], [0.2723713910587305, 0.22891195481412976], [0.3223199504377613, 0.2516310075616598], [0.3722689796259075, 0.2640335823124623]]",0.5,0.9997249440828622,0.18159054200000213
ellipse--demand_conflict,ellipse,demand_conflict,balanced_slow_drift,slow_drift,1901,0,oracle_adaptive_delay,1.3114948631443206,1.3114948631443206,10.372137717281237,3.576392206169937,1.0,0.5,0.5,0.3454130422570509,0.3454130422570509,1.0,3.576392206169937,0,"[[3, 4], [3, 4], [3, 4], [3, 4]]","[true, false, false, false, false]",4,0.25,0,1,1,"[[2, 2], [4, 4], [6, 6], [8, 8], [10, 10]]","[[1, 2], [3, 4], [5, 6], [7, 8], [9, 10]]","[[3, 4], [5, 6], [7, 8], [9, 10], [11, 12]]","[[2, 2], [2, 2], [2, 2], [2, 2], [2, 2]]","[[0.4, 0.4], [1.0, 1.0], [1.8000000000000003, 1.8000000000000003], [2.8, 2.8], [3.5, 3.5]]","[[1.0, 1.0], [1.0, 1.0], [1.0, 1.0], [1.0, 1.0], [1.0, 1.0]]","[[0.2, 0.2], [0.25, 0.25], [0.30000000000000004, 0.30000000000000004], [0.35, 0.35], [0.38, 0.38]]",0.5,0.9997249755327124,0.17930024999999716
ellipse--demand_conflict,ellipse,demand_conflict,balanced_slow_drift,slow_drift,1931,1,dual_anchor_dynamic,11.472431179549591,3.2843771204795953,7.38546606452182,0.47797721943070637,0.28628431664373166,0.8333333333333334,0.6666666666666666,3.359083498342803,0.8130686706666089,0.2420507471956963,0.47797721943070637,1,"[[2, 3], [3, 4], [3, 4], [3, 4]]","[true, true, false, false, false]",3,0.5,0,1,1,"[[10, 10], [8, 8], [6, 6], [4, 4], [2, 2]]","[[9, 10], [7, 8], [5, 6], [3, 4], [1, 2]]","[[11, 12], [9, 10], [7, 8], [5, 6], [3, 4]]","[[2, 2], [2, 2], [2, 2], [2, 2], [2, 2]]","[[0.0, 0.0], [0.0, 0.0], [0.0, 0.0], [0.0, 0.0], [0.0, 0.0]]","[[NaN, NaN], [NaN, NaN], [NaN, NaN], [NaN, NaN], [NaN, NaN]]","[[0.0, 0.0], [0.0, 0.0], [0.0, 0.0], [0.0, 0.0], [0.0, 0.0]]",0.5,0.9995205637321627,0.3368807920000023
ellipse--demand_conflict,ellipse,demand_conflict,balanced_slow_drift,slow_drift,1931,1,fixed_delay_2,11.472431179549591,3.534697918672861,6.176647496509494,0.4582499086052986,0.30810364981519406,0.8333333333333334,0.5,3.359083498342803,0.7729182093759203,0.23009794479870413,0.4582499086052986,2,"[[2, 3], [3, 4], [2, 3], [2, 3]]","[true, true, true, false, false]",2,1.0,0,1,1,"[[10, 10], [8, 8], [6, 6], [4, 4], [2, 2]]","[[9, 10], [7, 8], [5, 6], [3, 4], [1, 2]]","[[11, 12], [9, 10], [7, 8], [5, 6], [3, 4]]","[[2, 2], [2, 2], [2, 2], [2, 2], [2, 2]]","[[2.0, 2.0], [2.0, 2.0], [2.0, 2.0], [2.0, 2.0], [2.0, 2.0]]","[[NaN, NaN], [NaN, NaN], [NaN, NaN], [NaN, NaN], [NaN, NaN]]","[[1.0, 1.0], [1.0, 1.0], [1.0, 1.0], [1.0, 1.0], [1.0, 1.0]]",0.5,0.999517134973775,0.2831794999999957
ellipse--demand_conflict,ellipse,demand_conflict,balanced_slow_drift,slow_drift,1931,1,delay_aware_dual_anchor,11.472431179549591,3.5241479267255524,6.345362407339415,0.46777755098535667,0.3071840546760125,0.8333333333333334,0.5,3.359083498342803,0.7682026905097322,0.2286941336494682,0.46777755098535667,2,"[[2, 3], [3, 4], [2, 3], [2, 3]]","[true, true, true, false, false]",2,1.0,0,1,1,"[[10, 10], [8, 8], [6, 6], [4, 4], [2, 2]]","[[9, 10], [7, 8], [5, 6], [3, 4], [1, 2]]","[[11, 12], [9, 10], [7, 8], [5, 6], [3, 4]]","[[2, 2], [2, 2], [2, 2], [2, 2], [2, 2]]","[[2.25, 2.5], [2.0, 2.25], [1.75, 2.0], [1.5, 1.75], [1.25, 1.5]]","[[NaN, NaN], [NaN, NaN], [NaN, NaN], [NaN, NaN], [NaN, NaN]]","[[0.25, 0.25], [0.25, 0.25], [0.25, 0.25], [0.25, 0.25], [0.25, 0.25]]",0.5,0.9995165928066059,0.2899585420000008
ellipse--demand_conflict,ellipse,demand_conflict,balanced_slow_drift,slow_drift,1931,1,adaptive_rolling_delay,11.472431179549591,3.637245945107913,6.4387380577690525,0.48136371820178625,0.3170422980258585,0.8333333333333334,0.5,3.359083498342803,0.7773383938094112,0.23141383481324876,0.48136371820178625,2,"[[2, 3], [3, 4], [2, 3], [2, 3]]","[true, true, true, false, false]",2,1.0,0,1,1,"[[10, 10], [8, 8], [6, 6], [4, 4], [2, 2]]","[[9, 10], [7, 8], [5, 6], [3, 4], [1, 2]]","[[11, 12], [9, 10], [7, 8], [5, 6], [3, 4]]","[[2, 2], [2, 2], [2, 2], [2, 2], [2, 2]]","[[3.369651132031984, 3.5], [2.32195638733471, 2.847305105100015], [1.4135300098187609, 1.8416403303756568], [0.7045944729058708, 1.033843033956069], [0.19516703363958934, 0.42491054715153853]]","[[0.9973585837194983, 0.9937831523199543], [0.997386540237818, 0.9951562902606399], [0.997354878614012, 0.9961196779098703], [0.9972714793168409, 0.9966520736610802], [0.9972573103996486, 0.99692106259899]]","[[0.3744056813368871, 0.3785701250335895], [0.32703611089221274, 0.3515191487777796], [0.27716274702328647, 0.3019082508812552], [0.22728853964705514, 0.25215683755026075], [0.17742457603599032, 0.20233835578644696]]",0.5,0.9995202678653711,0.29922162500000127
ellipse--demand_conflict,ellipse,demand_conflict,balanced_slow_drift,slow_drift,1931,1,oracle_adaptive_delay,11.472431179549591,3.723585045319422,6.4302213998063955,0.4838023277454492,0.32456808736032966,0.8333333333333334,0.5,3.359083498342803,0.7874911724840389,0.23443631957125985,0.4838023277454492,2,"[[2, 3], [3, 4], [2, 3], [2, 3]]","[true, true, true, false, false]",2,1.0,0,1,1,"[[10, 10], [8, 8], [6, 6], [4, 4], [2, 2]]","[[9, 10], [7, 8], [5, 6], [3, 4], [1, 2]]","[[11, 12], [9, 10], [7, 8], [5, 6], [3, 4]]","[[2, 2], [2, 2], [2, 2], [2, 2], [2, 2]]","[[3.5, 3.5], [2.8, 2.8], [1.8000000000000003, 1.8000000000000003], [1.0, 1.0], [0.4, 0.4]]","[[1.0, 1.0], [1.0, 1.0], [1.0, 1.0], [1.0, 1.0], [1.0, 1.0]]","[[0.38, 0.38], [0.35, 0.35], [0.30000000000000004, 0.30000000000000004], [0.25, 0.25], [0.2, 0.2]]",0.5,0.9995208935237287,0.2769522080000044
ellipse--demand_conflict,ellipse,demand_conflict,balanced_slow_drift,slow_drift,1951,2,dual_anchor_dynamic,12.303332086473656,2.854813765273758,16.54735958626795,0.6595986571095654,0.23203582128879985,1.0,0.8333333333333334,3.1223701574570657,0.7401789023614334,0.23705674376680985,0.6595986571095654,1,"[[3, 4], [1, 3], [1, 3], [1, 3]]","[true, true, false, false, false]",3,0.5,0,1,1,"[[2, 10], [4, 8], [6, 6], [8, 4], [10, 2]]","[[1, 10], [3, 8], [5, 6], [7, 4], [9, 2]]","[[3, 12], [5, 10], [7, 8], [9, 6], [11, 4]]","[[2, 2], [2, 2], [2, 2], [2, 2], [2, 2]]","[[0.0, 0.0], [0.0, 0.0], [0.0, 0.0], [0.0, 0.0], [0.0, 0.0]]","[[NaN, NaN], [NaN, NaN], [NaN, NaN], [NaN, NaN], [NaN, NaN]]","[[0.0, 0.0], [0.0, 0.0], [0.0, 0.0], [0.0, 0.0], [0.0, 0.0]]",0.5,0.993150717379994,0.3027032919999968
ellipse--demand_conflict,ellipse,demand_conflict,balanced_slow_drift,slow_drift,1951,2,fixed_delay_2,12.303332086473656,2.097277772006799,17.128936187694134,0.671800922156038,0.17046420898551187,1.0,0.6666666666666666,3.1223701574570657,0.5469579027518013,0.1751739464475465,0.671800922156038,0,"[[3, 4], [3, 4], [3, 4], [3, 4]]","[true, true, false, false, false]",3,0.5,0,1,1,"[[2, 10], [4, 8], [6, 6], [8, 4], [10, 2]]","[[1, 10], [3, 8], [5, 6], [7, 4], [9, 2]]","[[3, 12], [5, 10], [7, 8], [9, 6], [11, 4]]","[[2, 2], [2, 2], [2, 2], [2, 2], [2, 2]]","[[2.0, 2.0], [2.0, 2.0], [2.0, 2.0], [2.0, 2.0], [2.0, 2.0]]","[[NaN, NaN], [NaN, NaN], [NaN, NaN], [NaN, NaN], [NaN, NaN]]","[[1.0, 1.0], [1.0, 1.0], [1.0, 1.0], [1.0, 1.0], [1.0, 1.0]]",0.5,0.9930614681534167,0.2778757080000034
ellipse--demand_conflict,ellipse,demand_conflict,balanced_slow_drift,slow_drift,1951,2,delay_aware_dual_anchor,12.303332086473656,2.213291387718686,17.13420597339524,0.6775383249670628,0.17989365581312639,1.0,0.6666666666666666,3.1223701574570657,0.5868064531367196,0.18793622265933682,0.6775383249670628,0,"[[3, 4], [3, 4], [3, 4], [3, 4]]","[true, true, false, false, false]",3,0.5,0,1,1,"[[2, 10], [4, 8], [6, 6], [8, 4], [10, 2]]","[[1, 10], [3, 8], [5, 6], [7, 4], [9, 2]]","[[3, 12], [5, 10], [7, 8], [9, 6], [11, 4]]","[[2, 2], [2, 2], [2, 2], [2, 2], [2, 2]]","[[0.25, 2.5], [0.5, 2.25], [0.75, 2.0], [1.0, 1.75], [1.25, 1.5]]","[[NaN, NaN], [NaN, NaN], [NaN, NaN], [NaN, NaN], [NaN, NaN]]","[[0.25, 0.25], [0.25, 0.25], [0.25, 0.25], [0.25, 0.25], [0.25, 0.25]]",0.5,0.9931320053056163,0.27415349999999705
ellipse--demand_conflict,ellipse,demand_conflict,balanced_slow_drift,slow_drift,1951,2,adaptive_rolling_delay,12.303332086473656,2.156335015243412,17.243193087590704,0.6851415406602206,0.17526431052073263,1.0,0.8333333333333334,3.1223701574570657,0.5605075346137828,0.1795134805766507,0.6851415406602206,0,"[[3, 4], [3, 4], [3, 4], [3, 4]]","[true, true, false, false, false]",3,0.5,0,1,1,"[[2, 10], [4, 8], [6, 6], [8, 4], [10, 2]]","[[1, 10], [3, 8], [5, 6], [7, 4], [9, 2]]","[[3, 12], [5, 10], [7, 8], [9, 6], [11, 4]]","[[2, 2], [2, 2], [2, 2], [2, 2], [2, 2]]","[[0.1693640795324249, 3.242485358728788], [0.5973744534952009, 2.5230960217792657], [1.1970663033205127, 1.656353471733036], [1.9483831456815108, 0.9530013757996392], [2.854845471185741, 0.40485579263302085]]","[[0.7745631812969972, 0.7576023298820816], [0.7722922877298505, 0.797497955664847], [0.7697897598009373, 0.7969400394872733], [0.7673876460252138, 0.8042864385476245], [0.7675018160261282, 0.8150185272836369]]","[[0.1693640795324249, 0.3242485358728788], [0.20599119086041415, 0.3114933360221316], [0.24429924557561483, 0.27153335602180917], [0.2823743689393494, 0.23243935995113152], [0.3207691540658136, 0.1927884726823909]]",0.5,0.9931431572822726,0.28298937499999965
ellipse--demand_conflict,ellipse,demand_conflict,balanced_slow_drift,slow_drift,1951,2,oracle_adaptive_delay,12.303332086473656,2.107420029483375,17.279089040648138,0.6874287885039769,0.17128855944645136,1.0,0.8333333333333334,3.1223701574570657,0.5491393086466485,0.17587258427228913,0.6874287885039769,0,"[[3, 4], [3, 4], [3, 4], [3, 4]]","[true, true, false, false, false]",3,0.5,0,1,1,"[[2, 10], [4, 8], [6, 6], [8, 4], [10, 2]]","[[1, 10], [3, 8], [5, 6], [7, 4], [9, 2]]","[[3, 12], [5, 10], [7, 8], [9, 6], [11, 4]]","[[2, 2], [2, 2], [2, 2], [2, 2], [2, 2]]","[[0.4, 3.5], [1.0, 2.8], [1.8000000000000003, 1.8000000000000003], [2.8, 1.0], [3.5, 0.4]]","[[1.0, 1.0], [1.0, 1.0], [1.0, 1.0], [1.0, 1.0], [1.0, 1.0]]","[[0.2, 0.38], [0.25, 0.35], [0.30000000000000004, 0.30000000000000004], [0.35, 0.25], [0.38, 0.2]]",0.5,0.9931079649517299,0.27413666600000397
ellipse--demand_conflict,ellipse,demand_conflict,balanced_slow_drift,slow_drift,1973,3,dual_anchor_dynamic,9.602932015619906,2.1611335635671076,6.557299390024299,0.44726349334133464,0.22504934535117585,0.8333333333333334,0.6666666666666666,2.4144430586028327,0.7151738701616581,0.2962065589467694,0.44726349334133464,2,"[[3, 4], [1, 3], [3, 4], [3, 4]]","[true, true, true, false, false]",2,1.0,0,1,1,"[[4, 8], [5, 7], [6, 6], [7, 5], [8, 4]]","[[3, 9], [4, 8], [5, 7], [6, 6], [7, 5]]","[[5, 11], [6, 10], [7, 9], [8, 8], [9, 7]]","[[2, 2], [2, 2], [2, 2], [2, 2], [2, 2]]","[[0.0, 0.0], [0.0, 0.0], [0.0, 0.0], [0.0, 0.0], [0.0, 0.0]]","[[NaN, NaN], [NaN, NaN], [NaN, NaN], [NaN, NaN], [NaN, NaN]]","[[0.0, 0.0], [0.0, 0.0], [0.0, 0.0], [0.0, 0.0], [0.0, 0.0]]",1.0,0.9977692399069154,0.25570858300000054
ellipse--demand_conflict,ellipse,demand_conflict,balanced_slow_drift,slow_drift,1973,3,fixed_delay_2,9.602932015619906,2.18497188232289,6.437889590877318,0.42565194927354955,0.22753174538452062,0.8333333333333334,0.6666666666666666,2.4144430586028327,0.6664651349116566,0.2760326579403038,0.42565194927354955,2,"[[3, 4], [1, 4], [2, 3], [2, 3]]","[true, true, true, false, false]",2,1.0,0,1,1,"[[4, 8], [5, 7], [6, 6], [7, 5], [8, 4]]","[[3, 9], [4, 8], [5, 7], [6, 6], [7, 5]]","[[5, 11], [6, 10], [7, 9], [8, 8], [9, 7]]","[[2, 2], [2, 2], [2, 2], [2, 2], [2, 2]]","[[2.0, 2.0], [2.0, 2.0], [2.0, 2.0], [2.0, 2.0], [2.0, 2.0]]","[[NaN, NaN], [NaN, NaN], [NaN, NaN], [NaN, NaN], [NaN, NaN]]","[[1.0, 1.0], [1.0, 1.0], [1.0, 1.0], [1.0, 1.0], [1.0, 1.0]]",1.0,0.9977562934769835,0.23780741599999544
ellipse--demand_conflict,ellipse,demand_conflict,balanced_slow_drift,slow_drift,1973,3,delay_aware_dual_anchor,9.602932015619906,2.279411835755152,6.590337777053928,0.4349267857097706,0.2373662369000961,0.8333333333333334,0.6666666666666666,2.4144430586028327,0.6777124476120265,0.28069100457651663,0.4349267857097706,2,"[[3, 4], [1, 3], [2, 3], [2, 3]]","[true, true, true, false, false]",2,1.0,0,1,1,"[[4, 8], [5, 7], [6, 6], [7, 5], [8, 4]]","[[3, 9], [4, 8], [5, 7], [6, 6], [7, 5]]","[[5, 11], [6, 10], [7, 9], [8, 8], [9, 7]]","[[2, 2], [2, 2], [2, 2], [2, 2], [2, 2]]","[[0.75, 2.25], [0.875, 2.125], [1.0, 2.0], [1.125, 1.875], [1.25, 1.75]]","[[NaN, NaN], [NaN, NaN], [NaN, NaN], [NaN, NaN], [NaN, NaN]]","[[0.25, 0.25], [0.25, 0.25], [0.25, 0.25], [0.25, 0.25], [0.25, 0.25]]",1.0,0.9977640189071783,0.24550895899999858
ellipse--demand_conflict,ellipse,demand_conflict,balanced_slow_drift,slow_drift,1973,3,adaptive_rolling_delay,9.602932015619906,2.229736792072457,7.842158580947107,0.48275657708793773,0.2321933330826063,0.8333333333333334,0.5,2.4144430586028327,0.5063314760054426,0.20970942934493628,0.48275657708793773,1,"[[3, 4], [1, 4], [1, 4], [1, 4]]","[true, true, false, false, false]",3,0.5,0,1,1,"[[4, 8], [5, 7], [6, 6], [7, 5], [8, 4]]","[[3, 9], [4, 8], [5, 7], [6, 6], [7, 5]]","[[5, 11], [6, 10], [7, 9], [8, 8], [9, 7]]","[[2, 2], [2, 2], [2, 2], [2, 2], [2, 2]]","[[0.6749691468869801, 3.2238559771719317], [1.0709388470833348, 2.6404872211643977], [1.4559055363613236, 2.1427078051051605], [1.890868230088516, 1.6917444580543264], [2.3758240161080724, 1.286215687263797]]","[[0.9998628750532447, 0.925360976381201], [0.9998613312547279, 0.9667897575045353], [0.9998602608895314, 0.9712005234473714], [0.9998628825062607, 0.9771039929302339], [0.9998642099599326, 0.9830133459440921]]","[[0.22498971562899334, 0.3582062196857702], [0.2549854397817464, 0.33852400271338434], [0.27998183391563913, 0.3151040889860531], [0.30497874678847037, 0.2916800789748839], [0.32997555779278787, 0.26796160151329107]]",1.0,0.997757256602242,0.25874491700000135
ellipse--demand_conflict,ellipse,demand_conflict,balanced_slow_drift,slow_drift,1973,3,oracle_adaptive_delay,9.602932015619906,2.3067882703238523,7.702348225448771,0.4767200894209601,0.24021707813526993,0.8333333333333334,0.5,2.4144430586028327,0.5240714256521458,0.21705685863447555,0.4767200894209601,1,"[[3, 4], [1, 4], [1, 4], [1, 4]]","[true, true, false, false, false]",3,0.5,0,1,1,"[[4, 8], [5, 7], [6, 6], [7, 5], [8, 4]]","[[3, 9], [4, 8], [5, 7], [6, 6], [7, 5]]","[[5, 11], [6, 10], [7, 9], [8, 8], [9, 7]]","[[2, 2], [2, 2], [2, 2], [2, 2], [2, 2]]","[[1.0, 2.8], [1.375, 2.275], [1.8000000000000003, 1.8000000000000003], [2.275, 1.375], [2.8, 1.0]]","[[1.0, 1.0], [1.0, 1.0], [1.0, 1.0], [1.0, 1.0], [1.0, 1.0]]","[[0.25, 0.35], [0.275, 0.325], [0.30000000000000004, 0.30000000000000004], [0.325, 0.275], [0.35, 0.25]]",1.0,0.9977523648247658,0.2539984579999981
rounded_square--demand_conflict,rounded_square,demand_conflict,balanced_slow_drift,slow_drift,1901,0,dual_anchor_dynamic,2.1718326935527816,2.1718326935527816,18.551327312272427,3.9636156660561883,1.0,0.6666666666666666,0.6666666666666666,0.4893781770713018,0.4893781770713018,1.0,3.9636156660561883,0,"[[1, 2], [1, 2], [1, 2], [1, 2]]","[true, false, false, false, false]",4,0.25,0,1,1,"[[2, 2], [4, 4], [6, 6], [8, 8], [10, 10]]","[[1, 2], [3, 4], [5, 6], [7, 8], [9, 10]]","[[3, 4], [5, 6], [7, 8], [9, 10], [11, 12]]","[[2, 2], [2, 2], [2, 2], [2, 2], [2, 2]]","[[0.0, 0.0], [0.0, 0.0], [0.0, 0.0], [0.0, 0.0], [0.0, 0.0]]","[[NaN, NaN], [NaN, NaN], [NaN, NaN], [NaN, NaN], [NaN, NaN]]","[[0.0, 0.0], [0.0, 0.0], [0.0, 0.0], [0.0, 0.0], [0.0, 0.0]]",0.5,0.9994070001898392,0.2662059170000006
rounded_square--demand_conflict,rounded_square,demand_conflict,balanced_slow_drift,slow_drift,1901,0,fixed_delay_2,2.1718326935527816,2.1718326935527816,18.880716918234917,4.077328587937835,1.0,0.6666666666666666,0.6666666666666666,0.4893781770713018,0.4893781770713018,1.0,4.077328587937835,0,"[[1, 2], [1, 2], [1, 2], [1, 2]]","[true, false, false, false, false]",4,0.25,0,1,1,"[[2, 2], [4, 4], [6, 6], [8, 8], [10, 10]]","[[1, 2], [3, 4], [5, 6], [7, 8], [9, 10]]","[[3, 4], [5, 6], [7, 8], [9, 10], [11, 12]]","[[2, 2], [2, 2], [2, 2], [2, 2], [2, 2]]","[[2.0, 2.0], [2.0, 2.0], [2.0, 2.0], [2.0, 2.0], [2.0, 2.0]]","[[NaN, NaN], [NaN, NaN], [NaN, NaN], [NaN, NaN], [NaN, NaN]]","[[1.0, 1.0], [1.0, 1.0], [1.0, 1.0], [1.0, 1.0], [1.0, 1.0]]",0.5,0.9994077406327969,0.25989387500000305
rounded_square--demand_conflict,rounded_square,demand_conflict,balanced_slow_drift,slow_drift,1901,0,delay_aware_dual_anchor,2.1718326935527816,2.1718326935527816,18.749647159391067,4.002788858553037,1.0,0.6666666666666666,0.6666666666666666,0.4893781770713018,0.4893781770713018,1.0,4.002788858553037,0,"[[1, 2], [1, 2], [1, 2], [1, 2]]","[true, false, false, false, false]",4,0.25,0,1,1,"[[2, 2], [4, 4], [6, 6], [8, 8], [10, 10]]","[[1, 2], [3, 4], [5, 6], [7, 8], [9, 10]]","[[3, 4], [5, 6], [7, 8], [9, 10], [11, 12]]","[[2, 2], [2, 2], [2, 2], [2, 2], [2, 2]]","[[0.25, 0.5], [0.5, 0.75], [0.75, 1.0], [1.0, 1.25], [1.25, 1.5]]","[[NaN, NaN], [NaN, NaN], [NaN, NaN], [NaN, NaN], [NaN, NaN]]","[[0.25, 0.25], [0.25, 0.25], [0.25, 0.25], [0.25, 0.25], [0.25, 0.25]]",0.5,0.9994064436246042,0.2585599999999957
rounded_square--demand_conflict,rounded_square,demand_conflict,balanced_slow_drift,slow_drift,1901,0,adaptive_rolling_delay,2.1718326935527816,2.1718326935527816,18.904349478210257,4.021460753452484,1.0,0.6666666666666666,0.6666666666666666,0.4893781770713018,0.4893781770713018,1.0,4.021460753452484,0,"[[1, 2], [1, 2], [1, 2], [1, 2]]","[true, false, false, false, false]",4,0.25,0,1,1,"[[2, 2], [4, 4], [6, 6], [8, 8], [10, 10]]","[[1, 2], [3, 4], [5, 6], [7, 8], [9, 10]]","[[3, 4], [5, 6], [7, 8], [9, 10], [11, 12]]","[[2, 2], [2, 2], [2, 2], [2, 2], [2, 2]]","[[0.17492461458573408, 0.3542268388459194], [0.6445393962868929, 0.795582245098406], [1.3330224560980843, 1.3736378831605975], [2.220499906927368, 2.0695202591757287], [3.306899652893617, 2.7738160132295633]]","[[0.9969845834293635, 0.5422683884591939], [0.9966201963704786, 0.5537994611397923], [0.9962889730913522, 0.5614913911641456], [0.9960091635600655, 0.566909315286479], [0.9957831854026595, 0.5660149377380602]]","[[0.17492461458573408, 0.1771134194229597], [0.22225496423685967, 0.20399544746112974], [0.27204539920369064, 0.23281998019671146], [0.3218115807141113, 0.2619645897690796], [0.3715617587520918, 0.28018343567975385]]",0.5,0.99940646531923,0.2673279999999991
rounded_square--demand_conflict,rounded_square,demand_conflict,balanced_slow_drift,slow_drift,1901,0,oracle_adaptive_delay,2.1718326935527816,2.1718326935527816,18.997486258161686,4.0419298661184975,1.0,0.6666666666666666,0.6666666666666666,0.4893781770713018,0.4893781770713018,1.0,4.0419298661184975,0,"[[1, 2], [1, 2], [1, 2], [1, 2]]","[true, false, false, false, false]",4,0.25,0,1,1,"[[2, 2], [4, 4], [6, 6], [8, 8], [10, 10]]","[[1, 2], [3, 4], [5, 6], [7, 8], [9, 10]]","[[3, 4], [5, 6], [7, 8], [9, 10], [11, 12]]","[[2, 2], [2, 2], [2, 2], [2, 2], [2, 2]]","[[0.4, 0.4], [1.0, 1.0], [1.8000000000000003, 1.8000000000000003], [2.8, 2.8], [3.5, 3.5]]","[[1.0, 1.0], [1.0, 1.0], [1.0, 1.0], [1.0, 1.0], [1.0, 1.0]]","[[0.2, 0.2], [0.25, 0.25], [0.30000000000000004, 0.30000000000000004], [0.35, 0.35], [0.38, 0.38]]",0.5,0.9994066072131479,0.2592919579999986
rounded_square--demand_conflict,rounded_square,demand_conflict,balanced_slow_drift,slow_drift,1931,1,dual_anchor_dynamic,21.040589019790392,3.5573194581098817,3.5573194581098817,0.4574967789137055,0.16906938559390766,1.0,0.8333333333333334,4.410715758001247,0.8597296578140508,0.1949183998661579,0.4574967789137055,1,"[[1, 2], [1, 2], [3, 4], [3, 4]]","[true, true, true, true, true]",0,4.0,0,1,1,"[[10, 10], [8, 8], [6, 6], [4, 4], [2, 2]]","[[9, 10], [7, 8], [5, 6], [3, 4], [1, 2]]","[[11, 12], [9, 10], [7, 8], [5, 6], [3, 4]]","[[2, 2], [2, 2], [2, 2], [2, 2], [2, 2]]","[[0.0, 0.0], [0.0, 0.0], [0.0, 0.0], [0.0, 0.0], [0.0, 0.0]]","[[NaN, NaN], [NaN, NaN], [NaN, NaN], [NaN, NaN], [NaN, NaN]]","[[0.0, 0.0], [0.0, 0.0], [0.0, 0.0], [0.0, 0.0], [0.0, 0.0]]",0.5,0.9987670197455024,0.42911299999999386
rounded_square--demand_conflict,rounded_square,demand_conflict,balanced_slow_drift,slow_drift,1931,1,fixed_delay_2,21.040589019790392,2.3066843342896073,2.3066843342896073,0.4192232295855783,0.1096302167263465,1.0,0.8333333333333334,4.410715758001247,0.7386664407690089,0.16747087803811275,0.4192232295855783,2,"[[1, 2], [1, 2], [3, 4], [2, 3]]","[true, true, true, true, true]",0,4.0,0,1,1,"[[10, 10], [8, 8], [6, 6], [4, 4], [2, 2]]","[[9, 10], [7, 8], [5, 6], [3, 4], [1, 2]]","[[11, 12], [9, 10], [7, 8], [5, 6], [3, 4]]","[[2, 2], [2, 2], [2, 2], [2, 2], [2, 2]]","[[2.0, 2.0], [2.0, 2.0], [2.0, 2.0], [2.0, 2.0], [2.0, 2.0]]","[[NaN, NaN], [NaN, NaN], [NaN, NaN], [NaN, NaN], [NaN, NaN]]","[[1.0, 1.0], [1.0, 1.0], [1.0, 1.0], [1.0, 1.0], [1.0, 1.0]]",0.5,0.9988217942418987,0.3630165000000005
rounded_square--demand_conflict,rounded_square,demand_conflict,balanced_slow_drift,slow_drift,1931,1,delay_aware_dual_anchor,21.040589019790392,2.411361528347082,2.411361528347082,0.4096217195279302,0.114605229258506,1.0,0.8333333333333334,4.410715758001247,0.7917178360411273,0.17949872072461565,0.4096217195279302,1,"[[1, 2], [1, 2], [2, 3], [2, 3]]","[true, true, true, true, true]",0,4.0,0,1,1,"[[10, 10], [8, 8], [6, 6], [4, 4], [2, 2]]","[[9, 10], [7, 8], [5, 6], [3, 4], [1, 2]]","[[11, 12], [9, 10], [7, 8], [5, 6], [3, 4]]","[[2, 2], [2, 2], [2, 2], [2, 2], [2, 2]]","[[2.25, 2.5], [2.0, 2.25], [1.75, 2.0], [1.5, 1.75], [1.25, 1.5]]","[[NaN, NaN], [NaN, NaN], [NaN, NaN], [NaN, NaN], [NaN, NaN]]","[[0.25, 0.25], [0.25, 0.25], [0.25, 0.25], [0.25, 0.25], [0.25, 0.25]]",0.5,0.9988257829195841,0.36357433399999906
rounded_square--demand_conflict,rounded_square,demand_conflict,balanced_slow_drift,slow_drift,1931,1,adaptive_rolling_delay,21.040589019790392,3.041961127357208,3.041961127357208,0.4479362418350306,0.14457585405503598,1.0,1.0,4.410715758001247,0.9298889787863448,0.21082496125475375,0.4479362418350306,2,"[[1, 2], [2, 4], [2, 4], [2, 3]]","[true, true, true, true, true]",0,4.0,0,1,1,"[[10, 10], [8, 8], [6, 6], [4, 4], [2, 2]]","[[9, 10], [7, 8], [5, 6], [3, 4], [1, 2]]","[[11, 12], [9, 10], [7, 8], [5, 6], [3, 4]]","[[2, 2], [2, 2], [2, 2], [2, 2], [2, 2]]","[[3.356202113254369, 3.5], [2.3148341803653585, 2.8401096529620027], [1.4104861157907982, 1.836815751331673], [0.7036244052044316, 1.0312376380863744], [0.1950629009830059, 0.42405682650758]]","[[0.9907170929651206, 0.991180538378605], [0.9917351163383127, 0.9907694881646107], [0.9926737651530927, 0.990933352681186], [0.9932337365429001, 0.9904524404196892], [0.9938149085291221, 0.9891775646946039]]","[[0.37291134591715214, 0.37797152382707916], [0.3260329831500505, 0.3506308213533337], [0.2765659050570193, 0.3011173362838808], [0.22697561458207474, 0.25152137514301814], [0.17732990998455084, 0.20193182214646668]]",0.5,0.9987902669488748,0.4777800419999991
rounded_square--demand_conflict,rounded_square,demand_conflict,balanced_slow_drift,slow_drift,1931,1,oracle_adaptive_delay,21.040589019790392,3.216734513329852,3.216734513329852,0.4479632360039596,0.15288234137857312,1.0,1.0,4.410715758001247,0.9280223606209158,0.21040176051640583,0.4479632360039596,2,"[[1, 2], [2, 4], [2, 4], [2, 3]]","[true, true, true, true, true]",0,4.0,0,1,1,"[[10, 10], [8, 8], [6, 6], [4, 4], [2, 2]]","[[9, 10], [7, 8], [5, 6], [3, 4], [1, 2]]","[[11, 12], [9, 10], [7, 8], [5, 6], [3, 4]]","[[2, 2], [2, 2], [2, 2], [2, 2], [2, 2]]","[[3.5, 3.5], [2.8, 2.8], [1.8000000000000003, 1.8000000000000003], [1.0, 1.0], [0.4, 0.4]]","[[1.0, 1.0], [1.0, 1.0], [1.0, 1.0], [1.0, 1.0], [1.0, 1.0]]","[[0.38, 0.38], [0.35, 0.35], [0.30000000000000004, 0.30000000000000004], [0.25, 0.25], [0.2, 0.2]]",0.5,0.9987718170500648,0.4206867090000017
rounded_square--demand_conflict,rounded_square,demand_conflict,balanced_slow_drift,slow_drift,1951,2,dual_anchor_dynamic,20.24846608753344,8.841179229422995,29.489685235420794,0.8594466293659156,0.436634517953255,1.0,1.0,5.491741167309857,2.2845098106288306,0.41599007328087595,0.8594466293659156,1,"[[3, 4], [1, 2], [1, 2], [1, 2]]","[true, true, false, false, false]",3,0.5,0,1,1,"[[2, 10], [4, 8], [6, 6], [8, 4], [10, 2]]","[[1, 10], [3, 8], [5, 6], [7, 4], [9, 2]]","[[3, 12], [5, 10], [7, 8], [9, 6], [11, 4]]","[[2, 2], [2, 2], [2, 2], [2, 2], [2, 2]]","[[0.0, 0.0], [0.0, 0.0], [0.0, 0.0], [0.0, 0.0], [0.0, 0.0]]","[[NaN, NaN], [NaN, NaN], [NaN, NaN], [NaN, NaN], [NaN, NaN]]","[[0.0, 0.0], [0.0, 0.0], [0.0, 0.0], [0.0, 0.0], [0.0, 0.0]]",0.5,0.9846249080459533,0.4323445420000027
rounded_square--demand_conflict,rounded_square,demand_conflict,balanced_slow_drift,slow_drift,1951,2,fixed_delay_2,20.24846608753344,8.81815827876193,29.202290993097233,0.8294826610998404,0.43549759476304656,1.0,0.8333333333333334,5.491741167309857,2.122729262389351,0.38653119251597484,0.8294826610998404,1,"[[3, 4], [1, 4], [1, 4], [1, 4]]","[true, true, false, false, false]",3,0.5,0,1,1,"[[2, 10], [4, 8], [6, 6], [8, 4], [10, 2]]","[[1, 10], [3, 8], [5, 6], [7, 4], [9, 2]]","[[3, 12], [5, 10], [7, 8], [9, 6], [11, 4]]","[[2, 2], [2, 2], [2, 2], [2, 2], [2, 2]]","[[2.0, 2.0], [2.0, 2.0], [2.0, 2.0], [2.0, 2.0], [2.0, 2.0]]","[[NaN, NaN], [NaN, NaN], [NaN, NaN], [NaN, NaN], [NaN, NaN]]","[[1.0, 1.0], [1.0, 1.0], [1.0, 1.0], [1.0, 1.0], [1.0, 1.0]]",0.5,0.9845564998380625,0.48672304099999764
rounded_square--demand_conflict,rounded_square,demand_conflict,balanced_slow_drift,slow_drift,1951,2,delay_aware_dual_anchor,20.24846608753344,8.886633215729972,29.37557559009301,0.8389527800436654,0.438879329294049,1.0,1.0,5.491741167309857,2.135521710000934,0.3888605899187023,0.8389527800436654,1,"[[3, 4], [1, 4], [1, 4], [1, 4]]","[true, true, false, false, false]",3,0.5,0,1,1,"[[2, 10], [4, 8], [6, 6], [8, 4], [10, 2]]","[[1, 10], [3, 8], [5, 6], [7, 4], [9, 2]]","[[3, 12], [5, 10], [7, 8], [9, 6], [11, 4]]","[[2, 2], [2, 2], [2, 2], [2, 2], [2, 2]]","[[0.25, 2.5], [0.5, 2.25], [0.75, 2.0], [1.0, 1.75], [1.25, 1.5]]","[[NaN, NaN], [NaN, NaN], [NaN, NaN], [NaN, NaN], [NaN, NaN]]","[[0.25, 0.25], [0.25, 0.25], [0.25, 0.25], [0.25, 0.25], [0.25, 0.25]]",0.5,0.9845309715004968,0.4127606669999935
rounded_square--demand_conflict,rounded_square,demand_conflict,balanced_slow_drift,slow_drift,1951,2,adaptive_rolling_delay,20.24846608753344,8.946994800991426,28.731657653235175,0.8296189125375362,0.44186037412976703,1.0,0.8333333333333334,5.491741167309857,2.0820337949558425,0.3791208892635652,0.8296189125375362,1,"[[3, 4], [1, 4], [1, 4], [1, 4]]","[true, true, false, false, false]",3,0.5,0,1,1,"[[2, 10], [4, 8], [6, 6], [8, 4], [10, 2]]","[[1, 10], [3, 8], [5, 6], [7, 4], [9, 2]]","[[3, 12], [5, 10], [7, 8], [9, 6], [11, 4]]","[[2, 2], [2, 2], [2, 2], [2, 2], [2, 2]]","[[0.1746872820658491, 3.5], [0.6422162854664983, 2.8243853418715914], [1.3257700372305077, 1.8265163061287413], [2.2055371491165516, 1.0268425113159303], [3.280913578145725, 0.4231200055753603]]","[[0.9874912826339645, 0.9810150377444977], [0.9855709177954748, 0.9811829549590557], [0.9842066426164221, 0.9798616566823344], [0.9834380584890163, 0.9799940780866874], [0.982660562123835, 0.9806803226790057]]","[[0.1746872820658491, 0.3756334586812345], [0.2214538915401719, 0.34868954837920885], [0.27056531372051174, 0.29942890264405597], [0.31964306508935536, 0.25044939300388547], [0.36864197507255336, 0.2014857169406478]]",0.5,0.9844870275540509,0.4132872919999997
rounded_square--demand_conflict,rounded_square,demand_conflict,balanced_slow_drift,slow_drift,1951,2,oracle_adaptive_delay,20.24846608753344,8.933667699722767,28.72643428551816,0.8245296250776784,0.44120219581586184,1.0,0.8333333333333334,5.491741167309857,2.0695762696905105,0.37685247841064906,0.8245296250776784,1,"[[3, 4], [1, 4], [1, 4], [1, 4]]","[true, true, false, false, false]",3,0.5,0,1,1,"[[2, 10], [4, 8], [6, 6], [8, 4], [10, 2]]","[[1, 10], [3, 8], [5, 6], [7, 4], [9, 2]]","[[3, 12], [5, 10], [7, 8], [9, 6], [11, 4]]","[[2, 2], [2, 2], [2, 2], [2, 2], [2, 2]]","[[0.4, 3.5], [1.0, 2.8], [1.8000000000000003, 1.8000000000000003], [2.8, 1.0], [3.5, 0.4]]","[[1.0, 1.0], [1.0, 1.0], [1.0, 1.0], [1.0, 1.0], [1.0, 1.0]]","[[0.2, 0.38], [0.25, 0.35], [0.30000000000000004, 0.30000000000000004], [0.35, 0.25], [0.38, 0.2]]",0.5,0.984483455976823,0.4475490000000022
rounded_square--demand_conflict,rounded_square,demand_conflict,balanced_slow_drift,slow_drift,1973,3,dual_anchor_dynamic,15.692217230175043,9.010173801046628,18.414927833566257,0.8075203581384067,0.5741810522301902,1.0,1.0,4.105061589941709,2.366196500788038,0.5764095005506696,0.8075203581384067,0,"[[1, 4], [1, 4], [1, 4], [1, 4]]","[true, true, false, false, false]",3,0.5,0,1,1,"[[4, 8], [5, 7], [6, 6], [7, 5], [8, 4]]","[[3, 9], [4, 8], [5, 7], [6, 6], [7, 5]]","[[5, 11], [6, 10], [7, 9], [8, 8], [9, 7]]","[[2, 2], [2, 2], [2, 2], [2, 2], [2, 2]]","[[0.0, 0.0], [0.0, 0.0], [0.0, 0.0], [0.0, 0.0], [0.0, 0.0]]","[[NaN, NaN], [NaN, NaN], [NaN, NaN], [NaN, NaN], [NaN, NaN]]","[[0.0, 0.0], [0.0, 0.0], [0.0, 0.0], [0.0, 0.0], [0.0, 0.0]]",1.0,0.9941569482164868,0.3855770420000013
rounded_square--demand_conflict,rounded_square,demand_conflict,balanced_slow_drift,slow_drift,1973,3,fixed_delay_2,15.692217230175043,9.512971748111237,17.911430589818114,0.7910976792729789,0.6062222825859468,1.0,1.0,4.105061589941709,2.1722988534342123,0.5291757031750305,0.7910976792729789,0,"[[1, 4], [1, 4], [1, 4], [1, 4]]","[true, true, false, false, false]",3,0.5,0,1,1,"[[4, 8], [5, 7], [6, 6], [7, 5], [8, 4]]","[[3, 9], [4, 8], [5, 7], [6, 6], [7, 5]]","[[5, 11], [6, 10], [7, 9], [8, 8], [9, 7]]","[[2, 2], [2, 2], [2, 2], [2, 2], [2, 2]]","[[2.0, 2.0], [2.0, 2.0], [2.0, 2.0], [2.0, 2.0], [2.0, 2.0]]","[[NaN, NaN], [NaN, NaN], [NaN, NaN], [NaN, NaN], [NaN, NaN]]","[[1.0, 1.0], [1.0, 1.0], [1.0, 1.0], [1.0, 1.0], [1.0, 1.0]]",1.0,0.9943780416830934,0.4317411659999948
rounded_square--demand_conflict,rounded_square,demand_conflict,balanced_slow_drift,slow_drift,1973,3,delay_aware_dual_anchor,15.692217230175043,9.075142655520256,17.95571247284508,0.7944655930344107,0.5783212481961687,1.0,1.0,4.105061589941709,2.1827143964658875,0.531712947209857,0.7944655930344107,0,"[[1, 4], [1, 4], [1, 4], [1, 4]]","[true, true, false, false, false]",3,0.5,0,1,1,"[[4, 8], [5, 7], [6, 6], [7, 5], [8, 4]]","[[3, 9], [4, 8], [5, 7], [6, 6], [7, 5]]","[[5, 11], [6, 10], [7, 9], [8, 8], [9, 7]]","[[2, 2], [2, 2], [2, 2], [2, 2], [2, 2]]","[[0.75, 2.25], [0.875, 2.125], [1.0, 2.0], [1.125, 1.875], [1.25, 1.75]]","[[NaN, NaN], [NaN, NaN], [NaN, NaN], [NaN, NaN], [NaN, NaN]]","[[0.25, 0.25], [0.25, 0.25], [0.25, 0.25], [0.25, 0.25], [0.25, 0.25]]",1.0,0.9942370912056,0.4109815839999982
rounded_square--demand_conflict,rounded_square,demand_conflict,balanced_slow_drift,slow_drift,1973,3,adaptive_rolling_delay,15.692217230175043,8.973081195841399,17.504443541403973,0.7748088326684572,0.5718172941543779,1.0,1.0,4.105061589941709,2.1303577694760425,0.5189587836381995,0.7748088326684572,0,"[[1, 4], [1, 4], [1, 4], [1, 4]]","[true, true, false, false, false]",3,0.5,0,1,1,"[[4, 8], [5, 7], [6, 6], [7, 5], [8, 4]]","[[3, 9], [4, 8], [5, 7], [6, 6], [7, 5]]","[[5, 11], [6, 10], [7, 9], [8, 8], [9, 7]]","[[2, 2], [2, 2], [2, 2], [2, 2], [2, 2]]","[[0.6747321724953984, 3.325891934278862], [1.0704997824781284, 2.6521919413028816], [1.4552552370479055, 2.144636994334483], [1.889892740160697, 1.6882093332025867], [2.3744036024824315, 1.2807507081721166]]","[[0.998809655535104, 0.9757491033475864], [0.9988657199050534, 0.9744851685094559], [0.9988982796566649, 0.9728693722616639], [0.9988478045376665, 0.9729005151041465], [0.998768211792, 0.9735255350210354]]","[[0.2249107241651328, 0.3695435482532069], [0.2548809005900306, 0.34002460785934385], [0.27985677635536643, 0.31538779328448285], [0.30482140970333826, 0.2910705746901012], [0.32977827812256, 0.2668230642025243]]",1.0,0.9942904129037125,0.42297612500000525
rounded_square--demand_conflict,rounded_square,demand_conflict,balanced_slow_drift,slow_drift,1973,3,oracle_adaptive_delay,15.692217230175043,9.186032020194263,17.430247912671035,0.7812162360875738,0.5853877680542277,1.0,1.0,4.105061589941709,2.147105503825543,0.523038560270671,0.7812162360875738,0,"[[1, 4], [1, 4], [1, 4], [1, 4]]","[true, true, false, false, false]",3,0.5,0,1,1,"[[4, 8], [5, 7], [6, 6], [7, 5], [8, 4]]","[[3, 9], [4, 8], [5, 7], [6, 6], [7, 5]]","[[5, 11], [6, 10], [7, 9], [8, 8], [9, 7]]","[[2, 2], [2, 2], [2, 2], [2, 2], [2, 2]]","[[1.0, 2.8], [1.375, 2.275], [1.8000000000000003, 1.8000000000000003], [2.275, 1.375], [2.8, 1.0]]","[[1.0, 1.0], [1.0, 1.0], [1.0, 1.0], [1.0, 1.0], [1.0, 1.0]]","[[0.25, 0.35], [0.275, 0.325], [0.30000000000000004, 0.30000000000000004], [0.325, 0.275], [0.35, 0.25]]",1.0,0.9943594443265126,0.3911972499999905
figure_eight--demand_conflict,figure_eight,demand_conflict,balanced_slow_drift,slow_drift,1901,0,dual_anchor_dynamic,2.0976287158611155,2.0976287158611155,16.663699780194257,3.657830458961654,1.0,0.6666666666666666,0.6666666666666666,0.6023412247044333,0.6023412247044333,1.0,3.657830458961654,0,"[[2, 4], [2, 4], [2, 4], [2, 4]]","[true, false, false, false, false]",4,0.25,0,1,1,"[[2, 2], [4, 4], [6, 6], [8, 8], [10, 10]]","[[1, 2], [3, 4], [5, 6], [7, 8], [9, 10]]","[[3, 4], [5, 6], [7, 8], [9, 10], [11, 12]]","[[2, 2], [2, 2], [2, 2], [2, 2], [2, 2]]","[[0.0, 0.0], [0.0, 0.0], [0.0, 0.0], [0.0, 0.0], [0.0, 0.0]]","[[NaN, NaN], [NaN, NaN], [NaN, NaN], [NaN, NaN], [NaN, NaN]]","[[0.0, 0.0], [0.0, 0.0], [0.0, 0.0], [0.0, 0.0], [0.0, 0.0]]",0.5,0.9991393882354936,0.2400195000000025
figure_eight--demand_conflict,figure_eight,demand_conflict,balanced_slow_drift,slow_drift,1901,0,fixed_delay_2,2.0976287158611155,2.0976287158611155,16.69173587844653,3.6935969902993917,1.0,0.6666666666666666,0.6666666666666666,0.6023412247044333,0.6023412247044333,1.0,3.6935969902993917,0,"[[2, 4], [2, 4], [2, 4], [2, 4]]","[true, false, false, false, false]",4,0.25,0,1,1,"[[2, 2], [4, 4], [6, 6], [8, 8], [10, 10]]","[[1, 2], [3, 4], [5, 6], [7, 8], [9, 10]]","[[3, 4], [5, 6], [7, 8], [9, 10], [11, 12]]","[[2, 2], [2, 2], [2, 2], [2, 2], [2, 2]]","[[2.0, 2.0], [2.0, 2.0], [2.0, 2.0], [2.0, 2.0], [2.0, 2.0]]","[[NaN, NaN], [NaN, NaN], [NaN, NaN], [NaN, NaN], [NaN, NaN]]","[[1.0, 1.0], [1.0, 1.0], [1.0, 1.0], [1.0, 1.0], [1.0, 1.0]]",0.5,0.999139613112753,0.2420996250000087
figure_eight--demand_conflict,figure_eight,demand_conflict,balanced_slow_drift,slow_drift,1901,0,delay_aware_dual_anchor,2.0976287158611155,2.0976287158611155,16.662177575794793,3.6564957725186513,1.0,0.6666666666666666,0.6666666666666666,0.6023412247044333,0.6023412247044333,1.0,3.6564957725186513,0,"[[2, 4], [2, 4], [2, 4], [2, 4]]","[true, false, false, false, false]",4,0.25,0,1,1,"[[2, 2], [4, 4], [6, 6], [8, 8], [10, 10]]","[[1, 2], [3, 4], [5, 6], [7, 8], [9, 10]]","[[3, 4], [5, 6], [7, 8], [9, 10], [11, 12]]","[[2, 2], [2, 2], [2, 2], [2, 2], [2, 2]]","[[0.25, 0.5], [0.5, 0.75], [0.75, 1.0], [1.0, 1.25], [1.25, 1.5]]","[[NaN, NaN], [NaN, NaN], [NaN, NaN], [NaN, NaN], [NaN, NaN]]","[[0.25, 0.25], [0.25, 0.25], [0.25, 0.25], [0.25, 0.25], [0.25, 0.25]]",0.5,0.9991395908671997,0.23731054099999938
figure_eight--demand_conflict,figure_eight,demand_conflict,balanced_slow_drift,slow_drift,1901,0,adaptive_rolling_delay,2.0976287158611155,2.0976287158611155,16.684388342858075,3.662628400033017,1.0,0.6666666666666666,0.6666666666666666,0.6023412247044333,0.6023412247044333,1.0,3.662628400033017,0,"[[2, 4], [2, 4], [2, 4], [2, 4]]","[true, false, false, false, false]",4,0.25,0,1,1,"[[2, 2], [4, 4], [6, 6], [8, 8], [10, 10]]","[[1, 2], [3, 4], [5, 6], [7, 8], [9, 10]]","[[3, 4], [5, 6], [7, 8], [9, 10], [11, 12]]","[[2, 2], [2, 2], [2, 2], [2, 2], [2, 2]]","[[0.17496580215860394, 0.36716335097943364], [0.6448824909340264, 0.8619579201680446], [1.3338180188135, 1.5699386317474129], [2.221362137581873, 2.4950790677040415], [3.306627685440478, 3.5]]","[[0.9986320863441585, 0.6716335097943366], [0.9982520377361549, 0.7283574494886119], [0.9976143587063719, 0.7870596170610894], [0.9967335749480134, 0.8396597133177641], [0.9956458454439983, 0.8897930969296336]]","[[0.17496580215860394, 0.18358167548971682], [0.2223732727358712, 0.22101485132513965], [0.2722077589415306, 0.2660912935165107], [0.32193654167853236, 0.31583279338025844], [0.37153120061128964, 0.3546524122938157]]",0.5,0.9991395886435361,0.3729522920000079
figure_eight--demand_conflict,figure_eight,demand_conflict,balanced_slow_drift,slow_drift,1901,0,oracle_adaptive_delay,2.0976287158611155,2.0976287158611155,16.709056901048246,3.6748341557557764,1.0,0.6666666666666666,0.6666666666666666,0.6023412247044333,0.6023412247044333,1.0,3.6748341557557764,0,"[[2, 4], [2, 4], [2, 4], [2, 4]]","[true, false, false, false, false]",4,0.25,0,1,1,"[[2, 2], [4, 4], [6, 6], [8, 8], [10, 10]]","[[1, 2], [3, 4], [5, 6], [7, 8], [9, 10]]","[[3, 4], [5, 6], [7, 8], [9, 10], [11, 12]]","[[2, 2], [2, 2], [2, 2], [2, 2], [2, 2]]","[[0.4, 0.4], [1.0, 1.0], [1.8000000000000003, 1.8000000000000003], [2.8, 2.8], [3.5, 3.5]]","[[1.0, 1.0], [1.0, 1.0], [1.0, 1.0], [1.0, 1.0], [1.0, 1.0]]","[[0.2, 0.2], [0.25, 0.25], [0.30000000000000004, 0.30000000000000004], [0.35, 0.35], [0.38, 0.38]]",0.5,0.9991395215192064,0.23389858300001265
figure_eight--demand_conflict,figure_eight,demand_conflict,balanced_slow_drift,slow_drift,1931,1,dual_anchor_dynamic,18.885583084909285,4.182310210333975,4.182310210333975,0.45412876804325286,0.22145518046916393,0.8333333333333334,0.8333333333333334,5.743101463702691,1.2285768904786551,0.21392219835283346,0.45412876804325286,2,"[[2, 4], [2, 4], [3, 4], [1, 3]]","[true, true, true, true, true]",0,4.0,0,1,1,"[[10, 10], [8, 8], [6, 6], [4, 4], [2, 2]]","[[9, 10], [7, 8], [5, 6], [3, 4], [1, 2]]","[[11, 12], [9, 10], [7, 8], [5, 6], [3, 4]]","[[2, 2], [2, 2], [2, 2], [2, 2], [2, 2]]","[[0.0, 0.0], [0.0, 0.0], [0.0, 0.0], [0.0, 0.0], [0.0, 0.0]]","[[NaN, NaN], [NaN, NaN], [NaN, NaN], [NaN, NaN], [NaN, NaN]]","[[0.0, 0.0], [0.0, 0.0], [0.0, 0.0], [0.0, 0.0], [0.0, 0.0]]",0.5,0.9992747651409625,0.3672463339999865
figure_eight--demand_conflict,figure_eight,demand_conflict,balanced_slow_drift,slow_drift,1931,1,fixed_delay_2,18.885583084909285,4.729650322129352,7.740098402355951,0.4450751541045292,0.25043708213111127,0.8333333333333334,0.8333333333333334,5.743101463702691,1.3197056580207336,0.22978971664726489,0.4450751541045292,0,"[[2, 4], [2, 4], [2, 4], [2, 4]]","[true, true, true, false, false]",2,1.0,0,1,1,"[[10, 10], [8, 8], [6, 6], [4, 4], [2, 2]]","[[9, 10], [7, 8], [5, 6], [3, 4], [1, 2]]","[[11, 12], [9, 10], [7, 8], [5, 6], [3, 4]]","[[2, 2], [2, 2], [2, 2], [2, 2], [2, 2]]","[[2.0, 2.0], [2.0, 2.0], [2.0, 2.0], [2.0, 2.0], [2.0, 2.0]]","[[NaN, NaN], [NaN, NaN], [NaN, NaN], [NaN, NaN], [NaN, NaN]]","[[1.0, 1.0], [1.0, 1.0], [1.0, 1.0], [1.0, 1.0], [1.0, 1.0]]",0.5,0.9993117725794309,0.426305499999998
figure_eight--demand_conflict,figure_eight,demand_conflict,balanced_slow_drift,slow_drift,1931,1,delay_aware_dual_anchor,18.885583084909285,4.734758542096751,7.970063807730209,0.45008933058724265,0.25070756464385296,0.8333333333333334,0.8333333333333334,5.743101463702691,1.2943146554058924,0.22536858587405528,0.45008933058724265,0,"[[2, 4], [2, 4], [2, 4], [2, 4]]","[true, true, true, false, false]",2,1.0,0,1,1,"[[10, 10], [8, 8], [6, 6], [4, 4], [2, 2]]","[[9, 10], [7, 8], [5, 6], [3, 4], [1, 2]]","[[11, 12], [9, 10], [7, 8], [5, 6], [3, 4]]","[[2, 2], [2, 2], [2, 2], [2, 2], [2, 2]]","[[2.25, 2.5], [2.0, 2.25], [1.75, 2.0], [1.5, 1.75], [1.25, 1.5]]","[[NaN, NaN], [NaN, NaN], [NaN, NaN], [NaN, NaN], [NaN, NaN]]","[[0.25, 0.25], [0.25, 0.25], [0.25, 0.25], [0.25, 0.25], [0.25, 0.25]]",0.5,0.9993045006074897,0.4264564589999935
figure_eight--demand_conflict,figure_eight,demand_conflict,balanced_slow_drift,slow_drift,1931,1,adaptive_rolling_delay,18.885583084909285,5.00913396230003,7.991968103911438,0.46253358728392435,0.26523586482763295,0.8333333333333334,0.8333333333333334,5.743101463702691,1.3349453821821922,0.2324432870669721,0.46253358728392435,0,"[[2, 4], [2, 4], [2, 4], [2, 4]]","[true, true, true, false, false]",2,1.0,0,1,1,"[[10, 10], [8, 8], [6, 6], [4, 4], [2, 2]]","[[9, 10], [7, 8], [5, 6], [3, 4], [1, 2]]","[[11, 12], [9, 10], [7, 8], [5, 6], [3, 4]]","[[2, 2], [2, 2], [2, 2], [2, 2], [2, 2]]","[[3.3626145682969324, 3.5], [2.319201394016958, 2.840435489537714], [1.4124601902301188, 1.8381366827170051], [0.7043965727058082, 1.0322902999087455], [0.1951563547303336, 0.42452587009783327]]","[[0.9938837374305838, 0.9887897380008999], [0.9952004713485086, 0.9909681387213621], [0.9957096351097562, 0.9923533272958941], [0.9964477531979539, 0.9929572871118282], [0.9969042886060704, 0.9934319283250194]]","[[0.3736238409218814, 0.377421639740207], [0.32664808366436027, 0.35067104809107585], [0.2769529784764939, 0.3013338824126238], [0.2272247008728414, 0.2517781219289624], [0.17741486793666694, 0.2021551762370635]]",0.5,0.9992779724499568,0.4487373340000005
figure_eight--demand_conflict,figure_eight,demand_conflict,balanced_slow_drift,slow_drift,1931,1,oracle_adaptive_delay,18.885583084909285,4.715126356056013,4.715126356056013,0.4463978885405603,0.24966803168622745,0.8333333333333334,0.8333333333333334,5.743101463702691,1.2451168395590548,0.2168021664649998,0.4463978885405603,1,"[[2, 4], [2, 4], [2, 4], [1, 2]]","[true, true, true, true, true]",0,4.0,0,1,1,"[[10, 10], [8, 8], [6, 6], [4, 4], [2, 2]]","[[9, 10], [7, 8], [5, 6], [3, 4], [1, 2]]","[[11, 12], [9, 10], [7, 8], [5, 6], [3, 4]]","[[2, 2], [2, 2], [2, 2], [2, 2], [2, 2]]","[[3.5, 3.5], [2.8, 2.8], [1.8000000000000003, 1.8000000000000003], [1.0, 1.0], [0.4, 0.4]]","[[1.0, 1.0], [1.0, 1.0], [1.0, 1.0], [1.0, 1.0], [1.0, 1.0]]","[[0.38, 0.38], [0.35, 0.35], [0.30000000000000004, 0.30000000000000004], [0.25, 0.25], [0.2, 0.2]]",0.5,0.9992593155006269,0.4374322500000005
figure_eight--demand_conflict,figure_eight,demand_conflict,balanced_slow_drift,slow_drift,1951,2,dual_anchor_dynamic,17.833583744652266,7.53763871638315,21.70734521938507,0.674370865927521,0.42266539492621347,1.0,1.0,5.177878155849228,1.4104362781015296,0.2723965755177572,0.674370865927521,1,"[[2, 4], [2, 4], [4, 5], [4, 5]]","[true, true, true, false, false]",2,1.0,0,1,1,"[[2, 10], [4, 8], [6, 6], [8, 4], [10, 2]]","[[1, 10], [3, 8], [5, 6], [7, 4], [9, 2]]","[[3, 12], [5, 10], [7, 8], [9, 6], [11, 4]]","[[2, 2], [2, 2], [2, 2], [2, 2], [2, 2]]","[[0.0, 0.0], [0.0, 0.0], [0.0, 0.0], [0.0, 0.0], [0.0, 0.0]]","[[NaN, NaN], [NaN, NaN], [NaN, NaN], [NaN, NaN], [NaN, NaN]]","[[0.0, 0.0], [0.0, 0.0], [0.0, 0.0], [0.0, 0.0], [0.0, 0.0]]",0.5,0.9878286151234504,0.39168529200000535
figure_eight--demand_conflict,figure_eight,demand_conflict,balanced_slow_drift,slow_drift,1951,2,fixed_delay_2,17.833583744652266,7.681380763373079,23.217034209329974,0.6925855185699022,0.43072558344738116,1.0,1.0,5.177878155849228,1.6514479045995536,0.31894298299275026,0.6925855185699022,1,"[[2, 4], [2, 4], [4, 5], [4, 5]]","[true, true, true, false, false]",2,1.0,0,1,1,"[[2, 10], [4, 8], [6, 6], [8, 4], [10, 2]]","[[1, 10], [3, 8], [5, 6], [7, 4], [9, 2]]","[[3, 12], [5, 10], [7, 8], [9, 6], [11, 4]]","[[2, 2], [2, 2], [2, 2], [2, 2], [2, 2]]","[[2.0, 2.0], [2.0, 2.0], [2.0, 2.0], [2.0, 2.0], [2.0, 2.0]]","[[NaN, NaN], [NaN, NaN], [NaN, NaN], [NaN, NaN], [NaN, NaN]]","[[1.0, 1.0], [1.0, 1.0], [1.0, 1.0], [1.0, 1.0], [1.0, 1.0]]",0.5,0.987976330023749,0.4557186669999993
figure_eight--demand_conflict,figure_eight,demand_conflict,balanced_slow_drift,slow_drift,1951,2,delay_aware_dual_anchor,17.833583744652266,7.875413954349171,23.089635606914655,0.6834642123853322,0.4416057965192084,1.0,1.0,5.177878155849228,1.5698354765057634,0.3031812316271651,0.6834642123853322,1,"[[2, 4], [2, 4], [4, 5], [4, 5]]","[true, true, true, false, false]",2,1.0,0,1,1,"[[2, 10], [4, 8], [6, 6], [8, 4], [10, 2]]","[[1, 10], [3, 8], [5, 6], [7, 4], [9, 2]]","[[3, 12], [5, 10], [7, 8], [9, 6], [11, 4]]","[[2, 2], [2, 2], [2, 2], [2, 2], [2, 2]]","[[0.25, 2.5], [0.5, 2.25], [0.75, 2.0], [1.0, 1.75], [1.25, 1.5]]","[[NaN, NaN], [NaN, NaN], [NaN, NaN], [NaN, NaN], [NaN, NaN]]","[[0.25, 0.25], [0.25, 0.25], [0.25, 0.25], [0.25, 0.25], [0.25, 0.25]]",0.5,0.9878798051889133,0.46282362499999863
figure_eight--demand_conflict,figure_eight,demand_conflict,balanced_slow_drift,slow_drift,1951,2,adaptive_rolling_delay,17.833583744652266,7.929056566958913,23.183798036970924,0.6877608493640841,0.44461375125101193,1.0,1.0,5.177878155849228,1.6238363165931096,0.31361037624238625,0.6877608493640841,1,"[[2, 4], [2, 4], [4, 5], [4, 5]]","[true, true, true, false, false]",2,1.0,0,1,1,"[[2, 10], [4, 8], [6, 6], [8, 4], [10, 2]]","[[1, 10], [3, 8], [5, 6], [7, 4], [9, 2]]","[[3, 12], [5, 10], [7, 8], [9, 6], [11, 4]]","[[2, 2], [2, 2], [2, 2], [2, 2], [2, 2]]","[[0.17083553830240703, 3.5], [0.6317061993831412, 2.817769510537299], [1.3298439092182035, 1.8238480875816179], [2.202980744264827, 1.0252645292379343], [3.2937968583448733, 0.4225120690535679]]","[[0.8334215320962818, 0.9767342076741066], [0.935582398968568, 0.9771495263144632], [0.9909936013631044, 0.9769933755244482], [0.9812902703338178, 0.9762392129397608], [0.9891664478449048, 0.9751661592160367]]","[[0.17083553830240703, 0.3746488677650445], [0.21782972392522115, 0.34787277907867886], [0.2713967161669803, 0.29899148976747836], [0.3192725716325836, 0.25006451932632545], [0.3700895346454914, 0.2011962233588419]]",0.5,0.9879135526370967,0.4116131669999987
figure_eight--demand_conflict,figure_eight,demand_conflict,balanced_slow_drift,slow_drift,1951,2,oracle_adaptive_delay,17.833583744652266,7.914596057321621,23.37109429073196,0.6919707799968641,0.4438028929375993,1.0,1.0,5.177878155849228,1.6560269765505482,0.3198273359676888,0.6919707799968641,1,"[[2, 4], [2, 4], [4, 5], [4, 5]]","[true, true, true, false, false]",2,1.0,0,1,1,"[[2, 10], [4, 8], [6, 6], [8, 4], [10, 2]]","[[1, 10], [3, 8], [5, 6], [7, 4], [9, 2]]","[[3, 12], [5, 10], [7, 8], [9, 6], [11, 4]]","[[2, 2], [2, 2], [2, 2], [2, 2], [2, 2]]","[[0.4, 3.5], [1.0, 2.8], [1.8000000000000003, 1.8000000000000003], [2.8, 1.0], [3.5, 0.4]]","[[1.0, 1.0], [1.0, 1.0], [1.0, 1.0], [1.0, 1.0], [1.0, 1.0]]","[[0.2, 0.38], [0.25, 0.35], [0.30000000000000004, 0.30000000000000004], [0.35, 0.25], [0.38, 0.2]]",0.5,0.98792507585445,0.4259642920000033
figure_eight--demand_conflict,figure_eight,demand_conflict,balanced_slow_drift,slow_drift,1973,3,dual_anchor_dynamic,14.829503719776918,5.733773948864255,9.778437863300976,0.5610403744058151,0.386646381241847,1.0,0.8333333333333334,4.257352954921945,1.6184600653137926,0.3801564217133286,0.5610403744058151,0,"[[2, 4], [2, 4], [2, 4], [2, 4]]","[true, true, true, false, false]",2,1.0,0,1,1,"[[4, 8], [5, 7], [6, 6], [7, 5], [8, 4]]","[[3, 9], [4, 8], [5, 7], [6, 6], [7, 5]]","[[5, 11], [6, 10], [7, 9], [8, 8], [9, 7]]","[[2, 2], [2, 2], [2, 2], [2, 2], [2, 2]]","[[0.0, 0.0], [0.0, 0.0], [0.0, 0.0], [0.0, 0.0], [0.0, 0.0]]","[[NaN, NaN], [NaN, NaN], [NaN, NaN], [NaN, NaN], [NaN, NaN]]","[[0.0, 0.0], [0.0, 0.0], [0.0, 0.0], [0.0, 0.0], [0.0, 0.0]]",1.0,0.9961249171589948,0.41463437499999145
figure_eight--demand_conflict,figure_eight,demand_conflict,balanced_slow_drift,slow_drift,1973,3,fixed_delay_2,14.829503719776918,6.137046732331251,10.218058282076061,0.566207699568203,0.41384033129488784,1.0,0.8333333333333334,4.257352954921945,1.607321811987459,0.37754018259849165,0.566207699568203,0,"[[2, 4], [2, 4], [2, 4], [2, 4]]","[true, true, true, false, false]",2,1.0,0,1,1,"[[4, 8], [5, 7], [6, 6], [7, 5], [8, 4]]","[[3, 9], [4, 8], [5, 7], [6, 6], [7, 5]]","[[5, 11], [6, 10], [7, 9], [8, 8], [9, 7]]","[[2, 2], [2, 2], [2, 2], [2, 2], [2, 2]]","[[2.0, 2.0], [2.0, 2.0], [2.0, 2.0], [2.0, 2.0], [2.0, 2.0]]","[[NaN, NaN], [NaN, NaN], [NaN, NaN], [NaN, NaN], [NaN, NaN]]","[[1.0, 1.0], [1.0, 1.0], [1.0, 1.0], [1.0, 1.0], [1.0, 1.0]]",1.0,0.9961177295064423,0.4556449580000077
figure_eight--demand_conflict,figure_eight,demand_conflict,balanced_slow_drift,slow_drift,1973,3,delay_aware_dual_anchor,14.829503719776918,5.719348483830201,10.18134133431075,0.5578537175961993,0.3856736268390941,1.0,0.8333333333333334,4.257352954921945,1.4967784963152986,0.35157491337072866,0.5578537175961993,0,"[[2, 4], [2, 4], [2, 4], [2, 4]]","[true, true, true, false, false]",2,1.0,0,1,1,"[[4, 8], [5, 7], [6, 6], [7, 5], [8, 4]]","[[3, 9], [4, 8], [5, 7], [6, 6], [7, 5]]","[[5, 11], [6, 10], [7, 9], [8, 8], [9, 7]]","[[2, 2], [2, 2], [2, 2], [2, 2], [2, 2]]","[[0.75, 2.25], [0.875, 2.125], [1.0, 2.0], [1.125, 1.875], [1.25, 1.75]]","[[NaN, NaN], [NaN, NaN], [NaN, NaN], [NaN, NaN], [NaN, NaN]]","[[0.25, 0.25], [0.25, 0.25], [0.25, 0.25], [0.25, 0.25], [0.25, 0.25]]",1.0,0.9961152130919004,0.4113398340000032
figure_eight--demand_conflict,figure_eight,demand_conflict,balanced_slow_drift,slow_drift,1973,3,adaptive_rolling_delay,14.829503719776918,5.831125478575059,10.221166256134598,0.5563622181446402,0.3932111005709891,1.0,0.8333333333333334,4.257352954921945,1.5080254272001425,0.3542166795113164,0.5563622181446402,0,"[[2, 4], [2, 4], [2, 4], [2, 4]]","[true, true, true, false, false]",2,1.0,0,1,1,"[[4, 8], [5, 7], [6, 6], [7, 5], [8, 4]]","[[3, 9], [4, 8], [5, 7], [6, 6], [7, 5]]","[[5, 11], [6, 10], [7, 9], [8, 8], [9, 7]]","[[2, 2], [2, 2], [2, 2], [2, 2], [2, 2]]","[[0.6748472109380046, 3.3245759374806667], [1.070168536996209, 2.654136545396881], [1.4542053547993956, 2.1487185125465644], [1.8879671327216234, 1.6913372678146845], [2.3709634230519154, 1.2826112381629975]]","[[0.9993209375022428, 0.9750992283855143], [0.998114596363286, 0.9757636721872988], [0.9973451994073896, 0.9764000973586202], [0.9968440506988803, 0.9766198190424314], [0.9961137523548736, 0.9767556218107594]]","[[0.2249490703126682, 0.3693973263867407], [0.25480203261814505, 0.34027391607652324], [0.2796548759229607, 0.3159880165509654], [0.3045108278583264, 0.29160987376115255], [0.3293004754238772, 0.26721067461729114]]",1.0,0.9960858637752766,0.42392683399999953
figure_eight--demand_conflict,figure_eight,demand_conflict,balanced_slow_drift,slow_drift,1973,3,oracle_adaptive_delay,14.829503719776918,6.069816375990163,10.347626794500076,0.5654241814407109,0.40930677726560305,1.0,0.8333333333333334,4.257352954921945,1.5778443666698585,0.37061629218355163,0.5654241814407109,0,"[[2, 4], [2, 4], [2, 4], [2, 4]]","[true, true, true, false, false]",2,1.0,0,1,1,"[[4, 8], [5, 7], [6, 6], [7, 5], [8, 4]]","[[3, 9], [4, 8], [5, 7], [6, 6], [7, 5]]","[[5, 11], [6, 10], [7, 9], [8, 8], [9, 7]]","[[2, 2], [2, 2], [2, 2], [2, 2], [2, 2]]","[[1.0, 2.8], [1.375, 2.275], [1.8000000000000003, 1.8000000000000003], [2.275, 1.375], [2.8, 1.0]]","[[1.0, 1.0], [1.0, 1.0], [1.0, 1.0], [1.0, 1.0], [1.0, 1.0]]","[[0.25, 0.35], [0.275, 0.325], [0.30000000000000004, 0.30000000000000004], [0.325, 0.275], [0.35, 0.25]]",1.0,0.9960832678187869,0.44365020899999763
s_curve--demand_conflict,s_curve,demand_conflict,balanced_slow_drift,slow_drift,1901,0,dual_anchor_dynamic,1.0573192021027173,1.0573192021027173,9.055985013401177,3.9506131557490676,1.0,0.16666666666666666,0.16666666666666666,0.250468303921404,0.250468303921404,1.0,3.9506131557490676,0,"[[2, 4], [2, 4], [2, 4], [2, 4]]","[true, false, false, false, false]",4,0.25,0,1,1,"[[2, 2], [4, 4], [6, 6], [8, 8], [10, 10]]","[[1, 2], [3, 4], [5, 6], [7, 8], [9, 10]]","[[3, 4], [5, 6], [7, 8], [9, 10], [11, 12]]","[[2, 2], [2, 2], [2, 2], [2, 2], [2, 2]]","[[0.0, 0.0], [0.0, 0.0], [0.0, 0.0], [0.0, 0.0], [0.0, 0.0]]","[[NaN, NaN], [NaN, NaN], [NaN, NaN], [NaN, NaN], [NaN, NaN]]","[[0.0, 0.0], [0.0, 0.0], [0.0, 0.0], [0.0, 0.0], [0.0, 0.0]]",0.5,0.9987070160415046,0.21681199999999023
s_curve--demand_conflict,s_curve,demand_conflict,balanced_slow_drift,slow_drift,1901,0,fixed_delay_2,1.0573192021027173,1.0573192021027173,9.220377899886387,4.069361518297557,1.0,0.16666666666666666,0.16666666666666666,0.250468303921404,0.250468303921404,1.0,4.069361518297557,0,"[[2, 4], [2, 4], [2, 4], [2, 4]]","[true, false, false, false, false]",4,0.25,0,1,1,"[[2, 2], [4, 4], [6, 6], [8, 8], [10, 10]]","[[1, 2], [3, 4], [5, 6], [7, 8], [9, 10]]","[[3, 4], [5, 6], [7, 8], [9, 10], [11, 12]]","[[2, 2], [2, 2], [2, 2], [2, 2], [2, 2]]","[[2.0, 2.0], [2.0, 2.0], [2.0, 2.0], [2.0, 2.0], [2.0, 2.0]]","[[NaN, NaN], [NaN, NaN], [NaN, NaN], [NaN, NaN], [NaN, NaN]]","[[1.0, 1.0], [1.0, 1.0], [1.0, 1.0], [1.0, 1.0], [1.0, 1.0]]",0.5,0.9987104820041757,0.2184997920000029
s_curve--demand_conflict,s_curve,demand_conflict,balanced_slow_drift,slow_drift,1901,0,delay_aware_dual_anchor,1.0573192021027173,1.0573192021027173,9.12875565277708,3.977897606363859,1.0,0.16666666666666666,0.16666666666666666,0.250468303921404,0.250468303921404,1.0,3.977897606363859,0,"[[2, 4], [2, 4], [2, 4], [2, 4]]","[true, false, false, false, false]",4,0.25,0,1,1,"[[2, 2], [4, 4], [6, 6], [8, 8], [10, 10]]","[[1, 2], [3, 4], [5, 6], [7, 8], [9, 10]]","[[3, 4], [5, 6], [7, 8], [9, 10], [11, 12]]","[[2, 2], [2, 2], [2, 2], [2, 2], [2, 2]]","[[0.25, 0.5], [0.5, 0.75], [0.75, 1.0], [1.0, 1.25], [1.25, 1.5]]","[[NaN, NaN], [NaN, NaN], [NaN, NaN], [NaN, NaN], [NaN, NaN]]","[[0.25, 0.25], [0.25, 0.25], [0.25, 0.25], [0.25, 0.25], [0.25, 0.25]]",0.5,0.9987070109714283,0.21781733299999928
s_curve--demand_conflict,s_curve,demand_conflict,balanced_slow_drift,slow_drift,1901,0,adaptive_rolling_delay,1.0573192021027173,1.0573192021027173,9.239573501470268,4.003672453380507,1.0,0.16666666666666666,0.16666666666666666,0.250468303921404,0.250468303921404,1.0,4.003672453380507,0,"[[2, 4], [2, 4], [2, 4], [2, 4]]","[true, false, false, false, false]",4,0.25,0,1,1,"[[2, 2], [4, 4], [6, 6], [8, 8], [10, 10]]","[[1, 2], [3, 4], [5, 6], [7, 8], [9, 10]]","[[3, 4], [5, 6], [7, 8], [9, 10], [11, 12]]","[[2, 2], [2, 2], [2, 2], [2, 2], [2, 2]]","[[0.17471867483471887, 0.38699844353717483], [0.6426607805054793, 0.8843238572681819], [1.327119703392194, 1.4869943315029128], [2.206623283434235, 2.131009273759521], [3.278046723575451, 2.709115275087683]]","[[0.9887469933887556, 0.8699844353717484], [0.9876850440213049, 0.7871764819676053], [0.9864551493414304, 0.6917487291041802], [0.9843505846958501, 0.6063190346159403], [0.9812128385685899, 0.5376000329765845]]","[[0.17471867483471887, 0.19349922176858741], [0.2216071656915446, 0.2267497069918415], [0.27084075579432526, 0.2520329375428666], [0.31980047586003413, 0.2697480093366482], [0.36831985658151134, 0.27364800758461444]]",0.5,0.9987072030988525,0.2164339579999961
s_curve--demand_conflict,s_curve,demand_conflict,balanced_slow_drift,slow_drift,1901,0,oracle_adaptive_delay,1.0573192021027173,1.0573192021027173,9.295060575839912,4.030086324348686,1.0,0.16666666666666666,0.16666666666666666,0.250468303921404,0.250468303921404,1.0,4.030086324348686,0,"[[2, 4], [2, 4], [2, 4], [2, 4]]","[true, false, false, false, false]",4,0.25,0,1,1,"[[2, 2], [4, 4], [6, 6], [8, 8], [10, 10]]","[[1, 2], [3, 4], [5, 6], [7, 8], [9, 10]]","[[3, 4], [5, 6], [7, 8], [9, 10], [11, 12]]","[[2, 2], [2, 2], [2, 2], [2, 2], [2, 2]]","[[0.4, 0.4], [1.0, 1.0], [1.8000000000000003, 1.8000000000000003], [2.8, 2.8], [3.5, 3.5]]","[[1.0, 1.0], [1.0, 1.0], [1.0, 1.0], [1.0, 1.0], [1.0, 1.0]]","[[0.2, 0.2], [0.25, 0.25], [0.30000000000000004, 0.30000000000000004], [0.35, 0.35], [0.38, 0.38]]",0.5,0.9987079785161794,0.2179129999999958
s_curve--demand_conflict,s_curve,demand_conflict,balanced_slow_drift,slow_drift,1931,1,dual_anchor_dynamic,10.34200929585354,1.9357873437825348,2.9768046097904266,0.4177121941596581,0.1871771034433954,0.8333333333333334,0.6666666666666666,2.336649568741269,0.8033376841716974,0.34379895681338635,0.4177121941596581,3,"[[2, 4], [3, 4], [2, 3], [3, 4]]","[true, true, true, true, false]",1,2.0,0,1,1,"[[10, 10], [8, 8], [6, 6], [4, 4], [2, 2]]","[[9, 10], [7, 8], [5, 6], [3, 4], [1, 2]]","[[11, 12], [9, 10], [7, 8], [5, 6], [3, 4]]","[[2, 2], [2, 2], [2, 2], [2, 2], [2, 2]]","[[0.0, 0.0], [0.0, 0.0], [0.0, 0.0], [0.0, 0.0], [0.0, 0.0]]","[[NaN, NaN], [NaN, NaN], [NaN, NaN], [NaN, NaN], [NaN, NaN]]","[[0.0, 0.0], [0.0, 0.0], [0.0, 0.0], [0.0, 0.0], [0.0, 0.0]]",0.5,0.9984133170413221,0.288674541000006
s_curve--demand_conflict,s_curve,demand_conflict,balanced_slow_drift,slow_drift,1931,1,fixed_delay_2,10.34200929585354,1.5394832026088956,4.03846137185676,0.39487001890550943,0.1488572634745287,0.8333333333333334,0.6666666666666666,2.336649568741269,0.8409971560061417,0.3599158244593685,0.39487001890550943,2,"[[2, 4], [3, 4], [2, 3], [2, 3]]","[true, true, true, false, false]",2,1.0,0,1,1,"[[10, 10], [8, 8], [6, 6], [4, 4], [2, 2]]","[[9, 10], [7, 8], [5, 6], [3, 4], [1, 2]]","[[11, 12], [9, 10], [7, 8], [5, 6], [3, 4]]","[[2, 2], [2, 2], [2, 2], [2, 2], [2, 2]]","[[2.0, 2.0], [2.0, 2.0], [2.0, 2.0], [2.0, 2.0], [2.0, 2.0]]","[[NaN, NaN], [NaN, NaN], [NaN, NaN], [NaN, NaN], [NaN, NaN]]","[[1.0, 1.0], [1.0, 1.0], [1.0, 1.0], [1.0, 1.0], [1.0, 1.0]]",0.5,0.9984576508845647,0.29502066699998863
s_curve--demand_conflict,s_curve,demand_conflict,balanced_slow_drift,slow_drift,1931,1,delay_aware_dual_anchor,10.34200929585354,1.1950651666909815,4.633883274071804,0.4034060588849262,0.11555444715855394,0.8333333333333334,0.3333333333333333,2.336649568741269,0.7857025551399693,0.33625177076219426,0.4034060588849262,1,"[[2, 4], [2, 4], [4, 5], [4, 5]]","[true, true, true, false, false]",2,1.0,0,1,1,"[[10, 10], [8, 8], [6, 6], [4, 4], [2, 2]]","[[9, 10], [7, 8], [5, 6], [3, 4], [1, 2]]","[[11, 12], [9, 10], [7, 8], [5, 6], [3, 4]]","[[2, 2], [2, 2], [2, 2], [2, 2], [2, 2]]","[[2.25, 2.5], [2.0, 2.25], [1.75, 2.0], [1.5, 1.75], [1.25, 1.5]]","[[NaN, NaN], [NaN, NaN], [NaN, NaN], [NaN, NaN], [NaN, NaN]]","[[0.25, 0.25], [0.25, 0.25], [0.25, 0.25], [0.25, 0.25], [0.25, 0.25]]",0.5,0.998378737290176,0.32044583299999374
s_curve--demand_conflict,s_curve,demand_conflict,balanced_slow_drift,slow_drift,1931,1,adaptive_rolling_delay,10.34200929585354,1.147070408283151,4.563350765586845,0.39571237671510295,0.11091368954222951,0.8333333333333334,0.6666666666666666,2.336649568741269,0.7206296530160651,0.3084029640800017,0.39571237671510295,1,"[[2, 4], [2, 4], [1, 4], [1, 4]]","[true, true, true, false, false]",2,1.0,0,1,1,"[[10, 10], [8, 8], [6, 6], [4, 4], [2, 2]]","[[9, 10], [7, 8], [5, 6], [3, 4], [1, 2]]","[[11, 12], [9, 10], [7, 8], [5, 6], [3, 4]]","[[2, 2], [2, 2], [2, 2], [2, 2], [2, 2]]","[[3.313976218200798, 3.5], [2.287225736156692, 2.824788122127629], [1.3954917469512869, 1.8292134624460288], [0.6967479805299659, 1.0281979298052952], [0.1942552606361059, 0.42340379831193814]]","[[0.9698647991115051, 0.9782431806180015], [0.9698279993308407, 0.9814285152431819], [0.9696143743964432, 0.9827610453598807], [0.9646117816023559, 0.9832193451642958], [0.9671160540861474, 0.9832544064574895]]","[[0.3682195798000887, 0.3749959315421404], [0.32214446988122425, 0.34873927433674434], [0.27362583273554647, 0.2998710594173818], [0.22475741307418257, 0.25077998287934034], [0.17659569148736903, 0.2016208563390182]]",0.5,0.998344554601576,0.3187045420000061
s_curve--demand_conflict,s_curve,demand_conflict,balanced_slow_drift,slow_drift,1931,1,oracle_adaptive_delay,10.34200929585354,1.3010669164439719,4.524143689846874,0.3985864432934885,0.1258040753227338,0.8333333333333334,0.6666666666666666,2.336649568741269,0.7350114893991616,0.31455786063594693,0.3985864432934885,1,"[[2, 4], [2, 4], [3, 4], [3, 4]]","[true, true, true, false, false]",2,1.0,0,1,1,"[[10, 10], [8, 8], [6, 6], [4, 4], [2, 2]]","[[9, 10], [7, 8], [5, 6], [3, 4], [1, 2]]","[[11, 12], [9, 10], [7, 8], [5, 6], [3, 4]]","[[2, 2], [2, 2], [2, 2], [2, 2], [2, 2]]","[[3.5, 3.5], [2.8, 2.8], [1.8000000000000003, 1.8000000000000003], [1.0, 1.0], [0.4, 0.4]]","[[1.0, 1.0], [1.0, 1.0], [1.0, 1.0], [1.0, 1.0], [1.0, 1.0]]","[[0.38, 0.38], [0.35, 0.35], [0.30000000000000004, 0.30000000000000004], [0.25, 0.25], [0.2, 0.2]]",0.5,0.998379245942115,0.3042602499999987
s_curve--demand_conflict,s_curve,demand_conflict,balanced_slow_drift,slow_drift,1951,2,dual_anchor_dynamic,11.312786930513528,2.7167448582917135,9.04009727586378,0.47672438360265135,0.2401481504936636,1.0,0.8333333333333334,2.2683056517810907,0.9114835871600705,0.40183455278364566,0.47672438360265135,2,"[[3, 4], [2, 4], [2, 5], [2, 5]]","[true, true, true, false, false]",2,1.0,0,1,1,"[[2, 10], [4, 8], [6, 6], [8, 4], [10, 2]]","[[1, 10], [4, 8], [6, 6], [8, 4], [10, 2]]","[[3, 12], [6, 10], [8, 8], [10, 6], [12, 4]]","[[2, 2], [2, 2], [2, 2], [2, 2], [2, 2]]","[[0.0, 0.0], [0.0, 0.0], [0.0, 0.0], [0.0, 0.0], [0.0, 0.0]]","[[NaN, NaN], [NaN, NaN], [NaN, NaN], [NaN, NaN], [NaN, NaN]]","[[0.0, 0.0], [0.0, 0.0], [0.0, 0.0], [0.0, 0.0], [0.0, 0.0]]",0.0,0.9813333836848106,0.4602854999999977
s_curve--demand_conflict,s_curve,demand_conflict,balanced_slow_drift,slow_drift,1951,2,fixed_delay_2,11.312786930513528,3.2038951350425697,10.15281671377614,0.512421455337855,0.2832100661598099,1.0,1.0,2.2683056517810907,0.9150302740637233,0.40339813699500093,0.512421455337855,2,"[[3, 4], [2, 4], [3, 4], [3, 4]]","[true, true, true, false, false]",2,1.0,0,1,1,"[[2, 10], [4, 8], [6, 6], [8, 4], [10, 2]]","[[1, 10], [3, 8], [5, 6], [7, 4], [10, 2]]","[[3, 12], [5, 10], [7, 8], [9, 6], [12, 4]]","[[2, 2], [2, 2], [2, 2], [2, 2], [2, 2]]","[[2.0, 2.0], [2.0, 2.0], [2.0, 2.0], [2.0, 2.0], [2.0, 2.0]]","[[NaN, NaN], [NaN, NaN], [NaN, NaN], [NaN, NaN], [NaN, NaN]]","[[1.0, 1.0], [1.0, 1.0], [1.0, 1.0], [1.0, 1.0], [1.0, 1.0]]",0.0,0.9866217932640026,0.2831247499999989
s_curve--demand_conflict,s_curve,demand_conflict,balanced_slow_drift,slow_drift,1951,2,delay_aware_dual_anchor,11.312786930513528,3.1000325771605945,9.559091193433833,0.48965656354223425,0.2740290784403444,1.0,1.0,2.2683056517810907,0.852593350108761,0.37587233865034825,0.48965656354223425,2,"[[3, 4], [2, 4], [4, 5], [4, 5]]","[true, true, true, false, false]",2,1.0,0,1,1,"[[2, 10], [4, 8], [6, 6], [8, 4], [10, 2]]","[[1, 10], [4, 8], [6, 6], [8, 4], [10, 2]]","[[3, 12], [6, 10], [8, 8], [10, 6], [12, 4]]","[[2, 2], [2, 2], [2, 2], [2, 2], [2, 2]]","[[0.25, 2.5], [0.625, 2.25], [1.0, 2.0], [1.25, 1.75], [1.5, 1.5]]","[[NaN, NaN], [NaN, NaN], [NaN, NaN], [NaN, NaN], [NaN, NaN]]","[[0.25, 0.25], [0.25, 0.25], [0.25, 0.25], [0.25, 0.25], [0.25, 0.25]]",0.0,0.9837798199457168,0.29613462500000765
s_curve--demand_conflict,s_curve,demand_conflict,balanced_slow_drift,slow_drift,1951,2,adaptive_rolling_delay,11.312786930513528,3.2186002424336366,10.772204318357378,0.5329808861010865,0.2845099321858732,1.0,0.5,2.2683056517810907,1.0506933395890479,0.46320624328737864,0.5329808861010865,1,"[[3, 4], [2, 4], [2, 4], [2, 4]]","[true, true, false, false, false]",3,0.5,0,1,1,"[[2, 10], [4, 8], [6, 6], [8, 4], [10, 2]]","[[1, 10], [4, 8], [6, 6], [8, 4], [10, 2]]","[[3, 12], [6, 10], [8, 8], [10, 6], [12, 4]]","[[2, 2], [2, 2], [2, 2], [2, 2], [2, 2]]","[[0.1655091409587401, 3.5], [0.7417752487476095, 2.7856446247445885], [1.4502358716166923, 1.8057102934258868], [2.6238733362899764, 1.0180846789780802], [3.5, 0.420962544214613]]","[[0.6203656383496042, 0.9534227141401725], [0.622763113418548, 0.9575641668919911], [0.6495097634205027, 0.9574956123900964], [0.9222069131805649, 0.9591545008401671], [0.9528139720774205, 0.9611115121506859]]","[[0.1655091409587401, 0.3692872242522397], [0.2060486802076693, 0.34390674379562824], [0.24580269010452416, 0.29601808088948967], [0.3321358653531616, 0.24831333633611713], [0.3691472135778067, 0.200458354387911]]",0.0,0.982956362845883,0.3305457080000025
s_curve--demand_conflict,s_curve,demand_conflict,balanced_slow_drift,slow_drift,1951,2,oracle_adaptive_delay,11.312786930513528,3.2346940527625785,10.911969181358542,0.5381822097035645,0.28593255336912315,1.0,0.5,2.2683056517810907,1.0534331458143682,0.46441410794317095,0.5381822097035645,1,"[[3, 4], [2, 4], [2, 4], [2, 4]]","[true, true, false, false, false]",3,0.5,0,1,1,"[[2, 10], [4, 8], [6, 6], [8, 4], [10, 2]]","[[1, 10], [4, 8], [6, 6], [8, 4], [10, 2]]","[[3, 12], [6, 10], [8, 8], [10, 6], [12, 4]]","[[2, 2], [2, 2], [2, 2], [2, 2], [2, 2]]","[[0.4, 3.5], [1.0, 2.8], [1.8000000000000003, 1.8000000000000003], [2.8, 1.0], [3.5, 0.4]]","[[1.0, 1.0], [1.0, 1.0], [1.0, 1.0], [1.0, 1.0], [1.0, 1.0]]","[[0.2, 0.38], [0.25, 0.35], [0.30000000000000004, 0.30000000000000004], [0.35, 0.25], [0.38, 0.2]]",0.0,0.9838174505826006,0.31320062499999324
s_curve--demand_conflict,s_curve,demand_conflict,balanced_slow_drift,slow_drift,1973,3,dual_anchor_dynamic,9.285704275693234,1.8233513319330148,3.427940716379919,0.3896626952778652,0.1963611243474465,1.0,0.5,1.8664143306041212,0.9738415887823824,0.521771384206619,0.3896626952778652,1,"[[3, 4], [2, 4], [2, 4], [2, 4]]","[true, true, true, false, false]",2,1.0,0,1,1,"[[4, 8], [5, 7], [6, 6], [7, 5], [8, 4]]","[[3, 9], [4, 8], [5, 7], [6, 6], [7, 5]]","[[5, 11], [6, 10], [7, 9], [8, 8], [9, 7]]","[[2, 2], [2, 2], [2, 2], [2, 2], [2, 2]]","[[0.0, 0.0], [0.0, 0.0], [0.0, 0.0], [0.0, 0.0], [0.0, 0.0]]","[[NaN, NaN], [NaN, NaN], [NaN, NaN], [NaN, NaN], [NaN, NaN]]","[[0.0, 0.0], [0.0, 0.0], [0.0, 0.0], [0.0, 0.0], [0.0, 0.0]]",1.0,0.9923160928327199,0.30700883400000123
s_curve--demand_conflict,s_curve,demand_conflict,balanced_slow_drift,slow_drift,1973,3,fixed_delay_2,9.285704275693234,1.6081180068678174,4.165823068079569,0.3897617636302697,0.1731821258918739,1.0,0.8333333333333334,1.8664143306041212,0.8768364647451548,0.4697973276176787,0.3897617636302697,1,"[[3, 4], [2, 4], [2, 4], [2, 4]]","[true, true, true, false, false]",2,1.0,0,1,1,"[[4, 8], [5, 7], [6, 6], [7, 5], [8, 4]]","[[3, 9], [4, 8], [5, 7], [6, 6], [7, 5]]","[[5, 11], [6, 10], [7, 9], [8, 8], [9, 7]]","[[2, 2], [2, 2], [2, 2], [2, 2], [2, 2]]","[[2.0, 2.0], [2.0, 2.0], [2.0, 2.0], [2.0, 2.0], [2.0, 2.0]]","[[NaN, NaN], [NaN, NaN], [NaN, NaN], [NaN, NaN], [NaN, NaN]]","[[1.0, 1.0], [1.0, 1.0], [1.0, 1.0], [1.0, 1.0], [1.0, 1.0]]",1.0,0.9940940494659511,0.47584650000000295
s_curve--demand_conflict,s_curve,demand_conflict,balanced_slow_drift,slow_drift,1973,3,delay_aware_dual_anchor,9.285704275693234,1.4856756457545628,3.9041628910782102,0.3831296123621089,0.15999601124963114,1.0,0.6666666666666666,1.8664143306041212,0.8462539265760601,0.4534116100052364,0.3831296123621089,1,"[[3, 4], [2, 4], [2, 4], [2, 4]]","[true, true, true, false, false]",2,1.0,0,1,1,"[[4, 8], [5, 7], [6, 6], [7, 5], [8, 4]]","[[3, 9], [4, 8], [5, 7], [6, 6], [7, 5]]","[[5, 11], [6, 10], [7, 9], [8, 8], [9, 7]]","[[2, 2], [2, 2], [2, 2], [2, 2], [2, 2]]","[[0.75, 2.25], [0.875, 2.125], [1.0, 2.0], [1.125, 1.875], [1.25, 1.75]]","[[NaN, NaN], [NaN, NaN], [NaN, NaN], [NaN, NaN], [NaN, NaN]]","[[0.25, 0.25], [0.25, 0.25], [0.25, 0.25], [0.25, 0.25], [0.25, 0.25]]",1.0,0.9933163590606036,0.37751029199999664
s_curve--demand_conflict,s_curve,demand_conflict,balanced_slow_drift,slow_drift,1973,3,adaptive_rolling_delay,9.285704275693234,1.3956520185622034,3.975575914564283,0.37628638880544096,0.1503011486393701,1.0,0.6666666666666666,1.8664143306041212,0.8168238651771207,0.4376433741337225,0.37628638880544096,1,"[[3, 4], [2, 4], [2, 4], [2, 4]]","[true, true, true, false, false]",2,1.0,0,1,1,"[[4, 8], [5, 7], [6, 6], [7, 5], [8, 4]]","[[3, 9], [4, 8], [5, 7], [6, 6], [7, 5]]","[[5, 11], [6, 10], [7, 9], [8, 8], [9, 7]]","[[2, 2], [2, 2], [2, 2], [2, 2], [2, 2]]","[[0.6739117420078289, 3.2678522784158437], [1.0662243559635358, 2.609991796294821], [1.4467864217895046, 2.112837003919775], [1.8751985842316579, 1.6641233851698274], [2.352178622407633, 1.2643417526508187]]","[[0.9951632978125731, 0.9470875448967127], [0.9891708752007617, 0.9467401685041561], [0.9863704464341784, 0.9453607300344081], [0.9835573196999565, 0.944260862270901], [0.9816193074132974, 0.9450377650187826]]","[[0.22463724733594298, 0.3630946976017604], [0.25386294189608, 0.33461433285831044], [0.2782281580364432, 0.31071132410584934], [0.30245138455349324, 0.28691782502928065], [0.32669147533439347, 0.2634045318022539]]",1.0,0.993433027223156,0.3499617500000056
s_curve--demand_conflict,s_curve,demand_conflict,balanced_slow_drift,slow_drift,1973,3,oracle_adaptive_delay,9.285704275693234,1.4928841303774636,3.9716032559105976,0.3796154734033651,0.16077231043048812,1.0,0.6666666666666666,1.8664143306041212,0.8481193850030414,0.454411097844776,0.3796154734033651,1,"[[3, 4], [2, 4], [2, 4], [2, 4]]","[true, true, true, false, false]",2,1.0,0,1,1,"[[4, 8], [5, 7], [6, 6], [7, 5], [8, 4]]","[[3, 9], [4, 8], [5, 7], [6, 6], [7, 5]]","[[5, 11], [6, 10], [7, 9], [8, 8], [9, 7]]","[[2, 2], [2, 2], [2, 2], [2, 2], [2, 2]]","[[1.0, 2.8], [1.375, 2.275], [1.8000000000000003, 1.8000000000000003], [2.275, 1.375], [2.8, 1.0]]","[[1.0, 1.0], [1.0, 1.0], [1.0, 1.0], [1.0, 1.0], [1.0, 1.0]]","[[0.25, 0.35], [0.275, 0.325], [0.30000000000000004, 0.30000000000000004], [0.325, 0.275], [0.35, 0.25]]",1.0,0.9937121190301755,0.40693404200000316
harmonic_loop--demand_conflict,harmonic_loop,demand_conflict,balanced_switch,switch,1901,0,dual_anchor_dynamic,1.467506360911999,0.8378959146939047,12.367015198500994,5.53476086318488,0.5709657804639323,0.5,0.16666666666666666,0.39857238405926587,0.21549855094790954,0.5406760718170226,5.53476086318488,1,"[[2, 3], [3, 4], [3, 4], [3, 4]]","[true, true, false, false, false]",3,0.5,0,1,1,"[[2, 2], [2, 2], [10, 10], [10, 10], [10, 10]]","[[1, 2], [1, 2], [9, 10], [9, 10], [9, 10]]","[[3, 4], [3, 4], [11, 12], [11, 12], [11, 12]]","[[2, 2], [2, 2], [2, 2], [2, 2], [2, 2]]","[[0.0, 0.0], [0.0, 0.0], [0.0, 0.0], [0.0, 0.0], [0.0, 0.0]]","[[NaN, NaN], [NaN, NaN], [NaN, NaN], [NaN, NaN], [NaN, NaN]]","[[0.0, 0.0], [0.0, 0.0], [0.0, 0.0], [0.0, 0.0], [0.0, 0.0]]",0.5,0.9991405853377218,0.23867187500000853
harmonic_loop--demand_conflict,harmonic_loop,demand_conflict,balanced_switch,switch,1901,0,fixed_delay_2,1.467506360911999,0.8078185245915921,12.563442558204788,5.613293914460836,0.5504702031339502,0.5,0.0,0.39857238405926587,0.22184403718895526,0.5565966084493402,5.613293914460836,1,"[[2, 3], [3, 4], [3, 4], [3, 4]]","[true, true, false, false, false]",3,0.5,0,1,1,"[[2, 2], [2, 2], [10, 10], [10, 10], [10, 10]]","[[1, 2], [1, 2], [9, 9], [9, 9], [9, 9]]","[[3, 4], [3, 4], [11, 11], [11, 11], [11, 11]]","[[2, 2], [2, 2], [2, 2], [2, 2], [2, 2]]","[[2.0, 2.0], [2.0, 2.0], [2.0, 2.0], [2.0, 2.0], [2.0, 2.0]]","[[NaN, NaN], [NaN, NaN], [NaN, NaN], [NaN, NaN], [NaN, NaN]]","[[1.0, 1.0], [1.0, 1.0], [1.0, 1.0], [1.0, 1.0], [1.0, 1.0]]",1.0,0.9991487125217076,0.23143312499999524
harmonic_loop--demand_conflict,harmonic_loop,demand_conflict,balanced_switch,switch,1901,0,delay_aware_dual_anchor,1.467506360911999,0.8287869083883329,12.445428615791634,5.549318051540999,0.5647586480465226,0.5,0.16666666666666666,0.39857238405926587,0.21351191090754834,0.5356916822310501,5.549318051540999,1,"[[2, 3], [3, 4], [3, 4], [3, 4]]","[true, true, false, false, false]",3,0.5,0,1,1,"[[2, 2], [2, 2], [10, 10], [10, 10], [10, 10]]","[[1, 2], [1, 2], [9, 9], [9, 9], [9, 9]]","[[3, 4], [3, 4], [11, 11], [11, 11], [11, 11]]","[[2, 2], [2, 2], [2, 2], [2, 2], [2, 2]]","[[0.25, 0.5], [0.25, 0.5], [0.25, 0.5], [1.25, 1.375], [2.25, 2.25]]","[[NaN, NaN], [NaN, NaN], [NaN, NaN], [NaN, NaN], [NaN, NaN]]","[[0.25, 0.25], [0.25, 0.25], [0.25, 0.25], [0.25, 0.25], [0.25, 0.25]]",1.0,0.9991446403462954,0.23303387499998962
harmonic_loop--demand_conflict,harmonic_loop,demand_conflict,balanced_switch,switch,1901,0,adaptive_rolling_delay,1.467506360911999,0.8311843636556424,12.539313804209959,5.572953666707891,0.566392341317753,0.5,0.16666666666666666,0.39857238405926587,0.21390751902176305,0.5366842450127102,5.572953666707891,1,"[[2, 3], [3, 4], [3, 4], [3, 4]]","[true, true, false, false, false]",3,0.5,0,1,1,"[[2, 2], [2, 2], [10, 10], [10, 10], [10, 10]]","[[1, 2], [1, 2], [9, 9], [9, 9], [9, 9]]","[[3, 4], [3, 4], [11, 11], [11, 11], [11, 11]]","[[2, 2], [2, 2], [2, 2], [2, 2], [2, 2]]","[[0.17497310609540334, 0.36841370820237584], [0.17497226083904524, 0.36961595827660376], [2.324244163647908, 1.737560391003673], [3.373377545554478, 2.2845050935343596], [3.373374691009008, 2.287614928411351]]","[[0.9989242438161345, 0.6841370820237586], [0.9988904335618105, 0.6961595827660372], [0.9992018755389072, 0.45840788239859265], [0.9991987879281373, 0.46148399680709107], [0.9991973782760534, 0.46301971773400064]]","[[0.17497310609540334, 0.18420685410118792], [0.17497226083904524, 0.18480797913830188], [0.327358332908156, 0.2348054582437396], [0.3748197272838309, 0.2538338992815955], [0.374819410112112, 0.2541794364901501]]",1.0,0.9991489954478348,0.24038766700000735
harmonic_loop--demand_conflict,harmonic_loop,demand_conflict,balanced_switch,switch,1901,0,oracle_adaptive_delay,1.467506360911999,0.8288336065184345,12.570619882170718,5.592114143668857,0.564790469462324,0.5,0.16666666666666666,0.39857238405926587,0.21404426959775363,0.5370273459937611,5.592114143668857,1,"[[2, 3], [3, 4], [3, 4], [3, 4]]","[true, true, false, false, false]",3,0.5,0,1,1,"[[2, 2], [2, 2], [10, 10], [10, 10], [10, 10]]","[[1, 2], [1, 2], [9, 9], [9, 9], [9, 9]]","[[3, 4], [3, 4], [11, 11], [11, 11], [11, 11]]","[[2, 2], [2, 2], [2, 2], [2, 2], [2, 2]]","[[0.4, 0.4], [0.4, 0.4], [3.5, 3.5], [3.5, 3.5], [3.5, 3.5]]","[[1.0, 1.0], [1.0, 1.0], [1.0, 1.0], [1.0, 1.0], [1.0, 1.0]]","[[0.2, 0.2], [0.2, 0.2], [0.38, 0.38], [0.38, 0.38], [0.38, 0.38]]",1.0,0.9991516610493211,0.2354694579999972
harmonic_loop--demand_conflict,harmonic_loop,demand_conflict,balanced_switch,switch,1931,1,dual_anchor_dynamic,14.07576391272088,1.2471429055770966,1.2471429055770966,0.5126224540887474,0.08860214715948733,1.0,0.5,3.9082656211757825,0.38492945409627083,0.09849111892770142,0.5126224540887474,1,"[[2, 3], [2, 3], [2, 3], [2, 4]]","[true, true, true, true, true]",0,4.0,0,1,1,"[[10, 10], [10, 10], [2, 2], [2, 2], [2, 2]]","[[9, 10], [9, 10], [1, 2], [1, 2], [1, 2]]","[[11, 12], [11, 12], [3, 4], [3, 4], [3, 4]]","[[2, 2], [2, 2], [2, 2], [2, 2], [2, 2]]","[[0.0, 0.0], [0.0, 0.0], [0.0, 0.0], [0.0, 0.0], [0.0, 0.0]]","[[NaN, NaN], [NaN, NaN], [NaN, NaN], [NaN, NaN], [NaN, NaN]]","[[0.0, 0.0], [0.0, 0.0], [0.0, 0.0], [0.0, 0.0], [0.0, 0.0]]",0.5,0.9993306684400809,0.3783774580000028
harmonic_loop--demand_conflict,harmonic_loop,demand_conflict,balanced_switch,switch,1931,1,fixed_delay_2,14.07576391272088,1.0537491730215995,1.0537491730215995,0.5138435675302633,0.0748626631957986,1.0,0.3333333333333333,3.9082656211757825,0.3672280850947104,0.09396190553297952,0.5138435675302633,2,"[[2, 3], [2, 3], [2, 4], [2, 3]]","[true, true, true, true, true]",0,4.0,0,1,1,"[[10, 10], [10, 10], [2, 2], [2, 2], [2, 2]]","[[9, 10], [9, 10], [1, 2], [1, 2], [1, 2]]","[[11, 12], [11, 12], [3, 4], [3, 4], [3, 4]]","[[2, 2], [2, 2], [2, 2], [2, 2], [2, 2]]","[[2.0, 2.0], [2.0, 2.0], [2.0, 2.0], [2.0, 2.0], [2.0, 2.0]]","[[NaN, NaN], [NaN, NaN], [NaN, NaN], [NaN, NaN], [NaN, NaN]]","[[1.0, 1.0], [1.0, 1.0], [1.0, 1.0], [1.0, 1.0], [1.0, 1.0]]",0.5,0.9993416188669704,0.35809575000000393
harmonic_loop--demand_conflict,harmonic_loop,demand_conflict,balanced_switch,switch,1931,1,delay_aware_dual_anchor,14.07576391272088,1.0968395312258448,1.0968395312258448,0.5167832870982193,0.07792397897740976,1.0,0.3333333333333333,3.9082656211757825,0.3585340499485677,0.0917373803883638,0.5167832870982193,2,"[[2, 3], [2, 3], [2, 4], [2, 3]]","[true, true, true, true, true]",0,4.0,0,1,1,"[[10, 10], [10, 10], [2, 2], [2, 2], [2, 2]]","[[9, 10], [9, 10], [1, 2], [1, 2], [1, 2]]","[[11, 12], [11, 12], [3, 4], [3, 4], [3, 4]]","[[2, 2], [2, 2], [2, 2], [2, 2], [2, 2]]","[[2.25, 2.5], [2.25, 2.5], [2.25, 2.5], [1.25, 1.5], [0.25, 0.5]]","[[NaN, NaN], [NaN, NaN], [NaN, NaN], [NaN, NaN], [NaN, NaN]]","[[0.25, 0.25], [0.25, 0.25], [0.25, 0.25], [0.25, 0.25], [0.25, 0.25]]",0.5,0.9993438013840031,0.4049347920000059
harmonic_loop--demand_conflict,harmonic_loop,demand_conflict,balanced_switch,switch,1931,1,adaptive_rolling_delay,14.07576391272088,1.352788998472561,1.352788998472561,0.517591492242694,0.0961076789054402,1.0,0.3333333333333333,3.9082656211757825,0.35399414058769635,0.09057576298542343,0.517591492242694,2,"[[2, 3], [2, 3], [2, 4], [2, 3]]","[true, true, true, true, true]",0,4.0,0,1,1,"[[10, 10], [10, 10], [2, 2], [2, 2], [2, 2]]","[[9, 10], [9, 10], [1, 2], [1, 2], [1, 2]]","[[11, 12], [11, 12], [3, 4], [3, 4], [3, 4]]","[[2, 2], [2, 2], [2, 2], [2, 2], [2, 2]]","[[3.3708276533676225, 3.5], [3.3705763268814497, 3.5], [0.6446174040616323, 0.9598473705886136], [0.17492411181123946, 0.3985630946071131], [0.17492440086603414, 0.3985545452537201]]","[[0.9979395819099369, 0.9812551631563938], [0.9978154700649134, 0.9801922560456556], [0.9969912202693577, 0.9857919016137108], [0.9969644724495792, 0.9856309460711306], [0.9969760346413665, 0.9855454525372005]]","[[0.3745364059297358, 0.3756886875259706], [0.3745084807646055, 0.37544421889050084], [0.2222818634695284, 0.2461147104073368], [0.17492411181123946, 0.19928154730355654], [0.17492440086603414, 0.19927727262686004]]",0.5,0.9993441901438354,0.36442158300000926
harmonic_loop--demand_conflict,harmonic_loop,demand_conflict,balanced_switch,switch,1931,1,oracle_adaptive_delay,14.07576391272088,1.3852864164656626,1.3852864164656626,0.5170399999779292,0.09841642876758674,1.0,0.3333333333333333,3.9082656211757825,0.3555929816482262,0.0909848552057339,0.5170399999779292,2,"[[2, 3], [2, 3], [2, 4], [2, 3]]","[true, true, true, true, true]",0,4.0,0,1,1,"[[10, 10], [10, 10], [2, 2], [2, 2], [2, 2]]","[[9, 10], [9, 10], [1, 2], [1, 2], [1, 2]]","[[11, 12], [11, 12], [3, 4], [3, 4], [3, 4]]","[[2, 2], [2, 2], [2, 2], [2, 2], [2, 2]]","[[3.5, 3.5], [3.5, 3.5], [0.4, 0.4], [0.4, 0.4], [0.4, 0.4]]","[[1.0, 1.0], [1.0, 1.0], [1.0, 1.0], [1.0, 1.0], [1.0, 1.0]]","[[0.38, 0.38], [0.38, 0.38], [0.2, 0.2], [0.2, 0.2], [0.2, 0.2]]",0.5,0.9993439184324656,0.38328275000000644
harmonic_loop--demand_conflict,harmonic_loop,demand_conflict,balanced_switch,switch,1951,2,dual_anchor_dynamic,12.115858136228887,9.45956197830153,11.811595264349915,0.9352570835564902,0.7807587272762389,1.0,1.0,3.0357746997313733,2.3942136221312236,0.7886664390289175,0.9352570835564902,1,"[[2, 3], [1, 3], [1, 3], [1, 3]]","[true, true, false, false, false]",3,0.5,0,1,1,"[[2, 10], [2, 10], [10, 2], [10, 2], [10, 2]]","[[1, 10], [1, 10], [9, 2], [9, 2], [9, 2]]","[[3, 12], [3, 12], [11, 4], [11, 4], [11, 4]]","[[2, 2], [2, 2], [2, 2], [2, 2], [2, 2]]","[[0.0, 0.0], [0.0, 0.0], [0.0, 0.0], [0.0, 0.0], [0.0, 0.0]]","[[NaN, NaN], [NaN, NaN], [NaN, NaN], [NaN, NaN], [NaN, NaN]]","[[0.0, 0.0], [0.0, 0.0], [0.0, 0.0], [0.0, 0.0], [0.0, 0.0]]",0.5,0.9681838501500053,0.3724623749999978
harmonic_loop--demand_conflict,harmonic_loop,demand_conflict,balanced_switch,switch,1951,2,fixed_delay_2,12.115858136228887,9.18965075179492,12.940451754938628,0.9865496396400735,0.7584812110267278,1.0,0.8333333333333334,3.0357746997313733,2.274507225459302,0.7492345283925604,0.9865496396400735,1,"[[2, 3], [1, 3], [1, 3], [1, 3]]","[true, true, false, false, false]",3,0.5,0,1,1,"[[2, 10], [2, 10], [10, 2], [10, 2], [10, 2]]","[[1, 10], [1, 10], [9, 2], [9, 2], [9, 2]]","[[3, 12], [3, 12], [11, 4], [11, 4], [11, 4]]","[[2, 2], [2, 2], [2, 2], [2, 2], [2, 2]]","[[2.0, 2.0], [2.0, 2.0], [2.0, 2.0], [2.0, 2.0], [2.0, 2.0]]","[[NaN, NaN], [NaN, NaN], [NaN, NaN], [NaN, NaN], [NaN, NaN]]","[[1.0, 1.0], [1.0, 1.0], [1.0, 1.0], [1.0, 1.0], [1.0, 1.0]]",0.5,0.9695728559683323,0.4034274170000032
harmonic_loop--demand_conflict,harmonic_loop,demand_conflict,balanced_switch,switch,1951,2,delay_aware_dual_anchor,12.115858136228887,9.022935232046922,12.288968364525758,0.9480057450197886,0.7447211027559415,1.0,1.0,3.0357746997313733,2.2441235808733153,0.7392259975919462,0.9480057450197886,1,"[[2, 3], [1, 3], [1, 3], [1, 3]]","[true, true, false, false, false]",3,0.5,0,1,1,"[[2, 10], [2, 10], [10, 2], [10, 2], [10, 2]]","[[1, 10], [1, 10], [9, 2], [9, 2], [9, 2]]","[[3, 12], [3, 12], [11, 4], [11, 4], [11, 4]]","[[2, 2], [2, 2], [2, 2], [2, 2], [2, 2]]","[[0.25, 2.5], [0.25, 2.5], [0.25, 2.5], [1.25, 1.5], [2.25, 0.5]]","[[NaN, NaN], [NaN, NaN], [NaN, NaN], [NaN, NaN], [NaN, NaN]]","[[0.25, 0.25], [0.25, 0.25], [0.25, 0.25], [0.25, 0.25], [0.25, 0.25]]",0.5,0.9686965271224737,0.3617710000000045
harmonic_loop--demand_conflict,harmonic_loop,demand_conflict,balanced_switch,switch,1951,2,adaptive_rolling_delay,12.115858136228887,8.81190939187695,12.16495263967226,0.9475165136668608,0.7273037776439082,1.0,0.8333333333333334,3.0357746997313733,2.1838695630800884,0.7193780102566019,0.9475165136668608,1,"[[2, 3], [1, 3], [1, 3], [1, 3]]","[true, true, false, false, false]",3,0.5,0,1,1,"[[2, 10], [2, 10], [10, 2], [10, 2], [10, 2]]","[[1, 10], [1, 10], [9, 2], [9, 2], [9, 2]]","[[3, 12], [3, 12], [11, 4], [11, 4], [11, 4]]","[[2, 2], [2, 2], [2, 2], [2, 2], [2, 2]]","[[0.16746192702122256, 3.5], [0.16692263932664805, 3.5], [1.9785398270836196, 0.9542812743935628], [2.8441066419483096, 0.39704546382512973], [2.841813800262573, 0.3971694929018188]]","[[0.6984770808489027, 0.9169397869122992], [0.6769055730659224, 0.9423236218557868], [0.7248877818556793, 0.9711539103052276], [0.7378304404683012, 0.970454638251297], [0.7366981729691718, 0.9716949290181877]]","[[0.16746192702122256, 0.3608961509898288], [0.16692263932664805, 0.36673443302683095], [0.27866758127938307, 0.24468750625475968], [0.3160118491053677, 0.19852273191256486], [0.31575708891806364, 0.1985847464509094]]",0.5,0.9690489184585267,0.3804157499999974
harmonic_loop--demand_conflict,harmonic_loop,demand_conflict,balanced_switch,switch,1951,2,oracle_adaptive_delay,12.115858136228887,8.81448248465735,12.293755575596677,0.9549605491357632,0.7275161516046684,1.0,0.8333333333333334,3.0357746997313733,2.1823213100496517,0.7188680076432414,0.9549605491357632,1,"[[2, 3], [1, 3], [1, 3], [1, 3]]","[true, true, false, false, false]",3,0.5,0,1,1,"[[2, 10], [2, 10], [10, 2], [10, 2], [10, 2]]","[[1, 10], [1, 10], [9, 2], [9, 2], [9, 2]]","[[3, 12], [3, 12], [11, 4], [11, 4], [11, 4]]","[[2, 2], [2, 2], [2, 2], [2, 2], [2, 2]]","[[0.4, 3.5], [0.4, 3.5], [3.5, 0.4], [3.5, 0.4], [3.5, 0.4]]","[[1.0, 1.0], [1.0, 1.0], [1.0, 1.0], [1.0, 1.0], [1.0, 1.0]]","[[0.2, 0.38], [0.2, 0.38], [0.38, 0.2], [0.38, 0.2], [0.38, 0.2]]",0.5,0.9690489184585267,0.37045270800000196
harmonic_loop--demand_conflict,harmonic_loop,demand_conflict,balanced_switch,switch,1973,3,dual_anchor_dynamic,10.351866692762385,3.7231352282535224,8.693032432175684,0.6558676422272933,0.3596583436354132,1.0,0.5,2.5920926888462477,0.7756129545566931,0.2992226928821446,0.6558676422272933,2,"[[2, 3], [1, 3], [2, 4], [2, 4]]","[true, true, true, true, false]",1,2.0,0,1,1,"[[4, 8], [4, 8], [8, 4], [8, 4], [4, 8]]","[[3, 9], [3, 9], [7, 5], [7, 5], [3, 9]]","[[5, 11], [5, 11], [9, 7], [9, 7], [5, 11]]","[[2, 2], [2, 2], [2, 2], [2, 2], [2, 2]]","[[0.0, 0.0], [0.0, 0.0], [0.0, 0.0], [0.0, 0.0], [0.0, 0.0]]","[[NaN, NaN], [NaN, NaN], [NaN, NaN], [NaN, NaN], [NaN, NaN]]","[[0.0, 0.0], [0.0, 0.0], [0.0, 0.0], [0.0, 0.0], [0.0, 0.0]]",1.0,0.9844913951954513,0.3203674589999963
harmonic_loop--demand_conflict,harmonic_loop,demand_conflict,balanced_switch,switch,1973,3,fixed_delay_2,10.351866692762385,3.260362298677552,8.629218702419873,0.6512729035784598,0.3149540460134661,1.0,0.8333333333333334,2.5920926888462477,0.8118508954085273,0.31320288001347896,0.6512729035784598,2,"[[2, 3], [1, 3], [2, 4], [2, 4]]","[true, true, true, true, false]",1,2.0,0,1,1,"[[4, 8], [4, 8], [8, 4], [8, 4], [4, 8]]","[[3, 9], [3, 9], [7, 5], [7, 5], [3, 9]]","[[5, 11], [5, 11], [9, 7], [9, 7], [5, 11]]","[[2, 2], [2, 2], [2, 2], [2, 2], [2, 2]]","[[2.0, 2.0], [2.0, 2.0], [2.0, 2.0], [2.0, 2.0], [2.0, 2.0]]","[[NaN, NaN], [NaN, NaN], [NaN, NaN], [NaN, NaN], [NaN, NaN]]","[[1.0, 1.0], [1.0, 1.0], [1.0, 1.0], [1.0, 1.0], [1.0, 1.0]]",1.0,0.9844913951954513,0.34600637500000175
harmonic_loop--demand_conflict,harmonic_loop,demand_conflict,balanced_switch,switch,1973,3,delay_aware_dual_anchor,10.351866692762385,3.118919140003288,8.580064345952513,0.633885308175248,0.3012905046568956,1.0,0.6666666666666666,2.5920926888462477,0.7755695935450564,0.29920596469498395,0.633885308175248,2,"[[2, 3], [1, 3], [2, 4], [2, 4]]","[true, true, true, true, false]",1,2.0,0,1,1,"[[4, 8], [4, 8], [8, 4], [8, 4], [4, 8]]","[[3, 9], [3, 9], [7, 5], [7, 5], [3, 9]]","[[5, 11], [5, 11], [9, 7], [9, 7], [5, 11]]","[[2, 2], [2, 2], [2, 2], [2, 2], [2, 2]]","[[0.75, 2.25], [0.75, 2.25], [0.75, 2.25], [1.25, 1.75], [0.75, 2.25]]","[[NaN, NaN], [NaN, NaN], [NaN, NaN], [NaN, NaN], [NaN, NaN]]","[[0.25, 0.25], [0.25, 0.25], [0.25, 0.25], [0.25, 0.25], [0.25, 0.25]]",1.0,0.9844913951954513,0.326798832999998
harmonic_loop--demand_conflict,harmonic_loop,demand_conflict,balanced_switch,switch,1973,3,adaptive_rolling_delay,10.351866692762385,3.756933849067556,8.551287800317233,0.6444952727624966,0.3629233220028089,1.0,0.6666666666666666,2.5920926888462477,0.8356134372961423,0.32237019952711554,0.6444952727624966,3,"[[2, 3], [1, 3], [2, 5], [2, 4]]","[true, true, true, true, false]",1,2.0,0,1,1,"[[4, 8], [4, 8], [8, 4], [8, 4], [4, 8]]","[[3, 9], [3, 9], [7, 5], [7, 5], [3, 9]]","[[5, 11], [5, 11], [9, 7], [9, 7], [5, 11]]","[[2, 2], [2, 2], [2, 2], [2, 2], [2, 2]]","[[0.6749788116245059, 3.287199939540726], [0.674974287208998, 3.2857140265800506], [1.9370994387599187, 1.6327089299684647], [2.2748916504370356, 1.3462723689210654], [0.8972015956457257, 2.8748199780431913]]","[[0.9999058294422487, 0.9566419454522103], [0.9998857209288804, 0.9559081612740989], [0.9998482627965928, 0.9574748291393843], [0.9999115513771718, 0.9540357902737047], [0.9998585701847358, 0.946331820608617]]","[[0.22499293720816865, 0.3652444377267473], [0.22499142906966602, 0.3650793362866723], [0.30747610139046333, 0.28644016315236226], [0.3249845214910051, 0.2692544737842131], [0.24248691774208805, 0.34636385277628806]]",1.0,0.9844913951954513,0.30909854199998676
harmonic_loop--demand_conflict,harmonic_loop,demand_conflict,balanced_switch,switch,1973,3,oracle_adaptive_delay,10.351866692762385,3.1836125207569395,8.515954745281935,0.6333879766098477,0.3075399457165339,1.0,0.6666666666666666,2.5920926888462477,0.7491273953556519,0.28900486413126375,0.6333879766098477,2,"[[2, 3], [1, 3], [2, 4], [2, 4]]","[true, true, true, true, false]",1,2.0,0,1,1,"[[4, 8], [4, 8], [8, 4], [8, 4], [4, 8]]","[[3, 9], [3, 9], [7, 5], [7, 5], [3, 9]]","[[5, 11], [5, 11], [9, 7], [9, 7], [5, 11]]","[[2, 2], [2, 2], [2, 2], [2, 2], [2, 2]]","[[1.0, 2.8], [1.0, 2.8], [2.8, 1.0], [2.8, 1.0], [1.0, 2.8]]","[[1.0, 1.0], [1.0, 1.0], [1.0, 1.0], [1.0, 1.0], [1.0, 1.0]]","[[0.25, 0.35], [0.25, 0.35], [0.35, 0.25], [0.35, 0.25], [0.25, 0.35]]",1.0,0.9844913951954513,0.3196743329999947
ellipse--demand_conflict,ellipse,demand_conflict,balanced_switch,switch,1901,0,dual_anchor_dynamic,1.3114948631443206,0.5524576652206318,10.131958335249358,5.058750453526531,0.42124272137529356,0.5,0.0,0.3454130422570509,0.12993100230540885,0.3761612516319412,5.058750453526531,1,"[[3, 4], [1, 3], [1, 3], [1, 3]]","[true, true, false, false, false]",3,0.5,0,1,1,"[[2, 2], [2, 2], [10, 10], [10, 10], [10, 10]]","[[1, 2], [1, 2], [9, 10], [9, 10], [9, 10]]","[[3, 4], [3, 4], [11, 12], [11, 12], [11, 12]]","[[2, 2], [2, 2], [2, 2], [2, 2], [2, 2]]","[[0.0, 0.0], [0.0, 0.0], [0.0, 0.0], [0.0, 0.0], [0.0, 0.0]]","[[NaN, NaN], [NaN, NaN], [NaN, NaN], [NaN, NaN], [NaN, NaN]]","[[0.0, 0.0], [0.0, 0.0], [0.0, 0.0], [0.0, 0.0], [0.0, 0.0]]",0.5,0.9996952817476296,0.1732036249999993
ellipse--demand_conflict,ellipse,demand_conflict,balanced_switch,switch,1901,0,fixed_delay_2,1.3114948631443206,0.5016857974636332,10.155779015604136,5.0604240843917125,0.38252974644585114,0.5,0.0,0.3454130422570509,0.13182698297936432,0.3816502761967534,5.0604240843917125,0,"[[3, 4], [3, 4], [3, 4], [3, 4]]","[true, true, false, false, false]",3,0.5,0,1,1,"[[2, 2], [2, 2], [10, 10], [10, 10], [10, 10]]","[[1, 2], [1, 2], [9, 10], [9, 10], [9, 10]]","[[3, 4], [3, 4], [11, 12], [11, 12], [11, 12]]","[[2, 2], [2, 2], [2, 2], [2, 2], [2, 2]]","[[2.0, 2.0], [2.0, 2.0], [2.0, 2.0], [2.0, 2.0], [2.0, 2.0]]","[[NaN, NaN], [NaN, NaN], [NaN, NaN], [NaN, NaN], [NaN, NaN]]","[[1.0, 1.0], [1.0, 1.0], [1.0, 1.0], [1.0, 1.0], [1.0, 1.0]]",0.5,0.99969516902698,0.18526933300000792
ellipse--demand_conflict,ellipse,demand_conflict,balanced_switch,switch,1901,0,delay_aware_dual_anchor,1.3114948631443206,0.5356761022520402,10.145756742995568,5.059952217768898,0.4084469694130193,0.5,0.0,0.3454130422570509,0.12901811223444765,0.37351835759124125,5.059952217768898,1,"[[3, 4], [1, 3], [1, 3], [1, 3]]","[true, true, false, false, false]",3,0.5,0,1,1,"[[2, 2], [2, 2], [10, 10], [10, 10], [10, 10]]","[[1, 2], [1, 2], [9, 10], [9, 10], [9, 10]]","[[3, 4], [3, 4], [11, 12], [11, 12], [11, 12]]","[[2, 2], [2, 2], [2, 2], [2, 2], [2, 2]]","[[0.25, 0.5], [0.25, 0.5], [0.25, 0.5], [1.25, 1.5], [2.25, 2.5]]","[[NaN, NaN], [NaN, NaN], [NaN, NaN], [NaN, NaN], [NaN, NaN]]","[[0.25, 0.25], [0.25, 0.25], [0.25, 0.25], [0.25, 0.25], [0.25, 0.25]]",0.5,0.9996952675165461,0.17325641600000097
ellipse--demand_conflict,ellipse,demand_conflict,balanced_switch,switch,1901,0,adaptive_rolling_delay,1.3114948631443206,0.540445452540617,10.144903014465063,5.061182774097993,0.4120835450661959,0.5,0.0,0.3454130422570509,0.12923750018062485,0.3741535042688063,5.061182774097993,1,"[[3, 4], [1, 3], [1, 3], [1, 3]]","[true, true, false, false, false]",3,0.5,0,1,1,"[[2, 2], [2, 2], [10, 10], [10, 10], [10, 10]]","[[1, 2], [1, 2], [9, 10], [9, 10], [9, 10]]","[[3, 4], [3, 4], [11, 12], [11, 12], [11, 12]]","[[2, 2], [2, 2], [2, 2], [2, 2], [2, 2]]","[[0.17497383530452795, 0.3577674167134551], [0.17497360474569712, 0.3578557011628883], [2.3239378847582026, 2.03062843792502], [3.372891294451194, 2.643361573733759], [3.3728915669597153, 2.6431083792214913]]","[[0.998953412181119, 0.5776741671345509], [0.9989441898278851, 0.578557011628883], [0.9989588452753047, 0.4972586117512695], [0.9989586639265159, 0.4971137277103299], [0.9989587984986249, 0.49700364313977896]]","[[0.17497383530452795, 0.17888370835672754], [0.17497360474569712, 0.17892785058144414], [0.3273151950363666, 0.2506948688796321], [0.37476569938346604, 0.2643361573733759], [0.37476572966219057, 0.26431083792214916]]",0.5,0.9996952717091698,0.17322212500000944
ellipse--demand_conflict,ellipse,demand_conflict,balanced_switch,switch,1901,0,oracle_adaptive_delay,1.3114948631443206,0.5380791232056946,10.154770725615844,5.063421441027842,0.41027924571175606,0.5,0.0,0.3454130422570509,0.1297071897353676,0.3755132952937011,5.063421441027842,1,"[[3, 4], [1, 3], [1, 3], [1, 3]]","[true, true, false, false, false]",3,0.5,0,1,1,"[[2, 2], [2, 2], [10, 10], [10, 10], [10, 10]]","[[1, 2], [1, 2], [9, 10], [9, 10], [9, 10]]","[[3, 4], [3, 4], [11, 12], [11, 12], [11, 12]]","[[2, 2], [2, 2], [2, 2], [2, 2], [2, 2]]","[[0.4, 0.4], [0.4, 0.4], [3.5, 3.5], [3.5, 3.5], [3.5, 3.5]]","[[1.0, 1.0], [1.0, 1.0], [1.0, 1.0], [1.0, 1.0], [1.0, 1.0]]","[[0.2, 0.2], [0.2, 0.2], [0.38, 0.38], [0.38, 0.38], [0.38, 0.38]]",0.5,0.9996952620643085,0.23254762500000936
ellipse--demand_conflict,ellipse,demand_conflict,balanced_switch,switch,1931,1,dual_anchor_dynamic,11.472431179549591,6.59781140544974,8.693956963853065,0.7787791666039204,0.575101415052356,0.8333333333333334,0.6666666666666666,3.359083498342803,1.791297372403713,0.5332696770674041,0.7787791666039204,1,"[[2, 3], [3, 4], [3, 4], [3, 4]]","[true, true, false, false, false]",3,0.5,0,1,1,"[[10, 10], [10, 10], [2, 2], [2, 2], [2, 2]]","[[9, 10], [9, 10], [1, 2], [1, 2], [1, 2]]","[[11, 12], [11, 12], [3, 4], [3, 4], [3, 4]]","[[2, 2], [2, 2], [2, 2], [2, 2], [2, 2]]","[[0.0, 0.0], [0.0, 0.0], [0.0, 0.0], [0.0, 0.0], [0.0, 0.0]]","[[NaN, NaN], [NaN, NaN], [NaN, NaN], [NaN, NaN], [NaN, NaN]]","[[0.0, 0.0], [0.0, 0.0], [0.0, 0.0], [0.0, 0.0], [0.0, 0.0]]",0.5,0.9995421462371761,0.42549229200000127
ellipse--demand_conflict,ellipse,demand_conflict,balanced_switch,switch,1931,1,fixed_delay_2,11.472431179549591,7.81274527637646,9.4892006107209,0.872732737823408,0.6810017122005686,0.8333333333333334,0.6666666666666666,3.359083498342803,1.9815787615838731,0.5899164943537369,0.872732737823408,1,"[[2, 3], [3, 4], [3, 4], [3, 4]]","[true, true, false, false, false]",3,0.5,0,1,1,"[[10, 10], [10, 10], [2, 2], [2, 2], [2, 2]]","[[9, 10], [9, 10], [1, 2], [1, 2], [1, 2]]","[[11, 12], [11, 12], [3, 4], [3, 4], [3, 4]]","[[2, 2], [2, 2], [2, 2], [2, 2], [2, 2]]","[[2.0, 2.0], [2.0, 2.0], [2.0, 2.0], [2.0, 2.0], [2.0, 2.0]]","[[NaN, NaN], [NaN, NaN], [NaN, NaN], [NaN, NaN], [NaN, NaN]]","[[1.0, 1.0], [1.0, 1.0], [1.0, 1.0], [1.0, 1.0], [1.0, 1.0]]",0.5,0.999539017059265,0.38970641599999567
ellipse--demand_conflict,ellipse,demand_conflict,balanced_switch,switch,1931,1,delay_aware_dual_anchor,11.472431179549591,8.107101215073271,9.463325511942632,0.872449958844276,0.7066593896439967,0.8333333333333334,0.6666666666666666,3.359083498342803,2.041222230896025,0.6076723701280595,0.872449958844276,1,"[[2, 3], [3, 4], [3, 4], [3, 4]]","[true, true, false, false, false]",3,0.5,0,1,1,"[[10, 10], [10, 10], [2, 2], [2, 2], [2, 2]]","[[9, 10], [9, 10], [1, 2], [1, 2], [1, 2]]","[[11, 12], [11, 12], [3, 4], [3, 4], [3, 4]]","[[2, 2], [2, 2], [2, 2], [2, 2], [2, 2]]","[[2.25, 2.5], [2.25, 2.5], [2.25, 2.5], [1.25, 1.5], [0.25, 0.5]]","[[NaN, NaN], [NaN, NaN], [NaN, NaN], [NaN, NaN], [NaN, NaN]]","[[0.25, 0.25], [0.25, 0.25], [0.25, 0.25], [0.25, 0.25], [0.25, 0.25]]",0.5,0.9995387465017798,0.42734529199999827
ellipse--demand_conflict,ellipse,demand_conflict,balanced_switch,switch,1931,1,adaptive_rolling_delay,11.472431179549591,8.422348412030805,8.80761173785069,0.8675010746144511,0.7341380636951851,0.8333333333333334,0.6666666666666666,3.359083498342803,2.0940002749806075,0.623384407090112,0.8675010746144511,1,"[[2, 3], [3, 4], [3, 4], [3, 4]]","[true, true, false, false, false]",3,0.5,0,1,1,"[[10, 10], [10, 10], [2, 2], [2, 2], [2, 2]]","[[9, 10], [9, 10], [1, 2], [1, 2], [1, 2]]","[[11, 12], [11, 12], [3, 4], [3, 4], [3, 4]]","[[2, 2], [2, 2], [2, 2], [2, 2], [2, 2]]","[[3.369651132031984, 3.5], [3.3697578622536466, 3.5], [0.644698344107391, 0.9639863704063715], [0.17493385914592607, 0.39968515369159546], [0.17493397100578106, 0.39970237180062484]]","[[0.9973585837194983, 0.9937831523199543], [0.9974112900018007, 0.9940524585570621], [0.9973761907604818, 0.9966768452501547], [0.9973543658370438, 0.9968515369159543], [0.9973588402312434, 0.9970237180062481]]","[[0.3744056813368871, 0.3785701250335895], [0.3744175402504052, 0.37863206546812433], [0.2223097738301349, 0.2471759924118901], [0.17493385914592607, 0.19984257684579773], [0.17493397100578106, 0.19985118590031242]]",0.5,0.9995410841661625,0.41565212499999404
ellipse--demand_conflict,ellipse,demand_conflict,balanced_switch,switch,1931,1,oracle_adaptive_delay,11.472431179549591,8.433106457295185,8.811717207111728,0.8617963506916264,0.7350757939021492,0.8333333333333334,0.6666666666666666,3.359083498342803,2.09486740321774,0.6236425513838041,0.8617963506916264,1,"[[2, 3], [3, 4], [3, 4], [3, 4]]","[true, true, false, false, false]",3,0.5,0,1,1,"[[10, 10], [10, 10], [2, 2], [2, 2], [2, 2]]","[[9, 10], [9, 10], [1, 2], [1, 2], [1, 2]]","[[11, 12], [11, 12], [3, 4], [3, 4], [3, 4]]","[[2, 2], [2, 2], [2, 2], [2, 2], [2, 2]]","[[3.5, 3.5], [3.5, 3.5], [0.4, 0.4], [0.4, 0.4], [0.4, 0.4]]","[[1.0, 1.0], [1.0, 1.0], [1.0, 1.0], [1.0, 1.0], [1.0, 1.0]]","[[0.38, 0.38], [0.38, 0.38], [0.2, 0.2], [0.2, 0.2], [0.2, 0.2]]",0.5,0.9995412857915895,0.41196116699998697
ellipse--demand_conflict,ellipse,demand_conflict,balanced_switch,switch,1951,2,dual_anchor_dynamic,12.303332086473656,6.915305709132149,18.030387762407873,1.2108943289538512,0.5620677114563842,1.0,0.6666666666666666,3.1223701574570657,1.779238049300465,0.5698357208068885,1.2108943289538512,0,"[[3, 4], [3, 4], [3, 4], [3, 4]]","[true, true, false, false, false]",3,0.5,0,1,1,"[[2, 10], [2, 10], [10, 2], [10, 2], [10, 2]]","[[1, 10], [1, 10], [9, 2], [9, 2], [9, 2]]","[[3, 12], [3, 12], [11, 4], [11, 4], [11, 4]]","[[2, 2], [2, 2], [2, 2], [2, 2], [2, 2]]","[[0.0, 0.0], [0.0, 0.0], [0.0, 0.0], [0.0, 0.0], [0.0, 0.0]]","[[NaN, NaN], [NaN, NaN], [NaN, NaN], [NaN, NaN], [NaN, NaN]]","[[0.0, 0.0], [0.0, 0.0], [0.0, 0.0], [0.0, 0.0], [0.0, 0.0]]",0.5,0.9759581038772536,0.3972405840000022
ellipse--demand_conflict,ellipse,demand_conflict,balanced_switch,switch,1951,2,fixed_delay_2,12.303332086473656,6.572894980934358,19.126883892874073,1.2720986351021462,0.5342369802535551,1.0,0.6666666666666666,3.1223701574570657,1.7057313633812967,0.5462937695928037,1.2720986351021462,1,"[[3, 4], [2, 4], [2, 4], [2, 4]]","[true, true, false, false, false]",3,0.5,0,1,1,"[[2, 10], [2, 10], [10, 2], [10, 2], [10, 2]]","[[1, 10], [1, 10], [9, 2], [9, 2], [9, 2]]","[[3, 12], [3, 12], [11, 4], [11, 4], [11, 4]]","[[2, 2], [2, 2], [2, 2], [2, 2], [2, 2]]","[[2.0, 2.0], [2.0, 2.0], [2.0, 2.0], [2.0, 2.0], [2.0, 2.0]]","[[NaN, NaN], [NaN, NaN], [NaN, NaN], [NaN, NaN], [NaN, NaN]]","[[1.0, 1.0], [1.0, 1.0], [1.0, 1.0], [1.0, 1.0], [1.0, 1.0]]",0.5,0.9756470756641378,0.3958183749999904
ellipse--demand_conflict,ellipse,demand_conflict,balanced_switch,switch,1951,2,delay_aware_dual_anchor,12.303332086473656,6.588693823043711,19.151411665973782,1.2645304200086447,0.535521091094286,1.0,0.6666666666666666,3.1223701574570657,1.6768500273738765,0.5370439578949678,1.2645304200086447,0,"[[3, 4], [3, 4], [3, 4], [3, 4]]","[true, true, false, false, false]",3,0.5,0,1,1,"[[2, 10], [2, 10], [10, 2], [10, 2], [10, 2]]","[[1, 10], [1, 10], [9, 2], [9, 2], [9, 2]]","[[3, 12], [3, 12], [11, 4], [11, 4], [11, 4]]","[[2, 2], [2, 2], [2, 2], [2, 2], [2, 2]]","[[0.25, 2.5], [0.25, 2.5], [0.25, 2.5], [1.25, 1.5], [2.25, 0.5]]","[[NaN, NaN], [NaN, NaN], [NaN, NaN], [NaN, NaN], [NaN, NaN]]","[[0.25, 0.25], [0.25, 0.25], [0.25, 0.25], [0.25, 0.25], [0.25, 0.25]]",0.5,0.9759216887889595,0.4429399170000039
ellipse--demand_conflict,ellipse,demand_conflict,balanced_switch,switch,1951,2,adaptive_rolling_delay,12.303332086473656,6.507488905334075,19.200310928828188,1.2763190174499375,0.5289208532774987,1.0,0.6666666666666666,3.1223701574570657,1.6472105511671313,0.5275513369973597,1.2763190174499375,0,"[[3, 4], [3, 4], [3, 4], [3, 4]]","[true, true, false, false, false]",3,0.5,0,1,1,"[[2, 10], [2, 10], [10, 2], [10, 2], [10, 2]]","[[1, 10], [1, 10], [9, 2], [9, 2], [9, 2]]","[[3, 12], [3, 12], [11, 4], [11, 4], [11, 4]]","[[2, 2], [2, 2], [2, 2], [2, 2], [2, 2]]","[[0.1693640795324249, 3.242485358728788], [0.16944416149073457, 3.3325415282945374], [2.020591704959574, 0.8830076895429082], [2.8967610250785647, 0.3798999436702669], [2.900738984642617, 0.38052869487107677]]","[[0.7745631812969972, 0.7576023298820816], [0.7777664596293837, 0.7967571862150163], [0.7582556674942065, 0.7837151598761555], [0.7638326049770688, 0.7989994367026687], [0.7657970294531441, 0.8052869487107678]]","[[0.1693640795324249, 0.3242485358728788], [0.16944416149073457, 0.33325415282945375], [0.28459038098022166, 0.22641222808792516], [0.3218623361198405, 0.18994997183513346], [0.32230433162695743, 0.19026434743553838]]",0.5,0.975637970382119,0.4139532089999989
ellipse--demand_conflict,ellipse,demand_conflict,balanced_switch,switch,1951,2,oracle_adaptive_delay,12.303332086473656,6.464624473103026,19.390750413551018,1.2859208181173312,0.525436883899953,1.0,0.6666666666666666,3.1223701574570657,1.6414195324413023,0.5256966501941315,1.2859208181173312,0,"[[3, 4], [3, 4], [3, 4], [3, 4]]","[true, true, false, false, false]",3,0.5,0,1,1,"[[2, 10], [2, 10], [10, 2], [10, 2], [10, 2]]","[[1, 10], [1, 10], [9, 2], [9, 2], [9, 2]]","[[3, 12], [3, 12], [11, 4], [11, 4], [11, 4]]","[[2, 2], [2, 2], [2, 2], [2, 2], [2, 2]]","[[0.4, 3.5], [0.4, 3.5], [3.5, 0.4], [3.5, 0.4], [3.5, 0.4]]","[[1.0, 1.0], [1.0, 1.0], [1.0, 1.0], [1.0, 1.0], [1.0, 1.0]]","[[0.2, 0.38], [0.2, 0.38], [0.38, 0.2], [0.38, 0.2], [0.38, 0.2]]",0.5,0.9753574809620011,0.44817400000000873
ellipse--demand_conflict,ellipse,demand_conflict,balanced_switch,switch,1973,3,dual_anchor_dynamic,9.602932015619906,3.2134343571318373,3.2134343571318373,0.7104744466157052,0.3346305432450151,0.8333333333333334,0.6666666666666666,2.4144430586028327,0.7586198651249013,0.31420076875364056,0.7104744466157052,1,"[[3, 4], [1, 4], [1, 4], [1, 4]]","[true, true, false, false, true]",2,1.15,0,1,1,"[[4, 8], [4, 8], [8, 4], [8, 4], [4, 8]]","[[3, 9], [3, 9], [7, 5], [7, 5], [3, 9]]","[[5, 11], [5, 11], [9, 7], [9, 7], [5, 11]]","[[2, 2], [2, 2], [2, 2], [2, 2], [2, 2]]","[[0.0, 0.0], [0.0, 0.0], [0.0, 0.0], [0.0, 0.0], [0.0, 0.0]]","[[NaN, NaN], [NaN, NaN], [NaN, NaN], [NaN, NaN], [NaN, NaN]]","[[0.0, 0.0], [0.0, 0.0], [0.0, 0.0], [0.0, 0.0], [0.0, 0.0]]",1.0,0.9882302523533131,0.30414141699999675
ellipse--demand_conflict,ellipse,demand_conflict,balanced_switch,switch,1973,3,fixed_delay_2,9.602932015619906,2.3020319985464135,2.3020319985464135,0.7145684378893944,0.2397217844302117,0.8333333333333334,0.5,2.4144430586028327,0.604513630425647,0.2503739437017253,0.7145684378893944,1,"[[3, 4], [1, 4], [1, 4], [1, 4]]","[true, true, false, false, true]",2,1.15,0,1,1,"[[4, 8], [4, 8], [8, 4], [8, 4], [4, 8]]","[[3, 9], [3, 9], [7, 5], [7, 5], [3, 9]]","[[5, 11], [5, 11], [9, 7], [9, 7], [5, 11]]","[[2, 2], [2, 2], [2, 2], [2, 2], [2, 2]]","[[2.0, 2.0], [2.0, 2.0], [2.0, 2.0], [2.0, 2.0], [2.0, 2.0]]","[[NaN, NaN], [NaN, NaN], [NaN, NaN], [NaN, NaN], [NaN, NaN]]","[[1.0, 1.0], [1.0, 1.0], [1.0, 1.0], [1.0, 1.0], [1.0, 1.0]]",1.0,0.9882302523533131,0.33431158300000163
ellipse--demand_conflict,ellipse,demand_conflict,balanced_switch,switch,1973,3,delay_aware_dual_anchor,9.602932015619906,2.352103175408234,2.352103175408234,0.7209488971668268,0.24493593952163337,0.8333333333333334,0.5,2.4144430586028327,0.5976520550394836,0.2475320562686317,0.7209488971668268,1,"[[3, 4], [1, 4], [1, 4], [1, 4]]","[true, true, false, false, true]",2,1.15,0,1,1,"[[4, 8], [4, 8], [8, 4], [8, 4], [4, 8]]","[[3, 9], [3, 9], [7, 5], [7, 5], [3, 9]]","[[5, 11], [5, 11], [9, 7], [9, 7], [5, 11]]","[[2, 2], [2, 2], [2, 2], [2, 2], [2, 2]]","[[0.75, 2.25], [0.75, 2.25], [0.75, 2.25], [1.25, 1.75], [0.75, 2.25]]","[[NaN, NaN], [NaN, NaN], [NaN, NaN], [NaN, NaN], [NaN, NaN]]","[[0.25, 0.25], [0.25, 0.25], [0.25, 0.25], [0.25, 0.25], [0.25, 0.25]]",1.0,0.9882302523533131,0.33037208400000395
ellipse--demand_conflict,ellipse,demand_conflict,balanced_switch,switch,1973,3,adaptive_rolling_delay,9.602932015619906,2.222477893150392,2.222477893150392,0.7275137120016799,0.23143742864526803,0.8333333333333334,0.5,2.4144430586028327,0.5793335552947213,0.23994500646039862,0.7275137120016799,1,"[[3, 4], [1, 4], [1, 4], [1, 4]]","[true, true, false, false, true]",2,1.15,0,1,1,"[[4, 8], [4, 8], [8, 4], [8, 4], [4, 8]]","[[3, 9], [3, 9], [7, 5], [7, 5], [3, 9]]","[[5, 11], [5, 11], [9, 7], [9, 7], [5, 11]]","[[2, 2], [2, 2], [2, 2], [2, 2], [2, 2]]","[[0.6749691468869801, 3.2238559771719317], [0.6749684166030391, 3.29462996148851], [1.9371119839716882, 1.6556010766004112], [2.274828984158359, 1.368580199247522], [0.8971995405167988, 2.925748760639252]]","[[0.9998628750532447, 0.925360976381201], [0.999859629346841, 0.9603110920930913], [0.9998609059931353, 0.9856584507238059], [0.9998603952313135, 0.9897283187960348], [0.9998525654252711, 0.9759028948406162]]","[[0.22498971562899334, 0.3582062196857702], [0.22498947220101306, 0.36606999572094556], [0.3074780926939188, 0.29045632922814235], [0.32497556916547987, 0.2737160398495044], [0.24248636230183757, 0.3524998506794279]]",1.0,0.9882302523533131,0.3097064159999974
ellipse--demand_conflict,ellipse,demand_conflict,balanced_switch,switch,1973,3,oracle_adaptive_delay,9.602932015619906,2.3033240236248984,2.3033240236248984,0.7217682290063511,0.2398563292834277,0.8333333333333334,0.5,2.4144430586028327,0.6037460179329359,0.25005601841871805,0.7217682290063511,1,"[[3, 4], [1, 4], [1, 4], [1, 4]]","[true, true, false, false, true]",2,1.15,0,1,1,"[[4, 8], [4, 8], [8, 4], [8, 4], [4, 8]]","[[3, 9], [3, 9], [7, 5], [7, 5], [3, 9]]","[[5, 11], [5, 11], [9, 7], [9, 7], [5, 11]]","[[2, 2], [2, 2], [2, 2], [2, 2], [2, 2]]","[[1.0, 2.8], [1.0, 2.8], [2.8, 1.0], [2.8, 1.0], [1.0, 2.8]]","[[1.0, 1.0], [1.0, 1.0], [1.0, 1.0], [1.0, 1.0], [1.0, 1.0]]","[[0.25, 0.35], [0.25, 0.35], [0.35, 0.25], [0.35, 0.25], [0.25, 0.35]]",1.0,0.9882302523533131,0.31352116700000465
rounded_square--demand_conflict,rounded_square,demand_conflict,balanced_switch,switch,1901,0,dual_anchor_dynamic,2.1718326935527816,1.3721837260576917,17.92291739432354,5.44072682243816,0.6318091306623679,0.6666666666666666,0.3333333333333333,0.4893781770713018,0.31198038326860356,0.6375036687080314,5.44072682243816,1,"[[1, 2], [2, 4], [2, 4], [2, 4]]","[true, true, false, false, false]",3,0.5,0,1,1,"[[2, 2], [2, 2], [10, 10], [10, 10], [10, 10]]","[[1, 2], [1, 2], [9, 10], [9, 10], [9, 10]]","[[3, 4], [3, 4], [11, 12], [11, 12], [11, 12]]","[[2, 2], [2, 2], [2, 2], [2, 2], [2, 2]]","[[0.0, 0.0], [0.0, 0.0], [0.0, 0.0], [0.0, 0.0], [0.0, 0.0]]","[[NaN, NaN], [NaN, NaN], [NaN, NaN], [NaN, NaN], [NaN, NaN]]","[[0.0, 0.0], [0.0, 0.0], [0.0, 0.0], [0.0, 0.0], [0.0, 0.0]]",0.5,0.9993718010522082,0.2523145419999935
rounded_square--demand_conflict,rounded_square,demand_conflict,balanced_switch,switch,1901,0,fixed_delay_2,2.1718326935527816,1.5007006460391383,18.30845741493487,5.566469354857039,0.6909835414551315,0.6666666666666666,0.3333333333333333,0.4893781770713018,0.33409014675033855,0.6826829687210634,5.566469354857039,1,"[[1, 2], [2, 4], [2, 4], [2, 4]]","[true, true, false, false, false]",3,0.5,0,1,1,"[[2, 2], [2, 2], [10, 10], [10, 10], [10, 10]]","[[1, 2], [1, 2], [9, 10], [9, 10], [9, 10]]","[[3, 4], [3, 4], [11, 12], [11, 12], [11, 12]]","[[2, 2], [2, 2], [2, 2], [2, 2], [2, 2]]","[[2.0, 2.0], [2.0, 2.0], [2.0, 2.0], [2.0, 2.0], [2.0, 2.0]]","[[NaN, NaN], [NaN, NaN], [NaN, NaN], [NaN, NaN], [NaN, NaN]]","[[1.0, 1.0], [1.0, 1.0], [1.0, 1.0], [1.0, 1.0], [1.0, 1.0]]",0.5,0.9993703804852446,0.2634185000000002
rounded_square--demand_conflict,rounded_square,demand_conflict,balanced_switch,switch,1901,0,delay_aware_dual_anchor,2.1718326935527816,1.3920224844836362,18.069644747920258,5.462763584307911,0.640943700965521,0.6666666666666666,0.3333333333333333,0.4893781770713018,0.3110514543050951,0.6356054864697722,5.462763584307911,1,"[[1, 2], [2, 4], [2, 4], [2, 4]]","[true, true, false, false, false]",3,0.5,0,1,1,"[[2, 2], [2, 2], [10, 10], [10, 10], [10, 10]]","[[1, 2], [1, 2], [9, 10], [9, 10], [9, 10]]","[[3, 4], [3, 4], [11, 12], [11, 12], [11, 12]]","[[2, 2], [2, 2], [2, 2], [2, 2], [2, 2]]","[[0.25, 0.5], [0.25, 0.5], [0.25, 0.5], [1.25, 1.5], [2.25, 2.5]]","[[NaN, NaN], [NaN, NaN], [NaN, NaN], [NaN, NaN], [NaN, NaN]]","[[0.25, 0.25], [0.25, 0.25], [0.25, 0.25], [0.25, 0.25], [0.25, 0.25]]",0.5,0.9993722313929313,0.25399883299999715
rounded_square--demand_conflict,rounded_square,demand_conflict,balanced_switch,switch,1901,0,adaptive_rolling_delay,2.1718326935527816,1.3861149861244355,18.285076028360308,5.495382533352122,0.6382236487364809,0.6666666666666666,0.3333333333333333,0.4893781770713018,0.3110921830444734,0.6356887119613992,5.495382533352122,1,"[[1, 2], [2, 4], [2, 4], [2, 4]]","[true, true, false, false, false]",3,0.5,0,1,1,"[[2, 2], [2, 2], [10, 10], [10, 10], [10, 10]]","[[1, 2], [1, 2], [9, 10], [9, 10], [9, 10]]","[[3, 4], [3, 4], [11, 12], [11, 12], [11, 12]]","[[2, 2], [2, 2], [2, 2], [2, 2], [2, 2]]","[[0.17492461458573408, 0.3542268388459194], [0.17492447700932298, 0.3544500725339106], [2.319905600254202, 2.1537682571993493], [3.366440927645721, 2.8133131758556837], [3.3664576213419313, 2.8120988094411024]]","[[0.9969845834293635, 0.5422683884591939], [0.9969790803729196, 0.544500725339106], [0.995759254317954, 0.5723324232277699], [0.9957732976028251, 0.5710057286329062], [0.9957815414034228, 0.570477743235262]]","[[0.17492461458573408, 0.1771134194229597], [0.17492447700932298, 0.1772250362669553], [0.32674726764143686, 0.2658973157036234], [0.3740489919606357, 0.2813313175855684], [0.37405084681577017, 0.28120988094411026]]",0.5,0.9993756944151297,0.2554079580000064
rounded_square--demand_conflict,rounded_square,demand_conflict,balanced_switch,switch,1901,0,oracle_adaptive_delay,2.1718326935527816,1.390660283806382,18.344306117998894,5.522998291277149,0.6403164884360762,0.6666666666666666,0.3333333333333333,0.4893781770713018,0.3126187570357183,0.6388081277072764,5.522998291277149,1,"[[1, 2], [2, 4], [2, 4], [2, 4]]","[true, true, false, false, false]",3,0.5,0,1,1,"[[2, 2], [2, 2], [10, 10], [10, 10], [10, 10]]","[[1, 2], [1, 2], [9, 10], [9, 10], [9, 10]]","[[3, 4], [3, 4], [11, 12], [11, 12], [11, 12]]","[[2, 2], [2, 2], [2, 2], [2, 2], [2, 2]]","[[0.4, 0.4], [0.4, 0.4], [3.5, 3.5], [3.5, 3.5], [3.5, 3.5]]","[[1.0, 1.0], [1.0, 1.0], [1.0, 1.0], [1.0, 1.0], [1.0, 1.0]]","[[0.2, 0.2], [0.2, 0.2], [0.38, 0.38], [0.38, 0.38], [0.38, 0.38]]",0.5,0.9993771377386508,0.2582005419999973
rounded_square--demand_conflict,rounded_square,demand_conflict,balanced_switch,switch,1931,1,dual_anchor_dynamic,21.040589019790392,1.617505080891226,1.617505080891226,0.490496047864997,0.07687546576618318,1.0,0.8333333333333334,4.410715758001247,0.45383211246317084,0.10289307617247788,0.490496047864997,2,"[[1, 2], [1, 2], [1, 3], [3, 4]]","[true, true, true, true, true]",0,4.0,0,1,1,"[[10, 10], [10, 10], [2, 2], [2, 2], [2, 2]]","[[9, 10], [9, 10], [1, 2], [1, 2], [1, 2]]","[[11, 12], [11, 12], [3, 4], [3, 4], [3, 4]]","[[2, 2], [2, 2], [2, 2], [2, 2], [2, 2]]","[[0.0, 0.0], [0.0, 0.0], [0.0, 0.0], [0.0, 0.0], [0.0, 0.0]]","[[NaN, NaN], [NaN, NaN], [NaN, NaN], [NaN, NaN], [NaN, NaN]]","[[0.0, 0.0], [0.0, 0.0], [0.0, 0.0], [0.0, 0.0], [0.0, 0.0]]",0.5,0.9986658334788006,0.37973775000000387
rounded_square--demand_conflict,rounded_square,demand_conflict,balanced_switch,switch,1931,1,fixed_delay_2,21.040589019790392,1.5401709820367897,1.5401709820367897,0.48358657807778194,0.07319999362128755,1.0,1.0,4.410715758001247,0.5355646707083279,0.12142352853656195,0.48358657807778194,1,"[[1, 2], [1, 2], [1, 3], [1, 3]]","[true, true, true, true, true]",0,4.0,0,1,1,"[[10, 10], [10, 10], [2, 2], [2, 2], [2, 2]]","[[9, 10], [9, 10], [1, 2], [1, 2], [1, 2]]","[[11, 12], [11, 12], [3, 4], [3, 4], [3, 4]]","[[2, 2], [2, 2], [2, 2], [2, 2], [2, 2]]","[[2.0, 2.0], [2.0, 2.0], [2.0, 2.0], [2.0, 2.0], [2.0, 2.0]]","[[NaN, NaN], [NaN, NaN], [NaN, NaN], [NaN, NaN], [NaN, NaN]]","[[1.0, 1.0], [1.0, 1.0], [1.0, 1.0], [1.0, 1.0], [1.0, 1.0]]",0.5,0.9987677010142483,0.38264808399999595
rounded_square--demand_conflict,rounded_square,demand_conflict,balanced_switch,switch,1931,1,delay_aware_dual_anchor,21.040589019790392,1.5820292055246252,1.5820292055246252,0.4556719510807024,0.07518939721870892,1.0,0.6666666666666666,4.410715758001247,0.5431620544138345,0.12314601171669537,0.4556719510807024,1,"[[1, 2], [1, 2], [2, 3], [2, 3]]","[true, true, true, true, true]",0,4.0,0,1,1,"[[10, 10], [10, 10], [2, 2], [2, 2], [2, 2]]","[[9, 10], [9, 10], [1, 2], [1, 2], [1, 2]]","[[11, 12], [11, 12], [3, 4], [3, 4], [3, 4]]","[[2, 2], [2, 2], [2, 2], [2, 2], [2, 2]]","[[2.25, 2.5], [2.25, 2.5], [2.25, 2.5], [1.25, 1.5], [0.25, 0.5]]","[[NaN, NaN], [NaN, NaN], [NaN, NaN], [NaN, NaN], [NaN, NaN]]","[[0.25, 0.25], [0.25, 0.25], [0.25, 0.25], [0.25, 0.25], [0.25, 0.25]]",0.5,0.9987788709987458,0.3690423330000101
rounded_square--demand_conflict,rounded_square,demand_conflict,balanced_switch,switch,1931,1,adaptive_rolling_delay,21.040589019790392,1.5184426202394214,1.5184426202394214,0.4639070477027721,0.07216730571616613,1.0,1.0,4.410715758001247,0.4692994994133094,0.10639985099061935,0.4639070477027721,3,"[[1, 2], [2, 4], [1, 2], [2, 3]]","[true, true, true, true, true]",0,4.0,0,1,1,"[[10, 10], [10, 10], [2, 2], [2, 2], [2, 2]]","[[9, 10], [9, 10], [1, 2], [1, 2], [1, 2]]","[[11, 12], [11, 12], [3, 4], [3, 4], [3, 4]]","[[2, 2], [2, 2], [2, 2], [2, 2], [2, 2]]","[[3.356202113254369, 3.5], [3.3572407764253187, 3.5], [0.6439715157735928, 0.9619555953972369], [0.17484747341885443, 0.399039312867189], [0.17484513603419646, 0.3990012506370935]]","[[0.9907170929651206, 0.991180538378605], [0.9912300130495401, 0.9907043813517115], [0.9939192188993718, 0.9913362140624239], [0.993898936754178, 0.9903931286718899], [0.9938054413678589, 0.9900125063709349]]","[[0.37291134591715214, 0.37797152382707916], [0.3730267529361465, 0.3778620077108936], [0.22205914337020444, 0.24665528087108635], [0.17484747341885443, 0.1995196564335945], [0.17484513603419646, 0.19950062531854676]]",0.5,0.9987313001661312,0.34370412500000214
rounded_square--demand_conflict,rounded_square,demand_conflict,balanced_switch,switch,1931,1,oracle_adaptive_delay,21.040589019790392,1.5283380939518305,1.5283380939518305,0.4641116158219918,0.07263760974154782,1.0,1.0,4.410715758001247,0.46643051686177633,0.10574939362520681,0.4641116158219918,3,"[[1, 2], [2, 4], [1, 2], [2, 3]]","[true, true, true, true, true]",0,4.0,0,1,1,"[[10, 10], [10, 10], [2, 2], [2, 2], [2, 2]]","[[9, 10], [9, 10], [1, 2], [1, 2], [1, 2]]","[[11, 12], [11, 12], [3, 4], [3, 4], [3, 4]]","[[2, 2], [2, 2], [2, 2], [2, 2], [2, 2]]","[[3.5, 3.5], [3.5, 3.5], [0.4, 0.4], [0.4, 0.4], [0.4, 0.4]]","[[1.0, 1.0], [1.0, 1.0], [1.0, 1.0], [1.0, 1.0], [1.0, 1.0]]","[[0.38, 0.38], [0.38, 0.38], [0.2, 0.2], [0.2, 0.2], [0.2, 0.2]]",0.5,0.9987237364598037,0.38449641699999404
rounded_square--demand_conflict,rounded_square,demand_conflict,balanced_switch,switch,1951,2,dual_anchor_dynamic,20.24846608753344,13.428674106423092,29.630207784605943,1.2245141520646738,0.6631946364910499,1.0,1.0,5.491741167309857,4.202789525573272,0.7652927181985197,1.2245141520646738,1,"[[3, 4], [2, 4], [2, 4], [2, 4]]","[true, true, false, false, false]",3,0.5,0,1,1,"[[2, 10], [2, 10], [10, 2], [10, 2], [10, 2]]","[[1, 10], [1, 10], [9, 2], [9, 2], [9, 2]]","[[3, 12], [3, 12], [11, 4], [11, 4], [11, 4]]","[[2, 2], [2, 2], [2, 2], [2, 2], [2, 2]]","[[0.0, 0.0], [0.0, 0.0], [0.0, 0.0], [0.0, 0.0], [0.0, 0.0]]","[[NaN, NaN], [NaN, NaN], [NaN, NaN], [NaN, NaN], [NaN, NaN]]","[[0.0, 0.0], [0.0, 0.0], [0.0, 0.0], [0.0, 0.0], [0.0, 0.0]]",0.5,0.9491549961147443,0.5352523749999989
rounded_square--demand_conflict,rounded_square,demand_conflict,balanced_switch,switch,1951,2,fixed_delay_2,20.24846608753344,13.44283405516747,29.593420712190742,1.2225339109046796,0.6638939461910126,1.0,1.0,5.491741167309857,4.1328818897361135,0.7525631241212731,1.2225339109046796,1,"[[3, 4], [2, 4], [2, 4], [2, 4]]","[true, true, false, false, false]",3,0.5,0,1,1,"[[2, 10], [2, 10], [10, 2], [10, 2], [10, 2]]","[[1, 10], [1, 10], [9, 2], [9, 2], [9, 2]]","[[3, 12], [3, 12], [11, 4], [11, 4], [11, 4]]","[[2, 2], [2, 2], [2, 2], [2, 2], [2, 2]]","[[2.0, 2.0], [2.0, 2.0], [2.0, 2.0], [2.0, 2.0], [2.0, 2.0]]","[[NaN, NaN], [NaN, NaN], [NaN, NaN], [NaN, NaN], [NaN, NaN]]","[[1.0, 1.0], [1.0, 1.0], [1.0, 1.0], [1.0, 1.0], [1.0, 1.0]]",0.5,0.9492857203112901,0.4821224579999921
rounded_square--demand_conflict,rounded_square,demand_conflict,balanced_switch,switch,1951,2,delay_aware_dual_anchor,20.24846608753344,13.439372948199317,29.15641536305504,1.2161146130205331,0.6637230143805144,1.0,1.0,5.491741167309857,4.059196294950181,0.7391455954102418,1.2161146130205331,1,"[[3, 4], [2, 4], [2, 4], [2, 4]]","[true, true, false, false, false]",3,0.5,0,1,1,"[[2, 10], [2, 10], [10, 2], [10, 2], [10, 2]]","[[1, 10], [1, 10], [9, 2], [9, 2], [9, 2]]","[[3, 12], [3, 12], [11, 4], [11, 4], [11, 4]]","[[2, 2], [2, 2], [2, 2], [2, 2], [2, 2]]","[[0.25, 2.5], [0.25, 2.5], [0.25, 2.5], [1.25, 1.5], [2.25, 0.5]]","[[NaN, NaN], [NaN, NaN], [NaN, NaN], [NaN, NaN], [NaN, NaN]]","[[0.25, 0.25], [0.25, 0.25], [0.25, 0.25], [0.25, 0.25], [0.25, 0.25]]",0.5,0.9486137139353666,0.48917704199999434
rounded_square--demand_conflict,rounded_square,demand_conflict,balanced_switch,switch,1951,2,adaptive_rolling_delay,20.24846608753344,13.431584193108762,29.093092538865765,1.2133833161808683,0.6633383553620542,1.0,1.0,5.491741167309857,3.985981789657634,0.7258138481442994,1.2133833161808683,1,"[[3, 4], [2, 4], [2, 4], [2, 4]]","[true, true, false, false, false]",3,0.5,0,1,1,"[[2, 10], [2, 10], [10, 2], [10, 2], [10, 2]]","[[1, 10], [1, 10], [9, 2], [9, 2], [9, 2]]","[[3, 12], [3, 12], [11, 4], [11, 4], [11, 4]]","[[2, 2], [2, 2], [2, 2], [2, 2], [2, 2]]","[[0.1746872820658491, 3.5], [0.17466993433002626, 3.5], [2.3021462349668695, 0.9577649876393369], [3.3391906528268764, 0.3980891742016146], [3.339270193995766, 0.39813201461077224]]","[[0.9874912826339645, 0.9810150377444977], [0.9867973732010505, 0.9814241748908404], [0.9816673159824397, 0.9803155493473682], [0.9823163717663587, 0.9808917420161457], [0.9823556513559341, 0.9813201461077221]]","[[0.1746872820658491, 0.3756334586812345], [0.17466993433002626, 0.3757275602248933], [0.32424594858688305, 0.24558076606136842], [0.3710211836474307, 0.1990445871008073], [0.37103002155508513, 0.19906600730538612]]",0.5,0.9484051526469379,0.520857124999992
rounded_square--demand_conflict,rounded_square,demand_conflict,balanced_switch,switch,1951,2,oracle_adaptive_delay,20.24846608753344,13.430420943317632,29.196113342668824,1.2162871971472162,0.6632809065762498,1.0,1.0,5.491741167309857,3.990334155247397,0.7266063774090926,1.2162871971472162,1,"[[3, 4], [2, 4], [2, 4], [2, 4]]","[true, true, false, false, false]",3,0.5,0,1,1,"[[2, 10], [2, 10], [10, 2], [10, 2], [10, 2]]","[[1, 10], [1, 10], [9, 2], [9, 2], [9, 2]]","[[3, 12], [3, 12], [11, 4], [11, 4], [11, 4]]","[[2, 2], [2, 2], [2, 2], [2, 2], [2, 2]]","[[0.4, 3.5], [0.4, 3.5], [3.5, 0.4], [3.5, 0.4], [3.5, 0.4]]","[[1.0, 1.0], [1.0, 1.0], [1.0, 1.0], [1.0, 1.0], [1.0, 1.0]]","[[0.2, 0.38], [0.2, 0.38], [0.38, 0.2], [0.38, 0.2], [0.38, 0.2]]",0.5,0.9485266448588318,0.5299766250000033
rounded_square--demand_conflict,rounded_square,demand_conflict,balanced_switch,switch,1973,3,dual_anchor_dynamic,15.692217230175043,10.165123972444263,10.165123972444263,0.9794948430367056,0.6477812423407852,1.0,1.0,4.105061589941709,3.0054222064797806,0.7321259719570875,0.9794948430367056,0,"[[1, 4], [1, 4], [1, 4], [1, 4]]","[true, true, false, false, true]",2,1.15,0,1,1,"[[4, 8], [4, 8], [8, 4], [8, 4], [4, 8]]","[[3, 9], [3, 9], [7, 5], [7, 5], [3, 9]]","[[5, 11], [5, 11], [9, 7], [9, 7], [5, 11]]","[[2, 2], [2, 2], [2, 2], [2, 2], [2, 2]]","[[0.0, 0.0], [0.0, 0.0], [0.0, 0.0], [0.0, 0.0], [0.0, 0.0]]","[[NaN, NaN], [NaN, NaN], [NaN, NaN], [NaN, NaN], [NaN, NaN]]","[[0.0, 0.0], [0.0, 0.0], [0.0, 0.0], [0.0, 0.0], [0.0, 0.0]]",1.0,0.9739043511500918,0.47080862500000364
rounded_square--demand_conflict,rounded_square,demand_conflict,balanced_switch,switch,1973,3,fixed_delay_2,15.692217230175043,10.425966755869842,10.425966755869842,0.9806236438137648,0.6644036724027395,1.0,1.0,4.105061589941709,2.7284354669092314,0.6646515300999356,0.9806236438137648,0,"[[1, 4], [1, 4], [1, 4], [1, 4]]","[true, true, false, false, true]",2,1.15,0,1,1,"[[4, 8], [4, 8], [8, 4], [8, 4], [4, 8]]","[[3, 9], [3, 9], [7, 5], [7, 5], [3, 9]]","[[5, 11], [5, 11], [9, 7], [9, 7], [5, 11]]","[[2, 2], [2, 2], [2, 2], [2, 2], [2, 2]]","[[2.0, 2.0], [2.0, 2.0], [2.0, 2.0], [2.0, 2.0], [2.0, 2.0]]","[[NaN, NaN], [NaN, NaN], [NaN, NaN], [NaN, NaN], [NaN, NaN]]","[[1.0, 1.0], [1.0, 1.0], [1.0, 1.0], [1.0, 1.0], [1.0, 1.0]]",1.0,0.9739043511500918,0.4842629159999916
rounded_square--demand_conflict,rounded_square,demand_conflict,balanced_switch,switch,1973,3,delay_aware_dual_anchor,15.692217230175043,10.3037103175308,10.3037103175308,0.9640151935651985,0.6566127760274362,1.0,1.0,4.105061589941709,2.814828626401453,0.6856970510012306,0.9640151935651985,0,"[[1, 4], [1, 4], [1, 4], [1, 4]]","[true, true, false, false, true]",2,1.15,0,1,1,"[[4, 8], [4, 8], [8, 4], [8, 4], [4, 8]]","[[3, 9], [3, 9], [7, 5], [7, 5], [3, 9]]","[[5, 11], [5, 11], [9, 7], [9, 7], [5, 11]]","[[2, 2], [2, 2], [2, 2], [2, 2], [2, 2]]","[[0.75, 2.25], [0.75, 2.25], [0.75, 2.25], [1.25, 1.75], [0.75, 2.25]]","[[NaN, NaN], [NaN, NaN], [NaN, NaN], [NaN, NaN], [NaN, NaN]]","[[0.25, 0.25], [0.25, 0.25], [0.25, 0.25], [0.25, 0.25], [0.25, 0.25]]",1.0,0.9739043511500918,0.5124518340000037
rounded_square--demand_conflict,rounded_square,demand_conflict,balanced_switch,switch,1973,3,adaptive_rolling_delay,15.692217230175043,10.362821477990627,10.362821477990627,0.9608192479200224,0.660379685419065,1.0,1.0,4.105061589941709,2.7727753537239175,0.6754528021011471,0.9608192479200224,0,"[[1, 4], [1, 4], [1, 4], [1, 4]]","[true, true, false, false, true]",2,1.15,0,1,1,"[[4, 8], [4, 8], [8, 4], [8, 4], [4, 8]]","[[3, 9], [3, 9], [7, 5], [7, 5], [3, 9]]","[[5, 11], [5, 11], [9, 7], [9, 7], [5, 11]]","[[2, 2], [2, 2], [2, 2], [2, 2], [2, 2]]","[[0.6747321724953984, 3.325891934278862], [0.6747454371052743, 3.323016991281962], [1.9357754325889382, 1.6458170030138297], [2.2733055996269895, 1.3589370606201894], [0.8968589885176915, 2.92249253146236]]","[[0.998809655535104, 0.9757491033475864], [0.9988686093567757, 0.9743293784108454], [0.9985139154335488, 0.973612807650145], [0.9986168160220322, 0.9742992969923032], [0.9988575267134893, 0.9740122116198925]]","[[0.2249107241651328, 0.3695435482532069], [0.22491514570175813, 0.3692241101424402], [0.3072659416807839, 0.2887398250901456], [0.3247579428038556, 0.2717874121240379], [0.24239432122099774, 0.3521075339111277]]",1.0,0.9739043511500918,0.46964545800000224
rounded_square--demand_conflict,rounded_square,demand_conflict,balanced_switch,switch,1973,3,oracle_adaptive_delay,15.692217230175043,10.706335144972375,10.706335144972375,0.9741436387825987,0.6822703884308227,1.0,1.0,4.105061589941709,2.8003017158499506,0.6821582708311361,0.9741436387825987,0,"[[1, 4], [1, 4], [1, 4], [1, 4]]","[true, true, false, false, true]",2,1.15,0,1,1,"[[4, 8], [4, 8], [8, 4], [8, 4], [4, 8]]","[[3, 9], [3, 9], [7, 5], [7, 5], [3, 9]]","[[5, 11], [5, 11], [9, 7], [9, 7], [5, 11]]","[[2, 2], [2, 2], [2, 2], [2, 2], [2, 2]]","[[1.0, 2.8], [1.0, 2.8], [2.8, 1.0], [2.8, 1.0], [1.0, 2.8]]","[[1.0, 1.0], [1.0, 1.0], [1.0, 1.0], [1.0, 1.0], [1.0, 1.0]]","[[0.25, 0.35], [0.25, 0.35], [0.35, 0.25], [0.35, 0.25], [0.25, 0.35]]",1.0,0.9739043511500918,0.45576808299999527
figure_eight--demand_conflict,figure_eight,demand_conflict,balanced_switch,switch,1901,0,dual_anchor_dynamic,2.0976287158611155,0.7824537029432185,15.846668401235053,4.93985646155524,0.37301820719116474,0.6666666666666666,0.0,0.6023412247044333,0.26390180569798277,0.43812675419564456,4.93985646155524,0,"[[2, 4], [2, 4], [2, 4], [2, 4]]","[true, true, false, false, false]",3,0.5,0,1,1,"[[2, 2], [2, 2], [10, 10], [10, 10], [10, 10]]","[[1, 2], [1, 2], [9, 10], [9, 10], [9, 10]]","[[3, 4], [3, 4], [11, 12], [11, 12], [11, 12]]","[[2, 2], [2, 2], [2, 2], [2, 2], [2, 2]]","[[0.0, 0.0], [0.0, 0.0], [0.0, 0.0], [0.0, 0.0], [0.0, 0.0]]","[[NaN, NaN], [NaN, NaN], [NaN, NaN], [NaN, NaN], [NaN, NaN]]","[[0.0, 0.0], [0.0, 0.0], [0.0, 0.0], [0.0, 0.0], [0.0, 0.0]]",0.5,0.9990370257713368,0.2237037090000058
figure_eight--demand_conflict,figure_eight,demand_conflict,balanced_switch,switch,1901,0,fixed_delay_2,2.0976287158611155,0.8439481354114409,15.890950208918778,4.960379511031949,0.4023343735857394,0.6666666666666666,0.16666666666666666,0.6023412247044333,0.2646022886735277,0.4392896880059423,4.960379511031949,0,"[[2, 4], [2, 4], [2, 4], [2, 4]]","[true, true, false, false, false]",3,0.5,0,1,1,"[[2, 2], [2, 2], [10, 10], [10, 10], [10, 10]]","[[1, 2], [1, 2], [9, 10], [9, 10], [9, 10]]","[[3, 4], [3, 4], [11, 12], [11, 12], [11, 12]]","[[2, 2], [2, 2], [2, 2], [2, 2], [2, 2]]","[[2.0, 2.0], [2.0, 2.0], [2.0, 2.0], [2.0, 2.0], [2.0, 2.0]]","[[NaN, NaN], [NaN, NaN], [NaN, NaN], [NaN, NaN], [NaN, NaN]]","[[1.0, 1.0], [1.0, 1.0], [1.0, 1.0], [1.0, 1.0], [1.0, 1.0]]",0.5,0.9990373818703051,0.23073999999999728
figure_eight--demand_conflict,figure_eight,demand_conflict,balanced_switch,switch,1901,0,delay_aware_dual_anchor,2.0976287158611155,0.7579026819500723,15.84515510881075,4.9319594506360485,0.361314028654942,0.6666666666666666,0.0,0.6023412247044333,0.2579173016901425,0.42819134920858454,4.9319594506360485,0,"[[2, 4], [2, 4], [2, 4], [2, 4]]","[true, true, false, false, false]",3,0.5,0,1,1,"[[2, 2], [2, 2], [10, 10], [10, 10], [10, 10]]","[[1, 2], [1, 2], [9, 10], [9, 10], [9, 10]]","[[3, 4], [3, 4], [11, 12], [11, 12], [11, 12]]","[[2, 2], [2, 2], [2, 2], [2, 2], [2, 2]]","[[0.25, 0.5], [0.25, 0.5], [0.25, 0.5], [1.25, 1.5], [2.25, 2.5]]","[[NaN, NaN], [NaN, NaN], [NaN, NaN], [NaN, NaN], [NaN, NaN]]","[[0.25, 0.25], [0.25, 0.25], [0.25, 0.25], [0.25, 0.25], [0.25, 0.25]]",0.5,0.99903723469378,0.22627549999999985
figure_eight--demand_conflict,figure_eight,demand_conflict,balanced_switch,switch,1901,0,adaptive_rolling_delay,2.0976287158611155,0.7623870722628321,15.925509317818623,4.944300536822962,0.3634518666235259,0.6666666666666666,0.0,0.6023412247044333,0.2591882552655597,0.43030137177268996,4.944300536822962,0,"[[2, 4], [2, 4], [2, 4], [2, 4]]","[true, true, false, false, false]",3,0.5,0,1,1,"[[2, 2], [2, 2], [10, 10], [10, 10], [10, 10]]","[[1, 2], [1, 2], [9, 10], [9, 10], [9, 10]]","[[3, 4], [3, 4], [11, 12], [11, 12], [11, 12]]","[[2, 2], [2, 2], [2, 2], [2, 2], [2, 2]]","[[0.17496580215860394, 0.36716335097943364], [0.17496572258617732, 0.3666005724688781], [2.319643505312303, 2.654303394541148], [3.366032844120521, 3.5], [3.3660582004907287, 3.5]]","[[0.9986320863441585, 0.6716335097943366], [0.9986289034470931, 0.6660057246887813], [0.9955512837233111, 0.8774902573029403], [0.9955717748743316, 0.8782105078705499], [0.9955842965386315, 0.8787072086081871]]","[[0.17496580215860394, 0.18358167548971682], [0.17496572258617732, 0.18330028623443906], [0.32671035286088773, 0.32769177710384545], [0.3740036493467246, 0.35198841681022647], [0.3740064667211921, 0.35210265797988305]]",0.5,0.9990372254304174,0.2246322499999991
figure_eight--demand_conflict,figure_eight,demand_conflict,balanced_switch,switch,1901,0,oracle_adaptive_delay,2.0976287158611155,0.7742791242605442,15.947400096691627,4.957964102898422,0.3691211501853836,0.6666666666666666,0.0,0.6023412247044333,0.2602873082329455,0.43212600691687264,4.957964102898422,0,"[[2, 4], [2, 4], [2, 4], [2, 4]]","[true, true, false, false, false]",3,0.5,0,1,1,"[[2, 2], [2, 2], [10, 10], [10, 10], [10, 10]]","[[1, 2], [1, 2], [9, 10], [9, 10], [9, 10]]","[[3, 4], [3, 4], [11, 12], [11, 12], [11, 12]]","[[2, 2], [2, 2], [2, 2], [2, 2], [2, 2]]","[[0.4, 0.4], [0.4, 0.4], [3.5, 3.5], [3.5, 3.5], [3.5, 3.5]]","[[1.0, 1.0], [1.0, 1.0], [1.0, 1.0], [1.0, 1.0], [1.0, 1.0]]","[[0.2, 0.2], [0.2, 0.2], [0.38, 0.38], [0.38, 0.38], [0.38, 0.38]]",0.5,0.9990371584425999,0.21715258399999016
figure_eight--demand_conflict,figure_eight,demand_conflict,balanced_switch,switch,1931,1,dual_anchor_dynamic,18.885583084909285,1.559213979882181,1.559213979882181,0.5091539575331696,0.08256107173773662,0.8333333333333334,0.5,5.743101463702691,0.39703392586766895,0.06913231959716995,0.5091539575331696,2,"[[2, 4], [2, 4], [3, 4], [1, 3]]","[true, true, true, true, true]",0,4.0,0,1,1,"[[10, 10], [10, 10], [2, 2], [2, 2], [2, 2]]","[[9, 10], [9, 10], [1, 2], [1, 2], [1, 2]]","[[11, 12], [11, 12], [3, 4], [3, 4], [3, 4]]","[[2, 2], [2, 2], [2, 2], [2, 2], [2, 2]]","[[0.0, 0.0], [0.0, 0.0], [0.0, 0.0], [0.0, 0.0], [0.0, 0.0]]","[[NaN, NaN], [NaN, NaN], [NaN, NaN], [NaN, NaN], [NaN, NaN]]","[[0.0, 0.0], [0.0, 0.0], [0.0, 0.0], [0.0, 0.0], [0.0, 0.0]]",0.5,0.9993205969486897,0.3545373750000067
figure_eight--demand_conflict,figure_eight,demand_conflict,balanced_switch,switch,1931,1,fixed_delay_2,18.885583084909285,1.1868328470333336,1.1868328470333336,0.4911282594909094,0.06284332560436984,0.8333333333333334,0.3333333333333333,5.743101463702691,0.375210522867246,0.06533238620954825,0.4911282594909094,2,"[[2, 4], [2, 4], [1, 4], [1, 2]]","[true, true, true, true, true]",0,4.0,0,1,1,"[[10, 10], [10, 10], [2, 2], [2, 2], [2, 2]]","[[9, 10], [9, 10], [1, 2], [1, 2], [1, 2]]","[[11, 12], [11, 12], [3, 4], [3, 4], [3, 4]]","[[2, 2], [2, 2], [2, 2], [2, 2], [2, 2]]","[[2.0, 2.0], [2.0, 2.0], [2.0, 2.0], [2.0, 2.0], [2.0, 2.0]]","[[NaN, NaN], [NaN, NaN], [NaN, NaN], [NaN, NaN], [NaN, NaN]]","[[1.0, 1.0], [1.0, 1.0], [1.0, 1.0], [1.0, 1.0], [1.0, 1.0]]",0.5,0.9993771653551817,0.37369920900000864
figure_eight--demand_conflict,figure_eight,demand_conflict,balanced_switch,switch,1931,1,delay_aware_dual_anchor,18.885583084909285,1.2227105679934098,1.2227105679934098,0.4920762910989101,0.06474306684078127,0.8333333333333334,0.3333333333333333,5.743101463702691,0.3825344127786041,0.06660763616946036,0.4920762910989101,2,"[[2, 4], [2, 4], [1, 4], [1, 2]]","[true, true, true, true, true]",0,4.0,0,1,1,"[[10, 10], [10, 10], [2, 2], [2, 2], [2, 2]]","[[9, 10], [9, 10], [1, 2], [1, 2], [1, 2]]","[[11, 12], [11, 12], [3, 4], [3, 4], [3, 4]]","[[2, 2], [2, 2], [2, 2], [2, 2], [2, 2]]","[[2.25, 2.5], [2.25, 2.5], [2.25, 2.5], [1.25, 1.5], [0.25, 0.5]]","[[NaN, NaN], [NaN, NaN], [NaN, NaN], [NaN, NaN], [NaN, NaN]]","[[0.25, 0.25], [0.25, 0.25], [0.25, 0.25], [0.25, 0.25], [0.25, 0.25]]",0.5,0.9993701344275387,0.38820508300000256
figure_eight--demand_conflict,figure_eight,demand_conflict,balanced_switch,switch,1931,1,adaptive_rolling_delay,18.885583084909285,1.4893128311018047,1.4893128311018047,0.4924566279942549,0.07885977490903393,0.8333333333333334,0.5,5.743101463702691,0.446722631480175,0.0777842136872442,0.4924566279942549,1,"[[2, 4], [2, 4], [1, 2], [1, 2]]","[true, true, true, true, true]",0,4.0,0,1,1,"[[10, 10], [10, 10], [2, 2], [2, 2], [2, 2]]","[[9, 10], [9, 10], [1, 2], [1, 2], [1, 2]]","[[11, 12], [11, 12], [3, 4], [3, 4], [3, 4]]","[[2, 2], [2, 2], [2, 2], [2, 2], [2, 2]]","[[3.3626145682969324, 3.5], [3.363270513867696, 3.5], [0.6445973111293032, 0.9627832931792039], [0.17492342830241978, 0.39933542784777815], [0.17492363985620968, 0.39932552973034413]]","[[0.9938837374305838, 0.9887897380008999], [0.9942076611692325, 0.9897927279062186], [0.9968956534092905, 0.993512934067597], [0.9969371320967919, 0.9933542784777811], [0.996945594248388, 0.993255297303441]]","[[0.3736238409218814, 0.377421639740207], [0.37369672376307733, 0.3776523274184303], [0.22227493487217354, 0.24686751107159072], [0.17492342830241978, 0.19966771392388907], [0.17492363985620968, 0.19966276486517207]]",0.5,0.9993263560364664,0.3896791250000007
figure_eight--demand_conflict,figure_eight,demand_conflict,balanced_switch,switch,1931,1,oracle_adaptive_delay,18.885583084909285,1.491811763504405,1.491811763504405,0.49188638399824874,0.07899209448801463,0.8333333333333334,0.5,5.743101463702691,0.4390234139893151,0.07644361095899359,0.49188638399824874,2,"[[2, 4], [2, 4], [1, 2], [1, 3]]","[true, true, true, true, true]",0,4.0,0,1,1,"[[10, 10], [10, 10], [2, 2], [2, 2], [2, 2]]","[[9, 10], [9, 10], [1, 2], [1, 2], [1, 2]]","[[11, 12], [11, 12], [3, 4], [3, 4], [3, 4]]","[[2, 2], [2, 2], [2, 2], [2, 2], [2, 2]]","[[3.5, 3.5], [3.5, 3.5], [0.4, 0.4], [0.4, 0.4], [0.4, 0.4]]","[[1.0, 1.0], [1.0, 1.0], [1.0, 1.0], [1.0, 1.0], [1.0, 1.0]]","[[0.38, 0.38], [0.38, 0.38], [0.2, 0.2], [0.2, 0.2], [0.2, 0.2]]",0.5,0.9993241720709525,0.3967708750000014
figure_eight--demand_conflict,figure_eight,demand_conflict,balanced_switch,switch,1951,2,dual_anchor_dynamic,17.833583744652266,16.714511696428183,24.431046689505315,1.2911777612861008,0.9372491774930175,1.0,1.0,5.177878155849228,4.377396852789208,0.8454036037607894,1.2911777612861008,1,"[[2, 4], [3, 4], [3, 4], [3, 4]]","[true, true, false, false, false]",3,0.5,0,1,1,"[[2, 10], [2, 10], [10, 2], [10, 2], [10, 2]]","[[1, 10], [1, 10], [9, 2], [9, 2], [9, 2]]","[[3, 12], [3, 12], [11, 4], [11, 4], [11, 4]]","[[2, 2], [2, 2], [2, 2], [2, 2], [2, 2]]","[[0.0, 0.0], [0.0, 0.0], [0.0, 0.0], [0.0, 0.0], [0.0, 0.0]]","[[NaN, NaN], [NaN, NaN], [NaN, NaN], [NaN, NaN], [NaN, NaN]]","[[0.0, 0.0], [0.0, 0.0], [0.0, 0.0], [0.0, 0.0], [0.0, 0.0]]",0.5,0.9605595863929136,0.5148637909999962
figure_eight--demand_conflict,figure_eight,demand_conflict,balanced_switch,switch,1951,2,fixed_delay_2,17.833583744652266,15.662019281973006,25.33690947393331,1.305217315319406,0.8782317399703554,1.0,1.0,5.177878155849228,4.1814475337108545,0.8075600483157858,1.305217315319406,1,"[[2, 4], [3, 4], [3, 4], [3, 4]]","[true, true, false, false, false]",3,0.5,0,1,1,"[[2, 10], [2, 10], [10, 2], [10, 2], [10, 2]]","[[1, 10], [1, 10], [9, 2], [9, 2], [9, 2]]","[[3, 12], [3, 12], [11, 4], [11, 4], [11, 4]]","[[2, 2], [2, 2], [2, 2], [2, 2], [2, 2]]","[[2.0, 2.0], [2.0, 2.0], [2.0, 2.0], [2.0, 2.0], [2.0, 2.0]]","[[NaN, NaN], [NaN, NaN], [NaN, NaN], [NaN, NaN], [NaN, NaN]]","[[1.0, 1.0], [1.0, 1.0], [1.0, 1.0], [1.0, 1.0], [1.0, 1.0]]",0.5,0.9608776765948681,0.5277666659999909
figure_eight--demand_conflict,figure_eight,demand_conflict,balanced_switch,switch,1951,2,delay_aware_dual_anchor,17.833583744652266,15.358564171653647,25.642595993792867,1.304279522002767,0.8612158044935416,1.0,1.0,5.177878155849228,4.045310828864059,0.7812680613765011,1.304279522002767,1,"[[2, 4], [3, 4], [3, 4], [3, 4]]","[true, true, false, false, false]",3,0.5,0,1,1,"[[2, 10], [2, 10], [10, 2], [10, 2], [10, 2]]","[[1, 10], [1, 10], [9, 2], [9, 2], [9, 2]]","[[3, 12], [3, 12], [11, 4], [11, 4], [11, 4]]","[[2, 2], [2, 2], [2, 2], [2, 2], [2, 2]]","[[0.25, 2.5], [0.25, 2.5], [0.25, 2.5], [1.25, 1.5], [2.25, 0.5]]","[[NaN, NaN], [NaN, NaN], [NaN, NaN], [NaN, NaN], [NaN, NaN]]","[[0.25, 0.25], [0.25, 0.25], [0.25, 0.25], [0.25, 0.25], [0.25, 0.25]]",0.5,0.9609664061494843,0.5367966669999902
figure_eight--demand_conflict,figure_eight,demand_conflict,balanced_switch,switch,1951,2,adaptive_rolling_delay,17.833583744652266,15.106627826301962,25.924028941600675,1.3105450906450316,0.8470887311604975,1.0,1.0,5.177878155849228,3.9716189712662295,0.767036004271298,1.3105450906450316,1,"[[2, 4], [3, 4], [3, 4], [3, 4]]","[true, true, false, false, false]",3,0.5,0,1,1,"[[2, 10], [2, 10], [10, 2], [10, 2], [10, 2]]","[[1, 10], [1, 10], [9, 2], [9, 2], [9, 2]]","[[3, 12], [3, 12], [11, 4], [11, 4], [11, 4]]","[[2, 2], [2, 2], [2, 2], [2, 2], [2, 2]]","[[0.17083553830240703, 3.5], [0.1728621252579087, 3.5], [2.3103220461851937, 0.9562128381568628], [3.350940991916933, 0.397602104863089], [3.328792696205806, 0.39756670213369316]]","[[0.8334215320962818, 0.9767342076741066], [0.9144850103163488, 0.9768665025404711], [0.98815476785177, 0.9762336309187709], [0.9881190083540409, 0.9760210486308897], [0.9771815783732374, 0.9756670213369313]]","[[0.17083553830240703, 0.3746488677650445], [0.1728621252579087, 0.37467929558430835], [0.32539747129368923, 0.24518277901458016], [0.3723267768796592, 0.1988010524315445], [0.3698658551339784, 0.19878335106684658]]",0.5,0.9609884834232711,0.5425898750000044
figure_eight--demand_conflict,figure_eight,demand_conflict,balanced_switch,switch,1951,2,oracle_adaptive_delay,17.833583744652266,15.10897192856577,25.92668379292663,1.3111124539115964,0.8472201743015606,1.0,1.0,5.177878155849228,3.9729758959758623,0.7672980661948873,1.3111124539115964,1,"[[2, 4], [3, 4], [3, 4], [3, 4]]","[true, true, false, false, false]",3,0.5,0,1,1,"[[2, 10], [2, 10], [10, 2], [10, 2], [10, 2]]","[[1, 10], [1, 10], [9, 2], [9, 2], [9, 2]]","[[3, 12], [3, 12], [11, 4], [11, 4], [11, 4]]","[[2, 2], [2, 2], [2, 2], [2, 2], [2, 2]]","[[0.4, 3.5], [0.4, 3.5], [3.5, 0.4], [3.5, 0.4], [3.5, 0.4]]","[[1.0, 1.0], [1.0, 1.0], [1.0, 1.0], [1.0, 1.0], [1.0, 1.0]]","[[0.2, 0.38], [0.2, 0.38], [0.38, 0.2], [0.38, 0.2], [0.38, 0.2]]",0.5,0.961028807535785,0.5541375829999993
figure_eight--demand_conflict,figure_eight,demand_conflict,balanced_switch,switch,1973,3,dual_anchor_dynamic,14.829503719776918,6.691095545110488,17.625601547850597,0.8135087925731979,0.4512015824364447,1.0,1.0,4.257352954921945,1.4176074919715314,0.33297861534656853,0.8135087925731979,3,"[[2, 4], [3, 4], [4, 5], [3, 5]]","[true, true, true, true, false]",1,2.0,0,1,1,"[[4, 8], [4, 8], [8, 4], [8, 4], [4, 8]]","[[3, 9], [3, 9], [7, 5], [7, 5], [3, 9]]","[[5, 11], [5, 11], [9, 7], [9, 7], [5, 11]]","[[2, 2], [2, 2], [2, 2], [2, 2], [2, 2]]","[[0.0, 0.0], [0.0, 0.0], [0.0, 0.0], [0.0, 0.0], [0.0, 0.0]]","[[NaN, NaN], [NaN, NaN], [NaN, NaN], [NaN, NaN], [NaN, NaN]]","[[0.0, 0.0], [0.0, 0.0], [0.0, 0.0], [0.0, 0.0], [0.0, 0.0]]",1.0,0.9794250965576193,0.3986661249999912
figure_eight--demand_conflict,figure_eight,demand_conflict,balanced_switch,switch,1973,3,fixed_delay_2,14.829503719776918,10.03327230495983,10.03327230495983,0.8257207955896891,0.6765750556830341,1.0,1.0,4.257352954921945,2.9495696320720484,0.6928177351755713,0.8257207955896891,0,"[[2, 4], [2, 4], [2, 4], [2, 4]]","[true, true, false, false, true]",2,1.15,0,1,1,"[[4, 8], [4, 8], [8, 4], [8, 4], [4, 8]]","[[3, 9], [3, 9], [7, 5], [7, 5], [3, 9]]","[[5, 11], [5, 11], [9, 7], [9, 7], [5, 11]]","[[2, 2], [2, 2], [2, 2], [2, 2], [2, 2]]","[[2.0, 2.0], [2.0, 2.0], [2.0, 2.0], [2.0, 2.0], [2.0, 2.0]]","[[NaN, NaN], [NaN, NaN], [NaN, NaN], [NaN, NaN], [NaN, NaN]]","[[1.0, 1.0], [1.0, 1.0], [1.0, 1.0], [1.0, 1.0], [1.0, 1.0]]",1.0,0.9793687900343304,0.5233635000000021
figure_eight--demand_conflict,figure_eight,demand_conflict,balanced_switch,switch,1973,3,delay_aware_dual_anchor,14.829503719776918,9.86830891057525,9.86830891057525,0.8278099793741135,0.6654510560198099,1.0,1.0,4.257352954921945,2.8829628155710743,0.6771726107975304,0.8278099793741135,0,"[[2, 4], [2, 4], [2, 4], [2, 4]]","[true, true, false, false, true]",2,1.15,0,1,1,"[[4, 8], [4, 8], [8, 4], [8, 4], [4, 8]]","[[3, 9], [3, 9], [7, 5], [7, 5], [3, 9]]","[[5, 11], [5, 11], [9, 7], [9, 7], [5, 11]]","[[2, 2], [2, 2], [2, 2], [2, 2], [2, 2]]","[[0.75, 2.25], [0.75, 2.25], [0.75, 2.25], [1.25, 1.75], [0.75, 2.25]]","[[NaN, NaN], [NaN, NaN], [NaN, NaN], [NaN, NaN], [NaN, NaN]]","[[0.25, 0.25], [0.25, 0.25], [0.25, 0.25], [0.25, 0.25], [0.25, 0.25]]",1.0,0.9793687900343304,0.5176759169999912
figure_eight--demand_conflict,figure_eight,demand_conflict,balanced_switch,switch,1973,3,adaptive_rolling_delay,14.829503719776918,10.002003331907787,10.002003331907787,0.8285094974064491,0.6744664906465425,1.0,1.0,4.257352954921945,2.8779217273421103,0.675988520992823,0.8285094974064491,0,"[[2, 4], [2, 4], [2, 4], [2, 4]]","[true, true, false, false, true]",2,1.15,0,1,1,"[[4, 8], [4, 8], [8, 4], [8, 4], [4, 8]]","[[3, 9], [3, 9], [7, 5], [7, 5], [3, 9]]","[[5, 11], [5, 11], [9, 7], [9, 7], [5, 11]]","[[2, 2], [2, 2], [2, 2], [2, 2], [2, 2]]","[[0.6748472109380046, 3.3245759374806667], [0.674661263692342, 3.325164585595997], [1.9330146272591098, 1.6481145161567405], [2.269790400539271, 1.3605822214463579], [0.8965874245411792, 2.9259838010704824]]","[[0.9993209375022428, 0.9750992283855143], [0.998494505299299, 0.975389918812838], [0.9957315467463946, 0.9764413864656702], [0.9957472657463435, 0.9769315543141722], [0.9980640600180553, 0.9760393677285424]]","[[0.2249490703126682, 0.3693973263867407], [0.22488708789744738, 0.36946273173288857], [0.30682771861255714, 0.289142897571358], [0.32425577150561014, 0.27211644428927156], [0.24232092555167012, 0.35252816880367255]]",1.0,0.9793687900343304,0.46843620799999997
figure_eight--demand_conflict,figure_eight,demand_conflict,balanced_switch,switch,1973,3,oracle_adaptive_delay,14.829503719776918,10.022151633116342,10.022151633116342,0.827451324711379,0.6758251538620678,1.0,1.0,4.257352954921945,2.9132489426661965,0.6842864506449192,0.827451324711379,0,"[[2, 4], [2, 4], [2, 4], [2, 4]]","[true, true, false, false, true]",2,1.15,0,1,1,"[[4, 8], [4, 8], [8, 4], [8, 4], [4, 8]]","[[3, 9], [3, 9], [7, 5], [7, 5], [3, 9]]","[[5, 11], [5, 11], [9, 7], [9, 7], [5, 11]]","[[2, 2], [2, 2], [2, 2], [2, 2], [2, 2]]","[[1.0, 2.8], [1.0, 2.8], [2.8, 1.0], [2.8, 1.0], [1.0, 2.8]]","[[1.0, 1.0], [1.0, 1.0], [1.0, 1.0], [1.0, 1.0], [1.0, 1.0]]","[[0.25, 0.35], [0.25, 0.35], [0.35, 0.25], [0.35, 0.25], [0.25, 0.35]]",1.0,0.9793687900343304,0.5350739170000054
s_curve--demand_conflict,s_curve,demand_conflict,balanced_switch,switch,1901,0,dual_anchor_dynamic,1.0573192021027173,0.43797003268614687,8.960829864121148,5.525461054610199,0.41422687851988765,0.16666666666666666,0.0,0.250468303921404,0.15469106323753723,0.6176073411910782,5.525461054610199,0,"[[2, 4], [2, 4], [2, 4], [2, 4]]","[true, true, false, false, false]",3,0.5,0,1,1,"[[2, 2], [2, 2], [10, 10], [10, 10], [10, 10]]","[[1, 2], [1, 2], [9, 10], [9, 10], [9, 10]]","[[3, 4], [3, 4], [11, 12], [11, 12], [11, 12]]","[[2, 2], [2, 2], [2, 2], [2, 2], [2, 2]]","[[0.0, 0.0], [0.0, 0.0], [0.0, 0.0], [0.0, 0.0], [0.0, 0.0]]","[[NaN, NaN], [NaN, NaN], [NaN, NaN], [NaN, NaN], [NaN, NaN]]","[[0.0, 0.0], [0.0, 0.0], [0.0, 0.0], [0.0, 0.0], [0.0, 0.0]]",0.5,0.9985146378484744,0.23172287500000266
s_curve--demand_conflict,s_curve,demand_conflict,balanced_switch,switch,1901,0,fixed_delay_2,1.0573192021027173,0.5129570901467311,9.11249191652487,5.632841632671848,0.4851487508470482,0.16666666666666666,0.0,0.250468303921404,0.1549802474940417,0.6187619154504832,5.632841632671848,0,"[[2, 4], [2, 4], [2, 4], [2, 4]]","[true, true, false, false, false]",3,0.5,0,1,1,"[[2, 2], [2, 2], [10, 10], [10, 10], [10, 10]]","[[1, 2], [1, 2], [9, 10], [9, 10], [9, 10]]","[[3, 4], [3, 4], [11, 12], [11, 12], [11, 12]]","[[2, 2], [2, 2], [2, 2], [2, 2], [2, 2]]","[[2.0, 2.0], [2.0, 2.0], [2.0, 2.0], [2.0, 2.0], [2.0, 2.0]]","[[NaN, NaN], [NaN, NaN], [NaN, NaN], [NaN, NaN], [NaN, NaN]]","[[1.0, 1.0], [1.0, 1.0], [1.0, 1.0], [1.0, 1.0], [1.0, 1.0]]",0.5,0.9985185474943149,0.23321504100000823
s_curve--demand_conflict,s_curve,demand_conflict,balanced_switch,switch,1901,0,delay_aware_dual_anchor,1.0573192021027173,0.4298525328798436,9.01273635257556,5.536204355158321,0.4065494431813827,0.16666666666666666,0.0,0.250468303921404,0.15185064515918184,0.6062669119475971,5.536204355158321,0,"[[2, 4], [2, 4], [2, 4], [2, 4]]","[true, true, false, false, false]",3,0.5,0,1,1,"[[2, 2], [2, 2], [10, 10], [10, 10], [10, 10]]","[[1, 2], [1, 2], [9, 10], [9, 10], [9, 10]]","[[3, 4], [3, 4], [11, 12], [11, 12], [11, 12]]","[[2, 2], [2, 2], [2, 2], [2, 2], [2, 2]]","[[0.25, 0.5], [0.25, 0.5], [0.25, 0.5], [1.25, 1.5], [2.25, 2.5]]","[[NaN, NaN], [NaN, NaN], [NaN, NaN], [NaN, NaN], [NaN, NaN]]","[[0.25, 0.25], [0.25, 0.25], [0.25, 0.25], [0.25, 0.25], [0.25, 0.25]]",0.5,0.9985165563912068,0.23481358300000466
s_curve--demand_conflict,s_curve,demand_conflict,balanced_switch,switch,1901,0,adaptive_rolling_delay,1.0573192021027173,0.4304907915737919,9.096847141666014,5.563915809391431,0.40715310070758576,0.16666666666666666,0.0,0.250468303921404,0.15241512344198516,0.6085206034285777,5.563915809391431,0,"[[2, 4], [2, 4], [2, 4], [2, 4]]","[true, true, false, false, false]",3,0.5,0,1,1,"[[2, 2], [2, 2], [10, 10], [10, 10], [10, 10]]","[[1, 2], [1, 2], [9, 10], [9, 10], [9, 10]]","[[3, 4], [3, 4], [11, 12], [11, 12], [11, 12]]","[[2, 2], [2, 2], [2, 2], [2, 2], [2, 2]]","[[0.17471867483471887, 0.38699844353717483], [0.1747046158260805, 0.3887379458476756], [2.300588645849965, 2.1184161187872483], [3.3355806235129437, 2.7614975940567508], [3.3358293647572266, 2.758216008413283]]","[[0.9887469933887556, 0.8699844353717484], [0.9881846330432205, 0.8873794584767558], [0.980431379369145, 0.5507795267716803], [0.98053364124096, 0.5484772148072831], [0.9806564764233218, 0.5470504384405578]]","[[0.17471867483471887, 0.19349922176858741], [0.1747046158260805, 0.1943689729238378], [0.32402656983802325, 0.26153285417126526], [0.370620069279216, 0.2761497594056751], [0.3706477071952474, 0.2758216008413283]]",0.5,0.9985236198443259,0.23586279200000604
s_curve--demand_conflict,s_curve,demand_conflict,balanced_switch,switch,1901,0,oracle_adaptive_delay,1.0573192021027173,0.43895730507281683,9.118150346684496,5.5880803181856304,0.41516062907005885,0.16666666666666666,0.0,0.250468303921404,0.15235835319024688,0.6082939469980055,5.5880803181856304,0,"[[2, 4], [2, 4], [2, 4], [2, 4]]","[true, true, false, false, false]",3,0.5,0,1,1,"[[2, 2], [2, 2], [10, 10], [10, 10], [10, 10]]","[[1, 2], [1, 2], [9, 10], [9, 10], [9, 10]]","[[3, 4], [3, 4], [11, 12], [11, 12], [11, 12]]","[[2, 2], [2, 2], [2, 2], [2, 2], [2, 2]]","[[0.4, 0.4], [0.4, 0.4], [3.5, 3.5], [3.5, 3.5], [3.5, 3.5]]","[[1.0, 1.0], [1.0, 1.0], [1.0, 1.0], [1.0, 1.0], [1.0, 1.0]]","[[0.2, 0.2], [0.2, 0.2], [0.38, 0.38], [0.38, 0.38], [0.38, 0.38]]",0.5,0.9985246534421256,0.24643429200000355
s_curve--demand_conflict,s_curve,demand_conflict,balanced_switch,switch,1931,1,dual_anchor_dynamic,10.34200929585354,1.046531495110965,1.046531495110965,0.502506161635864,0.10119227948582049,0.8333333333333334,0.3333333333333333,2.336649568741269,0.39059431665010946,0.16715998918935837,0.502506161635864,0,"[[2, 4], [2, 4], [2, 4], [2, 4]]","[true, true, true, true, true]",0,4.0,0,1,1,"[[10, 10], [10, 10], [2, 2], [2, 2], [2, 2]]","[[9, 10], [9, 10], [1, 2], [1, 2], [1, 2]]","[[11, 12], [11, 12], [3, 4], [3, 4], [3, 4]]","[[2, 2], [2, 2], [2, 2], [2, 2], [2, 2]]","[[0.0, 0.0], [0.0, 0.0], [0.0, 0.0], [0.0, 0.0], [0.0, 0.0]]","[[NaN, NaN], [NaN, NaN], [NaN, NaN], [NaN, NaN], [NaN, NaN]]","[[0.0, 0.0], [0.0, 0.0], [0.0, 0.0], [0.0, 0.0], [0.0, 0.0]]",0.5,0.998275047127565,0.3841917499999994
s_curve--demand_conflict,s_curve,demand_conflict,balanced_switch,switch,1931,1,fixed_delay_2,10.34200929585354,1.011931761399132,1.011931761399132,0.511640808820212,0.09784672711567274,0.8333333333333334,0.16666666666666666,2.336649568741269,0.30388787638548115,0.13005282454449626,0.511640808820212,0,"[[2, 4], [2, 4], [2, 4], [2, 4]]","[true, true, true, true, true]",0,4.0,0,1,1,"[[10, 10], [10, 10], [2, 2], [2, 2], [2, 2]]","[[9, 10], [9, 10], [1, 2], [1, 2], [1, 2]]","[[11, 12], [11, 12], [3, 4], [3, 4], [3, 4]]","[[2, 2], [2, 2], [2, 2], [2, 2], [2, 2]]","[[2.0, 2.0], [2.0, 2.0], [2.0, 2.0], [2.0, 2.0], [2.0, 2.0]]","[[NaN, NaN], [NaN, NaN], [NaN, NaN], [NaN, NaN], [NaN, NaN]]","[[1.0, 1.0], [1.0, 1.0], [1.0, 1.0], [1.0, 1.0], [1.0, 1.0]]",0.5,0.9984948325967967,0.32056674999999757
s_curve--demand_conflict,s_curve,demand_conflict,balanced_switch,switch,1931,1,delay_aware_dual_anchor,10.34200929585354,0.9805190299391472,0.9805190299391472,0.5082343922284587,0.09480933558358628,0.8333333333333334,0.16666666666666666,2.336649568741269,0.28494137722500085,0.12194442035161313,0.5082343922284587,2,"[[2, 4], [2, 4], [3, 4], [2, 4]]","[true, true, true, true, true]",0,4.0,0,1,1,"[[10, 10], [10, 10], [2, 2], [2, 2], [2, 2]]","[[9, 10], [9, 10], [1, 2], [1, 2], [1, 2]]","[[11, 12], [11, 12], [3, 4], [3, 4], [3, 4]]","[[2, 2], [2, 2], [2, 2], [2, 2], [2, 2]]","[[2.25, 2.5], [2.25, 2.5], [2.25, 2.5], [1.25, 1.5], [0.25, 0.5]]","[[NaN, NaN], [NaN, NaN], [NaN, NaN], [NaN, NaN], [NaN, NaN]]","[[0.25, 0.25], [0.25, 0.25], [0.25, 0.25], [0.25, 0.25], [0.25, 0.25]]",0.5,0.9982998280789399,0.3134606250000047
s_curve--demand_conflict,s_curve,demand_conflict,balanced_switch,switch,1931,1,adaptive_rolling_delay,10.34200929585354,0.9976815751170668,0.9976815751170668,0.5044191538889187,0.09646883372238613,0.8333333333333334,0.5,2.336649568741269,0.2704012290519607,0.11572177217725602,0.5044191538889187,1,"[[2, 4], [2, 4], [3, 4], [3, 4]]","[true, true, true, true, true]",0,4.0,0,1,1,"[[10, 10], [10, 10], [2, 2], [2, 2], [2, 2]]","[[9, 10], [9, 10], [1, 2], [1, 2], [1, 2]]","[[11, 12], [11, 12], [3, 4], [3, 4], [3, 4]]","[[2, 2], [2, 2], [2, 2], [2, 2], [2, 2]]","[[3.313976218200798, 3.5], [3.3113244204708994, 3.5], [0.6404625010143693, 0.9590146702544358], [0.17440500979221665, 0.3983272618819794], [0.17437272063902337, 0.39830906619799655]]","[[0.9698647991115051, 0.9782431806180015], [0.9685552693683454, 0.979896124463175], [0.977229493528511, 0.9836020256526907], [0.9762003916886665, 0.9832726188197939], [0.9749088255609352, 0.9830906619799652]]","[[0.3682195798000887, 0.3749959315421404], [0.3679249356078777, 0.37537610862653026], [0.22084913828081704, 0.24590119750113734], [0.17440500979221665, 0.1991636309409897], [0.17437272063902337, 0.19915453309899828]]",0.5,0.9983048843204807,0.4112838329999988
s_curve--demand_conflict,s_curve,demand_conflict,balanced_switch,switch,1931,1,oracle_adaptive_delay,10.34200929585354,1.014399254183916,1.014399254183916,0.5076462036889386,0.09808531641821505,0.8333333333333334,0.3333333333333333,2.336649568741269,0.2656666249040374,0.11369553588951273,0.5076462036889386,1,"[[2, 4], [2, 4], [3, 4], [3, 4]]","[true, true, true, true, true]",0,4.0,0,1,1,"[[10, 10], [10, 10], [2, 2], [2, 2], [2, 2]]","[[9, 10], [9, 10], [1, 2], [1, 2], [1, 2]]","[[11, 12], [11, 12], [3, 4], [3, 4], [3, 4]]","[[2, 2], [2, 2], [2, 2], [2, 2], [2, 2]]","[[3.5, 3.5], [3.5, 3.5], [0.4, 0.4], [0.4, 0.4], [0.4, 0.4]]","[[1.0, 1.0], [1.0, 1.0], [1.0, 1.0], [1.0, 1.0], [1.0, 1.0]]","[[0.38, 0.38], [0.38, 0.38], [0.2, 0.2], [0.2, 0.2], [0.2, 0.2]]",0.5,0.9983609967104715,0.3043883340000093
s_curve--demand_conflict,s_curve,demand_conflict,balanced_switch,switch,1951,2,dual_anchor_dynamic,11.312786930513528,7.869736718607165,11.415635181573188,0.9295945021366943,0.6956496897665807,1.0,1.0,2.2683056517810907,1.837952722804756,0.8102755999226038,0.9295945021366943,0,"[[3, 4], [3, 4], [3, 4], [3, 4]]","[true, true, false, false, false]",3,0.5,0,1,1,"[[2, 10], [2, 10], [10, 2], [10, 2], [10, 2]]","[[1, 10], [1, 10], [10, 2], [10, 2], [10, 2]]","[[3, 12], [3, 12], [12, 4], [12, 4], [12, 4]]","[[2, 2], [2, 2], [2, 2], [2, 2], [2, 2]]","[[0.0, 0.0], [0.0, 0.0], [0.0, 0.0], [0.0, 0.0], [0.0, 0.0]]","[[NaN, NaN], [NaN, NaN], [NaN, NaN], [NaN, NaN], [NaN, NaN]]","[[0.0, 0.0], [0.0, 0.0], [0.0, 0.0], [0.0, 0.0], [0.0, 0.0]]",0.0,0.9380261160392578,0.35346108400000276
s_curve--demand_conflict,s_curve,demand_conflict,balanced_switch,switch,1951,2,fixed_delay_2,11.312786930513528,7.6195243510390815,12.776165306925998,0.9992305910414223,0.6735320304218975,1.0,1.0,2.2683056517810907,1.7617747873777188,0.776691970940671,0.9992305910414223,0,"[[3, 4], [3, 4], [3, 4], [3, 4]]","[true, true, false, false, false]",3,0.5,0,1,1,"[[2, 10], [2, 10], [10, 2], [10, 2], [10, 2]]","[[1, 10], [1, 10], [10, 2], [10, 2], [10, 2]]","[[3, 12], [3, 12], [12, 4], [12, 4], [12, 4]]","[[2, 2], [2, 2], [2, 2], [2, 2], [2, 2]]","[[2.0, 2.0], [2.0, 2.0], [2.0, 2.0], [2.0, 2.0], [2.0, 2.0]]","[[NaN, NaN], [NaN, NaN], [NaN, NaN], [NaN, NaN], [NaN, NaN]]","[[1.0, 1.0], [1.0, 1.0], [1.0, 1.0], [1.0, 1.0], [1.0, 1.0]]",0.0,0.951050615281418,0.35850362500001154
s_curve--demand_conflict,s_curve,demand_conflict,balanced_switch,switch,1951,2,delay_aware_dual_anchor,11.312786930513528,7.242885339343182,12.137450866814321,0.9484720826727657,0.6402388185891875,1.0,1.0,2.2683056517810907,1.7035104442307596,0.751005686951029,0.9484720826727657,0,"[[3, 4], [3, 4], [3, 4], [3, 4]]","[true, true, false, false, false]",3,0.5,0,1,1,"[[2, 10], [2, 10], [10, 2], [10, 2], [10, 2]]","[[1, 10], [1, 10], [10, 2], [10, 2], [10, 2]]","[[3, 12], [3, 12], [12, 4], [12, 4], [12, 4]]","[[2, 2], [2, 2], [2, 2], [2, 2], [2, 2]]","[[0.25, 2.5], [0.25, 2.5], [0.25, 2.5], [1.375, 1.5], [2.5, 0.5]]","[[NaN, NaN], [NaN, NaN], [NaN, NaN], [NaN, NaN], [NaN, NaN]]","[[0.25, 0.25], [0.25, 0.25], [0.25, 0.25], [0.25, 0.25], [0.25, 0.25]]",0.0,0.9417638754387021,0.35792450000000997
s_curve--demand_conflict,s_curve,demand_conflict,balanced_switch,switch,1951,2,adaptive_rolling_delay,11.312786930513528,7.00739385274114,11.915823756990623,0.9505531214402207,0.619422419584371,1.0,1.0,2.2683056517810907,1.6552565341593246,0.72973257940772,0.9505531214402207,0,"[[3, 4], [3, 4], [3, 4], [3, 4]]","[true, true, false, false, false]",3,0.5,0,1,1,"[[2, 10], [2, 10], [10, 2], [10, 2], [10, 2]]","[[1, 10], [1, 10], [10, 2], [10, 2], [10, 2]]","[[3, 12], [3, 12], [12, 4], [12, 4], [12, 4]]","[[2, 2], [2, 2], [2, 2], [2, 2], [2, 2]]","[[0.1655091409587401, 3.5], [0.16482786070445718, 3.5], [2.6210868797766236, 0.9514453109470395], [3.175908747097046, 0.3962098462080052], [3.3561236815609004, 0.39626656083169787]]","[[0.6203656383496042, 0.9534227141401725], [0.5931144281782874, 0.9542313802856718], [0.9540347664540589, 0.9636957552847848], [0.7286559769987155, 0.9620984620800517], [0.8070102963308262, 0.9626656083169783]]","[[0.1655091409587401, 0.3692872242522397], [0.16482786070445718, 0.3694732174657045], [0.3360367794585415, 0.24396033614026652], [0.3175908747097046, 0.1981049231040026], [0.33561236815609, 0.19813328041584893]]",0.0,0.9486604815412196,0.3561272919999965
s_curve--demand_conflict,s_curve,demand_conflict,balanced_switch,switch,1951,2,oracle_adaptive_delay,11.312786930513528,7.038981711158885,12.063388316436889,0.9586568018822648,0.6222146456389911,1.0,1.0,2.2683056517810907,1.658686434682303,0.7312446774445454,0.9586568018822648,0,"[[3, 4], [3, 4], [3, 4], [3, 4]]","[true, true, false, false, false]",3,0.5,0,1,1,"[[2, 10], [2, 10], [10, 2], [10, 2], [10, 2]]","[[1, 10], [1, 10], [10, 2], [10, 2], [10, 2]]","[[3, 12], [3, 12], [12, 4], [12, 4], [12, 4]]","[[2, 2], [2, 2], [2, 2], [2, 2], [2, 2]]","[[0.4, 3.5], [0.4, 3.5], [3.5, 0.4], [3.5, 0.4], [3.5, 0.4]]","[[1.0, 1.0], [1.0, 1.0], [1.0, 1.0], [1.0, 1.0], [1.0, 1.0]]","[[0.2, 0.38], [0.2, 0.38], [0.38, 0.2], [0.38, 0.2], [0.38, 0.2]]",0.0,0.9508705864520458,0.29094937499999673
s_curve--demand_conflict,s_curve,demand_conflict,balanced_switch,switch,1973,3,dual_anchor_dynamic,9.285704275693234,2.382064944901002,7.816608951192318,0.5855233151531601,0.2565303475296349,1.0,1.0,1.8664143306041212,0.7060378817123428,0.37828571616454126,0.5855233151531601,2,"[[3, 4], [3, 4], [4, 5], [1, 2]]","[true, true, true, true, false]",1,2.0,0,1,1,"[[4, 8], [4, 8], [8, 4], [8, 4], [4, 8]]","[[3, 9], [3, 9], [7, 5], [7, 5], [3, 9]]","[[5, 11], [5, 11], [9, 7], [9, 7], [5, 11]]","[[2, 2], [2, 2], [2, 2], [2, 2], [2, 2]]","[[0.0, 0.0], [0.0, 0.0], [0.0, 0.0], [0.0, 0.0], [0.0, 0.0]]","[[NaN, NaN], [NaN, NaN], [NaN, NaN], [NaN, NaN], [NaN, NaN]]","[[0.0, 0.0], [0.0, 0.0], [0.0, 0.0], [0.0, 0.0], [0.0, 0.0]]",1.0,0.9825095185758317,0.28268833299999585
s_curve--demand_conflict,s_curve,demand_conflict,balanced_switch,switch,1973,3,fixed_delay_2,9.285704275693234,2.575912944667757,7.536480906330436,0.5979721336795003,0.2774063084703879,1.0,1.0,1.8664143306041212,0.7181111448642467,0.3847544101484735,0.5979721336795003,0,"[[3, 4], [3, 4], [3, 4], [3, 4]]","[true, true, true, true, false]",1,2.0,0,1,1,"[[4, 8], [4, 8], [8, 4], [8, 4], [4, 8]]","[[3, 9], [3, 9], [7, 5], [7, 5], [3, 9]]","[[5, 11], [5, 11], [9, 7], [9, 7], [5, 11]]","[[2, 2], [2, 2], [2, 2], [2, 2], [2, 2]]","[[2.0, 2.0], [2.0, 2.0], [2.0, 2.0], [2.0, 2.0], [2.0, 2.0]]","[[NaN, NaN], [NaN, NaN], [NaN, NaN], [NaN, NaN], [NaN, NaN]]","[[1.0, 1.0], [1.0, 1.0], [1.0, 1.0], [1.0, 1.0], [1.0, 1.0]]",1.0,0.9825095185758317,0.27848204100000373
s_curve--demand_conflict,s_curve,demand_conflict,balanced_switch,switch,1973,3,delay_aware_dual_anchor,9.285704275693234,2.5523780464845727,7.440998787164665,0.5870906001501811,0.27487177824150794,1.0,1.0,1.8664143306041212,0.6644597168148243,0.35600868784572176,0.5870906001501811,2,"[[3, 4], [3, 4], [4, 5], [1, 4]]","[true, true, true, true, false]",1,2.0,0,1,1,"[[4, 8], [4, 8], [8, 4], [8, 4], [4, 8]]","[[3, 9], [3, 9], [7, 5], [7, 5], [3, 9]]","[[5, 11], [5, 11], [9, 7], [9, 7], [5, 11]]","[[2, 2], [2, 2], [2, 2], [2, 2], [2, 2]]","[[0.75, 2.25], [0.75, 2.25], [0.75, 2.25], [1.25, 1.75], [0.75, 2.25]]","[[NaN, NaN], [NaN, NaN], [NaN, NaN], [NaN, NaN], [NaN, NaN]]","[[0.25, 0.25], [0.25, 0.25], [0.25, 0.25], [0.25, 0.25], [0.25, 0.25]]",1.0,0.9825095185758317,0.274924041999995
s_curve--demand_conflict,s_curve,demand_conflict,balanced_switch,switch,1973,3,adaptive_rolling_delay,9.285704275693234,2.5867637718462753,7.166765713432257,0.5823780109716055,0.2785748603493145,1.0,1.0,1.8664143306041212,0.67813090013377,0.36333352622419723,0.5823780109716055,2,"[[3, 4], [3, 4], [4, 5], [1, 4]]","[true, true, true, true, false]",1,2.0,0,1,1,"[[4, 8], [4, 8], [8, 4], [8, 4], [4, 8]]","[[3, 9], [3, 9], [7, 5], [7, 5], [3, 9]]","[[5, 11], [5, 11], [9, 7], [9, 7], [5, 11]]","[[2, 2], [2, 2], [2, 2], [2, 2], [2, 2]]","[[0.6739117420078289, 3.2678522784158437], [0.6727586812259352, 3.2645996323064583], [1.920984083277594, 1.625315447070891], [2.2569027335219047, 1.3411278858996316], [0.8951111107292059, 2.864271881782776]]","[[0.9951632978125731, 0.9470875448967127], [0.9900385832263793, 0.9454812999044239], [0.9836070378207047, 0.9483723571202108], [0.9852267212423711, 0.9458046174394104], [0.9937505061481551, 0.9402072183380901]]","[[0.22463724733594298, 0.3630946976017604], [0.22425289374197843, 0.3627332924784954], [0.304918108456761, 0.28514306088963004], [0.32241467621741493, 0.26822557717992634], [0.24192192181870434, 0.34509299780515373]]",1.0,0.9825095185758317,0.285067374999997
s_curve--demand_conflict,s_curve,demand_conflict,balanced_switch,switch,1973,3,oracle_adaptive_delay,9.285704275693234,2.4880479697895916,7.212424016984864,0.5826522037772315,0.26794391635995146,1.0,1.0,1.8664143306041212,0.6979521317581592,0.37395347877137547,0.5826522037772315,2,"[[3, 4], [3, 4], [4, 5], [1, 4]]","[true, true, true, true, false]",1,2.0,0,1,1,"[[4, 8], [4, 8], [8, 4], [8, 4], [4, 8]]","[[3, 9], [3, 9], [7, 5], [7, 5], [3, 9]]","[[5, 11], [5, 11], [9, 7], [9, 7], [5, 11]]","[[2, 2], [2, 2], [2, 2], [2, 2], [2, 2]]","[[1.0, 2.8], [1.0, 2.8], [2.8, 1.0], [2.8, 1.0], [1.0, 2.8]]","[[1.0, 1.0], [1.0, 1.0], [1.0, 1.0], [1.0, 1.0], [1.0, 1.0]]","[[0.25, 0.35], [0.25, 0.35], [0.35, 0.25], [0.35, 0.25], [0.25, 0.35]]",1.0,0.9825095185758317,0.2989243749999986
