manifest_id,trajectory,regime,scenario_id,stress_factor,stress_level,measurement_noise_std_mm,extra_delay_steps,mismatch_scale,domain_seed,method,initial_task_score,final_task_score,last_observed_task_score,task_auc_normalized,final_task_ratio,initial_violation_rate,final_violation_rate,initial_global_rmse,final_global_rmse,final_global_ratio,measured_score_auc_normalized,selection_switches,selection_history,accepted_history,rejected_trials,final_trust_radius_mm,constraint_violation,all_updates_succeeded,finite_result,elapsed_s
harmonic_loop--neutral,harmonic_loop,neutral,baseline,baseline,0.0,0.0,0,1.0,1301,full_trajectory,3.3542245011270917,0.4910141532951734,0.4910141532951734,0.4011294692865424,0.14638678869890256,0.6666666666666666,0.0,0.5162139705579415,0.08768787384074458,0.1698673008519482,0.4011294692865424,0,"[[0, 1, 2, 3, 4, 5], [0, 1, 2, 3, 4, 5], [0, 1, 2, 3, 4, 5], [0, 1, 2, 3, 4, 5]]","[true, true, true, true, true]",0,0.0,0,1,1,0.2754052920000001
harmonic_loop--neutral,harmonic_loop,neutral,baseline,baseline,0.0,0.0,0,1.0,1301,error_peak_dynamic,3.3542245011270917,0.35778740113337965,0.35778740113337965,0.3566203274631664,0.10666769651618589,0.6666666666666666,0.0,0.5162139705579415,0.11237131483074297,0.21768359873966267,0.3566203274631664,2,"[[2, 3], [2, 3], [1, 4], [3, 4]]","[true, true, true, true, true]",0,0.0,0,1,1,0.22095758300000012
harmonic_loop--neutral,harmonic_loop,neutral,baseline,baseline,0.0,0.0,0,1.0,1301,violation_safe,3.3542245011270917,0.3972641597908668,0.3972641597908668,0.35658026769970896,0.11843696200340123,0.6666666666666666,0.0,0.5162139705579415,0.11532104378007531,0.22339775821144947,0.35658026769970896,3,"[[2, 3], [3, 4], [1, 2], [3, 4]]","[true, true, true, true, true]",0,4.0,0,1,1,0.22094408300000024
harmonic_loop--neutral,harmonic_loop,neutral,baseline,baseline,0.0,0.0,0,1.0,1301,dual_anchor_dynamic,3.3542245011270917,0.35778740113337965,0.35778740113337965,0.3566203274631664,0.10666769651618589,0.6666666666666666,0.0,0.5162139705579415,0.11237131483074297,0.21768359873966267,0.3566203274631664,2,"[[2, 3], [2, 3], [1, 4], [3, 4]]","[true, true, true, true, true]",0,4.0,0,1,1,0.22208583299999995
harmonic_loop--neutral,harmonic_loop,neutral,baseline,baseline,0.0,0.0,0,1.0,1321,full_trajectory,8.000202141873121,1.9139677078864712,1.9139677078864712,0.45016791857215077,0.2392399184351542,0.8333333333333334,0.5,1.1676257675090513,0.38231893632586283,0.3274327673852908,0.45016791857215077,0,"[[0, 1, 2, 3, 4, 5], [0, 1, 2, 3, 4, 5], [0, 1, 2, 3, 4, 5], [0, 1, 2, 3, 4, 5]]","[true, true, true, true, true]",0,0.0,0,1,1,0.28001133300000003
harmonic_loop--neutral,harmonic_loop,neutral,baseline,baseline,0.0,0.0,0,1.0,1321,error_peak_dynamic,8.000202141873121,1.7842809223687235,1.7842809223687235,0.3867393069737888,0.22302947984648827,0.8333333333333334,0.5,1.1676257675090513,0.4048682193692466,0.3467448480800233,0.3867393069737888,3,"[[1, 3], [3, 4], [1, 3], [1, 4]]","[true, true, true, true, true]",0,0.0,0,1,1,0.25884741600000005
harmonic_loop--neutral,harmonic_loop,neutral,baseline,baseline,0.0,0.0,0,1.0,1321,violation_safe,8.000202141873121,1.4792290365801257,1.4792290365801257,0.3819729916923293,0.18489895759481242,0.8333333333333334,0.5,1.1676257675090513,0.44446537662188956,0.3806573895419314,0.3819729916923293,3,"[[1, 3], [3, 4], [1, 3], [3, 4]]","[true, true, true, true, true]",0,4.0,0,1,1,0.253593709
harmonic_loop--neutral,harmonic_loop,neutral,baseline,baseline,0.0,0.0,0,1.0,1321,dual_anchor_dynamic,8.000202141873121,1.7842809223687235,1.7842809223687235,0.3867393069737888,0.22302947984648827,0.8333333333333334,0.5,1.1676257675090513,0.4048682193692466,0.3467448480800233,0.3867393069737888,3,"[[1, 3], [3, 4], [1, 3], [1, 4]]","[true, true, true, true, true]",0,4.0,0,1,1,0.2706254170000002
harmonic_loop--neutral,harmonic_loop,neutral,baseline,baseline,0.0,0.0,0,1.0,1361,full_trajectory,7.231543865837976,1.415688324870234,1.415688324870234,0.4277991389313866,0.19576571077138688,0.8333333333333334,0.5,1.0474767416866995,0.2816177627217805,0.2688534757042008,0.4277991389313866,0,"[[0, 1, 2, 3, 4, 5], [0, 1, 2, 3, 4, 5], [0, 1, 2, 3, 4, 5], [0, 1, 2, 3, 4, 5]]","[true, true, true, true, true]",0,0.0,0,1,1,0.2820546249999998
harmonic_loop--neutral,harmonic_loop,neutral,baseline,baseline,0.0,0.0,0,1.0,1361,error_peak_dynamic,7.231543865837976,1.2925808912926002,1.2925808912926002,0.3646210545919703,0.17874203839083244,0.8333333333333334,0.3333333333333333,1.0474767416866995,0.3148203612786747,0.3005511709708563,0.3646210545919703,3,"[[1, 3], [3, 4], [1, 3], [1, 4]]","[true, true, true, true, true]",0,0.0,0,1,1,0.2400552920000001
harmonic_loop--neutral,harmonic_loop,neutral,baseline,baseline,0.0,0.0,0,1.0,1361,violation_safe,7.231543865837976,1.0863826418052773,1.0863826418052773,0.3610568390296923,0.15022831389260882,0.8333333333333334,0.3333333333333333,1.0474767416866995,0.34558049474163216,0.3299171055437099,0.3610568390296923,3,"[[1, 3], [3, 4], [1, 3], [3, 4]]","[true, true, true, true, true]",0,4.0,0,1,1,0.2410533749999999
harmonic_loop--neutral,harmonic_loop,neutral,baseline,baseline,0.0,0.0,0,1.0,1361,dual_anchor_dynamic,7.231543865837976,1.2925808912926002,1.2925808912926002,0.3646210545919703,0.17874203839083244,0.8333333333333334,0.3333333333333333,1.0474767416866995,0.3148203612786747,0.3005511709708563,0.3646210545919703,3,"[[1, 3], [3, 4], [1, 3], [1, 4]]","[true, true, true, true, true]",0,4.0,0,1,1,0.24442058299999925
harmonic_loop--neutral,harmonic_loop,neutral,baseline,baseline,0.0,0.0,0,1.0,1381,full_trajectory,11.493721263729022,3.7380527846888167,3.7380527846888167,0.4998527988710562,0.32522563397157267,1.0,0.6666666666666666,1.5862624474357625,0.7611191197310447,0.4798191629395344,0.4998527988710562,0,"[[0, 1, 2, 3, 4, 5], [0, 1, 2, 3, 4, 5], [0, 1, 2, 3, 4, 5], [0, 1, 2, 3, 4, 5]]","[true, true, true, true, true]",0,0.0,0,1,1,0.31280979200000036
harmonic_loop--neutral,harmonic_loop,neutral,baseline,baseline,0.0,0.0,0,1.0,1381,error_peak_dynamic,11.493721263729022,2.9421552783152327,2.9421552783152327,0.44382999120089367,0.25597934827250896,1.0,0.6666666666666666,1.5862624474357625,0.832512830916076,0.5248266655129208,0.44382999120089367,1,"[[1, 3], [1, 3], [3, 4], [3, 4]]","[true, true, true, true, true]",0,0.0,0,1,1,0.28378550000000047
harmonic_loop--neutral,harmonic_loop,neutral,baseline,baseline,0.0,0.0,0,1.0,1381,violation_safe,11.493721263729022,2.9744759214069334,2.9744759214069334,0.44016022223670137,0.25879137427784593,1.0,0.6666666666666666,1.5862624474357625,0.8294924222517467,0.5229225615172598,0.44016022223670137,3,"[[1, 3], [3, 4], [1, 3], [3, 4]]","[true, true, true, true, true]",0,4.0,0,1,1,0.2845583750000005
harmonic_loop--neutral,harmonic_loop,neutral,baseline,baseline,0.0,0.0,0,1.0,1381,dual_anchor_dynamic,11.493721263729022,2.9421552783152327,2.9421552783152327,0.44382999120089367,0.25597934827250896,1.0,0.6666666666666666,1.5862624474357625,0.832512830916076,0.5248266655129208,0.44382999120089367,1,"[[1, 3], [1, 3], [3, 4], [3, 4]]","[true, true, true, true, true]",0,4.0,0,1,1,0.28556250000000016
harmonic_loop--demand_aligned,harmonic_loop,demand_aligned,baseline,baseline,0.0,0.0,0,1.0,1301,full_trajectory,5.54854135879969,0.7838367056772919,0.7838367056772919,0.39566621921379563,0.14126896692121954,0.6666666666666666,0.16666666666666666,0.5162139705579415,0.08768787384074458,0.1698673008519482,0.39566621921379563,0,"[[0, 1, 2, 3, 4, 5], [0, 1, 2, 3, 4, 5], [0, 1, 2, 3, 4, 5], [0, 1, 2, 3, 4, 5]]","[true, true, true, true, true]",0,0.0,0,1,1,0.2314885000000002
harmonic_loop--demand_aligned,harmonic_loop,demand_aligned,baseline,baseline,0.0,0.0,0,1.0,1301,error_peak_dynamic,5.54854135879969,0.7471754852118468,0.7471754852118468,0.36598988155834666,0.13466160507695712,0.6666666666666666,0.0,0.5162139705579415,0.1948322692585676,0.3774254095602765,0.36598988155834666,3,"[[2, 3], [1, 3], [2, 4], [1, 3]]","[true, true, true, true, true]",0,0.0,0,1,1,0.15184016699999958
harmonic_loop--demand_aligned,harmonic_loop,demand_aligned,baseline,baseline,0.0,0.0,0,1.0,1301,violation_safe,5.54854135879969,1.0162036955476412,1.047424997510841,0.3530891637833585,0.18314789957111818,0.6666666666666666,0.16666666666666666,0.5162139705579415,0.23538691457752903,0.45598710612793936,0.3530891637833585,3,"[[2, 3], [1, 3], [3, 4], [1, 2]]","[true, true, true, true, false]",1,2.0,0,1,1,0.15623874999999998
harmonic_loop--demand_aligned,harmonic_loop,demand_aligned,baseline,baseline,0.0,0.0,0,1.0,1301,dual_anchor_dynamic,5.54854135879969,0.43504723061704687,0.43504723061704687,0.3158181356748143,0.07840749531894274,0.6666666666666666,0.0,0.5162139705579415,0.11489389719823874,0.2225702978825961,0.3158181356748143,2,"[[2, 3], [2, 3], [3, 4], [2, 3]]","[true, true, true, true, true]",0,4.0,0,1,1,0.22700341599999962
harmonic_loop--demand_aligned,harmonic_loop,demand_aligned,baseline,baseline,0.0,0.0,0,1.0,1321,full_trajectory,13.568066226431856,3.0286057398178787,3.0286057398178787,0.43711957857057365,0.22321572501745848,0.6666666666666666,0.5,1.1676257675090513,0.38231893632586283,0.3274327673852908,0.43711957857057365,0,"[[0, 1, 2, 3, 4, 5], [0, 1, 2, 3, 4, 5], [0, 1, 2, 3, 4, 5], [0, 1, 2, 3, 4, 5]]","[true, true, true, true, true]",0,0.0,0,1,1,0.2807313340000004
harmonic_loop--demand_aligned,harmonic_loop,demand_aligned,baseline,baseline,0.0,0.0,0,1.0,1321,error_peak_dynamic,13.568066226431856,2.9423319780396717,2.9423319780396717,0.3524711246624863,0.21685713564013528,0.6666666666666666,0.5,1.1676257675090513,0.5197639761428988,0.4451460310367548,0.3524711246624863,3,"[[1, 3], [3, 4], [1, 3], [1, 4]]","[true, true, true, true, true]",0,0.0,0,1,1,0.1959254580000005
harmonic_loop--demand_aligned,harmonic_loop,demand_aligned,baseline,baseline,0.0,0.0,0,1.0,1321,violation_safe,13.568066226431856,1.8756006265110434,1.8756006265110434,0.3435087206640505,0.13823639973522525,0.6666666666666666,0.6666666666666666,1.1676257675090513,0.5763364595485443,0.49359690029629,0.3435087206640505,2,"[[1, 3], [2, 3], [3, 4], [3, 4]]","[true, true, true, true, true]",0,4.0,0,1,1,0.19758425000000024
harmonic_loop--demand_aligned,harmonic_loop,demand_aligned,baseline,baseline,0.0,0.0,0,1.0,1321,dual_anchor_dynamic,13.568066226431856,1.897477714015085,1.897477714015085,0.34964495206734253,0.1398487951303349,0.6666666666666666,0.5,1.1676257675090513,0.44446537662188956,0.3806573895419314,0.34964495206734253,3,"[[1, 3], [3, 4], [1, 3], [3, 4]]","[true, true, true, true, true]",0,4.0,0,1,1,0.25118016599999926
harmonic_loop--demand_aligned,harmonic_loop,demand_aligned,baseline,baseline,0.0,0.0,0,1.0,1361,full_trajectory,12.274182347665871,2.2390263219216187,2.2390263219216187,0.417225067208482,0.18241755405788027,0.6666666666666666,0.5,1.0474767416866995,0.2816177627217805,0.2688534757042008,0.417225067208482,0,"[[0, 1, 2, 3, 4, 5], [0, 1, 2, 3, 4, 5], [0, 1, 2, 3, 4, 5], [0, 1, 2, 3, 4, 5]]","[true, true, true, true, true]",0,0.0,0,1,1,0.27928062500000017
harmonic_loop--demand_aligned,harmonic_loop,demand_aligned,baseline,baseline,0.0,0.0,0,1.0,1361,error_peak_dynamic,12.274182347665871,2.2728688023193557,2.2728688023193557,0.3386257462064377,0.18517476259846974,0.6666666666666666,0.5,1.0474767416866995,0.4366481158564676,0.41685709904484847,0.3386257462064377,3,"[[1, 3], [3, 4], [1, 3], [1, 4]]","[true, true, true, true, true]",0,0.0,0,1,1,0.17360783300000016
harmonic_loop--demand_aligned,harmonic_loop,demand_aligned,baseline,baseline,0.0,0.0,0,1.0,1361,violation_safe,12.274182347665871,1.4788429837990569,1.4788429837990569,0.3309488964486303,0.12048403241135505,0.6666666666666666,0.6666666666666666,1.0474767416866995,0.4864369953320866,0.4643893042902331,0.3309488964486303,2,"[[1, 3], [2, 3], [3, 4], [3, 4]]","[true, true, true, true, true]",0,4.0,0,1,1,0.1805526250000007
harmonic_loop--demand_aligned,harmonic_loop,demand_aligned,baseline,baseline,0.0,0.0,0,1.0,1361,dual_anchor_dynamic,12.274182347665871,1.3682056606245365,1.3682056606245365,0.3348688817754138,0.11147020810593729,0.6666666666666666,0.5,1.0474767416866995,0.34558049474163216,0.3299171055437099,0.3348688817754138,3,"[[1, 3], [3, 4], [1, 3], [3, 4]]","[true, true, true, true, true]",0,4.0,0,1,1,0.2413616669999996
harmonic_loop--demand_aligned,harmonic_loop,demand_aligned,baseline,baseline,0.0,0.0,0,1.0,1381,full_trajectory,19.530922827058976,5.839892968610514,5.839892968610514,0.48082343586009324,0.2990075287440938,0.6666666666666666,0.6666666666666666,1.5862624474357625,0.7611191197310447,0.4798191629395344,0.48082343586009324,0,"[[0, 1, 2, 3, 4, 5], [0, 1, 2, 3, 4, 5], [0, 1, 2, 3, 4, 5], [0, 1, 2, 3, 4, 5]]","[true, true, true, true, true]",0,0.0,0,1,1,0.31179358300000004
harmonic_loop--demand_aligned,harmonic_loop,demand_aligned,baseline,baseline,0.0,0.0,0,1.0,1381,error_peak_dynamic,19.530922827058976,4.877429339275406,4.877429339275406,0.42200700794052226,0.24972856543767644,0.6666666666666666,0.6666666666666666,1.5862624474357625,1.086301359135878,0.6848181780334739,0.42200700794052226,2,"[[1, 3], [1, 3], [3, 4], [1, 3]]","[true, true, true, true, true]",0,0.0,0,1,1,0.21194800000000136
harmonic_loop--demand_aligned,harmonic_loop,demand_aligned,baseline,baseline,0.0,0.0,0,1.0,1381,violation_safe,19.530922827058976,4.530387698119431,4.530387698119431,0.4197859042308503,0.231959735760301,0.6666666666666666,0.6666666666666666,1.5862624474357625,1.0712610735356154,0.6753365909073488,0.4197859042308503,2,"[[1, 3], [1, 3], [3, 4], [2, 3]]","[true, true, true, true, true]",0,4.0,0,1,1,0.20152891700000097
harmonic_loop--demand_aligned,harmonic_loop,demand_aligned,baseline,baseline,0.0,0.0,0,1.0,1381,dual_anchor_dynamic,19.530922827058976,4.598552653410767,4.598552653410767,0.4269980309408228,0.23544983993484095,0.6666666666666666,0.6666666666666666,1.5862624474357625,0.832512830916076,0.5248266655129208,0.4269980309408228,1,"[[1, 3], [1, 3], [3, 4], [3, 4]]","[true, true, true, true, true]",0,4.0,0,1,1,0.287283167
harmonic_loop--demand_conflict,harmonic_loop,demand_conflict,baseline,baseline,0.0,0.0,0,1.0,1301,full_trajectory,1.9036841065146928,0.3669011419266715,0.3669011419266715,0.4353250487321876,0.19273215586088085,0.6666666666666666,0.0,0.5162139705579415,0.08768787384074458,0.1698673008519482,0.4353250487321876,0,"[[0, 1, 2, 3, 4, 5], [0, 1, 2, 3, 4, 5], [0, 1, 2, 3, 4, 5], [0, 1, 2, 3, 4, 5]]","[true, true, true, true, true]",0,0.0,0,1,1,0.23113150000000005
harmonic_loop--demand_conflict,harmonic_loop,demand_conflict,baseline,baseline,0.0,0.0,0,1.0,1301,error_peak_dynamic,1.9036841065146928,0.3025094250875359,0.3025094250875359,0.4659759676509899,0.15890736496265492,0.6666666666666666,0.0,0.5162139705579415,0.14451778807216928,0.27995714241512987,0.4659759676509899,2,"[[2, 3], [2, 3], [1, 4], [3, 4]]","[true, true, true, true, true]",0,0.0,0,1,1,0.1928102910000007
harmonic_loop--demand_conflict,harmonic_loop,demand_conflict,baseline,baseline,0.0,0.0,0,1.0,1301,violation_safe,1.9036841065146928,0.420993465069184,0.420993465069184,0.44182255396688286,0.22114670371438264,0.6666666666666666,0.0,0.5162139705579415,0.14249615418572475,0.27604087125288396,0.44182255396688286,3,"[[2, 3], [3, 4], [1, 4], [1, 3]]","[true, true, true, true, true]",0,4.0,0,1,1,0.1988765000000008
harmonic_loop--demand_conflict,harmonic_loop,demand_conflict,baseline,baseline,0.0,0.0,0,1.0,1301,dual_anchor_dynamic,1.9036841065146928,0.39540060270304944,0.39540060270304944,0.4286719096530043,0.20770284384364465,0.6666666666666666,0.0,0.5162139705579415,0.1114686597409172,0.2159349922677182,0.4286719096530043,3,"[[2, 3], [3, 4], [2, 4], [1, 3]]","[true, true, true, true, true]",0,4.0,0,1,1,0.21483420800000097
harmonic_loop--demand_conflict,harmonic_loop,demand_conflict,baseline,baseline,0.0,0.0,0,1.0,1321,full_trajectory,4.3497561478447375,1.6474393873766062,1.6474393873766062,0.5372188398159158,0.37874292980605284,1.0,0.5,1.1676257675090513,0.38231893632586283,0.3274327673852908,0.5372188398159158,0,"[[0, 1, 2, 3, 4, 5], [0, 1, 2, 3, 4, 5], [0, 1, 2, 3, 4, 5], [0, 1, 2, 3, 4, 5]]","[true, true, true, true, true]",0,0.0,0,1,1,0.2776878750000016
harmonic_loop--demand_conflict,harmonic_loop,demand_conflict,baseline,baseline,0.0,0.0,0,1.0,1321,error_peak_dynamic,4.3497561478447375,1.1938482213824928,1.1938482213824928,0.47469698261469456,0.2744632528363764,1.0,0.3333333333333333,1.1676257675090513,0.5166449887639089,0.44247480925852717,0.47469698261469456,3,"[[1, 3], [3, 4], [1, 3], [3, 4]]","[true, true, true, true, true]",0,0.0,0,1,1,0.21351124999999982
harmonic_loop--demand_conflict,harmonic_loop,demand_conflict,baseline,baseline,0.0,0.0,0,1.0,1321,violation_safe,4.3497561478447375,1.4962017339609426,1.5871700034581488,0.476349610413458,0.3439737040666742,1.0,0.5,1.1676257675090513,0.5652283196205362,0.4840834583724229,0.476349610413458,3,"[[3, 4], [1, 3], [1, 4], [1, 3]]","[true, true, true, true, false]",1,2.0,0,1,1,0.22412691699999954
harmonic_loop--demand_conflict,harmonic_loop,demand_conflict,baseline,baseline,0.0,0.0,0,1.0,1321,dual_anchor_dynamic,4.3497561478447375,1.2049944787922686,1.2049944787922686,0.4647828101017675,0.2770257545102458,1.0,0.5,1.1676257675090513,0.4049534660896663,0.34681785667814763,0.4647828101017675,2,"[[1, 3], [3, 4], [3, 4], [1, 4]]","[true, true, true, true, true]",0,4.0,0,1,1,0.2593239589999996
harmonic_loop--demand_conflict,harmonic_loop,demand_conflict,baseline,baseline,0.0,0.0,0,1.0,1361,full_trajectory,3.9258904902011693,1.2076757839291312,1.2076757839291312,0.4916249013223035,0.3076183064564411,0.8333333333333334,0.3333333333333333,1.0474767416866995,0.2816177627217805,0.2688534757042008,0.4916249013223035,0,"[[0, 1, 2, 3, 4, 5], [0, 1, 2, 3, 4, 5], [0, 1, 2, 3, 4, 5], [0, 1, 2, 3, 4, 5]]","[true, true, true, true, true]",0,0.0,0,1,1,0.27737620799999974
harmonic_loop--demand_conflict,harmonic_loop,demand_conflict,baseline,baseline,0.0,0.0,0,1.0,1361,error_peak_dynamic,3.9258904902011693,0.9200159661063481,0.9200159661063481,0.44394889591024445,0.23434580470409527,0.8333333333333334,0.3333333333333333,1.0474767416866995,0.4238751902440622,0.40466310455878685,0.44394889591024445,3,"[[1, 3], [3, 4], [1, 3], [3, 4]]","[true, true, true, true, true]",0,0.0,0,1,1,0.21447812500000119
harmonic_loop--demand_conflict,harmonic_loop,demand_conflict,baseline,baseline,0.0,0.0,0,1.0,1361,violation_safe,3.9258904902011693,1.237428584184733,1.2444845963829358,0.4495629801543822,0.315196918322937,0.8333333333333334,0.3333333333333333,1.0474767416866995,0.47981859668379867,0.45807088366579934,0.4495629801543822,3,"[[3, 4], [1, 3], [1, 4], [1, 3]]","[true, true, true, true, false]",1,2.0,0,1,1,0.21656558400000137
harmonic_loop--demand_conflict,harmonic_loop,demand_conflict,baseline,baseline,0.0,0.0,0,1.0,1361,dual_anchor_dynamic,3.9258904902011693,0.8925437090774113,0.8925437090774113,0.42376818799508514,0.22734809116687202,0.8333333333333334,0.3333333333333333,1.0474767416866995,0.3173530670296222,0.3029690821760915,0.42376818799508514,2,"[[1, 3], [3, 4], [3, 4], [1, 4]]","[true, true, true, true, true]",0,4.0,0,1,1,0.2489793339999995
harmonic_loop--demand_conflict,harmonic_loop,demand_conflict,baseline,baseline,0.0,0.0,0,1.0,1381,full_trajectory,6.199943638118468,3.5757128215571425,3.5757128215571425,0.648710405044194,0.5767331173098026,1.0,0.6666666666666666,1.5862624474357625,0.7611191197310447,0.4798191629395344,0.648710405044194,0,"[[0, 1, 2, 3, 4, 5], [0, 1, 2, 3, 4, 5], [0, 1, 2, 3, 4, 5], [0, 1, 2, 3, 4, 5]]","[true, true, true, true, true]",0,0.0,0,1,1,0.3109717500000002
harmonic_loop--demand_conflict,harmonic_loop,demand_conflict,baseline,baseline,0.0,0.0,0,1.0,1381,error_peak_dynamic,6.199943638118468,3.3085856666692575,3.3085856666692575,0.5713969435704419,0.5336477006544745,1.0,0.8333333333333334,1.5862624474357625,0.9011619352425305,0.5681039330529976,0.5713969435704419,2,"[[1, 3], [1, 3], [3, 4], [1, 3]]","[true, true, true, true, true]",0,0.0,0,1,1,0.31112658300000007
harmonic_loop--demand_conflict,harmonic_loop,demand_conflict,baseline,baseline,0.0,0.0,0,1.0,1381,violation_safe,6.199943638118468,2.611165077146184,2.9068603577697467,0.525645652614628,0.4211594862076212,1.0,0.8333333333333334,1.5862624474357625,0.8871471698466459,0.5592688468927346,0.525645652614628,3,"[[3, 4], [1, 3], [1, 4], [1, 3]]","[true, true, true, true, false]",1,2.0,0,1,1,0.24075966699999896
harmonic_loop--demand_conflict,harmonic_loop,demand_conflict,baseline,baseline,0.0,0.0,0,1.0,1381,dual_anchor_dynamic,6.199943638118468,3.3728648219327826,3.491276776664579,0.6182015932828585,0.5440154005910229,1.0,0.6666666666666666,1.5862624474357625,1.0700076657068034,0.6745464266877783,0.6182015932828585,0,"[[1, 3], [1, 3], [1, 3], [1, 3]]","[true, true, false, false, false]",3,0.5,0,1,1,0.2840324169999988
ellipse--neutral,ellipse,neutral,baseline,baseline,0.0,0.0,0,1.0,1301,full_trajectory,2.2739934666239696,0.07030709344724001,0.07030709344724001,0.28594052245308027,0.03091789597426582,0.5,0.0,0.4363365667588265,0.010491962865496179,0.024045573222139172,0.28594052245308027,0,"[[0, 1, 2, 3, 4, 5], [0, 1, 2, 3, 4, 5], [0, 1, 2, 3, 4, 5], [0, 1, 2, 3, 4, 5]]","[true, true, true, true, true]",0,0.0,0,1,1,0.15058245800000059
ellipse--neutral,ellipse,neutral,baseline,baseline,0.0,0.0,0,1.0,1301,error_peak_dynamic,2.2739934666239696,0.052670317985291856,0.052670317985291856,0.2695159142826932,0.02316203575707172,0.5,0.0,0.4363365667588265,0.011906239281181305,0.027286824410850178,0.2695159142826932,0,"[[3, 4], [3, 4], [3, 4], [3, 4]]","[true, true, true, true, true]",0,0.0,0,1,1,0.14294712500000095
ellipse--neutral,ellipse,neutral,baseline,baseline,0.0,0.0,0,1.0,1301,violation_safe,2.2739934666239696,0.052670317985291856,0.052670317985291856,0.2695159142826932,0.02316203575707172,0.5,0.0,0.4363365667588265,0.011906239281181305,0.027286824410850178,0.2695159142826932,0,"[[3, 4], [3, 4], [3, 4], [3, 4]]","[true, true, true, true, true]",0,4.0,0,1,1,0.1442583329999998
ellipse--neutral,ellipse,neutral,baseline,baseline,0.0,0.0,0,1.0,1301,dual_anchor_dynamic,2.2739934666239696,0.052670317985291856,0.052670317985291856,0.2695159142826932,0.02316203575707172,0.5,0.0,0.4363365667588265,0.011906239281181305,0.027286824410850178,0.2695159142826932,0,"[[3, 4], [3, 4], [3, 4], [3, 4]]","[true, true, true, true, true]",0,4.0,0,1,1,0.16701987500000115
ellipse--neutral,ellipse,neutral,baseline,baseline,0.0,0.0,0,1.0,1321,full_trajectory,7.764528276499471,0.3317931580853649,0.3317931580853649,0.28787959671419294,0.04273191445378434,0.6666666666666666,0.0,1.438437819749676,0.0547334752519016,0.03805063694823221,0.28787959671419294,0,"[[0, 1, 2, 3, 4, 5], [0, 1, 2, 3, 4, 5], [0, 1, 2, 3, 4, 5], [0, 1, 2, 3, 4, 5]]","[true, true, true, true, true]",0,0.0,0,1,1,0.16675162499999985
ellipse--neutral,ellipse,neutral,baseline,baseline,0.0,0.0,0,1.0,1321,error_peak_dynamic,7.764528276499471,0.30152467820290096,0.30152467820290096,0.2798062601974714,0.038833611967839875,0.6666666666666666,0.0,1.438437819749676,0.05711919412615208,0.03970918543847258,0.2798062601974714,2,"[[3, 4], [2, 4], [1, 2], [1, 2]]","[true, true, true, true, true]",0,0.0,0,1,1,0.2155093749999999
ellipse--neutral,ellipse,neutral,baseline,baseline,0.0,0.0,0,1.0,1321,violation_safe,7.764528276499471,0.30152467820290096,0.30152467820290096,0.2798062601974714,0.038833611967839875,0.6666666666666666,0.0,1.438437819749676,0.05711919412615208,0.03970918543847258,0.2798062601974714,2,"[[3, 4], [2, 4], [1, 2], [1, 2]]","[true, true, true, true, true]",0,4.0,0,1,1,0.1955334999999998
ellipse--neutral,ellipse,neutral,baseline,baseline,0.0,0.0,0,1.0,1321,dual_anchor_dynamic,7.764528276499471,0.30152467820290096,0.30152467820290096,0.2798062601974714,0.038833611967839875,0.6666666666666666,0.0,1.438437819749676,0.05711919412615208,0.03970918543847258,0.2798062601974714,2,"[[3, 4], [2, 4], [1, 2], [1, 2]]","[true, true, true, true, true]",0,4.0,0,1,1,0.19941820900000096
ellipse--neutral,ellipse,neutral,baseline,baseline,0.0,0.0,0,1.0,1361,full_trajectory,7.095945002050906,0.2880356289280835,0.2880356289280835,0.28332678709142417,0.04059158136722226,0.6666666666666666,0.0,1.3090449290016486,0.046932133518168044,0.03585219458736312,0.28332678709142417,0,"[[0, 1, 2, 3, 4, 5], [0, 1, 2, 3, 4, 5], [0, 1, 2, 3, 4, 5], [0, 1, 2, 3, 4, 5]]","[true, true, true, true, true]",0,0.0,0,1,1,0.16031604199999805
ellipse--neutral,ellipse,neutral,baseline,baseline,0.0,0.0,0,1.0,1361,error_peak_dynamic,7.095945002050906,0.2517731552685168,0.2517731552685168,0.2746365930707658,0.03548127207803162,0.6666666666666666,0.0,1.3090449290016486,0.04914825379135401,0.0375451237023906,0.2746365930707658,2,"[[3, 4], [2, 4], [1, 2], [1, 2]]","[true, true, true, true, true]",0,0.0,0,1,1,0.1905387499999982
ellipse--neutral,ellipse,neutral,baseline,baseline,0.0,0.0,0,1.0,1361,violation_safe,7.095945002050906,0.2553023257693754,0.2553023257693754,0.2747999791968426,0.0359786223956903,0.6666666666666666,0.0,1.3090449290016486,0.050331701756768085,0.03844917820746907,0.2747999791968426,2,"[[3, 4], [2, 4], [2, 4], [1, 2]]","[true, true, true, true, true]",0,4.0,0,1,1,0.19383512500000322
ellipse--neutral,ellipse,neutral,baseline,baseline,0.0,0.0,0,1.0,1361,dual_anchor_dynamic,7.095945002050906,0.2517731552685168,0.2517731552685168,0.2746365930707658,0.03548127207803162,0.6666666666666666,0.0,1.3090449290016486,0.04914825379135401,0.0375451237023906,0.2746365930707658,2,"[[3, 4], [2, 4], [1, 2], [1, 2]]","[true, true, true, true, true]",0,4.0,0,1,1,0.19216020800000067
ellipse--neutral,ellipse,neutral,baseline,baseline,0.0,0.0,0,1.0,1381,full_trajectory,9.79450982802182,0.4744064713205871,0.4744064713205871,0.29946385814617293,0.04843595847577011,0.6666666666666666,0.0,1.7458312427723564,0.08812392231389794,0.050476770122384995,0.29946385814617293,0,"[[0, 1, 2, 3, 4, 5], [0, 1, 2, 3, 4, 5], [0, 1, 2, 3, 4, 5], [0, 1, 2, 3, 4, 5]]","[true, true, true, true, true]",0,0.0,0,1,1,0.18600675000000066
ellipse--neutral,ellipse,neutral,baseline,baseline,0.0,0.0,0,1.0,1381,error_peak_dynamic,9.79450982802182,0.5115306337584903,0.5115306337584903,0.2986810101305842,0.052226261726239266,0.6666666666666666,0.0,1.7458312427723564,0.09755921450964329,0.055881239904219254,0.2986810101305842,1,"[[3, 4], [3, 4], [1, 2], [1, 2]]","[true, true, true, true, true]",0,0.0,0,1,1,0.19784749999999818
ellipse--neutral,ellipse,neutral,baseline,baseline,0.0,0.0,0,1.0,1381,violation_safe,9.79450982802182,0.4700175854557679,0.4700175854557679,0.2928015439848497,0.047987861945991486,0.6666666666666666,0.0,1.7458312427723564,0.09480489209894377,0.05430358317359179,0.2928015439848497,2,"[[3, 4], [2, 4], [1, 2], [1, 2]]","[true, true, true, true, true]",0,4.0,0,1,1,0.19610912499999955
ellipse--neutral,ellipse,neutral,baseline,baseline,0.0,0.0,0,1.0,1381,dual_anchor_dynamic,9.79450982802182,0.5115306337584903,0.5115306337584903,0.2986810101305842,0.052226261726239266,0.6666666666666666,0.0,1.7458312427723564,0.09755921450964329,0.055881239904219254,0.2986810101305842,1,"[[3, 4], [3, 4], [1, 2], [1, 2]]","[true, true, true, true, true]",0,4.0,0,1,1,0.19980870799999906
ellipse--demand_aligned,ellipse,demand_aligned,baseline,baseline,0.0,0.0,0,1.0,1301,full_trajectory,3.6187354277288186,0.1166576316073081,0.1166576316073081,0.28989645886538556,0.032237126459539064,0.5,0.0,0.4363365667588265,0.010491962865496179,0.024045573222139172,0.28989645886538556,0,"[[0, 1, 2, 3, 4, 5], [0, 1, 2, 3, 4, 5], [0, 1, 2, 3, 4, 5], [0, 1, 2, 3, 4, 5]]","[true, true, true, true, true]",0,0.0,0,1,1,0.15119858300000288
ellipse--demand_aligned,ellipse,demand_aligned,baseline,baseline,0.0,0.0,0,1.0,1301,error_peak_dynamic,3.6187354277288186,0.11407836095047463,0.11407836095047463,0.2784003077970057,0.031524371767093294,0.5,0.0,0.4363365667588265,0.02256842456929292,0.05172251488554939,0.2784003077970057,2,"[[3, 4], [3, 4], [1, 2], [1, 3]]","[true, true, true, true, true]",0,0.0,0,1,1,0.11516341600000146
ellipse--demand_aligned,ellipse,demand_aligned,baseline,baseline,0.0,0.0,0,1.0,1301,violation_safe,3.6187354277288186,0.09079888909952949,0.09079888909952949,0.27203226743942555,0.02509133118817599,0.5,0.0,0.4363365667588265,0.034305018322158556,0.07862054417529428,0.27203226743942555,1,"[[3, 4], [3, 4], [3, 4], [2, 3]]","[true, true, true, true, true]",0,4.0,0,1,1,0.10672120799999973
ellipse--demand_aligned,ellipse,demand_aligned,baseline,baseline,0.0,0.0,0,1.0,1301,dual_anchor_dynamic,3.6187354277288186,0.0805634543120693,0.0805634543120693,0.27056901289135693,0.022262874952047082,0.5,0.0,0.4363365667588265,0.011906239281181305,0.027286824410850178,0.27056901289135693,0,"[[3, 4], [3, 4], [3, 4], [3, 4]]","[true, true, true, true, true]",0,4.0,0,1,1,0.14469304100000002
ellipse--demand_aligned,ellipse,demand_aligned,baseline,baseline,0.0,0.0,0,1.0,1321,full_trajectory,10.255981356506862,0.28751970774075775,0.28751970774075775,0.2644656530594029,0.02803434383764184,0.6666666666666666,0.0,1.438437819749676,0.0547334752519016,0.03805063694823221,0.2644656530594029,0,"[[0, 1, 2, 3, 4, 5], [0, 1, 2, 3, 4, 5], [0, 1, 2, 3, 4, 5], [0, 1, 2, 3, 4, 5]]","[true, true, true, true, true]",0,0.0,0,1,1,0.16588887500000027
ellipse--demand_aligned,ellipse,demand_aligned,baseline,baseline,0.0,0.0,0,1.0,1321,error_peak_dynamic,10.255981356506862,0.4046849320262828,0.4046849320262828,0.271142315218354,0.03945843093499114,0.6666666666666666,0.0,1.438437819749676,0.09413104289102817,0.06543977195163661,0.271142315218354,2,"[[3, 4], [1, 4], [1, 2], [1, 2]]","[true, true, true, true, true]",0,0.0,0,1,1,0.1610813329999985
ellipse--demand_aligned,ellipse,demand_aligned,baseline,baseline,0.0,0.0,0,1.0,1321,violation_safe,10.255981356506862,0.4036740905349596,0.4036740905349596,0.26493626653079877,0.03935986976798182,0.6666666666666666,0.0,1.438437819749676,0.1399662135424355,0.09730431974236682,0.26493626653079877,2,"[[3, 4], [3, 4], [2, 3], [1, 2]]","[true, true, true, true, true]",0,4.0,0,1,1,0.15102870799999835
ellipse--demand_aligned,ellipse,demand_aligned,baseline,baseline,0.0,0.0,0,1.0,1321,dual_anchor_dynamic,10.255981356506862,0.2727778817396346,0.2727778817396346,0.25591578621827016,0.026596955694207836,0.6666666666666666,0.0,1.438437819749676,0.05711919412615208,0.03970918543847258,0.25591578621827016,2,"[[3, 4], [2, 4], [1, 2], [1, 2]]","[true, true, true, true, true]",0,4.0,0,1,1,0.19845058299999963
ellipse--demand_aligned,ellipse,demand_aligned,baseline,baseline,0.0,0.0,0,1.0,1361,full_trajectory,9.373941487059053,0.24778842976639692,0.24778842976639692,0.2653858185873966,0.02643375042488527,0.6666666666666666,0.0,1.3090449290016486,0.046932133518168044,0.03585219458736312,0.2653858185873966,0,"[[0, 1, 2, 3, 4, 5], [0, 1, 2, 3, 4, 5], [0, 1, 2, 3, 4, 5], [0, 1, 2, 3, 4, 5]]","[true, true, true, true, true]",0,0.0,0,1,1,0.1588044590000024
ellipse--demand_aligned,ellipse,demand_aligned,baseline,baseline,0.0,0.0,0,1.0,1361,error_peak_dynamic,9.373941487059053,0.3279279525696549,0.3279279525696549,0.26776371746839345,0.034982931461900756,0.6666666666666666,0.0,1.3090449290016486,0.08389976320105974,0.06409234804877662,0.26776371746839345,2,"[[3, 4], [1, 4], [1, 2], [1, 2]]","[true, true, true, true, true]",0,0.0,0,1,1,0.15448229100000077
ellipse--demand_aligned,ellipse,demand_aligned,baseline,baseline,0.0,0.0,0,1.0,1361,violation_safe,9.373941487059053,0.329088063181204,0.329088063181204,0.2618861005767197,0.03510669056719821,0.6666666666666666,0.0,1.3090449290016486,0.15836285525279994,0.12097587465815736,0.2618861005767197,2,"[[3, 4], [3, 4], [2, 4], [2, 3]]","[true, true, true, true, true]",0,4.0,0,1,1,0.1498710420000009
ellipse--demand_aligned,ellipse,demand_aligned,baseline,baseline,0.0,0.0,0,1.0,1361,dual_anchor_dynamic,9.373941487059053,0.22621259348925782,0.22621259348925782,0.2532771189325493,0.024132068010190764,0.6666666666666666,0.0,1.3090449290016486,0.050331701756768085,0.03844917820746907,0.2532771189325493,2,"[[3, 4], [2, 4], [2, 4], [1, 2]]","[true, true, true, true, true]",0,4.0,0,1,1,0.19564525000000188
ellipse--demand_aligned,ellipse,demand_aligned,baseline,baseline,0.0,0.0,0,1.0,1381,full_trajectory,13.031908723170533,0.42495545605329543,0.42495545605329543,0.27688387698562744,0.032608842271718126,0.8333333333333334,0.0,1.7458312427723564,0.08812392231389794,0.050476770122384995,0.27688387698562744,0,"[[0, 1, 2, 3, 4, 5], [0, 1, 2, 3, 4, 5], [0, 1, 2, 3, 4, 5], [0, 1, 2, 3, 4, 5]]","[true, true, true, true, true]",0,0.0,0,1,1,0.18574616600000127
ellipse--demand_aligned,ellipse,demand_aligned,baseline,baseline,0.0,0.0,0,1.0,1381,error_peak_dynamic,13.031908723170533,0.6656637788344764,0.6656637788344764,0.28036622030112773,0.05107953047974748,0.8333333333333334,0.0,1.7458312427723564,0.13695391672057378,0.07844625148481867,0.28036622030112773,2,"[[3, 4], [1, 4], [1, 2], [1, 2]]","[true, true, true, true, true]",0,0.0,0,1,1,0.1611628749999987
ellipse--demand_aligned,ellipse,demand_aligned,baseline,baseline,0.0,0.0,0,1.0,1381,violation_safe,13.031908723170533,0.6413381538967823,0.6413381538967823,0.2753037917292011,0.04921291021295238,0.8333333333333334,0.0,1.7458312427723564,0.18623833598678727,0.10667602424793551,0.2753037917292011,2,"[[3, 4], [3, 4], [2, 3], [1, 2]]","[true, true, true, true, true]",0,4.0,0,1,1,0.15325462499999887
ellipse--demand_aligned,ellipse,demand_aligned,baseline,baseline,0.0,0.0,0,1.0,1381,dual_anchor_dynamic,13.031908723170533,0.4621647255940041,0.4621647255940041,0.271180323578746,0.03546408553125317,0.8333333333333334,0.0,1.7458312427723564,0.09832317455433978,0.05631883090727825,0.271180323578746,2,"[[3, 4], [3, 4], [2, 3], [1, 2]]","[true, true, true, true, true]",0,4.0,0,1,1,0.20214920799999803
ellipse--demand_conflict,ellipse,demand_conflict,baseline,baseline,0.0,0.0,0,1.0,1301,full_trajectory,1.5783408192877904,0.045049816183677205,0.045049816183677205,0.28083425596531214,0.028542514793481334,0.6666666666666666,0.0,0.4363365667588265,0.010491962865496179,0.024045573222139172,0.28083425596531214,0,"[[0, 1, 2, 3, 4, 5], [0, 1, 2, 3, 4, 5], [0, 1, 2, 3, 4, 5], [0, 1, 2, 3, 4, 5]]","[true, true, true, true, true]",0,0.0,0,1,1,0.1509924170000012
ellipse--demand_conflict,ellipse,demand_conflict,baseline,baseline,0.0,0.0,0,1.0,1301,error_peak_dynamic,1.5783408192877904,0.0646949236224693,0.0646949236224693,0.30315157704257834,0.04098919753698203,0.6666666666666666,0.0,0.4363365667588265,0.013170967731874173,0.03018534025170088,0.30315157704257834,1,"[[3, 4], [3, 4], [3, 4], [1, 3]]","[true, true, true, true, true]",0,0.0,0,1,1,0.14069849999999917
ellipse--demand_conflict,ellipse,demand_conflict,baseline,baseline,0.0,0.0,0,1.0,1301,violation_safe,1.5783408192877904,0.08088515195579656,0.08088515195579656,0.3041664187733353,0.051246949307371475,0.6666666666666666,0.0,0.4363365667588265,0.02399961870485551,0.055002538254192816,0.3041664187733353,3,"[[1, 4], [3, 4], [1, 3], [1, 2]]","[true, true, true, true, true]",0,4.0,0,1,1,0.13202962500000126
ellipse--demand_conflict,ellipse,demand_conflict,baseline,baseline,0.0,0.0,0,1.0,1301,dual_anchor_dynamic,1.5783408192877904,0.044292307223911254,0.044292307223911254,0.2852439900381174,0.028062574751058958,0.6666666666666666,0.0,0.4363365667588265,0.010640080915384018,0.024385031477925714,0.2852439900381174,1,"[[3, 4], [1, 3], [1, 3], [1, 3]]","[true, true, true, true, true]",0,4.0,0,1,1,0.13764949999999843
ellipse--demand_conflict,ellipse,demand_conflict,baseline,baseline,0.0,0.0,0,1.0,1321,full_trajectory,5.679893791694921,0.37137446901981386,0.37137446901981386,0.3466508663115849,0.06538405164597154,0.6666666666666666,0.0,1.438437819749676,0.0547334752519016,0.03805063694823221,0.3466508663115849,0,"[[0, 1, 2, 3, 4, 5], [0, 1, 2, 3, 4, 5], [0, 1, 2, 3, 4, 5], [0, 1, 2, 3, 4, 5]]","[true, true, true, true, true]",0,0.0,0,1,1,0.1658629590000018
ellipse--demand_conflict,ellipse,demand_conflict,baseline,baseline,0.0,0.0,0,1.0,1321,error_peak_dynamic,5.679893791694921,0.41258809477861397,0.41258809477861397,0.35912212203823,0.07264010735234096,0.6666666666666666,0.0,1.438437819749676,0.08569183529842436,0.05957284640453688,0.35912212203823,3,"[[3, 4], [2, 4], [1, 2], [2, 3]]","[true, true, true, true, true]",0,0.0,0,1,1,0.15347058300000072
ellipse--demand_conflict,ellipse,demand_conflict,baseline,baseline,0.0,0.0,0,1.0,1321,violation_safe,5.679893791694921,0.4697049332244043,0.4697049332244043,0.38150629560879135,0.08269607680185882,0.6666666666666666,0.0,1.438437819749676,0.13085912475995193,0.09097308410781682,0.38150629560879135,3,"[[1, 4], [1, 2], [2, 4], [1, 2]]","[true, true, true, true, true]",0,4.0,0,1,1,0.15850470900000246
ellipse--demand_conflict,ellipse,demand_conflict,baseline,baseline,0.0,0.0,0,1.0,1321,dual_anchor_dynamic,5.679893791694921,0.3401989076627708,0.3401989076627708,0.34837560226657177,0.059895293845143006,0.6666666666666666,0.0,1.438437819749676,0.05925419662747793,0.041193436250021316,0.34837560226657177,3,"[[3, 4], [1, 2], [2, 4], [1, 2]]","[true, true, true, true, true]",0,4.0,0,1,1,0.19598399999999927
ellipse--demand_conflict,ellipse,demand_conflict,baseline,baseline,0.0,0.0,0,1.0,1361,full_trajectory,5.18483341259919,0.3231831547354442,0.3231831547354442,0.33350703166860934,0.06233240858811516,0.6666666666666666,0.0,1.3090449290016486,0.046932133518168044,0.03585219458736312,0.33350703166860934,0,"[[0, 1, 2, 3, 4, 5], [0, 1, 2, 3, 4, 5], [0, 1, 2, 3, 4, 5], [0, 1, 2, 3, 4, 5]]","[true, true, true, true, true]",0,0.0,0,1,1,0.16032395799999932
ellipse--demand_conflict,ellipse,demand_conflict,baseline,baseline,0.0,0.0,0,1.0,1361,error_peak_dynamic,5.18483341259919,0.33720992038576497,0.33720992038576497,0.34615377483144605,0.06503775407062105,0.6666666666666666,0.0,1.3090449290016486,0.07765360221036909,0.05932080747571598,0.34615377483144605,3,"[[3, 4], [2, 4], [1, 2], [2, 3]]","[true, true, true, true, true]",0,0.0,0,1,1,0.15785037499999888
ellipse--demand_conflict,ellipse,demand_conflict,baseline,baseline,0.0,0.0,0,1.0,1361,violation_safe,5.18483341259919,0.38683257819328176,0.38683257819328176,0.36635143620272326,0.07460848737266568,0.6666666666666666,0.0,1.3090449290016486,0.11873245275011583,0.09070158717979825,0.36635143620272326,3,"[[1, 4], [1, 2], [2, 4], [1, 2]]","[true, true, true, true, true]",0,4.0,0,1,1,0.1591890840000012
ellipse--demand_conflict,ellipse,demand_conflict,baseline,baseline,0.0,0.0,0,1.0,1361,dual_anchor_dynamic,5.18483341259919,0.3276577614392658,0.3276577614392658,0.3475870668432824,0.0631954270011944,0.6666666666666666,0.0,1.3090449290016486,0.05224051714407301,0.03990735228921025,0.3475870668432824,3,"[[3, 4], [1, 4], [2, 4], [1, 2]]","[true, true, true, true, true]",0,4.0,0,1,1,0.1971025829999995
ellipse--demand_conflict,ellipse,demand_conflict,baseline,baseline,0.0,0.0,0,1.0,1381,full_trajectory,7.026143276783441,0.5250594189893556,0.5250594189893556,0.3616822273015731,0.07472939254232332,0.8333333333333334,0.0,1.7458312427723564,0.08812392231389794,0.050476770122384995,0.3616822273015731,0,"[[0, 1, 2, 3, 4, 5], [0, 1, 2, 3, 4, 5], [0, 1, 2, 3, 4, 5], [0, 1, 2, 3, 4, 5]]","[true, true, true, true, true]",0,0.0,0,1,1,0.18733858399999903
ellipse--demand_conflict,ellipse,demand_conflict,baseline,baseline,0.0,0.0,0,1.0,1381,error_peak_dynamic,7.026143276783441,0.6222526797063038,0.6222526797063038,0.3755531001554326,0.0885624808936675,0.8333333333333334,0.0,1.7458312427723564,0.12173116086833496,0.06972676275115086,0.3755531001554326,2,"[[3, 4], [3, 4], [1, 2], [2, 3]]","[true, true, true, true, true]",0,0.0,0,1,1,0.16064141700000079
ellipse--demand_conflict,ellipse,demand_conflict,baseline,baseline,0.0,0.0,0,1.0,1381,violation_safe,7.026143276783441,0.6905241900399124,0.6905241900399124,0.372212051310181,0.09827926400556315,0.8333333333333334,0.0,1.7458312427723564,0.1825450485509283,0.10456053487795833,0.372212051310181,3,"[[1, 4], [1, 2], [2, 4], [1, 2]]","[true, true, true, true, true]",0,4.0,0,1,1,0.15917045800000196
ellipse--demand_conflict,ellipse,demand_conflict,baseline,baseline,0.0,0.0,0,1.0,1381,dual_anchor_dynamic,7.026143276783441,0.5838975550085292,0.5838975550085292,0.37290639994900193,0.08310356507216528,0.8333333333333334,0.0,1.7458312427723564,0.09908713748895492,0.056756423565662566,0.37290639994900193,3,"[[3, 4], [1, 4], [2, 4], [1, 2]]","[true, true, true, true, true]",0,4.0,0,1,1,0.20167174999999915
rounded_square--neutral,rounded_square,neutral,baseline,baseline,0.0,0.0,0,1.0,1301,full_trajectory,3.9895919825686037,1.0804869357781088,1.0804869357781088,0.505669712802256,0.2708264254838569,0.6666666666666666,0.3333333333333333,0.6001271262403765,0.17312565382660128,0.2884816337351448,0.505669712802256,0,"[[0, 1, 2, 3, 4, 5], [0, 1, 2, 3, 4, 5], [0, 1, 2, 3, 4, 5], [0, 1, 2, 3, 4, 5]]","[true, true, true, true, true]",0,0.0,0,1,1,0.24448162499999881
rounded_square--neutral,rounded_square,neutral,baseline,baseline,0.0,0.0,0,1.0,1301,error_peak_dynamic,3.9895919825686037,0.8693772906997432,0.8693772906997432,0.49706256055406806,0.21791132890236445,0.6666666666666666,0.16666666666666666,0.6001271262403765,0.20581847423184585,0.3429581254245901,0.49706256055406806,3,"[[2, 4], [1, 4], [1, 2], [2, 4]]","[true, true, true, true, true]",0,0.0,0,1,1,0.23061520799999968
rounded_square--neutral,rounded_square,neutral,baseline,baseline,0.0,0.0,0,1.0,1301,violation_safe,3.9895919825686037,0.8693772906997432,0.8693772906997432,0.49706256055406806,0.21791132890236445,0.6666666666666666,0.16666666666666666,0.6001271262403765,0.20581847423184585,0.3429581254245901,0.49706256055406806,3,"[[2, 4], [1, 4], [1, 2], [2, 4]]","[true, true, true, true, true]",0,4.0,0,1,1,0.2323035830000002
rounded_square--neutral,rounded_square,neutral,baseline,baseline,0.0,0.0,0,1.0,1301,dual_anchor_dynamic,3.9895919825686037,0.8693772906997432,0.8693772906997432,0.49706256055406806,0.21791132890236445,0.6666666666666666,0.16666666666666666,0.6001271262403765,0.20581847423184585,0.3429581254245901,0.49706256055406806,3,"[[2, 4], [1, 4], [1, 2], [2, 4]]","[true, true, true, true, true]",0,4.0,0,1,1,0.23222820799999866
rounded_square--neutral,rounded_square,neutral,baseline,baseline,0.0,0.0,0,1.0,1321,full_trajectory,10.47266818474982,2.529640251980284,2.529640251980284,0.37107382098780967,0.24154687299879482,1.0,0.6666666666666666,2.624251728437337,0.4162400672698453,0.15861285819470672,0.37107382098780967,0,"[[0, 1, 2, 3, 4, 5], [0, 1, 2, 3, 4, 5], [0, 1, 2, 3, 4, 5], [0, 1, 2, 3, 4, 5]]","[true, true, true, true, true]",0,0.0,0,1,1,0.2951227499999973
rounded_square--neutral,rounded_square,neutral,baseline,baseline,0.0,0.0,0,1.0,1321,error_peak_dynamic,10.47266818474982,1.7342250408448323,1.7342250408448323,0.35210653793126606,0.16559533924412798,1.0,0.6666666666666666,2.624251728437337,0.5120946632949431,0.19513930685295963,0.35210653793126606,3,"[[3, 4], [1, 2], [2, 4], [2, 3]]","[true, true, true, true, true]",0,0.0,0,1,1,0.26027374999999964
rounded_square--neutral,rounded_square,neutral,baseline,baseline,0.0,0.0,0,1.0,1321,violation_safe,10.47266818474982,1.7195517169745054,1.7195517169745054,0.3576825740583256,0.16419423270551978,1.0,0.6666666666666666,2.624251728437337,0.5416815119959268,0.20641370114233742,0.3576825740583256,3,"[[3, 4], [2, 3], [1, 2], [2, 4]]","[true, true, true, true, true]",0,4.0,0,1,1,0.2574822089999991
rounded_square--neutral,rounded_square,neutral,baseline,baseline,0.0,0.0,0,1.0,1321,dual_anchor_dynamic,10.47266818474982,1.7342250408448323,1.7342250408448323,0.35210653793126606,0.16559533924412798,1.0,0.6666666666666666,2.624251728437337,0.5120946632949431,0.19513930685295963,0.35210653793126606,3,"[[3, 4], [1, 2], [2, 4], [2, 3]]","[true, true, true, true, true]",0,4.0,0,1,1,0.2630049579999998
rounded_square--neutral,rounded_square,neutral,baseline,baseline,0.0,0.0,0,1.0,1361,full_trajectory,9.573279729627737,2.015177205246499,2.015177205246499,0.35139089518387195,0.2105001903380985,1.0,0.6666666666666666,2.371359928319324,0.32770188672246475,0.13819154267092637,0.35139089518387195,0,"[[0, 1, 2, 3, 4, 5], [0, 1, 2, 3, 4, 5], [0, 1, 2, 3, 4, 5], [0, 1, 2, 3, 4, 5]]","[true, true, true, true, true]",0,0.0,0,1,1,0.27549512499999906
rounded_square--neutral,rounded_square,neutral,baseline,baseline,0.0,0.0,0,1.0,1361,error_peak_dynamic,9.573279729627737,1.832289630224313,1.832289630224313,0.3443760613712593,0.19139622804018522,1.0,0.3333333333333333,2.371359928319324,0.41661878840340144,0.1756877070528368,0.3443760613712593,3,"[[3, 4], [1, 2], [2, 4], [1, 3]]","[true, true, true, true, true]",0,0.0,0,1,1,0.23756470900000082
rounded_square--neutral,rounded_square,neutral,baseline,baseline,0.0,0.0,0,1.0,1361,violation_safe,9.573279729627737,1.3980762997302154,1.3980762997302154,0.3474997414145535,0.1460394284106624,1.0,0.6666666666666666,2.371359928319324,0.4449477695634373,0.18763400876002373,0.3474997414145535,3,"[[3, 4], [2, 3], [1, 2], [2, 4]]","[true, true, true, true, true]",0,4.0,0,1,1,0.24348191700000044
rounded_square--neutral,rounded_square,neutral,baseline,baseline,0.0,0.0,0,1.0,1361,dual_anchor_dynamic,9.573279729627737,1.4757918231509388,1.4757918231509388,0.33972120669838696,0.15415739065720646,1.0,0.6666666666666666,2.371359928319324,0.41094069834398117,0.17329326241724552,0.33972120669838696,3,"[[3, 4], [1, 2], [2, 4], [2, 3]]","[true, true, true, true, true]",0,4.0,0,1,1,0.24143549999999792
rounded_square--neutral,rounded_square,neutral,baseline,baseline,0.0,0.0,0,1.0,1381,full_trajectory,13.443002166344726,4.691382851008001,4.691382851008001,0.4710307072651515,0.34898326973071003,1.0,0.6666666666666666,3.138734341537047,0.8557964598668423,0.272656544563678,0.4710307072651515,0,"[[0, 1, 2, 3, 4, 5], [0, 1, 2, 3, 4, 5], [0, 1, 2, 3, 4, 5], [0, 1, 2, 3, 4, 5]]","[true, true, true, true, true]",0,0.0,0,1,1,0.35253995800000126
rounded_square--neutral,rounded_square,neutral,baseline,baseline,0.0,0.0,0,1.0,1381,error_peak_dynamic,13.443002166344726,4.083651471159306,4.083651471159306,0.45672679649106723,0.3037752594716488,1.0,0.8333333333333334,3.138734341537047,1.0730890579046939,0.3418859136001931,0.45672679649106723,1,"[[1, 4], [2, 4], [2, 4], [2, 4]]","[true, true, true, true, true]",0,0.0,0,1,1,0.3281918339999983
rounded_square--neutral,rounded_square,neutral,baseline,baseline,0.0,0.0,0,1.0,1381,violation_safe,13.443002166344726,4.110920007956105,4.110920007956105,0.45877610889816467,0.30580371535221595,1.0,0.8333333333333334,3.138734341537047,1.0425504923131552,0.33215633400901823,0.45877610889816467,1,"[[3, 4], [2, 4], [2, 4], [2, 4]]","[true, true, true, true, true]",0,4.0,0,1,1,0.3372892500000013
rounded_square--neutral,rounded_square,neutral,baseline,baseline,0.0,0.0,0,1.0,1381,dual_anchor_dynamic,13.443002166344726,4.083651471159306,4.083651471159306,0.45672679649106723,0.3037752594716488,1.0,0.8333333333333334,3.138734341537047,1.0730890579046939,0.3418859136001931,0.45672679649106723,1,"[[1, 4], [2, 4], [2, 4], [2, 4]]","[true, true, true, true, true]",0,4.0,0,1,1,0.3296761659999987
rounded_square--demand_aligned,rounded_square,demand_aligned,baseline,baseline,0.0,0.0,0,1.0,1301,full_trajectory,6.379402344826524,1.699949276477263,1.699949276477263,0.5070563076537306,0.2664746922344322,0.5,0.3333333333333333,0.6001271262403765,0.17312565382660128,0.2884816337351448,0.5070563076537306,0,"[[0, 1, 2, 3, 4, 5], [0, 1, 2, 3, 4, 5], [0, 1, 2, 3, 4, 5], [0, 1, 2, 3, 4, 5]]","[true, true, true, true, true]",0,0.0,0,1,1,0.24477350000000087
rounded_square--demand_aligned,rounded_square,demand_aligned,baseline,baseline,0.0,0.0,0,1.0,1301,error_peak_dynamic,6.379402344826524,1.28442592856227,1.28442592856227,0.5064588226874994,0.2013395392130887,0.5,0.5,0.6001271262403765,0.2642347520673097,0.44029796440408264,0.5064588226874994,3,"[[2, 4], [1, 4], [1, 2], [2, 4]]","[true, true, true, true, true]",0,0.0,0,1,1,0.17952116700000076
rounded_square--demand_aligned,rounded_square,demand_aligned,baseline,baseline,0.0,0.0,0,1.0,1301,violation_safe,6.379402344826524,1.3730355790907673,1.3730355790907673,0.4996461522881508,0.21522950033152433,0.5,0.5,0.6001271262403765,0.2589255391435717,0.431451150634809,0.4996461522881508,3,"[[2, 4], [1, 2], [1, 4], [2, 4]]","[true, true, true, true, true]",0,4.0,0,1,1,0.19355841699999843
rounded_square--demand_aligned,rounded_square,demand_aligned,baseline,baseline,0.0,0.0,0,1.0,1301,dual_anchor_dynamic,6.379402344826524,1.2018921831420597,1.2018921831420597,0.43258479470031946,0.1884020035382708,0.5,0.5,0.6001271262403765,0.201119525671005,0.33512820347075606,0.43258479470031946,3,"[[2, 4], [1, 2], [1, 4], [2, 4]]","[true, true, true, true, true]",0,4.0,0,1,1,0.22991162500000684
rounded_square--demand_aligned,rounded_square,demand_aligned,baseline,baseline,0.0,0.0,0,1.0,1321,full_trajectory,13.173598212625325,4.183788153147114,4.183788153147114,0.4282010675260193,0.317588868706915,0.8333333333333334,0.5,2.624251728437337,0.4162400672698453,0.15861285819470672,0.4282010675260193,0,"[[0, 1, 2, 3, 4, 5], [0, 1, 2, 3, 4, 5], [0, 1, 2, 3, 4, 5], [0, 1, 2, 3, 4, 5]]","[true, true, true, true, true]",0,0.0,0,1,1,0.29639791599999654
rounded_square--demand_aligned,rounded_square,demand_aligned,baseline,baseline,0.0,0.0,0,1.0,1321,error_peak_dynamic,13.173598212625325,3.5326373059424148,3.5326373059424148,0.45536942246685896,0.26816039543067305,0.8333333333333334,0.6666666666666666,2.624251728437337,0.7638759558564354,0.29108333913961093,0.45536942246685896,3,"[[3, 4], [1, 2], [2, 4], [1, 2]]","[true, true, true, true, true]",0,0.0,0,1,1,0.20026541600000058
rounded_square--demand_aligned,rounded_square,demand_aligned,baseline,baseline,0.0,0.0,0,1.0,1321,violation_safe,13.173598212625325,2.7130141259597265,2.7130141259597265,0.4145453000428736,0.2059432876402459,0.8333333333333334,0.6666666666666666,2.624251728437337,0.7715636262417437,0.29401281053978257,0.4145453000428736,2,"[[2, 4], [1, 2], [2, 4], [2, 4]]","[true, true, true, true, true]",0,4.0,0,1,1,0.21474712500000237
rounded_square--demand_aligned,rounded_square,demand_aligned,baseline,baseline,0.0,0.0,0,1.0,1321,dual_anchor_dynamic,13.173598212625325,2.486420772018338,2.486420772018338,0.3759272462745302,0.1887427210005084,0.8333333333333334,0.6666666666666666,2.624251728437337,0.5431108563628938,0.2069583685427541,0.3759272462745302,3,"[[2, 4], [2, 3], [1, 2], [2, 4]]","[true, true, true, true, true]",0,4.0,0,1,1,0.2713647080000001
rounded_square--demand_aligned,rounded_square,demand_aligned,baseline,baseline,0.0,0.0,0,1.0,1361,full_trajectory,11.965582444199097,3.321173501688376,3.321173501688376,0.4011476948439122,0.277560538082998,0.8333333333333334,0.5,2.371359928319324,0.32770188672246475,0.13819154267092637,0.4011476948439122,0,"[[0, 1, 2, 3, 4, 5], [0, 1, 2, 3, 4, 5], [0, 1, 2, 3, 4, 5], [0, 1, 2, 3, 4, 5]]","[true, true, true, true, true]",0,0.0,0,1,1,0.27435266699999517
rounded_square--demand_aligned,rounded_square,demand_aligned,baseline,baseline,0.0,0.0,0,1.0,1361,error_peak_dynamic,11.965582444199097,3.085523507219635,3.085523507219635,0.44012638347879707,0.25786655364323646,0.8333333333333334,0.5,2.371359928319324,0.5575546655903365,0.23512021896460797,0.44012638347879707,3,"[[3, 4], [1, 2], [2, 4], [1, 3]]","[true, true, true, true, true]",0,0.0,0,1,1,0.17999158299999607
rounded_square--demand_aligned,rounded_square,demand_aligned,baseline,baseline,0.0,0.0,0,1.0,1361,violation_safe,11.965582444199097,2.4648398861414638,2.779442890474619,0.40949290274578015,0.20599414175081932,0.8333333333333334,0.6666666666666666,2.371359928319324,0.7868289017969381,0.33180492442351195,0.40949290274578015,3,"[[2, 4], [1, 2], [2, 4], [1, 2]]","[true, true, true, true, false]",1,2.0,0,1,1,0.1838263340000026
rounded_square--demand_aligned,rounded_square,demand_aligned,baseline,baseline,0.0,0.0,0,1.0,1361,dual_anchor_dynamic,11.965582444199097,1.988309223372513,1.988309223372513,0.365608512975973,0.16616902960176783,0.8333333333333334,0.6666666666666666,2.371359928319324,0.4480082495157247,0.1889246099529251,0.365608512975973,3,"[[2, 3], [2, 4], [1, 2], [2, 4]]","[true, true, true, true, true]",0,4.0,0,1,1,0.25025070899999946
rounded_square--demand_aligned,rounded_square,demand_aligned,baseline,baseline,0.0,0.0,0,1.0,1381,full_trajectory,17.53652642531829,7.696935769053053,7.696935769053053,0.5383523334587261,0.4389087999742431,0.8333333333333334,0.6666666666666666,3.138734341537047,0.8557964598668423,0.272656544563678,0.5383523334587261,0,"[[0, 1, 2, 3, 4, 5], [0, 1, 2, 3, 4, 5], [0, 1, 2, 3, 4, 5], [0, 1, 2, 3, 4, 5]]","[true, true, true, true, true]",0,0.0,0,1,1,0.35564108300000186
rounded_square--demand_aligned,rounded_square,demand_aligned,baseline,baseline,0.0,0.0,0,1.0,1381,error_peak_dynamic,17.53652642531829,6.358512175148656,6.358512175148656,0.5632730566079334,0.36258675298253934,0.8333333333333334,0.8333333333333334,3.138734341537047,1.3672972826049783,0.4356205826375892,0.5632730566079334,3,"[[1, 4], [2, 4], [1, 2], [2, 4]]","[true, true, true, true, true]",0,0.0,0,1,1,0.26112983299999826
rounded_square--demand_aligned,rounded_square,demand_aligned,baseline,baseline,0.0,0.0,0,1.0,1381,violation_safe,17.53652642531829,6.172500659279869,6.172500659279869,0.5113465275785424,0.3519796628805774,0.8333333333333334,0.8333333333333334,3.138734341537047,1.3906511650962607,0.4430611239354698,0.5113465275785424,2,"[[2, 4], [1, 4], [2, 4], [2, 4]]","[true, true, true, true, true]",0,4.0,0,1,1,0.27198691699999955
rounded_square--demand_aligned,rounded_square,demand_aligned,baseline,baseline,0.0,0.0,0,1.0,1381,dual_anchor_dynamic,17.53652642531829,5.822462044715609,5.822462044715609,0.5087318824572092,0.33201911846746646,0.8333333333333334,0.8333333333333334,3.138734341537047,1.0730890579046939,0.3418859136001931,0.5087318824572092,1,"[[1, 4], [2, 4], [2, 4], [2, 4]]","[true, true, true, true, true]",0,4.0,0,1,1,0.32854637500000194
rounded_square--demand_conflict,rounded_square,demand_conflict,baseline,baseline,0.0,0.0,0,1.0,1301,full_trajectory,2.8415159435614203,0.7282218369357265,0.7282218369357265,0.47690421818745027,0.2562793422242805,0.6666666666666666,0.0,0.6001271262403765,0.17312565382660128,0.2884816337351448,0.47690421818745027,0,"[[0, 1, 2, 3, 4, 5], [0, 1, 2, 3, 4, 5], [0, 1, 2, 3, 4, 5], [0, 1, 2, 3, 4, 5]]","[true, true, true, true, true]",0,0.0,0,1,1,0.24552579200000224
rounded_square--demand_conflict,rounded_square,demand_conflict,baseline,baseline,0.0,0.0,0,1.0,1301,error_peak_dynamic,2.8415159435614203,0.8860388088248794,0.8860388088248794,0.5610293561064016,0.31181905237327673,0.6666666666666666,0.16666666666666666,0.6001271262403765,0.22125296147044676,0.3686768216203337,0.5610293561064016,3,"[[2, 4], [1, 2], [1, 4], [2, 4]]","[true, true, true, true, true]",0,0.0,0,1,1,0.21703166700000054
rounded_square--demand_conflict,rounded_square,demand_conflict,baseline,baseline,0.0,0.0,0,1.0,1301,violation_safe,2.8415159435614203,0.863806704496493,0.863806704496493,0.5611366622484306,0.3039950229573018,0.6666666666666666,0.16666666666666666,0.6001271262403765,0.22877403833125262,0.38120929437810297,0.5611366622484306,3,"[[1, 4], [1, 2], [3, 4], [2, 4]]","[true, true, true, true, true]",0,4.0,0,1,1,0.21760120799999783
rounded_square--demand_conflict,rounded_square,demand_conflict,baseline,baseline,0.0,0.0,0,1.0,1301,dual_anchor_dynamic,2.8415159435614203,0.6843782735636323,0.6843782735636323,0.5122058021502058,0.24084970387527205,0.6666666666666666,0.0,0.6001271262403765,0.20414197694555286,0.3401645551742404,0.5122058021502058,3,"[[1, 2], [2, 4], [3, 4], [1, 2]]","[true, true, true, true, true]",0,4.0,0,1,1,0.23824795899999884
rounded_square--demand_conflict,rounded_square,demand_conflict,baseline,baseline,0.0,0.0,0,1.0,1321,full_trajectory,10.446440417077882,1.4431074420187655,1.4431074420187655,0.3117415451730938,0.13814346173454142,1.0,0.6666666666666666,2.624251728437337,0.4162400672698453,0.15861285819470672,0.3117415451730938,0,"[[0, 1, 2, 3, 4, 5], [0, 1, 2, 3, 4, 5], [0, 1, 2, 3, 4, 5], [0, 1, 2, 3, 4, 5]]","[true, true, true, true, true]",0,0.0,0,1,1,0.29535541700000323
rounded_square--demand_conflict,rounded_square,demand_conflict,baseline,baseline,0.0,0.0,0,1.0,1321,error_peak_dynamic,10.446440417077882,1.375614931818187,1.375614931818187,0.3165185420335244,0.13168264757144704,1.0,0.5,2.624251728437337,0.6121573340259148,0.2332692886861262,0.3165185420335244,3,"[[3, 4], [1, 2], [2, 4], [1, 2]]","[true, true, true, true, true]",0,0.0,0,1,1,0.22734883300000064
rounded_square--demand_conflict,rounded_square,demand_conflict,baseline,baseline,0.0,0.0,0,1.0,1321,violation_safe,10.446440417077882,1.3174137494925042,1.3174137494925042,0.32092089080526187,0.12611125865790523,1.0,0.8333333333333334,2.624251728437337,0.5967518928638929,0.2273988758003946,0.32092089080526187,3,"[[1, 3], [2, 3], [1, 4], [2, 3]]","[true, true, true, true, true]",0,4.0,0,1,1,0.19802474999999475
rounded_square--demand_conflict,rounded_square,demand_conflict,baseline,baseline,0.0,0.0,0,1.0,1321,dual_anchor_dynamic,10.446440417077882,1.418320086348436,1.605224116629267,0.32503164646329896,0.13577065772851782,1.0,0.6666666666666666,2.624251728437337,0.6506301800762655,0.2479297900524567,0.32503164646329896,3,"[[3, 4], [2, 3], [1, 2], [2, 4]]","[true, true, true, true, false]",1,2.0,0,1,1,0.2587782910000058
rounded_square--demand_conflict,rounded_square,demand_conflict,baseline,baseline,0.0,0.0,0,1.0,1361,full_trajectory,9.569078631246077,1.160214895265684,1.160214895265684,0.30349204229066273,0.12124624950590483,1.0,0.3333333333333333,2.371359928319324,0.32770188672246475,0.13819154267092637,0.30349204229066273,0,"[[0, 1, 2, 3, 4, 5], [0, 1, 2, 3, 4, 5], [0, 1, 2, 3, 4, 5], [0, 1, 2, 3, 4, 5]]","[true, true, true, true, true]",0,0.0,0,1,1,0.27439133299999696
rounded_square--demand_conflict,rounded_square,demand_conflict,baseline,baseline,0.0,0.0,0,1.0,1361,error_peak_dynamic,9.569078631246077,1.1455314189651926,1.1455314189651926,0.3099266038187827,0.11971177822958515,1.0,0.3333333333333333,2.371359928319324,0.5109418812770871,0.21546365660282185,0.3099266038187827,3,"[[3, 4], [1, 2], [2, 4], [1, 2]]","[true, true, true, true, true]",0,0.0,0,1,1,0.2169745829999954
rounded_square--demand_conflict,rounded_square,demand_conflict,baseline,baseline,0.0,0.0,0,1.0,1361,violation_safe,9.569078631246077,1.2484385352978173,1.2484385352978173,0.32049015574200407,0.13046590830816976,1.0,0.5,2.371359928319324,0.5463070786014745,0.2303771233026881,0.32049015574200407,3,"[[1, 3], [3, 4], [2, 3], [1, 2]]","[true, true, true, true, true]",0,4.0,0,1,1,0.2028888749999993
rounded_square--demand_conflict,rounded_square,demand_conflict,baseline,baseline,0.0,0.0,0,1.0,1361,dual_anchor_dynamic,9.569078631246077,1.1663784405584277,1.3694990400710858,0.3185297091087531,0.12189036013873186,1.0,0.3333333333333333,2.371359928319324,0.5466841385464489,0.23053612908686766,0.3185297091087531,3,"[[3, 4], [2, 3], [1, 2], [2, 4]]","[true, true, true, true, false]",1,2.0,0,1,1,0.24985775000000388
rounded_square--demand_conflict,rounded_square,demand_conflict,baseline,baseline,0.0,0.0,0,1.0,1381,full_trajectory,11.97332772715787,2.673397677314096,2.673397677314096,0.3732914586068027,0.22327942057831612,1.0,0.8333333333333334,3.138734341537047,0.8557964598668423,0.272656544563678,0.3732914586068027,0,"[[0, 1, 2, 3, 4, 5], [0, 1, 2, 3, 4, 5], [0, 1, 2, 3, 4, 5], [0, 1, 2, 3, 4, 5]]","[true, true, true, true, true]",0,0.0,0,1,1,0.37720687499999883
rounded_square--demand_conflict,rounded_square,demand_conflict,baseline,baseline,0.0,0.0,0,1.0,1381,error_peak_dynamic,11.97332772715787,2.926216983280541,2.926216983280541,0.39655244841811316,0.24439462862469752,1.0,0.8333333333333334,3.138734341537047,1.1455364449656558,0.36496763354769407,0.39655244841811316,1,"[[1, 4], [2, 4], [2, 4], [2, 4]]","[true, true, true, true, true]",0,0.0,0,1,1,0.32443379200000066
rounded_square--demand_conflict,rounded_square,demand_conflict,baseline,baseline,0.0,0.0,0,1.0,1381,violation_safe,11.97332772715787,2.767444190529522,2.767444190529522,0.39115566273511765,0.23113408850009282,1.0,0.8333333333333334,3.138734341537047,1.1651803365256033,0.3712261726346076,0.39115566273511765,3,"[[1, 3], [3, 4], [2, 4], [1, 4]]","[true, true, true, true, true]",0,4.0,0,1,1,0.28177291700000495
rounded_square--demand_conflict,rounded_square,demand_conflict,baseline,baseline,0.0,0.0,0,1.0,1381,dual_anchor_dynamic,11.97332772715787,2.8478239178645754,2.8478239178645754,0.3888104032676834,0.23784732054106805,1.0,0.8333333333333334,3.138734341537047,1.0749661744737569,0.3424839624838536,0.3888104032676834,2,"[[3, 4], [1, 4], [2, 4], [2, 4]]","[true, true, true, true, true]",0,4.0,0,1,1,0.3244539999999958
figure_eight--neutral,figure_eight,neutral,baseline,baseline,0.0,0.0,0,1.0,1301,full_trajectory,4.101393646302756,0.1866482012586308,0.1866482012586308,0.31004229283845663,0.04550848256833059,0.6666666666666666,0.0,0.7767610300253509,0.0361633010784554,0.04655653370931231,0.31004229283845663,0,"[[0, 1, 2, 3, 4, 5], [0, 1, 2, 3, 4, 5], [0, 1, 2, 3, 4, 5], [0, 1, 2, 3, 4, 5]]","[true, true, true, true, true]",0,0.0,0,1,1,0.2071607499999999
figure_eight--neutral,figure_eight,neutral,baseline,baseline,0.0,0.0,0,1.0,1301,error_peak_dynamic,4.101393646302756,0.15061321242298542,0.15061321242298542,0.2823708267918026,0.036722447395108555,0.6666666666666666,0.0,0.7767610300253509,0.047740967668339206,0.061461589630444124,0.2823708267918026,1,"[[2, 4], [2, 4], [2, 4], [2, 3]]","[true, true, true, true, true]",0,0.0,0,1,1,0.19767658299999624
figure_eight--neutral,figure_eight,neutral,baseline,baseline,0.0,0.0,0,1.0,1301,violation_safe,4.101393646302756,0.16663666553038914,0.16663666553038914,0.2828591807054122,0.04062927870398529,0.6666666666666666,0.0,0.7767610300253509,0.04923670745467057,0.0633872008911977,0.2828591807054122,1,"[[2, 4], [2, 4], [2, 4], [3, 4]]","[true, true, true, true, true]",0,4.0,0,1,1,0.1936409169999962
figure_eight--neutral,figure_eight,neutral,baseline,baseline,0.0,0.0,0,1.0,1301,dual_anchor_dynamic,4.101393646302756,0.15061321242298542,0.15061321242298542,0.2823708267918026,0.036722447395108555,0.6666666666666666,0.0,0.7767610300253509,0.047740967668339206,0.061461589630444124,0.2823708267918026,1,"[[2, 4], [2, 4], [2, 4], [2, 3]]","[true, true, true, true, true]",0,4.0,0,1,1,0.1985561250000032
figure_eight--neutral,figure_eight,neutral,baseline,baseline,0.0,0.0,0,1.0,1321,full_trajectory,11.43932662221414,1.3857498848542673,1.3857498848542673,0.39573967153986356,0.12113911339529952,1.0,0.3333333333333333,2.210906679930603,0.2034978090947258,0.09204269494590939,0.39573967153986356,0,"[[0, 1, 2, 3, 4, 5], [0, 1, 2, 3, 4, 5], [0, 1, 2, 3, 4, 5], [0, 1, 2, 3, 4, 5]]","[true, true, true, true, true]",0,0.0,0,1,1,0.2727535000000003
figure_eight--neutral,figure_eight,neutral,baseline,baseline,0.0,0.0,0,1.0,1321,error_peak_dynamic,11.43932662221414,1.039914462656858,1.039914462656858,0.3766588563585477,0.09090696480660304,1.0,0.3333333333333333,2.210906679930603,0.1773829563220948,0.08023086543284703,0.3766588563585477,2,"[[3, 4], [2, 3], [2, 3], [3, 4]]","[true, true, true, true, true]",0,0.0,0,1,1,0.2918210409999986
figure_eight--neutral,figure_eight,neutral,baseline,baseline,0.0,0.0,0,1.0,1321,violation_safe,11.43932662221414,1.0069473644155584,1.0069473644155584,0.36338372818968856,0.0880250558157993,1.0,0.16666666666666666,2.210906679930603,0.17007280897274424,0.07692446294390072,0.36338372818968856,3,"[[2, 3], [3, 4], [2, 3], [3, 4]]","[true, true, true, true, true]",0,4.0,0,1,1,0.29229749999999655
figure_eight--neutral,figure_eight,neutral,baseline,baseline,0.0,0.0,0,1.0,1321,dual_anchor_dynamic,11.43932662221414,1.039914462656858,1.039914462656858,0.3766588563585477,0.09090696480660304,1.0,0.3333333333333333,2.210906679930603,0.1773829563220948,0.08023086543284703,0.3766588563585477,2,"[[3, 4], [2, 3], [2, 3], [3, 4]]","[true, true, true, true, true]",0,4.0,0,1,1,0.2941333329999978
figure_eight--neutral,figure_eight,neutral,baseline,baseline,0.0,0.0,0,1.0,1361,full_trajectory,10.251538010216795,1.0029973109403763,1.0029973109403763,0.3724304879222087,0.09783871551183619,1.0,0.16666666666666666,1.9882980769614338,0.14235392470993688,0.07159586701782947,0.3724304879222087,0,"[[0, 1, 2, 3, 4, 5], [0, 1, 2, 3, 4, 5], [0, 1, 2, 3, 4, 5], [0, 1, 2, 3, 4, 5]]","[true, true, true, true, true]",0,0.0,0,1,1,0.2392329999999987
figure_eight--neutral,figure_eight,neutral,baseline,baseline,0.0,0.0,0,1.0,1361,error_peak_dynamic,10.251538010216795,0.8873015672606861,0.8873015672606861,0.35427693386747316,0.08655301930075192,1.0,0.16666666666666666,1.9882980769614338,0.13672939130302372,0.06876704900905851,0.35427693386747316,2,"[[3, 4], [2, 3], [2, 3], [3, 4]]","[true, true, true, true, true]",0,0.0,0,1,1,0.24659141699999765
figure_eight--neutral,figure_eight,neutral,baseline,baseline,0.0,0.0,0,1.0,1361,violation_safe,10.251538010216795,0.7459821652965275,0.7459821652965275,0.342591964493774,0.07276782903726968,1.0,0.0,1.9882980769614338,0.12638565044176722,0.06356474006901063,0.342591964493774,3,"[[2, 3], [3, 4], [2, 3], [3, 4]]","[true, true, true, true, true]",0,4.0,0,1,1,0.25272829200000047
figure_eight--neutral,figure_eight,neutral,baseline,baseline,0.0,0.0,0,1.0,1361,dual_anchor_dynamic,10.251538010216795,0.8873015672606861,0.8873015672606861,0.35427693386747316,0.08655301930075192,1.0,0.16666666666666666,1.9882980769614338,0.13672939130302372,0.06876704900905851,0.35427693386747316,2,"[[3, 4], [2, 3], [2, 3], [3, 4]]","[true, true, true, true, true]",0,4.0,0,1,1,0.24861175000000202
figure_eight--neutral,figure_eight,neutral,baseline,baseline,0.0,0.0,0,1.0,1381,full_trajectory,13.469925786849245,4.859493681520116,4.859493681520116,0.5638666909164134,0.3607661807806294,1.0,0.6666666666666666,2.83807117074601,0.7618825380331694,0.2684508217716409,0.5638666909164134,0,"[[0, 1, 2, 3, 4, 5], [0, 1, 2, 3, 4, 5], [0, 1, 2, 3, 4, 5], [0, 1, 2, 3, 4, 5]]","[true, true, true, true, true]",0,0.0,0,1,1,0.35296941699999707
figure_eight--neutral,figure_eight,neutral,baseline,baseline,0.0,0.0,0,1.0,1381,error_peak_dynamic,13.469925786849245,4.5218661728034855,4.5218661728034855,0.4910783787326057,0.3357008972698428,1.0,0.8333333333333334,2.83807117074601,0.9436629763577504,0.3325015193715882,0.4910783787326057,1,"[[3, 4], [3, 4], [3, 4], [2, 4]]","[true, true, true, true, true]",0,0.0,0,1,1,0.34683675000000136
figure_eight--neutral,figure_eight,neutral,baseline,baseline,0.0,0.0,0,1.0,1381,violation_safe,13.469925786849245,4.128737244246256,4.640481865779658,0.5124467150331111,0.3065152183894853,1.0,0.8333333333333334,2.83807117074601,0.9045694136631582,0.318726825101213,0.5124467150331111,2,"[[2, 3], [3, 4], [3, 4], [2, 4]]","[true, true, true, true, false]",1,2.0,0,1,1,0.35603595799999965
figure_eight--neutral,figure_eight,neutral,baseline,baseline,0.0,0.0,0,1.0,1381,dual_anchor_dynamic,13.469925786849245,4.25138089072799,4.740599334417275,0.5400964078527583,0.3156202163250695,1.0,0.8333333333333334,2.83807117074601,0.9698586902709526,0.341731631069709,0.5400964078527583,2,"[[2, 4], [3, 4], [3, 4], [2, 4]]","[true, true, true, true, false]",1,2.0,0,1,1,0.38187129100000305
figure_eight--demand_aligned,figure_eight,demand_aligned,baseline,baseline,0.0,0.0,0,1.0,1301,full_trajectory,6.662303127483762,0.2544389550817625,0.2544389550817625,0.30720172905434495,0.03819084034650638,0.6666666666666666,0.0,0.7767610300253509,0.0361633010784554,0.04655653370931231,0.30720172905434495,0,"[[0, 1, 2, 3, 4, 5], [0, 1, 2, 3, 4, 5], [0, 1, 2, 3, 4, 5], [0, 1, 2, 3, 4, 5]]","[true, true, true, true, true]",0,0.0,0,1,1,0.20707129200000196
figure_eight--demand_aligned,figure_eight,demand_aligned,baseline,baseline,0.0,0.0,0,1.0,1301,error_peak_dynamic,6.662303127483762,0.3313665757916867,0.3313665757916867,0.29130477081673534,0.04973754112518717,0.6666666666666666,0.0,0.7767610300253509,0.1547188013758229,0.19918455663355483,0.29130477081673534,2,"[[2, 4], [2, 4], [1, 4], [1, 2]]","[true, true, true, true, true]",0,0.0,0,1,1,0.14161037499999907
figure_eight--demand_aligned,figure_eight,demand_aligned,baseline,baseline,0.0,0.0,0,1.0,1301,violation_safe,6.662303127483762,0.3381078349527539,0.3381078349527539,0.2820535254546855,0.05074939228717614,0.6666666666666666,0.0,0.7767610300253509,0.18574793091122355,0.2391313721095938,0.2820535254546855,1,"[[2, 4], [2, 4], [2, 4], [3, 4]]","[true, true, true, true, true]",0,4.0,0,1,1,0.15639795799999945
figure_eight--demand_aligned,figure_eight,demand_aligned,baseline,baseline,0.0,0.0,0,1.0,1301,dual_anchor_dynamic,6.662303127483762,0.21738378327991315,0.21738378327991315,0.27546329757569726,0.03262892413032778,0.6666666666666666,0.0,0.7767610300253509,0.04923670745467057,0.0633872008911977,0.27546329757569726,1,"[[2, 4], [2, 4], [2, 4], [3, 4]]","[true, true, true, true, true]",0,4.0,0,1,1,0.19486845800000197
figure_eight--demand_aligned,figure_eight,demand_aligned,baseline,baseline,0.0,0.0,0,1.0,1321,full_trajectory,14.076542186703195,2.0467684741728074,2.0467684741728074,0.37884100296166245,0.14540278763247694,1.0,0.3333333333333333,2.210906679930603,0.2034978090947258,0.09204269494590939,0.37884100296166245,0,"[[0, 1, 2, 3, 4, 5], [0, 1, 2, 3, 4, 5], [0, 1, 2, 3, 4, 5], [0, 1, 2, 3, 4, 5]]","[true, true, true, true, true]",0,0.0,0,1,1,0.2733673749999994
figure_eight--demand_aligned,figure_eight,demand_aligned,baseline,baseline,0.0,0.0,0,1.0,1321,error_peak_dynamic,14.076542186703195,1.9167571843829894,1.9167571843829894,0.424482350243692,0.1361667630416774,1.0,0.5,2.210906679930603,0.3568569943254515,0.1614075336443656,0.424482350243692,2,"[[3, 4], [2, 3], [2, 3], [3, 4]]","[true, true, true, true, true]",0,0.0,0,1,1,0.21043041700000487
figure_eight--demand_aligned,figure_eight,demand_aligned,baseline,baseline,0.0,0.0,0,1.0,1321,violation_safe,14.076542186703195,1.9167571843829894,1.9167571843829894,0.424482350243692,0.1361667630416774,1.0,0.5,2.210906679930603,0.3568569943254515,0.1614075336443656,0.424482350243692,2,"[[3, 4], [2, 3], [2, 3], [3, 4]]","[true, true, true, true, true]",0,4.0,0,1,1,0.2118014579999965
figure_eight--demand_aligned,figure_eight,demand_aligned,baseline,baseline,0.0,0.0,0,1.0,1321,dual_anchor_dynamic,14.076542186703195,1.6688183831819892,1.6688183831819892,0.3649531749104319,0.11855314757329874,1.0,0.3333333333333333,2.210906679930603,0.1773829563220948,0.08023086543284703,0.3649531749104319,2,"[[3, 4], [2, 3], [2, 3], [3, 4]]","[true, true, true, true, true]",0,4.0,0,1,1,0.2947082089999995
figure_eight--demand_aligned,figure_eight,demand_aligned,baseline,baseline,0.0,0.0,0,1.0,1361,full_trajectory,12.608201646763895,1.2983414051060749,1.2983414051060749,0.3546196751746057,0.10297593911335609,1.0,0.3333333333333333,1.9882980769614338,0.14235392470993688,0.07159586701782947,0.3546196751746057,0,"[[0, 1, 2, 3, 4, 5], [0, 1, 2, 3, 4, 5], [0, 1, 2, 3, 4, 5], [0, 1, 2, 3, 4, 5]]","[true, true, true, true, true]",0,0.0,0,1,1,0.24000679200000263
figure_eight--demand_aligned,figure_eight,demand_aligned,baseline,baseline,0.0,0.0,0,1.0,1361,error_peak_dynamic,12.608201646763895,1.5930782534342478,1.5930782534342478,0.4253408063636826,0.1263525360766369,1.0,0.3333333333333333,1.9882980769614338,0.3367589895003755,0.16937047488122048,0.4253408063636826,2,"[[3, 4], [2, 3], [2, 3], [4, 5]]","[true, true, true, true, true]",0,0.0,0,1,1,0.1839119999999994
figure_eight--demand_aligned,figure_eight,demand_aligned,baseline,baseline,0.0,0.0,0,1.0,1361,violation_safe,12.608201646763895,1.7870735512245157,1.7870735512245157,0.4272641109635902,0.14173897287589765,1.0,0.3333333333333333,1.9882980769614338,0.3369843443726725,0.16948381546878538,0.4272641109635902,2,"[[3, 4], [2, 3], [2, 3], [3, 4]]","[true, true, true, true, true]",0,4.0,0,1,1,0.18257208300000372
figure_eight--demand_aligned,figure_eight,demand_aligned,baseline,baseline,0.0,0.0,0,1.0,1361,dual_anchor_dynamic,12.608201646763895,1.474307032683498,1.474307032683498,0.3593890982595223,0.11693238052406177,1.0,0.16666666666666666,1.9882980769614338,0.13672939130302372,0.06876704900905851,0.3593890982595223,2,"[[3, 4], [2, 3], [2, 3], [3, 4]]","[true, true, true, true, true]",0,4.0,0,1,1,0.2502493329999993
figure_eight--demand_aligned,figure_eight,demand_aligned,baseline,baseline,0.0,0.0,0,1.0,1381,full_trajectory,20.070144320554043,5.983161466863811,5.983161466863811,0.4933876038811932,0.29811252830585744,1.0,0.5,2.83807117074601,0.7618825380331694,0.2684508217716409,0.4933876038811932,0,"[[0, 1, 2, 3, 4, 5], [0, 1, 2, 3, 4, 5], [0, 1, 2, 3, 4, 5], [0, 1, 2, 3, 4, 5]]","[true, true, true, true, true]",0,0.0,0,1,1,0.3525626660000043
figure_eight--demand_aligned,figure_eight,demand_aligned,baseline,baseline,0.0,0.0,0,1.0,1381,error_peak_dynamic,20.070144320554043,7.347613477209565,7.347613477209565,0.5564829597828989,0.3660966936687544,1.0,0.8333333333333334,2.83807117074601,1.3099983551004275,0.4615805158811728,0.5564829597828989,3,"[[3, 4], [2, 4], [3, 4], [2, 4]]","[true, true, true, true, true]",0,0.0,0,1,1,0.2626865840000008
figure_eight--demand_aligned,figure_eight,demand_aligned,baseline,baseline,0.0,0.0,0,1.0,1381,violation_safe,20.070144320554043,6.877610251098961,6.877610251098961,0.5511260389747903,0.3426786644506352,1.0,0.8333333333333334,2.83807117074601,1.3204301987495952,0.4652561966592647,0.5511260389747903,3,"[[2, 4], [3, 4], [2, 4], [3, 4]]","[true, true, true, true, true]",0,4.0,0,1,1,0.27298950000000133
figure_eight--demand_aligned,figure_eight,demand_aligned,baseline,baseline,0.0,0.0,0,1.0,1381,dual_anchor_dynamic,20.070144320554043,5.968421096421457,6.39949816988678,0.473139671191357,0.2973780856328539,1.0,0.5,2.83807117074601,0.9660135183061909,0.3403767771095981,0.473139671191357,1,"[[3, 4], [3, 4], [3, 4], [2, 4]]","[true, true, true, true, false]",1,2.0,0,1,1,0.34804029099999667
figure_eight--demand_conflict,figure_eight,demand_conflict,baseline,baseline,0.0,0.0,0,1.0,1301,full_trajectory,2.6825533801506385,0.14116384952655653,0.14116384952655653,0.3115441241136988,0.05262294147474877,0.6666666666666666,0.0,0.7767610300253509,0.0361633010784554,0.04655653370931231,0.3115441241136988,0,"[[0, 1, 2, 3, 4, 5], [0, 1, 2, 3, 4, 5], [0, 1, 2, 3, 4, 5], [0, 1, 2, 3, 4, 5]]","[true, true, true, true, true]",0,0.0,0,1,1,0.2117649580000034
figure_eight--demand_conflict,figure_eight,demand_conflict,baseline,baseline,0.0,0.0,0,1.0,1301,error_peak_dynamic,2.6825533801506385,0.11463739318779137,0.11463739318779137,0.2900600602397183,0.04273443132056292,0.6666666666666666,0.0,0.7767610300253509,0.06153867558537296,0.07922472061113126,0.2900600602397183,2,"[[2, 4], [2, 4], [3, 4], [2, 3]]","[true, true, true, true, true]",0,0.0,0,1,1,0.16485762500000334
figure_eight--demand_conflict,figure_eight,demand_conflict,baseline,baseline,0.0,0.0,0,1.0,1301,violation_safe,2.6825533801506385,0.12338168110418635,0.12338168110418635,0.2877558123442503,0.0459941196388263,0.6666666666666666,0.0,0.7767610300253509,0.062087561464425754,0.07993135477252176,0.2877558123442503,2,"[[2, 4], [2, 4], [2, 3], [3, 4]]","[true, true, true, true, true]",0,4.0,0,1,1,0.16679849999999874
figure_eight--demand_conflict,figure_eight,demand_conflict,baseline,baseline,0.0,0.0,0,1.0,1301,dual_anchor_dynamic,2.6825533801506385,0.11387411035715432,0.11387411035715432,0.2883840623310835,0.04244989538689431,0.6666666666666666,0.0,0.7767610300253509,0.04816220600935694,0.062003890704693414,0.2883840623310835,2,"[[2, 4], [2, 4], [3, 4], [2, 3]]","[true, true, true, true, true]",0,4.0,0,1,1,0.19302479199999567
figure_eight--demand_conflict,figure_eight,demand_conflict,baseline,baseline,0.0,0.0,0,1.0,1321,full_trajectory,9.679461353832531,1.1346047566665383,1.1346047566665383,0.3978595747758835,0.1172177578060475,1.0,0.16666666666666666,2.210906679930603,0.2034978090947258,0.09204269494590939,0.3978595747758835,0,"[[0, 1, 2, 3, 4, 5], [0, 1, 2, 3, 4, 5], [0, 1, 2, 3, 4, 5], [0, 1, 2, 3, 4, 5]]","[true, true, true, true, true]",0,0.0,0,1,1,0.27324620899999985
figure_eight--demand_conflict,figure_eight,demand_conflict,baseline,baseline,0.0,0.0,0,1.0,1321,error_peak_dynamic,9.679461353832531,0.7001297410095982,0.7001297410095982,0.3748180801469936,0.07233147748788579,1.0,0.0,2.210906679930603,0.19796690213810256,0.0895410484463851,0.3748180801469936,2,"[[3, 4], [2, 3], [2, 3], [3, 4]]","[true, true, true, true, true]",0,0.0,0,1,1,0.2658629579999996
figure_eight--demand_conflict,figure_eight,demand_conflict,baseline,baseline,0.0,0.0,0,1.0,1321,violation_safe,9.679461353832531,0.8745526872699978,0.8745526872699978,0.3696827094265487,0.09035137961718534,1.0,0.0,2.210906679930603,0.27874522298280197,0.12607733538149668,0.3696827094265487,3,"[[2, 3], [3, 5], [2, 3], [0, 3]]","[true, true, true, true, true]",0,4.0,0,1,1,0.2420537920000001
figure_eight--demand_conflict,figure_eight,demand_conflict,baseline,baseline,0.0,0.0,0,1.0,1321,dual_anchor_dynamic,9.679461353832531,0.7584499523925137,0.7584499523925137,0.3782737765886967,0.07835662798449104,1.0,0.0,2.210906679930603,0.1773829563220948,0.08023086543284703,0.3782737765886967,2,"[[3, 4], [2, 3], [2, 3], [3, 4]]","[true, true, true, true, true]",0,4.0,0,1,1,0.29305095900000566
figure_eight--demand_conflict,figure_eight,demand_conflict,baseline,baseline,0.0,0.0,0,1.0,1361,full_trajectory,8.687402959992049,0.8334268565116155,0.8334268565116155,0.3745910433592491,0.09593509825085612,1.0,0.16666666666666666,1.9882980769614338,0.14235392470993688,0.07159586701782947,0.3745910433592491,0,"[[0, 1, 2, 3, 4, 5], [0, 1, 2, 3, 4, 5], [0, 1, 2, 3, 4, 5], [0, 1, 2, 3, 4, 5]]","[true, true, true, true, true]",0,0.0,0,1,1,0.24074920900000052
figure_eight--demand_conflict,figure_eight,demand_conflict,baseline,baseline,0.0,0.0,0,1.0,1361,error_peak_dynamic,8.687402959992049,0.6060265930799476,0.6060265930799476,0.3530665641852667,0.06975923597315235,1.0,0.0,1.9882980769614338,0.17897276417187977,0.0900130449481651,0.3530665641852667,2,"[[3, 4], [2, 3], [2, 3], [3, 4]]","[true, true, true, true, true]",0,0.0,0,1,1,0.22935687500000057
figure_eight--demand_conflict,figure_eight,demand_conflict,baseline,baseline,0.0,0.0,0,1.0,1361,violation_safe,8.687402959992049,0.9568913607375474,0.9568913607375474,0.3587011615645029,0.11014699849244972,1.0,0.16666666666666666,1.9882980769614338,0.29167010762183865,0.1466933509625358,0.3587011615645029,3,"[[2, 3], [3, 5], [0, 3], [2, 3]]","[true, true, true, true, true]",0,4.0,0,1,1,0.22371812499999777
figure_eight--demand_conflict,figure_eight,demand_conflict,baseline,baseline,0.0,0.0,0,1.0,1361,dual_anchor_dynamic,8.687402959992049,0.5144342633344414,0.5144342633344414,0.3505642575015979,0.05921611622064234,1.0,0.0,1.9882980769614338,0.13672939130302372,0.06876704900905851,0.3505642575015979,2,"[[3, 4], [2, 3], [2, 3], [3, 4]]","[true, true, true, true, true]",0,4.0,0,1,1,0.2491703749999985
figure_eight--demand_conflict,figure_eight,demand_conflict,baseline,baseline,0.0,0.0,0,1.0,1381,full_trajectory,11.068538098058209,4.012606252618997,4.012606252618997,0.5688067432585274,0.36252359770283865,1.0,0.6666666666666666,2.83807117074601,0.7618825380331694,0.2684508217716409,0.5688067432585274,0,"[[0, 1, 2, 3, 4, 5], [0, 1, 2, 3, 4, 5], [0, 1, 2, 3, 4, 5], [0, 1, 2, 3, 4, 5]]","[true, true, true, true, true]",0,0.0,0,1,1,0.3532801670000012
figure_eight--demand_conflict,figure_eight,demand_conflict,baseline,baseline,0.0,0.0,0,1.0,1381,error_peak_dynamic,11.068538098058209,2.7802008981663624,2.7802008981663624,0.49490334173627093,0.25118049678612053,1.0,1.0,2.83807117074601,0.889156930574594,0.3132962061486541,0.49490334173627093,2,"[[3, 4], [3, 4], [2, 4], [3, 4]]","[true, true, true, true, true]",0,0.0,0,1,1,0.33220804199999776
figure_eight--demand_conflict,figure_eight,demand_conflict,baseline,baseline,0.0,0.0,0,1.0,1381,violation_safe,11.068538098058209,3.35937374453863,3.35937374453863,0.5100085139398062,0.30350654393356397,1.0,0.8333333333333334,2.83807117074601,0.7042602716311299,0.24814750203956634,0.5100085139398062,2,"[[2, 3], [3, 5], [2, 3], [2, 3]]","[true, true, true, true, true]",0,4.0,0,1,1,0.34997762499999396
figure_eight--demand_conflict,figure_eight,demand_conflict,baseline,baseline,0.0,0.0,0,1.0,1381,dual_anchor_dynamic,11.068538098058209,2.986346746032072,3.7020969419888994,0.4780467011889793,0.26980498414293547,1.0,1.0,2.83807117074601,0.9660135183061909,0.3403767771095981,0.4780467011889793,1,"[[3, 4], [3, 4], [3, 4], [2, 4]]","[true, true, true, true, false]",1,2.0,0,1,1,0.3480440840000014
s_curve--neutral,s_curve,neutral,baseline,baseline,0.0,0.0,0,1.0,1301,full_trajectory,2.0489244854647204,0.28325883714440625,0.28325883714440625,0.3893254271932143,0.13824757288707973,0.3333333333333333,0.0,0.31989924516883306,0.05539946302738708,0.17317784853837007,0.3893254271932143,0,"[[0, 1, 2, 3, 4, 5], [0, 1, 2, 3, 4, 5], [0, 1, 2, 3, 4, 5], [0, 1, 2, 3, 4, 5]]","[true, true, true, true, true]",0,0.0,0,1,1,0.2155905830000009
s_curve--neutral,s_curve,neutral,baseline,baseline,0.0,0.0,0,1.0,1301,error_peak_dynamic,2.0489244854647204,0.1472088898034487,0.1472088898034487,0.3087804474434046,0.07184690838913957,0.3333333333333333,0.0,0.31989924516883306,0.09374593895282513,0.2930483280863913,0.3087804474434046,0,"[[2, 4], [2, 4], [2, 4], [2, 4]]","[true, true, true, true, true]",0,0.0,0,1,1,0.1988084999999984
s_curve--neutral,s_curve,neutral,baseline,baseline,0.0,0.0,0,1.0,1301,violation_safe,2.0489244854647204,0.1472088898034487,0.1472088898034487,0.3087804474434046,0.07184690838913957,0.3333333333333333,0.0,0.31989924516883306,0.09374593895282513,0.2930483280863913,0.3087804474434046,0,"[[2, 4], [2, 4], [2, 4], [2, 4]]","[true, true, true, true, true]",0,4.0,0,1,1,0.20089974999999782
s_curve--neutral,s_curve,neutral,baseline,baseline,0.0,0.0,0,1.0,1301,dual_anchor_dynamic,2.0489244854647204,0.1472088898034487,0.1472088898034487,0.3087804474434046,0.07184690838913957,0.3333333333333333,0.0,0.31989924516883306,0.09374593895282513,0.2930483280863913,0.3087804474434046,0,"[[2, 4], [2, 4], [2, 4], [2, 4]]","[true, true, true, true, true]",0,4.0,0,1,1,0.20001491600000065
s_curve--neutral,s_curve,neutral,baseline,baseline,0.0,0.0,0,1.0,1321,full_trajectory,6.001328185041688,0.9527926186112996,0.9527926186112996,0.3937481317641922,0.15876362518985973,1.0,0.16666666666666666,0.9811304334482406,0.19553148773185403,0.19929204218510185,0.3937481317641922,0,"[[0, 1, 2, 3, 4, 5], [0, 1, 2, 3, 4, 5], [0, 1, 2, 3, 4, 5], [0, 1, 2, 3, 4, 5]]","[true, true, true, true, true]",0,0.0,0,1,1,0.24311633300000324
s_curve--neutral,s_curve,neutral,baseline,baseline,0.0,0.0,0,1.0,1321,error_peak_dynamic,6.001328185041688,0.7985948360357668,0.7985948360357668,0.37188137970083435,0.13306968247899933,1.0,0.16666666666666666,0.9811304334482406,0.2790543259512755,0.2844212313041016,0.37188137970083435,1,"[[3, 4], [3, 4], [2, 4], [2, 4]]","[true, true, true, true, true]",0,0.0,0,1,1,0.217091209000003
s_curve--neutral,s_curve,neutral,baseline,baseline,0.0,0.0,0,1.0,1321,violation_safe,6.001328185041688,0.7985948360357668,0.7985948360357668,0.37188137970083435,0.13306968247899933,1.0,0.16666666666666666,0.9811304334482406,0.2790543259512755,0.2844212313041016,0.37188137970083435,1,"[[3, 4], [3, 4], [2, 4], [2, 4]]","[true, true, true, true, true]",0,4.0,0,1,1,0.21746941699999667
s_curve--neutral,s_curve,neutral,baseline,baseline,0.0,0.0,0,1.0,1321,dual_anchor_dynamic,6.001328185041688,0.7985948360357668,0.7985948360357668,0.37188137970083435,0.13306968247899933,1.0,0.16666666666666666,0.9811304334482406,0.2790543259512755,0.2844212313041016,0.37188137970083435,1,"[[3, 4], [3, 4], [2, 4], [2, 4]]","[true, true, true, true, true]",0,4.0,0,1,1,0.21722495800000274
s_curve--neutral,s_curve,neutral,baseline,baseline,0.0,0.0,0,1.0,1361,full_trajectory,5.422951622632681,0.7533459742658282,0.7533459742658282,0.378255156018017,0.13891807021138447,1.0,0.0,0.8789687362044573,0.1531884832135312,0.17428206135638705,0.378255156018017,0,"[[0, 1, 2, 3, 4, 5], [0, 1, 2, 3, 4, 5], [0, 1, 2, 3, 4, 5], [0, 1, 2, 3, 4, 5]]","[true, true, true, true, true]",0,0.0,0,1,1,0.24182249999999783
s_curve--neutral,s_curve,neutral,baseline,baseline,0.0,0.0,0,1.0,1361,error_peak_dynamic,5.422951622632681,0.6366221592354169,0.6366221592354169,0.3595107760066737,0.11739403253727641,1.0,0.0,0.8789687362044573,0.2305964591667884,0.26234887507210414,0.3595107760066737,1,"[[3, 4], [3, 4], [2, 4], [2, 4]]","[true, true, true, true, true]",0,0.0,0,1,1,0.21530008300000247
s_curve--neutral,s_curve,neutral,baseline,baseline,0.0,0.0,0,1.0,1361,violation_safe,5.422951622632681,0.6366221592354169,0.6366221592354169,0.3595107760066737,0.11739403253727641,1.0,0.0,0.8789687362044573,0.2305964591667884,0.26234887507210414,0.3595107760066737,1,"[[3, 4], [3, 4], [2, 4], [2, 4]]","[true, true, true, true, true]",0,4.0,0,1,1,0.21805099999999555
s_curve--neutral,s_curve,neutral,baseline,baseline,0.0,0.0,0,1.0,1361,dual_anchor_dynamic,5.422951622632681,0.6366221592354169,0.6366221592354169,0.3595107760066737,0.11739403253727641,1.0,0.0,0.8789687362044573,0.2305964591667884,0.26234887507210414,0.3595107760066737,1,"[[3, 4], [3, 4], [2, 4], [2, 4]]","[true, true, true, true, true]",0,4.0,0,1,1,0.2184367079999987
s_curve--neutral,s_curve,neutral,baseline,baseline,0.0,0.0,0,1.0,1381,full_trajectory,8.317582620681858,2.0101876776669854,2.0101876776669854,0.4569406674585378,0.24167931589505443,1.0,0.5,1.2574448167177932,0.44524946322051884,0.3540906585330063,0.4569406674585378,0,"[[0, 1, 2, 3, 4, 5], [0, 1, 2, 3, 4, 5], [0, 1, 2, 3, 4, 5], [0, 1, 2, 3, 4, 5]]","[true, true, true, true, true]",0,0.0,0,1,1,0.2573493749999969
s_curve--neutral,s_curve,neutral,baseline,baseline,0.0,0.0,0,1.0,1381,error_peak_dynamic,8.317582620681858,1.5970508131098322,1.5970508131098322,0.4136130517394443,0.19200901102427637,1.0,0.5,1.2574448167177932,0.545455231221034,0.43378065102275565,0.4136130517394443,1,"[[3, 4], [3, 4], [2, 4], [2, 4]]","[true, true, true, true, true]",0,0.0,0,1,1,0.2321458750000005
s_curve--neutral,s_curve,neutral,baseline,baseline,0.0,0.0,0,1.0,1381,violation_safe,8.317582620681858,1.5970508131098322,1.5970508131098322,0.4136130517394443,0.19200901102427637,1.0,0.5,1.2574448167177932,0.545455231221034,0.43378065102275565,0.4136130517394443,1,"[[3, 4], [3, 4], [2, 4], [2, 4]]","[true, true, true, true, true]",0,4.0,0,1,1,0.23414491699999473
s_curve--neutral,s_curve,neutral,baseline,baseline,0.0,0.0,0,1.0,1381,dual_anchor_dynamic,8.317582620681858,1.5970508131098322,1.5970508131098322,0.4136130517394443,0.19200901102427637,1.0,0.5,1.2574448167177932,0.545455231221034,0.43378065102275565,0.4136130517394443,1,"[[3, 4], [3, 4], [2, 4], [2, 4]]","[true, true, true, true, true]",0,4.0,0,1,1,0.23516975000000429
s_curve--demand_aligned,s_curve,demand_aligned,baseline,baseline,0.0,0.0,0,1.0,1301,full_trajectory,2.7646735230087316,0.47276328764089814,0.47276328764089814,0.4189949618854757,0.17100148849633448,0.3333333333333333,0.0,0.31989924516883306,0.05539946302738708,0.17317784853837007,0.4189949618854757,0,"[[0, 1, 2, 3, 4, 5], [0, 1, 2, 3, 4, 5], [0, 1, 2, 3, 4, 5], [0, 1, 2, 3, 4, 5]]","[true, true, true, true, true]",0,0.0,0,1,1,0.21580704099999792
s_curve--demand_aligned,s_curve,demand_aligned,baseline,baseline,0.0,0.0,0,1.0,1301,error_peak_dynamic,2.7646735230087316,0.3879968991937709,0.3879968991937709,0.34940684639291136,0.1403409465764054,0.3333333333333333,0.0,0.31989924516883306,0.16578789374087965,0.5182503436461123,0.34940684639291136,2,"[[2, 4], [2, 4], [1, 4], [1, 2]]","[true, true, true, true, true]",0,0.0,0,1,1,0.14313633299999395
s_curve--demand_aligned,s_curve,demand_aligned,baseline,baseline,0.0,0.0,0,1.0,1301,violation_safe,2.7646735230087316,0.22761695129052656,0.22761695129052656,0.3190753404941734,0.08233049920585783,0.3333333333333333,0.0,0.31989924516883306,0.1877076827250868,0.5867712586380766,0.3190753404941734,0,"[[2, 4], [2, 4], [2, 4], [2, 4]]","[true, true, true, true, true]",0,4.0,0,1,1,0.14342287499999884
s_curve--demand_aligned,s_curve,demand_aligned,baseline,baseline,0.0,0.0,0,1.0,1301,dual_anchor_dynamic,2.7646735230087316,0.23688774759422665,0.23688774759422665,0.319367668393725,0.08568380520258576,0.3333333333333333,0.0,0.31989924516883306,0.09374593895282513,0.2930483280863913,0.319367668393725,0,"[[2, 4], [2, 4], [2, 4], [2, 4]]","[true, true, true, true, true]",0,4.0,0,1,1,0.20158316700000256
s_curve--demand_aligned,s_curve,demand_aligned,baseline,baseline,0.0,0.0,0,1.0,1321,full_trajectory,7.757935751294778,1.586637722671497,1.586637722671497,0.433337796701562,0.20451802818896656,0.8333333333333334,0.3333333333333333,0.9811304334482406,0.19553148773185403,0.19929204218510185,0.433337796701562,0,"[[0, 1, 2, 3, 4, 5], [0, 1, 2, 3, 4, 5], [0, 1, 2, 3, 4, 5], [0, 1, 2, 3, 4, 5]]","[true, true, true, true, true]",0,0.0,0,1,1,0.2433355000000006
s_curve--demand_aligned,s_curve,demand_aligned,baseline,baseline,0.0,0.0,0,1.0,1321,error_peak_dynamic,7.757935751294778,1.319151113509297,1.319151113509297,0.4475052978507986,0.17003893249427005,0.8333333333333334,0.3333333333333333,0.9811304334482406,0.4176701347666926,0.4257029651998118,0.4475052978507986,2,"[[3, 4], [3, 4], [1, 2], [2, 4]]","[true, true, true, true, true]",0,0.0,0,1,1,0.16048225000000116
s_curve--demand_aligned,s_curve,demand_aligned,baseline,baseline,0.0,0.0,0,1.0,1321,violation_safe,7.757935751294778,0.9174875743861246,0.9174875743861246,0.3715087586565128,0.11826439452440662,0.8333333333333334,0.16666666666666666,0.9811304334482406,0.44103482893549384,0.4495170202655431,0.3715087586565128,1,"[[3, 4], [2, 4], [2, 4], [2, 4]]","[true, true, true, true, true]",0,4.0,0,1,1,0.16040583299999867
s_curve--demand_aligned,s_curve,demand_aligned,baseline,baseline,0.0,0.0,0,1.0,1321,dual_anchor_dynamic,7.757935751294778,1.0635278482675155,1.0635278482675155,0.37434712950323956,0.1370890250141625,0.8333333333333334,0.16666666666666666,0.9811304334482406,0.27704170396629524,0.28236990161707237,0.37434712950323956,1,"[[3, 4], [2, 4], [2, 4], [2, 4]]","[true, true, true, true, true]",0,4.0,0,1,1,0.21761970800000086
s_curve--demand_aligned,s_curve,demand_aligned,baseline,baseline,0.0,0.0,0,1.0,1361,full_trajectory,7.0025122787419,1.2539948460469827,1.2539948460469827,0.411599226427858,0.17907785036719429,0.8333333333333334,0.16666666666666666,0.8789687362044573,0.1531884832135312,0.17428206135638705,0.411599226427858,0,"[[0, 1, 2, 3, 4, 5], [0, 1, 2, 3, 4, 5], [0, 1, 2, 3, 4, 5], [0, 1, 2, 3, 4, 5]]","[true, true, true, true, true]",0,0.0,0,1,1,0.24115454199999675
s_curve--demand_aligned,s_curve,demand_aligned,baseline,baseline,0.0,0.0,0,1.0,1361,error_peak_dynamic,7.0025122787419,1.4192101558393293,1.4192101558393293,0.38933698319814436,0.20267156976614548,0.8333333333333334,0.16666666666666666,0.8789687362044573,0.3569398626167163,0.4060893725959422,0.38933698319814436,3,"[[3, 4], [2, 4], [1, 2], [1, 4]]","[true, true, true, true, true]",0,0.0,0,1,1,0.15187449999999814
s_curve--demand_aligned,s_curve,demand_aligned,baseline,baseline,0.0,0.0,0,1.0,1361,violation_safe,7.0025122787419,0.9775518028597051,0.9775518028597051,0.36689183830164407,0.13960015547953256,0.8333333333333334,0.16666666666666666,0.8789687362044573,0.36117561924907465,0.4109083797550013,0.36689183830164407,2,"[[3, 4], [2, 4], [2, 4], [1, 2]]","[true, true, true, true, true]",0,4.0,0,1,1,0.1641532089999984
s_curve--demand_aligned,s_curve,demand_aligned,baseline,baseline,0.0,0.0,0,1.0,1361,dual_anchor_dynamic,7.0025122787419,0.8363173121579262,0.8363173121579262,0.35764883419418425,0.11943103829989747,0.8333333333333334,0.16666666666666666,0.8789687362044573,0.22837549893752582,0.2598220955203614,0.35764883419418425,1,"[[3, 4], [2, 4], [2, 4], [2, 4]]","[true, true, true, true, true]",0,4.0,0,1,1,0.2221217909999993
s_curve--demand_aligned,s_curve,demand_aligned,baseline,baseline,0.0,0.0,0,1.0,1381,full_trajectory,10.86446444468091,3.323864544401967,3.323864544401967,0.5069158629875187,0.3059391064627474,0.8333333333333334,0.5,1.2574448167177932,0.44524946322051884,0.3540906585330063,0.5069158629875187,0,"[[0, 1, 2, 3, 4, 5], [0, 1, 2, 3, 4, 5], [0, 1, 2, 3, 4, 5], [0, 1, 2, 3, 4, 5]]","[true, true, true, true, true]",0,0.0,0,1,1,0.2607037909999974
s_curve--demand_aligned,s_curve,demand_aligned,baseline,baseline,0.0,0.0,0,1.0,1381,error_peak_dynamic,10.86446444468091,2.468889711747661,2.468889711747661,0.46014049312752225,0.2272444927514485,0.8333333333333334,0.5,1.2574448167177932,0.7023638312879306,0.55856433773472,0.46014049312752225,2,"[[3, 4], [3, 4], [1, 2], [2, 4]]","[true, true, true, true, true]",0,0.0,0,1,1,0.16723804200000103
s_curve--demand_aligned,s_curve,demand_aligned,baseline,baseline,0.0,0.0,0,1.0,1381,violation_safe,10.86446444468091,1.684860089043525,1.684860089043525,0.3920282067994465,0.15507990270688482,0.8333333333333334,0.5,1.2574448167177932,0.7461513717755245,0.5933869716232504,0.3920282067994465,1,"[[3, 4], [2, 4], [2, 4], [2, 4]]","[true, true, true, true, true]",0,4.0,0,1,1,0.17478987500000187
s_curve--demand_aligned,s_curve,demand_aligned,baseline,baseline,0.0,0.0,0,1.0,1381,dual_anchor_dynamic,10.86446444468091,2.6240023841110998,2.6240023841110998,0.4589362020777375,0.24152155842304537,0.8333333333333334,0.5,1.2574448167177932,0.545455231221034,0.43378065102275565,0.4589362020777375,1,"[[3, 4], [3, 4], [2, 4], [2, 4]]","[true, true, true, true, true]",0,4.0,0,1,1,0.2354130000000083
s_curve--demand_conflict,s_curve,demand_conflict,baseline,baseline,0.0,0.0,0,1.0,1301,full_trajectory,1.3772229259472597,0.15553422064700545,0.15553422064700545,0.37476839025131664,0.11293322069847796,0.16666666666666666,0.0,0.31989924516883306,0.05539946302738708,0.17317784853837007,0.37476839025131664,0,"[[0, 1, 2, 3, 4, 5], [0, 1, 2, 3, 4, 5], [0, 1, 2, 3, 4, 5], [0, 1, 2, 3, 4, 5]]","[true, true, true, true, true]",0,0.0,0,1,1,0.21987366599999802
s_curve--demand_conflict,s_curve,demand_conflict,baseline,baseline,0.0,0.0,0,1.0,1301,error_peak_dynamic,1.3772229259472597,0.10795366297723002,0.10795366297723002,0.3098718918475233,0.07838503189523878,0.16666666666666666,0.0,0.31989924516883306,0.10415336118870375,0.32558176601427985,0.3098718918475233,0,"[[2, 4], [2, 4], [2, 4], [2, 4]]","[true, true, true, true, true]",0,0.0,0,1,1,0.19080216700000108
s_curve--demand_conflict,s_curve,demand_conflict,baseline,baseline,0.0,0.0,0,1.0,1301,violation_safe,1.3772229259472597,0.13139290674639667,0.13139290674639667,0.3407206206280243,0.0954042401349252,0.16666666666666666,0.0,0.31989924516883306,0.11418974388739292,0.3569553401950888,0.3407206206280243,3,"[[3, 4], [2, 4], [2, 3], [2, 4]]","[true, true, true, true, true]",0,4.0,0,1,1,0.18711295800000016
s_curve--demand_conflict,s_curve,demand_conflict,baseline,baseline,0.0,0.0,0,1.0,1301,dual_anchor_dynamic,1.3772229259472597,0.129789086626605,0.13227802771374692,0.3110059487206952,0.09423970817021908,0.16666666666666666,0.0,0.31989924516883306,0.1169438573560972,0.3655646555038847,0.3110059487206952,1,"[[2, 4], [2, 4], [2, 4], [2, 3]]","[true, true, true, true, false]",1,2.0,0,1,1,0.19482545799999684
s_curve--demand_conflict,s_curve,demand_conflict,baseline,baseline,0.0,0.0,0,1.0,1321,full_trajectory,4.501068788782797,0.5299145490931463,0.5299145490931463,0.3664726157556968,0.11773082660139672,1.0,0.0,0.9811304334482406,0.19553148773185403,0.19929204218510185,0.3664726157556968,0,"[[0, 1, 2, 3, 4, 5], [0, 1, 2, 3, 4, 5], [0, 1, 2, 3, 4, 5], [0, 1, 2, 3, 4, 5]]","[true, true, true, true, true]",0,0.0,0,1,1,0.24317716699999892
s_curve--demand_conflict,s_curve,demand_conflict,baseline,baseline,0.0,0.0,0,1.0,1321,error_peak_dynamic,4.501068788782797,0.4984832530530787,0.4984832530530787,0.354244175562373,0.11074775268828566,1.0,0.0,0.9811304334482406,0.31914180901188904,0.3252796958812565,0.354244175562373,1,"[[3, 4], [3, 4], [2, 4], [2, 4]]","[true, true, true, true, true]",0,0.0,0,1,1,0.19848749999999882
s_curve--demand_conflict,s_curve,demand_conflict,baseline,baseline,0.0,0.0,0,1.0,1321,violation_safe,4.501068788782797,0.49329282491101334,0.49329282491101334,0.3564674050816464,0.10959459809642505,1.0,0.0,0.9811304334482406,0.3247724130761131,0.3310185903974881,0.3564674050816464,2,"[[3, 4], [3, 4], [2, 3], [2, 4]]","[true, true, true, true, true]",0,4.0,0,1,1,0.20360162500000456
s_curve--demand_conflict,s_curve,demand_conflict,baseline,baseline,0.0,0.0,0,1.0,1321,dual_anchor_dynamic,4.501068788782797,0.45910214274355204,0.45910214274355204,0.34634073708986923,0.10199847287108554,1.0,0.0,0.9811304334482406,0.2790543259512755,0.2844212313041016,0.34634073708986923,1,"[[3, 4], [3, 4], [2, 4], [2, 4]]","[true, true, true, true, true]",0,4.0,0,1,1,0.21853020800000422
s_curve--demand_conflict,s_curve,demand_conflict,baseline,baseline,0.0,0.0,0,1.0,1361,full_trajectory,4.041865039252978,0.418857404611674,0.418857404611674,0.3527732230168441,0.10362973541765948,1.0,0.0,0.8789687362044573,0.1531884832135312,0.17428206135638705,0.3527732230168441,0,"[[0, 1, 2, 3, 4, 5], [0, 1, 2, 3, 4, 5], [0, 1, 2, 3, 4, 5], [0, 1, 2, 3, 4, 5]]","[true, true, true, true, true]",0,0.0,0,1,1,0.24108291599999632
s_curve--demand_conflict,s_curve,demand_conflict,baseline,baseline,0.0,0.0,0,1.0,1361,error_peak_dynamic,4.041865039252978,0.40530933975269756,0.40530933975269756,0.34558424843663216,0.1002778014150634,1.0,0.0,0.8789687362044573,0.2674949578843947,0.30432818241008813,0.34558424843663216,1,"[[3, 4], [3, 4], [2, 4], [2, 4]]","[true, true, true, true, true]",0,0.0,0,1,1,0.19998666700000456
s_curve--demand_conflict,s_curve,demand_conflict,baseline,baseline,0.0,0.0,0,1.0,1361,violation_safe,4.041865039252978,0.591151919891096,0.591151919891096,0.35940548362017616,0.14625721397178398,1.0,0.0,0.8789687362044573,0.29567093079510565,0.33638389924067735,0.35940548362017616,2,"[[3, 4], [3, 4], [1, 2], [3, 4]]","[true, true, true, true, true]",0,4.0,0,1,1,0.1863974170000091
s_curve--demand_conflict,s_curve,demand_conflict,baseline,baseline,0.0,0.0,0,1.0,1361,dual_anchor_dynamic,4.041865039252978,0.36582519627619436,0.36582519627619436,0.33537299647889196,0.09050900827302402,1.0,0.0,0.8789687362044573,0.2305964591667884,0.26234887507210414,0.33537299647889196,1,"[[3, 4], [3, 4], [2, 4], [2, 4]]","[true, true, true, true, true]",0,4.0,0,1,1,0.21819175000000257
s_curve--demand_conflict,s_curve,demand_conflict,baseline,baseline,0.0,0.0,0,1.0,1381,full_trajectory,5.912070166802602,1.1284839276131347,1.1284839276131347,0.42902324011117726,0.19087796588575462,1.0,0.5,1.2574448167177932,0.44524946322051884,0.3540906585330063,0.42902324011117726,0,"[[0, 1, 2, 3, 4, 5], [0, 1, 2, 3, 4, 5], [0, 1, 2, 3, 4, 5], [0, 1, 2, 3, 4, 5]]","[true, true, true, true, true]",0,0.0,0,1,1,0.2568355000000082
s_curve--demand_conflict,s_curve,demand_conflict,baseline,baseline,0.0,0.0,0,1.0,1381,error_peak_dynamic,5.912070166802602,0.9502049132184526,0.9502049132184526,0.3873714316609097,0.1607228747984139,1.0,0.3333333333333333,1.2574448167177932,0.590655956626165,0.469727139333165,0.3873714316609097,1,"[[3, 4], [3, 4], [2, 4], [2, 4]]","[true, true, true, true, true]",0,0.0,0,1,1,0.21408991600000604
s_curve--demand_conflict,s_curve,demand_conflict,baseline,baseline,0.0,0.0,0,1.0,1381,violation_safe,5.912070166802602,0.9391473182365269,0.9391473182365269,0.3899025722743506,0.15885253248684658,1.0,0.16666666666666666,1.2574448167177932,0.5868753898803492,0.46672059248868086,0.3899025722743506,2,"[[3, 4], [3, 4], [2, 3], [2, 4]]","[true, true, true, true, true]",0,4.0,0,1,1,0.21430145899999786
s_curve--demand_conflict,s_curve,demand_conflict,baseline,baseline,0.0,0.0,0,1.0,1381,dual_anchor_dynamic,5.912070166802602,0.917730047988585,0.917730047988585,0.38544234716650927,0.15522989783541707,1.0,0.3333333333333333,1.2574448167177932,0.545455231221034,0.43378065102275565,0.38544234716650927,1,"[[3, 4], [3, 4], [2, 4], [2, 4]]","[true, true, true, true, true]",0,4.0,0,1,1,0.23579049999999313
harmonic_loop--neutral,harmonic_loop,neutral,noise_0p02,measurement_noise,0.02,0.02,0,1.0,1301,full_trajectory,3.3542245011270917,0.49316237919206374,0.49316237919206374,0.40027376064562187,0.14702724251950058,0.6666666666666666,0.0,0.5162139705579415,0.08845511068088166,0.17135357763618134,0.4031622644087609,0,"[[0, 1, 2, 3, 4, 5], [0, 1, 2, 3, 4, 5], [0, 1, 2, 3, 4, 5], [0, 1, 2, 3, 4, 5]]","[true, true, true, true, true]",0,0.0,0,1,1,0.23098483300000794
harmonic_loop--neutral,harmonic_loop,neutral,noise_0p02,measurement_noise,0.02,0.02,0,1.0,1301,error_peak_dynamic,3.3542245011270917,0.4635471887228841,0.4635471887228841,0.3489613656169395,0.1381980212019566,0.6666666666666666,0.0,0.5162139705579415,0.10776587272760543,0.2087620228703389,0.34970034557610524,2,"[[2, 3], [2, 3], [3, 4], [1, 2]]","[true, true, true, true, true]",0,0.0,0,1,1,0.22545629200000405
harmonic_loop--neutral,harmonic_loop,neutral,noise_0p02,measurement_noise,0.02,0.02,0,1.0,1301,violation_safe,3.3542245011270917,0.4574601301480011,0.4574601301480011,0.34737020564373194,0.13638327726551536,0.6666666666666666,0.0,0.5162139705579415,0.10642345936515012,0.20616152493921086,0.34900692971109337,3,"[[2, 3], [3, 4], [2, 3], [1, 4]]","[true, true, true, true, true]",0,4.0,0,1,1,0.2184574169999962
harmonic_loop--neutral,harmonic_loop,neutral,noise_0p02,measurement_noise,0.02,0.02,0,1.0,1301,dual_anchor_dynamic,3.3542245011270917,0.45330942402489116,0.45330942402489116,0.34857984059176034,0.1351458210005232,0.6666666666666666,0.0,0.5162139705579415,0.11118283954163465,0.21538130675050207,0.34925201145308915,2,"[[2, 3], [2, 3], [3, 4], [2, 4]]","[true, true, true, true, true]",0,4.0,0,1,1,0.22131008300000587
harmonic_loop--neutral,harmonic_loop,neutral,noise_0p02,measurement_noise,0.02,0.02,0,1.0,1321,full_trajectory,8.000202141873121,1.900388380407612,1.900388380407612,0.44984306607222857,0.23754254538906763,0.8333333333333334,0.5,1.1676257675090513,0.38259120356840404,0.3276659476131664,0.4518691504127778,0,"[[0, 1, 2, 3, 4, 5], [0, 1, 2, 3, 4, 5], [0, 1, 2, 3, 4, 5], [0, 1, 2, 3, 4, 5]]","[true, true, true, true, true]",0,0.0,0,1,1,0.2798797920000027
harmonic_loop--neutral,harmonic_loop,neutral,noise_0p02,measurement_noise,0.02,0.02,0,1.0,1321,error_peak_dynamic,8.000202141873121,1.7775927702317587,1.7775927702317587,0.3862829692390855,0.22219348195314018,0.8333333333333334,0.5,1.1676257675090513,0.40517052167540246,0.3470037515014515,0.38812195581089304,3,"[[1, 3], [3, 4], [1, 3], [1, 4]]","[true, true, true, true, true]",0,0.0,0,1,1,0.26016583300000207
harmonic_loop--neutral,harmonic_loop,neutral,noise_0p02,measurement_noise,0.02,0.02,0,1.0,1321,violation_safe,8.000202141873121,1.4680135780252326,1.4680135780252326,0.38144591658221905,0.18349706069820884,0.8333333333333334,0.5,1.1676257675090513,0.4453014830275128,0.3813734635006339,0.38310698862318887,3,"[[1, 3], [3, 4], [1, 3], [3, 4]]","[true, true, true, true, true]",0,4.0,0,1,1,0.25138687499999435
harmonic_loop--neutral,harmonic_loop,neutral,noise_0p02,measurement_noise,0.02,0.02,0,1.0,1321,dual_anchor_dynamic,8.000202141873121,1.7775927702317587,1.7775927702317587,0.3862829692390855,0.22219348195314018,0.8333333333333334,0.5,1.1676257675090513,0.40517052167540246,0.3470037515014515,0.38812195581089304,3,"[[1, 3], [3, 4], [1, 3], [1, 4]]","[true, true, true, true, true]",0,4.0,0,1,1,0.2658647089999988
harmonic_loop--neutral,harmonic_loop,neutral,noise_0p02,measurement_noise,0.02,0.02,0,1.0,1361,full_trajectory,7.231543865837976,1.420389037569112,1.420389037569112,0.42802331845270475,0.19641573969827816,0.8333333333333334,0.5,1.0474767416866995,0.2815317256949649,0.26877133829399247,0.4267950903877284,0,"[[0, 1, 2, 3, 4, 5], [0, 1, 2, 3, 4, 5], [0, 1, 2, 3, 4, 5], [0, 1, 2, 3, 4, 5]]","[true, true, true, true, true]",0,0.0,0,1,1,0.2792376250000075
harmonic_loop--neutral,harmonic_loop,neutral,noise_0p02,measurement_noise,0.02,0.02,0,1.0,1361,error_peak_dynamic,7.231543865837976,1.2987504330498685,1.2987504330498685,0.3646634803071763,0.17959518149163187,0.8333333333333334,0.3333333333333333,1.0474767416866995,0.3144827970545674,0.3002289067995643,0.3642773939086916,3,"[[1, 3], [3, 4], [1, 3], [1, 4]]","[true, true, true, true, true]",0,0.0,0,1,1,0.23636070800000653
harmonic_loop--neutral,harmonic_loop,neutral,noise_0p02,measurement_noise,0.02,0.02,0,1.0,1361,violation_safe,7.231543865837976,1.089276982569439,1.089276982569439,0.36104265164377725,0.15062855218443952,0.8333333333333334,0.3333333333333333,1.0474767416866995,0.3443536866885968,0.32874590239980056,0.36092022078307306,3,"[[1, 3], [3, 4], [1, 3], [3, 4]]","[true, true, true, true, true]",0,4.0,0,1,1,0.24190608299998928
harmonic_loop--neutral,harmonic_loop,neutral,noise_0p02,measurement_noise,0.02,0.02,0,1.0,1361,dual_anchor_dynamic,7.231543865837976,1.2987504330498685,1.2987504330498685,0.3646634803071763,0.17959518149163187,0.8333333333333334,0.3333333333333333,1.0474767416866995,0.3144827970545674,0.3002289067995643,0.3642773939086916,3,"[[1, 3], [3, 4], [1, 3], [1, 4]]","[true, true, true, true, true]",0,4.0,0,1,1,0.23900408400000117
harmonic_loop--neutral,harmonic_loop,neutral,noise_0p02,measurement_noise,0.02,0.02,0,1.0,1381,full_trajectory,11.493721263729022,3.7381065528623516,3.7381065528623516,0.49982058440315286,0.3252303120190302,1.0,0.6666666666666666,1.5862624474357625,0.7618030139743703,0.4802502985592618,0.49914300273538126,0,"[[0, 1, 2, 3, 4, 5], [0, 1, 2, 3, 4, 5], [0, 1, 2, 3, 4, 5], [0, 1, 2, 3, 4, 5]]","[true, true, true, true, true]",0,0.0,0,1,1,0.3130206670000035
harmonic_loop--neutral,harmonic_loop,neutral,noise_0p02,measurement_noise,0.02,0.02,0,1.0,1381,error_peak_dynamic,11.493721263729022,2.9505963430904405,2.9505963430904405,0.44412606036593877,0.25671375487429815,1.0,0.6666666666666666,1.5862624474357625,0.8333741105394108,0.5253696271298506,0.44344635020089995,1,"[[1, 3], [1, 3], [3, 4], [3, 4]]","[true, true, true, true, true]",0,0.0,0,1,1,0.2862728340000018
harmonic_loop--neutral,harmonic_loop,neutral,noise_0p02,measurement_noise,0.02,0.02,0,1.0,1381,violation_safe,11.493721263729022,2.981141715158223,2.981141715158223,0.4406965777988542,0.2593713251569685,1.0,0.6666666666666666,1.5862624474357625,0.829939214008868,0.5232042247173461,0.43918435192320987,3,"[[1, 3], [3, 4], [1, 3], [3, 4]]","[true, true, true, true, true]",0,4.0,0,1,1,0.2806154160000034
harmonic_loop--neutral,harmonic_loop,neutral,noise_0p02,measurement_noise,0.02,0.02,0,1.0,1381,dual_anchor_dynamic,11.493721263729022,2.9505963430904405,2.9505963430904405,0.44412606036593877,0.25671375487429815,1.0,0.6666666666666666,1.5862624474357625,0.8333741105394108,0.5253696271298506,0.44344635020089995,1,"[[1, 3], [1, 3], [3, 4], [3, 4]]","[true, true, true, true, true]",0,4.0,0,1,1,0.2895046250000064
harmonic_loop--demand_aligned,harmonic_loop,demand_aligned,noise_0p02,measurement_noise,0.02,0.02,0,1.0,1301,full_trajectory,5.54854135879969,0.7930421884702423,0.7930421884702423,0.396639163913144,0.14292804850639165,0.6666666666666666,0.16666666666666666,0.5162139705579415,0.08822054955122849,0.17089919022508582,0.398042724421416,0,"[[0, 1, 2, 3, 4, 5], [0, 1, 2, 3, 4, 5], [0, 1, 2, 3, 4, 5], [0, 1, 2, 3, 4, 5]]","[true, true, true, true, true]",0,0.0,0,1,1,0.23069820799999263
harmonic_loop--demand_aligned,harmonic_loop,demand_aligned,noise_0p02,measurement_noise,0.02,0.02,0,1.0,1301,error_peak_dynamic,5.54854135879969,0.7504097773425511,0.7504097773425511,0.3673663630755989,0.13524451361481543,0.6666666666666666,0.0,0.5162139705579415,0.19630341020855718,0.38027527615416107,0.36898787581371434,3,"[[2, 3], [1, 3], [2, 4], [1, 3]]","[true, true, true, true, true]",0,0.0,0,1,1,0.15863174999999785
harmonic_loop--demand_aligned,harmonic_loop,demand_aligned,noise_0p02,measurement_noise,0.02,0.02,0,1.0,1301,violation_safe,5.54854135879969,1.0053435067134828,1.0053435067134828,0.3551982046281612,0.18119059437469306,0.6666666666666666,0.16666666666666666,0.5162139705579415,0.18442460242813252,0.3572638730191672,0.3581844934874218,3,"[[2, 3], [1, 3], [3, 4], [1, 2]]","[true, true, true, true, true]",0,4.0,0,1,1,0.15601341699999693
harmonic_loop--demand_aligned,harmonic_loop,demand_aligned,noise_0p02,measurement_noise,0.02,0.02,0,1.0,1301,dual_anchor_dynamic,5.54854135879969,0.4377730633861731,0.4377730633861731,0.31717917025729564,0.07889876547317945,0.6666666666666666,0.0,0.5162139705579415,0.11588786526126771,0.22449579412973306,0.31910878118943414,2,"[[2, 3], [2, 3], [3, 4], [2, 3]]","[true, true, true, true, true]",0,4.0,0,1,1,0.2289209999999997
harmonic_loop--demand_aligned,harmonic_loop,demand_aligned,noise_0p02,measurement_noise,0.02,0.02,0,1.0,1321,full_trajectory,13.568066226431856,3.0104881834520136,3.0104881834520136,0.4368468682039321,0.22188041635493364,0.6666666666666666,0.5,1.1676257675090513,0.38202779352935107,0.3271834214008039,0.43883389845514914,0,"[[0, 1, 2, 3, 4, 5], [0, 1, 2, 3, 4, 5], [0, 1, 2, 3, 4, 5], [0, 1, 2, 3, 4, 5]]","[true, true, true, true, true]",0,0.0,0,1,1,0.28604229199999054
harmonic_loop--demand_aligned,harmonic_loop,demand_aligned,noise_0p02,measurement_noise,0.02,0.02,0,1.0,1321,error_peak_dynamic,13.568066226431856,2.2117693968890952,2.2117693968890952,0.37437835901283556,0.16301286859732175,0.6666666666666666,0.5,1.1676257675090513,0.5521024923227196,0.47284199071809174,0.3762229139928765,3,"[[1, 3], [3, 4], [1, 4], [1, 3]]","[true, true, true, true, true]",0,0.0,0,1,1,0.24172558300000446
harmonic_loop--demand_aligned,harmonic_loop,demand_aligned,noise_0p02,measurement_noise,0.02,0.02,0,1.0,1321,violation_safe,13.568066226431856,1.874013490481361,1.874013490481361,0.3436218559660774,0.13811942388891119,0.6666666666666666,0.6666666666666666,1.1676257675090513,0.5772984191000363,0.49442075977101213,0.3452442161344809,2,"[[1, 3], [2, 3], [3, 4], [3, 4]]","[true, true, true, true, true]",0,4.0,0,1,1,0.27862324999999544
harmonic_loop--demand_aligned,harmonic_loop,demand_aligned,noise_0p02,measurement_noise,0.02,0.02,0,1.0,1321,dual_anchor_dynamic,13.568066226431856,1.8976059238873764,1.8976059238873764,0.34971547051402146,0.13985824451465775,0.6666666666666666,0.5,1.1676257675090513,0.44588857563886125,0.38187627238656735,0.35136036078797195,3,"[[1, 3], [3, 4], [1, 3], [3, 4]]","[true, true, true, true, true]",0,4.0,0,1,1,0.28215370899999925
harmonic_loop--demand_aligned,harmonic_loop,demand_aligned,noise_0p02,measurement_noise,0.02,0.02,0,1.0,1361,full_trajectory,12.274182347665871,2.233833371062856,2.233833371062856,0.4171352694111074,0.18199447488961698,0.6666666666666666,0.5,1.0474767416866995,0.28216057192415583,0.2693716821528722,0.41755550134314956,0,"[[0, 1, 2, 3, 4, 5], [0, 1, 2, 3, 4, 5], [0, 1, 2, 3, 4, 5], [0, 1, 2, 3, 4, 5]]","[true, true, true, true, true]",0,0.0,0,1,1,0.38905654200000583
harmonic_loop--demand_aligned,harmonic_loop,demand_aligned,noise_0p02,measurement_noise,0.02,0.02,0,1.0,1361,error_peak_dynamic,12.274182347665871,2.279364087573695,2.279364087573695,0.33961175182737335,0.18570394532285503,0.6666666666666666,0.5,1.0474767416866995,0.4373789398602926,0.4175547985495154,0.34000243049869805,3,"[[1, 3], [3, 4], [1, 3], [1, 4]]","[true, true, true, true, true]",0,0.0,0,1,1,0.1970938749999931
harmonic_loop--demand_aligned,harmonic_loop,demand_aligned,noise_0p02,measurement_noise,0.02,0.02,0,1.0,1361,violation_safe,12.274182347665871,1.5034029859128983,1.5034029859128983,0.3318480399696621,0.12248498053304496,0.6666666666666666,0.6666666666666666,1.0474767416866995,0.4869396207227888,0.46486914825306214,0.3324287727312407,2,"[[1, 3], [2, 3], [3, 4], [3, 4]]","[true, true, true, true, true]",0,4.0,0,1,1,0.24232362499999738
harmonic_loop--demand_aligned,harmonic_loop,demand_aligned,noise_0p02,measurement_noise,0.02,0.02,0,1.0,1361,dual_anchor_dynamic,12.274182347665871,1.3706102882725846,1.3706102882725846,0.33525090574089456,0.11166611750176807,0.6666666666666666,0.5,1.0474767416866995,0.3460179440668295,0.33033472753739057,0.3364751573747756,3,"[[1, 3], [3, 4], [1, 3], [3, 4]]","[true, true, true, true, true]",0,4.0,0,1,1,0.24629537499998833
harmonic_loop--demand_aligned,harmonic_loop,demand_aligned,noise_0p02,measurement_noise,0.02,0.02,0,1.0,1381,full_trajectory,19.530922827058976,5.825757674157398,5.825757674157398,0.4802413036008839,0.29828378954455465,0.6666666666666666,0.6666666666666666,1.5862624474357625,0.7611105694046938,0.4798137727051726,0.48062731284424026,0,"[[0, 1, 2, 3, 4, 5], [0, 1, 2, 3, 4, 5], [0, 1, 2, 3, 4, 5], [0, 1, 2, 3, 4, 5]]","[true, true, true, true, true]",0,0.0,0,1,1,0.3077688750000078
harmonic_loop--demand_aligned,harmonic_loop,demand_aligned,noise_0p02,measurement_noise,0.02,0.02,0,1.0,1381,error_peak_dynamic,19.530922827058976,4.870654907581038,4.870654907581038,0.42145334800069595,0.2493817087246397,0.6666666666666666,0.6666666666666666,1.5862624474357625,1.0873000947769138,0.6854477936703127,0.4216851279339689,2,"[[1, 3], [1, 3], [3, 4], [1, 3]]","[true, true, true, true, true]",0,0.0,0,1,1,0.21410858299999802
harmonic_loop--demand_aligned,harmonic_loop,demand_aligned,noise_0p02,measurement_noise,0.02,0.02,0,1.0,1381,violation_safe,19.530922827058976,4.5467629501402405,4.5467629501402405,0.4193804047486747,0.2327981627084697,0.6666666666666666,0.6666666666666666,1.5862624474357625,1.0752651963378885,0.6778608407934543,0.41960804676192287,2,"[[1, 3], [1, 3], [3, 4], [2, 3]]","[true, true, true, true, true]",0,4.0,0,1,1,0.21341212500000495
harmonic_loop--demand_aligned,harmonic_loop,demand_aligned,noise_0p02,measurement_noise,0.02,0.02,0,1.0,1381,dual_anchor_dynamic,19.530922827058976,4.598215724429213,4.598215724429213,0.42636583724363486,0.2354325888820086,0.6666666666666666,0.6666666666666666,1.5862624474357625,0.8329615204682366,0.5251095251071108,0.42661602859366965,1,"[[1, 3], [1, 3], [3, 4], [3, 4]]","[true, true, true, true, true]",0,4.0,0,1,1,0.29111058299999115
harmonic_loop--demand_conflict,harmonic_loop,demand_conflict,noise_0p02,measurement_noise,0.02,0.02,0,1.0,1301,full_trajectory,1.9036841065146928,0.3706221328352986,0.3706221328352986,0.439839796788139,0.1946867821015966,0.6666666666666666,0.0,0.5162139705579415,0.08823434146114692,0.17092590765372015,0.4472493306404387,0,"[[0, 1, 2, 3, 4, 5], [0, 1, 2, 3, 4, 5], [0, 1, 2, 3, 4, 5], [0, 1, 2, 3, 4, 5]]","[true, true, true, true, true]",0,0.0,0,1,1,0.23536054099999149
harmonic_loop--demand_conflict,harmonic_loop,demand_conflict,noise_0p02,measurement_noise,0.02,0.02,0,1.0,1301,error_peak_dynamic,1.9036841065146928,0.3007733867149386,0.3007733867149386,0.4706779104979469,0.15799542880336442,0.6666666666666666,0.0,0.5162139705579415,0.14373559244770534,0.2784418877550932,0.4770829372592472,2,"[[2, 3], [2, 3], [1, 4], [3, 4]]","[true, true, true, true, true]",0,0.0,0,1,1,0.19394937500000253
harmonic_loop--demand_conflict,harmonic_loop,demand_conflict,noise_0p02,measurement_noise,0.02,0.02,0,1.0,1301,violation_safe,1.9036841065146928,0.43334911595203496,0.43334911595203496,0.44523422716631195,0.2276370929762187,0.6666666666666666,0.0,0.5162139705579415,0.14174774908224905,0.27459107495491314,0.4543258539358833,3,"[[2, 3], [3, 4], [1, 4], [1, 3]]","[true, true, true, true, true]",0,4.0,0,1,1,0.1999449999999996
harmonic_loop--demand_conflict,harmonic_loop,demand_conflict,noise_0p02,measurement_noise,0.02,0.02,0,1.0,1301,dual_anchor_dynamic,1.9036841065146928,0.3484961260739898,0.3484961260739898,0.42885772701627267,0.1830640518988333,0.6666666666666666,0.0,0.5162139705579415,0.11991405873276811,0.23229526043853665,0.43401790225386966,3,"[[2, 3], [3, 4], [2, 4], [3, 4]]","[true, true, true, true, true]",0,4.0,0,1,1,0.21591791699999874
harmonic_loop--demand_conflict,harmonic_loop,demand_conflict,noise_0p02,measurement_noise,0.02,0.02,0,1.0,1321,full_trajectory,4.3497561478447375,1.6479937955322104,1.6479937955322104,0.537552340748589,0.3788703871017633,1.0,0.5,1.1676257675090513,0.382199758205499,0.3273306986200407,0.5398458145095331,0,"[[0, 1, 2, 3, 4, 5], [0, 1, 2, 3, 4, 5], [0, 1, 2, 3, 4, 5], [0, 1, 2, 3, 4, 5]]","[true, true, true, true, true]",0,0.0,0,1,1,0.2834525410000026
harmonic_loop--demand_conflict,harmonic_loop,demand_conflict,noise_0p02,measurement_noise,0.02,0.02,0,1.0,1321,error_peak_dynamic,4.3497561478447375,1.1935087422318023,1.1935087422318023,0.4741354257781468,0.27438520727723426,1.0,0.5,1.1676257675090513,0.5158708199036077,0.4418117810162225,0.4775652536243302,3,"[[1, 3], [3, 4], [1, 3], [3, 4]]","[true, true, true, true, true]",0,0.0,0,1,1,0.21655133299999818
harmonic_loop--demand_conflict,harmonic_loop,demand_conflict,noise_0p02,measurement_noise,0.02,0.02,0,1.0,1321,violation_safe,4.3497561478447375,1.4905850964008576,1.586129527146328,0.4761014115469464,0.3426824506333368,1.0,0.5,1.1676257675090513,0.5650684174002168,0.4839465119082656,0.4790962655297636,3,"[[3, 4], [1, 3], [1, 4], [1, 3]]","[true, true, true, true, false]",1,2.0,0,1,1,0.22570549999998946
harmonic_loop--demand_conflict,harmonic_loop,demand_conflict,noise_0p02,measurement_noise,0.02,0.02,0,1.0,1321,dual_anchor_dynamic,4.3497561478447375,1.2005447851892341,1.2005447851892341,0.4645171206325823,0.27600277909466087,1.0,0.5,1.1676257675090513,0.4045427545885106,0.3464661074168823,0.4672209936997783,2,"[[1, 3], [3, 4], [3, 4], [1, 4]]","[true, true, true, true, true]",0,4.0,0,1,1,0.26123541699999464
harmonic_loop--demand_conflict,harmonic_loop,demand_conflict,noise_0p02,measurement_noise,0.02,0.02,0,1.0,1361,full_trajectory,3.9258904902011693,1.202006295662692,1.202006295662692,0.4917522627691741,0.3061741784858342,0.8333333333333334,0.3333333333333333,1.0474767416866995,0.2810797867659399,0.2683398834358185,0.4925394250038222,0,"[[0, 1, 2, 3, 4, 5], [0, 1, 2, 3, 4, 5], [0, 1, 2, 3, 4, 5], [0, 1, 2, 3, 4, 5]]","[true, true, true, true, true]",0,0.0,0,1,1,0.27965279100000373
harmonic_loop--demand_conflict,harmonic_loop,demand_conflict,noise_0p02,measurement_noise,0.02,0.02,0,1.0,1361,error_peak_dynamic,3.9258904902011693,0.9110416359913378,0.9110416359913378,0.4445636076491779,0.23205986979648394,0.8333333333333334,0.3333333333333333,1.0474767416866995,0.42487543148160783,0.4056180099974842,0.44779048160937207,3,"[[1, 3], [3, 4], [1, 3], [3, 4]]","[true, true, true, true, true]",0,0.0,0,1,1,0.21529524999999694
harmonic_loop--demand_conflict,harmonic_loop,demand_conflict,noise_0p02,measurement_noise,0.02,0.02,0,1.0,1361,violation_safe,3.9258904902011693,1.2370569685719985,1.24495765772711,0.44923135442870077,0.315102260661532,0.8333333333333334,0.5,1.0474767416866995,0.47993692155332296,0.4581838454766113,0.44950696214303265,3,"[[3, 4], [1, 3], [1, 4], [1, 3]]","[true, true, true, true, false]",1,2.0,0,1,1,0.2169824170000112
harmonic_loop--demand_conflict,harmonic_loop,demand_conflict,noise_0p02,measurement_noise,0.02,0.02,0,1.0,1361,dual_anchor_dynamic,3.9258904902011693,0.8886391603094772,0.8886391603094772,0.42415277726477196,0.22635352731500716,0.8333333333333334,0.3333333333333333,1.0474767416866995,0.3171796110658657,0.3028034880804391,0.42526739462155777,2,"[[1, 3], [3, 4], [3, 4], [1, 4]]","[true, true, true, true, true]",0,4.0,0,1,1,0.2493980410000063
harmonic_loop--demand_conflict,harmonic_loop,demand_conflict,noise_0p02,measurement_noise,0.02,0.02,0,1.0,1381,full_trajectory,6.199943638118468,3.5732570298180844,3.5732570298180844,0.6492961516860976,0.5763370182672307,1.0,0.6666666666666666,1.5862624474357625,0.7609976561215571,0.47974259073694336,0.6497789211643397,0,"[[0, 1, 2, 3, 4, 5], [0, 1, 2, 3, 4, 5], [0, 1, 2, 3, 4, 5], [0, 1, 2, 3, 4, 5]]","[true, true, true, true, true]",0,0.0,0,1,1,0.3119242499999899
harmonic_loop--demand_conflict,harmonic_loop,demand_conflict,noise_0p02,measurement_noise,0.02,0.02,0,1.0,1381,error_peak_dynamic,6.199943638118468,3.307820410790291,3.307820410790291,0.5726796958730092,0.5335242711648479,1.0,0.8333333333333334,1.5862624474357625,0.9012818683050184,0.5681795403793147,0.5725959230872915,2,"[[1, 3], [1, 3], [3, 4], [1, 3]]","[true, true, true, true, true]",0,0.0,0,1,1,0.25624645799999257
harmonic_loop--demand_conflict,harmonic_loop,demand_conflict,noise_0p02,measurement_noise,0.02,0.02,0,1.0,1381,violation_safe,6.199943638118468,2.6197078779797227,2.9068570367118025,0.5267212040852779,0.42253736983562973,1.0,0.8333333333333334,1.5862624474357625,0.887078198201435,0.5592253662913231,0.5263129386620657,3,"[[3, 4], [1, 3], [1, 4], [1, 3]]","[true, true, true, true, false]",1,2.0,0,1,1,0.2420712079999987
harmonic_loop--demand_conflict,harmonic_loop,demand_conflict,noise_0p02,measurement_noise,0.02,0.02,0,1.0,1381,dual_anchor_dynamic,6.199943638118468,3.375345682781795,3.5027898350823232,0.6197424465768983,0.5444155430751836,1.0,0.6666666666666666,1.5862624474357625,1.070781809741354,0.675034456922499,0.6200264122661713,0,"[[1, 3], [1, 3], [1, 3], [1, 3]]","[true, true, false, false, false]",3,0.5,0,1,1,0.281901916999999
ellipse--neutral,ellipse,neutral,noise_0p02,measurement_noise,0.02,0.02,0,1.0,1301,full_trajectory,2.2739934666239696,0.05993654538717259,0.05993654538717259,0.2841374188523346,0.026357395598042753,0.5,0.0,0.4363365667588265,0.010336547427337446,0.023689390747419756,0.3004242052583153,0,"[[0, 1, 2, 3, 4, 5], [0, 1, 2, 3, 4, 5], [0, 1, 2, 3, 4, 5], [0, 1, 2, 3, 4, 5]]","[true, true, true, true, true]",0,0.0,0,1,1,0.15670849999999348
ellipse--neutral,ellipse,neutral,noise_0p02,measurement_noise,0.02,0.02,0,1.0,1301,error_peak_dynamic,2.2739934666239696,0.042566356232711614,0.042566356232711614,0.2665911449574923,0.018718768042859307,0.5,0.0,0.4363365667588265,0.01060009026253042,0.024293380546282155,0.28382164921220704,1,"[[3, 4], [3, 4], [3, 4], [1, 3]]","[true, true, true, true, true]",0,0.0,0,1,1,0.14585504200000798
ellipse--neutral,ellipse,neutral,noise_0p02,measurement_noise,0.02,0.02,0,1.0,1301,violation_safe,2.2739934666239696,0.042566356232711614,0.042566356232711614,0.2665911449574923,0.018718768042859307,0.5,0.0,0.4363365667588265,0.01060009026253042,0.024293380546282155,0.28382164921220704,1,"[[3, 4], [3, 4], [3, 4], [1, 3]]","[true, true, true, true, true]",0,4.0,0,1,1,0.14795108299999526
ellipse--neutral,ellipse,neutral,noise_0p02,measurement_noise,0.02,0.02,0,1.0,1301,dual_anchor_dynamic,2.2739934666239696,0.042566356232711614,0.042566356232711614,0.2665911449574923,0.018718768042859307,0.5,0.0,0.4363365667588265,0.01060009026253042,0.024293380546282155,0.28382164921220704,1,"[[3, 4], [3, 4], [3, 4], [1, 3]]","[true, true, true, true, true]",0,4.0,0,1,1,0.14781362499999773
ellipse--neutral,ellipse,neutral,noise_0p02,measurement_noise,0.02,0.02,0,1.0,1321,full_trajectory,7.764528276499471,0.3258351653334554,0.3258351653334554,0.28744600069431114,0.04196457965381429,0.6666666666666666,0.0,1.438437819749676,0.05388517103162105,0.03746089701743132,0.2896424220788907,0,"[[0, 1, 2, 3, 4, 5], [0, 1, 2, 3, 4, 5], [0, 1, 2, 3, 4, 5], [0, 1, 2, 3, 4, 5]]","[true, true, true, true, true]",0,0.0,0,1,1,0.17041062500000237
ellipse--neutral,ellipse,neutral,noise_0p02,measurement_noise,0.02,0.02,0,1.0,1321,error_peak_dynamic,7.764528276499471,0.30309035202550205,0.30309035202550205,0.27993682322874525,0.03903525639063628,0.6666666666666666,0.0,1.438437819749676,0.05702291347736768,0.039642251263451264,0.2820842205594123,2,"[[3, 4], [2, 4], [1, 2], [1, 2]]","[true, true, true, true, true]",0,0.0,0,1,1,0.19487575000000845
ellipse--neutral,ellipse,neutral,noise_0p02,measurement_noise,0.02,0.02,0,1.0,1321,violation_safe,7.764528276499471,0.30309035202550205,0.30309035202550205,0.27993682322874525,0.03903525639063628,0.6666666666666666,0.0,1.438437819749676,0.05702291347736768,0.039642251263451264,0.2820842205594123,2,"[[3, 4], [2, 4], [1, 2], [1, 2]]","[true, true, true, true, true]",0,4.0,0,1,1,0.19702112500000624
ellipse--neutral,ellipse,neutral,noise_0p02,measurement_noise,0.02,0.02,0,1.0,1321,dual_anchor_dynamic,7.764528276499471,0.30309035202550205,0.30309035202550205,0.27993682322874525,0.03903525639063628,0.6666666666666666,0.0,1.438437819749676,0.05702291347736768,0.039642251263451264,0.2820842205594123,2,"[[3, 4], [2, 4], [1, 2], [1, 2]]","[true, true, true, true, true]",0,4.0,0,1,1,0.2522757080000133
ellipse--neutral,ellipse,neutral,noise_0p02,measurement_noise,0.02,0.02,0,1.0,1361,full_trajectory,7.095945002050906,0.29508929201892253,0.29508929201892253,0.2839241814443579,0.04158562276534476,0.6666666666666666,0.0,1.3090449290016486,0.04744228233257648,0.03624190528644318,0.286043920679141,0,"[[0, 1, 2, 3, 4, 5], [0, 1, 2, 3, 4, 5], [0, 1, 2, 3, 4, 5], [0, 1, 2, 3, 4, 5]]","[true, true, true, true, true]",0,0.0,0,1,1,0.18146699999999782
ellipse--neutral,ellipse,neutral,noise_0p02,measurement_noise,0.02,0.02,0,1.0,1361,error_peak_dynamic,7.095945002050906,0.2586207245596694,0.2586207245596694,0.27500021365496075,0.03644626959269295,0.6666666666666666,0.0,1.3090449290016486,0.049326961588284916,0.037681641397827675,0.2771068175935037,2,"[[3, 4], [2, 4], [1, 2], [1, 2]]","[true, true, true, true, true]",0,0.0,0,1,1,0.23875379199999713
ellipse--neutral,ellipse,neutral,noise_0p02,measurement_noise,0.02,0.02,0,1.0,1361,violation_safe,7.095945002050906,0.2620796766280004,0.2620796766280004,0.27515278442330326,0.036933724338654376,0.6666666666666666,0.0,1.3090449290016486,0.05042177585157637,0.03851798722449569,0.27722720964324415,2,"[[3, 4], [2, 4], [2, 4], [1, 2]]","[true, true, true, true, true]",0,4.0,0,1,1,0.19451024999999333
ellipse--neutral,ellipse,neutral,noise_0p02,measurement_noise,0.02,0.02,0,1.0,1361,dual_anchor_dynamic,7.095945002050906,0.2586207245596694,0.2586207245596694,0.27500021365496075,0.03644626959269295,0.6666666666666666,0.0,1.3090449290016486,0.049326961588284916,0.037681641397827675,0.2771068175935037,2,"[[3, 4], [2, 4], [1, 2], [1, 2]]","[true, true, true, true, true]",0,4.0,0,1,1,0.18780979200001013
ellipse--neutral,ellipse,neutral,noise_0p02,measurement_noise,0.02,0.02,0,1.0,1381,full_trajectory,9.79450982802182,0.4738860414483895,0.4738860414483895,0.2994963494807124,0.048382823619474526,0.6666666666666666,0.0,1.7458312427723564,0.08926849023043157,0.05113237066869901,0.29956316098987423,0,"[[0, 1, 2, 3, 4, 5], [0, 1, 2, 3, 4, 5], [0, 1, 2, 3, 4, 5], [0, 1, 2, 3, 4, 5]]","[true, true, true, true, true]",0,0.0,0,1,1,0.18667395800000008
ellipse--neutral,ellipse,neutral,noise_0p02,measurement_noise,0.02,0.02,0,1.0,1381,error_peak_dynamic,9.79450982802182,0.5021569537699923,0.5021569537699923,0.2983980183672224,0.05126922761702022,0.6666666666666666,0.0,1.7458312427723564,0.0978121375592633,0.05602611246888843,0.29840607226542853,1,"[[3, 4], [3, 4], [1, 2], [1, 2]]","[true, true, true, true, true]",0,0.0,0,1,1,0.1929914579999945
ellipse--neutral,ellipse,neutral,noise_0p02,measurement_noise,0.02,0.02,0,1.0,1381,violation_safe,9.79450982802182,0.46148618433816657,0.46148618433816657,0.2927989330940199,0.04711682283659234,0.6666666666666666,0.0,1.7458312427723564,0.09522487758531714,0.054544147940726116,0.29281392881601925,2,"[[3, 4], [2, 4], [1, 2], [1, 2]]","[true, true, true, true, true]",0,4.0,0,1,1,0.19667033300000014
ellipse--neutral,ellipse,neutral,noise_0p02,measurement_noise,0.02,0.02,0,1.0,1381,dual_anchor_dynamic,9.79450982802182,0.5021569537699923,0.5021569537699923,0.2983980183672224,0.05126922761702022,0.6666666666666666,0.0,1.7458312427723564,0.0978121375592633,0.05602611246888843,0.29840607226542853,1,"[[3, 4], [3, 4], [1, 2], [1, 2]]","[true, true, true, true, true]",0,4.0,0,1,1,0.19496670899999913
ellipse--demand_aligned,ellipse,demand_aligned,noise_0p02,measurement_noise,0.02,0.02,0,1.0,1301,full_trajectory,3.6187354277288186,0.12918829396701828,0.12918829396701828,0.2874603032061676,0.035699845027935384,0.5,0.0,0.4363365667588265,0.012170112511634744,0.027891571412490514,0.2952159746841326,0,"[[0, 1, 2, 3, 4, 5], [0, 1, 2, 3, 4, 5], [0, 1, 2, 3, 4, 5], [0, 1, 2, 3, 4, 5]]","[true, true, true, true, true]",0,0.0,0,1,1,0.15699150000000373
ellipse--demand_aligned,ellipse,demand_aligned,noise_0p02,measurement_noise,0.02,0.02,0,1.0,1301,error_peak_dynamic,3.6187354277288186,0.14435449259060326,0.14435449259060326,0.2766076863754704,0.039890866705666474,0.5,0.0,0.4363365667588265,0.02242422935910297,0.05139204702845217,0.28477940053259504,2,"[[3, 4], [3, 4], [1, 2], [1, 3]]","[true, true, true, true, true]",0,0.0,0,1,1,0.10820375000000126
ellipse--demand_aligned,ellipse,demand_aligned,noise_0p02,measurement_noise,0.02,0.02,0,1.0,1301,violation_safe,3.6187354277288186,0.2039555904312903,0.13082197033536186,0.2715090172030107,0.05636101187958258,0.5,0.0,0.4363365667588265,0.06447418022252623,0.1477624960508126,0.28117222543829234,0,"[[3, 4], [3, 4], [3, 4], [3, 4]]","[true, true, true, true, false]",1,2.0,0,1,1,0.10997737499999971
ellipse--demand_aligned,ellipse,demand_aligned,noise_0p02,measurement_noise,0.02,0.02,0,1.0,1301,dual_anchor_dynamic,3.6187354277288186,0.18787537116013345,0.11473834636532493,0.269514048451336,0.05191741007660439,0.5,0.0,0.4363365667588265,0.028134445537027656,0.06447877093138112,0.2794742946786405,1,"[[3, 4], [3, 4], [3, 4], [1, 3]]","[true, true, true, true, false]",1,2.0,0,1,1,0.14574137500000006
ellipse--demand_aligned,ellipse,demand_aligned,noise_0p02,measurement_noise,0.02,0.02,0,1.0,1321,full_trajectory,10.255981356506862,0.29614354409940274,0.29614354409940274,0.264352670424367,0.028875203045441944,0.6666666666666666,0.0,1.438437819749676,0.05625496806835377,0.03910837666806031,0.2657598097799383,0,"[[0, 1, 2, 3, 4, 5], [0, 1, 2, 3, 4, 5], [0, 1, 2, 3, 4, 5], [0, 1, 2, 3, 4, 5]]","[true, true, true, true, true]",0,0.0,0,1,1,0.1730328329999935
ellipse--demand_aligned,ellipse,demand_aligned,noise_0p02,measurement_noise,0.02,0.02,0,1.0,1321,error_peak_dynamic,10.255981356506862,0.41409039592180297,0.41409039592180297,0.27226294354535213,0.04037550201464486,0.6666666666666666,0.0,1.438437819749676,0.09446383246516016,0.0656711268072743,0.2733533651340798,2,"[[3, 4], [1, 4], [1, 2], [1, 2]]","[true, true, true, true, true]",0,0.0,0,1,1,0.16376416700001073
ellipse--demand_aligned,ellipse,demand_aligned,noise_0p02,measurement_noise,0.02,0.02,0,1.0,1321,violation_safe,10.255981356506862,0.4117532648549571,0.4117532648549571,0.2654392274385604,0.04014762220620868,0.6666666666666666,0.0,1.438437819749676,0.13965942878538942,0.09709104339991119,0.2664798698844607,2,"[[3, 4], [3, 4], [2, 3], [1, 2]]","[true, true, true, true, true]",0,4.0,0,1,1,0.15757708300000672
ellipse--demand_aligned,ellipse,demand_aligned,noise_0p02,measurement_noise,0.02,0.02,0,1.0,1321,dual_anchor_dynamic,10.255981356506862,0.2798021134391196,0.2798021134391196,0.2563182393193576,0.02728184692551146,0.6666666666666666,0.0,1.438437819749676,0.05764673330005843,0.04007592994884575,0.2577963754237895,2,"[[3, 4], [2, 4], [1, 2], [1, 2]]","[true, true, true, true, true]",0,4.0,0,1,1,0.2011014590000002
ellipse--demand_aligned,ellipse,demand_aligned,noise_0p02,measurement_noise,0.02,0.02,0,1.0,1361,full_trajectory,9.373941487059053,0.25958926015541334,0.25958926015541334,0.26549255582098874,0.027692647806025077,0.6666666666666666,0.0,1.3090449290016486,0.04859222373492336,0.03712036360125739,0.2675499767607564,0,"[[0, 1, 2, 3, 4, 5], [0, 1, 2, 3, 4, 5], [0, 1, 2, 3, 4, 5], [0, 1, 2, 3, 4, 5]]","[true, true, true, true, true]",0,0.0,0,1,1,0.16612608300000886
ellipse--demand_aligned,ellipse,demand_aligned,noise_0p02,measurement_noise,0.02,0.02,0,1.0,1361,error_peak_dynamic,9.373941487059053,0.32378937144919473,0.32378937144919473,0.26802290673149826,0.034541432960318086,0.6666666666666666,0.0,1.3090449290016486,0.0859718170100963,0.06567522252705509,0.26976460965892407,2,"[[3, 4], [1, 4], [1, 2], [1, 2]]","[true, true, true, true, true]",0,0.0,0,1,1,0.1604606249999989
ellipse--demand_aligned,ellipse,demand_aligned,noise_0p02,measurement_noise,0.02,0.02,0,1.0,1361,violation_safe,9.373941487059053,0.33096972660945956,0.33096972660945956,0.26303360427599,0.035307423997298366,0.6666666666666666,0.0,1.3090449290016486,0.12994313423334897,0.09926560300145765,0.2640931062664452,2,"[[3, 4], [3, 4], [2, 3], [1, 2]]","[true, true, true, true, true]",0,4.0,0,1,1,0.15154316599999618
ellipse--demand_aligned,ellipse,demand_aligned,noise_0p02,measurement_noise,0.02,0.02,0,1.0,1361,dual_anchor_dynamic,9.373941487059053,0.2288949571797292,0.2288949571797292,0.25352574703128167,0.024418219112603178,0.6666666666666666,0.0,1.3090449290016486,0.05143253785914089,0.039290124211677165,0.2552550323344062,2,"[[3, 4], [2, 4], [2, 4], [1, 2]]","[true, true, true, true, true]",0,4.0,0,1,1,0.19442033400000014
ellipse--demand_aligned,ellipse,demand_aligned,noise_0p02,measurement_noise,0.02,0.02,0,1.0,1381,full_trajectory,13.031908723170533,0.4232812526070914,0.4232812526070914,0.27623934491288565,0.03248037272195621,0.8333333333333334,0.0,1.7458312427723564,0.08881763966758452,0.050874126600314075,0.2782954691324156,0,"[[0, 1, 2, 3, 4, 5], [0, 1, 2, 3, 4, 5], [0, 1, 2, 3, 4, 5], [0, 1, 2, 3, 4, 5]]","[true, true, true, true, true]",0,0.0,0,1,1,0.18974570799998958
ellipse--demand_aligned,ellipse,demand_aligned,noise_0p02,measurement_noise,0.02,0.02,0,1.0,1381,error_peak_dynamic,13.031908723170533,0.7022434180373957,0.7022434180373957,0.2762258726347491,0.053886459225179935,0.8333333333333334,0.0,1.7458312427723564,0.1526133015561259,0.08741583826497346,0.27804669191540876,1,"[[3, 4], [3, 4], [1, 2], [1, 2]]","[true, true, true, true, true]",0,0.0,0,1,1,0.16450679099999377
ellipse--demand_aligned,ellipse,demand_aligned,noise_0p02,measurement_noise,0.02,0.02,0,1.0,1381,violation_safe,13.031908723170533,0.6353741564187174,0.6353741564187174,0.2745014006123407,0.04875526447549713,0.8333333333333334,0.0,1.7458312427723564,0.18776816504567873,0.10755229969851234,0.27644862078024285,2,"[[3, 4], [3, 4], [2, 3], [1, 2]]","[true, true, true, true, true]",0,4.0,0,1,1,0.15474145800000372
ellipse--demand_aligned,ellipse,demand_aligned,noise_0p02,measurement_noise,0.02,0.02,0,1.0,1381,dual_anchor_dynamic,13.031908723170533,0.4576879160200217,0.4576879160200217,0.2709291395848552,0.03512055875638997,0.8333333333333334,0.0,1.7458312427723564,0.09812576866266082,0.05620575818475927,0.2725518798186656,2,"[[3, 4], [3, 4], [2, 3], [1, 2]]","[true, true, true, true, true]",0,4.0,0,1,1,0.20126208300000314
ellipse--demand_conflict,ellipse,demand_conflict,noise_0p02,measurement_noise,0.02,0.02,0,1.0,1301,full_trajectory,1.5783408192877904,0.0614255275076398,0.0614255275076398,0.2855254290835601,0.03891778426877246,0.6666666666666666,0.0,0.4363365667588265,0.011286237666305635,0.02586589923036133,0.31289853307487536,0,"[[0, 1, 2, 3, 4, 5], [0, 1, 2, 3, 4, 5], [0, 1, 2, 3, 4, 5], [0, 1, 2, 3, 4, 5]]","[true, true, true, true, true]",0,0.0,0,1,1,0.1605585829999967
ellipse--demand_conflict,ellipse,demand_conflict,noise_0p02,measurement_noise,0.02,0.02,0,1.0,1301,error_peak_dynamic,1.5783408192877904,0.08955348708997146,0.08955348708997146,0.30829023418413565,0.05673900465324183,0.6666666666666666,0.0,0.4363365667588265,0.014964938671905193,0.03429677870701281,0.33026239715076167,1,"[[3, 4], [3, 4], [3, 4], [1, 3]]","[true, true, true, true, true]",0,0.0,0,1,1,0.1350695409999929
ellipse--demand_conflict,ellipse,demand_conflict,noise_0p02,measurement_noise,0.02,0.02,0,1.0,1301,violation_safe,1.5783408192877904,0.07888549195749672,0.07888549195749672,0.30755388546082296,0.04998001128368014,0.6666666666666666,0.0,0.4363365667588265,0.025644641412056614,0.05877261583311447,0.33121959770149545,3,"[[1, 4], [2, 3], [1, 3], [0, 1]]","[true, true, true, true, true]",0,4.0,0,1,1,0.12729429200000197
ellipse--demand_conflict,ellipse,demand_conflict,noise_0p02,measurement_noise,0.02,0.02,0,1.0,1301,dual_anchor_dynamic,1.5783408192877904,0.06812737413240932,0.06812737413240932,0.293606875781231,0.0431639182740969,0.6666666666666666,0.0,0.4363365667588265,0.01251348357777619,0.028678512256555128,0.31855505253120747,2,"[[3, 4], [1, 4], [1, 3], [1, 3]]","[true, true, true, true, true]",0,4.0,0,1,1,0.15516658399999983
ellipse--demand_conflict,ellipse,demand_conflict,noise_0p02,measurement_noise,0.02,0.02,0,1.0,1321,full_trajectory,5.679893791694921,0.36712462145334984,0.36712462145334984,0.3458358487477436,0.06463582505541837,0.6666666666666666,0.0,1.438437819749676,0.05485142447461185,0.03813263508613626,0.34623100055352124,0,"[[0, 1, 2, 3, 4, 5], [0, 1, 2, 3, 4, 5], [0, 1, 2, 3, 4, 5], [0, 1, 2, 3, 4, 5]]","[true, true, true, true, true]",0,0.0,0,1,1,0.1831473340000116
ellipse--demand_conflict,ellipse,demand_conflict,noise_0p02,measurement_noise,0.02,0.02,0,1.0,1321,error_peak_dynamic,5.679893791694921,0.4112682523291476,0.4112682523291476,0.35914599100676325,0.07240773637889138,0.6666666666666666,0.0,1.438437819749676,0.08708433226274646,0.06054090838483467,0.35929079435067696,3,"[[3, 4], [2, 4], [1, 2], [2, 3]]","[true, true, true, true, true]",0,0.0,0,1,1,0.15876208299999917
ellipse--demand_conflict,ellipse,demand_conflict,noise_0p02,measurement_noise,0.02,0.02,0,1.0,1321,violation_safe,5.679893791694921,0.4794174092523327,0.4794174092523327,0.3820557929571505,0.08440605173873703,0.6666666666666666,0.0,1.438437819749676,0.13186736178845623,0.09167400910760566,0.3829468664419336,3,"[[1, 4], [1, 2], [2, 4], [1, 2]]","[true, true, true, true, true]",0,4.0,0,1,1,0.15870854099999576
ellipse--demand_conflict,ellipse,demand_conflict,noise_0p02,measurement_noise,0.02,0.02,0,1.0,1321,dual_anchor_dynamic,5.679893791694921,0.34906057238252064,0.34906057238252064,0.3486318782417433,0.06145547525781436,0.6666666666666666,0.0,1.438437819749676,0.06033275624583155,0.041943249417851755,0.34905643951156173,3,"[[3, 4], [1, 2], [2, 4], [1, 2]]","[true, true, true, true, true]",0,4.0,0,1,1,0.2733825839999895
ellipse--demand_conflict,ellipse,demand_conflict,noise_0p02,measurement_noise,0.02,0.02,0,1.0,1361,full_trajectory,5.18483341259919,0.3153875813502315,0.3153875813502315,0.3333977238777417,0.06082887457557208,0.6666666666666666,0.0,1.3090449290016486,0.04747168975236736,0.03626437007671841,0.337330361589871,0,"[[0, 1, 2, 3, 4, 5], [0, 1, 2, 3, 4, 5], [0, 1, 2, 3, 4, 5], [0, 1, 2, 3, 4, 5]]","[true, true, true, true, true]",0,0.0,0,1,1,0.17685533399999542
ellipse--demand_conflict,ellipse,demand_conflict,noise_0p02,measurement_noise,0.02,0.02,0,1.0,1361,error_peak_dynamic,5.18483341259919,0.2808629011488204,0.2808629011488204,0.34469949532141536,0.05417009164967984,0.6666666666666666,0.0,1.3090449290016486,0.0920385024214101,0.07030965888359832,0.3511376269752571,2,"[[3, 4], [2, 4], [1, 2], [1, 2]]","[true, true, true, true, true]",0,0.0,0,1,1,0.1585472090000053
ellipse--demand_conflict,ellipse,demand_conflict,noise_0p02,measurement_noise,0.02,0.02,0,1.0,1361,violation_safe,5.18483341259919,0.3694846252352141,0.3694846252352141,0.3658273679931437,0.07126258373844052,0.6666666666666666,0.0,1.3090449290016486,0.11815068944623097,0.09025716904639731,0.36948278034459126,3,"[[1, 4], [1, 2], [2, 4], [1, 2]]","[true, true, true, true, true]",0,4.0,0,1,1,0.1650302919999973
ellipse--demand_conflict,ellipse,demand_conflict,noise_0p02,measurement_noise,0.02,0.02,0,1.0,1361,dual_anchor_dynamic,5.18483341259919,0.3077723625294908,0.3077723625294908,0.3474042427846884,0.05936012558891503,0.6666666666666666,0.0,1.3090449290016486,0.05093995333813902,0.038913831152448446,0.35119678486834505,3,"[[3, 4], [1, 4], [2, 4], [1, 2]]","[true, true, true, true, true]",0,4.0,0,1,1,0.2665272079999994
ellipse--demand_conflict,ellipse,demand_conflict,noise_0p02,measurement_noise,0.02,0.02,0,1.0,1381,full_trajectory,7.026143276783441,0.5184473406155311,0.5184473406155311,0.36098919887771375,0.07378832457468411,0.8333333333333334,0.0,1.7458312427723564,0.08804197642835582,0.05042983208877987,0.36161982120958747,0,"[[0, 1, 2, 3, 4, 5], [0, 1, 2, 3, 4, 5], [0, 1, 2, 3, 4, 5], [0, 1, 2, 3, 4, 5]]","[true, true, true, true, true]",0,0.0,0,1,1,0.2508956249999983
ellipse--demand_conflict,ellipse,demand_conflict,noise_0p02,measurement_noise,0.02,0.02,0,1.0,1381,error_peak_dynamic,7.026143276783441,0.6064554045062315,0.6064554045062315,0.37386909108332533,0.08631412435185437,0.8333333333333334,0.0,1.7458312427723564,0.11907503349619998,0.06820535145602644,0.37431091929104626,2,"[[3, 4], [3, 4], [1, 2], [2, 3]]","[true, true, true, true, true]",0,0.0,0,1,1,0.20000191699999448
ellipse--demand_conflict,ellipse,demand_conflict,noise_0p02,measurement_noise,0.02,0.02,0,1.0,1381,violation_safe,7.026143276783441,0.6761426227442895,0.6761426227442895,0.37049065445379104,0.09623239892907887,0.8333333333333334,0.0,1.7458312427723564,0.17970789855891164,0.10293543508451478,0.3700353132264006,3,"[[1, 4], [1, 2], [2, 4], [1, 2]]","[true, true, true, true, true]",0,4.0,0,1,1,0.1702842500000088
ellipse--demand_conflict,ellipse,demand_conflict,noise_0p02,measurement_noise,0.02,0.02,0,1.0,1381,dual_anchor_dynamic,7.026143276783441,0.5706211700715756,0.5706211700715756,0.37152214520413535,0.08121399572893499,0.8333333333333334,0.0,1.7458312427723564,0.09748869624002666,0.05584084752957905,0.37191041517875306,3,"[[3, 4], [1, 4], [2, 4], [1, 2]]","[true, true, true, true, true]",0,4.0,0,1,1,0.2820671660000045
rounded_square--neutral,rounded_square,neutral,noise_0p02,measurement_noise,0.02,0.02,0,1.0,1301,full_trajectory,3.9895919825686037,1.0800610083886277,1.0800610083886277,0.5045001646231129,0.27071966584744744,0.6666666666666666,0.3333333333333333,0.6001271262403765,0.17327334152024693,0.2887277277495428,0.5049764706548878,0,"[[0, 1, 2, 3, 4, 5], [0, 1, 2, 3, 4, 5], [0, 1, 2, 3, 4, 5], [0, 1, 2, 3, 4, 5]]","[true, true, true, true, true]",0,0.0,0,1,1,0.3128296670000026
rounded_square--neutral,rounded_square,neutral,noise_0p02,measurement_noise,0.02,0.02,0,1.0,1301,error_peak_dynamic,3.9895919825686037,0.8444800416428397,0.8444800416428397,0.4902907645629395,0.21167077869931486,0.6666666666666666,0.0,0.6001271262403765,0.20086783008469264,0.33470879968894546,0.488471790737599,3,"[[2, 4], [1, 2], [1, 4], [2, 4]]","[true, true, true, true, true]",0,0.0,0,1,1,0.2625969999999995
rounded_square--neutral,rounded_square,neutral,noise_0p02,measurement_noise,0.02,0.02,0,1.0,1301,violation_safe,3.9895919825686037,0.8444800416428397,0.8444800416428397,0.4902907645629395,0.21167077869931486,0.6666666666666666,0.0,0.6001271262403765,0.20086783008469264,0.33470879968894546,0.488471790737599,3,"[[2, 4], [1, 2], [1, 4], [2, 4]]","[true, true, true, true, true]",0,4.0,0,1,1,0.2868970829999995
rounded_square--neutral,rounded_square,neutral,noise_0p02,measurement_noise,0.02,0.02,0,1.0,1301,dual_anchor_dynamic,3.9895919825686037,0.8444800416428397,0.8444800416428397,0.4902907645629395,0.21167077869931486,0.6666666666666666,0.0,0.6001271262403765,0.20086783008469264,0.33470879968894546,0.488471790737599,3,"[[2, 4], [1, 2], [1, 4], [2, 4]]","[true, true, true, true, true]",0,4.0,0,1,1,0.2813527499999964
rounded_square--neutral,rounded_square,neutral,noise_0p02,measurement_noise,0.02,0.02,0,1.0,1321,full_trajectory,10.47266818474982,2.5327542074689116,2.5327542074689116,0.3713919903245632,0.24184421417620006,1.0,0.6666666666666666,2.624251728437337,0.4161107282356652,0.15856357213240616,0.3718691727625278,0,"[[0, 1, 2, 3, 4, 5], [0, 1, 2, 3, 4, 5], [0, 1, 2, 3, 4, 5], [0, 1, 2, 3, 4, 5]]","[true, true, true, true, true]",0,0.0,0,1,1,0.33419108399999686
rounded_square--neutral,rounded_square,neutral,noise_0p02,measurement_noise,0.02,0.02,0,1.0,1321,error_peak_dynamic,10.47266818474982,1.7320273733058573,1.7320273733058573,0.3521602310109676,0.1653854913333372,1.0,0.6666666666666666,2.624251728437337,0.51209955934678,0.19514117254739122,0.35273747513278286,3,"[[3, 4], [1, 2], [2, 4], [2, 3]]","[true, true, true, true, true]",0,0.0,0,1,1,0.2885522500000093
rounded_square--neutral,rounded_square,neutral,noise_0p02,measurement_noise,0.02,0.02,0,1.0,1321,violation_safe,10.47266818474982,1.7193120032638496,1.7193120032638496,0.3577843538135138,0.16417134324636506,1.0,0.6666666666666666,2.624251728437337,0.5410106758897794,0.2061580716617971,0.3580006120139903,3,"[[3, 4], [2, 3], [1, 2], [2, 4]]","[true, true, true, true, true]",0,4.0,0,1,1,0.2769176669999922
rounded_square--neutral,rounded_square,neutral,noise_0p02,measurement_noise,0.02,0.02,0,1.0,1321,dual_anchor_dynamic,10.47266818474982,1.7320273733058573,1.7320273733058573,0.3521602310109676,0.1653854913333372,1.0,0.6666666666666666,2.624251728437337,0.51209955934678,0.19514117254739122,0.35273747513278286,3,"[[3, 4], [1, 2], [2, 4], [2, 3]]","[true, true, true, true, true]",0,4.0,0,1,1,0.28507016700000065
rounded_square--neutral,rounded_square,neutral,noise_0p02,measurement_noise,0.02,0.02,0,1.0,1361,full_trajectory,9.573279729627737,2.011171767746979,2.011171767746979,0.3511417972405662,0.21008179271339275,1.0,0.6666666666666666,2.371359928319324,0.3276487031468711,0.13816911521275838,0.35244910341574,0,"[[0, 1, 2, 3, 4, 5], [0, 1, 2, 3, 4, 5], [0, 1, 2, 3, 4, 5], [0, 1, 2, 3, 4, 5]]","[true, true, true, true, true]",0,0.0,0,1,1,0.29454179200000397
rounded_square--neutral,rounded_square,neutral,noise_0p02,measurement_noise,0.02,0.02,0,1.0,1361,error_peak_dynamic,9.573279729627737,1.8386842524195735,1.8386842524195735,0.34437943859062553,0.19206419370878153,1.0,0.3333333333333333,2.371359928319324,0.4172875988683695,0.17596974372596302,0.34570281716311924,3,"[[3, 4], [1, 2], [2, 4], [1, 3]]","[true, true, true, true, true]",0,0.0,0,1,1,0.2536890410000012
rounded_square--neutral,rounded_square,neutral,noise_0p02,measurement_noise,0.02,0.02,0,1.0,1361,violation_safe,9.573279729627737,1.4069674104943504,1.4069674104943504,0.3473591110796659,0.14696817080775526,1.0,0.6666666666666666,2.371359928319324,0.44493969903108654,0.18763060542497773,0.34786365947448283,3,"[[3, 4], [2, 3], [1, 2], [2, 4]]","[true, true, true, true, true]",0,4.0,0,1,1,0.262501333000003
rounded_square--neutral,rounded_square,neutral,noise_0p02,measurement_noise,0.02,0.02,0,1.0,1361,dual_anchor_dynamic,9.573279729627737,1.4704554919163297,1.4704554919163297,0.3395714107921215,0.15359997132074915,1.0,0.6666666666666666,2.371359928319324,0.41073578372951625,0.17320685013878126,0.34121043693428416,3,"[[3, 4], [1, 2], [2, 4], [2, 3]]","[true, true, true, true, true]",0,4.0,0,1,1,0.2550929169999989
rounded_square--neutral,rounded_square,neutral,noise_0p02,measurement_noise,0.02,0.02,0,1.0,1381,full_trajectory,13.443002166344726,4.694241829664822,4.694241829664822,0.4709862418940918,0.3491959438507796,1.0,0.6666666666666666,3.138734341537047,0.8551671157061157,0.2724560356667006,0.4709729490239243,0,"[[0, 1, 2, 3, 4, 5], [0, 1, 2, 3, 4, 5], [0, 1, 2, 3, 4, 5], [0, 1, 2, 3, 4, 5]]","[true, true, true, true, true]",0,0.0,0,1,1,0.35849091599999383
rounded_square--neutral,rounded_square,neutral,noise_0p02,measurement_noise,0.02,0.02,0,1.0,1381,error_peak_dynamic,13.443002166344726,4.0826047105729355,4.0826047105729355,0.4567877164518398,0.3036973928929324,1.0,0.8333333333333334,3.138734341537047,1.0719949980964052,0.34153734641060646,0.45717961782805516,1,"[[1, 4], [2, 4], [2, 4], [2, 4]]","[true, true, true, true, true]",0,0.0,0,1,1,0.3357075419999944
rounded_square--neutral,rounded_square,neutral,noise_0p02,measurement_noise,0.02,0.02,0,1.0,1381,violation_safe,13.443002166344726,4.108162009227376,4.108162009227376,0.4587410234096905,0.30559855294172156,1.0,0.8333333333333334,3.138734341537047,1.0415918230916819,0.33185090222755564,0.459018226956618,1,"[[3, 4], [2, 4], [2, 4], [2, 4]]","[true, true, true, true, true]",0,4.0,0,1,1,0.36137995800000056
rounded_square--neutral,rounded_square,neutral,noise_0p02,measurement_noise,0.02,0.02,0,1.0,1381,dual_anchor_dynamic,13.443002166344726,4.0826047105729355,4.0826047105729355,0.4567877164518398,0.3036973928929324,1.0,0.8333333333333334,3.138734341537047,1.0719949980964052,0.34153734641060646,0.45717961782805516,1,"[[1, 4], [2, 4], [2, 4], [2, 4]]","[true, true, true, true, true]",0,4.0,0,1,1,0.35550866699999517
rounded_square--demand_aligned,rounded_square,demand_aligned,noise_0p02,measurement_noise,0.02,0.02,0,1.0,1301,full_trajectory,6.379402344826524,1.6955818751930556,1.6955818751930556,0.5059219605012208,0.26579008244684776,0.5,0.3333333333333333,0.6001271262403765,0.17316604739221161,0.28854894208339993,0.5062558130228099,0,"[[0, 1, 2, 3, 4, 5], [0, 1, 2, 3, 4, 5], [0, 1, 2, 3, 4, 5], [0, 1, 2, 3, 4, 5]]","[true, true, true, true, true]",0,0.0,0,1,1,0.25692070800000977
rounded_square--demand_aligned,rounded_square,demand_aligned,noise_0p02,measurement_noise,0.02,0.02,0,1.0,1301,error_peak_dynamic,6.379402344826524,1.2818068507717355,1.2818068507717355,0.5061233399082604,0.2009289869937796,0.5,0.5,0.6001271262403765,0.2642208285682375,0.4402747634880377,0.5051549917402269,3,"[[2, 4], [1, 4], [1, 2], [2, 4]]","[true, true, true, true, true]",0,0.0,0,1,1,0.273997915999999
rounded_square--demand_aligned,rounded_square,demand_aligned,noise_0p02,measurement_noise,0.02,0.02,0,1.0,1301,violation_safe,6.379402344826524,1.8274864479333242,1.9289872161380728,0.48010782564311894,0.2864667172803974,0.5,0.6666666666666666,0.6001271262403765,0.30746331162107854,0.5123303016599959,0.4771334501169911,3,"[[2, 4], [1, 2], [2, 4], [1, 4]]","[true, true, true, true, false]",1,2.0,0,1,1,0.188515792000004
rounded_square--demand_aligned,rounded_square,demand_aligned,noise_0p02,measurement_noise,0.02,0.02,0,1.0,1301,dual_anchor_dynamic,6.379402344826524,1.1831359119045453,1.1831359119045453,0.43157767773342576,0.18546187369166767,0.5,0.5,0.6001271262403765,0.2019775751925633,0.3365579830691784,0.4313879537466219,3,"[[2, 4], [1, 2], [1, 4], [2, 4]]","[true, true, true, true, true]",0,4.0,0,1,1,0.22900516699999685
rounded_square--demand_aligned,rounded_square,demand_aligned,noise_0p02,measurement_noise,0.02,0.02,0,1.0,1321,full_trajectory,13.173598212625325,4.174469011040244,4.174469011040244,0.4278459785087184,0.3168814581759076,0.8333333333333334,0.5,2.624251728437337,0.41572601912402035,0.15841697449183836,0.4285995160515341,0,"[[0, 1, 2, 3, 4, 5], [0, 1, 2, 3, 4, 5], [0, 1, 2, 3, 4, 5], [0, 1, 2, 3, 4, 5]]","[true, true, true, true, true]",0,0.0,0,1,1,0.30011908299999845
rounded_square--demand_aligned,rounded_square,demand_aligned,noise_0p02,measurement_noise,0.02,0.02,0,1.0,1321,error_peak_dynamic,13.173598212625325,3.525636425083662,3.525636425083662,0.45537283125988687,0.2676289627312877,0.8333333333333334,0.6666666666666666,2.624251728437337,0.7627578276681644,0.2906572640889004,0.4563533699573015,3,"[[3, 4], [1, 2], [2, 4], [1, 2]]","[true, true, true, true, true]",0,0.0,0,1,1,0.20229687500000182
rounded_square--demand_aligned,rounded_square,demand_aligned,noise_0p02,measurement_noise,0.02,0.02,0,1.0,1321,violation_safe,13.173598212625325,2.715195799078887,2.715195799078887,0.41446985497556155,0.20610889714828975,0.8333333333333334,0.6666666666666666,2.624251728437337,0.770700602789648,0.293683945956121,0.414914135866988,2,"[[2, 4], [1, 2], [2, 4], [2, 4]]","[true, true, true, true, true]",0,4.0,0,1,1,0.2089738749999981
rounded_square--demand_aligned,rounded_square,demand_aligned,noise_0p02,measurement_noise,0.02,0.02,0,1.0,1321,dual_anchor_dynamic,13.173598212625325,2.4778652638374448,2.4778652638374448,0.3756703121682401,0.1880932774663422,0.8333333333333334,0.6666666666666666,2.624251728437337,0.5432889856687578,0.20702624667499794,0.3765834904620035,3,"[[2, 4], [2, 3], [1, 2], [2, 4]]","[true, true, true, true, true]",0,4.0,0,1,1,0.2574809999999985
rounded_square--demand_aligned,rounded_square,demand_aligned,noise_0p02,measurement_noise,0.02,0.02,0,1.0,1361,full_trajectory,11.965582444199097,3.3283963743637925,3.3283963743637925,0.4015890573203643,0.27816417544951155,0.8333333333333334,0.5,2.371359928319324,0.32789028734812425,0.13827099101759427,0.39849016516323166,0,"[[0, 1, 2, 3, 4, 5], [0, 1, 2, 3, 4, 5], [0, 1, 2, 3, 4, 5], [0, 1, 2, 3, 4, 5]]","[true, true, true, true, true]",0,0.0,0,1,1,0.27461991699999544
rounded_square--demand_aligned,rounded_square,demand_aligned,noise_0p02,measurement_noise,0.02,0.02,0,1.0,1361,error_peak_dynamic,11.965582444199097,3.1165372972294314,3.1165372972294314,0.4408980068228312,0.26045847009648293,0.8333333333333334,0.5,2.371359928319324,0.5572439659346323,0.23498919724496356,0.43710576445485183,3,"[[3, 4], [1, 2], [2, 4], [1, 3]]","[true, true, true, true, true]",0,0.0,0,1,1,0.1824772920000015
rounded_square--demand_aligned,rounded_square,demand_aligned,noise_0p02,measurement_noise,0.02,0.02,0,1.0,1361,violation_safe,11.965582444199097,2.454728214160993,2.7372527927968835,0.4082850574673107,0.20514907866863122,0.8333333333333334,0.6666666666666666,2.371359928319324,0.7851601184652517,0.33110120023902295,0.40780299697175215,3,"[[2, 4], [1, 2], [2, 4], [1, 2]]","[true, true, true, true, false]",1,2.0,0,1,1,0.18388766699999337
rounded_square--demand_aligned,rounded_square,demand_aligned,noise_0p02,measurement_noise,0.02,0.02,0,1.0,1361,dual_anchor_dynamic,11.965582444199097,2.0049122918125226,2.0049122918125226,0.36401630322232864,0.1675565983655482,0.8333333333333334,0.6666666666666666,2.371359928319324,0.442241135320357,0.18649262393237398,0.360212313382253,3,"[[2, 4], [2, 3], [1, 2], [2, 4]]","[true, true, true, true, true]",0,4.0,0,1,1,0.2506393329999952
rounded_square--demand_aligned,rounded_square,demand_aligned,noise_0p02,measurement_noise,0.02,0.02,0,1.0,1381,full_trajectory,17.53652642531829,7.7015785908448695,7.7015785908448695,0.5385845239839403,0.4391735514808535,0.8333333333333334,0.6666666666666666,3.138734341537047,0.8558637220234262,0.27267797427045304,0.5380467179822737,0,"[[0, 1, 2, 3, 4, 5], [0, 1, 2, 3, 4, 5], [0, 1, 2, 3, 4, 5], [0, 1, 2, 3, 4, 5]]","[true, true, true, true, true]",0,0.0,0,1,1,0.3587723750000009
rounded_square--demand_aligned,rounded_square,demand_aligned,noise_0p02,measurement_noise,0.02,0.02,0,1.0,1381,error_peak_dynamic,17.53652642531829,6.36175370481803,6.36175370481803,0.5635746815233289,0.3627715974375218,0.8333333333333334,0.8333333333333334,3.138734341537047,1.3694248814259722,0.4362984351059673,0.5627743547029123,3,"[[1, 4], [2, 4], [1, 2], [2, 4]]","[true, true, true, true, true]",0,0.0,0,1,1,0.259274333999997
rounded_square--demand_aligned,rounded_square,demand_aligned,noise_0p02,measurement_noise,0.02,0.02,0,1.0,1381,violation_safe,17.53652642531829,6.179046574729018,6.179046574729018,0.5117852973735953,0.3523529360870488,0.8333333333333334,0.8333333333333334,3.138734341537047,1.3937880187022824,0.4440605247335907,0.5110904759496161,2,"[[2, 4], [1, 4], [2, 4], [2, 4]]","[true, true, true, true, true]",0,4.0,0,1,1,0.27144345799999314
rounded_square--demand_aligned,rounded_square,demand_aligned,noise_0p02,measurement_noise,0.02,0.02,0,1.0,1381,dual_anchor_dynamic,17.53652642531829,5.825265048061769,5.825265048061769,0.5089330172749047,0.3321789564694845,0.8333333333333334,0.8333333333333334,3.138734341537047,1.0732016572064798,0.34192178771043424,0.508148888626595,1,"[[1, 4], [2, 4], [2, 4], [2, 4]]","[true, true, true, true, true]",0,4.0,0,1,1,0.3327034999999938
rounded_square--demand_conflict,rounded_square,demand_conflict,noise_0p02,measurement_noise,0.02,0.02,0,1.0,1301,full_trajectory,2.8415159435614203,0.7261728234436358,0.7261728234436358,0.475053825083964,0.2555582435104993,0.6666666666666666,0.0,0.6001271262403765,0.17223989402804704,0.28700568012494343,0.4777392519701794,0,"[[0, 1, 2, 3, 4, 5], [0, 1, 2, 3, 4, 5], [0, 1, 2, 3, 4, 5], [0, 1, 2, 3, 4, 5]]","[true, true, true, true, true]",0,0.0,0,1,1,0.24557562500000074
rounded_square--demand_conflict,rounded_square,demand_conflict,noise_0p02,measurement_noise,0.02,0.02,0,1.0,1301,error_peak_dynamic,2.8415159435614203,0.794498235854861,0.794498235854861,0.5464210436675645,0.27960365228817785,0.6666666666666666,0.0,0.6001271262403765,0.23027206819730955,0.38370548193663184,0.5487279917376,3,"[[2, 4], [1, 2], [3, 4], [1, 2]]","[true, true, true, true, true]",0,0.0,0,1,1,0.20557133299999464
rounded_square--demand_conflict,rounded_square,demand_conflict,noise_0p02,measurement_noise,0.02,0.02,0,1.0,1301,violation_safe,2.8415159435614203,0.8616887084525717,0.8616887084525717,0.5594578707867166,0.3032496475710681,0.6666666666666666,0.16666666666666666,0.6001271262403765,0.22663938518356694,0.37765229277902734,0.5635711358264396,3,"[[1, 4], [1, 2], [3, 4], [2, 4]]","[true, true, true, true, true]",0,4.0,0,1,1,0.24646408399999586
rounded_square--demand_conflict,rounded_square,demand_conflict,noise_0p02,measurement_noise,0.02,0.02,0,1.0,1301,dual_anchor_dynamic,2.8415159435614203,0.6830948680108938,0.6830948680108938,0.5105083639820732,0.2403980416012501,0.6666666666666666,0.0,0.6001271262403765,0.20206775710959968,0.3367082544251848,0.5134325329020194,3,"[[1, 2], [2, 4], [3, 4], [1, 2]]","[true, true, true, true, true]",0,4.0,0,1,1,0.23367862499999603
rounded_square--demand_conflict,rounded_square,demand_conflict,noise_0p02,measurement_noise,0.02,0.02,0,1.0,1321,full_trajectory,10.446440417077882,1.447390818524021,1.447390818524021,0.31164263169847956,0.13855349389231386,1.0,0.6666666666666666,2.624251728437337,0.41623608738595147,0.1586113416161519,0.31242925411050526,0,"[[0, 1, 2, 3, 4, 5], [0, 1, 2, 3, 4, 5], [0, 1, 2, 3, 4, 5], [0, 1, 2, 3, 4, 5]]","[true, true, true, true, true]",0,0.0,0,1,1,0.2942492499999929
rounded_square--demand_conflict,rounded_square,demand_conflict,noise_0p02,measurement_noise,0.02,0.02,0,1.0,1321,error_peak_dynamic,10.446440417077882,1.3713382023871725,1.3713382023871725,0.31634880882115995,0.13127325171407703,1.0,0.5,2.624251728437337,0.6117018076542912,0.23309570534932686,0.3175345337669907,3,"[[3, 4], [1, 2], [2, 4], [1, 2]]","[true, true, true, true, true]",0,0.0,0,1,1,0.22760379200001069
rounded_square--demand_conflict,rounded_square,demand_conflict,noise_0p02,measurement_noise,0.02,0.02,0,1.0,1321,violation_safe,10.446440417077882,1.3229936341915192,1.3229936341915192,0.32134997069444693,0.12664540086101328,1.0,0.8333333333333334,2.624251728437337,0.595540026367809,0.2269370807359381,0.32230545549363954,3,"[[1, 3], [2, 3], [1, 4], [2, 3]]","[true, true, true, true, true]",0,4.0,0,1,1,0.19922662499999433
rounded_square--demand_conflict,rounded_square,demand_conflict,noise_0p02,measurement_noise,0.02,0.02,0,1.0,1321,dual_anchor_dynamic,10.446440417077882,1.4164397429152706,1.5979466507215754,0.3251894304775542,0.1355906592450065,1.0,0.6666666666666666,2.624251728437337,0.6495292248031057,0.24751025893003065,0.32627579242418736,3,"[[3, 4], [2, 3], [1, 2], [2, 4]]","[true, true, true, true, false]",1,2.0,0,1,1,0.2560886670000002
rounded_square--demand_conflict,rounded_square,demand_conflict,noise_0p02,measurement_noise,0.02,0.02,0,1.0,1361,full_trajectory,9.569078631246077,1.1675591238161394,1.1675591238161394,0.3030947036043141,0.12201374539902812,1.0,0.3333333333333333,2.371359928319324,0.32823288674592294,0.1384154648250949,0.30228873057392114,0,"[[0, 1, 2, 3, 4, 5], [0, 1, 2, 3, 4, 5], [0, 1, 2, 3, 4, 5], [0, 1, 2, 3, 4, 5]]","[true, true, true, true, true]",0,0.0,0,1,1,0.27388345800000025
rounded_square--demand_conflict,rounded_square,demand_conflict,noise_0p02,measurement_noise,0.02,0.02,0,1.0,1361,error_peak_dynamic,9.569078631246077,1.1610693222301567,1.1610693222301567,0.3099263788680592,0.12133553991696724,1.0,0.3333333333333333,2.371359928319324,0.510367227803835,0.21522132583456124,0.3091553774715188,3,"[[3, 4], [1, 2], [2, 4], [1, 2]]","[true, true, true, true, true]",0,0.0,0,1,1,0.22326795899999752
rounded_square--demand_conflict,rounded_square,demand_conflict,noise_0p02,measurement_noise,0.02,0.02,0,1.0,1361,violation_safe,9.569078631246077,1.2467702940378917,1.2467702940378917,0.31993486725271064,0.13029157164272756,1.0,0.5,2.371359928319324,0.5458860218825652,0.23019956412498546,0.31964366812695116,3,"[[1, 3], [3, 4], [2, 3], [1, 2]]","[true, true, true, true, true]",0,4.0,0,1,1,0.20337454200000593
rounded_square--demand_conflict,rounded_square,demand_conflict,noise_0p02,measurement_noise,0.02,0.02,0,1.0,1361,dual_anchor_dynamic,9.569078631246077,1.1758225391695285,1.384459729408944,0.31821484894705104,0.12287729931804457,1.0,0.3333333333333333,2.371359928319324,0.5459677248075505,0.2302340181629447,0.31788296406894434,3,"[[3, 4], [2, 3], [1, 2], [2, 4]]","[true, true, true, true, false]",1,2.0,0,1,1,0.24447399999999675
rounded_square--demand_conflict,rounded_square,demand_conflict,noise_0p02,measurement_noise,0.02,0.02,0,1.0,1381,full_trajectory,11.97332772715787,2.6754133515448295,2.6754133515448295,0.3734075916728343,0.2234477676140497,1.0,0.8333333333333334,3.138734341537047,0.8562996329984671,0.27281685540138284,0.3744412190568005,0,"[[0, 1, 2, 3, 4, 5], [0, 1, 2, 3, 4, 5], [0, 1, 2, 3, 4, 5], [0, 1, 2, 3, 4, 5]]","[true, true, true, true, true]",0,0.0,0,1,1,0.3601725409999972
rounded_square--demand_conflict,rounded_square,demand_conflict,noise_0p02,measurement_noise,0.02,0.02,0,1.0,1381,error_peak_dynamic,11.97332772715787,2.9243740651976573,2.9243740651976573,0.3964619121549196,0.24424071000450442,1.0,0.8333333333333334,3.138734341537047,1.1467188935607437,0.3653443613833187,0.3980619427190113,1,"[[1, 4], [2, 4], [2, 4], [2, 4]]","[true, true, true, true, true]",0,0.0,0,1,1,0.32615612499999713
rounded_square--demand_conflict,rounded_square,demand_conflict,noise_0p02,measurement_noise,0.02,0.02,0,1.0,1381,violation_safe,11.97332772715787,2.748812844924557,2.748812844924557,0.39271710690890016,0.22957801770427674,1.0,0.8333333333333334,3.138734341537047,1.1405423823868308,0.36337652642125295,0.39467542161998215,3,"[[1, 3], [3, 4], [1, 2], [2, 4]]","[true, true, true, true, true]",0,4.0,0,1,1,0.2776020409999944
rounded_square--demand_conflict,rounded_square,demand_conflict,noise_0p02,measurement_noise,0.02,0.02,0,1.0,1381,dual_anchor_dynamic,11.97332772715787,2.897549374976326,2.897549374976326,0.39365994214051075,0.24200033950495756,1.0,0.8333333333333334,3.138734341537047,1.0434292748849878,0.33243631392327955,0.3951242054049303,1,"[[3, 4], [3, 4], [2, 4], [2, 4]]","[true, true, true, true, true]",0,4.0,0,1,1,0.3203702499999963
figure_eight--neutral,figure_eight,neutral,noise_0p02,measurement_noise,0.02,0.02,0,1.0,1301,full_trajectory,4.101393646302756,0.19041173906520015,0.19041173906520015,0.3109976148781216,0.04642610670566791,0.6666666666666666,0.0,0.7767610300253509,0.036946219466337415,0.04756446067477357,0.3150343021656129,0,"[[0, 1, 2, 3, 4, 5], [0, 1, 2, 3, 4, 5], [0, 1, 2, 3, 4, 5], [0, 1, 2, 3, 4, 5]]","[true, true, true, true, true]",0,0.0,0,1,1,0.20661791700000265
figure_eight--neutral,figure_eight,neutral,noise_0p02,measurement_noise,0.02,0.02,0,1.0,1301,error_peak_dynamic,4.101393646302756,0.1556438680864756,0.1556438680864756,0.2830890184960305,0.0379490196525716,0.6666666666666666,0.0,0.7767610300253509,0.04919031556845623,0.06332747610529692,0.2866678689238583,1,"[[2, 4], [2, 4], [2, 4], [2, 3]]","[true, true, true, true, true]",0,0.0,0,1,1,0.19665354099998922
figure_eight--neutral,figure_eight,neutral,noise_0p02,measurement_noise,0.02,0.02,0,1.0,1301,violation_safe,4.101393646302756,0.1556438680864756,0.1556438680864756,0.2830890184960305,0.0379490196525716,0.6666666666666666,0.0,0.7767610300253509,0.04919031556845623,0.06332747610529692,0.2866678689238583,1,"[[2, 4], [2, 4], [2, 4], [2, 3]]","[true, true, true, true, true]",0,4.0,0,1,1,0.197856208999994
figure_eight--neutral,figure_eight,neutral,noise_0p02,measurement_noise,0.02,0.02,0,1.0,1301,dual_anchor_dynamic,4.101393646302756,0.1556438680864756,0.1556438680864756,0.2830890184960305,0.0379490196525716,0.6666666666666666,0.0,0.7767610300253509,0.04919031556845623,0.06332747610529692,0.2866678689238583,1,"[[2, 4], [2, 4], [2, 4], [2, 3]]","[true, true, true, true, true]",0,4.0,0,1,1,0.19824858299999448
figure_eight--neutral,figure_eight,neutral,noise_0p02,measurement_noise,0.02,0.02,0,1.0,1321,full_trajectory,11.43932662221414,1.3780413627091794,1.3780413627091794,0.3955068869780102,0.12046525186483859,1.0,0.3333333333333333,2.210906679930603,0.2024757455624953,0.0915804124165253,0.39631904897034737,0,"[[0, 1, 2, 3, 4, 5], [0, 1, 2, 3, 4, 5], [0, 1, 2, 3, 4, 5], [0, 1, 2, 3, 4, 5]]","[true, true, true, true, true]",0,0.0,0,1,1,0.2833693749999924
figure_eight--neutral,figure_eight,neutral,noise_0p02,measurement_noise,0.02,0.02,0,1.0,1321,error_peak_dynamic,11.43932662221414,1.0397365137724897,1.0397365137724897,0.3766218156264126,0.09089140891854729,1.0,0.3333333333333333,2.210906679930603,0.17677035521204662,0.07995378403650903,0.37756454830446484,2,"[[3, 4], [2, 3], [2, 3], [3, 4]]","[true, true, true, true, true]",0,0.0,0,1,1,0.28563266699998735
figure_eight--neutral,figure_eight,neutral,noise_0p02,measurement_noise,0.02,0.02,0,1.0,1321,violation_safe,11.43932662221414,1.0043469427071516,1.0043469427071516,0.363210306624582,0.08779773284528834,1.0,0.16666666666666666,2.210906679930603,0.1693675777775883,0.0766054846706169,0.3641389377101778,3,"[[2, 3], [3, 4], [2, 3], [3, 4]]","[true, true, true, true, true]",0,4.0,0,1,1,0.30049112499999353
figure_eight--neutral,figure_eight,neutral,noise_0p02,measurement_noise,0.02,0.02,0,1.0,1321,dual_anchor_dynamic,11.43932662221414,1.0397365137724897,1.0397365137724897,0.3766218156264126,0.09089140891854729,1.0,0.3333333333333333,2.210906679930603,0.17677035521204662,0.07995378403650903,0.37756454830446484,2,"[[3, 4], [2, 3], [2, 3], [3, 4]]","[true, true, true, true, true]",0,4.0,0,1,1,0.29618716699999936
figure_eight--neutral,figure_eight,neutral,noise_0p02,measurement_noise,0.02,0.02,0,1.0,1361,full_trajectory,10.251538010216795,1.0057012105185008,1.0057012105185008,0.37276516264918064,0.09810247101617416,1.0,0.16666666666666666,1.9882980769614338,0.1429914921706361,0.07191652691690936,0.3733083023203829,0,"[[0, 1, 2, 3, 4, 5], [0, 1, 2, 3, 4, 5], [0, 1, 2, 3, 4, 5], [0, 1, 2, 3, 4, 5]]","[true, true, true, true, true]",0,0.0,0,1,1,0.24510562499999367
figure_eight--neutral,figure_eight,neutral,noise_0p02,measurement_noise,0.02,0.02,0,1.0,1361,error_peak_dynamic,10.251538010216795,0.8833793180619873,0.8833793180619873,0.3546318675041043,0.08617041825154449,1.0,0.16666666666666666,1.9882980769614338,0.13684771002392263,0.06882655654581564,0.3556150210120934,2,"[[3, 4], [2, 3], [2, 3], [3, 4]]","[true, true, true, true, true]",0,0.0,0,1,1,0.2513074999999958
figure_eight--neutral,figure_eight,neutral,noise_0p02,measurement_noise,0.02,0.02,0,1.0,1361,violation_safe,10.251538010216795,0.7384978959343659,0.7384978959343659,0.34295954533125333,0.07203776596237275,1.0,0.0,1.9882980769614338,0.12660133169881385,0.06367321538241848,0.34368400218979495,3,"[[2, 3], [3, 4], [2, 3], [3, 4]]","[true, true, true, true, true]",0,4.0,0,1,1,0.25364937500000906
figure_eight--neutral,figure_eight,neutral,noise_0p02,measurement_noise,0.02,0.02,0,1.0,1361,dual_anchor_dynamic,10.251538010216795,0.8833793180619873,0.8833793180619873,0.3546318675041043,0.08617041825154449,1.0,0.16666666666666666,1.9882980769614338,0.13684771002392263,0.06882655654581564,0.3556150210120934,2,"[[3, 4], [2, 3], [2, 3], [3, 4]]","[true, true, true, true, true]",0,4.0,0,1,1,0.2487434589999964
figure_eight--neutral,figure_eight,neutral,noise_0p02,measurement_noise,0.02,0.02,0,1.0,1381,full_trajectory,13.469925786849245,4.856740331542746,4.856740331542746,0.5636830347259757,0.360561773568523,1.0,0.6666666666666666,2.83807117074601,0.7620036571659524,0.2684934983380468,0.5639992191885325,0,"[[0, 1, 2, 3, 4, 5], [0, 1, 2, 3, 4, 5], [0, 1, 2, 3, 4, 5], [0, 1, 2, 3, 4, 5]]","[true, true, true, true, true]",0,0.0,0,1,1,0.35373275000000604
figure_eight--neutral,figure_eight,neutral,noise_0p02,measurement_noise,0.02,0.02,0,1.0,1381,error_peak_dynamic,13.469925786849245,4.515451242289845,4.515451242289845,0.4911899165678805,0.3352246563005048,1.0,0.8333333333333334,2.83807117074601,0.9441421884894609,0.33267037071564537,0.49129396094332817,1,"[[3, 4], [3, 4], [3, 4], [2, 4]]","[true, true, true, true, true]",0,0.0,0,1,1,0.3528563750000018
figure_eight--neutral,figure_eight,neutral,noise_0p02,measurement_noise,0.02,0.02,0,1.0,1381,violation_safe,13.469925786849245,4.133103985138326,4.636972602557371,0.5124032400342887,0.30683940286987293,1.0,0.8333333333333334,2.83807117074601,0.906604203638433,0.319443787380471,0.5125455712174792,2,"[[2, 3], [3, 4], [3, 4], [2, 4]]","[true, true, true, true, false]",1,2.0,0,1,1,0.3560018340000113
figure_eight--neutral,figure_eight,neutral,noise_0p02,measurement_noise,0.02,0.02,0,1.0,1381,dual_anchor_dynamic,13.469925786849245,4.255692057181886,4.732247280843694,0.5398887977811248,0.31594027498924593,1.0,0.8333333333333334,2.83807117074601,0.9715024422208045,0.3423108103259571,0.5400422311339467,2,"[[2, 4], [3, 4], [3, 4], [2, 4]]","[true, true, true, true, false]",1,2.0,0,1,1,0.3468466669999941
figure_eight--demand_aligned,figure_eight,demand_aligned,noise_0p02,measurement_noise,0.02,0.02,0,1.0,1301,full_trajectory,6.662303127483762,0.26681624640427337,0.26681624640427337,0.30473796515882284,0.040048650038690944,0.6666666666666666,0.0,0.7767610300253509,0.0361263938824239,0.046509019487299526,0.3079395738976623,0,"[[0, 1, 2, 3, 4, 5], [0, 1, 2, 3, 4, 5], [0, 1, 2, 3, 4, 5], [0, 1, 2, 3, 4, 5]]","[true, true, true, true, true]",0,0.0,0,1,1,0.20703350000000853
figure_eight--demand_aligned,figure_eight,demand_aligned,noise_0p02,measurement_noise,0.02,0.02,0,1.0,1301,error_peak_dynamic,6.662303127483762,0.3105904796052713,0.3105904796052713,0.28840303738568235,0.04661908557177524,0.6666666666666666,0.0,0.7767610300253509,0.1522302755287548,0.19598083534621516,0.2939230528092198,2,"[[2, 4], [2, 4], [1, 4], [2, 5]]","[true, true, true, true, true]",0,0.0,0,1,1,0.13735099999999534
figure_eight--demand_aligned,figure_eight,demand_aligned,noise_0p02,measurement_noise,0.02,0.02,0,1.0,1301,violation_safe,6.662303127483762,0.34242987592251994,0.34242987592251994,0.27932594279225137,0.051398123046954465,0.6666666666666666,0.0,0.7767610300253509,0.18478337569575085,0.23788960639505838,0.28289862066392635,1,"[[2, 4], [2, 4], [2, 4], [3, 4]]","[true, true, true, true, true]",0,4.0,0,1,1,0.15749579199999175
figure_eight--demand_aligned,figure_eight,demand_aligned,noise_0p02,measurement_noise,0.02,0.02,0,1.0,1301,dual_anchor_dynamic,6.662303127483762,0.21885069961394,0.21885069961394,0.27271908381386234,0.03284910569606522,0.6666666666666666,0.0,0.7767610300253509,0.049664478843848996,0.06393791259356577,0.2774453071529062,1,"[[2, 4], [2, 4], [2, 4], [3, 4]]","[true, true, true, true, true]",0,4.0,0,1,1,0.1958890829999973
figure_eight--demand_aligned,figure_eight,demand_aligned,noise_0p02,measurement_noise,0.02,0.02,0,1.0,1321,full_trajectory,14.076542186703195,2.0546216298019795,2.0546216298019795,0.3787410346876241,0.14596067717132907,1.0,0.3333333333333333,2.210906679930603,0.20427907048441563,0.09239606191376093,0.3806751214316686,0,"[[0, 1, 2, 3, 4, 5], [0, 1, 2, 3, 4, 5], [0, 1, 2, 3, 4, 5], [0, 1, 2, 3, 4, 5]]","[true, true, true, true, true]",0,0.0,0,1,1,0.283838082999992
figure_eight--demand_aligned,figure_eight,demand_aligned,noise_0p02,measurement_noise,0.02,0.02,0,1.0,1321,error_peak_dynamic,14.076542186703195,1.9289972619912468,1.9289972619912468,0.4244301302723651,0.1370363002792967,1.0,0.5,2.210906679930603,0.35581122871243087,0.1609345305897756,0.42550580622591455,2,"[[3, 4], [2, 3], [2, 3], [3, 4]]","[true, true, true, true, true]",0,0.0,0,1,1,0.2197860410000061
figure_eight--demand_aligned,figure_eight,demand_aligned,noise_0p02,measurement_noise,0.02,0.02,0,1.0,1321,violation_safe,14.076542186703195,1.9289972619912468,1.9289972619912468,0.4244301302723651,0.1370363002792967,1.0,0.5,2.210906679930603,0.35581122871243087,0.1609345305897756,0.42550580622591455,2,"[[3, 4], [2, 3], [2, 3], [3, 4]]","[true, true, true, true, true]",0,4.0,0,1,1,0.2147124170000012
figure_eight--demand_aligned,figure_eight,demand_aligned,noise_0p02,measurement_noise,0.02,0.02,0,1.0,1321,dual_anchor_dynamic,14.076542186703195,1.6817265608284162,1.6817265608284162,0.364998451939208,0.11947014675358182,1.0,0.3333333333333333,2.210906679930603,0.17782548307166385,0.08043102166448994,0.3658490946924122,2,"[[3, 4], [2, 3], [2, 3], [3, 4]]","[true, true, true, true, true]",0,4.0,0,1,1,0.29062216599999147
figure_eight--demand_aligned,figure_eight,demand_aligned,noise_0p02,measurement_noise,0.02,0.02,0,1.0,1361,full_trajectory,12.608201646763895,1.3204966154340232,1.3204966154340232,0.3546736634374436,0.10473314533107508,1.0,0.3333333333333333,1.9882980769614338,0.1418080340842902,0.07132131531354934,0.3547333975359799,0,"[[0, 1, 2, 3, 4, 5], [0, 1, 2, 3, 4, 5], [0, 1, 2, 3, 4, 5], [0, 1, 2, 3, 4, 5]]","[true, true, true, true, true]",0,0.0,0,1,1,0.24061675000000093
figure_eight--demand_aligned,figure_eight,demand_aligned,noise_0p02,measurement_noise,0.02,0.02,0,1.0,1361,error_peak_dynamic,12.608201646763895,1.8132556520442678,1.8132556520442678,0.42697045311287574,0.14381556568058776,1.0,0.3333333333333333,1.9882980769614338,0.3385162940294536,0.17025429836294093,0.4257848284766513,2,"[[3, 4], [2, 3], [2, 3], [3, 4]]","[true, true, true, true, true]",0,0.0,0,1,1,0.17959670799999117
figure_eight--demand_aligned,figure_eight,demand_aligned,noise_0p02,measurement_noise,0.02,0.02,0,1.0,1361,violation_safe,12.608201646763895,1.8132556520442678,1.8132556520442678,0.42697045311287574,0.14381556568058776,1.0,0.3333333333333333,1.9882980769614338,0.3385162940294536,0.17025429836294093,0.4257848284766513,2,"[[3, 4], [2, 3], [2, 3], [3, 4]]","[true, true, true, true, true]",0,4.0,0,1,1,0.18334933299999534
figure_eight--demand_aligned,figure_eight,demand_aligned,noise_0p02,measurement_noise,0.02,0.02,0,1.0,1361,dual_anchor_dynamic,12.608201646763895,1.5218048154086787,1.5218048154086787,0.3600795064087294,0.12069959364897018,1.0,0.16666666666666666,1.9882980769614338,0.1380005274329076,0.06940635764422376,0.35904154728373494,2,"[[3, 4], [2, 3], [2, 3], [3, 4]]","[true, true, true, true, true]",0,4.0,0,1,1,0.25044987500000104
figure_eight--demand_aligned,figure_eight,demand_aligned,noise_0p02,measurement_noise,0.02,0.02,0,1.0,1381,full_trajectory,20.070144320554043,5.982070119332137,5.982070119332137,0.49339840789388867,0.29805815163998783,1.0,0.5,2.83807117074601,0.7617668426708228,0.2684100562814943,0.4927466555494915,0,"[[0, 1, 2, 3, 4, 5], [0, 1, 2, 3, 4, 5], [0, 1, 2, 3, 4, 5], [0, 1, 2, 3, 4, 5]]","[true, true, true, true, true]",0,0.0,0,1,1,0.3542427499999974
figure_eight--demand_aligned,figure_eight,demand_aligned,noise_0p02,measurement_noise,0.02,0.02,0,1.0,1381,error_peak_dynamic,20.070144320554043,7.357010156171932,7.357010156171932,0.5565112754364624,0.3665648855667441,1.0,0.8333333333333334,2.83807117074601,1.3096538820627959,0.46145914012386896,0.5558684783435961,3,"[[3, 4], [2, 4], [3, 4], [2, 4]]","[true, true, true, true, true]",0,0.0,0,1,1,0.26214012500000194
figure_eight--demand_aligned,figure_eight,demand_aligned,noise_0p02,measurement_noise,0.02,0.02,0,1.0,1381,violation_safe,20.070144320554043,6.8620896052877915,6.8620896052877915,0.5510224007448692,0.34190534436069075,1.0,0.8333333333333334,2.83807117074601,1.3178013140461897,0.4643299039254872,0.5506994604058513,3,"[[2, 4], [3, 4], [2, 4], [3, 4]]","[true, true, true, true, true]",0,4.0,0,1,1,0.2712514579999947
figure_eight--demand_aligned,figure_eight,demand_aligned,noise_0p02,measurement_noise,0.02,0.02,0,1.0,1381,dual_anchor_dynamic,20.070144320554043,5.969039521401546,6.399870619085393,0.47327186960796197,0.2974088988133778,1.0,0.5,2.83807117074601,0.9666411913319142,0.340597938943802,0.47261791324112273,1,"[[3, 4], [3, 4], [3, 4], [2, 4]]","[true, true, true, true, false]",1,2.0,0,1,1,0.3561555839999926
figure_eight--demand_conflict,figure_eight,demand_conflict,noise_0p02,measurement_noise,0.02,0.02,0,1.0,1301,full_trajectory,2.6825533801506385,0.14878974788394944,0.14878974788394944,0.31312711074601457,0.05546571747086508,0.6666666666666666,0.0,0.7767610300253509,0.03666674010312928,0.04720465971617113,0.3189988865463449,0,"[[0, 1, 2, 3, 4, 5], [0, 1, 2, 3, 4, 5], [0, 1, 2, 3, 4, 5], [0, 1, 2, 3, 4, 5]]","[true, true, true, true, true]",0,0.0,0,1,1,0.2073028340000036
figure_eight--demand_conflict,figure_eight,demand_conflict,noise_0p02,measurement_noise,0.02,0.02,0,1.0,1301,error_peak_dynamic,2.6825533801506385,0.1520450019103175,0.1520450019103175,0.293349740943131,0.05667920833760983,0.6666666666666666,0.0,0.7767610300253509,0.058484621700118276,0.07529294009279731,0.3014663549480762,2,"[[2, 4], [2, 4], [3, 4], [2, 4]]","[true, true, true, true, true]",0,0.0,0,1,1,0.1758776660000052
figure_eight--demand_conflict,figure_eight,demand_conflict,noise_0p02,measurement_noise,0.02,0.02,0,1.0,1301,violation_safe,2.6825533801506385,0.16079803563526876,0.16079803563526876,0.29061534003248696,0.05994215691105433,0.6666666666666666,0.0,0.7767610300253509,0.067604927129512,0.08703439605782694,0.2983715960585362,2,"[[2, 4], [2, 4], [2, 3], [1, 3]]","[true, true, true, true, true]",0,4.0,0,1,1,0.18407979100000205
figure_eight--demand_conflict,figure_eight,demand_conflict,noise_0p02,measurement_noise,0.02,0.02,0,1.0,1301,dual_anchor_dynamic,2.6825533801506385,0.11984914385302009,0.11984914385302009,0.29028337634488205,0.04467726336401551,0.6666666666666666,0.0,0.7767610300253509,0.04775457605147594,0.06147910902522671,0.2987164706831448,2,"[[2, 4], [2, 4], [3, 4], [2, 3]]","[true, true, true, true, true]",0,4.0,0,1,1,0.19647312499999714
figure_eight--demand_conflict,figure_eight,demand_conflict,noise_0p02,measurement_noise,0.02,0.02,0,1.0,1321,full_trajectory,9.679461353832531,1.1413083194594247,1.1413083194594247,0.3981530340331503,0.11791031316092085,1.0,0.16666666666666666,2.210906679930603,0.2045295449981233,0.09250935231899665,0.3982449840495503,0,"[[0, 1, 2, 3, 4, 5], [0, 1, 2, 3, 4, 5], [0, 1, 2, 3, 4, 5], [0, 1, 2, 3, 4, 5]]","[true, true, true, true, true]",0,0.0,0,1,1,0.2762327080000091
figure_eight--demand_conflict,figure_eight,demand_conflict,noise_0p02,measurement_noise,0.02,0.02,0,1.0,1321,error_peak_dynamic,9.679461353832531,0.708985279593399,0.708985279593399,0.37479878411484524,0.0732463567626808,1.0,0.0,2.210906679930603,0.1990535736071773,0.09003255334749148,0.374823754657837,2,"[[3, 4], [2, 3], [2, 3], [3, 4]]","[true, true, true, true, true]",0,0.0,0,1,1,0.2664881250000093
figure_eight--demand_conflict,figure_eight,demand_conflict,noise_0p02,measurement_noise,0.02,0.02,0,1.0,1321,violation_safe,9.679461353832531,0.867689740448744,0.867689740448744,0.3695164916982221,0.08964235805385874,1.0,0.0,2.210906679930603,0.2796867047724322,0.12650317053689988,0.3695894527397018,3,"[[2, 3], [3, 5], [2, 3], [0, 3]]","[true, true, true, true, true]",0,4.0,0,1,1,0.23536300000000665
figure_eight--demand_conflict,figure_eight,demand_conflict,noise_0p02,measurement_noise,0.02,0.02,0,1.0,1321,dual_anchor_dynamic,9.679461353832531,0.7674146912958043,0.7674146912958043,0.3783565107285827,0.0792827889117973,1.0,0.0,2.210906679930603,0.17900385521027876,0.08096400306497668,0.3784290991555712,2,"[[3, 4], [2, 3], [2, 3], [3, 4]]","[true, true, true, true, true]",0,4.0,0,1,1,0.28991170900000895
figure_eight--demand_conflict,figure_eight,demand_conflict,noise_0p02,measurement_noise,0.02,0.02,0,1.0,1361,full_trajectory,8.687402959992049,0.8353055436450154,0.8353055436450154,0.374953073862374,0.09615135242279356,1.0,0.16666666666666666,1.9882980769614338,0.1426173350400775,0.07172834732005014,0.37595256737485067,0,"[[0, 1, 2, 3, 4, 5], [0, 1, 2, 3, 4, 5], [0, 1, 2, 3, 4, 5], [0, 1, 2, 3, 4, 5]]","[true, true, true, true, true]",0,0.0,0,1,1,0.24018116599999928
figure_eight--demand_conflict,figure_eight,demand_conflict,noise_0p02,measurement_noise,0.02,0.02,0,1.0,1361,error_peak_dynamic,8.687402959992049,0.6086702272145638,0.6086702272145638,0.35348744915753566,0.07006354258201934,1.0,0.0,1.9882980769614338,0.17990768414460975,0.09048325612201422,0.3542935416019066,2,"[[3, 4], [2, 3], [2, 3], [3, 4]]","[true, true, true, true, true]",0,0.0,0,1,1,0.23361120900000287
figure_eight--demand_conflict,figure_eight,demand_conflict,noise_0p02,measurement_noise,0.02,0.02,0,1.0,1361,violation_safe,8.687402959992049,0.6177558567150923,0.6177558567150923,0.34955080028808433,0.07110938212029912,1.0,0.0,1.9882980769614338,0.1953390933739706,0.09824437071955158,0.3501855503947935,3,"[[2, 3], [3, 5], [2, 3], [3, 4]]","[true, true, true, true, true]",0,4.0,0,1,1,0.23907929199999955
figure_eight--demand_conflict,figure_eight,demand_conflict,noise_0p02,measurement_noise,0.02,0.02,0,1.0,1361,dual_anchor_dynamic,8.687402959992049,0.5154865428746448,0.5154865428746448,0.3509207960328497,0.05933724327610983,1.0,0.0,1.9882980769614338,0.1369664274056044,0.06888626458610264,0.3517682696145528,2,"[[3, 4], [2, 3], [2, 3], [3, 4]]","[true, true, true, true, true]",0,4.0,0,1,1,0.2513612500000022
figure_eight--demand_conflict,figure_eight,demand_conflict,noise_0p02,measurement_noise,0.02,0.02,0,1.0,1381,full_trajectory,11.068538098058209,4.013374810552643,4.013374810552643,0.5684075502989738,0.36259303396685444,1.0,0.6666666666666666,2.83807117074601,0.7621134443766213,0.2685321820792442,0.568754121587402,0,"[[0, 1, 2, 3, 4, 5], [0, 1, 2, 3, 4, 5], [0, 1, 2, 3, 4, 5], [0, 1, 2, 3, 4, 5]]","[true, true, true, true, true]",0,0.0,0,1,1,0.3444769999999977
figure_eight--demand_conflict,figure_eight,demand_conflict,noise_0p02,measurement_noise,0.02,0.02,0,1.0,1381,error_peak_dynamic,11.068538098058209,2.7794359968278055,2.7794359968278055,0.49476169533296666,0.25111139088145806,1.0,1.0,2.83807117074601,0.888920427163139,0.3132128737030506,0.49493151143565606,2,"[[3, 4], [3, 4], [2, 4], [3, 4]]","[true, true, true, true, true]",0,0.0,0,1,1,0.3347953330000024
figure_eight--demand_conflict,figure_eight,demand_conflict,noise_0p02,measurement_noise,0.02,0.02,0,1.0,1381,violation_safe,11.068538098058209,3.3550984100201724,3.3550984100201724,0.5099968123251883,0.3031202838438771,1.0,0.8333333333333334,2.83807117074601,0.7033320059524826,0.2478204257885492,0.5103413424023445,2,"[[2, 3], [3, 5], [2, 3], [2, 3]]","[true, true, true, true, true]",0,4.0,0,1,1,0.3541997080000101
figure_eight--demand_conflict,figure_eight,demand_conflict,noise_0p02,measurement_noise,0.02,0.02,0,1.0,1381,dual_anchor_dynamic,11.068538098058209,2.9863761777193134,3.708267119300887,0.4781501775733642,0.2698076431830888,1.0,1.0,2.83807117074601,0.965850636902821,0.3403193855244086,0.47825104277247443,1,"[[3, 4], [3, 4], [3, 4], [2, 4]]","[true, true, true, true, false]",1,2.0,0,1,1,0.3491671669999903
s_curve--neutral,s_curve,neutral,noise_0p02,measurement_noise,0.02,0.02,0,1.0,1301,full_trajectory,2.0489244854647204,0.29165708845402855,0.29165708845402855,0.3906440295979447,0.14234643127312585,0.3333333333333333,0.0,0.31989924516883306,0.05601691930880825,0.17510800714532548,0.39503846448783186,0,"[[0, 1, 2, 3, 4, 5], [0, 1, 2, 3, 4, 5], [0, 1, 2, 3, 4, 5], [0, 1, 2, 3, 4, 5]]","[true, true, true, true, true]",0,0.0,0,1,1,0.21890941600000247
s_curve--neutral,s_curve,neutral,noise_0p02,measurement_noise,0.02,0.02,0,1.0,1301,error_peak_dynamic,2.0489244854647204,0.15399161853551252,0.15399161853551252,0.31114983821667447,0.07515729331556374,0.3333333333333333,0.0,0.31989924516883306,0.094867472351588,0.29655422381981505,0.31878225821820927,0,"[[2, 4], [2, 4], [2, 4], [2, 4]]","[true, true, true, true, true]",0,0.0,0,1,1,0.20015733300000704
s_curve--neutral,s_curve,neutral,noise_0p02,measurement_noise,0.02,0.02,0,1.0,1301,violation_safe,2.0489244854647204,0.15399161853551252,0.15399161853551252,0.31114983821667447,0.07515729331556374,0.3333333333333333,0.0,0.31989924516883306,0.094867472351588,0.29655422381981505,0.31878225821820927,0,"[[2, 4], [2, 4], [2, 4], [2, 4]]","[true, true, true, true, true]",0,4.0,0,1,1,0.2010130419999996
s_curve--neutral,s_curve,neutral,noise_0p02,measurement_noise,0.02,0.02,0,1.0,1301,dual_anchor_dynamic,2.0489244854647204,0.15399161853551252,0.15399161853551252,0.31114983821667447,0.07515729331556374,0.3333333333333333,0.0,0.31989924516883306,0.094867472351588,0.29655422381981505,0.31878225821820927,0,"[[2, 4], [2, 4], [2, 4], [2, 4]]","[true, true, true, true, true]",0,4.0,0,1,1,0.2023168329999976
s_curve--neutral,s_curve,neutral,noise_0p02,measurement_noise,0.02,0.02,0,1.0,1321,full_trajectory,6.001328185041688,0.9564580107015529,0.9564580107015529,0.39452272245938386,0.15937438867041545,1.0,0.16666666666666666,0.9811304334482406,0.1959587616211613,0.19972753360881154,0.3956855817937515,0,"[[0, 1, 2, 3, 4, 5], [0, 1, 2, 3, 4, 5], [0, 1, 2, 3, 4, 5], [0, 1, 2, 3, 4, 5]]","[true, true, true, true, true]",0,0.0,0,1,1,0.2449417499999953
s_curve--neutral,s_curve,neutral,noise_0p02,measurement_noise,0.02,0.02,0,1.0,1321,error_peak_dynamic,6.001328185041688,0.7993986182724864,0.7993986182724864,0.37258135200994813,0.13320361653691723,1.0,0.16666666666666666,0.9811304334482406,0.2786455856150616,0.28400462987958214,0.37365912021041947,1,"[[3, 4], [3, 4], [2, 4], [2, 4]]","[true, true, true, true, true]",0,0.0,0,1,1,0.21766545799999903
s_curve--neutral,s_curve,neutral,noise_0p02,measurement_noise,0.02,0.02,0,1.0,1321,violation_safe,6.001328185041688,0.8332663987130169,0.8332663987130169,0.3732867746138341,0.1388469973680049,1.0,0.16666666666666666,0.9811304334482406,0.2684555813946385,0.2736186466575454,0.37424890288264845,2,"[[3, 4], [3, 4], [2, 4], [2, 3]]","[true, true, true, true, true]",0,4.0,0,1,1,0.21866370900001186
s_curve--neutral,s_curve,neutral,noise_0p02,measurement_noise,0.02,0.02,0,1.0,1321,dual_anchor_dynamic,6.001328185041688,0.7993986182724864,0.7993986182724864,0.37258135200994813,0.13320361653691723,1.0,0.16666666666666666,0.9811304334482406,0.2786455856150616,0.28400462987958214,0.37365912021041947,1,"[[3, 4], [3, 4], [2, 4], [2, 4]]","[true, true, true, true, true]",0,4.0,0,1,1,0.220145500000001
s_curve--neutral,s_curve,neutral,noise_0p02,measurement_noise,0.02,0.02,0,1.0,1361,full_trajectory,5.422951622632681,0.7507767757960968,0.7507767757960968,0.37844649893502375,0.13844430635573643,1.0,0.0,0.8789687362044573,0.15354961346200108,0.17469291811794754,0.3797387128278641,0,"[[0, 1, 2, 3, 4, 5], [0, 1, 2, 3, 4, 5], [0, 1, 2, 3, 4, 5], [0, 1, 2, 3, 4, 5]]","[true, true, true, true, true]",0,0.0,0,1,1,0.24328533300000288
s_curve--neutral,s_curve,neutral,noise_0p02,measurement_noise,0.02,0.02,0,1.0,1361,error_peak_dynamic,5.422951622632681,0.636273788755963,0.636273788755963,0.35973697803211246,0.1173297925248817,1.0,0.0,0.8789687362044573,0.23158640814633352,0.2634751369501089,0.3596884653830716,1,"[[3, 4], [3, 4], [2, 4], [2, 4]]","[true, true, true, true, true]",0,0.0,0,1,1,0.21823324999999727
s_curve--neutral,s_curve,neutral,noise_0p02,measurement_noise,0.02,0.02,0,1.0,1361,violation_safe,5.422951622632681,0.6675149224117467,0.6675149224117467,0.3604570917227224,0.1230907020497609,1.0,0.0,0.8789687362044573,0.22333315423255812,0.25408543561736935,0.36043442322489194,2,"[[3, 4], [3, 4], [2, 4], [2, 3]]","[true, true, true, true, true]",0,4.0,0,1,1,0.22184087499999805
s_curve--neutral,s_curve,neutral,noise_0p02,measurement_noise,0.02,0.02,0,1.0,1361,dual_anchor_dynamic,5.422951622632681,0.636273788755963,0.636273788755963,0.35973697803211246,0.1173297925248817,1.0,0.0,0.8789687362044573,0.23158640814633352,0.2634751369501089,0.3596884653830716,1,"[[3, 4], [3, 4], [2, 4], [2, 4]]","[true, true, true, true, true]",0,4.0,0,1,1,0.22015366700000527
s_curve--neutral,s_curve,neutral,noise_0p02,measurement_noise,0.02,0.02,0,1.0,1381,full_trajectory,8.317582620681858,2.0288366215375455,2.0288366215375455,0.4579507169930468,0.24392142694114,1.0,0.5,1.2574448167177932,0.4456334252718169,0.35439600954817074,0.45736648713630895,0,"[[0, 1, 2, 3, 4, 5], [0, 1, 2, 3, 4, 5], [0, 1, 2, 3, 4, 5], [0, 1, 2, 3, 4, 5]]","[true, true, true, true, true]",0,0.0,0,1,1,0.25738962500000184
s_curve--neutral,s_curve,neutral,noise_0p02,measurement_noise,0.02,0.02,0,1.0,1381,error_peak_dynamic,8.317582620681858,1.6169513290430766,1.6169513290430766,0.4143101824280108,0.19440159512482513,1.0,0.5,1.2574448167177932,0.5454990195495374,0.4338154742833244,0.41367267641662886,1,"[[3, 4], [3, 4], [2, 4], [2, 4]]","[true, true, true, true, true]",0,0.0,0,1,1,0.2390002079999931
s_curve--neutral,s_curve,neutral,noise_0p02,measurement_noise,0.02,0.02,0,1.0,1381,violation_safe,8.317582620681858,1.6664339604952036,1.6664339604952036,0.41505382745248415,0.20035075532061175,1.0,0.3333333333333333,1.2574448167177932,0.5203257177587234,0.4137960655139425,0.41439911529802054,2,"[[3, 4], [3, 4], [2, 4], [2, 3]]","[true, true, true, true, true]",0,4.0,0,1,1,0.2347868749999975
s_curve--neutral,s_curve,neutral,noise_0p02,measurement_noise,0.02,0.02,0,1.0,1381,dual_anchor_dynamic,8.317582620681858,1.6169513290430766,1.6169513290430766,0.4143101824280108,0.19440159512482513,1.0,0.5,1.2574448167177932,0.5454990195495374,0.4338154742833244,0.41367267641662886,1,"[[3, 4], [3, 4], [2, 4], [2, 4]]","[true, true, true, true, true]",0,4.0,0,1,1,0.23963133399999492
s_curve--demand_aligned,s_curve,demand_aligned,noise_0p02,measurement_noise,0.02,0.02,0,1.0,1301,full_trajectory,2.7646735230087316,0.47926056135801487,0.47926056135801487,0.4205176817656612,0.1733515937304765,0.3333333333333333,0.0,0.31989924516883306,0.05525132932762777,0.17271478492694725,0.42777934835634446,0,"[[0, 1, 2, 3, 4, 5], [0, 1, 2, 3, 4, 5], [0, 1, 2, 3, 4, 5], [0, 1, 2, 3, 4, 5]]","[true, true, true, true, true]",0,0.0,0,1,1,0.21527220799998759
s_curve--demand_aligned,s_curve,demand_aligned,noise_0p02,measurement_noise,0.02,0.02,0,1.0,1301,error_peak_dynamic,2.7646735230087316,0.3785492997340027,0.3785492997340027,0.350265128689647,0.13692368975344188,0.3333333333333333,0.0,0.31989924516883306,0.1666005147187545,0.5207905840191271,0.3623653962448337,2,"[[2, 4], [2, 4], [1, 4], [1, 2]]","[true, true, true, true, true]",0,0.0,0,1,1,0.14381320800001163
s_curve--demand_aligned,s_curve,demand_aligned,noise_0p02,measurement_noise,0.02,0.02,0,1.0,1301,violation_safe,2.7646735230087316,0.2346375902977225,0.2346375902977225,0.3205569878469857,0.08486990899466919,0.3333333333333333,0.0,0.31989924516883306,0.18894811970400197,0.5906488450895873,0.33495311785645454,0,"[[2, 4], [2, 4], [2, 4], [2, 4]]","[true, true, true, true, true]",0,4.0,0,1,1,0.14463024999997742
s_curve--demand_aligned,s_curve,demand_aligned,noise_0p02,measurement_noise,0.02,0.02,0,1.0,1301,dual_anchor_dynamic,2.7646735230087316,0.24426405092747522,0.24426405092747522,0.3216787606309461,0.0883518610405934,0.3333333333333333,0.0,0.31989924516883306,0.09433851434371408,0.2949007094215714,0.33327007254616026,0,"[[2, 4], [2, 4], [2, 4], [2, 4]]","[true, true, true, true, true]",0,4.0,0,1,1,0.20093562499999962
s_curve--demand_aligned,s_curve,demand_aligned,noise_0p02,measurement_noise,0.02,0.02,0,1.0,1321,full_trajectory,7.757935751294778,1.5924975579800318,1.5924975579800318,0.4345455522884878,0.20527336253258457,0.8333333333333334,0.16666666666666666,0.9811304334482406,0.1956515658894412,0.19941442974285514,0.4340266817603516,0,"[[0, 1, 2, 3, 4, 5], [0, 1, 2, 3, 4, 5], [0, 1, 2, 3, 4, 5], [0, 1, 2, 3, 4, 5]]","[true, true, true, true, true]",0,0.0,0,1,1,0.24260016600001677
s_curve--demand_aligned,s_curve,demand_aligned,noise_0p02,measurement_noise,0.02,0.02,0,1.0,1321,error_peak_dynamic,7.757935751294778,1.3353224466701503,1.3353224466701503,0.44890444793799195,0.17212342167789785,0.8333333333333334,0.3333333333333333,0.9811304334482406,0.4186414882038657,0.4266930001677,0.44711859185184255,2,"[[3, 4], [3, 4], [1, 2], [2, 4]]","[true, true, true, true, true]",0,0.0,0,1,1,0.16173308300000144
s_curve--demand_aligned,s_curve,demand_aligned,noise_0p02,measurement_noise,0.02,0.02,0,1.0,1321,violation_safe,7.757935751294778,0.9379516027495616,0.9379516027495616,0.3733654062671047,0.12090221327149042,0.8333333333333334,0.16666666666666666,0.9811304334482406,0.4427451292954335,0.45126021393443044,0.3722688549424662,1,"[[3, 4], [2, 4], [2, 4], [2, 4]]","[true, true, true, true, true]",0,4.0,0,1,1,0.16264729100001318
s_curve--demand_aligned,s_curve,demand_aligned,noise_0p02,measurement_noise,0.02,0.02,0,1.0,1321,dual_anchor_dynamic,7.757935751294778,1.0806546375145798,1.0806546375145798,0.37634775001614795,0.13929667274367688,0.8333333333333334,0.16666666666666666,0.9811304334482406,0.27878479286563407,0.28414651443012373,0.3749846447578063,1,"[[3, 4], [2, 4], [2, 4], [2, 4]]","[true, true, true, true, true]",0,4.0,0,1,1,0.21665466600001082
s_curve--demand_aligned,s_curve,demand_aligned,noise_0p02,measurement_noise,0.02,0.02,0,1.0,1361,full_trajectory,7.0025122787419,1.2524977232933425,1.2524977232933425,0.4118945174584163,0.17886405241953698,0.8333333333333334,0.16666666666666666,0.8789687362044573,0.1525582996229925,0.17356510344357215,0.41386576540826847,0,"[[0, 1, 2, 3, 4, 5], [0, 1, 2, 3, 4, 5], [0, 1, 2, 3, 4, 5], [0, 1, 2, 3, 4, 5]]","[true, true, true, true, true]",0,0.0,0,1,1,0.24171799999999166
s_curve--demand_aligned,s_curve,demand_aligned,noise_0p02,measurement_noise,0.02,0.02,0,1.0,1361,error_peak_dynamic,7.0025122787419,0.815300366828257,0.815300366828257,0.37934286475888274,0.1164296947116153,0.8333333333333334,0.16666666666666666,0.8789687362044573,0.36802239939701403,0.41869794025462154,0.38366917465208067,3,"[[3, 4], [2, 4], [1, 2], [2, 4]]","[true, true, true, true, true]",0,0.0,0,1,1,0.1549718750000011
s_curve--demand_aligned,s_curve,demand_aligned,noise_0p02,measurement_noise,0.02,0.02,0,1.0,1361,violation_safe,7.0025122787419,0.7726134773082851,0.7726134773082851,0.3641143552288959,0.1103337554514215,0.8333333333333334,0.0,0.8789687362044573,0.3806640289405621,0.4330802829055523,0.36742240443781016,1,"[[3, 4], [2, 4], [2, 4], [2, 4]]","[true, true, true, true, true]",0,4.0,0,1,1,0.16243341599999894
s_curve--demand_aligned,s_curve,demand_aligned,noise_0p02,measurement_noise,0.02,0.02,0,1.0,1361,dual_anchor_dynamic,7.0025122787419,0.8384570415560351,0.8384570415560351,0.3583604333972546,0.11973660426150308,0.8333333333333334,0.16666666666666666,0.8789687362044573,0.2273048541373128,0.2586040262579252,0.3614291329824089,1,"[[3, 4], [2, 4], [2, 4], [2, 4]]","[true, true, true, true, true]",0,4.0,0,1,1,0.21671783299998992
s_curve--demand_aligned,s_curve,demand_aligned,noise_0p02,measurement_noise,0.02,0.02,0,1.0,1381,full_trajectory,10.86446444468091,3.3142357602391,3.3142357602391,0.5064483123798198,0.30505284242167163,0.8333333333333334,0.5,1.2574448167177932,0.444204807738023,0.35325988212945597,0.5060143491456037,0,"[[0, 1, 2, 3, 4, 5], [0, 1, 2, 3, 4, 5], [0, 1, 2, 3, 4, 5], [0, 1, 2, 3, 4, 5]]","[true, true, true, true, true]",0,0.0,0,1,1,0.2566354159999946
s_curve--demand_aligned,s_curve,demand_aligned,noise_0p02,measurement_noise,0.02,0.02,0,1.0,1381,error_peak_dynamic,10.86446444468091,2.475541498873111,2.475541498873111,0.4599756631639641,0.22785674447902504,0.8333333333333334,0.5,1.2574448167177932,0.701520594108923,0.557893741961612,0.4591963376394149,2,"[[3, 4], [3, 4], [1, 2], [2, 4]]","[true, true, true, true, true]",0,0.0,0,1,1,0.16925458299999718
s_curve--demand_aligned,s_curve,demand_aligned,noise_0p02,measurement_noise,0.02,0.02,0,1.0,1381,violation_safe,10.86446444468091,1.6851105720018644,1.6851105720018644,0.3911656184058531,0.15510295795821494,0.8333333333333334,0.5,1.2574448167177932,0.7454205848630314,0.5928058034457072,0.39054699310404073,1,"[[3, 4], [2, 4], [2, 4], [2, 4]]","[true, true, true, true, true]",0,4.0,0,1,1,0.17602820799999108
s_curve--demand_aligned,s_curve,demand_aligned,noise_0p02,measurement_noise,0.02,0.02,0,1.0,1381,dual_anchor_dynamic,10.86446444468091,2.623787086114013,2.623787086114013,0.45856707256690066,0.24150174170790187,0.8333333333333334,0.5,1.2574448167177932,0.5446706515818314,0.4331567034516403,0.4578391889700052,1,"[[3, 4], [3, 4], [2, 4], [2, 4]]","[true, true, true, true, true]",0,4.0,0,1,1,0.2347763749999956
s_curve--demand_conflict,s_curve,demand_conflict,noise_0p02,measurement_noise,0.02,0.02,0,1.0,1301,full_trajectory,1.3772229259472597,0.15239218951908645,0.15239218951908645,0.3767846183081819,0.11065179547041773,0.16666666666666666,0.0,0.31989924516883306,0.05516362334141471,0.17244061739595865,0.38621646588403274,0,"[[0, 1, 2, 3, 4, 5], [0, 1, 2, 3, 4, 5], [0, 1, 2, 3, 4, 5], [0, 1, 2, 3, 4, 5]]","[true, true, true, true, true]",0,0.0,0,1,1,0.21592037499999606
s_curve--demand_conflict,s_curve,demand_conflict,noise_0p02,measurement_noise,0.02,0.02,0,1.0,1301,error_peak_dynamic,1.3772229259472597,0.11495638320871218,0.11495638320871218,0.3161859339720418,0.08346969909003273,0.16666666666666666,0.0,0.31989924516883306,0.10566408270288706,0.3303042576643805,0.3335731859927472,0,"[[2, 4], [2, 4], [2, 4], [2, 4]]","[true, true, true, true, true]",0,0.0,0,1,1,0.18983424999998988
s_curve--demand_conflict,s_curve,demand_conflict,noise_0p02,measurement_noise,0.02,0.02,0,1.0,1301,violation_safe,1.3772229259472597,0.17944202033523787,0.17944202033523787,0.3496093298397127,0.13029264685803638,0.16666666666666666,0.0,0.31989924516883306,0.1297617414833842,0.4056331593245865,0.36169554898947126,3,"[[3, 4], [2, 4], [2, 3], [0, 4]]","[true, true, true, true, true]",0,4.0,0,1,1,0.17948779100001389
s_curve--demand_conflict,s_curve,demand_conflict,noise_0p02,measurement_noise,0.02,0.02,0,1.0,1301,dual_anchor_dynamic,1.3772229259472597,0.12854667343389586,0.12854667343389586,0.3166285835845006,0.09333759336418317,0.16666666666666666,0.0,0.31989924516883306,0.09492633949974087,0.29673824159741813,0.3339267381959299,1,"[[2, 4], [2, 4], [2, 4], [0, 4]]","[true, true, true, true, true]",0,4.0,0,1,1,0.20081583300000716
s_curve--demand_conflict,s_curve,demand_conflict,noise_0p02,measurement_noise,0.02,0.02,0,1.0,1321,full_trajectory,4.501068788782797,0.5345339465934331,0.5345339465934331,0.36628949298422386,0.11875711562674975,1.0,0.0,0.9811304334482406,0.1958044840812406,0.1995702889299583,0.367717811085882,0,"[[0, 1, 2, 3, 4, 5], [0, 1, 2, 3, 4, 5], [0, 1, 2, 3, 4, 5], [0, 1, 2, 3, 4, 5]]","[true, true, true, true, true]",0,0.0,0,1,1,0.24299433400000225
s_curve--demand_conflict,s_curve,demand_conflict,noise_0p02,measurement_noise,0.02,0.02,0,1.0,1321,error_peak_dynamic,4.501068788782797,0.4993398993676216,0.4993398993676216,0.3542099853372578,0.11093807333316844,1.0,0.0,0.9811304334482406,0.31982438661490603,0.32597540114097207,0.3564129814787612,1,"[[3, 4], [3, 4], [2, 4], [2, 4]]","[true, true, true, true, true]",0,0.0,0,1,1,0.19908629200000405
s_curve--demand_conflict,s_curve,demand_conflict,noise_0p02,measurement_noise,0.02,0.02,0,1.0,1321,violation_safe,4.501068788782797,0.4962545175083663,0.4962545175083663,0.3570965161680198,0.11025259572683982,1.0,0.0,0.9811304334482406,0.3254119226327925,0.3316703993057408,0.35907167571985743,2,"[[3, 4], [3, 4], [2, 3], [2, 4]]","[true, true, true, true, true]",0,4.0,0,1,1,0.2036605419999944
s_curve--demand_conflict,s_curve,demand_conflict,noise_0p02,measurement_noise,0.02,0.02,0,1.0,1321,dual_anchor_dynamic,4.501068788782797,0.46063537650698294,0.46063537650698294,0.3461992909228543,0.1023391105807895,1.0,0.0,0.9811304334482406,0.2796519151521314,0.2850303136243346,0.3483699453489582,1,"[[3, 4], [3, 4], [2, 4], [2, 4]]","[true, true, true, true, true]",0,4.0,0,1,1,0.2181380830000137
s_curve--demand_conflict,s_curve,demand_conflict,noise_0p02,measurement_noise,0.02,0.02,0,1.0,1361,full_trajectory,4.041865039252978,0.4211340114252506,0.4211340114252506,0.35183255143027437,0.1041929919320327,1.0,0.0,0.8789687362044573,0.15377131438956443,0.1749451465743551,0.3537292573143383,0,"[[0, 1, 2, 3, 4, 5], [0, 1, 2, 3, 4, 5], [0, 1, 2, 3, 4, 5], [0, 1, 2, 3, 4, 5]]","[true, true, true, true, true]",0,0.0,0,1,1,0.275678666999994
s_curve--demand_conflict,s_curve,demand_conflict,noise_0p02,measurement_noise,0.02,0.02,0,1.0,1361,error_peak_dynamic,4.041865039252978,0.41185543940293456,0.41185543940293456,0.3448038922331051,0.10189737544503814,1.0,0.0,0.8789687362044573,0.2681920552863542,0.30512126795823824,0.34518642408399713,1,"[[3, 4], [3, 4], [2, 4], [2, 4]]","[true, true, true, true, true]",0,0.0,0,1,1,0.20278399999997987
s_curve--demand_conflict,s_curve,demand_conflict,noise_0p02,measurement_noise,0.02,0.02,0,1.0,1361,violation_safe,4.041865039252978,0.595337413215216,0.595337413215216,0.3586388984644249,0.14729274912287693,1.0,0.0,0.8789687362044573,0.2962403055501892,0.3370316751303435,0.36074391568359654,2,"[[3, 4], [3, 4], [1, 2], [3, 4]]","[true, true, true, true, true]",0,4.0,0,1,1,0.18756325000001084
s_curve--demand_conflict,s_curve,demand_conflict,noise_0p02,measurement_noise,0.02,0.02,0,1.0,1361,dual_anchor_dynamic,4.041865039252978,0.37228843335569006,0.37228843335569006,0.33452348937617077,0.09210808122987126,1.0,0.0,0.8789687362044573,0.2314325628795202,0.2633001076680918,0.33530915479950285,1,"[[3, 4], [3, 4], [2, 4], [2, 4]]","[true, true, true, true, true]",0,4.0,0,1,1,0.21919370900002377
s_curve--demand_conflict,s_curve,demand_conflict,noise_0p02,measurement_noise,0.02,0.02,0,1.0,1381,full_trajectory,5.912070166802602,1.129461113225895,1.129461113225895,0.4296380199185754,0.1910432524241735,1.0,0.5,1.2574448167177932,0.44617901935921894,0.3548299006264498,0.430218225876019,0,"[[0, 1, 2, 3, 4, 5], [0, 1, 2, 3, 4, 5], [0, 1, 2, 3, 4, 5], [0, 1, 2, 3, 4, 5]]","[true, true, true, true, true]",0,0.0,0,1,1,0.2562686249999899
s_curve--demand_conflict,s_curve,demand_conflict,noise_0p02,measurement_noise,0.02,0.02,0,1.0,1381,error_peak_dynamic,5.912070166802602,0.9482668805792254,0.9482668805792254,0.387494666753655,0.16039506531974607,1.0,0.3333333333333333,1.2574448167177932,0.590984286642952,0.46998824822034785,0.38799932865468384,1,"[[3, 4], [3, 4], [2, 4], [2, 4]]","[true, true, true, true, true]",0,0.0,0,1,1,0.21405083400000535
s_curve--demand_conflict,s_curve,demand_conflict,noise_0p02,measurement_noise,0.02,0.02,0,1.0,1381,violation_safe,5.912070166802602,0.9341538630144561,0.9341538630144561,0.3894493592668871,0.15800791206097445,1.0,0.16666666666666666,1.2574448167177932,0.5862153793178839,0.46619571016089173,0.39015495675381173,2,"[[3, 4], [3, 4], [2, 3], [2, 4]]","[true, true, true, true, true]",0,4.0,0,1,1,0.2181770830000005
s_curve--demand_conflict,s_curve,demand_conflict,noise_0p02,measurement_noise,0.02,0.02,0,1.0,1381,dual_anchor_dynamic,5.912070166802602,0.9129867499415578,0.9129867499415578,0.385545704363698,0.15442759036727136,1.0,0.3333333333333333,1.2574448167177932,0.5459169987942607,0.4341478779317122,0.3861244687575409,1,"[[3, 4], [3, 4], [2, 4], [2, 4]]","[true, true, true, true, true]",0,4.0,0,1,1,0.24083716699999513
harmonic_loop--neutral,harmonic_loop,neutral,noise_0p05,measurement_noise,0.05,0.05,0,1.0,1301,full_trajectory,3.3542245011270917,0.5096436136756596,0.5096436136756596,0.3988169681040587,0.15194081776708993,0.6666666666666666,0.0,0.5162139705579415,0.08767967183105972,0.16985141207296767,0.4175878801298012,0,"[[0, 1, 2, 3, 4, 5], [0, 1, 2, 3, 4, 5], [0, 1, 2, 3, 4, 5], [0, 1, 2, 3, 4, 5]]","[true, true, true, true, true]",0,0.0,0,1,1,0.23939758399998823
harmonic_loop--neutral,harmonic_loop,neutral,noise_0p05,measurement_noise,0.05,0.05,0,1.0,1301,error_peak_dynamic,3.3542245011270917,0.4929945706152816,0.4929945706152816,0.357275077413954,0.14697721349588402,0.6666666666666666,0.0,0.5162139705579415,0.10943092783452077,0.21198753632383124,0.37907604592241967,3,"[[2, 3], [3, 4], [1, 2], [1, 3]]","[true, true, true, true, true]",0,0.0,0,1,1,0.21727674999999635
harmonic_loop--neutral,harmonic_loop,neutral,noise_0p05,measurement_noise,0.05,0.05,0,1.0,1301,violation_safe,3.3542245011270917,0.47354703058888825,0.47354703058888825,0.34764312744805276,0.14117928911131805,0.6666666666666666,0.0,0.5162139705579415,0.10474158518303743,0.20290342988941037,0.3672207643702291,3,"[[2, 3], [3, 4], [2, 3], [1, 4]]","[true, true, true, true, true]",0,4.0,0,1,1,0.2218194579999988
harmonic_loop--neutral,harmonic_loop,neutral,noise_0p05,measurement_noise,0.05,0.05,0,1.0,1301,dual_anchor_dynamic,3.3542245011270917,0.4929945706152816,0.4929945706152816,0.357275077413954,0.14697721349588402,0.6666666666666666,0.0,0.5162139705579415,0.10943092783452077,0.21198753632383124,0.37907604592241967,3,"[[2, 3], [3, 4], [1, 2], [1, 3]]","[true, true, true, true, true]",0,4.0,0,1,1,0.21983358299999622
harmonic_loop--neutral,harmonic_loop,neutral,noise_0p05,measurement_noise,0.05,0.05,0,1.0,1321,full_trajectory,8.000202141873121,1.934149076864445,1.934149076864445,0.4486463526211896,0.24176252581682822,0.8333333333333334,0.5,1.1676257675090513,0.3797238072766236,0.32521019820135133,0.4503733856888741,0,"[[0, 1, 2, 3, 4, 5], [0, 1, 2, 3, 4, 5], [0, 1, 2, 3, 4, 5], [0, 1, 2, 3, 4, 5]]","[true, true, true, true, true]",0,0.0,0,1,1,0.28696820799999045
harmonic_loop--neutral,harmonic_loop,neutral,noise_0p05,measurement_noise,0.05,0.05,0,1.0,1321,error_peak_dynamic,8.000202141873121,1.8155658535130381,1.8155658535130381,0.374067478308168,0.22693999742960896,0.8333333333333334,0.5,1.1676257675090513,0.40242421714420573,0.3446517097706018,0.3784647978572113,3,"[[3, 4], [1, 3], [3, 4], [1, 4]]","[true, true, true, true, true]",0,0.0,0,1,1,0.25323154200000886
harmonic_loop--neutral,harmonic_loop,neutral,noise_0p05,measurement_noise,0.05,0.05,0,1.0,1321,violation_safe,8.000202141873121,1.6374116248161772,1.8155658535130381,0.374067478308168,0.20467128152249453,0.8333333333333334,0.6666666666666666,1.1676257675090513,0.49298688371730554,0.4222130903885555,0.3784647978572113,3,"[[3, 4], [1, 3], [3, 4], [1, 4]]","[true, true, true, true, false]",1,2.0,0,1,1,0.2552916669999945
harmonic_loop--neutral,harmonic_loop,neutral,noise_0p05,measurement_noise,0.05,0.05,0,1.0,1321,dual_anchor_dynamic,8.000202141873121,1.6374116248161772,1.8155658535130381,0.374067478308168,0.20467128152249453,0.8333333333333334,0.6666666666666666,1.1676257675090513,0.49298688371730554,0.4222130903885555,0.3784647978572113,3,"[[3, 4], [1, 3], [3, 4], [1, 4]]","[true, true, true, true, false]",1,2.0,0,1,1,0.2572922499999777
harmonic_loop--neutral,harmonic_loop,neutral,noise_0p05,measurement_noise,0.05,0.05,0,1.0,1361,full_trajectory,7.231543865837976,1.4092135389848088,1.4092135389848088,0.4266264812456598,0.19487035757910212,0.8333333333333334,0.5,1.0474767416866995,0.2811705755268335,0.26842655720840025,0.42592333110164093,0,"[[0, 1, 2, 3, 4, 5], [0, 1, 2, 3, 4, 5], [0, 1, 2, 3, 4, 5], [0, 1, 2, 3, 4, 5]]","[true, true, true, true, true]",0,0.0,0,1,1,0.2777905419999911
harmonic_loop--neutral,harmonic_loop,neutral,noise_0p05,measurement_noise,0.05,0.05,0,1.0,1361,error_peak_dynamic,7.231543865837976,1.2823767999811893,1.2823767999811893,0.36281909308853044,0.1773309854399383,0.8333333333333334,0.3333333333333333,1.0474767416866995,0.31563981141529945,0.3013334796408371,0.3639726201171022,3,"[[1, 3], [3, 4], [1, 3], [1, 4]]","[true, true, true, true, true]",0,0.0,0,1,1,0.24086191600000006
harmonic_loop--neutral,harmonic_loop,neutral,noise_0p05,measurement_noise,0.05,0.05,0,1.0,1361,violation_safe,7.231543865837976,1.0687213028392268,1.0687213028392268,0.35912597614998715,0.14778604993159172,0.8333333333333334,0.3333333333333333,1.0474767416866995,0.3444956792403922,0.3288814591583848,0.3615457721273087,3,"[[1, 3], [3, 4], [1, 3], [3, 4]]","[true, true, true, true, true]",0,4.0,0,1,1,0.24670579099998236
harmonic_loop--neutral,harmonic_loop,neutral,noise_0p05,measurement_noise,0.05,0.05,0,1.0,1361,dual_anchor_dynamic,7.231543865837976,1.2823767999811893,1.2823767999811893,0.36281909308853044,0.1773309854399383,0.8333333333333334,0.3333333333333333,1.0474767416866995,0.31563981141529945,0.3013334796408371,0.3639726201171022,3,"[[1, 3], [3, 4], [1, 3], [1, 4]]","[true, true, true, true, true]",0,4.0,0,1,1,0.24278908299999102
harmonic_loop--neutral,harmonic_loop,neutral,noise_0p05,measurement_noise,0.05,0.05,0,1.0,1381,full_trajectory,11.493721263729022,3.7196919935480413,3.7196919935480413,0.4990094540406955,0.32362817125958604,1.0,0.6666666666666666,1.5862624474357625,0.7611866546922851,0.47986173783711805,0.5027280323597664,0,"[[0, 1, 2, 3, 4, 5], [0, 1, 2, 3, 4, 5], [0, 1, 2, 3, 4, 5], [0, 1, 2, 3, 4, 5]]","[true, true, true, true, true]",0,0.0,0,1,1,0.30996200000001295
harmonic_loop--neutral,harmonic_loop,neutral,noise_0p05,measurement_noise,0.05,0.05,0,1.0,1381,error_peak_dynamic,11.493721263729022,2.934611656661194,2.934611656661194,0.4445901266468749,0.25532302283351954,1.0,0.6666666666666666,1.5862624474357625,0.8325711114011175,0.5248634062711325,0.44813623209858366,1,"[[1, 3], [1, 3], [3, 4], [3, 4]]","[true, true, true, true, true]",0,0.0,0,1,1,0.28635054099999024
harmonic_loop--neutral,harmonic_loop,neutral,noise_0p05,measurement_noise,0.05,0.05,0,1.0,1381,violation_safe,11.493721263729022,2.9714203493991853,2.9714203493991853,0.4404293425620539,0.25852552721773053,1.0,0.6666666666666666,1.5862624474357625,0.8302491068505251,0.5233995851018511,0.4456546017849089,3,"[[1, 3], [3, 4], [1, 3], [3, 4]]","[true, true, true, true, true]",0,4.0,0,1,1,0.27904499999999643
harmonic_loop--neutral,harmonic_loop,neutral,noise_0p05,measurement_noise,0.05,0.05,0,1.0,1381,dual_anchor_dynamic,11.493721263729022,2.934611656661194,2.934611656661194,0.4445901266468749,0.25532302283351954,1.0,0.6666666666666666,1.5862624474357625,0.8325711114011175,0.5248634062711325,0.44813623209858366,1,"[[1, 3], [1, 3], [3, 4], [3, 4]]","[true, true, true, true, true]",0,4.0,0,1,1,0.2881335829999898
harmonic_loop--demand_aligned,harmonic_loop,demand_aligned,noise_0p05,measurement_noise,0.05,0.05,0,1.0,1301,full_trajectory,5.54854135879969,0.7843168312679082,0.7843168312679082,0.3969068756786804,0.1413554987787959,0.6666666666666666,0.16666666666666666,0.5162139705579415,0.08593622974978125,0.16647404884625358,0.4072838594515751,0,"[[0, 1, 2, 3, 4, 5], [0, 1, 2, 3, 4, 5], [0, 1, 2, 3, 4, 5], [0, 1, 2, 3, 4, 5]]","[true, true, true, true, true]",0,0.0,0,1,1,0.23705304200001365
harmonic_loop--demand_aligned,harmonic_loop,demand_aligned,noise_0p05,measurement_noise,0.05,0.05,0,1.0,1301,error_peak_dynamic,5.54854135879969,0.6995321595187428,0.6995321595187428,0.3593260588970588,0.12607496534369744,0.6666666666666666,0.0,0.5162139705579415,0.1907143943301499,0.3694483396565562,0.3725324211054201,3,"[[2, 3], [1, 3], [2, 4], [1, 3]]","[true, true, true, true, true]",0,0.0,0,1,1,0.16023991600002319
harmonic_loop--demand_aligned,harmonic_loop,demand_aligned,noise_0p05,measurement_noise,0.05,0.05,0,1.0,1301,violation_safe,5.54854135879969,0.7986254590341644,0.7986254590341644,0.3487201410822608,0.14393430766584936,0.6666666666666666,0.16666666666666666,0.5162139705579415,0.19982315621859473,0.3870936619607933,0.3609097760910295,3,"[[2, 3], [1, 3], [3, 4], [2, 3]]","[true, true, true, true, true]",0,4.0,0,1,1,0.15812524999998345
harmonic_loop--demand_aligned,harmonic_loop,demand_aligned,noise_0p05,measurement_noise,0.05,0.05,0,1.0,1301,dual_anchor_dynamic,5.54854135879969,0.4059037892915204,0.4059037892915204,0.31318735843419315,0.07315504436995476,0.6666666666666666,0.0,0.5162139705579415,0.10998842810273887,0.2130675153635607,0.32849308726095783,2,"[[2, 3], [2, 3], [3, 4], [2, 3]]","[true, true, true, true, true]",0,4.0,0,1,1,0.2276418749999891
harmonic_loop--demand_aligned,harmonic_loop,demand_aligned,noise_0p05,measurement_noise,0.05,0.05,0,1.0,1321,full_trajectory,13.568066226431856,3.013996474748204,3.013996474748204,0.43838510560466304,0.2221389860904908,0.6666666666666666,0.5,1.1676257675090513,0.382289362587786,0.32740743928882377,0.43642011371422607,0,"[[0, 1, 2, 3, 4, 5], [0, 1, 2, 3, 4, 5], [0, 1, 2, 3, 4, 5], [0, 1, 2, 3, 4, 5]]","[true, true, true, true, true]",0,0.0,0,1,1,0.2966331249999996
harmonic_loop--demand_aligned,harmonic_loop,demand_aligned,noise_0p05,measurement_noise,0.05,0.05,0,1.0,1321,error_peak_dynamic,13.568066226431856,2.2852131231233765,2.2852131231233765,0.3740768345983176,0.16842585265920715,0.6666666666666666,0.5,1.1676257675090513,0.5546824561997178,0.47505157186026037,0.3734271346811128,3,"[[3, 4], [1, 3], [1, 4], [1, 3]]","[true, true, true, true, true]",0,0.0,0,1,1,0.18684108299999025
harmonic_loop--demand_aligned,harmonic_loop,demand_aligned,noise_0p05,measurement_noise,0.05,0.05,0,1.0,1321,violation_safe,13.568066226431856,1.9118119905145177,1.9118119905145177,0.34298904639781624,0.14090526672033263,0.6666666666666666,0.6666666666666666,1.1676257675090513,0.5627398382804102,0.4819522264234785,0.34153546421489656,3,"[[1, 3], [3, 4], [1, 3], [3, 4]]","[true, true, true, true, true]",0,4.0,0,1,1,0.19614154100000292
harmonic_loop--demand_aligned,harmonic_loop,demand_aligned,noise_0p05,measurement_noise,0.05,0.05,0,1.0,1321,dual_anchor_dynamic,13.568066226431856,1.9378099358986138,1.9378099358986138,0.34705024770007364,0.14282137952154003,0.6666666666666666,0.5,1.1676257675090513,0.44621879814479665,0.3821590877501233,0.3460337398785565,3,"[[3, 4], [1, 3], [3, 4], [1, 3]]","[true, true, true, true, true]",0,4.0,0,1,1,0.2534430000000043
harmonic_loop--demand_aligned,harmonic_loop,demand_aligned,noise_0p05,measurement_noise,0.05,0.05,0,1.0,1361,full_trajectory,12.274182347665871,2.229645719275695,2.229645719275695,0.41885010522655675,0.18165329926841908,0.6666666666666666,0.5,1.0474767416866995,0.28235527362070917,0.26955755902135503,0.42354026282565993,0,"[[0, 1, 2, 3, 4, 5], [0, 1, 2, 3, 4, 5], [0, 1, 2, 3, 4, 5], [0, 1, 2, 3, 4, 5]]","[true, true, true, true, true]",0,0.0,0,1,1,0.2930338749999919
harmonic_loop--demand_aligned,harmonic_loop,demand_aligned,noise_0p05,measurement_noise,0.05,0.05,0,1.0,1361,error_peak_dynamic,12.274182347665871,2.253684269581107,2.253684269581107,0.338479882833666,0.18361176376116659,0.6666666666666666,0.5,1.0474767416866995,0.4310795703674753,0.4115409471272168,0.3432877707036608,3,"[[1, 3], [3, 4], [1, 3], [1, 4]]","[true, true, true, true, true]",0,0.0,0,1,1,0.17427225000000135
harmonic_loop--demand_aligned,harmonic_loop,demand_aligned,noise_0p05,measurement_noise,0.05,0.05,0,1.0,1361,violation_safe,12.274182347665871,1.4405852135737782,1.4405852135737782,0.3310238357693044,0.11736710216365069,0.6666666666666666,0.6666666666666666,1.0474767416866995,0.4827567659343565,0.4608758807923481,0.3352423476561027,2,"[[1, 3], [2, 3], [3, 4], [3, 4]]","[true, true, true, true, true]",0,4.0,0,1,1,0.18081962499999804
harmonic_loop--demand_aligned,harmonic_loop,demand_aligned,noise_0p05,measurement_noise,0.05,0.05,0,1.0,1361,dual_anchor_dynamic,12.274182347665871,1.3599388257152567,1.3599388257152567,0.3360892281526953,0.1107966940033175,0.6666666666666666,0.5,1.0474767416866995,0.3450465930904498,0.32940740291267806,0.3410604721879597,3,"[[1, 3], [3, 4], [1, 3], [3, 4]]","[true, true, true, true, true]",0,4.0,0,1,1,0.24316195800000173
harmonic_loop--demand_aligned,harmonic_loop,demand_aligned,noise_0p05,measurement_noise,0.05,0.05,0,1.0,1381,full_trajectory,19.530922827058976,5.875662540934346,5.875662540934346,0.4804997482159325,0.30083896152587075,0.6666666666666666,0.6666666666666666,1.5862624474357625,0.760574011917326,0.479475520048284,0.47949705011218324,0,"[[0, 1, 2, 3, 4, 5], [0, 1, 2, 3, 4, 5], [0, 1, 2, 3, 4, 5], [0, 1, 2, 3, 4, 5]]","[true, true, true, true, true]",0,0.0,0,1,1,0.3197257089999823
harmonic_loop--demand_aligned,harmonic_loop,demand_aligned,noise_0p05,measurement_noise,0.05,0.05,0,1.0,1381,error_peak_dynamic,19.530922827058976,4.8560137814653475,4.8560137814653475,0.42187470749555855,0.24863207051013575,0.6666666666666666,0.6666666666666666,1.5862624474357625,1.083541818198852,0.6830785283673756,0.421212406662136,2,"[[1, 3], [1, 3], [3, 4], [1, 3]]","[true, true, true, true, true]",0,0.0,0,1,1,0.21507537499999785
harmonic_loop--demand_aligned,harmonic_loop,demand_aligned,noise_0p05,measurement_noise,0.05,0.05,0,1.0,1381,violation_safe,19.530922827058976,4.793361841320431,4.8560137814653475,0.42187470749555855,0.24542423743948763,0.6666666666666666,0.6666666666666666,1.5862624474357625,1.1220166079904306,0.7073335246662378,0.421212406662136,2,"[[1, 3], [1, 3], [3, 4], [1, 3]]","[true, true, true, true, false]",1,2.0,0,1,1,0.21570500000001402
harmonic_loop--demand_aligned,harmonic_loop,demand_aligned,noise_0p05,measurement_noise,0.05,0.05,0,1.0,1381,dual_anchor_dynamic,19.530922827058976,4.608208996520101,4.608208996520101,0.4265923801244882,0.2359442529840777,0.6666666666666666,0.6666666666666666,1.5862624474357625,0.8348785186334249,0.526318025105511,0.4258467880032739,1,"[[1, 3], [1, 3], [3, 4], [3, 4]]","[true, true, true, true, true]",0,4.0,0,1,1,0.3496917500000052
harmonic_loop--demand_conflict,harmonic_loop,demand_conflict,noise_0p05,measurement_noise,0.05,0.05,0,1.0,1301,full_trajectory,1.9036841065146928,0.3784846627224835,0.3784846627224835,0.4395833352516134,0.1988169473219071,0.6666666666666666,0.0,0.5162139705579415,0.08879519031056048,0.172012373501995,0.4836524514308985,0,"[[0, 1, 2, 3, 4, 5], [0, 1, 2, 3, 4, 5], [0, 1, 2, 3, 4, 5], [0, 1, 2, 3, 4, 5]]","[true, true, true, true, true]",0,0.0,0,1,1,0.23662787499998217
harmonic_loop--demand_conflict,harmonic_loop,demand_conflict,noise_0p05,measurement_noise,0.05,0.05,0,1.0,1301,error_peak_dynamic,1.9036841065146928,0.4863815921647891,0.4863815921647891,0.4772058742731922,0.2554949061665842,0.6666666666666666,0.0,0.5162139705579415,0.13196108566156337,0.25563253454557877,0.5121638699182445,3,"[[2, 3], [1, 3], [3, 4], [1, 2]]","[true, true, true, true, true]",0,0.0,0,1,1,0.2949264169999992
harmonic_loop--demand_conflict,harmonic_loop,demand_conflict,noise_0p05,measurement_noise,0.05,0.05,0,1.0,1301,violation_safe,1.9036841065146928,0.5108645350275303,0.5108645350275303,0.48256699054248675,0.2683557283896394,0.6666666666666666,0.0,0.5162139705579415,0.17188070132288882,0.3329640635977255,0.5040149185410083,3,"[[3, 4], [1, 2], [3, 4], [0, 2]]","[true, true, true, true, true]",0,4.0,0,1,1,0.22997025000000804
harmonic_loop--demand_conflict,harmonic_loop,demand_conflict,noise_0p05,measurement_noise,0.05,0.05,0,1.0,1301,dual_anchor_dynamic,1.9036841065146928,0.41676319910248116,0.41676319910248116,0.4343829002168092,0.21892455669312724,0.6666666666666666,0.0,0.5162139705579415,0.12092685120642847,0.23425722298008836,0.4782093974608428,3,"[[2, 3], [3, 4], [2, 4], [0, 3]]","[true, true, true, true, true]",0,4.0,0,1,1,0.25961058299998285
harmonic_loop--demand_conflict,harmonic_loop,demand_conflict,noise_0p05,measurement_noise,0.05,0.05,0,1.0,1321,full_trajectory,4.3497561478447375,1.647370534413802,1.647370534413802,0.5346588218754673,0.3787271006513913,1.0,0.5,1.1676257675090513,0.38214015785720384,0.3272796545698376,0.5363143608967591,0,"[[0, 1, 2, 3, 4, 5], [0, 1, 2, 3, 4, 5], [0, 1, 2, 3, 4, 5], [0, 1, 2, 3, 4, 5]]","[true, true, true, true, true]",0,0.0,0,1,1,0.37709041599998727
harmonic_loop--demand_conflict,harmonic_loop,demand_conflict,noise_0p05,measurement_noise,0.05,0.05,0,1.0,1321,error_peak_dynamic,4.3497561478447375,1.1595187054322067,1.1595187054322067,0.47165426436575325,0.26657096766372457,1.0,0.6666666666666666,1.1676257675090513,0.4780719929636368,0.4094393993920923,0.47431780834914206,3,"[[1, 3], [3, 4], [1, 3], [1, 4]]","[true, true, true, true, true]",0,0.0,0,1,1,0.221842874999993
harmonic_loop--demand_conflict,harmonic_loop,demand_conflict,noise_0p05,measurement_noise,0.05,0.05,0,1.0,1321,violation_safe,4.3497561478447375,1.4761254484767958,1.5903927296634286,0.47381297674503425,0.33935820728897687,1.0,0.5,1.1676257675090513,0.5625629582838598,0.4818007395331817,0.4747683410906052,3,"[[3, 4], [1, 3], [1, 4], [1, 3]]","[true, true, true, true, false]",1,2.0,0,1,1,0.23513587499999744
harmonic_loop--demand_conflict,harmonic_loop,demand_conflict,noise_0p05,measurement_noise,0.05,0.05,0,1.0,1321,dual_anchor_dynamic,4.3497561478447375,1.2111597320863758,1.2111597320863758,0.4642570177223871,0.2784431335734749,1.0,0.5,1.1676257675090513,0.4034543126680926,0.34553392353510654,0.4692714747127954,2,"[[1, 3], [3, 4], [3, 4], [1, 4]]","[true, true, true, true, true]",0,4.0,0,1,1,0.25681975000000534
harmonic_loop--demand_conflict,harmonic_loop,demand_conflict,noise_0p05,measurement_noise,0.05,0.05,0,1.0,1361,full_trajectory,3.9258904902011693,1.2128301947053906,1.2128301947053906,0.49239514373289095,0.30893123425947705,0.8333333333333334,0.3333333333333333,1.0474767416866995,0.28273464628088046,0.26991973666699937,0.501300212148022,0,"[[0, 1, 2, 3, 4, 5], [0, 1, 2, 3, 4, 5], [0, 1, 2, 3, 4, 5], [0, 1, 2, 3, 4, 5]]","[true, true, true, true, true]",0,0.0,0,1,1,0.28109870900001965
harmonic_loop--demand_conflict,harmonic_loop,demand_conflict,noise_0p05,measurement_noise,0.05,0.05,0,1.0,1361,error_peak_dynamic,3.9258904902011693,0.9290273859116678,0.9290273859116678,0.44599132325585167,0.23664118707092688,0.8333333333333334,0.3333333333333333,1.0474767416866995,0.40805895655942465,0.3895637395273786,0.4562863879786544,3,"[[1, 3], [3, 4], [1, 3], [1, 4]]","[true, true, true, true, true]",0,0.0,0,1,1,0.2122353750000059
harmonic_loop--demand_conflict,harmonic_loop,demand_conflict,noise_0p05,measurement_noise,0.05,0.05,0,1.0,1361,violation_safe,3.9258904902011693,1.2428183382155622,1.258711746207094,0.452191642020805,0.31656979259038837,0.8333333333333334,0.5,1.0474767416866995,0.4800533689405884,0.45829501490179386,0.4572635636731769,3,"[[3, 4], [1, 3], [1, 4], [1, 3]]","[true, true, true, true, false]",1,2.0,0,1,1,0.2191044580000039
harmonic_loop--demand_conflict,harmonic_loop,demand_conflict,noise_0p05,measurement_noise,0.05,0.05,0,1.0,1361,dual_anchor_dynamic,3.9258904902011693,0.8935060431366809,0.8935060431366809,0.4249943826329929,0.22759321620580816,0.8333333333333334,0.3333333333333333,1.0474767416866995,0.3178300559694256,0.3034244516566924,0.43518433847048316,2,"[[1, 3], [3, 4], [3, 4], [1, 4]]","[true, true, true, true, true]",0,4.0,0,1,1,0.2541686250000055
harmonic_loop--demand_conflict,harmonic_loop,demand_conflict,noise_0p05,measurement_noise,0.05,0.05,0,1.0,1381,full_trajectory,6.199943638118468,3.5697598038331186,3.5697598038331186,0.6472744255045821,0.575772944432194,1.0,0.6666666666666666,1.5862624474357625,0.7612679749801966,0.4799130031797749,0.6525103333660263,0,"[[0, 1, 2, 3, 4, 5], [0, 1, 2, 3, 4, 5], [0, 1, 2, 3, 4, 5], [0, 1, 2, 3, 4, 5]]","[true, true, true, true, true]",0,0.0,0,1,1,0.30296375000000353
harmonic_loop--demand_conflict,harmonic_loop,demand_conflict,noise_0p05,measurement_noise,0.05,0.05,0,1.0,1381,error_peak_dynamic,6.199943638118468,3.3079553209267507,3.3079553209267507,0.5702573355500964,0.533546031062088,1.0,0.8333333333333334,1.5862624474357625,0.9003603960878943,0.5675986325865257,0.5767243881450048,2,"[[1, 3], [1, 3], [3, 4], [1, 3]]","[true, true, true, true, true]",0,0.0,0,1,1,0.26031374999999457
harmonic_loop--demand_conflict,harmonic_loop,demand_conflict,noise_0p05,measurement_noise,0.05,0.05,0,1.0,1381,violation_safe,6.199943638118468,2.087241796171001,2.087241796171001,0.5068602450677056,0.3366549630126038,1.0,0.8333333333333334,1.5862624474357625,0.8942424739386983,0.5637418167367362,0.5109679173602197,3,"[[3, 4], [1, 3], [1, 4], [3, 4]]","[true, true, true, true, true]",0,4.0,0,1,1,0.2441174589999946
harmonic_loop--demand_conflict,harmonic_loop,demand_conflict,noise_0p05,measurement_noise,0.05,0.05,0,1.0,1381,dual_anchor_dynamic,6.199943638118468,3.3717486040639026,3.4548680423595455,0.6143163855056588,0.543835363814234,1.0,0.6666666666666666,1.5862624474357625,1.0682582595371424,0.6734435788125802,0.6199567354541258,0,"[[1, 3], [1, 3], [1, 3], [1, 3]]","[true, true, false, false, false]",3,0.5,0,1,1,0.29197870800001624
ellipse--neutral,ellipse,neutral,noise_0p05,measurement_noise,0.05,0.05,0,1.0,1301,full_trajectory,2.2739934666239696,0.051016250386756376,0.051016250386756376,0.2790126730741018,0.02243465125803393,0.5,0.0,0.4363365667588265,0.008844142131960076,0.020269083101734267,0.34432311144430006,0,"[[0, 1, 2, 3, 4, 5], [0, 1, 2, 3, 4, 5], [0, 1, 2, 3, 4, 5], [0, 1, 2, 3, 4, 5]]","[true, true, true, true, true]",0,0.0,0,1,1,0.17707458300000667
ellipse--neutral,ellipse,neutral,noise_0p05,measurement_noise,0.05,0.05,0,1.0,1301,error_peak_dynamic,2.2739934666239696,0.053395557870694346,0.053395557870694346,0.2643592524236547,0.02348096362386071,0.5,0.0,0.4363365667588265,0.011462949979595306,0.026270890071725637,0.33379929328983327,1,"[[3, 4], [3, 4], [3, 4], [0, 5]]","[true, true, true, true, true]",0,0.0,0,1,1,0.16362300000000118
ellipse--neutral,ellipse,neutral,noise_0p05,measurement_noise,0.05,0.05,0,1.0,1301,violation_safe,2.2739934666239696,0.08558512293574176,0.053395557870694346,0.2643592524236547,0.037636485852707256,0.5,0.0,0.4363365667588265,0.019717774791320274,0.04518937053061325,0.33379929328983327,1,"[[3, 4], [3, 4], [3, 4], [0, 5]]","[true, true, true, true, false]",1,2.0,0,1,1,0.16313412499999913
ellipse--neutral,ellipse,neutral,noise_0p05,measurement_noise,0.05,0.05,0,1.0,1301,dual_anchor_dynamic,2.2739934666239696,0.08558512293574176,0.053395557870694346,0.2643592524236547,0.037636485852707256,0.5,0.0,0.4363365667588265,0.019717774791320274,0.04518937053061325,0.33379929328983327,1,"[[3, 4], [3, 4], [3, 4], [0, 5]]","[true, true, true, true, false]",1,2.0,0,1,1,0.1621470830000078
ellipse--neutral,ellipse,neutral,noise_0p05,measurement_noise,0.05,0.05,0,1.0,1321,full_trajectory,7.764528276499471,0.32643040589739264,0.32643040589739264,0.28677630735289633,0.04204124117692817,0.6666666666666666,0.0,1.438437819749676,0.052553579038442204,0.03653517608956349,0.2952940474047848,0,"[[0, 1, 2, 3, 4, 5], [0, 1, 2, 3, 4, 5], [0, 1, 2, 3, 4, 5], [0, 1, 2, 3, 4, 5]]","[true, true, true, true, true]",0,0.0,0,1,1,0.18343075000001363
ellipse--neutral,ellipse,neutral,noise_0p05,measurement_noise,0.05,0.05,0,1.0,1321,error_peak_dynamic,7.764528276499471,0.30041538242679444,0.30041538242679444,0.27836142129610386,0.03869074485001844,0.6666666666666666,0.0,1.438437819749676,0.05726028648640634,0.039807272653864904,0.28682498108222776,3,"[[3, 4], [2, 4], [1, 2], [2, 3]]","[true, true, true, true, true]",0,0.0,0,1,1,0.19621216599998093
ellipse--neutral,ellipse,neutral,noise_0p05,measurement_noise,0.05,0.05,0,1.0,1321,violation_safe,7.764528276499471,0.30041538242679444,0.30041538242679444,0.27836142129610386,0.03869074485001844,0.6666666666666666,0.0,1.438437819749676,0.05726028648640634,0.039807272653864904,0.28682498108222776,3,"[[3, 4], [2, 4], [1, 2], [2, 3]]","[true, true, true, true, true]",0,4.0,0,1,1,0.20097462499998642
ellipse--neutral,ellipse,neutral,noise_0p05,measurement_noise,0.05,0.05,0,1.0,1321,dual_anchor_dynamic,7.764528276499471,0.30041538242679444,0.30041538242679444,0.27836142129610386,0.03869074485001844,0.6666666666666666,0.0,1.438437819749676,0.05726028648640634,0.039807272653864904,0.28682498108222776,3,"[[3, 4], [2, 4], [1, 2], [2, 3]]","[true, true, true, true, true]",0,4.0,0,1,1,0.20362083399999165
ellipse--neutral,ellipse,neutral,noise_0p05,measurement_noise,0.05,0.05,0,1.0,1361,full_trajectory,7.095945002050906,0.3037597654854458,0.3037597654854458,0.2850497106056601,0.04280751406580119,0.6666666666666666,0.0,1.3090449290016486,0.04893025075652994,0.03737858775698929,0.2893908254528918,0,"[[0, 1, 2, 3, 4, 5], [0, 1, 2, 3, 4, 5], [0, 1, 2, 3, 4, 5], [0, 1, 2, 3, 4, 5]]","[true, true, true, true, true]",0,0.0,0,1,1,0.17312504200000944
ellipse--neutral,ellipse,neutral,noise_0p05,measurement_noise,0.05,0.05,0,1.0,1361,error_peak_dynamic,7.095945002050906,0.307550225800924,0.307550225800924,0.2783116768621445,0.043341686796055254,0.6666666666666666,0.0,1.3090449290016486,0.05522322862615432,0.04218589247984839,0.28258167756944597,3,"[[3, 4], [2, 4], [2, 3], [1, 2]]","[true, true, true, true, true]",0,0.0,0,1,1,0.19255145799999696
ellipse--neutral,ellipse,neutral,noise_0p05,measurement_noise,0.05,0.05,0,1.0,1361,violation_safe,7.095945002050906,0.3096862576789602,0.3096862576789602,0.27829947425625057,0.04364270827767874,0.6666666666666666,0.0,1.3090449290016486,0.05584314589621677,0.04265945702780874,0.2825465756545436,2,"[[3, 4], [2, 4], [2, 4], [1, 2]]","[true, true, true, true, true]",0,4.0,0,1,1,0.19743254200000138
ellipse--neutral,ellipse,neutral,noise_0p05,measurement_noise,0.05,0.05,0,1.0,1361,dual_anchor_dynamic,7.095945002050906,0.307550225800924,0.307550225800924,0.2783116768621445,0.043341686796055254,0.6666666666666666,0.0,1.3090449290016486,0.05522322862615432,0.04218589247984839,0.28258167756944597,3,"[[3, 4], [2, 4], [2, 3], [1, 2]]","[true, true, true, true, true]",0,4.0,0,1,1,0.19368183400001726
ellipse--neutral,ellipse,neutral,noise_0p05,measurement_noise,0.05,0.05,0,1.0,1381,full_trajectory,9.79450982802182,0.4576101028404826,0.4576101028404826,0.3006277489903967,0.046721082614187885,0.6666666666666666,0.0,1.7458312427723564,0.08850700215673514,0.05069619559344534,0.30595474844060244,0,"[[0, 1, 2, 3, 4, 5], [0, 1, 2, 3, 4, 5], [0, 1, 2, 3, 4, 5], [0, 1, 2, 3, 4, 5]]","[true, true, true, true, true]",0,0.0,0,1,1,0.18609775000001605
ellipse--neutral,ellipse,neutral,noise_0p05,measurement_noise,0.05,0.05,0,1.0,1381,error_peak_dynamic,9.79450982802182,0.4295176245672656,0.4295176245672656,0.2926409525861874,0.04385289637858422,0.6666666666666666,0.0,1.7458312427723564,0.0912465445365818,0.05226538642514126,0.29792461851071456,3,"[[3, 4], [2, 4], [1, 2], [2, 3]]","[true, true, true, true, true]",0,0.0,0,1,1,0.19561550000000238
ellipse--neutral,ellipse,neutral,noise_0p05,measurement_noise,0.05,0.05,0,1.0,1381,violation_safe,9.79450982802182,0.4295176245672656,0.4295176245672656,0.2926409525861874,0.04385289637858422,0.6666666666666666,0.0,1.7458312427723564,0.0912465445365818,0.05226538642514126,0.29792461851071456,3,"[[3, 4], [2, 4], [1, 2], [2, 3]]","[true, true, true, true, true]",0,4.0,0,1,1,0.19906883300001255
ellipse--neutral,ellipse,neutral,noise_0p05,measurement_noise,0.05,0.05,0,1.0,1381,dual_anchor_dynamic,9.79450982802182,0.4295176245672656,0.4295176245672656,0.2926409525861874,0.04385289637858422,0.6666666666666666,0.0,1.7458312427723564,0.0912465445365818,0.05226538642514126,0.29792461851071456,3,"[[3, 4], [2, 4], [1, 2], [2, 3]]","[true, true, true, true, true]",0,4.0,0,1,1,0.1986871249999922
ellipse--demand_aligned,ellipse,demand_aligned,noise_0p05,measurement_noise,0.05,0.05,0,1.0,1301,full_trajectory,3.6187354277288186,0.1283552011024594,0.1283552011024594,0.2893349115100312,0.035469628456097815,0.5,0.0,0.4363365667588265,0.017902877971423956,0.041029973958885045,0.32172238582217916,0,"[[0, 1, 2, 3, 4, 5], [0, 1, 2, 3, 4, 5], [0, 1, 2, 3, 4, 5], [0, 1, 2, 3, 4, 5]]","[true, true, true, true, true]",0,0.0,0,1,1,0.17261216699998272
ellipse--demand_aligned,ellipse,demand_aligned,noise_0p05,measurement_noise,0.05,0.05,0,1.0,1301,error_peak_dynamic,3.6187354277288186,0.07748097651917296,0.07748097651917296,0.27133362882839596,0.021411064187082992,0.5,0.0,0.4363365667588265,0.02469426629815597,0.056594537747749835,0.3084302086471665,2,"[[3, 4], [3, 4], [1, 2], [2, 3]]","[true, true, true, true, true]",0,0.0,0,1,1,0.11033512500000597
ellipse--demand_aligned,ellipse,demand_aligned,noise_0p05,measurement_noise,0.05,0.05,0,1.0,1301,violation_safe,3.6187354277288186,0.11209358183471874,0.11209358183471874,0.2717115449077193,0.030975898645641143,0.5,0.0,0.4363365667588265,0.0428636727876275,0.09823534411985065,0.3081007116788974,1,"[[3, 4], [3, 4], [3, 4], [3, 5]]","[true, true, true, true, true]",0,4.0,0,1,1,0.11272591599998805
ellipse--demand_aligned,ellipse,demand_aligned,noise_0p05,measurement_noise,0.05,0.05,0,1.0,1301,dual_anchor_dynamic,3.6187354277288186,0.07051419668101992,0.07051419668101992,0.26934731470554174,0.01948586684196359,0.5,0.0,0.4363365667588265,0.017551523622277,0.04022473695627289,0.3067687391505206,1,"[[3, 4], [3, 4], [3, 4], [1, 3]]","[true, true, true, true, true]",0,4.0,0,1,1,0.16921291700001007
ellipse--demand_aligned,ellipse,demand_aligned,noise_0p05,measurement_noise,0.05,0.05,0,1.0,1321,full_trajectory,10.255981356506862,0.3000401402231743,0.3000401402231743,0.26481281670454604,0.029255137055491546,0.6666666666666666,0.0,1.438437819749676,0.062405461609945874,0.043384191345028716,0.2721445943288297,0,"[[0, 1, 2, 3, 4, 5], [0, 1, 2, 3, 4, 5], [0, 1, 2, 3, 4, 5], [0, 1, 2, 3, 4, 5]]","[true, true, true, true, true]",0,0.0,0,1,1,0.22327799999999343
ellipse--demand_aligned,ellipse,demand_aligned,noise_0p05,measurement_noise,0.05,0.05,0,1.0,1321,error_peak_dynamic,10.255981356506862,0.45207737955665195,0.45207737955665195,0.2722045696942846,0.04407938780717786,0.6666666666666666,0.0,1.438437819749676,0.12239261005112462,0.08508717469096021,0.280475921733566,3,"[[3, 4], [1, 4], [2, 3], [1, 2]]","[true, true, true, true, true]",0,0.0,0,1,1,0.15532070800000497
ellipse--demand_aligned,ellipse,demand_aligned,noise_0p05,measurement_noise,0.05,0.05,0,1.0,1321,violation_safe,10.255981356506862,0.4192957085698148,0.4192957085698148,0.2626415621471856,0.040883041221968924,0.6666666666666666,0.0,1.438437819749676,0.14442351699694156,0.1004030309923823,0.26930568487709344,2,"[[3, 4], [3, 4], [2, 3], [1, 2]]","[true, true, true, true, true]",0,4.0,0,1,1,0.15302054200000725
ellipse--demand_aligned,ellipse,demand_aligned,noise_0p05,measurement_noise,0.05,0.05,0,1.0,1321,dual_anchor_dynamic,10.255981356506862,0.30346936710459294,0.30346936710459294,0.2568779175745389,0.02958950065876028,0.6666666666666666,0.0,1.438437819749676,0.06810675339489787,0.0473477215766964,0.26449561915867503,3,"[[3, 4], [2, 4], [2, 3], [1, 2]]","[true, true, true, true, true]",0,4.0,0,1,1,0.20559233299999846
ellipse--demand_aligned,ellipse,demand_aligned,noise_0p05,measurement_noise,0.05,0.05,0,1.0,1361,full_trajectory,9.373941487059053,0.260298339399444,0.260298339399444,0.265828813232515,0.027768291466166287,0.6666666666666666,0.0,1.3090449290016486,0.048786270896283464,0.03726859927832318,0.27836026637184325,0,"[[0, 1, 2, 3, 4, 5], [0, 1, 2, 3, 4, 5], [0, 1, 2, 3, 4, 5], [0, 1, 2, 3, 4, 5]]","[true, true, true, true, true]",0,0.0,0,1,1,0.16724816699999678
ellipse--demand_aligned,ellipse,demand_aligned,noise_0p05,measurement_noise,0.05,0.05,0,1.0,1361,error_peak_dynamic,9.373941487059053,0.3711371633809666,0.3711371633809666,0.25920058673386054,0.03959243439841503,0.6666666666666666,0.0,1.3090449290016486,0.08700086897027533,0.06646133149656451,0.2709526340827004,2,"[[3, 4], [2, 4], [1, 2], [1, 2]]","[true, true, true, true, true]",0,0.0,0,1,1,0.1642977500000029
ellipse--demand_aligned,ellipse,demand_aligned,noise_0p05,measurement_noise,0.05,0.05,0,1.0,1361,violation_safe,9.373941487059053,0.3527261541298881,0.3527261541298881,0.2641213349281921,0.037628371653144504,0.6666666666666666,0.0,1.3090449290016486,0.15699393368756087,0.11993013395444975,0.2728121792771518,2,"[[3, 4], [3, 4], [2, 4], [2, 3]]","[true, true, true, true, true]",0,4.0,0,1,1,0.15022120800000494
ellipse--demand_aligned,ellipse,demand_aligned,noise_0p05,measurement_noise,0.05,0.05,0,1.0,1361,dual_anchor_dynamic,9.373941487059053,0.4578718454595773,0.27221742214697264,0.25458457748904917,0.048845178529403045,0.6666666666666666,0.0,1.3090449290016486,0.11185083711223548,0.08544461281213565,0.2671070690711861,2,"[[3, 4], [2, 4], [2, 4], [1, 2]]","[true, true, true, true, false]",1,2.0,0,1,1,0.1999327500000163
ellipse--demand_aligned,ellipse,demand_aligned,noise_0p05,measurement_noise,0.05,0.05,0,1.0,1381,full_trajectory,13.031908723170533,0.42588565162756803,0.42588565162756803,0.2754534891337902,0.03268022057815291,0.8333333333333334,0.0,1.7458312427723564,0.08570230894440886,0.049089686817790454,0.28005723769565133,0,"[[0, 1, 2, 3, 4, 5], [0, 1, 2, 3, 4, 5], [0, 1, 2, 3, 4, 5], [0, 1, 2, 3, 4, 5]]","[true, true, true, true, true]",0,0.0,0,1,1,0.19533899999998994
ellipse--demand_aligned,ellipse,demand_aligned,noise_0p05,measurement_noise,0.05,0.05,0,1.0,1381,error_peak_dynamic,13.031908723170533,0.7988356974582269,0.7988356974582269,0.27773929953941684,0.06129844172695204,0.8333333333333334,0.16666666666666666,1.7458312427723564,0.1570568664682469,0.08996108135792251,0.2820411822788636,1,"[[3, 4], [3, 4], [1, 2], [1, 2]]","[true, true, true, true, true]",0,0.0,0,1,1,0.16468549999999027
ellipse--demand_aligned,ellipse,demand_aligned,noise_0p05,measurement_noise,0.05,0.05,0,1.0,1381,violation_safe,13.031908723170533,0.7186302336843374,0.7186302336843374,0.27588372503625724,0.05514389710285677,0.8333333333333334,0.0,1.7458312427723564,0.19171279920689444,0.10981175872557826,0.2802676743526451,2,"[[3, 4], [3, 4], [2, 3], [1, 2]]","[true, true, true, true, true]",0,4.0,0,1,1,0.15289883399998416
ellipse--demand_aligned,ellipse,demand_aligned,noise_0p05,measurement_noise,0.05,0.05,0,1.0,1381,dual_anchor_dynamic,13.031908723170533,0.5122232744754538,0.5122232744754538,0.27166636060959687,0.03930531477439899,0.8333333333333334,0.0,1.7458312427723564,0.10316553914385261,0.059092503683246686,0.2749560551247604,2,"[[3, 4], [3, 4], [2, 3], [1, 2]]","[true, true, true, true, true]",0,4.0,0,1,1,0.20558583299998645
ellipse--demand_conflict,ellipse,demand_conflict,noise_0p05,measurement_noise,0.05,0.05,0,1.0,1301,full_trajectory,1.5783408192877904,0.04647824241362296,0.04647824241362296,0.2796240587685871,0.029447532399621886,0.6666666666666666,0.0,0.4363365667588265,0.01275001238470146,0.029220591066686126,0.3895674739629646,0,"[[0, 1, 2, 3, 4, 5], [0, 1, 2, 3, 4, 5], [0, 1, 2, 3, 4, 5], [0, 1, 2, 3, 4, 5]]","[true, true, true, true, true]",0,0.0,0,1,1,0.18786287500000753
ellipse--demand_conflict,ellipse,demand_conflict,noise_0p05,measurement_noise,0.05,0.05,0,1.0,1301,error_peak_dynamic,1.5783408192877904,0.06803050686811912,0.06803050686811912,0.2973542621186698,0.043102545430471206,0.6666666666666666,0.0,0.4363365667588265,0.016868679779268904,0.03865978940195636,0.40194879104209524,2,"[[3, 4], [3, 4], [1, 4], [2, 3]]","[true, true, true, true, true]",0,0.0,0,1,1,0.15241770899999096
ellipse--demand_conflict,ellipse,demand_conflict,noise_0p05,measurement_noise,0.05,0.05,0,1.0,1301,violation_safe,1.5783408192877904,0.2599302732871488,0.23829839480156834,0.3628253755990544,0.164685770088896,0.6666666666666666,0.0,0.4363365667588265,0.06880222916331913,0.15768155686421703,0.4166860195601472,3,"[[1, 4], [1, 2], [1, 4], [1, 2]]","[true, true, true, true, false]",1,2.0,0,1,1,0.15287295899997844
ellipse--demand_conflict,ellipse,demand_conflict,noise_0p05,measurement_noise,0.05,0.05,0,1.0,1301,dual_anchor_dynamic,1.5783408192877904,0.08824713321738896,0.08824713321738896,0.2895083674234148,0.05591132925093425,0.6666666666666666,0.0,0.4363365667588265,0.018762849149607817,0.04300086350539235,0.3982335507680393,3,"[[3, 4], [1, 3], [1, 4], [1, 2]]","[true, true, true, true, true]",0,4.0,0,1,1,0.16739362499998833
ellipse--demand_conflict,ellipse,demand_conflict,noise_0p05,measurement_noise,0.05,0.05,0,1.0,1321,full_trajectory,5.679893791694921,0.36321303877895145,0.36321303877895145,0.3487237857436756,0.06394715325663969,0.6666666666666666,0.0,1.438437819749676,0.0527846042122686,0.036695784473641295,0.35764791934692913,0,"[[0, 1, 2, 3, 4, 5], [0, 1, 2, 3, 4, 5], [0, 1, 2, 3, 4, 5], [0, 1, 2, 3, 4, 5]]","[true, true, true, true, true]",0,0.0,0,1,1,0.17045641699999692
ellipse--demand_conflict,ellipse,demand_conflict,noise_0p05,measurement_noise,0.05,0.05,0,1.0,1321,error_peak_dynamic,5.679893791694921,0.3869482147815172,0.3869482147815172,0.35866169067674014,0.06812595956412225,0.6666666666666666,0.0,1.438437819749676,0.08563566626022583,0.059533797766196495,0.3710147209612358,3,"[[3, 4], [2, 4], [1, 2], [2, 3]]","[true, true, true, true, true]",0,0.0,0,1,1,0.1543573330000072
ellipse--demand_conflict,ellipse,demand_conflict,noise_0p05,measurement_noise,0.05,0.05,0,1.0,1321,violation_safe,5.679893791694921,0.4847910875953748,0.4847910875953748,0.3826032334831383,0.08535213956011485,0.6666666666666666,0.0,1.438437819749676,0.12785964939311975,0.0888878529454756,0.3922416437201758,3,"[[1, 4], [1, 2], [2, 4], [1, 2]]","[true, true, true, true, true]",0,4.0,0,1,1,0.15921170799998663
ellipse--demand_conflict,ellipse,demand_conflict,noise_0p05,measurement_noise,0.05,0.05,0,1.0,1321,dual_anchor_dynamic,5.679893791694921,0.3388559175180654,0.3388559175180654,0.3478535007543431,0.05965884749703187,0.6666666666666666,0.0,1.438437819749676,0.05846446978658961,0.04064441923305651,0.36046422412381673,3,"[[3, 4], [1, 2], [2, 4], [1, 2]]","[true, true, true, true, true]",0,4.0,0,1,1,0.18549483300000702
ellipse--demand_conflict,ellipse,demand_conflict,noise_0p05,measurement_noise,0.05,0.05,0,1.0,1361,full_trajectory,5.18483341259919,0.31065275786527075,0.31065275786527075,0.33315467323916675,0.05991566809270706,0.6666666666666666,0.0,1.3090449290016486,0.044155007698175694,0.03373070451588762,0.34549129289624625,0,"[[0, 1, 2, 3, 4, 5], [0, 1, 2, 3, 4, 5], [0, 1, 2, 3, 4, 5], [0, 1, 2, 3, 4, 5]]","[true, true, true, true, true]",0,0.0,0,1,1,0.16391358300001002
ellipse--demand_conflict,ellipse,demand_conflict,noise_0p05,measurement_noise,0.05,0.05,0,1.0,1361,error_peak_dynamic,5.18483341259919,0.39281413532930787,0.39281413532930787,0.3489037905501261,0.07576215165848263,0.6666666666666666,0.0,1.3090449290016486,0.08201801427005921,0.06265485045850241,0.3554626282728195,3,"[[3, 4], [2, 4], [1, 2], [2, 4]]","[true, true, true, true, true]",0,0.0,0,1,1,0.1603273750000085
ellipse--demand_conflict,ellipse,demand_conflict,noise_0p05,measurement_noise,0.05,0.05,0,1.0,1361,violation_safe,5.18483341259919,0.40079313064252486,0.40079313064252486,0.3666964388948242,0.07730106230001414,0.6666666666666666,0.0,1.3090449290016486,0.11308097589787547,0.08638433516878401,0.3781785695112303,3,"[[1, 4], [1, 2], [2, 4], [1, 2]]","[true, true, true, true, true]",0,4.0,0,1,1,0.15855666699999915
ellipse--demand_conflict,ellipse,demand_conflict,noise_0p05,measurement_noise,0.05,0.05,0,1.0,1361,dual_anchor_dynamic,5.18483341259919,0.31506815365415397,0.31506815365415397,0.33446956762355917,0.060767266483149805,0.6666666666666666,0.0,1.3090449290016486,0.05197413562233976,0.03970385925712891,0.3474708478729438,2,"[[3, 4], [1, 2], [2, 4], [2, 4]]","[true, true, true, true, true]",0,4.0,0,1,1,0.18871795900000166
ellipse--demand_conflict,ellipse,demand_conflict,noise_0p05,measurement_noise,0.05,0.05,0,1.0,1381,full_trajectory,7.026143276783441,0.537481468946841,0.537481468946841,0.3595759462805468,0.07649736815399803,0.8333333333333334,0.0,1.7458312427723564,0.09133028666841078,0.05231335333613318,0.3664988983652702,0,"[[0, 1, 2, 3, 4, 5], [0, 1, 2, 3, 4, 5], [0, 1, 2, 3, 4, 5], [0, 1, 2, 3, 4, 5]]","[true, true, true, true, true]",0,0.0,0,1,1,0.18989566599998398
ellipse--demand_conflict,ellipse,demand_conflict,noise_0p05,measurement_noise,0.05,0.05,0,1.0,1381,error_peak_dynamic,7.026143276783441,0.6569174870328143,0.6569174870328143,0.3769825918562014,0.0934961701113431,0.8333333333333334,0.0,1.7458312427723564,0.12965793964151975,0.07426716653072647,0.38348535529078454,2,"[[3, 4], [3, 4], [2, 3], [1, 2]]","[true, true, true, true, true]",0,0.0,0,1,1,0.17484537499998964
ellipse--demand_conflict,ellipse,demand_conflict,noise_0p05,measurement_noise,0.05,0.05,0,1.0,1381,violation_safe,7.026143276783441,0.7200759051130431,0.7200759051130431,0.36909186584294423,0.10248522934230468,0.8333333333333334,0.0,1.7458312427723564,0.18486829107788477,0.105891272047759,0.37518128236251685,3,"[[1, 4], [1, 2], [2, 4], [1, 2]]","[true, true, true, true, true]",0,4.0,0,1,1,0.1665924589999861
ellipse--demand_conflict,ellipse,demand_conflict,noise_0p05,measurement_noise,0.05,0.05,0,1.0,1381,dual_anchor_dynamic,7.026143276783441,0.6140895510288924,0.6140895510288924,0.37112153878354004,0.08740065877364542,0.8333333333333334,0.0,1.7458312427723564,0.10347986113149313,0.05927254513280935,0.3777114721323953,3,"[[3, 4], [1, 4], [2, 3], [1, 2]]","[true, true, true, true, true]",0,4.0,0,1,1,0.20385812500001066
rounded_square--neutral,rounded_square,neutral,noise_0p05,measurement_noise,0.05,0.05,0,1.0,1301,full_trajectory,3.9895919825686037,1.0664678418405773,1.0664678418405773,0.5041783416920921,0.26731250877287893,0.6666666666666666,0.3333333333333333,0.6001271262403765,0.1716556711063854,0.28603218151753734,0.5055354516650155,0,"[[0, 1, 2, 3, 4, 5], [0, 1, 2, 3, 4, 5], [0, 1, 2, 3, 4, 5], [0, 1, 2, 3, 4, 5]]","[true, true, true, true, true]",0,0.0,0,1,1,0.25218183399999816
rounded_square--neutral,rounded_square,neutral,noise_0p05,measurement_noise,0.05,0.05,0,1.0,1301,error_peak_dynamic,3.9895919825686037,0.9500123428362337,0.9500123428362337,0.49462082776798627,0.23812268196523467,0.6666666666666666,0.16666666666666666,0.6001271262403765,0.2142793975531313,0.35705667713361,0.48324607806875425,3,"[[2, 4], [1, 4], [2, 4], [1, 2]]","[true, true, true, true, true]",0,0.0,0,1,1,0.23186800000001995
rounded_square--neutral,rounded_square,neutral,noise_0p05,measurement_noise,0.05,0.05,0,1.0,1301,violation_safe,3.9895919825686037,0.8840256860902548,0.8840256860902548,0.4943941075866686,0.2215829814058068,0.6666666666666666,0.16666666666666666,0.6001271262403765,0.2071481623640911,0.3451738028604283,0.492040180084635,3,"[[2, 4], [1, 4], [1, 2], [2, 4]]","[true, true, true, true, true]",0,4.0,0,1,1,0.23237429200000292
rounded_square--neutral,rounded_square,neutral,noise_0p05,measurement_noise,0.05,0.05,0,1.0,1301,dual_anchor_dynamic,3.9895919825686037,0.9500123428362337,0.9500123428362337,0.49462082776798627,0.23812268196523467,0.6666666666666666,0.16666666666666666,0.6001271262403765,0.2142793975531313,0.35705667713361,0.48324607806875425,3,"[[2, 4], [1, 4], [2, 4], [1, 2]]","[true, true, true, true, true]",0,4.0,0,1,1,0.23205558399999404
rounded_square--neutral,rounded_square,neutral,noise_0p05,measurement_noise,0.05,0.05,0,1.0,1321,full_trajectory,10.47266818474982,2.5007688250766034,2.5007688250766034,0.36999916971566704,0.23879003716724212,1.0,0.6666666666666666,2.624251728437337,0.4162198124440489,0.15860513987044045,0.3691085819282192,0,"[[0, 1, 2, 3, 4, 5], [0, 1, 2, 3, 4, 5], [0, 1, 2, 3, 4, 5], [0, 1, 2, 3, 4, 5]]","[true, true, true, true, true]",0,0.0,0,1,1,0.2936585829999956
rounded_square--neutral,rounded_square,neutral,noise_0p05,measurement_noise,0.05,0.05,0,1.0,1321,error_peak_dynamic,10.47266818474982,2.2068594740991174,2.2068594740991174,0.35750579097972623,0.21072561788147945,1.0,0.5,2.624251728437337,0.5012300719308489,0.1909992347530305,0.3591645064251678,3,"[[3, 4], [1, 2], [2, 4], [3, 4]]","[true, true, true, true, true]",0,0.0,0,1,1,0.2566487910000035
rounded_square--neutral,rounded_square,neutral,noise_0p05,measurement_noise,0.05,0.05,0,1.0,1321,violation_safe,10.47266818474982,1.7014445278403516,1.7014445278403516,0.3581134098039884,0.16246523787681688,1.0,0.6666666666666666,2.624251728437337,0.5466273308698374,0.20829835985107176,0.36313061244594713,3,"[[3, 4], [2, 3], [1, 2], [2, 4]]","[true, true, true, true, true]",0,4.0,0,1,1,0.26680487499999117
rounded_square--neutral,rounded_square,neutral,noise_0p05,measurement_noise,0.05,0.05,0,1.0,1321,dual_anchor_dynamic,10.47266818474982,1.7127269541088466,1.7127269541088466,0.3516079086149696,0.16354255896342634,1.0,0.6666666666666666,2.624251728437337,0.5152345026766606,0.19633577720208545,0.35342901513445757,3,"[[3, 4], [1, 2], [2, 4], [2, 3]]","[true, true, true, true, true]",0,4.0,0,1,1,0.3155497500000024
rounded_square--neutral,rounded_square,neutral,noise_0p05,measurement_noise,0.05,0.05,0,1.0,1361,full_trajectory,9.573279729627737,1.988397404783977,1.988397404783977,0.35006029093243785,0.20770284175758613,1.0,0.6666666666666666,2.371359928319324,0.3285264257981923,0.13853924993623043,0.3537009064034199,0,"[[0, 1, 2, 3, 4, 5], [0, 1, 2, 3, 4, 5], [0, 1, 2, 3, 4, 5], [0, 1, 2, 3, 4, 5]]","[true, true, true, true, true]",0,0.0,0,1,1,0.27552862499999264
rounded_square--neutral,rounded_square,neutral,noise_0p05,measurement_noise,0.05,0.05,0,1.0,1361,error_peak_dynamic,9.573279729627737,1.7699856036140997,1.7699856036140997,0.3431575614332665,0.1848881108254137,1.0,0.5,2.371359928319324,0.4114886739079586,0.1735243431390851,0.34508057848072476,3,"[[3, 4], [1, 2], [2, 4], [3, 4]]","[true, true, true, true, true]",0,0.0,0,1,1,0.265838500000001
rounded_square--neutral,rounded_square,neutral,noise_0p05,measurement_noise,0.05,0.05,0,1.0,1361,violation_safe,9.573279729627737,1.38635759490812,1.38635759490812,0.34686957394136275,0.1448153228634456,1.0,0.6666666666666666,2.371359928319324,0.44803175549892266,0.18893452240143924,0.3482778917355159,3,"[[3, 4], [2, 3], [1, 2], [2, 4]]","[true, true, true, true, true]",0,4.0,0,1,1,0.2521462079999992
rounded_square--neutral,rounded_square,neutral,noise_0p05,measurement_noise,0.05,0.05,0,1.0,1361,dual_anchor_dynamic,9.573279729627737,1.5154093232116836,1.4698629945425123,0.3392388076525904,0.15829573208037986,1.0,0.6666666666666666,2.371359928319324,0.5355811369460394,0.2258540049319408,0.34146991615986955,3,"[[3, 4], [1, 2], [2, 4], [2, 3]]","[true, true, true, true, false]",1,2.0,0,1,1,0.2525777500000004
rounded_square--neutral,rounded_square,neutral,noise_0p05,measurement_noise,0.05,0.05,0,1.0,1381,full_trajectory,13.443002166344726,4.694873283798943,4.694873283798943,0.47095503900910696,0.3492429165527332,1.0,0.6666666666666666,3.138734341537047,0.8548959588628202,0.2723696451621883,0.47223495284722034,0,"[[0, 1, 2, 3, 4, 5], [0, 1, 2, 3, 4, 5], [0, 1, 2, 3, 4, 5], [0, 1, 2, 3, 4, 5]]","[true, true, true, true, true]",0,0.0,0,1,1,0.3531765419999999
rounded_square--neutral,rounded_square,neutral,noise_0p05,measurement_noise,0.05,0.05,0,1.0,1381,error_peak_dynamic,13.443002166344726,4.075115036051939,4.075115036051939,0.4576030460525465,0.3031402498955335,1.0,0.8333333333333334,3.138734341537047,1.0728065397277062,0.34179590337752186,0.4592501647624888,1,"[[1, 4], [2, 4], [2, 4], [2, 4]]","[true, true, true, true, true]",0,0.0,0,1,1,0.42734066700000994
rounded_square--neutral,rounded_square,neutral,noise_0p05,measurement_noise,0.05,0.05,0,1.0,1381,violation_safe,13.443002166344726,4.101903418531101,4.101903418531101,0.4593311856096201,0.3051329879868974,1.0,0.8333333333333334,3.138734341537047,1.0412047535544784,0.3317275819668757,0.4609199971713958,1,"[[3, 4], [2, 4], [2, 4], [2, 4]]","[true, true, true, true, true]",0,4.0,0,1,1,0.3252045419999945
rounded_square--neutral,rounded_square,neutral,noise_0p05,measurement_noise,0.05,0.05,0,1.0,1381,dual_anchor_dynamic,13.443002166344726,4.075115036051939,4.075115036051939,0.4576030460525465,0.3031402498955335,1.0,0.8333333333333334,3.138734341537047,1.0728065397277062,0.34179590337752186,0.4592501647624888,1,"[[1, 4], [2, 4], [2, 4], [2, 4]]","[true, true, true, true, true]",0,4.0,0,1,1,0.34319845799998916
rounded_square--demand_aligned,rounded_square,demand_aligned,noise_0p05,measurement_noise,0.05,0.05,0,1.0,1301,full_trajectory,6.379402344826524,1.649078407168704,1.649078407168704,0.5046523833475672,0.25850045474966005,0.5,0.3333333333333333,0.6001271262403765,0.17478159864494697,0.29124095712837267,0.5159036855138236,0,"[[0, 1, 2, 3, 4, 5], [0, 1, 2, 3, 4, 5], [0, 1, 2, 3, 4, 5], [0, 1, 2, 3, 4, 5]]","[true, true, true, true, true]",0,0.0,0,1,1,0.2454263330000117
rounded_square--demand_aligned,rounded_square,demand_aligned,noise_0p05,measurement_noise,0.05,0.05,0,1.0,1301,error_peak_dynamic,6.379402344826524,1.3345974530891391,1.3345974530891391,0.5100729143351099,0.209204151259005,0.5,0.5,0.6001271262403765,0.26239214987538423,0.4372276112882873,0.5226910105922491,3,"[[2, 4], [1, 4], [1, 2], [2, 4]]","[true, true, true, true, true]",0,0.0,0,1,1,0.18516533400000412
rounded_square--demand_aligned,rounded_square,demand_aligned,noise_0p05,measurement_noise,0.05,0.05,0,1.0,1301,violation_safe,6.379402344826524,1.8382747489512168,1.8604062070418101,0.4787698921541238,0.288157831970262,0.5,0.6666666666666666,0.6001271262403765,0.31390915317837775,0.5230710951943268,0.4828136194486998,3,"[[2, 4], [1, 2], [2, 4], [1, 4]]","[true, true, true, true, false]",1,2.0,0,1,1,0.18405783400001496
rounded_square--demand_aligned,rounded_square,demand_aligned,noise_0p05,measurement_noise,0.05,0.05,0,1.0,1301,dual_anchor_dynamic,6.379402344826524,1.186702022637526,1.186702022637526,0.4341929448801086,0.18602087758266267,0.5,0.5,0.6001271262403765,0.20235255949513922,0.3371828245172314,0.441453040062899,3,"[[2, 4], [1, 2], [1, 4], [2, 4]]","[true, true, true, true, true]",0,4.0,0,1,1,0.22999291700000413
rounded_square--demand_aligned,rounded_square,demand_aligned,noise_0p05,measurement_noise,0.05,0.05,0,1.0,1321,full_trajectory,13.173598212625325,4.1429364642448885,4.1429364642448885,0.4284780723514129,0.3144878413153953,0.8333333333333334,0.5,2.624251728437337,0.41592660455788044,0.15849340977877616,0.4275744206501368,0,"[[0, 1, 2, 3, 4, 5], [0, 1, 2, 3, 4, 5], [0, 1, 2, 3, 4, 5], [0, 1, 2, 3, 4, 5]]","[true, true, true, true, true]",0,0.0,0,1,1,0.29531420800000774
rounded_square--demand_aligned,rounded_square,demand_aligned,noise_0p05,measurement_noise,0.05,0.05,0,1.0,1321,error_peak_dynamic,13.173598212625325,3.547189898795117,3.547189898795117,0.4549997044471466,0.26926507409308703,0.8333333333333334,0.6666666666666666,2.624251728437337,0.7606674588186627,0.2898607060350942,0.4522262118605056,3,"[[3, 4], [1, 2], [2, 4], [1, 2]]","[true, true, true, true, true]",0,0.0,0,1,1,0.20116395900001294
rounded_square--demand_aligned,rounded_square,demand_aligned,noise_0p05,measurement_noise,0.05,0.05,0,1.0,1321,violation_safe,13.173598212625325,2.6975502895019616,2.6975502895019616,0.4146157064142273,0.2047694370181019,0.8333333333333334,0.6666666666666666,2.624251728437337,0.7711371948812498,0.29385031417715357,0.4143130989990372,2,"[[2, 4], [1, 2], [2, 4], [2, 4]]","[true, true, true, true, true]",0,4.0,0,1,1,0.20978620799999703
rounded_square--demand_aligned,rounded_square,demand_aligned,noise_0p05,measurement_noise,0.05,0.05,0,1.0,1321,dual_anchor_dynamic,13.173598212625325,2.484759469874239,2.484759469874239,0.3829427976749732,0.18861661254348056,0.8333333333333334,0.6666666666666666,2.624251728437337,0.522711760057137,0.19918506841125191,0.38243620150768726,3,"[[2, 3], [1, 2], [2, 4], [2, 3]]","[true, true, true, true, true]",0,4.0,0,1,1,0.25729341699999964
rounded_square--demand_aligned,rounded_square,demand_aligned,noise_0p05,measurement_noise,0.05,0.05,0,1.0,1361,full_trajectory,11.965582444199097,3.3058085276171982,3.3058085276171982,0.39968579928435854,0.27627644061905665,0.8333333333333334,0.5,2.371359928319324,0.3270011361288614,0.13789603687898191,0.3986674844898653,0,"[[0, 1, 2, 3, 4, 5], [0, 1, 2, 3, 4, 5], [0, 1, 2, 3, 4, 5], [0, 1, 2, 3, 4, 5]]","[true, true, true, true, true]",0,0.0,0,1,1,0.27466962500000136
rounded_square--demand_aligned,rounded_square,demand_aligned,noise_0p05,measurement_noise,0.05,0.05,0,1.0,1361,error_peak_dynamic,11.965582444199097,3.079952775437623,3.079952775437623,0.44161771370700886,0.2574009906998536,0.8333333333333334,0.5,2.371359928319324,0.558451412743518,0.2354983763006042,0.43732431525811954,3,"[[3, 4], [1, 2], [2, 4], [1, 3]]","[true, true, true, true, true]",0,0.0,0,1,1,0.18313575000001947
rounded_square--demand_aligned,rounded_square,demand_aligned,noise_0p05,measurement_noise,0.05,0.05,0,1.0,1361,violation_safe,11.965582444199097,2.488445058764028,2.742665503179489,0.407770363821561,0.20796689758887782,0.8333333333333334,0.6666666666666666,2.371359928319324,0.7835464995807154,0.33042073884416423,0.4088717892744985,3,"[[2, 4], [1, 2], [2, 4], [1, 2]]","[true, true, true, true, false]",1,2.0,0,1,1,0.1844554589999916
rounded_square--demand_aligned,rounded_square,demand_aligned,noise_0p05,measurement_noise,0.05,0.05,0,1.0,1361,dual_anchor_dynamic,11.965582444199097,1.9746466357199912,1.9746466357199912,0.3658768259597591,0.1650272057318278,0.8333333333333334,0.6666666666666666,2.371359928319324,0.4482250367331582,0.18901602889563582,0.36279767179369804,3,"[[2, 3], [2, 4], [1, 2], [2, 4]]","[true, true, true, true, true]",0,4.0,0,1,1,0.2496345829999882
rounded_square--demand_aligned,rounded_square,demand_aligned,noise_0p05,measurement_noise,0.05,0.05,0,1.0,1381,full_trajectory,17.53652642531829,7.687863370803454,7.687863370803454,0.5381766643280602,0.43839145702789417,0.8333333333333334,0.5,3.138734341537047,0.8554962070583192,0.2725608840917006,0.5357578817969448,0,"[[0, 1, 2, 3, 4, 5], [0, 1, 2, 3, 4, 5], [0, 1, 2, 3, 4, 5], [0, 1, 2, 3, 4, 5]]","[true, true, true, true, true]",0,0.0,0,1,1,0.3449386670000081
rounded_square--demand_aligned,rounded_square,demand_aligned,noise_0p05,measurement_noise,0.05,0.05,0,1.0,1381,error_peak_dynamic,17.53652642531829,6.3561111938477906,6.3561111938477906,0.5637199982244611,0.36244983981954265,0.8333333333333334,0.8333333333333334,3.138734341537047,1.370844275804631,0.43675065381077294,0.5611760768696195,3,"[[1, 4], [2, 4], [1, 2], [2, 4]]","[true, true, true, true, true]",0,0.0,0,1,1,0.2621302080000021
rounded_square--demand_aligned,rounded_square,demand_aligned,noise_0p05,measurement_noise,0.05,0.05,0,1.0,1381,violation_safe,17.53652642531829,6.170716829269848,6.170716829269848,0.5113247752847988,0.35187794205133466,0.8333333333333334,0.8333333333333334,3.138734341537047,1.3943084922897941,0.4442263474923454,0.5088501426174341,2,"[[2, 4], [1, 4], [2, 4], [2, 4]]","[true, true, true, true, true]",0,4.0,0,1,1,0.2800669169999992
rounded_square--demand_aligned,rounded_square,demand_aligned,noise_0p05,measurement_noise,0.05,0.05,0,1.0,1381,dual_anchor_dynamic,17.53652642531829,5.818589031031476,5.818589031031476,0.5085490917070075,0.33179826437183774,0.8333333333333334,0.8333333333333334,3.138734341537047,1.0734925414692935,0.3420144633660207,0.5063515264802688,1,"[[1, 4], [2, 4], [2, 4], [2, 4]]","[true, true, true, true, true]",0,4.0,0,1,1,0.3311155830000132
rounded_square--demand_conflict,rounded_square,demand_conflict,noise_0p05,measurement_noise,0.05,0.05,0,1.0,1301,full_trajectory,2.8415159435614203,0.7147331834509568,0.7147331834509568,0.47612874317291654,0.2515323502127334,0.6666666666666666,0.0,0.6001271262403765,0.17255054528023026,0.28752332253535967,0.4988164212737325,0,"[[0, 1, 2, 3, 4, 5], [0, 1, 2, 3, 4, 5], [0, 1, 2, 3, 4, 5], [0, 1, 2, 3, 4, 5]]","[true, true, true, true, true]",0,0.0,0,1,1,0.2446736670000007
rounded_square--demand_conflict,rounded_square,demand_conflict,noise_0p05,measurement_noise,0.05,0.05,0,1.0,1301,error_peak_dynamic,2.8415159435614203,1.0117459968881368,1.0117459968881368,0.5672705219189614,0.35605853248180713,0.6666666666666666,0.16666666666666666,0.6001271262403765,0.2392000552758967,0.3985823083425942,0.5987128922682089,3,"[[2, 4], [1, 4], [1, 2], [2, 3]]","[true, true, true, true, true]",0,0.0,0,1,1,0.19852429099998403
rounded_square--demand_conflict,rounded_square,demand_conflict,noise_0p05,measurement_noise,0.05,0.05,0,1.0,1301,violation_safe,2.8415159435614203,0.9471727805933483,0.9471727805933483,0.5645313811481257,0.3333336146642229,0.6666666666666666,0.3333333333333333,0.6001271262403765,0.24413012593394273,0.4067973521932722,0.5827504235810521,3,"[[1, 4], [1, 2], [3, 4], [2, 3]]","[true, true, true, true, true]",0,4.0,0,1,1,0.20930891700001553
rounded_square--demand_conflict,rounded_square,demand_conflict,noise_0p05,measurement_noise,0.05,0.05,0,1.0,1301,dual_anchor_dynamic,2.8415159435614203,0.6778402159747876,0.6778402159747876,0.5184313677914235,0.2385487991051759,0.6666666666666666,0.0,0.6001271262403765,0.2023397769735035,0.337161524827421,0.5408761418282311,3,"[[1, 2], [2, 4], [3, 4], [1, 2]]","[true, true, true, true, true]",0,4.0,0,1,1,0.2351808749999975
rounded_square--demand_conflict,rounded_square,demand_conflict,noise_0p05,measurement_noise,0.05,0.05,0,1.0,1321,full_trajectory,10.446440417077882,1.4447105546732883,1.4447105546732883,0.3121002804302505,0.1382969219171987,1.0,0.6666666666666666,2.624251728437337,0.4161383490748043,0.1585740973571168,0.3145821313365361,0,"[[0, 1, 2, 3, 4, 5], [0, 1, 2, 3, 4, 5], [0, 1, 2, 3, 4, 5], [0, 1, 2, 3, 4, 5]]","[true, true, true, true, true]",0,0.0,0,1,1,0.2929129159999775
rounded_square--demand_conflict,rounded_square,demand_conflict,noise_0p05,measurement_noise,0.05,0.05,0,1.0,1321,error_peak_dynamic,10.446440417077882,1.3597728712176012,1.3597728712176012,0.31612571562708536,0.13016614434469362,1.0,0.5,2.624251728437337,0.6136852186332878,0.233851505929547,0.3193522583942153,3,"[[3, 4], [1, 2], [2, 4], [1, 2]]","[true, true, true, true, true]",0,0.0,0,1,1,0.22873033299998724
rounded_square--demand_conflict,rounded_square,demand_conflict,noise_0p05,measurement_noise,0.05,0.05,0,1.0,1321,violation_safe,10.446440417077882,1.4908024101667654,1.4908024101667654,0.32751633718217993,0.14270912872193248,1.0,0.5,2.624251728437337,0.6478049624294121,0.24685320977769176,0.32863596281281415,3,"[[1, 3], [3, 4], [2, 3], [1, 2]]","[true, true, true, true, true]",0,4.0,0,1,1,0.20244320800000537
rounded_square--demand_conflict,rounded_square,demand_conflict,noise_0p05,measurement_noise,0.05,0.05,0,1.0,1321,dual_anchor_dynamic,10.446440417077882,1.3052283565176297,1.3052283565176297,0.3209220843293199,0.12494479501207294,1.0,0.5,2.624251728437337,0.5015688200980156,0.1911283184699224,0.32218002692398395,3,"[[3, 4], [2, 3], [1, 2], [3, 4]]","[true, true, true, true, true]",0,4.0,0,1,1,0.24787508299999672
rounded_square--demand_conflict,rounded_square,demand_conflict,noise_0p05,measurement_noise,0.05,0.05,0,1.0,1361,full_trajectory,9.569078631246077,1.173938627525593,1.173938627525593,0.3042563585258973,0.12268042439240817,1.0,0.3333333333333333,2.371359928319324,0.32685696904611067,0.13783524177106554,0.3070970327622816,0,"[[0, 1, 2, 3, 4, 5], [0, 1, 2, 3, 4, 5], [0, 1, 2, 3, 4, 5], [0, 1, 2, 3, 4, 5]]","[true, true, true, true, true]",0,0.0,0,1,1,0.2773332909999908
rounded_square--demand_conflict,rounded_square,demand_conflict,noise_0p05,measurement_noise,0.05,0.05,0,1.0,1361,error_peak_dynamic,9.569078631246077,1.1533513621038378,1.1533513621038378,0.310453914625282,0.12052898785237064,1.0,0.3333333333333333,2.371359928319324,0.5078752561699398,0.21417046400454734,0.31453869129604095,3,"[[3, 4], [1, 2], [2, 4], [1, 2]]","[true, true, true, true, true]",0,0.0,0,1,1,0.2237771670000086
rounded_square--demand_conflict,rounded_square,demand_conflict,noise_0p05,measurement_noise,0.05,0.05,0,1.0,1361,violation_safe,9.569078631246077,1.2378400752818903,1.2378400752818903,0.3212470141136952,0.1293583345882382,1.0,0.5,2.371359928319324,0.5435275385118292,0.22920499415584228,0.32465955430956833,3,"[[1, 3], [3, 4], [2, 3], [1, 2]]","[true, true, true, true, true]",0,4.0,0,1,1,0.20319520900000043
rounded_square--demand_conflict,rounded_square,demand_conflict,noise_0p05,measurement_noise,0.05,0.05,0,1.0,1361,dual_anchor_dynamic,9.569078631246077,1.0664399515086402,1.0664399515086402,0.3157855021095224,0.11144646131617891,1.0,0.5,2.371359928319324,0.41345597080524177,0.17435395018177366,0.3183478292244433,3,"[[3, 4], [2, 3], [1, 2], [3, 4]]","[true, true, true, true, true]",0,4.0,0,1,1,0.24089258300000438
rounded_square--demand_conflict,rounded_square,demand_conflict,noise_0p05,measurement_noise,0.05,0.05,0,1.0,1381,full_trajectory,11.97332772715787,2.672337808353194,2.672337808353194,0.37308524472725996,0.22319090141429976,1.0,0.8333333333333334,3.138734341537047,0.8551858157526296,0.27246199349698474,0.3732518473767328,0,"[[0, 1, 2, 3, 4, 5], [0, 1, 2, 3, 4, 5], [0, 1, 2, 3, 4, 5], [0, 1, 2, 3, 4, 5]]","[true, true, true, true, true]",0,0.0,0,1,1,0.3488312079999787
rounded_square--demand_conflict,rounded_square,demand_conflict,noise_0p05,measurement_noise,0.05,0.05,0,1.0,1381,error_peak_dynamic,11.97332772715787,2.9342696611566685,2.9342696611566685,0.39599149869623457,0.24506717998716146,1.0,0.8333333333333334,3.138734341537047,1.1410722592593745,0.36354534506433833,0.39561988967665784,1,"[[1, 4], [2, 4], [2, 4], [2, 4]]","[true, true, true, true, true]",0,0.0,0,1,1,0.32839995800000565
rounded_square--demand_conflict,rounded_square,demand_conflict,noise_0p05,measurement_noise,0.05,0.05,0,1.0,1381,violation_safe,11.97332772715787,2.812552204748763,2.777379039293959,0.39105610761239173,0.23490146338927478,1.0,0.8333333333333334,3.138734341537047,1.2142642717298586,0.38686430248672465,0.3903349409968361,3,"[[1, 3], [3, 4], [2, 4], [1, 4]]","[true, true, true, true, false]",1,2.0,0,1,1,0.28784749999999804
rounded_square--demand_conflict,rounded_square,demand_conflict,noise_0p05,measurement_noise,0.05,0.05,0,1.0,1381,dual_anchor_dynamic,11.97332772715787,2.8622122269946324,2.8622122269946324,0.38908388643234015,0.2390490173005597,1.0,0.8333333333333334,3.138734341537047,1.0720796027849928,0.34156430144387195,0.3891260362130273,2,"[[3, 4], [1, 4], [2, 4], [2, 4]]","[true, true, true, true, true]",0,4.0,0,1,1,0.3233444170000155
figure_eight--neutral,figure_eight,neutral,noise_0p05,measurement_noise,0.05,0.05,0,1.0,1301,full_trajectory,4.101393646302756,0.21838683504288273,0.21838683504288273,0.316673911465041,0.05324698233727206,0.6666666666666666,0.0,0.7767610300253509,0.04086668048973001,0.05261165134455349,0.33298999388072076,0,"[[0, 1, 2, 3, 4, 5], [0, 1, 2, 3, 4, 5], [0, 1, 2, 3, 4, 5], [0, 1, 2, 3, 4, 5]]","[true, true, true, true, true]",0,0.0,0,1,1,0.20781470899999022
figure_eight--neutral,figure_eight,neutral,noise_0p05,measurement_noise,0.05,0.05,0,1.0,1301,error_peak_dynamic,4.101393646302756,0.19575682390183785,0.19575682390183785,0.29131848477331085,0.047729342946221436,0.6666666666666666,0.0,0.7767610300253509,0.05268511073904828,0.0678266657344136,0.30824295884916,2,"[[2, 4], [2, 4], [3, 4], [2, 3]]","[true, true, true, true, true]",0,0.0,0,1,1,0.18620599999999854
figure_eight--neutral,figure_eight,neutral,noise_0p05,measurement_noise,0.05,0.05,0,1.0,1301,violation_safe,4.101393646302756,0.1912297304386787,0.1912297304386787,0.2923968033792809,0.04662554900358436,0.6666666666666666,0.0,0.7767610300253509,0.05220691178553557,0.06721103372530379,0.3086633629927542,1,"[[2, 4], [2, 4], [2, 4], [2, 3]]","[true, true, true, true, true]",0,4.0,0,1,1,0.18972470799999996
figure_eight--neutral,figure_eight,neutral,noise_0p05,measurement_noise,0.05,0.05,0,1.0,1301,dual_anchor_dynamic,4.101393646302756,0.19575682390183785,0.19575682390183785,0.29131848477331085,0.047729342946221436,0.6666666666666666,0.0,0.7767610300253509,0.05268511073904828,0.0678266657344136,0.30824295884916,2,"[[2, 4], [2, 4], [3, 4], [2, 3]]","[true, true, true, true, true]",0,4.0,0,1,1,0.18877008300000853
figure_eight--neutral,figure_eight,neutral,noise_0p05,measurement_noise,0.05,0.05,0,1.0,1321,full_trajectory,11.43932662221414,1.3895307547395042,1.3895307547395042,0.3954443492587777,0.12146962846931575,1.0,0.3333333333333333,2.210906679930603,0.20165694271800427,0.09121006533135717,0.39609854767568076,0,"[[0, 1, 2, 3, 4, 5], [0, 1, 2, 3, 4, 5], [0, 1, 2, 3, 4, 5], [0, 1, 2, 3, 4, 5]]","[true, true, true, true, true]",0,0.0,0,1,1,0.27852116699997964
figure_eight--neutral,figure_eight,neutral,noise_0p05,measurement_noise,0.05,0.05,0,1.0,1321,error_peak_dynamic,11.43932662221414,0.9469162256247903,0.9469162256247903,0.36516707378844787,0.08277726975519385,1.0,0.16666666666666666,2.210906679930603,0.16402618710026137,0.07418955697642106,0.36685396568327694,2,"[[3, 4], [2, 3], [3, 4], [3, 4]]","[true, true, true, true, true]",0,0.0,0,1,1,0.28882425000000467
figure_eight--neutral,figure_eight,neutral,noise_0p05,measurement_noise,0.05,0.05,0,1.0,1321,violation_safe,11.43932662221414,1.007120172603411,1.007120172603411,0.36418346057572715,0.08804016231581975,1.0,0.16666666666666666,2.210906679930603,0.16586438736293765,0.0750209806992595,0.3659572084447068,3,"[[2, 3], [3, 4], [2, 3], [3, 4]]","[true, true, true, true, true]",0,4.0,0,1,1,0.3050792079999951
figure_eight--neutral,figure_eight,neutral,noise_0p05,measurement_noise,0.05,0.05,0,1.0,1321,dual_anchor_dynamic,11.43932662221414,0.9469162256247903,0.9469162256247903,0.36516707378844787,0.08277726975519385,1.0,0.16666666666666666,2.210906679930603,0.16402618710026137,0.07418955697642106,0.36685396568327694,2,"[[3, 4], [2, 3], [3, 4], [3, 4]]","[true, true, true, true, true]",0,4.0,0,1,1,0.2928495840000096
figure_eight--neutral,figure_eight,neutral,noise_0p05,measurement_noise,0.05,0.05,0,1.0,1361,full_trajectory,10.251538010216795,1.0109021907086138,1.0109021907086138,0.3721268688726954,0.09860980759190842,1.0,0.16666666666666666,1.9882980769614338,0.1431201430889121,0.07198123095689547,0.3741259787418192,0,"[[0, 1, 2, 3, 4, 5], [0, 1, 2, 3, 4, 5], [0, 1, 2, 3, 4, 5], [0, 1, 2, 3, 4, 5]]","[true, true, true, true, true]",0,0.0,0,1,1,0.23987424999998552
figure_eight--neutral,figure_eight,neutral,noise_0p05,measurement_noise,0.05,0.05,0,1.0,1361,error_peak_dynamic,10.251538010216795,0.8904167005477132,0.8904167005477132,0.3539601679458704,0.08685688914778585,1.0,0.16666666666666666,1.9882980769614338,0.1356443909073931,0.06822135598234255,0.356977028301701,2,"[[3, 4], [2, 3], [2, 3], [3, 4]]","[true, true, true, true, true]",0,0.0,0,1,1,0.2448977500000069
figure_eight--neutral,figure_eight,neutral,noise_0p05,measurement_noise,0.05,0.05,0,1.0,1361,violation_safe,10.251538010216795,0.7463699468173095,0.7463699468173095,0.34122393350218244,0.07280565570487756,1.0,0.0,1.9882980769614338,0.12511118320480427,0.06292375607786246,0.3442287602276975,3,"[[2, 3], [3, 4], [2, 3], [3, 4]]","[true, true, true, true, true]",0,4.0,0,1,1,0.252022041999993
figure_eight--neutral,figure_eight,neutral,noise_0p05,measurement_noise,0.05,0.05,0,1.0,1361,dual_anchor_dynamic,10.251538010216795,0.8904167005477132,0.8904167005477132,0.3539601679458704,0.08685688914778585,1.0,0.16666666666666666,1.9882980769614338,0.1356443909073931,0.06822135598234255,0.356977028301701,2,"[[3, 4], [2, 3], [2, 3], [3, 4]]","[true, true, true, true, true]",0,4.0,0,1,1,0.24752120799999489
figure_eight--neutral,figure_eight,neutral,noise_0p05,measurement_noise,0.05,0.05,0,1.0,1381,full_trajectory,13.469925786849245,4.855793694922342,4.855793694922342,0.5638419452952997,0.36049149577817846,1.0,0.6666666666666666,2.83807117074601,0.7618456665460296,0.2684378300300948,0.5651488895252696,0,"[[0, 1, 2, 3, 4, 5], [0, 1, 2, 3, 4, 5], [0, 1, 2, 3, 4, 5], [0, 1, 2, 3, 4, 5]]","[true, true, true, true, true]",0,0.0,0,1,1,0.3585042079999994
figure_eight--neutral,figure_eight,neutral,noise_0p05,measurement_noise,0.05,0.05,0,1.0,1381,error_peak_dynamic,13.469925786849245,4.501911241336086,4.501911241336086,0.4917335365577945,0.33421945395804065,1.0,0.8333333333333334,2.83807117074601,0.9439853146453677,0.3326150959058696,0.49255878898214156,1,"[[3, 4], [3, 4], [3, 4], [2, 4]]","[true, true, true, true, true]",0,0.0,0,1,1,0.3664449999999988
figure_eight--neutral,figure_eight,neutral,noise_0p05,measurement_noise,0.05,0.05,0,1.0,1381,violation_safe,13.469925786849245,3.657259704508067,3.657259704508067,0.5141939658729074,0.27151298102018256,1.0,0.6666666666666666,2.83807117074601,0.7322358157799493,0.25800474044753263,0.5155653155637312,3,"[[2, 3], [3, 4], [2, 3], [3, 4]]","[true, true, true, true, true]",0,4.0,0,1,1,0.39242829100001586
figure_eight--neutral,figure_eight,neutral,noise_0p05,measurement_noise,0.05,0.05,0,1.0,1381,dual_anchor_dynamic,13.469925786849245,4.260619338260983,4.720704264432486,0.5405638682244953,0.3163060736697337,1.0,0.8333333333333334,2.83807117074601,0.9725114300652885,0.34266632919203927,0.5412373832612182,2,"[[2, 4], [3, 4], [3, 4], [2, 4]]","[true, true, true, true, false]",1,2.0,0,1,1,0.36082862500001056
figure_eight--demand_aligned,figure_eight,demand_aligned,noise_0p05,measurement_noise,0.05,0.05,0,1.0,1301,full_trajectory,6.662303127483762,0.34369071605109897,0.34369071605109897,0.3108201936139491,0.05158737293613734,0.6666666666666666,0.0,0.7767610300253509,0.03984714065883921,0.051299098588324814,0.3171067552701145,0,"[[0, 1, 2, 3, 4, 5], [0, 1, 2, 3, 4, 5], [0, 1, 2, 3, 4, 5], [0, 1, 2, 3, 4, 5]]","[true, true, true, true, true]",0,0.0,0,1,1,0.20788458300000912
figure_eight--demand_aligned,figure_eight,demand_aligned,noise_0p05,measurement_noise,0.05,0.05,0,1.0,1301,error_peak_dynamic,6.662303127483762,0.3510003883848465,0.3510003883848465,0.2936937026064668,0.05268454191717532,0.6666666666666666,0.0,0.7767610300253509,0.1571911735921762,0.20236748178142508,0.3003169270676947,2,"[[2, 4], [2, 4], [1, 2], [3, 4]]","[true, true, true, true, true]",0,0.0,0,1,1,0.16359920899998315
figure_eight--demand_aligned,figure_eight,demand_aligned,noise_0p05,measurement_noise,0.05,0.05,0,1.0,1301,violation_safe,6.662303127483762,0.4109504791908859,0.3333065847112293,0.281147463980653,0.06168294527092388,0.6666666666666666,0.0,0.7767610300253509,0.23307786793700502,0.3000638020285314,0.29028553834829646,1,"[[2, 4], [2, 4], [2, 4], [3, 4]]","[true, true, true, true, false]",1,2.0,0,1,1,0.15636937499999704
figure_eight--demand_aligned,figure_eight,demand_aligned,noise_0p05,measurement_noise,0.05,0.05,0,1.0,1301,dual_anchor_dynamic,6.662303127483762,0.3820200824206852,0.23230940613379647,0.2768818258009001,0.05734054351936515,0.6666666666666666,0.0,0.7767610300253509,0.08372048699674975,0.10778152322345186,0.286352083901622,1,"[[2, 4], [2, 4], [2, 4], [3, 4]]","[true, true, true, true, false]",1,2.0,0,1,1,0.18995354099999417
figure_eight--demand_aligned,figure_eight,demand_aligned,noise_0p05,measurement_noise,0.05,0.05,0,1.0,1321,full_trajectory,14.076542186703195,2.023373918953259,2.023373918953259,0.378940612311658,0.14374083436943436,1.0,0.3333333333333333,2.210906679930603,0.20348322042587202,0.09203609644539998,0.3793908798493023,0,"[[0, 1, 2, 3, 4, 5], [0, 1, 2, 3, 4, 5], [0, 1, 2, 3, 4, 5], [0, 1, 2, 3, 4, 5]]","[true, true, true, true, true]",0,0.0,0,1,1,0.2828520420000018
figure_eight--demand_aligned,figure_eight,demand_aligned,noise_0p05,measurement_noise,0.05,0.05,0,1.0,1321,error_peak_dynamic,14.076542186703195,1.880141557372455,1.880141557372455,0.4230904800222882,0.13356558254401785,1.0,0.5,2.210906679930603,0.3552208699139054,0.16066750946044236,0.423538727791882,2,"[[3, 4], [2, 3], [2, 3], [3, 4]]","[true, true, true, true, true]",0,0.0,0,1,1,0.2117807920000132
figure_eight--demand_aligned,figure_eight,demand_aligned,noise_0p05,measurement_noise,0.05,0.05,0,1.0,1321,violation_safe,14.076542186703195,1.880141557372455,1.880141557372455,0.4230904800222882,0.13356558254401785,1.0,0.5,2.210906679930603,0.3552208699139054,0.16066750946044236,0.423538727791882,2,"[[3, 4], [2, 3], [2, 3], [3, 4]]","[true, true, true, true, true]",0,4.0,0,1,1,0.21428191600000446
figure_eight--demand_aligned,figure_eight,demand_aligned,noise_0p05,measurement_noise,0.05,0.05,0,1.0,1321,dual_anchor_dynamic,14.076542186703195,1.4999873810537485,1.4999873810537485,0.3542893472729307,0.10655936388061606,1.0,0.3333333333333333,2.210906679930603,0.16819158742364868,0.07607358055878141,0.3560386081151192,2,"[[3, 4], [2, 3], [3, 4], [3, 4]]","[true, true, true, true, true]",0,4.0,0,1,1,0.2836174999999912
figure_eight--demand_aligned,figure_eight,demand_aligned,noise_0p05,measurement_noise,0.05,0.05,0,1.0,1361,full_trajectory,12.608201646763895,1.328780609512324,1.328780609512324,0.3552705873221135,0.10539017750032398,1.0,0.3333333333333333,1.9882980769614338,0.1446326078011916,0.07274191404048569,0.35895185704767113,0,"[[0, 1, 2, 3, 4, 5], [0, 1, 2, 3, 4, 5], [0, 1, 2, 3, 4, 5], [0, 1, 2, 3, 4, 5]]","[true, true, true, true, true]",0,0.0,0,1,1,0.23435004199998843
figure_eight--demand_aligned,figure_eight,demand_aligned,noise_0p05,measurement_noise,0.05,0.05,0,1.0,1361,error_peak_dynamic,12.608201646763895,1.6163526311485963,1.6163526311485963,0.4256422566811194,0.1281985073234818,1.0,0.3333333333333333,1.9882980769614338,0.3396524703187854,0.1708257299317267,0.42865960492302757,2,"[[3, 4], [2, 3], [2, 3], [4, 5]]","[true, true, true, true, true]",0,0.0,0,1,1,0.19539187499998434
figure_eight--demand_aligned,figure_eight,demand_aligned,noise_0p05,measurement_noise,0.05,0.05,0,1.0,1361,violation_safe,12.608201646763895,1.798168905219359,1.798168905219359,0.4274448162289102,0.1426189837058078,1.0,0.3333333333333333,1.9882980769614338,0.3402888941395741,0.17114581464546402,0.4303356651679199,2,"[[3, 4], [2, 3], [2, 3], [3, 4]]","[true, true, true, true, true]",0,4.0,0,1,1,0.1909339169999953
figure_eight--demand_aligned,figure_eight,demand_aligned,noise_0p05,measurement_noise,0.05,0.05,0,1.0,1361,dual_anchor_dynamic,12.608201646763895,1.4884087584033674,1.4884087584033674,0.3594164762483282,0.11805083707440484,1.0,0.16666666666666666,1.9882980769614338,0.1395229980794593,0.07017207313939658,0.362521189614549,2,"[[3, 4], [2, 3], [2, 3], [3, 4]]","[true, true, true, true, true]",0,4.0,0,1,1,0.24831125000000043
figure_eight--demand_aligned,figure_eight,demand_aligned,noise_0p05,measurement_noise,0.05,0.05,0,1.0,1381,full_trajectory,20.070144320554043,5.981701385412965,5.981701385412965,0.4929920888456501,0.2980397793795156,1.0,0.5,2.83807117074601,0.761891055517241,0.268453822924029,0.49030007055014924,0,"[[0, 1, 2, 3, 4, 5], [0, 1, 2, 3, 4, 5], [0, 1, 2, 3, 4, 5], [0, 1, 2, 3, 4, 5]]","[true, true, true, true, true]",0,0.0,0,1,1,0.35692683399997804
figure_eight--demand_aligned,figure_eight,demand_aligned,noise_0p05,measurement_noise,0.05,0.05,0,1.0,1381,error_peak_dynamic,20.070144320554043,7.364325512077533,7.364325512077533,0.5562949486807925,0.3669293750187761,1.0,0.8333333333333334,2.83807117074601,1.3120768049153915,0.4623128617914474,0.5542517155793398,3,"[[3, 4], [2, 4], [3, 4], [2, 4]]","[true, true, true, true, true]",0,0.0,0,1,1,0.28969399999999723
figure_eight--demand_aligned,figure_eight,demand_aligned,noise_0p05,measurement_noise,0.05,0.05,0,1.0,1381,violation_safe,20.070144320554043,6.82583531115534,6.82583531115534,0.5499483391497221,0.3400989650166557,1.0,0.8333333333333334,2.83807117074601,1.3189730566049132,0.4647427697375927,0.5478481606219103,3,"[[2, 4], [3, 4], [2, 4], [3, 4]]","[true, true, true, true, true]",0,4.0,0,1,1,0.26521174999999175
figure_eight--demand_aligned,figure_eight,demand_aligned,noise_0p05,measurement_noise,0.05,0.05,0,1.0,1381,dual_anchor_dynamic,20.070144320554043,5.793050138445615,5.793050138445615,0.4841556095142208,0.28864018344466474,1.0,0.6666666666666666,2.83807117074601,0.9073383603313422,0.31970246894578086,0.48151966675308333,2,"[[3, 4], [3, 4], [2, 4], [3, 4]]","[true, true, true, true, true]",0,4.0,0,1,1,0.34079416700001275
figure_eight--demand_conflict,figure_eight,demand_conflict,noise_0p05,measurement_noise,0.05,0.05,0,1.0,1301,full_trajectory,2.6825533801506385,0.14743188189275913,0.14743188189275913,0.3069857182685659,0.0549595333251039,0.6666666666666666,0.0,0.7767610300253509,0.03904409827485633,0.05026526404598601,0.3379411022687198,0,"[[0, 1, 2, 3, 4, 5], [0, 1, 2, 3, 4, 5], [0, 1, 2, 3, 4, 5], [0, 1, 2, 3, 4, 5]]","[true, true, true, true, true]",0,0.0,0,1,1,0.2082128330000046
figure_eight--demand_conflict,figure_eight,demand_conflict,noise_0p05,measurement_noise,0.05,0.05,0,1.0,1301,error_peak_dynamic,2.6825533801506385,0.13495682299697004,0.13495682299697004,0.2789732079567353,0.050309091329020096,0.6666666666666666,0.0,0.7767610300253509,0.06316246479484434,0.08131518234479777,0.3110767904358649,1,"[[2, 4], [2, 4], [2, 4], [2, 3]]","[true, true, true, true, true]",0,0.0,0,1,1,0.1870968749999804
figure_eight--demand_conflict,figure_eight,demand_conflict,noise_0p05,measurement_noise,0.05,0.05,0,1.0,1301,violation_safe,2.6825533801506385,0.2715678613168872,0.19787886493205809,0.28828075041763257,0.10123483965923442,0.6666666666666666,0.0,0.7767610300253509,0.11149726063025941,0.14354126471383422,0.3151524759242106,2,"[[2, 4], [2, 4], [1, 3], [0, 2]]","[true, true, true, true, false]",1,2.0,0,1,1,0.17479695900001957
figure_eight--demand_conflict,figure_eight,demand_conflict,noise_0p05,measurement_noise,0.05,0.05,0,1.0,1301,dual_anchor_dynamic,2.6825533801506385,0.2157009521816394,0.15408601893439255,0.2808643668443173,0.08040882011060922,0.6666666666666666,0.0,0.7767610300253509,0.08869084571352374,0.11418034927760108,0.31137780072689003,2,"[[2, 4], [2, 4], [3, 4], [0, 2]]","[true, true, true, true, false]",1,2.0,0,1,1,0.19934779199999753
figure_eight--demand_conflict,figure_eight,demand_conflict,noise_0p05,measurement_noise,0.05,0.05,0,1.0,1321,full_trajectory,9.679461353832531,1.1242153175505223,1.1242153175505223,0.3962681572102196,0.11614440891438604,1.0,0.16666666666666666,2.210906679930603,0.2031293823604574,0.09187605438273556,0.39943159950520635,0,"[[0, 1, 2, 3, 4, 5], [0, 1, 2, 3, 4, 5], [0, 1, 2, 3, 4, 5], [0, 1, 2, 3, 4, 5]]","[true, true, true, true, true]",0,0.0,0,1,1,0.28961716700001716
figure_eight--demand_conflict,figure_eight,demand_conflict,noise_0p05,measurement_noise,0.05,0.05,0,1.0,1321,error_peak_dynamic,9.679461353832531,0.6833192549587406,0.6833192549587406,0.3728924046967796,0.07059476038800279,1.0,0.0,2.210906679930603,0.1970056459253617,0.08910626925761761,0.37665270909227916,2,"[[3, 4], [2, 3], [2, 3], [3, 4]]","[true, true, true, true, true]",0,0.0,0,1,1,0.2651904580000064
figure_eight--demand_conflict,figure_eight,demand_conflict,noise_0p05,measurement_noise,0.05,0.05,0,1.0,1321,violation_safe,9.679461353832531,1.0244533405751919,1.0244533405751919,0.3740486156641708,0.10583784604600596,1.0,0.3333333333333333,2.210906679930603,0.2938014305550763,0.13288730511425217,0.376007247693807,3,"[[2, 3], [3, 5], [0, 3], [2, 3]]","[true, true, true, true, true]",0,4.0,0,1,1,0.2452769999999873
figure_eight--demand_conflict,figure_eight,demand_conflict,noise_0p05,measurement_noise,0.05,0.05,0,1.0,1321,dual_anchor_dynamic,9.679461353832531,0.7445935644546642,0.7445935644546642,0.37621832670503913,0.07692510329201803,1.0,0.0,2.210906679930603,0.1772685139387298,0.08017910278524013,0.37967960784284993,2,"[[3, 4], [2, 3], [2, 3], [3, 4]]","[true, true, true, true, true]",0,4.0,0,1,1,0.2835053750000043
figure_eight--demand_conflict,figure_eight,demand_conflict,noise_0p05,measurement_noise,0.05,0.05,0,1.0,1361,full_trajectory,8.687402959992049,0.8521689012939958,0.8521689012939958,0.3757535189760618,0.09809248002175966,1.0,0.16666666666666666,1.9882980769614338,0.14309968750520277,0.07197094297042787,0.37998903007189566,0,"[[0, 1, 2, 3, 4, 5], [0, 1, 2, 3, 4, 5], [0, 1, 2, 3, 4, 5], [0, 1, 2, 3, 4, 5]]","[true, true, true, true, true]",0,0.0,0,1,1,0.24160708400000885
figure_eight--demand_conflict,figure_eight,demand_conflict,noise_0p05,measurement_noise,0.05,0.05,0,1.0,1361,error_peak_dynamic,8.687402959992049,0.5961973586091134,0.5961973586091134,0.3531907768241501,0.06862780066203572,1.0,0.0,1.9882980769614338,0.1765324004286907,0.08878568182215006,0.35693557129545594,2,"[[3, 4], [2, 3], [2, 3], [3, 4]]","[true, true, true, true, true]",0,0.0,0,1,1,0.23041870800000197
figure_eight--demand_conflict,figure_eight,demand_conflict,noise_0p05,measurement_noise,0.05,0.05,0,1.0,1361,violation_safe,8.687402959992049,0.9531940567361104,0.9531940567361104,0.3582511666938803,0.10972140478873132,1.0,0.16666666666666666,1.9882980769614338,0.2887295183639401,0.14521440306635697,0.36257686257445987,3,"[[2, 3], [3, 5], [0, 3], [2, 3]]","[true, true, true, true, true]",0,4.0,0,1,1,0.22613391699999852
figure_eight--demand_conflict,figure_eight,demand_conflict,noise_0p05,measurement_noise,0.05,0.05,0,1.0,1361,dual_anchor_dynamic,8.687402959992049,0.5021550683611803,0.5021550683611803,0.3505811444568878,0.05780266791741405,1.0,0.0,1.9882980769614338,0.13364157620690828,0.0672140549525364,0.3546602844226271,2,"[[3, 4], [2, 3], [2, 3], [3, 4]]","[true, true, true, true, true]",0,4.0,0,1,1,0.24926112500000386
figure_eight--demand_conflict,figure_eight,demand_conflict,noise_0p05,measurement_noise,0.05,0.05,0,1.0,1381,full_trajectory,11.068538098058209,4.026953294570392,4.026953294570392,0.5690255991628197,0.36381979796201397,1.0,0.6666666666666666,2.83807117074601,0.7629115474644218,0.2688133952834891,0.5698992876281149,0,"[[0, 1, 2, 3, 4, 5], [0, 1, 2, 3, 4, 5], [0, 1, 2, 3, 4, 5], [0, 1, 2, 3, 4, 5]]","[true, true, true, true, true]",0,0.0,0,1,1,0.34444725000000176
figure_eight--demand_conflict,figure_eight,demand_conflict,noise_0p05,measurement_noise,0.05,0.05,0,1.0,1381,error_peak_dynamic,11.068538098058209,3.851570928831138,3.851570928831138,0.4965223372741261,0.3479746733226524,1.0,1.0,2.83807117074601,0.8624300548733401,0.3038789385421379,0.4979784235292891,3,"[[3, 4], [2, 3], [3, 4], [2, 4]]","[true, true, true, true, true]",0,0.0,0,1,1,0.3308777500000133
figure_eight--demand_conflict,figure_eight,demand_conflict,noise_0p05,measurement_noise,0.05,0.05,0,1.0,1381,violation_safe,11.068538098058209,3.3844704668882426,3.3844704668882426,0.5104698037956059,0.305773936621494,1.0,0.8333333333333334,2.83807117074601,0.7078701915594375,0.2494194644785346,0.5112278596175772,2,"[[2, 3], [3, 5], [2, 3], [2, 3]]","[true, true, true, true, true]",0,4.0,0,1,1,0.33988995800001476
figure_eight--demand_conflict,figure_eight,demand_conflict,noise_0p05,measurement_noise,0.05,0.05,0,1.0,1381,dual_anchor_dynamic,11.068538098058209,2.9848998483765343,3.7328436706645722,0.47853277050718923,0.2696742624845991,1.0,1.0,2.83807117074601,0.9656776392415032,0.340258429455688,0.48103225899250956,1,"[[3, 4], [3, 4], [3, 4], [2, 4]]","[true, true, true, true, false]",1,2.0,0,1,1,0.3429972919999784
s_curve--neutral,s_curve,neutral,noise_0p05,measurement_noise,0.05,0.05,0,1.0,1301,full_trajectory,2.0489244854647204,0.2562065603489101,0.2562065603489101,0.38673831576851453,0.12504441338197947,0.3333333333333333,0.0,0.31989924516883306,0.051884082688902045,0.16218882498931564,0.4315057946530619,0,"[[0, 1, 2, 3, 4, 5], [0, 1, 2, 3, 4, 5], [0, 1, 2, 3, 4, 5], [0, 1, 2, 3, 4, 5]]","[true, true, true, true, true]",0,0.0,0,1,1,0.2132601670000156
s_curve--neutral,s_curve,neutral,noise_0p05,measurement_noise,0.05,0.05,0,1.0,1301,error_peak_dynamic,2.0489244854647204,0.19235547223495997,0.19235547223495997,0.3092391449162749,0.0938811916200667,0.3333333333333333,0.0,0.31989924516883306,0.08842190782780442,0.2764054906760972,0.36801429399725494,1,"[[2, 4], [2, 4], [2, 4], [1, 4]]","[true, true, true, true, true]",0,0.0,0,1,1,0.1979266249999796
s_curve--neutral,s_curve,neutral,noise_0p05,measurement_noise,0.05,0.05,0,1.0,1301,violation_safe,2.0489244854647204,0.19235547223495997,0.19235547223495997,0.3092391449162749,0.0938811916200667,0.3333333333333333,0.0,0.31989924516883306,0.08842190782780442,0.2764054906760972,0.36801429399725494,1,"[[2, 4], [2, 4], [2, 4], [1, 4]]","[true, true, true, true, true]",0,4.0,0,1,1,0.20012470800000415
s_curve--neutral,s_curve,neutral,noise_0p05,measurement_noise,0.05,0.05,0,1.0,1301,dual_anchor_dynamic,2.0489244854647204,0.19235547223495997,0.19235547223495997,0.3092391449162749,0.0938811916200667,0.3333333333333333,0.0,0.31989924516883306,0.08842190782780442,0.2764054906760972,0.36801429399725494,1,"[[2, 4], [2, 4], [2, 4], [1, 4]]","[true, true, true, true, true]",0,4.0,0,1,1,0.20075349999999048
s_curve--neutral,s_curve,neutral,noise_0p05,measurement_noise,0.05,0.05,0,1.0,1321,full_trajectory,6.001328185041688,0.9598777732859842,0.9598777732859842,0.3926075067141439,0.15994422296025734,1.0,0.16666666666666666,0.9811304334482406,0.19762362278880927,0.20142441417727655,0.39648308122016024,0,"[[0, 1, 2, 3, 4, 5], [0, 1, 2, 3, 4, 5], [0, 1, 2, 3, 4, 5], [0, 1, 2, 3, 4, 5]]","[true, true, true, true, true]",0,0.0,0,1,1,0.2434641250000027
s_curve--neutral,s_curve,neutral,noise_0p05,measurement_noise,0.05,0.05,0,1.0,1321,error_peak_dynamic,6.001328185041688,0.8109299125024785,0.8109299125024785,0.37059897781987505,0.135125073566835,1.0,0.16666666666666666,0.9811304334482406,0.2787775518757925,0.284139134178126,0.37534086856836313,1,"[[3, 4], [3, 4], [2, 4], [2, 4]]","[true, true, true, true, true]",0,0.0,0,1,1,0.21551175000001876
s_curve--neutral,s_curve,neutral,noise_0p05,measurement_noise,0.05,0.05,0,1.0,1321,violation_safe,6.001328185041688,0.8431024828173981,0.8431024828173981,0.37126909136230535,0.14048598190627723,1.0,0.16666666666666666,0.9811304334482406,0.2686138174486261,0.27377992598248846,0.37580913721727277,2,"[[3, 4], [3, 4], [2, 4], [2, 3]]","[true, true, true, true, true]",0,4.0,0,1,1,0.2179593749999924
s_curve--neutral,s_curve,neutral,noise_0p05,measurement_noise,0.05,0.05,0,1.0,1321,dual_anchor_dynamic,6.001328185041688,0.8109299125024785,0.8109299125024785,0.37059897781987505,0.135125073566835,1.0,0.16666666666666666,0.9811304334482406,0.2787775518757925,0.284139134178126,0.37534086856836313,1,"[[3, 4], [3, 4], [2, 4], [2, 4]]","[true, true, true, true, true]",0,4.0,0,1,1,0.2595867089999899
s_curve--neutral,s_curve,neutral,noise_0p05,measurement_noise,0.05,0.05,0,1.0,1361,full_trajectory,5.422951622632681,0.7554943052843913,0.7554943052843913,0.3769823445110594,0.13931422550983802,1.0,0.16666666666666666,0.8789687362044573,0.15076758208228452,0.17152780966172432,0.3874394094330661,0,"[[0, 1, 2, 3, 4, 5], [0, 1, 2, 3, 4, 5], [0, 1, 2, 3, 4, 5], [0, 1, 2, 3, 4, 5]]","[true, true, true, true, true]",0,0.0,0,1,1,0.24123450000001867
s_curve--neutral,s_curve,neutral,noise_0p05,measurement_noise,0.05,0.05,0,1.0,1361,error_peak_dynamic,5.422951622632681,0.614899554828362,0.614899554828362,0.3570722942711166,0.11338835335762162,1.0,0.0,0.8789687362044573,0.22508221453986135,0.25607533609421224,0.36431190541459485,1,"[[3, 4], [3, 4], [2, 4], [2, 4]]","[true, true, true, true, true]",0,0.0,0,1,1,0.21901179099998558
s_curve--neutral,s_curve,neutral,noise_0p05,measurement_noise,0.05,0.05,0,1.0,1361,violation_safe,5.422951622632681,0.614899554828362,0.614899554828362,0.3570722942711166,0.11338835335762162,1.0,0.0,0.8789687362044573,0.22508221453986135,0.25607533609421224,0.36431190541459485,1,"[[3, 4], [3, 4], [2, 4], [2, 4]]","[true, true, true, true, true]",0,4.0,0,1,1,0.22034395900001869
s_curve--neutral,s_curve,neutral,noise_0p05,measurement_noise,0.05,0.05,0,1.0,1361,dual_anchor_dynamic,5.422951622632681,0.614899554828362,0.614899554828362,0.3570722942711166,0.11338835335762162,1.0,0.0,0.8789687362044573,0.22508221453986135,0.25607533609421224,0.36431190541459485,1,"[[3, 4], [3, 4], [2, 4], [2, 4]]","[true, true, true, true, true]",0,4.0,0,1,1,0.22006333300001302
s_curve--neutral,s_curve,neutral,noise_0p05,measurement_noise,0.05,0.05,0,1.0,1381,full_trajectory,8.317582620681858,2.0141380638302904,2.0141380638302904,0.456059386296243,0.24215425991947354,1.0,0.5,1.2574448167177932,0.4462008384928899,0.3548472525876499,0.4608971926304074,0,"[[0, 1, 2, 3, 4, 5], [0, 1, 2, 3, 4, 5], [0, 1, 2, 3, 4, 5], [0, 1, 2, 3, 4, 5]]","[true, true, true, true, true]",0,0.0,0,1,1,0.25065370900000516
s_curve--neutral,s_curve,neutral,noise_0p05,measurement_noise,0.05,0.05,0,1.0,1381,error_peak_dynamic,8.317582620681858,1.6175844233537278,1.6175844233537278,0.41300097503003064,0.1944777103063055,1.0,0.5,1.2574448167177932,0.5489665321345976,0.43657306057177175,0.41803323737401965,1,"[[3, 4], [3, 4], [2, 4], [2, 4]]","[true, true, true, true, true]",0,0.0,0,1,1,0.23777041700000723
s_curve--neutral,s_curve,neutral,noise_0p05,measurement_noise,0.05,0.05,0,1.0,1381,violation_safe,8.317582620681858,1.6564949402379157,1.6564949402379157,0.4135857380353814,0.1991558143491119,1.0,0.3333333333333333,1.2574448167177932,0.5222768523051164,0.41534773165503486,0.4185892509854331,2,"[[3, 4], [3, 4], [2, 4], [2, 3]]","[true, true, true, true, true]",0,4.0,0,1,1,0.23589937500000246
s_curve--neutral,s_curve,neutral,noise_0p05,measurement_noise,0.05,0.05,0,1.0,1381,dual_anchor_dynamic,8.317582620681858,1.6175844233537278,1.6175844233537278,0.41300097503003064,0.1944777103063055,1.0,0.5,1.2574448167177932,0.5489665321345976,0.43657306057177175,0.41803323737401965,1,"[[3, 4], [3, 4], [2, 4], [2, 4]]","[true, true, true, true, true]",0,4.0,0,1,1,0.23927445800001124
s_curve--demand_aligned,s_curve,demand_aligned,noise_0p05,measurement_noise,0.05,0.05,0,1.0,1301,full_trajectory,2.7646735230087316,0.4703103757744561,0.4703103757744561,0.4247584472841864,0.17011425467070265,0.3333333333333333,0.0,0.31989924516883306,0.05489080161919593,0.17158778099093744,0.4427830676077087,0,"[[0, 1, 2, 3, 4, 5], [0, 1, 2, 3, 4, 5], [0, 1, 2, 3, 4, 5], [0, 1, 2, 3, 4, 5]]","[true, true, true, true, true]",0,0.0,0,1,1,0.21844195799999966
s_curve--demand_aligned,s_curve,demand_aligned,noise_0p05,measurement_noise,0.05,0.05,0,1.0,1301,error_peak_dynamic,2.7646735230087316,0.5500946909133813,0.5500946909133813,0.3961905033309978,0.1989727489829344,0.3333333333333333,0.0,0.31989924516883306,0.16681459268790658,0.5214597883776404,0.4181364890277586,3,"[[2, 4], [1, 4], [0, 2], [3, 4]]","[true, true, true, true, true]",0,0.0,0,1,1,0.14309095900000557
s_curve--demand_aligned,s_curve,demand_aligned,noise_0p05,measurement_noise,0.05,0.05,0,1.0,1301,violation_safe,2.7646735230087316,0.34591334329314327,0.39842191881121314,0.3286163001050122,0.1251190567039155,0.3333333333333333,0.0,0.31989924516883306,0.20164532703210433,0.6303401151374461,0.3554057794894157,1,"[[2, 4], [2, 4], [2, 4], [3, 4]]","[true, true, true, true, false]",1,2.0,0,1,1,0.14912441600000648
s_curve--demand_aligned,s_curve,demand_aligned,noise_0p05,measurement_noise,0.05,0.05,0,1.0,1301,dual_anchor_dynamic,2.7646735230087316,0.3754261064443092,0.27022090884265676,0.32661646031697006,0.13579401087320483,0.3333333333333333,0.0,0.31989924516883306,0.11595377612892938,0.36246967718767986,0.354963066153935,1,"[[2, 4], [2, 4], [2, 4], [2, 3]]","[true, true, true, true, false]",1,2.0,0,1,1,0.2028589580000073
s_curve--demand_aligned,s_curve,demand_aligned,noise_0p05,measurement_noise,0.05,0.05,0,1.0,1321,full_trajectory,7.757935751294778,1.5797445439417428,1.5797445439417428,0.43349691821770125,0.20362949560108018,0.8333333333333334,0.16666666666666666,0.9811304334482406,0.19938498647503441,0.20321965324659655,0.4313864945755929,0,"[[0, 1, 2, 3, 4, 5], [0, 1, 2, 3, 4, 5], [0, 1, 2, 3, 4, 5], [0, 1, 2, 3, 4, 5]]","[true, true, true, true, true]",0,0.0,0,1,1,0.2438197500000001
s_curve--demand_aligned,s_curve,demand_aligned,noise_0p05,measurement_noise,0.05,0.05,0,1.0,1321,error_peak_dynamic,7.757935751294778,1.4034122668234619,1.4034122668234619,0.40967502426811564,0.1809002177659484,0.8333333333333334,0.16666666666666666,0.9811304334482406,0.41989667746111503,0.4279723298209836,0.40925811373670423,3,"[[3, 4], [2, 4], [1, 4], [2, 4]]","[true, true, true, true, true]",0,0.0,0,1,1,0.1655224579999981
s_curve--demand_aligned,s_curve,demand_aligned,noise_0p05,measurement_noise,0.05,0.05,0,1.0,1321,violation_safe,7.757935751294778,0.944218373055201,0.944218373055201,0.37393979810759903,0.12171000164542656,0.8333333333333334,0.16666666666666666,0.9811304334482406,0.44193332153878395,0.4504327931053808,0.3757511566781416,1,"[[3, 4], [2, 4], [2, 4], [2, 4]]","[true, true, true, true, true]",0,4.0,0,1,1,0.2378060409999989
s_curve--demand_aligned,s_curve,demand_aligned,noise_0p05,measurement_noise,0.05,0.05,0,1.0,1321,dual_anchor_dynamic,7.757935751294778,1.0754245831806992,1.0754245831806992,0.376987673002983,0.1386225173366786,0.8333333333333334,0.16666666666666666,0.9811304334482406,0.28092628420419186,0.28632919194735396,0.37799768886910495,1,"[[3, 4], [2, 4], [2, 4], [2, 4]]","[true, true, true, true, true]",0,4.0,0,1,1,0.21670604199999843
s_curve--demand_aligned,s_curve,demand_aligned,noise_0p05,measurement_noise,0.05,0.05,0,1.0,1361,full_trajectory,7.0025122787419,1.2967659855676303,1.2967659855676303,0.4126702612466417,0.18518582102373873,0.8333333333333334,0.16666666666666666,0.8789687362044573,0.15524603006113097,0.17662292601157903,0.42059835906518916,0,"[[0, 1, 2, 3, 4, 5], [0, 1, 2, 3, 4, 5], [0, 1, 2, 3, 4, 5], [0, 1, 2, 3, 4, 5]]","[true, true, true, true, true]",0,0.0,0,1,1,0.24269683299999656
s_curve--demand_aligned,s_curve,demand_aligned,noise_0p05,measurement_noise,0.05,0.05,0,1.0,1361,error_peak_dynamic,7.0025122787419,1.1681369314598313,1.1681369314598313,0.43916139484404404,0.16681683443898274,0.8333333333333334,0.3333333333333333,0.8789687362044573,0.35823560890220413,0.4075635391187279,0.4458158777622844,2,"[[3, 4], [3, 4], [1, 2], [2, 4]]","[true, true, true, true, true]",0,0.0,0,1,1,0.16236554200000342
s_curve--demand_aligned,s_curve,demand_aligned,noise_0p05,measurement_noise,0.05,0.05,0,1.0,1361,violation_safe,7.0025122787419,0.9929417882754985,0.9929417882754985,0.3642933609196929,0.1417979360478743,0.8333333333333334,0.3333333333333333,0.8789687362044573,0.3602228044031057,0.4098243652653809,0.37177653899831914,2,"[[3, 4], [2, 4], [2, 4], [1, 2]]","[true, true, true, true, true]",0,4.0,0,1,1,0.1638533329999916
s_curve--demand_aligned,s_curve,demand_aligned,noise_0p05,measurement_noise,0.05,0.05,0,1.0,1361,dual_anchor_dynamic,7.0025122787419,1.1201327369877427,1.1201327369877427,0.39979875378702284,0.15996155271133497,0.8333333333333334,0.16666666666666666,0.8789687362044573,0.23134898638115836,0.26320502294559905,0.40792389021646763,1,"[[3, 4], [3, 4], [2, 4], [2, 4]]","[true, true, true, true, true]",0,4.0,0,1,1,0.21918804200001318
s_curve--demand_aligned,s_curve,demand_aligned,noise_0p05,measurement_noise,0.05,0.05,0,1.0,1381,full_trajectory,10.86446444468091,3.3806695677966845,3.3806695677966845,0.5095062852909056,0.31116762220634014,0.8333333333333334,0.5,1.2574448167177932,0.4485427987647366,0.3567097281736241,0.5107633660906665,0,"[[0, 1, 2, 3, 4, 5], [0, 1, 2, 3, 4, 5], [0, 1, 2, 3, 4, 5], [0, 1, 2, 3, 4, 5]]","[true, true, true, true, true]",0,0.0,0,1,1,0.25672870799999714
s_curve--demand_aligned,s_curve,demand_aligned,noise_0p05,measurement_noise,0.05,0.05,0,1.0,1381,error_peak_dynamic,10.86446444468091,2.495506871351362,2.495506871351362,0.4623600173962581,0.22969442111554123,0.8333333333333334,0.5,1.2574448167177932,0.7011840847194858,0.5576261283176864,0.4629524456650881,2,"[[3, 4], [3, 4], [1, 2], [2, 4]]","[true, true, true, true, true]",0,0.0,0,1,1,0.1692373329999839
s_curve--demand_aligned,s_curve,demand_aligned,noise_0p05,measurement_noise,0.05,0.05,0,1.0,1381,violation_safe,10.86446444468091,1.71086692280205,1.71086692280205,0.39457774996813344,0.15747365473128927,0.8333333333333334,0.6666666666666666,1.2574448167177932,0.7458105708096364,0.5931159450451,0.39451295038075107,1,"[[3, 4], [2, 4], [2, 4], [2, 4]]","[true, true, true, true, true]",0,4.0,0,1,1,0.17804541699999277
s_curve--demand_aligned,s_curve,demand_aligned,noise_0p05,measurement_noise,0.05,0.05,0,1.0,1381,dual_anchor_dynamic,10.86446444468091,2.661434306611812,2.661434306611812,0.4611911671595973,0.24496691209798313,0.8333333333333334,0.5,1.2574448167177932,0.5473627606276833,0.4352976395866183,0.46273593194498963,1,"[[3, 4], [3, 4], [2, 4], [2, 4]]","[true, true, true, true, true]",0,4.0,0,1,1,0.2349137919999862
s_curve--demand_conflict,s_curve,demand_conflict,noise_0p05,measurement_noise,0.05,0.05,0,1.0,1301,full_trajectory,1.3772229259472597,0.15228006105951353,0.15228006105951353,0.37248095686560795,0.11057037912346301,0.16666666666666666,0.0,0.31989924516883306,0.05515452795400172,0.1724121853582144,0.4447126274313935,0,"[[0, 1, 2, 3, 4, 5], [0, 1, 2, 3, 4, 5], [0, 1, 2, 3, 4, 5], [0, 1, 2, 3, 4, 5]]","[true, true, true, true, true]",0,0.0,0,1,1,0.2216441670000222
s_curve--demand_conflict,s_curve,demand_conflict,noise_0p05,measurement_noise,0.05,0.05,0,1.0,1301,error_peak_dynamic,1.3772229259472597,0.10414006096054054,0.10414006096054054,0.304937138476547,0.07561597980872456,0.16666666666666666,0.0,0.31989924516883306,0.10383146006207934,0.3245755081643918,0.4063390720876105,0,"[[2, 4], [2, 4], [2, 4], [2, 4]]","[true, true, true, true, true]",0,0.0,0,1,1,0.18375650000001542
s_curve--demand_conflict,s_curve,demand_conflict,noise_0p05,measurement_noise,0.05,0.05,0,1.0,1301,violation_safe,1.3772229259472597,0.26604544405769426,0.2587422978975066,0.3556001261455023,0.19317529431533903,0.16666666666666666,0.0,0.31989924516883306,0.1441862033966655,0.450723799990739,0.4175051917827898,3,"[[3, 4], [2, 4], [1, 3], [0, 2]]","[true, true, true, true, false]",1,2.0,0,1,1,0.1767362500000047
s_curve--demand_conflict,s_curve,demand_conflict,noise_0p05,measurement_noise,0.05,0.05,0,1.0,1301,dual_anchor_dynamic,1.3772229259472597,0.11712777522150145,0.13114374400268197,0.30633672562117176,0.0850463443606564,0.16666666666666666,0.0,0.31989924516883306,0.1149522213021334,0.3593388325798178,0.4074736261227101,1,"[[2, 4], [2, 4], [2, 4], [0, 4]]","[true, true, true, true, false]",1,2.0,0,1,1,0.20403183300001615
s_curve--demand_conflict,s_curve,demand_conflict,noise_0p05,measurement_noise,0.05,0.05,0,1.0,1321,full_trajectory,4.501068788782797,0.5361300352257512,0.5361300352257512,0.36801414362976137,0.11911171776842235,1.0,0.0,0.9811304334482406,0.1960871150966857,0.19985835563934756,0.37816805845102147,0,"[[0, 1, 2, 3, 4, 5], [0, 1, 2, 3, 4, 5], [0, 1, 2, 3, 4, 5], [0, 1, 2, 3, 4, 5]]","[true, true, true, true, true]",0,0.0,0,1,1,0.24224583299999836
s_curve--demand_conflict,s_curve,demand_conflict,noise_0p05,measurement_noise,0.05,0.05,0,1.0,1321,error_peak_dynamic,4.501068788782797,0.5102052815500662,0.5102052815500662,0.35863647066372994,0.11335202937168143,1.0,0.0,0.9811304334482406,0.32332858621430466,0.32954699517162805,0.36685569397483414,2,"[[3, 4], [3, 4], [2, 3], [2, 4]]","[true, true, true, true, true]",0,0.0,0,1,1,0.20764133400001583
s_curve--demand_conflict,s_curve,demand_conflict,noise_0p05,measurement_noise,0.05,0.05,0,1.0,1321,violation_safe,4.501068788782797,0.5102052815500662,0.5102052815500662,0.35863647066372994,0.11335202937168143,1.0,0.0,0.9811304334482406,0.32332858621430466,0.32954699517162805,0.36685569397483414,2,"[[3, 4], [3, 4], [2, 3], [2, 4]]","[true, true, true, true, true]",0,4.0,0,1,1,0.2110468330000117
s_curve--demand_conflict,s_curve,demand_conflict,noise_0p05,measurement_noise,0.05,0.05,0,1.0,1321,dual_anchor_dynamic,4.501068788782797,0.4739047261093578,0.4739047261093578,0.3503127001741866,0.10528715475097496,1.0,0.0,0.9811304334482406,0.2766849886846444,0.28200632581767826,0.3593249778643663,2,"[[3, 4], [3, 4], [2, 3], [2, 4]]","[true, true, true, true, true]",0,4.0,0,1,1,0.2166373750000048
s_curve--demand_conflict,s_curve,demand_conflict,noise_0p05,measurement_noise,0.05,0.05,0,1.0,1361,full_trajectory,4.041865039252978,0.4100012310385334,0.4100012310385334,0.3511015216998269,0.10143862475781978,1.0,0.0,0.8789687362044573,0.1509966425908478,0.17178841109056742,0.36774157072690083,0,"[[0, 1, 2, 3, 4, 5], [0, 1, 2, 3, 4, 5], [0, 1, 2, 3, 4, 5], [0, 1, 2, 3, 4, 5]]","[true, true, true, true, true]",0,0.0,0,1,1,0.24332091700000547
s_curve--demand_conflict,s_curve,demand_conflict,noise_0p05,measurement_noise,0.05,0.05,0,1.0,1361,error_peak_dynamic,4.041865039252978,0.4543011998581711,0.4543011998581711,0.3453962223159762,0.11239890383428922,1.0,0.0,0.8789687362044573,0.26193508369598734,0.2980027308218827,0.36272084254590453,2,"[[3, 4], [3, 4], [2, 4], [2, 3]]","[true, true, true, true, true]",0,0.0,0,1,1,0.20117612499998927
s_curve--demand_conflict,s_curve,demand_conflict,noise_0p05,measurement_noise,0.05,0.05,0,1.0,1361,violation_safe,4.041865039252978,0.5840412901541041,0.5840412901541041,0.35827815966776316,0.14449796924987066,1.0,0.0,0.8789687362044573,0.2941998076028597,0.33471020695601367,0.3746115795826572,2,"[[3, 4], [3, 4], [1, 2], [3, 4]]","[true, true, true, true, true]",0,4.0,0,1,1,0.18807074999998008
s_curve--demand_conflict,s_curve,demand_conflict,noise_0p05,measurement_noise,0.05,0.05,0,1.0,1361,dual_anchor_dynamic,4.041865039252978,0.4097663366055134,0.4097663366055134,0.3349123366722744,0.10138050939999889,1.0,0.0,0.8789687362044573,0.22056587729921506,0.2509371132489394,0.35491143578351664,2,"[[3, 4], [3, 4], [2, 4], [2, 3]]","[true, true, true, true, true]",0,4.0,0,1,1,0.2213852499999973
s_curve--demand_conflict,s_curve,demand_conflict,noise_0p05,measurement_noise,0.05,0.05,0,1.0,1381,full_trajectory,5.912070166802602,1.131759890987308,1.131759890987308,0.4290503056033401,0.19143208031297648,1.0,0.3333333333333333,1.2574448167177932,0.4443748095984027,0.3533950784085447,0.43130292623821087,0,"[[0, 1, 2, 3, 4, 5], [0, 1, 2, 3, 4, 5], [0, 1, 2, 3, 4, 5], [0, 1, 2, 3, 4, 5]]","[true, true, true, true, true]",0,0.0,0,1,1,0.25883683399999313
s_curve--demand_conflict,s_curve,demand_conflict,noise_0p05,measurement_noise,0.05,0.05,0,1.0,1381,error_peak_dynamic,5.912070166802602,0.9618461643840028,0.9618461643840028,0.3864261592089246,0.16269193992063083,1.0,0.3333333333333333,1.2574448167177932,0.5916152643693536,0.4704900417925291,0.38769368529866954,1,"[[3, 4], [3, 4], [2, 4], [2, 4]]","[true, true, true, true, true]",0,0.0,0,1,1,0.21434383400000456
s_curve--demand_conflict,s_curve,demand_conflict,noise_0p05,measurement_noise,0.05,0.05,0,1.0,1381,violation_safe,5.912070166802602,0.9464869566057632,0.9464869566057632,0.3884806235424207,0.16009399920868114,1.0,0.16666666666666666,1.2574448167177932,0.5896973522312348,0.46896479622101767,0.3907152942584363,2,"[[3, 4], [3, 4], [2, 3], [2, 4]]","[true, true, true, true, true]",0,4.0,0,1,1,0.22187033399998768
s_curve--demand_conflict,s_curve,demand_conflict,noise_0p05,measurement_noise,0.05,0.05,0,1.0,1381,dual_anchor_dynamic,5.912070166802602,0.9252608858498783,0.9252608858498783,0.38634353820833606,0.15650370508885264,1.0,0.16666666666666666,1.2574448167177932,0.5341251778029386,0.4247702727799399,0.3895852092711774,2,"[[3, 4], [3, 4], [2, 3], [2, 4]]","[true, true, true, true, true]",0,4.0,0,1,1,0.24737958299999718
harmonic_loop--neutral,harmonic_loop,neutral,delay_2,added_delay,2.0,0.0,2,1.0,1301,full_trajectory,6.6844627477003575,1.3916766081595962,1.3916766081595962,0.43412238027586736,0.20819573100895383,0.8333333333333334,0.5,1.050270190079566,0.25688761222422596,0.24459192943938052,0.43412238027586736,0,"[[0, 1, 2, 3, 4, 5], [0, 1, 2, 3, 4, 5], [0, 1, 2, 3, 4, 5], [0, 1, 2, 3, 4, 5]]","[true, true, true, true, true]",0,0.0,0,1,1,0.24820279200000073
harmonic_loop--neutral,harmonic_loop,neutral,delay_2,added_delay,2.0,0.0,2,1.0,1301,error_peak_dynamic,6.6844627477003575,1.2204810943105115,1.2204810943105115,0.39450276690761543,0.18258477014183244,0.8333333333333334,0.5,1.050270190079566,0.27690283885857625,0.26364914616647245,0.39450276690761543,2,"[[2, 3], [2, 3], [3, 4], [2, 4]]","[true, true, true, true, true]",0,0.0,0,1,1,0.23204558300000144
harmonic_loop--neutral,harmonic_loop,neutral,delay_2,added_delay,2.0,0.0,2,1.0,1301,violation_safe,6.6844627477003575,1.0736422183443848,1.0736422183443848,0.38527485970392517,0.16061757823599926,0.8333333333333334,0.6666666666666666,1.050270190079566,0.29763395774520063,0.2833879896397446,0.38527485970392517,3,"[[2, 3], [3, 4], [2, 4], [3, 4]]","[true, true, true, true, true]",0,4.0,0,1,1,0.2276822080000045
harmonic_loop--neutral,harmonic_loop,neutral,delay_2,added_delay,2.0,0.0,2,1.0,1301,dual_anchor_dynamic,6.6844627477003575,1.2204810943105115,1.2204810943105115,0.39450276690761543,0.18258477014183244,0.8333333333333334,0.5,1.050270190079566,0.27690283885857625,0.26364914616647245,0.39450276690761543,2,"[[2, 3], [2, 3], [3, 4], [2, 4]]","[true, true, true, true, true]",0,4.0,0,1,1,0.232878707999987
harmonic_loop--neutral,harmonic_loop,neutral,delay_2,added_delay,2.0,0.0,2,1.0,1321,full_trajectory,11.950589500011805,4.292742077622543,4.292742077622543,0.5166301721661165,0.3592075585575341,0.6666666666666666,0.6666666666666666,1.633410939393374,0.8441051325985892,0.5167745067950127,0.5166301721661165,0,"[[0, 1, 2, 3, 4, 5], [0, 1, 2, 3, 4, 5], [0, 1, 2, 3, 4, 5], [0, 1, 2, 3, 4, 5]]","[true, true, true, true, true]",0,0.0,0,1,1,0.29884379199998534
harmonic_loop--neutral,harmonic_loop,neutral,delay_2,added_delay,2.0,0.0,2,1.0,1321,error_peak_dynamic,11.950589500011805,3.585831408801921,3.585831408801921,0.47036342962954286,0.30005477209290626,0.6666666666666666,0.8333333333333334,1.633410939393374,0.9023675268930672,0.5524436656633351,0.47036342962954286,3,"[[2, 3], [3, 4], [1, 3], [3, 4]]","[true, true, true, true, true]",0,0.0,0,1,1,0.29580258299998263
harmonic_loop--neutral,harmonic_loop,neutral,delay_2,added_delay,2.0,0.0,2,1.0,1321,violation_safe,11.950589500011805,3.7053950920471754,3.874103316515675,0.46589912498233615,0.3100596076907767,0.6666666666666666,0.6666666666666666,1.633410939393374,0.9528698195402658,0.5833619676222741,0.46589912498233615,3,"[[3, 4], [1, 3], [3, 4], [1, 3]]","[true, true, true, true, false]",1,2.0,0,1,1,0.2831882090000022
harmonic_loop--neutral,harmonic_loop,neutral,delay_2,added_delay,2.0,0.0,2,1.0,1321,dual_anchor_dynamic,11.950589500011805,3.585831408801921,3.585831408801921,0.47036342962954286,0.30005477209290626,0.6666666666666666,0.8333333333333334,1.633410939393374,0.9023675268930672,0.5524436656633351,0.47036342962954286,3,"[[2, 3], [3, 4], [1, 3], [3, 4]]","[true, true, true, true, true]",0,4.0,0,1,1,0.296253667000002
harmonic_loop--neutral,harmonic_loop,neutral,delay_2,added_delay,2.0,0.0,2,1.0,1361,full_trajectory,10.788890017734637,3.0884531396023918,3.0884531396023918,0.4836993772979322,0.2862623619784457,0.6666666666666666,0.6666666666666666,1.4725299423129057,0.6184372463545762,0.41998279870845656,0.4836993772979322,0,"[[0, 1, 2, 3, 4, 5], [0, 1, 2, 3, 4, 5], [0, 1, 2, 3, 4, 5], [0, 1, 2, 3, 4, 5]]","[true, true, true, true, true]",0,0.0,0,1,1,0.2935329579999859
harmonic_loop--neutral,harmonic_loop,neutral,delay_2,added_delay,2.0,0.0,2,1.0,1361,error_peak_dynamic,10.788890017734637,2.4079272968667382,2.4079272968667382,0.42316640169887426,0.2231858229075112,0.6666666666666666,0.6666666666666666,1.4725299423129057,0.7033236632193868,0.47762944780238215,0.42316640169887426,3,"[[2, 3], [3, 4], [1, 3], [3, 4]]","[true, true, true, true, true]",0,0.0,0,1,1,0.2921980839999776
harmonic_loop--neutral,harmonic_loop,neutral,delay_2,added_delay,2.0,0.0,2,1.0,1361,violation_safe,10.788890017734637,2.419773466484589,2.7301050579916444,0.4133885530180259,0.22428381997656818,0.6666666666666666,0.6666666666666666,1.4725299423129057,0.7607826776629928,0.5166500563431871,0.4133885530180259,2,"[[2, 3], [3, 4], [3, 4], [1, 3]]","[true, true, true, true, false]",1,2.0,0,1,1,0.2985635000000002
harmonic_loop--neutral,harmonic_loop,neutral,delay_2,added_delay,2.0,0.0,2,1.0,1361,dual_anchor_dynamic,10.788890017734637,2.4079272968667382,2.4079272968667382,0.42316640169887426,0.2231858229075112,0.6666666666666666,0.6666666666666666,1.4725299423129057,0.7033236632193868,0.47762944780238215,0.42316640169887426,3,"[[2, 3], [3, 4], [1, 3], [3, 4]]","[true, true, true, true, true]",0,4.0,0,1,1,0.29402266700000723
harmonic_loop--neutral,harmonic_loop,neutral,delay_2,added_delay,2.0,0.0,2,1.0,1381,full_trajectory,16.329109350810718,9.570965280983343,9.570965280983343,0.6804543518846872,0.5861290457037791,0.8333333333333334,0.6666666666666666,2.2133991356782663,1.4036457971295426,0.6341584644648441,0.6804543518846872,0,"[[0, 1, 2, 3, 4, 5], [0, 1, 2, 3, 4, 5], [0, 1, 2, 3, 4, 5], [0, 1, 2, 3, 4, 5]]","[true, true, true, true, true]",0,0.0,0,1,1,0.33645854199997416
harmonic_loop--neutral,harmonic_loop,neutral,delay_2,added_delay,2.0,0.0,2,1.0,1381,error_peak_dynamic,16.329109350810718,9.804016687223857,9.804016687223857,0.6763749570218331,0.6004011900831016,0.8333333333333334,0.6666666666666666,2.2133991356782663,1.5149815273694847,0.6844592567825499,0.6763749570218331,1,"[[2, 3], [2, 3], [1, 3], [1, 3]]","[true, true, true, true, true]",0,0.0,0,1,1,0.31146141700000385
harmonic_loop--neutral,harmonic_loop,neutral,delay_2,added_delay,2.0,0.0,2,1.0,1381,violation_safe,16.329109350810718,9.383738874905635,9.383738874905635,0.6792139576575811,0.574663239329691,0.8333333333333334,0.8333333333333334,2.2133991356782663,1.4917817221530738,0.6739777286919096,0.6792139576575811,2,"[[2, 3], [1, 3], [1, 3], [3, 4]]","[true, true, true, true, true]",0,4.0,0,1,1,0.33453045799998904
harmonic_loop--neutral,harmonic_loop,neutral,delay_2,added_delay,2.0,0.0,2,1.0,1381,dual_anchor_dynamic,16.329109350810718,9.841401859367416,9.94245568630329,0.6774347132224413,0.6026906702586815,0.8333333333333334,0.6666666666666666,2.2133991356782663,1.5782354456890333,0.7130369847214223,0.6774347132224413,1,"[[2, 3], [2, 3], [1, 3], [1, 3]]","[true, true, true, false, false]",2,1.0,0,1,1,0.31381158300001744
harmonic_loop--demand_aligned,harmonic_loop,demand_aligned,delay_2,added_delay,2.0,0.0,2,1.0,1301,full_trajectory,11.001599562986593,2.1722500281161854,2.1722500281161854,0.423936991320354,0.1974485633365924,0.6666666666666666,0.6666666666666666,1.050270190079566,0.25688761222422596,0.24459192943938052,0.423936991320354,0,"[[0, 1, 2, 3, 4, 5], [0, 1, 2, 3, 4, 5], [0, 1, 2, 3, 4, 5], [0, 1, 2, 3, 4, 5]]","[true, true, true, true, true]",0,0.0,0,1,1,0.24656895800001166
harmonic_loop--demand_aligned,harmonic_loop,demand_aligned,delay_2,added_delay,2.0,0.0,2,1.0,1301,error_peak_dynamic,11.001599562986593,1.965661235894199,1.965661235894199,0.4001497001253689,0.17867049465310506,0.6666666666666666,0.5,1.050270190079566,0.4475575877250703,0.4261356667574888,0.4001497001253689,3,"[[2, 3], [1, 3], [2, 4], [1, 3]]","[true, true, true, true, true]",0,0.0,0,1,1,0.17166970799999604
harmonic_loop--demand_aligned,harmonic_loop,demand_aligned,delay_2,added_delay,2.0,0.0,2,1.0,1301,violation_safe,11.001599562986593,1.798383654705348,1.798383654705348,0.3726674822911045,0.16346565282704606,0.6666666666666666,0.6666666666666666,1.050270190079566,0.46281622543200895,0.4406639641909166,0.3726674822911045,3,"[[2, 3], [1, 3], [3, 4], [2, 3]]","[true, true, true, true, true]",0,4.0,0,1,1,0.17008633300000042
harmonic_loop--demand_aligned,harmonic_loop,demand_aligned,delay_2,added_delay,2.0,0.0,2,1.0,1301,dual_anchor_dynamic,11.001599562986593,1.2716518323736392,1.2716518323736392,0.34396210119093806,0.11558790384008716,0.6666666666666666,0.6666666666666666,1.050270190079566,0.29498024315205856,0.28086129258768316,0.34396210119093806,1,"[[2, 3], [2, 3], [3, 4], [3, 4]]","[true, true, true, true, true]",0,4.0,0,1,1,0.2484650419999923
harmonic_loop--demand_aligned,harmonic_loop,demand_aligned,delay_2,added_delay,2.0,0.0,2,1.0,1321,full_trajectory,20.274413932625563,6.424322438010452,6.424322438010452,0.49200154686027453,0.3168684658091369,0.6666666666666666,0.6666666666666666,1.633410939393374,0.8441051325985892,0.5167745067950127,0.49200154686027453,0,"[[0, 1, 2, 3, 4, 5], [0, 1, 2, 3, 4, 5], [0, 1, 2, 3, 4, 5], [0, 1, 2, 3, 4, 5]]","[true, true, true, true, true]",0,0.0,0,1,1,0.30279649999999947
harmonic_loop--demand_aligned,harmonic_loop,demand_aligned,delay_2,added_delay,2.0,0.0,2,1.0,1321,error_peak_dynamic,20.274413932625563,5.685361959819038,5.685361959819038,0.4484841613633226,0.28042053292944563,0.6666666666666666,0.6666666666666666,1.633410939393374,1.2163764316218355,0.7446848813646251,0.4484841613633226,3,"[[2, 3], [1, 3], [3, 4], [1, 3]]","[true, true, true, true, true]",0,0.0,0,1,1,0.2223183750000146
harmonic_loop--demand_aligned,harmonic_loop,demand_aligned,delay_2,added_delay,2.0,0.0,2,1.0,1321,violation_safe,20.274413932625563,5.907672933235636,5.907672933235636,0.4618997406938387,0.2913856327915361,0.6666666666666666,0.6666666666666666,1.633410939393374,1.202037873452648,0.7359065893724626,0.4618997406938387,2,"[[2, 3], [1, 3], [1, 3], [2, 3]]","[true, true, true, true, true]",0,4.0,0,1,1,0.2212683750000224
harmonic_loop--demand_aligned,harmonic_loop,demand_aligned,delay_2,added_delay,2.0,0.0,2,1.0,1321,dual_anchor_dynamic,20.274413932625563,5.660709390749791,5.660709390749791,0.45570401096706964,0.2792045880862965,0.6666666666666666,0.6666666666666666,1.633410939393374,0.9023675268930672,0.5524436656633351,0.45570401096706964,3,"[[2, 3], [3, 4], [1, 3], [3, 4]]","[true, true, true, true, true]",0,4.0,0,1,1,0.303459083000007
harmonic_loop--demand_aligned,harmonic_loop,demand_aligned,delay_2,added_delay,2.0,0.0,2,1.0,1361,full_trajectory,18.31167004385255,4.714329760547015,4.714329760547015,0.46495950334061287,0.2574494707067787,0.6666666666666666,0.6666666666666666,1.4725299423129057,0.6184372463545762,0.41998279870845656,0.46495950334061287,0,"[[0, 1, 2, 3, 4, 5], [0, 1, 2, 3, 4, 5], [0, 1, 2, 3, 4, 5], [0, 1, 2, 3, 4, 5]]","[true, true, true, true, true]",0,0.0,0,1,1,0.29421570799999586
harmonic_loop--demand_aligned,harmonic_loop,demand_aligned,delay_2,added_delay,2.0,0.0,2,1.0,1361,error_peak_dynamic,18.31167004385255,3.5870889997109527,3.5870889997109527,0.3977183447162521,0.1958908712924948,0.6666666666666666,0.6666666666666666,1.4725299423129057,0.9687711578712557,0.6578957276410997,0.3977183447162521,3,"[[2, 3], [1, 3], [3, 4], [1, 3]]","[true, true, true, true, true]",0,0.0,0,1,1,0.2178390830000012
harmonic_loop--demand_aligned,harmonic_loop,demand_aligned,delay_2,added_delay,2.0,0.0,2,1.0,1361,violation_safe,18.31167004385255,3.5870889997109527,3.5870889997109527,0.3977183447162521,0.1958908712924948,0.6666666666666666,0.6666666666666666,1.4725299423129057,0.9687711578712557,0.6578957276410997,0.3977183447162521,3,"[[2, 3], [1, 3], [3, 4], [1, 3]]","[true, true, true, true, true]",0,4.0,0,1,1,0.21766466699997977
harmonic_loop--demand_aligned,harmonic_loop,demand_aligned,delay_2,added_delay,2.0,0.0,2,1.0,1361,dual_anchor_dynamic,18.31167004385255,3.48271509725431,3.48271509725431,0.3982656521734837,0.1901910141955348,0.6666666666666666,0.6666666666666666,1.4725299423129057,0.7033236632193868,0.47762944780238215,0.3982656521734837,3,"[[2, 3], [3, 4], [1, 3], [3, 4]]","[true, true, true, true, true]",0,4.0,0,1,1,0.2937268750000044
harmonic_loop--demand_aligned,harmonic_loop,demand_aligned,delay_2,added_delay,2.0,0.0,2,1.0,1381,full_trajectory,27.68463639268773,15.537920566455686,15.537920566455686,0.664301449485453,0.5612470521938904,0.6666666666666666,0.6666666666666666,2.2133991356782663,1.4036457971295426,0.6341584644648441,0.664301449485453,0,"[[0, 1, 2, 3, 4, 5], [0, 1, 2, 3, 4, 5], [0, 1, 2, 3, 4, 5], [0, 1, 2, 3, 4, 5]]","[true, true, true, true, true]",0,0.0,0,1,1,0.3362785420000023
harmonic_loop--demand_aligned,harmonic_loop,demand_aligned,delay_2,added_delay,2.0,0.0,2,1.0,1381,error_peak_dynamic,27.68463639268773,12.773878079312054,12.773878079312054,0.6001605527939972,0.46140674914863555,0.6666666666666666,0.6666666666666666,2.2133991356782663,1.6663902666500299,0.752864786015825,0.6001605527939972,2,"[[2, 3], [1, 3], [1, 3], [2, 3]]","[true, true, true, true, true]",0,0.0,0,1,1,0.25345170800000005
harmonic_loop--demand_aligned,harmonic_loop,demand_aligned,delay_2,added_delay,2.0,0.0,2,1.0,1381,violation_safe,27.68463639268773,12.414525704691405,12.414525704691405,0.5953194129065281,0.44842653985408387,0.6666666666666666,0.6666666666666666,2.2133991356782663,1.6884321803198352,0.7628231858879976,0.5953194129065281,3,"[[2, 3], [1, 3], [2, 3], [1, 3]]","[true, true, true, true, true]",0,4.0,0,1,1,0.24769045900001174
harmonic_loop--demand_aligned,harmonic_loop,demand_aligned,delay_2,added_delay,2.0,0.0,2,1.0,1381,dual_anchor_dynamic,27.68463639268773,16.554326817724984,16.638307408317786,0.6727260661842213,0.5979607816737458,0.6666666666666666,0.6666666666666666,2.2133991356782663,1.5782354456890333,0.7130369847214223,0.6727260661842213,1,"[[2, 3], [2, 3], [1, 3], [1, 3]]","[true, true, true, false, false]",2,1.0,0,1,1,0.31387137500001927
harmonic_loop--demand_conflict,harmonic_loop,demand_conflict,delay_2,added_delay,2.0,0.0,2,1.0,1301,full_trajectory,3.8225929233779814,1.2665722766775864,1.2665722766775864,0.5431477791757905,0.33133851866139363,0.8333333333333334,0.3333333333333333,1.050270190079566,0.25688761222422596,0.24459192943938052,0.5431477791757905,0,"[[0, 1, 2, 3, 4, 5], [0, 1, 2, 3, 4, 5], [0, 1, 2, 3, 4, 5], [0, 1, 2, 3, 4, 5]]","[true, true, true, true, true]",0,0.0,0,1,1,0.24590741699998375
harmonic_loop--demand_conflict,harmonic_loop,demand_conflict,delay_2,added_delay,2.0,0.0,2,1.0,1301,error_peak_dynamic,3.8225929233779814,1.0241100889557244,1.0241100889557244,0.5236121587794965,0.26790979565010287,0.8333333333333334,0.3333333333333333,1.050270190079566,0.35378223049371155,0.3368487783766479,0.5236121587794965,3,"[[2, 3], [3, 4], [1, 2], [3, 4]]","[true, true, true, true, true]",0,0.0,0,1,1,0.19079733300000612
harmonic_loop--demand_conflict,harmonic_loop,demand_conflict,delay_2,added_delay,2.0,0.0,2,1.0,1301,violation_safe,3.8225929233779814,1.1148013731456914,1.2653229410760385,0.49775164823785023,0.29163486551964685,0.8333333333333334,0.5,1.050270190079566,0.3909136552243864,0.372202942554022,0.49775164823785023,3,"[[2, 3], [3, 4], [1, 4], [1, 3]]","[true, true, true, true, false]",1,2.0,0,1,1,0.20803624999999215
harmonic_loop--demand_conflict,harmonic_loop,demand_conflict,delay_2,added_delay,2.0,0.0,2,1.0,1301,dual_anchor_dynamic,3.8225929233779814,0.9603326845918565,0.9603326845918565,0.5026861778526793,0.25122546497659015,0.8333333333333334,0.3333333333333333,1.050270190079566,0.29763395774520063,0.2833879896397446,0.5026861778526793,3,"[[2, 3], [3, 4], [2, 4], [3, 4]]","[true, true, true, true, true]",0,4.0,0,1,1,0.2285172920000207
harmonic_loop--demand_conflict,harmonic_loop,demand_conflict,delay_2,added_delay,2.0,0.0,2,1.0,1321,full_trajectory,6.4557439313303675,4.2981924715923325,4.2981924715923325,0.7013506481550216,0.6657935192771165,1.0,0.6666666666666666,1.633410939393374,0.8441051325985892,0.5167745067950127,0.7013506481550216,0,"[[0, 1, 2, 3, 4, 5], [0, 1, 2, 3, 4, 5], [0, 1, 2, 3, 4, 5], [0, 1, 2, 3, 4, 5]]","[true, true, true, true, true]",0,0.0,0,1,1,0.29842995800001404
harmonic_loop--demand_conflict,harmonic_loop,demand_conflict,delay_2,added_delay,2.0,0.0,2,1.0,1321,error_peak_dynamic,6.4557439313303675,2.456891009320367,2.456891009320367,0.5387628465661836,0.38057442108210493,1.0,0.8333333333333334,1.633410939393374,0.9586822368643316,0.5869204213976752,0.5387628465661836,3,"[[2, 3], [3, 4], [1, 3], [3, 4]]","[true, true, true, true, true]",0,0.0,0,1,1,0.2550205410000217
harmonic_loop--demand_conflict,harmonic_loop,demand_conflict,delay_2,added_delay,2.0,0.0,2,1.0,1321,violation_safe,6.4557439313303675,3.02768351858207,3.127565521883219,0.5504339725846844,0.4689906462814333,1.0,0.8333333333333334,1.633410939393374,0.9716369296559008,0.5948514891278696,0.5504339725846844,3,"[[3, 4], [1, 3], [1, 4], [1, 3]]","[true, true, true, true, false]",1,2.0,0,1,1,0.25433833300002107
harmonic_loop--demand_conflict,harmonic_loop,demand_conflict,delay_2,added_delay,2.0,0.0,2,1.0,1321,dual_anchor_dynamic,6.4557439313303675,2.452957638330901,2.452957638330901,0.5240502546430793,0.3799651387079425,1.0,0.8333333333333334,1.633410939393374,0.9042607751974999,0.5536027422060303,0.5240502546430793,1,"[[2, 3], [3, 4], [3, 4], [3, 4]]","[true, true, true, true, true]",0,4.0,0,1,1,0.2946404159999929
harmonic_loop--demand_conflict,harmonic_loop,demand_conflict,delay_2,added_delay,2.0,0.0,2,1.0,1361,full_trajectory,5.820988440742814,3.0780137643005308,3.0780137643005308,0.6294330637468302,0.528778539183587,0.8333333333333334,0.6666666666666666,1.4725299423129057,0.6184372463545762,0.41998279870845656,0.6294330637468302,0,"[[0, 1, 2, 3, 4, 5], [0, 1, 2, 3, 4, 5], [0, 1, 2, 3, 4, 5], [0, 1, 2, 3, 4, 5]]","[true, true, true, true, true]",0,0.0,0,1,1,0.29209066699999653
harmonic_loop--demand_conflict,harmonic_loop,demand_conflict,delay_2,added_delay,2.0,0.0,2,1.0,1361,error_peak_dynamic,5.820988440742814,2.038892293457266,2.038892293457266,0.5152406194729551,0.35026564890362233,0.8333333333333334,0.6666666666666666,1.4725299423129057,0.7637150619948088,0.5186414483329554,0.5152406194729551,3,"[[2, 3], [3, 4], [1, 3], [3, 4]]","[true, true, true, true, true]",0,0.0,0,1,1,0.2802230409999993
harmonic_loop--demand_conflict,harmonic_loop,demand_conflict,delay_2,added_delay,2.0,0.0,2,1.0,1361,violation_safe,5.820988440742814,1.837405624000239,1.837405624000239,0.5046314788938228,0.3156518248927786,0.8333333333333334,0.8333333333333334,1.4725299423129057,0.7798009469567242,0.529565426514784,0.5046314788938228,3,"[[3, 4], [1, 3], [1, 4], [3, 4]]","[true, true, true, true, true]",0,4.0,0,1,1,0.24159925000000726
harmonic_loop--demand_conflict,harmonic_loop,demand_conflict,delay_2,added_delay,2.0,0.0,2,1.0,1361,dual_anchor_dynamic,5.820988440742814,2.1917237533606464,2.1917237533606464,0.5036981395540233,0.37652089085422774,0.8333333333333334,0.6666666666666666,1.4725299423129057,0.6446185294819627,0.43776259548886265,0.5036981395540233,2,"[[2, 3], [3, 4], [3, 4], [1, 4]]","[true, true, true, true, true]",0,4.0,0,1,1,0.2907615000000021
harmonic_loop--demand_conflict,harmonic_loop,demand_conflict,delay_2,added_delay,2.0,0.0,2,1.0,1381,full_trajectory,8.81394878469397,6.880464744561992,6.880464744561992,0.7723332556777646,0.7806336198039174,0.8333333333333334,0.6666666666666666,2.2133991356782663,1.4036457971295426,0.6341584644648441,0.7723332556777646,0,"[[0, 1, 2, 3, 4, 5], [0, 1, 2, 3, 4, 5], [0, 1, 2, 3, 4, 5], [0, 1, 2, 3, 4, 5]]","[true, true, true, true, true]",0,0.0,0,1,1,0.33658912499998905
harmonic_loop--demand_conflict,harmonic_loop,demand_conflict,delay_2,added_delay,2.0,0.0,2,1.0,1381,error_peak_dynamic,8.81394878469397,5.503400995573182,5.503400995573182,0.7011162237350159,0.624396752240065,0.8333333333333334,0.6666666666666666,2.2133991356782663,1.499679286415604,0.6775457992378983,0.7011162237350159,1,"[[2, 3], [1, 3], [1, 3], [1, 3]]","[true, true, true, true, true]",0,0.0,0,1,1,0.2894764580000242
harmonic_loop--demand_conflict,harmonic_loop,demand_conflict,delay_2,added_delay,2.0,0.0,2,1.0,1381,violation_safe,8.81394878469397,5.367681032465602,5.602114648206914,0.6744651144458861,0.6089984368625956,0.8333333333333334,0.6666666666666666,2.2133991356782663,1.5941146347330923,0.7202111038344639,0.6744651144458861,1,"[[3, 4], [1, 3], [1, 3], [1, 3]]","[true, true, true, false, false]",2,1.0,0,1,1,0.2756477499999903
harmonic_loop--demand_conflict,harmonic_loop,demand_conflict,delay_2,added_delay,2.0,0.0,2,1.0,1381,dual_anchor_dynamic,8.81394878469397,5.444849432681132,5.58156124036324,0.6920873884457066,0.6177536953852613,0.8333333333333334,0.6666666666666666,2.2133991356782663,1.5782354456890333,0.7130369847214223,0.6920873884457066,1,"[[2, 3], [2, 3], [1, 3], [1, 3]]","[true, true, true, false, false]",2,1.0,0,1,1,0.3141605419999962
ellipse--neutral,ellipse,neutral,delay_2,added_delay,2.0,0.0,2,1.0,1301,full_trajectory,4.5494848571351,0.14897273782892967,0.14897273782892967,0.29361579788805225,0.03274496838807828,0.6666666666666666,0.0,0.8800454189172394,0.022136582089525226,0.025153908666169626,0.29361579788805225,0,"[[0, 1, 2, 3, 4, 5], [0, 1, 2, 3, 4, 5], [0, 1, 2, 3, 4, 5], [0, 1, 2, 3, 4, 5]]","[true, true, true, true, true]",0,0.0,0,1,1,0.1705198330000144
ellipse--neutral,ellipse,neutral,delay_2,added_delay,2.0,0.0,2,1.0,1301,error_peak_dynamic,4.5494848571351,0.11408821029703285,0.11408821029703285,0.2775552708112382,0.025077171125892358,0.6666666666666666,0.0,0.8800454189172394,0.02525349513548845,0.028695672510356336,0.2775552708112382,0,"[[3, 4], [3, 4], [3, 4], [3, 4]]","[true, true, true, true, true]",0,0.0,0,1,1,0.1587696670000014
ellipse--neutral,ellipse,neutral,delay_2,added_delay,2.0,0.0,2,1.0,1301,violation_safe,4.5494848571351,0.11408821029703285,0.11408821029703285,0.2775552708112382,0.025077171125892358,0.6666666666666666,0.0,0.8800454189172394,0.02525349513548845,0.028695672510356336,0.2775552708112382,0,"[[3, 4], [3, 4], [3, 4], [3, 4]]","[true, true, true, true, true]",0,4.0,0,1,1,0.1609065410000028
ellipse--neutral,ellipse,neutral,delay_2,added_delay,2.0,0.0,2,1.0,1301,dual_anchor_dynamic,4.5494848571351,0.11408821029703285,0.11408821029703285,0.2775552708112382,0.025077171125892358,0.6666666666666666,0.0,0.8800454189172394,0.02525349513548845,0.028695672510356336,0.2775552708112382,0,"[[3, 4], [3, 4], [3, 4], [3, 4]]","[true, true, true, true, true]",0,4.0,0,1,1,0.1612980840000091
ellipse--neutral,ellipse,neutral,delay_2,added_delay,2.0,0.0,2,1.0,1321,full_trajectory,9.22013313809709,0.44912473344929166,0.44912473344929166,0.30030101345454185,0.048711306737375906,0.6666666666666666,0.0,1.621708941130494,0.08333407394551946,0.051386578585074116,0.30030101345454185,0,"[[0, 1, 2, 3, 4, 5], [0, 1, 2, 3, 4, 5], [0, 1, 2, 3, 4, 5], [0, 1, 2, 3, 4, 5]]","[true, true, true, true, true]",0,0.0,0,1,1,0.18156891699999278
ellipse--neutral,ellipse,neutral,delay_2,added_delay,2.0,0.0,2,1.0,1321,error_peak_dynamic,9.22013313809709,0.486901478892613,0.486901478892613,0.2979230948506086,0.05280850846727608,0.6666666666666666,0.0,1.621708941130494,0.09269600132915562,0.05715945628599495,0.2979230948506086,2,"[[3, 4], [3, 4], [2, 3], [1, 2]]","[true, true, true, true, true]",0,0.0,0,1,1,0.18742845899998883
ellipse--neutral,ellipse,neutral,delay_2,added_delay,2.0,0.0,2,1.0,1321,violation_safe,9.22013313809709,0.4849459914376013,0.4849459914376013,0.2978018497853944,0.05259641961500868,0.6666666666666666,0.0,1.621708941130494,0.09082043656473124,0.056002920290628894,0.2978018497853944,2,"[[3, 4], [3, 4], [1, 2], [2, 3]]","[true, true, true, true, true]",0,4.0,0,1,1,0.1997627500000192
ellipse--neutral,ellipse,neutral,delay_2,added_delay,2.0,0.0,2,1.0,1321,dual_anchor_dynamic,9.22013313809709,0.486901478892613,0.486901478892613,0.2979230948506086,0.05280850846727608,0.6666666666666666,0.0,1.621708941130494,0.09269600132915562,0.05715945628599495,0.2979230948506086,2,"[[3, 4], [3, 4], [2, 3], [1, 2]]","[true, true, true, true, true]",0,4.0,0,1,1,0.18946341700001312
ellipse--neutral,ellipse,neutral,delay_2,added_delay,2.0,0.0,2,1.0,1361,full_trajectory,8.433948125563504,0.37956404638818236,0.37956404638818236,0.2935669150789612,0.0450043136070181,0.6666666666666666,0.0,1.4803131495004704,0.06849909281194,0.04627337995008348,0.2935669150789612,0,"[[0, 1, 2, 3, 4, 5], [0, 1, 2, 3, 4, 5], [0, 1, 2, 3, 4, 5], [0, 1, 2, 3, 4, 5]]","[true, true, true, true, true]",0,0.0,0,1,1,0.1795941659999869
ellipse--neutral,ellipse,neutral,delay_2,added_delay,2.0,0.0,2,1.0,1361,error_peak_dynamic,8.433948125563504,0.4025366134284144,0.4025366134284144,0.29040704128318384,0.047728134846871544,0.6666666666666666,0.0,1.4803131495004704,0.07624917389339467,0.051508813469045275,0.29040704128318384,2,"[[3, 4], [3, 4], [2, 3], [1, 2]]","[true, true, true, true, true]",0,0.0,0,1,1,0.18181458399999428
ellipse--neutral,ellipse,neutral,delay_2,added_delay,2.0,0.0,2,1.0,1361,violation_safe,8.433948125563504,0.410166464604349,0.410166464604349,0.290598667777039,0.04863279433283736,0.6666666666666666,0.0,1.4803131495004704,0.07817038927081851,0.05280665735975999,0.290598667777039,2,"[[3, 4], [3, 4], [2, 4], [1, 2]]","[true, true, true, true, true]",0,4.0,0,1,1,0.1890632500000038
ellipse--neutral,ellipse,neutral,delay_2,added_delay,2.0,0.0,2,1.0,1361,dual_anchor_dynamic,8.433948125563504,0.4025366134284144,0.4025366134284144,0.29040704128318384,0.047728134846871544,0.6666666666666666,0.0,1.4803131495004704,0.07624917389339467,0.051508813469045275,0.29040704128318384,2,"[[3, 4], [3, 4], [2, 3], [1, 2]]","[true, true, true, true, true]",0,4.0,0,1,1,0.18905170800002224
ellipse--neutral,ellipse,neutral,delay_2,added_delay,2.0,0.0,2,1.0,1381,full_trajectory,11.711476167616171,0.6332540941000675,0.6332540941000675,0.31630964816146057,0.054071244737798424,0.6666666666666666,0.0,2.041163791755352,0.13749281352835863,0.06736001005099061,0.31630964816146057,0,"[[0, 1, 2, 3, 4, 5], [0, 1, 2, 3, 4, 5], [0, 1, 2, 3, 4, 5], [0, 1, 2, 3, 4, 5]]","[true, true, true, true, true]",0,0.0,0,1,1,0.21234400000000164
ellipse--neutral,ellipse,neutral,delay_2,added_delay,2.0,0.0,2,1.0,1381,error_peak_dynamic,11.711476167616171,0.8015849502120533,0.8015849502120533,0.31547970151087285,0.06844439921489531,0.6666666666666666,0.16666666666666666,2.041163791755352,0.15932346695433072,0.07805520928691193,0.31547970151087285,1,"[[3, 4], [3, 4], [3, 4], [1, 2]]","[true, true, true, true, true]",0,0.0,0,1,1,0.21833454200000801
ellipse--neutral,ellipse,neutral,delay_2,added_delay,2.0,0.0,2,1.0,1381,violation_safe,11.711476167616171,0.7342050706745253,0.7342050706745253,0.31263952368121145,0.06269107840604266,0.6666666666666666,0.0,2.041163791755352,0.15166430253797555,0.07430285759064337,0.31263952368121145,2,"[[3, 4], [3, 4], [2, 4], [2, 3]]","[true, true, true, true, true]",0,4.0,0,1,1,0.2534280840000065
ellipse--neutral,ellipse,neutral,delay_2,added_delay,2.0,0.0,2,1.0,1381,dual_anchor_dynamic,11.711476167616171,0.8015849502120533,0.8015849502120533,0.31547970151087285,0.06844439921489531,0.6666666666666666,0.16666666666666666,2.041163791755352,0.15932346695433072,0.07805520928691193,0.31547970151087285,1,"[[3, 4], [3, 4], [3, 4], [1, 2]]","[true, true, true, true, true]",0,4.0,0,1,1,0.22140441700000224
ellipse--demand_aligned,ellipse,demand_aligned,delay_2,added_delay,2.0,0.0,2,1.0,1301,full_trajectory,7.354047627733372,0.24501311069149012,0.24501311069149012,0.2949539643352275,0.03331676963411329,0.5,0.0,0.8800454189172394,0.022136582089525226,0.025153908666169626,0.2949539643352275,0,"[[0, 1, 2, 3, 4, 5], [0, 1, 2, 3, 4, 5], [0, 1, 2, 3, 4, 5], [0, 1, 2, 3, 4, 5]]","[true, true, true, true, true]",0,0.0,0,1,1,0.17342862499998546
ellipse--demand_aligned,ellipse,demand_aligned,delay_2,added_delay,2.0,0.0,2,1.0,1301,error_peak_dynamic,7.354047627733372,0.2691627581588891,0.2691627581588891,0.27787741460632076,0.03660062754337221,0.5,0.0,0.8800454189172394,0.04711003479474529,0.053531367565900115,0.27787741460632076,2,"[[3, 4], [3, 4], [2, 3], [1, 2]]","[true, true, true, true, true]",0,0.0,0,1,1,0.12644462500000486
ellipse--demand_aligned,ellipse,demand_aligned,delay_2,added_delay,2.0,0.0,2,1.0,1301,violation_safe,7.354047627733372,0.19568551447712113,0.19568551447712113,0.27723529513844747,0.026609225882513673,0.5,0.0,0.8800454189172394,0.06627498816402744,0.07530859969201206,0.27723529513844747,1,"[[3, 4], [3, 4], [3, 4], [2, 3]]","[true, true, true, true, true]",0,4.0,0,1,1,0.11810037500001158
ellipse--demand_aligned,ellipse,demand_aligned,delay_2,added_delay,2.0,0.0,2,1.0,1301,dual_anchor_dynamic,7.354047627733372,0.17302379948815697,0.17302379948815697,0.2761382789529823,0.023527696344480365,0.5,0.0,0.8800454189172394,0.02525349513548845,0.028695672510356336,0.2761382789529823,0,"[[3, 4], [3, 4], [3, 4], [3, 4]]","[true, true, true, true, true]",0,4.0,0,1,1,0.16090404199999853
ellipse--demand_aligned,ellipse,demand_aligned,delay_2,added_delay,2.0,0.0,2,1.0,1321,full_trajectory,12.334376897822839,0.43125580662558155,0.43125580662558155,0.2886013125077286,0.034963728625943255,0.6666666666666666,0.0,1.621708941130494,0.08333407394551946,0.051386578585074116,0.2886013125077286,0,"[[0, 1, 2, 3, 4, 5], [0, 1, 2, 3, 4, 5], [0, 1, 2, 3, 4, 5], [0, 1, 2, 3, 4, 5]]","[true, true, true, true, true]",0,0.0,0,1,1,0.18163704200000552
ellipse--demand_aligned,ellipse,demand_aligned,delay_2,added_delay,2.0,0.0,2,1.0,1321,error_peak_dynamic,12.334376897822839,0.8574286847593452,0.8574286847593452,0.29094622923824603,0.06951536278340022,0.6666666666666666,0.16666666666666666,1.621708941130494,0.1409373875225303,0.08690670930400296,0.29094622923824603,1,"[[3, 4], [3, 4], [1, 2], [1, 2]]","[true, true, true, true, true]",0,0.0,0,1,1,0.1566275419999954
ellipse--demand_aligned,ellipse,demand_aligned,delay_2,added_delay,2.0,0.0,2,1.0,1321,violation_safe,12.334376897822839,0.6258558038428613,0.6258558038428613,0.284282418740424,0.05074077183042235,0.6666666666666666,0.0,1.621708941130494,0.22478209915267836,0.13860816417277855,0.284282418740424,1,"[[3, 4], [3, 4], [3, 4], [2, 3]]","[true, true, true, true, true]",0,4.0,0,1,1,0.14201708299998472
ellipse--demand_aligned,ellipse,demand_aligned,delay_2,added_delay,2.0,0.0,2,1.0,1321,dual_anchor_dynamic,12.334376897822839,0.49312196110152073,0.49312196110152073,0.28026735797884367,0.03997947891381222,0.6666666666666666,0.0,1.621708941130494,0.09269600132915562,0.05715945628599495,0.28026735797884367,2,"[[3, 4], [3, 4], [2, 3], [1, 2]]","[true, true, true, true, true]",0,4.0,0,1,1,0.19066995800000086
ellipse--demand_aligned,ellipse,demand_aligned,delay_2,added_delay,2.0,0.0,2,1.0,1361,full_trajectory,11.281629364309289,0.3577189570028255,0.3577189570028255,0.2851132136951712,0.031708093348156774,0.6666666666666666,0.0,1.4803131495004704,0.06849909281194,0.04627337995008348,0.2851132136951712,0,"[[0, 1, 2, 3, 4, 5], [0, 1, 2, 3, 4, 5], [0, 1, 2, 3, 4, 5], [0, 1, 2, 3, 4, 5]]","[true, true, true, true, true]",0,0.0,0,1,1,0.18129887500001018
ellipse--demand_aligned,ellipse,demand_aligned,delay_2,added_delay,2.0,0.0,2,1.0,1361,error_peak_dynamic,11.281629364309289,0.7036210604569099,0.7036210604569099,0.2863816110546722,0.062368744596671,0.6666666666666666,0.0,1.4803131495004704,0.12177257508941244,0.08226136147645816,0.2863816110546722,1,"[[3, 4], [3, 4], [1, 2], [1, 2]]","[true, true, true, true, true]",0,0.0,0,1,1,0.1603851250000048
ellipse--demand_aligned,ellipse,demand_aligned,delay_2,added_delay,2.0,0.0,2,1.0,1361,violation_safe,11.281629364309289,0.5062243794138082,0.5062243794138082,0.2795360852874419,0.04487156624869332,0.6666666666666666,0.0,1.4803131495004704,0.20076095704491068,0.13562059967693807,0.2795360852874419,1,"[[3, 4], [3, 4], [3, 4], [2, 3]]","[true, true, true, true, true]",0,4.0,0,1,1,0.14454750000001582
ellipse--demand_aligned,ellipse,demand_aligned,delay_2,added_delay,2.0,0.0,2,1.0,1361,dual_anchor_dynamic,11.281629364309289,0.3987099854778185,0.3987099854778185,0.2759668023546606,0.035341524934260175,0.6666666666666666,0.0,1.4803131495004704,0.07624917389339467,0.051508813469045275,0.2759668023546606,2,"[[3, 4], [3, 4], [2, 3], [1, 2]]","[true, true, true, true, true]",0,4.0,0,1,1,0.1851672090000136
ellipse--demand_aligned,ellipse,demand_aligned,delay_2,added_delay,2.0,0.0,2,1.0,1381,full_trajectory,15.714837985350178,0.7234929029801579,0.7234929029801579,0.31333233386390225,0.046038839449354725,0.6666666666666666,0.0,2.041163791755352,0.13749281352835863,0.06736001005099061,0.31333233386390225,0,"[[0, 1, 2, 3, 4, 5], [0, 1, 2, 3, 4, 5], [0, 1, 2, 3, 4, 5], [0, 1, 2, 3, 4, 5]]","[true, true, true, true, true]",0,0.0,0,1,1,0.2090281670000138
ellipse--demand_aligned,ellipse,demand_aligned,delay_2,added_delay,2.0,0.0,2,1.0,1381,error_peak_dynamic,15.714837985350178,1.1446206582462368,1.1446206582462368,0.3109875921086771,0.07283693661450949,0.6666666666666666,0.3333333333333333,2.041163791755352,0.23067768483662993,0.11301282423702638,0.3109875921086771,2,"[[3, 4], [3, 4], [1, 3], [1, 2]]","[true, true, true, true, true]",0,0.0,0,1,1,0.1806437080000194
ellipse--demand_aligned,ellipse,demand_aligned,delay_2,added_delay,2.0,0.0,2,1.0,1381,violation_safe,15.714837985350178,0.8935853768998251,0.8935853768998251,0.3092022116857621,0.05686252557823701,0.6666666666666666,0.16666666666666666,2.041163791755352,0.3009689053682463,0.14744965915225267,0.3092022116857621,1,"[[3, 4], [3, 4], [3, 4], [2, 3]]","[true, true, true, true, true]",0,4.0,0,1,1,0.169340582999979
ellipse--demand_aligned,ellipse,demand_aligned,delay_2,added_delay,2.0,0.0,2,1.0,1381,dual_anchor_dynamic,15.714837985350178,0.7266392047215342,0.7266392047215342,0.30684176556950793,0.046239051614717766,0.6666666666666666,0.0,2.041163791755352,0.15713398291374148,0.07698254473670141,0.30684176556950793,1,"[[3, 4], [3, 4], [3, 4], [2, 3]]","[true, true, true, true, true]",0,4.0,0,1,1,0.22062862499998914
ellipse--demand_conflict,ellipse,demand_conflict,delay_2,added_delay,2.0,0.0,2,1.0,1301,full_trajectory,2.976407530387446,0.10088406381618652,0.10088406381618652,0.29211949721293184,0.033894573503869006,0.6666666666666666,0.0,0.8800454189172394,0.022136582089525226,0.025153908666169626,0.29211949721293184,0,"[[0, 1, 2, 3, 4, 5], [0, 1, 2, 3, 4, 5], [0, 1, 2, 3, 4, 5], [0, 1, 2, 3, 4, 5]]","[true, true, true, true, true]",0,0.0,0,1,1,0.17157370800001104
ellipse--demand_conflict,ellipse,demand_conflict,delay_2,added_delay,2.0,0.0,2,1.0,1301,error_peak_dynamic,2.976407530387446,0.17220883332493359,0.17220883332493359,0.3123508816603273,0.05785794840483983,0.6666666666666666,0.0,0.8800454189172394,0.027380724328365615,0.03111285365481862,0.3123508816603273,0,"[[3, 4], [3, 4], [3, 4], [3, 4]]","[true, true, true, true, true]",0,0.0,0,1,1,0.1481622499999844
ellipse--demand_conflict,ellipse,demand_conflict,delay_2,added_delay,2.0,0.0,2,1.0,1301,violation_safe,2.976407530387446,0.16617902765714776,0.16617902765714776,0.3161068273425381,0.0558320814473668,0.6666666666666666,0.0,0.8800454189172394,0.05161755530513278,0.058653285609554386,0.3161068273425381,2,"[[2, 4], [1, 3], [1, 3], [1, 2]]","[true, true, true, true, true]",0,4.0,0,1,1,0.1465620830000205
ellipse--demand_conflict,ellipse,demand_conflict,delay_2,added_delay,2.0,0.0,2,1.0,1301,dual_anchor_dynamic,2.976407530387446,0.1023926871764129,0.1023926871764129,0.2943153643538838,0.03440143398746347,0.6666666666666666,0.0,0.8800454189172394,0.02229406220996551,0.0253328541126831,0.2943153643538838,1,"[[3, 4], [1, 3], [1, 3], [1, 3]]","[true, true, true, true, true]",0,4.0,0,1,1,0.16154108300000303
ellipse--demand_conflict,ellipse,demand_conflict,delay_2,added_delay,2.0,0.0,2,1.0,1321,full_trajectory,6.540030311161537,0.49239520852648755,0.49239520852648755,0.3606431501398999,0.07528943828993295,0.6666666666666666,0.0,1.621708941130494,0.08333407394551946,0.051386578585074116,0.3606431501398999,0,"[[0, 1, 2, 3, 4, 5], [0, 1, 2, 3, 4, 5], [0, 1, 2, 3, 4, 5], [0, 1, 2, 3, 4, 5]]","[true, true, true, true, true]",0,0.0,0,1,1,0.18189616699999078
ellipse--demand_conflict,ellipse,demand_conflict,delay_2,added_delay,2.0,0.0,2,1.0,1321,error_peak_dynamic,6.540030311161537,0.6000181600094922,0.6000181600094922,0.3801138764980308,0.0917454708100468,0.6666666666666666,0.0,1.621708941130494,0.1160667346080662,0.07157063247561306,0.3801138764980308,2,"[[3, 4], [3, 4], [2, 3], [1, 2]]","[true, true, true, true, true]",0,0.0,0,1,1,0.16267195800000422
ellipse--demand_conflict,ellipse,demand_conflict,delay_2,added_delay,2.0,0.0,2,1.0,1321,violation_safe,6.540030311161537,0.7637765625042741,0.7637765625042741,0.3754461782602875,0.11678486584393584,0.6666666666666666,0.0,1.621708941130494,0.19138505156551588,0.11801442707228418,0.3754461782602875,1,"[[1, 4], [1, 4], [1, 2], [1, 2]]","[true, true, true, true, true]",0,4.0,0,1,1,0.16758583300000396
ellipse--demand_conflict,ellipse,demand_conflict,delay_2,added_delay,2.0,0.0,2,1.0,1321,dual_anchor_dynamic,6.540030311161537,0.5571898054428052,0.5571898054428052,0.3665673172056197,0.08519682309298746,0.6666666666666666,0.0,1.621708941130494,0.0918958955057136,0.05666608426149081,0.3665673172056197,3,"[[3, 4], [1, 4], [1, 2], [2, 3]]","[true, true, true, true, true]",0,4.0,0,1,1,0.20139362499998015
ellipse--demand_conflict,ellipse,demand_conflict,delay_2,added_delay,2.0,0.0,2,1.0,1361,full_trajectory,5.979152770749552,0.4191379410553133,0.4191379410553133,0.34679927353804496,0.07009988824934638,0.6666666666666666,0.0,1.4803131495004704,0.06849909281194,0.04627337995008348,0.34679927353804496,0,"[[0, 1, 2, 3, 4, 5], [0, 1, 2, 3, 4, 5], [0, 1, 2, 3, 4, 5], [0, 1, 2, 3, 4, 5]]","[true, true, true, true, true]",0,0.0,0,1,1,0.1797077920000163
ellipse--demand_conflict,ellipse,demand_conflict,delay_2,added_delay,2.0,0.0,2,1.0,1361,error_peak_dynamic,5.979152770749552,0.49426090906994413,0.49426090906994413,0.3655969241724142,0.08266403753520135,0.6666666666666666,0.0,1.4803131495004704,0.09711880840452591,0.0656069348821893,0.3655969241724142,2,"[[3, 4], [3, 4], [2, 3], [1, 2]]","[true, true, true, true, true]",0,0.0,0,1,1,0.160834374999979
ellipse--demand_conflict,ellipse,demand_conflict,delay_2,added_delay,2.0,0.0,2,1.0,1361,violation_safe,5.979152770749552,0.6387637778042619,0.6387637778042619,0.3607194614700526,0.10683182087755651,0.6666666666666666,0.0,1.4803131495004704,0.166112501527133,0.11221443353603082,0.3607194614700526,1,"[[1, 4], [1, 4], [1, 2], [1, 2]]","[true, true, true, true, true]",0,4.0,0,1,1,0.15661741700000675
ellipse--demand_conflict,ellipse,demand_conflict,delay_2,added_delay,2.0,0.0,2,1.0,1361,dual_anchor_dynamic,5.979152770749552,0.4642050160077863,0.4642050160077863,0.3526011883448125,0.07763725628130975,0.6666666666666666,0.0,1.4803131495004704,0.07543897140632001,0.05096149516186949,0.3526011883448125,3,"[[3, 4], [1, 4], [1, 2], [2, 3]]","[true, true, true, true, true]",0,4.0,0,1,1,0.1945180829999913
ellipse--demand_conflict,ellipse,demand_conflict,delay_2,added_delay,2.0,0.0,2,1.0,1381,full_trajectory,8.223180834646431,0.6918392936688249,0.6918392936688249,0.3739311040590083,0.08413280792195683,0.8333333333333334,0.0,2.041163791755352,0.13749281352835863,0.06736001005099061,0.3739311040590083,0,"[[0, 1, 2, 3, 4, 5], [0, 1, 2, 3, 4, 5], [0, 1, 2, 3, 4, 5], [0, 1, 2, 3, 4, 5]]","[true, true, true, true, true]",0,0.0,0,1,1,0.20876641600000312
ellipse--demand_conflict,ellipse,demand_conflict,delay_2,added_delay,2.0,0.0,2,1.0,1381,error_peak_dynamic,8.223180834646431,0.901588020530331,0.901588020530331,0.390986278617058,0.10963981440511472,0.8333333333333334,0.3333333333333333,2.041163791755352,0.1874767863424118,0.09184798745679604,0.390986278617058,1,"[[3, 4], [3, 4], [3, 4], [1, 2]]","[true, true, true, true, true]",0,0.0,0,1,1,0.20245625000001155
ellipse--demand_conflict,ellipse,demand_conflict,delay_2,added_delay,2.0,0.0,2,1.0,1381,violation_safe,8.223180834646431,1.0140777187501968,1.0140777187501968,0.37343157975149394,0.12331939904296155,0.8333333333333334,0.16666666666666666,2.041163791755352,0.2654432735429069,0.13004506282890313,0.37343157975149394,1,"[[1, 4], [1, 4], [1, 2], [1, 2]]","[true, true, true, true, true]",0,4.0,0,1,1,0.17551808400000368
ellipse--demand_conflict,ellipse,demand_conflict,delay_2,added_delay,2.0,0.0,2,1.0,1381,dual_anchor_dynamic,8.223180834646431,0.8692679319635672,0.8692679319635672,0.38197941038286887,0.10570945105586296,0.8333333333333334,0.16666666666666666,2.041163791755352,0.15167965502708594,0.07431037902972258,0.38197941038286887,3,"[[3, 4], [1, 4], [1, 3], [2, 3]]","[true, true, true, true, true]",0,4.0,0,1,1,0.38601016700002333
rounded_square--neutral,rounded_square,neutral,delay_2,added_delay,2.0,0.0,2,1.0,1301,full_trajectory,8.16704310218218,2.812398589421896,2.812398589421896,0.5380512308641064,0.344359464525226,0.6666666666666666,0.6666666666666666,1.1691149470419957,0.41301538271807964,0.35327183504330284,0.5380512308641064,0,"[[0, 1, 2, 3, 4, 5], [0, 1, 2, 3, 4, 5], [0, 1, 2, 3, 4, 5], [0, 1, 2, 3, 4, 5]]","[true, true, true, true, true]",0,0.0,0,1,1,0.2609649999999988
rounded_square--neutral,rounded_square,neutral,delay_2,added_delay,2.0,0.0,2,1.0,1301,error_peak_dynamic,8.16704310218218,2.4941431526050577,2.4941431526050577,0.4970329886828909,0.3053912072459418,0.6666666666666666,0.6666666666666666,1.1691149470419957,0.47619416818572385,0.4073116757172197,0.4970329886828909,3,"[[2, 4], [1, 4], [2, 4], [1, 4]]","[true, true, true, true, true]",0,0.0,0,1,1,0.24786000000000286
rounded_square--neutral,rounded_square,neutral,delay_2,added_delay,2.0,0.0,2,1.0,1301,violation_safe,8.16704310218218,2.4051546085175852,2.547522032310913,0.4978499746935866,0.29449515307136603,0.6666666666666666,0.6666666666666666,1.1691149470419957,0.5372183385856261,0.45950857094493097,0.4978499746935866,3,"[[2, 4], [1, 4], [2, 4], [1, 3]]","[true, true, true, true, false]",1,2.0,0,1,1,0.23986500000000888
rounded_square--neutral,rounded_square,neutral,delay_2,added_delay,2.0,0.0,2,1.0,1301,dual_anchor_dynamic,8.16704310218218,2.4051546085175852,2.547522032310913,0.4978499746935866,0.29449515307136603,0.6666666666666666,0.6666666666666666,1.1691149470419957,0.5372183385856261,0.45950857094493097,0.4978499746935866,3,"[[2, 4], [1, 4], [2, 4], [1, 3]]","[true, true, true, true, false]",1,2.0,0,1,1,0.23926212500001043
rounded_square--neutral,rounded_square,neutral,delay_2,added_delay,2.0,0.0,2,1.0,1321,full_trajectory,13.656058340246476,6.027158065190171,6.027158065190171,0.5409024063349578,0.4413541532278916,1.0,0.8333333333333334,2.8496694268010705,0.970643153061139,0.34061605319278937,0.5409024063349578,0,"[[0, 1, 2, 3, 4, 5], [0, 1, 2, 3, 4, 5], [0, 1, 2, 3, 4, 5], [0, 1, 2, 3, 4, 5]]","[true, true, true, true, true]",0,0.0,0,1,1,0.35074183399999015
rounded_square--neutral,rounded_square,neutral,delay_2,added_delay,2.0,0.0,2,1.0,1321,error_peak_dynamic,13.656058340246476,5.373823138210524,5.373823138210524,0.5203053352392791,0.39351202259974616,1.0,0.8333333333333334,2.8496694268010705,1.1387353388557035,0.3996026093924881,0.5203053352392791,1,"[[1, 4], [2, 4], [2, 4], [2, 4]]","[true, true, true, true, true]",0,0.0,0,1,1,0.32842525000000933
rounded_square--neutral,rounded_square,neutral,delay_2,added_delay,2.0,0.0,2,1.0,1321,violation_safe,13.656058340246476,5.373823138210524,5.373823138210524,0.5203053352392791,0.39351202259974616,1.0,0.8333333333333334,2.8496694268010705,1.1387353388557035,0.3996026093924881,0.5203053352392791,1,"[[1, 4], [2, 4], [2, 4], [2, 4]]","[true, true, true, true, true]",0,4.0,0,1,1,0.3297422919999917
rounded_square--neutral,rounded_square,neutral,delay_2,added_delay,2.0,0.0,2,1.0,1321,dual_anchor_dynamic,13.656058340246476,5.373823138210524,5.373823138210524,0.5203053352392791,0.39351202259974616,1.0,0.8333333333333334,2.8496694268010705,1.1387353388557035,0.3996026093924881,0.5203053352392791,1,"[[1, 4], [2, 4], [2, 4], [2, 4]]","[true, true, true, true, true]",0,4.0,0,1,1,0.4025195419999932
rounded_square--neutral,rounded_square,neutral,delay_2,added_delay,2.0,0.0,2,1.0,1361,full_trajectory,12.362449242446893,4.654622717184914,4.654622717184914,0.4921265915222251,0.376512989125416,1.0,0.6666666666666666,2.5771155360333244,0.7438238603210642,0.2886265089480435,0.4921265915222251,0,"[[0, 1, 2, 3, 4, 5], [0, 1, 2, 3, 4, 5], [0, 1, 2, 3, 4, 5], [0, 1, 2, 3, 4, 5]]","[true, true, true, true, true]",0,0.0,0,1,1,0.34371854200000485
rounded_square--neutral,rounded_square,neutral,delay_2,added_delay,2.0,0.0,2,1.0,1361,error_peak_dynamic,12.362449242446893,4.4051746167738965,4.4051746167738965,0.4801708231167638,0.35633510240418853,1.0,0.8333333333333334,2.5771155360333244,0.8978913674730279,0.3484094348579556,0.4801708231167638,1,"[[1, 4], [2, 4], [2, 4], [2, 4]]","[true, true, true, true, true]",0,0.0,0,1,1,0.3265665419999948
rounded_square--neutral,rounded_square,neutral,delay_2,added_delay,2.0,0.0,2,1.0,1361,violation_safe,12.362449242446893,4.338467514383047,4.4051746167738965,0.4801708231167638,0.3509391569015928,1.0,0.8333333333333334,2.5771155360333244,0.9770862197708502,0.3791394705084792,0.4801708231167638,1,"[[1, 4], [2, 4], [2, 4], [2, 4]]","[true, true, true, true, false]",1,2.0,0,1,1,0.3291868330000227
rounded_square--neutral,rounded_square,neutral,delay_2,added_delay,2.0,0.0,2,1.0,1361,dual_anchor_dynamic,12.362449242446893,4.338467514383047,4.4051746167738965,0.4801708231167638,0.3509391569015928,1.0,0.8333333333333334,2.5771155360333244,0.9770862197708502,0.3791394705084792,0.4801708231167638,1,"[[1, 4], [2, 4], [2, 4], [2, 4]]","[true, true, true, true, false]",1,2.0,0,1,1,0.3285011250000025
rounded_square--neutral,rounded_square,neutral,delay_2,added_delay,2.0,0.0,2,1.0,1381,full_trajectory,18.495477974431022,11.176324675220355,11.176324675220355,0.678721102476085,0.6042733629631528,1.0,0.8333333333333334,3.4875595139563473,1.7480213800796747,0.5012162152601345,0.678721102476085,0,"[[0, 1, 2, 3, 4, 5], [0, 1, 2, 3, 4, 5], [0, 1, 2, 3, 4, 5], [0, 1, 2, 3, 4, 5]]","[true, true, true, true, true]",0,0.0,0,1,1,0.3708133340000188
rounded_square--neutral,rounded_square,neutral,delay_2,added_delay,2.0,0.0,2,1.0,1381,error_peak_dynamic,18.495477974431022,10.558872293447523,10.558872293447523,0.6602290249063067,0.5708893983731905,1.0,0.8333333333333334,3.4875595139563473,2.1216193337949747,0.6083392484930453,0.6602290249063067,2,"[[1, 4], [1, 4], [2, 4], [1, 4]]","[true, true, true, true, true]",0,0.0,0,1,1,0.3409979169999815
rounded_square--neutral,rounded_square,neutral,delay_2,added_delay,2.0,0.0,2,1.0,1381,violation_safe,18.495477974431022,10.47307520192169,10.558872293447523,0.6602290249063067,0.5662505838670479,1.0,0.8333333333333334,3.4875595139563473,2.1401958507348673,0.613665757435919,0.6602290249063067,2,"[[1, 4], [1, 4], [2, 4], [1, 4]]","[true, true, true, true, false]",1,2.0,0,1,1,0.3435442079999973
rounded_square--neutral,rounded_square,neutral,delay_2,added_delay,2.0,0.0,2,1.0,1381,dual_anchor_dynamic,18.495477974431022,10.47307520192169,10.558872293447523,0.6602290249063067,0.5662505838670479,1.0,0.8333333333333334,3.4875595139563473,2.1401958507348673,0.613665757435919,0.6602290249063067,2,"[[1, 4], [1, 4], [2, 4], [1, 4]]","[true, true, true, true, false]",1,2.0,0,1,1,0.34161412500000665
rounded_square--demand_aligned,rounded_square,demand_aligned,delay_2,added_delay,2.0,0.0,2,1.0,1301,full_trajectory,13.085597917194889,3.96163811453781,3.96163811453781,0.5121969959195636,0.3027479630359185,0.6666666666666666,0.5,1.1691149470419957,0.41301538271807964,0.35327183504330284,0.5121969959195636,0,"[[0, 1, 2, 3, 4, 5], [0, 1, 2, 3, 4, 5], [0, 1, 2, 3, 4, 5], [0, 1, 2, 3, 4, 5]]","[true, true, true, true, true]",0,0.0,0,1,1,0.26029408399998033
rounded_square--demand_aligned,rounded_square,demand_aligned,delay_2,added_delay,2.0,0.0,2,1.0,1301,error_peak_dynamic,13.085597917194889,4.8622308575528805,4.8622308575528805,0.5268523307722798,0.3715711645979704,0.6666666666666666,0.5,1.1691149470419957,0.5636424329246132,0.48211036421243075,0.5268523307722798,3,"[[2, 4], [1, 4], [1, 2], [3, 4]]","[true, true, true, true, true]",0,0.0,0,1,1,0.18809495900001139
rounded_square--demand_aligned,rounded_square,demand_aligned,delay_2,added_delay,2.0,0.0,2,1.0,1301,violation_safe,13.085597917194889,3.8969475751095755,3.8969475751095755,0.49765117993050123,0.2978043188984787,0.6666666666666666,0.6666666666666666,1.1691149470419957,0.5911360737709892,0.5056269918254283,0.49765117993050123,3,"[[2, 4], [1, 2], [2, 4], [1, 4]]","[true, true, true, true, true]",0,4.0,0,1,1,0.19309649999999579
rounded_square--demand_aligned,rounded_square,demand_aligned,delay_2,added_delay,2.0,0.0,2,1.0,1301,dual_anchor_dynamic,13.085597917194889,2.7801287282549234,2.7801287282549234,0.43849678343587767,0.21245714149612885,0.6666666666666666,0.6666666666666666,1.1691149470419957,0.4519574576597535,0.38658085657296687,0.43849678343587767,3,"[[2, 4], [1, 2], [3, 4], [2, 4]]","[true, true, true, true, true]",0,4.0,0,1,1,0.24912195799998926
rounded_square--demand_aligned,rounded_square,demand_aligned,delay_2,added_delay,2.0,0.0,2,1.0,1321,full_trajectory,17.962055846083658,9.790026244137396,9.790026244137396,0.6086893313467542,0.5450392943896762,0.8333333333333334,0.6666666666666666,2.8496694268010705,0.970643153061139,0.34061605319278937,0.6086893313467542,0,"[[0, 1, 2, 3, 4, 5], [0, 1, 2, 3, 4, 5], [0, 1, 2, 3, 4, 5], [0, 1, 2, 3, 4, 5]]","[true, true, true, true, true]",0,0.0,0,1,1,0.3500184580000223
rounded_square--demand_aligned,rounded_square,demand_aligned,delay_2,added_delay,2.0,0.0,2,1.0,1321,error_peak_dynamic,17.962055846083658,7.561258506667783,7.561258506667783,0.6028671953741847,0.42095729862216164,0.8333333333333334,0.8333333333333334,2.8496694268010705,1.6377234666970582,0.5747064734226045,0.6028671953741847,3,"[[1, 4], [2, 4], [1, 4], [2, 4]]","[true, true, true, true, true]",0,0.0,0,1,1,0.26760433399999783
rounded_square--demand_aligned,rounded_square,demand_aligned,delay_2,added_delay,2.0,0.0,2,1.0,1321,violation_safe,17.962055846083658,7.093652123604905,7.093652123604905,0.548433039570565,0.39492428842167104,0.8333333333333334,0.8333333333333334,2.8496694268010705,1.5783330893093965,0.5538653271376718,0.548433039570565,2,"[[2, 4], [1, 4], [2, 4], [2, 4]]","[true, true, true, true, true]",0,4.0,0,1,1,0.24772041700001068
rounded_square--demand_aligned,rounded_square,demand_aligned,delay_2,added_delay,2.0,0.0,2,1.0,1321,dual_anchor_dynamic,17.962055846083658,7.107046216646655,7.107046216646655,0.551535937701419,0.39566997661886427,0.8333333333333334,0.8333333333333334,2.8496694268010705,1.1387353388557035,0.3996026093924881,0.551535937701419,1,"[[1, 4], [2, 4], [2, 4], [2, 4]]","[true, true, true, true, true]",0,4.0,0,1,1,0.331731542
rounded_square--demand_aligned,rounded_square,demand_aligned,delay_2,added_delay,2.0,0.0,2,1.0,1361,full_trajectory,16.245686227911424,7.570225944544855,7.570225944544855,0.5584978103295448,0.46598375952494914,0.8333333333333334,0.6666666666666666,2.5771155360333244,0.7438238603210642,0.2886265089480435,0.5584978103295448,0,"[[0, 1, 2, 3, 4, 5], [0, 1, 2, 3, 4, 5], [0, 1, 2, 3, 4, 5], [0, 1, 2, 3, 4, 5]]","[true, true, true, true, true]",0,0.0,0,1,1,0.33716920800000594
rounded_square--demand_aligned,rounded_square,demand_aligned,delay_2,added_delay,2.0,0.0,2,1.0,1361,error_peak_dynamic,16.245686227911424,5.938994501279162,5.938994501279162,0.5713406010789985,0.36557363092951295,0.8333333333333334,0.8333333333333334,2.5771155360333244,1.3012411035998117,0.5049215238532424,0.5713406010789985,3,"[[1, 4], [2, 4], [1, 4], [2, 4]]","[true, true, true, true, true]",0,0.0,0,1,1,0.249027792000021
rounded_square--demand_aligned,rounded_square,demand_aligned,delay_2,added_delay,2.0,0.0,2,1.0,1361,violation_safe,16.245686227911424,5.708997599381414,5.708997599381414,0.5182449361430828,0.351416217160029,0.8333333333333334,0.8333333333333334,2.5771155360333244,1.2554019782781773,0.4871345349966273,0.5182449361430828,2,"[[2, 4], [1, 4], [2, 4], [2, 4]]","[true, true, true, true, true]",0,4.0,0,1,1,0.26074195900000063
rounded_square--demand_aligned,rounded_square,demand_aligned,delay_2,added_delay,2.0,0.0,2,1.0,1361,dual_anchor_dynamic,16.245686227911424,5.760820466819626,5.830443633720771,0.5205743411192205,0.35460616350708923,0.8333333333333334,0.8333333333333334,2.5771155360333244,0.9770862197708502,0.3791394705084792,0.5205743411192205,1,"[[1, 4], [2, 4], [2, 4], [2, 4]]","[true, true, true, true, false]",1,2.0,0,1,1,0.3378552920000004
rounded_square--demand_aligned,rounded_square,demand_aligned,delay_2,added_delay,2.0,0.0,2,1.0,1381,full_trajectory,24.454741213372643,16.372749587362605,16.372749587362605,0.7165190622007633,0.6695122816678778,0.8333333333333334,0.6666666666666666,3.4875595139563473,1.7480213800796747,0.5012162152601345,0.7165190622007633,0,"[[0, 1, 2, 3, 4, 5], [0, 1, 2, 3, 4, 5], [0, 1, 2, 3, 4, 5], [0, 1, 2, 3, 4, 5]]","[true, true, true, true, true]",0,0.0,0,1,1,0.36933237499999905
rounded_square--demand_aligned,rounded_square,demand_aligned,delay_2,added_delay,2.0,0.0,2,1.0,1381,error_peak_dynamic,24.454741213372643,15.543552222927968,15.543552222927968,0.6962992306995045,0.6356048541796979,0.8333333333333334,0.8333333333333334,3.4875595139563473,3.1026222259869436,0.8896256002430983,0.6962992306995045,2,"[[1, 4], [2, 4], [1, 4], [1, 4]]","[true, true, true, true, true]",0,0.0,0,1,1,0.3564739589999988
rounded_square--demand_aligned,rounded_square,demand_aligned,delay_2,added_delay,2.0,0.0,2,1.0,1381,violation_safe,24.454741213372643,13.244543118141987,13.414849504624662,0.6547967698106434,0.5415940820056375,0.8333333333333334,0.8333333333333334,3.4875595139563473,2.8173828721241603,0.8078379339046957,0.6547967698106434,2,"[[2, 4], [1, 4], [2, 4], [2, 4]]","[true, true, true, true, false]",1,2.0,0,1,1,0.38982195799999886
rounded_square--demand_aligned,rounded_square,demand_aligned,delay_2,added_delay,2.0,0.0,2,1.0,1381,dual_anchor_dynamic,24.454741213372643,13.962245839856706,15.510288668394697,0.6869881319302777,0.5709422855074704,0.8333333333333334,0.8333333333333334,3.4875595139563473,2.1401958507348673,0.613665757435919,0.6869881319302777,2,"[[1, 4], [1, 4], [2, 4], [1, 4]]","[true, true, true, true, false]",1,2.0,0,1,1,0.34229345899998975
rounded_square--demand_conflict,rounded_square,demand_conflict,delay_2,added_delay,2.0,0.0,2,1.0,1301,full_trajectory,5.737125546417022,1.8786948822587768,1.8786948822587768,0.5237029313428863,0.3274627454217154,0.8333333333333334,0.6666666666666666,1.1691149470419957,0.41301538271807964,0.35327183504330284,0.5237029313428863,0,"[[0, 1, 2, 3, 4, 5], [0, 1, 2, 3, 4, 5], [0, 1, 2, 3, 4, 5], [0, 1, 2, 3, 4, 5]]","[true, true, true, true, true]",0,0.0,0,1,1,0.25992904099999237
rounded_square--demand_conflict,rounded_square,demand_conflict,delay_2,added_delay,2.0,0.0,2,1.0,1301,error_peak_dynamic,5.737125546417022,1.7716139267826514,1.7716139267826514,0.5796776755895632,0.30879817993334113,0.8333333333333334,0.6666666666666666,1.1691149470419957,0.5271000107676339,0.4508538806224842,0.5796776755895632,3,"[[2, 4], [1, 4], [2, 4], [1, 3]]","[true, true, true, true, true]",0,0.0,0,1,1,0.2230103750000012
rounded_square--demand_conflict,rounded_square,demand_conflict,delay_2,added_delay,2.0,0.0,2,1.0,1301,violation_safe,5.737125546417022,3.238082856611229,3.238082856611229,0.7112778953151471,0.5644085754116872,0.8333333333333334,0.8333333333333334,1.1691149470419957,0.7688962948942393,0.657673821414773,0.7112778953151471,1,"[[1, 4], [1, 2], [1, 2], [1, 2]]","[true, true, false, false, true]",2,1.15,0,1,1,0.24568833300000392
rounded_square--demand_conflict,rounded_square,demand_conflict,delay_2,added_delay,2.0,0.0,2,1.0,1301,dual_anchor_dynamic,5.737125546417022,1.442396309705679,1.442396309705679,0.555024186110295,0.2514144579956929,0.8333333333333334,0.6666666666666666,1.1691149470419957,0.4687827808640983,0.40097236122947216,0.555024186110295,3,"[[1, 2], [2, 4], [3, 4], [1, 4]]","[true, true, true, true, true]",0,4.0,0,1,1,0.2521467919999907
rounded_square--demand_conflict,rounded_square,demand_conflict,delay_2,added_delay,2.0,0.0,2,1.0,1321,full_trajectory,10.134581178328292,3.9114648591498304,3.9114648591498304,0.49772429877853885,0.3859522944583123,1.0,0.8333333333333334,2.8496694268010705,0.970643153061139,0.34061605319278937,0.49772429877853885,0,"[[0, 1, 2, 3, 4, 5], [0, 1, 2, 3, 4, 5], [0, 1, 2, 3, 4, 5], [0, 1, 2, 3, 4, 5]]","[true, true, true, true, true]",0,0.0,0,1,1,0.35254358399998864
rounded_square--demand_conflict,rounded_square,demand_conflict,delay_2,added_delay,2.0,0.0,2,1.0,1321,error_peak_dynamic,10.134581178328292,4.2471959055111155,4.2471959055111155,0.5063317042258342,0.4190795683390731,1.0,0.8333333333333334,2.8496694268010705,1.2213257505764876,0.42858506291640325,0.5063317042258342,1,"[[1, 4], [2, 4], [2, 4], [2, 4]]","[true, true, true, true, true]",0,0.0,0,1,1,0.3127346249999903
rounded_square--demand_conflict,rounded_square,demand_conflict,delay_2,added_delay,2.0,0.0,2,1.0,1321,violation_safe,10.134581178328292,3.7487972057468006,3.879521892603714,0.5087889632285036,0.36990154203542214,1.0,0.8333333333333334,2.8496694268010705,1.366902801061161,0.4796706552014328,0.5087889632285036,3,"[[1, 3], [1, 4], [2, 4], [3, 4]]","[true, true, true, true, false]",1,2.0,0,1,1,0.27096970799999553
rounded_square--demand_conflict,rounded_square,demand_conflict,delay_2,added_delay,2.0,0.0,2,1.0,1321,dual_anchor_dynamic,10.134581178328292,3.8246172359916235,3.8246172359916235,0.5051616834261642,0.3773828605932088,1.0,0.8333333333333334,2.8496694268010705,1.1554042680591023,0.4054520349597584,0.5051616834261642,2,"[[3, 4], [1, 4], [2, 4], [2, 4]]","[true, true, true, true, true]",0,4.0,0,1,1,0.32308379199997717
rounded_square--demand_conflict,rounded_square,demand_conflict,delay_2,added_delay,2.0,0.0,2,1.0,1361,full_trajectory,9.323104177892994,3.0652703101266208,3.0652703101266208,0.4453946389415999,0.328782157920643,1.0,0.8333333333333334,2.5771155360333244,0.7438238603210642,0.2886265089480435,0.4453946389415999,0,"[[0, 1, 2, 3, 4, 5], [0, 1, 2, 3, 4, 5], [0, 1, 2, 3, 4, 5], [0, 1, 2, 3, 4, 5]]","[true, true, true, true, true]",0,0.0,0,1,1,0.33648724999997626
rounded_square--demand_conflict,rounded_square,demand_conflict,delay_2,added_delay,2.0,0.0,2,1.0,1361,error_peak_dynamic,9.323104177892994,3.0737821139468107,3.0737821139468107,0.46226749960865177,0.3296951375096058,1.0,0.8333333333333334,2.5771155360333244,0.9404126028382542,0.3649089804820042,0.46226749960865177,2,"[[1, 4], [2, 4], [2, 4], [3, 4]]","[true, true, true, true, true]",0,0.0,0,1,1,0.2859382910000079
rounded_square--demand_conflict,rounded_square,demand_conflict,delay_2,added_delay,2.0,0.0,2,1.0,1361,violation_safe,9.323104177892994,2.911709840098327,3.4883089991576606,0.47679732282228854,0.31231119856008827,1.0,0.8333333333333334,2.5771155360333244,1.1133129260511367,0.43199961758980315,0.47679732282228854,3,"[[1, 3], [2, 4], [1, 4], [2, 4]]","[true, true, true, true, false]",1,2.0,0,1,1,0.2645614159999923
rounded_square--demand_conflict,rounded_square,demand_conflict,delay_2,added_delay,2.0,0.0,2,1.0,1361,dual_anchor_dynamic,9.323104177892994,3.034076419785424,3.106512452047574,0.4666639127502852,0.3254362883748362,1.0,0.8333333333333334,2.5771155360333244,0.9972164638015429,0.3869506236171509,0.4666639127502852,2,"[[3, 4], [1, 4], [2, 4], [2, 4]]","[true, true, true, true, false]",1,2.0,0,1,1,0.3170531659999938
rounded_square--demand_conflict,rounded_square,demand_conflict,delay_2,added_delay,2.0,0.0,2,1.0,1381,full_trajectory,13.263905867157206,7.526496915829515,7.526496915829515,0.6480867412002604,0.5674419730666135,1.0,0.8333333333333334,3.4875595139563473,1.7480213800796747,0.5012162152601345,0.6480867412002604,0,"[[0, 1, 2, 3, 4, 5], [0, 1, 2, 3, 4, 5], [0, 1, 2, 3, 4, 5], [0, 1, 2, 3, 4, 5]]","[true, true, true, true, true]",0,0.0,0,1,1,0.37194379100000674
rounded_square--demand_conflict,rounded_square,demand_conflict,delay_2,added_delay,2.0,0.0,2,1.0,1381,error_peak_dynamic,13.263905867157206,7.63674925468592,7.63674925468592,0.657121651168076,0.5757541806441265,1.0,1.0,3.4875595139563473,2.319091533457538,0.6649611351941406,0.657121651168076,1,"[[1, 4], [1, 4], [1, 4], [2, 4]]","[true, true, true, true, true]",0,0.0,0,1,1,0.3710417499999892
rounded_square--demand_conflict,rounded_square,demand_conflict,delay_2,added_delay,2.0,0.0,2,1.0,1381,violation_safe,13.263905867157206,7.752851251141627,7.851071600338063,0.6591414403218012,0.5845074089630328,1.0,1.0,3.4875595139563473,2.5088710006960713,0.7193772581245402,0.6591414403218012,0,"[[1, 4], [1, 4], [1, 4], [1, 4]]","[true, true, true, true, false]",1,2.0,0,1,1,0.36955562500000383
rounded_square--demand_conflict,rounded_square,demand_conflict,delay_2,added_delay,2.0,0.0,2,1.0,1381,dual_anchor_dynamic,13.263905867157206,7.650650681889287,7.7310434188228925,0.6507652788623004,0.5768022450184214,1.0,0.8333333333333334,3.4875595139563473,2.2418048217224427,0.642800449067979,0.6507652788623004,0,"[[1, 4], [1, 4], [1, 4], [1, 4]]","[true, true, true, true, false]",1,2.0,0,1,1,0.3480885000000171
figure_eight--neutral,figure_eight,neutral,delay_2,added_delay,2.0,0.0,2,1.0,1301,full_trajectory,8.398918431191678,0.5628372682975619,0.5628372682975619,0.33445767093661616,0.06701306518316834,0.6666666666666666,0.0,1.5559654949257407,0.10370352968695387,0.0666489906268154,0.33445767093661616,0,"[[0, 1, 2, 3, 4, 5], [0, 1, 2, 3, 4, 5], [0, 1, 2, 3, 4, 5], [0, 1, 2, 3, 4, 5]]","[true, true, true, true, true]",0,0.0,0,1,1,0.2143407079999804
figure_eight--neutral,figure_eight,neutral,delay_2,added_delay,2.0,0.0,2,1.0,1301,error_peak_dynamic,8.398918431191678,0.46767894161575635,0.46767894161575635,0.3083174813273718,0.05568323415059049,0.6666666666666666,0.0,1.5559654949257407,0.12501207699778064,0.08034373346032773,0.3083174813273718,2,"[[2, 4], [2, 4], [3, 4], [2, 3]]","[true, true, true, true, true]",0,0.0,0,1,1,0.2125344590000111
figure_eight--neutral,figure_eight,neutral,delay_2,added_delay,2.0,0.0,2,1.0,1301,violation_safe,8.398918431191678,0.46767894161575635,0.46767894161575635,0.3083174813273718,0.05568323415059049,0.6666666666666666,0.0,1.5559654949257407,0.12501207699778064,0.08034373346032773,0.3083174813273718,2,"[[2, 4], [2, 4], [3, 4], [2, 3]]","[true, true, true, true, true]",0,4.0,0,1,1,0.21384666700001276
figure_eight--neutral,figure_eight,neutral,delay_2,added_delay,2.0,0.0,2,1.0,1301,dual_anchor_dynamic,8.398918431191678,0.46767894161575635,0.46767894161575635,0.3083174813273718,0.05568323415059049,0.6666666666666666,0.0,1.5559654949257407,0.12501207699778064,0.08034373346032773,0.3083174813273718,2,"[[2, 4], [2, 4], [3, 4], [2, 3]]","[true, true, true, true, true]",0,4.0,0,1,1,0.2153533750000065
figure_eight--neutral,figure_eight,neutral,delay_2,added_delay,2.0,0.0,2,1.0,1321,full_trajectory,13.869626036325172,5.164051230013978,5.164051230013978,0.5491705799524718,0.3723280798263123,1.0,0.6666666666666666,2.7897656124785835,0.8868187064644558,0.3178828724885445,0.5491705799524718,0,"[[0, 1, 2, 3, 4, 5], [0, 1, 2, 3, 4, 5], [0, 1, 2, 3, 4, 5], [0, 1, 2, 3, 4, 5]]","[true, true, true, true, true]",0,0.0,0,1,1,0.33258708300002127
figure_eight--neutral,figure_eight,neutral,delay_2,added_delay,2.0,0.0,2,1.0,1321,error_peak_dynamic,13.869626036325172,5.449756111814924,5.449756111814924,0.5496662928700191,0.3929274010374734,1.0,0.8333333333333334,2.7897656124785835,1.0193633762279042,0.36539391397911913,0.5496662928700191,2,"[[2, 4], [3, 4], [3, 4], [2, 4]]","[true, true, true, true, true]",0,0.0,0,1,1,0.321784665999985
figure_eight--neutral,figure_eight,neutral,delay_2,added_delay,2.0,0.0,2,1.0,1321,violation_safe,13.869626036325172,5.036279842429945,5.449756111814924,0.5496662928700191,0.3631157631243771,1.0,0.8333333333333334,2.7897656124785835,1.0035334155642643,0.35971961625574317,0.5496662928700191,2,"[[2, 4], [3, 4], [3, 4], [2, 4]]","[true, true, true, true, false]",1,2.0,0,1,1,0.3258462080000015
figure_eight--neutral,figure_eight,neutral,delay_2,added_delay,2.0,0.0,2,1.0,1321,dual_anchor_dynamic,13.869626036325172,5.036279842429945,5.449756111814924,0.5496662928700191,0.3631157631243771,1.0,0.8333333333333334,2.7897656124785835,1.0035334155642643,0.35971961625574317,0.5496662928700191,2,"[[2, 4], [3, 4], [3, 4], [2, 4]]","[true, true, true, true, false]",1,2.0,0,1,1,0.3262559579999902
figure_eight--neutral,figure_eight,neutral,delay_2,added_delay,2.0,0.0,2,1.0,1361,full_trajectory,12.482742000405263,3.8170153058541296,3.8170153058541296,0.4985902090297849,0.3057834012535232,1.0,0.5,2.5168755848825417,0.6413154432116625,0.25480617598409877,0.4985902090297849,0,"[[0, 1, 2, 3, 4, 5], [0, 1, 2, 3, 4, 5], [0, 1, 2, 3, 4, 5], [0, 1, 2, 3, 4, 5]]","[true, true, true, true, true]",0,0.0,0,1,1,0.3207437499999912
figure_eight--neutral,figure_eight,neutral,delay_2,added_delay,2.0,0.0,2,1.0,1361,error_peak_dynamic,12.482742000405263,3.4490746834934267,3.4490746834934267,0.49904599425999596,0.2763074557962865,1.0,0.5,2.5168755848825417,0.6736236400368126,0.2676428044687197,0.49904599425999596,1,"[[2, 4], [3, 4], [3, 4], [3, 4]]","[true, true, true, true, true]",0,0.0,0,1,1,0.3207527920000075
figure_eight--neutral,figure_eight,neutral,delay_2,added_delay,2.0,0.0,2,1.0,1361,violation_safe,12.482742000405263,3.850384542856337,4.065869374835891,0.5052224686608372,0.3084566309815048,1.0,0.5,2.5168755848825417,0.7610145726848419,0.30236479596203686,0.5052224686608372,2,"[[2, 4], [3, 4], [3, 4], [2, 4]]","[true, true, true, true, false]",1,2.0,0,1,1,0.3253404169999783
figure_eight--neutral,figure_eight,neutral,delay_2,added_delay,2.0,0.0,2,1.0,1361,dual_anchor_dynamic,12.482742000405263,3.4490746834934267,3.4490746834934267,0.49904599425999596,0.2763074557962865,1.0,0.5,2.5168755848825417,0.6736236400368126,0.2676428044687197,0.49904599425999596,1,"[[2, 4], [3, 4], [3, 4], [3, 4]]","[true, true, true, true, true]",0,4.0,0,1,1,0.3233428750000087
figure_eight--neutral,figure_eight,neutral,delay_2,added_delay,2.0,0.0,2,1.0,1381,full_trajectory,18.547449706530927,11.43809113305165,11.43809113305165,0.7269251438742554,0.6166934707483838,1.0,0.8333333333333334,3.6386735344775745,1.8650669779309226,0.5125678245819053,0.7269251438742554,0,"[[0, 1, 2, 3, 4, 5], [0, 1, 2, 3, 4, 5], [0, 1, 2, 3, 4, 5], [0, 1, 2, 3, 4, 5]]","[true, true, true, true, true]",0,0.0,0,1,1,0.37681091700000025
figure_eight--neutral,figure_eight,neutral,delay_2,added_delay,2.0,0.0,2,1.0,1381,error_peak_dynamic,18.547449706530927,11.620001417981708,11.620001417981708,0.7054900874305603,0.6265013035129069,1.0,0.8333333333333334,3.6386735344775745,2.071606534440731,0.5693301459478594,0.7054900874305603,2,"[[2, 4], [3, 4], [3, 4], [2, 4]]","[true, true, true, true, true]",0,0.0,0,1,1,0.4212320000000318
figure_eight--neutral,figure_eight,neutral,delay_2,added_delay,2.0,0.0,2,1.0,1381,violation_safe,18.547449706530927,11.170540573296835,12.078999525743447,0.7392863188073046,0.6022682767735699,1.0,1.0,3.6386735344775745,2.005527159680289,0.5511698537055576,0.7392863188073046,2,"[[2, 4], [2, 4], [3, 4], [2, 4]]","[true, true, true, true, false]",1,2.0,0,1,1,0.40475141699999995
figure_eight--neutral,figure_eight,neutral,delay_2,added_delay,2.0,0.0,2,1.0,1381,dual_anchor_dynamic,18.547449706530927,10.493862286575148,11.620001417981708,0.7054900874305603,0.5657846470870898,1.0,1.0,3.6386735344775745,1.9320988376865447,0.5309898839176699,0.7054900874305603,2,"[[2, 4], [3, 4], [3, 4], [2, 4]]","[true, true, true, true, false]",1,2.0,0,1,1,0.38460012500001994
figure_eight--demand_aligned,figure_eight,demand_aligned,delay_2,added_delay,2.0,0.0,2,1.0,1301,full_trajectory,13.692707364290603,0.6427989101828487,0.6427989101828487,0.32765173217846255,0.04694461753116938,0.6666666666666666,0.0,1.5559654949257407,0.10370352968695387,0.0666489906268154,0.32765173217846255,0,"[[0, 1, 2, 3, 4, 5], [0, 1, 2, 3, 4, 5], [0, 1, 2, 3, 4, 5], [0, 1, 2, 3, 4, 5]]","[true, true, true, true, true]",0,0.0,0,1,1,0.2148607920000245
figure_eight--demand_aligned,figure_eight,demand_aligned,delay_2,added_delay,2.0,0.0,2,1.0,1301,error_peak_dynamic,13.692707364290603,0.7003913979164391,0.7003913979164391,0.3119964568829474,0.05115068768233515,0.6666666666666666,0.0,1.5559654949257407,0.3562975167706416,0.22898805785384468,0.3119964568829474,2,"[[2, 4], [2, 4], [1, 4], [2, 3]]","[true, true, true, true, true]",0,0.0,0,1,1,0.15583987499996965
figure_eight--demand_aligned,figure_eight,demand_aligned,delay_2,added_delay,2.0,0.0,2,1.0,1301,violation_safe,13.692707364290603,0.8358974061176385,0.8358974061176385,0.3097271533659712,0.06104690503337468,0.6666666666666666,0.16666666666666666,1.5559654949257407,0.40436749133135147,0.25988204278954796,0.3097271533659712,2,"[[2, 4], [2, 4], [3, 4], [2, 4]]","[true, true, true, true, true]",0,4.0,0,1,1,0.16422900000003438
figure_eight--demand_aligned,figure_eight,demand_aligned,delay_2,added_delay,2.0,0.0,2,1.0,1301,dual_anchor_dynamic,13.692707364290603,0.5355461490384865,0.5355461490384865,0.2985650972406416,0.03911177934285988,0.6666666666666666,0.0,1.5559654949257407,0.12501207699778064,0.08034373346032773,0.2985650972406416,2,"[[2, 4], [2, 4], [3, 4], [2, 3]]","[true, true, true, true, true]",0,4.0,0,1,1,0.21471462499999916
figure_eight--demand_aligned,figure_eight,demand_aligned,delay_2,added_delay,2.0,0.0,2,1.0,1321,full_trajectory,21.251757991485285,8.235136985620045,8.235136985620045,0.5628786496089058,0.38750380034063675,1.0,0.5,2.7897656124785835,0.8868187064644558,0.3178828724885445,0.5628786496089058,0,"[[0, 1, 2, 3, 4, 5], [0, 1, 2, 3, 4, 5], [0, 1, 2, 3, 4, 5], [0, 1, 2, 3, 4, 5]]","[true, true, true, true, true]",0,0.0,0,1,1,0.3320716669999797
figure_eight--demand_aligned,figure_eight,demand_aligned,delay_2,added_delay,2.0,0.0,2,1.0,1321,error_peak_dynamic,21.251757991485285,8.360334975624975,8.360334975624975,0.593259807396326,0.39339498308679316,1.0,0.8333333333333334,2.7897656124785835,1.2851339975425558,0.4606602044968111,0.593259807396326,3,"[[2, 4], [3, 4], [2, 4], [3, 4]]","[true, true, true, true, true]",0,0.0,0,1,1,0.2615951670000527
figure_eight--demand_aligned,figure_eight,demand_aligned,delay_2,added_delay,2.0,0.0,2,1.0,1321,violation_safe,21.251757991485285,8.360334975624975,8.360334975624975,0.593259807396326,0.39339498308679316,1.0,0.8333333333333334,2.7897656124785835,1.2851339975425558,0.4606602044968111,0.593259807396326,3,"[[2, 4], [3, 4], [2, 4], [3, 4]]","[true, true, true, true, true]",0,4.0,0,1,1,0.2629688339999916
figure_eight--demand_aligned,figure_eight,demand_aligned,delay_2,added_delay,2.0,0.0,2,1.0,1321,dual_anchor_dynamic,21.251757991485285,8.150904862274578,8.768854035524196,0.5585547960335342,0.38354026361208865,1.0,0.5,2.7897656124785835,1.0035334155642643,0.35971961625574317,0.5585547960335342,2,"[[2, 4], [3, 4], [3, 4], [2, 4]]","[true, true, true, true, false]",1,2.0,0,1,1,0.32277570799999467
figure_eight--demand_aligned,figure_eight,demand_aligned,delay_2,added_delay,2.0,0.0,2,1.0,1361,full_trajectory,19.121452950761626,6.1250828020704,6.1250828020704,0.5081238258600584,0.32032517705859964,1.0,0.5,2.5168755848825417,0.6413154432116625,0.25480617598409877,0.5081238258600584,0,"[[0, 1, 2, 3, 4, 5], [0, 1, 2, 3, 4, 5], [0, 1, 2, 3, 4, 5], [0, 1, 2, 3, 4, 5]]","[true, true, true, true, true]",0,0.0,0,1,1,0.32008445899998605
figure_eight--demand_aligned,figure_eight,demand_aligned,delay_2,added_delay,2.0,0.0,2,1.0,1361,error_peak_dynamic,19.121452950761626,6.456474729178395,6.456474729178395,0.5431279101536195,0.3376560738247261,1.0,0.8333333333333334,2.5168755848825417,1.0493128552424429,0.4169108960113388,0.5431279101536195,3,"[[2, 4], [3, 4], [2, 4], [3, 4]]","[true, true, true, true, true]",0,0.0,0,1,1,0.2310563749999801
figure_eight--demand_aligned,figure_eight,demand_aligned,delay_2,added_delay,2.0,0.0,2,1.0,1361,violation_safe,19.121452950761626,6.456474729178395,6.456474729178395,0.5431279101536195,0.3376560738247261,1.0,0.8333333333333334,2.5168755848825417,1.0493128552424429,0.4169108960113388,0.5431279101536195,3,"[[2, 4], [3, 4], [2, 4], [3, 4]]","[true, true, true, true, true]",0,4.0,0,1,1,0.2323247499999752
figure_eight--demand_aligned,figure_eight,demand_aligned,delay_2,added_delay,2.0,0.0,2,1.0,1361,dual_anchor_dynamic,19.121452950761626,5.623896134673845,5.623896134673845,0.5027840501973286,0.29411447703035765,1.0,0.5,2.5168755848825417,0.6736236400368126,0.2676428044687197,0.5027840501973286,1,"[[2, 4], [3, 4], [3, 4], [3, 4]]","[true, true, true, true, true]",0,4.0,0,1,1,0.3239516250000065
figure_eight--demand_aligned,figure_eight,demand_aligned,delay_2,added_delay,2.0,0.0,2,1.0,1381,full_trajectory,29.237228080320097,18.585870970587255,18.585870970587255,0.7430380863952579,0.6356919650360976,1.0,0.8333333333333334,3.6386735344775745,1.8650669779309226,0.5125678245819053,0.7430380863952579,0,"[[0, 1, 2, 3, 4, 5], [0, 1, 2, 3, 4, 5], [0, 1, 2, 3, 4, 5], [0, 1, 2, 3, 4, 5]]","[true, true, true, true, true]",0,0.0,0,1,1,0.37683304200004386
figure_eight--demand_aligned,figure_eight,demand_aligned,delay_2,added_delay,2.0,0.0,2,1.0,1381,error_peak_dynamic,29.237228080320097,16.82629177649794,16.82629177649794,0.7333810488309853,0.5755091327492808,1.0,0.8333333333333334,3.6386735344775745,2.2329824990339366,0.6136803639776216,0.7333810488309853,3,"[[2, 4], [3, 4], [2, 4], [3, 4]]","[true, true, true, true, true]",0,0.0,0,1,1,0.31422141699999884
figure_eight--demand_aligned,figure_eight,demand_aligned,delay_2,added_delay,2.0,0.0,2,1.0,1381,violation_safe,29.237228080320097,17.368851875225758,17.368851875225758,0.7776549103316366,0.5940662988813541,1.0,0.8333333333333334,3.6386735344775745,2.248226184030373,0.6178697161830331,0.7776549103316366,1,"[[2, 4], [2, 4], [2, 4], [3, 4]]","[true, true, true, true, true]",0,4.0,0,1,1,0.3014174580000031
figure_eight--demand_aligned,figure_eight,demand_aligned,delay_2,added_delay,2.0,0.0,2,1.0,1381,dual_anchor_dynamic,29.237228080320097,17.174962606168222,18.87807997920995,0.7205853008816552,0.5874347102599948,1.0,0.8333333333333334,3.6386735344775745,1.9320988376865447,0.5309898839176699,0.7205853008816552,2,"[[2, 4], [3, 4], [3, 4], [2, 4]]","[true, true, true, true, false]",1,2.0,0,1,1,0.38709633399997756
figure_eight--demand_conflict,figure_eight,demand_conflict,delay_2,added_delay,2.0,0.0,2,1.0,1301,full_trajectory,5.298909030079045,0.47522604605174934,0.47522604605174934,0.34296548408831457,0.08968375251474364,0.6666666666666666,0.0,1.5559654949257407,0.10370352968695387,0.0666489906268154,0.34296548408831457,0,"[[0, 1, 2, 3, 4, 5], [0, 1, 2, 3, 4, 5], [0, 1, 2, 3, 4, 5], [0, 1, 2, 3, 4, 5]]","[true, true, true, true, true]",0,0.0,0,1,1,0.21484483400001864
figure_eight--demand_conflict,figure_eight,demand_conflict,delay_2,added_delay,2.0,0.0,2,1.0,1301,error_peak_dynamic,5.298909030079045,0.3917490790620314,0.3917490790620314,0.3246862147801095,0.07393013860745361,0.6666666666666666,0.0,1.5559654949257407,0.1515826959525199,0.0974203454040954,0.3246862147801095,2,"[[2, 4], [2, 4], [3, 4], [2, 3]]","[true, true, true, true, true]",0,0.0,0,1,1,0.22114245799997434
figure_eight--demand_conflict,figure_eight,demand_conflict,delay_2,added_delay,2.0,0.0,2,1.0,1301,violation_safe,5.298909030079045,0.3917490790620314,0.3917490790620314,0.3246862147801095,0.07393013860745361,0.6666666666666666,0.0,1.5559654949257407,0.1515826959525199,0.0974203454040954,0.3246862147801095,2,"[[2, 4], [2, 4], [3, 4], [2, 3]]","[true, true, true, true, true]",0,4.0,0,1,1,0.18922691599999553
figure_eight--demand_conflict,figure_eight,demand_conflict,delay_2,added_delay,2.0,0.0,2,1.0,1301,dual_anchor_dynamic,5.298909030079045,0.39672316530313223,0.39672316530313223,0.3240074549127927,0.0748688386705922,0.6666666666666666,0.0,1.5559654949257407,0.12501207699778064,0.08034373346032773,0.3240074549127927,2,"[[2, 4], [2, 4], [3, 4], [2, 3]]","[true, true, true, true, true]",0,4.0,0,1,1,0.21769754100000682
figure_eight--demand_conflict,figure_eight,demand_conflict,delay_2,added_delay,2.0,0.0,2,1.0,1321,full_trajectory,9.668661985293044,4.0848947590593925,4.0848947590593925,0.6114962347104225,0.42248811317149226,1.0,0.6666666666666666,2.7897656124785835,0.8868187064644558,0.3178828724885445,0.6114962347104225,0,"[[0, 1, 2, 3, 4, 5], [0, 1, 2, 3, 4, 5], [0, 1, 2, 3, 4, 5], [0, 1, 2, 3, 4, 5]]","[true, true, true, true, true]",0,0.0,0,1,1,0.33925937499998327
figure_eight--demand_conflict,figure_eight,demand_conflict,delay_2,added_delay,2.0,0.0,2,1.0,1321,error_peak_dynamic,9.668661985293044,3.8614823825941125,3.8614823825941125,0.5846913983477502,0.39938125755847037,1.0,1.0,2.7897656124785835,1.0147211879523372,0.3637299074207178,0.5846913983477502,2,"[[2, 4], [3, 4], [3, 4], [2, 4]]","[true, true, true, true, true]",0,0.0,0,1,1,0.2982552080000005
figure_eight--demand_conflict,figure_eight,demand_conflict,delay_2,added_delay,2.0,0.0,2,1.0,1321,violation_safe,9.668661985293044,3.041598170631917,3.041598170631917,0.558159124477905,0.31458315279389,1.0,0.8333333333333334,2.7897656124785835,0.7548785563816334,0.27058852292288355,0.558159124477905,2,"[[2, 3], [2, 3], [3, 4], [2, 3]]","[true, true, true, true, true]",0,4.0,0,1,1,0.33679195799999206
figure_eight--demand_conflict,figure_eight,demand_conflict,delay_2,added_delay,2.0,0.0,2,1.0,1321,dual_anchor_dynamic,9.668661985293044,3.1316314928915565,3.716696411562463,0.5270917874900245,0.32389502266756937,1.0,1.0,2.7897656124785835,1.0006582921862193,0.3586890195041076,0.5270917874900245,1,"[[3, 4], [3, 4], [3, 4], [2, 4]]","[true, true, true, true, false]",1,2.0,0,1,1,0.3339510829999881
figure_eight--demand_conflict,figure_eight,demand_conflict,delay_2,added_delay,2.0,0.0,2,1.0,1361,full_trajectory,8.707733895551485,2.9151269501448676,2.9151269501448676,0.5554311233174138,0.33477446429938756,1.0,0.6666666666666666,2.5168755848825417,0.6413154432116625,0.25480617598409877,0.5554311233174138,0,"[[0, 1, 2, 3, 4, 5], [0, 1, 2, 3, 4, 5], [0, 1, 2, 3, 4, 5], [0, 1, 2, 3, 4, 5]]","[true, true, true, true, true]",0,0.0,0,1,1,0.3432802920000313
figure_eight--demand_conflict,figure_eight,demand_conflict,delay_2,added_delay,2.0,0.0,2,1.0,1361,error_peak_dynamic,8.707733895551485,2.889313766530054,2.889313766530054,0.5398399708516841,0.3318100669114517,1.0,0.5,2.5168755848825417,0.7571771041254148,0.30084010058874283,0.5398399708516841,2,"[[2, 4], [3, 4], [3, 4], [2, 4]]","[true, true, true, true, true]",0,0.0,0,1,1,0.29015179100002797
figure_eight--demand_conflict,figure_eight,demand_conflict,delay_2,added_delay,2.0,0.0,2,1.0,1361,violation_safe,8.707733895551485,2.190665705426648,2.190665705426648,0.5150366615585578,0.2515770155247615,1.0,0.6666666666666666,2.5168755848825417,0.5622891276185787,0.22340759749744238,0.5150366615585578,2,"[[2, 3], [2, 3], [3, 4], [2, 3]]","[true, true, true, true, true]",0,4.0,0,1,1,0.30710183299999017
figure_eight--demand_conflict,figure_eight,demand_conflict,delay_2,added_delay,2.0,0.0,2,1.0,1361,dual_anchor_dynamic,8.707733895551485,2.122773118103847,2.122773118103847,0.5267344344534228,0.243780200861249,1.0,0.6666666666666666,2.5168755848825417,0.6736236400368126,0.2676428044687197,0.5267344344534228,1,"[[2, 4], [3, 4], [3, 4], [3, 4]]","[true, true, true, true, true]",0,4.0,0,1,1,0.32951779200004694
figure_eight--demand_conflict,figure_eight,demand_conflict,delay_2,added_delay,2.0,0.0,2,1.0,1381,full_trajectory,12.677427036862248,7.114356107379367,7.114356107379367,0.6794907010205938,0.5611829661249795,1.0,1.0,3.6386735344775745,1.8650669779309226,0.5125678245819053,0.6794907010205938,0,"[[0, 1, 2, 3, 4, 5], [0, 1, 2, 3, 4, 5], [0, 1, 2, 3, 4, 5], [0, 1, 2, 3, 4, 5]]","[true, true, true, true, true]",0,0.0,0,1,1,0.37631179200002407
figure_eight--demand_conflict,figure_eight,demand_conflict,delay_2,added_delay,2.0,0.0,2,1.0,1381,error_peak_dynamic,12.677427036862248,6.184333229932333,6.184333229932333,0.707143371594124,0.4878224273703254,1.0,1.0,3.6386735344775745,1.9017393639933353,0.5226463286617383,0.707143371594124,3,"[[2, 4], [3, 4], [2, 4], [3, 4]]","[true, true, true, true, true]",0,0.0,0,1,1,0.36388866699996925
figure_eight--demand_conflict,figure_eight,demand_conflict,delay_2,added_delay,2.0,0.0,2,1.0,1381,violation_safe,12.677427036862248,6.619684537390521,6.619684537390521,0.669723937323916,0.5221630949357796,1.0,1.0,3.6386735344775745,1.7034255821430344,0.4681446593112963,0.669723937323916,0,"[[2, 3], [2, 3], [2, 3], [2, 3]]","[true, true, true, true, true]",0,4.0,0,1,1,0.37039412500001845
figure_eight--demand_conflict,figure_eight,demand_conflict,delay_2,added_delay,2.0,0.0,2,1.0,1381,dual_anchor_dynamic,12.677427036862248,6.17366229283961,7.1614475395711885,0.6713719970057873,0.48698070001810356,1.0,1.0,3.6386735344775745,1.9320988376865447,0.5309898839176699,0.6713719970057873,2,"[[2, 4], [3, 4], [3, 4], [2, 4]]","[true, true, true, true, false]",1,2.0,0,1,1,0.38421145900002784
s_curve--neutral,s_curve,neutral,delay_2,added_delay,2.0,0.0,2,1.0,1301,full_trajectory,4.080860424700777,0.8668213191633153,0.8668213191633153,0.44503870060361245,0.21241141057326743,0.6666666666666666,0.16666666666666666,0.6396185800748923,0.17198489462446956,0.26888664585749217,0.44503870060361245,0,"[[0, 1, 2, 3, 4, 5], [0, 1, 2, 3, 4, 5], [0, 1, 2, 3, 4, 5], [0, 1, 2, 3, 4, 5]]","[true, true, true, true, true]",0,0.0,0,1,1,0.24233249999997497
s_curve--neutral,s_curve,neutral,delay_2,added_delay,2.0,0.0,2,1.0,1301,error_peak_dynamic,4.080860424700777,0.4939486830298917,0.4939486830298917,0.35899316749556587,0.12104032768190295,0.6666666666666666,0.0,0.6396185800748923,0.24204031604956358,0.37841351641352156,0.35899316749556587,0,"[[2, 4], [2, 4], [2, 4], [2, 4]]","[true, true, true, true, true]",0,0.0,0,1,1,0.21509879199999205
s_curve--neutral,s_curve,neutral,delay_2,added_delay,2.0,0.0,2,1.0,1301,violation_safe,4.080860424700777,0.516708141905506,0.516708141905506,0.3596903078197563,0.12661745027542637,0.6666666666666666,0.0,0.6396185800748923,0.2294046810865976,0.3586585634515759,0.3596903078197563,1,"[[2, 4], [2, 4], [2, 4], [2, 3]]","[true, true, true, true, true]",0,4.0,0,1,1,0.2163036250000232
s_curve--neutral,s_curve,neutral,delay_2,added_delay,2.0,0.0,2,1.0,1301,dual_anchor_dynamic,4.080860424700777,0.4939486830298917,0.4939486830298917,0.35899316749556587,0.12104032768190295,0.6666666666666666,0.0,0.6396185800748923,0.24204031604956358,0.37841351641352156,0.35899316749556587,0,"[[2, 4], [2, 4], [2, 4], [2, 4]]","[true, true, true, true, true]",0,4.0,0,1,1,0.21695649999998068
s_curve--neutral,s_curve,neutral,delay_2,added_delay,2.0,0.0,2,1.0,1321,full_trajectory,8.403374583662302,2.3407372024587474,2.3407372024587474,0.4831311884624708,0.2785472882536462,1.0,0.5,1.2325485628468678,0.5055503175420882,0.41016665207446107,0.4831311884624708,0,"[[0, 1, 2, 3, 4, 5], [0, 1, 2, 3, 4, 5], [0, 1, 2, 3, 4, 5], [0, 1, 2, 3, 4, 5]]","[true, true, true, true, true]",0,0.0,0,1,1,0.2599324999999908
s_curve--neutral,s_curve,neutral,delay_2,added_delay,2.0,0.0,2,1.0,1321,error_peak_dynamic,8.403374583662302,1.8233720679597218,1.8233720679597218,0.4317149734433966,0.21698093424333253,1.0,0.5,1.2325485628468678,0.6261904190435483,0.5080452307673872,0.4317149734433966,1,"[[3, 4], [3, 4], [2, 4], [2, 4]]","[true, true, true, true, true]",0,0.0,0,1,1,0.2375490840000225
s_curve--neutral,s_curve,neutral,delay_2,added_delay,2.0,0.0,2,1.0,1321,violation_safe,8.403374583662302,1.8746405881595019,1.8746405881595019,0.4324775914798973,0.2230818785353382,1.0,0.5,1.2325485628468678,0.595218984390654,0.4829172677917472,0.4324775914798973,2,"[[3, 4], [3, 4], [2, 4], [2, 3]]","[true, true, true, true, true]",0,4.0,0,1,1,0.23925762499999337
s_curve--neutral,s_curve,neutral,delay_2,added_delay,2.0,0.0,2,1.0,1321,dual_anchor_dynamic,8.403374583662302,1.8233720679597218,1.8233720679597218,0.4317149734433966,0.21698093424333253,1.0,0.5,1.2325485628468678,0.6261904190435483,0.5080452307673872,0.4317149734433966,1,"[[3, 4], [3, 4], [2, 4], [2, 4]]","[true, true, true, true, true]",0,4.0,0,1,1,0.24018170900001223
s_curve--neutral,s_curve,neutral,delay_2,added_delay,2.0,0.0,2,1.0,1361,full_trajectory,7.598499184261511,1.803722524816891,1.803722524816891,0.4567751661072852,0.23737878771545762,1.0,0.5,1.1082067755021296,0.39156093360043953,0.3533284060847064,0.4567751661072852,0,"[[0, 1, 2, 3, 4, 5], [0, 1, 2, 3, 4, 5], [0, 1, 2, 3, 4, 5], [0, 1, 2, 3, 4, 5]]","[true, true, true, true, true]",0,0.0,0,1,1,0.25097025000002304
s_curve--neutral,s_curve,neutral,delay_2,added_delay,2.0,0.0,2,1.0,1361,error_peak_dynamic,7.598499184261511,1.4621793418987727,1.4621793418987727,0.41401294934826793,0.19243001893417722,1.0,0.5,1.1082067755021296,0.4977587848559705,0.4491569586645376,0.41401294934826793,1,"[[3, 4], [3, 4], [2, 4], [2, 4]]","[true, true, true, true, true]",0,0.0,0,1,1,0.21966520800003764
s_curve--neutral,s_curve,neutral,delay_2,added_delay,2.0,0.0,2,1.0,1361,violation_safe,7.598499184261511,1.5160583432555117,1.5160583432555117,0.4148992921649576,0.19952076146769443,1.0,0.3333333333333333,1.1082067755021296,0.47097384797386116,0.42498733845086123,0.4148992921649576,2,"[[3, 4], [3, 4], [2, 4], [2, 3]]","[true, true, true, true, true]",0,4.0,0,1,1,0.2221459579999987
s_curve--neutral,s_curve,neutral,delay_2,added_delay,2.0,0.0,2,1.0,1361,dual_anchor_dynamic,7.598499184261511,1.4621793418987727,1.4621793418987727,0.41401294934826793,0.19243001893417722,1.0,0.5,1.1082067755021296,0.4977587848559705,0.4491569586645376,0.41401294934826793,1,"[[3, 4], [3, 4], [2, 4], [2, 4]]","[true, true, true, true, true]",0,4.0,0,1,1,0.22187258300004942
s_curve--neutral,s_curve,neutral,delay_2,added_delay,2.0,0.0,2,1.0,1381,full_trajectory,11.316712320229712,4.615781555300988,4.615781555300988,0.5618398675757097,0.407873013352989,1.0,0.5,1.602538116163878,0.9341081167254162,0.5828929167447602,0.5618398675757097,0,"[[0, 1, 2, 3, 4, 5], [0, 1, 2, 3, 4, 5], [0, 1, 2, 3, 4, 5], [0, 1, 2, 3, 4, 5]]","[true, true, true, true, true]",0,0.0,0,1,1,0.2915817080000238
s_curve--neutral,s_curve,neutral,delay_2,added_delay,2.0,0.0,2,1.0,1381,error_peak_dynamic,11.316712320229712,4.285828053933162,4.285828053933162,0.5424035796926399,0.3787167096464785,1.0,0.5,1.602538116163878,1.1331109446344194,0.7070726949988787,0.5424035796926399,1,"[[3, 4], [3, 4], [2, 4], [2, 4]]","[true, true, true, true, true]",0,0.0,0,1,1,0.2976573750000284
s_curve--neutral,s_curve,neutral,delay_2,added_delay,2.0,0.0,2,1.0,1381,violation_safe,11.316712320229712,4.285828053933162,4.285828053933162,0.5424035796926399,0.3787167096464785,1.0,0.5,1.602538116163878,1.1331109446344194,0.7070726949988787,0.5424035796926399,1,"[[3, 4], [3, 4], [2, 4], [2, 4]]","[true, true, true, true, true]",0,4.0,0,1,1,0.29931091600002446
s_curve--neutral,s_curve,neutral,delay_2,added_delay,2.0,0.0,2,1.0,1381,dual_anchor_dynamic,11.316712320229712,4.285828053933162,4.285828053933162,0.5424035796926399,0.3787167096464785,1.0,0.5,1.602538116163878,1.1331109446344194,0.7070726949988787,0.5424035796926399,1,"[[3, 4], [3, 4], [2, 4], [2, 4]]","[true, true, true, true, true]",0,4.0,0,1,1,0.30382812499999545
s_curve--demand_aligned,s_curve,demand_aligned,delay_2,added_delay,2.0,0.0,2,1.0,1301,full_trajectory,5.51306072959899,1.44541546642637,1.44541546642637,0.48575019265168096,0.26218021845217493,0.5,0.16666666666666666,0.6396185800748923,0.17198489462446956,0.26888664585749217,0.48575019265168096,0,"[[0, 1, 2, 3, 4, 5], [0, 1, 2, 3, 4, 5], [0, 1, 2, 3, 4, 5], [0, 1, 2, 3, 4, 5]]","[true, true, true, true, true]",0,0.0,0,1,1,0.2505156660000125
s_curve--demand_aligned,s_curve,demand_aligned,delay_2,added_delay,2.0,0.0,2,1.0,1301,error_peak_dynamic,5.51306072959899,0.9185931026868802,0.9185931026868802,0.39222893295843675,0.1666212559123572,0.5,0.16666666666666666,0.6396185800748923,0.399666599877797,0.6248514541760192,0.39222893295843675,2,"[[2, 4], [2, 4], [1, 4], [2, 4]]","[true, true, true, true, true]",0,0.0,0,1,1,0.16356691700002557
s_curve--demand_aligned,s_curve,demand_aligned,delay_2,added_delay,2.0,0.0,2,1.0,1301,violation_safe,5.51306072959899,0.6322120861456205,0.6322120861456205,0.3645035279223335,0.11467533501877576,0.5,0.0,0.6396185800748923,0.4224862346136539,0.6605283957889176,0.3645035279223335,0,"[[2, 4], [2, 4], [2, 4], [2, 4]]","[true, true, true, true, true]",0,4.0,0,1,1,0.16187512499999457
s_curve--demand_aligned,s_curve,demand_aligned,delay_2,added_delay,2.0,0.0,2,1.0,1301,dual_anchor_dynamic,5.51306072959899,0.803554731699275,0.803554731699275,0.3758313382099338,0.14575473971927824,0.5,0.16666666666666666,0.6396185800748923,0.24204031604956358,0.37841351641352156,0.3758313382099338,0,"[[2, 4], [2, 4], [2, 4], [2, 4]]","[true, true, true, true, true]",0,4.0,0,1,1,0.2157611249999718
s_curve--demand_aligned,s_curve,demand_aligned,delay_2,added_delay,2.0,0.0,2,1.0,1321,full_trajectory,11.065424425782842,3.85910978521087,3.85910978521087,0.5352807576898606,0.34875388748930436,0.8333333333333334,0.5,1.2325485628468678,0.5055503175420882,0.41016665207446107,0.5352807576898606,0,"[[0, 1, 2, 3, 4, 5], [0, 1, 2, 3, 4, 5], [0, 1, 2, 3, 4, 5], [0, 1, 2, 3, 4, 5]]","[true, true, true, true, true]",0,0.0,0,1,1,0.26111508299999286
s_curve--demand_aligned,s_curve,demand_aligned,delay_2,added_delay,2.0,0.0,2,1.0,1321,error_peak_dynamic,11.065424425782842,2.773135049452951,2.773135049452951,0.45981849976619515,0.2506126238584618,0.8333333333333334,0.5,1.2325485628468678,0.7506611051587238,0.6090316664074404,0.45981849976619515,2,"[[3, 4], [3, 4], [2, 4], [2, 3]]","[true, true, true, true, true]",0,0.0,0,1,1,0.17348070899998902
s_curve--demand_aligned,s_curve,demand_aligned,delay_2,added_delay,2.0,0.0,2,1.0,1321,violation_safe,11.065424425782842,1.8931343419766469,1.8931343419766469,0.4195118192114052,0.17108556067362177,0.8333333333333334,0.5,1.2325485628468678,0.8297524914524999,0.6732006482048761,0.4195118192114052,2,"[[2, 4], [3, 4], [2, 4], [2, 4]]","[true, true, true, true, true]",0,4.0,0,1,1,0.17483266599998615
s_curve--demand_aligned,s_curve,demand_aligned,delay_2,added_delay,2.0,0.0,2,1.0,1321,dual_anchor_dynamic,11.065424425782842,2.989173380358108,2.989173380358108,0.4772850767881928,0.2701363513353564,0.8333333333333334,0.5,1.2325485628468678,0.6261904190435483,0.5080452307673872,0.4772850767881928,1,"[[3, 4], [3, 4], [2, 4], [2, 4]]","[true, true, true, true, true]",0,4.0,0,1,1,0.23819450000002007
s_curve--demand_aligned,s_curve,demand_aligned,delay_2,added_delay,2.0,0.0,2,1.0,1361,full_trajectory,9.999200391938448,3.000048529455614,3.000048529455614,0.5028213111290014,0.30002884349375697,0.8333333333333334,0.5,1.1082067755021296,0.39156093360043953,0.3533284060847064,0.5028213111290014,0,"[[0, 1, 2, 3, 4, 5], [0, 1, 2, 3, 4, 5], [0, 1, 2, 3, 4, 5], [0, 1, 2, 3, 4, 5]]","[true, true, true, true, true]",0,0.0,0,1,1,0.2527379170000472
s_curve--demand_aligned,s_curve,demand_aligned,delay_2,added_delay,2.0,0.0,2,1.0,1361,error_peak_dynamic,9.999200391938448,2.3806577110751572,2.3806577110751572,0.44967511622206,0.23808480856074155,0.8333333333333334,0.5,1.1082067755021296,0.6390292624715237,0.5766335999723327,0.44967511622206,2,"[[3, 4], [3, 4], [2, 4], [1, 2]]","[true, true, true, true, true]",0,0.0,0,1,1,0.15946462499999825
s_curve--demand_aligned,s_curve,demand_aligned,delay_2,added_delay,2.0,0.0,2,1.0,1361,violation_safe,9.999200391938448,1.5831804859985017,1.5831804859985017,0.40590673852554887,0.158330708850969,0.8333333333333334,0.3333333333333333,1.1082067755021296,0.7003077938567018,0.631928814493479,0.40590673852554887,2,"[[2, 4], [3, 4], [2, 4], [2, 4]]","[true, true, true, true, true]",0,4.0,0,1,1,0.157972749999999
s_curve--demand_aligned,s_curve,demand_aligned,delay_2,added_delay,2.0,0.0,2,1.0,1361,dual_anchor_dynamic,9.999200391938448,2.405418525575602,2.405418525575602,0.45698802178425063,0.24056108801608755,0.8333333333333334,0.5,1.1082067755021296,0.4977587848559705,0.4491569586645376,0.45698802178425063,1,"[[3, 4], [3, 4], [2, 4], [2, 4]]","[true, true, true, true, true]",0,4.0,0,1,1,0.22206387500000346
s_curve--demand_aligned,s_curve,demand_aligned,delay_2,added_delay,2.0,0.0,2,1.0,1381,full_trajectory,14.973393426772812,6.861943817319968,6.861943817319968,0.5985891322222343,0.45827579772602756,0.8333333333333334,0.5,1.602538116163878,0.9341081167254162,0.5828929167447602,0.5985891322222343,0,"[[0, 1, 2, 3, 4, 5], [0, 1, 2, 3, 4, 5], [0, 1, 2, 3, 4, 5], [0, 1, 2, 3, 4, 5]]","[true, true, true, true, true]",0,0.0,0,1,1,0.2936632500000087
s_curve--demand_aligned,s_curve,demand_aligned,delay_2,added_delay,2.0,0.0,2,1.0,1381,error_peak_dynamic,14.973393426772812,5.909905158092468,5.909905158092468,0.5250606226839402,0.3946937737924795,0.8333333333333334,0.6666666666666666,1.602538116163878,1.3557736039599237,0.8460164474623205,0.5250606226839402,1,"[[3, 4], [3, 4], [2, 4], [2, 4]]","[true, true, true, true, true]",0,0.0,0,1,1,0.22231787499998745
s_curve--demand_aligned,s_curve,demand_aligned,delay_2,added_delay,2.0,0.0,2,1.0,1381,violation_safe,14.973393426772812,5.829314852384137,5.829314852384137,0.5584267384182555,0.3893115398918973,0.8333333333333334,0.6666666666666666,1.602538116163878,1.345027194097378,0.8393105789689893,0.5584267384182555,0,"[[2, 4], [2, 4], [2, 4], [2, 4]]","[true, true, true, true, true]",0,4.0,0,1,1,0.21263495900001317
s_curve--demand_aligned,s_curve,demand_aligned,delay_2,added_delay,2.0,0.0,2,1.0,1381,dual_anchor_dynamic,14.973393426772812,5.7278660931065755,5.7278660931065755,0.5512150824899718,0.38253627149507763,0.8333333333333334,0.5,1.602538116163878,1.1331109446344194,0.7070726949988787,0.5512150824899718,1,"[[3, 4], [3, 4], [2, 4], [2, 4]]","[true, true, true, true, true]",0,4.0,0,1,1,0.30072808300002407
s_curve--demand_conflict,s_curve,demand_conflict,delay_2,added_delay,2.0,0.0,2,1.0,1301,full_trajectory,2.7309465261531654,0.4791951998896502,0.4791951998896502,0.42373902201470626,0.1754685400466807,0.6666666666666666,0.0,0.6396185800748923,0.17198489462446956,0.26888664585749217,0.42373902201470626,0,"[[0, 1, 2, 3, 4, 5], [0, 1, 2, 3, 4, 5], [0, 1, 2, 3, 4, 5], [0, 1, 2, 3, 4, 5]]","[true, true, true, true, true]",0,0.0,0,1,1,0.24320604199999707
s_curve--demand_conflict,s_curve,demand_conflict,delay_2,added_delay,2.0,0.0,2,1.0,1301,error_peak_dynamic,2.7309465261531654,0.33704672178713824,0.33704672178713824,0.3695374472665126,0.12341754719815226,0.6666666666666666,0.0,0.6396185800748923,0.25206384022655554,0.3940846124217368,0.3695374472665126,1,"[[2, 4], [2, 4], [2, 4], [2, 3]]","[true, true, true, true, true]",0,0.0,0,1,1,0.21932758300005162
s_curve--demand_conflict,s_curve,demand_conflict,delay_2,added_delay,2.0,0.0,2,1.0,1301,violation_safe,2.7309465261531654,0.4563872011177665,0.4563872011177665,0.3984030856855242,0.16711685737788406,0.6666666666666666,0.0,0.6396185800748923,0.27280471781919474,0.4265115591033211,0.3984030856855242,3,"[[3, 4], [2, 4], [3, 4], [2, 3]]","[true, true, true, true, true]",0,4.0,0,1,1,0.20853783399996928
s_curve--demand_conflict,s_curve,demand_conflict,delay_2,added_delay,2.0,0.0,2,1.0,1301,dual_anchor_dynamic,2.7309465261531654,0.35798016563665447,0.35798016563665447,0.3690758208547198,0.1310828177001724,0.6666666666666666,0.0,0.6396185800748923,0.24243723969106562,0.3790340794394667,0.3690758208547198,2,"[[2, 4], [2, 4], [3, 4], [2, 4]]","[true, true, true, true, true]",0,4.0,0,1,1,0.2193489169999907
s_curve--demand_conflict,s_curve,demand_conflict,delay_2,added_delay,2.0,0.0,2,1.0,1321,full_trajectory,5.87358369489893,1.318985774495384,1.318985774495384,0.45615468445094354,0.22456235290235024,1.0,0.5,1.2325485628468678,0.5055503175420882,0.41016665207446107,0.45615468445094354,0,"[[0, 1, 2, 3, 4, 5], [0, 1, 2, 3, 4, 5], [0, 1, 2, 3, 4, 5], [0, 1, 2, 3, 4, 5]]","[true, true, true, true, true]",0,0.0,0,1,1,0.2622760840000069
s_curve--demand_conflict,s_curve,demand_conflict,delay_2,added_delay,2.0,0.0,2,1.0,1321,error_peak_dynamic,5.87358369489893,1.0655201810816182,1.0655201810816182,0.40532613249887955,0.18140887002376377,1.0,0.3333333333333333,1.2325485628468678,0.6376727023036463,0.5173611178701045,0.40532613249887955,2,"[[3, 4], [3, 4], [2, 4], [2, 3]]","[true, true, true, true, true]",0,0.0,0,1,1,0.2128575410000053
s_curve--demand_conflict,s_curve,demand_conflict,delay_2,added_delay,2.0,0.0,2,1.0,1321,violation_safe,5.87358369489893,1.052402364817001,1.052402364817001,0.40338862933894726,0.17917551183121602,1.0,0.5,1.2325485628468678,0.6652775660827451,0.5397576908013477,0.40338862933894726,2,"[[3, 4], [3, 4], [2, 3], [2, 4]]","[true, true, true, true, true]",0,4.0,0,1,1,0.21127054100003306
s_curve--demand_conflict,s_curve,demand_conflict,delay_2,added_delay,2.0,0.0,2,1.0,1321,dual_anchor_dynamic,5.87358369489893,1.0475216961571951,1.0475216961571951,0.40481504521973233,0.17834455939853947,1.0,0.5,1.2325485628468678,0.6082947290618121,0.4935259732539941,0.40481504521973233,2,"[[3, 4], [3, 4], [2, 3], [2, 4]]","[true, true, true, true, true]",0,4.0,0,1,1,0.24167124999996759
s_curve--demand_conflict,s_curve,demand_conflict,delay_2,added_delay,2.0,0.0,2,1.0,1361,full_trajectory,5.318614532036555,1.0007068117038038,1.0007068117038038,0.4324892577105405,0.1881517838294294,1.0,0.16666666666666666,1.1082067755021296,0.39156093360043953,0.3533284060847064,0.4324892577105405,0,"[[0, 1, 2, 3, 4, 5], [0, 1, 2, 3, 4, 5], [0, 1, 2, 3, 4, 5], [0, 1, 2, 3, 4, 5]]","[true, true, true, true, true]",0,0.0,0,1,1,0.2520759999999882
s_curve--demand_conflict,s_curve,demand_conflict,delay_2,added_delay,2.0,0.0,2,1.0,1361,error_peak_dynamic,5.318614532036555,0.8969835030132001,0.8969835030132001,0.39115560623266477,0.16864984247499795,1.0,0.3333333333333333,1.1082067755021296,0.5211756339951645,0.4702873556778421,0.39115560623266477,2,"[[3, 4], [3, 4], [2, 4], [2, 3]]","[true, true, true, true, true]",0,0.0,0,1,1,0.2043181660000073
s_curve--demand_conflict,s_curve,demand_conflict,delay_2,added_delay,2.0,0.0,2,1.0,1361,violation_safe,5.318614532036555,0.8576821157731422,0.8576821157731422,0.3912033948917909,0.16126043927547545,1.0,0.16666666666666666,1.1082067755021296,0.5462078889157546,0.4928754281151793,0.3912033948917909,2,"[[3, 4], [3, 4], [2, 3], [2, 4]]","[true, true, true, true, true]",0,4.0,0,1,1,0.22629004100002703
s_curve--demand_conflict,s_curve,demand_conflict,delay_2,added_delay,2.0,0.0,2,1.0,1361,dual_anchor_dynamic,5.318614532036555,0.8694036730255832,0.8694036730255832,0.38699678977371477,0.16346431345771528,1.0,0.3333333333333333,1.1082067755021296,0.47097384797386116,0.42498733845086123,0.38699678977371477,2,"[[3, 4], [3, 4], [2, 4], [2, 3]]","[true, true, true, true, true]",0,4.0,0,1,1,0.22349862499999062
s_curve--demand_conflict,s_curve,demand_conflict,delay_2,added_delay,2.0,0.0,2,1.0,1381,full_trajectory,7.81850751544931,3.048332143710585,3.048332143710585,0.5519968910519569,0.38988670634224043,1.0,0.5,1.602538116163878,0.9341081167254162,0.5828929167447602,0.5519968910519569,0,"[[0, 1, 2, 3, 4, 5], [0, 1, 2, 3, 4, 5], [0, 1, 2, 3, 4, 5], [0, 1, 2, 3, 4, 5]]","[true, true, true, true, true]",0,0.0,0,1,1,0.2934126659999947
s_curve--demand_conflict,s_curve,demand_conflict,delay_2,added_delay,2.0,0.0,2,1.0,1381,error_peak_dynamic,7.81850751544931,3.1575525246737115,3.1575525246737115,0.538677828102974,0.40385617311672495,1.0,0.5,1.602538116163878,1.2320367337059244,0.7688033883744044,0.538677828102974,1,"[[3, 4], [3, 4], [2, 4], [2, 4]]","[true, true, true, true, true]",0,0.0,0,1,1,0.26437879200000225
s_curve--demand_conflict,s_curve,demand_conflict,delay_2,added_delay,2.0,0.0,2,1.0,1381,violation_safe,7.81850751544931,2.7758501537963274,3.0183944544797376,0.5210618752225873,0.3550358106468874,1.0,0.6666666666666666,1.602538116163878,1.240922621838688,0.7743482724823934,0.5210618752225873,1,"[[3, 4], [3, 4], [3, 4], [2, 4]]","[true, true, true, true, false]",1,2.0,0,1,1,0.2466911249999839
s_curve--demand_conflict,s_curve,demand_conflict,delay_2,added_delay,2.0,0.0,2,1.0,1381,dual_anchor_dynamic,7.81850751544931,2.906721917883412,2.906721917883412,0.5367083744250609,0.37177452501513264,1.0,0.5,1.602538116163878,1.1331109446344194,0.7070726949988787,0.5367083744250609,1,"[[3, 4], [3, 4], [2, 4], [2, 4]]","[true, true, true, true, true]",0,4.0,0,1,1,0.29956220799999755
harmonic_loop--neutral,harmonic_loop,neutral,delay_4,added_delay,4.0,0.0,4,1.0,1301,full_trajectory,11.326098259813449,3.8829306565278765,3.8829306565278765,0.4925338631018808,0.34283038761062556,0.8333333333333334,0.6666666666666666,1.7962767221385472,0.6774734781794598,0.3771542935616833,0.4925338631018808,0,"[[0, 1, 2, 3, 4, 5], [0, 1, 2, 3, 4, 5], [0, 1, 2, 3, 4, 5], [0, 1, 2, 3, 4, 5]]","[true, true, true, true, true]",0,0.0,0,1,1,0.27997775000000047
harmonic_loop--neutral,harmonic_loop,neutral,delay_4,added_delay,4.0,0.0,4,1.0,1301,error_peak_dynamic,11.326098259813449,2.630565941227398,2.630565941227398,0.45047153190930644,0.23225702981590818,0.8333333333333334,0.6666666666666666,1.7962767221385472,0.7194970752146258,0.4005491282868892,0.45047153190930644,1,"[[2, 3], [2, 3], [3, 4], [3, 4]]","[true, true, true, true, true]",0,0.0,0,1,1,0.2760361249999619
harmonic_loop--neutral,harmonic_loop,neutral,delay_4,added_delay,4.0,0.0,4,1.0,1301,violation_safe,11.326098259813449,2.566044933495186,2.566044933495186,0.43563528262886553,0.22656036303339036,0.8333333333333334,0.8333333333333334,1.7962767221385472,0.7163811108569927,0.39881444881393846,0.43563528262886553,1,"[[2, 3], [3, 4], [3, 4], [3, 4]]","[true, true, true, true, true]",0,4.0,0,1,1,0.2673502499999927
harmonic_loop--neutral,harmonic_loop,neutral,delay_4,added_delay,4.0,0.0,4,1.0,1301,dual_anchor_dynamic,11.326098259813449,2.630565941227398,2.630565941227398,0.45047153190930644,0.23225702981590818,0.8333333333333334,0.6666666666666666,1.7962767221385472,0.7194970752146258,0.4005491282868892,0.45047153190930644,1,"[[2, 3], [2, 3], [3, 4], [3, 4]]","[true, true, true, true, true]",0,4.0,0,1,1,0.277680499999974
harmonic_loop--neutral,harmonic_loop,neutral,delay_4,added_delay,4.0,0.0,4,1.0,1321,full_trajectory,17.16519557983434,10.700499089850013,10.700499089850013,0.709489657947496,0.6233834645275439,0.6666666666666666,0.6666666666666666,2.3555265055907793,1.544214323159163,0.6555707692076533,0.709489657947496,0,"[[0, 1, 2, 3, 4, 5], [0, 1, 2, 3, 4, 5], [0, 1, 2, 3, 4, 5], [0, 1, 2, 3, 4, 5]]","[true, true, true, true, true]",0,0.0,0,1,1,0.33995662500001345
harmonic_loop--neutral,harmonic_loop,neutral,delay_4,added_delay,4.0,0.0,4,1.0,1321,error_peak_dynamic,17.16519557983434,11.030193448920988,11.030193448920988,0.7084978430585225,0.6425906071166035,0.6666666666666666,0.6666666666666666,2.3555265055907793,1.6659327869441571,0.7072443392125328,0.7084978430585225,1,"[[2, 3], [2, 3], [1, 3], [1, 3]]","[true, true, true, true, true]",0,0.0,0,1,1,0.3219977920000474
harmonic_loop--neutral,harmonic_loop,neutral,delay_4,added_delay,4.0,0.0,4,1.0,1321,violation_safe,17.16519557983434,10.091726261850557,10.741993677899838,0.6866548758437481,0.5879179304957242,0.6666666666666666,0.6666666666666666,2.3555265055907793,1.6514344487579116,0.7010893084150299,0.6866548758437481,2,"[[2, 3], [3, 4], [1, 3], [1, 3]]","[true, true, true, false, false]",2,1.0,0,1,1,0.3201558749999549
harmonic_loop--neutral,harmonic_loop,neutral,delay_4,added_delay,4.0,0.0,4,1.0,1321,dual_anchor_dynamic,17.16519557983434,11.017351726859784,11.172023544522087,0.7095306749809834,0.6418424815271526,0.6666666666666666,0.6666666666666666,2.3555265055907793,1.71772607872107,0.7292323285873001,0.7095306749809834,1,"[[2, 3], [2, 3], [1, 3], [1, 3]]","[true, true, true, false, false]",2,1.0,0,1,1,0.33417124999999714
harmonic_loop--neutral,harmonic_loop,neutral,delay_4,added_delay,4.0,0.0,4,1.0,1361,full_trajectory,15.636076615363915,8.683918597874234,8.683918597874234,0.6595864020869273,0.5553770815718226,0.6666666666666666,0.6666666666666666,2.1497243433387028,1.2530079591409806,0.5828691306509345,0.6595864020869273,0,"[[0, 1, 2, 3, 4, 5], [0, 1, 2, 3, 4, 5], [0, 1, 2, 3, 4, 5], [0, 1, 2, 3, 4, 5]]","[true, true, true, true, true]",0,0.0,0,1,1,0.33950054199999613
harmonic_loop--neutral,harmonic_loop,neutral,delay_4,added_delay,4.0,0.0,4,1.0,1361,error_peak_dynamic,15.636076615363915,8.751856371052824,8.751856371052824,0.6422205541726236,0.55972201891447,0.6666666666666666,0.8333333333333334,2.1497243433387028,1.402304934065848,0.652318488373235,0.6422205541726236,2,"[[2, 3], [2, 3], [3, 4], [1, 3]]","[true, true, true, true, true]",0,0.0,0,1,1,0.29809166699999423
harmonic_loop--neutral,harmonic_loop,neutral,delay_4,added_delay,4.0,0.0,4,1.0,1361,violation_safe,15.636076615363915,8.410494625507933,8.750236756306537,0.6396277280860803,0.5378903437479855,0.6666666666666666,0.6666666666666666,2.1497243433387028,1.4318766012522224,0.6660745158741598,0.6396277280860803,2,"[[2, 3], [3, 4], [1, 3], [1, 3]]","[true, true, true, false, false]",2,1.0,0,1,1,0.34034595899998976
harmonic_loop--neutral,harmonic_loop,neutral,delay_4,added_delay,4.0,0.0,4,1.0,1361,dual_anchor_dynamic,15.636076615363915,8.152001823648819,8.751856371052824,0.6422205541726236,0.52135852389203,0.6666666666666666,0.6666666666666666,2.1497243433387028,1.3933399016275643,0.6481481711574193,0.6422205541726236,2,"[[2, 3], [2, 3], [3, 4], [1, 3]]","[true, true, true, true, false]",1,2.0,0,1,1,0.3008927920000133
harmonic_loop--neutral,harmonic_loop,neutral,delay_4,added_delay,4.0,0.0,4,1.0,1381,full_trajectory,22.20422400554533,17.515645551459418,17.515645551459418,0.8304861479222978,0.7888429493003233,0.8333333333333334,0.8333333333333334,3.062543757615746,2.3351527537368955,0.7624879637817357,0.8304861479222978,0,"[[0, 1, 2, 3, 4, 5], [0, 1, 2, 3, 4, 5], [0, 1, 2, 3, 4, 5], [0, 1, 2, 3, 4, 5]]","[true, true, true, true, true]",0,0.0,0,1,1,0.38120391699999345
harmonic_loop--neutral,harmonic_loop,neutral,delay_4,added_delay,4.0,0.0,4,1.0,1381,error_peak_dynamic,22.20422400554533,17.52582626793631,17.52582626793631,0.8132692388274483,0.7893014528928988,0.8333333333333334,0.8333333333333334,3.062543757615746,2.363729710845611,0.771819081757651,0.8132692388274483,1,"[[2, 3], [1, 3], [1, 3], [1, 3]]","[true, true, true, true, true]",0,0.0,0,1,1,0.3748717080000006
harmonic_loop--neutral,harmonic_loop,neutral,delay_4,added_delay,4.0,0.0,4,1.0,1381,violation_safe,22.20422400554533,16.988383936355532,17.540231734069508,0.8133503352560467,0.7650969442621736,0.8333333333333334,0.6666666666666666,3.062543757615746,2.3601927613714797,0.7706641759819095,0.8133503352560467,1,"[[2, 3], [1, 3], [1, 3], [1, 3]]","[true, true, true, false, false]",2,1.0,0,1,1,0.3925027919999593
harmonic_loop--neutral,harmonic_loop,neutral,delay_4,added_delay,4.0,0.0,4,1.0,1381,dual_anchor_dynamic,22.20422400554533,16.988383936355532,17.540231734069508,0.8133503352560467,0.7650969442621736,0.8333333333333334,0.6666666666666666,3.062543757615746,2.3601927613714797,0.7706641759819095,0.8133503352560467,1,"[[2, 3], [1, 3], [1, 3], [1, 3]]","[true, true, true, false, false]",2,1.0,0,1,1,0.3921277919999966
harmonic_loop--demand_aligned,harmonic_loop,demand_aligned,delay_4,added_delay,4.0,0.0,4,1.0,1301,full_trajectory,18.618405016157734,5.49786346649641,5.49786346649641,0.4676407494647262,0.295291861022744,0.8333333333333334,0.6666666666666666,1.7962767221385472,0.6774734781794598,0.3771542935616833,0.4676407494647262,0,"[[0, 1, 2, 3, 4, 5], [0, 1, 2, 3, 4, 5], [0, 1, 2, 3, 4, 5], [0, 1, 2, 3, 4, 5]]","[true, true, true, true, true]",0,0.0,0,1,1,0.2714973749999672
harmonic_loop--demand_aligned,harmonic_loop,demand_aligned,delay_4,added_delay,4.0,0.0,4,1.0,1301,error_peak_dynamic,18.618405016157734,6.342927385982774,6.342927385982774,0.45737144966647997,0.3406804922590388,0.8333333333333334,0.8333333333333334,1.7962767221385472,0.9471990801291751,0.5273124505012193,0.45737144966647997,3,"[[2, 3], [3, 4], [1, 3], [2, 4]]","[true, true, true, true, true]",0,0.0,0,1,1,0.2034955420000415
harmonic_loop--demand_aligned,harmonic_loop,demand_aligned,delay_4,added_delay,4.0,0.0,4,1.0,1301,violation_safe,18.618405016157734,4.3113506384351385,4.3113506384351385,0.4532024528405841,0.2315639086534851,0.8333333333333334,0.8333333333333334,1.7962767221385472,1.1592202261661497,0.6453461272860267,0.4532024528405841,3,"[[2, 3], [1, 3], [2, 3], [3, 4]]","[true, true, true, true, true]",0,4.0,0,1,1,0.20974083299995527
harmonic_loop--demand_aligned,harmonic_loop,demand_aligned,delay_4,added_delay,4.0,0.0,4,1.0,1301,dual_anchor_dynamic,18.618405016157734,4.050012978970279,4.050012978970279,0.435551314789282,0.21752738623182433,0.8333333333333334,0.6666666666666666,1.7962767221385472,0.7194970752146258,0.4005491282868892,0.435551314789282,1,"[[2, 3], [2, 3], [3, 4], [3, 4]]","[true, true, true, true, true]",0,4.0,0,1,1,0.2788182909999932
harmonic_loop--demand_aligned,harmonic_loop,demand_aligned,delay_4,added_delay,4.0,0.0,4,1.0,1321,full_trajectory,29.01225333525377,17.38797050957874,17.38797050957874,0.6942939996294991,0.5993319549726263,0.6666666666666666,0.6666666666666666,2.3555265055907793,1.544214323159163,0.6555707692076533,0.6942939996294991,0,"[[0, 1, 2, 3, 4, 5], [0, 1, 2, 3, 4, 5], [0, 1, 2, 3, 4, 5], [0, 1, 2, 3, 4, 5]]","[true, true, true, true, true]",0,0.0,0,1,1,0.34059162500000184
harmonic_loop--demand_aligned,harmonic_loop,demand_aligned,delay_4,added_delay,4.0,0.0,4,1.0,1321,error_peak_dynamic,29.01225333525377,14.371770239823388,14.371770239823388,0.6260620113684618,0.4953689764717366,0.6666666666666666,0.6666666666666666,2.3555265055907793,1.808995395114469,0.767979214337375,0.6260620113684618,2,"[[2, 3], [1, 3], [1, 3], [2, 3]]","[true, true, true, true, true]",0,0.0,0,1,1,0.2541011669999875
harmonic_loop--demand_aligned,harmonic_loop,demand_aligned,delay_4,added_delay,4.0,0.0,4,1.0,1321,violation_safe,29.01225333525377,13.574278908649376,13.574278908649376,0.6186328680123112,0.467880889905053,0.6666666666666666,0.6666666666666666,2.3555265055907793,1.7944192746945822,0.7617911623730729,0.6186328680123112,3,"[[2, 3], [1, 3], [2, 3], [1, 3]]","[true, true, true, true, true]",0,4.0,0,1,1,0.2727082079999832
harmonic_loop--demand_aligned,harmonic_loop,demand_aligned,delay_4,added_delay,4.0,0.0,4,1.0,1321,dual_anchor_dynamic,29.01225333525377,18.53974182193135,18.71865063981544,0.7062967227237203,0.6390314329498523,0.6666666666666666,0.6666666666666666,2.3555265055907793,1.71772607872107,0.7292323285873001,0.7062967227237203,1,"[[2, 3], [2, 3], [1, 3], [1, 3]]","[true, true, true, false, false]",2,1.0,0,1,1,0.3337503330000118
harmonic_loop--demand_aligned,harmonic_loop,demand_aligned,delay_4,added_delay,4.0,0.0,4,1.0,1361,full_trajectory,26.42592548945307,14.123115968736702,14.123115968736702,0.6455386673751182,0.5344416782819364,0.6666666666666666,0.6666666666666666,2.1497243433387028,1.2530079591409806,0.5828691306509345,0.6455386673751182,0,"[[0, 1, 2, 3, 4, 5], [0, 1, 2, 3, 4, 5], [0, 1, 2, 3, 4, 5], [0, 1, 2, 3, 4, 5]]","[true, true, true, true, true]",0,0.0,0,1,1,0.3387102920000302
harmonic_loop--demand_aligned,harmonic_loop,demand_aligned,delay_4,added_delay,4.0,0.0,4,1.0,1361,error_peak_dynamic,26.42592548945307,12.277376696265934,12.277376696265934,0.5980682886321342,0.4645959022765728,0.6666666666666666,0.6666666666666666,2.1497243433387028,1.6194296319271142,0.753319669540516,0.5980682886321342,2,"[[2, 3], [1, 3], [1, 3], [2, 3]]","[true, true, true, true, true]",0,0.0,0,1,1,0.23210429199997407
harmonic_loop--demand_aligned,harmonic_loop,demand_aligned,delay_4,added_delay,4.0,0.0,4,1.0,1361,violation_safe,26.42592548945307,11.7518231731526,11.7518231731526,0.5930069200131262,0.4447081021946764,0.6666666666666666,0.6666666666666666,2.1497243433387028,1.6241205973815824,0.7555017937133216,0.5930069200131262,3,"[[2, 3], [1, 3], [2, 3], [1, 3]]","[true, true, true, true, true]",0,4.0,0,1,1,0.244013209000002
harmonic_loop--demand_aligned,harmonic_loop,demand_aligned,delay_4,added_delay,4.0,0.0,4,1.0,1361,dual_anchor_dynamic,26.42592548945307,13.642357061713739,14.607722305308988,0.6385931121240078,0.516248979327463,0.6666666666666666,0.6666666666666666,2.1497243433387028,1.3933399016275643,0.6481481711574193,0.6385931121240078,2,"[[2, 3], [2, 3], [3, 4], [1, 3]]","[true, true, true, true, false]",1,2.0,0,1,1,0.2991752919999726
harmonic_loop--demand_aligned,harmonic_loop,demand_aligned,delay_4,added_delay,4.0,0.0,4,1.0,1381,full_trajectory,37.51877284204785,28.962015147795654,28.962015147795654,0.82151627279739,0.7719339667564363,0.6666666666666666,0.8333333333333334,3.062543757615746,2.3351527537368955,0.7624879637817357,0.82151627279739,0,"[[0, 1, 2, 3, 4, 5], [0, 1, 2, 3, 4, 5], [0, 1, 2, 3, 4, 5], [0, 1, 2, 3, 4, 5]]","[true, true, true, true, true]",0,0.0,0,1,1,0.38028087499998264
harmonic_loop--demand_aligned,harmonic_loop,demand_aligned,delay_4,added_delay,4.0,0.0,4,1.0,1381,error_peak_dynamic,37.51877284204785,19.725764933065342,19.725764933065342,0.6745123760030837,0.5257571993654969,0.6666666666666666,0.8333333333333334,3.062543757615746,2.266719561323908,0.7401427508381452,0.6745123760030837,2,"[[2, 3], [1, 3], [1, 3], [3, 4]]","[true, true, true, true, true]",0,0.0,0,1,1,0.34744337500001166
harmonic_loop--demand_aligned,harmonic_loop,demand_aligned,delay_4,added_delay,4.0,0.0,4,1.0,1381,violation_safe,37.51877284204785,21.11822003027049,21.11822003027049,0.6791515705706517,0.5628707559060403,0.6666666666666666,0.6666666666666666,3.062543757615746,2.307411175883874,0.7534296188082032,0.6791515705706517,2,"[[2, 3], [1, 3], [1, 3], [2, 3]]","[true, true, true, true, true]",0,4.0,0,1,1,0.33781049999998913
harmonic_loop--demand_aligned,harmonic_loop,demand_aligned,delay_4,added_delay,4.0,0.0,4,1.0,1381,dual_anchor_dynamic,37.51877284204785,28.692320003675306,29.549380744597443,0.8126357557484161,0.7647456947610874,0.6666666666666666,0.6666666666666666,3.062543757615746,2.3601927613714797,0.7706641759819095,0.8126357557484161,1,"[[2, 3], [1, 3], [1, 3], [1, 3]]","[true, true, true, false, false]",2,1.0,0,1,1,0.39349804099998664
harmonic_loop--demand_conflict,harmonic_loop,demand_conflict,delay_4,added_delay,4.0,0.0,4,1.0,1301,full_trajectory,6.489585599538154,3.900846694531262,3.900846694531262,0.690065740570968,0.6010933417395518,1.0,0.6666666666666666,1.7962767221385472,0.6774734781794598,0.3771542935616833,0.690065740570968,0,"[[0, 1, 2, 3, 4, 5], [0, 1, 2, 3, 4, 5], [0, 1, 2, 3, 4, 5], [0, 1, 2, 3, 4, 5]]","[true, true, true, true, true]",0,0.0,0,1,1,0.2704637909999974
harmonic_loop--demand_conflict,harmonic_loop,demand_conflict,delay_4,added_delay,4.0,0.0,4,1.0,1301,error_peak_dynamic,6.489585599538154,2.5677772351173025,2.5677772351173025,0.5979945915641129,0.39567661073767857,1.0,0.8333333333333334,1.7962767221385472,0.7511499369555364,0.4181705010691555,0.5979945915641129,3,"[[2, 3], [3, 4], [2, 3], [3, 4]]","[true, true, true, true, true]",0,0.0,0,1,1,0.3143694159999768
harmonic_loop--demand_conflict,harmonic_loop,demand_conflict,delay_4,added_delay,4.0,0.0,4,1.0,1301,violation_safe,6.489585599538154,1.9997912364157298,1.9997912364157298,0.5500978869259263,0.3081539191898554,1.0,0.8333333333333334,1.7962767221385472,0.760221810030293,0.42322087719603424,0.5500978869259263,3,"[[2, 3], [3, 4], [1, 4], [3, 4]]","[true, true, true, true, true]",0,4.0,0,1,1,0.23880983399999423
harmonic_loop--demand_conflict,harmonic_loop,demand_conflict,delay_4,added_delay,4.0,0.0,4,1.0,1301,dual_anchor_dynamic,6.489585599538154,2.65036221293708,2.65036221293708,0.5798445703218058,0.408402381367109,1.0,0.8333333333333334,1.7962767221385472,0.6705068732120929,0.37327593513199053,0.5798445703218058,2,"[[2, 3], [3, 4], [3, 4], [2, 4]]","[true, true, true, true, true]",0,4.0,0,1,1,0.26471212500001684
harmonic_loop--demand_conflict,harmonic_loop,demand_conflict,delay_4,added_delay,4.0,0.0,4,1.0,1321,full_trajectory,9.321750970750251,7.620516109595573,7.620516109595573,0.7985438896593987,0.817498357712751,0.8333333333333334,0.8333333333333334,2.3555265055907793,1.544214323159163,0.6555707692076533,0.7985438896593987,0,"[[0, 1, 2, 3, 4, 5], [0, 1, 2, 3, 4, 5], [0, 1, 2, 3, 4, 5], [0, 1, 2, 3, 4, 5]]","[true, true, true, true, true]",0,0.0,0,1,1,0.3399536670000316
harmonic_loop--demand_conflict,harmonic_loop,demand_conflict,delay_4,added_delay,4.0,0.0,4,1.0,1321,error_peak_dynamic,9.321750970750251,6.113151221648364,6.113151221648364,0.7284731015295359,0.6557943074032102,0.8333333333333334,0.8333333333333334,2.3555265055907793,1.6378321082378986,0.695314658676329,0.7284731015295359,1,"[[2, 3], [1, 3], [1, 3], [1, 3]]","[true, true, true, true, true]",0,0.0,0,1,1,0.30514483299998574
harmonic_loop--demand_conflict,harmonic_loop,demand_conflict,delay_4,added_delay,4.0,0.0,4,1.0,1321,violation_safe,9.321750970750251,5.970732382776161,6.223598725156846,0.7003512754805749,0.6405161864451323,0.8333333333333334,0.8333333333333334,2.3555265055907793,1.7128884966670237,0.7271786127651413,0.7003512754805749,1,"[[3, 4], [1, 3], [1, 3], [1, 3]]","[true, true, true, false, false]",2,1.0,0,1,1,0.3011907499999893
harmonic_loop--demand_conflict,harmonic_loop,demand_conflict,delay_4,added_delay,4.0,0.0,4,1.0,1321,dual_anchor_dynamic,9.321750970750251,6.090473716901792,6.252176034417046,0.7215742473440835,0.6533615557862953,0.8333333333333334,0.8333333333333334,2.3555265055907793,1.71772607872107,0.7292323285873001,0.7215742473440835,1,"[[2, 3], [2, 3], [1, 3], [1, 3]]","[true, true, true, false, false]",2,1.0,0,1,1,0.33268562500001053
harmonic_loop--demand_conflict,harmonic_loop,demand_conflict,delay_4,added_delay,4.0,0.0,4,1.0,1361,full_trajectory,8.489550970855019,6.0879315690724765,6.0879315690724765,0.7419054062991308,0.7171087834883845,0.8333333333333334,0.6666666666666666,2.1497243433387028,1.2530079591409806,0.5828691306509345,0.7419054062991308,0,"[[0, 1, 2, 3, 4, 5], [0, 1, 2, 3, 4, 5], [0, 1, 2, 3, 4, 5], [0, 1, 2, 3, 4, 5]]","[true, true, true, true, true]",0,0.0,0,1,1,0.3403467919999912
harmonic_loop--demand_conflict,harmonic_loop,demand_conflict,delay_4,added_delay,4.0,0.0,4,1.0,1361,error_peak_dynamic,8.489550970855019,4.783481080275657,4.783481080275657,0.67711515441788,0.5634551340462584,0.8333333333333334,0.8333333333333334,2.1497243433387028,1.3767646360800936,0.6404377567506456,0.67711515441788,2,"[[2, 3], [1, 3], [1, 3], [3, 4]]","[true, true, true, true, true]",0,0.0,0,1,1,0.2809005419999835
harmonic_loop--demand_conflict,harmonic_loop,demand_conflict,delay_4,added_delay,4.0,0.0,4,1.0,1361,violation_safe,8.489550970855019,4.356217172003002,4.9005604557570726,0.6235188588147145,0.5131269235508541,0.8333333333333334,0.8333333333333334,2.1497243433387028,1.4095477089868886,0.6556876528633167,0.6235188588147145,3,"[[3, 4], [2, 3], [3, 4], [1, 3]]","[true, true, true, true, false]",1,2.0,0,1,1,0.26768920799997886
harmonic_loop--demand_conflict,harmonic_loop,demand_conflict,delay_4,added_delay,4.0,0.0,4,1.0,1361,dual_anchor_dynamic,8.489550970855019,4.553756115741555,4.935838611037386,0.6543758966270072,0.5363954031697069,0.8333333333333334,0.8333333333333334,2.1497243433387028,1.3933399016275643,0.6481481711574193,0.6543758966270072,2,"[[2, 3], [2, 3], [3, 4], [1, 3]]","[true, true, true, true, false]",1,2.0,0,1,1,0.30570495899996786
harmonic_loop--demand_conflict,harmonic_loop,demand_conflict,delay_4,added_delay,4.0,0.0,4,1.0,1381,full_trajectory,12.04990656879255,10.099495002085888,10.099495002085888,0.8571995188135818,0.8381388639346021,0.8333333333333334,1.0,3.062543757615746,2.3351527537368955,0.7624879637817357,0.8571995188135818,0,"[[0, 1, 2, 3, 4, 5], [0, 1, 2, 3, 4, 5], [0, 1, 2, 3, 4, 5], [0, 1, 2, 3, 4, 5]]","[true, true, true, true, true]",0,0.0,0,1,1,0.382640207999998
harmonic_loop--demand_conflict,harmonic_loop,demand_conflict,delay_4,added_delay,4.0,0.0,4,1.0,1381,error_peak_dynamic,12.04990656879255,9.515244487183146,9.515244487183146,0.8295168443594794,0.7896529680841012,0.8333333333333334,0.8333333333333334,3.062543757615746,2.3322463755508083,0.7615389558928329,0.8295168443594794,1,"[[2, 3], [1, 3], [1, 3], [1, 3]]","[true, true, true, true, true]",0,0.0,0,1,1,0.324516707999976
harmonic_loop--demand_conflict,harmonic_loop,demand_conflict,delay_4,added_delay,4.0,0.0,4,1.0,1381,violation_safe,12.04990656879255,9.054735728751906,9.059992616651009,0.7875195571556741,0.751436177289732,0.8333333333333334,1.0,3.062543757615746,2.4283453604754373,0.7929177679296098,0.7875195571556741,1,"[[3, 4], [1, 3], [1, 3], [1, 3]]","[true, true, false, false, false]",3,0.5,0,1,1,0.2993649170000481
harmonic_loop--demand_conflict,harmonic_loop,demand_conflict,delay_4,added_delay,4.0,0.0,4,1.0,1381,dual_anchor_dynamic,12.04990656879255,9.277113525942259,9.644713343982783,0.8185573185934222,0.7698909093592966,0.8333333333333334,1.0,3.062543757615746,2.3601927613714797,0.7706641759819095,0.8185573185934222,1,"[[2, 3], [1, 3], [1, 3], [1, 3]]","[true, true, true, false, false]",2,1.0,0,1,1,0.3915944160000322
ellipse--neutral,ellipse,neutral,delay_4,added_delay,4.0,0.0,4,1.0,1301,full_trajectory,7.863294003471989,0.2964399848305675,0.2964399848305675,0.3041067332938148,0.03769921164078009,0.8333333333333334,0.0,1.5191288454649219,0.04617325569829705,0.03039456188073761,0.3041067332938148,0,"[[0, 1, 2, 3, 4, 5], [0, 1, 2, 3, 4, 5], [0, 1, 2, 3, 4, 5], [0, 1, 2, 3, 4, 5]]","[true, true, true, true, true]",0,0.0,0,1,1,0.18359766600002558
ellipse--neutral,ellipse,neutral,delay_4,added_delay,4.0,0.0,4,1.0,1301,error_peak_dynamic,7.863294003471989,0.23877240927333887,0.23877240927333887,0.2882359129670725,0.030365443434762888,0.8333333333333334,0.0,1.5191288454649219,0.052119710828489665,0.03430894685732775,0.2882359129670725,0,"[[3, 4], [3, 4], [3, 4], [3, 4]]","[true, true, true, true, true]",0,0.0,0,1,1,0.1713746669999523
ellipse--neutral,ellipse,neutral,delay_4,added_delay,4.0,0.0,4,1.0,1301,violation_safe,7.863294003471989,0.2362412124221448,0.2362412124221448,0.28819567542714847,0.030043543115370473,0.8333333333333334,0.0,1.5191288454649219,0.04828320343597615,0.03178348142102411,0.28819567542714847,1,"[[3, 4], [3, 4], [3, 4], [2, 3]]","[true, true, true, true, true]",0,4.0,0,1,1,0.17396920799995996
ellipse--neutral,ellipse,neutral,delay_4,added_delay,4.0,0.0,4,1.0,1301,dual_anchor_dynamic,7.863294003471989,0.23877240927333887,0.23877240927333887,0.2882359129670725,0.030365443434762888,0.8333333333333334,0.0,1.5191288454649219,0.052119710828489665,0.03430894685732775,0.2882359129670725,0,"[[3, 4], [3, 4], [3, 4], [3, 4]]","[true, true, true, true, true]",0,4.0,0,1,1,0.17298804199998585
ellipse--neutral,ellipse,neutral,delay_4,added_delay,4.0,0.0,4,1.0,1321,full_trajectory,11.533000649292555,0.6551602811213351,0.6551602811213351,0.3197228751220215,0.05680744335703503,0.6666666666666666,0.0,2.028459883044008,0.13749138458793786,0.06778117020564954,0.3197228751220215,0,"[[0, 1, 2, 3, 4, 5], [0, 1, 2, 3, 4, 5], [0, 1, 2, 3, 4, 5], [0, 1, 2, 3, 4, 5]]","[true, true, true, true, true]",0,0.0,0,1,1,0.19838924999999108
ellipse--neutral,ellipse,neutral,delay_4,added_delay,4.0,0.0,4,1.0,1321,error_peak_dynamic,11.533000649292555,0.7686750626337309,0.7686750626337309,0.3144650896217546,0.06665004936775774,0.6666666666666666,0.0,2.028459883044008,0.14892134589644807,0.07341596801656697,0.3144650896217546,1,"[[3, 4], [3, 4], [3, 4], [2, 3]]","[true, true, true, true, true]",0,0.0,0,1,1,0.18584395899995343
ellipse--neutral,ellipse,neutral,delay_4,added_delay,4.0,0.0,4,1.0,1321,violation_safe,11.533000649292555,0.7629461441863217,0.7629461441863217,0.3144029969515379,0.06615330800602369,0.6666666666666666,0.0,2.028459883044008,0.15031743959980595,0.07410422106757769,0.3144029969515379,1,"[[3, 4], [3, 4], [3, 4], [1, 2]]","[true, true, true, true, true]",0,4.0,0,1,1,0.19802254200004654
ellipse--neutral,ellipse,neutral,delay_4,added_delay,4.0,0.0,4,1.0,1321,dual_anchor_dynamic,11.533000649292555,0.7686750626337309,0.7686750626337309,0.3144650896217546,0.06665004936775774,0.6666666666666666,0.0,2.028459883044008,0.14892134589644807,0.07341596801656697,0.3144650896217546,1,"[[3, 4], [3, 4], [3, 4], [2, 3]]","[true, true, true, true, true]",0,4.0,0,1,1,0.1986733749999985
ellipse--neutral,ellipse,neutral,delay_4,added_delay,4.0,0.0,4,1.0,1361,full_trajectory,10.62502131410961,0.5347589113558412,0.5347589113558412,0.31367714249657835,0.05033014951656637,0.6666666666666666,0.0,1.8696977228756595,0.11089065077054025,0.059309400345199444,0.31367714249657835,0,"[[0, 1, 2, 3, 4, 5], [0, 1, 2, 3, 4, 5], [0, 1, 2, 3, 4, 5], [0, 1, 2, 3, 4, 5]]","[true, true, true, true, true]",0,0.0,0,1,1,0.19322141700001794
ellipse--neutral,ellipse,neutral,delay_4,added_delay,4.0,0.0,4,1.0,1361,error_peak_dynamic,10.62502131410961,0.6222558409869132,0.6222558409869132,0.30681408684203115,0.058565138138648436,0.6666666666666666,0.0,1.8696977228756595,0.1210208884829236,0.06472751557764606,0.30681408684203115,1,"[[3, 4], [3, 4], [3, 4], [2, 3]]","[true, true, true, true, true]",0,0.0,0,1,1,0.18244179099997382
ellipse--neutral,ellipse,neutral,delay_4,added_delay,4.0,0.0,4,1.0,1361,violation_safe,10.62502131410961,0.620688296131859,0.620688296131859,0.3067956451748487,0.05841760480118844,0.6666666666666666,0.0,1.8696977228756595,0.12262178076848805,0.06558374611479524,0.3067956451748487,1,"[[3, 4], [3, 4], [3, 4], [1, 2]]","[true, true, true, true, true]",0,4.0,0,1,1,0.19499695799999017
ellipse--neutral,ellipse,neutral,delay_4,added_delay,4.0,0.0,4,1.0,1361,dual_anchor_dynamic,10.62502131410961,0.6222558409869132,0.6222558409869132,0.30681408684203115,0.058565138138648436,0.6666666666666666,0.0,1.8696977228756595,0.1210208884829236,0.06472751557764606,0.30681408684203115,1,"[[3, 4], [3, 4], [3, 4], [2, 3]]","[true, true, true, true, true]",0,4.0,0,1,1,0.18409433400000808
ellipse--neutral,ellipse,neutral,delay_4,added_delay,4.0,0.0,4,1.0,1381,full_trajectory,14.457778724624927,1.7091673913258232,1.7091673913258232,0.38497161726781726,0.11821784133510893,0.6666666666666666,0.5,2.5731160457271387,0.34937827999389304,0.13578022669209308,0.38497161726781726,0,"[[0, 1, 2, 3, 4, 5], [0, 1, 2, 3, 4, 5], [0, 1, 2, 3, 4, 5], [0, 1, 2, 3, 4, 5]]","[true, true, true, true, true]",0,0.0,0,1,1,0.31098741600004587
ellipse--neutral,ellipse,neutral,delay_4,added_delay,4.0,0.0,4,1.0,1381,error_peak_dynamic,14.457778724624927,1.5277082168634073,1.5277082168634073,0.3612350119790125,0.10566686943834383,0.6666666666666666,0.5,2.5731160457271387,0.3923708510130369,0.15248859516639351,0.3612350119790125,1,"[[3, 4], [3, 4], [3, 4], [2, 4]]","[true, true, true, true, true]",0,0.0,0,1,1,0.32410125000001244
ellipse--neutral,ellipse,neutral,delay_4,added_delay,4.0,0.0,4,1.0,1381,violation_safe,14.457778724624927,1.5304526986573666,1.5304526986573666,0.36180949971574994,0.10585669678639176,0.6666666666666666,0.5,2.5731160457271387,0.3899417642857294,0.15154456983518422,0.36180949971574994,1,"[[3, 4], [3, 4], [2, 4], [2, 4]]","[true, true, true, true, true]",0,4.0,0,1,1,0.3284090410000431
ellipse--neutral,ellipse,neutral,delay_4,added_delay,4.0,0.0,4,1.0,1381,dual_anchor_dynamic,14.457778724624927,1.5277082168634073,1.5277082168634073,0.3612350119790125,0.10566686943834383,0.6666666666666666,0.5,2.5731160457271387,0.3923708510130369,0.15248859516639351,0.3612350119790125,1,"[[3, 4], [3, 4], [3, 4], [2, 4]]","[true, true, true, true, true]",0,4.0,0,1,1,0.3128106660000185
ellipse--demand_aligned,ellipse,demand_aligned,delay_4,added_delay,4.0,0.0,4,1.0,1301,full_trajectory,12.718160790946722,0.47611102309184605,0.47611102309184605,0.3046500067698897,0.037435524752192174,0.8333333333333334,0.0,1.5191288454649219,0.04617325569829705,0.03039456188073761,0.3046500067698897,0,"[[0, 1, 2, 3, 4, 5], [0, 1, 2, 3, 4, 5], [0, 1, 2, 3, 4, 5], [0, 1, 2, 3, 4, 5]]","[true, true, true, true, true]",0,0.0,0,1,1,0.18400704200001883
ellipse--demand_aligned,ellipse,demand_aligned,delay_4,added_delay,4.0,0.0,4,1.0,1301,error_peak_dynamic,12.718160790946722,0.5232492116478058,0.5232492116478058,0.28728816811836855,0.04114189309670269,0.8333333333333334,0.0,1.5191288454649219,0.09157602033931483,0.06028193106377915,0.28728816811836855,2,"[[3, 4], [3, 4], [2, 3], [1, 2]]","[true, true, true, true, true]",0,0.0,0,1,1,0.13827175000000125
ellipse--demand_aligned,ellipse,demand_aligned,delay_4,added_delay,4.0,0.0,4,1.0,1301,violation_safe,12.718160790946722,0.40642841377441385,0.40642841377441385,0.2861399989786476,0.031956539978935106,0.8333333333333334,0.0,1.5191288454649219,0.12930994911785984,0.08512112024196682,0.2861399989786476,2,"[[3, 4], [3, 4], [2, 3], [3, 4]]","[true, true, true, true, true]",0,4.0,0,1,1,0.1390689169999746
ellipse--demand_aligned,ellipse,demand_aligned,delay_4,added_delay,4.0,0.0,4,1.0,1301,dual_anchor_dynamic,12.718160790946722,0.35494013563394416,0.35494013563394416,0.285991840613225,0.02790813400366854,0.8333333333333334,0.0,1.5191288454649219,0.052119710828489665,0.03430894685732775,0.285991840613225,0,"[[3, 4], [3, 4], [3, 4], [3, 4]]","[true, true, true, true, true]",0,4.0,0,1,1,0.17308808399997133
ellipse--demand_aligned,ellipse,demand_aligned,delay_4,added_delay,4.0,0.0,4,1.0,1321,full_trajectory,15.53628984468314,0.847169891653428,0.847169891653428,0.3256172589440696,0.05452845564305356,0.6666666666666666,0.16666666666666666,2.028459883044008,0.13749138458793786,0.06778117020564954,0.3256172589440696,0,"[[0, 1, 2, 3, 4, 5], [0, 1, 2, 3, 4, 5], [0, 1, 2, 3, 4, 5], [0, 1, 2, 3, 4, 5]]","[true, true, true, true, true]",0,0.0,0,1,1,0.1964987499999893
ellipse--demand_aligned,ellipse,demand_aligned,delay_4,added_delay,4.0,0.0,4,1.0,1321,error_peak_dynamic,15.53628984468314,1.249658270565861,1.249658270565861,0.3179191520515508,0.08043479383165097,0.6666666666666666,0.3333333333333333,2.028459883044008,0.21186049289983355,0.10444401423502897,0.3179191520515508,2,"[[3, 4], [3, 4], [1, 3], [1, 2]]","[true, true, true, true, true]",0,0.0,0,1,1,0.16689112500000647
ellipse--demand_aligned,ellipse,demand_aligned,delay_4,added_delay,4.0,0.0,4,1.0,1321,violation_safe,15.53628984468314,0.9284815475208508,0.9284815475208508,0.3155017419134508,0.059762115460184825,0.6666666666666666,0.16666666666666666,2.028459883044008,0.2525187986742444,0.12448794318539942,0.3155017419134508,1,"[[3, 4], [3, 4], [3, 4], [1, 3]]","[true, true, true, true, true]",0,4.0,0,1,1,0.15817237499999237
ellipse--demand_aligned,ellipse,demand_aligned,delay_4,added_delay,4.0,0.0,4,1.0,1321,dual_anchor_dynamic,15.53628984468314,0.7583277618947402,0.7583277618947402,0.3145611036873107,0.048810093624396214,0.6666666666666666,0.0,2.028459883044008,0.14892134589644807,0.07341596801656697,0.3145611036873107,1,"[[3, 4], [3, 4], [3, 4], [2, 3]]","[true, true, true, true, true]",0,4.0,0,1,1,0.18832645899999534
ellipse--demand_aligned,ellipse,demand_aligned,delay_4,added_delay,4.0,0.0,4,1.0,1361,full_trajectory,14.312786040939127,0.7184901599584761,0.7184901599584761,0.3201171785669959,0.05019918259822828,0.6666666666666666,0.0,1.8696977228756595,0.11089065077054025,0.059309400345199444,0.3201171785669959,0,"[[0, 1, 2, 3, 4, 5], [0, 1, 2, 3, 4, 5], [0, 1, 2, 3, 4, 5], [0, 1, 2, 3, 4, 5]]","[true, true, true, true, true]",0,0.0,0,1,1,0.26757395800001404
ellipse--demand_aligned,ellipse,demand_aligned,delay_4,added_delay,4.0,0.0,4,1.0,1361,error_peak_dynamic,14.312786040939127,0.7720343709331545,0.7720343709331545,0.30890240205474345,0.053940188075535425,0.6666666666666666,0.0,1.8696977228756595,0.1985225012428186,0.10617892871874719,0.30890240205474345,1,"[[3, 4], [3, 4], [1, 3], [1, 3]]","[true, true, true, true, true]",0,0.0,0,1,1,0.13284729099996184
ellipse--demand_aligned,ellipse,demand_aligned,delay_4,added_delay,4.0,0.0,4,1.0,1361,violation_safe,14.312786040939127,0.7111305074489813,0.7111305074489813,0.30863003569042113,0.04968498134569479,0.6666666666666666,0.0,1.8696977228756595,0.21861600963148567,0.11692585756335346,0.30863003569042113,1,"[[3, 4], [3, 4], [3, 4], [1, 3]]","[true, true, true, true, true]",0,4.0,0,1,1,0.12524291700003687
ellipse--demand_aligned,ellipse,demand_aligned,delay_4,added_delay,4.0,0.0,4,1.0,1361,dual_anchor_dynamic,14.312786040939127,0.5998400713751486,0.5998400713751486,0.3076702991454353,0.04190938575197135,0.6666666666666666,0.0,1.8696977228756595,0.1210208884829236,0.06472751557764606,0.3076702991454353,1,"[[3, 4], [3, 4], [3, 4], [2, 3]]","[true, true, true, true, true]",0,4.0,0,1,1,0.18496545800002195
ellipse--demand_aligned,ellipse,demand_aligned,delay_4,added_delay,4.0,0.0,4,1.0,1381,full_trajectory,19.49094746652104,2.2389785753384146,2.2389785753384146,0.3822848279802473,0.11487274177841968,0.6666666666666666,0.5,2.5731160457271387,0.34937827999389304,0.13578022669209308,0.3822848279802473,0,"[[0, 1, 2, 3, 4, 5], [0, 1, 2, 3, 4, 5], [0, 1, 2, 3, 4, 5], [0, 1, 2, 3, 4, 5]]","[true, true, true, true, true]",0,0.0,0,1,1,0.3067552090000163
ellipse--demand_aligned,ellipse,demand_aligned,delay_4,added_delay,4.0,0.0,4,1.0,1381,error_peak_dynamic,19.49094746652104,2.3398172023270893,2.3398172023270893,0.3551670586696516,0.12004635517827528,0.6666666666666666,0.5,2.5731160457271387,0.46893388846930495,0.18224358331914586,0.3551670586696516,1,"[[3, 4], [3, 4], [1, 4], [1, 4]]","[true, true, true, true, true]",0,0.0,0,1,1,0.27988654199998564
ellipse--demand_aligned,ellipse,demand_aligned,delay_4,added_delay,4.0,0.0,4,1.0,1381,violation_safe,19.49094746652104,1.9415340224399698,1.9415340224399698,0.353404926992414,0.0996120904730198,0.6666666666666666,0.3333333333333333,2.5731160457271387,0.5307995634467464,0.20628667888033295,0.353404926992414,0,"[[3, 4], [3, 4], [3, 4], [3, 4]]","[true, true, true, true, true]",0,4.0,0,1,1,0.2264793749999967
ellipse--demand_aligned,ellipse,demand_aligned,delay_4,added_delay,4.0,0.0,4,1.0,1381,dual_anchor_dynamic,19.49094746652104,1.9648935042227984,1.9648935042227984,0.35631229787589325,0.10081056898838969,0.6666666666666666,0.3333333333333333,2.5731160457271387,0.3923708510130369,0.15248859516639351,0.35631229787589325,1,"[[3, 4], [3, 4], [3, 4], [2, 4]]","[true, true, true, true, true]",0,4.0,0,1,1,0.31321904200001427
ellipse--demand_conflict,ellipse,demand_conflict,delay_4,added_delay,4.0,0.0,4,1.0,1301,full_trajectory,5.261272869996622,0.24382332670279228,0.24382332670279228,0.3035375924244676,0.046343030047584055,0.8333333333333334,0.0,1.5191288454649219,0.04617325569829705,0.03039456188073761,0.3035375924244676,0,"[[0, 1, 2, 3, 4, 5], [0, 1, 2, 3, 4, 5], [0, 1, 2, 3, 4, 5], [0, 1, 2, 3, 4, 5]]","[true, true, true, true, true]",0,0.0,0,1,1,0.1837382919999868
ellipse--demand_conflict,ellipse,demand_conflict,delay_4,added_delay,4.0,0.0,4,1.0,1301,error_peak_dynamic,5.261272869996622,0.35819447273713967,0.35819447273713967,0.32691027513719406,0.06808133346966466,0.8333333333333334,0.0,1.5191288454649219,0.05624714601418019,0.037025921917087964,0.32691027513719406,0,"[[3, 4], [3, 4], [3, 4], [3, 4]]","[true, true, true, true, true]",0,0.0,0,1,1,0.1536560420000228
ellipse--demand_conflict,ellipse,demand_conflict,delay_4,added_delay,4.0,0.0,4,1.0,1301,violation_safe,5.261272869996622,0.27558786795542634,0.27558786795542634,0.3264113513210298,0.05238045521778901,0.8333333333333334,0.0,1.5191288454649219,0.07390874564362314,0.04865205862179763,0.3264113513210298,2,"[[2, 4], [3, 4], [1, 3], [1, 3]]","[true, true, true, true, true]",0,4.0,0,1,1,0.14819654100000434
ellipse--demand_conflict,ellipse,demand_conflict,delay_4,added_delay,4.0,0.0,4,1.0,1301,dual_anchor_dynamic,5.261272869996622,0.25059012468190894,0.25059012468190894,0.3045840426126965,0.04762918230509299,0.8333333333333334,0.0,1.5191288454649219,0.045301112730916714,0.029820454575762156,0.3045840426126965,1,"[[2, 3], [2, 3], [1, 3], [1, 3]]","[true, true, true, true, true]",0,4.0,0,1,1,0.17598370899997917
ellipse--demand_conflict,ellipse,demand_conflict,delay_4,added_delay,4.0,0.0,4,1.0,1321,full_trajectory,8.058863285275232,0.7043158416357298,0.7043158416357298,0.37568239863802194,0.08739642511650768,0.6666666666666666,0.0,2.028459883044008,0.13749138458793786,0.06778117020564954,0.37568239863802194,0,"[[0, 1, 2, 3, 4, 5], [0, 1, 2, 3, 4, 5], [0, 1, 2, 3, 4, 5], [0, 1, 2, 3, 4, 5]]","[true, true, true, true, true]",0,0.0,0,1,1,0.19765591599997379
ellipse--demand_conflict,ellipse,demand_conflict,delay_4,added_delay,4.0,0.0,4,1.0,1321,error_peak_dynamic,8.058863285275232,0.8912075625532228,0.8912075625532228,0.3915659618247858,0.11058725418280696,0.6666666666666666,0.16666666666666666,2.028459883044008,0.17539114655284804,0.0864651788378715,0.3915659618247858,1,"[[3, 4], [3, 4], [3, 4], [1, 2]]","[true, true, true, true, true]",0,0.0,0,1,1,0.18445745899998656
ellipse--demand_conflict,ellipse,demand_conflict,delay_4,added_delay,4.0,0.0,4,1.0,1321,violation_safe,8.058863285275232,0.9616985598514882,0.9616985598514882,0.36783812569406166,0.11933426909086021,0.6666666666666666,0.16666666666666666,2.028459883044008,0.23819064232664555,0.11742437911525508,0.36783812569406166,1,"[[1, 4], [1, 4], [1, 4], [1, 2]]","[true, true, true, true, true]",0,4.0,0,1,1,0.17207133300001942
ellipse--demand_conflict,ellipse,demand_conflict,delay_4,added_delay,4.0,0.0,4,1.0,1321,dual_anchor_dynamic,8.058863285275232,0.7985206640548915,0.7985206640548915,0.3771997819676573,0.09908601694657238,0.6666666666666666,0.0,2.028459883044008,0.1490727371658241,0.07349060161945037,0.3771997819676573,3,"[[3, 4], [1, 4], [1, 3], [1, 2]]","[true, true, true, true, true]",0,4.0,0,1,1,0.20911812499997495
ellipse--demand_conflict,ellipse,demand_conflict,delay_4,added_delay,4.0,0.0,4,1.0,1361,full_trajectory,7.424979117196473,0.5767301807385338,0.5767301807385338,0.36075064315356137,0.07767431687488648,0.6666666666666666,0.0,1.8696977228756595,0.11089065077054025,0.059309400345199444,0.36075064315356137,0,"[[0, 1, 2, 3, 4, 5], [0, 1, 2, 3, 4, 5], [0, 1, 2, 3, 4, 5], [0, 1, 2, 3, 4, 5]]","[true, true, true, true, true]",0,0.0,0,1,1,0.19061800000002904
ellipse--demand_conflict,ellipse,demand_conflict,delay_4,added_delay,4.0,0.0,4,1.0,1361,error_peak_dynamic,7.424979117196473,0.7425774759842145,0.7425774759842145,0.37653811045204283,0.10001071575600569,0.6666666666666666,0.0,1.8696977228756595,0.14581235855894653,0.07798712956374686,0.37653811045204283,1,"[[3, 4], [3, 4], [3, 4], [1, 2]]","[true, true, true, true, true]",0,0.0,0,1,1,0.2625131670000087
ellipse--demand_conflict,ellipse,demand_conflict,delay_4,added_delay,4.0,0.0,4,1.0,1361,violation_safe,7.424979117196473,0.7990329679307329,0.7990329679307329,0.35407824970767016,0.10761417039950302,0.6666666666666666,0.0,1.8696977228756595,0.20415776233318778,0.10919292452214474,0.35407824970767016,1,"[[1, 4], [1, 4], [1, 4], [1, 2]]","[true, true, true, true, true]",0,4.0,0,1,1,0.16791608299996597
ellipse--demand_conflict,ellipse,demand_conflict,delay_4,added_delay,4.0,0.0,4,1.0,1361,dual_anchor_dynamic,7.424979117196473,0.6568301454000092,0.6568301454000092,0.3627332917890777,0.08846222124433602,0.6666666666666666,0.0,1.8696977228756595,0.1218528539993466,0.06517248885126346,0.3627332917890777,3,"[[3, 4], [1, 4], [1, 3], [1, 2]]","[true, true, true, true, true]",0,4.0,0,1,1,0.1956440000000157
ellipse--demand_conflict,ellipse,demand_conflict,delay_4,added_delay,4.0,0.0,4,1.0,1381,full_trajectory,10.067209767135736,1.261538362907897,1.261538362907897,0.4078418643984535,0.12531161981209243,0.8333333333333334,0.5,2.5731160457271387,0.34937827999389304,0.13578022669209308,0.4078418643984535,0,"[[0, 1, 2, 3, 4, 5], [0, 1, 2, 3, 4, 5], [0, 1, 2, 3, 4, 5], [0, 1, 2, 3, 4, 5]]","[true, true, true, true, true]",0,0.0,0,1,1,0.3139150409999729
ellipse--demand_conflict,ellipse,demand_conflict,delay_4,added_delay,4.0,0.0,4,1.0,1381,error_peak_dynamic,10.067209767135736,1.539073530015397,1.539073530015397,0.41152772566321094,0.15287985108244,0.8333333333333334,0.5,2.5731160457271387,0.41467713348449486,0.16115757164279426,0.41152772566321094,1,"[[3, 4], [3, 4], [3, 4], [2, 4]]","[true, true, true, true, true]",0,0.0,0,1,1,0.32211412500004144
ellipse--demand_conflict,ellipse,demand_conflict,delay_4,added_delay,4.0,0.0,4,1.0,1381,violation_safe,10.067209767135736,1.6690998137169062,1.6690998137169062,0.41158564929926583,0.1657956725174893,0.8333333333333334,0.5,2.5731160457271387,0.4496688213452001,0.17475652607736464,0.41158564929926583,0,"[[1, 4], [1, 4], [1, 4], [1, 4]]","[true, true, true, true, true]",0,4.0,0,1,1,0.23059845799997447
ellipse--demand_conflict,ellipse,demand_conflict,delay_4,added_delay,4.0,0.0,4,1.0,1381,dual_anchor_dynamic,10.067209767135736,1.3350479297990496,1.3350479297990496,0.4058605094487512,0.13261350072959588,0.8333333333333334,0.5,2.5731160457271387,0.3914615882911692,0.1521352248924886,0.4058605094487512,1,"[[3, 4], [3, 4], [1, 4], [1, 4]]","[true, true, true, true, true]",0,4.0,0,1,1,0.3191158750000227
rounded_square--neutral,rounded_square,neutral,delay_4,added_delay,4.0,0.0,4,1.0,1301,full_trajectory,13.99508677135006,8.430419379775973,8.430419379775973,0.6418168487762076,0.6023842165119151,0.8333333333333334,0.8333333333333334,1.98986935566396,1.0689883361712855,0.5372153368403405,0.6418168487762076,0,"[[0, 1, 2, 3, 4, 5], [0, 1, 2, 3, 4, 5], [0, 1, 2, 3, 4, 5], [0, 1, 2, 3, 4, 5]]","[true, true, true, true, true]",0,0.0,0,1,1,0.31215483400001176
rounded_square--neutral,rounded_square,neutral,delay_4,added_delay,4.0,0.0,4,1.0,1301,error_peak_dynamic,13.99508677135006,6.98956270765667,6.98956270765667,0.6156313243541861,0.4994297514442928,0.8333333333333334,0.8333333333333334,1.98986935566396,1.1633892206524303,0.5846560817377089,0.6156313243541861,3,"[[2, 4], [1, 2], [3, 4], [2, 4]]","[true, true, true, true, true]",0,0.0,0,1,1,0.29890529099998275
rounded_square--neutral,rounded_square,neutral,delay_4,added_delay,4.0,0.0,4,1.0,1301,violation_safe,13.99508677135006,6.98956270765667,6.98956270765667,0.6156313243541861,0.4994297514442928,0.8333333333333334,0.8333333333333334,1.98986935566396,1.1633892206524303,0.5846560817377089,0.6156313243541861,3,"[[2, 4], [1, 2], [3, 4], [2, 4]]","[true, true, true, true, true]",0,4.0,0,1,1,0.301091667000037
rounded_square--neutral,rounded_square,neutral,delay_4,added_delay,4.0,0.0,4,1.0,1301,dual_anchor_dynamic,13.99508677135006,6.98956270765667,6.98956270765667,0.6156313243541861,0.4994297514442928,0.8333333333333334,0.8333333333333334,1.98986935566396,1.1633892206524303,0.5846560817377089,0.6156313243541861,3,"[[2, 4], [1, 2], [3, 4], [2, 4]]","[true, true, true, true, true]",0,4.0,0,1,1,0.30228116699998964
rounded_square--neutral,rounded_square,neutral,delay_4,added_delay,4.0,0.0,4,1.0,1321,full_trajectory,19.285539787822167,13.367724939383855,13.367724939383855,0.7393357367215561,0.6931475647793323,1.0,0.8333333333333334,3.3345164470891087,1.9881349065014355,0.5962288499842288,0.7393357367215561,0,"[[0, 1, 2, 3, 4, 5], [0, 1, 2, 3, 4, 5], [0, 1, 2, 3, 4, 5], [0, 1, 2, 3, 4, 5]]","[true, true, true, true, true]",0,0.0,0,1,1,0.3636271249999936
rounded_square--neutral,rounded_square,neutral,delay_4,added_delay,4.0,0.0,4,1.0,1321,error_peak_dynamic,19.285539787822167,12.024415719256732,12.024415719256732,0.6986531429459995,0.6234938638766822,1.0,0.8333333333333334,3.3345164470891087,2.365730879360263,0.7094674495984105,0.6986531429459995,2,"[[1, 4], [1, 4], [2, 4], [1, 4]]","[true, true, true, true, true]",0,0.0,0,1,1,0.343536040999993
rounded_square--neutral,rounded_square,neutral,delay_4,added_delay,4.0,0.0,4,1.0,1321,violation_safe,19.285539787822167,11.82707779538839,12.024415719256732,0.6986531429459995,0.6132614345000904,1.0,0.8333333333333334,3.3345164470891087,2.3453193859561763,0.703346174226713,0.6986531429459995,2,"[[1, 4], [1, 4], [2, 4], [1, 4]]","[true, true, true, true, false]",1,2.0,0,1,1,0.34339929200001507
rounded_square--neutral,rounded_square,neutral,delay_4,added_delay,4.0,0.0,4,1.0,1321,dual_anchor_dynamic,19.285539787822167,11.82707779538839,12.024415719256732,0.6986531429459995,0.6132614345000904,1.0,0.8333333333333334,3.3345164470891087,2.3453193859561763,0.703346174226713,0.6986531429459995,2,"[[1, 4], [1, 4], [2, 4], [1, 4]]","[true, true, true, true, false]",1,2.0,0,1,1,0.344033708999973
rounded_square--neutral,rounded_square,neutral,delay_4,added_delay,4.0,0.0,4,1.0,1361,full_trajectory,17.62225411318557,11.485821163596992,11.485821163596992,0.7063156460668494,0.651779340476251,1.0,0.8333333333333334,3.0365446821250135,1.663010571398465,0.5476654373597654,0.7063156460668494,0,"[[0, 1, 2, 3, 4, 5], [0, 1, 2, 3, 4, 5], [0, 1, 2, 3, 4, 5], [0, 1, 2, 3, 4, 5]]","[true, true, true, true, true]",0,0.0,0,1,1,0.35751166699998294
rounded_square--neutral,rounded_square,neutral,delay_4,added_delay,4.0,0.0,4,1.0,1361,error_peak_dynamic,17.62225411318557,10.229889440529115,10.229889440529115,0.6653672204531658,0.5805096995437584,1.0,0.8333333333333334,3.0365446821250135,1.9998764654576517,0.6586026799573099,0.6653672204531658,2,"[[1, 4], [1, 4], [2, 4], [1, 4]]","[true, true, true, true, true]",0,0.0,0,1,1,0.38211070900001687
rounded_square--neutral,rounded_square,neutral,delay_4,added_delay,4.0,0.0,4,1.0,1361,violation_safe,17.62225411318557,9.96789575238502,9.96789575238502,0.6604822879513225,0.5656424931999308,1.0,0.8333333333333334,3.0365446821250135,1.922972790274659,0.6332766323494168,0.6604822879513225,3,"[[1, 4], [2, 4], [1, 4], [2, 4]]","[true, true, true, true, true]",0,4.0,0,1,1,0.3618505840000239
rounded_square--neutral,rounded_square,neutral,delay_4,added_delay,4.0,0.0,4,1.0,1361,dual_anchor_dynamic,17.62225411318557,10.074418402200612,10.229889440529115,0.6653672204531658,0.5716872732338248,1.0,0.8333333333333334,3.0365446821250135,2.004861915764667,0.6602444968343554,0.6653672204531658,2,"[[1, 4], [1, 4], [2, 4], [1, 4]]","[true, true, true, true, false]",1,2.0,0,1,1,0.34231579200002216
rounded_square--neutral,rounded_square,neutral,delay_4,added_delay,4.0,0.0,4,1.0,1381,full_trajectory,25.005250183678555,19.035031154276865,19.035031154276865,0.7989531653642479,0.7612413798883494,1.0,0.8333333333333334,4.111701963003986,2.8709330574138785,0.6982347172158342,0.7989531653642479,0,"[[0, 1, 2, 3, 4, 5], [0, 1, 2, 3, 4, 5], [0, 1, 2, 3, 4, 5], [0, 1, 2, 3, 4, 5]]","[true, true, true, true, true]",0,0.0,0,1,1,0.3883885420000297
rounded_square--neutral,rounded_square,neutral,delay_4,added_delay,4.0,0.0,4,1.0,1381,error_peak_dynamic,25.005250183678555,17.221505417599303,17.221505417599303,0.7654042666951226,0.6887155813717928,1.0,0.8333333333333334,4.111701963003986,3.3315545195724443,0.8102616749825003,0.7654042666951226,1,"[[1, 4], [1, 4], [1, 4], [2, 4]]","[true, true, true, true, true]",0,0.0,0,1,1,0.4441000410000129
rounded_square--neutral,rounded_square,neutral,delay_4,added_delay,4.0,0.0,4,1.0,1381,violation_safe,25.005250183678555,17.291239082866934,17.49122923773594,0.7604720617418742,0.6915043423222089,1.0,0.8333333333333334,4.111701963003986,3.352176659765148,0.815277150417796,0.7604720617418742,2,"[[1, 4], [1, 4], [2, 4], [1, 4]]","[true, true, true, true, false]",1,2.0,0,1,1,0.4540139999999724
rounded_square--neutral,rounded_square,neutral,delay_4,added_delay,4.0,0.0,4,1.0,1381,dual_anchor_dynamic,25.005250183678555,17.221505417599303,17.221505417599303,0.7654042666951226,0.6887155813717928,1.0,0.8333333333333334,4.111701963003986,3.3315545195724443,0.8102616749825003,0.7654042666951226,1,"[[1, 4], [1, 4], [1, 4], [2, 4]]","[true, true, true, true, true]",0,4.0,0,1,1,0.4451368750000029
rounded_square--demand_aligned,rounded_square,demand_aligned,delay_4,added_delay,4.0,0.0,4,1.0,1301,full_trajectory,22.43761746792584,11.411420920606194,11.411420920606194,0.5764827088114439,0.5085843422065025,0.8333333333333334,0.8333333333333334,1.98986935566396,1.0689883361712855,0.5372153368403405,0.5764827088114439,0,"[[0, 1, 2, 3, 4, 5], [0, 1, 2, 3, 4, 5], [0, 1, 2, 3, 4, 5], [0, 1, 2, 3, 4, 5]]","[true, true, true, true, true]",0,0.0,0,1,1,0.3131969579999918
rounded_square--demand_aligned,rounded_square,demand_aligned,delay_4,added_delay,4.0,0.0,4,1.0,1301,error_peak_dynamic,22.43761746792584,9.95482571766232,9.95482571766232,0.5855116061007517,0.44366679001870674,0.8333333333333334,0.8333333333333334,1.98986935566396,1.3623712125323162,0.6846535973100273,0.5855116061007517,3,"[[2, 4], [1, 2], [3, 4], [2, 4]]","[true, true, true, true, true]",0,0.0,0,1,1,0.24015433299996403
rounded_square--demand_aligned,rounded_square,demand_aligned,delay_4,added_delay,4.0,0.0,4,1.0,1301,violation_safe,22.43761746792584,9.946451613108627,14.005833937456305,0.5849944492741203,0.44329357282817106,0.8333333333333334,0.8333333333333334,1.98986935566396,1.6852512288190575,0.8469155143387489,0.5849944492741203,3,"[[2, 4], [1, 2], [2, 4], [2, 3]]","[true, true, true, true, false]",1,2.0,0,1,1,0.2547930000000065
rounded_square--demand_aligned,rounded_square,demand_aligned,delay_4,added_delay,4.0,0.0,4,1.0,1301,dual_anchor_dynamic,22.43761746792584,9.66792525604927,12.114101260818863,0.5639885419147154,0.4308802068610622,0.8333333333333334,0.8333333333333334,1.98986935566396,1.3833440738248126,0.6951934155311579,0.5639885419147154,3,"[[2, 4], [1, 2], [2, 4], [2, 3]]","[true, true, true, true, false]",1,2.0,0,1,1,0.3145884580000029
rounded_square--demand_aligned,rounded_square,demand_aligned,delay_4,added_delay,4.0,0.0,4,1.0,1321,full_trajectory,25.689932115876324,18.72860286793883,18.72860286793883,0.7573759765885113,0.7290250041713653,0.8333333333333334,0.8333333333333334,3.3345164470891087,1.9881349065014355,0.5962288499842288,0.7573759765885113,0,"[[0, 1, 2, 3, 4, 5], [0, 1, 2, 3, 4, 5], [0, 1, 2, 3, 4, 5], [0, 1, 2, 3, 4, 5]]","[true, true, true, true, true]",0,0.0,0,1,1,0.3630432919999862
rounded_square--demand_aligned,rounded_square,demand_aligned,delay_4,added_delay,4.0,0.0,4,1.0,1321,error_peak_dynamic,25.689932115876324,17.492145491809875,17.492145491809875,0.7179210096388849,0.6808949674491264,0.8333333333333334,0.8333333333333334,3.3345164470891087,3.3920292501413294,1.0172477191115452,0.7179210096388849,2,"[[1, 4], [2, 4], [1, 4], [1, 4]]","[true, true, true, true, true]",0,0.0,0,1,1,0.3810157500000173
rounded_square--demand_aligned,rounded_square,demand_aligned,delay_4,added_delay,4.0,0.0,4,1.0,1321,violation_safe,25.689932115876324,14.771558029884716,15.633501833429023,0.6826084622471924,0.5749940468217868,0.8333333333333334,0.8333333333333334,3.3345164470891087,3.0587476169047987,0.9172987044568203,0.6826084622471924,3,"[[2, 4], [1, 4], [2, 4], [1, 4]]","[true, true, true, true, false]",1,2.0,0,1,1,0.3846432920000211
rounded_square--demand_aligned,rounded_square,demand_aligned,delay_4,added_delay,4.0,0.0,4,1.0,1321,dual_anchor_dynamic,25.689932115876324,16.089386449463873,16.67065136475664,0.7097754663073738,0.6262915128343475,0.8333333333333334,0.8333333333333334,3.3345164470891087,2.3920121911887335,0.7173490456995223,0.7097754663073738,2,"[[1, 4], [2, 4], [1, 4], [1, 4]]","[true, true, true, false, false]",2,1.0,0,1,1,0.36848745800000415
rounded_square--demand_aligned,rounded_square,demand_aligned,delay_4,added_delay,4.0,0.0,4,1.0,1361,full_trajectory,23.47132796397045,15.747741219715806,15.747741219715806,0.718563678758984,0.6709352467780818,0.8333333333333334,0.8333333333333334,3.0365446821250135,1.663010571398465,0.5476654373597654,0.718563678758984,0,"[[0, 1, 2, 3, 4, 5], [0, 1, 2, 3, 4, 5], [0, 1, 2, 3, 4, 5], [0, 1, 2, 3, 4, 5]]","[true, true, true, true, true]",0,0.0,0,1,1,0.36132150000003094
rounded_square--demand_aligned,rounded_square,demand_aligned,delay_4,added_delay,4.0,0.0,4,1.0,1361,error_peak_dynamic,23.47132796397045,14.977100166784748,14.977100166784748,0.6893571826246692,0.6381019510176533,0.8333333333333334,0.8333333333333334,3.0365446821250135,2.8971221670079044,0.9540851429133131,0.6893571826246692,2,"[[1, 4], [2, 4], [1, 4], [1, 4]]","[true, true, true, true, true]",0,0.0,0,1,1,0.3257174579999855
rounded_square--demand_aligned,rounded_square,demand_aligned,delay_4,added_delay,4.0,0.0,4,1.0,1361,violation_safe,23.47132796397045,12.642858464621913,13.340322824783168,0.6535471684825078,0.5386511783240077,0.8333333333333334,0.8333333333333334,3.0365446821250135,2.65115099994061,0.8730815046282475,0.6535471684825078,3,"[[2, 4], [1, 4], [2, 4], [1, 4]]","[true, true, true, true, false]",1,2.0,0,1,1,0.3369174169999951
rounded_square--demand_aligned,rounded_square,demand_aligned,delay_4,added_delay,4.0,0.0,4,1.0,1361,dual_anchor_dynamic,23.47132796397045,13.796789086785815,14.227555945942115,0.6816518352810049,0.5878145926793964,0.8333333333333334,0.8333333333333334,3.0365446821250135,2.0679902630327196,0.6810340302931136,0.6816518352810049,2,"[[1, 4], [2, 4], [1, 4], [1, 4]]","[true, true, true, false, false]",2,1.0,0,1,1,0.35786004199997024
rounded_square--demand_aligned,rounded_square,demand_aligned,delay_4,added_delay,4.0,0.0,4,1.0,1381,full_trajectory,33.37686641483154,27.17149960758176,27.17149960758176,0.822187378134526,0.8140818035424582,0.8333333333333334,0.8333333333333334,4.111701963003986,2.8709330574138785,0.6982347172158342,0.822187378134526,0,"[[0, 1, 2, 3, 4, 5], [0, 1, 2, 3, 4, 5], [0, 1, 2, 3, 4, 5], [0, 1, 2, 3, 4, 5]]","[true, true, true, true, true]",0,0.0,0,1,1,0.3866283749999866
rounded_square--demand_aligned,rounded_square,demand_aligned,delay_4,added_delay,4.0,0.0,4,1.0,1381,error_peak_dynamic,33.37686641483154,26.101617592615362,26.101617592615362,0.7869877447277958,0.7820272061554794,0.8333333333333334,0.8333333333333334,4.111701963003986,4.268169457269715,1.038054191591118,0.7869877447277958,2,"[[1, 4], [2, 4], [1, 4], [1, 4]]","[true, true, true, true, true]",0,0.0,0,1,1,0.41531324999999697
rounded_square--demand_aligned,rounded_square,demand_aligned,delay_4,added_delay,4.0,0.0,4,1.0,1381,violation_safe,33.37686641483154,22.111110014531448,23.29277291511265,0.7502128176258773,0.6624681220734978,0.8333333333333334,0.8333333333333334,4.111701963003986,3.9629658325499326,0.9638261401744723,0.7502128176258773,3,"[[2, 4], [1, 4], [2, 4], [1, 4]]","[true, true, true, true, false]",1,2.0,0,1,1,0.429720624999959
rounded_square--demand_aligned,rounded_square,demand_aligned,delay_4,added_delay,4.0,0.0,4,1.0,1381,dual_anchor_dynamic,33.37686641483154,22.489442108189238,22.489442108189238,0.7732895221915924,0.6738032812509834,0.8333333333333334,0.8333333333333334,4.111701963003986,3.2176019730200403,0.7825474710889012,0.7732895221915924,1,"[[1, 4], [1, 4], [2, 4], [2, 4]]","[true, true, true, true, true]",0,4.0,0,1,1,0.44244929100000263
rounded_square--demand_conflict,rounded_square,demand_conflict,delay_4,added_delay,4.0,0.0,4,1.0,1301,full_trajectory,9.7204405997966,5.691655676681284,5.691655676681284,0.6338357584548484,0.5855347417894187,1.0,0.8333333333333334,1.98986935566396,1.0689883361712855,0.5372153368403405,0.6338357584548484,0,"[[0, 1, 2, 3, 4, 5], [0, 1, 2, 3, 4, 5], [0, 1, 2, 3, 4, 5], [0, 1, 2, 3, 4, 5]]","[true, true, true, true, true]",0,0.0,0,1,1,0.3110012079999933
rounded_square--demand_conflict,rounded_square,demand_conflict,delay_4,added_delay,4.0,0.0,4,1.0,1301,error_peak_dynamic,9.7204405997966,6.070234229089702,6.070234229089702,0.7506334449782046,0.6244813871108601,1.0,0.8333333333333334,1.98986935566396,1.2136741705755598,0.6099265598120601,0.7506334449782046,3,"[[2, 4], [1, 2], [3, 4], [2, 4]]","[true, true, true, true, true]",0,0.0,0,1,1,0.3003999579999572
rounded_square--demand_conflict,rounded_square,demand_conflict,delay_4,added_delay,4.0,0.0,4,1.0,1301,violation_safe,9.7204405997966,6.338797449138273,6.338797449138273,0.7893827684549224,0.6521100956340304,1.0,0.8333333333333334,1.98986935566396,1.4751574845925506,0.7413338370148097,0.7893827684549224,1,"[[1, 4], [2, 4], [2, 4], [2, 4]]","[true, true, false, false, true]",2,1.15,0,1,1,0.30903549999999314
rounded_square--demand_conflict,rounded_square,demand_conflict,delay_4,added_delay,4.0,0.0,4,1.0,1301,dual_anchor_dynamic,9.7204405997966,5.139875492790757,5.990988413558862,0.6804926090742754,0.5287698062676612,1.0,0.8333333333333334,1.98986935566396,1.267219185086638,0.6368353688545572,0.6804926090742754,2,"[[1, 2], [3, 4], [2, 4], [2, 4]]","[true, true, true, false, false]",2,1.0,0,1,1,0.2993960410000227
rounded_square--demand_conflict,rounded_square,demand_conflict,delay_4,added_delay,4.0,0.0,4,1.0,1321,full_trajectory,13.827292046122327,9.07852887445752,9.07852887445752,0.7072539277479692,0.6565659309266899,1.0,0.8333333333333334,3.3345164470891087,1.9881349065014355,0.5962288499842288,0.7072539277479692,0,"[[0, 1, 2, 3, 4, 5], [0, 1, 2, 3, 4, 5], [0, 1, 2, 3, 4, 5], [0, 1, 2, 3, 4, 5]]","[true, true, true, true, true]",0,0.0,0,1,1,0.3637216249999824
rounded_square--demand_conflict,rounded_square,demand_conflict,delay_4,added_delay,4.0,0.0,4,1.0,1321,error_peak_dynamic,13.827292046122327,8.907125974751398,8.907125974751398,0.6946814807899253,0.6441699462946744,1.0,0.8333333333333334,3.3345164470891087,2.6107725163629967,0.7829538578650858,0.6946814807899253,2,"[[1, 4], [1, 4], [2, 4], [1, 4]]","[true, true, true, true, true]",0,0.0,0,1,1,0.3637434999999982
rounded_square--demand_conflict,rounded_square,demand_conflict,delay_4,added_delay,4.0,0.0,4,1.0,1321,violation_safe,13.827292046122327,8.872001225207086,8.957680186708716,0.7025983597181812,0.6416296983974614,1.0,1.0,3.3345164470891087,2.7668882637321732,0.8297719647319627,0.7025983597181812,0,"[[1, 4], [1, 4], [1, 4], [1, 4]]","[true, true, true, false, false]",2,1.0,0,1,1,0.3620893749999823
rounded_square--demand_conflict,rounded_square,demand_conflict,delay_4,added_delay,4.0,0.0,4,1.0,1321,dual_anchor_dynamic,13.827292046122327,8.965311526595823,9.049178272314702,0.7057708215584839,0.6483779684909469,1.0,1.0,3.3345164470891087,2.5347976537735906,0.7601694860393811,0.7057708215584839,0,"[[1, 4], [1, 4], [1, 4], [1, 4]]","[true, true, true, false, false]",2,1.0,0,1,1,0.35881945799997084
rounded_square--demand_conflict,rounded_square,demand_conflict,delay_4,added_delay,4.0,0.0,4,1.0,1361,full_trajectory,12.649518740241604,7.7849570654465055,7.7849570654465055,0.6745513361199701,0.615435039491298,1.0,0.8333333333333334,3.0365446821250135,1.663010571398465,0.5476654373597654,0.6745513361199701,0,"[[0, 1, 2, 3, 4, 5], [0, 1, 2, 3, 4, 5], [0, 1, 2, 3, 4, 5], [0, 1, 2, 3, 4, 5]]","[true, true, true, true, true]",0,0.0,0,1,1,0.35606183299995564
rounded_square--demand_conflict,rounded_square,demand_conflict,delay_4,added_delay,4.0,0.0,4,1.0,1361,error_peak_dynamic,12.649518740241604,8.008594728401173,8.008594728401173,0.6631851829551465,0.6331145787328356,1.0,0.8333333333333334,3.0365446821250135,2.2518780214263767,0.7415922560541685,0.6631851829551465,2,"[[1, 4], [2, 4], [1, 4], [1, 4]]","[true, true, true, true, true]",0,0.0,0,1,1,0.36537325000000465
rounded_square--demand_conflict,rounded_square,demand_conflict,delay_4,added_delay,4.0,0.0,4,1.0,1361,violation_safe,12.649518740241604,7.5746733234261585,7.6369867372671525,0.6671801197017588,0.5988111863362071,1.0,1.0,3.0365446821250135,2.3987526044878447,0.7899612406853063,0.6671801197017588,0,"[[1, 4], [1, 4], [1, 4], [1, 4]]","[true, true, true, false, false]",2,1.0,0,1,1,0.3412327500000174
rounded_square--demand_conflict,rounded_square,demand_conflict,delay_4,added_delay,4.0,0.0,4,1.0,1361,dual_anchor_dynamic,12.649518740241604,7.280083144331215,7.569423135119804,0.654909309575696,0.5755225391438226,1.0,0.8333333333333334,3.0365446821250135,2.004861915764667,0.6602444968343554,0.654909309575696,2,"[[1, 4], [1, 4], [2, 4], [3, 4]]","[true, true, true, true, false]",1,2.0,0,1,1,0.3316285839999864
rounded_square--demand_conflict,rounded_square,demand_conflict,delay_4,added_delay,4.0,0.0,4,1.0,1381,full_trajectory,17.783172762075832,13.205587414901224,13.205587414901224,0.7807344714907856,0.7425889402066257,1.0,0.8333333333333334,4.111701963003986,2.8709330574138785,0.6982347172158342,0.7807344714907856,0,"[[0, 1, 2, 3, 4, 5], [0, 1, 2, 3, 4, 5], [0, 1, 2, 3, 4, 5], [0, 1, 2, 3, 4, 5]]","[true, true, true, true, true]",0,0.0,0,1,1,0.3930860419999931
rounded_square--demand_conflict,rounded_square,demand_conflict,delay_4,added_delay,4.0,0.0,4,1.0,1381,error_peak_dynamic,17.783172762075832,12.984151473167,12.984151473167,0.7678762025842144,0.7301369472638108,1.0,1.0,4.111701963003986,3.864777696411917,0.9399459715675337,0.7678762025842144,0,"[[1, 4], [1, 4], [1, 4], [1, 4]]","[true, true, true, true, true]",0,0.0,0,1,1,0.4169820840000398
rounded_square--demand_conflict,rounded_square,demand_conflict,delay_4,added_delay,4.0,0.0,4,1.0,1381,violation_safe,17.783172762075832,12.790003525303149,12.824273954591408,0.7667524048182406,0.719219438309622,1.0,1.0,4.111701963003986,3.8358314377947855,0.9329060015313826,0.7667524048182406,0,"[[1, 4], [1, 4], [1, 4], [1, 4]]","[true, true, true, false, false]",2,1.0,0,1,1,0.44585412499998256
rounded_square--demand_conflict,rounded_square,demand_conflict,delay_4,added_delay,4.0,0.0,4,1.0,1381,dual_anchor_dynamic,17.783172762075832,13.269169260803508,13.297802281552562,0.7892278209531727,0.7461643340214953,1.0,1.0,4.111701963003986,3.562327665440494,0.8663876169754964,0.7892278209531727,0,"[[1, 4], [1, 4], [1, 4], [1, 4]]","[true, true, true, true, false]",1,2.0,0,1,1,0.43651475000001483
figure_eight--neutral,figure_eight,neutral,delay_4,added_delay,4.0,0.0,4,1.0,1301,full_trajectory,14.384218597868848,6.398278355785728,6.398278355785728,0.5650540849526176,0.44481236935134527,0.6666666666666666,0.6666666666666666,2.6407756066287864,0.8923523881198278,0.3379129926374186,0.5650540849526176,0,"[[0, 1, 2, 3, 4, 5], [0, 1, 2, 3, 4, 5], [0, 1, 2, 3, 4, 5], [0, 1, 2, 3, 4, 5]]","[true, true, true, true, true]",0,0.0,0,1,1,0.30905254200001764
figure_eight--neutral,figure_eight,neutral,delay_4,added_delay,4.0,0.0,4,1.0,1301,error_peak_dynamic,14.384218597868848,5.693182657839088,5.693182657839088,0.5419135726439441,0.3957936692287605,0.6666666666666666,0.6666666666666666,2.6407756066287864,0.8932737714489687,0.3382618989688873,0.5419135726439441,1,"[[2, 4], [2, 4], [3, 4], [3, 4]]","[true, true, true, true, true]",0,0.0,0,1,1,0.31895683300001565
figure_eight--neutral,figure_eight,neutral,delay_4,added_delay,4.0,0.0,4,1.0,1301,violation_safe,14.384218597868848,5.8695580779170236,5.8695580779170236,0.5488009320838927,0.40805540029728493,0.6666666666666666,0.8333333333333334,2.6407756066287864,0.9280897375241272,0.3514458915761216,0.5488009320838927,1,"[[2, 4], [2, 4], [2, 4], [3, 4]]","[true, true, true, true, true]",0,4.0,0,1,1,0.3072440000000256
figure_eight--neutral,figure_eight,neutral,delay_4,added_delay,4.0,0.0,4,1.0,1301,dual_anchor_dynamic,14.384218597868848,5.693182657839088,5.693182657839088,0.5419135726439441,0.3957936692287605,0.6666666666666666,0.6666666666666666,2.6407756066287864,0.8932737714489687,0.3382618989688873,0.5419135726439441,1,"[[2, 4], [2, 4], [3, 4], [3, 4]]","[true, true, true, true, true]",0,4.0,0,1,1,0.33154833300000064
figure_eight--neutral,figure_eight,neutral,delay_4,added_delay,4.0,0.0,4,1.0,1321,full_trajectory,19.5332377621848,13.490150058154587,13.490150058154587,0.7779106907364792,0.690625395666392,1.0,0.8333333333333334,3.759006703269339,2.1060282986410503,0.5602619162156226,0.7779106907364792,0,"[[0, 1, 2, 3, 4, 5], [0, 1, 2, 3, 4, 5], [0, 1, 2, 3, 4, 5], [0, 1, 2, 3, 4, 5]]","[true, true, true, true, true]",0,0.0,0,1,1,0.3845349999999712
figure_eight--neutral,figure_eight,neutral,delay_4,added_delay,4.0,0.0,4,1.0,1321,error_peak_dynamic,19.5332377621848,12.858917841827484,12.858917841827484,0.7726995860131088,0.6583095950801148,1.0,0.8333333333333334,3.759006703269339,2.2009773695903085,0.5855210015124586,0.7726995860131088,3,"[[2, 4], [3, 4], [2, 4], [3, 4]]","[true, true, true, true, true]",0,0.0,0,1,1,0.37777099999999564
figure_eight--neutral,figure_eight,neutral,delay_4,added_delay,4.0,0.0,4,1.0,1321,violation_safe,19.5332377621848,13.07885639477802,13.07885639477802,0.7957078964050424,0.6695693030521502,1.0,0.8333333333333334,3.759006703269339,2.2210935316740605,0.59087245833914,0.7957078964050424,1,"[[2, 4], [2, 4], [2, 4], [3, 4]]","[true, true, true, true, true]",0,4.0,0,1,1,0.3293261669999765
figure_eight--neutral,figure_eight,neutral,delay_4,added_delay,4.0,0.0,4,1.0,1321,dual_anchor_dynamic,19.5332377621848,13.976987036752679,14.084367470632639,0.78054166552218,0.7155489124189797,1.0,1.0,3.759006703269339,2.4238574072436263,0.6448132707865386,0.78054166552218,2,"[[2, 4], [3, 4], [2, 4], [2, 4]]","[true, true, true, false, false]",2,1.0,0,1,1,0.38060925000002044
figure_eight--neutral,figure_eight,neutral,delay_4,added_delay,4.0,0.0,4,1.0,1361,full_trajectory,17.80215251330762,11.571735380067201,11.571735380067201,0.7433094709182398,0.6500188879640816,1.0,0.6666666666666666,3.4306101101437543,1.7751055141989427,0.5174314355776675,0.7433094709182398,0,"[[0, 1, 2, 3, 4, 5], [0, 1, 2, 3, 4, 5], [0, 1, 2, 3, 4, 5], [0, 1, 2, 3, 4, 5]]","[true, true, true, true, true]",0,0.0,0,1,1,0.3618449169999849
figure_eight--neutral,figure_eight,neutral,delay_4,added_delay,4.0,0.0,4,1.0,1361,error_peak_dynamic,17.80215251330762,11.022667923069136,11.022667923069136,0.7390491148889657,0.6191761313599226,1.0,0.8333333333333334,3.4306101101437543,1.861779226132828,0.5426962453785846,0.7390491148889657,3,"[[2, 4], [3, 4], [2, 4], [3, 4]]","[true, true, true, true, true]",0,0.0,0,1,1,0.3601028329999849
figure_eight--neutral,figure_eight,neutral,delay_4,added_delay,4.0,0.0,4,1.0,1361,violation_safe,17.80215251330762,11.422852800031468,11.831011005967907,0.7488805418229707,0.6416557094144967,1.0,1.0,3.4306101101437543,1.9308580322307012,0.5628322573064974,0.7488805418229707,2,"[[2, 4], [2, 4], [3, 4], [2, 4]]","[true, true, true, true, false]",1,2.0,0,1,1,0.3961737079999921
figure_eight--neutral,figure_eight,neutral,delay_4,added_delay,4.0,0.0,4,1.0,1361,dual_anchor_dynamic,17.80215251330762,11.022667923069136,11.022667923069136,0.7390491148889657,0.6191761313599226,1.0,0.8333333333333334,3.4306101101437543,1.861779226132828,0.5426962453785846,0.7390491148889657,3,"[[2, 4], [3, 4], [2, 4], [3, 4]]","[true, true, true, true, true]",0,4.0,0,1,1,0.36137474999998176
figure_eight--neutral,figure_eight,neutral,delay_4,added_delay,4.0,0.0,4,1.0,1381,full_trajectory,25.338961730271713,21.094199397687703,21.094199397687703,0.8784771770241027,0.8324808104701102,1.0,0.8333333333333334,4.791662137304624,3.3807051171327096,0.7055391261443159,0.8784771770241027,0,"[[0, 1, 2, 3, 4, 5], [0, 1, 2, 3, 4, 5], [0, 1, 2, 3, 4, 5], [0, 1, 2, 3, 4, 5]]","[true, true, true, true, true]",0,0.0,0,1,1,0.3834335419999775
figure_eight--neutral,figure_eight,neutral,delay_4,added_delay,4.0,0.0,4,1.0,1381,error_peak_dynamic,25.338961730271713,20.780266866103737,20.780266866103737,0.8641899253851598,0.8200914894345558,1.0,1.0,4.791662137304624,3.6441215752600664,0.7605130476310951,0.8641899253851598,2,"[[2, 4], [2, 4], [3, 4], [2, 4]]","[true, true, true, true, true]",0,0.0,0,1,1,0.43348512500000425
figure_eight--neutral,figure_eight,neutral,delay_4,added_delay,4.0,0.0,4,1.0,1381,violation_safe,25.338961730271713,21.468338325196722,21.468338325196722,0.8775663694999922,0.8472461718725093,1.0,1.0,4.791662137304624,3.8399847708281625,0.8013888836052633,0.8775663694999922,0,"[[2, 4], [2, 4], [2, 4], [2, 4]]","[true, true, true, true, true]",0,4.0,0,1,1,0.37771937499996966
figure_eight--neutral,figure_eight,neutral,delay_4,added_delay,4.0,0.0,4,1.0,1381,dual_anchor_dynamic,25.338961730271713,20.49499181817613,20.780266866103737,0.8641899253851598,0.8088331335885545,1.0,1.0,4.791662137304624,3.538381965593967,0.7384456299718066,0.8641899253851598,2,"[[2, 4], [2, 4], [3, 4], [2, 4]]","[true, true, true, true, false]",1,2.0,0,1,1,0.43580816600001526
figure_eight--demand_aligned,figure_eight,demand_aligned,delay_4,added_delay,4.0,0.0,4,1.0,1301,full_trajectory,23.474136588799368,10.67369400729503,10.67369400729503,0.57188877781038,0.4547001746759861,0.6666666666666666,0.5,2.6407756066287864,0.8923523881198278,0.3379129926374186,0.57188877781038,0,"[[0, 1, 2, 3, 4, 5], [0, 1, 2, 3, 4, 5], [0, 1, 2, 3, 4, 5], [0, 1, 2, 3, 4, 5]]","[true, true, true, true, true]",0,0.0,0,1,1,0.30781441599998516
figure_eight--demand_aligned,figure_eight,demand_aligned,delay_4,added_delay,4.0,0.0,4,1.0,1301,error_peak_dynamic,23.474136588799368,9.612255723288358,9.612255723288358,0.5394482125160112,0.40948282323085844,0.6666666666666666,0.8333333333333334,2.6407756066287864,1.2037307791759064,0.4558247115560829,0.5394482125160112,2,"[[2, 4], [2, 4], [3, 4], [2, 4]]","[true, true, true, true, true]",0,0.0,0,1,1,0.2527039159999731
figure_eight--demand_aligned,figure_eight,demand_aligned,delay_4,added_delay,4.0,0.0,4,1.0,1301,violation_safe,23.474136588799368,9.172368323249026,9.172368323249026,0.5480481056626476,0.3907435866086594,0.6666666666666666,0.8333333333333334,2.6407756066287864,1.142511169914334,0.43264227640032754,0.5480481056626476,1,"[[2, 4], [2, 4], [2, 4], [3, 4]]","[true, true, true, true, true]",0,4.0,0,1,1,0.26509379099996977
figure_eight--demand_aligned,figure_eight,demand_aligned,delay_4,added_delay,4.0,0.0,4,1.0,1301,dual_anchor_dynamic,23.474136588799368,9.47611491361288,9.47611491361288,0.5446916345883279,0.40368321440774046,0.6666666666666666,0.5,2.6407756066287864,0.8932737714489687,0.3382618989688873,0.5446916345883279,1,"[[2, 4], [2, 4], [3, 4], [3, 4]]","[true, true, true, true, true]",0,4.0,0,1,1,0.3202967919999651
figure_eight--demand_aligned,figure_eight,demand_aligned,delay_4,added_delay,4.0,0.0,4,1.0,1321,full_trajectory,31.537237247343494,22.169858207402925,22.169858207402925,0.7860234636884696,0.702974012388177,1.0,0.6666666666666666,3.759006703269339,2.1060282986410503,0.5602619162156226,0.7860234636884696,0,"[[0, 1, 2, 3, 4, 5], [0, 1, 2, 3, 4, 5], [0, 1, 2, 3, 4, 5], [0, 1, 2, 3, 4, 5]]","[true, true, true, true, true]",0,0.0,0,1,1,0.40500250000002325
figure_eight--demand_aligned,figure_eight,demand_aligned,delay_4,added_delay,4.0,0.0,4,1.0,1321,error_peak_dynamic,31.537237247343494,19.862761965454748,19.862761965454748,0.754204841009063,0.6298193405361742,1.0,0.6666666666666666,3.759006703269339,2.4656689016160276,0.6559362874962552,0.754204841009063,3,"[[2, 4], [3, 4], [2, 4], [3, 4]]","[true, true, true, true, true]",0,0.0,0,1,1,0.32845987499996454
figure_eight--demand_aligned,figure_eight,demand_aligned,delay_4,added_delay,4.0,0.0,4,1.0,1321,violation_safe,31.537237247343494,20.469812882964824,20.469812882964824,0.796262374442176,0.6490680436723758,1.0,0.8333333333333334,3.759006703269339,2.5050774269150864,0.6664200478111234,0.796262374442176,1,"[[2, 4], [2, 4], [2, 4], [3, 4]]","[true, true, true, true, true]",0,4.0,0,1,1,0.32294350000000804
figure_eight--demand_aligned,figure_eight,demand_aligned,delay_4,added_delay,4.0,0.0,4,1.0,1321,dual_anchor_dynamic,31.537237247343494,22.82874036215037,22.89453806058884,0.7841067493682204,0.7238662087965021,1.0,0.8333333333333334,3.759006703269339,2.4238574072436263,0.6448132707865386,0.7841067493682204,2,"[[2, 4], [3, 4], [2, 4], [2, 4]]","[true, true, true, false, false]",2,1.0,0,1,1,0.38006416700000045
figure_eight--demand_aligned,figure_eight,demand_aligned,delay_4,added_delay,4.0,0.0,4,1.0,1361,full_trajectory,28.729499899920768,19.047945566123694,19.047945566123694,0.7517914505305642,0.6630099943430002,0.8333333333333334,0.6666666666666666,3.4306101101437543,1.7751055141989427,0.5174314355776675,0.7517914505305642,0,"[[0, 1, 2, 3, 4, 5], [0, 1, 2, 3, 4, 5], [0, 1, 2, 3, 4, 5], [0, 1, 2, 3, 4, 5]]","[true, true, true, true, true]",0,0.0,0,1,1,0.3638659579999626
figure_eight--demand_aligned,figure_eight,demand_aligned,delay_4,added_delay,4.0,0.0,4,1.0,1361,error_peak_dynamic,28.729499899920768,17.04686822373659,17.04686822373659,0.7232649342774675,0.593357638772668,0.8333333333333334,0.8333333333333334,3.4306101101437543,2.1242198752025874,0.6191959467855632,0.7232649342774675,3,"[[2, 4], [3, 4], [2, 4], [3, 4]]","[true, true, true, true, true]",0,0.0,0,1,1,0.278521000000012
figure_eight--demand_aligned,figure_eight,demand_aligned,delay_4,added_delay,4.0,0.0,4,1.0,1361,violation_safe,28.729499899920768,17.557980491917753,17.557980491917753,0.7616104275936919,0.611148142260777,0.8333333333333334,0.8333333333333334,3.4306101101437543,2.154284756692888,0.6279596595145043,0.7616104275936919,1,"[[2, 4], [2, 4], [2, 4], [3, 4]]","[true, true, true, true, true]",0,4.0,0,1,1,0.31986375000002454
figure_eight--demand_aligned,figure_eight,demand_aligned,delay_4,added_delay,4.0,0.0,4,1.0,1361,dual_anchor_dynamic,28.729499899920768,18.101174917784896,18.101174917784896,0.7433200269118472,0.630055343143471,0.8333333333333334,0.8333333333333334,3.4306101101437543,1.861779226132828,0.5426962453785846,0.7433200269118472,3,"[[2, 4], [3, 4], [2, 4], [3, 4]]","[true, true, true, true, true]",0,4.0,0,1,1,0.3626740830000017
figure_eight--demand_aligned,figure_eight,demand_aligned,delay_4,added_delay,4.0,0.0,4,1.0,1381,full_trajectory,41.19169159016485,34.78311223422997,34.78311223422997,0.8858405920113422,0.8444205831676738,1.0,0.8333333333333334,4.791662137304624,3.3807051171327096,0.7055391261443159,0.8858405920113422,0,"[[0, 1, 2, 3, 4, 5], [0, 1, 2, 3, 4, 5], [0, 1, 2, 3, 4, 5], [0, 1, 2, 3, 4, 5]]","[true, true, true, true, true]",0,0.0,0,1,1,0.3888045829999669
figure_eight--demand_aligned,figure_eight,demand_aligned,delay_4,added_delay,4.0,0.0,4,1.0,1381,error_peak_dynamic,41.19169159016485,32.439793604262945,32.439793604262945,0.8385741220963467,0.7875324453052674,1.0,0.8333333333333334,4.791662137304624,3.8163217438236177,0.7964505080841011,0.8385741220963467,2,"[[2, 4], [2, 4], [3, 4], [2, 4]]","[true, true, true, true, true]",0,0.0,0,1,1,0.33693933299997525
figure_eight--demand_aligned,figure_eight,demand_aligned,delay_4,added_delay,4.0,0.0,4,1.0,1381,violation_safe,41.19169159016485,35.148363325356414,35.20692643307382,0.8787560052142747,0.8532876890578737,1.0,0.8333333333333334,4.791662137304624,4.210919794658126,0.8788014834924955,0.8787560052142747,0,"[[2, 4], [2, 4], [2, 4], [2, 4]]","[true, true, true, true, false]",1,2.0,0,1,1,0.3154959170000211
figure_eight--demand_aligned,figure_eight,demand_aligned,delay_4,added_delay,4.0,0.0,4,1.0,1381,dual_anchor_dynamic,41.19169159016485,33.58487854768383,33.83640926241924,0.8638821677646804,0.8153313751189265,1.0,0.8333333333333334,4.791662137304624,3.538381965593967,0.7384456299718066,0.8638821677646804,2,"[[2, 4], [2, 4], [3, 4], [2, 4]]","[true, true, true, true, false]",1,2.0,0,1,1,0.44206850000000486
figure_eight--demand_conflict,figure_eight,demand_conflict,delay_4,added_delay,4.0,0.0,4,1.0,1301,full_trajectory,8.870590767264964,3.51709564230008,3.51709564230008,0.5225519042233989,0.39648944862603475,0.6666666666666666,0.6666666666666666,2.6407756066287864,0.8923523881198278,0.3379129926374186,0.5225519042233989,0,"[[0, 1, 2, 3, 4, 5], [0, 1, 2, 3, 4, 5], [0, 1, 2, 3, 4, 5], [0, 1, 2, 3, 4, 5]]","[true, true, true, true, true]",0,0.0,0,1,1,0.3113232919999973
figure_eight--demand_conflict,figure_eight,demand_conflict,delay_4,added_delay,4.0,0.0,4,1.0,1301,error_peak_dynamic,8.870590767264964,3.37493976168217,3.37493976168217,0.537705432160821,0.38046392289188563,0.6666666666666666,0.6666666666666666,2.6407756066287864,0.9278600960226266,0.3513589317068604,0.537705432160821,1,"[[2, 4], [2, 4], [3, 4], [3, 4]]","[true, true, true, true, true]",0,0.0,0,1,1,0.340917165999997
figure_eight--demand_conflict,figure_eight,demand_conflict,delay_4,added_delay,4.0,0.0,4,1.0,1301,violation_safe,8.870590767264964,3.37493976168217,3.37493976168217,0.537705432160821,0.38046392289188563,0.6666666666666666,0.6666666666666666,2.6407756066287864,0.9278600960226266,0.3513589317068604,0.537705432160821,1,"[[2, 4], [2, 4], [3, 4], [3, 4]]","[true, true, true, true, true]",0,4.0,0,1,1,0.3317249169999741
figure_eight--demand_conflict,figure_eight,demand_conflict,delay_4,added_delay,4.0,0.0,4,1.0,1301,dual_anchor_dynamic,8.870590767264964,3.1554837325694116,3.1554837325694116,0.5203777499499903,0.3557241919235025,0.6666666666666666,0.6666666666666666,2.6407756066287864,0.8932737714489687,0.3382618989688873,0.5203777499499903,1,"[[2, 4], [2, 4], [3, 4], [3, 4]]","[true, true, true, true, true]",0,4.0,0,1,1,0.32268408300001283
figure_eight--demand_conflict,figure_eight,demand_conflict,delay_4,added_delay,4.0,0.0,4,1.0,1321,full_trajectory,13.136144711436973,7.634021587386189,7.634021587386189,0.7010874928389412,0.5811462765585731,1.0,1.0,3.759006703269339,2.1060282986410503,0.5602619162156226,0.7010874928389412,0,"[[0, 1, 2, 3, 4, 5], [0, 1, 2, 3, 4, 5], [0, 1, 2, 3, 4, 5], [0, 1, 2, 3, 4, 5]]","[true, true, true, true, true]",0,0.0,0,1,1,0.38452987499999836
figure_eight--demand_conflict,figure_eight,demand_conflict,delay_4,added_delay,4.0,0.0,4,1.0,1321,error_peak_dynamic,13.136144711436973,7.276168621779791,7.276168621779791,0.7249498485913182,0.5539044203315453,1.0,1.0,3.759006703269339,2.1928406175583195,0.5833563998838123,0.7249498485913182,3,"[[2, 4], [3, 4], [2, 4], [3, 4]]","[true, true, true, true, true]",0,0.0,0,1,1,0.3918344169999841
figure_eight--demand_conflict,figure_eight,demand_conflict,delay_4,added_delay,4.0,0.0,4,1.0,1321,violation_safe,13.136144711436973,7.978298373645826,8.711495641831506,0.7313515480036021,0.6073546347810501,1.0,1.0,3.759006703269339,2.111669243075717,0.5617625638281317,0.7313515480036021,2,"[[2, 4], [2, 3], [2, 3], [2, 4]]","[true, true, true, true, false]",1,2.0,0,1,1,0.38355962500003216
figure_eight--demand_conflict,figure_eight,demand_conflict,delay_4,added_delay,4.0,0.0,4,1.0,1321,dual_anchor_dynamic,13.136144711436973,8.134074725163853,8.621049409933967,0.7251228966408974,0.619213239793402,1.0,1.0,3.759006703269339,2.4238574072436263,0.6448132707865386,0.7251228966408974,2,"[[2, 4], [3, 4], [2, 4], [2, 4]]","[true, true, true, false, false]",2,1.0,0,1,1,0.37993141699996613
figure_eight--demand_conflict,figure_eight,demand_conflict,delay_4,added_delay,4.0,0.0,4,1.0,1361,full_trajectory,11.973875658717654,6.49891497824601,6.49891497824601,0.6652237322406553,0.5427578474572211,1.0,1.0,3.4306101101437543,1.7751055141989427,0.5174314355776675,0.6652237322406553,0,"[[0, 1, 2, 3, 4, 5], [0, 1, 2, 3, 4, 5], [0, 1, 2, 3, 4, 5], [0, 1, 2, 3, 4, 5]]","[true, true, true, true, true]",0,0.0,0,1,1,0.3615391250000357
figure_eight--demand_conflict,figure_eight,demand_conflict,delay_4,added_delay,4.0,0.0,4,1.0,1361,error_peak_dynamic,11.973875658717654,6.2527182211382915,6.2527182211382915,0.7003182909883743,0.5221966888044275,1.0,1.0,3.4306101101437543,1.860209070397893,0.542238555438742,0.7003182909883743,3,"[[2, 4], [3, 4], [2, 4], [3, 4]]","[true, true, true, true, true]",0,0.0,0,1,1,0.36776445800001056
figure_eight--demand_conflict,figure_eight,demand_conflict,delay_4,added_delay,4.0,0.0,4,1.0,1361,violation_safe,11.973875658717654,6.735197686799282,7.495126472779432,0.7024980287873985,0.5624910328758659,1.0,1.0,3.4306101101437543,1.7845458721589504,0.5201832370523073,0.7024980287873985,2,"[[2, 4], [2, 3], [2, 3], [2, 4]]","[true, true, true, true, false]",1,2.0,0,1,1,0.37894399999998996
figure_eight--demand_conflict,figure_eight,demand_conflict,delay_4,added_delay,4.0,0.0,4,1.0,1361,dual_anchor_dynamic,11.973875658717654,6.989820605364246,7.387506590401235,0.6955465914588173,0.5837559036514016,1.0,1.0,3.4306101101437543,2.0794095657188434,0.6061340399978327,0.6955465914588173,2,"[[2, 4], [3, 4], [2, 4], [2, 4]]","[true, true, true, false, false]",2,1.0,0,1,1,0.34757191700003887
figure_eight--demand_conflict,figure_eight,demand_conflict,delay_4,added_delay,4.0,0.0,4,1.0,1381,full_trajectory,16.634652773744197,12.09019889430656,12.09019889430656,0.8077855941944243,0.7268080108885404,1.0,1.0,4.791662137304624,3.3807051171327096,0.7055391261443159,0.8077855941944243,0,"[[0, 1, 2, 3, 4, 5], [0, 1, 2, 3, 4, 5], [0, 1, 2, 3, 4, 5], [0, 1, 2, 3, 4, 5]]","[true, true, true, true, true]",0,0.0,0,1,1,0.38182862500002557
figure_eight--demand_conflict,figure_eight,demand_conflict,delay_4,added_delay,4.0,0.0,4,1.0,1381,error_peak_dynamic,16.634652773744197,12.763331185667024,12.763331185667024,0.8377555170834794,0.7672736761787063,1.0,1.0,4.791662137304624,3.6900576381886507,0.7700997133041518,0.8377555170834794,2,"[[2, 4], [2, 4], [3, 4], [2, 4]]","[true, true, true, true, true]",0,0.0,0,1,1,0.4339592079999761
figure_eight--demand_conflict,figure_eight,demand_conflict,delay_4,added_delay,4.0,0.0,4,1.0,1381,violation_safe,16.634652773744197,12.827564410031064,12.827564410031064,0.8255454976544803,0.7711350867676562,1.0,1.0,4.791662137304624,3.6528443296575692,0.7623334502695852,0.8255454976544803,2,"[[2, 4], [2, 3], [2, 4], [2, 4]]","[true, true, true, false, true]",1,2.3,0,1,1,0.41477424999999357
figure_eight--demand_conflict,figure_eight,demand_conflict,delay_4,added_delay,4.0,0.0,4,1.0,1381,dual_anchor_dynamic,16.634652773744197,11.933103119127518,12.373634044183738,0.8179537037843817,0.7173641242432477,1.0,1.0,4.791662137304624,3.538381965593967,0.7384456299718066,0.8179537037843817,2,"[[2, 4], [2, 4], [3, 4], [2, 4]]","[true, true, true, true, false]",1,2.0,0,1,1,0.43513829199997645
s_curve--neutral,s_curve,neutral,delay_4,added_delay,4.0,0.0,4,1.0,1301,full_trajectory,6.941130754263791,2.1938989395197073,2.1938989395197073,0.511573415926817,0.316072267933008,0.6666666666666666,0.5,1.0811137463817597,0.45291186274486567,0.4189308148755466,0.511573415926817,0,"[[0, 1, 2, 3, 4, 5], [0, 1, 2, 3, 4, 5], [0, 1, 2, 3, 4, 5], [0, 1, 2, 3, 4, 5]]","[true, true, true, true, true]",0,0.0,0,1,1,0.2612086660000159
s_curve--neutral,s_curve,neutral,delay_4,added_delay,4.0,0.0,4,1.0,1301,error_peak_dynamic,6.941130754263791,1.553296315985984,1.553296315985984,0.44049657312384816,0.22378145160740945,0.6666666666666666,0.5,1.0811137463817597,0.5323345655532066,0.4923945952355231,0.44049657312384816,3,"[[2, 4], [3, 4], [2, 4], [2, 3]]","[true, true, true, true, true]",0,0.0,0,1,1,0.2232022919999963
s_curve--neutral,s_curve,neutral,delay_4,added_delay,4.0,0.0,4,1.0,1301,violation_safe,6.941130754263791,1.558237475572949,1.558237475572949,0.4392026488689195,0.22449331827033459,0.6666666666666666,0.3333333333333333,1.0811137463817597,0.5329996995028102,0.49300982554947453,0.4392026488689195,2,"[[2, 4], [2, 4], [3, 4], [2, 3]]","[true, true, true, true, true]",0,4.0,0,1,1,0.2273301249999804
s_curve--neutral,s_curve,neutral,delay_4,added_delay,4.0,0.0,4,1.0,1301,dual_anchor_dynamic,6.941130754263791,1.553296315985984,1.553296315985984,0.44049657312384816,0.22378145160740945,0.6666666666666666,0.5,1.0811137463817597,0.5323345655532066,0.4923945952355231,0.44049657312384816,3,"[[2, 4], [3, 4], [2, 4], [2, 3]]","[true, true, true, true, true]",0,4.0,0,1,1,0.2249010830000202
s_curve--neutral,s_curve,neutral,delay_4,added_delay,4.0,0.0,4,1.0,1321,full_trajectory,11.638279499398644,5.155459897301425,5.155459897301425,0.5969440633927929,0.4429744016345208,0.8333333333333334,0.5,1.6428382457093431,1.0413858415519672,0.6338943254284408,0.5969440633927929,0,"[[0, 1, 2, 3, 4, 5], [0, 1, 2, 3, 4, 5], [0, 1, 2, 3, 4, 5], [0, 1, 2, 3, 4, 5]]","[true, true, true, true, true]",0,0.0,0,1,1,0.311130750000018
s_curve--neutral,s_curve,neutral,delay_4,added_delay,4.0,0.0,4,1.0,1321,error_peak_dynamic,11.638279499398644,5.441641982059732,5.441641982059732,0.6078975578249518,0.46756412598107,0.8333333333333334,0.5,1.6428382457093431,1.2914163637012865,0.7860885678027785,0.6078975578249518,1,"[[3, 4], [3, 4], [2, 4], [2, 4]]","[true, true, true, true, true]",0,0.0,0,1,1,0.29080966600002967
s_curve--neutral,s_curve,neutral,delay_4,added_delay,4.0,0.0,4,1.0,1321,violation_safe,11.638279499398644,5.441641982059732,5.441641982059732,0.6078975578249518,0.46756412598107,0.8333333333333334,0.5,1.6428382457093431,1.2914163637012865,0.7860885678027785,0.6078975578249518,1,"[[3, 4], [3, 4], [2, 4], [2, 4]]","[true, true, true, true, true]",0,4.0,0,1,1,0.2897627920000332
s_curve--neutral,s_curve,neutral,delay_4,added_delay,4.0,0.0,4,1.0,1321,dual_anchor_dynamic,11.638279499398644,5.441641982059732,5.441641982059732,0.6078975578249518,0.46756412598107,0.8333333333333334,0.5,1.6428382457093431,1.2914163637012865,0.7860885678027785,0.6078975578249518,1,"[[3, 4], [3, 4], [2, 4], [2, 4]]","[true, true, true, true, true]",0,4.0,0,1,1,0.29101116700002194
s_curve--neutral,s_curve,neutral,delay_4,added_delay,4.0,0.0,4,1.0,1361,full_trajectory,10.603328029115874,4.2532221950190845,4.2532221950190845,0.5568577549364209,0.4011214387916778,0.8333333333333334,0.5,1.493842244127786,0.8444220443146004,0.565268553379032,0.5568577549364209,0,"[[0, 1, 2, 3, 4, 5], [0, 1, 2, 3, 4, 5], [0, 1, 2, 3, 4, 5], [0, 1, 2, 3, 4, 5]]","[true, true, true, true, true]",0,0.0,0,1,1,0.29465629199995647
s_curve--neutral,s_curve,neutral,delay_4,added_delay,4.0,0.0,4,1.0,1361,error_peak_dynamic,10.603328029115874,3.8800084662268337,3.8800084662268337,0.5341032991118555,0.36592364732776794,0.8333333333333334,0.5,1.493842244127786,1.0659961395836932,0.71359351616549,0.5341032991118555,1,"[[3, 4], [3, 4], [2, 4], [2, 4]]","[true, true, true, true, true]",0,0.0,0,1,1,0.27603175000001556
s_curve--neutral,s_curve,neutral,delay_4,added_delay,4.0,0.0,4,1.0,1361,violation_safe,10.603328029115874,3.8800084662268337,3.8800084662268337,0.5341032991118555,0.36592364732776794,0.8333333333333334,0.5,1.493842244127786,1.0659961395836932,0.71359351616549,0.5341032991118555,1,"[[3, 4], [3, 4], [2, 4], [2, 4]]","[true, true, true, true, true]",0,4.0,0,1,1,0.27873137500000666
s_curve--neutral,s_curve,neutral,delay_4,added_delay,4.0,0.0,4,1.0,1361,dual_anchor_dynamic,10.603328029115874,3.8800084662268337,3.8800084662268337,0.5341032991118555,0.36592364732776794,0.8333333333333334,0.5,1.493842244127786,1.0659961395836932,0.71359351616549,0.5341032991118555,1,"[[3, 4], [3, 4], [2, 4], [2, 4]]","[true, true, true, true, true]",0,4.0,0,1,1,0.27975779100000864
s_curve--neutral,s_curve,neutral,delay_4,added_delay,4.0,0.0,4,1.0,1381,full_trajectory,14.975708044403236,9.159569321435105,9.159569321435105,0.7442455918177698,0.6116284648630184,0.8333333333333334,0.6666666666666666,2.085624550819162,1.587632277665578,0.7612263084657352,0.7442455918177698,0,"[[0, 1, 2, 3, 4, 5], [0, 1, 2, 3, 4, 5], [0, 1, 2, 3, 4, 5], [0, 1, 2, 3, 4, 5]]","[true, true, true, true, true]",0,0.0,0,1,1,0.35169337500002484
s_curve--neutral,s_curve,neutral,delay_4,added_delay,4.0,0.0,4,1.0,1381,error_peak_dynamic,14.975708044403236,9.489266701525667,9.489266701525667,0.7505071760855295,0.6336439434709749,0.8333333333333334,0.5,2.085624550819162,1.6990738598139874,0.8146595029036503,0.7505071760855295,2,"[[3, 4], [3, 4], [2, 4], [3, 4]]","[true, true, true, true, true]",0,0.0,0,1,1,0.3215902080000319
s_curve--neutral,s_curve,neutral,delay_4,added_delay,4.0,0.0,4,1.0,1381,violation_safe,14.975708044403236,10.401077318373087,10.72828922288077,0.7697043622679042,0.6945299205575931,0.8333333333333334,0.8333333333333334,2.085624550819162,1.7792576645376796,0.8531054469218097,0.7697043622679042,2,"[[2, 4], [3, 4], [2, 4], [2, 4]]","[true, true, true, false, false]",2,1.0,0,1,1,0.33230316699996365
s_curve--neutral,s_curve,neutral,delay_4,added_delay,4.0,0.0,4,1.0,1381,dual_anchor_dynamic,14.975708044403236,10.126075472647404,10.780232633771316,0.7612826760520246,0.6761667256481906,0.8333333333333334,0.8333333333333334,2.085624550819162,1.7924452937906479,0.8594285549077549,0.7612826760520246,1,"[[3, 4], [3, 4], [2, 4], [2, 4]]","[true, true, true, false, false]",2,1.0,0,1,1,0.33961995900000375
s_curve--demand_aligned,s_curve,demand_aligned,delay_4,added_delay,4.0,0.0,4,1.0,1301,full_trajectory,9.355206032306477,3.612185161640597,3.612185161640597,0.5617267291681262,0.3861149769621944,0.6666666666666666,0.5,1.0811137463817597,0.45291186274486567,0.4189308148755466,0.5617267291681262,0,"[[0, 1, 2, 3, 4, 5], [0, 1, 2, 3, 4, 5], [0, 1, 2, 3, 4, 5], [0, 1, 2, 3, 4, 5]]","[true, true, true, true, true]",0,0.0,0,1,1,0.2603869579999696
s_curve--demand_aligned,s_curve,demand_aligned,delay_4,added_delay,4.0,0.0,4,1.0,1301,error_peak_dynamic,9.355206032306477,2.126747272264438,2.126747272264438,0.4532737584131429,0.22733302344385672,0.6666666666666666,0.5,1.0811137463817597,0.7528962797508472,0.696408016520573,0.4532737584131429,3,"[[2, 4], [3, 4], [2, 4], [2, 3]]","[true, true, true, true, true]",0,0.0,0,1,1,0.16334612499997547
s_curve--demand_aligned,s_curve,demand_aligned,delay_4,added_delay,4.0,0.0,4,1.0,1301,violation_safe,9.355206032306477,1.4651857201906542,1.4651857201906542,0.42340096070033784,0.1566171514695567,0.6666666666666666,0.5,1.0811137463817597,0.8471837289036617,0.78362127180326,0.42340096070033784,0,"[[2, 4], [2, 4], [2, 4], [2, 4]]","[true, true, true, true, true]",0,4.0,0,1,1,0.1632667910000123
s_curve--demand_aligned,s_curve,demand_aligned,delay_4,added_delay,4.0,0.0,4,1.0,1301,dual_anchor_dynamic,9.355206032306477,2.5401453010571453,2.5401453010571453,0.47551083878754685,0.2715221121037017,0.6666666666666666,0.5,1.0811137463817597,0.5323345655532066,0.4923945952355231,0.47551083878754685,3,"[[2, 4], [3, 4], [2, 4], [2, 3]]","[true, true, true, true, true]",0,4.0,0,1,1,0.22343008400002873
s_curve--demand_aligned,s_curve,demand_aligned,delay_4,added_delay,4.0,0.0,4,1.0,1321,full_trajectory,15.476468957274172,7.548289918737451,7.548289918737451,0.622130853221388,0.4877268800509978,0.8333333333333334,0.5,1.6428382457093431,1.0413858415519672,0.6338943254284408,0.622130853221388,0,"[[0, 1, 2, 3, 4, 5], [0, 1, 2, 3, 4, 5], [0, 1, 2, 3, 4, 5], [0, 1, 2, 3, 4, 5]]","[true, true, true, true, true]",0,0.0,0,1,1,0.311031249999985
s_curve--demand_aligned,s_curve,demand_aligned,delay_4,added_delay,4.0,0.0,4,1.0,1321,error_peak_dynamic,15.476468957274172,6.828714336470034,6.828714336470034,0.5637318951781978,0.44123206367822265,0.8333333333333334,0.6666666666666666,1.6428382457093431,1.4198473288334483,0.8642648371144951,0.5637318951781978,1,"[[3, 4], [3, 4], [2, 4], [2, 4]]","[true, true, true, true, true]",0,0.0,0,1,1,0.2046695000000227
s_curve--demand_aligned,s_curve,demand_aligned,delay_4,added_delay,4.0,0.0,4,1.0,1321,violation_safe,15.476468957274172,6.832648292611734,6.832648292611734,0.6020957080756343,0.44148625319345125,0.8333333333333334,0.6666666666666666,1.6428382457093431,1.4271857961487273,0.8687317816444542,0.6020957080756343,0,"[[2, 4], [2, 4], [2, 4], [2, 4]]","[true, true, true, true, true]",0,4.0,0,1,1,0.1979758339999762
s_curve--demand_aligned,s_curve,demand_aligned,delay_4,added_delay,4.0,0.0,4,1.0,1321,dual_anchor_dynamic,15.476468957274172,7.258299072679403,7.258299072679403,0.6126882392714745,0.4689893471642247,0.8333333333333334,0.5,1.6428382457093431,1.2914163637012865,0.7860885678027785,0.6126882392714745,1,"[[3, 4], [3, 4], [2, 4], [2, 4]]","[true, true, true, true, true]",0,4.0,0,1,1,0.28877245799998263
s_curve--demand_aligned,s_curve,demand_aligned,delay_4,added_delay,4.0,0.0,4,1.0,1361,full_trajectory,14.098298055525474,6.438144697701503,6.438144697701503,0.592063250535391,0.45666112833940503,0.8333333333333334,0.5,1.493842244127786,0.8444220443146004,0.565268553379032,0.592063250535391,0,"[[0, 1, 2, 3, 4, 5], [0, 1, 2, 3, 4, 5], [0, 1, 2, 3, 4, 5], [0, 1, 2, 3, 4, 5]]","[true, true, true, true, true]",0,0.0,0,1,1,0.2946404580000035
s_curve--demand_aligned,s_curve,demand_aligned,delay_4,added_delay,4.0,0.0,4,1.0,1361,error_peak_dynamic,14.098298055525474,5.32633095032848,5.32633095032848,0.5196488115879885,0.37779957051205615,0.8333333333333334,0.6666666666666666,1.493842244127786,1.2791594084248326,0.8562881478637652,0.5196488115879885,1,"[[3, 4], [3, 4], [2, 4], [2, 4]]","[true, true, true, true, true]",0,0.0,0,1,1,0.21260170800002243
s_curve--demand_aligned,s_curve,demand_aligned,delay_4,added_delay,4.0,0.0,4,1.0,1361,violation_safe,14.098298055525474,5.258207400981497,5.258207400981497,0.5436132023480215,0.37296752985873177,0.8333333333333334,0.5,1.493842244127786,1.2690053153022418,0.8494908483748091,0.5436132023480215,0,"[[2, 4], [2, 4], [2, 4], [2, 4]]","[true, true, true, true, true]",0,4.0,0,1,1,0.20757474999999204
s_curve--demand_aligned,s_curve,demand_aligned,delay_4,added_delay,4.0,0.0,4,1.0,1361,dual_anchor_dynamic,14.098298055525474,5.2060444723808015,5.2060444723808015,0.5405047378569717,0.36926758477349847,0.8333333333333334,0.5,1.493842244127786,1.0659961395836932,0.71359351616549,0.5405047378569717,1,"[[3, 4], [3, 4], [2, 4], [2, 4]]","[true, true, true, true, true]",0,4.0,0,1,1,0.2778128329999845
s_curve--demand_aligned,s_curve,demand_aligned,delay_4,added_delay,4.0,0.0,4,1.0,1381,full_trajectory,19.941760713635926,12.481744244908793,12.481744244908793,0.7531677159795248,0.6259098393640804,0.8333333333333334,0.5,2.085624550819162,1.587632277665578,0.7612263084657352,0.7531677159795248,0,"[[0, 1, 2, 3, 4, 5], [0, 1, 2, 3, 4, 5], [0, 1, 2, 3, 4, 5], [0, 1, 2, 3, 4, 5]]","[true, true, true, true, true]",0,0.0,0,1,1,0.34913858300001266
s_curve--demand_aligned,s_curve,demand_aligned,delay_4,added_delay,4.0,0.0,4,1.0,1381,error_peak_dynamic,19.941760713635926,11.891131698139255,11.891131698139255,0.6533536404205755,0.5962929687551736,0.8333333333333334,0.6666666666666666,2.085624550819162,1.7556084603380713,0.8417662995233386,0.6533536404205755,1,"[[3, 4], [3, 4], [2, 4], [2, 4]]","[true, true, true, true, true]",0,0.0,0,1,1,0.2634570000000167
s_curve--demand_aligned,s_curve,demand_aligned,delay_4,added_delay,4.0,0.0,4,1.0,1381,violation_safe,19.941760713635926,9.951249906260058,10.412138402263764,0.690028103948011,0.49901561096636354,0.8333333333333334,0.6666666666666666,2.085624550819162,1.6908045170094368,0.8106945789189846,0.690028103948011,2,"[[2, 4], [2, 4], [3, 4], [2, 4]]","[true, true, true, true, false]",1,2.0,0,1,1,0.2608402079999905
s_curve--demand_aligned,s_curve,demand_aligned,delay_4,added_delay,4.0,0.0,4,1.0,1381,dual_anchor_dynamic,19.941760713635926,13.6420037860023,14.463895866366313,0.7653820915190805,0.6840922414977164,0.8333333333333334,0.6666666666666666,2.085624550819162,1.7924452937906479,0.8594285549077549,0.7653820915190805,1,"[[3, 4], [3, 4], [2, 4], [2, 4]]","[true, true, true, false, false]",2,1.0,0,1,1,0.34069258299996363
s_curve--demand_conflict,s_curve,demand_conflict,delay_4,added_delay,4.0,0.0,4,1.0,1301,full_trajectory,4.650478917225197,1.2358605483618939,1.2358605483618939,0.4926822396519638,0.26574909172995353,0.6666666666666666,0.5,1.0811137463817597,0.45291186274486567,0.4189308148755466,0.4926822396519638,0,"[[0, 1, 2, 3, 4, 5], [0, 1, 2, 3, 4, 5], [0, 1, 2, 3, 4, 5], [0, 1, 2, 3, 4, 5]]","[true, true, true, true, true]",0,0.0,0,1,1,0.2634646669999938
s_curve--demand_conflict,s_curve,demand_conflict,delay_4,added_delay,4.0,0.0,4,1.0,1301,error_peak_dynamic,4.650478917225197,0.8819929111822385,0.8819929111822385,0.44660650523253237,0.18965636160941843,0.6666666666666666,0.0,1.0811137463817597,0.5725382379461413,0.5295818685705327,0.44660650523253237,3,"[[2, 4], [3, 4], [2, 4], [2, 3]]","[true, true, true, true, true]",0,0.0,0,1,1,0.21552779099999952
s_curve--demand_conflict,s_curve,demand_conflict,delay_4,added_delay,4.0,0.0,4,1.0,1301,violation_safe,4.650478917225197,1.1391204275832998,1.1391204275832998,0.4473949093937947,0.24494690715918335,0.6666666666666666,0.16666666666666666,1.0811137463817597,0.6215689600763126,0.574933916210539,0.4473949093937947,2,"[[3, 4], [3, 4], [2, 3], [3, 4]]","[true, true, true, true, true]",0,4.0,0,1,1,0.21436812500002134
s_curve--demand_conflict,s_curve,demand_conflict,delay_4,added_delay,4.0,0.0,4,1.0,1301,dual_anchor_dynamic,4.650478917225197,0.9632589503601897,0.9632589503601897,0.43734255260659455,0.20713112939665532,0.6666666666666666,0.16666666666666666,1.0811137463817597,0.5541355804139984,0.5125599246781972,0.43734255260659455,3,"[[2, 4], [3, 4], [2, 3], [2, 4]]","[true, true, true, true, true]",0,4.0,0,1,1,0.2352074169999696
s_curve--demand_conflict,s_curve,demand_conflict,delay_4,added_delay,4.0,0.0,4,1.0,1321,full_trajectory,7.951856646004335,3.4039957297421273,3.4039957297421273,0.5897789331077582,0.4280755905543863,1.0,0.5,1.6428382457093431,1.0413858415519672,0.6338943254284408,0.5897789331077582,0,"[[0, 1, 2, 3, 4, 5], [0, 1, 2, 3, 4, 5], [0, 1, 2, 3, 4, 5], [0, 1, 2, 3, 4, 5]]","[true, true, true, true, true]",0,0.0,0,1,1,0.30992741699998305
s_curve--demand_conflict,s_curve,demand_conflict,delay_4,added_delay,4.0,0.0,4,1.0,1321,error_peak_dynamic,7.951856646004335,3.675339311161971,3.675339311161971,0.5861698019660077,0.4621988894893827,1.0,0.5,1.6428382457093431,1.3166031436886125,0.8014198276228534,0.5861698019660077,1,"[[3, 4], [3, 4], [2, 4], [2, 4]]","[true, true, true, true, true]",0,0.0,0,1,1,0.26725479099997074
s_curve--demand_conflict,s_curve,demand_conflict,delay_4,added_delay,4.0,0.0,4,1.0,1321,violation_safe,7.951856646004335,3.3392321538979024,3.5755448070455857,0.5715316650428771,0.41993113087316614,1.0,0.6666666666666666,1.6428382457093431,1.3543560095363785,0.8244000972546119,0.5715316650428771,1,"[[3, 4], [3, 4], [3, 4], [2, 4]]","[true, true, true, true, false]",1,2.0,0,1,1,0.27166524999995545
s_curve--demand_conflict,s_curve,demand_conflict,delay_4,added_delay,4.0,0.0,4,1.0,1321,dual_anchor_dynamic,7.951856646004335,3.6801009460870233,3.6801009460870233,0.6047687390524491,0.4627976974328641,1.0,0.5,1.6428382457093431,1.2914163637012865,0.7860885678027785,0.6047687390524491,1,"[[3, 4], [3, 4], [2, 4], [2, 4]]","[true, true, true, true, true]",0,4.0,0,1,1,0.2973205409999764
s_curve--demand_conflict,s_curve,demand_conflict,delay_4,added_delay,4.0,0.0,4,1.0,1361,full_trajectory,7.249645066537678,2.7940103379672077,2.7940103379672077,0.5499386398317677,0.38539960402524714,1.0,0.5,1.493842244127786,0.8444220443146004,0.565268553379032,0.5499386398317677,0,"[[0, 1, 2, 3, 4, 5], [0, 1, 2, 3, 4, 5], [0, 1, 2, 3, 4, 5], [0, 1, 2, 3, 4, 5]]","[true, true, true, true, true]",0,0.0,0,1,1,0.2949657079999497
s_curve--demand_conflict,s_curve,demand_conflict,delay_4,added_delay,4.0,0.0,4,1.0,1361,error_peak_dynamic,7.249645066537678,2.7394411369201856,2.7394411369201856,0.5291671884036053,0.3778724491719843,1.0,0.5,1.493842244127786,1.1356460664851213,0.7602182030594498,0.5291671884036053,1,"[[3, 4], [3, 4], [2, 4], [2, 4]]","[true, true, true, true, true]",0,0.0,0,1,1,0.2573260830000095
s_curve--demand_conflict,s_curve,demand_conflict,delay_4,added_delay,4.0,0.0,4,1.0,1361,violation_safe,7.249645066537678,2.5843536606529307,2.7040298623325256,0.5194745401130605,0.35648002584037947,1.0,0.6666666666666666,1.493842244127786,1.1896163059304214,0.7963466762348832,0.5194745401130605,1,"[[3, 4], [3, 4], [3, 4], [2, 4]]","[true, true, true, true, false]",1,2.0,0,1,1,0.2547676249999995
s_curve--demand_conflict,s_curve,demand_conflict,delay_4,added_delay,4.0,0.0,4,1.0,1361,dual_anchor_dynamic,7.249645066537678,2.621491185908782,2.621491185908782,0.5318818855736962,0.36160269390412614,1.0,0.5,1.493842244127786,1.0659961395836932,0.71359351616549,0.5318818855736962,1,"[[3, 4], [3, 4], [2, 4], [2, 4]]","[true, true, true, true, true]",0,4.0,0,1,1,0.27864433299998836
s_curve--demand_conflict,s_curve,demand_conflict,delay_4,added_delay,4.0,0.0,4,1.0,1381,full_trajectory,10.181536304282524,6.095251577126866,6.095251577126866,0.7371089969091185,0.5986573533665152,1.0,0.8333333333333334,2.085624550819162,1.587632277665578,0.7612263084657352,0.7371089969091185,0,"[[0, 1, 2, 3, 4, 5], [0, 1, 2, 3, 4, 5], [0, 1, 2, 3, 4, 5], [0, 1, 2, 3, 4, 5]]","[true, true, true, true, true]",0,0.0,0,1,1,0.34976112499998635
s_curve--demand_conflict,s_curve,demand_conflict,delay_4,added_delay,4.0,0.0,4,1.0,1381,error_peak_dynamic,10.181536304282524,5.593179151760284,5.593179151760284,0.7071991568874304,0.5493453035577449,1.0,0.5,2.085624550819162,1.6618725847145996,0.7968225077048853,0.7071991568874304,2,"[[3, 4], [3, 4], [2, 4], [3, 4]]","[true, true, true, true, true]",0,0.0,0,1,1,0.3024771670000064
s_curve--demand_conflict,s_curve,demand_conflict,delay_4,added_delay,4.0,0.0,4,1.0,1381,violation_safe,10.181536304282524,6.148971244353687,6.549344048903764,0.6966348043458883,0.6039335381800217,1.0,1.0,2.085624550819162,1.811244428718129,0.8684422265775181,0.6966348043458883,1,"[[1, 4], [1, 4], [2, 4], [2, 4]]","[true, true, true, false, false]",2,1.0,0,1,1,0.2941164169999979
s_curve--demand_conflict,s_curve,demand_conflict,delay_4,added_delay,4.0,0.0,4,1.0,1381,dual_anchor_dynamic,10.181536304282524,6.806349162418504,7.238095825118967,0.7564823972775199,0.668499228309547,1.0,1.0,2.085624550819162,1.7924452937906479,0.8594285549077549,0.7564823972775199,1,"[[3, 4], [3, 4], [2, 4], [2, 4]]","[true, true, true, false, false]",2,1.0,0,1,1,0.3396000419999723
harmonic_loop--neutral,harmonic_loop,neutral,mismatch_1p35,dynamic_mismatch,1.35,0.0,0,1.35,1301,full_trajectory,3.3864806095457567,0.5004819196118007,0.5004819196118007,0.40326841354484916,0.14778821358109961,0.6666666666666666,0.0,0.5139462073797713,0.09098860828612364,0.17703916670580516,0.40326841354484916,0,"[[0, 1, 2, 3, 4, 5], [0, 1, 2, 3, 4, 5], [0, 1, 2, 3, 4, 5], [0, 1, 2, 3, 4, 5]]","[true, true, true, true, true]",0,0.0,0,1,1,0.2379256659999669
harmonic_loop--neutral,harmonic_loop,neutral,mismatch_1p35,dynamic_mismatch,1.35,0.0,0,1.35,1301,error_peak_dynamic,3.3864806095457567,0.3673930911309683,0.3673930911309683,0.35861646810732206,0.10848817208501552,0.6666666666666666,0.0,0.5139462073797713,0.11746118856209171,0.22854763178609447,0.35861646810732206,2,"[[2, 3], [2, 3], [1, 4], [3, 4]]","[true, true, true, true, true]",0,0.0,0,1,1,0.22783041599996068
harmonic_loop--neutral,harmonic_loop,neutral,mismatch_1p35,dynamic_mismatch,1.35,0.0,0,1.35,1301,violation_safe,3.3864806095457567,0.4743420111135994,0.4743420111135994,0.34721474985525247,0.14006931260038277,0.6666666666666666,0.0,0.5139462073797713,0.11120296843184929,0.2163708318790606,0.34721474985525247,3,"[[2, 3], [3, 4], [2, 3], [1, 4]]","[true, true, true, true, true]",0,4.0,0,1,1,0.21638674999996965
harmonic_loop--neutral,harmonic_loop,neutral,mismatch_1p35,dynamic_mismatch,1.35,0.0,0,1.35,1301,dual_anchor_dynamic,3.3864806095457567,0.3673930911309683,0.3673930911309683,0.35861646810732206,0.10848817208501552,0.6666666666666666,0.0,0.5139462073797713,0.11746118856209171,0.22854763178609447,0.35861646810732206,2,"[[2, 3], [2, 3], [1, 4], [3, 4]]","[true, true, true, true, true]",0,4.0,0,1,1,0.2285917089999998
harmonic_loop--neutral,harmonic_loop,neutral,mismatch_1p35,dynamic_mismatch,1.35,0.0,0,1.35,1321,full_trajectory,8.396933990883095,2.29595845066756,2.29595845066756,0.46495444676114955,0.2734281885698254,0.8333333333333334,0.5,1.257739949071516,0.46363987490948705,0.36862936193746054,0.46495444676114955,0,"[[0, 1, 2, 3, 4, 5], [0, 1, 2, 3, 4, 5], [0, 1, 2, 3, 4, 5], [0, 1, 2, 3, 4, 5]]","[true, true, true, true, true]",0,0.0,0,1,1,0.3067680830000086
harmonic_loop--neutral,harmonic_loop,neutral,mismatch_1p35,dynamic_mismatch,1.35,0.0,0,1.35,1321,error_peak_dynamic,8.396933990883095,2.111695115279692,2.111695115279692,0.38944208119991564,0.2514840675861509,0.8333333333333334,0.5,1.257739949071516,0.4747500713739393,0.37746282268000436,0.38944208119991564,2,"[[1, 3], [3, 4], [3, 4], [1, 4]]","[true, true, true, true, true]",0,0.0,0,1,1,0.27029020899999523
harmonic_loop--neutral,harmonic_loop,neutral,mismatch_1p35,dynamic_mismatch,1.35,0.0,0,1.35,1321,violation_safe,8.396933990883095,1.838526357261176,2.111695115279692,0.38944208119991564,0.21895210314352137,0.8333333333333334,0.6666666666666666,1.257739949071516,0.5671200843843794,0.45090408776713875,0.38944208119991564,2,"[[1, 3], [3, 4], [3, 4], [1, 4]]","[true, true, true, true, false]",1,2.0,0,1,1,0.2728905829999917
harmonic_loop--neutral,harmonic_loop,neutral,mismatch_1p35,dynamic_mismatch,1.35,0.0,0,1.35,1321,dual_anchor_dynamic,8.396933990883095,1.838526357261176,2.111695115279692,0.38944208119991564,0.21895210314352137,0.8333333333333334,0.6666666666666666,1.257739949071516,0.5671200843843794,0.45090408776713875,0.38944208119991564,2,"[[1, 3], [3, 4], [3, 4], [1, 4]]","[true, true, true, true, false]",1,2.0,0,1,1,0.2730551250000417
harmonic_loop--neutral,harmonic_loop,neutral,mismatch_1p35,dynamic_mismatch,1.35,0.0,0,1.35,1361,full_trajectory,8.2586679011204,1.8084451440278588,1.8084451440278588,0.43548875945212273,0.2189754044695899,0.8333333333333334,0.5,1.203758348511175,0.3621487249372628,0.30084835995959935,0.43548875945212273,0,"[[0, 1, 2, 3, 4, 5], [0, 1, 2, 3, 4, 5], [0, 1, 2, 3, 4, 5], [0, 1, 2, 3, 4, 5]]","[true, true, true, true, true]",0,0.0,0,1,1,0.2997100409999689
harmonic_loop--neutral,harmonic_loop,neutral,mismatch_1p35,dynamic_mismatch,1.35,0.0,0,1.35,1361,error_peak_dynamic,8.2586679011204,1.6712525933884743,1.6712525933884743,0.37299273798797256,0.2023634578116098,0.8333333333333334,0.5,1.203758348511175,0.3916494722598665,0.3253555605610246,0.37299273798797256,3,"[[1, 3], [3, 4], [1, 3], [1, 4]]","[true, true, true, true, true]",0,0.0,0,1,1,0.2543183330000147
harmonic_loop--neutral,harmonic_loop,neutral,mismatch_1p35,dynamic_mismatch,1.35,0.0,0,1.35,1361,violation_safe,8.2586679011204,1.3841696149442215,1.3841696149442215,0.36864756117069636,0.1676020432734001,0.8333333333333334,0.5,1.203758348511175,0.4305358765275869,0.3576597222026162,0.36864756117069636,3,"[[1, 3], [3, 4], [1, 3], [3, 4]]","[true, true, true, true, true]",0,4.0,0,1,1,0.25509566699997777
harmonic_loop--neutral,harmonic_loop,neutral,mismatch_1p35,dynamic_mismatch,1.35,0.0,0,1.35,1361,dual_anchor_dynamic,8.2586679011204,1.6712525933884743,1.6712525933884743,0.37299273798797256,0.2023634578116098,0.8333333333333334,0.5,1.203758348511175,0.3916494722598665,0.3253555605610246,0.37299273798797256,3,"[[1, 3], [3, 4], [1, 3], [1, 4]]","[true, true, true, true, true]",0,4.0,0,1,1,0.2564231659999905
harmonic_loop--neutral,harmonic_loop,neutral,mismatch_1p35,dynamic_mismatch,1.35,0.0,0,1.35,1381,full_trajectory,11.421922893948487,3.853117982841426,3.853117982841426,0.5053189929434663,0.3373440723262865,1.0,0.6666666666666666,1.5915823888117153,0.7874532463926465,0.49476122124005384,0.5053189929434663,0,"[[0, 1, 2, 3, 4, 5], [0, 1, 2, 3, 4, 5], [0, 1, 2, 3, 4, 5], [0, 1, 2, 3, 4, 5]]","[true, true, true, true, true]",0,0.0,0,1,1,0.2966469169999755
harmonic_loop--neutral,harmonic_loop,neutral,mismatch_1p35,dynamic_mismatch,1.35,0.0,0,1.35,1381,error_peak_dynamic,11.421922893948487,2.8203154650175675,2.8203154650175675,0.4379300539677055,0.24692124883033614,1.0,0.6666666666666666,1.5915823888117153,0.8471485771852133,0.5322681270793022,0.4379300539677055,1,"[[1, 3], [1, 3], [3, 4], [3, 4]]","[true, true, true, true, true]",0,0.0,0,1,1,0.2758997079999972
harmonic_loop--neutral,harmonic_loop,neutral,mismatch_1p35,dynamic_mismatch,1.35,0.0,0,1.35,1381,violation_safe,11.421922893948487,2.9566666784690723,2.9566666784690723,0.4400986735970728,0.2588589247118417,1.0,0.6666666666666666,1.5915823888117153,0.8490390947824926,0.5334559497208248,0.4400986735970728,3,"[[1, 3], [3, 4], [1, 3], [3, 4]]","[true, true, true, true, true]",0,4.0,0,1,1,0.286244833000012
harmonic_loop--neutral,harmonic_loop,neutral,mismatch_1p35,dynamic_mismatch,1.35,0.0,0,1.35,1381,dual_anchor_dynamic,11.421922893948487,2.8203154650175675,2.8203154650175675,0.4379300539677055,0.24692124883033614,1.0,0.6666666666666666,1.5915823888117153,0.8471485771852133,0.5322681270793022,0.4379300539677055,1,"[[1, 3], [1, 3], [3, 4], [3, 4]]","[true, true, true, true, true]",0,4.0,0,1,1,0.27868166700000074
harmonic_loop--demand_aligned,harmonic_loop,demand_aligned,mismatch_1p35,dynamic_mismatch,1.35,0.0,0,1.35,1301,full_trajectory,5.622781176901803,0.796893838586386,0.796893838586386,0.3970045870765706,0.14172592059246394,0.6666666666666666,0.16666666666666666,0.5139462073797713,0.09098860828612364,0.17703916670580516,0.3970045870765706,0,"[[0, 1, 2, 3, 4, 5], [0, 1, 2, 3, 4, 5], [0, 1, 2, 3, 4, 5], [0, 1, 2, 3, 4, 5]]","[true, true, true, true, true]",0,0.0,0,1,1,0.2341590419999875
harmonic_loop--demand_aligned,harmonic_loop,demand_aligned,mismatch_1p35,dynamic_mismatch,1.35,0.0,0,1.35,1301,error_peak_dynamic,5.622781176901803,0.753214484026252,0.753214484026252,0.36482031572215995,0.1339576377470338,0.6666666666666666,0.0,0.5139462073797713,0.19970575608038132,0.3885732654756461,0.36482031572215995,3,"[[2, 3], [1, 3], [2, 4], [1, 3]]","[true, true, true, true, true]",0,0.0,0,1,1,0.1551640829999883
harmonic_loop--demand_aligned,harmonic_loop,demand_aligned,mismatch_1p35,dynamic_mismatch,1.35,0.0,0,1.35,1301,violation_safe,5.622781176901803,0.9760114243979877,1.0472986650500085,0.3501317217148046,0.1735816126737085,0.6666666666666666,0.16666666666666666,0.5139462073797713,0.2388232815941888,0.46468536622105017,0.3501317217148046,3,"[[2, 3], [1, 3], [3, 4], [1, 2]]","[true, true, true, true, false]",1,2.0,0,1,1,0.15633358399998087
harmonic_loop--demand_aligned,harmonic_loop,demand_aligned,mismatch_1p35,dynamic_mismatch,1.35,0.0,0,1.35,1301,dual_anchor_dynamic,5.622781176901803,0.4443178925455259,0.4443178925455259,0.3167148995335204,0.07902101799208706,0.6666666666666666,0.0,0.5139462073797713,0.12009551485633567,0.23367331664652846,0.3167148995335204,2,"[[2, 3], [2, 3], [3, 4], [2, 3]]","[true, true, true, true, true]",0,4.0,0,1,1,0.23167562499997985
harmonic_loop--demand_aligned,harmonic_loop,demand_aligned,mismatch_1p35,dynamic_mismatch,1.35,0.0,0,1.35,1321,full_trajectory,14.212203556171168,3.638374592142341,3.638374592142341,0.4506421155982545,0.25600355200108993,0.6666666666666666,0.5,1.257739949071516,0.46363987490948705,0.36862936193746054,0.4506421155982545,0,"[[0, 1, 2, 3, 4, 5], [0, 1, 2, 3, 4, 5], [0, 1, 2, 3, 4, 5], [0, 1, 2, 3, 4, 5]]","[true, true, true, true, true]",0,0.0,0,1,1,0.306166625000003
harmonic_loop--demand_aligned,harmonic_loop,demand_aligned,mismatch_1p35,dynamic_mismatch,1.35,0.0,0,1.35,1321,error_peak_dynamic,14.212203556171168,2.5644154653141493,2.5644154653141493,0.3814892776891595,0.18043756938737615,0.6666666666666666,0.5,1.257739949071516,0.6227409599742724,0.4951269620035444,0.3814892776891595,3,"[[1, 3], [3, 4], [1, 4], [1, 3]]","[true, true, true, true, true]",0,0.0,0,1,1,0.18233120899998312
harmonic_loop--demand_aligned,harmonic_loop,demand_aligned,mismatch_1p35,dynamic_mismatch,1.35,0.0,0,1.35,1321,violation_safe,14.212203556171168,2.2398945009154305,2.2398945009154305,0.341842645548224,0.15760360397757125,0.6666666666666666,0.6666666666666666,1.257739949071516,0.6405004281470119,0.5092471051904169,0.341842645548224,3,"[[2, 3], [3, 4], [1, 3], [3, 4]]","[true, true, true, true, true]",0,4.0,0,1,1,0.19047625000001744
harmonic_loop--demand_aligned,harmonic_loop,demand_aligned,mismatch_1p35,dynamic_mismatch,1.35,0.0,0,1.35,1321,dual_anchor_dynamic,14.212203556171168,2.3599089607702695,2.3599089607702695,0.3591163577920154,0.16604806928377822,0.6666666666666666,0.5,1.257739949071516,0.5242761522410212,0.41683986632375825,0.3591163577920154,2,"[[1, 3], [3, 4], [3, 4], [1, 3]]","[true, true, true, true, true]",0,4.0,0,1,1,0.26862487500000043
harmonic_loop--demand_aligned,harmonic_loop,demand_aligned,mismatch_1p35,dynamic_mismatch,1.35,0.0,0,1.35,1361,full_trajectory,14.01168591810934,2.85868209251575,2.85868209251575,0.42400544584253436,0.20402127975342776,0.6666666666666666,0.5,1.203758348511175,0.3621487249372628,0.30084835995959935,0.42400544584253436,0,"[[0, 1, 2, 3, 4, 5], [0, 1, 2, 3, 4, 5], [0, 1, 2, 3, 4, 5], [0, 1, 2, 3, 4, 5]]","[true, true, true, true, true]",0,0.0,0,1,1,0.30188370800004805
harmonic_loop--demand_aligned,harmonic_loop,demand_aligned,mismatch_1p35,dynamic_mismatch,1.35,0.0,0,1.35,1361,error_peak_dynamic,14.01168591810934,2.790290523484601,2.790290523484601,0.34272106953496717,0.19914024192322943,0.6666666666666666,0.5,1.203758348511175,0.517431658902566,0.4298467873909516,0.34272106953496717,3,"[[1, 3], [3, 4], [1, 3], [1, 4]]","[true, true, true, true, true]",0,0.0,0,1,1,0.27442000000002054
harmonic_loop--demand_aligned,harmonic_loop,demand_aligned,mismatch_1p35,dynamic_mismatch,1.35,0.0,0,1.35,1361,violation_safe,14.01168591810934,1.7858846094726921,1.7858846094726921,0.33471924723615937,0.12745679712707045,0.6666666666666666,0.6666666666666666,1.203758348511175,0.5778068266381782,0.48000234212524273,0.33471924723615937,2,"[[1, 3], [2, 3], [3, 4], [3, 4]]","[true, true, true, true, true]",0,4.0,0,1,1,0.20022487500000352
harmonic_loop--demand_aligned,harmonic_loop,demand_aligned,mismatch_1p35,dynamic_mismatch,1.35,0.0,0,1.35,1361,dual_anchor_dynamic,14.01168591810934,1.7645443411118162,1.7645443411118162,0.3397292992627364,0.1259337635331405,0.6666666666666666,0.5,1.203758348511175,0.4305358765275869,0.3576597222026162,0.3397292992627364,3,"[[1, 3], [3, 4], [1, 3], [3, 4]]","[true, true, true, true, true]",0,4.0,0,1,1,0.29561795800003665
harmonic_loop--demand_aligned,harmonic_loop,demand_aligned,mismatch_1p35,dynamic_mismatch,1.35,0.0,0,1.35,1381,full_trajectory,19.401438134981436,6.029653121011394,6.029653121011394,0.485775791625189,0.31078382329502313,0.6666666666666666,0.6666666666666666,1.5915823888117153,0.7874532463926465,0.49476122124005384,0.485775791625189,0,"[[0, 1, 2, 3, 4, 5], [0, 1, 2, 3, 4, 5], [0, 1, 2, 3, 4, 5], [0, 1, 2, 3, 4, 5]]","[true, true, true, true, true]",0,0.0,0,1,1,0.29595529100004114
harmonic_loop--demand_aligned,harmonic_loop,demand_aligned,mismatch_1p35,dynamic_mismatch,1.35,0.0,0,1.35,1381,error_peak_dynamic,19.401438134981436,4.581337061858028,4.581337061858028,0.4128602449949273,0.23613389017784847,0.6666666666666666,0.6666666666666666,1.5915823888117153,1.061510336333872,0.6669528035720487,0.4128602449949273,2,"[[1, 3], [1, 3], [3, 4], [1, 3]]","[true, true, true, true, true]",0,0.0,0,1,1,0.19307374999999638
harmonic_loop--demand_aligned,harmonic_loop,demand_aligned,mismatch_1p35,dynamic_mismatch,1.35,0.0,0,1.35,1381,violation_safe,19.401438134981436,4.198388649240867,4.198388649240867,0.41039297678294684,0.2163957444820048,0.6666666666666666,0.6666666666666666,1.5915823888117153,1.0402156617948832,0.6535732420182874,0.41039297678294684,2,"[[1, 3], [1, 3], [3, 4], [2, 3]]","[true, true, true, true, true]",0,4.0,0,1,1,0.1856361669999842
harmonic_loop--demand_aligned,harmonic_loop,demand_aligned,mismatch_1p35,dynamic_mismatch,1.35,0.0,0,1.35,1381,dual_anchor_dynamic,19.401438134981436,4.333820664838482,4.333820664838482,0.418241825238623,0.22337625874364744,0.6666666666666666,0.6666666666666666,1.5915823888117153,0.8471485771852133,0.5322681270793022,0.418241825238623,1,"[[1, 3], [1, 3], [3, 4], [3, 4]]","[true, true, true, true, true]",0,4.0,0,1,1,0.2797756250000134
harmonic_loop--demand_conflict,harmonic_loop,demand_conflict,mismatch_1p35,dynamic_mismatch,1.35,0.0,0,1.35,1301,full_trajectory,1.9111916843448322,0.3842936176144042,0.3842936176144042,0.44171566835089787,0.20107539226037516,0.6666666666666666,0.0,0.5139462073797713,0.09098860828612364,0.17703916670580516,0.44171566835089787,0,"[[0, 1, 2, 3, 4, 5], [0, 1, 2, 3, 4, 5], [0, 1, 2, 3, 4, 5], [0, 1, 2, 3, 4, 5]]","[true, true, true, true, true]",0,0.0,0,1,1,0.23590833299999758
harmonic_loop--demand_conflict,harmonic_loop,demand_conflict,mismatch_1p35,dynamic_mismatch,1.35,0.0,0,1.35,1301,error_peak_dynamic,1.9111916843448322,0.37917636094377166,0.37917636094377166,0.45406550673881546,0.19839787084138322,0.6666666666666666,0.0,0.5139462073797713,0.1553001390378971,0.3021719721012376,0.45406550673881546,3,"[[2, 3], [3, 4], [1, 2], [3, 4]]","[true, true, true, true, true]",0,0.0,0,1,1,0.18401195799998504
harmonic_loop--demand_conflict,harmonic_loop,demand_conflict,mismatch_1p35,dynamic_mismatch,1.35,0.0,0,1.35,1301,violation_safe,1.9111916843448322,0.49879387159842214,0.49879387159842214,0.47522027826769336,0.26098579000955185,0.6666666666666666,0.0,0.5139462073797713,0.15969933080372864,0.31073160675300343,0.47522027826769336,3,"[[3, 4], [1, 2], [3, 4], [1, 2]]","[true, true, true, true, true]",0,4.0,0,1,1,0.19466266599999926
harmonic_loop--demand_conflict,harmonic_loop,demand_conflict,mismatch_1p35,dynamic_mismatch,1.35,0.0,0,1.35,1301,dual_anchor_dynamic,1.9111916843448322,0.41219059948309644,0.41219059948309644,0.43065504419975337,0.215672034814445,0.6666666666666666,0.0,0.5139462073797713,0.1162819149567452,0.22625308502533764,0.43065504419975337,3,"[[2, 3], [3, 4], [2, 4], [1, 3]]","[true, true, true, true, true]",0,4.0,0,1,1,0.20982145799996488
harmonic_loop--demand_conflict,harmonic_loop,demand_conflict,mismatch_1p35,dynamic_mismatch,1.35,0.0,0,1.35,1321,full_trajectory,4.59065086867434,1.9834123764788676,1.9834123764788676,0.5657595221764522,0.4320547201734,1.0,0.5,1.257739949071516,0.46363987490948705,0.36862936193746054,0.5657595221764522,0,"[[0, 1, 2, 3, 4, 5], [0, 1, 2, 3, 4, 5], [0, 1, 2, 3, 4, 5], [0, 1, 2, 3, 4, 5]]","[true, true, true, true, true]",0,0.0,0,1,1,0.3055455829999687
harmonic_loop--demand_conflict,harmonic_loop,demand_conflict,mismatch_1p35,dynamic_mismatch,1.35,0.0,0,1.35,1321,error_peak_dynamic,4.59065086867434,1.3470164999521759,1.3470164999521759,0.4977596154687946,0.293426038809429,1.0,0.6666666666666666,1.257739949071516,0.553174262775157,0.4398160869291933,0.4977596154687946,3,"[[1, 3], [3, 4], [1, 3], [1, 4]]","[true, true, true, true, true]",0,0.0,0,1,1,0.2374657909999769
harmonic_loop--demand_conflict,harmonic_loop,demand_conflict,mismatch_1p35,dynamic_mismatch,1.35,0.0,0,1.35,1321,violation_safe,4.59065086867434,1.6375062669514229,1.854249596109221,0.4934084039851162,0.3567045967545539,1.0,0.5,1.257739949071516,0.6212638072765369,0.49395251199197726,0.4934084039851162,3,"[[3, 4], [1, 3], [1, 4], [1, 3]]","[true, true, true, true, false]",1,2.0,0,1,1,0.22950583400000824
harmonic_loop--demand_conflict,harmonic_loop,demand_conflict,mismatch_1p35,dynamic_mismatch,1.35,0.0,0,1.35,1321,dual_anchor_dynamic,4.59065086867434,1.4291459248181868,1.4291459248181868,0.49618244528262095,0.31131662278444777,1.0,0.5,1.257739949071516,0.4747500713739393,0.37746282268000436,0.49618244528262095,2,"[[1, 3], [3, 4], [3, 4], [1, 4]]","[true, true, true, true, true]",0,4.0,0,1,1,0.2726240829999824
harmonic_loop--demand_conflict,harmonic_loop,demand_conflict,mismatch_1p35,dynamic_mismatch,1.35,0.0,0,1.35,1361,full_trajectory,4.4880521990691,1.5682563374052885,1.5682563374052885,0.5106100172686434,0.34942916611588704,1.0,0.5,1.203758348511175,0.3621487249372628,0.30084835995959935,0.5106100172686434,0,"[[0, 1, 2, 3, 4, 5], [0, 1, 2, 3, 4, 5], [0, 1, 2, 3, 4, 5], [0, 1, 2, 3, 4, 5]]","[true, true, true, true, true]",0,0.0,0,1,1,0.29901620800001183
harmonic_loop--demand_conflict,harmonic_loop,demand_conflict,mismatch_1p35,dynamic_mismatch,1.35,0.0,0,1.35,1361,error_peak_dynamic,4.4880521990691,1.1368369899058637,1.1368369899058637,0.45389111477210603,0.25330297854861483,1.0,0.3333333333333333,1.203758348511175,0.5078315818464388,0.4218717008065049,0.45389111477210603,3,"[[1, 3], [3, 4], [1, 3], [3, 4]]","[true, true, true, true, true]",0,0.0,0,1,1,0.21967745900002456
harmonic_loop--demand_conflict,harmonic_loop,demand_conflict,mismatch_1p35,dynamic_mismatch,1.35,0.0,0,1.35,1361,violation_safe,4.4880521990691,1.4564542800708353,1.5186564753215133,0.4574087980692733,0.32451812400331026,1.0,0.5,1.203758348511175,0.5616362254451841,0.4665689140514154,0.4574087980692733,3,"[[3, 4], [1, 3], [1, 4], [1, 3]]","[true, true, true, true, false]",1,2.0,0,1,1,0.22099295900000016
harmonic_loop--demand_conflict,harmonic_loop,demand_conflict,mismatch_1p35,dynamic_mismatch,1.35,0.0,0,1.35,1361,dual_anchor_dynamic,4.4880521990691,1.1403670066619942,1.1403670066619942,0.43673608840598926,0.25408951502358335,1.0,0.5,1.203758348511175,0.3949296513908489,0.328080508749371,0.43673608840598926,2,"[[1, 3], [3, 4], [3, 4], [1, 4]]","[true, true, true, true, true]",0,4.0,0,1,1,0.25663595899999336
harmonic_loop--demand_conflict,harmonic_loop,demand_conflict,mismatch_1p35,dynamic_mismatch,1.35,0.0,0,1.35,1381,full_trajectory,6.17269508768214,3.6527474120360734,3.6527474120360734,0.6577374573550927,0.5917589254206445,1.0,0.6666666666666666,1.5915823888117153,0.7874532463926465,0.49476122124005384,0.6577374573550927,0,"[[0, 1, 2, 3, 4, 5], [0, 1, 2, 3, 4, 5], [0, 1, 2, 3, 4, 5], [0, 1, 2, 3, 4, 5]]","[true, true, true, true, true]",0,0.0,0,1,1,0.29528158300001905
harmonic_loop--demand_conflict,harmonic_loop,demand_conflict,mismatch_1p35,dynamic_mismatch,1.35,0.0,0,1.35,1381,error_peak_dynamic,6.17269508768214,3.521950162244482,3.521950162244482,0.58995826694617,0.5705692752056836,1.0,0.8333333333333334,1.5915823888117153,0.9193776311517272,0.5776500403715449,0.58995826694617,2,"[[1, 3], [1, 3], [3, 4], [1, 3]]","[true, true, true, true, true]",0,0.0,0,1,1,0.24352712499995732
harmonic_loop--demand_conflict,harmonic_loop,demand_conflict,mismatch_1p35,dynamic_mismatch,1.35,0.0,0,1.35,1381,violation_safe,6.17269508768214,2.6043074438536697,3.0455192076620587,0.5337588000512377,0.4219076767700173,1.0,0.8333333333333334,1.5915823888117153,0.8954476758719909,0.5626147173823263,0.5337588000512377,3,"[[3, 4], [1, 3], [1, 4], [1, 3]]","[true, true, true, true, false]",1,2.0,0,1,1,0.2319347920000041
harmonic_loop--demand_conflict,harmonic_loop,demand_conflict,mismatch_1p35,dynamic_mismatch,1.35,0.0,0,1.35,1381,dual_anchor_dynamic,6.17269508768214,3.3335468759384224,3.6977232225241154,0.63999026952735,0.5400472287365446,1.0,0.6666666666666666,1.5915823888117153,1.0788069692585882,0.6778203735114409,0.63999026952735,0,"[[1, 3], [1, 3], [1, 3], [1, 3]]","[true, true, false, false, false]",3,0.5,0,1,1,0.2776808329999767
ellipse--neutral,ellipse,neutral,mismatch_1p35,dynamic_mismatch,1.35,0.0,0,1.35,1301,full_trajectory,2.364451453472118,0.07321777293294685,0.07321777293294685,0.2809268615224848,0.030966071570397012,0.5,0.0,0.43918567471420766,0.011449353233892996,0.026069505207207546,0.2809268615224848,0,"[[0, 1, 2, 3, 4, 5], [0, 1, 2, 3, 4, 5], [0, 1, 2, 3, 4, 5], [0, 1, 2, 3, 4, 5]]","[true, true, true, true, true]",0,0.0,0,1,1,0.1502479590000121
ellipse--neutral,ellipse,neutral,mismatch_1p35,dynamic_mismatch,1.35,0.0,0,1.35,1301,error_peak_dynamic,2.364451453472118,0.05304098952499337,0.05304098952499337,0.26574737779403146,0.02243268283098156,0.5,0.0,0.43918567471420766,0.01224791103418775,0.027887774441090005,0.26574737779403146,1,"[[3, 4], [3, 4], [3, 4], [1, 3]]","[true, true, true, true, true]",0,0.0,0,1,1,0.15146654099999068
ellipse--neutral,ellipse,neutral,mismatch_1p35,dynamic_mismatch,1.35,0.0,0,1.35,1301,violation_safe,2.364451453472118,0.05304098952499337,0.05304098952499337,0.26574737779403146,0.02243268283098156,0.5,0.0,0.43918567471420766,0.01224791103418775,0.027887774441090005,0.26574737779403146,1,"[[3, 4], [3, 4], [3, 4], [1, 3]]","[true, true, true, true, true]",0,4.0,0,1,1,0.1506610000000137
ellipse--neutral,ellipse,neutral,mismatch_1p35,dynamic_mismatch,1.35,0.0,0,1.35,1301,dual_anchor_dynamic,2.364451453472118,0.05304098952499337,0.05304098952499337,0.26574737779403146,0.02243268283098156,0.5,0.0,0.43918567471420766,0.01224791103418775,0.027887774441090005,0.26574737779403146,1,"[[3, 4], [3, 4], [3, 4], [1, 3]]","[true, true, true, true, true]",0,4.0,0,1,1,0.15085041699995827
ellipse--neutral,ellipse,neutral,mismatch_1p35,dynamic_mismatch,1.35,0.0,0,1.35,1321,full_trajectory,8.371569520487505,0.38449550046397013,0.38449550046397013,0.2917046263758186,0.04592872334429108,0.6666666666666666,0.0,1.5825611897338812,0.06282475205011001,0.039698150351250835,0.2917046263758186,0,"[[0, 1, 2, 3, 4, 5], [0, 1, 2, 3, 4, 5], [0, 1, 2, 3, 4, 5], [0, 1, 2, 3, 4, 5]]","[true, true, true, true, true]",0,0.0,0,1,1,0.17714904100000695
ellipse--neutral,ellipse,neutral,mismatch_1p35,dynamic_mismatch,1.35,0.0,0,1.35,1321,error_peak_dynamic,8.371569520487505,0.3477183258060277,0.3477183258060277,0.2836665745747722,0.04153561945045866,0.6666666666666666,0.0,1.5825611897338812,0.0651000428042221,0.04113587722644022,0.2836665745747722,2,"[[3, 4], [2, 4], [1, 2], [1, 2]]","[true, true, true, true, true]",0,0.0,0,1,1,0.1936114999999745
ellipse--neutral,ellipse,neutral,mismatch_1p35,dynamic_mismatch,1.35,0.0,0,1.35,1321,violation_safe,8.371569520487505,0.3477183258060277,0.3477183258060277,0.2836665745747722,0.04153561945045866,0.6666666666666666,0.0,1.5825611897338812,0.0651000428042221,0.04113587722644022,0.2836665745747722,2,"[[3, 4], [2, 4], [1, 2], [1, 2]]","[true, true, true, true, true]",0,4.0,0,1,1,0.19515949999998838
ellipse--neutral,ellipse,neutral,mismatch_1p35,dynamic_mismatch,1.35,0.0,0,1.35,1321,dual_anchor_dynamic,8.371569520487505,0.3477183258060277,0.3477183258060277,0.2836665745747722,0.04153561945045866,0.6666666666666666,0.0,1.5825611897338812,0.0651000428042221,0.04113587722644022,0.2836665745747722,2,"[[3, 4], [2, 4], [1, 2], [1, 2]]","[true, true, true, true, true]",0,4.0,0,1,1,0.19504712499997368
ellipse--neutral,ellipse,neutral,mismatch_1p35,dynamic_mismatch,1.35,0.0,0,1.35,1361,full_trajectory,8.186242447630734,0.37116205699498506,0.37116205699498506,0.2889945963097242,0.045339734239413704,0.8333333333333334,0.0,1.531320219469067,0.06017630959714239,0.03929701236362338,0.2889945963097242,0,"[[0, 1, 2, 3, 4, 5], [0, 1, 2, 3, 4, 5], [0, 1, 2, 3, 4, 5], [0, 1, 2, 3, 4, 5]]","[true, true, true, true, true]",0,0.0,0,1,1,0.17419524999996838
ellipse--neutral,ellipse,neutral,mismatch_1p35,dynamic_mismatch,1.35,0.0,0,1.35,1361,error_peak_dynamic,8.186242447630734,0.3254518526302534,0.3254518526302534,0.2802252713918993,0.03975595087883645,0.8333333333333334,0.0,1.531320219469067,0.06219556180698636,0.04061564721489184,0.2802252713918993,2,"[[3, 4], [2, 4], [1, 2], [1, 2]]","[true, true, true, true, true]",0,0.0,0,1,1,0.20001029100001233
ellipse--neutral,ellipse,neutral,mismatch_1p35,dynamic_mismatch,1.35,0.0,0,1.35,1361,violation_safe,8.186242447630734,0.3254518526302534,0.3254518526302534,0.2802252713918993,0.03975595087883645,0.8333333333333334,0.0,1.531320219469067,0.06219556180698636,0.04061564721489184,0.2802252713918993,2,"[[3, 4], [2, 4], [1, 2], [1, 2]]","[true, true, true, true, true]",0,4.0,0,1,1,0.2032376660000068
ellipse--neutral,ellipse,neutral,mismatch_1p35,dynamic_mismatch,1.35,0.0,0,1.35,1361,dual_anchor_dynamic,8.186242447630734,0.3254518526302534,0.3254518526302534,0.2802252713918993,0.03975595087883645,0.8333333333333334,0.0,1.531320219469067,0.06219556180698636,0.04061564721489184,0.2802252713918993,2,"[[3, 4], [2, 4], [1, 2], [1, 2]]","[true, true, true, true, true]",0,4.0,0,1,1,0.20154358299998876
ellipse--neutral,ellipse,neutral,mismatch_1p35,dynamic_mismatch,1.35,0.0,0,1.35,1381,full_trajectory,9.935152795831073,0.5009477747438577,0.5009477747438577,0.30121306279379934,0.05042174841579309,0.8333333333333334,0.0,1.7875670878815217,0.09111156249139332,0.050969590517227124,0.30121306279379934,0,"[[0, 1, 2, 3, 4, 5], [0, 1, 2, 3, 4, 5], [0, 1, 2, 3, 4, 5], [0, 1, 2, 3, 4, 5]]","[true, true, true, true, true]",0,0.0,0,1,1,0.17995074999998906
ellipse--neutral,ellipse,neutral,mismatch_1p35,dynamic_mismatch,1.35,0.0,0,1.35,1381,error_peak_dynamic,9.935152795831073,0.4925619416541297,0.4925619416541297,0.29454932344438134,0.04957769163457813,0.8333333333333334,0.0,1.7875670878815217,0.09790086631457172,0.054767659898345866,0.29454932344438134,2,"[[3, 4], [2, 4], [1, 2], [1, 2]]","[true, true, true, true, true]",0,0.0,0,1,1,0.20323133299996243
ellipse--neutral,ellipse,neutral,mismatch_1p35,dynamic_mismatch,1.35,0.0,0,1.35,1381,violation_safe,9.935152795831073,0.4925619416541297,0.4925619416541297,0.29454932344438134,0.04957769163457813,0.8333333333333334,0.0,1.7875670878815217,0.09790086631457172,0.054767659898345866,0.29454932344438134,2,"[[3, 4], [2, 4], [1, 2], [1, 2]]","[true, true, true, true, true]",0,4.0,0,1,1,0.28845875000001797
ellipse--neutral,ellipse,neutral,mismatch_1p35,dynamic_mismatch,1.35,0.0,0,1.35,1381,dual_anchor_dynamic,9.935152795831073,0.4925619416541297,0.4925619416541297,0.29454932344438134,0.04957769163457813,0.8333333333333334,0.0,1.7875670878815217,0.09790086631457172,0.054767659898345866,0.29454932344438134,2,"[[3, 4], [2, 4], [1, 2], [1, 2]]","[true, true, true, true, true]",0,4.0,0,1,1,0.22487554099996032
ellipse--demand_aligned,ellipse,demand_aligned,mismatch_1p35,dynamic_mismatch,1.35,0.0,0,1.35,1301,full_trajectory,3.56628831226954,0.12023074465997696,0.12023074465997696,0.292583696307445,0.03371313088914667,0.3333333333333333,0.0,0.43918567471420766,0.011449353233892996,0.026069505207207546,0.292583696307445,0,"[[0, 1, 2, 3, 4, 5], [0, 1, 2, 3, 4, 5], [0, 1, 2, 3, 4, 5], [0, 1, 2, 3, 4, 5]]","[true, true, true, true, true]",0,0.0,0,1,1,0.2392705830000068
ellipse--demand_aligned,ellipse,demand_aligned,mismatch_1p35,dynamic_mismatch,1.35,0.0,0,1.35,1301,error_peak_dynamic,3.56628831226954,0.12003857154546828,0.12003857154546828,0.2813954560232672,0.03365924486040145,0.3333333333333333,0.0,0.43918567471420766,0.024449477770046114,0.05567002563541304,0.2813954560232672,2,"[[3, 4], [3, 4], [1, 2], [1, 3]]","[true, true, true, true, true]",0,0.0,0,1,1,0.12441704099995832
ellipse--demand_aligned,ellipse,demand_aligned,mismatch_1p35,dynamic_mismatch,1.35,0.0,0,1.35,1301,violation_safe,3.56628831226954,0.10490120157333274,0.10490120157333274,0.27468164028688447,0.02941467217118376,0.3333333333333333,0.0,0.43918567471420766,0.038188967947608114,0.08695403822644925,0.27468164028688447,1,"[[3, 4], [3, 4], [3, 4], [2, 3]]","[true, true, true, true, true]",0,4.0,0,1,1,0.11439854200000354
ellipse--demand_aligned,ellipse,demand_aligned,mismatch_1p35,dynamic_mismatch,1.35,0.0,0,1.35,1301,dual_anchor_dynamic,3.56628831226954,0.08120258940275105,0.08120258940275105,0.2728037803187562,0.02276949654445486,0.3333333333333333,0.0,0.43918567471420766,0.01224791103418775,0.027887774441090005,0.2728037803187562,1,"[[3, 4], [3, 4], [3, 4], [1, 3]]","[true, true, true, true, true]",0,4.0,0,1,1,0.16832212499997468
ellipse--demand_aligned,ellipse,demand_aligned,mismatch_1p35,dynamic_mismatch,1.35,0.0,0,1.35,1321,full_trajectory,11.026382147327325,0.33155408051721247,0.33155408051721247,0.26524595012095475,0.030069162857517828,0.8333333333333334,0.0,1.5825611897338812,0.06282475205011001,0.039698150351250835,0.26524595012095475,0,"[[0, 1, 2, 3, 4, 5], [0, 1, 2, 3, 4, 5], [0, 1, 2, 3, 4, 5], [0, 1, 2, 3, 4, 5]]","[true, true, true, true, true]",0,0.0,0,1,1,0.1833594159999734
ellipse--demand_aligned,ellipse,demand_aligned,mismatch_1p35,dynamic_mismatch,1.35,0.0,0,1.35,1321,error_peak_dynamic,11.026382147327325,0.3873552420510086,0.3873552420510086,0.26233166954937515,0.03512985826859803,0.8333333333333334,0.0,1.5825611897338812,0.0933302546798929,0.05897418392750238,0.26233166954937515,1,"[[3, 4], [1, 2], [1, 2], [1, 2]]","[true, true, true, true, true]",0,0.0,0,1,1,0.1587643339999545
ellipse--demand_aligned,ellipse,demand_aligned,mismatch_1p35,dynamic_mismatch,1.35,0.0,0,1.35,1321,violation_safe,11.026382147327325,0.47567439497673025,0.47567439497673025,0.26810984778590086,0.043139661642511505,0.8333333333333334,0.0,1.5825611897338812,0.15600643850089127,0.09857845593137846,0.26810984778590086,2,"[[3, 4], [3, 4], [2, 3], [1, 2]]","[true, true, true, true, true]",0,4.0,0,1,1,0.15115099999997028
ellipse--demand_aligned,ellipse,demand_aligned,mismatch_1p35,dynamic_mismatch,1.35,0.0,0,1.35,1321,dual_anchor_dynamic,11.026382147327325,0.3116071128220451,0.3116071128220451,0.2568108378767666,0.02826014087472701,0.8333333333333334,0.0,1.5825611897338812,0.0651000428042221,0.04113587722644022,0.2568108378767666,2,"[[3, 4], [2, 4], [1, 2], [1, 2]]","[true, true, true, true, true]",0,4.0,0,1,1,0.19598970900000268
ellipse--demand_aligned,ellipse,demand_aligned,mismatch_1p35,dynamic_mismatch,1.35,0.0,0,1.35,1361,full_trajectory,10.796854315764298,0.3169672082100197,0.3169672082100197,0.26527032798270256,0.029357366408771624,0.8333333333333334,0.0,1.531320219469067,0.06017630959714239,0.03929701236362338,0.26527032798270256,0,"[[0, 1, 2, 3, 4, 5], [0, 1, 2, 3, 4, 5], [0, 1, 2, 3, 4, 5], [0, 1, 2, 3, 4, 5]]","[true, true, true, true, true]",0,0.0,0,1,1,0.1752034579999986
ellipse--demand_aligned,ellipse,demand_aligned,mismatch_1p35,dynamic_mismatch,1.35,0.0,0,1.35,1361,error_peak_dynamic,10.796854315764298,0.3520782118597389,0.3520782118597389,0.25879748747372877,0.03260933245581314,0.8333333333333334,0.0,1.531320219469067,0.10375171693492337,0.06775311630828967,0.25879748747372877,2,"[[3, 4], [2, 4], [1, 2], [1, 2]]","[true, true, true, true, true]",0,0.0,0,1,1,0.16878583399994795
ellipse--demand_aligned,ellipse,demand_aligned,mismatch_1p35,dynamic_mismatch,1.35,0.0,0,1.35,1361,violation_safe,10.796854315764298,0.42735189435823695,0.42735189435823695,0.2658563729599131,0.03958114853270438,0.8333333333333334,0.0,1.531320219469067,0.15359817835595255,0.1003044147155632,0.2658563729599131,2,"[[3, 4], [3, 4], [2, 3], [1, 2]]","[true, true, true, true, true]",0,4.0,0,1,1,0.15874879100005046
ellipse--demand_aligned,ellipse,demand_aligned,mismatch_1p35,dynamic_mismatch,1.35,0.0,0,1.35,1361,dual_anchor_dynamic,10.796854315764298,0.28423060352668483,0.28423060352668483,0.2558395440697389,0.026325316172108083,0.8333333333333334,0.0,1.531320219469067,0.06219556180698636,0.04061564721489184,0.2558395440697389,2,"[[3, 4], [2, 4], [1, 2], [1, 2]]","[true, true, true, true, true]",0,4.0,0,1,1,0.2037613330000454
ellipse--demand_aligned,ellipse,demand_aligned,mismatch_1p35,dynamic_mismatch,1.35,0.0,0,1.35,1381,full_trajectory,13.197900054817394,0.4461123211697038,0.4461123211697038,0.27514395861301044,0.033801765380612,0.8333333333333334,0.0,1.7875670878815217,0.09111156249139332,0.050969590517227124,0.27514395861301044,0,"[[0, 1, 2, 3, 4, 5], [0, 1, 2, 3, 4, 5], [0, 1, 2, 3, 4, 5], [0, 1, 2, 3, 4, 5]]","[true, true, true, true, true]",0,0.0,0,1,1,0.17853050000002213
ellipse--demand_aligned,ellipse,demand_aligned,mismatch_1p35,dynamic_mismatch,1.35,0.0,0,1.35,1381,error_peak_dynamic,13.197900054817394,0.6725246275658447,0.6725246275658447,0.280338293801975,0.05095694199626592,0.8333333333333334,0.0,1.7875670878815217,0.14152680286176286,0.0791728622781307,0.280338293801975,2,"[[3, 4], [1, 4], [1, 2], [1, 2]]","[true, true, true, true, true]",0,0.0,0,1,1,0.16065754199996718
ellipse--demand_aligned,ellipse,demand_aligned,mismatch_1p35,dynamic_mismatch,1.35,0.0,0,1.35,1381,violation_safe,13.197900054817394,0.6778791289533628,0.6778791289533628,0.27447837999170266,0.051362650583638016,0.8333333333333334,0.0,1.7875670878815217,0.1922234719474014,0.10753357076808173,0.27447837999170266,2,"[[3, 4], [3, 4], [2, 3], [1, 2]]","[true, true, true, true, true]",0,4.0,0,1,1,0.15855583400002615
ellipse--demand_aligned,ellipse,demand_aligned,mismatch_1p35,dynamic_mismatch,1.35,0.0,0,1.35,1381,dual_anchor_dynamic,13.197900054817394,0.4902479196222601,0.4902479196222601,0.2683502170068626,0.03714590333204665,0.8333333333333334,0.0,1.7875670878815217,0.09790086631457172,0.054767659898345866,0.2683502170068626,2,"[[3, 4], [2, 4], [1, 2], [1, 2]]","[true, true, true, true, true]",0,4.0,0,1,1,0.1979863750000277
ellipse--demand_conflict,ellipse,demand_conflict,mismatch_1p35,dynamic_mismatch,1.35,0.0,0,1.35,1301,full_trajectory,1.645106515572766,0.0515868762146256,0.0515868762146256,0.2852793439308963,0.03135777271945515,0.6666666666666666,0.0,0.43918567471420766,0.011449353233892996,0.026069505207207546,0.2852793439308963,0,"[[0, 1, 2, 3, 4, 5], [0, 1, 2, 3, 4, 5], [0, 1, 2, 3, 4, 5], [0, 1, 2, 3, 4, 5]]","[true, true, true, true, true]",0,0.0,0,1,1,0.15044641700001193
ellipse--demand_conflict,ellipse,demand_conflict,mismatch_1p35,dynamic_mismatch,1.35,0.0,0,1.35,1301,error_peak_dynamic,1.645106515572766,0.07281331281504322,0.07281331281504322,0.31112743229692985,0.044260546126213766,0.6666666666666666,0.0,0.43918567471420766,0.014622223693157731,0.03329394498732884,0.31112743229692985,1,"[[3, 4], [3, 4], [3, 4], [1, 3]]","[true, true, true, true, true]",0,0.0,0,1,1,0.1468751250000082
ellipse--demand_conflict,ellipse,demand_conflict,mismatch_1p35,dynamic_mismatch,1.35,0.0,0,1.35,1301,violation_safe,1.645106515572766,0.07044177195853835,0.07044177195853835,0.29799310134221196,0.04281897329548482,0.6666666666666666,0.0,0.43918567471420766,0.023168709244591044,0.05275379088734548,0.29799310134221196,2,"[[1, 4], [3, 4], [1, 3], [1, 3]]","[true, true, true, true, true]",0,4.0,0,1,1,0.13652150000001484
ellipse--demand_conflict,ellipse,demand_conflict,mismatch_1p35,dynamic_mismatch,1.35,0.0,0,1.35,1301,dual_anchor_dynamic,1.645106515572766,0.050391598107092164,0.050391598107092164,0.291725597984651,0.03063120693406752,0.6666666666666666,0.0,0.43918567471420766,0.011968413506436576,0.027251374977621503,0.291725597984651,1,"[[3, 4], [1, 3], [1, 3], [1, 3]]","[true, true, true, true, true]",0,4.0,0,1,1,0.14503954200000635
ellipse--demand_conflict,ellipse,demand_conflict,mismatch_1p35,dynamic_mismatch,1.35,0.0,0,1.35,1321,full_trajectory,6.174301455263145,0.42937905760866935,0.42937905760866935,0.3597132027366815,0.06954293707876132,0.6666666666666666,0.0,1.5825611897338812,0.06282475205011001,0.039698150351250835,0.3597132027366815,0,"[[0, 1, 2, 3, 4, 5], [0, 1, 2, 3, 4, 5], [0, 1, 2, 3, 4, 5], [0, 1, 2, 3, 4, 5]]","[true, true, true, true, true]",0,0.0,0,1,1,0.1764430420000167
ellipse--demand_conflict,ellipse,demand_conflict,mismatch_1p35,dynamic_mismatch,1.35,0.0,0,1.35,1321,error_peak_dynamic,6.174301455263145,0.4048938490161622,0.4048938490161622,0.3648084881213905,0.06557727249793084,0.6666666666666666,0.0,1.5825611897338812,0.1123218113449139,0.07097470358400587,0.3648084881213905,2,"[[3, 4], [2, 4], [1, 2], [1, 2]]","[true, true, true, true, true]",0,0.0,0,1,1,0.15383366699995804
ellipse--demand_conflict,ellipse,demand_conflict,mismatch_1p35,dynamic_mismatch,1.35,0.0,0,1.35,1321,violation_safe,6.174301455263145,0.5438874264320387,0.5438874264320387,0.40119113875658396,0.08808890048094656,0.6666666666666666,0.0,1.5825611897338812,0.1449615233820112,0.09159931655242191,0.40119113875658396,3,"[[1, 4], [1, 2], [2, 4], [1, 2]]","[true, true, true, true, true]",0,4.0,0,1,1,0.1589573339999788
ellipse--demand_conflict,ellipse,demand_conflict,mismatch_1p35,dynamic_mismatch,1.35,0.0,0,1.35,1321,dual_anchor_dynamic,6.174301455263145,0.4108102974564586,0.4108102974564586,0.36475814600570444,0.06653551020031141,0.6666666666666666,0.0,1.5825611897338812,0.06581942769260389,0.0415904472570011,0.36475814600570444,2,"[[1, 4], [2, 4], [1, 2], [1, 2]]","[true, true, true, true, true]",0,4.0,0,1,1,0.19150654200001327
ellipse--demand_conflict,ellipse,demand_conflict,mismatch_1p35,dynamic_mismatch,1.35,0.0,0,1.35,1361,full_trajectory,5.998009670815642,0.41579389804575995,0.41579389804575995,0.3453671734681636,0.06932197860048099,0.6666666666666666,0.0,1.531320219469067,0.06017630959714239,0.03929701236362338,0.3453671734681636,0,"[[0, 1, 2, 3, 4, 5], [0, 1, 2, 3, 4, 5], [0, 1, 2, 3, 4, 5], [0, 1, 2, 3, 4, 5]]","[true, true, true, true, true]",0,0.0,0,1,1,0.17414145899999767
ellipse--demand_conflict,ellipse,demand_conflict,mismatch_1p35,dynamic_mismatch,1.35,0.0,0,1.35,1361,error_peak_dynamic,5.998009670815642,0.38091224309376226,0.38091224309376226,0.3531185444958535,0.06350644030254853,0.6666666666666666,0.0,1.531320219469067,0.11037888309630595,0.07208086309640453,0.3531185444958535,2,"[[3, 4], [2, 4], [1, 2], [1, 2]]","[true, true, true, true, true]",0,0.0,0,1,1,0.15357945799996742
ellipse--demand_conflict,ellipse,demand_conflict,mismatch_1p35,dynamic_mismatch,1.35,0.0,0,1.35,1361,violation_safe,5.998009670815642,0.4922374757667972,0.4922374757667972,0.38337300025348864,0.08206680261985308,0.6666666666666666,0.0,1.531320219469067,0.14339453748696906,0.09364111807828557,0.38337300025348864,3,"[[1, 4], [1, 2], [2, 4], [1, 2]]","[true, true, true, true, true]",0,4.0,0,1,1,0.15832379199997604
ellipse--demand_conflict,ellipse,demand_conflict,mismatch_1p35,dynamic_mismatch,1.35,0.0,0,1.35,1361,dual_anchor_dynamic,5.998009670815642,0.3686878958398353,0.3686878958398353,0.34608227489365795,0.061468373022762916,0.6666666666666666,0.0,1.531320219469067,0.06490425962757135,0.042384511614477795,0.34608227489365795,3,"[[3, 4], [1, 2], [2, 4], [1, 2]]","[true, true, true, true, true]",0,4.0,0,1,1,0.20254587499999843
ellipse--demand_conflict,ellipse,demand_conflict,mismatch_1p35,dynamic_mismatch,1.35,0.0,0,1.35,1381,full_trajectory,7.1573682522075295,0.5539049277224394,0.5539049277224394,0.3674042462514971,0.07738946889474352,0.8333333333333334,0.0,1.7875670878815217,0.09111156249139332,0.050969590517227124,0.3674042462514971,0,"[[0, 1, 2, 3, 4, 5], [0, 1, 2, 3, 4, 5], [0, 1, 2, 3, 4, 5], [0, 1, 2, 3, 4, 5]]","[true, true, true, true, true]",0,0.0,0,1,1,0.17785329200000888
ellipse--demand_conflict,ellipse,demand_conflict,mismatch_1p35,dynamic_mismatch,1.35,0.0,0,1.35,1381,error_peak_dynamic,7.1573682522075295,0.643841511315071,0.643841511315071,0.3787526808575328,0.08995506289850218,0.8333333333333334,0.0,1.7875670878815217,0.13115766719474298,0.07337216492958612,0.3787526808575328,3,"[[3, 4], [2, 4], [1, 2], [2, 3]]","[true, true, true, true, true]",0,0.0,0,1,1,0.15299008400000957
ellipse--demand_conflict,ellipse,demand_conflict,mismatch_1p35,dynamic_mismatch,1.35,0.0,0,1.35,1381,violation_safe,7.1573682522075295,0.7257514300096406,0.7257514300096406,0.37908636851228344,0.10139920211396121,0.8333333333333334,0.0,1.7875670878815217,0.18688045330915232,0.10454458161378868,0.37908636851228344,3,"[[1, 4], [1, 2], [2, 4], [1, 2]]","[true, true, true, true, true]",0,4.0,0,1,1,0.16160224999998718
ellipse--demand_conflict,ellipse,demand_conflict,mismatch_1p35,dynamic_mismatch,1.35,0.0,0,1.35,1381,dual_anchor_dynamic,7.1573682522075295,0.614523059382068,0.614523059382068,0.3794277957353446,0.08585880140965671,0.8333333333333334,0.0,1.7875670878815217,0.10257041054809936,0.0573798942951324,0.3794277957353446,3,"[[3, 4], [1, 4], [2, 4], [1, 2]]","[true, true, true, true, true]",0,4.0,0,1,1,0.20904250000000957
rounded_square--neutral,rounded_square,neutral,mismatch_1p35,dynamic_mismatch,1.35,0.0,0,1.35,1301,full_trajectory,3.916852010145308,1.076868111962859,1.076868111962859,0.5085464501053458,0.27493203960057433,0.6666666666666666,0.3333333333333333,0.6230509221722097,0.1740926193286387,0.2794195677003106,0.5085464501053458,0,"[[0, 1, 2, 3, 4, 5], [0, 1, 2, 3, 4, 5], [0, 1, 2, 3, 4, 5], [0, 1, 2, 3, 4, 5]]","[true, true, true, true, true]",0,0.0,0,1,1,0.2504049579999901
rounded_square--neutral,rounded_square,neutral,mismatch_1p35,dynamic_mismatch,1.35,0.0,0,1.35,1301,error_peak_dynamic,3.916852010145308,0.8544121853666347,0.8544121853666347,0.497673596313617,0.21813746936406145,0.6666666666666666,0.16666666666666666,0.6230509221722097,0.2069966126217005,0.33223064962334997,0.497673596313617,3,"[[2, 4], [1, 4], [1, 2], [2, 4]]","[true, true, true, true, true]",0,0.0,0,1,1,0.22974949999996852
rounded_square--neutral,rounded_square,neutral,mismatch_1p35,dynamic_mismatch,1.35,0.0,0,1.35,1301,violation_safe,3.916852010145308,0.8544121853666347,0.8544121853666347,0.497673596313617,0.21813746936406145,0.6666666666666666,0.16666666666666666,0.6230509221722097,0.2069966126217005,0.33223064962334997,0.497673596313617,3,"[[2, 4], [1, 4], [1, 2], [2, 4]]","[true, true, true, true, true]",0,4.0,0,1,1,0.23098833400001695
rounded_square--neutral,rounded_square,neutral,mismatch_1p35,dynamic_mismatch,1.35,0.0,0,1.35,1301,dual_anchor_dynamic,3.916852010145308,0.8544121853666347,0.8544121853666347,0.497673596313617,0.21813746936406145,0.6666666666666666,0.16666666666666666,0.6230509221722097,0.2069966126217005,0.33223064962334997,0.497673596313617,3,"[[2, 4], [1, 4], [1, 2], [2, 4]]","[true, true, true, true, true]",0,4.0,0,1,1,0.2321547920000171
rounded_square--neutral,rounded_square,neutral,mismatch_1p35,dynamic_mismatch,1.35,0.0,0,1.35,1321,full_trajectory,11.572462629350056,2.678271223246382,2.678271223246382,0.3625643464168564,0.23143485609136952,1.0,0.6666666666666666,2.901599586447479,0.47760750184794243,0.16460145089581177,0.3625643464168564,0,"[[0, 1, 2, 3, 4, 5], [0, 1, 2, 3, 4, 5], [0, 1, 2, 3, 4, 5], [0, 1, 2, 3, 4, 5]]","[true, true, true, true, true]",0,0.0,0,1,1,0.3856869159999974
rounded_square--neutral,rounded_square,neutral,mismatch_1p35,dynamic_mismatch,1.35,0.0,0,1.35,1321,error_peak_dynamic,11.572462629350056,1.8826315969218068,1.8826315969218068,0.34338651322753194,0.16268202000039994,1.0,0.6666666666666666,2.901599586447479,0.6081399619150042,0.2095878303662048,0.34338651322753194,3,"[[3, 4], [2, 3], [1, 2], [2, 4]]","[true, true, true, true, true]",0,0.0,0,1,1,0.33978570800002217
rounded_square--neutral,rounded_square,neutral,mismatch_1p35,dynamic_mismatch,1.35,0.0,0,1.35,1321,violation_safe,11.572462629350056,1.8826315969218068,1.8826315969218068,0.34338651322753194,0.16268202000039994,1.0,0.6666666666666666,2.901599586447479,0.6081399619150042,0.2095878303662048,0.34338651322753194,3,"[[3, 4], [2, 3], [1, 2], [2, 4]]","[true, true, true, true, true]",0,4.0,0,1,1,0.2817649169999754
rounded_square--neutral,rounded_square,neutral,mismatch_1p35,dynamic_mismatch,1.35,0.0,0,1.35,1321,dual_anchor_dynamic,11.572462629350056,1.8826315969218068,1.8826315969218068,0.34338651322753194,0.16268202000039994,1.0,0.6666666666666666,2.901599586447479,0.6081399619150042,0.2095878303662048,0.34338651322753194,3,"[[3, 4], [2, 3], [1, 2], [2, 4]]","[true, true, true, true, true]",0,4.0,0,1,1,0.2821471670000051
rounded_square--neutral,rounded_square,neutral,mismatch_1p35,dynamic_mismatch,1.35,0.0,0,1.35,1361,full_trajectory,11.217459259246134,2.2380739236198446,2.2380739236198446,0.34500262615481053,0.19951700932411087,1.0,0.6666666666666666,2.7718985376919116,0.38505228935510977,0.13891283685864378,0.34500262615481053,0,"[[0, 1, 2, 3, 4, 5], [0, 1, 2, 3, 4, 5], [0, 1, 2, 3, 4, 5], [0, 1, 2, 3, 4, 5]]","[true, true, true, true, true]",0,0.0,0,1,1,0.3114002080000091
rounded_square--neutral,rounded_square,neutral,mismatch_1p35,dynamic_mismatch,1.35,0.0,0,1.35,1361,error_peak_dynamic,11.217459259246134,1.5737640297493727,1.5737640297493727,0.3377456525690677,0.140295943437653,1.0,0.6666666666666666,2.7718985376919116,0.5135090445268473,0.18525535388262554,0.3377456525690677,3,"[[3, 4], [2, 3], [1, 2], [2, 4]]","[true, true, true, true, true]",0,0.0,0,1,1,0.2601894999999672
rounded_square--neutral,rounded_square,neutral,mismatch_1p35,dynamic_mismatch,1.35,0.0,0,1.35,1361,violation_safe,11.217459259246134,1.5737640297493727,1.5737640297493727,0.3377456525690677,0.140295943437653,1.0,0.6666666666666666,2.7718985376919116,0.5135090445268473,0.18525535388262554,0.3377456525690677,3,"[[3, 4], [2, 3], [1, 2], [2, 4]]","[true, true, true, true, true]",0,4.0,0,1,1,0.264368582999964
rounded_square--neutral,rounded_square,neutral,mismatch_1p35,dynamic_mismatch,1.35,0.0,0,1.35,1361,dual_anchor_dynamic,11.217459259246134,1.5737640297493727,1.5737640297493727,0.3377456525690677,0.140295943437653,1.0,0.6666666666666666,2.7718985376919116,0.5135090445268473,0.18525535388262554,0.3377456525690677,3,"[[3, 4], [2, 3], [1, 2], [2, 4]]","[true, true, true, true, true]",0,4.0,0,1,1,0.2631384169999933
rounded_square--neutral,rounded_square,neutral,mismatch_1p35,dynamic_mismatch,1.35,0.0,0,1.35,1381,full_trajectory,13.45754038321177,4.499186052888868,4.499186052888868,0.45899035375118247,0.3343245440676207,1.0,0.8333333333333334,3.2311288386619927,0.8654599646883361,0.2678506515533197,0.45899035375118247,0,"[[0, 1, 2, 3, 4, 5], [0, 1, 2, 3, 4, 5], [0, 1, 2, 3, 4, 5], [0, 1, 2, 3, 4, 5]]","[true, true, true, true, true]",0,0.0,0,1,1,0.355804207999995
rounded_square--neutral,rounded_square,neutral,mismatch_1p35,dynamic_mismatch,1.35,0.0,0,1.35,1381,error_peak_dynamic,13.45754038321177,3.761271347478438,3.761271347478438,0.4424305447055942,0.2794917377450793,1.0,0.8333333333333334,3.2311288386619927,1.0729897152251062,0.3320789014620136,0.4424305447055942,1,"[[1, 4], [2, 4], [2, 4], [2, 4]]","[true, true, true, true, true]",0,0.0,0,1,1,0.3134738749999997
rounded_square--neutral,rounded_square,neutral,mismatch_1p35,dynamic_mismatch,1.35,0.0,0,1.35,1381,violation_safe,13.45754038321177,3.778252794978694,3.778252794978694,0.4431819869500853,0.28075359147292994,1.0,0.8333333333333334,3.2311288386619927,1.0414957910179063,0.3223318669797113,0.4431819869500853,1,"[[3, 4], [2, 4], [2, 4], [2, 4]]","[true, true, true, true, true]",0,4.0,0,1,1,0.31809366700002784
rounded_square--neutral,rounded_square,neutral,mismatch_1p35,dynamic_mismatch,1.35,0.0,0,1.35,1381,dual_anchor_dynamic,13.45754038321177,3.761271347478438,3.761271347478438,0.4424305447055942,0.2794917377450793,1.0,0.8333333333333334,3.2311288386619927,1.0729897152251062,0.3320789014620136,0.4424305447055942,1,"[[1, 4], [2, 4], [2, 4], [2, 4]]","[true, true, true, true, true]",0,4.0,0,1,1,0.3176221659999783
rounded_square--demand_aligned,rounded_square,demand_aligned,mismatch_1p35,dynamic_mismatch,1.35,0.0,0,1.35,1301,full_trajectory,6.240207386984596,1.7327503130551705,1.7327503130551705,0.5128503179223513,0.27767511648238236,0.6666666666666666,0.3333333333333333,0.6230509221722097,0.1740926193286387,0.2794195677003106,0.5128503179223513,0,"[[0, 1, 2, 3, 4, 5], [0, 1, 2, 3, 4, 5], [0, 1, 2, 3, 4, 5], [0, 1, 2, 3, 4, 5]]","[true, true, true, true, true]",0,0.0,0,1,1,0.24425187500003176
rounded_square--demand_aligned,rounded_square,demand_aligned,mismatch_1p35,dynamic_mismatch,1.35,0.0,0,1.35,1301,error_peak_dynamic,6.240207386984596,1.2515977649659065,1.2515977649659065,0.5102192882646642,0.20056989893900076,0.6666666666666666,0.5,0.6230509221722097,0.2647888764983274,0.42498753645234216,0.5102192882646642,3,"[[2, 4], [1, 4], [1, 2], [2, 4]]","[true, true, true, true, true]",0,0.0,0,1,1,0.17903091599998788
rounded_square--demand_aligned,rounded_square,demand_aligned,mismatch_1p35,dynamic_mismatch,1.35,0.0,0,1.35,1301,violation_safe,6.240207386984596,1.3704916247245675,1.3704916247245675,0.5042463628540289,0.21962276888153534,0.6666666666666666,0.5,0.6230509221722097,0.2597765400624429,0.41694271016686063,0.5042463628540289,3,"[[2, 4], [1, 2], [1, 4], [2, 4]]","[true, true, true, true, true]",0,4.0,0,1,1,0.18317312499999616
rounded_square--demand_aligned,rounded_square,demand_aligned,mismatch_1p35,dynamic_mismatch,1.35,0.0,0,1.35,1301,dual_anchor_dynamic,6.240207386984596,1.2192432784112608,1.2192432784112608,0.435929745219038,0.19538505738675868,0.6666666666666666,0.5,0.6230509221722097,0.20244084195642387,0.32491861379585557,0.435929745219038,3,"[[2, 4], [1, 2], [1, 4], [2, 4]]","[true, true, true, true, true]",0,4.0,0,1,1,0.22820683300000155
rounded_square--demand_aligned,rounded_square,demand_aligned,mismatch_1p35,dynamic_mismatch,1.35,0.0,0,1.35,1321,full_trajectory,14.30185325400203,4.42436757361912,4.42436757361912,0.4183936848512067,0.3093562418130019,0.8333333333333334,0.6666666666666666,2.901599586447479,0.47760750184794243,0.16460145089581177,0.4183936848512067,0,"[[0, 1, 2, 3, 4, 5], [0, 1, 2, 3, 4, 5], [0, 1, 2, 3, 4, 5], [0, 1, 2, 3, 4, 5]]","[true, true, true, true, true]",0,0.0,0,1,1,0.31484058300003426
rounded_square--demand_aligned,rounded_square,demand_aligned,mismatch_1p35,dynamic_mismatch,1.35,0.0,0,1.35,1321,error_peak_dynamic,14.30185325400203,2.993543339060569,2.993543339060569,0.4453135595585038,0.2093115686404416,0.8333333333333334,0.6666666666666666,2.901599586447479,0.7618540980817194,0.26256348451389244,0.4453135595585038,3,"[[3, 4], [1, 2], [2, 4], [2, 3]]","[true, true, true, true, true]",0,0.0,0,1,1,0.20400625000002037
rounded_square--demand_aligned,rounded_square,demand_aligned,mismatch_1p35,dynamic_mismatch,1.35,0.0,0,1.35,1321,violation_safe,14.30185325400203,2.855710655654176,2.855710655654176,0.4034352199631112,0.19967416844072808,0.8333333333333334,0.6666666666666666,2.901599586447479,0.8412638689157119,0.2899310686577875,0.4034352199631112,2,"[[2, 4], [1, 2], [2, 4], [2, 4]]","[true, true, true, true, true]",0,4.0,0,1,1,0.2233009999999922
rounded_square--demand_aligned,rounded_square,demand_aligned,mismatch_1p35,dynamic_mismatch,1.35,0.0,0,1.35,1321,dual_anchor_dynamic,14.30185325400203,2.7645468174979406,2.7645468174979406,0.37796736891438537,0.19329990095684618,0.8333333333333334,0.6666666666666666,2.901599586447479,0.6187816078034114,0.21325534050030848,0.37796736891438537,2,"[[2, 3], [2, 3], [1, 2], [2, 4]]","[true, true, true, true, true]",0,4.0,0,1,1,0.2858081670000274
rounded_square--demand_aligned,rounded_square,demand_aligned,mismatch_1p35,dynamic_mismatch,1.35,0.0,0,1.35,1361,full_trajectory,13.97911256845492,3.694810022010076,3.694810022010076,0.39496682086674956,0.2643093403759932,0.8333333333333334,0.5,2.7718985376919116,0.38505228935510977,0.13891283685864378,0.39496682086674956,0,"[[0, 1, 2, 3, 4, 5], [0, 1, 2, 3, 4, 5], [0, 1, 2, 3, 4, 5], [0, 1, 2, 3, 4, 5]]","[true, true, true, true, true]",0,0.0,0,1,1,0.3009201669999584
rounded_square--demand_aligned,rounded_square,demand_aligned,mismatch_1p35,dynamic_mismatch,1.35,0.0,0,1.35,1361,error_peak_dynamic,13.97911256845492,3.223478339521554,3.223478339521554,0.4421826567808097,0.2305924874512859,0.8333333333333334,0.6666666666666666,2.7718985376919116,0.7290352589274065,0.2630093594747719,0.4421826567808097,3,"[[3, 4], [1, 2], [2, 4], [1, 2]]","[true, true, true, true, true]",0,0.0,0,1,1,0.199859459000038
rounded_square--demand_aligned,rounded_square,demand_aligned,mismatch_1p35,dynamic_mismatch,1.35,0.0,0,1.35,1361,violation_safe,13.97911256845492,2.620124307668638,2.620124307668638,0.39480928771571133,0.18743137626498377,0.8333333333333334,0.6666666666666666,2.7718985376919116,0.7417124690026602,0.2675828349836589,0.39480928771571133,2,"[[2, 4], [1, 2], [2, 4], [2, 4]]","[true, true, true, true, true]",0,4.0,0,1,1,0.20925575000001118
rounded_square--demand_aligned,rounded_square,demand_aligned,mismatch_1p35,dynamic_mismatch,1.35,0.0,0,1.35,1361,dual_anchor_dynamic,13.97911256845492,2.37496341825127,2.37496341825127,0.36986074232355426,0.16989371869074016,0.8333333333333334,0.6666666666666666,2.7718985376919116,0.49343499359433596,0.17801336769173612,0.36986074232355426,3,"[[2, 3], [1, 2], [2, 4], [2, 3]]","[true, true, true, true, true]",0,4.0,0,1,1,0.2731820829999947
rounded_square--demand_aligned,rounded_square,demand_aligned,mismatch_1p35,dynamic_mismatch,1.35,0.0,0,1.35,1381,full_trajectory,17.52221913132654,7.385546189122017,7.385546189122017,0.5265300498284871,0.42149605217058406,0.8333333333333334,0.6666666666666666,3.2311288386619927,0.8654599646883361,0.2678506515533197,0.5265300498284871,0,"[[0, 1, 2, 3, 4, 5], [0, 1, 2, 3, 4, 5], [0, 1, 2, 3, 4, 5], [0, 1, 2, 3, 4, 5]]","[true, true, true, true, true]",0,0.0,0,1,1,0.3543887910000194
rounded_square--demand_aligned,rounded_square,demand_aligned,mismatch_1p35,dynamic_mismatch,1.35,0.0,0,1.35,1381,error_peak_dynamic,17.52221913132654,6.262136860323558,6.262136860323558,0.5591349450450616,0.35738263592012703,0.8333333333333334,0.8333333333333334,3.2311288386619927,1.3601799721406636,0.42096123059701723,0.5591349450450616,3,"[[1, 4], [2, 4], [1, 2], [2, 4]]","[true, true, true, true, true]",0,0.0,0,1,1,0.2704593749999731
rounded_square--demand_aligned,rounded_square,demand_aligned,mismatch_1p35,dynamic_mismatch,1.35,0.0,0,1.35,1381,violation_safe,17.52221913132654,6.087889052460262,6.087889052460262,0.5056681446275804,0.34743824437032766,0.8333333333333334,0.8333333333333334,3.2311288386619927,1.3814667221844508,0.42754925326856197,0.5056681446275804,2,"[[2, 4], [1, 4], [2, 4], [2, 4]]","[true, true, true, true, true]",0,4.0,0,1,1,0.2681114170000001
rounded_square--demand_aligned,rounded_square,demand_aligned,mismatch_1p35,dynamic_mismatch,1.35,0.0,0,1.35,1381,dual_anchor_dynamic,17.52221913132654,5.731421318029609,5.731421318029609,0.5031845458207818,0.3270944892923334,0.8333333333333334,0.8333333333333334,3.2311288386619927,1.0729897152251062,0.3320789014620136,0.5031845458207818,1,"[[1, 4], [2, 4], [2, 4], [2, 4]]","[true, true, true, true, true]",0,4.0,0,1,1,0.3160139589999744
rounded_square--demand_conflict,rounded_square,demand_conflict,mismatch_1p35,dynamic_mismatch,1.35,0.0,0,1.35,1301,full_trajectory,2.8475015817999187,0.7116165546456081,0.7116165546456081,0.468397051896646,0.24990909897784572,0.6666666666666666,0.0,0.6230509221722097,0.1740926193286387,0.2794195677003106,0.468397051896646,0,"[[0, 1, 2, 3, 4, 5], [0, 1, 2, 3, 4, 5], [0, 1, 2, 3, 4, 5], [0, 1, 2, 3, 4, 5]]","[true, true, true, true, true]",0,0.0,0,1,1,0.24617699999998877
rounded_square--demand_conflict,rounded_square,demand_conflict,mismatch_1p35,dynamic_mismatch,1.35,0.0,0,1.35,1301,error_peak_dynamic,2.8475015817999187,0.804532279706092,0.804532279706092,0.5350283660698234,0.28253971300607444,0.6666666666666666,0.0,0.6230509221722097,0.2219173774303486,0.3561785554488132,0.5350283660698234,3,"[[2, 4], [1, 2], [1, 4], [2, 4]]","[true, true, true, true, true]",0,0.0,0,1,1,0.21708454200000915
rounded_square--demand_conflict,rounded_square,demand_conflict,mismatch_1p35,dynamic_mismatch,1.35,0.0,0,1.35,1301,violation_safe,2.8475015817999187,0.8544933259512727,0.8544933259512727,0.5425239011440044,0.30008528578626587,0.6666666666666666,0.16666666666666666,0.6230509221722097,0.23104113828887907,0.3708222395103363,0.5425239011440044,3,"[[1, 4], [1, 2], [3, 4], [2, 4]]","[true, true, true, true, true]",0,4.0,0,1,1,0.21423791600000186
rounded_square--demand_conflict,rounded_square,demand_conflict,mismatch_1p35,dynamic_mismatch,1.35,0.0,0,1.35,1301,dual_anchor_dynamic,2.8475015817999187,0.7529516727237783,0.7529516727237783,0.48746707032882164,0.26442537469911925,0.6666666666666666,0.0,0.6230509221722097,0.20410995269340673,0.3275975452885876,0.48746707032882164,3,"[[1, 2], [2, 4], [1, 4], [2, 3]]","[true, true, true, true, true]",0,4.0,0,1,1,0.2269019999999955
rounded_square--demand_conflict,rounded_square,demand_conflict,mismatch_1p35,dynamic_mismatch,1.35,0.0,0,1.35,1321,full_trajectory,11.598213825242887,1.54839806954562,1.54839806954562,0.310570820060255,0.13350314909487315,1.0,0.5,2.901599586447479,0.47760750184794243,0.16460145089581177,0.310570820060255,0,"[[0, 1, 2, 3, 4, 5], [0, 1, 2, 3, 4, 5], [0, 1, 2, 3, 4, 5], [0, 1, 2, 3, 4, 5]]","[true, true, true, true, true]",0,0.0,0,1,1,0.31645800000001145
rounded_square--demand_conflict,rounded_square,demand_conflict,mismatch_1p35,dynamic_mismatch,1.35,0.0,0,1.35,1321,error_peak_dynamic,11.598213825242887,1.6429244809021104,1.6429244809021104,0.31900927527278733,0.1416532326146957,1.0,0.6666666666666666,2.901599586447479,0.6518169518581785,0.22464055857418244,0.31900927527278733,2,"[[3, 4], [1, 2], [1, 2], [2, 4]]","[true, true, true, true, true]",0,0.0,0,1,1,0.2459750409999515
rounded_square--demand_conflict,rounded_square,demand_conflict,mismatch_1p35,dynamic_mismatch,1.35,0.0,0,1.35,1321,violation_safe,11.598213825242887,1.4638482662232302,1.4638482662232302,0.3090727183246609,0.12621325044355047,1.0,0.5,2.901599586447479,0.672358488563679,0.2317199422360233,0.3090727183246609,3,"[[1, 3], [2, 3], [2, 4], [1, 3]]","[true, true, true, true, true]",0,4.0,0,1,1,0.23150841699998637
rounded_square--demand_conflict,rounded_square,demand_conflict,mismatch_1p35,dynamic_mismatch,1.35,0.0,0,1.35,1321,dual_anchor_dynamic,11.598213825242887,1.3911228613970046,1.3911228613970046,0.31528406383038154,0.1199428534736358,1.0,0.5,2.901599586447479,0.5558114967571761,0.19155347945085485,0.31528406383038154,3,"[[3, 4], [2, 3], [1, 2], [3, 4]]","[true, true, true, true, true]",0,4.0,0,1,1,0.31171104199995625
rounded_square--demand_conflict,rounded_square,demand_conflict,mismatch_1p35,dynamic_mismatch,1.35,0.0,0,1.35,1361,full_trajectory,11.233782917507387,1.2811866099178195,1.2811866099178195,0.2996216288068491,0.11404765601453301,1.0,0.6666666666666666,2.7718985376919116,0.38505228935510977,0.13891283685864378,0.2996216288068491,0,"[[0, 1, 2, 3, 4, 5], [0, 1, 2, 3, 4, 5], [0, 1, 2, 3, 4, 5], [0, 1, 2, 3, 4, 5]]","[true, true, true, true, true]",0,0.0,0,1,1,0.3029722910000032
rounded_square--demand_conflict,rounded_square,demand_conflict,mismatch_1p35,dynamic_mismatch,1.35,0.0,0,1.35,1361,error_peak_dynamic,11.233782917507387,1.2152981279182664,1.2152981279182664,0.30618749907717036,0.10818244725240991,1.0,0.5,2.7718985376919116,0.5896888101075344,0.2127382377417584,0.30618749907717036,3,"[[3, 4], [1, 2], [2, 4], [1, 2]]","[true, true, true, true, true]",0,0.0,0,1,1,0.23487012499998627
rounded_square--demand_conflict,rounded_square,demand_conflict,mismatch_1p35,dynamic_mismatch,1.35,0.0,0,1.35,1361,violation_safe,11.233782917507387,1.3940409227891384,1.3940409227891384,0.31732983975914164,0.12409363195158268,1.0,0.5,2.7718985376919116,0.6336554460714384,0.22859979810049863,0.31732983975914164,3,"[[3, 4], [1, 3], [2, 3], [1, 2]]","[true, true, true, true, true]",0,4.0,0,1,1,0.218364667000003
rounded_square--demand_conflict,rounded_square,demand_conflict,mismatch_1p35,dynamic_mismatch,1.35,0.0,0,1.35,1361,dual_anchor_dynamic,11.233782917507387,1.2808010306234516,1.3658068200899387,0.30886011129160773,0.11401333282196295,1.0,0.5,2.7718985376919116,0.6324982598453583,0.2281823274714894,0.30886011129160773,3,"[[3, 4], [2, 3], [1, 2], [2, 4]]","[true, true, true, true, false]",1,2.0,0,1,1,0.2632999580000046
rounded_square--demand_conflict,rounded_square,demand_conflict,mismatch_1p35,dynamic_mismatch,1.35,0.0,0,1.35,1381,full_trajectory,12.401267827014351,2.5654167037754974,2.5654167037754974,0.3593245351588208,0.20686729288977307,1.0,0.8333333333333334,3.2311288386619927,0.8654599646883361,0.2678506515533197,0.3593245351588208,0,"[[0, 1, 2, 3, 4, 5], [0, 1, 2, 3, 4, 5], [0, 1, 2, 3, 4, 5], [0, 1, 2, 3, 4, 5]]","[true, true, true, true, true]",0,0.0,0,1,1,0.3526649579999912
rounded_square--demand_conflict,rounded_square,demand_conflict,mismatch_1p35,dynamic_mismatch,1.35,0.0,0,1.35,1381,error_peak_dynamic,12.401267827014351,2.728505419290804,2.728505419290804,0.38398282769136644,0.2200182640477414,1.0,0.8333333333333334,3.2311288386619927,1.150336344250234,0.3560168602644106,0.38398282769136644,1,"[[1, 4], [2, 4], [2, 4], [2, 4]]","[true, true, true, true, true]",0,0.0,0,1,1,0.3284743749999848
rounded_square--demand_conflict,rounded_square,demand_conflict,mismatch_1p35,dynamic_mismatch,1.35,0.0,0,1.35,1381,violation_safe,12.401267827014351,2.5633059655573627,2.5633059655573627,0.37744042661907673,0.206697089468028,1.0,0.8333333333333334,3.2311288386619927,1.1497170006868815,0.3558251800206699,0.37744042661907673,3,"[[1, 3], [3, 4], [1, 2], [2, 4]]","[true, true, true, true, true]",0,4.0,0,1,1,0.2728288339999949
rounded_square--demand_conflict,rounded_square,demand_conflict,mismatch_1p35,dynamic_mismatch,1.35,0.0,0,1.35,1381,dual_anchor_dynamic,12.401267827014351,2.773368420260087,2.773368420260087,0.37948508397583836,0.2236358781171316,1.0,0.8333333333333334,3.2311288386619927,1.0478581076173377,0.3243009362793638,0.37948508397583836,1,"[[3, 4], [3, 4], [2, 4], [2, 4]]","[true, true, true, true, true]",0,4.0,0,1,1,0.316629292000016
figure_eight--neutral,figure_eight,neutral,mismatch_1p35,dynamic_mismatch,1.35,0.0,0,1.35,1301,full_trajectory,4.084995488668535,0.18868778741014458,0.18868778741014458,0.31113707846701594,0.04619045184592004,0.6666666666666666,0.0,0.782802945012296,0.037347402378044285,0.047709838875807556,0.31113707846701594,0,"[[0, 1, 2, 3, 4, 5], [0, 1, 2, 3, 4, 5], [0, 1, 2, 3, 4, 5], [0, 1, 2, 3, 4, 5]]","[true, true, true, true, true]",0,0.0,0,1,1,0.2057448749999935
figure_eight--neutral,figure_eight,neutral,mismatch_1p35,dynamic_mismatch,1.35,0.0,0,1.35,1301,error_peak_dynamic,4.084995488668535,0.1517422075065384,0.1517422075065384,0.28589458402207824,0.037146236251045975,0.6666666666666666,0.0,0.782802945012296,0.049816620656561394,0.06363877521664012,0.28589458402207824,2,"[[2, 4], [2, 4], [3, 4], [2, 3]]","[true, true, true, true, true]",0,0.0,0,1,1,0.1906500000000051
figure_eight--neutral,figure_eight,neutral,mismatch_1p35,dynamic_mismatch,1.35,0.0,0,1.35,1301,violation_safe,4.084995488668535,0.1517422075065384,0.1517422075065384,0.28589458402207824,0.037146236251045975,0.6666666666666666,0.0,0.782802945012296,0.049816620656561394,0.06363877521664012,0.28589458402207824,2,"[[2, 4], [2, 4], [3, 4], [2, 3]]","[true, true, true, true, true]",0,4.0,0,1,1,0.19198720800000046
figure_eight--neutral,figure_eight,neutral,mismatch_1p35,dynamic_mismatch,1.35,0.0,0,1.35,1301,dual_anchor_dynamic,4.084995488668535,0.1517422075065384,0.1517422075065384,0.28589458402207824,0.037146236251045975,0.6666666666666666,0.0,0.782802945012296,0.049816620656561394,0.06363877521664012,0.28589458402207824,2,"[[2, 4], [2, 4], [3, 4], [2, 3]]","[true, true, true, true, true]",0,4.0,0,1,1,0.19170266700001548
figure_eight--neutral,figure_eight,neutral,mismatch_1p35,dynamic_mismatch,1.35,0.0,0,1.35,1321,full_trajectory,12.759818299792695,1.9923976308405411,1.9923976308405411,0.41540649416070574,0.15614623845175843,1.0,0.3333333333333333,2.4090565399914152,0.28219312709588495,0.11713844088395309,0.41540649416070574,0,"[[0, 1, 2, 3, 4, 5], [0, 1, 2, 3, 4, 5], [0, 1, 2, 3, 4, 5], [0, 1, 2, 3, 4, 5]]","[true, true, true, true, true]",0,0.0,0,1,1,0.3135062919999996
figure_eight--neutral,figure_eight,neutral,mismatch_1p35,dynamic_mismatch,1.35,0.0,0,1.35,1321,error_peak_dynamic,12.759818299792695,1.6776922519300728,1.6776922519300728,0.3816555587624717,0.1314824562946425,1.0,0.5,2.4090565399914152,0.2712161110456463,0.11258187864972766,0.3816555587624717,3,"[[3, 4], [2, 3], [3, 4], [2, 3]]","[true, true, true, true, true]",0,0.0,0,1,1,0.29798516700003574
figure_eight--neutral,figure_eight,neutral,mismatch_1p35,dynamic_mismatch,1.35,0.0,0,1.35,1321,violation_safe,12.759818299792695,1.3542626817774783,1.3542626817774783,0.38492861129723827,0.10613495035422885,1.0,0.5,2.4090565399914152,0.2392267374078074,0.09930308128370449,0.38492861129723827,3,"[[2, 3], [3, 4], [2, 3], [3, 4]]","[true, true, true, true, true]",0,4.0,0,1,1,0.30041225000002214
figure_eight--neutral,figure_eight,neutral,mismatch_1p35,dynamic_mismatch,1.35,0.0,0,1.35,1321,dual_anchor_dynamic,12.759818299792695,1.6776922519300728,1.6776922519300728,0.3816555587624717,0.1314824562946425,1.0,0.5,2.4090565399914152,0.2712161110456463,0.11258187864972766,0.3816555587624717,3,"[[3, 4], [2, 3], [3, 4], [2, 3]]","[true, true, true, true, true]",0,4.0,0,1,1,0.3026926669999739
figure_eight--neutral,figure_eight,neutral,mismatch_1p35,dynamic_mismatch,1.35,0.0,0,1.35,1361,full_trajectory,11.947371931071201,1.6771867449702111,1.6771867449702111,0.40104951427392943,0.14038122816017787,1.0,0.3333333333333333,2.300224280120014,0.2324830205542002,0.10106971853286864,0.40104951427392943,0,"[[0, 1, 2, 3, 4, 5], [0, 1, 2, 3, 4, 5], [0, 1, 2, 3, 4, 5], [0, 1, 2, 3, 4, 5]]","[true, true, true, true, true]",0,0.0,0,1,1,0.3035923329999832
figure_eight--neutral,figure_eight,neutral,mismatch_1p35,dynamic_mismatch,1.35,0.0,0,1.35,1361,error_peak_dynamic,11.947371931071201,1.180313744492039,1.180313744492039,0.38026226972836175,0.0987927513516533,1.0,0.3333333333333333,2.300224280120014,0.203232455752364,0.08835332167772804,0.38026226972836175,2,"[[3, 4], [2, 3], [2, 3], [3, 4]]","[true, true, true, true, true]",0,0.0,0,1,1,0.29061841600002936
figure_eight--neutral,figure_eight,neutral,mismatch_1p35,dynamic_mismatch,1.35,0.0,0,1.35,1361,violation_safe,11.947371931071201,1.0997954560124992,1.0997954560124992,0.3699588671203183,0.09205333711527733,1.0,0.3333333333333333,2.300224280120014,0.19889563019878126,0.08646792920054035,0.3699588671203183,3,"[[2, 3], [3, 4], [2, 3], [3, 4]]","[true, true, true, true, true]",0,4.0,0,1,1,0.2776869159999933
figure_eight--neutral,figure_eight,neutral,mismatch_1p35,dynamic_mismatch,1.35,0.0,0,1.35,1361,dual_anchor_dynamic,11.947371931071201,1.180313744492039,1.180313744492039,0.38026226972836175,0.0987927513516533,1.0,0.3333333333333333,2.300224280120014,0.203232455752364,0.08835332167772804,0.38026226972836175,2,"[[3, 4], [2, 3], [2, 3], [3, 4]]","[true, true, true, true, true]",0,4.0,0,1,1,0.29299720899996373
figure_eight--neutral,figure_eight,neutral,mismatch_1p35,dynamic_mismatch,1.35,0.0,0,1.35,1381,full_trajectory,13.89674201379046,4.967670891997242,4.967670891997242,0.5629908272570702,0.357470181648876,1.0,0.6666666666666666,2.87893772763021,0.7639219355809689,0.2653485444472567,0.5629908272570702,0,"[[0, 1, 2, 3, 4, 5], [0, 1, 2, 3, 4, 5], [0, 1, 2, 3, 4, 5], [0, 1, 2, 3, 4, 5]]","[true, true, true, true, true]",0,0.0,0,1,1,0.34290150000003905
figure_eight--neutral,figure_eight,neutral,mismatch_1p35,dynamic_mismatch,1.35,0.0,0,1.35,1381,error_peak_dynamic,13.89674201379046,4.594686848677016,4.594686848677016,0.48024993973398356,0.33063050635303365,1.0,0.8333333333333334,2.87893772763021,0.960363994322115,0.33358276044151747,0.48024993973398356,1,"[[3, 4], [3, 4], [3, 4], [2, 4]]","[true, true, true, true, true]",0,0.0,0,1,1,0.35292237499999146
figure_eight--neutral,figure_eight,neutral,mismatch_1p35,dynamic_mismatch,1.35,0.0,0,1.35,1381,violation_safe,13.89674201379046,3.5789382500024653,3.5789382500024653,0.5078365084213454,0.2575379356147577,1.0,0.6666666666666666,2.87893772763021,0.718486799351611,0.2495666344068621,0.5078365084213454,3,"[[2, 3], [3, 4], [2, 3], [3, 4]]","[true, true, true, true, true]",0,4.0,0,1,1,0.3722958330000097
figure_eight--neutral,figure_eight,neutral,mismatch_1p35,dynamic_mismatch,1.35,0.0,0,1.35,1381,dual_anchor_dynamic,13.89674201379046,4.994428044849746,5.501815552307138,0.5108504257740795,0.35939560797009223,1.0,1.0,2.87893772763021,1.1693232751737173,0.40616483779808693,0.5108504257740795,1,"[[3, 4], [3, 4], [2, 4], [2, 4]]","[true, true, true, false, false]",2,1.0,0,1,1,0.3433048750000012
figure_eight--demand_aligned,figure_eight,demand_aligned,mismatch_1p35,dynamic_mismatch,1.35,0.0,0,1.35,1301,full_trajectory,6.618485410613205,0.2510554011124345,0.2510554011124345,0.3058668093246757,0.037932455167136815,0.6666666666666666,0.0,0.782802945012296,0.037347402378044285,0.047709838875807556,0.3058668093246757,0,"[[0, 1, 2, 3, 4, 5], [0, 1, 2, 3, 4, 5], [0, 1, 2, 3, 4, 5], [0, 1, 2, 3, 4, 5]]","[true, true, true, true, true]",0,0.0,0,1,1,0.2057162499999663
figure_eight--demand_aligned,figure_eight,demand_aligned,mismatch_1p35,dynamic_mismatch,1.35,0.0,0,1.35,1301,error_peak_dynamic,6.618485410613205,0.31997504787087044,0.31997504787087044,0.29037397601742937,0.04834566037688442,0.6666666666666666,0.0,0.782802945012296,0.16359001872981405,0.20897982023719192,0.29037397601742937,2,"[[2, 4], [2, 4], [3, 4], [1, 2]]","[true, true, true, true, true]",0,0.0,0,1,1,0.1485150000000317
figure_eight--demand_aligned,figure_eight,demand_aligned,mismatch_1p35,dynamic_mismatch,1.35,0.0,0,1.35,1301,violation_safe,6.618485410613205,0.3093571796267294,0.3093571796267294,0.2901734416884741,0.04674138574524218,0.6666666666666666,0.0,0.782802945012296,0.1921736672319056,0.24549430793069768,0.2901734416884741,2,"[[2, 4], [2, 4], [3, 4], [2, 4]]","[true, true, true, true, true]",0,4.0,0,1,1,0.15396787500003484
figure_eight--demand_aligned,figure_eight,demand_aligned,mismatch_1p35,dynamic_mismatch,1.35,0.0,0,1.35,1301,dual_anchor_dynamic,6.618485410613205,0.21511912870013605,0.21511912870013605,0.2793492791905971,0.03250277296905081,0.6666666666666666,0.0,0.782802945012296,0.049816620656561394,0.06363877521664012,0.2793492791905971,2,"[[2, 4], [2, 4], [3, 4], [2, 3]]","[true, true, true, true, true]",0,4.0,0,1,1,0.19396666699998377
figure_eight--demand_aligned,figure_eight,demand_aligned,mismatch_1p35,dynamic_mismatch,1.35,0.0,0,1.35,1321,full_trajectory,14.922512291169708,2.423085340846657,2.423085340846657,0.4073758927086809,0.16237784185177054,1.0,0.5,2.4090565399914152,0.28219312709588495,0.11713844088395309,0.4073758927086809,0,"[[0, 1, 2, 3, 4, 5], [0, 1, 2, 3, 4, 5], [0, 1, 2, 3, 4, 5], [0, 1, 2, 3, 4, 5]]","[true, true, true, true, true]",0,0.0,0,1,1,0.315214874999981
figure_eight--demand_aligned,figure_eight,demand_aligned,mismatch_1p35,dynamic_mismatch,1.35,0.0,0,1.35,1321,error_peak_dynamic,14.922512291169708,2.037755866846907,2.037755866846907,0.44338647515945917,0.13655581761877553,1.0,0.5,2.4090565399914152,0.34789730877460334,0.14441226388810413,0.44338647515945917,2,"[[3, 4], [2, 3], [2, 3], [1, 3]]","[true, true, true, true, true]",0,0.0,0,1,1,0.23816804199998387
figure_eight--demand_aligned,figure_eight,demand_aligned,mismatch_1p35,dynamic_mismatch,1.35,0.0,0,1.35,1321,violation_safe,14.922512291169708,2.7053403467056256,2.7053403467056256,0.45776581071855604,0.18129255274974657,1.0,0.6666666666666666,2.4090565399914152,0.48519900275384314,0.2014062329793107,0.45776581071855604,3,"[[3, 4], [2, 3], [3, 4], [2, 3]]","[true, true, true, true, true]",0,4.0,0,1,1,0.22146441600000344
figure_eight--demand_aligned,figure_eight,demand_aligned,mismatch_1p35,dynamic_mismatch,1.35,0.0,0,1.35,1321,dual_anchor_dynamic,14.922512291169708,2.194721475727707,2.194721475727707,0.37641467348446306,0.14707452960359885,1.0,0.5,2.4090565399914152,0.2712161110456463,0.11258187864972766,0.37641467348446306,3,"[[3, 4], [2, 3], [3, 4], [2, 3]]","[true, true, true, true, true]",0,4.0,0,1,1,0.30082691699999486
figure_eight--demand_aligned,figure_eight,demand_aligned,mismatch_1p35,dynamic_mismatch,1.35,0.0,0,1.35,1361,full_trajectory,14.463960307594803,1.9348061669794514,1.9348061669794514,0.38321927300154046,0.1337673863750521,1.0,0.3333333333333333,2.300224280120014,0.2324830205542002,0.10106971853286864,0.38321927300154046,0,"[[0, 1, 2, 3, 4, 5], [0, 1, 2, 3, 4, 5], [0, 1, 2, 3, 4, 5], [0, 1, 2, 3, 4, 5]]","[true, true, true, true, true]",0,0.0,0,1,1,0.3060558340000057
figure_eight--demand_aligned,figure_eight,demand_aligned,mismatch_1p35,dynamic_mismatch,1.35,0.0,0,1.35,1361,error_peak_dynamic,14.463960307594803,1.7099630705425037,1.7099630705425037,0.424731909018141,0.11822232875214878,1.0,0.5,2.300224280120014,0.3179003981872556,0.13820408772081527,0.424731909018141,2,"[[3, 4], [2, 3], [2, 3], [1, 3]]","[true, true, true, true, true]",0,0.0,0,1,1,0.22298029099999894
figure_eight--demand_aligned,figure_eight,demand_aligned,mismatch_1p35,dynamic_mismatch,1.35,0.0,0,1.35,1361,violation_safe,14.463960307594803,2.2286292617146053,2.2286292617146053,0.42921431027739154,0.15408153882615305,1.0,0.6666666666666666,2.300224280120014,0.4142387361991304,0.18008623758093603,0.42921431027739154,2,"[[3, 4], [2, 3], [2, 3], [3, 4]]","[true, true, true, true, true]",0,4.0,0,1,1,0.21339437500000713
figure_eight--demand_aligned,figure_eight,demand_aligned,mismatch_1p35,dynamic_mismatch,1.35,0.0,0,1.35,1361,dual_anchor_dynamic,14.463960307594803,1.4273170765699534,1.4273170765699534,0.36538562606714825,0.09868093151641817,1.0,0.5,2.300224280120014,0.203232455752364,0.08835332167772804,0.36538562606714825,2,"[[3, 4], [2, 3], [2, 3], [3, 4]]","[true, true, true, true, true]",0,4.0,0,1,1,0.29315033300002824
figure_eight--demand_aligned,figure_eight,demand_aligned,mismatch_1p35,dynamic_mismatch,1.35,0.0,0,1.35,1381,full_trajectory,19.96360000456579,5.758787591444142,5.758787591444142,0.486706432238864,0.2884643846864831,1.0,0.5,2.87893772763021,0.7639219355809689,0.2653485444472567,0.486706432238864,0,"[[0, 1, 2, 3, 4, 5], [0, 1, 2, 3, 4, 5], [0, 1, 2, 3, 4, 5], [0, 1, 2, 3, 4, 5]]","[true, true, true, true, true]",0,0.0,0,1,1,0.3407542080000212
figure_eight--demand_aligned,figure_eight,demand_aligned,mismatch_1p35,dynamic_mismatch,1.35,0.0,0,1.35,1381,error_peak_dynamic,19.96360000456579,5.680072756814394,5.680072756814394,0.5249573423409273,0.2845214668454251,1.0,0.8333333333333334,2.87893772763021,0.9919339319007139,0.3445485890093294,0.5249573423409273,3,"[[3, 4], [2, 3], [3, 4], [2, 3]]","[true, true, true, true, true]",0,0.0,0,1,1,0.28394320800003925
figure_eight--demand_aligned,figure_eight,demand_aligned,mismatch_1p35,dynamic_mismatch,1.35,0.0,0,1.35,1381,violation_safe,19.96360000456579,6.802623735409659,6.802623735409659,0.5416613105531615,0.3407513541572592,1.0,0.8333333333333334,2.87893772763021,1.3818560356027667,0.47998816450268894,0.5416613105531615,3,"[[2, 4], [3, 4], [2, 4], [3, 4]]","[true, true, true, true, true]",0,4.0,0,1,1,0.27080558400001564
figure_eight--demand_aligned,figure_eight,demand_aligned,mismatch_1p35,dynamic_mismatch,1.35,0.0,0,1.35,1381,dual_anchor_dynamic,19.96360000456579,5.715666923695666,6.020356837261413,0.45966189676948443,0.2863044201641217,1.0,0.5,2.87893772763021,0.9840017350288262,0.3417933377248853,0.45966189676948443,1,"[[3, 4], [3, 4], [3, 4], [2, 4]]","[true, true, true, true, false]",1,2.0,0,1,1,0.3520307500000399
figure_eight--demand_conflict,figure_eight,demand_conflict,mismatch_1p35,dynamic_mismatch,1.35,0.0,0,1.35,1301,full_trajectory,2.719532911131655,0.15119974121097746,0.15119974121097746,0.3143238045913231,0.05559768759998571,0.6666666666666666,0.0,0.782802945012296,0.037347402378044285,0.047709838875807556,0.3143238045913231,0,"[[0, 1, 2, 3, 4, 5], [0, 1, 2, 3, 4, 5], [0, 1, 2, 3, 4, 5], [0, 1, 2, 3, 4, 5]]","[true, true, true, true, true]",0,0.0,0,1,1,0.20543612500000563
figure_eight--demand_conflict,figure_eight,demand_conflict,mismatch_1p35,dynamic_mismatch,1.35,0.0,0,1.35,1301,error_peak_dynamic,2.719532911131655,0.12248620767989518,0.12248620767989518,0.29552831619842396,0.04503942834393796,0.6666666666666666,0.0,0.782802945012296,0.06340657075563416,0.08099940241619581,0.29552831619842396,2,"[[2, 4], [2, 4], [3, 4], [2, 3]]","[true, true, true, true, true]",0,0.0,0,1,1,0.16454829199994947
figure_eight--demand_conflict,figure_eight,demand_conflict,mismatch_1p35,dynamic_mismatch,1.35,0.0,0,1.35,1301,violation_safe,2.719532911131655,0.13448828517339823,0.13448828517339823,0.2949419212587359,0.04945271470071484,0.6666666666666666,0.0,0.782802945012296,0.07037588512925344,0.08990242765137783,0.2949419212587359,3,"[[2, 4], [2, 3], [3, 4], [2, 3]]","[true, true, true, true, true]",0,4.0,0,1,1,0.17252558399997042
figure_eight--demand_conflict,figure_eight,demand_conflict,mismatch_1p35,dynamic_mismatch,1.35,0.0,0,1.35,1301,dual_anchor_dynamic,2.719532911131655,0.12281167216738409,0.12281167216738409,0.2939291989530283,0.045159104956843325,0.6666666666666666,0.0,0.782802945012296,0.049816620656561394,0.06363877521664012,0.2939291989530283,2,"[[2, 4], [2, 4], [3, 4], [2, 3]]","[true, true, true, true, true]",0,4.0,0,1,1,0.19284483300003785
figure_eight--demand_conflict,figure_eight,demand_conflict,mismatch_1p35,dynamic_mismatch,1.35,0.0,0,1.35,1321,full_trajectory,10.849182521864133,1.6540333419655782,1.6540333419655782,0.41653301536392273,0.15245695596255654,1.0,0.16666666666666666,2.4090565399914152,0.28219312709588495,0.11713844088395309,0.41653301536392273,0,"[[0, 1, 2, 3, 4, 5], [0, 1, 2, 3, 4, 5], [0, 1, 2, 3, 4, 5], [0, 1, 2, 3, 4, 5]]","[true, true, true, true, true]",0,0.0,0,1,1,0.3142581660000019
figure_eight--demand_conflict,figure_eight,demand_conflict,mismatch_1p35,dynamic_mismatch,1.35,0.0,0,1.35,1321,error_peak_dynamic,10.849182521864133,1.1001953384503427,1.1001953384503427,0.38715210146937024,0.10140813247755227,1.0,0.3333333333333333,2.4090565399914152,0.2674897217903985,0.11103505349498842,0.38715210146937024,2,"[[3, 4], [2, 3], [2, 3], [3, 4]]","[true, true, true, true, true]",0,0.0,0,1,1,0.2696335830000294
figure_eight--demand_conflict,figure_eight,demand_conflict,mismatch_1p35,dynamic_mismatch,1.35,0.0,0,1.35,1321,violation_safe,10.849182521864133,1.556105879445763,1.556105879445763,0.39192588359266123,0.1434307033096526,1.0,0.6666666666666666,2.4090565399914152,0.3644693470222142,0.1512913213002103,0.39192588359266123,3,"[[3, 5], [2, 3], [0, 3], [2, 3]]","[true, true, true, true, true]",0,4.0,0,1,1,0.2559768330000338
figure_eight--demand_conflict,figure_eight,demand_conflict,mismatch_1p35,dynamic_mismatch,1.35,0.0,0,1.35,1321,dual_anchor_dynamic,10.849182521864133,1.4018343454755418,1.4018343454755418,0.3838412236405585,0.12921105739077152,1.0,0.16666666666666666,2.4090565399914152,0.2712161110456463,0.11258187864972766,0.3838412236405585,3,"[[3, 4], [2, 3], [3, 4], [2, 3]]","[true, true, true, true, true]",0,4.0,0,1,1,0.3007852499999899
figure_eight--demand_conflict,figure_eight,demand_conflict,mismatch_1p35,dynamic_mismatch,1.35,0.0,0,1.35,1361,full_trajectory,10.147474313291516,1.401585574035679,1.401585574035679,0.4029170760716597,0.13812161832228867,1.0,0.16666666666666666,2.300224280120014,0.2324830205542002,0.10106971853286864,0.4029170760716597,0,"[[0, 1, 2, 3, 4, 5], [0, 1, 2, 3, 4, 5], [0, 1, 2, 3, 4, 5], [0, 1, 2, 3, 4, 5]]","[true, true, true, true, true]",0,0.0,0,1,1,0.3027847500000007
figure_eight--demand_conflict,figure_eight,demand_conflict,mismatch_1p35,dynamic_mismatch,1.35,0.0,0,1.35,1361,error_peak_dynamic,10.147474313291516,0.9008892681824794,0.9008892681824794,0.3782881780543574,0.08877965495339694,1.0,0.16666666666666666,2.300224280120014,0.22414001850006143,0.09744268001917054,0.3782881780543574,2,"[[3, 4], [2, 3], [2, 3], [3, 4]]","[true, true, true, true, true]",0,0.0,0,1,1,0.25725266699998883
figure_eight--demand_conflict,figure_eight,demand_conflict,mismatch_1p35,dynamic_mismatch,1.35,0.0,0,1.35,1361,violation_safe,10.147474313291516,1.3084625585453473,1.3084625585453473,0.38459686395688186,0.12894465343277364,1.0,0.3333333333333333,2.300224280120014,0.31906625367977537,0.13871093198926154,0.38459686395688186,3,"[[3, 5], [2, 3], [0, 3], [2, 3]]","[true, true, true, true, true]",0,4.0,0,1,1,0.24823362500001167
figure_eight--demand_conflict,figure_eight,demand_conflict,mismatch_1p35,dynamic_mismatch,1.35,0.0,0,1.35,1361,dual_anchor_dynamic,10.147474313291516,0.9892905880124685,0.9892905880124685,0.383182489219682,0.09749131236692672,1.0,0.16666666666666666,2.300224280120014,0.203232455752364,0.08835332167772804,0.383182489219682,2,"[[3, 4], [2, 3], [2, 3], [3, 4]]","[true, true, true, true, true]",0,4.0,0,1,1,0.2909945420000213
figure_eight--demand_conflict,figure_eight,demand_conflict,mismatch_1p35,dynamic_mismatch,1.35,0.0,0,1.35,1381,full_trajectory,11.540954048898902,4.130505268749799,4.130505268749799,0.5658231495175302,0.3578998106438073,1.0,0.6666666666666666,2.87893772763021,0.7639219355809689,0.2653485444472567,0.5658231495175302,0,"[[0, 1, 2, 3, 4, 5], [0, 1, 2, 3, 4, 5], [0, 1, 2, 3, 4, 5], [0, 1, 2, 3, 4, 5]]","[true, true, true, true, true]",0,0.0,0,1,1,0.3542982919999531
figure_eight--demand_conflict,figure_eight,demand_conflict,mismatch_1p35,dynamic_mismatch,1.35,0.0,0,1.35,1381,error_peak_dynamic,11.540954048898902,3.8692329000106014,3.8692329000106014,0.4881883832156416,0.33526109571329216,1.0,1.0,2.87893772763021,0.8387859950336729,0.2913526009901289,0.4881883832156416,3,"[[3, 4], [2, 3], [3, 4], [2, 4]]","[true, true, true, true, true]",0,0.0,0,1,1,0.3402948329999731
figure_eight--demand_conflict,figure_eight,demand_conflict,mismatch_1p35,dynamic_mismatch,1.35,0.0,0,1.35,1381,violation_safe,11.540954048898902,2.5773204296993266,2.5773204296993266,0.4959913386542902,0.2233195296315406,1.0,0.8333333333333334,2.87893772763021,0.6229872973578722,0.21639484987078292,0.4959913386542902,3,"[[2, 3], [3, 5], [2, 3], [1, 3]]","[true, true, true, true, true]",0,4.0,0,1,1,0.3249975420000055
figure_eight--demand_conflict,figure_eight,demand_conflict,mismatch_1p35,dynamic_mismatch,1.35,0.0,0,1.35,1381,dual_anchor_dynamic,11.540954048898902,2.967028837190113,3.7979504742557406,0.4690875337628878,0.25708696392159974,1.0,1.0,2.87893772763021,0.9840017350288262,0.3417933377248853,0.4690875337628878,1,"[[3, 4], [3, 4], [3, 4], [2, 4]]","[true, true, true, true, false]",1,2.0,0,1,1,0.358408833999988
s_curve--neutral,s_curve,neutral,mismatch_1p35,dynamic_mismatch,1.35,0.0,0,1.35,1301,full_trajectory,2.0879470935743063,0.2862330844506859,0.2862330844506859,0.387841252191671,0.13708828414837387,0.5,0.0,0.32500079856374237,0.05700293854101224,0.17539322608720379,0.387841252191671,0,"[[0, 1, 2, 3, 4, 5], [0, 1, 2, 3, 4, 5], [0, 1, 2, 3, 4, 5], [0, 1, 2, 3, 4, 5]]","[true, true, true, true, true]",0,0.0,0,1,1,0.22491966699999466
s_curve--neutral,s_curve,neutral,mismatch_1p35,dynamic_mismatch,1.35,0.0,0,1.35,1301,error_peak_dynamic,2.0879470935743063,0.14961313257318448,0.14961313257318448,0.30931328974683003,0.07165561475844935,0.5,0.0,0.32500079856374237,0.09683081769035015,0.29794024543407,0.30931328974683003,0,"[[2, 4], [2, 4], [2, 4], [2, 4]]","[true, true, true, true, true]",0,0.0,0,1,1,0.19828283300000749
s_curve--neutral,s_curve,neutral,mismatch_1p35,dynamic_mismatch,1.35,0.0,0,1.35,1301,violation_safe,2.0879470935743063,0.14961313257318448,0.14961313257318448,0.30931328974683003,0.07165561475844935,0.5,0.0,0.32500079856374237,0.09683081769035015,0.29794024543407,0.30931328974683003,0,"[[2, 4], [2, 4], [2, 4], [2, 4]]","[true, true, true, true, true]",0,4.0,0,1,1,0.19991800000002513
s_curve--neutral,s_curve,neutral,mismatch_1p35,dynamic_mismatch,1.35,0.0,0,1.35,1301,dual_anchor_dynamic,2.0879470935743063,0.14961313257318448,0.14961313257318448,0.30931328974683003,0.07165561475844935,0.5,0.0,0.32500079856374237,0.09683081769035015,0.29794024543407,0.30931328974683003,0,"[[2, 4], [2, 4], [2, 4], [2, 4]]","[true, true, true, true, true]",0,4.0,0,1,1,0.19978604199997108
s_curve--neutral,s_curve,neutral,mismatch_1p35,dynamic_mismatch,1.35,0.0,0,1.35,1321,full_trajectory,6.428253839232964,1.0651723167651814,1.0651723167651814,0.3990309066737251,0.1657016576203345,1.0,0.16666666666666666,1.0797475352387007,0.21955595476904305,0.20334008423599284,0.3990309066737251,0,"[[0, 1, 2, 3, 4, 5], [0, 1, 2, 3, 4, 5], [0, 1, 2, 3, 4, 5], [0, 1, 2, 3, 4, 5]]","[true, true, true, true, true]",0,0.0,0,1,1,0.24345216699998673
s_curve--neutral,s_curve,neutral,mismatch_1p35,dynamic_mismatch,1.35,0.0,0,1.35,1321,error_peak_dynamic,6.428253839232964,0.8882291886686065,0.8882291886686065,0.3753953037319483,0.13817581117403296,1.0,0.16666666666666666,1.0797475352387007,0.30673464919300064,0.28407997164373294,0.3753953037319483,1,"[[3, 4], [3, 4], [2, 4], [2, 4]]","[true, true, true, true, true]",0,0.0,0,1,1,0.21378741699999182
s_curve--neutral,s_curve,neutral,mismatch_1p35,dynamic_mismatch,1.35,0.0,0,1.35,1321,violation_safe,6.428253839232964,0.8882291886686065,0.8882291886686065,0.3753953037319483,0.13817581117403296,1.0,0.16666666666666666,1.0797475352387007,0.30673464919300064,0.28407997164373294,0.3753953037319483,1,"[[3, 4], [3, 4], [2, 4], [2, 4]]","[true, true, true, true, true]",0,4.0,0,1,1,0.216463583999996
s_curve--neutral,s_curve,neutral,mismatch_1p35,dynamic_mismatch,1.35,0.0,0,1.35,1321,dual_anchor_dynamic,6.428253839232964,0.8882291886686065,0.8882291886686065,0.3753953037319483,0.13817581117403296,1.0,0.16666666666666666,1.0797475352387007,0.30673464919300064,0.28407997164373294,0.3753953037319483,1,"[[3, 4], [3, 4], [2, 4], [2, 4]]","[true, true, true, true, true]",0,4.0,0,1,1,0.21706195899997738
s_curve--neutral,s_curve,neutral,mismatch_1p35,dynamic_mismatch,1.35,0.0,0,1.35,1361,full_trajectory,6.254885503522251,0.9308047166850639,0.9308047166850639,0.38445741928749444,0.14881243088477145,1.0,0.16666666666666666,1.0195902430376755,0.19239636919527667,0.18869969628393876,0.38445741928749444,0,"[[0, 1, 2, 3, 4, 5], [0, 1, 2, 3, 4, 5], [0, 1, 2, 3, 4, 5], [0, 1, 2, 3, 4, 5]]","[true, true, true, true, true]",0,0.0,0,1,1,0.23928712499997573
s_curve--neutral,s_curve,neutral,mismatch_1p35,dynamic_mismatch,1.35,0.0,0,1.35,1361,error_peak_dynamic,6.254885503522251,0.776559978756681,0.776559978756681,0.36232036841813764,0.1241525489666253,1.0,0.16666666666666666,1.0195902430376755,0.27924141587417267,0.2738761161956845,0.36232036841813764,1,"[[3, 4], [3, 4], [2, 4], [2, 4]]","[true, true, true, true, true]",0,0.0,0,1,1,0.21795666699995309
s_curve--neutral,s_curve,neutral,mismatch_1p35,dynamic_mismatch,1.35,0.0,0,1.35,1361,violation_safe,6.254885503522251,0.776559978756681,0.776559978756681,0.36232036841813764,0.1241525489666253,1.0,0.16666666666666666,1.0195902430376755,0.27924141587417267,0.2738761161956845,0.36232036841813764,1,"[[3, 4], [3, 4], [2, 4], [2, 4]]","[true, true, true, true, true]",0,4.0,0,1,1,0.21959620799998447
s_curve--neutral,s_curve,neutral,mismatch_1p35,dynamic_mismatch,1.35,0.0,0,1.35,1361,dual_anchor_dynamic,6.254885503522251,0.776559978756681,0.776559978756681,0.36232036841813764,0.1241525489666253,1.0,0.16666666666666666,1.0195902430376755,0.27924141587417267,0.2738761161956845,0.36232036841813764,1,"[[3, 4], [3, 4], [2, 4], [2, 4]]","[true, true, true, true, true]",0,4.0,0,1,1,0.2199682080000116
s_curve--neutral,s_curve,neutral,mismatch_1p35,dynamic_mismatch,1.35,0.0,0,1.35,1381,full_trajectory,8.350300147151692,2.0438485942632836,2.0438485942632836,0.45861944352823214,0.24476348852686994,1.0,0.5,1.2829030713723752,0.45844822001342833,0.3573521883636985,0.45861944352823214,0,"[[0, 1, 2, 3, 4, 5], [0, 1, 2, 3, 4, 5], [0, 1, 2, 3, 4, 5], [0, 1, 2, 3, 4, 5]]","[true, true, true, true, true]",0,0.0,0,1,1,0.26227429100003974
s_curve--neutral,s_curve,neutral,mismatch_1p35,dynamic_mismatch,1.35,0.0,0,1.35,1381,error_peak_dynamic,8.350300147151692,1.6174115276943961,1.6174115276943961,0.41488130890185076,0.1936950168487176,1.0,0.5,1.2829030713723752,0.5557225072334524,0.4331757555455633,0.41488130890185076,1,"[[3, 4], [3, 4], [2, 4], [2, 4]]","[true, true, true, true, true]",0,0.0,0,1,1,0.24408120900000085
s_curve--neutral,s_curve,neutral,mismatch_1p35,dynamic_mismatch,1.35,0.0,0,1.35,1381,violation_safe,8.350300147151692,1.6174115276943961,1.6174115276943961,0.41488130890185076,0.1936950168487176,1.0,0.5,1.2829030713723752,0.5557225072334524,0.4331757555455633,0.41488130890185076,1,"[[3, 4], [3, 4], [2, 4], [2, 4]]","[true, true, true, true, true]",0,4.0,0,1,1,0.24382962500004624
s_curve--neutral,s_curve,neutral,mismatch_1p35,dynamic_mismatch,1.35,0.0,0,1.35,1381,dual_anchor_dynamic,8.350300147151692,1.6174115276943961,1.6174115276943961,0.41488130890185076,0.1936950168487176,1.0,0.5,1.2829030713723752,0.5557225072334524,0.4331757555455633,0.41488130890185076,1,"[[3, 4], [3, 4], [2, 4], [2, 4]]","[true, true, true, true, true]",0,4.0,0,1,1,0.24450600000000122
s_curve--demand_aligned,s_curve,demand_aligned,mismatch_1p35,dynamic_mismatch,1.35,0.0,0,1.35,1301,full_trajectory,2.8093118404933604,0.47742503894626476,0.47742503894626476,0.41792415588938575,0.16994376774577694,0.5,0.0,0.32500079856374237,0.05700293854101224,0.17539322608720379,0.41792415588938575,0,"[[0, 1, 2, 3, 4, 5], [0, 1, 2, 3, 4, 5], [0, 1, 2, 3, 4, 5], [0, 1, 2, 3, 4, 5]]","[true, true, true, true, true]",0,0.0,0,1,1,0.2130329999999958
s_curve--demand_aligned,s_curve,demand_aligned,mismatch_1p35,dynamic_mismatch,1.35,0.0,0,1.35,1301,error_peak_dynamic,2.8093118404933604,0.40336522489850535,0.40336522489850535,0.3727537026007441,0.14358150600599323,0.5,0.0,0.32500079856374237,0.16964698472412318,0.5219894396377932,0.3727537026007441,3,"[[2, 4], [1, 4], [2, 4], [1, 2]]","[true, true, true, true, true]",0,0.0,0,1,1,0.15127920800000538
s_curve--demand_aligned,s_curve,demand_aligned,mismatch_1p35,dynamic_mismatch,1.35,0.0,0,1.35,1301,violation_safe,2.8093118404933604,0.22843525782929378,0.22843525782929378,0.31865722508751626,0.08131359948604953,0.5,0.0,0.32500079856374237,0.1912137394279485,0.5883485218281572,0.31865722508751626,0,"[[2, 4], [2, 4], [2, 4], [2, 4]]","[true, true, true, true, true]",0,4.0,0,1,1,0.14861691699996982
s_curve--demand_aligned,s_curve,demand_aligned,mismatch_1p35,dynamic_mismatch,1.35,0.0,0,1.35,1301,dual_anchor_dynamic,2.8093118404933604,0.23919715391829977,0.23919715391829977,0.31932214812027143,0.08514439389409077,0.5,0.0,0.32500079856374237,0.09683081769035015,0.29794024543407,0.31932214812027143,0,"[[2, 4], [2, 4], [2, 4], [2, 4]]","[true, true, true, true, true]",0,4.0,0,1,1,0.19945608299997275
s_curve--demand_aligned,s_curve,demand_aligned,mismatch_1p35,dynamic_mismatch,1.35,0.0,0,1.35,1321,full_trajectory,8.290441144719994,1.7738654132913474,1.7738654132913474,0.44092589054132836,0.21396514158008162,0.8333333333333334,0.3333333333333333,1.0797475352387007,0.21955595476904305,0.20334008423599284,0.44092589054132836,0,"[[0, 1, 2, 3, 4, 5], [0, 1, 2, 3, 4, 5], [0, 1, 2, 3, 4, 5], [0, 1, 2, 3, 4, 5]]","[true, true, true, true, true]",0,0.0,0,1,1,0.24149987499998815
s_curve--demand_aligned,s_curve,demand_aligned,mismatch_1p35,dynamic_mismatch,1.35,0.0,0,1.35,1321,error_peak_dynamic,8.290441144719994,1.441215561925896,1.441215561925896,0.45308308749902604,0.1738406360732415,0.8333333333333334,0.3333333333333333,1.0797475352387007,0.45273118853588484,0.4192935605412604,0.45308308749902604,2,"[[3, 4], [3, 4], [1, 2], [2, 4]]","[true, true, true, true, true]",0,0.0,0,1,1,0.15889208400000143
s_curve--demand_aligned,s_curve,demand_aligned,mismatch_1p35,dynamic_mismatch,1.35,0.0,0,1.35,1321,violation_safe,8.290441144719994,0.9998667517340114,0.9998667517340114,0.37585264042046673,0.12060477051583743,0.8333333333333334,0.16666666666666666,1.0797475352387007,0.47678853081243433,0.4415740858413076,0.37585264042046673,1,"[[3, 4], [2, 4], [2, 4], [2, 4]]","[true, true, true, true, true]",0,4.0,0,1,1,0.15891012499997714
s_curve--demand_aligned,s_curve,demand_aligned,mismatch_1p35,dynamic_mismatch,1.35,0.0,0,1.35,1321,dual_anchor_dynamic,8.290441144719994,1.1920460652439047,1.1920460652439047,0.3818507109462033,0.1437856013250988,0.8333333333333334,0.16666666666666666,1.0797475352387007,0.30477961392514835,0.2822693305410236,0.3818507109462033,1,"[[3, 4], [2, 4], [2, 4], [2, 4]]","[true, true, true, true, true]",0,4.0,0,1,1,0.21661637500000097
s_curve--demand_aligned,s_curve,demand_aligned,mismatch_1p35,dynamic_mismatch,1.35,0.0,0,1.35,1361,full_trajectory,8.063582630826927,1.5490694289486968,1.5490694289486968,0.4198445118733193,0.19210684628277178,0.8333333333333334,0.3333333333333333,1.0195902430376755,0.19239636919527667,0.18869969628393876,0.4198445118733193,0,"[[0, 1, 2, 3, 4, 5], [0, 1, 2, 3, 4, 5], [0, 1, 2, 3, 4, 5], [0, 1, 2, 3, 4, 5]]","[true, true, true, true, true]",0,0.0,0,1,1,0.23791516699998283
s_curve--demand_aligned,s_curve,demand_aligned,mismatch_1p35,dynamic_mismatch,1.35,0.0,0,1.35,1361,error_peak_dynamic,8.063582630826927,1.3081395408220389,1.3081395408220389,0.4351284534503407,0.1622280815751854,0.8333333333333334,0.3333333333333333,1.0195902430376755,0.42193622780141643,0.41382921294375824,0.4351284534503407,2,"[[3, 4], [3, 4], [1, 2], [2, 4]]","[true, true, true, true, true]",0,0.0,0,1,1,0.16057112499998993
s_curve--demand_aligned,s_curve,demand_aligned,mismatch_1p35,dynamic_mismatch,1.35,0.0,0,1.35,1361,violation_safe,8.063582630826927,1.1709827167832034,1.1709827167832034,0.365864493063014,0.14521866649032134,0.8333333333333334,0.3333333333333333,1.0195902430376755,0.4247715574271288,0.4166100650018017,0.365864493063014,2,"[[3, 4], [2, 4], [2, 4], [1, 2]]","[true, true, true, true, true]",0,4.0,0,1,1,0.1599162920000481
s_curve--demand_aligned,s_curve,demand_aligned,mismatch_1p35,dynamic_mismatch,1.35,0.0,0,1.35,1361,dual_anchor_dynamic,8.063582630826927,1.0312789393606345,1.0312789393606345,0.36089005495116355,0.1278933926240272,0.8333333333333334,0.16666666666666666,1.0195902430376755,0.2773138312740314,0.2719855678962046,0.36089005495116355,1,"[[3, 4], [2, 4], [2, 4], [2, 4]]","[true, true, true, true, true]",0,4.0,0,1,1,0.2160784590000162
s_curve--demand_aligned,s_curve,demand_aligned,mismatch_1p35,dynamic_mismatch,1.35,0.0,0,1.35,1381,full_trajectory,10.888236233339459,3.3691666011194927,3.3691666011194927,0.5098020359398919,0.3094318059341148,0.8333333333333334,0.5,1.2829030713723752,0.45844822001342833,0.3573521883636985,0.5098020359398919,0,"[[0, 1, 2, 3, 4, 5], [0, 1, 2, 3, 4, 5], [0, 1, 2, 3, 4, 5], [0, 1, 2, 3, 4, 5]]","[true, true, true, true, true]",0,0.0,0,1,1,0.26262300000001915
s_curve--demand_aligned,s_curve,demand_aligned,mismatch_1p35,dynamic_mismatch,1.35,0.0,0,1.35,1381,error_peak_dynamic,10.888236233339459,2.4757097475821834,2.4757097475821834,0.46469933617595466,0.2273747275983628,0.8333333333333334,0.5,1.2829030713723752,0.7055223352330016,0.5499420423697908,0.46469933617595466,2,"[[3, 4], [3, 4], [1, 2], [2, 4]]","[true, true, true, true, true]",0,0.0,0,1,1,0.17141474999999673
s_curve--demand_aligned,s_curve,demand_aligned,mismatch_1p35,dynamic_mismatch,1.35,0.0,0,1.35,1381,violation_safe,10.888236233339459,1.6900316518994,1.6900316518994,0.39522234657018257,0.15521629175573662,0.8333333333333334,0.5,1.2829030713723752,0.7509665417091854,0.5853649885691247,0.39522234657018257,1,"[[3, 4], [2, 4], [2, 4], [2, 4]]","[true, true, true, true, true]",0,4.0,0,1,1,0.18050266599999532
s_curve--demand_aligned,s_curve,demand_aligned,mismatch_1p35,dynamic_mismatch,1.35,0.0,0,1.35,1381,dual_anchor_dynamic,10.888236233339459,2.6493129107546833,2.6493129107546833,0.46138201081706015,0.2433188308904031,0.8333333333333334,0.5,1.2829030713723752,0.5557225072334524,0.4331757555455633,0.46138201081706015,1,"[[3, 4], [3, 4], [2, 4], [2, 4]]","[true, true, true, true, true]",0,4.0,0,1,1,0.2473144159999947
s_curve--demand_conflict,s_curve,demand_conflict,mismatch_1p35,dynamic_mismatch,1.35,0.0,0,1.35,1301,full_trajectory,1.4107355046936032,0.157699816806839,0.157699816806839,0.3731351641111359,0.11178553051380792,0.16666666666666666,0.0,0.32500079856374237,0.05700293854101224,0.17539322608720379,0.3731351641111359,0,"[[0, 1, 2, 3, 4, 5], [0, 1, 2, 3, 4, 5], [0, 1, 2, 3, 4, 5], [0, 1, 2, 3, 4, 5]]","[true, true, true, true, true]",0,0.0,0,1,1,0.2141110000000026
s_curve--demand_conflict,s_curve,demand_conflict,mismatch_1p35,dynamic_mismatch,1.35,0.0,0,1.35,1301,error_peak_dynamic,1.4107355046936032,0.14295212940291868,0.14295212940291868,0.31466016787009565,0.10133163086014935,0.16666666666666666,0.0,0.32500079856374237,0.10630720494737785,0.32709828842629085,0.31466016787009565,1,"[[2, 4], [2, 4], [2, 4], [2, 3]]","[true, true, true, true, true]",0,0.0,0,1,1,0.18892304100000956
s_curve--demand_conflict,s_curve,demand_conflict,mismatch_1p35,dynamic_mismatch,1.35,0.0,0,1.35,1301,violation_safe,1.4107355046936032,0.13507986589055487,0.13507986589055487,0.34196922818607145,0.09575137610213673,0.16666666666666666,0.0,0.32500079856374237,0.11760963561066322,0.3618749127091651,0.34196922818607145,3,"[[3, 4], [2, 4], [2, 3], [2, 4]]","[true, true, true, true, true]",0,4.0,0,1,1,0.18745866600005456
s_curve--demand_conflict,s_curve,demand_conflict,mismatch_1p35,dynamic_mismatch,1.35,0.0,0,1.35,1301,dual_anchor_dynamic,1.4107355046936032,0.13398889768270864,0.13398889768270864,0.3129295174979067,0.09497804318167324,0.16666666666666666,0.0,0.32500079856374237,0.09310588036948109,0.2864789279932192,0.3129295174979067,1,"[[2, 4], [2, 4], [2, 4], [2, 3]]","[true, true, true, true, true]",0,4.0,0,1,1,0.19613020799999958
s_curve--demand_conflict,s_curve,demand_conflict,mismatch_1p35,dynamic_mismatch,1.35,0.0,0,1.35,1321,full_trajectory,5.029261902414637,0.5937955713798705,0.5937955713798705,0.36448117618647996,0.11806813462921444,1.0,0.0,1.0797475352387007,0.21955595476904305,0.20334008423599284,0.36448117618647996,0,"[[0, 1, 2, 3, 4, 5], [0, 1, 2, 3, 4, 5], [0, 1, 2, 3, 4, 5], [0, 1, 2, 3, 4, 5]]","[true, true, true, true, true]",0,0.0,0,1,1,0.2425789999999779
s_curve--demand_conflict,s_curve,demand_conflict,mismatch_1p35,dynamic_mismatch,1.35,0.0,0,1.35,1321,error_peak_dynamic,5.029261902414637,0.5492618857951459,0.5492618857951459,0.3492485360634511,0.10921321984274385,1.0,0.0,1.0797475352387007,0.3485769212325697,0.32283187491186033,0.3492485360634511,1,"[[3, 4], [3, 4], [2, 4], [2, 4]]","[true, true, true, true, true]",0,0.0,0,1,1,0.20375833299999613
s_curve--demand_conflict,s_curve,demand_conflict,mismatch_1p35,dynamic_mismatch,1.35,0.0,0,1.35,1321,violation_safe,5.029261902414637,0.5433973851147211,0.5433973851147211,0.3505109029311643,0.10804714402601036,1.0,0.0,1.0797475352387007,0.3546520270892552,0.32845828817831196,0.3505109029311643,2,"[[3, 4], [3, 4], [2, 3], [2, 4]]","[true, true, true, true, true]",0,4.0,0,1,1,0.20649741700003688
s_curve--demand_conflict,s_curve,demand_conflict,mismatch_1p35,dynamic_mismatch,1.35,0.0,0,1.35,1321,dual_anchor_dynamic,5.029261902414637,0.5100603391334194,0.5100603391334194,0.34242526829132075,0.10141852801273492,1.0,0.0,1.0797475352387007,0.30673464919300064,0.28407997164373294,0.34242526829132075,1,"[[3, 4], [3, 4], [2, 4], [2, 4]]","[true, true, true, true, true]",0,4.0,0,1,1,0.21443962500001135
s_curve--demand_conflict,s_curve,demand_conflict,mismatch_1p35,dynamic_mismatch,1.35,0.0,0,1.35,1361,full_trajectory,4.723569241304898,0.518714040433346,0.518714040433346,0.35607677922709446,0.10981400164466519,1.0,0.0,1.0195902430376755,0.19239636919527667,0.18869969628393876,0.35607677922709446,0,"[[0, 1, 2, 3, 4, 5], [0, 1, 2, 3, 4, 5], [0, 1, 2, 3, 4, 5], [0, 1, 2, 3, 4, 5]]","[true, true, true, true, true]",0,0.0,0,1,1,0.2377525410000203
s_curve--demand_conflict,s_curve,demand_conflict,mismatch_1p35,dynamic_mismatch,1.35,0.0,0,1.35,1361,error_peak_dynamic,4.723569241304898,0.48643169343056714,0.48643169343056714,0.3445989853969746,0.10297968942150812,1.0,0.0,1.0195902430376755,0.3203075365578302,0.31415319903761996,0.3445989853969746,1,"[[3, 4], [3, 4], [2, 4], [2, 4]]","[true, true, true, true, true]",0,0.0,0,1,1,0.20246570800003383
s_curve--demand_conflict,s_curve,demand_conflict,mismatch_1p35,dynamic_mismatch,1.35,0.0,0,1.35,1361,violation_safe,4.723569241304898,0.6923515089264598,0.6923515089264598,0.3581088361190996,0.14657380331640824,1.0,0.0,1.0195902430376755,0.35146620441962856,0.3447131892636612,0.3581088361190996,2,"[[3, 4], [3, 4], [1, 2], [3, 4]]","[true, true, true, true, true]",0,4.0,0,1,1,0.19186324999998305
s_curve--demand_conflict,s_curve,demand_conflict,mismatch_1p35,dynamic_mismatch,1.35,0.0,0,1.35,1361,dual_anchor_dynamic,4.723569241304898,0.44471693447470784,0.44471693447470784,0.33580598279863916,0.09414849486822673,1.0,0.0,1.0195902430376755,0.27924141587417267,0.2738761161956845,0.33580598279863916,1,"[[3, 4], [3, 4], [2, 4], [2, 4]]","[true, true, true, true, true]",0,4.0,0,1,1,0.24939095799999222
s_curve--demand_conflict,s_curve,demand_conflict,mismatch_1p35,dynamic_mismatch,1.35,0.0,0,1.35,1381,full_trajectory,5.958149149004267,1.1542131731712193,1.1542131731712193,0.42830174680986877,0.1937200872798078,1.0,0.5,1.2829030713723752,0.45844822001342833,0.3573521883636985,0.42830174680986877,0,"[[0, 1, 2, 3, 4, 5], [0, 1, 2, 3, 4, 5], [0, 1, 2, 3, 4, 5], [0, 1, 2, 3, 4, 5]]","[true, true, true, true, true]",0,0.0,0,1,1,0.2630212500000084
s_curve--demand_conflict,s_curve,demand_conflict,mismatch_1p35,dynamic_mismatch,1.35,0.0,0,1.35,1381,error_peak_dynamic,5.958149149004267,0.9655240412845933,0.9655240412845933,0.38950516771503946,0.1620510022724008,1.0,0.3333333333333333,1.2829030713723752,0.5987763698130762,0.4667354714277362,0.38950516771503946,1,"[[3, 4], [3, 4], [2, 4], [2, 4]]","[true, true, true, true, true]",0,0.0,0,1,1,0.21382883400002584
s_curve--demand_conflict,s_curve,demand_conflict,mismatch_1p35,dynamic_mismatch,1.35,0.0,0,1.35,1381,violation_safe,5.958149149004267,0.9467556811244309,0.9467556811244309,0.39102622702852274,0.15890097032610434,1.0,0.16666666666666666,1.2829030713723752,0.5907042251046237,0.4604433789941142,0.39102622702852274,2,"[[3, 4], [3, 4], [2, 3], [2, 4]]","[true, true, true, true, true]",0,4.0,0,1,1,0.21536062500001663
s_curve--demand_conflict,s_curve,demand_conflict,mismatch_1p35,dynamic_mismatch,1.35,0.0,0,1.35,1381,dual_anchor_dynamic,5.958149149004267,0.9330866230154996,0.9330866230154996,0.38771269088302207,0.1566067917536838,1.0,0.3333333333333333,1.2829030713723752,0.5557225072334524,0.4331757555455633,0.38771269088302207,1,"[[3, 4], [3, 4], [2, 4], [2, 4]]","[true, true, true, true, true]",0,4.0,0,1,1,0.24393145799996319
harmonic_loop--neutral,harmonic_loop,neutral,mismatch_1p70,dynamic_mismatch,1.7,0.0,0,1.7,1301,full_trajectory,3.425297494189355,0.510891484061799,0.510891484061799,0.4052330575424876,0.1491524414823737,0.6666666666666666,0.0,0.5144115362259252,0.09463185503538946,0.18396137794590195,0.4052330575424876,0,"[[0, 1, 2, 3, 4, 5], [0, 1, 2, 3, 4, 5], [0, 1, 2, 3, 4, 5], [0, 1, 2, 3, 4, 5]]","[true, true, true, true, true]",0,0.0,0,1,1,0.2389435830000366
harmonic_loop--neutral,harmonic_loop,neutral,mismatch_1p70,dynamic_mismatch,1.7,0.0,0,1.7,1301,error_peak_dynamic,3.425297494189355,0.4910435959849298,0.4910435959849298,0.35250499558261217,0.14335794097240662,0.6666666666666666,0.0,0.5144115362259252,0.11814523826914305,0.22967066239598224,0.35250499558261217,2,"[[2, 3], [2, 3], [3, 4], [1, 2]]","[true, true, true, true, true]",0,0.0,0,1,1,0.22883641699996815
harmonic_loop--neutral,harmonic_loop,neutral,mismatch_1p70,dynamic_mismatch,1.7,0.0,0,1.7,1301,violation_safe,3.425297494189355,0.48770629726421216,0.48770629726421216,0.34706733449779564,0.14238363181345648,0.6666666666666666,0.0,0.5144115362259252,0.11628432973844567,0.22605311418866506,0.34706733449779564,3,"[[2, 3], [3, 4], [2, 3], [1, 4]]","[true, true, true, true, true]",0,4.0,0,1,1,0.21738704099999495
harmonic_loop--neutral,harmonic_loop,neutral,mismatch_1p70,dynamic_mismatch,1.7,0.0,0,1.7,1301,dual_anchor_dynamic,3.425297494189355,0.4785419721798277,0.4785419721798277,0.35204877156753356,0.13970814885177774,0.6666666666666666,0.0,0.5144115362259252,0.12141932204680647,0.236035379256114,0.35204877156753356,2,"[[2, 3], [2, 3], [3, 4], [2, 4]]","[true, true, true, true, true]",0,4.0,0,1,1,0.2262868330000174
harmonic_loop--neutral,harmonic_loop,neutral,mismatch_1p70,dynamic_mismatch,1.7,0.0,0,1.7,1321,full_trajectory,9.028643760564462,3.0297886239874936,3.0297886239874936,0.49716533809028784,0.3355751654773534,0.8333333333333334,0.5,1.3956504801877694,0.6206886577061742,0.444730730592854,0.49716533809028784,0,"[[0, 1, 2, 3, 4, 5], [0, 1, 2, 3, 4, 5], [0, 1, 2, 3, 4, 5], [0, 1, 2, 3, 4, 5]]","[true, true, true, true, true]",0,0.0,0,1,1,0.31274612499998966
harmonic_loop--neutral,harmonic_loop,neutral,mismatch_1p70,dynamic_mismatch,1.7,0.0,0,1.7,1321,error_peak_dynamic,9.028643760564462,2.1784400950785834,2.1784400950785834,0.4290824264872873,0.241280988911494,0.8333333333333334,0.6666666666666666,1.3956504801877694,0.6613273661777183,0.47384884365084295,0.4290824264872873,3,"[[3, 4], [1, 3], [1, 4], [3, 4]]","[true, true, true, true, true]",0,0.0,0,1,1,0.28071299999999155
harmonic_loop--neutral,harmonic_loop,neutral,mismatch_1p70,dynamic_mismatch,1.7,0.0,0,1.7,1321,violation_safe,9.028643760564462,2.3592071224009183,2.834972727305137,0.4170711154184692,0.2613024929287301,0.8333333333333334,0.6666666666666666,1.3956504801877694,0.7078475294405593,0.5071810883089627,0.4170711154184692,3,"[[3, 4], [1, 3], [3, 4], [1, 4]]","[true, true, true, true, false]",1,2.0,0,1,1,0.2974287499999946
harmonic_loop--neutral,harmonic_loop,neutral,mismatch_1p70,dynamic_mismatch,1.7,0.0,0,1.7,1321,dual_anchor_dynamic,9.028643760564462,2.8224955784700825,3.121256833464927,0.4421355599837101,0.3126156766532588,0.8333333333333334,0.6666666666666666,1.3956504801877694,0.7753183833516551,0.5555247494683229,0.4421355599837101,2,"[[3, 4], [1, 3], [1, 4], [1, 4]]","[true, true, true, false, false]",2,1.0,0,1,1,0.34201637500001425
harmonic_loop--neutral,harmonic_loop,neutral,mismatch_1p70,dynamic_mismatch,1.7,0.0,0,1.7,1361,full_trajectory,9.645758490649834,2.436261269979725,2.436261269979725,0.4487985366883369,0.2525733224962378,1.0,0.5,1.4044314414317882,0.48945329858218356,0.3485063664504664,0.4487985366883369,0,"[[0, 1, 2, 3, 4, 5], [0, 1, 2, 3, 4, 5], [0, 1, 2, 3, 4, 5], [0, 1, 2, 3, 4, 5]]","[true, true, true, true, true]",0,0.0,0,1,1,0.3239637079999511
harmonic_loop--neutral,harmonic_loop,neutral,mismatch_1p70,dynamic_mismatch,1.7,0.0,0,1.7,1361,error_peak_dynamic,9.645758490649834,2.2672774425988242,2.2672774425988242,0.38706488196212535,0.2350543448497722,1.0,0.5,1.4044314414317882,0.5117379126960749,0.3643737227745122,0.38706488196212535,3,"[[1, 3], [3, 4], [1, 3], [1, 4]]","[true, true, true, true, true]",0,0.0,0,1,1,0.2761266670000282
harmonic_loop--neutral,harmonic_loop,neutral,mismatch_1p70,dynamic_mismatch,1.7,0.0,0,1.7,1361,violation_safe,9.645758490649834,1.896335057095782,2.2266291330436547,0.3748042370924234,0.19659781643237326,1.0,0.6666666666666666,1.4044314414317882,0.6174694734016989,0.43965796776252875,0.3748042370924234,2,"[[1, 3], [3, 4], [3, 4], [1, 4]]","[true, true, true, true, false]",1,2.0,0,1,1,0.3103428330000497
harmonic_loop--neutral,harmonic_loop,neutral,mismatch_1p70,dynamic_mismatch,1.7,0.0,0,1.7,1361,dual_anchor_dynamic,9.645758490649834,2.2684316494750334,2.349063779729277,0.38812475632568283,0.23517400437445632,1.0,0.6666666666666666,1.4044314414317882,0.6947133697255621,0.4946580867039807,0.38812475632568283,2,"[[1, 3], [3, 4], [1, 3], [1, 3]]","[true, true, true, false, false]",2,1.0,0,1,1,0.274246584000025
harmonic_loop--neutral,harmonic_loop,neutral,mismatch_1p70,dynamic_mismatch,1.7,0.0,0,1.7,1381,full_trajectory,11.317333005589107,4.002907335995565,4.002907335995565,0.5132574895308064,0.3536970533621936,1.0,0.6666666666666666,1.597171361798635,0.8216173737248006,0.5144203016510053,0.5132574895308064,0,"[[0, 1, 2, 3, 4, 5], [0, 1, 2, 3, 4, 5], [0, 1, 2, 3, 4, 5], [0, 1, 2, 3, 4, 5]]","[true, true, true, true, true]",0,0.0,0,1,1,0.3195921250000424
harmonic_loop--neutral,harmonic_loop,neutral,mismatch_1p70,dynamic_mismatch,1.7,0.0,0,1.7,1381,error_peak_dynamic,11.317333005589107,4.010685464161353,4.010685464161353,0.45501899404110135,0.3543843290800634,1.0,0.6666666666666666,1.597171361798635,0.8055846203944017,0.5043820842662758,0.45501899404110135,3,"[[1, 3], [3, 4], [1, 3], [1, 4]]","[true, true, true, true, true]",0,0.0,0,1,1,0.2875690410000402
harmonic_loop--neutral,harmonic_loop,neutral,mismatch_1p70,dynamic_mismatch,1.7,0.0,0,1.7,1381,violation_safe,11.317333005589107,2.9430676760921903,3.8307879915650442,0.43363650401476483,0.26004957834489323,1.0,0.6666666666666666,1.597171361798635,0.9049144699939436,0.5665731878481,0.43363650401476483,2,"[[1, 3], [3, 4], [3, 4], [1, 4]]","[true, true, true, true, false]",1,2.0,0,1,1,0.28999495799996566
harmonic_loop--neutral,harmonic_loop,neutral,mismatch_1p70,dynamic_mismatch,1.7,0.0,0,1.7,1381,dual_anchor_dynamic,11.317333005589107,3.4533234977857594,3.8210899802609877,0.4529249109673028,0.3051358032921999,1.0,0.6666666666666666,1.597171361798635,0.9663401286018557,0.605032216150948,0.4529249109673028,2,"[[1, 3], [3, 4], [1, 3], [1, 3]]","[true, true, true, false, false]",2,1.0,0,1,1,0.2748844579999741
harmonic_loop--demand_aligned,harmonic_loop,demand_aligned,mismatch_1p70,dynamic_mismatch,1.7,0.0,0,1.7,1301,full_trajectory,5.705189452606076,0.8110938254571587,0.8110938254571587,0.3981872997092616,0.14216772855573775,0.6666666666666666,0.16666666666666666,0.5144115362259252,0.09463185503538946,0.18396137794590195,0.3981872997092616,0,"[[0, 1, 2, 3, 4, 5], [0, 1, 2, 3, 4, 5], [0, 1, 2, 3, 4, 5], [0, 1, 2, 3, 4, 5]]","[true, true, true, true, true]",0,0.0,0,1,1,0.2361503749999656
harmonic_loop--demand_aligned,harmonic_loop,demand_aligned,mismatch_1p70,dynamic_mismatch,1.7,0.0,0,1.7,1301,error_peak_dynamic,5.705189452606076,0.7609965126180508,0.7609965126180508,0.36371062677343663,0.1333867207986292,0.6666666666666666,0.0,0.5144115362259252,0.20540336062783526,0.39929773374604854,0.36371062677343663,3,"[[2, 3], [1, 3], [2, 4], [1, 3]]","[true, true, true, true, true]",0,0.0,0,1,1,0.16293533300000718
harmonic_loop--demand_aligned,harmonic_loop,demand_aligned,mismatch_1p70,dynamic_mismatch,1.7,0.0,0,1.7,1301,violation_safe,5.705189452606076,0.9392521102339999,1.049255008478228,0.34736760223596475,0.16463118675313376,0.6666666666666666,0.16666666666666666,0.5144115362259252,0.24324997760621953,0.47287037804569415,0.34736760223596475,3,"[[2, 3], [1, 3], [3, 4], [1, 2]]","[true, true, true, true, false]",1,2.0,0,1,1,0.15752883300001486
harmonic_loop--demand_aligned,harmonic_loop,demand_aligned,mismatch_1p70,dynamic_mismatch,1.7,0.0,0,1.7,1301,dual_anchor_dynamic,5.705189452606076,0.4566348144862925,0.4566348144862925,0.31761151385165565,0.08003850148704635,0.6666666666666666,0.0,0.5144115362259252,0.12576197311360807,0.24447735763525816,0.31761151385165565,2,"[[2, 3], [2, 3], [3, 4], [2, 3]]","[true, true, true, true, true]",0,4.0,0,1,1,0.2307080829999677
harmonic_loop--demand_aligned,harmonic_loop,demand_aligned,mismatch_1p70,dynamic_mismatch,1.7,0.0,0,1.7,1321,full_trajectory,15.240936200548836,4.806815121070358,4.806815121070358,0.48036960298901143,0.3153884418791321,0.6666666666666666,0.6666666666666666,1.3956504801877694,0.6206886577061742,0.444730730592854,0.48036960298901143,0,"[[0, 1, 2, 3, 4, 5], [0, 1, 2, 3, 4, 5], [0, 1, 2, 3, 4, 5], [0, 1, 2, 3, 4, 5]]","[true, true, true, true, true]",0,0.0,0,1,1,0.31734524999995983
harmonic_loop--demand_aligned,harmonic_loop,demand_aligned,mismatch_1p70,dynamic_mismatch,1.7,0.0,0,1.7,1321,error_peak_dynamic,15.240936200548836,3.5279622046294676,3.5279622046294676,0.4005306710211516,0.23147936309204048,0.6666666666666666,0.6666666666666666,1.3956504801877694,0.7848586921082458,0.5623604930101495,0.4005306710211516,3,"[[3, 4], [1, 3], [1, 4], [1, 3]]","[true, true, true, true, true]",0,0.0,0,1,1,0.21316854200000535
harmonic_loop--demand_aligned,harmonic_loop,demand_aligned,mismatch_1p70,dynamic_mismatch,1.7,0.0,0,1.7,1321,violation_safe,15.240936200548836,2.958927909784797,2.9839168763753348,0.35645546164757785,0.1941434483321467,0.6666666666666666,0.6666666666666666,1.3956504801877694,0.8225862855729239,0.5893927578932614,0.35645546164757785,2,"[[2, 3], [3, 4], [3, 4], [1, 3]]","[true, true, true, true, false]",1,2.0,0,1,1,0.20562075000003688
harmonic_loop--demand_aligned,harmonic_loop,demand_aligned,mismatch_1p70,dynamic_mismatch,1.7,0.0,0,1.7,1321,dual_anchor_dynamic,15.240936200548836,3.1020416646531275,3.1020416646531275,0.37674050983577645,0.20353353782436417,0.6666666666666666,0.6666666666666666,1.3956504801877694,0.6727545746869827,0.4820365730798667,0.37674050983577645,2,"[[3, 4], [1, 3], [3, 4], [3, 4]]","[true, true, true, true, true]",0,4.0,0,1,1,0.36398783399999957
harmonic_loop--demand_aligned,harmonic_loop,demand_aligned,mismatch_1p70,dynamic_mismatch,1.7,0.0,0,1.7,1361,full_trajectory,16.368793432999457,3.849377639185125,3.849377639185125,0.4359809832357411,0.2351656311713719,0.8333333333333334,0.6666666666666666,1.4044314414317882,0.48945329858218356,0.3485063664504664,0.4359809832357411,0,"[[0, 1, 2, 3, 4, 5], [0, 1, 2, 3, 4, 5], [0, 1, 2, 3, 4, 5], [0, 1, 2, 3, 4, 5]]","[true, true, true, true, true]",0,0.0,0,1,1,0.32462612500000887
harmonic_loop--demand_aligned,harmonic_loop,demand_aligned,mismatch_1p70,dynamic_mismatch,1.7,0.0,0,1.7,1361,error_peak_dynamic,16.368793432999457,2.4340482303048288,2.4340482303048288,0.34302988956800323,0.14870052825016364,0.8333333333333334,0.6666666666666666,1.4044314414317882,0.6946088517216505,0.4945836665501532,0.34302988956800323,3,"[[1, 3], [3, 4], [1, 3], [3, 4]]","[true, true, true, true, true]",0,0.0,0,1,1,0.2011229999999955
harmonic_loop--demand_aligned,harmonic_loop,demand_aligned,mismatch_1p70,dynamic_mismatch,1.7,0.0,0,1.7,1361,violation_safe,16.368793432999457,2.383893379435994,2.383893379435994,0.3331250006345884,0.1456364752352528,0.8333333333333334,0.6666666666666666,1.4044314414317882,0.7049888608768974,0.5019745642821668,0.3331250006345884,3,"[[2, 3], [3, 4], [1, 3], [3, 4]]","[true, true, true, true, true]",0,4.0,0,1,1,0.19310600000000022
harmonic_loop--demand_aligned,harmonic_loop,demand_aligned,mismatch_1p70,dynamic_mismatch,1.7,0.0,0,1.7,1361,dual_anchor_dynamic,16.368793432999457,2.4359421312905725,2.4359421312905725,0.3498903141598195,0.1488162301797833,0.8333333333333334,0.6666666666666666,1.4044314414317882,0.565531540833296,0.40267650249751497,0.3498903141598195,3,"[[1, 3], [3, 4], [1, 3], [3, 4]]","[true, true, true, true, true]",0,4.0,0,1,1,0.2682752089999667
harmonic_loop--demand_aligned,harmonic_loop,demand_aligned,mismatch_1p70,dynamic_mismatch,1.7,0.0,0,1.7,1381,full_trajectory,19.210467441820207,6.273080660523804,6.273080660523804,0.4929142653677202,0.3265449255476016,0.6666666666666666,0.6666666666666666,1.597171361798635,0.8216173737248006,0.5144203016510053,0.4929142653677202,0,"[[0, 1, 2, 3, 4, 5], [0, 1, 2, 3, 4, 5], [0, 1, 2, 3, 4, 5], [0, 1, 2, 3, 4, 5]]","[true, true, true, true, true]",0,0.0,0,1,1,0.305357416999982
harmonic_loop--demand_aligned,harmonic_loop,demand_aligned,mismatch_1p70,dynamic_mismatch,1.7,0.0,0,1.7,1381,error_peak_dynamic,19.210467441820207,6.30741014681655,6.30741014681655,0.4170657875362009,0.32833194537919674,0.6666666666666666,0.6666666666666666,1.597171361798635,0.9198715164504192,0.5759378977434939,0.4170657875362009,2,"[[1, 3], [1, 3], [3, 4], [1, 4]]","[true, true, true, true, true]",0,0.0,0,1,1,0.2127267920000122
harmonic_loop--demand_aligned,harmonic_loop,demand_aligned,mismatch_1p70,dynamic_mismatch,1.7,0.0,0,1.7,1381,violation_safe,19.210467441820207,4.205792895832668,4.205792895832668,0.4033908388568629,0.21893235594449262,0.6666666666666666,0.6666666666666666,1.597171361798635,1.0366656846770994,0.6490635316110797,0.4033908388568629,2,"[[1, 3], [1, 3], [3, 4], [2, 3]]","[true, true, true, true, true]",0,4.0,0,1,1,0.21292812499996217
harmonic_loop--demand_aligned,harmonic_loop,demand_aligned,mismatch_1p70,dynamic_mismatch,1.7,0.0,0,1.7,1381,dual_anchor_dynamic,19.210467441820207,4.2975722260460385,4.2975722260460385,0.4065699525958067,0.2237099247616663,0.6666666666666666,0.6666666666666666,1.597171361798635,0.8803445569096702,0.5511897958890779,0.4065699525958067,3,"[[1, 3], [3, 4], [1, 3], [3, 4]]","[true, true, true, true, true]",0,4.0,0,1,1,0.2787572080000018
harmonic_loop--demand_conflict,harmonic_loop,demand_conflict,mismatch_1p70,dynamic_mismatch,1.7,0.0,0,1.7,1301,full_trajectory,1.9239793697545398,0.40316844926959244,0.40316844926959244,0.44829921268839146,0.20954925796373194,0.6666666666666666,0.0,0.5144115362259252,0.09463185503538946,0.18396137794590195,0.44829921268839146,0,"[[0, 1, 2, 3, 4, 5], [0, 1, 2, 3, 4, 5], [0, 1, 2, 3, 4, 5], [0, 1, 2, 3, 4, 5]]","[true, true, true, true, true]",0,0.0,0,1,1,0.23617116700000906
harmonic_loop--demand_conflict,harmonic_loop,demand_conflict,mismatch_1p70,dynamic_mismatch,1.7,0.0,0,1.7,1301,error_peak_dynamic,1.9239793697545398,0.39387870094536115,0.39387870094536115,0.45654785445161455,0.20472085467091675,0.6666666666666666,0.0,0.5144115362259252,0.1616771282033792,0.3142953001978789,0.45654785445161455,3,"[[2, 3], [3, 4], [1, 2], [3, 4]]","[true, true, true, true, true]",0,0.0,0,1,1,0.18536516599999686
harmonic_loop--demand_conflict,harmonic_loop,demand_conflict,mismatch_1p70,dynamic_mismatch,1.7,0.0,0,1.7,1301,violation_safe,1.9239793697545398,0.5165371346263156,0.5165371346263156,0.47093910988970056,0.2684733229193695,0.6666666666666666,0.0,0.5144115362259252,0.1650967377612811,0.3209429146409578,0.47093910988970056,3,"[[3, 4], [1, 2], [3, 4], [1, 2]]","[true, true, true, true, true]",0,4.0,0,1,1,0.1962130839999645
harmonic_loop--demand_conflict,harmonic_loop,demand_conflict,mismatch_1p70,dynamic_mismatch,1.7,0.0,0,1.7,1301,dual_anchor_dynamic,1.9239793697545398,0.4301321280761684,0.4309300468822634,0.43384001075081297,0.22356379430983422,0.6666666666666666,0.0,0.5144115362259252,0.15544423017806114,0.302178740621772,0.43384001075081297,3,"[[2, 3], [3, 4], [2, 4], [1, 3]]","[true, true, true, true, false]",1,2.0,0,1,1,0.21585454200004506
harmonic_loop--demand_conflict,harmonic_loop,demand_conflict,mismatch_1p70,dynamic_mismatch,1.7,0.0,0,1.7,1321,full_trajectory,4.972388544668377,2.6502867631983156,2.6502867631983156,0.6250148733106551,0.5330007378526512,1.0,0.5,1.3956504801877694,0.6206886577061742,0.444730730592854,0.6250148733106551,0,"[[0, 1, 2, 3, 4, 5], [0, 1, 2, 3, 4, 5], [0, 1, 2, 3, 4, 5], [0, 1, 2, 3, 4, 5]]","[true, true, true, true, true]",0,0.0,0,1,1,0.3144407910000382
harmonic_loop--demand_conflict,harmonic_loop,demand_conflict,mismatch_1p70,dynamic_mismatch,1.7,0.0,0,1.7,1321,error_peak_dynamic,4.972388544668377,2.5463964597795465,2.5463964597795465,0.534774629017333,0.5121072975099482,1.0,0.5,1.3956504801877694,0.7291414914264839,0.5224384627649653,0.534774629017333,3,"[[3, 4], [1, 3], [3, 4], [1, 3]]","[true, true, true, true, true]",0,0.0,0,1,1,0.2521173339999905
harmonic_loop--demand_conflict,harmonic_loop,demand_conflict,mismatch_1p70,dynamic_mismatch,1.7,0.0,0,1.7,1321,violation_safe,4.972388544668377,2.3404630021258925,2.3404630021258925,0.5558258633280981,0.4706918980889867,1.0,0.6666666666666666,1.3956504801877694,0.8532244058148828,0.6113453317481686,0.5558258633280981,1,"[[3, 4], [1, 3], [1, 3], [1, 3]]","[true, true, false, false, true]",2,1.15,0,1,1,0.2588804999999752
harmonic_loop--demand_conflict,harmonic_loop,demand_conflict,mismatch_1p70,dynamic_mismatch,1.7,0.0,0,1.7,1321,dual_anchor_dynamic,4.972388544668377,2.3158880093073657,2.7994804843603998,0.5957172538361102,0.46574960675399496,1.0,0.6666666666666666,1.3956504801877694,0.9015951331979696,0.6460035273850727,0.5957172538361102,1,"[[3, 4], [1, 3], [1, 3], [1, 3]]","[true, true, false, false, false]",3,0.5,0,1,1,0.273862500000007
harmonic_loop--demand_conflict,harmonic_loop,demand_conflict,mismatch_1p70,dynamic_mismatch,1.7,0.0,0,1.7,1361,full_trajectory,5.237538187019567,2.1507220980999766,2.1507220980999766,0.539546104797469,0.4106360700968655,1.0,0.5,1.4044314414317882,0.48945329858218356,0.3485063664504664,0.539546104797469,0,"[[0, 1, 2, 3, 4, 5], [0, 1, 2, 3, 4, 5], [0, 1, 2, 3, 4, 5], [0, 1, 2, 3, 4, 5]]","[true, true, true, true, true]",0,0.0,0,1,1,0.3048723340000379
harmonic_loop--demand_conflict,harmonic_loop,demand_conflict,mismatch_1p70,dynamic_mismatch,1.7,0.0,0,1.7,1361,error_peak_dynamic,5.237538187019567,1.5056370607679919,1.5056370607679919,0.46963362607760006,0.28747037386753227,1.0,0.5,1.4044314414317882,0.6446503268611846,0.459011602733685,0.46963362607760006,3,"[[1, 3], [3, 4], [1, 3], [3, 4]]","[true, true, true, true, true]",0,0.0,0,1,1,0.23437458399996558
harmonic_loop--demand_conflict,harmonic_loop,demand_conflict,mismatch_1p70,dynamic_mismatch,1.7,0.0,0,1.7,1361,violation_safe,5.237538187019567,1.776964683259631,1.9966601077701205,0.46982858241373937,0.33927479281460227,1.0,0.5,1.4044314414317882,0.674760404832958,0.4804509390255846,0.46982858241373937,3,"[[3, 4], [1, 3], [1, 4], [1, 3]]","[true, true, true, true, false]",1,2.0,0,1,1,0.22856458300003624
harmonic_loop--demand_conflict,harmonic_loop,demand_conflict,mismatch_1p70,dynamic_mismatch,1.7,0.0,0,1.7,1361,dual_anchor_dynamic,5.237538187019567,1.5360132199452103,1.5360132199452103,0.45813414679349385,0.2932700755771066,1.0,0.5,1.4044314414317882,0.5115730542210919,0.3642563382798907,0.45813414679349385,2,"[[1, 3], [3, 4], [3, 4], [1, 4]]","[true, true, true, true, true]",0,4.0,0,1,1,0.2781565409999871
harmonic_loop--demand_conflict,harmonic_loop,demand_conflict,mismatch_1p70,dynamic_mismatch,1.7,0.0,0,1.7,1381,full_trajectory,6.1327822354918355,3.764914691863698,3.764914691863698,0.6715438709242644,0.6138999474129804,1.0,0.5,1.597171361798635,0.8216173737248006,0.5144203016510053,0.6715438709242644,0,"[[0, 1, 2, 3, 4, 5], [0, 1, 2, 3, 4, 5], [0, 1, 2, 3, 4, 5], [0, 1, 2, 3, 4, 5]]","[true, true, true, true, true]",0,0.0,0,1,1,0.3038950830000431
harmonic_loop--demand_conflict,harmonic_loop,demand_conflict,mismatch_1p70,dynamic_mismatch,1.7,0.0,0,1.7,1381,error_peak_dynamic,6.1327822354918355,2.203250166354913,2.203250166354913,0.5823161112646493,0.3592578509643132,1.0,0.8333333333333334,1.597171361798635,0.9623818082845949,0.6025538845129431,0.5823161112646493,1,"[[1, 3], [1, 3], [3, 4], [3, 4]]","[true, true, true, true, true]",0,0.0,0,1,1,0.26338912500000333
harmonic_loop--demand_conflict,harmonic_loop,demand_conflict,mismatch_1p70,dynamic_mismatch,1.7,0.0,0,1.7,1381,violation_safe,6.1327822354918355,2.7899111511396812,2.7899111511396812,0.5549836253818463,0.4549176937987162,1.0,0.6666666666666666,1.597171361798635,1.0413310312195598,0.6519845372426899,0.5549836253818463,1,"[[3, 4], [1, 3], [1, 3], [1, 3]]","[true, true, false, false, true]",2,1.15,0,1,1,0.2632272920000105
harmonic_loop--demand_conflict,harmonic_loop,demand_conflict,mismatch_1p70,dynamic_mismatch,1.7,0.0,0,1.7,1381,dual_anchor_dynamic,6.1327822354918355,2.586377185781897,2.586377185781897,0.5555940244452844,0.421729826116103,1.0,0.8333333333333334,1.597171361798635,0.7854395915971643,0.49176914286307455,0.5555940244452844,2,"[[1, 3], [3, 4], [3, 4], [1, 4]]","[true, true, true, true, true]",0,4.0,0,1,1,0.27960054199996875
ellipse--neutral,ellipse,neutral,mismatch_1p70,dynamic_mismatch,1.7,0.0,0,1.7,1301,full_trajectory,2.463306843617138,0.07673247891924793,0.07673247891924793,0.27974871083527575,0.031150191101070215,0.5,0.0,0.44738166607365387,0.012717598940368323,0.02842673248544473,0.27974871083527575,0,"[[0, 1, 2, 3, 4, 5], [0, 1, 2, 3, 4, 5], [0, 1, 2, 3, 4, 5], [0, 1, 2, 3, 4, 5]]","[true, true, true, true, true]",0,0.0,0,1,1,0.15611674999996694
ellipse--neutral,ellipse,neutral,mismatch_1p70,dynamic_mismatch,1.7,0.0,0,1.7,1301,error_peak_dynamic,2.463306843617138,0.057552739480615386,0.057552739480615386,0.2649327536342644,0.02336401558325739,0.5,0.0,0.44738166607365387,0.014174194402059798,0.03168255535917794,0.2649327536342644,1,"[[3, 4], [3, 4], [3, 4], [1, 3]]","[true, true, true, true, true]",0,0.0,0,1,1,0.15766370900001903
ellipse--neutral,ellipse,neutral,mismatch_1p70,dynamic_mismatch,1.7,0.0,0,1.7,1301,violation_safe,2.463306843617138,0.057552739480615386,0.057552739480615386,0.2649327536342644,0.02336401558325739,0.5,0.0,0.44738166607365387,0.014174194402059798,0.03168255535917794,0.2649327536342644,1,"[[3, 4], [3, 4], [3, 4], [1, 3]]","[true, true, true, true, true]",0,4.0,0,1,1,0.16396450000002005
ellipse--neutral,ellipse,neutral,mismatch_1p70,dynamic_mismatch,1.7,0.0,0,1.7,1301,dual_anchor_dynamic,2.463306843617138,0.057552739480615386,0.057552739480615386,0.2649327536342644,0.02336401558325739,0.5,0.0,0.44738166607365387,0.014174194402059798,0.03168255535917794,0.2649327536342644,1,"[[3, 4], [3, 4], [3, 4], [1, 3]]","[true, true, true, true, true]",0,4.0,0,1,1,0.16399220800002468
ellipse--neutral,ellipse,neutral,mismatch_1p70,dynamic_mismatch,1.7,0.0,0,1.7,1321,full_trajectory,9.164502871387157,0.44884235014787144,0.44884235014787144,0.2983559218437535,0.04897618086292702,0.8333333333333334,0.0,1.7681334441792118,0.0736758194740983,0.041668698545713825,0.2983559218437535,0,"[[0, 1, 2, 3, 4, 5], [0, 1, 2, 3, 4, 5], [0, 1, 2, 3, 4, 5], [0, 1, 2, 3, 4, 5]]","[true, true, true, true, true]",0,0.0,0,1,1,0.18623145899999827
ellipse--neutral,ellipse,neutral,mismatch_1p70,dynamic_mismatch,1.7,0.0,0,1.7,1321,error_peak_dynamic,9.164502871387157,0.37804869078418724,0.37804869078418724,0.2876784980521481,0.041251412770517804,0.8333333333333334,0.0,1.7681334441792118,0.07619509239927297,0.04309351912894992,0.2876784980521481,1,"[[2, 4], [2, 4], [1, 2], [1, 2]]","[true, true, true, true, true]",0,0.0,0,1,1,0.19722712499998352
ellipse--neutral,ellipse,neutral,mismatch_1p70,dynamic_mismatch,1.7,0.0,0,1.7,1321,violation_safe,9.164502871387157,0.37804869078418724,0.37804869078418724,0.2876784980521481,0.041251412770517804,0.8333333333333334,0.0,1.7681334441792118,0.07619509239927297,0.04309351912894992,0.2876784980521481,1,"[[2, 4], [2, 4], [1, 2], [1, 2]]","[true, true, true, true, true]",0,4.0,0,1,1,0.19752887499998906
ellipse--neutral,ellipse,neutral,mismatch_1p70,dynamic_mismatch,1.7,0.0,0,1.7,1321,dual_anchor_dynamic,9.164502871387157,0.37804869078418724,0.37804869078418724,0.2876784980521481,0.041251412770517804,0.8333333333333334,0.0,1.7681334441792118,0.07619509239927297,0.04309351912894992,0.2876784980521481,1,"[[2, 4], [2, 4], [1, 2], [1, 2]]","[true, true, true, true, true]",0,4.0,0,1,1,0.19901937499997757
ellipse--neutral,ellipse,neutral,mismatch_1p70,dynamic_mismatch,1.7,0.0,0,1.7,1361,full_trajectory,9.53345916746023,0.4865111270621151,0.4865111270621151,0.29595632451802545,0.05103196211535509,0.8333333333333334,0.0,1.7991672817684776,0.07962254027233741,0.044255217999558685,0.29595632451802545,0,"[[0, 1, 2, 3, 4, 5], [0, 1, 2, 3, 4, 5], [0, 1, 2, 3, 4, 5], [0, 1, 2, 3, 4, 5]]","[true, true, true, true, true]",0,0.0,0,1,1,0.18013408299998446
ellipse--neutral,ellipse,neutral,mismatch_1p70,dynamic_mismatch,1.7,0.0,0,1.7,1361,error_peak_dynamic,9.53345916746023,0.4344847994318358,0.4344847994318358,0.2874305550989019,0.04557472705341069,0.8333333333333334,0.0,1.7991672817684776,0.08208591321411135,0.045624391931708336,0.2874305550989019,2,"[[3, 4], [2, 4], [1, 2], [1, 2]]","[true, true, true, true, true]",0,0.0,0,1,1,0.21319895800002087
ellipse--neutral,ellipse,neutral,mismatch_1p70,dynamic_mismatch,1.7,0.0,0,1.7,1361,violation_safe,9.53345916746023,0.4344847994318358,0.4344847994318358,0.2874305550989019,0.04557472705341069,0.8333333333333334,0.0,1.7991672817684776,0.08208591321411135,0.045624391931708336,0.2874305550989019,2,"[[3, 4], [2, 4], [1, 2], [1, 2]]","[true, true, true, true, true]",0,4.0,0,1,1,0.20360850000002984
ellipse--neutral,ellipse,neutral,mismatch_1p70,dynamic_mismatch,1.7,0.0,0,1.7,1361,dual_anchor_dynamic,9.53345916746023,0.4344847994318358,0.4344847994318358,0.2874305550989019,0.04557472705341069,0.8333333333333334,0.0,1.7991672817684776,0.08208591321411135,0.045624391931708336,0.2874305550989019,2,"[[3, 4], [2, 4], [1, 2], [1, 2]]","[true, true, true, true, true]",0,4.0,0,1,1,0.20401795899999797
ellipse--neutral,ellipse,neutral,mismatch_1p70,dynamic_mismatch,1.7,0.0,0,1.7,1381,full_trajectory,10.053585557552678,0.5299660677516969,0.5299660677516969,0.30311500424525784,0.052714135142915654,0.8333333333333334,0.0,1.8265010553665904,0.09409878371564348,0.051518603528404344,0.30311500424525784,0,"[[0, 1, 2, 3, 4, 5], [0, 1, 2, 3, 4, 5], [0, 1, 2, 3, 4, 5], [0, 1, 2, 3, 4, 5]]","[true, true, true, true, true]",0,0.0,0,1,1,0.17883570899999768
ellipse--neutral,ellipse,neutral,mismatch_1p70,dynamic_mismatch,1.7,0.0,0,1.7,1381,error_peak_dynamic,10.053585557552678,0.5151639448117169,0.5151639448117169,0.2961319396328309,0.05124181237257229,0.8333333333333334,0.0,1.8265010553665904,0.10149688281322308,0.05556902500275425,0.2961319396328309,2,"[[3, 4], [2, 4], [1, 2], [1, 2]]","[true, true, true, true, true]",0,0.0,0,1,1,0.21063741699998673
ellipse--neutral,ellipse,neutral,mismatch_1p70,dynamic_mismatch,1.7,0.0,0,1.7,1381,violation_safe,10.053585557552678,0.5151639448117169,0.5151639448117169,0.2961319396328309,0.05124181237257229,0.8333333333333334,0.0,1.8265010553665904,0.10149688281322308,0.05556902500275425,0.2961319396328309,2,"[[3, 4], [2, 4], [1, 2], [1, 2]]","[true, true, true, true, true]",0,4.0,0,1,1,0.2067222080000306
ellipse--neutral,ellipse,neutral,mismatch_1p70,dynamic_mismatch,1.7,0.0,0,1.7,1381,dual_anchor_dynamic,10.053585557552678,0.5151639448117169,0.5151639448117169,0.2961319396328309,0.05124181237257229,0.8333333333333334,0.0,1.8265010553665904,0.10149688281322308,0.05556902500275425,0.2961319396328309,2,"[[3, 4], [2, 4], [1, 2], [1, 2]]","[true, true, true, true, true]",0,4.0,0,1,1,0.20836533300001747
ellipse--demand_aligned,ellipse,demand_aligned,mismatch_1p70,dynamic_mismatch,1.7,0.0,0,1.7,1301,full_trajectory,3.5366573454117938,0.12389604237871918,0.12389604237871918,0.294967587098292,0.03503196105199534,0.3333333333333333,0.0,0.44738166607365387,0.012717598940368323,0.02842673248544473,0.294967587098292,0,"[[0, 1, 2, 3, 4, 5], [0, 1, 2, 3, 4, 5], [0, 1, 2, 3, 4, 5], [0, 1, 2, 3, 4, 5]]","[true, true, true, true, true]",0,0.0,0,1,1,0.1569989999999848
ellipse--demand_aligned,ellipse,demand_aligned,mismatch_1p70,dynamic_mismatch,1.7,0.0,0,1.7,1301,error_peak_dynamic,3.5366573454117938,0.1267520174284162,0.1267520174284162,0.28423554302452164,0.03583949618213798,0.3333333333333333,0.0,0.44738166607365387,0.027168175219868786,0.06072706433927939,0.28423554302452164,2,"[[3, 4], [3, 4], [1, 2], [1, 3]]","[true, true, true, true, true]",0,0.0,0,1,1,0.11435233399998879
ellipse--demand_aligned,ellipse,demand_aligned,mismatch_1p70,dynamic_mismatch,1.7,0.0,0,1.7,1301,violation_safe,3.5366573454117938,0.10398497292294076,0.10398497292294076,0.27673925088241996,0.029402049100923908,0.3333333333333333,0.0,0.44738166607365387,0.046259111349891184,0.10339965818419435,0.27673925088241996,1,"[[3, 4], [3, 4], [3, 4], [3, 5]]","[true, true, true, true, true]",0,4.0,0,1,1,0.11181191700001136
ellipse--demand_aligned,ellipse,demand_aligned,mismatch_1p70,dynamic_mismatch,1.7,0.0,0,1.7,1301,dual_anchor_dynamic,3.5366573454117938,0.08538189345284714,0.08538189345284714,0.27503640592309647,0.024141975066828428,0.3333333333333333,0.0,0.44738166607365387,0.014174194402059798,0.03168255535917794,0.27503640592309647,1,"[[3, 4], [3, 4], [3, 4], [1, 3]]","[true, true, true, true, true]",0,4.0,0,1,1,0.15937020799998436
ellipse--demand_aligned,ellipse,demand_aligned,mismatch_1p70,dynamic_mismatch,1.7,0.0,0,1.7,1321,full_trajectory,12.036475625335417,0.3873922040412588,0.3873922040412588,0.266433488891986,0.03218485344878214,0.8333333333333334,0.0,1.7681334441792118,0.0736758194740983,0.041668698545713825,0.266433488891986,0,"[[0, 1, 2, 3, 4, 5], [0, 1, 2, 3, 4, 5], [0, 1, 2, 3, 4, 5], [0, 1, 2, 3, 4, 5]]","[true, true, true, true, true]",0,0.0,0,1,1,0.1821609579999972
ellipse--demand_aligned,ellipse,demand_aligned,mismatch_1p70,dynamic_mismatch,1.7,0.0,0,1.7,1321,error_peak_dynamic,12.036475625335417,0.40393823229607195,0.40393823229607195,0.25839086307677156,0.03355951067983952,0.8333333333333334,0.0,1.7681334441792118,0.10852531470131022,0.06137846385892493,0.25839086307677156,1,"[[2, 4], [2, 4], [1, 2], [1, 2]]","[true, true, true, true, true]",0,0.0,0,1,1,0.16788799999994808
ellipse--demand_aligned,ellipse,demand_aligned,mismatch_1p70,dynamic_mismatch,1.7,0.0,0,1.7,1321,violation_safe,12.036475625335417,0.578380657588074,0.578380657588074,0.2721114301033607,0.04805232657727884,0.8333333333333334,0.0,1.7681334441792118,0.17666737709423302,0.09991744552755977,0.2721114301033607,2,"[[3, 4], [3, 4], [2, 3], [1, 2]]","[true, true, true, true, true]",0,4.0,0,1,1,0.16372616699999298
ellipse--demand_aligned,ellipse,demand_aligned,mismatch_1p70,dynamic_mismatch,1.7,0.0,0,1.7,1321,dual_anchor_dynamic,12.036475625335417,0.33571201399108375,0.33571201399108375,0.2540454283612576,0.02789122201888134,0.8333333333333334,0.0,1.7681334441792118,0.07619509239927297,0.04309351912894992,0.2540454283612576,1,"[[2, 4], [2, 4], [1, 2], [1, 2]]","[true, true, true, true, true]",0,4.0,0,1,1,0.19963587500001267
ellipse--demand_aligned,ellipse,demand_aligned,mismatch_1p70,dynamic_mismatch,1.7,0.0,0,1.7,1361,full_trajectory,12.566010856743558,0.41584530444535783,0.41584530444535783,0.2687291687097676,0.033092865284466484,0.8333333333333334,0.0,1.7991672817684776,0.07962254027233741,0.044255217999558685,0.2687291687097676,0,"[[0, 1, 2, 3, 4, 5], [0, 1, 2, 3, 4, 5], [0, 1, 2, 3, 4, 5], [0, 1, 2, 3, 4, 5]]","[true, true, true, true, true]",0,0.0,0,1,1,0.18024574999998322
ellipse--demand_aligned,ellipse,demand_aligned,mismatch_1p70,dynamic_mismatch,1.7,0.0,0,1.7,1361,error_peak_dynamic,12.566010856743558,0.4670507951984191,0.4670507951984191,0.2629581399219243,0.037167785427129084,0.8333333333333334,0.0,1.7991672817684776,0.12940269815762837,0.0719236612786961,0.2629581399219243,2,"[[3, 4], [2, 4], [1, 2], [1, 2]]","[true, true, true, true, true]",0,0.0,0,1,1,0.18178958300001113
ellipse--demand_aligned,ellipse,demand_aligned,mismatch_1p70,dynamic_mismatch,1.7,0.0,0,1.7,1361,violation_safe,12.566010856743558,0.5728138941375859,0.5728138941375859,0.2702130905971715,0.045584386379085844,0.8333333333333334,0.0,1.7991672817684776,0.18835612209268596,0.10469072220318655,0.2702130905971715,2,"[[3, 4], [3, 4], [2, 3], [1, 2]]","[true, true, true, true, true]",0,4.0,0,1,1,0.16533854199997222
ellipse--demand_aligned,ellipse,demand_aligned,mismatch_1p70,dynamic_mismatch,1.7,0.0,0,1.7,1361,dual_anchor_dynamic,12.566010856743558,0.37905596360212357,0.37905596360212357,0.25991896657120195,0.03016517874474881,0.8333333333333334,0.0,1.7991672817684776,0.08208591321411135,0.045624391931708336,0.25991896657120195,2,"[[3, 4], [2, 4], [1, 2], [1, 2]]","[true, true, true, true, true]",0,4.0,0,1,1,0.203847957999983
ellipse--demand_aligned,ellipse,demand_aligned,mismatch_1p70,dynamic_mismatch,1.7,0.0,0,1.7,1381,full_trajectory,13.333981677190891,0.4700026475793664,0.4700026475793664,0.27487641064189305,0.0352484845830674,0.8333333333333334,0.0,1.8265010553665904,0.09409878371564348,0.051518603528404344,0.27487641064189305,0,"[[0, 1, 2, 3, 4, 5], [0, 1, 2, 3, 4, 5], [0, 1, 2, 3, 4, 5], [0, 1, 2, 3, 4, 5]]","[true, true, true, true, true]",0,0.0,0,1,1,0.24102716700002702
ellipse--demand_aligned,ellipse,demand_aligned,mismatch_1p70,dynamic_mismatch,1.7,0.0,0,1.7,1381,error_peak_dynamic,13.333981677190891,0.6992608874807695,0.6992608874807695,0.28168311240184074,0.05244201652661074,0.8333333333333334,0.0,1.8265010553665904,0.14412587421006362,0.07890818008924536,0.28168311240184074,2,"[[3, 4], [1, 4], [1, 2], [1, 2]]","[true, true, true, true, true]",0,0.0,0,1,1,0.26065025000002606
ellipse--demand_aligned,ellipse,demand_aligned,mismatch_1p70,dynamic_mismatch,1.7,0.0,0,1.7,1381,violation_safe,13.333981677190891,0.7067325399108304,0.7067325399108304,0.27538654379949645,0.053002363211565456,0.8333333333333334,0.0,1.8265010553665904,0.19625223946732206,0.10744709886189088,0.27538654379949645,2,"[[3, 4], [3, 4], [2, 3], [1, 2]]","[true, true, true, true, true]",0,4.0,0,1,1,0.18722424999998566
ellipse--demand_aligned,ellipse,demand_aligned,mismatch_1p70,dynamic_mismatch,1.7,0.0,0,1.7,1381,dual_anchor_dynamic,13.333981677190891,0.501120793039241,0.501120793039241,0.2681721484151519,0.03758223201224719,0.8333333333333334,0.0,1.8265010553665904,0.10149688281322308,0.05556902500275425,0.2681721484151519,2,"[[3, 4], [2, 4], [1, 2], [1, 2]]","[true, true, true, true, true]",0,4.0,0,1,1,0.31013545799999065
ellipse--demand_conflict,ellipse,demand_conflict,mismatch_1p70,dynamic_mismatch,1.7,0.0,0,1.7,1301,full_trajectory,1.7204609266253064,0.058565829033141156,0.058565829033141156,0.2917943976979629,0.034040778332593905,0.5,0.0,0.44738166607365387,0.012717598940368323,0.02842673248544473,0.2917943976979629,0,"[[0, 1, 2, 3, 4, 5], [0, 1, 2, 3, 4, 5], [0, 1, 2, 3, 4, 5], [0, 1, 2, 3, 4, 5]]","[true, true, true, true, true]",0,0.0,0,1,1,0.17758329200000844
ellipse--demand_conflict,ellipse,demand_conflict,mismatch_1p70,dynamic_mismatch,1.7,0.0,0,1.7,1301,error_peak_dynamic,1.7204609266253064,0.0829910248277011,0.0829910248277011,0.3190948444203268,0.04823766907074632,0.5,0.0,0.44738166607365387,0.01690954724771375,0.037796692466449615,0.3190948444203268,1,"[[3, 4], [3, 4], [3, 4], [1, 3]]","[true, true, true, true, true]",0,0.0,0,1,1,0.19772775000001275
ellipse--demand_conflict,ellipse,demand_conflict,mismatch_1p70,dynamic_mismatch,1.7,0.0,0,1.7,1301,violation_safe,1.7204609266253064,0.08799337363240356,0.08799337363240356,0.304753102267573,0.05114523222855345,0.5,0.0,0.44738166607365387,0.026530889769351328,0.05930258609431586,0.304753102267573,2,"[[1, 4], [1, 4], [1, 3], [2, 3]]","[true, true, true, true, true]",0,4.0,0,1,1,0.1552866249999738
ellipse--demand_conflict,ellipse,demand_conflict,mismatch_1p70,dynamic_mismatch,1.7,0.0,0,1.7,1301,dual_anchor_dynamic,1.7204609266253064,0.058192722330195706,0.058192722330195706,0.29833772537923503,0.033823913946328936,0.5,0.0,0.44738166607365387,0.01390230160851903,0.03107481299028076,0.29833772537923503,1,"[[3, 4], [1, 3], [1, 3], [1, 3]]","[true, true, true, true, true]",0,4.0,0,1,1,0.1578000420000194
ellipse--demand_conflict,ellipse,demand_conflict,mismatch_1p70,dynamic_mismatch,1.7,0.0,0,1.7,1321,full_trajectory,6.919483101057201,0.49933885620585994,0.49933885620585994,0.37338000382284364,0.07216418465269,0.6666666666666666,0.0,1.7681334441792118,0.0736758194740983,0.041668698545713825,0.37338000382284364,0,"[[0, 1, 2, 3, 4, 5], [0, 1, 2, 3, 4, 5], [0, 1, 2, 3, 4, 5], [0, 1, 2, 3, 4, 5]]","[true, true, true, true, true]",0,0.0,0,1,1,0.1815968330000146
ellipse--demand_conflict,ellipse,demand_conflict,mismatch_1p70,dynamic_mismatch,1.7,0.0,0,1.7,1321,error_peak_dynamic,6.919483101057201,0.44448384924577045,0.44448384924577045,0.38416754663234864,0.06423656836127824,0.6666666666666666,0.0,1.7681334441792118,0.14017263489580642,0.07927718089223532,0.38416754663234864,1,"[[2, 4], [2, 4], [1, 2], [1, 2]]","[true, true, true, true, true]",0,0.0,0,1,1,0.15455058300000246
ellipse--demand_conflict,ellipse,demand_conflict,mismatch_1p70,dynamic_mismatch,1.7,0.0,0,1.7,1321,violation_safe,6.919483101057201,0.6848760138655716,0.6848760138655716,0.41780828826650684,0.09897791552680171,0.6666666666666666,0.0,1.7681334441792118,0.17264418131582357,0.0976420540452856,0.41780828826650684,2,"[[1, 4], [1, 2], [1, 2], [2, 4]]","[true, true, true, true, true]",0,4.0,0,1,1,0.16590020799998229
ellipse--demand_conflict,ellipse,demand_conflict,mismatch_1p70,dynamic_mismatch,1.7,0.0,0,1.7,1321,dual_anchor_dynamic,6.919483101057201,0.49457300461839565,0.49457300461839565,0.3807014858516625,0.07147542632813594,0.6666666666666666,0.0,1.7681334441792118,0.07948181640143297,0.044952385614949644,0.3807014858516625,3,"[[1, 4], [2, 4], [2, 3], [1, 2]]","[true, true, true, true, true]",0,4.0,0,1,1,0.24036116699994636
ellipse--demand_conflict,ellipse,demand_conflict,mismatch_1p70,dynamic_mismatch,1.7,0.0,0,1.7,1361,full_trajectory,6.991035308446977,0.54298898738047,0.54298898738047,0.36242832896772603,0.07766932413063327,0.8333333333333334,0.0,1.7991672817684776,0.07962254027233741,0.044255217999558685,0.36242832896772603,0,"[[0, 1, 2, 3, 4, 5], [0, 1, 2, 3, 4, 5], [0, 1, 2, 3, 4, 5], [0, 1, 2, 3, 4, 5]]","[true, true, true, true, true]",0,0.0,0,1,1,0.18142483299999412
ellipse--demand_conflict,ellipse,demand_conflict,mismatch_1p70,dynamic_mismatch,1.7,0.0,0,1.7,1361,error_peak_dynamic,6.991035308446977,0.5001372530970898,0.5001372530970898,0.3636063798389946,0.0715397979027219,0.8333333333333334,0.0,1.7991672817684776,0.137253352278182,0.07628715443472821,0.3636063798389946,2,"[[3, 4], [2, 4], [1, 2], [1, 2]]","[true, true, true, true, true]",0,0.0,0,1,1,0.15689062500001683
ellipse--demand_conflict,ellipse,demand_conflict,mismatch_1p70,dynamic_mismatch,1.7,0.0,0,1.7,1361,violation_safe,6.991035308446977,0.6429175683556272,0.6429175683556272,0.3991736534473543,0.09196314136460113,0.8333333333333334,0.0,1.7991672817684776,0.17672915617182558,0.09822830704108348,0.3991736534473543,3,"[[1, 4], [1, 2], [2, 4], [1, 2]]","[true, true, true, true, true]",0,4.0,0,1,1,0.16518141699998523
ellipse--demand_conflict,ellipse,demand_conflict,mismatch_1p70,dynamic_mismatch,1.7,0.0,0,1.7,1361,dual_anchor_dynamic,6.991035308446977,0.48381147741123776,0.48381147741123776,0.36064869645703407,0.0692045535554181,0.8333333333333334,0.0,1.7991672817684776,0.08208591321411135,0.045624391931708336,0.36064869645703407,2,"[[3, 4], [2, 4], [1, 2], [1, 2]]","[true, true, true, true, true]",0,4.0,0,1,1,0.20378529199996365
ellipse--demand_conflict,ellipse,demand_conflict,mismatch_1p70,dynamic_mismatch,1.7,0.0,0,1.7,1381,full_trajectory,7.275327701893164,0.5850257452595596,0.5850257452595596,0.37342825462087126,0.08041228783513435,0.8333333333333334,0.0,1.8265010553665904,0.09409878371564348,0.051518603528404344,0.37342825462087126,0,"[[0, 1, 2, 3, 4, 5], [0, 1, 2, 3, 4, 5], [0, 1, 2, 3, 4, 5], [0, 1, 2, 3, 4, 5]]","[true, true, true, true, true]",0,0.0,0,1,1,0.17782679100002952
ellipse--demand_conflict,ellipse,demand_conflict,mismatch_1p70,dynamic_mismatch,1.7,0.0,0,1.7,1381,error_peak_dynamic,7.275327701893164,0.6624827736866811,0.6624827736866811,0.3830791462599549,0.09105882247947289,0.8333333333333334,0.0,1.8265010553665904,0.13501302688884292,0.07391894271955127,0.3830791462599549,3,"[[3, 4], [2, 4], [1, 2], [2, 3]]","[true, true, true, true, true]",0,0.0,0,1,1,0.17480445800003963
ellipse--demand_conflict,ellipse,demand_conflict,mismatch_1p70,dynamic_mismatch,1.7,0.0,0,1.7,1381,violation_safe,7.275327701893164,0.8006756076615071,0.8006756076615071,0.39048607127788026,0.11005354541667693,0.8333333333333334,0.16666666666666666,1.8265010553665904,0.19807912833198116,0.10844731118549801,0.39048607127788026,2,"[[1, 4], [1, 2], [1, 2], [2, 4]]","[true, true, true, true, true]",0,4.0,0,1,1,0.16511533300001702
ellipse--demand_conflict,ellipse,demand_conflict,mismatch_1p70,dynamic_mismatch,1.7,0.0,0,1.7,1381,dual_anchor_dynamic,7.275327701893164,0.6447536458717202,0.6447536458717202,0.3860739559349614,0.0886219387346558,0.8333333333333334,0.0,1.8265010553665904,0.10606190668447375,0.0580683522590062,0.3860739559349614,3,"[[3, 4], [1, 4], [2, 4], [1, 2]]","[true, true, true, true, true]",0,4.0,0,1,1,0.21056562499995835
rounded_square--neutral,rounded_square,neutral,mismatch_1p70,dynamic_mismatch,1.7,0.0,0,1.7,1301,full_trajectory,3.8662909820582754,1.094901783190525,1.094901783190525,0.5107603965531877,0.28319176913260635,0.6666666666666666,0.3333333333333333,0.654064126565814,0.1757477645886794,0.2687011218784449,0.5107603965531877,0,"[[0, 1, 2, 3, 4, 5], [0, 1, 2, 3, 4, 5], [0, 1, 2, 3, 4, 5], [0, 1, 2, 3, 4, 5]]","[true, true, true, true, true]",0,0.0,0,1,1,0.2423063749999983
rounded_square--neutral,rounded_square,neutral,mismatch_1p70,dynamic_mismatch,1.7,0.0,0,1.7,1301,error_peak_dynamic,3.8662909820582754,0.8506496895382671,0.8506496895382671,0.4974282440144715,0.2200169861724716,0.6666666666666666,0.16666666666666666,0.654064126565814,0.20931197661288103,0.32001751527312877,0.4974282440144715,3,"[[2, 4], [1, 4], [1, 2], [2, 4]]","[true, true, true, true, true]",0,0.0,0,1,1,0.2321877089999589
rounded_square--neutral,rounded_square,neutral,mismatch_1p70,dynamic_mismatch,1.7,0.0,0,1.7,1301,violation_safe,3.8662909820582754,0.8506496895382671,0.8506496895382671,0.4974282440144715,0.2200169861724716,0.6666666666666666,0.16666666666666666,0.654064126565814,0.20931197661288103,0.32001751527312877,0.4974282440144715,3,"[[2, 4], [1, 4], [1, 2], [2, 4]]","[true, true, true, true, true]",0,4.0,0,1,1,0.23559174999996912
rounded_square--neutral,rounded_square,neutral,mismatch_1p70,dynamic_mismatch,1.7,0.0,0,1.7,1301,dual_anchor_dynamic,3.8662909820582754,0.8506496895382671,0.8506496895382671,0.4974282440144715,0.2200169861724716,0.6666666666666666,0.16666666666666666,0.654064126565814,0.20931197661288103,0.32001751527312877,0.4974282440144715,3,"[[2, 4], [1, 4], [1, 2], [2, 4]]","[true, true, true, true, true]",0,4.0,0,1,1,0.23706204199999092
rounded_square--neutral,rounded_square,neutral,mismatch_1p70,dynamic_mismatch,1.7,0.0,0,1.7,1321,full_trajectory,12.945736652660269,2.6896681318407727,2.6896681318407727,0.34936801852955823,0.20776478032928797,1.0,0.6666666666666666,3.2637050663979923,0.6346471998449128,0.19445605130776875,0.34936801852955823,0,"[[0, 1, 2, 3, 4, 5], [0, 1, 2, 3, 4, 5], [0, 1, 2, 3, 4, 5], [0, 1, 2, 3, 4, 5]]","[true, true, true, true, true]",0,0.0,0,1,1,0.33123604200000045
rounded_square--neutral,rounded_square,neutral,mismatch_1p70,dynamic_mismatch,1.7,0.0,0,1.7,1321,error_peak_dynamic,12.945736652660269,2.2349023999735325,2.2349023999735325,0.3418013289194424,0.17263617049666105,1.0,0.6666666666666666,3.2637050663979923,0.777882167997009,0.23834327923984974,0.3418013289194424,1,"[[2, 3], [2, 3], [2, 3], [1, 2]]","[true, true, true, true, true]",0,0.0,0,1,1,0.3133699589999992
rounded_square--neutral,rounded_square,neutral,mismatch_1p70,dynamic_mismatch,1.7,0.0,0,1.7,1321,violation_safe,12.945736652660269,2.2448060549226603,2.2448060549226603,0.3454488125806878,0.17340118335107385,1.0,0.6666666666666666,3.2637050663979923,0.7523493747646901,0.23052002538790217,0.3454488125806878,3,"[[3, 4], [2, 3], [1, 2], [2, 3]]","[true, true, true, true, true]",0,4.0,0,1,1,0.3408732910000367
rounded_square--neutral,rounded_square,neutral,mismatch_1p70,dynamic_mismatch,1.7,0.0,0,1.7,1321,dual_anchor_dynamic,12.945736652660269,2.2349023999735325,2.2349023999735325,0.3418013289194424,0.17263617049666105,1.0,0.6666666666666666,3.2637050663979923,0.777882167997009,0.23834327923984974,0.3418013289194424,1,"[[2, 3], [2, 3], [2, 3], [1, 2]]","[true, true, true, true, true]",0,4.0,0,1,1,0.3140524170000276
rounded_square--neutral,rounded_square,neutral,mismatch_1p70,dynamic_mismatch,1.7,0.0,0,1.7,1361,full_trajectory,13.1343988253972,2.243747733520836,2.243747733520836,0.33904537452616273,0.17082987682559445,1.0,0.6666666666666666,3.2461258657039638,0.5700227116634292,0.17560092715006678,0.33904537452616273,0,"[[0, 1, 2, 3, 4, 5], [0, 1, 2, 3, 4, 5], [0, 1, 2, 3, 4, 5], [0, 1, 2, 3, 4, 5]]","[true, true, true, true, true]",0,0.0,0,1,1,0.32635170800000424
rounded_square--neutral,rounded_square,neutral,mismatch_1p70,dynamic_mismatch,1.7,0.0,0,1.7,1361,error_peak_dynamic,13.1343988253972,2.0467275599281973,2.0467275599281973,0.34168273933579785,0.15582955772368987,1.0,0.6666666666666666,3.2461258657039638,0.6784893684102323,0.2090151141638167,0.34168273933579785,3,"[[2, 3], [2, 4], [1, 2], [2, 4]]","[true, true, true, true, true]",0,0.0,0,1,1,0.30274158299999954
rounded_square--neutral,rounded_square,neutral,mismatch_1p70,dynamic_mismatch,1.7,0.0,0,1.7,1361,violation_safe,13.1343988253972,2.063054770351724,2.063054770351724,0.34685602931924886,0.15707264548435354,1.0,0.6666666666666666,3.2461258657039638,0.6823526084136461,0.2102052220534182,0.34685602931924886,3,"[[3, 4], [2, 3], [1, 2], [2, 4]]","[true, true, true, true, true]",0,4.0,0,1,1,0.2959280420000141
rounded_square--neutral,rounded_square,neutral,mismatch_1p70,dynamic_mismatch,1.7,0.0,0,1.7,1361,dual_anchor_dynamic,13.1343988253972,2.0467275599281973,2.0467275599281973,0.34168273933579785,0.15582955772368987,1.0,0.6666666666666666,3.2461258657039638,0.6784893684102323,0.2090151141638167,0.34168273933579785,3,"[[2, 3], [2, 4], [1, 2], [2, 4]]","[true, true, true, true, true]",0,4.0,0,1,1,0.303855666000004
rounded_square--neutral,rounded_square,neutral,mismatch_1p70,dynamic_mismatch,1.7,0.0,0,1.7,1381,full_trajectory,13.43020776918344,4.357825036083123,4.357825036083123,0.4483775519171106,0.3244793461857277,1.0,0.8333333333333334,3.3174809235929685,0.8835130842473466,0.2663204716458371,0.4483775519171106,0,"[[0, 1, 2, 3, 4, 5], [0, 1, 2, 3, 4, 5], [0, 1, 2, 3, 4, 5], [0, 1, 2, 3, 4, 5]]","[true, true, true, true, true]",0,0.0,0,1,1,0.41896583300001566
rounded_square--neutral,rounded_square,neutral,mismatch_1p70,dynamic_mismatch,1.7,0.0,0,1.7,1381,error_peak_dynamic,13.43020776918344,3.5354913302534534,3.5354913302534534,0.4277978241365582,0.26324919100402067,1.0,0.8333333333333334,3.3174809235929685,1.0498724341370738,0.31646675845840844,0.4277978241365582,0,"[[2, 4], [2, 4], [2, 4], [2, 4]]","[true, true, true, true, true]",0,0.0,0,1,1,0.3339049169999839
rounded_square--neutral,rounded_square,neutral,mismatch_1p70,dynamic_mismatch,1.7,0.0,0,1.7,1381,violation_safe,13.43020776918344,3.5274009233353785,3.5274009233353785,0.4297086709988126,0.2626467872990952,1.0,0.8333333333333334,3.3174809235929685,1.0567274909113806,0.3185331024501872,0.4297086709988126,1,"[[3, 4], [2, 4], [2, 4], [2, 4]]","[true, true, true, true, true]",0,4.0,0,1,1,0.32670137499997054
rounded_square--neutral,rounded_square,neutral,mismatch_1p70,dynamic_mismatch,1.7,0.0,0,1.7,1381,dual_anchor_dynamic,13.43020776918344,3.5354913302534534,3.5354913302534534,0.4277978241365582,0.26324919100402067,1.0,0.8333333333333334,3.3174809235929685,1.0498724341370738,0.31646675845840844,0.4277978241365582,0,"[[2, 4], [2, 4], [2, 4], [2, 4]]","[true, true, true, true, true]",0,4.0,0,1,1,0.3351411250000069
rounded_square--demand_aligned,rounded_square,demand_aligned,mismatch_1p70,dynamic_mismatch,1.7,0.0,0,1.7,1301,full_trajectory,6.133660738778483,1.7684303796899914,1.7684303796899914,0.5174763867217349,0.2883156494961562,0.6666666666666666,0.3333333333333333,0.654064126565814,0.1757477645886794,0.2687011218784449,0.5174763867217349,0,"[[0, 1, 2, 3, 4, 5], [0, 1, 2, 3, 4, 5], [0, 1, 2, 3, 4, 5], [0, 1, 2, 3, 4, 5]]","[true, true, true, true, true]",0,0.0,0,1,1,0.24088966700003311
rounded_square--demand_aligned,rounded_square,demand_aligned,mismatch_1p70,dynamic_mismatch,1.7,0.0,0,1.7,1301,error_peak_dynamic,6.133660738778483,1.2394942443986148,1.2394942443986148,0.5132237964953175,0.20208066555788343,0.6666666666666666,0.5,0.654064126565814,0.2674942326440607,0.408972487221625,0.5132237964953175,3,"[[2, 4], [1, 4], [1, 2], [2, 4]]","[true, true, true, true, true]",0,0.0,0,1,1,0.17968316700000742
rounded_square--demand_aligned,rounded_square,demand_aligned,mismatch_1p70,dynamic_mismatch,1.7,0.0,0,1.7,1301,violation_safe,6.133660738778483,1.3713900010881253,1.3713900010881253,0.5077943257025945,0.22358426060604672,0.6666666666666666,0.5,0.654064126565814,0.2627323437734263,0.40169202544850063,0.5077943257025945,3,"[[2, 4], [1, 2], [1, 4], [2, 4]]","[true, true, true, true, true]",0,4.0,0,1,1,0.18472650000001067
rounded_square--demand_aligned,rounded_square,demand_aligned,mismatch_1p70,dynamic_mismatch,1.7,0.0,0,1.7,1301,dual_anchor_dynamic,6.133660738778483,2.122862747768377,2.1250244748494547,0.4565750746958186,0.3461004509667655,0.6666666666666666,0.5,0.654064126565814,0.3041108992732266,0.46495578479433086,0.4565750746958186,2,"[[2, 4], [1, 2], [1, 4], [1, 4]]","[true, true, true, false, false]",2,1.0,0,1,1,0.22219341600003872
rounded_square--demand_aligned,rounded_square,demand_aligned,mismatch_1p70,dynamic_mismatch,1.7,0.0,0,1.7,1321,full_trajectory,15.787780393225269,4.352681927147037,4.352681927147037,0.3980200613649213,0.2756994218778738,0.8333333333333334,0.6666666666666666,3.2637050663979923,0.6346471998449128,0.19445605130776875,0.3980200613649213,0,"[[0, 1, 2, 3, 4, 5], [0, 1, 2, 3, 4, 5], [0, 1, 2, 3, 4, 5], [0, 1, 2, 3, 4, 5]]","[true, true, true, true, true]",0,0.0,0,1,1,0.3306067919999691
rounded_square--demand_aligned,rounded_square,demand_aligned,mismatch_1p70,dynamic_mismatch,1.7,0.0,0,1.7,1321,error_peak_dynamic,15.787780393225269,3.5868728127336533,3.5868728127336533,0.42429002869386806,0.22719297604828761,0.8333333333333334,0.6666666666666666,3.2637050663979923,0.9319594747251435,0.28555260226185397,0.42429002869386806,3,"[[2, 3], [1, 2], [3, 4], [2, 3]]","[true, true, true, true, true]",0,0.0,0,1,1,0.24448999999998478
rounded_square--demand_aligned,rounded_square,demand_aligned,mismatch_1p70,dynamic_mismatch,1.7,0.0,0,1.7,1321,violation_safe,15.787780393225269,3.5012778468791765,3.5012778468791765,0.4092300878336672,0.22177138012266867,0.8333333333333334,0.6666666666666666,3.2637050663979923,0.9833916951106189,0.3013114466853296,0.4092300878336672,2,"[[2, 4], [1, 2], [2, 4], [2, 4]]","[true, true, true, true, true]",0,4.0,0,1,1,0.23651512499998262
rounded_square--demand_aligned,rounded_square,demand_aligned,mismatch_1p70,dynamic_mismatch,1.7,0.0,0,1.7,1321,dual_anchor_dynamic,15.787780393225269,3.4193628306523376,3.4193628306523376,0.3875239959248864,0.21658287267028545,0.8333333333333334,0.6666666666666666,3.2637050663979923,0.777882167997009,0.23834327923984974,0.3875239959248864,1,"[[2, 3], [2, 3], [2, 3], [1, 2]]","[true, true, true, true, true]",0,4.0,0,1,1,0.314634749999982
rounded_square--demand_aligned,rounded_square,demand_aligned,mismatch_1p70,dynamic_mismatch,1.7,0.0,0,1.7,1361,full_trajectory,16.501915388090275,3.652672949157273,3.652672949157273,0.3902327251928045,0.22134842309235642,0.8333333333333334,0.6666666666666666,3.2461258657039638,0.5700227116634292,0.17560092715006678,0.3902327251928045,0,"[[0, 1, 2, 3, 4, 5], [0, 1, 2, 3, 4, 5], [0, 1, 2, 3, 4, 5], [0, 1, 2, 3, 4, 5]]","[true, true, true, true, true]",0,0.0,0,1,1,0.33020216700003857
rounded_square--demand_aligned,rounded_square,demand_aligned,mismatch_1p70,dynamic_mismatch,1.7,0.0,0,1.7,1361,error_peak_dynamic,16.501915388090275,3.8269955998702794,3.8269955998702794,0.42539745095096104,0.2319122059389718,0.8333333333333334,0.6666666666666666,3.2461258657039638,0.8834658112498041,0.2721600602687084,0.42539745095096104,3,"[[2, 3], [1, 4], [2, 3], [1, 2]]","[true, true, true, true, true]",0,0.0,0,1,1,0.2329375830000231
rounded_square--demand_aligned,rounded_square,demand_aligned,mismatch_1p70,dynamic_mismatch,1.7,0.0,0,1.7,1361,violation_safe,16.501915388090275,3.4631097075660504,3.4631097075660504,0.40925062772383264,0.20986107528253586,0.8333333333333334,0.6666666666666666,3.2461258657039638,0.8717892805983979,0.26856299375481524,0.40925062772383264,2,"[[2, 4], [1, 2], [2, 4], [2, 4]]","[true, true, true, true, true]",0,4.0,0,1,1,0.24950108400003046
rounded_square--demand_aligned,rounded_square,demand_aligned,mismatch_1p70,dynamic_mismatch,1.7,0.0,0,1.7,1361,dual_anchor_dynamic,16.501915388090275,3.2881219654671727,3.2881219654671727,0.39508203981311263,0.1992569885457217,0.8333333333333334,0.6666666666666666,3.2461258657039638,0.6784893684102323,0.2090151141638167,0.39508203981311263,3,"[[2, 3], [2, 4], [1, 2], [2, 4]]","[true, true, true, true, true]",0,4.0,0,1,1,0.3072084169999698
rounded_square--demand_aligned,rounded_square,demand_aligned,mismatch_1p70,dynamic_mismatch,1.7,0.0,0,1.7,1381,full_trajectory,17.451405369439634,7.150486538779676,7.150486538779676,0.5167735605799412,0.40973700326171947,0.8333333333333334,0.6666666666666666,3.3174809235929685,0.8835130842473466,0.2663204716458371,0.5167735605799412,0,"[[0, 1, 2, 3, 4, 5], [0, 1, 2, 3, 4, 5], [0, 1, 2, 3, 4, 5], [0, 1, 2, 3, 4, 5]]","[true, true, true, true, true]",0,0.0,0,1,1,0.36492654199997787
rounded_square--demand_aligned,rounded_square,demand_aligned,mismatch_1p70,dynamic_mismatch,1.7,0.0,0,1.7,1381,error_peak_dynamic,17.451405369439634,6.234189082032455,6.234189082032455,0.5024160360453849,0.35723134899780484,0.8333333333333334,0.8333333333333334,3.3174809235929685,1.4212054191533883,0.42839897255962645,0.5024160360453849,3,"[[2, 4], [1, 4], [2, 4], [1, 2]]","[true, true, true, true, true]",0,0.0,0,1,1,0.26658649999995987
rounded_square--demand_aligned,rounded_square,demand_aligned,mismatch_1p70,dynamic_mismatch,1.7,0.0,0,1.7,1381,violation_safe,17.451405369439634,5.834658769952442,5.834658769952442,0.49915906424622225,0.33433747291034327,0.8333333333333334,0.8333333333333334,3.3174809235929685,1.3040942794009631,0.39309774779008383,0.49915906424622225,2,"[[2, 4], [1, 2], [2, 4], [2, 4]]","[true, true, true, true, true]",0,4.0,0,1,1,0.26378299999998944
rounded_square--demand_aligned,rounded_square,demand_aligned,mismatch_1p70,dynamic_mismatch,1.7,0.0,0,1.7,1381,dual_anchor_dynamic,17.451405369439634,5.420768822108058,5.420768822108058,0.4657956877540459,0.31062076132852556,0.8333333333333334,0.6666666666666666,3.3174809235929685,1.0498724341370738,0.31646675845840844,0.4657956877540459,0,"[[2, 4], [2, 4], [2, 4], [2, 4]]","[true, true, true, true, true]",0,4.0,0,1,1,0.33642829100000426
rounded_square--demand_conflict,rounded_square,demand_conflict,mismatch_1p70,dynamic_mismatch,1.7,0.0,0,1.7,1301,full_trajectory,2.872012349179057,0.6977478944729859,0.6977478944729859,0.4590395780252081,0.24294738658503048,0.6666666666666666,0.0,0.654064126565814,0.1757477645886794,0.2687011218784449,0.4590395780252081,0,"[[0, 1, 2, 3, 4, 5], [0, 1, 2, 3, 4, 5], [0, 1, 2, 3, 4, 5], [0, 1, 2, 3, 4, 5]]","[true, true, true, true, true]",0,0.0,0,1,1,0.2430428749999578
rounded_square--demand_conflict,rounded_square,demand_conflict,mismatch_1p70,dynamic_mismatch,1.7,0.0,0,1.7,1301,error_peak_dynamic,2.872012349179057,0.7315753032578967,0.7315753032578967,0.5130135762142203,0.2547256816172855,0.6666666666666666,0.0,0.654064126565814,0.22380578788470645,0.34217713339486505,0.5130135762142203,3,"[[2, 4], [1, 2], [1, 4], [2, 4]]","[true, true, true, true, true]",0,0.0,0,1,1,0.2163165000000049
rounded_square--demand_conflict,rounded_square,demand_conflict,mismatch_1p70,dynamic_mismatch,1.7,0.0,0,1.7,1301,violation_safe,2.872012349179057,0.8481125766758698,0.8481125766758698,0.5231369372108264,0.2953025522046576,0.6666666666666666,0.16666666666666666,0.654064126565814,0.23428793676928414,0.3582033125703147,0.5231369372108264,3,"[[1, 4], [1, 2], [3, 4], [2, 4]]","[true, true, true, true, true]",0,4.0,0,1,1,0.21417341599999418
rounded_square--demand_conflict,rounded_square,demand_conflict,mismatch_1p70,dynamic_mismatch,1.7,0.0,0,1.7,1301,dual_anchor_dynamic,2.872012349179057,0.7150446376717892,0.7150446376717892,0.472287190838951,0.24896990358560933,0.6666666666666666,0.0,0.654064126565814,0.20378404659100535,0.3115658515946753,0.472287190838951,3,"[[1, 2], [2, 4], [1, 4], [2, 4]]","[true, true, true, true, true]",0,4.0,0,1,1,0.22587562499995784
rounded_square--demand_conflict,rounded_square,demand_conflict,mismatch_1p70,dynamic_mismatch,1.7,0.0,0,1.7,1321,full_trajectory,13.018284840546773,1.8408075866325397,1.8408075866325397,0.3239720641080651,0.14140169839418149,1.0,0.6666666666666666,3.2637050663979923,0.6346471998449128,0.19445605130776875,0.3239720641080651,0,"[[0, 1, 2, 3, 4, 5], [0, 1, 2, 3, 4, 5], [0, 1, 2, 3, 4, 5], [0, 1, 2, 3, 4, 5]]","[true, true, true, true, true]",0,0.0,0,1,1,0.32958420900001784
rounded_square--demand_conflict,rounded_square,demand_conflict,mismatch_1p70,dynamic_mismatch,1.7,0.0,0,1.7,1321,error_peak_dynamic,13.018284840546773,1.79635029001388,1.79635029001388,0.32176735672249496,0.13798670961776502,1.0,0.6666666666666666,3.2637050663979923,0.8121348877635062,0.24883832063288236,0.32176735672249496,2,"[[2, 3], [1, 2], [2, 3], [2, 3]]","[true, true, true, true, true]",0,0.0,0,1,1,0.2848827500000084
rounded_square--demand_conflict,rounded_square,demand_conflict,mismatch_1p70,dynamic_mismatch,1.7,0.0,0,1.7,1321,violation_safe,13.018284840546773,1.5926794215280835,1.5926794215280835,0.30736900316864885,0.12234172481520157,1.0,0.6666666666666666,3.2637050663979923,0.859714848538089,0.2634168318054911,0.30736900316864885,2,"[[1, 3], [2, 3], [2, 3], [1, 3]]","[true, true, true, true, true]",0,4.0,0,1,1,0.2686881669999934
rounded_square--demand_conflict,rounded_square,demand_conflict,mismatch_1p70,dynamic_mismatch,1.7,0.0,0,1.7,1321,dual_anchor_dynamic,13.018284840546773,2.056523434189736,2.236009463504852,0.32740747614049104,0.15797191868044586,1.0,0.5,3.2637050663979923,0.8108988344631486,0.24845959361092085,0.32740747614049104,1,"[[2, 3], [2, 3], [2, 3], [1, 2]]","[true, true, true, true, false]",1,2.0,0,1,1,0.3137540829999921
rounded_square--demand_conflict,rounded_square,demand_conflict,mismatch_1p70,dynamic_mismatch,1.7,0.0,0,1.7,1361,full_trajectory,13.146184838710997,1.3300925415913267,1.3300925415913267,0.29944757228763696,0.10117707592811727,1.0,0.5,3.2461258657039638,0.5700227116634292,0.17560092715006678,0.29944757228763696,0,"[[0, 1, 2, 3, 4, 5], [0, 1, 2, 3, 4, 5], [0, 1, 2, 3, 4, 5], [0, 1, 2, 3, 4, 5]]","[true, true, true, true, true]",0,0.0,0,1,1,0.3241009159999635
rounded_square--demand_conflict,rounded_square,demand_conflict,mismatch_1p70,dynamic_mismatch,1.7,0.0,0,1.7,1361,error_peak_dynamic,13.146184838710997,1.4827681211276262,1.4827681211276262,0.30181258503143005,0.11279075559331736,1.0,0.5,3.2461258657039638,0.7039529867091315,0.216859424382323,0.30181258503143005,2,"[[2, 3], [1, 2], [2, 4], [2, 4]]","[true, true, true, true, true]",0,0.0,0,1,1,0.2838112499999852
rounded_square--demand_conflict,rounded_square,demand_conflict,mismatch_1p70,dynamic_mismatch,1.7,0.0,0,1.7,1361,violation_safe,13.146184838710997,1.436406291423682,1.436406291423682,0.31346499440631004,0.10926411799672547,1.0,0.6666666666666666,3.2461258657039638,0.7845582323930053,0.24169063827192783,0.31346499440631004,3,"[[3, 4], [1, 3], [2, 3], [1, 2]]","[true, true, true, true, true]",0,4.0,0,1,1,0.25996075000000474
rounded_square--demand_conflict,rounded_square,demand_conflict,mismatch_1p70,dynamic_mismatch,1.7,0.0,0,1.7,1361,dual_anchor_dynamic,13.146184838710997,1.3526682523497584,1.3526682523497584,0.3026499069939873,0.10289435824503358,1.0,0.5,3.2461258657039638,0.6678890522420774,0.20574958577499186,0.3026499069939873,2,"[[2, 3], [2, 3], [1, 2], [2, 3]]","[true, true, true, true, true]",0,4.0,0,1,1,0.2810371660000328
rounded_square--demand_conflict,rounded_square,demand_conflict,mismatch_1p70,dynamic_mismatch,1.7,0.0,0,1.7,1381,full_trajectory,12.793762625610125,2.5048074791888375,2.5048074791888375,0.3499307160180783,0.19578348860207848,1.0,0.8333333333333334,3.3174809235929685,0.8835130842473466,0.2663204716458371,0.3499307160180783,0,"[[0, 1, 2, 3, 4, 5], [0, 1, 2, 3, 4, 5], [0, 1, 2, 3, 4, 5], [0, 1, 2, 3, 4, 5]]","[true, true, true, true, true]",0,0.0,0,1,1,0.3615977079999766
rounded_square--demand_conflict,rounded_square,demand_conflict,mismatch_1p70,dynamic_mismatch,1.7,0.0,0,1.7,1381,error_peak_dynamic,12.793762625610125,2.8017871078838,2.8017871078838,0.370066000455591,0.21899633359425294,1.0,0.8333333333333334,3.3174809235929685,1.1082149368197347,0.3340531452459694,0.370066000455591,0,"[[2, 4], [2, 4], [2, 4], [2, 4]]","[true, true, true, true, true]",0,0.0,0,1,1,0.32511841699999877
rounded_square--demand_conflict,rounded_square,demand_conflict,mismatch_1p70,dynamic_mismatch,1.7,0.0,0,1.7,1381,violation_safe,12.793762625610125,2.387409386107481,2.387409386107481,0.36478137242877445,0.1866072910660735,1.0,0.8333333333333334,3.3174809235929685,1.169184873475224,0.3524315287422809,0.36478137242877445,3,"[[1, 3], [3, 4], [1, 2], [2, 4]]","[true, true, true, true, true]",0,4.0,0,1,1,0.27761275000000296
rounded_square--demand_conflict,rounded_square,demand_conflict,mismatch_1p70,dynamic_mismatch,1.7,0.0,0,1.7,1381,dual_anchor_dynamic,12.793762625610125,2.4136073648118392,2.4136073648118392,0.362304145633663,0.18865500599333937,1.0,0.8333333333333334,3.3174809235929685,1.0661635362485398,0.3213774429466322,0.362304145633663,3,"[[3, 4], [2, 3], [1, 4], [2, 4]]","[true, true, true, true, true]",0,4.0,0,1,1,0.31018254200000683
figure_eight--neutral,figure_eight,neutral,mismatch_1p70,dynamic_mismatch,1.7,0.0,0,1.7,1301,full_trajectory,4.109008767385348,0.19592374858811507,0.19592374858811507,0.3124519483136187,0.047681511449484106,0.6666666666666666,0.0,0.793566839649836,0.03869393489124213,0.04875951584407932,0.3124519483136187,0,"[[0, 1, 2, 3, 4, 5], [0, 1, 2, 3, 4, 5], [0, 1, 2, 3, 4, 5], [0, 1, 2, 3, 4, 5]]","[true, true, true, true, true]",0,0.0,0,1,1,0.20636312499999576
figure_eight--neutral,figure_eight,neutral,mismatch_1p70,dynamic_mismatch,1.7,0.0,0,1.7,1301,error_peak_dynamic,4.109008767385348,0.1574005903829599,0.1574005903829599,0.2896743650405861,0.03830621916222323,0.6666666666666666,0.0,0.793566839649836,0.05164801119329458,0.06508337875620464,0.2896743650405861,2,"[[2, 4], [2, 4], [3, 4], [2, 3]]","[true, true, true, true, true]",0,0.0,0,1,1,0.19830358399997294
figure_eight--neutral,figure_eight,neutral,mismatch_1p70,dynamic_mismatch,1.7,0.0,0,1.7,1301,violation_safe,4.109008767385348,0.1574005903829599,0.1574005903829599,0.2896743650405861,0.03830621916222323,0.6666666666666666,0.0,0.793566839649836,0.05164801119329458,0.06508337875620464,0.2896743650405861,2,"[[2, 4], [2, 4], [3, 4], [2, 3]]","[true, true, true, true, true]",0,4.0,0,1,1,0.19858254199999692
figure_eight--neutral,figure_eight,neutral,mismatch_1p70,dynamic_mismatch,1.7,0.0,0,1.7,1301,dual_anchor_dynamic,4.109008767385348,0.1574005903829599,0.1574005903829599,0.2896743650405861,0.03830621916222323,0.6666666666666666,0.0,0.793566839649836,0.05164801119329458,0.06508337875620464,0.2896743650405861,2,"[[2, 4], [2, 4], [3, 4], [2, 3]]","[true, true, true, true, true]",0,4.0,0,1,1,0.20107091599999194
figure_eight--neutral,figure_eight,neutral,mismatch_1p70,dynamic_mismatch,1.7,0.0,0,1.7,1321,full_trajectory,14.578720496951343,3.0640418123672006,3.0640418123672006,0.45058307685539223,0.21017220359001626,1.0,0.5,2.686476717498643,0.43028970584730586,0.16016878279441973,0.45058307685539223,0,"[[0, 1, 2, 3, 4, 5], [0, 1, 2, 3, 4, 5], [0, 1, 2, 3, 4, 5], [0, 1, 2, 3, 4, 5]]","[true, true, true, true, true]",0,0.0,0,1,1,0.31669258300001957
figure_eight--neutral,figure_eight,neutral,mismatch_1p70,dynamic_mismatch,1.7,0.0,0,1.7,1321,error_peak_dynamic,14.578720496951343,2.741363807713877,2.741363807713877,0.41051348919432207,0.18803871082425527,1.0,0.6666666666666666,2.686476717498643,0.4227071607781187,0.15734629599607994,0.41051348919432207,3,"[[3, 4], [2, 3], [3, 4], [2, 3]]","[true, true, true, true, true]",0,0.0,0,1,1,0.33085824999994884
figure_eight--neutral,figure_eight,neutral,mismatch_1p70,dynamic_mismatch,1.7,0.0,0,1.7,1321,violation_safe,14.578720496951343,2.3674725317189442,2.3674725317189442,0.42309966416190137,0.16239233972652284,1.0,0.6666666666666666,2.686476717498643,0.390018213944554,0.1451783339137578,0.42309966416190137,3,"[[2, 3], [3, 4], [2, 3], [3, 4]]","[true, true, true, true, true]",0,4.0,0,1,1,0.3237816670000484
figure_eight--neutral,figure_eight,neutral,mismatch_1p70,dynamic_mismatch,1.7,0.0,0,1.7,1321,dual_anchor_dynamic,14.578720496951343,2.741363807713877,2.741363807713877,0.41051348919432207,0.18803871082425527,1.0,0.6666666666666666,2.686476717498643,0.4227071607781187,0.15734629599607994,0.41051348919432207,3,"[[3, 4], [2, 3], [3, 4], [2, 3]]","[true, true, true, true, true]",0,4.0,0,1,1,0.33232412500001374
figure_eight--neutral,figure_eight,neutral,mismatch_1p70,dynamic_mismatch,1.7,0.0,0,1.7,1361,full_trajectory,13.93305960559683,3.4442561238018863,3.4442561238018863,0.47018894904131564,0.2472002719645546,1.0,0.5,2.6849657800271767,0.4874885256675596,0.18156228630318907,0.47018894904131564,0,"[[0, 1, 2, 3, 4, 5], [0, 1, 2, 3, 4, 5], [0, 1, 2, 3, 4, 5], [0, 1, 2, 3, 4, 5]]","[true, true, true, true, true]",0,0.0,0,1,1,0.3175349170000459
figure_eight--neutral,figure_eight,neutral,mismatch_1p70,dynamic_mismatch,1.7,0.0,0,1.7,1361,error_peak_dynamic,13.93305960559683,3.024361401514202,3.024361401514202,0.4318796712300529,0.21706369506230588,1.0,0.6666666666666666,2.6849657800271767,0.47445037219388536,0.17670630133285464,0.4318796712300529,3,"[[3, 4], [2, 3], [3, 4], [2, 3]]","[true, true, true, true, true]",0,0.0,0,1,1,0.34393341700001656
figure_eight--neutral,figure_eight,neutral,mismatch_1p70,dynamic_mismatch,1.7,0.0,0,1.7,1361,violation_safe,13.93305960559683,3.179578961159682,3.179578961159682,0.44481045589327084,0.22820393016064205,1.0,0.6666666666666666,2.6849657800271767,0.4861004552929656,0.18104530750780942,0.44481045589327084,2,"[[2, 3], [3, 4], [2, 3], [2, 3]]","[true, true, true, true, true]",0,4.0,0,1,1,0.33486083299999336
figure_eight--neutral,figure_eight,neutral,mismatch_1p70,dynamic_mismatch,1.7,0.0,0,1.7,1361,dual_anchor_dynamic,13.93305960559683,3.024361401514202,3.024361401514202,0.4318796712300529,0.21706369506230588,1.0,0.6666666666666666,2.6849657800271767,0.47445037219388536,0.17670630133285464,0.4318796712300529,3,"[[3, 4], [2, 3], [3, 4], [2, 3]]","[true, true, true, true, true]",0,4.0,0,1,1,0.3386224579999748
figure_eight--neutral,figure_eight,neutral,mismatch_1p70,dynamic_mismatch,1.7,0.0,0,1.7,1381,full_trajectory,14.390987106161209,5.017137979002401,5.017137979002401,0.5555001714328756,0.3486305659223623,1.0,0.6666666666666666,2.9177645184286987,0.7505502089842011,0.2572346754659949,0.5555001714328756,0,"[[0, 1, 2, 3, 4, 5], [0, 1, 2, 3, 4, 5], [0, 1, 2, 3, 4, 5], [0, 1, 2, 3, 4, 5]]","[true, true, true, true, true]",0,0.0,0,1,1,0.36630037499998025
figure_eight--neutral,figure_eight,neutral,mismatch_1p70,dynamic_mismatch,1.7,0.0,0,1.7,1381,error_peak_dynamic,14.390987106161209,3.8984830385422784,3.8984830385422784,0.4641873328165083,0.27089754231474655,1.0,0.8333333333333334,2.9177645184286987,0.8043419462024727,0.2756706173929465,0.4641873328165083,1,"[[3, 4], [3, 4], [3, 4], [2, 3]]","[true, true, true, true, true]",0,0.0,0,1,1,0.3506289160000051
figure_eight--neutral,figure_eight,neutral,mismatch_1p70,dynamic_mismatch,1.7,0.0,0,1.7,1381,violation_safe,14.390987106161209,3.5118917797520615,3.5118917797520615,0.504859804173929,0.24403411342426373,1.0,0.6666666666666666,2.9177645184286987,0.7190519453642462,0.24643933423094633,0.504859804173929,3,"[[2, 3], [3, 4], [2, 3], [3, 4]]","[true, true, true, true, true]",0,4.0,0,1,1,0.38754212499998175
figure_eight--neutral,figure_eight,neutral,mismatch_1p70,dynamic_mismatch,1.7,0.0,0,1.7,1381,dual_anchor_dynamic,14.390987106161209,3.8984830385422784,3.8984830385422784,0.4641873328165083,0.27089754231474655,1.0,0.8333333333333334,2.9177645184286987,0.8043419462024727,0.2756706173929465,0.4641873328165083,1,"[[3, 4], [3, 4], [3, 4], [2, 3]]","[true, true, true, true, true]",0,4.0,0,1,1,0.35149116700000604
figure_eight--demand_aligned,figure_eight,demand_aligned,mismatch_1p70,dynamic_mismatch,1.7,0.0,0,1.7,1301,full_trajectory,6.592753803836318,0.2518970352093945,0.2518970352093945,0.30473148919453136,0.038208166527137086,0.6666666666666666,0.0,0.793566839649836,0.03869393489124213,0.04875951584407932,0.30473148919453136,0,"[[0, 1, 2, 3, 4, 5], [0, 1, 2, 3, 4, 5], [0, 1, 2, 3, 4, 5], [0, 1, 2, 3, 4, 5]]","[true, true, true, true, true]",0,0.0,0,1,1,0.20879825000002938
figure_eight--demand_aligned,figure_eight,demand_aligned,mismatch_1p70,dynamic_mismatch,1.7,0.0,0,1.7,1301,error_peak_dynamic,6.592753803836318,0.32650476303181414,0.32650476303181414,0.29256325393333155,0.04952479233212399,0.6666666666666666,0.0,0.793566839649836,0.16739865202450513,0.21094461570290707,0.29256325393333155,2,"[[2, 4], [2, 4], [3, 4], [2, 5]]","[true, true, true, true, true]",0,0.0,0,1,1,0.14254775000000564
figure_eight--demand_aligned,figure_eight,demand_aligned,mismatch_1p70,dynamic_mismatch,1.7,0.0,0,1.7,1301,violation_safe,6.592753803836318,0.29538727523196795,0.29538727523196795,0.29197325981392164,0.04480483937684467,0.6666666666666666,0.0,0.793566839649836,0.17689229762759273,0.2229078746607495,0.29197325981392164,2,"[[2, 4], [2, 4], [3, 4], [2, 3]]","[true, true, true, true, true]",0,4.0,0,1,1,0.1524750420000487
figure_eight--demand_aligned,figure_eight,demand_aligned,mismatch_1p70,dynamic_mismatch,1.7,0.0,0,1.7,1301,dual_anchor_dynamic,6.592753803836318,0.21120174456192703,0.21120174456192703,0.2801610292853519,0.03203543630569504,0.6666666666666666,0.0,0.793566839649836,0.05164801119329458,0.06508337875620464,0.2801610292853519,2,"[[2, 4], [2, 4], [3, 4], [2, 3]]","[true, true, true, true, true]",0,4.0,0,1,1,0.19946991700004446
figure_eight--demand_aligned,figure_eight,demand_aligned,mismatch_1p70,dynamic_mismatch,1.7,0.0,0,1.7,1321,full_trajectory,16.72123274113806,3.514641277220088,3.514641277220088,0.44628728043761007,0.2101903209907046,1.0,0.5,2.686476717498643,0.43028970584730586,0.16016878279441973,0.44628728043761007,0,"[[0, 1, 2, 3, 4, 5], [0, 1, 2, 3, 4, 5], [0, 1, 2, 3, 4, 5], [0, 1, 2, 3, 4, 5]]","[true, true, true, true, true]",0,0.0,0,1,1,0.3169880410000019
figure_eight--demand_aligned,figure_eight,demand_aligned,mismatch_1p70,dynamic_mismatch,1.7,0.0,0,1.7,1321,error_peak_dynamic,16.72123274113806,3.3981464786737217,3.3981464786737217,0.4634595369155017,0.20322344239091317,1.0,0.6666666666666666,2.686476717498643,0.5606088559532187,0.20867809957243819,0.4634595369155017,3,"[[3, 4], [2, 3], [1, 3], [2, 3]]","[true, true, true, true, true]",0,0.0,0,1,1,0.26202233399999386
figure_eight--demand_aligned,figure_eight,demand_aligned,mismatch_1p70,dynamic_mismatch,1.7,0.0,0,1.7,1321,violation_safe,16.72123274113806,3.6828544948836965,3.6828544948836965,0.4819654470324505,0.2202501784346935,1.0,0.6666666666666666,2.686476717498643,0.7078649068708394,0.26349191945721634,0.4819654470324505,3,"[[3, 4], [2, 3], [3, 4], [2, 3]]","[true, true, true, true, true]",0,4.0,0,1,1,0.2527507920000289
figure_eight--demand_aligned,figure_eight,demand_aligned,mismatch_1p70,dynamic_mismatch,1.7,0.0,0,1.7,1321,dual_anchor_dynamic,16.72123274113806,3.1295323642354917,3.1295323642354917,0.40710961849523336,0.18715918931838835,1.0,0.6666666666666666,2.686476717498643,0.4227071607781187,0.15734629599607994,0.40710961849523336,3,"[[3, 4], [2, 3], [3, 4], [2, 3]]","[true, true, true, true, true]",0,4.0,0,1,1,0.3337466250000034
figure_eight--demand_aligned,figure_eight,demand_aligned,mismatch_1p70,dynamic_mismatch,1.7,0.0,0,1.7,1361,full_trajectory,16.91477911100708,3.8995702537048773,3.8995702537048773,0.4471802623391138,0.23054219201522302,1.0,0.5,2.6849657800271767,0.4874885256675596,0.18156228630318907,0.4471802623391138,0,"[[0, 1, 2, 3, 4, 5], [0, 1, 2, 3, 4, 5], [0, 1, 2, 3, 4, 5], [0, 1, 2, 3, 4, 5]]","[true, true, true, true, true]",0,0.0,0,1,1,0.307789959000047
figure_eight--demand_aligned,figure_eight,demand_aligned,mismatch_1p70,dynamic_mismatch,1.7,0.0,0,1.7,1361,error_peak_dynamic,16.91477911100708,3.5631580667239877,3.5631580667239877,0.48267470682211105,0.21065353814790921,1.0,0.6666666666666666,2.6849657800271767,0.5394228770653952,0.20090493557796302,0.48267470682211105,2,"[[3, 4], [2, 3], [2, 3], [1, 3]]","[true, true, true, true, true]",0,0.0,0,1,1,0.27059174999999414
figure_eight--demand_aligned,figure_eight,demand_aligned,mismatch_1p70,dynamic_mismatch,1.7,0.0,0,1.7,1361,violation_safe,16.91477911100708,4.4614095493221795,4.4614095493221795,0.4893127737213535,0.2637580733418489,1.0,0.6666666666666666,2.6849657800271767,0.796688631987033,0.29672208037562736,0.4893127737213535,2,"[[3, 4], [2, 3], [2, 3], [3, 4]]","[true, true, true, true, true]",0,4.0,0,1,1,0.27182675000000245
figure_eight--demand_aligned,figure_eight,demand_aligned,mismatch_1p70,dynamic_mismatch,1.7,0.0,0,1.7,1361,dual_anchor_dynamic,16.91477911100708,3.427554426458759,3.427554426458759,0.4128879695878056,0.20263666489314788,1.0,0.6666666666666666,2.6849657800271767,0.47445037219388536,0.17670630133285464,0.4128879695878056,3,"[[3, 4], [2, 3], [3, 4], [2, 3]]","[true, true, true, true, true]",0,4.0,0,1,1,0.33885270799999034
figure_eight--demand_aligned,figure_eight,demand_aligned,mismatch_1p70,dynamic_mismatch,1.7,0.0,0,1.7,1381,full_trajectory,19.808211005747,5.764787590510259,5.764787590510259,0.485998555441632,0.291030198983528,1.0,0.5,2.9177645184286987,0.7505502089842011,0.2572346754659949,0.485998555441632,0,"[[0, 1, 2, 3, 4, 5], [0, 1, 2, 3, 4, 5], [0, 1, 2, 3, 4, 5], [0, 1, 2, 3, 4, 5]]","[true, true, true, true, true]",0,0.0,0,1,1,0.3544274999999857
figure_eight--demand_aligned,figure_eight,demand_aligned,mismatch_1p70,dynamic_mismatch,1.7,0.0,0,1.7,1381,error_peak_dynamic,19.808211005747,5.448485619673363,5.448485619673363,0.5279944595171341,0.2750619739507309,1.0,0.8333333333333334,2.9177645184286987,1.0139607600112928,0.34751288310180023,0.5279944595171341,3,"[[3, 4], [2, 3], [3, 4], [2, 3]]","[true, true, true, true, true]",0,0.0,0,1,1,0.27631824999997434
figure_eight--demand_aligned,figure_eight,demand_aligned,mismatch_1p70,dynamic_mismatch,1.7,0.0,0,1.7,1381,violation_safe,19.808211005747,6.884963975265098,6.884963975265098,0.5451060324596304,0.34758131227840555,1.0,0.8333333333333334,2.9177645184286987,1.4469919398761693,0.4959248529951336,0.5451060324596304,3,"[[2, 4], [3, 4], [2, 4], [3, 4]]","[true, true, true, true, true]",0,4.0,0,1,1,0.2931955419999781
figure_eight--demand_aligned,figure_eight,demand_aligned,mismatch_1p70,dynamic_mismatch,1.7,0.0,0,1.7,1381,dual_anchor_dynamic,19.808211005747,5.001649281725178,5.001649281725178,0.44459302281825497,0.2525038369327769,1.0,0.8333333333333334,2.9177645184286987,0.8043419462024727,0.2756706173929465,0.44459302281825497,1,"[[3, 4], [3, 4], [3, 4], [2, 3]]","[true, true, true, true, true]",0,4.0,0,1,1,0.3511207079999963
figure_eight--demand_conflict,figure_eight,demand_conflict,mismatch_1p70,dynamic_mismatch,1.7,0.0,0,1.7,1301,full_trajectory,2.7683146262407266,0.16188804684234506,0.16188804684234506,0.3172474852145487,0.058478919017302344,0.6666666666666666,0.0,0.793566839649836,0.03869393489124213,0.04875951584407932,0.3172474852145487,0,"[[0, 1, 2, 3, 4, 5], [0, 1, 2, 3, 4, 5], [0, 1, 2, 3, 4, 5], [0, 1, 2, 3, 4, 5]]","[true, true, true, true, true]",0,0.0,0,1,1,0.20696933400000717
figure_eight--demand_conflict,figure_eight,demand_conflict,mismatch_1p70,dynamic_mismatch,1.7,0.0,0,1.7,1301,error_peak_dynamic,2.7683146262407266,0.13142523064502398,0.13142523064502398,0.30122883406655115,0.04747481713214614,0.6666666666666666,0.0,0.793566839649836,0.06546839761496326,0.08249890789772844,0.30122883406655115,2,"[[2, 4], [2, 4], [3, 4], [2, 3]]","[true, true, true, true, true]",0,0.0,0,1,1,0.1824551660000111
figure_eight--demand_conflict,figure_eight,demand_conflict,mismatch_1p70,dynamic_mismatch,1.7,0.0,0,1.7,1301,violation_safe,2.7683146262407266,0.13334744016872854,0.13334744016872854,0.29645920750003824,0.048169178064059015,0.6666666666666666,0.0,0.793566839649836,0.07236676507046114,0.09119177044039947,0.29645920750003824,3,"[[2, 4], [2, 3], [3, 4], [2, 3]]","[true, true, true, true, true]",0,4.0,0,1,1,0.16402662500001952
figure_eight--demand_conflict,figure_eight,demand_conflict,mismatch_1p70,dynamic_mismatch,1.7,0.0,0,1.7,1301,dual_anchor_dynamic,2.7683146262407266,0.13251190537217128,0.13251190537217128,0.29982131008860474,0.04786735731412067,0.6666666666666666,0.0,0.793566839649836,0.05164801119329458,0.06508337875620464,0.29982131008860474,2,"[[2, 4], [2, 4], [3, 4], [2, 3]]","[true, true, true, true, true]",0,4.0,0,1,1,0.19942137500004264
figure_eight--demand_conflict,figure_eight,demand_conflict,mismatch_1p70,dynamic_mismatch,1.7,0.0,0,1.7,1321,full_trajectory,12.445715579020336,2.5641725452600843,2.5641725452600843,0.4501207771974369,0.20602853479815125,1.0,0.3333333333333333,2.686476717498643,0.43028970584730586,0.16016878279441973,0.4501207771974369,0,"[[0, 1, 2, 3, 4, 5], [0, 1, 2, 3, 4, 5], [0, 1, 2, 3, 4, 5], [0, 1, 2, 3, 4, 5]]","[true, true, true, true, true]",0,0.0,0,1,1,0.31716725000001134
figure_eight--demand_conflict,figure_eight,demand_conflict,mismatch_1p70,dynamic_mismatch,1.7,0.0,0,1.7,1321,error_peak_dynamic,12.445715579020336,2.1814621530412652,2.1814621530412652,0.40224927649022446,0.17527816212661507,1.0,0.6666666666666666,2.686476717498643,0.4493558937367479,0.16726588055270383,0.40224927649022446,3,"[[3, 4], [2, 3], [3, 4], [2, 3]]","[true, true, true, true, true]",0,0.0,0,1,1,0.3129895000000147
figure_eight--demand_conflict,figure_eight,demand_conflict,mismatch_1p70,dynamic_mismatch,1.7,0.0,0,1.7,1321,violation_safe,12.445715579020336,2.184431173559722,2.184431173559722,0.4058663210734744,0.17551671976515387,1.0,0.8333333333333334,2.686476717498643,0.4558679155139333,0.16968988137681992,0.4058663210734744,3,"[[3, 5], [2, 3], [1, 3], [2, 3]]","[true, true, true, true, true]",0,4.0,0,1,1,0.29385195800000474
figure_eight--demand_conflict,figure_eight,demand_conflict,mismatch_1p70,dynamic_mismatch,1.7,0.0,0,1.7,1321,dual_anchor_dynamic,12.445715579020336,2.3211969312937404,2.3211969312937404,0.4117863051363638,0.18650570283050397,1.0,0.5,2.686476717498643,0.4227071607781187,0.15734629599607994,0.4117863051363638,3,"[[3, 4], [2, 3], [3, 4], [2, 3]]","[true, true, true, true, true]",0,4.0,0,1,1,0.3339600830000222
figure_eight--demand_conflict,figure_eight,demand_conflict,mismatch_1p70,dynamic_mismatch,1.7,0.0,0,1.7,1361,full_trajectory,11.838374586571625,2.896809419703363,2.896809419703363,0.47075753063411563,0.244696550064334,1.0,0.5,2.6849657800271767,0.4874885256675596,0.18156228630318907,0.47075753063411563,0,"[[0, 1, 2, 3, 4, 5], [0, 1, 2, 3, 4, 5], [0, 1, 2, 3, 4, 5], [0, 1, 2, 3, 4, 5]]","[true, true, true, true, true]",0,0.0,0,1,1,0.3070101669999872
figure_eight--demand_conflict,figure_eight,demand_conflict,mismatch_1p70,dynamic_mismatch,1.7,0.0,0,1.7,1361,error_peak_dynamic,11.838374586571625,2.3588309274165855,2.3588309274165855,0.4210911575716468,0.19925293883606526,1.0,0.5,2.6849657800271767,0.49814855205188596,0.18553255157197712,0.4210911575716468,3,"[[3, 4], [2, 3], [3, 4], [2, 3]]","[true, true, true, true, true]",0,0.0,0,1,1,0.2994392499999776
figure_eight--demand_conflict,figure_eight,demand_conflict,mismatch_1p70,dynamic_mismatch,1.7,0.0,0,1.7,1361,violation_safe,11.838374586571625,2.3989257554419643,2.3989257554419643,0.42411711907004196,0.20263979129052795,1.0,0.8333333333333334,2.6849657800271767,0.4960686248366169,0.18475789469152779,0.42411711907004196,3,"[[3, 5], [2, 3], [1, 3], [2, 3]]","[true, true, true, true, true]",0,4.0,0,1,1,0.3123455410000133
figure_eight--demand_conflict,figure_eight,demand_conflict,mismatch_1p70,dynamic_mismatch,1.7,0.0,0,1.7,1361,dual_anchor_dynamic,11.838374586571625,2.5600281996922947,2.5600281996922947,0.4332068512799857,0.2162482848444547,1.0,0.5,2.6849657800271767,0.47445037219388536,0.17670630133285464,0.4332068512799857,3,"[[3, 4], [2, 3], [3, 4], [2, 3]]","[true, true, true, true, true]",0,4.0,0,1,1,0.33864266599999837
figure_eight--demand_conflict,figure_eight,demand_conflict,mismatch_1p70,dynamic_mismatch,1.7,0.0,0,1.7,1381,full_trajectory,12.015334997231236,4.194354923870742,4.194354923870742,0.5582475604121288,0.34908347747584834,1.0,0.6666666666666666,2.9177645184286987,0.7505502089842011,0.2572346754659949,0.5582475604121288,0,"[[0, 1, 2, 3, 4, 5], [0, 1, 2, 3, 4, 5], [0, 1, 2, 3, 4, 5], [0, 1, 2, 3, 4, 5]]","[true, true, true, true, true]",0,0.0,0,1,1,0.35247137499999326
figure_eight--demand_conflict,figure_eight,demand_conflict,mismatch_1p70,dynamic_mismatch,1.7,0.0,0,1.7,1381,error_peak_dynamic,12.015334997231236,2.660684758075684,2.660684758075684,0.4693111948251122,0.22144074706937436,1.0,1.0,2.9177645184286987,0.7980775960409032,0.2735236483274158,0.4693111948251122,2,"[[3, 4], [2, 3], [3, 4], [3, 4]]","[true, true, true, true, true]",0,0.0,0,1,1,0.34423020799999904
figure_eight--demand_conflict,figure_eight,demand_conflict,mismatch_1p70,dynamic_mismatch,1.7,0.0,0,1.7,1381,violation_safe,12.015334997231236,2.63053420197548,2.63053420197548,0.49291362044866277,0.21893140745402848,1.0,0.8333333333333334,2.9177645184286987,0.6187982105264852,0.2120795583804433,0.49291362044866277,3,"[[2, 3], [3, 5], [2, 3], [1, 3]]","[true, true, true, true, true]",0,4.0,0,1,1,0.3467402919999927
figure_eight--demand_conflict,figure_eight,demand_conflict,mismatch_1p70,dynamic_mismatch,1.7,0.0,0,1.7,1381,dual_anchor_dynamic,12.015334997231236,3.0292648004192433,3.240426588759914,0.45661682432271467,0.25211654948591067,1.0,1.0,2.9177645184286987,1.0001136329916702,0.34276708304420006,0.45661682432271467,1,"[[3, 4], [3, 4], [3, 4], [2, 3]]","[true, true, true, true, false]",1,2.0,0,1,1,0.3518330839999635
s_curve--neutral,s_curve,neutral,mismatch_1p70,dynamic_mismatch,1.7,0.0,0,1.7,1301,full_trajectory,2.133935797936545,0.29027447202698486,0.29027447202698486,0.38638587847094746,0.13602774380919613,0.5,0.0,0.33259100821613097,0.05883415035240168,0.17689639496858825,0.38638587847094746,0,"[[0, 1, 2, 3, 4, 5], [0, 1, 2, 3, 4, 5], [0, 1, 2, 3, 4, 5], [0, 1, 2, 3, 4, 5]]","[true, true, true, true, true]",0,0.0,0,1,1,0.2090281669999854
s_curve--neutral,s_curve,neutral,mismatch_1p70,dynamic_mismatch,1.7,0.0,0,1.7,1301,error_peak_dynamic,2.133935797936545,0.19782285634525187,0.19782285634525187,0.3377445481037398,0.09270328401470228,0.5,0.0,0.33259100821613097,0.10145250047343567,0.30503681087946843,0.3377445481037398,2,"[[2, 4], [3, 4], [2, 4], [2, 4]]","[true, true, true, true, true]",0,0.0,0,1,1,0.20755933300000606
s_curve--neutral,s_curve,neutral,mismatch_1p70,dynamic_mismatch,1.7,0.0,0,1.7,1301,violation_safe,2.133935797936545,0.15299264535535767,0.15299264535535767,0.3097795425650307,0.07169505544791797,0.5,0.0,0.33259100821613097,0.1002145042604293,0.3013145328189567,0.3097795425650307,0,"[[2, 4], [2, 4], [2, 4], [2, 4]]","[true, true, true, true, true]",0,4.0,0,1,1,0.20856795800000327
s_curve--neutral,s_curve,neutral,mismatch_1p70,dynamic_mismatch,1.7,0.0,0,1.7,1301,dual_anchor_dynamic,2.133935797936545,0.19782285634525187,0.19782285634525187,0.3377445481037398,0.09270328401470228,0.5,0.0,0.33259100821613097,0.10145250047343567,0.30503681087946843,0.3377445481037398,2,"[[2, 4], [3, 4], [2, 4], [2, 4]]","[true, true, true, true, true]",0,4.0,0,1,1,0.2098552090000112
s_curve--neutral,s_curve,neutral,mismatch_1p70,dynamic_mismatch,1.7,0.0,0,1.7,1321,full_trajectory,7.073303757137535,1.3293036831753406,1.3293036831753406,0.41471163595268246,0.18793250351138474,1.0,0.3333333333333333,1.2257007517619434,0.2973370673820048,0.24258536755776902,0.41471163595268246,0,"[[0, 1, 2, 3, 4, 5], [0, 1, 2, 3, 4, 5], [0, 1, 2, 3, 4, 5], [0, 1, 2, 3, 4, 5]]","[true, true, true, true, true]",0,0.0,0,1,1,0.26592175000001816
s_curve--neutral,s_curve,neutral,mismatch_1p70,dynamic_mismatch,1.7,0.0,0,1.7,1321,error_peak_dynamic,7.073303757137535,1.0680015737438056,1.0680015737438056,0.38590277707437737,0.15099048625843414,1.0,0.16666666666666666,1.2257007517619434,0.38006467826552964,0.310079501639521,0.38590277707437737,1,"[[3, 4], [3, 4], [2, 4], [2, 4]]","[true, true, true, true, true]",0,0.0,0,1,1,0.2455850409999698
s_curve--neutral,s_curve,neutral,mismatch_1p70,dynamic_mismatch,1.7,0.0,0,1.7,1321,violation_safe,7.073303757137535,1.0680015737438056,1.0680015737438056,0.38590277707437737,0.15099048625843414,1.0,0.16666666666666666,1.2257007517619434,0.38006467826552964,0.310079501639521,0.38590277707437737,1,"[[3, 4], [3, 4], [2, 4], [2, 4]]","[true, true, true, true, true]",0,4.0,0,1,1,0.2465505420000227
s_curve--neutral,s_curve,neutral,mismatch_1p70,dynamic_mismatch,1.7,0.0,0,1.7,1321,dual_anchor_dynamic,7.073303757137535,1.0680015737438056,1.0680015737438056,0.38590277707437737,0.15099048625843414,1.0,0.16666666666666666,1.2257007517619434,0.38006467826552964,0.310079501639521,0.38590277707437737,1,"[[3, 4], [3, 4], [2, 4], [2, 4]]","[true, true, true, true, true]",0,4.0,0,1,1,0.24658358300001737
s_curve--neutral,s_curve,neutral,mismatch_1p70,dynamic_mismatch,1.7,0.0,0,1.7,1361,full_trajectory,7.343162606278101,1.2216569041149317,1.2216569041149317,0.396201096707522,0.16636658747968694,1.0,0.3333333333333333,1.19177441262394,0.2580523568520688,0.21652785470021352,0.396201096707522,0,"[[0, 1, 2, 3, 4, 5], [0, 1, 2, 3, 4, 5], [0, 1, 2, 3, 4, 5], [0, 1, 2, 3, 4, 5]]","[true, true, true, true, true]",0,0.0,0,1,1,0.24904404099999056
s_curve--neutral,s_curve,neutral,mismatch_1p70,dynamic_mismatch,1.7,0.0,0,1.7,1361,error_peak_dynamic,7.343162606278101,1.0001570677451044,1.0001570677451044,0.36825985403264216,0.13620249494271192,1.0,0.16666666666666666,1.19177441262394,0.35622527458093267,0.2989032746529844,0.36825985403264216,1,"[[3, 4], [3, 4], [2, 4], [2, 4]]","[true, true, true, true, true]",0,0.0,0,1,1,0.21858025000000225
s_curve--neutral,s_curve,neutral,mismatch_1p70,dynamic_mismatch,1.7,0.0,0,1.7,1361,violation_safe,7.343162606278101,1.0001570677451044,1.0001570677451044,0.36825985403264216,0.13620249494271192,1.0,0.16666666666666666,1.19177441262394,0.35622527458093267,0.2989032746529844,0.36825985403264216,1,"[[3, 4], [3, 4], [2, 4], [2, 4]]","[true, true, true, true, true]",0,4.0,0,1,1,0.22025570799996785
s_curve--neutral,s_curve,neutral,mismatch_1p70,dynamic_mismatch,1.7,0.0,0,1.7,1361,dual_anchor_dynamic,7.343162606278101,1.0001570677451044,1.0001570677451044,0.36825985403264216,0.13620249494271192,1.0,0.16666666666666666,1.19177441262394,0.35622527458093267,0.2989032746529844,0.36825985403264216,1,"[[3, 4], [3, 4], [2, 4], [2, 4]]","[true, true, true, true, true]",0,4.0,0,1,1,0.22089537499999778
s_curve--neutral,s_curve,neutral,mismatch_1p70,dynamic_mismatch,1.7,0.0,0,1.7,1381,full_trajectory,8.36901345129174,2.1040878012668403,2.1040878012668403,0.46285280979999277,0.25141407807655974,1.0,0.5,1.3102384067429753,0.4816748156599184,0.3676237951666202,0.46285280979999277,0,"[[0, 1, 2, 3, 4, 5], [0, 1, 2, 3, 4, 5], [0, 1, 2, 3, 4, 5], [0, 1, 2, 3, 4, 5]]","[true, true, true, true, true]",0,0.0,0,1,1,0.2705817089999982
s_curve--neutral,s_curve,neutral,mismatch_1p70,dynamic_mismatch,1.7,0.0,0,1.7,1381,error_peak_dynamic,8.36901345129174,1.6515786372434547,1.6515786372434547,0.41801979457642824,0.19734448353509776,1.0,0.5,1.3102384067429753,0.5717359295904128,0.43636022776316624,0.41801979457642824,1,"[[3, 4], [3, 4], [2, 4], [2, 4]]","[true, true, true, true, true]",0,0.0,0,1,1,0.2545121670000299
s_curve--neutral,s_curve,neutral,mismatch_1p70,dynamic_mismatch,1.7,0.0,0,1.7,1381,violation_safe,8.36901345129174,1.6515786372434547,1.6515786372434547,0.41801979457642824,0.19734448353509776,1.0,0.5,1.3102384067429753,0.5717359295904128,0.43636022776316624,0.41801979457642824,1,"[[3, 4], [3, 4], [2, 4], [2, 4]]","[true, true, true, true, true]",0,4.0,0,1,1,0.25930529099997557
s_curve--neutral,s_curve,neutral,mismatch_1p70,dynamic_mismatch,1.7,0.0,0,1.7,1381,dual_anchor_dynamic,8.36901345129174,1.6515786372434547,1.6515786372434547,0.41801979457642824,0.19734448353509776,1.0,0.5,1.3102384067429753,0.5717359295904128,0.43636022776316624,0.41801979457642824,1,"[[3, 4], [3, 4], [2, 4], [2, 4]]","[true, true, true, true, true]",0,4.0,0,1,1,0.2528359589999809
s_curve--demand_aligned,s_curve,demand_aligned,mismatch_1p70,dynamic_mismatch,1.7,0.0,0,1.7,1301,full_trajectory,2.862244530531777,0.4838411122182044,0.4838411122182044,0.41706727480867367,0.16904254931996024,0.5,0.0,0.33259100821613097,0.05883415035240168,0.17689639496858825,0.41706727480867367,0,"[[0, 1, 2, 3, 4, 5], [0, 1, 2, 3, 4, 5], [0, 1, 2, 3, 4, 5], [0, 1, 2, 3, 4, 5]]","[true, true, true, true, true]",0,0.0,0,1,1,0.21166112500003464
s_curve--demand_aligned,s_curve,demand_aligned,mismatch_1p70,dynamic_mismatch,1.7,0.0,0,1.7,1301,error_peak_dynamic,2.862244530531777,0.3239369253640004,0.3239369253640004,0.3788823854731453,0.11317583871976727,0.5,0.0,0.33259100821613097,0.18316408929061495,0.5507187048532219,0.3788823854731453,3,"[[2, 4], [3, 4], [1, 2], [2, 4]]","[true, true, true, true, true]",0,0.0,0,1,1,0.15727866599996787
s_curve--demand_aligned,s_curve,demand_aligned,mismatch_1p70,dynamic_mismatch,1.7,0.0,0,1.7,1301,violation_safe,2.862244530531777,0.2301106342812617,0.2301106342812617,0.31837922090194765,0.08039516953448746,0.5,0.0,0.33259100821613097,0.1954251084180564,0.5875838600274526,0.31837922090194765,0,"[[2, 4], [2, 4], [2, 4], [2, 4]]","[true, true, true, true, true]",0,4.0,0,1,1,0.14871916600003487
s_curve--demand_aligned,s_curve,demand_aligned,mismatch_1p70,dynamic_mismatch,1.7,0.0,0,1.7,1301,dual_anchor_dynamic,2.862244530531777,0.3198752370008277,0.3198752370008277,0.3621756902488337,0.11175678164066506,0.5,0.0,0.33259100821613097,0.10145250047343567,0.30503681087946843,0.3621756902488337,2,"[[2, 4], [3, 4], [2, 4], [2, 4]]","[true, true, true, true, true]",0,4.0,0,1,1,0.2100410829999646
s_curve--demand_aligned,s_curve,demand_aligned,mismatch_1p70,dynamic_mismatch,1.7,0.0,0,1.7,1321,full_trajectory,9.108490863775943,2.17861434436207,2.17861434436207,0.4608119087112589,0.23918499529118714,0.8333333333333334,0.5,1.2257007517619434,0.2973370673820048,0.24258536755776902,0.4608119087112589,0,"[[0, 1, 2, 3, 4, 5], [0, 1, 2, 3, 4, 5], [0, 1, 2, 3, 4, 5], [0, 1, 2, 3, 4, 5]]","[true, true, true, true, true]",0,0.0,0,1,1,0.26676687500003027
s_curve--demand_aligned,s_curve,demand_aligned,mismatch_1p70,dynamic_mismatch,1.7,0.0,0,1.7,1321,error_peak_dynamic,9.108490863775943,1.2486202788947196,1.2486202788947196,0.4005766958636606,0.1370831126219192,0.8333333333333334,0.3333333333333333,1.2257007517619434,0.5447806255000919,0.4444646254128264,0.4005766958636606,3,"[[3, 4], [2, 4], [1, 2], [2, 4]]","[true, true, true, true, true]",0,0.0,0,1,1,0.16599087499997722
s_curve--demand_aligned,s_curve,demand_aligned,mismatch_1p70,dynamic_mismatch,1.7,0.0,0,1.7,1321,violation_safe,9.108490863775943,1.148112177157941,1.148112177157941,0.38661026948591914,0.12604856219639318,0.8333333333333334,0.3333333333333333,1.2257007517619434,0.5613092547914703,0.4579496700027221,0.38661026948591914,1,"[[3, 4], [2, 4], [2, 4], [2, 4]]","[true, true, true, true, true]",0,4.0,0,1,1,0.17960004200000412
s_curve--demand_aligned,s_curve,demand_aligned,mismatch_1p70,dynamic_mismatch,1.7,0.0,0,1.7,1321,dual_anchor_dynamic,9.108490863775943,1.4305791562602952,1.4305791562602952,0.3989504964200311,0.15705995402044526,0.8333333333333334,0.3333333333333333,1.2257007517619434,0.3824086370525087,0.3119918434436764,0.3989504964200311,1,"[[3, 4], [2, 4], [2, 4], [2, 4]]","[true, true, true, true, true]",0,4.0,0,1,1,0.2565880829999969
s_curve--demand_aligned,s_curve,demand_aligned,mismatch_1p70,dynamic_mismatch,1.7,0.0,0,1.7,1361,full_trajectory,9.46096778833576,2.032785612481837,2.032785612481837,0.43451498209342737,0.21486021916151307,0.8333333333333334,0.3333333333333333,1.19177441262394,0.2580523568520688,0.21652785470021352,0.43451498209342737,0,"[[0, 1, 2, 3, 4, 5], [0, 1, 2, 3, 4, 5], [0, 1, 2, 3, 4, 5], [0, 1, 2, 3, 4, 5]]","[true, true, true, true, true]",0,0.0,0,1,1,0.24257983299997932
s_curve--demand_aligned,s_curve,demand_aligned,mismatch_1p70,dynamic_mismatch,1.7,0.0,0,1.7,1361,error_peak_dynamic,9.46096778833576,1.6300376708635462,1.6300376708635462,0.4306861398977541,0.17229079596626337,0.8333333333333334,0.3333333333333333,1.19177441262394,0.5144623777516755,0.43167764998325414,0.4306861398977541,2,"[[3, 4], [3, 4], [1, 2], [2, 4]]","[true, true, true, true, true]",0,0.0,0,1,1,0.16642304100003003
s_curve--demand_aligned,s_curve,demand_aligned,mismatch_1p70,dynamic_mismatch,1.7,0.0,0,1.7,1361,violation_safe,9.46096778833576,1.139011540832783,1.139011540832783,0.3610387909510865,0.1203905949491814,0.8333333333333334,0.5,1.19177441262394,0.5458399319047388,0.458006084140503,0.3610387909510865,1,"[[3, 4], [2, 4], [2, 4], [2, 4]]","[true, true, true, true, true]",0,4.0,0,1,1,0.16814375000001291
s_curve--demand_aligned,s_curve,demand_aligned,mismatch_1p70,dynamic_mismatch,1.7,0.0,0,1.7,1361,dual_anchor_dynamic,9.46096778833576,1.655979896405401,1.655979896405401,0.4079509763858768,0.17503282258787797,0.8333333333333334,0.16666666666666666,1.19177441262394,0.35622527458093267,0.2989032746529844,0.4079509763858768,1,"[[3, 4], [3, 4], [2, 4], [2, 4]]","[true, true, true, true, true]",0,4.0,0,1,1,0.22133479200005013
s_curve--demand_aligned,s_curve,demand_aligned,mismatch_1p70,dynamic_mismatch,1.7,0.0,0,1.7,1381,full_trajectory,10.89434903420229,3.453383925752507,3.453383925752507,0.5157745609153804,0.31698855203837994,0.8333333333333334,0.5,1.3102384067429753,0.4816748156599184,0.3676237951666202,0.5157745609153804,0,"[[0, 1, 2, 3, 4, 5], [0, 1, 2, 3, 4, 5], [0, 1, 2, 3, 4, 5], [0, 1, 2, 3, 4, 5]]","[true, true, true, true, true]",0,0.0,0,1,1,0.27188775000001897
s_curve--demand_aligned,s_curve,demand_aligned,mismatch_1p70,dynamic_mismatch,1.7,0.0,0,1.7,1381,error_peak_dynamic,10.89434903420229,2.492055647632218,2.492055647632218,0.4717937666175723,0.22874754974423236,0.8333333333333334,0.5,1.3102384067429753,0.7161563803293342,0.5465847868935351,0.4717937666175723,2,"[[3, 4], [3, 4], [1, 2], [2, 4]]","[true, true, true, true, true]",0,0.0,0,1,1,0.17673624999997628
s_curve--demand_aligned,s_curve,demand_aligned,mismatch_1p70,dynamic_mismatch,1.7,0.0,0,1.7,1381,violation_safe,10.89434903420229,1.7067434383736515,1.7067434383736515,0.4005390661255489,0.15666318685177166,0.8333333333333334,0.6666666666666666,1.3102384067429753,0.7636284287270895,0.5828163979907571,0.4005390661255489,1,"[[3, 4], [2, 4], [2, 4], [2, 4]]","[true, true, true, true, true]",0,4.0,0,1,1,0.18485083400003077
s_curve--demand_aligned,s_curve,demand_aligned,mismatch_1p70,dynamic_mismatch,1.7,0.0,0,1.7,1381,dual_anchor_dynamic,10.89434903420229,2.245849895704992,2.245849895704992,0.4288768058597084,0.20614814971085038,0.8333333333333334,0.5,1.3102384067429753,0.579812777648134,0.44252463877123527,0.4288768058597084,1,"[[3, 4], [2, 4], [2, 4], [2, 4]]","[true, true, true, true, true]",0,4.0,0,1,1,0.25373879199997873
s_curve--demand_conflict,s_curve,demand_conflict,mismatch_1p70,dynamic_mismatch,1.7,0.0,0,1.7,1301,full_trajectory,1.4503217937670427,0.16050371696873147,0.16050371696873147,0.37139844450471327,0.11066765848690839,0.16666666666666666,0.0,0.33259100821613097,0.05883415035240168,0.17689639496858825,0.37139844450471327,0,"[[0, 1, 2, 3, 4, 5], [0, 1, 2, 3, 4, 5], [0, 1, 2, 3, 4, 5], [0, 1, 2, 3, 4, 5]]","[true, true, true, true, true]",0,0.0,0,1,1,0.21089787500000057
s_curve--demand_conflict,s_curve,demand_conflict,mismatch_1p70,dynamic_mismatch,1.7,0.0,0,1.7,1301,error_peak_dynamic,1.4503217937670427,0.15991928572370806,0.15991928572370806,0.3292532898228863,0.11026469188492041,0.16666666666666666,0.0,0.33259100821613097,0.11595120029084963,0.34862999126993804,0.3292532898228863,3,"[[2, 4], [3, 4], [2, 4], [2, 3]]","[true, true, true, true, true]",0,0.0,0,1,1,0.18760962500005007
s_curve--demand_conflict,s_curve,demand_conflict,mismatch_1p70,dynamic_mismatch,1.7,0.0,0,1.7,1301,violation_safe,1.4503217937670427,0.13953979068627803,0.13953979068627803,0.3428974849472896,0.0962129861703585,0.16666666666666666,0.0,0.33259100821613097,0.12137187755781227,0.3649283190450536,0.3428974849472896,3,"[[3, 4], [2, 4], [2, 3], [2, 4]]","[true, true, true, true, true]",0,4.0,0,1,1,0.18676850000002787
s_curve--demand_conflict,s_curve,demand_conflict,mismatch_1p70,dynamic_mismatch,1.7,0.0,0,1.7,1301,dual_anchor_dynamic,1.4503217937670427,0.12646090591985806,0.12646090591985806,0.32326102917785193,0.0871950669591681,0.16666666666666666,0.0,0.33259100821613097,0.10145250047343567,0.30503681087946843,0.32326102917785193,2,"[[2, 4], [3, 4], [2, 4], [2, 4]]","[true, true, true, true, true]",0,4.0,0,1,1,0.20810333299999684
s_curve--demand_conflict,s_curve,demand_conflict,mismatch_1p70,dynamic_mismatch,1.7,0.0,0,1.7,1321,full_trajectory,5.740382397000957,0.7609004947312477,0.7609004947312477,0.3702307754316388,0.1325522312117704,1.0,0.0,1.2257007517619434,0.2973370673820048,0.24258536755776902,0.3702307754316388,0,"[[0, 1, 2, 3, 4, 5], [0, 1, 2, 3, 4, 5], [0, 1, 2, 3, 4, 5], [0, 1, 2, 3, 4, 5]]","[true, true, true, true, true]",0,0.0,0,1,1,0.26526662500003795
s_curve--demand_conflict,s_curve,demand_conflict,mismatch_1p70,dynamic_mismatch,1.7,0.0,0,1.7,1321,error_peak_dynamic,5.740382397000957,0.6511324991816283,0.6511324991816283,0.34907452472451317,0.1134301609456907,1.0,0.0,1.2257007517619434,0.4191386928662853,0.34195842032712626,0.34907452472451317,1,"[[3, 4], [3, 4], [2, 4], [2, 4]]","[true, true, true, true, true]",0,0.0,0,1,1,0.21315166600004432
s_curve--demand_conflict,s_curve,demand_conflict,mismatch_1p70,dynamic_mismatch,1.7,0.0,0,1.7,1321,violation_safe,5.740382397000957,0.6417436153195748,0.6417436153195748,0.3492461026839083,0.11179457585523424,1.0,0.0,1.2257007517619434,0.4200473843503476,0.3426997852016734,0.3492461026839083,2,"[[3, 4], [3, 4], [2, 3], [2, 4]]","[true, true, true, true, true]",0,4.0,0,1,1,0.22140087500002892
s_curve--demand_conflict,s_curve,demand_conflict,mismatch_1p70,dynamic_mismatch,1.7,0.0,0,1.7,1321,dual_anchor_dynamic,5.740382397000957,0.6202043870064905,0.6202043870064905,0.3440963649980476,0.10804234702735381,1.0,0.0,1.2257007517619434,0.38006467826552964,0.310079501639521,0.3440963649980476,1,"[[3, 4], [3, 4], [2, 4], [2, 4]]","[true, true, true, true, true]",0,4.0,0,1,1,0.24611104199999545
s_curve--demand_conflict,s_curve,demand_conflict,mismatch_1p70,dynamic_mismatch,1.7,0.0,0,1.7,1361,full_trajectory,5.5169731387734995,0.6821147685202721,0.6821147685202721,0.36628272720147526,0.12363931296426717,1.0,0.0,1.19177441262394,0.2580523568520688,0.21652785470021352,0.36628272720147526,0,"[[0, 1, 2, 3, 4, 5], [0, 1, 2, 3, 4, 5], [0, 1, 2, 3, 4, 5], [0, 1, 2, 3, 4, 5]]","[true, true, true, true, true]",0,0.0,0,1,1,0.24069570799997564
s_curve--demand_conflict,s_curve,demand_conflict,mismatch_1p70,dynamic_mismatch,1.7,0.0,0,1.7,1361,error_peak_dynamic,5.5169731387734995,0.6132092674237639,0.6132092674237639,0.3482955614536854,0.11114958365740547,1.0,0.0,1.19177441262394,0.40218908512689294,0.3374708173515739,0.3482955614536854,1,"[[3, 4], [3, 4], [2, 4], [2, 4]]","[true, true, true, true, true]",0,0.0,0,1,1,0.20357899999999063
s_curve--demand_conflict,s_curve,demand_conflict,mismatch_1p70,dynamic_mismatch,1.7,0.0,0,1.7,1361,violation_safe,5.5169731387734995,0.653350037549982,0.653350037549982,0.3576020943273001,0.11842545198529476,1.0,0.0,1.19177441262394,0.41970926826077276,0.3521717397310916,0.3576020943273001,2,"[[3, 4], [3, 4], [1, 2], [2, 4]]","[true, true, true, true, true]",0,4.0,0,1,1,0.20717962499998066
s_curve--demand_conflict,s_curve,demand_conflict,mismatch_1p70,dynamic_mismatch,1.7,0.0,0,1.7,1361,dual_anchor_dynamic,5.5169731387734995,0.5706020553170764,0.5706020553170764,0.341286721829623,0.10342665098491476,1.0,0.0,1.19177441262394,0.35622527458093267,0.2989032746529844,0.341286721829623,1,"[[3, 4], [3, 4], [2, 4], [2, 4]]","[true, true, true, true, true]",0,4.0,0,1,1,0.22032358299998123
s_curve--demand_conflict,s_curve,demand_conflict,mismatch_1p70,dynamic_mismatch,1.7,0.0,0,1.7,1381,full_trajectory,5.994778771792532,1.1965186901135092,1.1965186901135092,0.4292880891679986,0.199593468860525,1.0,0.5,1.3102384067429753,0.4816748156599184,0.3676237951666202,0.4292880891679986,0,"[[0, 1, 2, 3, 4, 5], [0, 1, 2, 3, 4, 5], [0, 1, 2, 3, 4, 5], [0, 1, 2, 3, 4, 5]]","[true, true, true, true, true]",0,0.0,0,1,1,0.26860054100001207
s_curve--demand_conflict,s_curve,demand_conflict,mismatch_1p70,dynamic_mismatch,1.7,0.0,0,1.7,1381,error_peak_dynamic,5.994778771792532,0.9957661883318566,0.9957661883318566,0.3933264792063318,0.16610557724286246,1.0,0.3333333333333333,1.3102384067429753,0.6127081972000631,0.46763107694511036,0.3933264792063318,1,"[[3, 4], [3, 4], [2, 4], [2, 4]]","[true, true, true, true, true]",0,0.0,0,1,1,0.22736704200002578
s_curve--demand_conflict,s_curve,demand_conflict,mismatch_1p70,dynamic_mismatch,1.7,0.0,0,1.7,1381,violation_safe,5.994778771792532,0.9609347160127586,0.9609347160127586,0.39299224317502934,0.1602952757046319,1.0,0.3333333333333333,1.3102384067429753,0.6029771086842254,0.4602041167325583,0.39299224317502934,2,"[[3, 4], [3, 4], [2, 3], [2, 4]]","[true, true, true, true, true]",0,4.0,0,1,1,0.22349970800001984
s_curve--demand_conflict,s_curve,demand_conflict,mismatch_1p70,dynamic_mismatch,1.7,0.0,0,1.7,1381,dual_anchor_dynamic,5.994778771792532,0.9666963592543164,0.9666963592543164,0.391999478067963,0.16125638594087086,1.0,0.5,1.3102384067429753,0.5717359295904128,0.43636022776316624,0.391999478067963,1,"[[3, 4], [3, 4], [2, 4], [2, 4]]","[true, true, true, true, true]",0,4.0,0,1,1,0.2523057079999944
