manifest_id,trajectory,regime,scenario_id,stress_factor,stress_level,measurement_noise_std_mm,extra_delay_steps,mismatch_scale,domain_seed,method,compensation_gain,initial_task_score,final_task_score,last_observed_task_score,task_auc_normalized,final_task_ratio,initial_violation_rate,final_violation_rate,initial_global_rmse,final_global_rmse,final_global_ratio,measured_score_auc_normalized,selection_switches,selection_history,accepted_history,rejected_trials,final_trust_radius_mm,constraint_violation,all_updates_succeeded,finite_result,raw_estimated_lag_history,total_estimated_lag_history,nominal_estimated_lag_history,applied_lag_history,median_estimated_lag_steps,median_estimated_axis_lag_steps,configured_mean_delay_steps,lag_absolute_error_steps,median_peak_correlation,elapsed_s
harmonic_loop--demand_conflict,harmonic_loop,demand_conflict,n0_d1_m0,factorial_combination,1.0,0.0,4,1.0,1523,dual_anchor_dynamic,0.0,7.419018555414517,3.018437297217776,3.018437297217776,0.5979838781888445,0.4068512936950229,1.0,0.8333333333333334,1.9740400128460893,1.0500588771012889,0.5319339376446364,0.5979838781888445,1,"[[2, 3], [2, 3], [3, 4], [3, 4]]","[true, true, true, true, true]",0,4.0,0,1,1,"[[5, 7], [5, 7], [5, 7], [5, 7], [5, 7]]","[[7, 9], [7, 9], [7, 9], [7, 9], [7, 9]]","[[2, 2], [2, 2], [2, 2], [2, 2], [2, 2]]","[[0.0, 0.0], [0.0, 0.0], [0.0, 0.0], [0.0, 0.0], [0.0, 0.0]]",6.0,"[5.0, 7.0]",6.5,0.5,0.998568024926813,0.3227828749999999
harmonic_loop--demand_conflict,harmonic_loop,demand_conflict,n0_d1_m0,factorial_combination,1.0,0.0,4,1.0,1523,fixed_delay_dual_anchor,1.0,7.419018555414517,3.6061804112545226,3.7319514262673392,0.597195632441945,0.48607243455708504,1.0,0.8333333333333334,1.9740400128460893,1.0337186230825628,0.5236563678322761,0.597195632441945,2,"[[2, 3], [3, 4], [1, 3], [1, 3]]","[true, true, true, false, false]",2,1.0,0,1,1,"[[5, 7], [5, 7], [5, 7], [5, 7], [5, 7]]","[[7, 9], [7, 9], [7, 9], [7, 9], [7, 9]]","[[2, 2], [2, 2], [2, 2], [2, 2], [2, 2]]","[[4.0, 4.0], [4.0, 4.0], [4.0, 4.0], [4.0, 4.0], [4.0, 4.0]]",6.0,"[5.0, 7.0]",6.5,0.5,0.998617178338939,0.31692841699999996
harmonic_loop--demand_conflict,harmonic_loop,demand_conflict,n0_d1_m0,factorial_combination,1.0,0.0,4,1.0,1523,delay_aware_gain_0p25,0.25,7.419018555414517,2.522609875259339,2.522609875259339,0.5414954254911171,0.34001935113348625,1.0,0.8333333333333334,1.9740400128460893,0.9076975084852754,0.459817178263066,0.5414954254911171,1,"[[2, 3], [3, 4], [3, 4], [3, 4]]","[true, true, true, true, true]",0,4.0,0,1,1,"[[5, 7], [5, 7], [5, 7], [5, 7], [5, 7]]","[[7, 9], [7, 9], [7, 9], [7, 9], [7, 9]]","[[2, 2], [2, 2], [2, 2], [2, 2], [2, 2]]","[[1.25, 1.75], [1.25, 1.75], [1.25, 1.75], [1.25, 1.75], [1.25, 1.75]]",6.0,"[5.0, 7.0]",6.5,0.5,0.9985783856826733,0.3352331660000001
harmonic_loop--demand_conflict,harmonic_loop,demand_conflict,n0_d1_m0,factorial_combination,1.0,0.0,4,1.0,1523,delay_aware_gain_0p5,0.5,7.419018555414517,2.815419927134005,3.261038208808427,0.5541095597522941,0.37948684264703275,1.0,0.8333333333333334,1.9740400128460893,0.8993077867901408,0.45556715210324233,0.5541095597522941,2,"[[2, 3], [3, 4], [3, 4], [1, 2]]","[true, true, true, true, false]",1,2.0,0,1,1,"[[5, 7], [5, 7], [5, 7], [5, 7], [5, 7]]","[[7, 9], [7, 9], [7, 9], [7, 9], [7, 9]]","[[2, 2], [2, 2], [2, 2], [2, 2], [2, 2]]","[[2.5, 3.5], [2.5, 3.5], [2.5, 3.5], [2.5, 3.5], [2.5, 3.5]]",6.0,"[5.0, 7.0]",6.5,0.5,0.9986077464736973,0.3148331249999998
harmonic_loop--demand_conflict,harmonic_loop,demand_conflict,n0_d1_m0,factorial_combination,1.0,0.0,4,1.0,1523,delay_aware_gain_0p75,0.75,7.419018555414517,3.3427708047747835,3.3427708047747835,0.5891924026293853,0.45056779138733605,1.0,0.6666666666666666,1.9740400128460893,0.9484774023948555,0.4804752670779859,0.5891924026293853,3,"[[2, 3], [3, 4], [1, 3], [2, 4]]","[true, true, true, true, true]",0,4.0,0,1,1,"[[5, 7], [5, 7], [5, 7], [5, 7], [5, 7]]","[[7, 9], [7, 9], [7, 9], [7, 9], [7, 9]]","[[2, 2], [2, 2], [2, 2], [2, 2], [2, 2]]","[[3.75, 5.25], [3.75, 5.25], [3.75, 5.25], [3.75, 5.25], [3.75, 5.25]]",6.0,"[5.0, 7.0]",6.5,0.5,0.99864739449654,0.3234845000000002
harmonic_loop--demand_conflict,harmonic_loop,demand_conflict,n0_d1_m0,factorial_combination,1.0,0.0,4,1.0,1523,delay_aware_gain_1p0,1.0,7.419018555414517,4.179488270442853,4.803451109197721,0.6964079497846957,0.5633478659239363,1.0,0.8333333333333334,1.9740400128460893,1.1480070748150237,0.5815520796662448,0.6964079497846957,2,"[[2, 3], [1, 3], [2, 4], [2, 4]]","[true, true, true, false, false]",2,1.0,0,1,1,"[[5, 7], [5, 7], [5, 7], [5, 7], [5, 7]]","[[7, 9], [7, 9], [7, 9], [7, 9], [7, 9]]","[[2, 2], [2, 2], [2, 2], [2, 2], [2, 2]]","[[5.0, 7.0], [5.0, 7.0], [5.0, 7.0], [5.0, 7.0], [5.0, 7.0]]",6.0,"[5.0, 7.0]",6.5,0.5,0.9986422131080102,0.3274130419999999
harmonic_loop--demand_conflict,harmonic_loop,demand_conflict,n0_d1_m0,factorial_combination,1.0,0.0,4,1.0,1549,dual_anchor_dynamic,0.0,8.775414819092836,4.747440856089706,4.990212271816266,0.6572968368686591,0.540993326692729,1.0,0.8333333333333334,2.293773739811386,1.4372548572387294,0.626589637980995,0.6572968368686591,2,"[[2, 3], [2, 3], [3, 4], [1, 3]]","[true, true, true, true, false]",1,2.0,0,1,1,"[[5, 8], [5, 8], [5, 8], [5, 8], [5, 8]]","[[7, 10], [7, 10], [7, 10], [7, 10], [7, 10]]","[[2, 2], [2, 2], [2, 2], [2, 2], [2, 2]]","[[0.0, 0.0], [0.0, 0.0], [0.0, 0.0], [0.0, 0.0], [0.0, 0.0]]",6.5,"[5.0, 8.0]",6.5,1.0,0.9973140414690775,0.33913433300000007
harmonic_loop--demand_conflict,harmonic_loop,demand_conflict,n0_d1_m0,factorial_combination,1.0,0.0,4,1.0,1549,fixed_delay_dual_anchor,1.0,8.775414819092836,4.50497935018698,4.954146199741888,0.6558226576503923,0.5133636919801685,1.0,0.6666666666666666,2.293773739811386,1.2406416244375105,0.5408735843926467,0.6558226576503923,2,"[[2, 3], [2, 3], [3, 4], [1, 3]]","[true, true, true, true, false]",1,2.0,0,1,1,"[[5, 8], [5, 8], [5, 8], [5, 8], [5, 8]]","[[7, 10], [7, 10], [7, 10], [7, 10], [7, 10]]","[[2, 2], [2, 2], [2, 2], [2, 2], [2, 2]]","[[4.0, 4.0], [4.0, 4.0], [4.0, 4.0], [4.0, 4.0], [4.0, 4.0]]",6.5,"[5.0, 8.0]",6.5,1.0,0.9974344741870956,0.3740017500000006
harmonic_loop--demand_conflict,harmonic_loop,demand_conflict,n0_d1_m0,factorial_combination,1.0,0.0,4,1.0,1549,delay_aware_gain_0p25,0.25,8.775414819092836,4.347046732955979,4.702594585556322,0.6370428134473363,0.49536652369960077,1.0,0.8333333333333334,2.293773739811386,1.260006146816421,0.5493157956024161,0.6370428134473363,2,"[[2, 3], [2, 3], [3, 4], [1, 3]]","[true, true, true, true, false]",1,2.0,0,1,1,"[[5, 8], [5, 8], [5, 8], [5, 8], [5, 8]]","[[7, 10], [7, 10], [7, 10], [7, 10], [7, 10]]","[[2, 2], [2, 2], [2, 2], [2, 2], [2, 2]]","[[1.25, 2.0], [1.25, 2.0], [1.25, 2.0], [1.25, 2.0], [1.25, 2.0]]",6.5,"[5.0, 8.0]",6.5,1.0,0.9973620946261937,0.3502881249999996
harmonic_loop--demand_conflict,harmonic_loop,demand_conflict,n0_d1_m0,factorial_combination,1.0,0.0,4,1.0,1549,delay_aware_gain_0p5,0.5,8.775414819092836,3.950859223721391,4.539435801937637,0.6248951634832023,0.450219084244933,1.0,0.6666666666666666,2.293773739811386,1.178306034758714,0.5136975867792455,0.6248951634832023,3,"[[2, 3], [1, 3], [3, 4], [2, 3]]","[true, true, true, true, false]",1,2.0,0,1,1,"[[5, 8], [5, 8], [5, 8], [5, 8], [5, 8]]","[[7, 10], [7, 10], [7, 10], [7, 10], [7, 10]]","[[2, 2], [2, 2], [2, 2], [2, 2], [2, 2]]","[[2.5, 4.0], [2.5, 4.0], [2.5, 4.0], [2.5, 4.0], [2.5, 4.0]]",6.5,"[5.0, 8.0]",6.5,1.0,0.9974212224865877,0.3515085830000002
harmonic_loop--demand_conflict,harmonic_loop,demand_conflict,n0_d1_m0,factorial_combination,1.0,0.0,4,1.0,1549,delay_aware_gain_0p75,0.75,8.775414819092836,3.8254471615618897,4.370729847352335,0.6147612804454318,0.435927786939347,1.0,0.8333333333333334,2.293773739811386,1.19337369075421,0.5202665241308149,0.6147612804454318,3,"[[2, 3], [1, 3], [3, 4], [1, 3]]","[true, true, true, true, false]",1,2.0,0,1,1,"[[5, 8], [5, 8], [5, 8], [5, 8], [5, 8]]","[[7, 10], [7, 10], [7, 10], [7, 10], [7, 10]]","[[2, 2], [2, 2], [2, 2], [2, 2], [2, 2]]","[[3.75, 6.0], [3.75, 6.0], [3.75, 6.0], [3.75, 6.0], [3.75, 6.0]]",6.5,"[5.0, 8.0]",6.5,1.0,0.9974795637057208,0.37961575000000014
harmonic_loop--demand_conflict,harmonic_loop,demand_conflict,n0_d1_m0,factorial_combination,1.0,0.0,4,1.0,1549,delay_aware_gain_1p0,1.0,8.775414819092836,4.465106773415186,5.420293761419496,0.6616947583537931,0.5088200233794496,1.0,0.8333333333333334,2.293773739811386,1.2767678782839174,0.5566232868237929,0.6616947583537931,3,"[[2, 3], [1, 3], [3, 4], [1, 2]]","[true, true, true, true, false]",1,2.0,0,1,1,"[[5, 8], [5, 8], [5, 8], [5, 8], [5, 8]]","[[7, 10], [7, 10], [7, 10], [7, 10], [7, 10]]","[[2, 2], [2, 2], [2, 2], [2, 2], [2, 2]]","[[5.0, 8.0], [5.0, 8.0], [5.0, 8.0], [5.0, 8.0], [5.0, 8.0]]",6.5,"[5.0, 8.0]",6.5,1.0,0.9975213591994777,0.36753966699999996
harmonic_loop--demand_conflict,harmonic_loop,demand_conflict,n0_d1_m0,factorial_combination,1.0,0.0,4,1.0,1571,dual_anchor_dynamic,0.0,6.3517668942509715,2.6093677377716737,2.6521342181462053,0.5513190141404802,0.4108097449441085,1.0,0.6666666666666666,1.6729976942172253,0.8310566780322646,0.4967470552439139,0.5513190141404802,2,"[[2, 3], [3, 4], [3, 4], [2, 4]]","[true, true, true, true, false]",1,2.0,0,1,1,"[[4, 6], [4, 6], [4, 6], [4, 6], [4, 6]]","[[6, 8], [6, 8], [6, 8], [6, 8], [6, 8]]","[[2, 2], [2, 2], [2, 2], [2, 2], [2, 2]]","[[0.0, 0.0], [0.0, 0.0], [0.0, 0.0], [0.0, 0.0], [0.0, 0.0]]",5.0,"[4.0, 6.0]",5.5,0.5,0.9981102652574725,0.3027898750000002
harmonic_loop--demand_conflict,harmonic_loop,demand_conflict,n0_d1_m0,factorial_combination,1.0,0.0,4,1.0,1571,fixed_delay_dual_anchor,1.0,6.3517668942509715,2.6503408615116295,2.6503408615116295,0.5852641699440151,0.4172604104710567,1.0,0.6666666666666666,1.6729976942172253,0.6849628231002683,0.409422454954879,0.5852641699440151,2,"[[2, 3], [2, 3], [3, 4], [1, 2]]","[true, true, true, true, true]",0,4.0,0,1,1,"[[4, 6], [4, 6], [4, 6], [4, 6], [4, 6]]","[[6, 8], [6, 8], [6, 8], [6, 8], [6, 8]]","[[2, 2], [2, 2], [2, 2], [2, 2], [2, 2]]","[[4.0, 4.0], [4.0, 4.0], [4.0, 4.0], [4.0, 4.0], [4.0, 4.0]]",5.0,"[4.0, 6.0]",5.5,0.5,0.9981919393878111,0.30603104100000067
harmonic_loop--demand_conflict,harmonic_loop,demand_conflict,n0_d1_m0,factorial_combination,1.0,0.0,4,1.0,1571,delay_aware_gain_0p25,0.25,6.3517668942509715,2.158886134216972,2.158886134216972,0.5364566176943306,0.33988749432398013,1.0,0.8333333333333334,1.6729976942172253,0.6410046785790582,0.3831473771868982,0.5364566176943306,2,"[[2, 3], [3, 4], [3, 4], [2, 4]]","[true, true, true, true, true]",0,4.0,0,1,1,"[[4, 6], [4, 6], [4, 6], [4, 6], [4, 6]]","[[6, 8], [6, 8], [6, 8], [6, 8], [6, 8]]","[[2, 2], [2, 2], [2, 2], [2, 2], [2, 2]]","[[1.0, 1.5], [1.0, 1.5], [1.0, 1.5], [1.0, 1.5], [1.0, 1.5]]",5.0,"[4.0, 6.0]",5.5,0.5,0.998160467006544,0.30402908300000053
harmonic_loop--demand_conflict,harmonic_loop,demand_conflict,n0_d1_m0,factorial_combination,1.0,0.0,4,1.0,1571,delay_aware_gain_0p5,0.5,6.3517668942509715,2.330428421656427,2.4131078552429646,0.5302359796909648,0.3668945130473403,1.0,0.8333333333333334,1.6729976942172253,0.7086162209285942,0.423560787547975,0.5302359796909648,3,"[[2, 3], [3, 4], [2, 4], [1, 3]]","[true, true, true, true, false]",1,2.0,0,1,1,"[[4, 6], [4, 6], [4, 6], [4, 6], [4, 6]]","[[6, 8], [6, 8], [6, 8], [6, 8], [6, 8]]","[[2, 2], [2, 2], [2, 2], [2, 2], [2, 2]]","[[2.0, 3.0], [2.0, 3.0], [2.0, 3.0], [2.0, 3.0], [2.0, 3.0]]",5.0,"[4.0, 6.0]",5.5,0.5,0.9981773794276737,0.3122328750000003
harmonic_loop--demand_conflict,harmonic_loop,demand_conflict,n0_d1_m0,factorial_combination,1.0,0.0,4,1.0,1571,delay_aware_gain_0p75,0.75,6.3517668942509715,2.65735230729781,2.6920380799555685,0.5484602713909774,0.4183642680122594,1.0,0.6666666666666666,1.6729976942172253,0.7502236303659213,0.4484307617153899,0.5484602713909774,3,"[[2, 3], [3, 4], [1, 2], [2, 3]]","[true, true, true, true, false]",1,2.0,0,1,1,"[[4, 6], [4, 6], [4, 6], [4, 6], [4, 6]]","[[6, 8], [6, 8], [6, 8], [6, 8], [6, 8]]","[[2, 2], [2, 2], [2, 2], [2, 2], [2, 2]]","[[3.0, 4.5], [3.0, 4.5], [3.0, 4.5], [3.0, 4.5], [3.0, 4.5]]",5.0,"[4.0, 6.0]",5.5,0.5,0.9981976559178074,0.3163019579999995
harmonic_loop--demand_conflict,harmonic_loop,demand_conflict,n0_d1_m0,factorial_combination,1.0,0.0,4,1.0,1571,delay_aware_gain_1p0,1.0,6.3517668942509715,2.462797292827889,2.462797292827889,0.5958140724462044,0.38773420590371227,1.0,0.8333333333333334,1.6729976942172253,0.7467417135290442,0.4463495174620879,0.5958140724462044,3,"[[2, 3], [1, 3], [2, 4], [1, 3]]","[true, true, true, true, true]",0,4.0,0,1,1,"[[4, 6], [4, 6], [4, 6], [4, 6], [4, 6]]","[[6, 8], [6, 8], [6, 8], [6, 8], [6, 8]]","[[2, 2], [2, 2], [2, 2], [2, 2], [2, 2]]","[[4.0, 6.0], [4.0, 6.0], [4.0, 6.0], [4.0, 6.0], [4.0, 6.0]]",5.0,"[4.0, 6.0]",5.5,0.5,0.9982149247173504,0.3108601249999996
ellipse--demand_conflict,ellipse,demand_conflict,n0_d1_m0,factorial_combination,1.0,0.0,4,1.0,1523,dual_anchor_dynamic,0.0,5.868621283681108,0.323267999536475,0.323267999536475,0.32713874411689786,0.0550841473508245,0.6666666666666666,0.0,1.6304085701237236,0.0478870142116689,0.029371174249921292,0.32713874411689786,1,"[[3, 4], [1, 3], [1, 3], [1, 3]]","[true, true, true, true, true]",0,4.0,0,1,1,"[[5, 7], [5, 7], [5, 7], [5, 7], [5, 7]]","[[7, 9], [7, 9], [7, 9], [7, 9], [7, 9]]","[[2, 2], [2, 2], [2, 2], [2, 2], [2, 2]]","[[0.0, 0.0], [0.0, 0.0], [0.0, 0.0], [0.0, 0.0], [0.0, 0.0]]",6.0,"[5.0, 7.0]",6.5,0.5,0.999273236708297,0.19174108300000015
ellipse--demand_conflict,ellipse,demand_conflict,n0_d1_m0,factorial_combination,1.0,0.0,4,1.0,1523,fixed_delay_dual_anchor,1.0,5.868621283681108,0.18371710645096379,0.18371710645096379,0.2994274950108257,0.0313049858851561,0.6666666666666666,0.0,1.6304085701237236,0.04827507755810404,0.02960919026231608,0.2994274950108257,1,"[[3, 4], [3, 4], [3, 4], [1, 4]]","[true, true, true, true, true]",0,4.0,0,1,1,"[[5, 7], [5, 7], [5, 7], [5, 7], [5, 7]]","[[7, 9], [7, 9], [7, 9], [7, 9], [7, 9]]","[[2, 2], [2, 2], [2, 2], [2, 2], [2, 2]]","[[4.0, 4.0], [4.0, 4.0], [4.0, 4.0], [4.0, 4.0], [4.0, 4.0]]",6.0,"[5.0, 7.0]",6.5,0.5,0.9992721986229791,0.2045007089999995
ellipse--demand_conflict,ellipse,demand_conflict,n0_d1_m0,factorial_combination,1.0,0.0,4,1.0,1523,delay_aware_gain_0p25,0.25,5.868621283681108,0.25177000630315416,0.25177000630315416,0.3091138449653027,0.04290104849724274,0.6666666666666666,0.0,1.6304085701237236,0.042292593402960724,0.02593987432226963,0.3091138449653027,2,"[[3, 4], [3, 4], [1, 4], [1, 3]]","[true, true, true, true, true]",0,4.0,0,1,1,"[[5, 7], [5, 7], [5, 7], [5, 7], [5, 7]]","[[7, 9], [7, 9], [7, 9], [7, 9], [7, 9]]","[[2, 2], [2, 2], [2, 2], [2, 2], [2, 2]]","[[1.25, 1.75], [1.25, 1.75], [1.25, 1.75], [1.25, 1.75], [1.25, 1.75]]",6.0,"[5.0, 7.0]",6.5,0.5,0.999272900472904,0.19796520900000125
ellipse--demand_conflict,ellipse,demand_conflict,n0_d1_m0,factorial_combination,1.0,0.0,4,1.0,1523,delay_aware_gain_0p5,0.5,5.868621283681108,0.18239146766380157,0.18239146766380157,0.2918675050131225,0.03107909998741579,0.6666666666666666,0.0,1.6304085701237236,0.044221485989918305,0.02712294746252625,0.2918675050131225,1,"[[3, 4], [3, 4], [1, 4], [1, 4]]","[true, true, true, true, true]",0,4.0,0,1,1,"[[5, 7], [5, 7], [5, 7], [5, 7], [5, 7]]","[[7, 9], [7, 9], [7, 9], [7, 9], [7, 9]]","[[2, 2], [2, 2], [2, 2], [2, 2], [2, 2]]","[[2.5, 3.5], [2.5, 3.5], [2.5, 3.5], [2.5, 3.5], [2.5, 3.5]]",6.0,"[5.0, 7.0]",6.5,0.5,0.9992727814989666,0.19758329199999913
ellipse--demand_conflict,ellipse,demand_conflict,n0_d1_m0,factorial_combination,1.0,0.0,4,1.0,1523,delay_aware_gain_0p75,0.75,5.868621283681108,0.16465892697244758,0.16465892697244758,0.2855331206559091,0.02805751453587832,0.6666666666666666,0.0,1.6304085701237236,0.045623370324624796,0.027982783678058478,0.2855331206559091,1,"[[3, 4], [3, 4], [3, 4], [2, 4]]","[true, true, true, true, true]",0,4.0,0,1,1,"[[5, 7], [5, 7], [5, 7], [5, 7], [5, 7]]","[[7, 9], [7, 9], [7, 9], [7, 9], [7, 9]]","[[2, 2], [2, 2], [2, 2], [2, 2], [2, 2]]","[[3.75, 5.25], [3.75, 5.25], [3.75, 5.25], [3.75, 5.25], [3.75, 5.25]]",6.0,"[5.0, 7.0]",6.5,0.5,0.9992726885081601,0.2102542079999985
ellipse--demand_conflict,ellipse,demand_conflict,n0_d1_m0,factorial_combination,1.0,0.0,4,1.0,1523,delay_aware_gain_1p0,1.0,5.868621283681108,0.19798864148983542,0.19798864148983542,0.2918456456716726,0.033736823679589446,0.6666666666666666,0.0,1.6304085701237236,0.05282838360909637,0.032401929539101655,0.2918456456716726,1,"[[3, 4], [3, 4], [3, 4], [2, 4]]","[true, true, true, true, true]",0,4.0,0,1,1,"[[5, 7], [5, 7], [5, 7], [5, 7], [5, 7]]","[[7, 9], [7, 9], [7, 9], [7, 9], [7, 9]]","[[2, 2], [2, 2], [2, 2], [2, 2], [2, 2]]","[[5.0, 7.0], [5.0, 7.0], [5.0, 7.0], [5.0, 7.0], [5.0, 7.0]]",6.0,"[5.0, 7.0]",6.5,0.5,0.9992726358220918,0.21611212499999866
ellipse--demand_conflict,ellipse,demand_conflict,n0_d1_m0,factorial_combination,1.0,0.0,4,1.0,1549,dual_anchor_dynamic,0.0,7.02388915668096,0.4790946783105964,0.4790946783105964,0.34436488888718614,0.06820931646606249,0.6666666666666666,0.0,1.8833807458643725,0.07827701493903515,0.041561970467692194,0.34436488888718614,2,"[[3, 4], [1, 4], [1, 3], [1, 3]]","[true, true, true, true, true]",0,4.0,0,1,1,"[[5, 8], [5, 8], [5, 8], [5, 8], [5, 8]]","[[7, 10], [7, 10], [7, 10], [7, 10], [7, 10]]","[[2, 2], [2, 2], [2, 2], [2, 2], [2, 2]]","[[0.0, 0.0], [0.0, 0.0], [0.0, 0.0], [0.0, 0.0], [0.0, 0.0]]",6.5,"[5.0, 8.0]",6.5,1.0,0.9979134441646945,0.20907387499999963
ellipse--demand_conflict,ellipse,demand_conflict,n0_d1_m0,factorial_combination,1.0,0.0,4,1.0,1549,fixed_delay_dual_anchor,1.0,7.02388915668096,0.25027162476207676,0.25027162476207676,0.30082184936367223,0.03563148836482196,0.6666666666666666,0.0,1.8833807458643725,0.05837906427718277,0.030996952902579374,0.30082184936367223,1,"[[3, 4], [3, 4], [3, 4], [1, 4]]","[true, true, true, true, true]",0,4.0,0,1,1,"[[5, 8], [5, 8], [5, 8], [5, 8], [5, 8]]","[[7, 10], [7, 10], [7, 10], [7, 10], [7, 10]]","[[2, 2], [2, 2], [2, 2], [2, 2], [2, 2]]","[[4.0, 4.0], [4.0, 4.0], [4.0, 4.0], [4.0, 4.0], [4.0, 4.0]]",6.5,"[5.0, 8.0]",6.5,1.0,0.9978983985672389,0.21763504099999942
ellipse--demand_conflict,ellipse,demand_conflict,n0_d1_m0,factorial_combination,1.0,0.0,4,1.0,1549,delay_aware_gain_0p25,0.25,7.02388915668096,0.3423348041198202,0.3423348041198202,0.3156436679304188,0.04873863987363743,0.6666666666666666,0.0,1.8833807458643725,0.052226510198312925,0.027730192268873233,0.3156436679304188,2,"[[3, 4], [3, 4], [1, 4], [1, 3]]","[true, true, true, true, true]",0,4.0,0,1,1,"[[5, 8], [5, 8], [5, 8], [5, 8], [5, 8]]","[[7, 10], [7, 10], [7, 10], [7, 10], [7, 10]]","[[2, 2], [2, 2], [2, 2], [2, 2], [2, 2]]","[[1.25, 2.0], [1.25, 2.0], [1.25, 2.0], [1.25, 2.0], [1.25, 2.0]]",6.5,"[5.0, 8.0]",6.5,1.0,0.9979055396511871,0.21043079200000037
ellipse--demand_conflict,ellipse,demand_conflict,n0_d1_m0,factorial_combination,1.0,0.0,4,1.0,1549,delay_aware_gain_0p5,0.5,7.02388915668096,0.2258008755961765,0.2258008755961765,0.2909322854564918,0.03214755679642239,0.6666666666666666,0.0,1.8833807458643725,0.05079671069230314,0.026971025802321306,0.2909322854564918,1,"[[3, 4], [3, 4], [1, 4], [1, 4]]","[true, true, true, true, true]",0,4.0,0,1,1,"[[5, 8], [5, 8], [5, 8], [5, 8], [5, 8]]","[[7, 10], [7, 10], [7, 10], [7, 10], [7, 10]]","[[2, 2], [2, 2], [2, 2], [2, 2], [2, 2]]","[[2.5, 4.0], [2.5, 4.0], [2.5, 4.0], [2.5, 4.0], [2.5, 4.0]]",6.5,"[5.0, 8.0]",6.5,1.0,0.9979002657213193,0.20906058400000127
ellipse--demand_conflict,ellipse,demand_conflict,n0_d1_m0,factorial_combination,1.0,0.0,4,1.0,1549,delay_aware_gain_0p75,0.75,7.02388915668096,0.21417013566065607,0.21417013566065607,0.2775720643212083,0.030491673613178023,0.6666666666666666,0.0,1.8833807458643725,0.05456702090777875,0.028972910032981865,0.2775720643212083,1,"[[3, 4], [3, 4], [3, 4], [1, 4]]","[true, true, true, true, true]",0,4.0,0,1,1,"[[5, 8], [5, 8], [5, 8], [5, 8], [5, 8]]","[[7, 10], [7, 10], [7, 10], [7, 10], [7, 10]]","[[2, 2], [2, 2], [2, 2], [2, 2], [2, 2]]","[[3.75, 6.0], [3.75, 6.0], [3.75, 6.0], [3.75, 6.0], [3.75, 6.0]]",6.5,"[5.0, 8.0]",6.5,1.0,0.9978951870504894,0.23156433299999968
ellipse--demand_conflict,ellipse,demand_conflict,n0_d1_m0,factorial_combination,1.0,0.0,4,1.0,1549,delay_aware_gain_1p0,1.0,7.02388915668096,0.2055624101903907,0.2055624101903907,0.2766489544752972,0.029266180830155118,0.6666666666666666,0.0,1.8833807458643725,0.061527526480187694,0.032668660659982376,0.2766489544752972,1,"[[3, 4], [3, 4], [2, 4], [2, 4]]","[true, true, true, true, true]",0,4.0,0,1,1,"[[5, 8], [5, 8], [5, 8], [5, 8], [5, 8]]","[[7, 10], [7, 10], [7, 10], [7, 10], [7, 10]]","[[2, 2], [2, 2], [2, 2], [2, 2], [2, 2]]","[[5.0, 8.0], [5.0, 8.0], [5.0, 8.0], [5.0, 8.0], [5.0, 8.0]]",6.5,"[5.0, 8.0]",6.5,1.0,0.9978920839745187,0.23194737500000073
ellipse--demand_conflict,ellipse,demand_conflict,n0_d1_m0,factorial_combination,1.0,0.0,4,1.0,1571,dual_anchor_dynamic,0.0,5.176011100404242,0.2607328010534059,0.2607328010534059,0.3226154236221952,0.050373307938432144,0.6666666666666666,0.0,1.3907107537899845,0.041091890109828756,0.02954740228896955,0.3226154236221952,2,"[[3, 4], [1, 4], [1, 3], [1, 3]]","[true, true, true, true, true]",0,4.0,0,1,1,"[[4, 6], [4, 6], [4, 6], [4, 6], [4, 6]]","[[6, 8], [6, 8], [6, 8], [6, 8], [6, 8]]","[[2, 2], [2, 2], [2, 2], [2, 2], [2, 2]]","[[0.0, 0.0], [0.0, 0.0], [0.0, 0.0], [0.0, 0.0], [0.0, 0.0]]",5.0,"[4.0, 6.0]",5.5,0.5,0.9990991150342158,0.20440191600000013
ellipse--demand_conflict,ellipse,demand_conflict,n0_d1_m0,factorial_combination,1.0,0.0,4,1.0,1571,fixed_delay_dual_anchor,1.0,5.176011100404242,0.14236668326237198,0.14236668326237198,0.2907066857768037,0.027505096202605373,0.6666666666666666,0.0,1.3907107537899845,0.041171681679957065,0.029604776958656154,0.2907066857768037,1,"[[3, 4], [3, 4], [3, 4], [1, 4]]","[true, true, true, true, true]",0,4.0,0,1,1,"[[4, 6], [4, 6], [4, 6], [4, 6], [4, 6]]","[[6, 8], [6, 8], [6, 8], [6, 8], [6, 8]]","[[2, 2], [2, 2], [2, 2], [2, 2], [2, 2]]","[[4.0, 4.0], [4.0, 4.0], [4.0, 4.0], [4.0, 4.0], [4.0, 4.0]]",5.0,"[4.0, 6.0]",5.5,0.5,0.9991015820371301,0.20481675000000088
ellipse--demand_conflict,ellipse,demand_conflict,n0_d1_m0,factorial_combination,1.0,0.0,4,1.0,1571,delay_aware_gain_0p25,0.25,5.176011100404242,0.18908657488564148,0.18908657488564148,0.2980284632493816,0.03653133102262358,0.6666666666666666,0.0,1.3907107537899845,0.03358629426386897,0.024150452689273544,0.2980284632493816,2,"[[3, 4], [1, 4], [1, 3], [1, 3]]","[true, true, true, true, true]",0,4.0,0,1,1,"[[4, 6], [4, 6], [4, 6], [4, 6], [4, 6]]","[[6, 8], [6, 8], [6, 8], [6, 8], [6, 8]]","[[2, 2], [2, 2], [2, 2], [2, 2], [2, 2]]","[[1.0, 1.5], [1.0, 1.5], [1.0, 1.5], [1.0, 1.5], [1.0, 1.5]]",5.0,"[4.0, 6.0]",5.5,0.5,0.9991003538939067,0.19975354199999984
ellipse--demand_conflict,ellipse,demand_conflict,n0_d1_m0,factorial_combination,1.0,0.0,4,1.0,1571,delay_aware_gain_0p5,0.5,5.176011100404242,0.1575541956420503,0.1575541956420503,0.28715983637543413,0.0304393079121769,0.6666666666666666,0.0,1.3907107537899845,0.03555103978627375,0.02556321628303337,0.28715983637543413,1,"[[3, 4], [3, 4], [1, 4], [1, 4]]","[true, true, true, true, true]",0,4.0,0,1,1,"[[4, 6], [4, 6], [4, 6], [4, 6], [4, 6]]","[[6, 8], [6, 8], [6, 8], [6, 8], [6, 8]]","[[2, 2], [2, 2], [2, 2], [2, 2], [2, 2]]","[[2.0, 3.0], [2.0, 3.0], [2.0, 3.0], [2.0, 3.0], [2.0, 3.0]]",5.0,"[4.0, 6.0]",5.5,0.5,0.9991014091917315,0.19293662500000153
ellipse--demand_conflict,ellipse,demand_conflict,n0_d1_m0,factorial_combination,1.0,0.0,4,1.0,1571,delay_aware_gain_0p75,0.75,5.176011100404242,0.1340148509434712,0.1340148509434712,0.27679408268472544,0.02589153082245221,0.6666666666666666,0.0,1.3907107537899845,0.03676550206942435,0.026436483624815932,0.27679408268472544,1,"[[3, 4], [3, 4], [3, 4], [1, 4]]","[true, true, true, true, true]",0,4.0,0,1,1,"[[4, 6], [4, 6], [4, 6], [4, 6], [4, 6]]","[[6, 8], [6, 8], [6, 8], [6, 8], [6, 8]]","[[2, 2], [2, 2], [2, 2], [2, 2], [2, 2]]","[[3.0, 4.5], [3.0, 4.5], [3.0, 4.5], [3.0, 4.5], [3.0, 4.5]]",5.0,"[4.0, 6.0]",5.5,0.5,0.999102372307388,0.19516300000000086
ellipse--demand_conflict,ellipse,demand_conflict,n0_d1_m0,factorial_combination,1.0,0.0,4,1.0,1571,delay_aware_gain_1p0,1.0,5.176011100404242,0.11768184968945156,0.11768184968945156,0.27378450532866755,0.02273601184515634,0.6666666666666666,0.0,1.3907107537899845,0.037761205357915044,0.027152450827756726,0.27378450532866755,1,"[[3, 4], [3, 4], [2, 4], [2, 4]]","[true, true, true, true, true]",0,4.0,0,1,1,"[[4, 6], [4, 6], [4, 6], [4, 6], [4, 6]]","[[6, 8], [6, 8], [6, 8], [6, 8], [6, 8]]","[[2, 2], [2, 2], [2, 2], [2, 2], [2, 2]]","[[4.0, 6.0], [4.0, 6.0], [4.0, 6.0], [4.0, 6.0], [4.0, 6.0]]",5.0,"[4.0, 6.0]",5.5,0.5,0.9991033234371867,0.20845170899999843
rounded_square--demand_conflict,rounded_square,demand_conflict,n0_d1_m0,factorial_combination,1.0,0.0,4,1.0,1523,dual_anchor_dynamic,0.0,10.971542407253473,6.561087367465098,6.561087367465098,0.7215809336692585,0.5980095709357557,1.0,0.8333333333333334,2.286127502396157,1.6942558130772374,0.7411029399285203,0.7215809336692585,1,"[[1, 4], [2, 4], [2, 4], [2, 4]]","[true, true, false, false, true]",2,1.15,0,1,1,"[[5, 7], [5, 7], [5, 7], [5, 7], [5, 7]]","[[7, 9], [7, 9], [7, 9], [7, 9], [7, 9]]","[[2, 2], [2, 2], [2, 2], [2, 2], [2, 2]]","[[0.0, 0.0], [0.0, 0.0], [0.0, 0.0], [0.0, 0.0], [0.0, 0.0]]",6.0,"[5.0, 7.0]",6.5,0.5,0.9982235164039033,0.354876041999999
rounded_square--demand_conflict,rounded_square,demand_conflict,n0_d1_m0,factorial_combination,1.0,0.0,4,1.0,1523,fixed_delay_dual_anchor,1.0,10.971542407253473,7.994642089199509,8.025680082579875,0.7704128433367372,0.7286707549810058,1.0,0.8333333333333334,2.286127502396157,1.8702622127795625,0.8180918215713192,0.7704128433367372,1,"[[1, 4], [1, 2], [1, 2], [1, 2]]","[true, true, false, false, false]",3,0.5,0,1,1,"[[5, 7], [5, 7], [5, 7], [5, 7], [5, 7]]","[[7, 9], [7, 9], [7, 9], [7, 9], [7, 9]]","[[2, 2], [2, 2], [2, 2], [2, 2], [2, 2]]","[[4.0, 4.0], [4.0, 4.0], [4.0, 4.0], [4.0, 4.0], [4.0, 4.0]]",6.0,"[5.0, 7.0]",6.5,0.5,0.9982094966673949,0.3935980000000008
rounded_square--demand_conflict,rounded_square,demand_conflict,n0_d1_m0,factorial_combination,1.0,0.0,4,1.0,1523,delay_aware_gain_0p25,0.25,10.971542407253473,6.52652465324846,6.974910798636021,0.6700400913619404,0.5948593562317787,1.0,0.8333333333333334,2.286127502396157,1.5867274403868665,0.6940677800007966,0.6700400913619404,2,"[[1, 4], [1, 2], [2, 4], [2, 4]]","[true, true, true, false, false]",2,1.0,0,1,1,"[[5, 7], [5, 7], [5, 7], [5, 7], [5, 7]]","[[7, 9], [7, 9], [7, 9], [7, 9], [7, 9]]","[[2, 2], [2, 2], [2, 2], [2, 2], [2, 2]]","[[1.25, 1.75], [1.25, 1.75], [1.25, 1.75], [1.25, 1.75], [1.25, 1.75]]",6.0,"[5.0, 7.0]",6.5,0.5,0.9981926440011236,0.3556317920000005
rounded_square--demand_conflict,rounded_square,demand_conflict,n0_d1_m0,factorial_combination,1.0,0.0,4,1.0,1523,delay_aware_gain_0p5,0.5,10.971542407253473,6.9362604692194765,6.9362604692194765,0.7014540663165736,0.6322046811425345,1.0,0.8333333333333334,2.286127502396157,1.518745690766857,0.6643311404000937,0.7014540663165736,2,"[[1, 4], [1, 2], [2, 4], [2, 4]]","[true, true, true, true, true]",0,4.0,0,1,1,"[[5, 7], [5, 7], [5, 7], [5, 7], [5, 7]]","[[7, 9], [7, 9], [7, 9], [7, 9], [7, 9]]","[[2, 2], [2, 2], [2, 2], [2, 2], [2, 2]]","[[2.5, 3.5], [2.5, 3.5], [2.5, 3.5], [2.5, 3.5], [2.5, 3.5]]",6.0,"[5.0, 7.0]",6.5,0.5,0.9981903630312567,0.38299770899999963
rounded_square--demand_conflict,rounded_square,demand_conflict,n0_d1_m0,factorial_combination,1.0,0.0,4,1.0,1523,delay_aware_gain_0p75,0.75,10.971542407253473,7.966928020213988,7.966928020213988,0.7719678639785242,0.7261447592771383,1.0,0.8333333333333334,2.286127502396157,1.8743724078499235,0.8198897068887623,0.7719678639785242,1,"[[1, 4], [1, 2], [1, 2], [1, 2]]","[true, true, false, false, true]",2,1.15,0,1,1,"[[5, 7], [5, 7], [5, 7], [5, 7], [5, 7]]","[[7, 9], [7, 9], [7, 9], [7, 9], [7, 9]]","[[2, 2], [2, 2], [2, 2], [2, 2], [2, 2]]","[[3.75, 5.25], [3.75, 5.25], [3.75, 5.25], [3.75, 5.25], [3.75, 5.25]]",6.0,"[5.0, 7.0]",6.5,0.5,0.9982299390780472,0.45975033300000057
rounded_square--demand_conflict,rounded_square,demand_conflict,n0_d1_m0,factorial_combination,1.0,0.0,4,1.0,1523,delay_aware_gain_1p0,1.0,10.971542407253473,8.101700308999956,8.902433093055523,0.8042510628314868,0.7384285643961768,1.0,0.8333333333333334,2.286127502396157,1.9838319162478755,0.8677695859782812,0.8042510628314868,2,"[[1, 4], [1, 2], [2, 4], [2, 4]]","[true, true, true, false, false]",2,1.0,0,1,1,"[[5, 7], [5, 7], [5, 7], [5, 7], [5, 7]]","[[7, 9], [7, 9], [7, 9], [7, 9], [7, 9]]","[[2, 2], [2, 2], [2, 2], [2, 2], [2, 2]]","[[5.0, 7.0], [5.0, 7.0], [5.0, 7.0], [5.0, 7.0], [5.0, 7.0]]",6.0,"[5.0, 7.0]",6.5,0.5,0.9982311133053736,0.47378279199999973
rounded_square--demand_conflict,rounded_square,demand_conflict,n0_d1_m0,factorial_combination,1.0,0.0,4,1.0,1549,dual_anchor_dynamic,0.0,12.864343075970591,8.213380372506064,8.213380372506064,0.718080693135914,0.6384609244328925,1.0,1.0,2.745851016235024,2.16347985373415,0.7879086814770481,0.718080693135914,1,"[[1, 4], [1, 2], [1, 2], [1, 2]]","[true, true, false, false, true]",2,1.15,0,1,1,"[[5, 7], [5, 7], [5, 7], [5, 7], [5, 7]]","[[7, 9], [7, 9], [7, 9], [7, 9], [7, 9]]","[[2, 2], [2, 2], [2, 2], [2, 2], [2, 2]]","[[0.0, 0.0], [0.0, 0.0], [0.0, 0.0], [0.0, 0.0], [0.0, 0.0]]",6.0,"[5.0, 7.0]",6.5,0.5,0.9953190834314061,0.4555610829999992
rounded_square--demand_conflict,rounded_square,demand_conflict,n0_d1_m0,factorial_combination,1.0,0.0,4,1.0,1549,fixed_delay_dual_anchor,1.0,12.864343075970591,9.088462484362775,9.13433087296832,0.776350955968904,0.7064847719538191,1.0,0.8333333333333334,2.745851016235024,2.0687022992266906,0.7533920402073356,0.776350955968904,2,"[[1, 4], [1, 2], [1, 4], [1, 4]]","[true, true, true, true, false]",1,2.0,0,1,1,"[[5, 7], [5, 7], [5, 7], [5, 7], [5, 7]]","[[7, 9], [7, 9], [7, 9], [7, 9], [7, 9]]","[[2, 2], [2, 2], [2, 2], [2, 2], [2, 2]]","[[4.0, 4.0], [4.0, 4.0], [4.0, 4.0], [4.0, 4.0], [4.0, 4.0]]",6.0,"[5.0, 7.0]",6.5,0.5,0.9953538832304424,0.4149938330000005
rounded_square--demand_conflict,rounded_square,demand_conflict,n0_d1_m0,factorial_combination,1.0,0.0,4,1.0,1549,delay_aware_gain_0p25,0.25,12.864343075970591,8.218725053445173,8.689594106634313,0.7119662117074289,0.6388763891719426,1.0,0.8333333333333334,2.745851016235024,2.0902969619864598,0.7612565101410973,0.7119662117074289,1,"[[1, 4], [1, 4], [2, 4], [2, 4]]","[true, true, true, false, false]",2,1.0,0,1,1,"[[5, 7], [5, 7], [5, 7], [5, 7], [5, 7]]","[[7, 9], [7, 9], [7, 9], [7, 9], [7, 9]]","[[2, 2], [2, 2], [2, 2], [2, 2], [2, 2]]","[[1.25, 1.75], [1.25, 1.75], [1.25, 1.75], [1.25, 1.75], [1.25, 1.75]]",6.0,"[5.0, 7.0]",6.5,0.5,0.9954313695349573,0.3865884580000021
rounded_square--demand_conflict,rounded_square,demand_conflict,n0_d1_m0,factorial_combination,1.0,0.0,4,1.0,1549,delay_aware_gain_0p5,0.5,12.864343075970591,8.646284280136655,8.717647523486947,0.7310166583944158,0.6721123829701897,1.0,0.8333333333333334,2.745851016235024,2.0947361157655107,0.7628731869938485,0.7310166583944158,0,"[[1, 4], [1, 4], [1, 4], [1, 4]]","[true, true, true, true, false]",1,2.0,0,1,1,"[[5, 7], [5, 7], [5, 7], [5, 7], [5, 7]]","[[7, 9], [7, 9], [7, 9], [7, 9], [7, 9]]","[[2, 2], [2, 2], [2, 2], [2, 2], [2, 2]]","[[2.5, 3.5], [2.5, 3.5], [2.5, 3.5], [2.5, 3.5], [2.5, 3.5]]",6.0,"[5.0, 7.0]",6.5,0.5,0.9955233472313356,0.42558945800000103
rounded_square--demand_conflict,rounded_square,demand_conflict,n0_d1_m0,factorial_combination,1.0,0.0,4,1.0,1549,delay_aware_gain_0p75,0.75,12.864343075970591,9.552709276260133,9.552709276260133,0.7926230178414625,0.7425726459444101,1.0,0.8333333333333334,2.745851016235024,2.2119967422911095,0.8055778442503012,0.7926230178414625,1,"[[1, 4], [1, 2], [1, 2], [1, 2]]","[true, true, false, false, true]",2,1.15,0,1,1,"[[5, 7], [5, 7], [5, 7], [5, 7], [5, 7]]","[[7, 9], [7, 9], [7, 9], [7, 9], [7, 9]]","[[2, 2], [2, 2], [2, 2], [2, 2], [2, 2]]","[[3.75, 5.25], [3.75, 5.25], [3.75, 5.25], [3.75, 5.25], [3.75, 5.25]]",6.0,"[5.0, 7.0]",6.5,0.5,0.9953339611150722,0.4735542079999995
rounded_square--demand_conflict,rounded_square,demand_conflict,n0_d1_m0,factorial_combination,1.0,0.0,4,1.0,1549,delay_aware_gain_1p0,1.0,12.864343075970591,9.6969880830503,10.738194309425399,0.7998620733557726,0.7537880500997661,1.0,0.8333333333333334,2.745851016235024,2.3072270938797708,0.8402593877956741,0.7998620733557726,2,"[[1, 4], [1, 2], [1, 2], [2, 4]]","[true, true, false, true, false]",2,1.15,0,1,1,"[[5, 7], [5, 7], [5, 7], [5, 7], [5, 7]]","[[7, 9], [7, 9], [7, 9], [7, 9], [7, 9]]","[[2, 2], [2, 2], [2, 2], [2, 2], [2, 2]]","[[5.0, 7.0], [5.0, 7.0], [5.0, 7.0], [5.0, 7.0], [5.0, 7.0]]",6.0,"[5.0, 7.0]",6.5,0.5,0.9953299623522338,0.4827508750000007
rounded_square--demand_conflict,rounded_square,demand_conflict,n0_d1_m0,factorial_combination,1.0,0.0,4,1.0,1571,dual_anchor_dynamic,0.0,9.352652930382003,4.86596267773727,4.86596267773727,0.6624405004742775,0.5202761947821497,1.0,0.8333333333333334,1.9948035373041557,1.3650099289695063,0.6842828897397216,0.6624405004742775,1,"[[1, 4], [2, 4], [2, 4], [2, 4]]","[true, true, false, false, true]",2,1.15,0,1,1,"[[4, 6], [4, 6], [4, 6], [4, 6], [4, 6]]","[[6, 8], [6, 8], [6, 8], [6, 8], [6, 8]]","[[2, 2], [2, 2], [2, 2], [2, 2], [2, 2]]","[[0.0, 0.0], [0.0, 0.0], [0.0, 0.0], [0.0, 0.0], [0.0, 0.0]]",5.0,"[4.0, 6.0]",5.5,0.5,0.9978343396208467,0.4063926250000023
rounded_square--demand_conflict,rounded_square,demand_conflict,n0_d1_m0,factorial_combination,1.0,0.0,4,1.0,1571,fixed_delay_dual_anchor,1.0,9.352652930382003,5.530164138030175,5.530164138030175,0.7015375247311899,0.5912936339234283,1.0,0.6666666666666666,1.9948035373041557,1.3038921069732308,0.6536443727863819,0.7015375247311899,3,"[[1, 4], [1, 2], [2, 4], [1, 4]]","[true, true, true, true, true]",0,4.0,0,1,1,"[[4, 6], [4, 6], [4, 6], [4, 6], [4, 6]]","[[6, 8], [6, 8], [6, 8], [6, 8], [6, 8]]","[[2, 2], [2, 2], [2, 2], [2, 2], [2, 2]]","[[4.0, 4.0], [4.0, 4.0], [4.0, 4.0], [4.0, 4.0], [4.0, 4.0]]",5.0,"[4.0, 6.0]",5.5,0.5,0.997730083380383,0.3911077919999997
rounded_square--demand_conflict,rounded_square,demand_conflict,n0_d1_m0,factorial_combination,1.0,0.0,4,1.0,1571,delay_aware_gain_0p25,0.25,9.352652930382003,4.266593867817365,4.266593867817365,0.6133432915981366,0.45619076208391907,1.0,0.8333333333333334,1.9948035373041557,1.0589135730523056,0.5308360213173458,0.6133432915981366,2,"[[1, 4], [2, 4], [2, 4], [3, 4]]","[true, true, false, true, true]",1,2.6449999999999996,0,1,1,"[[4, 6], [4, 6], [4, 6], [4, 6], [4, 6]]","[[6, 8], [6, 8], [6, 8], [6, 8], [6, 8]]","[[2, 2], [2, 2], [2, 2], [2, 2], [2, 2]]","[[1.0, 1.5], [1.0, 1.5], [1.0, 1.5], [1.0, 1.5], [1.0, 1.5]]",5.0,"[4.0, 6.0]",5.5,0.5,0.9977786963795461,0.4989174589999976
rounded_square--demand_conflict,rounded_square,demand_conflict,n0_d1_m0,factorial_combination,1.0,0.0,4,1.0,1571,delay_aware_gain_0p5,0.5,9.352652930382003,4.776704308095296,5.009339319490521,0.613845206357091,0.5107325529613332,1.0,0.8333333333333334,1.9948035373041557,1.1853558875497305,0.5942218696642478,0.613845206357091,3,"[[1, 4], [2, 4], [1, 4], [2, 3]]","[true, true, true, true, false]",1,2.0,0,1,1,"[[4, 6], [4, 6], [4, 6], [4, 6], [4, 6]]","[[6, 8], [6, 8], [6, 8], [6, 8], [6, 8]]","[[2, 2], [2, 2], [2, 2], [2, 2], [2, 2]]","[[2.0, 3.0], [2.0, 3.0], [2.0, 3.0], [2.0, 3.0], [2.0, 3.0]]",5.0,"[4.0, 6.0]",5.5,0.5,0.9977904195348715,0.4144252910000006
rounded_square--demand_conflict,rounded_square,demand_conflict,n0_d1_m0,factorial_combination,1.0,0.0,4,1.0,1571,delay_aware_gain_0p75,0.75,9.352652930382003,6.022062242091589,6.022062242091589,0.7006656403783853,0.6438881338715111,1.0,0.8333333333333334,1.9948035373041557,1.4148429015534112,0.709264283471984,0.7006656403783853,1,"[[1, 4], [2, 4], [2, 4], [2, 4]]","[true, true, false, false, true]",2,1.15,0,1,1,"[[4, 6], [4, 6], [4, 6], [4, 6], [4, 6]]","[[6, 8], [6, 8], [6, 8], [6, 8], [6, 8]]","[[2, 2], [2, 2], [2, 2], [2, 2], [2, 2]]","[[3.0, 4.5], [3.0, 4.5], [3.0, 4.5], [3.0, 4.5], [3.0, 4.5]]",5.0,"[4.0, 6.0]",5.5,0.5,0.9978712515130315,0.3857573330000008
rounded_square--demand_conflict,rounded_square,demand_conflict,n0_d1_m0,factorial_combination,1.0,0.0,4,1.0,1571,delay_aware_gain_1p0,1.0,9.352652930382003,6.433450318974888,6.596120718180412,0.7440198008985967,0.6878743781965742,1.0,0.8333333333333334,1.9948035373041557,1.5373231509555239,0.7706639386819586,0.7440198008985967,2,"[[1, 4], [1, 2], [2, 4], [2, 4]]","[true, true, true, false, false]",2,1.0,0,1,1,"[[4, 6], [4, 6], [4, 6], [4, 6], [4, 6]]","[[6, 8], [6, 8], [6, 8], [6, 8], [6, 8]]","[[2, 2], [2, 2], [2, 2], [2, 2], [2, 2]]","[[4.0, 6.0], [4.0, 6.0], [4.0, 6.0], [4.0, 6.0], [4.0, 6.0]]",5.0,"[4.0, 6.0]",5.5,0.5,0.9977972345090553,0.42189070800000295
figure_eight--demand_conflict,figure_eight,demand_conflict,n0_d1_m0,factorial_combination,1.0,0.0,4,1.0,1523,dual_anchor_dynamic,0.0,10.126248018321302,4.892609717351947,5.383386371045626,0.6266361628101742,0.4831611578641769,1.0,0.8333333333333334,2.9644517165153825,1.403801994501074,0.47354523829155093,0.6266361628101742,2,"[[2, 4], [2, 4], [3, 4], [2, 4]]","[true, true, true, true, false]",1,2.0,0,1,1,"[[5, 7], [5, 7], [5, 7], [5, 7], [5, 7]]","[[7, 9], [7, 9], [7, 9], [7, 9], [7, 9]]","[[2, 2], [2, 2], [2, 2], [2, 2], [2, 2]]","[[0.0, 0.0], [0.0, 0.0], [0.0, 0.0], [0.0, 0.0], [0.0, 0.0]]",6.0,"[5.0, 7.0]",6.5,0.5,0.9984824834791047,0.4013169999999988
figure_eight--demand_conflict,figure_eight,demand_conflict,n0_d1_m0,factorial_combination,1.0,0.0,4,1.0,1523,fixed_delay_dual_anchor,1.0,10.126248018321302,5.544363721362015,5.544363721362015,0.6403171772992445,0.5475239902608214,1.0,0.8333333333333334,2.9644517165153825,1.4060879965114095,0.47431637650830777,0.6403171772992445,0,"[[2, 4], [2, 4], [2, 4], [2, 4]]","[true, true, true, true, true]",0,4.0,0,1,1,"[[5, 7], [5, 7], [5, 7], [5, 7], [5, 7]]","[[7, 9], [7, 9], [7, 9], [7, 9], [7, 9]]","[[2, 2], [2, 2], [2, 2], [2, 2], [2, 2]]","[[4.0, 4.0], [4.0, 4.0], [4.0, 4.0], [4.0, 4.0], [4.0, 4.0]]",6.0,"[5.0, 7.0]",6.5,0.5,0.9984743714483483,0.40303316700000025
figure_eight--demand_conflict,figure_eight,demand_conflict,n0_d1_m0,factorial_combination,1.0,0.0,4,1.0,1523,delay_aware_gain_0p25,0.25,10.126248018321302,4.662093992838589,4.662093992838589,0.5778898482023054,0.46039697866411294,1.0,0.8333333333333334,2.9644517165153825,1.291304905865785,0.4355965383655067,0.5778898482023054,0,"[[2, 4], [2, 4], [2, 4], [2, 4]]","[true, true, true, true, true]",0,4.0,0,1,1,"[[5, 7], [5, 7], [5, 7], [5, 7], [5, 7]]","[[7, 9], [7, 9], [7, 9], [7, 9], [7, 9]]","[[2, 2], [2, 2], [2, 2], [2, 2], [2, 2]]","[[1.25, 1.75], [1.25, 1.75], [1.25, 1.75], [1.25, 1.75], [1.25, 1.75]]",6.0,"[5.0, 7.0]",6.5,0.5,0.9984714656101012,0.33642670799999763
figure_eight--demand_conflict,figure_eight,demand_conflict,n0_d1_m0,factorial_combination,1.0,0.0,4,1.0,1523,delay_aware_gain_0p5,0.5,10.126248018321302,5.241647174732184,5.241647174732184,0.6171998190482794,0.5176297445261594,1.0,0.8333333333333334,2.9644517165153825,1.3538637230244885,0.4566995358642278,0.6171998190482794,0,"[[2, 4], [2, 4], [2, 4], [2, 4]]","[true, true, true, true, true]",0,4.0,0,1,1,"[[5, 7], [5, 7], [5, 7], [5, 7], [5, 7]]","[[7, 9], [7, 9], [7, 9], [7, 9], [7, 9]]","[[2, 2], [2, 2], [2, 2], [2, 2], [2, 2]]","[[2.5, 3.5], [2.5, 3.5], [2.5, 3.5], [2.5, 3.5], [2.5, 3.5]]",6.0,"[5.0, 7.0]",6.5,0.5,0.9984681186541025,0.42849058299999854
figure_eight--demand_conflict,figure_eight,demand_conflict,n0_d1_m0,factorial_combination,1.0,0.0,4,1.0,1523,delay_aware_gain_0p75,0.75,10.126248018321302,5.375445312888649,5.375445312888649,0.6284925477112875,0.5308427468064103,1.0,0.8333333333333334,2.9644517165153825,1.3506826270545496,0.455626455148419,0.6284925477112875,0,"[[2, 4], [2, 4], [2, 4], [2, 4]]","[true, true, true, true, true]",0,4.0,0,1,1,"[[5, 7], [5, 7], [5, 7], [5, 7], [5, 7]]","[[7, 9], [7, 9], [7, 9], [7, 9], [7, 9]]","[[2, 2], [2, 2], [2, 2], [2, 2], [2, 2]]","[[3.75, 5.25], [3.75, 5.25], [3.75, 5.25], [3.75, 5.25], [3.75, 5.25]]",6.0,"[5.0, 7.0]",6.5,0.5,0.9984735712058734,0.5500277910000015
figure_eight--demand_conflict,figure_eight,demand_conflict,n0_d1_m0,factorial_combination,1.0,0.0,4,1.0,1523,delay_aware_gain_1p0,1.0,10.126248018321302,5.533339868039992,5.533339868039992,0.6370919656033865,0.5464353488111869,1.0,0.6666666666666666,2.9644517165153825,1.4073834304392159,0.4747533658917372,0.6370919656033865,0,"[[2, 4], [2, 4], [2, 4], [2, 4]]","[true, true, true, true, true]",0,4.0,0,1,1,"[[5, 7], [5, 7], [5, 7], [5, 7], [5, 7]]","[[7, 9], [7, 9], [7, 9], [7, 9], [7, 9]]","[[2, 2], [2, 2], [2, 2], [2, 2], [2, 2]]","[[5.0, 7.0], [5.0, 7.0], [5.0, 7.0], [5.0, 7.0], [5.0, 7.0]]",6.0,"[5.0, 7.0]",6.5,0.5,0.9984849026309495,0.40255987500000145
figure_eight--demand_conflict,figure_eight,demand_conflict,n0_d1_m0,factorial_combination,1.0,0.0,4,1.0,1549,dual_anchor_dynamic,0.0,11.92883058780728,6.7953348460589496,7.293614842066103,0.7003938577274935,0.5696564131780537,1.0,1.0,3.4750541812913416,1.9882563310594132,0.5721511744373927,0.7003938577274935,2,"[[2, 4], [2, 4], [3, 4], [2, 4]]","[true, true, true, true, false]",1,2.0,0,1,1,"[[5, 8], [5, 8], [5, 8], [5, 8], [5, 8]]","[[7, 10], [7, 10], [7, 10], [7, 10], [7, 10]]","[[2, 2], [2, 2], [2, 2], [2, 2], [2, 2]]","[[0.0, 0.0], [0.0, 0.0], [0.0, 0.0], [0.0, 0.0], [0.0, 0.0]]",6.5,"[5.0, 8.0]",6.5,1.0,0.9968897616249871,0.3745891669999999
figure_eight--demand_conflict,figure_eight,demand_conflict,n0_d1_m0,factorial_combination,1.0,0.0,4,1.0,1549,fixed_delay_dual_anchor,1.0,11.92883058780728,6.934672780772696,6.934672780772696,0.6677865791102265,0.5813371838695386,1.0,0.8333333333333334,3.4750541812913416,1.8094372405045518,0.5206932456610386,0.6677865791102265,0,"[[2, 4], [2, 4], [2, 4], [2, 4]]","[true, true, true, true, true]",0,4.0,0,1,1,"[[5, 8], [5, 8], [5, 8], [5, 8], [5, 8]]","[[7, 10], [7, 10], [7, 10], [7, 10], [7, 10]]","[[2, 2], [2, 2], [2, 2], [2, 2], [2, 2]]","[[4.0, 4.0], [4.0, 4.0], [4.0, 4.0], [4.0, 4.0], [4.0, 4.0]]",6.5,"[5.0, 8.0]",6.5,1.0,0.9968729117327906,0.43311295900000246
figure_eight--demand_conflict,figure_eight,demand_conflict,n0_d1_m0,factorial_combination,1.0,0.0,4,1.0,1549,delay_aware_gain_0p25,0.25,11.92883058780728,6.547246393741944,6.547246393741944,0.6505809034781793,0.5488590306944278,1.0,0.8333333333333334,3.4750541812913416,1.8316085597023217,0.5270733819239877,0.6505809034781793,0,"[[2, 4], [2, 4], [2, 4], [2, 4]]","[true, true, true, true, true]",0,4.0,0,1,1,"[[5, 8], [5, 8], [5, 8], [5, 8], [5, 8]]","[[7, 10], [7, 10], [7, 10], [7, 10], [7, 10]]","[[2, 2], [2, 2], [2, 2], [2, 2], [2, 2]]","[[1.25, 2.0], [1.25, 2.0], [1.25, 2.0], [1.25, 2.0], [1.25, 2.0]]",6.5,"[5.0, 8.0]",6.5,1.0,0.9968692137475024,0.43498349999999775
figure_eight--demand_conflict,figure_eight,demand_conflict,n0_d1_m0,factorial_combination,1.0,0.0,4,1.0,1549,delay_aware_gain_0p5,0.5,11.92883058780728,6.763783262281208,6.763783262281208,0.6568330087862362,0.5670114276913799,1.0,0.8333333333333334,3.4750541812913416,1.7825378391837168,0.5129525314397602,0.6568330087862362,0,"[[2, 4], [2, 4], [2, 4], [2, 4]]","[true, true, true, true, true]",0,4.0,0,1,1,"[[5, 8], [5, 8], [5, 8], [5, 8], [5, 8]]","[[7, 10], [7, 10], [7, 10], [7, 10], [7, 10]]","[[2, 2], [2, 2], [2, 2], [2, 2], [2, 2]]","[[2.5, 4.0], [2.5, 4.0], [2.5, 4.0], [2.5, 4.0], [2.5, 4.0]]",6.5,"[5.0, 8.0]",6.5,1.0,0.9968145663689598,0.4370156670000007
figure_eight--demand_conflict,figure_eight,demand_conflict,n0_d1_m0,factorial_combination,1.0,0.0,4,1.0,1549,delay_aware_gain_0p75,0.75,11.92883058780728,6.678533077220565,6.678533077220565,0.6509039875146756,0.5598648608562553,1.0,0.8333333333333334,3.4750541812913416,1.7188104194028968,0.4946139915332719,0.6509039875146756,0,"[[2, 4], [2, 4], [2, 4], [2, 4]]","[true, true, true, true, true]",0,4.0,0,1,1,"[[5, 8], [5, 8], [5, 8], [5, 8], [5, 8]]","[[7, 10], [7, 10], [7, 10], [7, 10], [7, 10]]","[[2, 2], [2, 2], [2, 2], [2, 2], [2, 2]]","[[3.75, 6.0], [3.75, 6.0], [3.75, 6.0], [3.75, 6.0], [3.75, 6.0]]",6.5,"[5.0, 8.0]",6.5,1.0,0.9968688543556252,0.5220798750000029
figure_eight--demand_conflict,figure_eight,demand_conflict,n0_d1_m0,factorial_combination,1.0,0.0,4,1.0,1549,delay_aware_gain_1p0,1.0,11.92883058780728,6.708720673919033,6.708720673919033,0.6500007090590767,0.562395502604938,1.0,0.6666666666666666,3.4750541812913416,1.7314337508864903,0.4982465482719708,0.6500007090590767,0,"[[2, 4], [2, 4], [2, 4], [2, 4]]","[true, true, true, true, true]",0,4.0,0,1,1,"[[5, 8], [5, 8], [5, 8], [5, 8], [5, 8]]","[[7, 10], [7, 10], [7, 10], [7, 10], [7, 10]]","[[2, 2], [2, 2], [2, 2], [2, 2], [2, 2]]","[[5.0, 8.0], [5.0, 8.0], [5.0, 8.0], [5.0, 8.0], [5.0, 8.0]]",6.5,"[5.0, 8.0]",6.5,1.0,0.9969114473438314,0.46920112500000144
figure_eight--demand_conflict,figure_eight,demand_conflict,n0_d1_m0,factorial_combination,1.0,0.0,4,1.0,1571,dual_anchor_dynamic,0.0,8.712195926136864,3.228584797794354,3.228584797794354,0.5553806962124972,0.3705822074212653,1.0,0.6666666666666666,2.5333354906638954,0.9298474419363804,0.36704473030246026,0.5553806962124972,1,"[[2, 4], [2, 4], [3, 4], [3, 4]]","[true, true, true, true, true]",0,4.0,0,1,1,"[[4, 6], [4, 6], [4, 6], [4, 6], [4, 6]]","[[6, 8], [6, 8], [6, 8], [6, 8], [6, 8]]","[[2, 2], [2, 2], [2, 2], [2, 2], [2, 2]]","[[0.0, 0.0], [0.0, 0.0], [0.0, 0.0], [0.0, 0.0], [0.0, 0.0]]",5.0,"[4.0, 6.0]",5.5,0.5,0.997722523295962,0.37855783299999857
figure_eight--demand_conflict,figure_eight,demand_conflict,n0_d1_m0,factorial_combination,1.0,0.0,4,1.0,1571,fixed_delay_dual_anchor,1.0,8.712195926136864,3.9998624542638725,3.9998624542638725,0.5654174081330936,0.4591107096506127,1.0,0.6666666666666666,2.5333354906638954,0.9958105351614274,0.3930827712441914,0.5654174081330936,0,"[[2, 4], [2, 4], [2, 4], [2, 4]]","[true, true, true, true, true]",0,4.0,0,1,1,"[[4, 6], [4, 6], [4, 6], [4, 6], [4, 6]]","[[6, 8], [6, 8], [6, 8], [6, 8], [6, 8]]","[[2, 2], [2, 2], [2, 2], [2, 2], [2, 2]]","[[4.0, 4.0], [4.0, 4.0], [4.0, 4.0], [4.0, 4.0], [4.0, 4.0]]",5.0,"[4.0, 6.0]",5.5,0.5,0.9976564764571823,0.3536203329999985
figure_eight--demand_conflict,figure_eight,demand_conflict,n0_d1_m0,factorial_combination,1.0,0.0,4,1.0,1571,delay_aware_gain_0p25,0.25,8.712195926136864,3.3421371734092995,3.3421371734092995,0.5143703357666359,0.38361593354240137,1.0,0.8333333333333334,2.5333354906638954,0.9385117128421988,0.3704648343264827,0.5143703357666359,0,"[[2, 4], [2, 4], [2, 4], [2, 4]]","[true, true, true, true, true]",0,4.0,0,1,1,"[[4, 6], [4, 6], [4, 6], [4, 6], [4, 6]]","[[6, 8], [6, 8], [6, 8], [6, 8], [6, 8]]","[[2, 2], [2, 2], [2, 2], [2, 2], [2, 2]]","[[1.0, 1.5], [1.0, 1.5], [1.0, 1.5], [1.0, 1.5], [1.0, 1.5]]",5.0,"[4.0, 6.0]",5.5,0.5,0.9976879556126903,0.3344372920000005
figure_eight--demand_conflict,figure_eight,demand_conflict,n0_d1_m0,factorial_combination,1.0,0.0,4,1.0,1571,delay_aware_gain_0p5,0.5,8.712195926136864,3.5167458833930354,3.5167458833930354,0.5279930976334026,0.4036578048988414,1.0,0.8333333333333334,2.5333354906638954,0.9311263299132372,0.3675495540739544,0.5279930976334026,0,"[[2, 4], [2, 4], [2, 4], [2, 4]]","[true, true, true, true, true]",0,4.0,0,1,1,"[[4, 6], [4, 6], [4, 6], [4, 6], [4, 6]]","[[6, 8], [6, 8], [6, 8], [6, 8], [6, 8]]","[[2, 2], [2, 2], [2, 2], [2, 2], [2, 2]]","[[2.0, 3.0], [2.0, 3.0], [2.0, 3.0], [2.0, 3.0], [2.0, 3.0]]",5.0,"[4.0, 6.0]",5.5,0.5,0.9976639243552832,0.3760186670000003
figure_eight--demand_conflict,figure_eight,demand_conflict,n0_d1_m0,factorial_combination,1.0,0.0,4,1.0,1571,delay_aware_gain_0p75,0.75,8.712195926136864,3.7158011664550576,3.7158011664550576,0.5450604566340685,0.42650569362283697,1.0,0.6666666666666666,2.5333354906638954,0.9355431456142632,0.36929303247123074,0.5450604566340685,0,"[[2, 4], [2, 4], [2, 4], [2, 4]]","[true, true, true, true, true]",0,4.0,0,1,1,"[[4, 6], [4, 6], [4, 6], [4, 6], [4, 6]]","[[6, 8], [6, 8], [6, 8], [6, 8], [6, 8]]","[[2, 2], [2, 2], [2, 2], [2, 2], [2, 2]]","[[3.0, 4.5], [3.0, 4.5], [3.0, 4.5], [3.0, 4.5], [3.0, 4.5]]",5.0,"[4.0, 6.0]",5.5,0.5,0.9976423868958152,0.33970416699999717
figure_eight--demand_conflict,figure_eight,demand_conflict,n0_d1_m0,factorial_combination,1.0,0.0,4,1.0,1571,delay_aware_gain_1p0,1.0,8.712195926136864,3.844974864245808,3.844974864245808,0.5582188228463509,0.4413324604777036,1.0,0.6666666666666666,2.5333354906638954,0.9532552531680069,0.3762846479201194,0.5582188228463509,0,"[[2, 4], [2, 4], [2, 4], [2, 4]]","[true, true, true, true, true]",0,4.0,0,1,1,"[[4, 6], [4, 6], [4, 6], [4, 6], [4, 6]]","[[6, 8], [6, 8], [6, 8], [6, 8], [6, 8]]","[[2, 2], [2, 2], [2, 2], [2, 2], [2, 2]]","[[4.0, 6.0], [4.0, 6.0], [4.0, 6.0], [4.0, 6.0], [4.0, 6.0]]",5.0,"[4.0, 6.0]",5.5,0.5,0.9976444118440819,0.3594510409999998
s_curve--demand_conflict,s_curve,demand_conflict,n0_d1_m0,factorial_combination,1.0,0.0,4,1.0,1523,dual_anchor_dynamic,0.0,5.624113490438238,1.425853516076539,1.425853516076539,0.4665717005751993,0.2535250254996961,0.6666666666666666,0.5,1.2422374921952852,0.7685984373999414,0.6187210112630495,0.4665717005751993,2,"[[2, 4], [3, 4], [3, 4], [2, 4]]","[true, true, true, true, true]",0,4.0,0,1,1,"[[5, 7], [5, 7], [5, 7], [5, 7], [5, 7]]","[[7, 9], [7, 9], [7, 9], [7, 9], [7, 9]]","[[2, 2], [2, 2], [2, 2], [2, 2], [2, 2]]","[[0.0, 0.0], [0.0, 0.0], [0.0, 0.0], [0.0, 0.0], [0.0, 0.0]]",6.0,"[5.0, 7.0]",6.5,0.5,0.9978878576054769,0.2948685839999996
s_curve--demand_conflict,s_curve,demand_conflict,n0_d1_m0,factorial_combination,1.0,0.0,4,1.0,1523,fixed_delay_dual_anchor,1.0,5.624113490438238,0.9242493774432617,0.9242493774432617,0.5091577432860285,0.1643369002091818,0.6666666666666666,0.16666666666666666,1.2422374921952852,0.701860552513727,0.5649970773892818,0.5091577432860285,1,"[[2, 4], [2, 4], [2, 4], [3, 4]]","[true, true, true, true, true]",0,4.0,0,1,1,"[[5, 7], [5, 7], [5, 7], [5, 7], [5, 7]]","[[7, 9], [7, 9], [7, 9], [7, 9], [7, 9]]","[[2, 2], [2, 2], [2, 2], [2, 2], [2, 2]]","[[4.0, 4.0], [4.0, 4.0], [4.0, 4.0], [4.0, 4.0], [4.0, 4.0]]",6.0,"[5.0, 7.0]",6.5,0.5,0.9978812402003856,0.30979866699999903
s_curve--demand_conflict,s_curve,demand_conflict,n0_d1_m0,factorial_combination,1.0,0.0,4,1.0,1523,delay_aware_gain_0p25,0.25,5.624113490438238,0.7895144462310185,0.7895144462310185,0.4188080616547076,0.14038024794010664,0.6666666666666666,0.0,1.2422374921952852,0.7009762062690129,0.564285179503193,0.4188080616547076,0,"[[2, 4], [2, 4], [2, 4], [2, 4]]","[true, true, true, true, true]",0,4.0,0,1,1,"[[5, 7], [5, 7], [5, 7], [5, 7], [5, 7]]","[[7, 9], [7, 9], [7, 9], [7, 9], [7, 9]]","[[2, 2], [2, 2], [2, 2], [2, 2], [2, 2]]","[[1.25, 1.75], [1.25, 1.75], [1.25, 1.75], [1.25, 1.75], [1.25, 1.75]]",6.0,"[5.0, 7.0]",6.5,0.5,0.9977922665547261,0.29729170899999957
s_curve--demand_conflict,s_curve,demand_conflict,n0_d1_m0,factorial_combination,1.0,0.0,4,1.0,1523,delay_aware_gain_0p5,0.5,5.624113490438238,0.7800219132393739,0.7800219132393739,0.43023613020678736,0.13869242051489852,0.6666666666666666,0.0,1.2422374921952852,0.6813794755609849,0.5485098299173449,0.43023613020678736,0,"[[2, 4], [2, 4], [2, 4], [2, 4]]","[true, true, true, true, true]",0,4.0,0,1,1,"[[5, 7], [5, 7], [5, 7], [5, 7], [5, 7]]","[[7, 9], [7, 9], [7, 9], [7, 9], [7, 9]]","[[2, 2], [2, 2], [2, 2], [2, 2], [2, 2]]","[[2.5, 3.5], [2.5, 3.5], [2.5, 3.5], [2.5, 3.5], [2.5, 3.5]]",6.0,"[5.0, 7.0]",6.5,0.5,0.9977924292060905,0.2895196250000005
s_curve--demand_conflict,s_curve,demand_conflict,n0_d1_m0,factorial_combination,1.0,0.0,4,1.0,1523,delay_aware_gain_0p75,0.75,5.624113490438238,0.7606501884355257,0.7606501884355257,0.46457385750737973,0.13524801548345974,0.6666666666666666,0.0,1.2422374921952852,0.6439329183336664,0.5183653869564882,0.46457385750737973,1,"[[2, 4], [2, 4], [2, 4], [3, 4]]","[true, true, true, true, true]",0,4.0,0,1,1,"[[5, 7], [5, 7], [5, 7], [5, 7], [5, 7]]","[[7, 9], [7, 9], [7, 9], [7, 9], [7, 9]]","[[2, 2], [2, 2], [2, 2], [2, 2], [2, 2]]","[[3.75, 5.25], [3.75, 5.25], [3.75, 5.25], [3.75, 5.25], [3.75, 5.25]]",6.0,"[5.0, 7.0]",6.5,0.5,0.9978286138421366,0.4000241659999979
s_curve--demand_conflict,s_curve,demand_conflict,n0_d1_m0,factorial_combination,1.0,0.0,4,1.0,1523,delay_aware_gain_1p0,1.0,5.624113490438238,1.2233857301277902,1.3296328172010055,0.5188912640710709,0.217525078789344,0.6666666666666666,0.5,1.2422374921952852,0.7272051495171543,0.5853994538774028,0.5188912640710709,2,"[[2, 4], [2, 4], [3, 4], [2, 4]]","[true, true, true, true, false]",1,2.0,0,1,1,"[[5, 7], [5, 7], [5, 7], [5, 7], [5, 7]]","[[7, 9], [7, 9], [7, 9], [7, 9], [7, 9]]","[[2, 2], [2, 2], [2, 2], [2, 2], [2, 2]]","[[5.0, 7.0], [5.0, 7.0], [5.0, 7.0], [5.0, 7.0], [5.0, 7.0]]",6.0,"[5.0, 7.0]",6.5,0.5,0.9979089717760271,0.33054566699999555
s_curve--demand_conflict,s_curve,demand_conflict,n0_d1_m0,factorial_combination,1.0,0.0,4,1.0,1549,dual_anchor_dynamic,0.0,6.892607689246599,2.691072727041668,2.691072727041668,0.5799002686337749,0.3904288258332337,0.8333333333333334,0.5,1.4859160264065745,1.1284103112959585,0.7594038231250655,0.5799002686337749,2,"[[2, 4], [3, 4], [2, 4], [2, 4]]","[true, true, true, true, true]",0,4.0,0,1,1,"[[5, 8], [5, 8], [5, 8], [5, 8], [5, 8]]","[[7, 10], [7, 10], [7, 10], [7, 10], [7, 10]]","[[2, 2], [2, 2], [2, 2], [2, 2], [2, 2]]","[[0.0, 0.0], [0.0, 0.0], [0.0, 0.0], [0.0, 0.0], [0.0, 0.0]]",6.5,"[5.0, 8.0]",6.5,1.0,0.9952641991513291,0.30147762499999686
s_curve--demand_conflict,s_curve,demand_conflict,n0_d1_m0,factorial_combination,1.0,0.0,4,1.0,1549,fixed_delay_dual_anchor,1.0,6.892607689246599,2.137454126181194,2.137454126181194,0.5773708373820956,0.3101081945394791,0.8333333333333334,0.3333333333333333,1.4859160264065745,0.9033188302493789,0.6079205111165642,0.5773708373820956,1,"[[2, 4], [2, 4], [2, 4], [3, 4]]","[true, true, true, true, true]",0,4.0,0,1,1,"[[5, 8], [5, 8], [5, 8], [5, 8], [5, 8]]","[[7, 10], [7, 10], [7, 10], [7, 10], [7, 10]]","[[2, 2], [2, 2], [2, 2], [2, 2], [2, 2]]","[[4.0, 4.0], [4.0, 4.0], [4.0, 4.0], [4.0, 4.0], [4.0, 4.0]]",6.5,"[5.0, 8.0]",6.5,1.0,0.9960659647382623,0.32988758399999796
s_curve--demand_conflict,s_curve,demand_conflict,n0_d1_m0,factorial_combination,1.0,0.0,4,1.0,1549,delay_aware_gain_0p25,0.25,6.892607689246599,2.1345610630300276,2.1345610630300276,0.5162164371337933,0.3096884603428441,0.8333333333333334,0.16666666666666666,1.4859160264065745,0.9326315897380574,0.6276475744012683,0.5162164371337933,2,"[[2, 4], [3, 4], [2, 4], [2, 4]]","[true, true, true, true, true]",0,4.0,0,1,1,"[[5, 8], [5, 8], [5, 8], [5, 8], [5, 8]]","[[7, 10], [7, 10], [7, 10], [7, 10], [7, 10]]","[[2, 2], [2, 2], [2, 2], [2, 2], [2, 2]]","[[1.25, 2.0], [1.25, 2.0], [1.25, 2.0], [1.25, 2.0], [1.25, 2.0]]",6.5,"[5.0, 8.0]",6.5,1.0,0.99522864809596,0.32207429100000695
s_curve--demand_conflict,s_curve,demand_conflict,n0_d1_m0,factorial_combination,1.0,0.0,4,1.0,1549,delay_aware_gain_0p5,0.5,6.892607689246599,2.03375224745276,2.03375224745276,0.5034148348785332,0.2950628178977441,0.8333333333333334,0.3333333333333333,1.4859160264065745,0.8688539043975951,0.5847261143678253,0.5034148348785332,0,"[[2, 4], [2, 4], [2, 4], [2, 4]]","[true, true, true, true, true]",0,4.0,0,1,1,"[[5, 8], [5, 8], [5, 8], [5, 8], [5, 8]]","[[7, 10], [7, 10], [7, 10], [7, 10], [7, 10]]","[[2, 2], [2, 2], [2, 2], [2, 2], [2, 2]]","[[2.5, 4.0], [2.5, 4.0], [2.5, 4.0], [2.5, 4.0], [2.5, 4.0]]",6.5,"[5.0, 8.0]",6.5,1.0,0.9953803870270339,0.3067537499999986
s_curve--demand_conflict,s_curve,demand_conflict,n0_d1_m0,factorial_combination,1.0,0.0,4,1.0,1549,delay_aware_gain_0p75,0.75,6.892607689246599,1.9025450456457644,1.9025450456457644,0.5005919882204249,0.2760268872714157,0.8333333333333334,0.5,1.4859160264065745,0.8105908782876087,0.5455159402566507,0.5005919882204249,2,"[[2, 4], [2, 4], [3, 4], [2, 4]]","[true, true, true, true, true]",0,4.0,0,1,1,"[[5, 8], [5, 8], [5, 8], [5, 8], [5, 8]]","[[7, 10], [7, 10], [7, 10], [7, 10], [7, 10]]","[[2, 2], [2, 2], [2, 2], [2, 2], [2, 2]]","[[3.75, 6.0], [3.75, 6.0], [3.75, 6.0], [3.75, 6.0], [3.75, 6.0]]",6.5,"[5.0, 8.0]",6.5,1.0,0.995551357587202,0.33714274999999816
s_curve--demand_conflict,s_curve,demand_conflict,n0_d1_m0,factorial_combination,1.0,0.0,4,1.0,1549,delay_aware_gain_1p0,1.0,6.892607689246599,2.156058566332065,2.402608113242418,0.5501762234582104,0.31280738198632835,0.8333333333333334,0.6666666666666666,1.4859160264065745,0.8958886795741023,0.6029201271492111,0.5501762234582104,2,"[[2, 4], [2, 4], [3, 4], [2, 4]]","[true, true, true, true, false]",1,2.0,0,1,1,"[[5, 8], [5, 8], [5, 8], [5, 8], [5, 8]]","[[7, 10], [7, 10], [7, 10], [7, 10], [7, 10]]","[[2, 2], [2, 2], [2, 2], [2, 2], [2, 2]]","[[5.0, 8.0], [5.0, 8.0], [5.0, 8.0], [5.0, 8.0], [5.0, 8.0]]",6.5,"[5.0, 8.0]",6.5,1.0,0.9958979037076907,0.3474406250000044
s_curve--demand_conflict,s_curve,demand_conflict,n0_d1_m0,factorial_combination,1.0,0.0,4,1.0,1571,dual_anchor_dynamic,0.0,4.888987502414903,0.8958745585812513,0.8958745585812513,0.433008694770026,0.18324337260807813,0.6666666666666666,0.3333333333333333,1.0680721937241333,0.5661672892795947,0.5300833526107385,0.433008694770026,3,"[[2, 4], [3, 4], [2, 3], [2, 4]]","[true, true, true, true, true]",0,4.0,0,1,1,"[[4, 6], [4, 6], [4, 6], [4, 6], [4, 6]]","[[6, 8], [6, 8], [6, 8], [6, 8], [6, 8]]","[[2, 2], [2, 2], [2, 2], [2, 2], [2, 2]]","[[0.0, 0.0], [0.0, 0.0], [0.0, 0.0], [0.0, 0.0], [0.0, 0.0]]",5.0,"[4.0, 6.0]",5.5,0.5,0.9973747201926072,0.24748333300000525
s_curve--demand_conflict,s_curve,demand_conflict,n0_d1_m0,factorial_combination,1.0,0.0,4,1.0,1571,fixed_delay_dual_anchor,1.0,4.888987502414903,0.7924819656350746,0.7924819656350746,0.49736930364878057,0.16209531426366505,0.6666666666666666,0.0,1.0680721937241333,0.5530268223674751,0.5177803762863556,0.49736930364878057,0,"[[2, 4], [2, 4], [2, 4], [2, 4]]","[true, true, true, true, true]",0,4.0,0,1,1,"[[4, 6], [4, 6], [4, 6], [4, 6], [4, 6]]","[[6, 8], [6, 8], [6, 8], [6, 8], [6, 8]]","[[2, 2], [2, 2], [2, 2], [2, 2], [2, 2]]","[[4.0, 4.0], [4.0, 4.0], [4.0, 4.0], [4.0, 4.0], [4.0, 4.0]]",5.0,"[4.0, 6.0]",5.5,0.5,0.9972364131745868,0.2799291660000023
s_curve--demand_conflict,s_curve,demand_conflict,n0_d1_m0,factorial_combination,1.0,0.0,4,1.0,1571,delay_aware_gain_0p25,0.25,4.888987502414903,0.578663802765449,0.578663802765449,0.3936135806289729,0.1183606631188195,0.6666666666666666,0.0,1.0680721937241333,0.5316895949345548,0.4978030493244749,0.3936135806289729,0,"[[2, 4], [2, 4], [2, 4], [2, 4]]","[true, true, true, true, true]",0,4.0,0,1,1,"[[4, 6], [4, 6], [4, 6], [4, 6], [4, 6]]","[[6, 8], [6, 8], [6, 8], [6, 8], [6, 8]]","[[2, 2], [2, 2], [2, 2], [2, 2], [2, 2]]","[[1.0, 1.5], [1.0, 1.5], [1.0, 1.5], [1.0, 1.5], [1.0, 1.5]]",5.0,"[4.0, 6.0]",5.5,0.5,0.9972213651048508,0.25969166699999846
s_curve--demand_conflict,s_curve,demand_conflict,n0_d1_m0,factorial_combination,1.0,0.0,4,1.0,1571,delay_aware_gain_0p5,0.5,4.888987502414903,0.5402148052541057,0.5402148052541057,0.39642229249226624,0.11049625407863448,0.6666666666666666,0.0,1.0680721937241333,0.5082162548359399,0.47582575206260297,0.39642229249226624,0,"[[2, 4], [2, 4], [2, 4], [2, 4]]","[true, true, true, true, true]",0,4.0,0,1,1,"[[4, 6], [4, 6], [4, 6], [4, 6], [4, 6]]","[[6, 8], [6, 8], [6, 8], [6, 8], [6, 8]]","[[2, 2], [2, 2], [2, 2], [2, 2], [2, 2]]","[[2.0, 3.0], [2.0, 3.0], [2.0, 3.0], [2.0, 3.0], [2.0, 3.0]]",5.0,"[4.0, 6.0]",5.5,0.5,0.9971631965358323,0.2596482499999979
s_curve--demand_conflict,s_curve,demand_conflict,n0_d1_m0,factorial_combination,1.0,0.0,4,1.0,1571,delay_aware_gain_0p75,0.75,4.888987502414903,0.5503423529717906,0.5503423529717906,0.4226859660708985,0.1125677561458176,0.6666666666666666,0.0,1.0680721937241333,0.5086451560782195,0.4762273178413956,0.4226859660708985,0,"[[2, 4], [2, 4], [2, 4], [2, 4]]","[true, true, true, true, true]",0,4.0,0,1,1,"[[4, 6], [4, 6], [4, 6], [4, 6], [4, 6]]","[[6, 8], [6, 8], [6, 8], [6, 8], [6, 8]]","[[2, 2], [2, 2], [2, 2], [2, 2], [2, 2]]","[[3.0, 4.5], [3.0, 4.5], [3.0, 4.5], [3.0, 4.5], [3.0, 4.5]]",5.0,"[4.0, 6.0]",5.5,0.5,0.9971209477055435,0.2633535000000009
s_curve--demand_conflict,s_curve,demand_conflict,n0_d1_m0,factorial_combination,1.0,0.0,4,1.0,1571,delay_aware_gain_1p0,1.0,4.888987502414903,0.6786120739224502,0.6786120739224502,0.4623843979745068,0.13880421530782222,0.6666666666666666,0.0,1.0680721937241333,0.5046402502887837,0.47247765951963777,0.4623843979745068,1,"[[2, 4], [2, 4], [2, 4], [3, 4]]","[true, true, true, true, true]",0,4.0,0,1,1,"[[4, 6], [4, 6], [4, 6], [4, 6], [4, 6]]","[[6, 8], [6, 8], [6, 8], [6, 8], [6, 8]]","[[2, 2], [2, 2], [2, 2], [2, 2], [2, 2]]","[[4.0, 6.0], [4.0, 6.0], [4.0, 6.0], [4.0, 6.0], [4.0, 6.0]]",5.0,"[4.0, 6.0]",5.5,0.5,0.9971916872893906,0.27633958300000216
harmonic_loop--demand_conflict,harmonic_loop,demand_conflict,n1_d1_m1,factorial_combination,3.0,0.05,4,1.7,1523,dual_anchor_dynamic,0.0,7.19838423686465,2.8483953366275814,2.8483953366275814,0.5973170864348678,0.3956992629040649,1.0,0.8333333333333334,1.9026854893019027,1.0225899697061025,0.5374456132953911,0.5981187123689375,1,"[[2, 3], [2, 3], [3, 4], [3, 4]]","[true, true, true, true, true]",0,4.0,0,1,1,"[[5, 6], [5, 6], [5, 6], [5, 6], [5, 6]]","[[7, 8], [7, 8], [7, 8], [7, 8], [7, 8]]","[[2, 2], [2, 2], [2, 2], [2, 2], [2, 2]]","[[0.0, 0.0], [0.0, 0.0], [0.0, 0.0], [0.0, 0.0], [0.0, 0.0]]",5.5,"[5.0, 6.0]",6.5,1.0,0.9983700580229936,0.3904902089999993
harmonic_loop--demand_conflict,harmonic_loop,demand_conflict,n1_d1_m1,factorial_combination,3.0,0.05,4,1.7,1523,fixed_delay_dual_anchor,1.0,7.19838423686465,3.4645799642243356,3.6336669153871206,0.5957246751695038,0.4812996709013381,1.0,0.8333333333333334,1.9026854893019027,1.0087475220749536,0.5301703974444374,0.5980968280946516,2,"[[2, 3], [3, 4], [1, 3], [1, 3]]","[true, true, true, false, false]",2,1.0,0,1,1,"[[5, 6], [5, 6], [5, 6], [5, 6], [5, 6]]","[[7, 8], [7, 8], [7, 8], [7, 8], [7, 8]]","[[2, 2], [2, 2], [2, 2], [2, 2], [2, 2]]","[[4.0, 4.0], [4.0, 4.0], [4.0, 4.0], [4.0, 4.0], [4.0, 4.0]]",5.5,"[5.0, 6.0]",6.5,1.0,0.9984188380654608,0.33751337500000034
harmonic_loop--demand_conflict,harmonic_loop,demand_conflict,n1_d1_m1,factorial_combination,3.0,0.05,4,1.7,1523,delay_aware_gain_0p25,0.25,7.19838423686465,2.401814906823766,2.401814906823766,0.5463695901823882,0.3336602809452011,1.0,0.8333333333333334,1.9026854893019027,0.8869534954256829,0.466158753200513,0.5489927852824064,1,"[[2, 3], [3, 4], [3, 4], [3, 4]]","[true, true, true, true, true]",0,4.0,0,1,1,"[[5, 6], [5, 6], [5, 6], [5, 6], [5, 6]]","[[7, 8], [7, 8], [7, 8], [7, 8], [7, 8]]","[[2, 2], [2, 2], [2, 2], [2, 2], [2, 2]]","[[1.25, 1.5], [1.25, 1.5], [1.25, 1.5], [1.25, 1.5], [1.25, 1.5]]",5.5,"[5.0, 6.0]",6.5,1.0,0.9984021767389115,0.34124741699999817
harmonic_loop--demand_conflict,harmonic_loop,demand_conflict,n1_d1_m1,factorial_combination,3.0,0.05,4,1.7,1523,delay_aware_gain_0p5,0.5,7.19838423686465,2.719938137807773,2.8554586647581166,0.5511313502846612,0.3778539806028023,1.0,0.8333333333333334,1.9026854893019027,0.8831766505673145,0.4641737457572943,0.5548229204767497,2,"[[2, 3], [3, 4], [3, 4], [2, 4]]","[true, true, true, true, false]",1,2.0,0,1,1,"[[5, 6], [5, 6], [5, 6], [5, 6], [5, 6]]","[[7, 8], [7, 8], [7, 8], [7, 8], [7, 8]]","[[2, 2], [2, 2], [2, 2], [2, 2], [2, 2]]","[[2.5, 3.0], [2.5, 3.0], [2.5, 3.0], [2.5, 3.0], [2.5, 3.0]]",5.5,"[5.0, 6.0]",6.5,1.0,0.9984289344475173,0.37947824999999824
harmonic_loop--demand_conflict,harmonic_loop,demand_conflict,n1_d1_m1,factorial_combination,3.0,0.05,4,1.7,1523,delay_aware_gain_0p75,0.75,7.19838423686465,3.110007696785744,3.110007696785744,0.5852904705853785,0.43204246876106583,1.0,0.6666666666666666,1.9026854893019027,0.8996086846424084,0.4728099781601192,0.5874733348256573,3,"[[2, 3], [3, 4], [1, 3], [2, 4]]","[true, true, true, true, true]",0,4.0,0,1,1,"[[5, 6], [5, 6], [5, 6], [5, 6], [5, 6]]","[[7, 8], [7, 8], [7, 8], [7, 8], [7, 8]]","[[2, 2], [2, 2], [2, 2], [2, 2], [2, 2]]","[[3.75, 4.5], [3.75, 4.5], [3.75, 4.5], [3.75, 4.5], [3.75, 4.5]]",5.5,"[5.0, 6.0]",6.5,1.0,0.9984263265000879,0.3252642080000001
harmonic_loop--demand_conflict,harmonic_loop,demand_conflict,n1_d1_m1,factorial_combination,3.0,0.05,4,1.7,1523,delay_aware_gain_1p0,1.0,7.19838423686465,4.207268214880297,4.297645167355227,0.6684426216443512,0.5844739703298788,1.0,0.8333333333333334,1.9026854893019027,1.0905686862188015,0.5731733869578899,0.669870220773914,2,"[[2, 3], [1, 3], [2, 4], [2, 4]]","[true, true, true, false, false]",2,1.0,0,1,1,"[[5, 6], [5, 6], [5, 6], [5, 6], [5, 6]]","[[7, 8], [7, 8], [7, 8], [7, 8], [7, 8]]","[[2, 2], [2, 2], [2, 2], [2, 2], [2, 2]]","[[5.0, 6.0], [5.0, 6.0], [5.0, 6.0], [5.0, 6.0], [5.0, 6.0]]",5.5,"[5.0, 6.0]",6.5,1.0,0.99846360783529,0.32864479199999863
harmonic_loop--demand_conflict,harmonic_loop,demand_conflict,n1_d1_m1,factorial_combination,3.0,0.05,4,1.7,1549,dual_anchor_dynamic,0.0,11.183923395752952,8.416602113550825,8.518710069618184,0.7953833769006593,0.7525625682260122,0.8333333333333334,1.0,2.853502285898222,2.2199972874288942,0.7779903658742247,0.7941992579974566,2,"[[2, 3], [1, 3], [2, 3], [2, 3]]","[true, true, true, false, false]",2,1.0,0,1,1,"[[5, 9], [5, 9], [5, 9], [5, 9], [5, 9]]","[[7, 11], [7, 11], [7, 11], [7, 11], [7, 11]]","[[2, 2], [2, 2], [2, 2], [2, 2], [2, 2]]","[[0.0, 0.0], [0.0, 0.0], [0.0, 0.0], [0.0, 0.0], [0.0, 0.0]]",7.0,"[5.0, 9.0]",6.5,1.5,0.9896169173111931,0.36683475000000243
harmonic_loop--demand_conflict,harmonic_loop,demand_conflict,n1_d1_m1,factorial_combination,3.0,0.05,4,1.7,1549,fixed_delay_dual_anchor,1.0,11.183923395752952,6.872799837095691,7.299332073416242,0.7377305991825117,0.6145249385117935,0.8333333333333334,0.6666666666666666,2.853502285898222,1.8440479551331141,0.6462402235478311,0.736335473296136,3,"[[2, 3], [1, 3], [3, 4], [2, 3]]","[true, true, true, true, false]",1,2.0,0,1,1,"[[5, 9], [5, 9], [5, 9], [5, 9], [5, 9]]","[[7, 11], [7, 11], [7, 11], [7, 11], [7, 11]]","[[2, 2], [2, 2], [2, 2], [2, 2], [2, 2]]","[[4.0, 4.0], [4.0, 4.0], [4.0, 4.0], [4.0, 4.0], [4.0, 4.0]]",7.0,"[5.0, 9.0]",6.5,1.5,0.9902257225002412,0.42916145799999583
harmonic_loop--demand_conflict,harmonic_loop,demand_conflict,n1_d1_m1,factorial_combination,3.0,0.05,4,1.7,1549,delay_aware_gain_0p25,0.25,11.183923395752952,7.315970230517145,7.562103607250887,0.7435300484217084,0.654150602756753,0.8333333333333334,0.8333333333333334,2.853502285898222,1.9346253821017765,0.6779827693366636,0.7426774149137951,3,"[[2, 3], [1, 3], [3, 4], [2, 3]]","[true, true, true, true, false]",1,2.0,0,1,1,"[[5, 9], [5, 9], [5, 9], [5, 9], [5, 9]]","[[7, 11], [7, 11], [7, 11], [7, 11], [7, 11]]","[[2, 2], [2, 2], [2, 2], [2, 2], [2, 2]]","[[1.25, 2.25], [1.25, 2.25], [1.25, 2.25], [1.25, 2.25], [1.25, 2.25]]",7.0,"[5.0, 9.0]",6.5,1.5,0.9900407241415823,0.37714433299999683
harmonic_loop--demand_conflict,harmonic_loop,demand_conflict,n1_d1_m1,factorial_combination,3.0,0.05,4,1.7,1549,delay_aware_gain_0p5,0.5,11.183923395752952,6.374312872638561,6.550730907182361,0.6928333177016693,0.5699531950531045,0.8333333333333334,0.6666666666666666,2.853502285898222,1.7358670993141887,0.6083286170446415,0.691784174030839,3,"[[2, 3], [1, 3], [3, 4], [2, 3]]","[true, true, true, true, false]",1,2.0,0,1,1,"[[5, 9], [5, 9], [5, 9], [5, 9], [5, 9]]","[[7, 11], [7, 11], [7, 11], [7, 11], [7, 11]]","[[2, 2], [2, 2], [2, 2], [2, 2], [2, 2]]","[[2.5, 4.5], [2.5, 4.5], [2.5, 4.5], [2.5, 4.5], [2.5, 4.5]]",7.0,"[5.0, 9.0]",6.5,1.5,0.9903957372248174,0.41858270900000605
harmonic_loop--demand_conflict,harmonic_loop,demand_conflict,n1_d1_m1,factorial_combination,3.0,0.05,4,1.7,1549,delay_aware_gain_0p75,0.75,11.183923395752952,5.86993277692237,6.063875138570179,0.6649799022996356,0.5248545228011354,0.8333333333333334,0.6666666666666666,2.853502285898222,1.662246095669128,0.5825283911226614,0.6642290094567681,3,"[[2, 3], [1, 3], [3, 4], [2, 3]]","[true, true, true, true, false]",1,2.0,0,1,1,"[[5, 9], [5, 9], [5, 9], [5, 9], [5, 9]]","[[7, 11], [7, 11], [7, 11], [7, 11], [7, 11]]","[[2, 2], [2, 2], [2, 2], [2, 2], [2, 2]]","[[3.75, 6.75], [3.75, 6.75], [3.75, 6.75], [3.75, 6.75], [3.75, 6.75]]",7.0,"[5.0, 9.0]",6.5,1.5,0.9905396501703119,0.45765362499999895
harmonic_loop--demand_conflict,harmonic_loop,demand_conflict,n1_d1_m1,factorial_combination,3.0,0.05,4,1.7,1549,delay_aware_gain_1p0,1.0,11.183923395752952,5.758828838928087,6.9179475049160795,0.6573165692485066,0.5149202685986725,0.8333333333333334,0.8333333333333334,2.853502285898222,1.6958799229999735,0.5943152495026462,0.6572679420945461,3,"[[2, 3], [1, 3], [3, 4], [2, 3]]","[true, true, true, true, false]",1,2.0,0,1,1,"[[5, 9], [5, 9], [5, 9], [5, 9], [5, 9]]","[[7, 11], [7, 11], [7, 11], [7, 11], [7, 11]]","[[2, 2], [2, 2], [2, 2], [2, 2], [2, 2]]","[[5.0, 9.0], [5.0, 9.0], [5.0, 9.0], [5.0, 9.0], [5.0, 9.0]]",7.0,"[5.0, 9.0]",6.5,1.5,0.9904162633863505,0.4334146250000046
harmonic_loop--demand_conflict,harmonic_loop,demand_conflict,n1_d1_m1,factorial_combination,3.0,0.05,4,1.7,1571,dual_anchor_dynamic,0.0,6.473390391804006,2.3690722230711008,2.3690722230711008,0.5410735002510031,0.3659708560247804,1.0,0.8333333333333334,1.6893192591030515,0.8125582061278379,0.48099742055818856,0.5467574650719405,1,"[[2, 3], [3, 4], [3, 4], [3, 4]]","[true, true, true, true, true]",0,4.0,0,1,1,"[[4, 6], [4, 6], [4, 6], [4, 6], [4, 6]]","[[6, 8], [6, 8], [6, 8], [6, 8], [6, 8]]","[[2, 2], [2, 2], [2, 2], [2, 2], [2, 2]]","[[0.0, 0.0], [0.0, 0.0], [0.0, 0.0], [0.0, 0.0], [0.0, 0.0]]",5.0,"[4.0, 6.0]",5.5,0.5,0.9977523598589599,0.3195133339999998
harmonic_loop--demand_conflict,harmonic_loop,demand_conflict,n1_d1_m1,factorial_combination,3.0,0.05,4,1.7,1571,fixed_delay_dual_anchor,1.0,6.473390391804006,2.765615077849019,2.825880183772581,0.589971272075834,0.4272282236137927,1.0,0.6666666666666666,1.6893192591030515,0.8284087112123114,0.4903801970813718,0.5951433228912439,2,"[[2, 3], [2, 3], [3, 4], [1, 2]]","[true, true, true, true, false]",1,2.0,0,1,1,"[[4, 6], [4, 6], [4, 6], [4, 6], [4, 6]]","[[6, 8], [6, 8], [6, 8], [6, 8], [6, 8]]","[[2, 2], [2, 2], [2, 2], [2, 2], [2, 2]]","[[4.0, 4.0], [4.0, 4.0], [4.0, 4.0], [4.0, 4.0], [4.0, 4.0]]",5.0,"[4.0, 6.0]",5.5,0.5,0.9977911283341373,0.3076011670000014
harmonic_loop--demand_conflict,harmonic_loop,demand_conflict,n1_d1_m1,factorial_combination,3.0,0.05,4,1.7,1571,delay_aware_gain_0p25,0.25,6.473390391804006,2.272111213024578,2.272111213024578,0.5359634807768324,0.3509924592067412,1.0,0.8333333333333334,1.6893192591030515,0.6894895993634088,0.4081464149822664,0.5422224883779403,2,"[[2, 3], [3, 4], [3, 4], [2, 4]]","[true, true, true, true, true]",0,4.0,0,1,1,"[[4, 6], [4, 6], [4, 6], [4, 6], [4, 6]]","[[6, 8], [6, 8], [6, 8], [6, 8], [6, 8]]","[[2, 2], [2, 2], [2, 2], [2, 2], [2, 2]]","[[1.0, 1.5], [1.0, 1.5], [1.0, 1.5], [1.0, 1.5], [1.0, 1.5]]",5.0,"[4.0, 6.0]",5.5,0.5,0.9977889356018814,0.33385437500000137
harmonic_loop--demand_conflict,harmonic_loop,demand_conflict,n1_d1_m1,factorial_combination,3.0,0.05,4,1.7,1571,delay_aware_gain_0p5,0.5,6.473390391804006,2.17730773614434,2.17730773614434,0.5218821475837467,0.3363473549967017,1.0,0.8333333333333334,1.6893192591030515,0.6821832000629042,0.4038213596316372,0.5264119235950835,2,"[[2, 3], [3, 4], [3, 4], [2, 4]]","[true, true, true, true, true]",0,4.0,0,1,1,"[[4, 6], [4, 6], [4, 6], [4, 6], [4, 6]]","[[6, 8], [6, 8], [6, 8], [6, 8], [6, 8]]","[[2, 2], [2, 2], [2, 2], [2, 2], [2, 2]]","[[2.0, 3.0], [2.0, 3.0], [2.0, 3.0], [2.0, 3.0], [2.0, 3.0]]",5.0,"[4.0, 6.0]",5.5,0.5,0.9977985621844374,0.3438047080000004
harmonic_loop--demand_conflict,harmonic_loop,demand_conflict,n1_d1_m1,factorial_combination,3.0,0.05,4,1.7,1571,delay_aware_gain_0p75,0.75,6.473390391804006,2.8701721226766086,2.8272085274964884,0.5539679282423177,0.44338004491596067,1.0,0.8333333333333334,1.6893192591030515,0.8743411000754441,0.5175700776297772,0.559460397945455,2,"[[2, 3], [3, 4], [1, 2], [1, 2]]","[true, true, true, false, false]",2,1.0,0,1,1,"[[4, 6], [4, 6], [4, 6], [4, 6], [4, 6]]","[[6, 8], [6, 8], [6, 8], [6, 8], [6, 8]]","[[2, 2], [2, 2], [2, 2], [2, 2], [2, 2]]","[[3.0, 4.5], [3.0, 4.5], [3.0, 4.5], [3.0, 4.5], [3.0, 4.5]]",5.0,"[4.0, 6.0]",5.5,0.5,0.9978142599420701,0.314053040999994
harmonic_loop--demand_conflict,harmonic_loop,demand_conflict,n1_d1_m1,factorial_combination,3.0,0.05,4,1.7,1571,delay_aware_gain_1p0,1.0,6.473390391804006,2.6365645522574193,2.6365645522574193,0.5978826511524225,0.40729268477235475,1.0,0.8333333333333334,1.6893192591030515,0.78611684923552,0.46534534250968695,0.6023819432603258,3,"[[2, 3], [1, 3], [2, 4], [1, 3]]","[true, true, true, true, true]",0,4.0,0,1,1,"[[4, 6], [4, 6], [4, 6], [4, 6], [4, 6]]","[[6, 8], [6, 8], [6, 8], [6, 8], [6, 8]]","[[2, 2], [2, 2], [2, 2], [2, 2], [2, 2]]","[[4.0, 6.0], [4.0, 6.0], [4.0, 6.0], [4.0, 6.0], [4.0, 6.0]]",5.0,"[4.0, 6.0]",5.5,0.5,0.9978085719608012,0.3176567500000047
ellipse--demand_conflict,ellipse,demand_conflict,n1_d1_m1,factorial_combination,3.0,0.05,4,1.7,1523,dual_anchor_dynamic,0.0,5.75262307872308,0.32140074851565925,0.32140074851565925,0.3371236271990904,0.0558702950145312,0.6666666666666666,0.0,1.5684050877496785,0.049887087099104284,0.03180752695126834,0.34308763479531884,1,"[[3, 4], [1, 3], [1, 3], [1, 3]]","[true, true, true, true, true]",0,4.0,0,1,1,"[[5, 6], [5, 6], [5, 6], [5, 6], [5, 6]]","[[7, 8], [7, 8], [7, 8], [7, 8], [7, 8]]","[[2, 2], [2, 2], [2, 2], [2, 2], [2, 2]]","[[0.0, 0.0], [0.0, 0.0], [0.0, 0.0], [0.0, 0.0], [0.0, 0.0]]",5.5,"[5.0, 6.0]",6.5,1.0,0.9988009741929933,0.19469045799999662
ellipse--demand_conflict,ellipse,demand_conflict,n1_d1_m1,factorial_combination,3.0,0.05,4,1.7,1523,fixed_delay_dual_anchor,1.0,5.75262307872308,0.16908198808334274,0.16908198808334274,0.2958119374035963,0.029392154808250387,0.6666666666666666,0.0,1.5684050877496785,0.045143772089660035,0.028783234919514046,0.3062041233638541,1,"[[3, 4], [3, 4], [3, 4], [1, 4]]","[true, true, true, true, true]",0,4.0,0,1,1,"[[5, 6], [5, 6], [5, 6], [5, 6], [5, 6]]","[[7, 8], [7, 8], [7, 8], [7, 8], [7, 8]]","[[2, 2], [2, 2], [2, 2], [2, 2], [2, 2]]","[[4.0, 4.0], [4.0, 4.0], [4.0, 4.0], [4.0, 4.0], [4.0, 4.0]]",5.5,"[5.0, 6.0]",6.5,1.0,0.9987940529265333,0.20562512500000452
ellipse--demand_conflict,ellipse,demand_conflict,n1_d1_m1,factorial_combination,3.0,0.05,4,1.7,1523,delay_aware_gain_0p25,0.25,5.75262307872308,0.23273014048222773,0.23273014048222773,0.3117754548991169,0.040456351354395924,0.6666666666666666,0.0,1.5684050877496785,0.044255654456570176,0.028216979658021547,0.31919286104107014,2,"[[3, 4], [1, 4], [1, 4], [1, 3]]","[true, true, true, true, true]",0,4.0,0,1,1,"[[5, 6], [5, 6], [5, 6], [5, 6], [5, 6]]","[[7, 8], [7, 8], [7, 8], [7, 8], [7, 8]]","[[2, 2], [2, 2], [2, 2], [2, 2], [2, 2]]","[[1.25, 1.5], [1.25, 1.5], [1.25, 1.5], [1.25, 1.5], [1.25, 1.5]]",5.5,"[5.0, 6.0]",6.5,1.0,0.9987999833944408,0.21335545800000233
ellipse--demand_conflict,ellipse,demand_conflict,n1_d1_m1,factorial_combination,3.0,0.05,4,1.7,1523,delay_aware_gain_0p5,0.5,5.75262307872308,0.1979598090240402,0.1979598090240402,0.2984513563807043,0.03441209450280579,0.6666666666666666,0.0,1.5684050877496785,0.043709825039546686,0.0278689640711768,0.3069737125749744,1,"[[3, 4], [3, 4], [1, 4], [1, 4]]","[true, true, true, true, true]",0,4.0,0,1,1,"[[5, 6], [5, 6], [5, 6], [5, 6], [5, 6]]","[[7, 8], [7, 8], [7, 8], [7, 8], [7, 8]]","[[2, 2], [2, 2], [2, 2], [2, 2], [2, 2]]","[[2.5, 3.0], [2.5, 3.0], [2.5, 3.0], [2.5, 3.0], [2.5, 3.0]]",5.5,"[5.0, 6.0]",6.5,1.0,0.998796434879243,0.2126820420000044
ellipse--demand_conflict,ellipse,demand_conflict,n1_d1_m1,factorial_combination,3.0,0.05,4,1.7,1523,delay_aware_gain_0p75,0.75,5.75262307872308,0.1658718361729738,0.1658718361729738,0.28887328963968606,0.028834122087100594,0.6666666666666666,0.0,1.5684050877496785,0.04425221179592188,0.02821478465070157,0.29961174926809575,1,"[[3, 4], [3, 4], [3, 4], [1, 4]]","[true, true, true, true, true]",0,4.0,0,1,1,"[[5, 6], [5, 6], [5, 6], [5, 6], [5, 6]]","[[7, 8], [7, 8], [7, 8], [7, 8], [7, 8]]","[[2, 2], [2, 2], [2, 2], [2, 2], [2, 2]]","[[3.75, 4.5], [3.75, 4.5], [3.75, 4.5], [3.75, 4.5], [3.75, 4.5]]",5.5,"[5.0, 6.0]",6.5,1.0,0.9987940655627541,0.2194420000000008
ellipse--demand_conflict,ellipse,demand_conflict,n1_d1_m1,factorial_combination,3.0,0.05,4,1.7,1523,delay_aware_gain_1p0,1.0,5.75262307872308,0.35962764363402966,0.2307709212113252,0.290932221456856,0.06251541926398155,0.6666666666666666,0.0,1.5684050877496785,0.11042830808812343,0.0704080272058822,0.29934129825875155,2,"[[3, 4], [3, 4], [2, 4], [3, 4]]","[true, true, true, true, false]",1,2.0,0,1,1,"[[5, 6], [5, 6], [5, 6], [5, 6], [5, 6]]","[[7, 8], [7, 8], [7, 8], [7, 8], [7, 8]]","[[2, 2], [2, 2], [2, 2], [2, 2], [2, 2]]","[[5.0, 6.0], [5.0, 6.0], [5.0, 6.0], [5.0, 6.0], [5.0, 6.0]]",5.5,"[5.0, 6.0]",6.5,1.0,0.9987915455888496,0.22895483300000308
ellipse--demand_conflict,ellipse,demand_conflict,n1_d1_m1,factorial_combination,3.0,0.05,4,1.7,1549,dual_anchor_dynamic,0.0,9.084005162602953,0.9992800885799025,0.9992800885799025,0.38634241697134314,0.11000435058026391,0.6666666666666666,0.3333333333333333,2.327015361728248,0.19997144628367694,0.08593473406860555,0.38941180557346394,2,"[[3, 4], [1, 4], [1, 4], [1, 3]]","[true, true, true, true, true]",0,4.0,0,1,1,"[[5, 9], [5, 9], [5, 9], [5, 9], [5, 9]]","[[7, 11], [7, 11], [7, 11], [7, 11], [7, 11]]","[[2, 2], [2, 2], [2, 2], [2, 2], [2, 2]]","[[0.0, 0.0], [0.0, 0.0], [0.0, 0.0], [0.0, 0.0], [0.0, 0.0]]",7.0,"[5.0, 9.0]",6.5,1.5,0.9936051255610623,0.30729733300000106
ellipse--demand_conflict,ellipse,demand_conflict,n1_d1_m1,factorial_combination,3.0,0.05,4,1.7,1549,fixed_delay_dual_anchor,1.0,9.084005162602953,0.4174760483674569,0.4174760483674569,0.30330124138958253,0.04595726674464288,0.6666666666666666,0.0,2.327015361728248,0.09527322667159795,0.04094224225526367,0.308401755169903,2,"[[3, 4], [3, 4], [1, 4], [1, 3]]","[true, true, true, true, true]",0,4.0,0,1,1,"[[5, 9], [5, 9], [5, 9], [5, 9], [5, 9]]","[[7, 11], [7, 11], [7, 11], [7, 11], [7, 11]]","[[2, 2], [2, 2], [2, 2], [2, 2], [2, 2]]","[[4.0, 4.0], [4.0, 4.0], [4.0, 4.0], [4.0, 4.0], [4.0, 4.0]]",7.0,"[5.0, 9.0]",6.5,1.5,0.9935662394082052,0.2620500419999985
ellipse--demand_conflict,ellipse,demand_conflict,n1_d1_m1,factorial_combination,3.0,0.05,4,1.7,1549,delay_aware_gain_0p25,0.25,9.084005162602953,0.6341264706943809,0.6341264706943809,0.33230665901007206,0.06980692539728553,0.6666666666666666,0.0,2.327015361728248,0.11971032013210042,0.05144371717563262,0.3363277151768982,1,"[[3, 4], [1, 4], [1, 4], [1, 4]]","[true, true, true, true, true]",0,4.0,0,1,1,"[[5, 9], [5, 9], [5, 9], [5, 9], [5, 9]]","[[7, 11], [7, 11], [7, 11], [7, 11], [7, 11]]","[[2, 2], [2, 2], [2, 2], [2, 2], [2, 2]]","[[1.25, 2.25], [1.25, 2.25], [1.25, 2.25], [1.25, 2.25], [1.25, 2.25]]",7.0,"[5.0, 9.0]",6.5,1.5,0.9935853321194893,0.2647596250000035
ellipse--demand_conflict,ellipse,demand_conflict,n1_d1_m1,factorial_combination,3.0,0.05,4,1.7,1549,delay_aware_gain_0p5,0.5,9.084005162602953,0.33669275988119607,0.33669275988119607,0.28642984975815505,0.03706435144569197,0.6666666666666666,0.0,2.327015361728248,0.07830084733935305,0.03364861643251031,0.29308977067248587,2,"[[3, 4], [1, 4], [1, 4], [1, 3]]","[true, true, true, true, true]",0,4.0,0,1,1,"[[5, 9], [5, 9], [5, 9], [5, 9], [5, 9]]","[[7, 11], [7, 11], [7, 11], [7, 11], [7, 11]]","[[2, 2], [2, 2], [2, 2], [2, 2], [2, 2]]","[[2.5, 4.5], [2.5, 4.5], [2.5, 4.5], [2.5, 4.5], [2.5, 4.5]]",7.0,"[5.0, 9.0]",6.5,1.5,0.9936071526479004,0.25626612499999624
ellipse--demand_conflict,ellipse,demand_conflict,n1_d1_m1,factorial_combination,3.0,0.05,4,1.7,1549,delay_aware_gain_0p75,0.75,9.084005162602953,0.3081529241077739,0.3081529241077739,0.27340322972446873,0.033922583551182724,0.6666666666666666,0.0,2.327015361728248,0.08648570703468034,0.037165937301955915,0.281244267199941,2,"[[3, 4], [3, 4], [1, 3], [2, 3]]","[true, true, true, true, true]",0,4.0,0,1,1,"[[5, 9], [5, 9], [5, 9], [5, 9], [5, 9]]","[[7, 11], [7, 11], [7, 11], [7, 11], [7, 11]]","[[2, 2], [2, 2], [2, 2], [2, 2], [2, 2]]","[[3.75, 6.75], [3.75, 6.75], [3.75, 6.75], [3.75, 6.75], [3.75, 6.75]]",7.0,"[5.0, 9.0]",6.5,1.5,0.9936510459461987,0.2806206249999974
ellipse--demand_conflict,ellipse,demand_conflict,n1_d1_m1,factorial_combination,3.0,0.05,4,1.7,1549,delay_aware_gain_1p0,1.0,9.084005162602953,0.5942399241534934,0.5942399241534934,0.3004280541632723,0.06541607072174081,0.6666666666666666,0.0,2.327015361728248,0.15033644561456058,0.0646048359143222,0.3044726656994206,2,"[[3, 4], [3, 4], [2, 4], [2, 3]]","[true, true, true, true, true]",0,4.0,0,1,1,"[[5, 9], [5, 9], [5, 9], [5, 9], [5, 9]]","[[7, 11], [7, 11], [7, 11], [7, 11], [7, 11]]","[[2, 2], [2, 2], [2, 2], [2, 2], [2, 2]]","[[5.0, 9.0], [5.0, 9.0], [5.0, 9.0], [5.0, 9.0], [5.0, 9.0]]",7.0,"[5.0, 9.0]",6.5,1.5,0.9936475666036816,0.33011895900000354
ellipse--demand_conflict,ellipse,demand_conflict,n1_d1_m1,factorial_combination,3.0,0.05,4,1.7,1571,dual_anchor_dynamic,0.0,5.383295847006044,0.28044167976317264,0.28044167976317264,0.3295597492665204,0.05209479243447899,0.6666666666666666,0.0,1.4123736900273212,0.04697435663388857,0.033259155820850705,0.34988007935728566,2,"[[3, 4], [1, 4], [1, 3], [1, 3]]","[true, true, true, true, true]",0,4.0,0,1,1,"[[4, 6], [4, 6], [4, 6], [4, 6], [4, 6]]","[[6, 8], [6, 8], [6, 8], [6, 8], [6, 8]]","[[2, 2], [2, 2], [2, 2], [2, 2], [2, 2]]","[[0.0, 0.0], [0.0, 0.0], [0.0, 0.0], [0.0, 0.0], [0.0, 0.0]]",5.0,"[4.0, 6.0]",5.5,0.5,0.9984822762281378,0.2514228749999958
ellipse--demand_conflict,ellipse,demand_conflict,n1_d1_m1,factorial_combination,3.0,0.05,4,1.7,1571,fixed_delay_dual_anchor,1.0,5.383295847006044,0.1736998404747916,0.1736998404747916,0.2889013598704371,0.03226644892113739,0.6666666666666666,0.0,1.4123736900273212,0.04779184216026936,0.033837958394244,0.30545292509136773,1,"[[3, 4], [3, 4], [3, 4], [1, 4]]","[true, true, true, true, true]",0,4.0,0,1,1,"[[4, 6], [4, 6], [4, 6], [4, 6], [4, 6]]","[[6, 8], [6, 8], [6, 8], [6, 8], [6, 8]]","[[2, 2], [2, 2], [2, 2], [2, 2], [2, 2]]","[[4.0, 4.0], [4.0, 4.0], [4.0, 4.0], [4.0, 4.0], [4.0, 4.0]]",5.0,"[4.0, 6.0]",5.5,0.5,0.9984822762281378,0.2270530409999978
ellipse--demand_conflict,ellipse,demand_conflict,n1_d1_m1,factorial_combination,3.0,0.05,4,1.7,1571,delay_aware_gain_0p25,0.25,5.383295847006044,0.2026569009627355,0.2026569009627355,0.3017589715849189,0.03764550690176994,0.6666666666666666,0.0,1.4123736900273212,0.03710484479843689,0.02627126592659704,0.32398041265306826,2,"[[3, 4], [1, 4], [1, 3], [1, 3]]","[true, true, true, true, true]",0,4.0,0,1,1,"[[4, 6], [4, 6], [4, 6], [4, 6], [4, 6]]","[[6, 8], [6, 8], [6, 8], [6, 8], [6, 8]]","[[2, 2], [2, 2], [2, 2], [2, 2], [2, 2]]","[[1.0, 1.5], [1.0, 1.5], [1.0, 1.5], [1.0, 1.5], [1.0, 1.5]]",5.0,"[4.0, 6.0]",5.5,0.5,0.9984822762281378,0.23104887499999904
ellipse--demand_conflict,ellipse,demand_conflict,n1_d1_m1,factorial_combination,3.0,0.05,4,1.7,1571,delay_aware_gain_0p5,0.5,5.383295847006044,0.15611669228701094,0.15611669228701094,0.27968519141653053,0.02900020669936546,0.6666666666666666,0.0,1.4123736900273212,0.04230812166641315,0.02995533120246295,0.3020222340321077,1,"[[3, 4], [1, 4], [1, 4], [1, 4]]","[true, true, true, true, true]",0,4.0,0,1,1,"[[4, 6], [4, 6], [4, 6], [4, 6], [4, 6]]","[[6, 8], [6, 8], [6, 8], [6, 8], [6, 8]]","[[2, 2], [2, 2], [2, 2], [2, 2], [2, 2]]","[[2.0, 3.0], [2.0, 3.0], [2.0, 3.0], [2.0, 3.0], [2.0, 3.0]]",5.0,"[4.0, 6.0]",5.5,0.5,0.9984822762281378,0.2293948750000041
ellipse--demand_conflict,ellipse,demand_conflict,n1_d1_m1,factorial_combination,3.0,0.05,4,1.7,1571,delay_aware_gain_0p75,0.75,5.383295847006044,0.1448948505837572,0.1448948505837572,0.2737798793601904,0.026915639545305955,0.6666666666666666,0.0,1.4123736900273212,0.041799085576596895,0.029594919440752487,0.2933006119161038,1,"[[3, 4], [3, 4], [1, 4], [1, 4]]","[true, true, true, true, true]",0,4.0,0,1,1,"[[4, 6], [4, 6], [4, 6], [4, 6], [4, 6]]","[[6, 8], [6, 8], [6, 8], [6, 8], [6, 8]]","[[2, 2], [2, 2], [2, 2], [2, 2], [2, 2]]","[[3.0, 4.5], [3.0, 4.5], [3.0, 4.5], [3.0, 4.5], [3.0, 4.5]]",5.0,"[4.0, 6.0]",5.5,0.5,0.9984822762281378,0.2971747499999964
ellipse--demand_conflict,ellipse,demand_conflict,n1_d1_m1,factorial_combination,3.0,0.05,4,1.7,1571,delay_aware_gain_1p0,1.0,5.383295847006044,0.27755030119807456,0.1698796971375926,0.2722588206721488,0.05155769050895392,0.6666666666666666,0.0,1.4123736900273212,0.09070651547229892,0.0642227450941431,0.28938834463275165,2,"[[3, 4], [3, 4], [2, 4], [1, 4]]","[true, true, true, true, false]",1,2.0,0,1,1,"[[4, 6], [4, 6], [4, 6], [4, 6], [4, 6]]","[[6, 8], [6, 8], [6, 8], [6, 8], [6, 8]]","[[2, 2], [2, 2], [2, 2], [2, 2], [2, 2]]","[[4.0, 6.0], [4.0, 6.0], [4.0, 6.0], [4.0, 6.0], [4.0, 6.0]]",5.0,"[4.0, 6.0]",5.5,0.5,0.9984822762281378,0.21915350000000444
rounded_square--demand_conflict,rounded_square,demand_conflict,n1_d1_m1,factorial_combination,3.0,0.05,4,1.7,1523,dual_anchor_dynamic,0.0,10.653449241787605,6.22332516579811,6.22332516579811,0.6983691125492959,0.5841605872948114,1.0,0.8333333333333334,2.244431855052535,1.6682670918945774,0.7432914873931553,0.6987426630629805,1,"[[1, 4], [1, 2], [1, 2], [1, 2]]","[true, true, false, false, true]",2,1.15,0,1,1,"[[5, 6], [5, 6], [5, 6], [5, 6], [5, 6]]","[[7, 8], [7, 8], [7, 8], [7, 8], [7, 8]]","[[2, 2], [2, 2], [2, 2], [2, 2], [2, 2]]","[[0.0, 0.0], [0.0, 0.0], [0.0, 0.0], [0.0, 0.0], [0.0, 0.0]]",5.5,"[5.0, 6.0]",6.5,1.0,0.9975866894692085,0.38284441700000116
rounded_square--demand_conflict,rounded_square,demand_conflict,n1_d1_m1,factorial_combination,3.0,0.05,4,1.7,1523,fixed_delay_dual_anchor,1.0,10.653449241787605,7.5807258112144185,7.625413153903455,0.7541362362590172,0.7115747810088974,1.0,0.8333333333333334,2.244431855052535,1.8045993121895674,0.8040339064548375,0.7531383752329501,1,"[[1, 4], [1, 2], [1, 2], [1, 2]]","[true, true, false, false, false]",3,0.5,0,1,1,"[[5, 6], [5, 6], [5, 6], [5, 6], [5, 6]]","[[7, 8], [7, 8], [7, 8], [7, 8], [7, 8]]","[[2, 2], [2, 2], [2, 2], [2, 2], [2, 2]]","[[4.0, 4.0], [4.0, 4.0], [4.0, 4.0], [4.0, 4.0], [4.0, 4.0]]",5.5,"[5.0, 6.0]",6.5,1.0,0.9975512614728187,0.419829
rounded_square--demand_conflict,rounded_square,demand_conflict,n1_d1_m1,factorial_combination,3.0,0.05,4,1.7,1523,delay_aware_gain_0p25,0.25,10.653449241787605,6.2727937552889035,6.762768670149245,0.6653064886241763,0.5888040213947041,1.0,0.8333333333333334,2.244431855052535,1.537547980909967,0.6850499726461857,0.6649776844048961,2,"[[1, 4], [1, 2], [2, 4], [2, 4]]","[true, true, true, false, false]",2,1.0,0,1,1,"[[5, 6], [5, 6], [5, 6], [5, 6], [5, 6]]","[[7, 8], [7, 8], [7, 8], [7, 8], [7, 8]]","[[2, 2], [2, 2], [2, 2], [2, 2], [2, 2]]","[[1.25, 1.5], [1.25, 1.5], [1.25, 1.5], [1.25, 1.5], [1.25, 1.5]]",5.5,"[5.0, 6.0]",6.5,1.0,0.997545583963183,0.34365437499999985
rounded_square--demand_conflict,rounded_square,demand_conflict,n1_d1_m1,factorial_combination,3.0,0.05,4,1.7,1523,delay_aware_gain_0p5,0.5,10.653449241787605,6.670500858875142,6.651715021773566,0.6812307837989294,0.6261353208227103,1.0,0.8333333333333334,2.244431855052535,1.5034210576289158,0.6698448225302547,0.6794794051733224,1,"[[1, 4], [2, 4], [2, 4], [2, 4]]","[true, true, true, false, false]",2,1.0,0,1,1,"[[5, 6], [5, 6], [5, 6], [5, 6], [5, 6]]","[[7, 8], [7, 8], [7, 8], [7, 8], [7, 8]]","[[2, 2], [2, 2], [2, 2], [2, 2], [2, 2]]","[[2.5, 3.0], [2.5, 3.0], [2.5, 3.0], [2.5, 3.0], [2.5, 3.0]]",5.5,"[5.0, 6.0]",6.5,1.0,0.9975416121702301,0.37134908299999836
rounded_square--demand_conflict,rounded_square,demand_conflict,n1_d1_m1,factorial_combination,3.0,0.05,4,1.7,1523,delay_aware_gain_0p75,0.75,10.653449241787605,7.5615752215992025,7.5615752215992025,0.7529531118044963,0.709777185771845,1.0,0.8333333333333334,2.244431855052535,1.7515692810678334,0.7804065323368148,0.7519543106623343,1,"[[1, 4], [1, 2], [1, 2], [1, 2]]","[true, true, false, false, true]",2,1.15,0,1,1,"[[5, 6], [5, 6], [5, 6], [5, 6], [5, 6]]","[[7, 8], [7, 8], [7, 8], [7, 8], [7, 8]]","[[2, 2], [2, 2], [2, 2], [2, 2], [2, 2]]","[[3.75, 4.5], [3.75, 4.5], [3.75, 4.5], [3.75, 4.5], [3.75, 4.5]]",5.5,"[5.0, 6.0]",6.5,1.0,0.9975554378413019,0.3868129999999965
rounded_square--demand_conflict,rounded_square,demand_conflict,n1_d1_m1,factorial_combination,3.0,0.05,4,1.7,1523,delay_aware_gain_1p0,1.0,10.653449241787605,7.967877310025763,8.07281307558159,0.7908895573596425,0.7479152647362485,1.0,0.8333333333333334,2.244431855052535,1.8640916482462728,0.8305405414960305,0.7895971636887436,2,"[[1, 4], [1, 2], [2, 4], [2, 4]]","[true, true, true, false, false]",2,1.0,0,1,1,"[[5, 6], [5, 6], [5, 6], [5, 6], [5, 6]]","[[7, 8], [7, 8], [7, 8], [7, 8], [7, 8]]","[[2, 2], [2, 2], [2, 2], [2, 2], [2, 2]]","[[5.0, 6.0], [5.0, 6.0], [5.0, 6.0], [5.0, 6.0], [5.0, 6.0]]",5.5,"[5.0, 6.0]",6.5,1.0,0.9975309701925935,0.4513382089999993
rounded_square--demand_conflict,rounded_square,demand_conflict,n1_d1_m1,factorial_combination,3.0,0.05,4,1.7,1549,dual_anchor_dynamic,0.0,15.971962361138694,11.863732921810637,11.86164844371309,0.7821788454074444,0.7427849285868736,1.0,1.0,3.655569930920945,3.188759668578079,0.8723016462099897,0.7798269101559184,0,"[[1, 4], [1, 4], [1, 4], [1, 4]]","[true, true, true, false, false]",2,1.0,0,1,1,"[[5, 9], [5, 9], [5, 9], [5, 9], [5, 9]]","[[7, 11], [7, 11], [7, 11], [7, 11], [7, 11]]","[[2, 2], [2, 2], [2, 2], [2, 2], [2, 2]]","[[0.0, 0.0], [0.0, 0.0], [0.0, 0.0], [0.0, 0.0], [0.0, 0.0]]",7.0,"[5.0, 9.0]",6.5,1.5,0.9850740859089802,0.42810587499999997
rounded_square--demand_conflict,rounded_square,demand_conflict,n1_d1_m1,factorial_combination,3.0,0.05,4,1.7,1549,fixed_delay_dual_anchor,1.0,15.971962361138694,11.48436950623346,11.48436950623346,0.7746296434955415,0.7190330935274444,1.0,0.8333333333333334,3.655569930920945,2.648425794307852,0.7244905293442536,0.7716091328418848,0,"[[1, 4], [1, 4], [1, 4], [1, 4]]","[true, true, true, true, true]",0,4.0,0,1,1,"[[5, 9], [5, 9], [5, 9], [5, 9], [5, 9]]","[[7, 11], [7, 11], [7, 11], [7, 11], [7, 11]]","[[2, 2], [2, 2], [2, 2], [2, 2], [2, 2]]","[[4.0, 4.0], [4.0, 4.0], [4.0, 4.0], [4.0, 4.0], [4.0, 4.0]]",7.0,"[5.0, 9.0]",6.5,1.5,0.9861543820176849,0.38609466700000183
rounded_square--demand_conflict,rounded_square,demand_conflict,n1_d1_m1,factorial_combination,3.0,0.05,4,1.7,1549,delay_aware_gain_0p25,0.25,15.971962361138694,11.43384744958421,11.43384744958421,0.7701995696696096,0.7158699219955496,1.0,0.8333333333333334,3.655569930920945,2.8700290433780964,0.7851112405487622,0.768122627001792,0,"[[1, 4], [1, 4], [1, 4], [1, 4]]","[true, true, true, true, true]",0,4.0,0,1,1,"[[5, 9], [5, 9], [5, 9], [5, 9], [5, 9]]","[[7, 11], [7, 11], [7, 11], [7, 11], [7, 11]]","[[2, 2], [2, 2], [2, 2], [2, 2], [2, 2]]","[[1.25, 2.25], [1.25, 2.25], [1.25, 2.25], [1.25, 2.25], [1.25, 2.25]]",7.0,"[5.0, 9.0]",6.5,1.5,0.9860516189650756,0.4077325000000016
rounded_square--demand_conflict,rounded_square,demand_conflict,n1_d1_m1,factorial_combination,3.0,0.05,4,1.7,1549,delay_aware_gain_0p5,0.5,15.971962361138694,11.462348054595346,11.462348054595346,0.7735057321518254,0.7176543367322434,1.0,0.8333333333333334,3.655569930920945,2.6643950920686326,0.7288590130725234,0.770521903560933,0,"[[1, 4], [1, 4], [1, 4], [1, 4]]","[true, true, true, true, true]",0,4.0,0,1,1,"[[5, 9], [5, 9], [5, 9], [5, 9], [5, 9]]","[[7, 11], [7, 11], [7, 11], [7, 11], [7, 11]]","[[2, 2], [2, 2], [2, 2], [2, 2], [2, 2]]","[[2.5, 4.5], [2.5, 4.5], [2.5, 4.5], [2.5, 4.5], [2.5, 4.5]]",7.0,"[5.0, 9.0]",6.5,1.5,0.9861745384569087,0.4740108750000047
rounded_square--demand_conflict,rounded_square,demand_conflict,n1_d1_m1,factorial_combination,3.0,0.05,4,1.7,1549,delay_aware_gain_0p75,0.75,15.971962361138694,11.414806506355923,11.796868929141105,0.7806149027206641,0.7146777739803116,1.0,0.8333333333333334,3.655569930920945,2.7368531574979498,0.7486802904105452,0.7780878635055893,1,"[[1, 4], [1, 4], [1, 2], [1, 2]]","[true, true, true, false, false]",2,1.0,0,1,1,"[[5, 9], [5, 9], [5, 9], [5, 9], [5, 9]]","[[7, 11], [7, 11], [7, 11], [7, 11], [7, 11]]","[[2, 2], [2, 2], [2, 2], [2, 2], [2, 2]]","[[3.75, 6.75], [3.75, 6.75], [3.75, 6.75], [3.75, 6.75], [3.75, 6.75]]",7.0,"[5.0, 9.0]",6.5,1.5,0.9865159205717491,0.4862956249999968
rounded_square--demand_conflict,rounded_square,demand_conflict,n1_d1_m1,factorial_combination,3.0,0.05,4,1.7,1549,delay_aware_gain_1p0,1.0,15.971962361138694,11.425799107420335,11.535705462065216,0.770237867348497,0.7153660175922023,1.0,0.8333333333333334,3.655569930920945,2.811655364153686,0.7691428196657005,0.7676215843480539,1,"[[1, 4], [1, 4], [1, 2], [1, 2]]","[true, true, true, false, false]",2,1.0,0,1,1,"[[5, 9], [5, 9], [5, 9], [5, 9], [5, 9]]","[[7, 11], [7, 11], [7, 11], [7, 11], [7, 11]]","[[2, 2], [2, 2], [2, 2], [2, 2], [2, 2]]","[[5.0, 9.0], [5.0, 9.0], [5.0, 9.0], [5.0, 9.0], [5.0, 9.0]]",7.0,"[5.0, 9.0]",6.5,1.5,0.9866811508059862,0.4548296250000021
rounded_square--demand_conflict,rounded_square,demand_conflict,n1_d1_m1,factorial_combination,3.0,0.05,4,1.7,1571,dual_anchor_dynamic,0.0,9.51464136006722,4.982936309850522,4.982936309850522,0.6447529587879852,0.523712468108763,0.8333333333333334,0.8333333333333334,2.081472691927026,1.423115380097892,0.683706005664851,0.64668144010007,1,"[[1, 4], [2, 4], [2, 4], [2, 4]]","[true, true, false, false, true]",2,1.15,0,1,1,"[[4, 6], [4, 6], [4, 6], [4, 6], [4, 6]]","[[6, 8], [6, 8], [6, 8], [6, 8], [6, 8]]","[[2, 2], [2, 2], [2, 2], [2, 2], [2, 2]]","[[0.0, 0.0], [0.0, 0.0], [0.0, 0.0], [0.0, 0.0], [0.0, 0.0]]",5.0,"[4.0, 6.0]",5.5,0.5,0.996875718995857,0.36850679200000513
rounded_square--demand_conflict,rounded_square,demand_conflict,n1_d1_m1,factorial_combination,3.0,0.05,4,1.7,1571,fixed_delay_dual_anchor,1.0,9.51464136006722,5.573845389477054,5.573845389477054,0.696288542880112,0.5858177075249923,0.8333333333333334,0.6666666666666666,2.081472691927026,1.3049630557567617,0.6269421937736919,0.697195273785668,3,"[[1, 4], [1, 2], [2, 4], [1, 4]]","[true, true, true, true, true]",0,4.0,0,1,1,"[[4, 6], [4, 6], [4, 6], [4, 6], [4, 6]]","[[6, 8], [6, 8], [6, 8], [6, 8], [6, 8]]","[[2, 2], [2, 2], [2, 2], [2, 2], [2, 2]]","[[4.0, 4.0], [4.0, 4.0], [4.0, 4.0], [4.0, 4.0], [4.0, 4.0]]",5.0,"[4.0, 6.0]",5.5,0.5,0.9967601483278992,0.3706957079999995
rounded_square--demand_conflict,rounded_square,demand_conflict,n1_d1_m1,factorial_combination,3.0,0.05,4,1.7,1571,delay_aware_gain_0p25,0.25,9.51464136006722,4.461059197047658,4.734090374897377,0.5861369217346806,0.46886256961514533,0.8333333333333334,0.8333333333333334,2.081472691927026,1.0931438787679908,0.5251781025077773,0.5874076310885696,3,"[[1, 4], [2, 4], [3, 4], [2, 4]]","[true, true, true, true, false]",1,2.0,0,1,1,"[[4, 6], [4, 6], [4, 6], [4, 6], [4, 6]]","[[6, 8], [6, 8], [6, 8], [6, 8], [6, 8]]","[[2, 2], [2, 2], [2, 2], [2, 2], [2, 2]]","[[1.0, 1.5], [1.0, 1.5], [1.0, 1.5], [1.0, 1.5], [1.0, 1.5]]",5.0,"[4.0, 6.0]",5.5,0.5,0.9967734670510823,0.3500281660000013
rounded_square--demand_conflict,rounded_square,demand_conflict,n1_d1_m1,factorial_combination,3.0,0.05,4,1.7,1571,delay_aware_gain_0p5,0.5,9.51464136006722,4.662606966291779,4.662606966291779,0.6021654684426283,0.49004547726419384,0.8333333333333334,0.6666666666666666,2.081472691927026,1.1074844748752004,0.532067741830373,0.6041959817860559,3,"[[1, 4], [2, 4], [1, 4], [3, 4]]","[true, true, true, true, true]",0,4.0,0,1,1,"[[4, 6], [4, 6], [4, 6], [4, 6], [4, 6]]","[[6, 8], [6, 8], [6, 8], [6, 8], [6, 8]]","[[2, 2], [2, 2], [2, 2], [2, 2], [2, 2]]","[[2.0, 3.0], [2.0, 3.0], [2.0, 3.0], [2.0, 3.0], [2.0, 3.0]]",5.0,"[4.0, 6.0]",5.5,0.5,0.9968563330169016,0.3361061250000006
rounded_square--demand_conflict,rounded_square,demand_conflict,n1_d1_m1,factorial_combination,3.0,0.05,4,1.7,1571,delay_aware_gain_0p75,0.75,9.51464136006722,6.072548264998348,6.072548264998348,0.6953964992872257,0.6382319664180643,0.8333333333333334,0.8333333333333334,2.081472691927026,1.4293990499654423,0.6867248633668624,0.6962161481526418,1,"[[1, 4], [2, 4], [2, 4], [2, 4]]","[true, true, false, false, true]",2,1.15,0,1,1,"[[4, 6], [4, 6], [4, 6], [4, 6], [4, 6]]","[[6, 8], [6, 8], [6, 8], [6, 8], [6, 8]]","[[2, 2], [2, 2], [2, 2], [2, 2], [2, 2]]","[[3.0, 4.5], [3.0, 4.5], [3.0, 4.5], [3.0, 4.5], [3.0, 4.5]]",5.0,"[4.0, 6.0]",5.5,0.5,0.9969378486551479,0.4019440000000003
rounded_square--demand_conflict,rounded_square,demand_conflict,n1_d1_m1,factorial_combination,3.0,0.05,4,1.7,1571,delay_aware_gain_1p0,1.0,9.51464136006722,6.390832665521766,6.6232971277031725,0.7345826135154567,0.6716840313439429,0.8333333333333334,0.8333333333333334,2.081472691927026,1.5312435602677188,0.7356539272442217,0.7359364269699267,2,"[[1, 4], [1, 2], [2, 4], [2, 4]]","[true, true, true, false, false]",2,1.0,0,1,1,"[[4, 6], [4, 6], [4, 6], [4, 6], [4, 6]]","[[6, 8], [6, 8], [6, 8], [6, 8], [6, 8]]","[[2, 2], [2, 2], [2, 2], [2, 2], [2, 2]]","[[4.0, 6.0], [4.0, 6.0], [4.0, 6.0], [4.0, 6.0], [4.0, 6.0]]",5.0,"[4.0, 6.0]",5.5,0.5,0.9968986397263266,0.4065713749999986
figure_eight--demand_conflict,figure_eight,demand_conflict,n1_d1_m1,factorial_combination,3.0,0.05,4,1.7,1523,dual_anchor_dynamic,0.0,9.896932643081689,4.408277013952919,4.408277013952919,0.6129108402984246,0.44541851227354395,1.0,0.6666666666666666,2.8797338914267856,1.2673589672590886,0.4400958612988946,0.6120143946326524,1,"[[2, 4], [2, 4], [3, 4], [3, 4]]","[true, true, true, true, true]",0,4.0,0,1,1,"[[5, 7], [5, 6], [5, 6], [5, 7], [5, 6]]","[[7, 9], [7, 8], [7, 8], [7, 9], [7, 8]]","[[2, 2], [2, 2], [2, 2], [2, 2], [2, 2]]","[[0.0, 0.0], [0.0, 0.0], [0.0, 0.0], [0.0, 0.0], [0.0, 0.0]]",5.5,"[5.0, 6.0]",6.5,1.0,0.9981862340879912,0.3623015419999973
figure_eight--demand_conflict,figure_eight,demand_conflict,n1_d1_m1,factorial_combination,3.0,0.05,4,1.7,1523,fixed_delay_dual_anchor,1.0,9.896932643081689,5.152973239052974,5.152973239052974,0.6190076518175837,0.5206636667023381,1.0,0.8333333333333334,2.8797338914267856,1.306599758971132,0.45372239527443536,0.6180138566469143,0,"[[2, 4], [2, 4], [2, 4], [2, 4]]","[true, true, true, true, true]",0,4.0,0,1,1,"[[5, 7], [5, 6], [5, 6], [5, 7], [5, 6]]","[[7, 9], [7, 8], [7, 8], [7, 9], [7, 8]]","[[2, 2], [2, 2], [2, 2], [2, 2], [2, 2]]","[[4.0, 4.0], [4.0, 4.0], [4.0, 4.0], [4.0, 4.0], [4.0, 4.0]]",5.5,"[5.0, 6.0]",6.5,1.0,0.9981560596677591,0.34069454099999774
figure_eight--demand_conflict,figure_eight,demand_conflict,n1_d1_m1,factorial_combination,3.0,0.05,4,1.7,1523,delay_aware_gain_0p25,0.25,9.896932643081689,4.486491615614534,4.486491615614534,0.5718221706544383,0.4533214256793747,1.0,0.8333333333333334,2.8797338914267856,1.243356574503355,0.43176092700958724,0.5710514677080457,0,"[[2, 4], [2, 4], [2, 4], [2, 4]]","[true, true, true, true, true]",0,4.0,0,1,1,"[[5, 7], [5, 6], [5, 6], [5, 7], [5, 6]]","[[7, 9], [7, 8], [7, 8], [7, 9], [7, 8]]","[[2, 2], [2, 2], [2, 2], [2, 2], [2, 2]]","[[1.25, 1.75], [1.25, 1.625], [1.25, 1.5], [1.25, 1.625], [1.25, 1.5]]",5.5,"[5.0, 6.0]",6.5,1.0,0.9981560596677591,0.35893216699999897
figure_eight--demand_conflict,figure_eight,demand_conflict,n1_d1_m1,factorial_combination,3.0,0.05,4,1.7,1523,delay_aware_gain_0p5,0.5,9.896932643081689,4.9832708278882984,4.9832708278882984,0.6044856777095152,0.5035166962939557,1.0,0.8333333333333334,2.8797338914267856,1.2847684668360133,0.4461413850289706,0.6032315642206644,0,"[[2, 4], [2, 4], [2, 4], [2, 4]]","[true, true, true, true, true]",0,4.0,0,1,1,"[[5, 7], [5, 6], [5, 6], [5, 7], [5, 6]]","[[7, 9], [7, 8], [7, 8], [7, 9], [7, 8]]","[[2, 2], [2, 2], [2, 2], [2, 2], [2, 2]]","[[2.5, 3.5], [2.5, 3.25], [2.5, 3.0], [2.5, 3.25], [2.5, 3.0]]",5.5,"[5.0, 6.0]",6.5,1.0,0.9981490920655582,0.3863321250000027
figure_eight--demand_conflict,figure_eight,demand_conflict,n1_d1_m1,factorial_combination,3.0,0.05,4,1.7,1523,delay_aware_gain_0p75,0.75,9.896932643081689,4.992473218886283,4.992473218886283,0.6071414726230531,0.5044465188288617,1.0,0.8333333333333334,2.8797338914267856,1.249995899572709,0.4340664612428439,0.6062569554867512,0,"[[2, 4], [2, 4], [2, 4], [2, 4]]","[true, true, true, true, true]",0,4.0,0,1,1,"[[5, 7], [5, 6], [5, 6], [5, 7], [5, 6]]","[[7, 9], [7, 8], [7, 8], [7, 9], [7, 8]]","[[2, 2], [2, 2], [2, 2], [2, 2], [2, 2]]","[[3.75, 5.25], [3.75, 4.875], [3.75, 4.5], [3.75, 4.875], [3.75, 4.5]]",5.5,"[5.0, 6.0]",6.5,1.0,0.9981560596677591,0.39696750000000236
figure_eight--demand_conflict,figure_eight,demand_conflict,n1_d1_m1,factorial_combination,3.0,0.05,4,1.7,1523,delay_aware_gain_1p0,1.0,9.896932643081689,5.095476767574304,5.095476767574304,0.612731931291409,0.5148541423221896,1.0,0.6666666666666666,2.8797338914267856,1.2772611796078894,0.44353444719680707,0.6117379495231254,0,"[[2, 4], [2, 4], [2, 4], [2, 4]]","[true, true, true, true, true]",0,4.0,0,1,1,"[[5, 7], [5, 6], [5, 6], [5, 6], [5, 6]]","[[7, 9], [7, 8], [7, 8], [7, 8], [7, 8]]","[[2, 2], [2, 2], [2, 2], [2, 2], [2, 2]]","[[5.0, 7.0], [5.0, 6.5], [5.0, 6.0], [5.0, 6.0], [5.0, 6.0]]",5.5,"[5.0, 6.0]",6.5,1.0,0.9981656916596607,0.3575302500000035
figure_eight--demand_conflict,figure_eight,demand_conflict,n1_d1_m1,factorial_combination,3.0,0.05,4,1.7,1549,dual_anchor_dynamic,0.0,15.075320236259241,12.163483850576522,12.248160166963773,0.8356267528077586,0.8068474606145245,1.0,1.0,4.381181696193274,3.597446907088695,0.8211133791174304,0.8391679054956791,0,"[[2, 4], [2, 4], [2, 4], [2, 4]]","[true, true, false, false, false]",3,0.5,0,1,1,"[[5, 9], [5, 9], [5, 9], [5, 9], [5, 9]]","[[7, 11], [7, 11], [7, 11], [7, 11], [7, 11]]","[[2, 2], [2, 2], [2, 2], [2, 2], [2, 2]]","[[0.0, 0.0], [0.0, 0.0], [0.0, 0.0], [0.0, 0.0], [0.0, 0.0]]",7.0,"[5.0, 9.0]",6.5,1.5,0.9892570172924844,0.4215782089999962
figure_eight--demand_conflict,figure_eight,demand_conflict,n1_d1_m1,factorial_combination,3.0,0.05,4,1.7,1549,fixed_delay_dual_anchor,1.0,15.075320236259241,9.711960101443914,9.711960101443914,0.7198587339502753,0.6442291075240084,1.0,0.8333333333333334,4.381181696193274,2.7274287609955414,0.6225326750007544,0.7229476095232601,0,"[[2, 4], [2, 4], [2, 4], [2, 4]]","[true, true, true, true, true]",0,4.0,0,1,1,"[[5, 9], [5, 9], [5, 9], [5, 9], [5, 9]]","[[7, 11], [7, 11], [7, 11], [7, 11], [7, 11]]","[[2, 2], [2, 2], [2, 2], [2, 2], [2, 2]]","[[4.0, 4.0], [4.0, 4.0], [4.0, 4.0], [4.0, 4.0], [4.0, 4.0]]",7.0,"[5.0, 9.0]",6.5,1.5,0.9892302754915026,0.4275100830000014
figure_eight--demand_conflict,figure_eight,demand_conflict,n1_d1_m1,factorial_combination,3.0,0.05,4,1.7,1549,delay_aware_gain_0p25,0.25,15.075320236259241,9.957851992927829,9.957851992927829,0.7330750486129858,0.660539997616578,1.0,1.0,4.381181696193274,2.8559436355195698,0.6518660565940566,0.7361037907423079,0,"[[2, 4], [2, 4], [2, 4], [2, 4]]","[true, true, true, true, true]",0,4.0,0,1,1,"[[5, 9], [5, 9], [5, 9], [5, 9], [5, 9]]","[[7, 11], [7, 11], [7, 11], [7, 11], [7, 11]]","[[2, 2], [2, 2], [2, 2], [2, 2], [2, 2]]","[[1.25, 2.25], [1.25, 2.25], [1.25, 2.25], [1.25, 2.25], [1.25, 2.25]]",7.0,"[5.0, 9.0]",6.5,1.5,0.9889717772155284,0.4520506659999981
figure_eight--demand_conflict,figure_eight,demand_conflict,n1_d1_m1,factorial_combination,3.0,0.05,4,1.7,1549,delay_aware_gain_0p5,0.5,15.075320236259241,9.432048786277292,9.432048786277292,0.7072930550686567,0.6256615871808333,1.0,0.8333333333333334,4.381181696193274,2.5923508410299347,0.5917012853592397,0.7102848991970278,0,"[[2, 4], [2, 4], [2, 4], [2, 4]]","[true, true, true, true, true]",0,4.0,0,1,1,"[[5, 9], [5, 9], [5, 9], [5, 9], [5, 9]]","[[7, 11], [7, 11], [7, 11], [7, 11], [7, 11]]","[[2, 2], [2, 2], [2, 2], [2, 2], [2, 2]]","[[2.5, 4.5], [2.5, 4.5], [2.5, 4.5], [2.5, 4.5], [2.5, 4.5]]",7.0,"[5.0, 9.0]",6.5,1.5,0.9889321255184732,0.41403891600000264
figure_eight--demand_conflict,figure_eight,demand_conflict,n1_d1_m1,factorial_combination,3.0,0.05,4,1.7,1549,delay_aware_gain_0p75,0.75,15.075320236259241,8.883608603644792,8.883608603644792,0.6795256567822401,0.5892815850291451,1.0,0.8333333333333334,4.381181696193274,2.454993119780018,0.5603495335318128,0.6829233955673928,0,"[[2, 4], [2, 4], [2, 4], [2, 4]]","[true, true, true, true, true]",0,4.0,0,1,1,"[[5, 9], [5, 9], [5, 9], [5, 9], [5, 9]]","[[7, 11], [7, 11], [7, 11], [7, 11], [7, 11]]","[[2, 2], [2, 2], [2, 2], [2, 2], [2, 2]]","[[3.75, 6.75], [3.75, 6.75], [3.75, 6.75], [3.75, 6.75], [3.75, 6.75]]",7.0,"[5.0, 9.0]",6.5,1.5,0.9891495532661028,0.43306041599999645
figure_eight--demand_conflict,figure_eight,demand_conflict,n1_d1_m1,factorial_combination,3.0,0.05,4,1.7,1549,delay_aware_gain_1p0,1.0,15.075320236259241,8.557071922976707,8.557071922976707,0.6630607217073956,0.5676212371525742,1.0,0.8333333333333334,4.381181696193274,2.4714983007248894,0.5641168232927494,0.6668149824578176,0,"[[2, 4], [2, 4], [2, 4], [2, 4]]","[true, true, true, true, true]",0,4.0,0,1,1,"[[5, 9], [5, 9], [5, 9], [5, 9], [5, 9]]","[[7, 11], [7, 11], [7, 11], [7, 11], [7, 11]]","[[2, 2], [2, 2], [2, 2], [2, 2], [2, 2]]","[[5.0, 9.0], [5.0, 9.0], [5.0, 9.0], [5.0, 9.0], [5.0, 9.0]]",7.0,"[5.0, 9.0]",6.5,1.5,0.989278789984136,0.44335716700000205
figure_eight--demand_conflict,figure_eight,demand_conflict,n1_d1_m1,factorial_combination,3.0,0.05,4,1.7,1571,dual_anchor_dynamic,0.0,8.923344799365886,3.49662282804793,3.613923781536305,0.5397295362147593,0.3918511395296984,1.0,0.6666666666666666,2.5832482439652535,1.0232719033993882,0.3961183002020273,0.5399677820371183,2,"[[2, 4], [3, 4], [3, 4], [2, 4]]","[true, true, true, true, false]",1,2.0,0,1,1,"[[4, 6], [4, 6], [4, 6], [4, 6], [4, 6]]","[[6, 8], [6, 8], [6, 8], [6, 8], [6, 8]]","[[2, 2], [2, 2], [2, 2], [2, 2], [2, 2]]","[[0.0, 0.0], [0.0, 0.0], [0.0, 0.0], [0.0, 0.0], [0.0, 0.0]]",5.0,"[4.0, 6.0]",5.5,0.5,0.9971751178531084,0.3265398329999982
figure_eight--demand_conflict,figure_eight,demand_conflict,n1_d1_m1,factorial_combination,3.0,0.05,4,1.7,1571,fixed_delay_dual_anchor,1.0,8.923344799365886,3.98720680170088,3.98720680170088,0.5567792606575193,0.44682872749512276,1.0,0.6666666666666666,2.5832482439652535,1.007871085530516,0.3901564969162416,0.5572707880441816,0,"[[2, 4], [2, 4], [2, 4], [2, 4]]","[true, true, true, true, true]",0,4.0,0,1,1,"[[4, 6], [4, 6], [4, 6], [4, 6], [4, 6]]","[[6, 8], [6, 8], [6, 8], [6, 8], [6, 8]]","[[2, 2], [2, 2], [2, 2], [2, 2], [2, 2]]","[[4.0, 4.0], [4.0, 4.0], [4.0, 4.0], [4.0, 4.0], [4.0, 4.0]]",5.0,"[4.0, 6.0]",5.5,0.5,0.9971077962605132,0.3616116249999948
figure_eight--demand_conflict,figure_eight,demand_conflict,n1_d1_m1,factorial_combination,3.0,0.05,4,1.7,1571,delay_aware_gain_0p25,0.25,8.923344799365886,3.59078272141626,3.59078272141626,0.5283804630672598,0.4024032245925799,1.0,0.8333333333333334,2.5832482439652535,1.0069724526309087,0.3898086275615613,0.5291537401693969,0,"[[2, 4], [2, 4], [2, 4], [2, 4]]","[true, true, true, true, true]",0,4.0,0,1,1,"[[4, 6], [4, 6], [4, 6], [4, 6], [4, 6]]","[[6, 8], [6, 8], [6, 8], [6, 8], [6, 8]]","[[2, 2], [2, 2], [2, 2], [2, 2], [2, 2]]","[[1.0, 1.5], [1.0, 1.5], [1.0, 1.5], [1.0, 1.5], [1.0, 1.5]]",5.0,"[4.0, 6.0]",5.5,0.5,0.9971428883757256,0.3242524590000073
figure_eight--demand_conflict,figure_eight,demand_conflict,n1_d1_m1,factorial_combination,3.0,0.05,4,1.7,1571,delay_aware_gain_0p5,0.5,8.923344799365886,3.685128453581062,3.685128453581062,0.5345617401895748,0.41297613579192144,1.0,0.8333333333333334,2.5832482439652535,0.9757547205952742,0.37772394614986865,0.5350148936661233,0,"[[2, 4], [2, 4], [2, 4], [2, 4]]","[true, true, true, true, true]",0,4.0,0,1,1,"[[4, 6], [4, 6], [4, 6], [4, 6], [4, 6]]","[[6, 8], [6, 8], [6, 8], [6, 8], [6, 8]]","[[2, 2], [2, 2], [2, 2], [2, 2], [2, 2]]","[[2.0, 3.0], [2.0, 3.0], [2.0, 3.0], [2.0, 3.0], [2.0, 3.0]]",5.0,"[4.0, 6.0]",5.5,0.5,0.9971109996156415,0.3692222079999965
figure_eight--demand_conflict,figure_eight,demand_conflict,n1_d1_m1,factorial_combination,3.0,0.05,4,1.7,1571,delay_aware_gain_0p75,0.75,8.923344799365886,3.755175217041683,3.755175217041683,0.5400564908863668,0.42082596845395176,1.0,0.6666666666666666,2.5832482439652535,0.9464854099829673,0.36639351722934843,0.540630389607053,0,"[[2, 4], [2, 4], [2, 4], [2, 4]]","[true, true, true, true, true]",0,4.0,0,1,1,"[[4, 6], [4, 6], [4, 6], [4, 6], [4, 6]]","[[6, 8], [6, 8], [6, 8], [6, 8], [6, 8]]","[[2, 2], [2, 2], [2, 2], [2, 2], [2, 2]]","[[3.0, 4.5], [3.0, 4.5], [3.0, 4.5], [3.0, 4.5], [3.0, 4.5]]",5.0,"[4.0, 6.0]",5.5,0.5,0.9970913997588702,0.36030741700000135
figure_eight--demand_conflict,figure_eight,demand_conflict,n1_d1_m1,factorial_combination,3.0,0.05,4,1.7,1571,delay_aware_gain_1p0,1.0,8.923344799365886,3.812560016180631,3.812560016180631,0.5452971038144068,0.42725683047141255,1.0,0.6666666666666666,2.5832482439652535,0.9438528765078253,0.36537443844693107,0.5457396565004232,0,"[[2, 4], [2, 4], [2, 4], [2, 4]]","[true, true, true, true, true]",0,4.0,0,1,1,"[[4, 6], [4, 6], [4, 6], [4, 6], [4, 6]]","[[6, 8], [6, 8], [6, 8], [6, 8], [6, 8]]","[[2, 2], [2, 2], [2, 2], [2, 2], [2, 2]]","[[4.0, 6.0], [4.0, 6.0], [4.0, 6.0], [4.0, 6.0], [4.0, 6.0]]",5.0,"[4.0, 6.0]",5.5,0.5,0.9971016919296467,0.38179275000000246
s_curve--demand_conflict,s_curve,demand_conflict,n1_d1_m1,factorial_combination,3.0,0.05,4,1.7,1523,dual_anchor_dynamic,0.0,5.512620858067309,1.3587424257330216,1.3587424257330216,0.4625075584063928,0.24647848286983198,0.6666666666666666,0.5,1.2138004577309784,0.7339125756328778,0.6046402198635017,0.4695005634684657,2,"[[2, 4], [3, 4], [3, 4], [2, 4]]","[true, true, true, true, true]",0,4.0,0,1,1,"[[5, 6], [5, 6], [5, 6], [5, 6], [5, 6]]","[[7, 8], [7, 8], [7, 8], [7, 8], [7, 8]]","[[2, 2], [2, 2], [2, 2], [2, 2], [2, 2]]","[[0.0, 0.0], [0.0, 0.0], [0.0, 0.0], [0.0, 0.0], [0.0, 0.0]]",5.5,"[5.0, 6.0]",6.5,1.0,0.9956222656969314,0.2838452919999952
s_curve--demand_conflict,s_curve,demand_conflict,n1_d1_m1,factorial_combination,3.0,0.05,4,1.7,1523,fixed_delay_dual_anchor,1.0,5.512620858067309,1.5526819833133885,2.2740563062390198,0.5413233476045631,0.28165949070144275,0.6666666666666666,0.5,1.2138004577309784,0.7581345580579756,0.6245957094753422,0.5487811144679848,1,"[[2, 4], [2, 4], [2, 4], [2, 3]]","[true, true, true, true, false]",1,2.0,0,1,1,"[[5, 6], [5, 6], [5, 6], [5, 6], [5, 6]]","[[7, 8], [7, 8], [7, 8], [7, 8], [7, 8]]","[[2, 2], [2, 2], [2, 2], [2, 2], [2, 2]]","[[4.0, 4.0], [4.0, 4.0], [4.0, 4.0], [4.0, 4.0], [4.0, 4.0]]",5.5,"[5.0, 6.0]",6.5,1.0,0.9956222656969314,0.2877438330000075
s_curve--demand_conflict,s_curve,demand_conflict,n1_d1_m1,factorial_combination,3.0,0.05,4,1.7,1523,delay_aware_gain_0p25,0.25,5.512620858067309,0.7643229647583679,0.7643229647583679,0.4223312462266044,0.13864965221394437,0.6666666666666666,0.0,1.2138004577309784,0.6798328382831558,0.5600861607467206,0.4289852438808789,0,"[[2, 4], [2, 4], [2, 4], [2, 4]]","[true, true, true, true, true]",0,4.0,0,1,1,"[[5, 6], [5, 6], [5, 6], [5, 6], [5, 6]]","[[7, 8], [7, 8], [7, 8], [7, 8], [7, 8]]","[[2, 2], [2, 2], [2, 2], [2, 2], [2, 2]]","[[1.25, 1.5], [1.25, 1.5], [1.25, 1.5], [1.25, 1.5], [1.25, 1.5]]",5.5,"[5.0, 6.0]",6.5,1.0,0.9955454280338399,0.2987022909999979
s_curve--demand_conflict,s_curve,demand_conflict,n1_d1_m1,factorial_combination,3.0,0.05,4,1.7,1523,delay_aware_gain_0p5,0.5,5.512620858067309,0.7862064065211449,0.7862064065211449,0.442320363766798,0.1426193505346174,0.6666666666666666,0.0,1.2138004577309784,0.6653697868898882,0.5481706508281429,0.44783513414957304,0,"[[2, 4], [2, 4], [2, 4], [2, 4]]","[true, true, true, true, true]",0,4.0,0,1,1,"[[5, 6], [5, 6], [5, 6], [5, 6], [5, 6]]","[[7, 8], [7, 8], [7, 8], [7, 8], [7, 8]]","[[2, 2], [2, 2], [2, 2], [2, 2], [2, 2]]","[[2.5, 3.0], [2.5, 3.0], [2.5, 3.0], [2.5, 3.0], [2.5, 3.0]]",5.5,"[5.0, 6.0]",6.5,1.0,0.995610567717018,0.2805810830000013
s_curve--demand_conflict,s_curve,demand_conflict,n1_d1_m1,factorial_combination,3.0,0.05,4,1.7,1523,delay_aware_gain_0p75,0.75,5.512620858067309,0.7024978304205676,0.7024978304205676,0.480559834723492,0.1274344542292464,0.6666666666666666,0.0,1.2138004577309784,0.6565971830693655,0.5409432653343841,0.4869488368085288,1,"[[2, 4], [2, 4], [2, 4], [3, 4]]","[true, true, true, true, true]",0,4.0,0,1,1,"[[5, 6], [5, 6], [5, 6], [5, 6], [5, 6]]","[[7, 8], [7, 8], [7, 8], [7, 8], [7, 8]]","[[2, 2], [2, 2], [2, 2], [2, 2], [2, 2]]","[[3.75, 4.5], [3.75, 4.5], [3.75, 4.5], [3.75, 4.5], [3.75, 4.5]]",5.5,"[5.0, 6.0]",6.5,1.0,0.9956222656969314,0.3179652919999967
s_curve--demand_conflict,s_curve,demand_conflict,n1_d1_m1,factorial_combination,3.0,0.05,4,1.7,1523,delay_aware_gain_1p0,1.0,5.512620858067309,1.1779057264331436,1.4154620012191241,0.5252634168233149,0.21367435866904697,0.6666666666666666,0.3333333333333333,1.2138004577309784,0.7117626828751195,0.5863918392366199,0.5309541187875642,2,"[[2, 4], [2, 4], [3, 4], [2, 4]]","[true, true, true, true, false]",1,2.0,0,1,1,"[[5, 6], [5, 6], [5, 6], [5, 6], [5, 6]]","[[7, 8], [7, 8], [7, 8], [7, 8], [7, 8]]","[[2, 2], [2, 2], [2, 2], [2, 2], [2, 2]]","[[5.0, 6.0], [5.0, 6.0], [5.0, 6.0], [5.0, 6.0], [5.0, 6.0]]",5.5,"[5.0, 6.0]",6.5,1.0,0.9956222656969314,0.3245395000000002
s_curve--demand_conflict,s_curve,demand_conflict,n1_d1_m1,factorial_combination,3.0,0.05,4,1.7,1549,dual_anchor_dynamic,0.0,9.354005216967852,5.487975317957429,5.487975317957429,0.7288018398619807,0.5866979107519018,1.0,0.5,1.954198930802161,1.6153533056611553,0.826606380855036,0.728544729691884,3,"[[2, 4], [3, 4], [2, 4], [3, 4]]","[true, true, true, true, true]",0,4.0,0,1,1,"[[5, 9], [5, 9], [5, 9], [5, 9], [5, 9]]","[[7, 11], [7, 11], [7, 11], [7, 11], [7, 11]]","[[2, 2], [2, 2], [2, 2], [2, 2], [2, 2]]","[[0.0, 0.0], [0.0, 0.0], [0.0, 0.0], [0.0, 0.0], [0.0, 0.0]]",7.0,"[5.0, 9.0]",6.5,1.5,0.9754112530890864,0.29660337500000367
s_curve--demand_conflict,s_curve,demand_conflict,n1_d1_m1,factorial_combination,3.0,0.05,4,1.7,1549,fixed_delay_dual_anchor,1.0,9.354005216967852,4.858184211162758,4.858184211162758,0.670211059431721,0.5193694143285461,1.0,0.6666666666666666,1.954198930802161,1.4153319726267588,0.7242517383047551,0.6700066765738546,1,"[[2, 4], [2, 4], [2, 4], [3, 4]]","[true, true, true, true, true]",0,4.0,0,1,1,"[[5, 9], [5, 9], [5, 9], [5, 9], [5, 9]]","[[7, 11], [7, 11], [7, 11], [7, 11], [7, 11]]","[[2, 2], [2, 2], [2, 2], [2, 2], [2, 2]]","[[4.0, 4.0], [4.0, 4.0], [4.0, 4.0], [4.0, 4.0], [4.0, 4.0]]",7.0,"[5.0, 9.0]",6.5,1.5,0.9808675287428996,0.451304707999995
s_curve--demand_conflict,s_curve,demand_conflict,n1_d1_m1,factorial_combination,3.0,0.05,4,1.7,1549,delay_aware_gain_0p25,0.25,9.354005216967852,4.98510797887873,4.98510797887873,0.68141693391837,0.532938336386205,1.0,0.5,1.954198930802161,1.4486993924322829,0.741326468660803,0.6812923782810651,3,"[[2, 4], [3, 4], [2, 4], [3, 4]]","[true, true, true, true, true]",0,4.0,0,1,1,"[[5, 9], [5, 9], [5, 9], [5, 9], [5, 9]]","[[7, 11], [7, 11], [7, 11], [7, 11], [7, 11]]","[[2, 2], [2, 2], [2, 2], [2, 2], [2, 2]]","[[1.25, 2.25], [1.25, 2.25], [1.25, 2.25], [1.25, 2.25], [1.25, 2.25]]",7.0,"[5.0, 9.0]",6.5,1.5,0.9769136630363995,0.38243829200000334
s_curve--demand_conflict,s_curve,demand_conflict,n1_d1_m1,factorial_combination,3.0,0.05,4,1.7,1549,delay_aware_gain_0p5,0.5,9.354005216967852,4.271326635011345,4.271326635011345,0.6199989039367286,0.45663077322891604,1.0,0.3333333333333333,1.954198930802161,1.2821637964047856,0.6561071015827862,0.6197903193876372,1,"[[2, 4], [2, 4], [2, 4], [3, 4]]","[true, true, true, true, true]",0,4.0,0,1,1,"[[5, 9], [5, 9], [5, 9], [5, 9], [5, 9]]","[[7, 11], [7, 11], [7, 11], [7, 11], [7, 11]]","[[2, 2], [2, 2], [2, 2], [2, 2], [2, 2]]","[[2.5, 4.5], [2.5, 4.5], [2.5, 4.5], [2.5, 4.5], [2.5, 4.5]]",7.0,"[5.0, 9.0]",6.5,1.5,0.9766193484243184,0.4087614999999971
s_curve--demand_conflict,s_curve,demand_conflict,n1_d1_m1,factorial_combination,3.0,0.05,4,1.7,1549,delay_aware_gain_0p75,0.75,9.354005216967852,3.6711565539780704,3.6711565539780704,0.571081155442288,0.39246894446014585,1.0,0.3333333333333333,1.954198930802161,1.202245594939804,0.6152114690014212,0.5711840950372042,1,"[[2, 4], [2, 4], [3, 4], [3, 4]]","[true, true, true, true, true]",0,4.0,0,1,1,"[[5, 9], [5, 9], [5, 9], [5, 9], [5, 9]]","[[7, 11], [7, 11], [7, 11], [7, 11], [7, 11]]","[[2, 2], [2, 2], [2, 2], [2, 2], [2, 2]]","[[3.75, 6.75], [3.75, 6.75], [3.75, 6.75], [3.75, 6.75], [3.75, 6.75]]",7.0,"[5.0, 9.0]",6.5,1.5,0.9753790507124087,0.42257954199999403
s_curve--demand_conflict,s_curve,demand_conflict,n1_d1_m1,factorial_combination,3.0,0.05,4,1.7,1549,delay_aware_gain_1p0,1.0,9.354005216967852,3.2879183886322294,3.2879183886322294,0.5257389104362417,0.35149845572761235,1.0,0.5,1.954198930802161,1.149006283687609,0.5879679215748849,0.5260462450803496,3,"[[2, 4], [3, 4], [2, 4], [3, 4]]","[true, true, true, true, true]",0,4.0,0,1,1,"[[5, 9], [5, 9], [5, 9], [5, 9], [5, 9]]","[[7, 11], [7, 11], [7, 11], [7, 11], [7, 11]]","[[2, 2], [2, 2], [2, 2], [2, 2], [2, 2]]","[[5.0, 9.0], [5.0, 9.0], [5.0, 9.0], [5.0, 9.0], [5.0, 9.0]]",7.0,"[5.0, 9.0]",6.5,1.5,0.9768984340228105,0.4073404580000073
s_curve--demand_conflict,s_curve,demand_conflict,n1_d1_m1,factorial_combination,3.0,0.05,4,1.7,1571,dual_anchor_dynamic,0.0,5.079487656272857,0.9399038912966925,0.9399038912966925,0.437002206981664,0.1850391131743314,0.8333333333333334,0.5,1.1001049049170712,0.593838210376129,0.5398014386826991,0.4412058152906146,3,"[[2, 4], [3, 4], [2, 3], [2, 4]]","[true, true, true, true, true]",0,4.0,0,1,1,"[[4, 6], [4, 6], [4, 6], [4, 6], [4, 6]]","[[6, 8], [6, 8], [6, 8], [6, 8], [6, 8]]","[[2, 2], [2, 2], [2, 2], [2, 2], [2, 2]]","[[0.0, 0.0], [0.0, 0.0], [0.0, 0.0], [0.0, 0.0], [0.0, 0.0]]",5.0,"[4.0, 6.0]",5.5,0.5,0.9944696289046984,0.2934121669999996
s_curve--demand_conflict,s_curve,demand_conflict,n1_d1_m1,factorial_combination,3.0,0.05,4,1.7,1571,fixed_delay_dual_anchor,1.0,5.079487656272857,0.9992447250354592,0.9992447250354592,0.5050241236761372,0.19672155789205495,0.8333333333333334,0.16666666666666666,1.1001049049170712,0.5819113645334283,0.5289598854913699,0.5075611000736738,0,"[[2, 4], [2, 4], [2, 4], [2, 4]]","[true, true, true, true, true]",0,4.0,0,1,1,"[[4, 6], [4, 6], [4, 6], [4, 6], [4, 6]]","[[6, 8], [6, 8], [6, 8], [6, 8], [6, 8]]","[[2, 2], [2, 2], [2, 2], [2, 2], [2, 2]]","[[4.0, 4.0], [4.0, 4.0], [4.0, 4.0], [4.0, 4.0], [4.0, 4.0]]",5.0,"[4.0, 6.0]",5.5,0.5,0.9947599811832789,0.3327063750000008
s_curve--demand_conflict,s_curve,demand_conflict,n1_d1_m1,factorial_combination,3.0,0.05,4,1.7,1571,delay_aware_gain_0p25,0.25,5.079487656272857,0.7479096226457593,0.7479096226457593,0.397150334935412,0.14724115368646218,0.8333333333333334,0.0,1.1001049049170712,0.5579335308025419,0.5071639334656002,0.40209838323209357,2,"[[2, 4], [3, 4], [2, 4], [2, 4]]","[true, true, true, true, true]",0,4.0,0,1,1,"[[4, 6], [4, 6], [4, 6], [4, 6], [4, 6]]","[[6, 8], [6, 8], [6, 8], [6, 8], [6, 8]]","[[2, 2], [2, 2], [2, 2], [2, 2], [2, 2]]","[[1.0, 1.5], [1.0, 1.5], [1.0, 1.5], [1.0, 1.5], [1.0, 1.5]]",5.0,"[4.0, 6.0]",5.5,0.5,0.9944978752490061,0.2628850839999899
s_curve--demand_conflict,s_curve,demand_conflict,n1_d1_m1,factorial_combination,3.0,0.05,4,1.7,1571,delay_aware_gain_0p5,0.5,5.079487656272857,0.5974904149774111,0.5974904149774111,0.40391142712923617,0.11762808680902039,0.8333333333333334,0.0,1.1001049049170712,0.5401930415621756,0.49103775389756743,0.40867942083866415,0,"[[2, 4], [2, 4], [2, 4], [2, 4]]","[true, true, true, true, true]",0,4.0,0,1,1,"[[4, 6], [4, 6], [4, 6], [4, 6], [4, 6]]","[[6, 8], [6, 8], [6, 8], [6, 8], [6, 8]]","[[2, 2], [2, 2], [2, 2], [2, 2], [2, 2]]","[[2.0, 3.0], [2.0, 3.0], [2.0, 3.0], [2.0, 3.0], [2.0, 3.0]]",5.0,"[4.0, 6.0]",5.5,0.5,0.9944398420497789,0.2703150419999929
s_curve--demand_conflict,s_curve,demand_conflict,n1_d1_m1,factorial_combination,3.0,0.05,4,1.7,1571,delay_aware_gain_0p75,0.75,5.079487656272857,0.6013903926891644,0.6013903926891644,0.42906377243337923,0.1183958763924712,0.8333333333333334,0.0,1.1001049049170712,0.5349029887466047,0.4862290735690585,0.4339965593129378,0,"[[2, 4], [2, 4], [2, 4], [2, 4]]","[true, true, true, true, true]",0,4.0,0,1,1,"[[4, 6], [4, 6], [4, 6], [4, 6], [4, 6]]","[[6, 8], [6, 8], [6, 8], [6, 8], [6, 8]]","[[2, 2], [2, 2], [2, 2], [2, 2], [2, 2]]","[[3.0, 4.5], [3.0, 4.5], [3.0, 4.5], [3.0, 4.5], [3.0, 4.5]]",5.0,"[4.0, 6.0]",5.5,0.5,0.9943499200451404,0.2921949159999997
s_curve--demand_conflict,s_curve,demand_conflict,n1_d1_m1,factorial_combination,3.0,0.05,4,1.7,1571,delay_aware_gain_1p0,1.0,5.079487656272857,0.7292915688295329,0.7292915688295329,0.4560388882779999,0.14357581279460388,0.8333333333333334,0.0,1.1001049049170712,0.5303868184160349,0.48212385568448746,0.4617578147447226,2,"[[2, 4], [2, 4], [3, 4], [2, 4]]","[true, true, true, true, true]",0,4.0,0,1,1,"[[4, 6], [4, 6], [4, 6], [4, 6], [4, 6]]","[[6, 8], [6, 8], [6, 8], [6, 8], [6, 8]]","[[2, 2], [2, 2], [2, 2], [2, 2], [2, 2]]","[[4.0, 6.0], [4.0, 6.0], [4.0, 6.0], [4.0, 6.0], [4.0, 6.0]]",5.0,"[4.0, 6.0]",5.5,0.5,0.9944427115802013,0.2885012090000032
