job_id,experiment,plant_group,plant_id,plant_seed,manifest_id,trajectory,regime,config_group,config_value,control_points,method,compensation_gain,smoothing_window,learning_rate,scenario_id,measurement_noise_std_mm,extra_delay_steps,mismatch_scale,initial_task_score,final_task_score,task_auc_normalized,final_task_ratio,initial_violation_rate,final_violation_rate,initial_global_rmse,final_global_rmse,final_global_ratio,trial_task_scores,selection_history,accepted_history,rejected_trials,final_trust_radius_mm,constraint_violation,all_updates_succeeded,finite_result,raw_estimated_lag_history,total_estimated_lag_history,nominal_estimated_lag_history,applied_lag_history,median_estimated_axis_lag_steps,lag_absolute_error_steps,median_peak_correlation,elapsed_s
03_parameter_sensitivity|control_points_16|ellipse--demand_conflict|n0_d1_m0|25001|v11_full,03_parameter_sensitivity,independent_seeded,S25001,25001,ellipse--demand_conflict,ellipse,demand_conflict,nominal_control_points,16,16,v11_full,0.25,5,0.65,n0_d1_m0,0.0,4,1.0,7.931809151646931,1.2256097994856499,0.3734955365287432,0.1545183168245001,0.8333333333333334,0.3333333333333333,2.1742433997047765,0.3694535238138374,0.1699227988292399,"[7.931809151646931, 3.7555666287038667, 2.0746022874584273, 1.4411028672232797, 1.2256097994856499]","[[2, 3], [2, 3], [3, 4], [3, 4]]","[true, true, true, true, true]",0,4.0,0,1,1,"[[7, 7], [7, 7], [7, 7], [7, 7], [7, 7]]","[[9, 9], [9, 9], [9, 9], [9, 9], [9, 9]]","[[2, 2], [2, 2], [2, 2], [2, 2], [2, 2]]","[[1.75, 1.75], [1.75, 1.75], [1.75, 1.75], [1.75, 1.75], [1.75, 1.75]]","[7.0, 7.0]",0.5,0.9998267935622687,0.7633034579999958
03_parameter_sensitivity|control_points_16|ellipse--demand_conflict|n0_d1_m0|25002|v11_full,03_parameter_sensitivity,independent_seeded,S25002,25002,ellipse--demand_conflict,ellipse,demand_conflict,nominal_control_points,16,16,v11_full,0.25,5,0.65,n0_d1_m0,0.0,4,1.0,7.766290542448517,0.8076010218319887,0.35334919791685593,0.10398800011638147,0.8333333333333334,0.16666666666666666,1.9704335955951635,0.21956021383859675,0.1114273601147565,"[7.766290542448517, 3.8103978350052876, 1.8380638611740192, 1.0414426575342295, 0.8076010218319887]","[[2, 3], [2, 3], [2, 3], [3, 4]]","[true, true, true, true, true]",0,4.0,0,1,1,"[[7, 5], [7, 5], [7, 5], [7, 5], [7, 5]]","[[9, 7], [9, 7], [9, 7], [9, 7], [9, 7]]","[[2, 2], [2, 2], [2, 2], [2, 2], [2, 2]]","[[1.75, 1.25], [1.75, 1.25], [1.75, 1.25], [1.75, 1.25], [1.75, 1.25]]","[7.0, 5.0]",1.0,0.9984805200717272,0.6912742080000385
03_parameter_sensitivity|control_points_16|ellipse--demand_conflict|n0_d1_m0|25003|v11_full,03_parameter_sensitivity,independent_seeded,S25003,25003,ellipse--demand_conflict,ellipse,demand_conflict,nominal_control_points,16,16,v11_full,0.25,5,0.65,n0_d1_m0,0.0,4,1.0,7.279743388405482,0.4285189790893174,0.3370492416070845,0.05886457203585277,0.6666666666666666,0.0,1.85507896209821,0.07252573851140376,0.03909576896358774,"[7.279743388405482, 3.3259948472154957, 1.750718763943639, 0.8836831577184872, 0.4285189790893174]","[[3, 4], [1, 4], [1, 3], [1, 3]]","[true, true, true, true, true]",0,4.0,0,1,1,"[[4, 7], [4, 7], [4, 7], [4, 7], [4, 7]]","[[6, 9], [6, 9], [6, 9], [6, 9], [6, 9]]","[[2, 2], [2, 2], [2, 2], [2, 2], [2, 2]]","[[1.0, 1.75], [1.0, 1.75], [1.0, 1.75], [1.0, 1.75], [1.0, 1.75]]","[4.0, 7.0]",1.0,0.9963160913458584,0.48032266599994955
03_parameter_sensitivity|control_points_16|ellipse--demand_conflict|n0_d1_m0|25004|v11_full,03_parameter_sensitivity,independent_seeded,S25004,25004,ellipse--demand_conflict,ellipse,demand_conflict,nominal_control_points,16,16,v11_full,0.25,5,0.65,n0_d1_m0,0.0,4,1.0,6.237600449225314,0.31388237367164595,0.3283409688349815,0.05032101306049972,0.6666666666666666,0.0,1.6054979846693018,0.05217304666304197,0.032496488417447934,"[6.237600449225314, 2.820081618714526, 1.417242506851454, 0.6791735618021618, 0.31388237367164595]","[[3, 4], [1, 4], [1, 3], [1, 3]]","[true, true, true, true, true]",0,4.0,0,1,1,"[[4, 7], [4, 7], [4, 7], [4, 7], [4, 7]]","[[6, 9], [6, 9], [6, 9], [6, 9], [6, 9]]","[[2, 2], [2, 2], [2, 2], [2, 2], [2, 2]]","[[1.0, 1.75], [1.0, 1.75], [1.0, 1.75], [1.0, 1.75], [1.0, 1.75]]","[4.0, 7.0]",0.5,0.9975676590637186,0.4642179589999955
03_parameter_sensitivity|control_points_16|ellipse--demand_conflict|n0_d1_m0|25005|v11_full,03_parameter_sensitivity,independent_seeded,S25005,25005,ellipse--demand_conflict,ellipse,demand_conflict,nominal_control_points,16,16,v11_full,0.25,5,0.65,n0_d1_m0,0.0,4,1.0,7.539010853039086,0.4338978469120994,0.33620872694890425,0.05755368381479234,0.6666666666666666,0.0,1.9428950434958454,0.07166160081860323,0.036883927960237484,"[7.539010853039086, 3.4385881788213295, 1.8100135425697528, 0.9036688940503002, 0.4338978469120994]","[[3, 4], [1, 4], [1, 3], [1, 3]]","[true, true, true, true, true]",0,4.0,0,1,1,"[[5, 8], [5, 8], [5, 8], [5, 8], [5, 8]]","[[7, 10], [7, 10], [7, 10], [7, 10], [7, 10]]","[[2, 2], [2, 2], [2, 2], [2, 2], [2, 2]]","[[1.25, 2.0], [1.25, 2.0], [1.25, 2.0], [1.25, 2.0], [1.25, 2.0]]","[5.0, 8.0]",0.5,0.9961746677440639,0.4880336670000247
03_parameter_sensitivity|control_points_16|ellipse--demand_conflict|n0_d1_m0|25006|v11_full,03_parameter_sensitivity,independent_seeded,S25006,25006,ellipse--demand_conflict,ellipse,demand_conflict,nominal_control_points,16,16,v11_full,0.25,5,0.65,n0_d1_m0,0.0,4,1.0,6.569664275539642,0.3957875782692244,0.33527661534195263,0.06024471900989397,0.8333333333333334,0.0,1.9396508864759971,0.10134528984643654,0.05224924266168487,"[6.569664275539642, 2.998821449585347, 1.5501080982966151, 0.7789637341570953, 0.3957875782692244]","[[3, 4], [2, 3], [1, 3], [1, 3]]","[true, true, true, true, true]",0,4.0,0,1,1,"[[6, 7], [6, 7], [6, 7], [6, 7], [6, 7]]","[[8, 9], [8, 9], [8, 9], [8, 9], [8, 9]]","[[2, 2], [2, 2], [2, 2], [2, 2], [2, 2]]","[[1.5, 1.75], [1.5, 1.75], [1.5, 1.75], [1.5, 1.75], [1.5, 1.75]]","[6.0, 7.0]",1.0,0.9996543113424443,0.561216375000015
03_parameter_sensitivity|control_points_16|ellipse--demand_conflict|n1_d1_m1|25001|v11_full,03_parameter_sensitivity,independent_seeded,S25001,25001,ellipse--demand_conflict,ellipse,demand_conflict,nominal_control_points,16,16,v11_full,0.25,5,0.65,n1_d1_m1,0.05,4,1.7,7.488128890501111,1.2146969439302697,0.37004120271240626,0.16221635093262682,0.8333333333333334,0.3333333333333333,2.1265330876573425,0.36864874638162604,0.17335669429331166,"[7.488128890501111, 3.4284351511328754, 1.9810118092790896, 1.3228050051985347, 1.2146969439302697]","[[2, 3], [2, 3], [3, 4], [3, 4]]","[true, true, true, true, true]",0,4.0,0,1,1,"[[7, 7], [7, 7], [7, 7], [7, 7], [7, 7]]","[[9, 9], [9, 9], [9, 9], [9, 9], [9, 9]]","[[2, 2], [2, 2], [2, 2], [2, 2], [2, 2]]","[[1.75, 1.75], [1.75, 1.75], [1.75, 1.75], [1.75, 1.75], [1.75, 1.75]]","[7.0, 7.0]",0.5,0.9995771116673012,0.9682908329999691
03_parameter_sensitivity|control_points_16|ellipse--demand_conflict|n1_d1_m1|25002|v11_full,03_parameter_sensitivity,independent_seeded,S25002,25002,ellipse--demand_conflict,ellipse,demand_conflict,nominal_control_points,16,16,v11_full,0.25,5,0.65,n1_d1_m1,0.05,4,1.7,7.1732068950022025,0.5876166058281033,0.3370689080574848,0.08191825698454538,0.8333333333333334,0.0,1.8160957926442736,0.14744657087021706,0.08118876298674299,"[7.1732068950022025, 3.396913983202138, 1.6404163499242093, 0.7537179779337525, 0.5876166058281033]","[[2, 3], [2, 3], [2, 3], [2, 3]]","[true, true, true, true, true]",0,4.0,0,1,1,"[[7, 5], [7, 5], [7, 5], [7, 5], [7, 5]]","[[9, 7], [9, 7], [9, 7], [9, 7], [9, 7]]","[[2, 2], [2, 2], [2, 2], [2, 2], [2, 2]]","[[1.75, 1.25], [1.75, 1.25], [1.75, 1.25], [1.75, 1.25], [1.75, 1.25]]","[7.0, 5.0]",1.0,0.9983815399198928,0.6950870000000009
03_parameter_sensitivity|control_points_16|ellipse--demand_conflict|n1_d1_m1|25003|v11_full,03_parameter_sensitivity,independent_seeded,S25003,25003,ellipse--demand_conflict,ellipse,demand_conflict,nominal_control_points,16,16,v11_full,0.25,5,0.65,n1_d1_m1,0.05,4,1.7,7.073737856536296,0.45837680824754606,0.3438207700226527,0.06479980139835058,0.6666666666666666,0.0,1.7942068458114788,0.0761112660822605,0.04242056386081679,"[7.073737856536296, 3.2729763623589108, 1.754244827934913, 0.9351134644050483, 0.45837680824754606]","[[3, 4], [1, 4], [1, 4], [1, 3]]","[true, true, true, true, true]",0,4.0,0,1,1,"[[4, 7], [4, 7], [4, 7], [4, 7], [4, 7]]","[[6, 9], [6, 9], [6, 9], [6, 9], [6, 9]]","[[2, 2], [2, 2], [2, 2], [2, 2], [2, 2]]","[[1.0, 1.75], [1.0, 1.75], [1.0, 1.75], [1.0, 1.75], [1.0, 1.75]]","[4.0, 7.0]",1.0,0.9960918855372225,0.5909539170000357
03_parameter_sensitivity|control_points_16|ellipse--demand_conflict|n1_d1_m1|25004|v11_full,03_parameter_sensitivity,independent_seeded,S25004,25004,ellipse--demand_conflict,ellipse,demand_conflict,nominal_control_points,16,16,v11_full,0.25,5,0.65,n1_d1_m1,0.05,4,1.7,6.272059599870351,0.3433389933734039,0.33219815824566984,0.05474102851007682,0.6666666666666666,0.0,1.5946042184624036,0.06028775283559609,0.03780734563321834,"[6.272059599870351, 2.920553085850135, 1.4115760396514125, 0.6944381678125885, 0.3433389933734039]","[[3, 4], [1, 4], [1, 3], [1, 3]]","[true, true, true, true, true]",0,4.0,0,1,1,"[[4, 7], [4, 7], [4, 7], [4, 7], [4, 7]]","[[6, 9], [6, 9], [6, 9], [6, 9], [6, 9]]","[[2, 2], [2, 2], [2, 2], [2, 2], [2, 2]]","[[1.0, 1.75], [1.0, 1.75], [1.0, 1.75], [1.0, 1.75], [1.0, 1.75]]","[4.0, 7.0]",0.5,0.996768031385977,0.5978015000000028
03_parameter_sensitivity|control_points_16|ellipse--demand_conflict|n1_d1_m1|25005|v11_full,03_parameter_sensitivity,independent_seeded,S25005,25005,ellipse--demand_conflict,ellipse,demand_conflict,nominal_control_points,16,16,v11_full,0.25,5,0.65,n1_d1_m1,0.05,4,1.7,7.963615217036075,0.4802000947202597,0.3531062114915524,0.06029925877043846,0.6666666666666666,0.0,2.0012392545979276,0.09006114456270994,0.045002687387722805,"[7.963615217036075, 3.915174171796685, 2.0773246783031585, 1.0336014902783335, 0.4802000947202597]","[[3, 4], [1, 4], [1, 3], [1, 2]]","[true, true, true, true, true]",0,4.0,0,1,1,"[[4, 8], [4, 8], [4, 8], [4, 8], [4, 8]]","[[6, 10], [6, 10], [6, 10], [6, 10], [6, 10]]","[[2, 2], [2, 2], [2, 2], [2, 2], [2, 2]]","[[1.0, 2.0], [1.0, 2.0], [1.0, 2.0], [1.0, 2.0], [1.0, 2.0]]","[4.0, 8.0]",1.0,0.9940796040806932,0.6337486250000097
03_parameter_sensitivity|control_points_16|ellipse--demand_conflict|n1_d1_m1|25006|v11_full,03_parameter_sensitivity,independent_seeded,S25006,25006,ellipse--demand_conflict,ellipse,demand_conflict,nominal_control_points,16,16,v11_full,0.25,5,0.65,n1_d1_m1,0.05,4,1.7,6.063825769387071,0.327040404953065,0.3285429404464041,0.053933014798036014,0.8333333333333334,0.0,1.7925268372907202,0.06752671313587845,0.037671242477987324,"[6.063825769387071, 2.7113925204862186, 1.4151895504192078, 0.6468934364409326, 0.327040404953065]","[[3, 4], [2, 3], [1, 3], [1, 4]]","[true, true, true, true, true]",0,4.0,0,1,1,"[[6, 7], [6, 7], [6, 7], [6, 7], [6, 7]]","[[8, 9], [8, 9], [8, 9], [8, 9], [8, 9]]","[[2, 2], [2, 2], [2, 2], [2, 2], [2, 2]]","[[1.5, 1.75], [1.5, 1.75], [1.5, 1.75], [1.5, 1.75], [1.5, 1.75]]","[6.0, 7.0]",1.0,0.9992499135109458,0.5902686669999753
03_parameter_sensitivity|control_points_16|figure_eight--demand_conflict|n0_d1_m0|25001|v11_full,03_parameter_sensitivity,independent_seeded,S25001,25001,figure_eight--demand_conflict,figure_eight,demand_conflict,nominal_control_points,16,16,v11_full,0.25,5,0.65,n0_d1_m0,0.0,4,1.0,11.530597929027934,6.995565232495866,0.6765488980862145,0.6066957911076528,0.8333333333333334,0.6666666666666666,3.5406280069014553,2.126817654080818,0.6006893833340263,"[11.530597929027934, 7.850613044072642, 7.022938088103912, 6.995565232495866, 7.139275926899524]","[[2, 4], [2, 4], [2, 4], [2, 4]]","[true, true, true, true, false]",1,2.0,0,1,1,"[[7, 7], [7, 7], [7, 7], [7, 7], [7, 7]]","[[9, 9], [9, 9], [9, 9], [9, 9], [9, 9]]","[[2, 2], [2, 2], [2, 2], [2, 2], [2, 2]]","[[1.75, 1.75], [1.75, 1.75], [1.75, 1.75], [1.75, 1.75], [1.75, 1.75]]","[7.0, 7.0]",0.5,0.999716724362437,1.1518128750000187
03_parameter_sensitivity|control_points_16|figure_eight--demand_conflict|n0_d1_m0|25002|v11_full,03_parameter_sensitivity,independent_seeded,S25002,25002,figure_eight--demand_conflict,figure_eight,demand_conflict,nominal_control_points,16,16,v11_full,0.25,5,0.65,n0_d1_m0,0.0,4,1.0,10.205787666034217,3.0775942521084465,0.4451270013198485,0.3015538195401574,1.0,0.5,2.9412102616826212,0.9250322907586008,0.31450736549157965,"[10.205787666034217, 4.979398985836635, 3.4605017439049535, 3.0775942521084465, 3.1021956493769594]","[[1, 4], [2, 4], [2, 4], [2, 4]]","[true, true, true, true, false]",1,2.0,0,1,1,"[[7, 5], [7, 5], [7, 5], [7, 5], [7, 5]]","[[9, 7], [9, 7], [9, 7], [9, 7], [9, 7]]","[[2, 2], [2, 2], [2, 2], [2, 2], [2, 2]]","[[1.75, 1.25], [1.75, 1.25], [1.75, 1.25], [1.75, 1.25], [1.75, 1.25]]","[7.0, 5.0]",1.0,0.997343396587169,1.1140996249999944
03_parameter_sensitivity|control_points_16|figure_eight--demand_conflict|n0_d1_m0|25003|v11_full,03_parameter_sensitivity,independent_seeded,S25003,25003,figure_eight--demand_conflict,figure_eight,demand_conflict,nominal_control_points,16,16,v11_full,0.25,5,0.65,n0_d1_m0,0.0,4,1.0,11.943424306382695,5.8107978566110585,0.6357523068979548,0.4865269547114478,1.0,0.8333333333333334,3.434114444626585,1.6943414632173401,0.49338526439283464,"[11.943424306382695, 7.873697154976465, 7.6601910364252275, 5.8107978566110585, 6.111680037943042]","[[2, 4], [2, 4], [3, 4], [2, 4]]","[true, true, true, true, false]",1,2.0,0,1,1,"[[4, 8], [4, 8], [4, 8], [4, 8], [4, 8]]","[[6, 10], [6, 10], [6, 10], [6, 10], [6, 10]]","[[2, 2], [2, 2], [2, 2], [2, 2], [2, 2]]","[[1.0, 2.0], [1.0, 2.0], [1.0, 2.0], [1.0, 2.0], [1.0, 2.0]]","[4.0, 8.0]",0.5,0.9914876292804818,1.3088263750000237
03_parameter_sensitivity|control_points_16|figure_eight--demand_conflict|n0_d1_m0|25004|v11_full,03_parameter_sensitivity,independent_seeded,S25004,25004,figure_eight--demand_conflict,figure_eight,demand_conflict,nominal_control_points,16,16,v11_full,0.25,5,0.65,n0_d1_m0,0.0,4,1.0,10.33382828411624,4.421929024149721,0.5844735593121705,0.42790811909914456,1.0,0.5,2.972442702426152,1.256506484540725,0.4227184879005895,"[10.33382828411624, 6.394763931933852, 5.852335983872554, 4.421929024149721, 4.646909024277088]","[[2, 4], [2, 4], [3, 4], [2, 4]]","[true, true, true, true, false]",1,2.0,0,1,1,"[[4, 7], [4, 7], [4, 7], [4, 7], [4, 7]]","[[6, 9], [6, 9], [6, 9], [6, 9], [6, 9]]","[[2, 2], [2, 2], [2, 2], [2, 2], [2, 2]]","[[1.0, 1.75], [1.0, 1.75], [1.0, 1.75], [1.0, 1.75], [1.0, 1.75]]","[4.0, 7.0]",0.5,0.9951983892686787,1.086044458999993
03_parameter_sensitivity|control_points_16|figure_eight--demand_conflict|n0_d1_m0|25005|v11_full,03_parameter_sensitivity,independent_seeded,S25005,25005,figure_eight--demand_conflict,figure_eight,demand_conflict,nominal_control_points,16,16,v11_full,0.25,5,0.65,n0_d1_m0,0.0,4,1.0,12.65732316490088,6.7363897884578225,0.6613491393892621,0.5322128305247056,1.0,1.0,3.642795192090087,2.01372059732978,0.5527954472165616,"[12.65732316490088, 8.666410823189036, 8.22107986031973, 6.7363897884578225, 7.06219414779769]","[[2, 4], [2, 4], [3, 4], [2, 4]]","[true, true, true, true, false]",1,2.0,0,1,1,"[[5, 8], [5, 8], [5, 8], [5, 8], [5, 8]]","[[7, 10], [7, 10], [7, 10], [7, 10], [7, 10]]","[[2, 2], [2, 2], [2, 2], [2, 2], [2, 2]]","[[1.25, 2.0], [1.25, 2.0], [1.25, 2.0], [1.25, 2.0], [1.25, 2.0]]","[5.0, 8.0]",0.5,0.9921953341167786,1.2845485420000387
03_parameter_sensitivity|control_points_16|figure_eight--demand_conflict|n0_d1_m0|25006|v11_full,03_parameter_sensitivity,independent_seeded,S25006,25006,figure_eight--demand_conflict,figure_eight,demand_conflict,nominal_control_points,16,16,v11_full,0.25,5,0.65,n0_d1_m0,0.0,4,1.0,11.568280104852967,7.39988803373829,0.6944848778214053,0.6396705445119703,0.8333333333333334,0.6666666666666666,3.4310419029031243,2.1160328525175007,0.6167318594177038,"[11.568280104852967, 7.829512414796222, 7.39988803373829, 7.414961253286291, 7.414961253286291]","[[2, 4], [2, 4], [2, 4], [2, 4]]","[true, true, true, false, false]",2,1.0,0,1,1,"[[6, 7], [6, 7], [6, 7], [6, 7], [6, 7]]","[[8, 9], [8, 9], [8, 9], [8, 9], [8, 9]]","[[2, 2], [2, 2], [2, 2], [2, 2], [2, 2]]","[[1.5, 1.75], [1.5, 1.75], [1.5, 1.75], [1.5, 1.75], [1.5, 1.75]]","[6.0, 7.0]",1.0,0.9992653925812522,1.2826816250000093
03_parameter_sensitivity|control_points_16|figure_eight--demand_conflict|n1_d1_m1|25001|v11_full,03_parameter_sensitivity,independent_seeded,S25001,25001,figure_eight--demand_conflict,figure_eight,demand_conflict,nominal_control_points,16,16,v11_full,0.25,5,0.65,n1_d1_m1,0.05,4,1.7,11.677691315437041,7.413862571471837,0.6948010953518905,0.6348739978827203,0.8333333333333334,0.6666666666666666,3.547203318946834,2.1737127347177694,0.6127962057058364,"[11.677691315437041, 8.053438664235308, 7.413862571471837, 7.432362650107999, 7.432362650107999]","[[2, 4], [2, 4], [2, 4], [2, 4]]","[true, true, true, false, false]",2,1.0,0,1,1,"[[7, 7], [7, 7], [7, 7], [7, 7], [7, 7]]","[[9, 9], [9, 9], [9, 9], [9, 9], [9, 9]]","[[2, 2], [2, 2], [2, 2], [2, 2], [2, 2]]","[[1.75, 1.75], [1.75, 1.75], [1.75, 1.75], [1.75, 1.75], [1.75, 1.75]]","[7.0, 7.0]",0.5,0.9993937052321182,1.35298958300001
03_parameter_sensitivity|control_points_16|figure_eight--demand_conflict|n1_d1_m1|25002|v11_full,03_parameter_sensitivity,independent_seeded,S25002,25002,figure_eight--demand_conflict,figure_eight,demand_conflict,nominal_control_points,16,16,v11_full,0.25,5,0.65,n1_d1_m1,0.05,4,1.7,9.444604032109284,2.3369193497563994,0.4082511627460975,0.24743433835992062,1.0,0.5,2.7197966276617676,0.6828157909488065,0.25105398837700194,"[9.444604032109284, 4.43206831940118, 2.7748577522258686, 2.3369193497563994, 2.3138697474045875]","[[1, 4], [2, 4], [2, 4], [2, 4]]","[true, true, true, true, false]",1,2.0,0,1,1,"[[7, 5], [7, 5], [7, 5], [7, 5], [7, 5]]","[[9, 7], [9, 7], [9, 7], [9, 7], [9, 7]]","[[2, 2], [2, 2], [2, 2], [2, 2], [2, 2]]","[[1.75, 1.25], [1.75, 1.25], [1.75, 1.25], [1.75, 1.25], [1.75, 1.25]]","[7.0, 5.0]",1.0,0.9967467406894504,1.0281735830000116
03_parameter_sensitivity|control_points_16|figure_eight--demand_conflict|n1_d1_m1|25003|v11_full,03_parameter_sensitivity,independent_seeded,S25003,25003,figure_eight--demand_conflict,figure_eight,demand_conflict,nominal_control_points,16,16,v11_full,0.25,5,0.65,n1_d1_m1,0.05,4,1.7,11.569640299296164,7.441505846105212,0.6929353045902533,0.6431924980898424,1.0,1.0,3.318112372978345,2.2447128816082618,0.6765029719573369,"[11.569640299296164, 7.441505846105212, 7.548524462891086, 7.548524462891086, 7.48934795526873]","[[2, 4], [2, 4], [2, 4], [2, 4]]","[true, true, false, false, false]",3,0.5,0,1,1,"[[4, 7], [4, 7], [4, 7], [4, 7], [4, 7]]","[[6, 9], [6, 9], [6, 9], [6, 9], [6, 9]]","[[2, 2], [2, 2], [2, 2], [2, 2], [2, 2]]","[[1.0, 1.75], [1.0, 1.75], [1.0, 1.75], [1.0, 1.75], [1.0, 1.75]]","[4.0, 7.0]",1.0,0.9913452570083923,1.383835332999979
03_parameter_sensitivity|control_points_16|figure_eight--demand_conflict|n1_d1_m1|25004|v11_full,03_parameter_sensitivity,independent_seeded,S25004,25004,figure_eight--demand_conflict,figure_eight,demand_conflict,nominal_control_points,16,16,v11_full,0.25,5,0.65,n1_d1_m1,0.05,4,1.7,10.318952142072382,4.177926849023429,0.5781674608315011,0.40487898301119213,1.0,0.6666666666666666,2.9536337273818942,1.190919524607654,0.4032048772896723,"[10.318952142072382, 6.263870289408398, 6.067669165337186, 4.177926849023429, 4.390774117779733]","[[2, 4], [2, 4], [3, 4], [2, 4]]","[true, true, true, true, false]",1,2.0,0,1,1,"[[4, 7], [4, 7], [4, 7], [4, 7], [4, 7]]","[[6, 9], [6, 9], [6, 9], [6, 9], [6, 9]]","[[2, 2], [2, 2], [2, 2], [2, 2], [2, 2]]","[[1.0, 1.75], [1.0, 1.75], [1.0, 1.75], [1.0, 1.75], [1.0, 1.75]]","[4.0, 7.0]",0.5,0.994258797291062,1.2286351249999825
03_parameter_sensitivity|control_points_16|figure_eight--demand_conflict|n1_d1_m1|25005|v11_full,03_parameter_sensitivity,independent_seeded,S25005,25005,figure_eight--demand_conflict,figure_eight,demand_conflict,nominal_control_points,16,16,v11_full,0.25,5,0.65,n1_d1_m1,0.05,4,1.7,13.208865916594977,7.054063903249412,0.6565854859777303,0.5340400869984628,1.0,1.0,3.7822836944178975,1.8886928979570747,0.49935252100325306,"[13.208865916594977, 9.597112557866858, 7.607730923575191, 7.354690196884524, 7.054063903249412]","[[2, 4], [3, 4], [2, 4], [3, 4]]","[true, true, true, true, true]",0,4.0,0,1,1,"[[4, 8], [4, 8], [4, 8], [4, 8], [4, 8]]","[[6, 10], [6, 10], [6, 10], [6, 10], [6, 10]]","[[2, 2], [2, 2], [2, 2], [2, 2], [2, 2]]","[[1.0, 2.0], [1.0, 2.0], [1.0, 2.0], [1.0, 2.0], [1.0, 2.0]]","[4.0, 8.0]",1.0,0.9879141212778302,1.5377742909999483
03_parameter_sensitivity|control_points_16|figure_eight--demand_conflict|n1_d1_m1|25006|v11_full,03_parameter_sensitivity,independent_seeded,S25006,25006,figure_eight--demand_conflict,figure_eight,demand_conflict,nominal_control_points,16,16,v11_full,0.25,5,0.65,n1_d1_m1,0.05,4,1.7,10.804689433892133,6.4841570245172075,0.66542785046068,0.6001243315867751,0.6666666666666666,0.6666666666666666,3.190097182857639,1.815527496366354,0.5691135386477577,"[10.804689433892133, 7.041583281596977, 6.4841570245172075, 6.553920024333336, 6.553920024333336]","[[2, 4], [2, 4], [2, 4], [2, 4]]","[true, true, true, false, false]",2,1.0,0,1,1,"[[6, 7], [6, 7], [6, 7], [6, 7], [6, 7]]","[[8, 9], [8, 9], [8, 9], [8, 9], [8, 9]]","[[2, 2], [2, 2], [2, 2], [2, 2], [2, 2]]","[[1.5, 1.75], [1.5, 1.75], [1.5, 1.75], [1.5, 1.75], [1.5, 1.75]]","[6.0, 7.0]",1.0,0.9990055761577635,1.553932374999988
03_parameter_sensitivity|control_points_16|harmonic_loop--demand_conflict|n0_d1_m0|25001|v11_full,03_parameter_sensitivity,independent_seeded,S25001,25001,harmonic_loop--demand_conflict,harmonic_loop,demand_conflict,nominal_control_points,16,16,v11_full,0.25,5,0.65,n0_d1_m0,0.0,4,1.0,8.99889140222643,2.6451884864788235,0.5636232048790869,0.29394603937818087,1.0,0.8333333333333334,2.4660513006353546,1.045042760825995,0.42377170359625105,"[8.99889140222643, 6.330332762915845, 4.830113153615327, 3.3054501890430865, 2.6451884864788235]","[[2, 3], [3, 4], [3, 4], [3, 4]]","[true, true, true, true, true]",0,4.0,0,1,1,"[[7, 7], [7, 7], [7, 7], [7, 7], [7, 7]]","[[9, 9], [9, 9], [9, 9], [9, 9], [9, 9]]","[[2, 2], [2, 2], [2, 2], [2, 2], [2, 2]]","[[1.75, 1.75], [1.75, 1.75], [1.75, 1.75], [1.75, 1.75], [1.75, 1.75]]","[7.0, 7.0]",0.5,0.9997716424306144,0.9327380409999932
03_parameter_sensitivity|control_points_16|harmonic_loop--demand_conflict|n0_d1_m0|25002|v11_full,03_parameter_sensitivity,independent_seeded,S25002,25002,harmonic_loop--demand_conflict,harmonic_loop,demand_conflict,nominal_control_points,16,16,v11_full,0.25,5,0.65,n0_d1_m0,0.0,4,1.0,8.1760226882683,1.1919065095531491,0.44711919427289915,0.1457807243200786,0.8333333333333334,0.16666666666666666,2.039212942951675,0.2783935355578904,0.13652009051831904,"[8.1760226882683, 4.815155879450355, 3.0986422880509803, 2.0248639405298015, 1.1919065095531491]","[[2, 3], [2, 4], [3, 4], [2, 4]]","[true, true, true, true, true]",0,4.0,0,1,1,"[[7, 5], [7, 5], [7, 5], [7, 5], [7, 5]]","[[9, 7], [9, 7], [9, 7], [9, 7], [9, 7]]","[[2, 2], [2, 2], [2, 2], [2, 2], [2, 2]]","[[1.75, 1.25], [1.75, 1.25], [1.75, 1.25], [1.75, 1.25], [1.75, 1.25]]","[7.0, 5.0]",1.0,0.9971136030116287,0.6774590839999632
03_parameter_sensitivity|control_points_16|harmonic_loop--demand_conflict|n0_d1_m0|25003|v11_full,03_parameter_sensitivity,independent_seeded,S25003,25003,harmonic_loop--demand_conflict,harmonic_loop,demand_conflict,nominal_control_points,16,16,v11_full,0.25,5,0.65,n0_d1_m0,0.0,4,1.0,8.574357152477088,3.1168293770502977,0.5824427829612322,0.36350589573352,0.8333333333333334,0.6666666666666666,2.19461231466453,1.2183029585758745,0.555133565247539,"[8.574357152477088, 5.581909323703178, 4.650131099192411, 3.8986560803099226, 3.1168293770502977]","[[2, 3], [3, 4], [3, 4], [3, 4]]","[true, true, true, true, true]",0,4.0,0,1,1,"[[4, 7], [4, 7], [4, 7], [4, 7], [4, 7]]","[[6, 9], [6, 9], [6, 9], [6, 9], [6, 9]]","[[2, 2], [2, 2], [2, 2], [2, 2], [2, 2]]","[[1.0, 1.75], [1.0, 1.75], [1.0, 1.75], [1.0, 1.75], [1.0, 1.75]]","[4.0, 7.0]",1.0,0.9951700931608369,0.8796430409999516
03_parameter_sensitivity|control_points_16|harmonic_loop--demand_conflict|n0_d1_m0|25004|v11_full,03_parameter_sensitivity,independent_seeded,S25004,25004,harmonic_loop--demand_conflict,harmonic_loop,demand_conflict,nominal_control_points,16,16,v11_full,0.25,5,0.65,n0_d1_m0,0.0,4,1.0,7.397759230051182,2.403424456177223,0.5551823640998451,0.3248854661846834,1.0,0.6666666666666666,1.9138760484106219,0.90729159521502,0.47405974695617314,"[7.397759230051182, 4.597871628377108, 3.7270910993326174, 3.2028672627011314, 2.403424456177223]","[[2, 3], [3, 4], [3, 4], [3, 4]]","[true, true, true, true, true]",0,4.0,0,1,1,"[[4, 7], [4, 7], [4, 7], [4, 7], [4, 7]]","[[6, 9], [6, 9], [6, 9], [6, 9], [6, 9]]","[[2, 2], [2, 2], [2, 2], [2, 2], [2, 2]]","[[1.0, 1.75], [1.0, 1.75], [1.0, 1.75], [1.0, 1.75], [1.0, 1.75]]","[4.0, 7.0]",0.5,0.9965889311795257,0.7823285829999804
03_parameter_sensitivity|control_points_16|harmonic_loop--demand_conflict|n0_d1_m0|25005|v11_full,03_parameter_sensitivity,independent_seeded,S25005,25005,harmonic_loop--demand_conflict,harmonic_loop,demand_conflict,nominal_control_points,16,16,v11_full,0.25,5,0.65,n0_d1_m0,0.0,4,1.0,9.152116894160674,3.5106299269962586,0.5917588784690412,0.3835866573378391,1.0,0.6666666666666666,2.3500559742655738,1.355966413936011,0.576993241345994,"[9.152116894160674, 6.030395623632671, 5.244154995828218, 4.057461685584984, 3.5106299269962586]","[[2, 3], [3, 4], [3, 4], [3, 4]]","[true, true, true, true, true]",0,4.0,0,1,1,"[[5, 8], [5, 8], [5, 8], [5, 8], [5, 8]]","[[7, 10], [7, 10], [7, 10], [7, 10], [7, 10]]","[[2, 2], [2, 2], [2, 2], [2, 2], [2, 2]]","[[1.25, 2.0], [1.25, 2.0], [1.25, 2.0], [1.25, 2.0], [1.25, 2.0]]","[5.0, 8.0]",0.5,0.9945086833010672,0.866838625000014
03_parameter_sensitivity|control_points_16|harmonic_loop--demand_conflict|n0_d1_m0|25006|v11_full,03_parameter_sensitivity,independent_seeded,S25006,25006,harmonic_loop--demand_conflict,harmonic_loop,demand_conflict,nominal_control_points,16,16,v11_full,0.25,5,0.65,n0_d1_m0,0.0,4,1.0,8.536642392877095,2.8430190174569114,0.5885505188159135,0.3330371458255184,1.0,0.6666666666666666,2.3239425180567728,1.1236060361654316,0.4834913202177501,"[8.536642392877095, 5.95939358569828, 5.000858023944428, 3.4468989222852295, 2.8430190174569114]","[[2, 3], [3, 4], [3, 4], [3, 4]]","[true, true, true, true, true]",0,4.0,0,1,1,"[[6, 7], [6, 7], [6, 7], [6, 7], [6, 7]]","[[8, 9], [8, 9], [8, 9], [8, 9], [8, 9]]","[[2, 2], [2, 2], [2, 2], [2, 2], [2, 2]]","[[1.5, 1.75], [1.5, 1.75], [1.5, 1.75], [1.5, 1.75], [1.5, 1.75]]","[6.0, 7.0]",1.0,0.9995422242098192,0.840038083999957
03_parameter_sensitivity|control_points_16|harmonic_loop--demand_conflict|n1_d1_m1|25001|v11_full,03_parameter_sensitivity,independent_seeded,S25001,25001,harmonic_loop--demand_conflict,harmonic_loop,demand_conflict,nominal_control_points,16,16,v11_full,0.25,5,0.65,n1_d1_m1,0.05,4,1.7,8.86701486508597,3.1314235538147934,0.6183000680379516,0.3531542014376033,1.0,0.6666666666666666,2.4949899882297855,1.1915530032050814,0.4775782703843623,"[8.86701486508597, 6.810739756330346, 5.392087463825412, 3.727857147898594, 3.1314235538147934]","[[2, 3], [3, 4], [3, 4], [3, 4]]","[true, true, true, true, true]",0,4.0,0,1,1,"[[7, 7], [7, 7], [7, 7], [7, 7], [7, 7]]","[[9, 9], [9, 9], [9, 9], [9, 9], [9, 9]]","[[2, 2], [2, 2], [2, 2], [2, 2], [2, 2]]","[[1.75, 1.75], [1.75, 1.75], [1.75, 1.75], [1.75, 1.75], [1.75, 1.75]]","[7.0, 7.0]",0.5,0.9988977059463773,1.0458968749999826
03_parameter_sensitivity|control_points_16|harmonic_loop--demand_conflict|n1_d1_m1|25002|v11_full,03_parameter_sensitivity,independent_seeded,S25002,25002,harmonic_loop--demand_conflict,harmonic_loop,demand_conflict,nominal_control_points,16,16,v11_full,0.25,5,0.65,n1_d1_m1,0.05,4,1.7,7.544353028411633,1.0619499022758174,0.4347430174140743,0.14076089735946481,0.8333333333333334,0.16666666666666666,1.8750192561065957,0.2511990899110925,0.1339714720758109,"[7.544353028411633, 4.392401137222928, 2.7218982632341424, 1.7019683342339362, 1.0619499022758174]","[[2, 3], [2, 4], [3, 4], [2, 4]]","[true, true, true, true, true]",0,4.0,0,1,1,"[[7, 5], [7, 5], [7, 5], [7, 5], [7, 5]]","[[9, 7], [9, 7], [9, 7], [9, 7], [9, 7]]","[[2, 2], [2, 2], [2, 2], [2, 2], [2, 2]]","[[1.75, 1.25], [1.75, 1.25], [1.75, 1.25], [1.75, 1.25], [1.75, 1.25]]","[7.0, 5.0]",1.0,0.9974413022342673,0.7488135840000041
03_parameter_sensitivity|control_points_16|harmonic_loop--demand_conflict|n1_d1_m1|25003|v11_full,03_parameter_sensitivity,independent_seeded,S25003,25003,harmonic_loop--demand_conflict,harmonic_loop,demand_conflict,nominal_control_points,16,16,v11_full,0.25,5,0.65,n1_d1_m1,0.05,4,1.7,8.238858540839244,2.9668863019186977,0.5818774492277193,0.3601089018839348,0.8333333333333334,0.6666666666666666,2.1077823925540953,1.1890999431186204,0.5641473936394991,"[8.238858540839244, 5.192007707218033, 4.489629259569595, 3.8915145809995977, 2.9668863019186977]","[[2, 3], [3, 4], [3, 4], [3, 4]]","[true, true, true, true, true]",0,4.0,0,1,1,"[[4, 7], [4, 7], [4, 7], [4, 7], [4, 7]]","[[6, 9], [6, 9], [6, 9], [6, 9], [6, 9]]","[[2, 2], [2, 2], [2, 2], [2, 2], [2, 2]]","[[1.0, 1.75], [1.0, 1.75], [1.0, 1.75], [1.0, 1.75], [1.0, 1.75]]","[4.0, 7.0]",1.0,0.994902878566774,1.0661148340000182
03_parameter_sensitivity|control_points_16|harmonic_loop--demand_conflict|n1_d1_m1|25004|v11_full,03_parameter_sensitivity,independent_seeded,S25004,25004,harmonic_loop--demand_conflict,harmonic_loop,demand_conflict,nominal_control_points,16,16,v11_full,0.25,5,0.65,n1_d1_m1,0.05,4,1.7,7.294331283118729,2.4491441067368775,0.5705882081494781,0.3357599225586219,1.0,0.6666666666666666,1.8835316528462713,0.9081717642363364,0.482164322996094,"[7.294331283118729, 4.7424787018316845, 3.7952494707759916, 3.2387717983981164, 2.4491441067368775]","[[2, 3], [3, 4], [3, 4], [3, 4]]","[true, true, true, true, true]",0,4.0,0,1,1,"[[4, 7], [4, 7], [4, 7], [4, 7], [4, 7]]","[[6, 9], [6, 9], [6, 9], [6, 9], [6, 9]]","[[2, 2], [2, 2], [2, 2], [2, 2], [2, 2]]","[[1.0, 1.75], [1.0, 1.75], [1.0, 1.75], [1.0, 1.75], [1.0, 1.75]]","[4.0, 7.0]",0.5,0.9956364522239283,0.9392659170000002
03_parameter_sensitivity|control_points_16|harmonic_loop--demand_conflict|n1_d1_m1|25005|v11_full,03_parameter_sensitivity,independent_seeded,S25005,25005,harmonic_loop--demand_conflict,harmonic_loop,demand_conflict,nominal_control_points,16,16,v11_full,0.25,5,0.65,n1_d1_m1,0.05,4,1.7,9.516513563736712,3.93949635956235,0.6417705980076965,0.4139642457479443,0.8333333333333334,0.8333333333333334,2.420289824794433,1.5683549414755005,0.6480029479976467,"[9.516513563736712, 6.775810702624824, 6.348444495962325, 4.577414242753981, 3.93949635956235]","[[2, 3], [3, 4], [3, 4], [3, 4]]","[true, true, true, true, true]",0,4.0,0,1,1,"[[4, 8], [5, 8], [5, 8], [5, 8], [5, 9]]","[[6, 10], [7, 10], [7, 10], [7, 10], [7, 11]]","[[2, 2], [2, 2], [2, 2], [2, 2], [2, 2]]","[[1.0, 2.0], [1.125, 2.0], [1.25, 2.0], [1.25, 2.0], [1.25, 2.0]]","[5.0, 8.0]",0.5,0.9911495169301723,1.1311447919999864
03_parameter_sensitivity|control_points_16|harmonic_loop--demand_conflict|n1_d1_m1|25006|v11_full,03_parameter_sensitivity,independent_seeded,S25006,25006,harmonic_loop--demand_conflict,harmonic_loop,demand_conflict,nominal_control_points,16,16,v11_full,0.25,5,0.65,n1_d1_m1,0.05,4,1.7,7.923445882788174,2.4930743831563094,0.584275932637413,0.31464522128837,1.0,0.6666666666666666,2.1567230813337837,0.9920964780844947,0.4600017900633548,"[7.923445882788174, 5.522948059701483, 4.520678644636028, 3.266028094162764, 2.4930743831563094]","[[2, 3], [3, 4], [3, 4], [3, 4]]","[true, true, true, true, true]",0,4.0,0,1,1,"[[6, 7], [6, 7], [6, 7], [6, 7], [6, 7]]","[[8, 9], [8, 9], [8, 9], [8, 9], [8, 9]]","[[2, 2], [2, 2], [2, 2], [2, 2], [2, 2]]","[[1.5, 1.75], [1.5, 1.75], [1.5, 1.75], [1.5, 1.75], [1.5, 1.75]]","[6.0, 7.0]",1.0,0.9993111267034048,0.9421134589999838
03_parameter_sensitivity|control_points_16|rounded_square--demand_conflict|n0_d1_m0|25001|v11_full,03_parameter_sensitivity,independent_seeded,S25001,25001,rounded_square--demand_conflict,rounded_square,demand_conflict,nominal_control_points,16,16,v11_full,0.25,5,0.65,n0_d1_m0,0.0,4,1.0,12.878324196240044,9.620932582742157,0.844927486913027,0.747064015172959,1.0,1.0,2.734247150516419,2.199126939489027,0.8042897435492167,"[12.878324196240044, 9.620932582742157, 10.995134742188169, 10.995134742188169, 10.949272459765606]","[[1, 2], [1, 2], [1, 2], [1, 2]]","[true, true, false, false, false]",3,0.5,0,1,1,"[[7, 7], [7, 7], [7, 7], [7, 7], [7, 7]]","[[9, 9], [9, 9], [9, 9], [9, 9], [9, 9]]","[[2, 2], [2, 2], [2, 2], [2, 2], [2, 2]]","[[1.75, 1.75], [1.75, 1.75], [1.75, 1.75], [1.75, 1.75], [1.75, 1.75]]","[7.0, 7.0]",0.5,0.9995957452182391,0.9392787499999713
03_parameter_sensitivity|control_points_16|rounded_square--demand_conflict|n0_d1_m0|25002|v11_full,03_parameter_sensitivity,independent_seeded,S25002,25002,rounded_square--demand_conflict,rounded_square,demand_conflict,nominal_control_points,16,16,v11_full,0.25,5,0.65,n0_d1_m0,0.0,4,1.0,10.609358139352715,9.441923448984534,0.9642550310666389,0.8899617983450028,0.8333333333333334,0.8333333333333334,2.4987575237146307,1.8060358439759507,0.7227735491882037,"[10.609358139352715, 11.005905922442755, 10.401484623732788, 9.441923448984534, 9.533029568396334]","[[2, 4], [2, 4], [2, 3], [2, 3]]","[true, false, true, true, false]",2,1.3224999999999998,0,1,1,"[[7, 5], [7, 5], [7, 5], [7, 5], [7, 5]]","[[9, 7], [9, 7], [9, 7], [9, 7], [9, 7]]","[[2, 2], [2, 2], [2, 2], [2, 2], [2, 2]]","[[1.75, 1.25], [1.75, 1.25], [1.75, 1.25], [1.75, 1.25], [1.75, 1.25]]","[7.0, 5.0]",1.0,0.9962334363559142,0.9020512920000101
03_parameter_sensitivity|control_points_16|rounded_square--demand_conflict|n0_d1_m0|25003|v11_full,03_parameter_sensitivity,independent_seeded,S25003,25003,rounded_square--demand_conflict,rounded_square,demand_conflict,nominal_control_points,16,16,v11_full,0.25,5,0.65,n0_d1_m0,0.0,4,1.0,12.667453428070658,7.164813232437423,0.661667794218405,0.5656080184641085,1.0,0.8333333333333334,2.9130061268567298,1.7455179877554612,0.5992153506518563,"[12.667453428070658, 8.748675369215993, 7.601818163471787, 7.2599570095217265, 7.164813232437423]","[[1, 4], [1, 4], [2, 4], [1, 4]]","[true, true, true, true, true]",0,4.0,0,1,1,"[[4, 7], [4, 7], [4, 7], [4, 7], [4, 7]]","[[6, 9], [6, 9], [6, 9], [6, 9], [6, 9]]","[[2, 2], [2, 2], [2, 2], [2, 2], [2, 2]]","[[1.0, 1.75], [1.0, 1.75], [1.0, 1.75], [1.0, 1.75], [1.0, 1.75]]","[4.0, 7.0]",1.0,0.9915820176527433,1.0124210420000281
03_parameter_sensitivity|control_points_16|rounded_square--demand_conflict|n0_d1_m0|25004|v11_full,03_parameter_sensitivity,independent_seeded,S25004,25004,rounded_square--demand_conflict,rounded_square,demand_conflict,nominal_control_points,16,16,v11_full,0.25,5,0.65,n0_d1_m0,0.0,4,1.0,10.936409882598811,5.551720988199689,0.613230868699802,0.5076365139745875,1.0,0.6666666666666666,2.4692788937523678,1.3395773165586542,0.5424973744148457,"[10.936409882598811, 7.024581169329279, 5.955813971290562, 5.601715955033583, 5.551720988199689]","[[1, 4], [1, 4], [2, 4], [1, 4]]","[true, true, true, true, true]",0,4.0,0,1,1,"[[4, 7], [4, 7], [4, 7], [4, 7], [4, 7]]","[[6, 9], [6, 9], [6, 9], [6, 9], [6, 9]]","[[2, 2], [2, 2], [2, 2], [2, 2], [2, 2]]","[[1.0, 1.75], [1.0, 1.75], [1.0, 1.75], [1.0, 1.75], [1.0, 1.75]]","[4.0, 7.0]",0.5,0.9943474249817903,1.3167627909999737
03_parameter_sensitivity|control_points_16|rounded_square--demand_conflict|n0_d1_m0|25005|v11_full,03_parameter_sensitivity,independent_seeded,S25005,25005,rounded_square--demand_conflict,rounded_square,demand_conflict,nominal_control_points,16,16,v11_full,0.25,5,0.65,n0_d1_m0,0.0,4,1.0,13.449428834251158,8.110172607464914,0.6972890771045419,0.6030124184018165,1.0,0.8333333333333334,3.021275814696837,2.311218739875276,0.7649810482818133,"[13.449428834251158, 9.78148084810634, 8.68938732543096, 8.261890383277478, 8.110172607464914]","[[1, 4], [1, 4], [1, 4], [1, 4]]","[true, true, true, true, true]",0,4.0,0,1,1,"[[5, 8], [5, 8], [5, 8], [5, 8], [5, 8]]","[[7, 10], [7, 10], [7, 10], [7, 10], [7, 10]]","[[2, 2], [2, 2], [2, 2], [2, 2], [2, 2]]","[[1.25, 2.0], [1.25, 2.0], [1.25, 2.0], [1.25, 2.0], [1.25, 2.0]]","[5.0, 8.0]",0.5,0.9922325535142348,1.1270354999999768
03_parameter_sensitivity|control_points_16|rounded_square--demand_conflict|n0_d1_m0|25006|v11_full,03_parameter_sensitivity,independent_seeded,S25006,25006,rounded_square--demand_conflict,rounded_square,demand_conflict,nominal_control_points,16,16,v11_full,0.25,5,0.65,n0_d1_m0,0.0,4,1.0,12.668752557348686,7.810121293122726,0.7008602283455794,0.6164870027864232,1.0,0.8333333333333334,2.6027135139067417,1.9759703596328304,0.7591962577036944,"[12.668752557348686, 9.134959972653746, 8.151845028245846, 7.9898573146528715, 7.810121293122726]","[[1, 2], [1, 4], [1, 4], [1, 4]]","[true, true, true, true, true]",0,4.0,0,1,1,"[[6, 7], [6, 7], [6, 7], [6, 7], [6, 7]]","[[8, 9], [8, 9], [8, 9], [8, 9], [8, 9]]","[[2, 2], [2, 2], [2, 2], [2, 2], [2, 2]]","[[1.5, 1.75], [1.5, 1.75], [1.5, 1.75], [1.5, 1.75], [1.5, 1.75]]","[6.0, 7.0]",1.0,0.9992964370037591,1.1011634580000305
03_parameter_sensitivity|control_points_16|rounded_square--demand_conflict|n1_d1_m1|25001|v11_full,03_parameter_sensitivity,independent_seeded,S25001,25001,rounded_square--demand_conflict,rounded_square,demand_conflict,nominal_control_points,16,16,v11_full,0.25,5,0.65,n1_d1_m1,0.05,4,1.7,13.018710329567652,9.71220176839002,0.7840003468488963,0.7460187316966411,1.0,0.8333333333333334,2.7142490987481973,2.068295124346927,0.7620137463804696,"[13.018710329567652, 9.86213845115173, 9.859406342310017, 9.71220176839002, 9.767183857979601]","[[1, 2], [1, 2], [2, 3], [2, 4]]","[true, true, true, true, false]",1,2.0,0,1,1,"[[7, 7], [7, 7], [7, 7], [7, 7], [7, 7]]","[[9, 9], [9, 9], [9, 9], [9, 9], [9, 9]]","[[2, 2], [2, 2], [2, 2], [2, 2], [2, 2]]","[[1.75, 1.75], [1.75, 1.75], [1.75, 1.75], [1.75, 1.75], [1.75, 1.75]]","[7.0, 7.0]",0.5,0.9994053009116399,1.1625304169999708
03_parameter_sensitivity|control_points_16|rounded_square--demand_conflict|n1_d1_m1|25002|v11_full,03_parameter_sensitivity,independent_seeded,S25002,25002,rounded_square--demand_conflict,rounded_square,demand_conflict,nominal_control_points,16,16,v11_full,0.25,5,0.65,n1_d1_m1,0.05,4,1.7,9.938895279283194,8.537356045679976,0.9523118695928374,0.858984404783436,0.8333333333333334,0.8333333333333334,2.3335768553918896,1.6126116189483168,0.6910471430252091,"[9.938895279283194, 10.233467208455222, 9.745931346485431, 8.537356045679976, 8.747019080288393]","[[2, 4], [2, 4], [2, 3], [2, 3]]","[true, false, true, true, false]",2,1.3224999999999998,0,1,1,"[[7, 5], [7, 5], [7, 5], [7, 5], [7, 5]]","[[9, 7], [9, 7], [9, 7], [9, 7], [9, 7]]","[[2, 2], [2, 2], [2, 2], [2, 2], [2, 2]]","[[1.75, 1.25], [1.75, 1.25], [1.75, 1.25], [1.75, 1.25], [1.75, 1.25]]","[7.0, 5.0]",1.0,0.9964956630256272,1.1729265000000169
03_parameter_sensitivity|control_points_16|rounded_square--demand_conflict|n1_d1_m1|25003|v11_full,03_parameter_sensitivity,independent_seeded,S25003,25003,rounded_square--demand_conflict,rounded_square,demand_conflict,nominal_control_points,16,16,v11_full,0.25,5,0.65,n1_d1_m1,0.05,4,1.7,12.197438303545976,6.655858587471718,0.6474035065922367,0.5456767578432237,1.0,0.8333333333333334,2.8509579756317676,1.637965498212679,0.574531617867748,"[12.197438303545976, 8.282175261036638, 7.1185700107842, 6.759263599302825, 6.655858587471718]","[[1, 4], [1, 4], [2, 4], [1, 4]]","[true, true, true, true, true]",0,4.0,0,1,1,"[[4, 7], [4, 7], [4, 7], [4, 7], [4, 7]]","[[6, 9], [6, 9], [6, 9], [6, 9], [6, 9]]","[[2, 2], [2, 2], [2, 2], [2, 2], [2, 2]]","[[1.0, 1.75], [1.0, 1.75], [1.0, 1.75], [1.0, 1.75], [1.0, 1.75]]","[4.0, 7.0]",1.0,0.9915197939525313,1.1958271670000045
03_parameter_sensitivity|control_points_16|rounded_square--demand_conflict|n1_d1_m1|25004|v11_full,03_parameter_sensitivity,independent_seeded,S25004,25004,rounded_square--demand_conflict,rounded_square,demand_conflict,nominal_control_points,16,16,v11_full,0.25,5,0.65,n1_d1_m1,0.05,4,1.7,10.811479195275698,5.265908893708008,0.6046859639246577,0.48706645950991206,1.0,0.6666666666666666,2.5216385907499954,1.220188453628711,0.4838871272452243,"[10.811479195275698, 6.891920703409518, 5.753857804400633, 5.465726322284668, 5.265908893708008]","[[1, 4], [1, 4], [1, 4], [2, 4]]","[true, true, true, true, true]",0,4.0,0,1,1,"[[4, 7], [4, 7], [4, 7], [4, 7], [4, 7]]","[[6, 9], [6, 9], [6, 9], [6, 9], [6, 9]]","[[2, 2], [2, 2], [2, 2], [2, 2], [2, 2]]","[[1.0, 1.75], [1.0, 1.75], [1.0, 1.75], [1.0, 1.75], [1.0, 1.75]]","[4.0, 7.0]",0.5,0.9927558450136711,1.1731536249999976
03_parameter_sensitivity|control_points_16|rounded_square--demand_conflict|n1_d1_m1|25005|v11_full,03_parameter_sensitivity,independent_seeded,S25005,25005,rounded_square--demand_conflict,rounded_square,demand_conflict,nominal_control_points,16,16,v11_full,0.25,5,0.65,n1_d1_m1,0.05,4,1.7,13.809962620752362,8.264205547215255,0.696884080323115,0.5984234551653713,1.0,0.8333333333333334,3.3028687880947087,2.2413299726723186,0.6786009728122597,"[13.809962620752362, 10.069493187949563, 8.96155573569877, 8.427639393406274, 8.264205547215255]","[[1, 4], [1, 4], [1, 4], [1, 2]]","[true, true, true, true, true]",0,4.0,0,1,1,"[[4, 8], [4, 8], [4, 8], [4, 8], [4, 8]]","[[6, 10], [6, 10], [6, 10], [6, 10], [6, 10]]","[[2, 2], [2, 2], [2, 2], [2, 2], [2, 2]]","[[1.0, 2.0], [1.0, 2.0], [1.0, 2.0], [1.0, 2.0], [1.0, 2.0]]","[4.0, 8.0]",1.0,0.9870590782583558,1.2572330419999957
03_parameter_sensitivity|control_points_16|rounded_square--demand_conflict|n1_d1_m1|25006|v11_full,03_parameter_sensitivity,independent_seeded,S25006,25006,rounded_square--demand_conflict,rounded_square,demand_conflict,nominal_control_points,16,16,v11_full,0.25,5,0.65,n1_d1_m1,0.05,4,1.7,11.789988627730645,6.9390100592417845,0.672950431233888,0.5885510392199094,1.0,0.8333333333333334,2.4148354352553416,1.5553497963703666,0.6440810722184495,"[11.789988627730645, 8.252539528514848, 7.134067246489419, 6.9390100592417845, 7.031401153969039]","[[1, 2], [1, 4], [2, 4], [2, 4]]","[true, true, true, true, false]",1,2.0,0,1,1,"[[6, 7], [6, 7], [6, 7], [6, 7], [6, 7]]","[[8, 9], [8, 9], [8, 9], [8, 9], [8, 9]]","[[2, 2], [2, 2], [2, 2], [2, 2], [2, 2]]","[[1.5, 1.75], [1.5, 1.75], [1.5, 1.75], [1.5, 1.75], [1.5, 1.75]]","[6.0, 7.0]",1.0,0.998799907432504,1.1417622499999993
03_parameter_sensitivity|control_points_16|s_curve--demand_conflict|n0_d1_m0|25001|v11_full,03_parameter_sensitivity,independent_seeded,S25001,25001,s_curve--demand_conflict,s_curve,demand_conflict,nominal_control_points,16,16,v11_full,0.25,5,0.65,n0_d1_m0,0.0,4,1.0,5.889184724160488,0.8538214894002176,0.4059147869008761,0.14498127149882042,0.8333333333333334,0.16666666666666666,1.4287283043904688,0.784847825893268,0.5493331541633478,"[5.889184724160488, 3.1659340469976582, 1.8642027335115343, 1.1603887620204532, 0.8538214894002176]","[[2, 4], [2, 4], [2, 4], [2, 4]]","[true, true, true, true, true]",0,4.0,0,1,1,"[[7, 7], [7, 7], [7, 7], [7, 7], [7, 7]]","[[9, 9], [9, 9], [9, 9], [9, 9], [9, 9]]","[[2, 2], [2, 2], [2, 2], [2, 2], [2, 2]]","[[1.75, 1.75], [1.75, 1.75], [1.75, 1.75], [1.75, 1.75], [1.75, 1.75]]","[7.0, 7.0]",0.5,0.9994657773098202,0.8591207090000239
03_parameter_sensitivity|control_points_16|s_curve--demand_conflict|n0_d1_m0|25002|v11_full,03_parameter_sensitivity,independent_seeded,S25002,25002,s_curve--demand_conflict,s_curve,demand_conflict,nominal_control_points,16,16,v11_full,0.25,5,0.65,n0_d1_m0,0.0,4,1.0,4.161383072292191,0.38960405001172743,0.34770219286984716,0.0936236927106843,0.6666666666666666,0.0,1.147711003813104,0.30225102338270077,0.26335115928880654,"[4.161383072292191, 1.9183330920529627, 0.9691275464023839, 0.6247338788225194, 0.38960405001172743]","[[2, 4], [2, 4], [2, 4], [2, 3]]","[true, true, true, true, true]",0,4.0,0,1,1,"[[7, 5], [7, 5], [7, 5], [7, 5], [7, 5]]","[[9, 7], [9, 7], [9, 7], [9, 7], [9, 7]]","[[2, 2], [2, 2], [2, 2], [2, 2], [2, 2]]","[[1.75, 1.25], [1.75, 1.25], [1.75, 1.25], [1.75, 1.25], [1.75, 1.25]]","[7.0, 5.0]",1.0,0.9961365870617123,0.6736197500000003
03_parameter_sensitivity|control_points_16|s_curve--demand_conflict|n0_d1_m0|25003|v11_full,03_parameter_sensitivity,independent_seeded,S25003,25003,s_curve--demand_conflict,s_curve,demand_conflict,nominal_control_points,16,16,v11_full,0.25,5,0.65,n0_d1_m0,0.0,4,1.0,7.045089738078795,1.6761381943046318,0.4658823409198772,0.2379158047121933,1.0,0.3333333333333333,1.4769385389837075,0.9754557696943116,0.6604579296613995,"[7.045089738078795, 4.060097961055622, 2.6920504016684004, 2.0159692677512786, 1.6761381943046318]","[[2, 4], [3, 4], [2, 4], [2, 4]]","[true, true, true, true, true]",0,4.0,0,1,1,"[[4, 7], [5, 7], [5, 7], [4, 7], [4, 7]]","[[6, 9], [7, 9], [7, 9], [6, 9], [6, 9]]","[[2, 2], [2, 2], [2, 2], [2, 2], [2, 2]]","[[1.0, 1.75], [1.125, 1.75], [1.25, 1.75], [1.125, 1.75], [1.0, 1.75]]","[4.0, 7.0]",1.0,0.9908568970955312,0.9156435000000442
03_parameter_sensitivity|control_points_16|s_curve--demand_conflict|n0_d1_m0|25004|v11_full,03_parameter_sensitivity,independent_seeded,S25004,25004,s_curve--demand_conflict,s_curve,demand_conflict,nominal_control_points,16,16,v11_full,0.25,5,0.65,n0_d1_m0,0.0,4,1.0,5.9434022494458185,0.61871798552493,0.3677784908691235,0.10410165079818065,1.0,0.0,1.271164962007702,0.41130465933574983,0.32356513247983765,"[5.9434022494458185, 2.8485762396810665, 1.6236393884596136, 0.9901462940912941, 0.61871798552493]","[[2, 4], [3, 4], [2, 3], [2, 3]]","[true, true, true, true, true]",0,4.0,0,1,1,"[[4, 7], [4, 7], [5, 7], [4, 7], [5, 7]]","[[6, 9], [6, 9], [7, 9], [6, 9], [7, 9]]","[[2, 2], [2, 2], [2, 2], [2, 2], [2, 2]]","[[1.0, 1.75], [1.0, 1.75], [1.0, 1.75], [1.0, 1.75], [1.0, 1.75]]","[4.0, 7.0]",0.5,0.9950143637829967,0.7074520000000462
03_parameter_sensitivity|control_points_16|s_curve--demand_conflict|n0_d1_m0|25005|v11_full,03_parameter_sensitivity,independent_seeded,S25005,25005,s_curve--demand_conflict,s_curve,demand_conflict,nominal_control_points,16,16,v11_full,0.25,5,0.65,n0_d1_m0,0.0,4,1.0,7.462057935954583,2.0289662458560462,0.5040549394077994,0.2719043812404401,1.0,0.3333333333333333,1.576170369395593,1.1405908019598547,0.7236469001743967,"[7.462057935954583, 4.631570630485068, 3.2212968628109095, 2.4467690588590125, 2.0289662458560462]","[[2, 4], [3, 4], [2, 4], [2, 4]]","[true, true, true, true, true]",0,4.0,0,1,1,"[[5, 8], [5, 8], [5, 8], [5, 8], [5, 8]]","[[7, 10], [7, 10], [7, 10], [7, 10], [7, 10]]","[[2, 2], [2, 2], [2, 2], [2, 2], [2, 2]]","[[1.25, 2.0], [1.25, 2.0], [1.25, 2.0], [1.25, 2.0], [1.25, 2.0]]","[5.0, 8.0]",0.5,0.9901719577721266,0.9542567920000238
03_parameter_sensitivity|control_points_16|s_curve--demand_conflict|n0_d1_m0|25006|v11_full,03_parameter_sensitivity,independent_seeded,S25006,25006,s_curve--demand_conflict,s_curve,demand_conflict,nominal_control_points,16,16,v11_full,0.25,5,0.65,n0_d1_m0,0.0,4,1.0,6.272329677264286,1.4026275404506394,0.4471134465491793,0.22362146325548435,0.6666666666666666,0.16666666666666666,1.420736810112284,0.9230663448361718,0.6497096001638895,"[6.272329677264286, 3.5035886222212147, 2.246064723706442, 1.6306398047922268, 1.4026275404506394]","[[2, 4], [2, 4], [2, 4], [2, 4]]","[true, true, true, true, true]",0,4.0,0,1,1,"[[6, 7], [6, 7], [6, 7], [6, 7], [6, 7]]","[[8, 9], [8, 9], [8, 9], [8, 9], [8, 9]]","[[2, 2], [2, 2], [2, 2], [2, 2], [2, 2]]","[[1.5, 1.75], [1.5, 1.75], [1.5, 1.75], [1.5, 1.75], [1.5, 1.75]]","[6.0, 7.0]",1.0,0.9990662086699369,0.9363518330000034
03_parameter_sensitivity|control_points_16|s_curve--demand_conflict|n1_d1_m1|25001|v11_full,03_parameter_sensitivity,independent_seeded,S25001,25001,s_curve--demand_conflict,s_curve,demand_conflict,nominal_control_points,16,16,v11_full,0.25,5,0.65,n1_d1_m1,0.05,4,1.7,6.172442865761097,0.9274271120602271,0.4233744778357131,0.15025284676261969,0.6666666666666666,0.16666666666666666,1.4814461802864705,0.9317880866500209,0.6289719458251524,"[6.172442865761097, 3.499347128124178, 2.1009931786077547, 1.3027438054069118, 0.9274271120602271]","[[2, 4], [2, 4], [2, 4], [2, 4]]","[true, true, true, true, true]",0,4.0,0,1,1,"[[7, 7], [7, 7], [7, 7], [7, 7], [7, 7]]","[[9, 9], [9, 9], [9, 9], [9, 9], [9, 9]]","[[2, 2], [2, 2], [2, 2], [2, 2], [2, 2]]","[[1.75, 1.75], [1.75, 1.75], [1.75, 1.75], [1.75, 1.75], [1.75, 1.75]]","[7.0, 7.0]",0.5,0.9961052489250812,0.9886644169999954
03_parameter_sensitivity|control_points_16|s_curve--demand_conflict|n1_d1_m1|25002|v11_full,03_parameter_sensitivity,independent_seeded,S25002,25002,s_curve--demand_conflict,s_curve,demand_conflict,nominal_control_points,16,16,v11_full,0.25,5,0.65,n1_d1_m1,0.05,4,1.7,3.758444249514037,0.42620758530113945,0.3768940262117195,0.11340000197056206,0.6666666666666666,0.0,1.0611032107692642,0.251842660930104,0.23734040041922644,"[3.758444249514037, 1.707064642097294, 1.11829139877195, 0.748458783689687, 0.42620758530113945]","[[3, 4], [2, 4], [2, 3], [2, 3]]","[true, true, true, true, true]",0,4.0,0,1,1,"[[7, 5], [7, 5], [7, 5], [7, 5], [7, 5]]","[[9, 7], [9, 7], [9, 7], [9, 7], [9, 7]]","[[2, 2], [2, 2], [2, 2], [2, 2], [2, 2]]","[[1.75, 1.25], [1.75, 1.25], [1.75, 1.25], [1.75, 1.25], [1.75, 1.25]]","[7.0, 5.0]",1.0,0.9936900678524752,1.164639832999967
03_parameter_sensitivity|control_points_16|s_curve--demand_conflict|n1_d1_m1|25003|v11_full,03_parameter_sensitivity,independent_seeded,S25003,25003,s_curve--demand_conflict,s_curve,demand_conflict,nominal_control_points,16,16,v11_full,0.25,5,0.65,n1_d1_m1,0.05,4,1.7,6.782231339764961,1.2346087967557091,0.4262367577611582,0.18203578363908987,1.0,0.3333333333333333,1.4324861151779118,0.8635230728608955,0.6028142707363329,"[6.782231339764961, 3.7002322950944215, 2.2670328839696503, 1.587659939265727, 1.2346087967557091]","[[3, 4], [3, 4], [2, 4], [2, 4]]","[true, true, true, true, true]",0,4.0,0,1,1,"[[4, 7], [4, 7], [5, 7], [4, 7], [4, 7]]","[[6, 9], [6, 9], [7, 9], [6, 9], [6, 9]]","[[2, 2], [2, 2], [2, 2], [2, 2], [2, 2]]","[[1.0, 1.75], [1.0, 1.75], [1.0, 1.75], [1.0, 1.75], [1.0, 1.75]]","[4.0, 7.0]",1.0,0.9889170844317916,0.896273916000041
03_parameter_sensitivity|control_points_16|s_curve--demand_conflict|n1_d1_m1|25004|v11_full,03_parameter_sensitivity,independent_seeded,S25004,25004,s_curve--demand_conflict,s_curve,demand_conflict,nominal_control_points,16,16,v11_full,0.25,5,0.65,n1_d1_m1,0.05,4,1.7,5.921960720002671,0.6380908549636766,0.37226658881162483,0.10774993032432487,1.0,0.0,1.2802005558494474,0.38604011224314566,0.30154659008642415,"[5.921960720002671, 2.8520645704197958, 1.6689906739207612, 1.017111433423581, 0.6380908549636766]","[[2, 4], [3, 4], [2, 3], [2, 3]]","[true, true, true, true, true]",0,4.0,0,1,1,"[[4, 7], [4, 7], [4, 7], [4, 7], [4, 7]]","[[6, 9], [6, 9], [6, 9], [6, 9], [6, 9]]","[[2, 2], [2, 2], [2, 2], [2, 2], [2, 2]]","[[1.0, 1.75], [1.0, 1.75], [1.0, 1.75], [1.0, 1.75], [1.0, 1.75]]","[4.0, 7.0]",0.5,0.9913149520973221,0.6082819580000205
03_parameter_sensitivity|control_points_16|s_curve--demand_conflict|n1_d1_m1|25005|v11_full,03_parameter_sensitivity,independent_seeded,S25005,25005,s_curve--demand_conflict,s_curve,demand_conflict,nominal_control_points,16,16,v11_full,0.25,5,0.65,n1_d1_m1,0.05,4,1.7,8.001548923988201,2.3041200741393597,0.5128520903600203,0.2879592558925354,1.0,0.5,1.702043062256288,1.36494614045344,0.8019457149597727,"[8.001548923988201, 5.023686953219975, 3.497987738164328, 2.7399351766931965, 2.3041200741393597]","[[3, 4], [3, 4], [2, 4], [2, 4]]","[true, true, true, true, true]",0,4.0,0,1,1,"[[4, 8], [5, 8], [5, 8], [5, 9], [4, 9]]","[[6, 10], [7, 10], [7, 10], [7, 11], [6, 11]]","[[2, 2], [2, 2], [2, 2], [2, 2], [2, 2]]","[[1.0, 2.0], [1.125, 2.0], [1.25, 2.0], [1.25, 2.0], [1.25, 2.0]]","[5.0, 8.0]",0.5,0.981773045952304,0.9136242910000192
03_parameter_sensitivity|control_points_16|s_curve--demand_conflict|n1_d1_m1|25006|v11_full,03_parameter_sensitivity,independent_seeded,S25006,25006,s_curve--demand_conflict,s_curve,demand_conflict,nominal_control_points,16,16,v11_full,0.25,5,0.65,n1_d1_m1,0.05,4,1.7,5.785333470104064,0.6549106055015325,0.3877235123543316,0.1132018765877211,0.6666666666666666,0.0,1.3243256180748504,0.6104050433602399,0.46091764368915206,"[5.785333470104064, 3.027639332747114, 1.6817729501441725, 1.0429049319851997, 0.6549106055015325]","[[2, 4], [2, 4], [3, 4], [2, 4]]","[true, true, true, true, true]",0,4.0,0,1,1,"[[6, 7], [6, 7], [6, 7], [6, 7], [6, 7]]","[[8, 9], [8, 9], [8, 9], [8, 9], [8, 9]]","[[2, 2], [2, 2], [2, 2], [2, 2], [2, 2]]","[[1.5, 1.75], [1.5, 1.75], [1.5, 1.75], [1.5, 1.75], [1.5, 1.75]]","[6.0, 7.0]",1.0,0.9966060346461229,0.6042274580000253
03_parameter_sensitivity|control_points_8|ellipse--demand_conflict|n0_d1_m0|25001|v11_full,03_parameter_sensitivity,independent_seeded,S25001,25001,ellipse--demand_conflict,ellipse,demand_conflict,nominal_control_points,8,8,v11_full,0.25,5,0.65,n0_d1_m0,0.0,4,1.0,7.931809151646931,1.1114976218065378,0.33633304504748274,0.1401316648643457,0.8333333333333334,0.3333333333333333,2.1742433997047765,0.2878506370009505,0.132391174345998,"[7.931809151646931, 3.2171205835418664, 1.693341815613035, 1.2388023129539767, 1.1114976218065378]","[[2, 3], [3, 4], [3, 4], [3, 4]]","[true, true, true, true, true]",0,4.0,0,1,1,"[[7, 7], [7, 7], [7, 7], [7, 7], [7, 7]]","[[9, 9], [9, 9], [9, 9], [9, 9], [9, 9]]","[[2, 2], [2, 2], [2, 2], [2, 2], [2, 2]]","[[1.75, 1.75], [1.75, 1.75], [1.75, 1.75], [1.75, 1.75], [1.75, 1.75]]","[7.0, 7.0]",0.5,0.9998132337759422,0.32132929099998364
03_parameter_sensitivity|control_points_8|ellipse--demand_conflict|n0_d1_m0|25002|v11_full,03_parameter_sensitivity,independent_seeded,S25002,25002,ellipse--demand_conflict,ellipse,demand_conflict,nominal_control_points,8,8,v11_full,0.25,5,0.65,n0_d1_m0,0.0,4,1.0,7.766290542448517,0.6729203781018216,0.2951878440951246,0.08664630487667367,0.8333333333333334,0.0,1.9704335955951635,0.19887327183147263,0.10092868507522759,"[7.766290542448517, 2.93300888769508, 1.246656665670202, 0.7707872337264816, 0.6729203781018216]","[[2, 3], [2, 3], [3, 4], [3, 4]]","[true, true, true, true, true]",0,4.0,0,1,1,"[[7, 5], [7, 5], [7, 5], [7, 5], [7, 5]]","[[9, 7], [9, 7], [9, 7], [9, 7], [9, 7]]","[[2, 2], [2, 2], [2, 2], [2, 2], [2, 2]]","[[1.75, 1.25], [1.75, 1.25], [1.75, 1.25], [1.75, 1.25], [1.75, 1.25]]","[7.0, 5.0]",1.0,0.9985545382063317,0.30450695800004723
03_parameter_sensitivity|control_points_8|ellipse--demand_conflict|n0_d1_m0|25003|v11_full,03_parameter_sensitivity,independent_seeded,S25003,25003,ellipse--demand_conflict,ellipse,demand_conflict,nominal_control_points,8,8,v11_full,0.25,5,0.65,n0_d1_m0,0.0,4,1.0,7.279743388405482,0.304425499329166,0.3014414062347157,0.04181816351027256,0.6666666666666666,0.0,1.85507896209821,0.11682676069115176,0.06297670507729407,"[7.279743388405482, 3.0532917474198156, 1.3354999945517014, 0.5967881502764509, 0.304425499329166]","[[3, 4], [3, 4], [1, 4], [1, 4]]","[true, true, true, true, true]",0,4.0,0,1,1,"[[4, 7], [4, 7], [4, 7], [4, 7], [4, 7]]","[[6, 9], [6, 9], [6, 9], [6, 9], [6, 9]]","[[2, 2], [2, 2], [2, 2], [2, 2], [2, 2]]","[[1.0, 1.75], [1.0, 1.75], [1.0, 1.75], [1.0, 1.75], [1.0, 1.75]]","[4.0, 7.0]",1.0,0.9965147969987701,0.27857341600002883
03_parameter_sensitivity|control_points_8|ellipse--demand_conflict|n0_d1_m0|25004|v11_full,03_parameter_sensitivity,independent_seeded,S25004,25004,ellipse--demand_conflict,ellipse,demand_conflict,nominal_control_points,8,8,v11_full,0.25,5,0.65,n0_d1_m0,0.0,4,1.0,6.237600449225314,0.2915491103092009,0.2968512227842291,0.04674058761577301,0.6666666666666666,0.0,1.6054979846693018,0.08718530623159217,0.05430421405950906,"[6.237600449225314, 2.5591323079256587, 1.0978721271014313, 0.4849780675736177, 0.2915491103092009]","[[3, 4], [3, 4], [1, 4], [1, 4]]","[true, true, true, true, true]",0,4.0,0,1,1,"[[4, 7], [4, 7], [4, 7], [4, 7], [4, 7]]","[[6, 9], [6, 9], [6, 9], [6, 9], [6, 9]]","[[2, 2], [2, 2], [2, 2], [2, 2], [2, 2]]","[[1.0, 1.75], [1.0, 1.75], [1.0, 1.75], [1.0, 1.75], [1.0, 1.75]]","[4.0, 7.0]",0.5,0.9976800859879211,0.2660847090000402
03_parameter_sensitivity|control_points_8|ellipse--demand_conflict|n0_d1_m0|25005|v11_full,03_parameter_sensitivity,independent_seeded,S25005,25005,ellipse--demand_conflict,ellipse,demand_conflict,nominal_control_points,8,8,v11_full,0.25,5,0.65,n0_d1_m0,0.0,4,1.0,7.539010853039086,0.3051934052067379,0.30143319959217046,0.04048188962133009,0.6666666666666666,0.0,1.9428950434958454,0.12363154341510467,0.06363264131481584,"[7.539010853039086, 3.186458825681406, 1.3789125059372922, 0.6025591920250706, 0.3051934052067379]","[[3, 4], [3, 4], [1, 4], [1, 4]]","[true, true, true, true, true]",0,4.0,0,1,1,"[[5, 8], [5, 8], [5, 8], [5, 8], [5, 8]]","[[7, 10], [7, 10], [7, 10], [7, 10], [7, 10]]","[[2, 2], [2, 2], [2, 2], [2, 2], [2, 2]]","[[1.25, 2.0], [1.25, 2.0], [1.25, 2.0], [1.25, 2.0], [1.25, 2.0]]","[5.0, 8.0]",0.5,0.9963914819995362,0.2868316249999907
03_parameter_sensitivity|control_points_8|ellipse--demand_conflict|n0_d1_m0|25006|v11_full,03_parameter_sensitivity,independent_seeded,S25006,25006,ellipse--demand_conflict,ellipse,demand_conflict,nominal_control_points,8,8,v11_full,0.25,5,0.65,n0_d1_m0,0.0,4,1.0,6.569664275539642,0.28395655932621244,0.29991911912497127,0.04322238510473776,0.8333333333333334,0.0,1.9396508864759971,0.06778464168772697,0.03494682582332106,"[6.569664275539642, 2.776545437793355, 1.173260959618083, 0.504854875022203, 0.28395655932621244]","[[3, 4], [3, 4], [3, 4], [3, 4]]","[true, true, true, true, true]",0,4.0,0,1,1,"[[6, 7], [6, 7], [6, 7], [6, 7], [6, 7]]","[[8, 9], [8, 9], [8, 9], [8, 9], [8, 9]]","[[2, 2], [2, 2], [2, 2], [2, 2], [2, 2]]","[[1.5, 1.75], [1.5, 1.75], [1.5, 1.75], [1.5, 1.75], [1.5, 1.75]]","[6.0, 7.0]",1.0,0.9996607199666454,0.2701074170000197
03_parameter_sensitivity|control_points_8|ellipse--demand_conflict|n1_d1_m1|25001|v11_full,03_parameter_sensitivity,independent_seeded,S25001,25001,ellipse--demand_conflict,ellipse,demand_conflict,nominal_control_points,8,8,v11_full,0.25,5,0.65,n1_d1_m1,0.05,4,1.7,7.488128890501111,0.8828940173429048,0.33377921499865476,0.11790582537419718,0.8333333333333334,0.16666666666666666,2.1265330876573425,0.2372679185204394,0.11157499495191087,"[7.488128890501111, 3.1910515044296135, 1.5877593476707066, 1.0332048254985067, 0.8828940173429048]","[[2, 3], [3, 4], [3, 4], [3, 4]]","[true, true, true, true, true]",0,4.0,0,1,1,"[[7, 7], [7, 7], [7, 7], [7, 7], [7, 7]]","[[9, 9], [9, 9], [9, 9], [9, 9], [9, 9]]","[[2, 2], [2, 2], [2, 2], [2, 2], [2, 2]]","[[1.75, 1.75], [1.75, 1.75], [1.75, 1.75], [1.75, 1.75], [1.75, 1.75]]","[7.0, 7.0]",0.5,0.9996118071067368,0.40578299999998535
03_parameter_sensitivity|control_points_8|ellipse--demand_conflict|n1_d1_m1|25002|v11_full,03_parameter_sensitivity,independent_seeded,S25002,25002,ellipse--demand_conflict,ellipse,demand_conflict,nominal_control_points,8,8,v11_full,0.25,5,0.65,n1_d1_m1,0.05,4,1.7,7.1732068950022025,0.303433138561127,0.2567146029841846,0.04230090432391381,0.8333333333333334,0.0,1.8160957926442736,0.18834281443182385,0.10370753304680738,"[7.1732068950022025, 2.4936688198028425, 0.8796995610413785, 0.303433138561127, 0.20492574757834622]","[[2, 3], [2, 3], [2, 3], [2, 3]]","[true, true, true, true, false]",1,2.0,0,1,1,"[[7, 5], [7, 5], [7, 5], [7, 5], [7, 5]]","[[9, 7], [9, 7], [9, 7], [9, 7], [9, 7]]","[[2, 2], [2, 2], [2, 2], [2, 2], [2, 2]]","[[1.75, 1.25], [1.75, 1.25], [1.75, 1.25], [1.75, 1.25], [1.75, 1.25]]","[7.0, 5.0]",1.0,0.9984303119534428,0.3648067089999927
03_parameter_sensitivity|control_points_8|ellipse--demand_conflict|n1_d1_m1|25003|v11_full,03_parameter_sensitivity,independent_seeded,S25003,25003,ellipse--demand_conflict,ellipse,demand_conflict,nominal_control_points,8,8,v11_full,0.25,5,0.65,n1_d1_m1,0.05,4,1.7,7.073737856536296,0.3445149873152705,0.3042050366270866,0.048703386286350826,0.6666666666666666,0.0,1.7942068458114788,0.1136774884128108,0.06335807305505908,"[7.073737856536296, 2.937935103510685, 1.3261877583386092, 0.634217451177054, 0.3445149873152705]","[[3, 4], [3, 4], [1, 4], [1, 4]]","[true, true, true, true, true]",0,4.0,0,1,1,"[[4, 7], [4, 7], [4, 7], [4, 7], [4, 7]]","[[6, 9], [6, 9], [6, 9], [6, 9], [6, 9]]","[[2, 2], [2, 2], [2, 2], [2, 2], [2, 2]]","[[1.0, 1.75], [1.0, 1.75], [1.0, 1.75], [1.0, 1.75], [1.0, 1.75]]","[4.0, 7.0]",1.0,0.9962357603489154,0.3558922080000002
03_parameter_sensitivity|control_points_8|ellipse--demand_conflict|n1_d1_m1|25004|v11_full,03_parameter_sensitivity,independent_seeded,S25004,25004,ellipse--demand_conflict,ellipse,demand_conflict,nominal_control_points,8,8,v11_full,0.25,5,0.65,n1_d1_m1,0.05,4,1.7,6.272059599870351,0.4227292854814235,0.3028123868951934,0.06739879919032685,0.6666666666666666,0.0,1.5946042184624036,0.0971977803619527,0.06095417234984842,"[6.272059599870351, 2.575036823173177, 1.1372937925885793, 0.5373042943049667, 0.4227292854814235]","[[3, 4], [3, 4], [1, 3], [1, 3]]","[true, true, true, true, true]",0,4.0,0,1,1,"[[4, 7], [4, 7], [4, 7], [4, 7], [4, 7]]","[[6, 9], [6, 9], [6, 9], [6, 9], [6, 9]]","[[2, 2], [2, 2], [2, 2], [2, 2], [2, 2]]","[[1.0, 1.75], [1.0, 1.75], [1.0, 1.75], [1.0, 1.75], [1.0, 1.75]]","[4.0, 7.0]",0.5,0.9968806886322249,0.3398958750000247
03_parameter_sensitivity|control_points_8|ellipse--demand_conflict|n1_d1_m1|25005|v11_full,03_parameter_sensitivity,independent_seeded,S25005,25005,ellipse--demand_conflict,ellipse,demand_conflict,nominal_control_points,8,8,v11_full,0.25,5,0.65,n1_d1_m1,0.05,4,1.7,7.963615217036075,0.40533006007779093,0.30713736053258217,0.050897745437360295,0.6666666666666666,0.0,2.0012392545979276,0.15340881040243096,0.0766569064893006,"[7.963615217036075, 3.3130353886725246, 1.5772711416011314, 0.7089158633996779, 0.40533006007779093]","[[3, 4], [3, 4], [1, 4], [1, 4]]","[true, true, true, true, true]",0,4.0,0,1,1,"[[4, 8], [4, 8], [4, 8], [4, 8], [4, 8]]","[[6, 10], [6, 10], [6, 10], [6, 10], [6, 10]]","[[2, 2], [2, 2], [2, 2], [2, 2], [2, 2]]","[[1.0, 2.0], [1.0, 2.0], [1.0, 2.0], [1.0, 2.0], [1.0, 2.0]]","[4.0, 8.0]",1.0,0.994366678123588,0.35942358399995555
03_parameter_sensitivity|control_points_8|ellipse--demand_conflict|n1_d1_m1|25006|v11_full,03_parameter_sensitivity,independent_seeded,S25006,25006,ellipse--demand_conflict,ellipse,demand_conflict,nominal_control_points,8,8,v11_full,0.25,5,0.65,n1_d1_m1,0.05,4,1.7,6.063825769387071,0.20084839777818084,0.29721516023810024,0.03312238929953334,0.8333333333333334,0.0,1.7925268372907202,0.07187722923159975,0.040098272302710514,"[6.063825769387071, 2.5331445099409486, 1.0822156694716927, 0.4613465278219335, 0.20084839777818084]","[[3, 4], [3, 4], [3, 4], [1, 4]]","[true, true, true, true, true]",0,4.0,0,1,1,"[[6, 7], [6, 7], [6, 7], [6, 7], [6, 7]]","[[8, 9], [8, 9], [8, 9], [8, 9], [8, 9]]","[[2, 2], [2, 2], [2, 2], [2, 2], [2, 2]]","[[1.5, 1.75], [1.5, 1.75], [1.5, 1.75], [1.5, 1.75], [1.5, 1.75]]","[6.0, 7.0]",1.0,0.9992640141621595,0.3216365830000427
03_parameter_sensitivity|control_points_8|figure_eight--demand_conflict|n0_d1_m0|25001|v11_full,03_parameter_sensitivity,independent_seeded,S25001,25001,figure_eight--demand_conflict,figure_eight,demand_conflict,nominal_control_points,8,8,v11_full,0.25,5,0.65,n0_d1_m0,0.0,4,1.0,11.530597929027934,6.177831121044595,0.6500112809782952,0.5357771694989113,0.8333333333333334,0.8333333333333334,3.5406280069014553,1.7041064092598568,0.4813006071064744,"[11.530597929027934, 8.02973207815089, 6.776361935238873, 6.319766382746472, 6.177831121044595]","[[2, 4], [2, 4], [2, 4], [2, 4]]","[true, true, true, true, true]",0,4.0,0,1,1,"[[7, 7], [7, 7], [7, 7], [7, 7], [7, 7]]","[[9, 9], [9, 9], [9, 9], [9, 9], [9, 9]]","[[2, 2], [2, 2], [2, 2], [2, 2], [2, 2]]","[[1.75, 1.75], [1.75, 1.75], [1.75, 1.75], [1.75, 1.75], [1.75, 1.75]]","[7.0, 7.0]",0.5,0.9997508567510455,0.4115597499999808
03_parameter_sensitivity|control_points_8|figure_eight--demand_conflict|n0_d1_m0|25002|v11_full,03_parameter_sensitivity,independent_seeded,S25002,25002,figure_eight--demand_conflict,figure_eight,demand_conflict,nominal_control_points,8,8,v11_full,0.25,5,0.65,n0_d1_m0,0.0,4,1.0,10.205787666034217,3.089108309524036,0.5412544125138915,0.3026820085435314,1.0,0.6666666666666666,2.9412102616826212,0.8000545956720354,0.2720154373507239,"[10.205787666034217, 7.403466704491975, 4.5379818017686215, 3.5068139356437573, 3.089108309524036]","[[1, 4], [2, 3], [2, 4], [2, 4]]","[true, true, true, true, true]",0,4.0,0,1,1,"[[7, 5], [7, 5], [7, 5], [7, 5], [7, 5]]","[[9, 7], [9, 7], [9, 7], [9, 7], [9, 7]]","[[2, 2], [2, 2], [2, 2], [2, 2], [2, 2]]","[[1.75, 1.25], [1.75, 1.25], [1.75, 1.25], [1.75, 1.25], [1.75, 1.25]]","[7.0, 5.0]",1.0,0.997467688064607,0.4257720840000161
03_parameter_sensitivity|control_points_8|figure_eight--demand_conflict|n0_d1_m0|25003|v11_full,03_parameter_sensitivity,independent_seeded,S25003,25003,figure_eight--demand_conflict,figure_eight,demand_conflict,nominal_control_points,8,8,v11_full,0.25,5,0.65,n0_d1_m0,0.0,4,1.0,11.943424306382695,6.745478178680922,0.673111661521757,0.5647859446035142,1.0,1.0,3.434114444626585,2.006998756306781,0.5844297820205627,"[11.943424306382695, 8.288988693291866, 7.487253655404267, 7.036339125286435, 6.745478178680922]","[[2, 4], [2, 4], [2, 4], [3, 4]]","[true, true, true, true, true]",0,4.0,0,1,1,"[[4, 8], [4, 8], [4, 8], [4, 8], [4, 8]]","[[6, 10], [6, 10], [6, 10], [6, 10], [6, 10]]","[[2, 2], [2, 2], [2, 2], [2, 2], [2, 2]]","[[1.0, 2.0], [1.0, 2.0], [1.0, 2.0], [1.0, 2.0], [1.0, 2.0]]","[4.0, 8.0]",0.5,0.9939472482087948,0.48787362499996334
03_parameter_sensitivity|control_points_8|figure_eight--demand_conflict|n0_d1_m0|25004|v11_full,03_parameter_sensitivity,independent_seeded,S25004,25004,figure_eight--demand_conflict,figure_eight,demand_conflict,nominal_control_points,8,8,v11_full,0.25,5,0.65,n0_d1_m0,0.0,4,1.0,10.33382828411624,5.130337942179304,0.6289950666355513,0.4964605372884862,1.0,1.0,2.972442702426152,1.5438807381245994,0.5193979809482824,"[10.33382828411624, 6.795242043358149, 5.919664855991993, 5.552718028174244, 5.130337942179304]","[[2, 4], [2, 4], [3, 4], [2, 4]]","[true, true, true, true, true]",0,4.0,0,1,1,"[[4, 7], [4, 7], [4, 7], [4, 7], [4, 7]]","[[6, 9], [6, 9], [6, 9], [6, 9], [6, 9]]","[[2, 2], [2, 2], [2, 2], [2, 2], [2, 2]]","[[1.0, 1.75], [1.0, 1.75], [1.0, 1.75], [1.0, 1.75], [1.0, 1.75]]","[4.0, 7.0]",0.5,0.9962231031674933,0.4890883329999838
03_parameter_sensitivity|control_points_8|figure_eight--demand_conflict|n0_d1_m0|25005|v11_full,03_parameter_sensitivity,independent_seeded,S25005,25005,figure_eight--demand_conflict,figure_eight,demand_conflict,nominal_control_points,8,8,v11_full,0.25,5,0.65,n0_d1_m0,0.0,4,1.0,12.65732316490088,7.510963729262183,0.6917634459679378,0.5934085455043371,1.0,1.0,3.642795192090087,2.2382047368534135,0.614419592326634,"[12.65732316490088, 9.008318240991429, 8.18583491183878, 7.745197357214813, 7.510963729262183]","[[2, 4], [2, 4], [2, 4], [2, 4]]","[true, true, true, true, true]",0,4.0,0,1,1,"[[5, 8], [5, 8], [5, 8], [5, 8], [5, 8]]","[[7, 10], [7, 10], [7, 10], [7, 10], [7, 10]]","[[2, 2], [2, 2], [2, 2], [2, 2], [2, 2]]","[[1.25, 2.0], [1.25, 2.0], [1.25, 2.0], [1.25, 2.0], [1.25, 2.0]]","[5.0, 8.0]",0.5,0.9941176481251273,0.4581083749999948
03_parameter_sensitivity|control_points_8|figure_eight--demand_conflict|n0_d1_m0|25006|v11_full,03_parameter_sensitivity,independent_seeded,S25006,25006,figure_eight--demand_conflict,figure_eight,demand_conflict,nominal_control_points,8,8,v11_full,0.25,5,0.65,n0_d1_m0,0.0,4,1.0,11.568280104852967,6.374197987105577,0.6593484205772164,0.5510065393758542,0.8333333333333334,0.8333333333333334,3.4310419029031243,1.823464389880861,0.5314608336138256,"[11.568280104852967, 8.0110262393172, 6.978661048812372, 6.549182529609711, 6.374197987105577]","[[2, 4], [2, 4], [2, 4], [2, 4]]","[true, true, true, true, true]",0,4.0,0,1,1,"[[6, 7], [6, 7], [6, 7], [6, 7], [6, 7]]","[[8, 9], [8, 9], [8, 9], [8, 9], [8, 9]]","[[2, 2], [2, 2], [2, 2], [2, 2], [2, 2]]","[[1.5, 1.75], [1.5, 1.75], [1.5, 1.75], [1.5, 1.75], [1.5, 1.75]]","[6.0, 7.0]",1.0,0.9994511068696674,0.4862218339999913
03_parameter_sensitivity|control_points_8|figure_eight--demand_conflict|n1_d1_m1|25001|v11_full,03_parameter_sensitivity,independent_seeded,S25001,25001,figure_eight--demand_conflict,figure_eight,demand_conflict,nominal_control_points,8,8,v11_full,0.25,5,0.65,n1_d1_m1,0.05,4,1.7,11.677691315437041,6.354610867039254,0.6561946461024876,0.544166710301627,0.8333333333333334,0.8333333333333334,3.547203318946834,1.7867513770237895,0.5037070662062519,"[11.677691315437041, 8.151649666472998, 6.9663485025652125, 6.517204819832846, 6.354610867039254]","[[2, 4], [2, 4], [2, 4], [2, 4]]","[true, true, true, true, true]",0,4.0,0,1,1,"[[7, 7], [7, 7], [7, 7], [7, 7], [7, 7]]","[[9, 9], [9, 9], [9, 9], [9, 9], [9, 9]]","[[2, 2], [2, 2], [2, 2], [2, 2], [2, 2]]","[[1.75, 1.75], [1.75, 1.75], [1.75, 1.75], [1.75, 1.75], [1.75, 1.75]]","[7.0, 7.0]",0.5,0.9994101214573246,0.49426725000000715
03_parameter_sensitivity|control_points_8|figure_eight--demand_conflict|n1_d1_m1|25002|v11_full,03_parameter_sensitivity,independent_seeded,S25002,25002,figure_eight--demand_conflict,figure_eight,demand_conflict,nominal_control_points,8,8,v11_full,0.25,5,0.65,n1_d1_m1,0.05,4,1.7,9.444604032109284,2.350456979705652,0.5076809764931848,0.24886771025176788,1.0,0.6666666666666666,2.7197966276617676,0.6265696848790435,0.23037372666268466,"[9.444604032109284, 6.742647884022656, 3.7700327122019326, 2.76917208831879, 2.350456979705652]","[[1, 4], [2, 3], [2, 4], [2, 4]]","[true, true, true, true, true]",0,4.0,0,1,1,"[[7, 5], [7, 5], [7, 5], [7, 5], [7, 5]]","[[9, 7], [9, 7], [9, 7], [9, 7], [9, 7]]","[[2, 2], [2, 2], [2, 2], [2, 2], [2, 2]]","[[1.75, 1.25], [1.75, 1.25], [1.75, 1.25], [1.75, 1.25], [1.75, 1.25]]","[7.0, 5.0]",1.0,0.9969343361904193,0.4474535420000052
03_parameter_sensitivity|control_points_8|figure_eight--demand_conflict|n1_d1_m1|25003|v11_full,03_parameter_sensitivity,independent_seeded,S25003,25003,figure_eight--demand_conflict,figure_eight,demand_conflict,nominal_control_points,8,8,v11_full,0.25,5,0.65,n1_d1_m1,0.05,4,1.7,11.569640299296164,6.280466000141336,0.6636576326714048,0.5428402126316241,1.0,1.0,3.318112372978345,1.9111213516505285,0.5759664341732652,"[11.569640299296164, 7.923967012007912, 7.134564335651808, 6.729535870183829, 6.280466000141336]","[[2, 4], [2, 4], [3, 4], [2, 4]]","[true, true, true, true, true]",0,4.0,0,1,1,"[[4, 7], [4, 7], [4, 7], [4, 7], [4, 7]]","[[6, 9], [6, 9], [6, 9], [6, 9], [6, 9]]","[[2, 2], [2, 2], [2, 2], [2, 2], [2, 2]]","[[1.0, 1.75], [1.0, 1.75], [1.0, 1.75], [1.0, 1.75], [1.0, 1.75]]","[4.0, 7.0]",1.0,0.9934295836576742,0.4760236249999821
03_parameter_sensitivity|control_points_8|figure_eight--demand_conflict|n1_d1_m1|25004|v11_full,03_parameter_sensitivity,independent_seeded,S25004,25004,figure_eight--demand_conflict,figure_eight,demand_conflict,nominal_control_points,8,8,v11_full,0.25,5,0.65,n1_d1_m1,0.05,4,1.7,10.318952142072382,5.037246711776538,0.6255582842157792,0.4881548671244147,1.0,1.0,2.9536337273818942,1.5333864511070614,0.519152539765402,"[10.318952142072382, 6.723730232453839, 5.869986096474423, 5.548608231745428, 5.037246711776538]","[[2, 4], [2, 4], [3, 4], [2, 4]]","[true, true, true, true, true]",0,4.0,0,1,1,"[[4, 7], [4, 7], [4, 7], [4, 7], [4, 7]]","[[6, 9], [6, 9], [6, 9], [6, 9], [6, 9]]","[[2, 2], [2, 2], [2, 2], [2, 2], [2, 2]]","[[1.0, 1.75], [1.0, 1.75], [1.0, 1.75], [1.0, 1.75], [1.0, 1.75]]","[4.0, 7.0]",0.5,0.995263767286386,0.4898493750000057
03_parameter_sensitivity|control_points_8|figure_eight--demand_conflict|n1_d1_m1|25005|v11_full,03_parameter_sensitivity,independent_seeded,S25005,25005,figure_eight--demand_conflict,figure_eight,demand_conflict,nominal_control_points,8,8,v11_full,0.25,5,0.65,n1_d1_m1,0.05,4,1.7,13.208865916594977,7.776900815010356,0.7045710663847431,0.5887637034183105,1.0,1.0,3.7822836944178975,2.3924084731287354,0.6325301501470086,"[13.208865916594977, 9.420474537410069, 8.706400768143476, 8.60658030699743, 7.776900815010356]","[[2, 4], [2, 4], [3, 4], [2, 4]]","[true, true, true, true, true]",0,4.0,0,1,1,"[[4, 8], [4, 8], [4, 8], [4, 8], [4, 8]]","[[6, 10], [6, 10], [6, 10], [6, 10], [6, 10]]","[[2, 2], [2, 2], [2, 2], [2, 2], [2, 2]]","[[1.0, 2.0], [1.0, 2.0], [1.0, 2.0], [1.0, 2.0], [1.0, 2.0]]","[4.0, 8.0]",1.0,0.9902039726131582,0.5597892910000155
03_parameter_sensitivity|control_points_8|figure_eight--demand_conflict|n1_d1_m1|25006|v11_full,03_parameter_sensitivity,independent_seeded,S25006,25006,figure_eight--demand_conflict,figure_eight,demand_conflict,nominal_control_points,8,8,v11_full,0.25,5,0.65,n1_d1_m1,0.05,4,1.7,10.804689433892133,5.668551101915208,0.6380764061962986,0.5246380413428734,0.6666666666666666,0.8333333333333334,3.190097182857639,1.6059860665857377,0.5034285711468892,"[10.804689433892133, 7.274511107008749, 6.237366227617738, 5.828372013649891, 5.668551101915208]","[[2, 4], [2, 4], [2, 4], [2, 4]]","[true, true, true, true, true]",0,4.0,0,1,1,"[[6, 7], [6, 7], [6, 7], [6, 7], [6, 7]]","[[8, 9], [8, 9], [8, 9], [8, 9], [8, 9]]","[[2, 2], [2, 2], [2, 2], [2, 2], [2, 2]]","[[1.5, 1.75], [1.5, 1.75], [1.5, 1.75], [1.5, 1.75], [1.5, 1.75]]","[6.0, 7.0]",1.0,0.9992014229984848,0.5929694590000167
03_parameter_sensitivity|control_points_8|harmonic_loop--demand_conflict|n0_d1_m0|25001|v11_full,03_parameter_sensitivity,independent_seeded,S25001,25001,harmonic_loop--demand_conflict,harmonic_loop,demand_conflict,nominal_control_points,8,8,v11_full,0.25,5,0.65,n0_d1_m0,0.0,4,1.0,8.99889140222643,4.934878286467253,0.6896679377901889,0.5483873586080066,1.0,1.0,2.4660513006353546,1.668733646486855,0.6766824542769737,"[8.99889140222643, 6.547959855023729, 5.729281182924721, 5.580861620790159, 4.934878286467253]","[[2, 3], [1, 3], [2, 4], [1, 3]]","[true, true, true, true, true]",0,4.0,0,1,1,"[[7, 7], [7, 7], [7, 7], [7, 7], [7, 7]]","[[9, 9], [9, 9], [9, 9], [9, 9], [9, 9]]","[[2, 2], [2, 2], [2, 2], [2, 2], [2, 2]]","[[1.75, 1.75], [1.75, 1.75], [1.75, 1.75], [1.75, 1.75], [1.75, 1.75]]","[7.0, 7.0]",0.5,0.9997343910255432,0.39670612499998015
03_parameter_sensitivity|control_points_8|harmonic_loop--demand_conflict|n0_d1_m0|25002|v11_full,03_parameter_sensitivity,independent_seeded,S25002,25002,harmonic_loop--demand_conflict,harmonic_loop,demand_conflict,nominal_control_points,8,8,v11_full,0.25,5,0.65,n0_d1_m0,0.0,4,1.0,8.1760226882683,4.345801302471379,0.6240322275526722,0.5315299954716527,0.8333333333333334,0.8333333333333334,2.039212942951675,1.3939940276241622,0.6835941447127216,"[8.1760226882683, 5.405932184131897, 4.345801302471379, 4.379107847991729, 4.379107847991729]","[[2, 3], [1, 3], [2, 4], [2, 4]]","[true, true, true, false, false]",2,1.0,0,1,1,"[[7, 5], [7, 5], [7, 5], [7, 5], [7, 5]]","[[9, 7], [9, 7], [9, 7], [9, 7], [9, 7]]","[[2, 2], [2, 2], [2, 2], [2, 2], [2, 2]]","[[1.75, 1.25], [1.75, 1.25], [1.75, 1.25], [1.75, 1.25], [1.75, 1.25]]","[7.0, 5.0]",1.0,0.9977085431222341,0.316554665999945
03_parameter_sensitivity|control_points_8|harmonic_loop--demand_conflict|n0_d1_m0|25003|v11_full,03_parameter_sensitivity,independent_seeded,S25003,25003,harmonic_loop--demand_conflict,harmonic_loop,demand_conflict,nominal_control_points,8,8,v11_full,0.25,5,0.65,n0_d1_m0,0.0,4,1.0,8.574357152477088,3.9539215789987576,0.5945221331765091,0.46113329648934553,0.8333333333333334,0.8333333333333334,2.19461231466453,1.6551147736146357,0.7541718245883613,"[8.574357152477088, 5.555901129058389, 4.428627102684326, 3.9539215789987576, 4.329904065303463]","[[2, 3], [1, 3], [3, 4], [1, 3]]","[true, true, true, true, false]",1,2.0,0,1,1,"[[4, 7], [4, 7], [4, 7], [4, 7], [4, 7]]","[[6, 9], [6, 9], [6, 9], [6, 9], [6, 9]]","[[2, 2], [2, 2], [2, 2], [2, 2], [2, 2]]","[[1.0, 1.75], [1.0, 1.75], [1.0, 1.75], [1.0, 1.75], [1.0, 1.75]]","[4.0, 7.0]",1.0,0.9954478193147421,0.3717891250000207
03_parameter_sensitivity|control_points_8|harmonic_loop--demand_conflict|n0_d1_m0|25004|v11_full,03_parameter_sensitivity,independent_seeded,S25004,25004,harmonic_loop--demand_conflict,harmonic_loop,demand_conflict,nominal_control_points,8,8,v11_full,0.25,5,0.65,n0_d1_m0,0.0,4,1.0,7.397759230051182,3.521819331698765,0.6028882380241661,0.4760656872140997,1.0,0.8333333333333334,1.9138760484106219,1.5487572223172732,0.8092254582544353,"[7.397759230051182, 4.502064281678875, 3.9824745462445654, 3.521819331698765, 4.269700670964964]","[[2, 3], [1, 3], [3, 4], [1, 2]]","[true, true, true, true, false]",1,2.0,0,1,1,"[[4, 7], [4, 7], [4, 7], [4, 7], [4, 7]]","[[6, 9], [6, 9], [6, 9], [6, 9], [6, 9]]","[[2, 2], [2, 2], [2, 2], [2, 2], [2, 2]]","[[1.0, 1.75], [1.0, 1.75], [1.0, 1.75], [1.0, 1.75], [1.0, 1.75]]","[4.0, 7.0]",0.5,0.9970596850638951,0.3360262079999643
03_parameter_sensitivity|control_points_8|harmonic_loop--demand_conflict|n0_d1_m0|25005|v11_full,03_parameter_sensitivity,independent_seeded,S25005,25005,harmonic_loop--demand_conflict,harmonic_loop,demand_conflict,nominal_control_points,8,8,v11_full,0.25,5,0.65,n0_d1_m0,0.0,4,1.0,9.152116894160674,4.323746209875133,0.6118338644171161,0.47243127025986886,1.0,0.8333333333333334,2.3500559742655738,1.759740995114293,0.7488081196296771,"[9.152116894160674, 6.148057399172759, 4.975608125925473, 4.323746209875133, 4.749660011504593]","[[2, 3], [1, 3], [3, 4], [1, 3]]","[true, true, true, true, false]",1,2.0,0,1,1,"[[5, 8], [5, 8], [5, 8], [5, 8], [5, 8]]","[[7, 10], [7, 10], [7, 10], [7, 10], [7, 10]]","[[2, 2], [2, 2], [2, 2], [2, 2], [2, 2]]","[[1.25, 2.0], [1.25, 2.0], [1.25, 2.0], [1.25, 2.0], [1.25, 2.0]]","[5.0, 8.0]",0.5,0.9952664273371067,0.3669715839999981
03_parameter_sensitivity|control_points_8|harmonic_loop--demand_conflict|n0_d1_m0|25006|v11_full,03_parameter_sensitivity,independent_seeded,S25006,25006,harmonic_loop--demand_conflict,harmonic_loop,demand_conflict,nominal_control_points,8,8,v11_full,0.25,5,0.65,n0_d1_m0,0.0,4,1.0,8.536642392877095,5.314540431128069,0.6999501905327947,0.6225562916355122,1.0,0.8333333333333334,2.3239425180567728,1.7683648241496002,0.7609331170670547,"[8.536642392877095, 5.892228910910686, 5.314540431128069, 5.6172048927608795, 5.6172048927608795]","[[2, 3], [1, 3], [2, 4], [2, 4]]","[true, true, true, false, false]",2,1.0,0,1,1,"[[6, 7], [6, 7], [6, 7], [6, 7], [6, 7]]","[[8, 9], [8, 9], [8, 9], [8, 9], [8, 9]]","[[2, 2], [2, 2], [2, 2], [2, 2], [2, 2]]","[[1.5, 1.75], [1.5, 1.75], [1.5, 1.75], [1.5, 1.75], [1.5, 1.75]]","[6.0, 7.0]",1.0,0.999552935141076,0.334806833000016
03_parameter_sensitivity|control_points_8|harmonic_loop--demand_conflict|n1_d1_m1|25001|v11_full,03_parameter_sensitivity,independent_seeded,S25001,25001,harmonic_loop--demand_conflict,harmonic_loop,demand_conflict,nominal_control_points,8,8,v11_full,0.25,5,0.65,n1_d1_m1,0.05,4,1.7,8.86701486508597,5.793461634599182,0.7247787200050828,0.6533722704594802,1.0,0.8333333333333334,2.4949899882297855,1.9153153884490495,0.7676645587696247,"[8.86701486508597, 6.621674207645771, 5.793461634599182, 5.913369486212659, 5.88896395146322]","[[2, 3], [1, 3], [2, 4], [2, 4]]","[true, true, true, false, false]",2,1.0,0,1,1,"[[7, 7], [7, 7], [7, 7], [7, 7], [7, 7]]","[[9, 9], [9, 9], [9, 9], [9, 9], [9, 9]]","[[2, 2], [2, 2], [2, 2], [2, 2], [2, 2]]","[[1.75, 1.75], [1.75, 1.75], [1.75, 1.75], [1.75, 1.75], [1.75, 1.75]]","[7.0, 7.0]",0.5,0.9990244371237695,0.4399380419999943
03_parameter_sensitivity|control_points_8|harmonic_loop--demand_conflict|n1_d1_m1|25002|v11_full,03_parameter_sensitivity,independent_seeded,S25002,25002,harmonic_loop--demand_conflict,harmonic_loop,demand_conflict,nominal_control_points,8,8,v11_full,0.25,5,0.65,n1_d1_m1,0.05,4,1.7,7.544353028411633,4.022192469942233,0.6271225261933315,0.5331394825765535,0.8333333333333334,1.0,1.8750192561065957,1.2724242641483532,0.6786193048440966,"[7.544353028411633, 5.034373470060957, 4.022192469942233, 4.064128309652167, 4.064128309652167]","[[2, 3], [1, 3], [2, 4], [2, 4]]","[true, true, true, false, false]",2,1.0,0,1,1,"[[7, 5], [7, 5], [7, 5], [7, 5], [7, 5]]","[[9, 7], [9, 7], [9, 7], [9, 7], [9, 7]]","[[2, 2], [2, 2], [2, 2], [2, 2], [2, 2]]","[[1.75, 1.25], [1.75, 1.25], [1.75, 1.25], [1.75, 1.25], [1.75, 1.25]]","[7.0, 5.0]",1.0,0.9975640125448126,0.36303149999997686
03_parameter_sensitivity|control_points_8|harmonic_loop--demand_conflict|n1_d1_m1|25003|v11_full,03_parameter_sensitivity,independent_seeded,S25003,25003,harmonic_loop--demand_conflict,harmonic_loop,demand_conflict,nominal_control_points,8,8,v11_full,0.25,5,0.65,n1_d1_m1,0.05,4,1.7,8.238858540839244,3.8287435901218796,0.6051187728230993,0.4647177240807278,0.8333333333333334,0.8333333333333334,2.1077823925540953,1.6307189476892059,0.7736657035611679,"[8.238858540839244, 5.244260180979154, 4.252380905622104, 3.8287435901218796, 4.994275863280515]","[[2, 3], [1, 3], [3, 4], [1, 2]]","[true, true, true, true, false]",1,2.0,0,1,1,"[[4, 7], [4, 7], [4, 7], [4, 7], [4, 7]]","[[6, 9], [6, 9], [6, 9], [6, 9], [6, 9]]","[[2, 2], [2, 2], [2, 2], [2, 2], [2, 2]]","[[1.0, 1.75], [1.0, 1.75], [1.0, 1.75], [1.0, 1.75], [1.0, 1.75]]","[4.0, 7.0]",1.0,0.9950135656913499,0.46605750000003354
03_parameter_sensitivity|control_points_8|harmonic_loop--demand_conflict|n1_d1_m1|25004|v11_full,03_parameter_sensitivity,independent_seeded,S25004,25004,harmonic_loop--demand_conflict,harmonic_loop,demand_conflict,nominal_control_points,8,8,v11_full,0.25,5,0.65,n1_d1_m1,0.05,4,1.7,7.294331283118729,3.47622634750352,0.6039921838027008,0.4765654605719034,1.0,0.8333333333333334,1.8835316528462713,1.5641945719992356,0.8304583411887588,"[7.294331283118729, 4.415478835715917, 3.8904432558158746, 3.47622634750352, 4.3871244873805475]","[[2, 3], [1, 3], [3, 4], [1, 2]]","[true, true, true, true, false]",1,2.0,0,1,1,"[[4, 7], [4, 7], [4, 7], [4, 7], [4, 7]]","[[6, 9], [6, 9], [6, 9], [6, 9], [6, 9]]","[[2, 2], [2, 2], [2, 2], [2, 2], [2, 2]]","[[1.0, 1.75], [1.0, 1.75], [1.0, 1.75], [1.0, 1.75], [1.0, 1.75]]","[4.0, 7.0]",0.5,0.9960791388674411,0.4210338749999778
03_parameter_sensitivity|control_points_8|harmonic_loop--demand_conflict|n1_d1_m1|25005|v11_full,03_parameter_sensitivity,independent_seeded,S25005,25005,harmonic_loop--demand_conflict,harmonic_loop,demand_conflict,nominal_control_points,8,8,v11_full,0.25,5,0.65,n1_d1_m1,0.05,4,1.7,9.516513563736712,4.517705947397842,0.6113582506535565,0.47472279812775675,0.8333333333333334,0.8333333333333334,2.420289824794433,1.8789394016019363,0.7763282654636304,"[9.516513563736712, 6.403616545362485, 5.118986030767687, 4.517705947397842, 4.946862066382613]","[[2, 3], [1, 3], [3, 4], [1, 3]]","[true, true, true, true, false]",1,2.0,0,1,1,"[[4, 8], [4, 8], [4, 8], [4, 8], [4, 8]]","[[6, 10], [6, 10], [6, 10], [6, 10], [6, 10]]","[[2, 2], [2, 2], [2, 2], [2, 2], [2, 2]]","[[1.0, 2.0], [1.0, 2.0], [1.0, 2.0], [1.0, 2.0], [1.0, 2.0]]","[4.0, 8.0]",1.0,0.9914659075606571,0.47080137500000774
03_parameter_sensitivity|control_points_8|harmonic_loop--demand_conflict|n1_d1_m1|25006|v11_full,03_parameter_sensitivity,independent_seeded,S25006,25006,harmonic_loop--demand_conflict,harmonic_loop,demand_conflict,nominal_control_points,8,8,v11_full,0.25,5,0.65,n1_d1_m1,0.05,4,1.7,7.923445882788174,4.874242012429731,0.6970371206141076,0.6151669468731877,1.0,1.0,2.1567230813337837,1.7003391410431186,0.788390107083927,"[7.923445882788174, 5.574707921926617, 4.874242012429731, 5.1207138254473765, 5.1207138254473765]","[[2, 3], [1, 3], [2, 4], [2, 4]]","[true, true, true, false, false]",2,1.0,0,1,1,"[[6, 7], [6, 7], [6, 7], [6, 7], [6, 7]]","[[8, 9], [8, 9], [8, 9], [8, 9], [8, 9]]","[[2, 2], [2, 2], [2, 2], [2, 2], [2, 2]]","[[1.5, 1.75], [1.5, 1.75], [1.5, 1.75], [1.5, 1.75], [1.5, 1.75]]","[6.0, 7.0]",1.0,0.9992458949098073,0.3974077080000029
03_parameter_sensitivity|control_points_8|rounded_square--demand_conflict|n0_d1_m0|25001|v11_full,03_parameter_sensitivity,independent_seeded,S25001,25001,rounded_square--demand_conflict,rounded_square,demand_conflict,nominal_control_points,8,8,v11_full,0.25,5,0.65,n0_d1_m0,0.0,4,1.0,12.878324196240044,10.263713071941076,0.9091327590704029,0.7969758266326041,1.0,1.0,2.734247150516419,2.4701551397436385,0.903413262870951,"[12.878324196240044, 10.263713071941076, 12.46306432265645, 12.1029372988047, 11.127097686802218]","[[1, 2], [2, 3], [2, 3], [2, 3]]","[true, true, false, false, false]",3,0.5,0,1,1,"[[7, 7], [7, 7], [7, 7], [7, 7], [7, 7]]","[[9, 9], [9, 9], [9, 9], [9, 9], [9, 9]]","[[2, 2], [2, 2], [2, 2], [2, 2], [2, 2]]","[[1.75, 1.75], [1.75, 1.75], [1.75, 1.75], [1.75, 1.75], [1.75, 1.75]]","[7.0, 7.0]",0.5,0.999676874561083,0.40503283300000703
03_parameter_sensitivity|control_points_8|rounded_square--demand_conflict|n0_d1_m0|25002|v11_full,03_parameter_sensitivity,independent_seeded,S25002,25002,rounded_square--demand_conflict,rounded_square,demand_conflict,nominal_control_points,8,8,v11_full,0.25,5,0.65,n0_d1_m0,0.0,4,1.0,10.609358139352715,9.902331784872924,1.0018946547692118,0.9333582347590609,0.8333333333333334,1.0,2.4987575237146307,2.2487169999675425,0.8999340586775382,"[10.609358139352715, 11.331168727940014, 10.674993651426256, 9.902331784872924, 10.609327214966633]","[[2, 4], [2, 4], [2, 4], [1, 2]]","[true, false, false, true, false]",3,0.575,0,1,1,"[[7, 5], [7, 5], [7, 5], [7, 5], [7, 5]]","[[9, 7], [9, 7], [9, 7], [9, 7], [9, 7]]","[[2, 2], [2, 2], [2, 2], [2, 2], [2, 2]]","[[1.75, 1.25], [1.75, 1.25], [1.75, 1.25], [1.75, 1.25], [1.75, 1.25]]","[7.0, 5.0]",1.0,0.9969033222269766,0.3820880420000208
03_parameter_sensitivity|control_points_8|rounded_square--demand_conflict|n0_d1_m0|25003|v11_full,03_parameter_sensitivity,independent_seeded,S25003,25003,rounded_square--demand_conflict,rounded_square,demand_conflict,nominal_control_points,8,8,v11_full,0.25,5,0.65,n0_d1_m0,0.0,4,1.0,12.667453428070658,7.148254135422212,0.7048226903492915,0.5643008025260955,1.0,1.0,2.9130061268567298,2.351950546336798,0.807396360980079,"[12.667453428070658, 8.594099572862108, 8.742768095305339, 8.468512970274585, 7.148254135422212]","[[1, 4], [2, 4], [2, 4], [1, 4]]","[true, true, false, true, true]",1,2.6449999999999996,0,1,1,"[[4, 7], [4, 7], [4, 7], [4, 7], [4, 7]]","[[6, 9], [6, 9], [6, 9], [6, 9], [6, 9]]","[[2, 2], [2, 2], [2, 2], [2, 2], [2, 2]]","[[1.0, 1.75], [1.0, 1.75], [1.0, 1.75], [1.0, 1.75], [1.0, 1.75]]","[4.0, 7.0]",1.0,0.9924162317184937,0.43708037499999364
03_parameter_sensitivity|control_points_8|rounded_square--demand_conflict|n0_d1_m0|25004|v11_full,03_parameter_sensitivity,independent_seeded,S25004,25004,rounded_square--demand_conflict,rounded_square,demand_conflict,nominal_control_points,8,8,v11_full,0.25,5,0.65,n0_d1_m0,0.0,4,1.0,10.936409882598811,6.270204907421212,0.6983921459265403,0.5733330201346868,1.0,1.0,2.4692788937523678,1.980221465103408,0.8019432191777341,"[10.936409882598811, 7.327468683390778, 7.535391511775673, 7.085443476385162, 6.270204907421212]","[[1, 4], [2, 4], [2, 4], [1, 4]]","[true, true, false, true, true]",1,2.6449999999999996,0,1,1,"[[4, 7], [4, 7], [4, 7], [4, 7], [4, 7]]","[[6, 9], [6, 9], [6, 9], [6, 9], [6, 9]]","[[2, 2], [2, 2], [2, 2], [2, 2], [2, 2]]","[[1.0, 1.75], [1.0, 1.75], [1.0, 1.75], [1.0, 1.75], [1.0, 1.75]]","[4.0, 7.0]",0.5,0.9944948060148895,0.5510021669999787
03_parameter_sensitivity|control_points_8|rounded_square--demand_conflict|n0_d1_m0|25005|v11_full,03_parameter_sensitivity,independent_seeded,S25005,25005,rounded_square--demand_conflict,rounded_square,demand_conflict,nominal_control_points,8,8,v11_full,0.25,5,0.65,n0_d1_m0,0.0,4,1.0,13.449428834251158,8.417072779798465,0.7240690479034017,0.6258312441018328,1.0,1.0,3.021275814696837,2.4206338487283845,0.8011959176164384,"[13.449428834251158, 9.421416939220506, 8.417072779798465, 9.758814088397271, 9.262484597802699]","[[1, 4], [1, 2], [2, 4], [2, 4]]","[true, true, true, false, false]",2,1.0,0,1,1,"[[5, 8], [5, 8], [5, 8], [5, 8], [5, 8]]","[[7, 10], [7, 10], [7, 10], [7, 10], [7, 10]]","[[2, 2], [2, 2], [2, 2], [2, 2], [2, 2]]","[[1.25, 2.0], [1.25, 2.0], [1.25, 2.0], [1.25, 2.0], [1.25, 2.0]]","[5.0, 8.0]",0.5,0.9920524463711666,0.5636236250000479
03_parameter_sensitivity|control_points_8|rounded_square--demand_conflict|n0_d1_m0|25006|v11_full,03_parameter_sensitivity,independent_seeded,S25006,25006,rounded_square--demand_conflict,rounded_square,demand_conflict,nominal_control_points,8,8,v11_full,0.25,5,0.65,n0_d1_m0,0.0,4,1.0,12.668752557348686,9.369291505639461,0.8613834195787178,0.7395591210126425,1.0,1.0,2.6027135139067417,2.2929183090130447,0.8809722225521909,"[12.668752557348686, 9.369291505639461, 11.362973079703334, 11.362973079703334, 10.441999309724157]","[[1, 2], [2, 4], [2, 4], [2, 4]]","[true, true, false, false, false]",3,0.5,0,1,1,"[[6, 7], [6, 7], [6, 7], [6, 7], [6, 7]]","[[8, 9], [8, 9], [8, 9], [8, 9], [8, 9]]","[[2, 2], [2, 2], [2, 2], [2, 2], [2, 2]]","[[1.5, 1.75], [1.5, 1.75], [1.5, 1.75], [1.5, 1.75], [1.5, 1.75]]","[6.0, 7.0]",1.0,0.9993452932457427,0.40919837500001677
03_parameter_sensitivity|control_points_8|rounded_square--demand_conflict|n1_d1_m1|25001|v11_full,03_parameter_sensitivity,independent_seeded,S25001,25001,rounded_square--demand_conflict,rounded_square,demand_conflict,nominal_control_points,8,8,v11_full,0.25,5,0.65,n1_d1_m1,0.05,4,1.7,13.018710329567652,10.031528854135036,0.876139424393705,0.7705470511431358,1.0,1.0,2.7142490987481973,2.459718682859236,0.9062243712243102,"[13.018710329567652, 10.031528854135036, 11.798800711638536, 11.798800711638536, 10.97267211157439]","[[1, 2], [2, 4], [2, 4], [2, 4]]","[true, true, false, false, false]",3,0.5,0,1,1,"[[7, 7], [7, 7], [7, 7], [7, 7], [7, 7]]","[[9, 9], [9, 9], [9, 9], [9, 9], [9, 9]]","[[2, 2], [2, 2], [2, 2], [2, 2], [2, 2]]","[[1.75, 1.75], [1.75, 1.75], [1.75, 1.75], [1.75, 1.75], [1.75, 1.75]]","[7.0, 7.0]",0.5,0.9994906184281535,0.4888129999999933
03_parameter_sensitivity|control_points_8|rounded_square--demand_conflict|n1_d1_m1|25002|v11_full,03_parameter_sensitivity,independent_seeded,S25002,25002,rounded_square--demand_conflict,rounded_square,demand_conflict,nominal_control_points,8,8,v11_full,0.25,5,0.65,n1_d1_m1,0.05,4,1.7,9.938895279283194,9.18245763961753,1.0108846349082183,0.923891175184993,0.8333333333333334,1.0,2.3335768553918896,2.0753290978772663,0.8893339394766775,"[9.938895279283194, 10.93882246670884, 10.307586240474318, 9.381220936523306, 9.18245763961753]","[[2, 4], [2, 4], [2, 4], [2, 3]]","[true, false, false, true, true]",2,1.3224999999999998,0,1,1,"[[7, 5], [7, 5], [7, 5], [7, 5], [7, 5]]","[[9, 7], [9, 7], [9, 7], [9, 7], [9, 7]]","[[2, 2], [2, 2], [2, 2], [2, 2], [2, 2]]","[[1.75, 1.25], [1.75, 1.25], [1.75, 1.25], [1.75, 1.25], [1.75, 1.25]]","[7.0, 5.0]",1.0,0.996872296156062,0.44915166700002374
03_parameter_sensitivity|control_points_8|rounded_square--demand_conflict|n1_d1_m1|25003|v11_full,03_parameter_sensitivity,independent_seeded,S25003,25003,rounded_square--demand_conflict,rounded_square,demand_conflict,nominal_control_points,8,8,v11_full,0.25,5,0.65,n1_d1_m1,0.05,4,1.7,12.197438303545976,6.803814532585183,0.6987336790203866,0.5578068413436625,1.0,1.0,2.8509579756317676,2.2652892794018133,0.7945712629804124,"[12.197438303545976, 8.089366255690836, 8.417599972757001, 8.083451115330037, 6.803814532585183]","[[1, 4], [2, 4], [2, 4], [1, 4]]","[true, true, false, true, true]",1,2.6449999999999996,0,1,1,"[[4, 7], [4, 7], [4, 7], [4, 7], [4, 7]]","[[6, 9], [6, 9], [6, 9], [6, 9], [6, 9]]","[[2, 2], [2, 2], [2, 2], [2, 2], [2, 2]]","[[1.0, 1.75], [1.0, 1.75], [1.0, 1.75], [1.0, 1.75], [1.0, 1.75]]","[4.0, 7.0]",1.0,0.9920775004309216,0.5001332080000225
03_parameter_sensitivity|control_points_8|rounded_square--demand_conflict|n1_d1_m1|25004|v11_full,03_parameter_sensitivity,independent_seeded,S25004,25004,rounded_square--demand_conflict,rounded_square,demand_conflict,nominal_control_points,8,8,v11_full,0.25,5,0.65,n1_d1_m1,0.05,4,1.7,10.811479195275698,6.122260666699681,0.6934557073253556,0.5662741014545846,1.0,1.0,2.5216385907499954,1.970165229557403,0.7813035685543775,"[10.811479195275698, 7.185666934140739, 7.382110463927667, 6.954480481317007, 6.122260666699681]","[[1, 4], [2, 4], [2, 4], [1, 4]]","[true, true, false, true, true]",1,2.6449999999999996,0,1,1,"[[4, 7], [4, 7], [4, 7], [4, 7], [4, 7]]","[[6, 9], [6, 9], [6, 9], [6, 9], [6, 9]]","[[2, 2], [2, 2], [2, 2], [2, 2], [2, 2]]","[[1.0, 1.75], [1.0, 1.75], [1.0, 1.75], [1.0, 1.75], [1.0, 1.75]]","[4.0, 7.0]",0.5,0.9930709627456626,0.4932437080000227
03_parameter_sensitivity|control_points_8|rounded_square--demand_conflict|n1_d1_m1|25005|v11_full,03_parameter_sensitivity,independent_seeded,S25005,25005,rounded_square--demand_conflict,rounded_square,demand_conflict,nominal_control_points,8,8,v11_full,0.25,5,0.65,n1_d1_m1,0.05,4,1.7,13.809962620752362,8.464364601226906,0.7089348055301643,0.612917270935073,1.0,1.0,3.3028687880947087,2.557164236405726,0.7742251964786195,"[13.809962620752362, 9.681697956567607, 8.464364601226906, 9.500258081201203, 9.220301420631518]","[[1, 4], [1, 2], [2, 4], [2, 4]]","[true, true, true, false, false]",2,1.0,0,1,1,"[[4, 8], [4, 8], [4, 8], [4, 8], [4, 8]]","[[6, 10], [6, 10], [6, 10], [6, 10], [6, 10]]","[[2, 2], [2, 2], [2, 2], [2, 2], [2, 2]]","[[1.0, 2.0], [1.0, 2.0], [1.0, 2.0], [1.0, 2.0], [1.0, 2.0]]","[4.0, 8.0]",1.0,0.9873437005958297,0.5292489579999824
03_parameter_sensitivity|control_points_8|rounded_square--demand_conflict|n1_d1_m1|25006|v11_full,03_parameter_sensitivity,independent_seeded,S25006,25006,rounded_square--demand_conflict,rounded_square,demand_conflict,nominal_control_points,8,8,v11_full,0.25,5,0.65,n1_d1_m1,0.05,4,1.7,11.789988627730645,8.920175408194007,0.8975296934401359,0.7565889747521305,1.0,1.0,2.4148354352553416,2.1693194950637102,0.8983301567439229,"[11.789988627730645, 8.920175408194007, 11.213057412960701, 11.213057412960701, 10.172349933716736]","[[1, 2], [2, 4], [2, 4], [2, 4]]","[true, true, false, false, false]",3,0.5,0,1,1,"[[6, 7], [6, 7], [6, 7], [6, 7], [6, 7]]","[[8, 9], [8, 9], [8, 9], [8, 9], [8, 9]]","[[2, 2], [2, 2], [2, 2], [2, 2], [2, 2]]","[[1.5, 1.75], [1.5, 1.75], [1.5, 1.75], [1.5, 1.75], [1.5, 1.75]]","[6.0, 7.0]",1.0,0.998911560768564,0.500504082999953
03_parameter_sensitivity|control_points_8|s_curve--demand_conflict|n0_d1_m0|25001|v11_full,03_parameter_sensitivity,independent_seeded,S25001,25001,s_curve--demand_conflict,s_curve,demand_conflict,nominal_control_points,8,8,v11_full,0.25,5,0.65,n0_d1_m0,0.0,4,1.0,5.889184724160488,1.5231711548061764,0.5183359294681459,0.25863871251267406,0.8333333333333334,0.8333333333333334,1.4287283043904688,1.5358338414860855,1.0749656437591963,"[5.889184724160488, 3.7896584267086975, 2.597614525888223, 2.116853259149079, 1.5231711548061764]","[[2, 4], [2, 4], [2, 4], [4, 5]]","[true, true, true, true, true]",0,4.0,0,1,1,"[[7, 7], [7, 7], [7, 7], [7, 7], [7, 7]]","[[9, 9], [9, 9], [9, 9], [9, 9], [9, 9]]","[[2, 2], [2, 2], [2, 2], [2, 2], [2, 2]]","[[1.75, 1.75], [1.75, 1.75], [1.75, 1.75], [1.75, 1.75], [1.75, 1.75]]","[7.0, 7.0]",0.5,0.9995899166215495,0.3977216249999742
03_parameter_sensitivity|control_points_8|s_curve--demand_conflict|n0_d1_m0|25002|v11_full,03_parameter_sensitivity,independent_seeded,S25002,25002,s_curve--demand_conflict,s_curve,demand_conflict,nominal_control_points,8,8,v11_full,0.25,5,0.65,n0_d1_m0,0.0,4,1.0,4.161383072292191,1.162940737315679,0.5029484832010817,0.2794601499340226,0.6666666666666666,0.5,1.147711003813104,1.0526069316644409,0.9171358714583256,"[4.161383072292191, 2.4371223188035547, 1.686343096169403, 1.5862178971351657, 1.162940737315679]","[[2, 4], [2, 4], [2, 4], [4, 5]]","[true, true, true, true, true]",0,4.0,0,1,1,"[[7, 5], [7, 5], [7, 5], [7, 5], [7, 5]]","[[9, 7], [9, 7], [9, 7], [9, 7], [9, 7]]","[[2, 2], [2, 2], [2, 2], [2, 2], [2, 2]]","[[1.75, 1.25], [1.75, 1.25], [1.75, 1.25], [1.75, 1.25], [1.75, 1.25]]","[7.0, 5.0]",1.0,0.9963756734694438,0.38057079200001454
03_parameter_sensitivity|control_points_8|s_curve--demand_conflict|n0_d1_m0|25003|v11_full,03_parameter_sensitivity,independent_seeded,S25003,25003,s_curve--demand_conflict,s_curve,demand_conflict,nominal_control_points,8,8,v11_full,0.25,5,0.65,n0_d1_m0,0.0,4,1.0,7.045089738078795,1.9763979579362798,0.4832903818565798,0.28053552636154866,1.0,0.8333333333333334,1.4769385389837075,1.5079854723333752,1.0210211410496683,"[7.045089738078795, 4.347451884900188, 2.6078614474904565, 2.153239258521711, 1.9763979579362798]","[[2, 4], [3, 4], [2, 4], [2, 4]]","[true, true, true, true, true]",0,4.0,0,1,1,"[[4, 7], [4, 7], [4, 7], [4, 7], [4, 7]]","[[6, 9], [6, 9], [6, 9], [6, 9], [6, 9]]","[[2, 2], [2, 2], [2, 2], [2, 2], [2, 2]]","[[1.0, 1.75], [1.0, 1.75], [1.0, 1.75], [1.0, 1.75], [1.0, 1.75]]","[4.0, 7.0]",1.0,0.9907062379128057,0.4261842920000163
03_parameter_sensitivity|control_points_8|s_curve--demand_conflict|n0_d1_m0|25004|v11_full,03_parameter_sensitivity,independent_seeded,S25004,25004,s_curve--demand_conflict,s_curve,demand_conflict,nominal_control_points,8,8,v11_full,0.25,5,0.65,n0_d1_m0,0.0,4,1.0,5.9434022494458185,1.449989450124844,0.4606029013508496,0.24396623167480302,1.0,0.5,1.271164962007702,1.3753997607424395,1.0819994271790714,"[5.9434022494458185, 3.60818586762577, 2.0397620634022444, 1.6055494991462922, 1.449989450124844]","[[2, 4], [3, 4], [2, 4], [2, 4]]","[true, true, true, true, true]",0,4.0,0,1,1,"[[4, 7], [4, 7], [4, 7], [4, 7], [4, 7]]","[[6, 9], [6, 9], [6, 9], [6, 9], [6, 9]]","[[2, 2], [2, 2], [2, 2], [2, 2], [2, 2]]","[[1.0, 1.75], [1.0, 1.75], [1.0, 1.75], [1.0, 1.75], [1.0, 1.75]]","[4.0, 7.0]",0.5,0.9946877281584106,0.3998760000000061
03_parameter_sensitivity|control_points_8|s_curve--demand_conflict|n0_d1_m0|25005|v11_full,03_parameter_sensitivity,independent_seeded,S25005,25005,s_curve--demand_conflict,s_curve,demand_conflict,nominal_control_points,8,8,v11_full,0.25,5,0.65,n0_d1_m0,0.0,4,1.0,7.462057935954583,2.4408593249627923,0.5129441882367827,0.32710270355875304,1.0,0.8333333333333334,1.576170369395593,1.5791063057960129,1.0018627024447526,"[7.462057935954583, 4.7131549321693065, 3.0466513096101044, 2.5992121298981634, 2.4408593249627923]","[[2, 4], [3, 4], [2, 4], [2, 4]]","[true, true, true, true, true]",0,4.0,0,1,1,"[[5, 8], [5, 8], [5, 8], [5, 8], [5, 8]]","[[7, 10], [7, 10], [7, 10], [7, 10], [7, 10]]","[[2, 2], [2, 2], [2, 2], [2, 2], [2, 2]]","[[1.25, 2.0], [1.25, 2.0], [1.25, 2.0], [1.25, 2.0], [1.25, 2.0]]","[5.0, 8.0]",0.5,0.9914998718280307,0.46022429099997453
03_parameter_sensitivity|control_points_8|s_curve--demand_conflict|n0_d1_m0|25006|v11_full,03_parameter_sensitivity,independent_seeded,S25006,25006,s_curve--demand_conflict,s_curve,demand_conflict,nominal_control_points,8,8,v11_full,0.25,5,0.65,n0_d1_m0,0.0,4,1.0,6.272329677264286,2.130566789764117,0.5225606800766512,0.33967710553973574,0.6666666666666666,0.6666666666666666,1.420736810112284,1.5799774089967382,1.112083109095955,"[6.272329677264286, 4.055110040652227, 2.704666771832637, 2.130566789764117, 2.1683660127672533]","[[2, 4], [2, 4], [2, 4], [2, 4]]","[true, true, true, true, false]",1,2.0,0,1,1,"[[6, 7], [6, 7], [6, 7], [6, 7], [6, 7]]","[[8, 9], [8, 9], [8, 9], [8, 9], [8, 9]]","[[2, 2], [2, 2], [2, 2], [2, 2], [2, 2]]","[[1.5, 1.75], [1.5, 1.75], [1.5, 1.75], [1.5, 1.75], [1.5, 1.75]]","[6.0, 7.0]",1.0,0.9992205052780334,0.44338183299998946
03_parameter_sensitivity|control_points_8|s_curve--demand_conflict|n1_d1_m1|25001|v11_full,03_parameter_sensitivity,independent_seeded,S25001,25001,s_curve--demand_conflict,s_curve,demand_conflict,nominal_control_points,8,8,v11_full,0.25,5,0.65,n1_d1_m1,0.05,4,1.7,6.172442865761097,2.223994310830426,0.5452049822656887,0.36031023035742515,0.6666666666666666,0.8333333333333334,1.4814461802864705,1.665077284148567,1.1239539487196135,"[6.172442865761097, 4.124227496214093, 2.8181140928657404, 2.223994310830426, 2.416858159724425]","[[2, 4], [2, 4], [2, 4], [2, 4]]","[true, true, true, true, false]",1,2.0,0,1,1,"[[7, 7], [7, 7], [7, 7], [7, 7], [7, 7]]","[[9, 9], [9, 9], [9, 9], [9, 9], [9, 9]]","[[2, 2], [2, 2], [2, 2], [2, 2], [2, 2]]","[[1.75, 1.75], [1.75, 1.75], [1.75, 1.75], [1.75, 1.75], [1.75, 1.75]]","[7.0, 7.0]",0.5,0.9970367648264258,0.48723799999999073
03_parameter_sensitivity|control_points_8|s_curve--demand_conflict|n1_d1_m1|25002|v11_full,03_parameter_sensitivity,independent_seeded,S25002,25002,s_curve--demand_conflict,s_curve,demand_conflict,nominal_control_points,8,8,v11_full,0.25,5,0.65,n1_d1_m1,0.05,4,1.7,3.758444249514037,1.0148273326246264,0.48032353335068,0.2700126076782548,0.6666666666666666,0.3333333333333333,1.0611032107692642,0.9475105915662931,0.8929485670667039,"[3.758444249514037, 1.9242679583099624, 1.4996988099082627, 1.4104743280249503, 1.0148273326246264]","[[3, 4], [2, 4], [2, 4], [4, 5]]","[true, true, true, true, true]",0,4.0,0,1,1,"[[7, 5], [7, 5], [7, 5], [7, 5], [7, 5]]","[[9, 7], [9, 7], [9, 7], [9, 7], [9, 7]]","[[2, 2], [2, 2], [2, 2], [2, 2], [2, 2]]","[[1.75, 1.25], [1.75, 1.25], [1.75, 1.25], [1.75, 1.25], [1.75, 1.25]]","[7.0, 5.0]",1.0,0.9934426256001938,0.6639111659999912
03_parameter_sensitivity|control_points_8|s_curve--demand_conflict|n1_d1_m1|25003|v11_full,03_parameter_sensitivity,independent_seeded,S25003,25003,s_curve--demand_conflict,s_curve,demand_conflict,nominal_control_points,8,8,v11_full,0.25,5,0.65,n1_d1_m1,0.05,4,1.7,6.782231339764961,1.7198149074487707,0.4700655844226114,0.2535765622392307,1.0,0.8333333333333334,1.4324861151779118,1.5019748491820402,1.048509185023059,"[6.782231339764961, 3.8986966154685208, 2.628626746652319, 1.9740276679361632, 1.7198149074487707]","[[3, 4], [2, 4], [2, 4], [2, 4]]","[true, true, true, true, true]",0,4.0,0,1,1,"[[4, 7], [4, 7], [4, 7], [4, 7], [4, 7]]","[[6, 9], [6, 9], [6, 9], [6, 9], [6, 9]]","[[2, 2], [2, 2], [2, 2], [2, 2], [2, 2]]","[[1.0, 1.75], [1.0, 1.75], [1.0, 1.75], [1.0, 1.75], [1.0, 1.75]]","[4.0, 7.0]",1.0,0.9885447668072316,0.4383971670000051
03_parameter_sensitivity|control_points_8|s_curve--demand_conflict|n1_d1_m1|25004|v11_full,03_parameter_sensitivity,independent_seeded,S25004,25004,s_curve--demand_conflict,s_curve,demand_conflict,nominal_control_points,8,8,v11_full,0.25,5,0.65,n1_d1_m1,0.05,4,1.7,5.921960720002671,1.3269524014998546,0.45654946867370105,0.22407315148474272,1.0,0.5,1.2802005558494474,1.3655059555598772,1.0666344029618293,"[5.921960720002671, 3.6100090600328842, 2.0111252142747027, 1.5690812458361405, 1.3269524014998546]","[[2, 4], [3, 4], [2, 4], [2, 4]]","[true, true, true, true, true]",0,4.0,0,1,1,"[[4, 7], [4, 7], [4, 7], [4, 7], [4, 7]]","[[6, 9], [6, 9], [6, 9], [6, 9], [6, 9]]","[[2, 2], [2, 2], [2, 2], [2, 2], [2, 2]]","[[1.0, 1.75], [1.0, 1.75], [1.0, 1.75], [1.0, 1.75], [1.0, 1.75]]","[4.0, 7.0]",0.5,0.9908322744171172,0.3803607090000014
03_parameter_sensitivity|control_points_8|s_curve--demand_conflict|n1_d1_m1|25005|v11_full,03_parameter_sensitivity,independent_seeded,S25005,25005,s_curve--demand_conflict,s_curve,demand_conflict,nominal_control_points,8,8,v11_full,0.25,5,0.65,n1_d1_m1,0.05,4,1.7,8.001548923988201,2.6354002071394684,0.4944458828838816,0.3293612564485714,1.0,0.6666666666666666,1.702043062256288,1.6908932366873757,0.9934491518950573,"[8.001548923988201, 4.6706270081547885, 3.090883099043483, 2.7453470158775666, 2.6354002071394684]","[[3, 4], [3, 4], [2, 4], [2, 4]]","[true, true, true, true, true]",0,4.0,0,1,1,"[[4, 8], [5, 8], [4, 8], [4, 8], [4, 8]]","[[6, 10], [7, 10], [6, 10], [6, 10], [6, 10]]","[[2, 2], [2, 2], [2, 2], [2, 2], [2, 2]]","[[1.0, 2.0], [1.125, 2.0], [1.0, 2.0], [1.0, 2.0], [1.0, 2.0]]","[4.0, 8.0]",1.0,0.9828284717109924,0.3958117500000071
03_parameter_sensitivity|control_points_8|s_curve--demand_conflict|n1_d1_m1|25006|v11_full,03_parameter_sensitivity,independent_seeded,S25006,25006,s_curve--demand_conflict,s_curve,demand_conflict,nominal_control_points,8,8,v11_full,0.25,5,0.65,n1_d1_m1,0.05,4,1.7,5.785333470104064,1.8395550962431018,0.5156416789376276,0.3179687231080238,0.6666666666666666,0.6666666666666666,1.3243256180748504,1.5033962659571596,1.1352164795714073,"[5.785333470104064, 3.7395091925931307, 2.5097725442879217, 1.8395550962431018, 1.902265373555713]","[[2, 4], [2, 4], [2, 4], [2, 4]]","[true, true, true, true, false]",1,2.0,0,1,1,"[[6, 7], [6, 7], [6, 7], [6, 7], [6, 7]]","[[8, 9], [8, 9], [8, 9], [8, 9], [8, 9]]","[[2, 2], [2, 2], [2, 2], [2, 2], [2, 2]]","[[1.5, 1.75], [1.5, 1.75], [1.5, 1.75], [1.5, 1.75], [1.5, 1.75]]","[6.0, 7.0]",1.0,0.996734425564994,0.3626963749999845
03_parameter_sensitivity|gamma_0p0|ellipse--demand_conflict|n0_d1_m0|25001|v11_full,03_parameter_sensitivity,independent_seeded,S25001,25001,ellipse--demand_conflict,ellipse,demand_conflict,residual_delay_shrinkage,0.0,12,v11_full,0.0,5,0.65,n0_d1_m0,0.0,4,1.0,7.931809151646931,1.1020639667060306,0.35957807811187203,0.13894232017385366,0.8333333333333334,0.16666666666666666,2.1742433997047765,0.32479230936105913,0.1493817616763423,"[7.931809151646931, 3.6652837567518466, 1.9148146893567028, 1.3113837575124159, 1.1020639667060306]","[[2, 3], [2, 3], [3, 4], [3, 4]]","[true, true, true, true, true]",0,4.0,0,1,1,"[[7, 7], [7, 7], [7, 7], [7, 7], [7, 7]]","[[9, 9], [9, 9], [9, 9], [9, 9], [9, 9]]","[[2, 2], [2, 2], [2, 2], [2, 2], [2, 2]]","[[0.0, 0.0], [0.0, 0.0], [0.0, 0.0], [0.0, 0.0], [0.0, 0.0]]","[7.0, 7.0]",0.5,0.9998266265277034,0.497385042000019
03_parameter_sensitivity|gamma_0p0|ellipse--demand_conflict|n0_d1_m0|25002|v11_full,03_parameter_sensitivity,independent_seeded,S25002,25002,ellipse--demand_conflict,ellipse,demand_conflict,residual_delay_shrinkage,0.0,12,v11_full,0.0,5,0.65,n0_d1_m0,0.0,4,1.0,7.766290542448517,0.81319910888385,0.35948291994722764,0.10470881876477786,0.8333333333333334,0.16666666666666666,1.9704335955951635,0.23618781974858197,0.11986591188689216,"[7.766290542448517, 3.852702118944505, 1.9658523071901186, 1.0590959536309192, 0.81319910888385]","[[2, 3], [2, 3], [2, 3], [3, 4]]","[true, true, true, true, true]",0,4.0,0,1,1,"[[7, 5], [7, 5], [7, 5], [7, 5], [7, 5]]","[[9, 7], [9, 7], [9, 7], [9, 7], [9, 7]]","[[2, 2], [2, 2], [2, 2], [2, 2], [2, 2]]","[[0.0, 0.0], [0.0, 0.0], [0.0, 0.0], [0.0, 0.0], [0.0, 0.0]]","[7.0, 5.0]",1.0,0.9985060182169132,0.46698225000000093
03_parameter_sensitivity|gamma_0p0|ellipse--demand_conflict|n0_d1_m0|25003|v11_full,03_parameter_sensitivity,independent_seeded,S25003,25003,ellipse--demand_conflict,ellipse,demand_conflict,residual_delay_shrinkage,0.0,12,v11_full,0.0,5,0.65,n0_d1_m0,0.0,4,1.0,7.279743388405482,0.5904679116663989,0.36039679946816305,0.0811110886967311,0.6666666666666666,0.0,1.85507896209821,0.10525646915890093,0.05673961664674872,"[7.279743388405482, 3.497504899948521, 1.9824579360830916, 1.0793163864558732, 0.5904679116663989]","[[3, 4], [1, 4], [1, 3], [1, 3]]","[true, true, true, true, true]",0,4.0,0,1,1,"[[4, 7], [4, 7], [4, 7], [4, 8], [4, 8]]","[[6, 9], [6, 9], [6, 9], [6, 10], [6, 10]]","[[2, 2], [2, 2], [2, 2], [2, 2], [2, 2]]","[[0.0, 0.0], [0.0, 0.0], [0.0, 0.0], [0.0, 0.0], [0.0, 0.0]]","[4.0, 7.0]",1.0,0.9963699228708742,0.3754922499999793
03_parameter_sensitivity|gamma_0p0|ellipse--demand_conflict|n0_d1_m0|25004|v11_full,03_parameter_sensitivity,independent_seeded,S25004,25004,ellipse--demand_conflict,ellipse,demand_conflict,residual_delay_shrinkage,0.0,12,v11_full,0.0,5,0.65,n0_d1_m0,0.0,4,1.0,6.237600449225314,0.4256331423165549,0.35009713911417795,0.06823667943807092,0.6666666666666666,0.0,1.6054979846693018,0.07241896127155835,0.04510685280397602,"[6.237600449225314, 2.9622709694355343, 1.6069093868044804, 0.8342671368334248, 0.4256331423165549]","[[3, 4], [1, 4], [1, 3], [1, 3]]","[true, true, true, true, true]",0,4.0,0,1,1,"[[4, 7], [4, 7], [4, 7], [4, 7], [4, 7]]","[[6, 9], [6, 9], [6, 9], [6, 9], [6, 9]]","[[2, 2], [2, 2], [2, 2], [2, 2], [2, 2]]","[[0.0, 0.0], [0.0, 0.0], [0.0, 0.0], [0.0, 0.0], [0.0, 0.0]]","[4.0, 7.0]",0.5,0.9976020789199339,0.3860810410000113
03_parameter_sensitivity|gamma_0p0|ellipse--demand_conflict|n0_d1_m0|25005|v11_full,03_parameter_sensitivity,independent_seeded,S25005,25005,ellipse--demand_conflict,ellipse,demand_conflict,residual_delay_shrinkage,0.0,12,v11_full,0.0,5,0.65,n0_d1_m0,0.0,4,1.0,7.539010853039086,0.6126155541015103,0.36383890400998947,0.08125940737365511,0.6666666666666666,0.0,1.9428950434958454,0.11197760648600365,0.057634408436455044,"[7.539010853039086, 3.651898711490694, 2.095289959179334, 1.1489399101163011, 0.6126155541015103]","[[3, 4], [1, 4], [1, 3], [1, 3]]","[true, true, true, true, true]",0,4.0,0,1,1,"[[5, 8], [5, 8], [5, 8], [5, 8], [5, 8]]","[[7, 10], [7, 10], [7, 10], [7, 10], [7, 10]]","[[2, 2], [2, 2], [2, 2], [2, 2], [2, 2]]","[[0.0, 0.0], [0.0, 0.0], [0.0, 0.0], [0.0, 0.0], [0.0, 0.0]]","[5.0, 8.0]",0.5,0.9962513514686266,0.38104716599997346
03_parameter_sensitivity|gamma_0p0|ellipse--demand_conflict|n0_d1_m0|25006|v11_full,03_parameter_sensitivity,independent_seeded,S25006,25006,ellipse--demand_conflict,ellipse,demand_conflict,residual_delay_shrinkage,0.0,12,v11_full,0.0,5,0.65,n0_d1_m0,0.0,4,1.0,6.569664275539642,0.38616919234081926,0.3283996622094159,0.05878065851532402,0.8333333333333334,0.0,1.9396508864759971,0.06110832123125459,0.03150480411569198,"[6.569664275539642, 2.8622054576375544, 1.5214176741124577, 0.7683622499756994, 0.38616919234081926]","[[3, 4], [1, 3], [1, 3], [1, 3]]","[true, true, true, true, true]",0,4.0,0,1,1,"[[6, 7], [6, 7], [6, 7], [6, 7], [6, 7]]","[[8, 9], [8, 9], [8, 9], [8, 9], [8, 9]]","[[2, 2], [2, 2], [2, 2], [2, 2], [2, 2]]","[[0.0, 0.0], [0.0, 0.0], [0.0, 0.0], [0.0, 0.0], [0.0, 0.0]]","[6.0, 7.0]",1.0,0.9996572082892322,0.4005306669999982
03_parameter_sensitivity|gamma_0p0|ellipse--demand_conflict|n1_d1_m1|25001|v11_full,03_parameter_sensitivity,independent_seeded,S25001,25001,ellipse--demand_conflict,ellipse,demand_conflict,residual_delay_shrinkage,0.0,12,v11_full,0.0,5,0.65,n1_d1_m1,0.05,4,1.7,7.488128890501111,0.9854348590940931,0.34783531122823863,0.13159961233361558,0.8333333333333334,0.3333333333333333,2.1265330876573425,0.29459415392651056,0.1385325982635168,"[7.488128890501111, 3.219547839637191, 1.7860097435459195, 1.1762031145977627, 0.9854348590940931]","[[2, 3], [2, 3], [1, 3], [3, 4]]","[true, true, true, true, true]",0,4.0,0,1,1,"[[7, 7], [7, 7], [7, 7], [7, 7], [7, 7]]","[[9, 9], [9, 9], [9, 9], [9, 9], [9, 9]]","[[2, 2], [2, 2], [2, 2], [2, 2], [2, 2]]","[[0.0, 0.0], [0.0, 0.0], [0.0, 0.0], [0.0, 0.0], [0.0, 0.0]]","[7.0, 7.0]",0.5,0.9996207165455966,0.5976135419999764
03_parameter_sensitivity|gamma_0p0|ellipse--demand_conflict|n1_d1_m1|25002|v11_full,03_parameter_sensitivity,independent_seeded,S25002,25002,ellipse--demand_conflict,ellipse,demand_conflict,residual_delay_shrinkage,0.0,12,v11_full,0.0,5,0.65,n1_d1_m1,0.05,4,1.7,7.1732068950022025,0.48961008477261103,0.3435736638188052,0.0682553970545221,0.8333333333333334,0.0,1.8160957926442736,0.1359299568627191,0.07484734969007457,"[7.1732068950022025, 3.4356938564685517, 1.7545459649188493, 0.8364515857100825, 0.48961008477261103]","[[2, 3], [2, 3], [2, 3], [2, 3]]","[true, true, true, true, true]",0,4.0,0,1,1,"[[7, 5], [7, 5], [7, 5], [7, 5], [7, 5]]","[[9, 7], [9, 7], [9, 7], [9, 7], [9, 7]]","[[2, 2], [2, 2], [2, 2], [2, 2], [2, 2]]","[[0.0, 0.0], [0.0, 0.0], [0.0, 0.0], [0.0, 0.0], [0.0, 0.0]]","[7.0, 5.0]",1.0,0.998404074050135,0.5686356669999668
03_parameter_sensitivity|gamma_0p0|ellipse--demand_conflict|n1_d1_m1|25003|v11_full,03_parameter_sensitivity,independent_seeded,S25003,25003,ellipse--demand_conflict,ellipse,demand_conflict,residual_delay_shrinkage,0.0,12,v11_full,0.0,5,0.65,n1_d1_m1,0.05,4,1.7,7.073737856536296,0.6132300226210472,0.36843597995498767,0.08669108681408212,0.6666666666666666,0.0,1.7942068458114788,0.10528002293527262,0.05867775121973569,"[7.073737856536296, 3.4580179626052105, 1.9951765484453043, 1.1281997058413906, 0.6132300226210472]","[[3, 4], [1, 4], [1, 3], [1, 3]]","[true, true, true, true, true]",0,4.0,0,1,1,"[[4, 7], [4, 7], [4, 7], [4, 7], [4, 7]]","[[6, 9], [6, 9], [6, 9], [6, 9], [6, 9]]","[[2, 2], [2, 2], [2, 2], [2, 2], [2, 2]]","[[0.0, 0.0], [0.0, 0.0], [0.0, 0.0], [0.0, 0.0], [0.0, 0.0]]","[4.0, 7.0]",1.0,0.9961068609011019,0.4829011670000227
03_parameter_sensitivity|gamma_0p0|ellipse--demand_conflict|n1_d1_m1|25004|v11_full,03_parameter_sensitivity,independent_seeded,S25004,25004,ellipse--demand_conflict,ellipse,demand_conflict,residual_delay_shrinkage,0.0,12,v11_full,0.0,5,0.65,n1_d1_m1,0.05,4,1.7,6.272059599870351,0.5319664197512768,0.3593795126751096,0.08481526861802668,0.6666666666666666,0.0,1.5946042184624036,0.0894486606989889,0.05609458426319712,"[6.272059599870351, 3.0981092823555176, 1.6400214403654942, 0.8760551573507716, 0.5319664197512768]","[[3, 4], [1, 4], [1, 3], [1, 3]]","[true, true, true, true, true]",0,4.0,0,1,1,"[[4, 7], [4, 7], [4, 7], [4, 7], [4, 7]]","[[6, 9], [6, 9], [6, 9], [6, 9], [6, 9]]","[[2, 2], [2, 2], [2, 2], [2, 2], [2, 2]]","[[0.0, 0.0], [0.0, 0.0], [0.0, 0.0], [0.0, 0.0], [0.0, 0.0]]","[4.0, 7.0]",0.5,0.996783994451038,0.47071512500002655
03_parameter_sensitivity|gamma_0p0|ellipse--demand_conflict|n1_d1_m1|25005|v11_full,03_parameter_sensitivity,independent_seeded,S25005,25005,ellipse--demand_conflict,ellipse,demand_conflict,residual_delay_shrinkage,0.0,12,v11_full,0.0,5,0.65,n1_d1_m1,0.05,4,1.7,7.963615217036075,0.7514100384605951,0.3858338334795893,0.09435539236666653,0.6666666666666666,0.0,2.0012392545979276,0.14380137152574654,0.07185616172347065,"[7.963615217036075, 4.187110247102197, 2.4233863634554176, 1.3225195118757316, 0.7514100384605951]","[[3, 4], [1, 4], [1, 3], [1, 2]]","[true, true, true, true, true]",0,4.0,0,1,1,"[[4, 8], [4, 8], [4, 8], [4, 8], [4, 8]]","[[6, 10], [6, 10], [6, 10], [6, 10], [6, 10]]","[[2, 2], [2, 2], [2, 2], [2, 2], [2, 2]]","[[0.0, 0.0], [0.0, 0.0], [0.0, 0.0], [0.0, 0.0], [0.0, 0.0]]","[4.0, 8.0]",1.0,0.9941711913123235,0.4702732079999805
03_parameter_sensitivity|gamma_0p0|ellipse--demand_conflict|n1_d1_m1|25006|v11_full,03_parameter_sensitivity,independent_seeded,S25006,25006,ellipse--demand_conflict,ellipse,demand_conflict,residual_delay_shrinkage,0.0,12,v11_full,0.0,5,0.65,n1_d1_m1,0.05,4,1.7,6.063825769387071,0.3614911064045947,0.3264530063752154,0.059614362310600175,0.8333333333333334,0.0,1.7925268372907202,0.05871795791977176,0.032757087201282786,"[6.063825769387071, 2.658574434018604, 1.3928442445846287, 0.6541394937085868, 0.3614911064045947]","[[3, 4], [1, 3], [1, 3], [1, 3]]","[true, true, true, true, true]",0,4.0,0,1,1,"[[6, 7], [6, 7], [6, 7], [6, 7], [6, 7]]","[[8, 9], [8, 9], [8, 9], [8, 9], [8, 9]]","[[2, 2], [2, 2], [2, 2], [2, 2], [2, 2]]","[[0.0, 0.0], [0.0, 0.0], [0.0, 0.0], [0.0, 0.0], [0.0, 0.0]]","[6.0, 7.0]",1.0,0.9992563268610998,0.4530080829999861
03_parameter_sensitivity|gamma_0p0|figure_eight--demand_conflict|n0_d1_m0|25001|v11_full,03_parameter_sensitivity,independent_seeded,S25001,25001,figure_eight--demand_conflict,figure_eight,demand_conflict,residual_delay_shrinkage,0.0,12,v11_full,0.0,5,0.65,n0_d1_m0,0.0,4,1.0,11.530597929027934,5.420213541310792,0.6025924237495537,0.4700722004767478,0.8333333333333334,0.6666666666666666,3.5406280069014553,1.515484705762873,0.4280270909027617,"[11.530597929027934, 7.167689563859282, 6.212239476065449, 5.937669038244016, 5.420213541310792]","[[2, 4], [2, 4], [2, 4], [3, 4]]","[true, true, true, true, true]",0,4.0,0,1,1,"[[7, 7], [7, 7], [7, 7], [7, 7], [7, 7]]","[[9, 9], [9, 9], [9, 9], [9, 9], [9, 9]]","[[2, 2], [2, 2], [2, 2], [2, 2], [2, 2]]","[[0.0, 0.0], [0.0, 0.0], [0.0, 0.0], [0.0, 0.0], [0.0, 0.0]]","[7.0, 7.0]",0.5,0.9997692911999789,0.7047513340000364
03_parameter_sensitivity|gamma_0p0|figure_eight--demand_conflict|n0_d1_m0|25002|v11_full,03_parameter_sensitivity,independent_seeded,S25002,25002,figure_eight--demand_conflict,figure_eight,demand_conflict,residual_delay_shrinkage,0.0,12,v11_full,0.0,5,0.65,n0_d1_m0,0.0,4,1.0,10.205787666034217,2.471880219498654,0.42441136991282724,0.24220376715511088,1.0,0.6666666666666666,2.9412102616826212,0.6346284698210631,0.21577120074985795,"[10.205787666034217, 4.987290494151731, 3.1615904898138822, 2.838094370792021, 2.471880219498654]","[[1, 4], [2, 4], [2, 4], [3, 4]]","[true, true, true, true, true]",0,4.0,0,1,1,"[[7, 5], [7, 5], [7, 5], [7, 5], [7, 5]]","[[9, 7], [9, 7], [9, 7], [9, 7], [9, 7]]","[[2, 2], [2, 2], [2, 2], [2, 2], [2, 2]]","[[0.0, 0.0], [0.0, 0.0], [0.0, 0.0], [0.0, 0.0], [0.0, 0.0]]","[7.0, 5.0]",1.0,0.997419156532725,0.6622189580000395
03_parameter_sensitivity|gamma_0p0|figure_eight--demand_conflict|n0_d1_m0|25003|v11_full,03_parameter_sensitivity,independent_seeded,S25003,25003,figure_eight--demand_conflict,figure_eight,demand_conflict,residual_delay_shrinkage,0.0,12,v11_full,0.0,5,0.65,n0_d1_m0,0.0,4,1.0,11.943424306382695,6.976433854388104,0.6855409410688411,0.5841234201701955,1.0,1.0,3.434114444626585,2.075787530204552,0.6044607900160609,"[11.943424306382695, 8.803248714517823, 6.976433854388104, 7.332953754820652, 7.332953754820652]","[[2, 4], [3, 4], [2, 4], [2, 4]]","[true, true, true, false, false]",2,1.0,0,1,1,"[[4, 8], [4, 8], [4, 8], [4, 8], [4, 8]]","[[6, 10], [6, 10], [6, 10], [6, 10], [6, 10]]","[[2, 2], [2, 2], [2, 2], [2, 2], [2, 2]]","[[0.0, 0.0], [0.0, 0.0], [0.0, 0.0], [0.0, 0.0], [0.0, 0.0]]","[4.0, 8.0]",0.5,0.9935471756054297,0.7908960420000426
03_parameter_sensitivity|gamma_0p0|figure_eight--demand_conflict|n0_d1_m0|25004|v11_full,03_parameter_sensitivity,independent_seeded,S25004,25004,figure_eight--demand_conflict,figure_eight,demand_conflict,residual_delay_shrinkage,0.0,12,v11_full,0.0,5,0.65,n0_d1_m0,0.0,4,1.0,10.33382828411624,5.303011121982001,0.6276438701915134,0.51317004465161,1.0,1.0,2.972442702426152,1.5800167761165365,0.5315549984620068,"[10.33382828411624, 7.104464725880634, 5.303011121982001, 5.579643948418809, 5.579643948418809]","[[2, 4], [3, 4], [2, 4], [2, 4]]","[true, true, true, false, false]",2,1.0,0,1,1,"[[4, 7], [4, 7], [4, 7], [4, 7], [4, 7]]","[[6, 9], [6, 9], [6, 9], [6, 9], [6, 9]]","[[2, 2], [2, 2], [2, 2], [2, 2], [2, 2]]","[[0.0, 0.0], [0.0, 0.0], [0.0, 0.0], [0.0, 0.0], [0.0, 0.0]]","[4.0, 7.0]",0.5,0.9960283828810008,0.698763917000008
03_parameter_sensitivity|gamma_0p0|figure_eight--demand_conflict|n0_d1_m0|25005|v11_full,03_parameter_sensitivity,independent_seeded,S25005,25005,figure_eight--demand_conflict,figure_eight,demand_conflict,residual_delay_shrinkage,0.0,12,v11_full,0.0,5,0.65,n0_d1_m0,0.0,4,1.0,12.65732316490088,9.459901234909054,0.7861896381497212,0.7473856131872837,1.0,1.0,3.642795192090087,2.7716031502944363,0.7608451763394921,"[12.65732316490088, 9.459901234909054, 9.615263171660288, 9.615263171660288, 9.570272230299917]","[[2, 4], [2, 4], [2, 4], [2, 4]]","[true, true, false, false, false]",3,0.5,0,1,1,"[[5, 8], [5, 8], [5, 8], [5, 8], [5, 8]]","[[7, 10], [7, 10], [7, 10], [7, 10], [7, 10]]","[[2, 2], [2, 2], [2, 2], [2, 2], [2, 2]]","[[0.0, 0.0], [0.0, 0.0], [0.0, 0.0], [0.0, 0.0], [0.0, 0.0]]","[5.0, 8.0]",0.5,0.9937112724465166,0.8659832910000205
03_parameter_sensitivity|gamma_0p0|figure_eight--demand_conflict|n0_d1_m0|25006|v11_full,03_parameter_sensitivity,independent_seeded,S25006,25006,figure_eight--demand_conflict,figure_eight,demand_conflict,residual_delay_shrinkage,0.0,12,v11_full,0.0,5,0.65,n0_d1_m0,0.0,4,1.0,11.568280104852967,6.118137124019041,0.6478128042151593,0.5288718001781824,0.8333333333333334,0.6666666666666666,3.4310419029031243,1.755875609655648,0.5117616337387021,"[11.568280104852967, 7.717534052671937, 7.131688912046625, 6.118137124019041, 6.449639515041731]","[[2, 4], [2, 4], [3, 4], [2, 4]]","[true, true, true, true, false]",1,2.0,0,1,1,"[[6, 7], [6, 7], [6, 7], [6, 7], [6, 7]]","[[8, 9], [8, 9], [8, 9], [8, 9], [8, 9]]","[[2, 2], [2, 2], [2, 2], [2, 2], [2, 2]]","[[0.0, 0.0], [0.0, 0.0], [0.0, 0.0], [0.0, 0.0], [0.0, 0.0]]","[6.0, 7.0]",1.0,0.9994531202541124,0.7628142500000195
03_parameter_sensitivity|gamma_0p0|figure_eight--demand_conflict|n1_d1_m1|25001|v11_full,03_parameter_sensitivity,independent_seeded,S25001,25001,figure_eight--demand_conflict,figure_eight,demand_conflict,residual_delay_shrinkage,0.0,12,v11_full,0.0,5,0.65,n1_d1_m1,0.05,4,1.7,11.677691315437041,5.891572064271147,0.6149785480401049,0.5045151396049428,0.8333333333333334,0.6666666666666666,3.547203318946834,1.6800726966468165,0.47363304146479845,"[11.677691315437041, 7.515490343903126, 6.4915307104184645, 5.891572064271147, 5.977359644401599]","[[2, 4], [2, 4], [3, 4], [2, 4]]","[true, true, true, true, false]",1,2.0,0,1,1,"[[7, 7], [7, 7], [7, 7], [7, 7], [7, 7]]","[[9, 9], [9, 9], [9, 9], [9, 9], [9, 9]]","[[2, 2], [2, 2], [2, 2], [2, 2], [2, 2]]","[[0.0, 0.0], [0.0, 0.0], [0.0, 0.0], [0.0, 0.0], [0.0, 0.0]]","[7.0, 7.0]",0.5,0.9994740775158415,0.8821218749999957
03_parameter_sensitivity|gamma_0p0|figure_eight--demand_conflict|n1_d1_m1|25002|v11_full,03_parameter_sensitivity,independent_seeded,S25002,25002,figure_eight--demand_conflict,figure_eight,demand_conflict,residual_delay_shrinkage,0.0,12,v11_full,0.0,5,0.65,n1_d1_m1,0.05,4,1.7,9.444604032109284,1.8181484018802876,0.3912796363173973,0.1925065779040645,1.0,0.6666666666666666,2.7197966276617676,0.4950147063717449,0.18200430919620386,"[9.444604032109284, 4.487159081149004, 2.4957924203149964, 2.167597204923394, 1.8181484018802876]","[[1, 4], [2, 4], [2, 4], [3, 4]]","[true, true, true, true, true]",0,4.0,0,1,1,"[[7, 5], [7, 5], [7, 5], [7, 5], [7, 5]]","[[9, 7], [9, 7], [9, 7], [9, 7], [9, 7]]","[[2, 2], [2, 2], [2, 2], [2, 2], [2, 2]]","[[0.0, 0.0], [0.0, 0.0], [0.0, 0.0], [0.0, 0.0], [0.0, 0.0]]","[7.0, 5.0]",1.0,0.9968956036772085,0.73420358300001
03_parameter_sensitivity|gamma_0p0|figure_eight--demand_conflict|n1_d1_m1|25003|v11_full,03_parameter_sensitivity,independent_seeded,S25003,25003,figure_eight--demand_conflict,figure_eight,demand_conflict,residual_delay_shrinkage,0.0,12,v11_full,0.0,5,0.65,n1_d1_m1,0.05,4,1.7,11.569640299296164,6.511011822522585,0.6752421021036185,0.5627670052040149,1.0,1.0,3.318112372978345,1.9473329763471166,0.5868797549491027,"[11.569640299296164, 8.60620577793528, 6.511011822522585, 6.898130130007978, 6.898130130007978]","[[2, 4], [3, 4], [2, 4], [2, 4]]","[true, true, true, false, false]",2,1.0,0,1,1,"[[4, 7], [4, 7], [4, 7], [4, 7], [4, 7]]","[[6, 9], [6, 9], [6, 9], [6, 9], [6, 9]]","[[2, 2], [2, 2], [2, 2], [2, 2], [2, 2]]","[[0.0, 0.0], [0.0, 0.0], [0.0, 0.0], [0.0, 0.0], [0.0, 0.0]]","[4.0, 7.0]",1.0,0.9929800044285262,0.7921159169999896
03_parameter_sensitivity|gamma_0p0|figure_eight--demand_conflict|n1_d1_m1|25004|v11_full,03_parameter_sensitivity,independent_seeded,S25004,25004,figure_eight--demand_conflict,figure_eight,demand_conflict,residual_delay_shrinkage,0.0,12,v11_full,0.0,5,0.65,n1_d1_m1,0.05,4,1.7,10.318952142072382,5.187056866041827,0.6299049609968822,0.5026728290456144,1.0,1.0,2.9536337273818942,1.5548440549368083,0.5264173551793183,"[10.318952142072382, 7.378371553098944, 5.187056866041827, 5.51662139743082, 5.51662139743082]","[[2, 4], [3, 4], [2, 4], [2, 4]]","[true, true, true, false, false]",2,1.0,0,1,1,"[[4, 7], [4, 7], [4, 7], [4, 7], [4, 7]]","[[6, 9], [6, 9], [6, 9], [6, 9], [6, 9]]","[[2, 2], [2, 2], [2, 2], [2, 2], [2, 2]]","[[0.0, 0.0], [0.0, 0.0], [0.0, 0.0], [0.0, 0.0], [0.0, 0.0]]","[4.0, 7.0]",0.5,0.9949879729086536,0.8135825419999492
03_parameter_sensitivity|gamma_0p0|figure_eight--demand_conflict|n1_d1_m1|25005|v11_full,03_parameter_sensitivity,independent_seeded,S25005,25005,figure_eight--demand_conflict,figure_eight,demand_conflict,residual_delay_shrinkage,0.0,12,v11_full,0.0,5,0.65,n1_d1_m1,0.05,4,1.7,13.208865916594977,7.970365850669698,0.7253058894768902,0.6034103079702035,1.0,1.0,3.7822836944178975,2.417722949847535,0.6392230581264288,"[13.208865916594977, 10.612411929808548, 7.970365850669698, 8.756441487794575, 8.756441487794575]","[[2, 4], [3, 4], [2, 4], [2, 4]]","[true, true, true, false, false]",2,1.0,0,1,1,"[[4, 8], [4, 8], [4, 8], [4, 8], [4, 8]]","[[6, 10], [6, 10], [6, 10], [6, 10], [6, 10]]","[[2, 2], [2, 2], [2, 2], [2, 2], [2, 2]]","[[0.0, 0.0], [0.0, 0.0], [0.0, 0.0], [0.0, 0.0], [0.0, 0.0]]","[4.0, 8.0]",1.0,0.9896237889530575,1.0332137500000158
03_parameter_sensitivity|gamma_0p0|figure_eight--demand_conflict|n1_d1_m1|25006|v11_full,03_parameter_sensitivity,independent_seeded,S25006,25006,figure_eight--demand_conflict,figure_eight,demand_conflict,residual_delay_shrinkage,0.0,12,v11_full,0.0,5,0.65,n1_d1_m1,0.05,4,1.7,10.804689433892133,5.374411519894355,0.6281999957809945,0.4974147154138378,0.6666666666666666,0.8333333333333334,3.190097182857639,1.5333914076241306,0.4806723180296792,"[10.804689433892133, 6.919414682462255, 6.52051945430053, 5.374411519894355, 5.8666661070815325]","[[2, 4], [2, 4], [3, 4], [2, 4]]","[true, true, true, true, false]",1,2.0,0,1,1,"[[6, 7], [6, 7], [6, 7], [6, 7], [6, 7]]","[[8, 9], [8, 9], [8, 9], [8, 9], [8, 9]]","[[2, 2], [2, 2], [2, 2], [2, 2], [2, 2]]","[[0.0, 0.0], [0.0, 0.0], [0.0, 0.0], [0.0, 0.0], [0.0, 0.0]]","[6.0, 7.0]",1.0,0.999189475535491,0.8402812909999966
03_parameter_sensitivity|gamma_0p0|harmonic_loop--demand_conflict|n0_d1_m0|25001|v11_full,03_parameter_sensitivity,independent_seeded,S25001,25001,harmonic_loop--demand_conflict,harmonic_loop,demand_conflict,residual_delay_shrinkage,0.0,12,v11_full,0.0,5,0.65,n0_d1_m0,0.0,4,1.0,8.99889140222643,3.586702552885723,0.5940237379006901,0.39857160094168165,1.0,0.8333333333333334,2.4660513006353546,1.247461258958208,0.5058537341201342,"[8.99889140222643, 6.234955640211839, 4.8638062334906635, 3.9906615795931235, 3.586702552885723]","[[2, 3], [3, 4], [3, 4], [3, 4]]","[true, true, true, true, true]",0,4.0,0,1,1,"[[7, 7], [7, 7], [7, 7], [7, 7], [7, 7]]","[[9, 9], [9, 9], [9, 9], [9, 9], [9, 9]]","[[2, 2], [2, 2], [2, 2], [2, 2], [2, 2]]","[[0.0, 0.0], [0.0, 0.0], [0.0, 0.0], [0.0, 0.0], [0.0, 0.0]]","[7.0, 7.0]",0.5,0.9997254773850166,0.6466595419999521
03_parameter_sensitivity|gamma_0p0|harmonic_loop--demand_conflict|n0_d1_m0|25002|v11_full,03_parameter_sensitivity,independent_seeded,S25002,25002,harmonic_loop--demand_conflict,harmonic_loop,demand_conflict,residual_delay_shrinkage,0.0,12,v11_full,0.0,5,0.65,n0_d1_m0,0.0,4,1.0,8.1760226882683,2.082831599437567,0.5086477988388105,0.2547487548470484,0.8333333333333334,0.6666666666666666,2.039212942951675,0.5827040211517172,0.2857494717095497,"[8.1760226882683, 5.071151704752486, 3.66169240824622, 2.772592517723744, 2.082831599437567]","[[2, 3], [2, 4], [3, 4], [2, 4]]","[true, true, true, true, true]",0,4.0,0,1,1,"[[7, 5], [7, 5], [7, 5], [7, 5], [7, 5]]","[[9, 7], [9, 7], [9, 7], [9, 7], [9, 7]]","[[2, 2], [2, 2], [2, 2], [2, 2], [2, 2]]","[[0.0, 0.0], [0.0, 0.0], [0.0, 0.0], [0.0, 0.0], [0.0, 0.0]]","[7.0, 5.0]",1.0,0.9972393302453411,0.5474866250000332
03_parameter_sensitivity|gamma_0p0|harmonic_loop--demand_conflict|n0_d1_m0|25003|v11_full,03_parameter_sensitivity,independent_seeded,S25003,25003,harmonic_loop--demand_conflict,harmonic_loop,demand_conflict,residual_delay_shrinkage,0.0,12,v11_full,0.0,5,0.65,n0_d1_m0,0.0,4,1.0,8.574357152477088,4.6261738469863625,0.6559689288537014,0.5395359400966736,0.8333333333333334,0.8333333333333334,2.19461231466453,1.4174219547060811,0.6458643949251461,"[8.574357152477088, 5.929379814154019, 5.184200878909019, 4.6261738469863625, 4.9422287827798606]","[[2, 3], [2, 3], [3, 4], [1, 3]]","[true, true, true, true, false]",1,2.0,0,1,1,"[[4, 7], [4, 7], [4, 7], [4, 7], [4, 7]]","[[6, 9], [6, 9], [6, 9], [6, 9], [6, 9]]","[[2, 2], [2, 2], [2, 2], [2, 2], [2, 2]]","[[0.0, 0.0], [0.0, 0.0], [0.0, 0.0], [0.0, 0.0], [0.0, 0.0]]","[4.0, 7.0]",1.0,0.9950282455054329,0.553733042000033
03_parameter_sensitivity|gamma_0p0|harmonic_loop--demand_conflict|n0_d1_m0|25004|v11_full,03_parameter_sensitivity,independent_seeded,S25004,25004,harmonic_loop--demand_conflict,harmonic_loop,demand_conflict,residual_delay_shrinkage,0.0,12,v11_full,0.0,5,0.65,n0_d1_m0,0.0,4,1.0,7.397759230051182,3.2008778316753856,0.6004749086365035,0.43268207738807957,1.0,0.8333333333333334,1.9138760484106219,1.1164216450660505,0.583330172292601,"[7.397759230051182, 4.7172973622338095, 4.372761718148684, 3.37929757987356, 3.2008778316753856]","[[2, 3], [2, 3], [3, 4], [3, 4]]","[true, true, true, true, true]",0,4.0,0,1,1,"[[4, 7], [4, 7], [4, 7], [4, 7], [4, 7]]","[[6, 9], [6, 9], [6, 9], [6, 9], [6, 9]]","[[2, 2], [2, 2], [2, 2], [2, 2], [2, 2]]","[[0.0, 0.0], [0.0, 0.0], [0.0, 0.0], [0.0, 0.0], [0.0, 0.0]]","[4.0, 7.0]",0.5,0.9966387144249604,0.5701508749999675
03_parameter_sensitivity|gamma_0p0|harmonic_loop--demand_conflict|n0_d1_m0|25005|v11_full,03_parameter_sensitivity,independent_seeded,S25005,25005,harmonic_loop--demand_conflict,harmonic_loop,demand_conflict,residual_delay_shrinkage,0.0,12,v11_full,0.0,5,0.65,n0_d1_m0,0.0,4,1.0,9.152116894160674,5.281591902500543,0.686015536767466,0.5770896464259934,1.0,0.8333333333333334,2.3500559742655738,1.5727952841758512,0.6692586480487438,"[9.152116894160674, 6.557427755967734, 5.878089895813716, 5.281591902500543, 5.641619066925169]","[[2, 3], [2, 3], [3, 4], [1, 3]]","[true, true, true, true, false]",1,2.0,0,1,1,"[[5, 8], [5, 8], [5, 8], [5, 8], [5, 8]]","[[7, 10], [7, 10], [7, 10], [7, 10], [7, 10]]","[[2, 2], [2, 2], [2, 2], [2, 2], [2, 2]]","[[0.0, 0.0], [0.0, 0.0], [0.0, 0.0], [0.0, 0.0], [0.0, 0.0]]","[5.0, 8.0]",0.5,0.9945280603420322,0.5216938330000289
03_parameter_sensitivity|gamma_0p0|harmonic_loop--demand_conflict|n0_d1_m0|25006|v11_full,03_parameter_sensitivity,independent_seeded,S25006,25006,harmonic_loop--demand_conflict,harmonic_loop,demand_conflict,residual_delay_shrinkage,0.0,12,v11_full,0.0,5,0.65,n0_d1_m0,0.0,4,1.0,8.536642392877095,4.432112462622332,0.6276479480884873,0.5191868487217469,1.0,1.0,2.3239425180567728,1.389550271628839,0.5979279869584506,"[8.536642392877095, 5.677202945185233, 4.432112462622332, 4.7029251477146, 4.7029251477146]","[[2, 3], [3, 4], [2, 3], [2, 3]]","[true, true, true, false, false]",2,1.0,0,1,1,"[[6, 7], [6, 7], [6, 7], [6, 7], [6, 7]]","[[8, 9], [8, 9], [8, 9], [8, 9], [8, 9]]","[[2, 2], [2, 2], [2, 2], [2, 2], [2, 2]]","[[0.0, 0.0], [0.0, 0.0], [0.0, 0.0], [0.0, 0.0], [0.0, 0.0]]","[6.0, 7.0]",1.0,0.9995030149556574,0.6498932080000372
03_parameter_sensitivity|gamma_0p0|harmonic_loop--demand_conflict|n1_d1_m1|25001|v11_full,03_parameter_sensitivity,independent_seeded,S25001,25001,harmonic_loop--demand_conflict,harmonic_loop,demand_conflict,residual_delay_shrinkage,0.0,12,v11_full,0.0,5,0.65,n1_d1_m1,0.05,4,1.7,8.86701486508597,4.100203025179786,0.6381357025385993,0.46241075351349736,1.0,0.8333333333333334,2.4949899882297855,1.4254645775979136,0.571330780613389,"[8.86701486508597, 6.599993080801621, 5.216134279576378, 4.333698735896477, 4.100203025179786]","[[2, 3], [3, 4], [3, 4], [3, 4]]","[true, true, true, true, true]",0,4.0,0,1,1,"[[7, 7], [7, 7], [7, 7], [7, 7], [7, 7]]","[[9, 9], [9, 9], [9, 9], [9, 9], [9, 9]]","[[2, 2], [2, 2], [2, 2], [2, 2], [2, 2]]","[[0.0, 0.0], [0.0, 0.0], [0.0, 0.0], [0.0, 0.0], [0.0, 0.0]]","[7.0, 7.0]",0.5,0.9989445113988267,0.7365987500000415
03_parameter_sensitivity|gamma_0p0|harmonic_loop--demand_conflict|n1_d1_m1|25002|v11_full,03_parameter_sensitivity,independent_seeded,S25002,25002,harmonic_loop--demand_conflict,harmonic_loop,demand_conflict,residual_delay_shrinkage,0.0,12,v11_full,0.0,5,0.65,n1_d1_m1,0.05,4,1.7,7.544353028411633,1.7791748230259143,0.497683832025882,0.23582868091215195,0.8333333333333334,0.6666666666666666,1.8750192561065957,0.48680749234413123,0.2596279962238724,"[7.544353028411633, 4.663934439522017, 3.263487750577165, 2.429623985525923, 1.7791748230259143]","[[2, 3], [2, 4], [3, 4], [2, 4]]","[true, true, true, true, true]",0,4.0,0,1,1,"[[7, 5], [7, 5], [7, 5], [7, 5], [7, 5]]","[[9, 7], [9, 7], [9, 7], [9, 7], [9, 7]]","[[2, 2], [2, 2], [2, 2], [2, 2], [2, 2]]","[[0.0, 0.0], [0.0, 0.0], [0.0, 0.0], [0.0, 0.0], [0.0, 0.0]]","[7.0, 5.0]",1.0,0.9975004207158842,0.6435981249999827
03_parameter_sensitivity|gamma_0p0|harmonic_loop--demand_conflict|n1_d1_m1|25003|v11_full,03_parameter_sensitivity,independent_seeded,S25003,25003,harmonic_loop--demand_conflict,harmonic_loop,demand_conflict,residual_delay_shrinkage,0.0,12,v11_full,0.0,5,0.65,n1_d1_m1,0.05,4,1.7,8.238858540839244,4.305160545530343,0.6424611351042145,0.5225433261403954,0.8333333333333334,0.8333333333333334,2.1077823925540953,1.3660441668622239,0.6480954446188946,"[8.238858540839244, 5.611509197939704, 4.824526828657469, 4.305160545530343, 4.623919595790792]","[[2, 3], [2, 3], [3, 4], [1, 3]]","[true, true, true, true, false]",1,2.0,0,1,1,"[[4, 7], [4, 7], [4, 7], [4, 7], [4, 7]]","[[6, 9], [6, 9], [6, 9], [6, 9], [6, 9]]","[[2, 2], [2, 2], [2, 2], [2, 2], [2, 2]]","[[0.0, 0.0], [0.0, 0.0], [0.0, 0.0], [0.0, 0.0], [0.0, 0.0]]","[4.0, 7.0]",1.0,0.9947588630777788,0.7107771670000034
03_parameter_sensitivity|gamma_0p0|harmonic_loop--demand_conflict|n1_d1_m1|25004|v11_full,03_parameter_sensitivity,independent_seeded,S25004,25004,harmonic_loop--demand_conflict,harmonic_loop,demand_conflict,residual_delay_shrinkage,0.0,12,v11_full,0.0,5,0.65,n1_d1_m1,0.05,4,1.7,7.294331283118729,3.1082011173414736,0.5662980042893924,0.4261118664208169,1.0,0.8333333333333334,1.8835316528462713,1.1095733449117149,0.5890919556541561,"[7.294331283118729, 4.6374693464143455, 3.4958792418587903, 3.188446204520038, 3.1082011173414736]","[[2, 3], [3, 4], [3, 4], [3, 4]]","[true, true, true, true, true]",0,4.0,0,1,1,"[[4, 7], [4, 7], [4, 7], [4, 7], [4, 7]]","[[6, 9], [6, 9], [6, 9], [6, 9], [6, 9]]","[[2, 2], [2, 2], [2, 2], [2, 2], [2, 2]]","[[0.0, 0.0], [0.0, 0.0], [0.0, 0.0], [0.0, 0.0], [0.0, 0.0]]","[4.0, 7.0]",0.5,0.9957190335254209,0.6832339999999704
03_parameter_sensitivity|gamma_0p0|harmonic_loop--demand_conflict|n1_d1_m1|25005|v11_full,03_parameter_sensitivity,independent_seeded,S25005,25005,harmonic_loop--demand_conflict,harmonic_loop,demand_conflict,residual_delay_shrinkage,0.0,12,v11_full,0.0,5,0.65,n1_d1_m1,0.05,4,1.7,9.516513563736712,5.92260289198464,0.7169718907220654,0.6223500709916602,0.8333333333333334,0.8333333333333334,2.420289824794433,1.77857725826406,0.7348612715897044,"[9.516513563736712, 7.055071530884713, 6.42346738646196, 5.92260289198464, 6.265784600596588]","[[2, 3], [2, 3], [3, 4], [1, 3]]","[true, true, true, true, false]",1,2.0,0,1,1,"[[4, 8], [5, 8], [5, 8], [5, 8], [5, 8]]","[[6, 10], [7, 10], [7, 10], [7, 10], [7, 10]]","[[2, 2], [2, 2], [2, 2], [2, 2], [2, 2]]","[[0.0, 0.0], [0.0, 0.0], [0.0, 0.0], [0.0, 0.0], [0.0, 0.0]]","[5.0, 8.0]",0.5,0.9908683688404518,0.6632317079999552
03_parameter_sensitivity|gamma_0p0|harmonic_loop--demand_conflict|n1_d1_m1|25006|v11_full,03_parameter_sensitivity,independent_seeded,S25006,25006,harmonic_loop--demand_conflict,harmonic_loop,demand_conflict,residual_delay_shrinkage,0.0,12,v11_full,0.0,5,0.65,n1_d1_m1,0.05,4,1.7,7.923445882788174,3.487516629363044,0.5962704518355941,0.44015150490758764,1.0,0.8333333333333334,2.1567230813337837,1.211764939832991,0.5618546721740458,"[7.923445882788174, 5.3229216621555, 4.134794128451367, 3.487516629363044, 3.9822225302718652]","[[2, 3], [3, 4], [3, 4], [2, 3]]","[true, true, true, true, false]",1,2.0,0,1,1,"[[6, 7], [6, 7], [6, 7], [6, 7], [6, 7]]","[[8, 9], [8, 9], [8, 9], [8, 9], [8, 9]]","[[2, 2], [2, 2], [2, 2], [2, 2], [2, 2]]","[[0.0, 0.0], [0.0, 0.0], [0.0, 0.0], [0.0, 0.0], [0.0, 0.0]]","[6.0, 7.0]",1.0,0.999248636331542,0.6724931250000168
03_parameter_sensitivity|gamma_0p0|rounded_square--demand_conflict|n0_d1_m0|25001|v11_full,03_parameter_sensitivity,independent_seeded,S25001,25001,rounded_square--demand_conflict,rounded_square,demand_conflict,residual_delay_shrinkage,0.0,12,v11_full,0.0,5,0.65,n0_d1_m0,0.0,4,1.0,12.878324196240044,11.183648959868759,0.9202123497440599,0.8684087144765261,1.0,0.8333333333333334,2.734247150516419,2.20987688273415,0.8082213351915788,"[12.878324196240044, 11.90875304483006, 11.183648959868759, 12.000875109251528, 11.741465330961915]","[[1, 2], [2, 3], [2, 4], [2, 4]]","[true, true, true, false, false]",2,1.0,0,1,1,"[[7, 7], [7, 7], [7, 7], [7, 7], [7, 7]]","[[9, 9], [9, 9], [9, 9], [9, 9], [9, 9]]","[[2, 2], [2, 2], [2, 2], [2, 2], [2, 2]]","[[0.0, 0.0], [0.0, 0.0], [0.0, 0.0], [0.0, 0.0], [0.0, 0.0]]","[7.0, 7.0]",0.5,0.9996173622678242,0.6371099579999964
03_parameter_sensitivity|gamma_0p0|rounded_square--demand_conflict|n0_d1_m0|25002|v11_full,03_parameter_sensitivity,independent_seeded,S25002,25002,rounded_square--demand_conflict,rounded_square,demand_conflict,residual_delay_shrinkage,0.0,12,v11_full,0.0,5,0.65,n0_d1_m0,0.0,4,1.0,10.609358139352715,9.846508528863023,1.050176968503709,0.9280965351089341,0.8333333333333334,0.8333333333333334,2.4987575237146307,2.028856134628665,0.811945983303168,"[10.609358139352715, 12.635378070713777, 11.601400611090291, 10.102102258310401, 9.846508528863023]","[[2, 4], [2, 4], [2, 4], [2, 3]]","[true, false, false, true, true]",2,1.3224999999999998,0,1,1,"[[7, 5], [7, 5], [7, 5], [7, 5], [7, 5]]","[[9, 7], [9, 7], [9, 7], [9, 7], [9, 7]]","[[2, 2], [2, 2], [2, 2], [2, 2], [2, 2]]","[[0.0, 0.0], [0.0, 0.0], [0.0, 0.0], [0.0, 0.0], [0.0, 0.0]]","[7.0, 5.0]",1.0,0.9966202993460815,0.6166839999999638
03_parameter_sensitivity|gamma_0p0|rounded_square--demand_conflict|n0_d1_m0|25003|v11_full,03_parameter_sensitivity,independent_seeded,S25003,25003,rounded_square--demand_conflict,rounded_square,demand_conflict,residual_delay_shrinkage,0.0,12,v11_full,0.0,5,0.65,n0_d1_m0,0.0,4,1.0,12.667453428070658,7.63024401601489,0.6776016971814668,0.6023502718475776,1.0,1.0,2.9130061268567298,2.2032926759430436,0.7563639003809784,"[12.667453428070658, 8.387708280677202, 7.63024401601489, 7.988181837722699, 7.988181837722699]","[[1, 4], [1, 4], [2, 4], [2, 4]]","[true, true, true, false, false]",2,1.0,0,1,1,"[[4, 7], [4, 7], [4, 7], [4, 7], [4, 7]]","[[6, 9], [6, 9], [6, 9], [6, 9], [6, 9]]","[[2, 2], [2, 2], [2, 2], [2, 2], [2, 2]]","[[0.0, 0.0], [0.0, 0.0], [0.0, 0.0], [0.0, 0.0], [0.0, 0.0]]","[4.0, 7.0]",1.0,0.9913287633893566,0.6206301670000016
03_parameter_sensitivity|gamma_0p0|rounded_square--demand_conflict|n0_d1_m0|25004|v11_full,03_parameter_sensitivity,independent_seeded,S25004,25004,rounded_square--demand_conflict,rounded_square,demand_conflict,residual_delay_shrinkage,0.0,12,v11_full,0.0,5,0.65,n0_d1_m0,0.0,4,1.0,10.936409882598811,5.8862198003544,0.6307297078073474,0.5382223109358866,1.0,0.8333333333333334,2.4692788937523678,1.5646864429401213,0.6336612874710119,"[10.936409882598811, 6.663820853823652, 6.57477709435096, 5.8862198003544, 5.997303498046637]","[[1, 4], [1, 2], [3, 4], [2, 4]]","[true, true, true, true, false]",1,2.0,0,1,1,"[[4, 7], [4, 7], [4, 7], [4, 7], [4, 7]]","[[6, 9], [6, 9], [6, 9], [6, 9], [6, 9]]","[[2, 2], [2, 2], [2, 2], [2, 2], [2, 2]]","[[0.0, 0.0], [0.0, 0.0], [0.0, 0.0], [0.0, 0.0], [0.0, 0.0]]","[4.0, 7.0]",0.5,0.9940637622893971,0.6102917090000233
03_parameter_sensitivity|gamma_0p0|rounded_square--demand_conflict|n0_d1_m0|25005|v11_full,03_parameter_sensitivity,independent_seeded,S25005,25005,rounded_square--demand_conflict,rounded_square,demand_conflict,residual_delay_shrinkage,0.0,12,v11_full,0.0,5,0.65,n0_d1_m0,0.0,4,1.0,13.449428834251158,8.822450305258618,0.7128116361994591,0.6559721170307853,1.0,1.0,3.021275814696837,2.4390502980193505,0.8072915045209441,"[13.449428834251158, 9.394694537297818, 8.822450305258618, 8.937185488987327, 8.937185488987327]","[[1, 4], [1, 4], [1, 4], [1, 4]]","[true, true, true, false, false]",2,1.0,0,1,1,"[[5, 8], [5, 8], [5, 8], [5, 8], [5, 8]]","[[7, 10], [7, 10], [7, 10], [7, 10], [7, 10]]","[[2, 2], [2, 2], [2, 2], [2, 2], [2, 2]]","[[0.0, 0.0], [0.0, 0.0], [0.0, 0.0], [0.0, 0.0], [0.0, 0.0]]","[5.0, 8.0]",0.5,0.9913463767308752,0.8850477500000125
03_parameter_sensitivity|gamma_0p0|rounded_square--demand_conflict|n0_d1_m0|25006|v11_full,03_parameter_sensitivity,independent_seeded,S25006,25006,rounded_square--demand_conflict,rounded_square,demand_conflict,residual_delay_shrinkage,0.0,12,v11_full,0.0,5,0.65,n0_d1_m0,0.0,4,1.0,12.668752557348686,7.4212653195240375,0.7260081580881352,0.5857929015449299,1.0,0.8333333333333334,2.6027135139067417,1.8863379822104622,0.7247582079746531,"[12.668752557348686, 9.57945710116388, 7.4212653195240375, 8.970248092252017, 8.970248092252017]","[[1, 2], [3, 4], [2, 4], [2, 4]]","[true, true, true, false, false]",2,1.0,0,1,1,"[[6, 7], [6, 7], [6, 7], [6, 7], [6, 7]]","[[8, 9], [8, 9], [8, 9], [8, 9], [8, 9]]","[[2, 2], [2, 2], [2, 2], [2, 2], [2, 2]]","[[0.0, 0.0], [0.0, 0.0], [0.0, 0.0], [0.0, 0.0], [0.0, 0.0]]","[6.0, 7.0]",1.0,0.9992413673480831,0.7501152919999754
03_parameter_sensitivity|gamma_0p0|rounded_square--demand_conflict|n1_d1_m1|25001|v11_full,03_parameter_sensitivity,independent_seeded,S25001,25001,rounded_square--demand_conflict,rounded_square,demand_conflict,residual_delay_shrinkage,0.0,12,v11_full,0.0,5,0.65,n1_d1_m1,0.05,4,1.7,13.018710329567652,10.84874778193793,0.8745449272971085,0.8333196996709131,1.0,0.8333333333333334,2.7142490987481973,2.2198324381366366,0.8178440361868098,"[13.018710329567652, 11.174497520198734, 10.84874778193793, 11.391417548142474, 11.235540599264937]","[[1, 2], [2, 3], [2, 4], [2, 4]]","[true, true, true, false, false]",2,1.0,0,1,1,"[[7, 7], [7, 7], [7, 7], [7, 7], [7, 7]]","[[9, 9], [9, 9], [9, 9], [9, 9], [9, 9]]","[[2, 2], [2, 2], [2, 2], [2, 2], [2, 2]]","[[0.0, 0.0], [0.0, 0.0], [0.0, 0.0], [0.0, 0.0], [0.0, 0.0]]","[7.0, 7.0]",0.5,0.999344348247216,0.7731325419999848
03_parameter_sensitivity|gamma_0p0|rounded_square--demand_conflict|n1_d1_m1|25002|v11_full,03_parameter_sensitivity,independent_seeded,S25002,25002,rounded_square--demand_conflict,rounded_square,demand_conflict,residual_delay_shrinkage,0.0,12,v11_full,0.0,5,0.65,n1_d1_m1,0.05,4,1.7,9.938895279283194,9.32045097363085,1.064944881073026,0.9377753474330854,0.8333333333333334,0.8333333333333334,2.3335768553918896,1.8826008905901506,0.806744755905627,"[9.938895279283194, 11.973292566056713, 11.044696730634634, 9.689840181625634, 9.32045097363085]","[[2, 4], [2, 4], [2, 4], [2, 3]]","[true, false, false, true, true]",2,1.3224999999999998,0,1,1,"[[7, 5], [7, 5], [7, 5], [7, 5], [7, 5]]","[[9, 7], [9, 7], [9, 7], [9, 7], [9, 7]]","[[2, 2], [2, 2], [2, 2], [2, 2], [2, 2]]","[[0.0, 0.0], [0.0, 0.0], [0.0, 0.0], [0.0, 0.0], [0.0, 0.0]]","[7.0, 5.0]",1.0,0.9967079873301654,0.7347223749999898
03_parameter_sensitivity|gamma_0p0|rounded_square--demand_conflict|n1_d1_m1|25003|v11_full,03_parameter_sensitivity,independent_seeded,S25003,25003,rounded_square--demand_conflict,rounded_square,demand_conflict,residual_delay_shrinkage,0.0,12,v11_full,0.0,5,0.65,n1_d1_m1,0.05,4,1.7,12.197438303545976,7.107208268450906,0.6633461386905917,0.5826804031781604,1.0,1.0,2.8509579756317676,2.1063584551849917,0.73882479965992,"[12.197438303545976, 7.915831458008758, 7.107208268450906, 7.4951570160420795, 7.4951570160420795]","[[1, 4], [1, 4], [2, 4], [2, 4]]","[true, true, true, false, false]",2,1.0,0,1,1,"[[4, 7], [4, 7], [4, 7], [4, 7], [4, 7]]","[[6, 9], [6, 9], [6, 9], [6, 9], [6, 9]]","[[2, 2], [2, 2], [2, 2], [2, 2], [2, 2]]","[[0.0, 0.0], [0.0, 0.0], [0.0, 0.0], [0.0, 0.0], [0.0, 0.0]]","[4.0, 7.0]",1.0,0.9913038862727477,0.8363351659999694
03_parameter_sensitivity|gamma_0p0|rounded_square--demand_conflict|n1_d1_m1|25004|v11_full,03_parameter_sensitivity,independent_seeded,S25004,25004,rounded_square--demand_conflict,rounded_square,demand_conflict,residual_delay_shrinkage,0.0,12,v11_full,0.0,5,0.65,n1_d1_m1,0.05,4,1.7,10.811479195275698,5.652395003588097,0.6167447961290748,0.522814214548739,1.0,0.8333333333333334,2.5216385907499954,1.526845871455765,0.6054975035108598,"[10.811479195275698, 6.554393079335037, 6.18577281711445, 5.652395003588097, 5.746787261801495]","[[1, 4], [2, 4], [3, 4], [2, 4]]","[true, true, true, true, false]",1,2.0,0,1,1,"[[4, 7], [4, 7], [4, 7], [4, 7], [4, 7]]","[[6, 9], [6, 9], [6, 9], [6, 9], [6, 9]]","[[2, 2], [2, 2], [2, 2], [2, 2], [2, 2]]","[[0.0, 0.0], [0.0, 0.0], [0.0, 0.0], [0.0, 0.0], [0.0, 0.0]]","[4.0, 7.0]",0.5,0.9923881089858524,0.7500165829999901
03_parameter_sensitivity|gamma_0p0|rounded_square--demand_conflict|n1_d1_m1|25005|v11_full,03_parameter_sensitivity,independent_seeded,S25005,25005,rounded_square--demand_conflict,rounded_square,demand_conflict,residual_delay_shrinkage,0.0,12,v11_full,0.0,5,0.65,n1_d1_m1,0.05,4,1.7,13.809962620752362,9.198989529269806,0.7224947286045749,0.666112558150331,1.0,1.0,3.3028687880947087,2.6409127292564976,0.7995814846704622,"[13.809962620752362, 9.743462798373008, 9.198989529269806, 9.375378096573474, 9.375378096573474]","[[1, 4], [1, 4], [1, 4], [1, 4]]","[true, true, true, false, false]",2,1.0,0,1,1,"[[4, 8], [4, 8], [4, 8], [4, 8], [5, 8]]","[[6, 10], [6, 10], [6, 10], [6, 10], [7, 10]]","[[2, 2], [2, 2], [2, 2], [2, 2], [2, 2]]","[[0.0, 0.0], [0.0, 0.0], [0.0, 0.0], [0.0, 0.0], [0.0, 0.0]]","[4.0, 8.0]",1.0,0.9861091554159772,0.8102885000000128
03_parameter_sensitivity|gamma_0p0|rounded_square--demand_conflict|n1_d1_m1|25006|v11_full,03_parameter_sensitivity,independent_seeded,S25006,25006,rounded_square--demand_conflict,rounded_square,demand_conflict,residual_delay_shrinkage,0.0,12,v11_full,0.0,5,0.65,n1_d1_m1,0.05,4,1.7,11.789988627730645,6.786278699289415,0.7232577406739688,0.5755967129033311,1.0,0.8333333333333334,2.4148354352553416,1.727920528755689,0.7155438020864476,"[11.789988627730645, 9.116497817559809, 6.786278699289415, 8.207354212761642, 8.207354212761642]","[[1, 2], [3, 4], [2, 4], [2, 4]]","[true, true, true, false, false]",2,1.0,0,1,1,"[[6, 7], [6, 7], [6, 7], [6, 7], [6, 7]]","[[8, 9], [8, 9], [8, 9], [8, 9], [8, 9]]","[[2, 2], [2, 2], [2, 2], [2, 2], [2, 2]]","[[0.0, 0.0], [0.0, 0.0], [0.0, 0.0], [0.0, 0.0], [0.0, 0.0]]","[6.0, 7.0]",1.0,0.9987747087708645,0.8009464169999774
03_parameter_sensitivity|gamma_0p0|s_curve--demand_conflict|n0_d1_m0|25001|v11_full,03_parameter_sensitivity,independent_seeded,S25001,25001,s_curve--demand_conflict,s_curve,demand_conflict,residual_delay_shrinkage,0.0,12,v11_full,0.0,5,0.65,n0_d1_m0,0.0,4,1.0,5.889184724160488,2.0243284093261895,0.5225347057498958,0.34373661281524165,0.8333333333333334,0.6666666666666666,1.4287283043904688,0.9723284557446717,0.6805551851648178,"[5.889184724160488, 3.475660511196356, 2.6690142429216364, 2.0243284093261895, 2.3912362045190063]","[[2, 4], [2, 4], [3, 4], [2, 3]]","[true, true, true, true, false]",1,2.0,0,1,1,"[[7, 7], [7, 7], [7, 7], [7, 7], [7, 7]]","[[9, 9], [9, 9], [9, 9], [9, 9], [9, 9]]","[[2, 2], [2, 2], [2, 2], [2, 2], [2, 2]]","[[0.0, 0.0], [0.0, 0.0], [0.0, 0.0], [0.0, 0.0], [0.0, 0.0]]","[7.0, 7.0]",0.5,0.9994619751429918,0.632894709000027
03_parameter_sensitivity|gamma_0p0|s_curve--demand_conflict|n0_d1_m0|25002|v11_full,03_parameter_sensitivity,independent_seeded,S25002,25002,s_curve--demand_conflict,s_curve,demand_conflict,residual_delay_shrinkage,0.0,12,v11_full,0.0,5,0.65,n0_d1_m0,0.0,4,1.0,4.161383072292191,0.7848270899000263,0.41733957663670046,0.18859765521844266,0.6666666666666666,0.0,1.147711003813104,0.4390847787278929,0.38257433907063465,"[4.161383072292191, 1.9835131913283521, 1.4560287574994315, 1.0341923685303274, 0.7848270899000263]","[[2, 4], [2, 4], [3, 4], [2, 3]]","[true, true, true, true, true]",0,4.0,0,1,1,"[[7, 5], [7, 5], [7, 5], [7, 5], [7, 5]]","[[9, 7], [9, 7], [9, 7], [9, 7], [9, 7]]","[[2, 2], [2, 2], [2, 2], [2, 2], [2, 2]]","[[0.0, 0.0], [0.0, 0.0], [0.0, 0.0], [0.0, 0.0], [0.0, 0.0]]","[7.0, 5.0]",1.0,0.9962016991524932,0.5029315829999632
03_parameter_sensitivity|gamma_0p0|s_curve--demand_conflict|n0_d1_m0|25003|v11_full,03_parameter_sensitivity,independent_seeded,S25003,25003,s_curve--demand_conflict,s_curve,demand_conflict,residual_delay_shrinkage,0.0,12,v11_full,0.0,5,0.65,n0_d1_m0,0.0,4,1.0,7.045089738078795,2.4908496290049507,0.5523128823577307,0.35355825427487153,1.0,0.3333333333333333,1.4769385389837075,1.083271135135929,0.7334571524427387,"[7.045089738078795, 4.579955013943031, 3.3871990208648217, 2.829251560478953, 2.4908496290049507]","[[2, 4], [3, 4], [2, 4], [2, 4]]","[true, true, true, true, true]",0,4.0,0,1,1,"[[4, 7], [4, 7], [5, 7], [4, 7], [4, 7]]","[[6, 9], [6, 9], [7, 9], [6, 9], [6, 9]]","[[2, 2], [2, 2], [2, 2], [2, 2], [2, 2]]","[[0.0, 0.0], [0.0, 0.0], [0.0, 0.0], [0.0, 0.0], [0.0, 0.0]]","[4.0, 7.0]",1.0,0.9912021940073636,0.5718585000000189
03_parameter_sensitivity|gamma_0p0|s_curve--demand_conflict|n0_d1_m0|25004|v11_full,03_parameter_sensitivity,independent_seeded,S25004,25004,s_curve--demand_conflict,s_curve,demand_conflict,residual_delay_shrinkage,0.0,12,v11_full,0.0,5,0.65,n0_d1_m0,0.0,4,1.0,5.9434022494458185,1.3666513948171994,0.461105713266591,0.22994428737254496,1.0,0.5,1.271164962007702,0.8019866832344066,0.6309068509627056,"[5.9434022494458185, 3.4946251909807997, 2.194232473587562, 1.6182624471440317, 1.3666513948171994]","[[2, 4], [3, 4], [3, 4], [2, 4]]","[true, true, true, true, true]",0,4.0,0,1,1,"[[4, 7], [4, 7], [4, 7], [4, 7], [4, 7]]","[[6, 9], [6, 9], [6, 9], [6, 9], [6, 9]]","[[2, 2], [2, 2], [2, 2], [2, 2], [2, 2]]","[[0.0, 0.0], [0.0, 0.0], [0.0, 0.0], [0.0, 0.0], [0.0, 0.0]]","[4.0, 7.0]",0.5,0.9948869928203261,0.5966195830000061
03_parameter_sensitivity|gamma_0p0|s_curve--demand_conflict|n0_d1_m0|25005|v11_full,03_parameter_sensitivity,independent_seeded,S25005,25005,s_curve--demand_conflict,s_curve,demand_conflict,residual_delay_shrinkage,0.0,12,v11_full,0.0,5,0.65,n0_d1_m0,0.0,4,1.0,7.462057935954583,3.1302722969735997,0.6026006703178352,0.41949182435195875,1.0,0.5,1.576170369395593,1.2092840492715622,0.7672292746724333,"[7.462057935954583, 5.122917154058558, 4.008309004864788, 3.559173181239575, 3.1302722969735997]","[[2, 4], [3, 4], [2, 4], [3, 4]]","[true, true, true, true, true]",0,4.0,0,1,1,"[[5, 8], [5, 8], [5, 8], [5, 8], [5, 8]]","[[7, 10], [7, 10], [7, 10], [7, 10], [7, 10]]","[[2, 2], [2, 2], [2, 2], [2, 2], [2, 2]]","[[0.0, 0.0], [0.0, 0.0], [0.0, 0.0], [0.0, 0.0], [0.0, 0.0]]","[5.0, 8.0]",0.5,0.9907322862082,0.6110666249999781
03_parameter_sensitivity|gamma_0p0|s_curve--demand_conflict|n0_d1_m0|25006|v11_full,03_parameter_sensitivity,independent_seeded,S25006,25006,s_curve--demand_conflict,s_curve,demand_conflict,residual_delay_shrinkage,0.0,12,v11_full,0.0,5,0.65,n0_d1_m0,0.0,4,1.0,6.272329677264286,1.936378253563031,0.5346932019620537,0.30871755044731547,0.6666666666666666,0.5,1.420736810112284,0.9890097337544834,0.6961245226526649,"[6.272329677264286, 3.975366876985995, 2.9630703654264225, 2.372296947766148, 1.936378253563031]","[[2, 4], [3, 4], [2, 4], [3, 4]]","[true, true, true, true, true]",0,4.0,0,1,1,"[[6, 7], [6, 7], [6, 7], [6, 7], [6, 7]]","[[8, 9], [8, 9], [8, 9], [8, 9], [8, 9]]","[[2, 2], [2, 2], [2, 2], [2, 2], [2, 2]]","[[0.0, 0.0], [0.0, 0.0], [0.0, 0.0], [0.0, 0.0], [0.0, 0.0]]","[6.0, 7.0]",1.0,0.9990916497884229,0.6667660410000167
03_parameter_sensitivity|gamma_0p0|s_curve--demand_conflict|n1_d1_m1|25001|v11_full,03_parameter_sensitivity,independent_seeded,S25001,25001,s_curve--demand_conflict,s_curve,demand_conflict,residual_delay_shrinkage,0.0,12,v11_full,0.0,5,0.65,n1_d1_m1,0.05,4,1.7,6.172442865761097,2.445631100573801,0.5602379642297497,0.39621769755696895,0.6666666666666666,0.6666666666666666,1.4814461802864705,1.1250143006214157,0.7594027482009973,"[6.172442865761097, 3.9654950913536426, 3.034396554282581, 2.445631100573801, 2.6008062453263676]","[[2, 4], [3, 4], [3, 4], [2, 3]]","[true, true, true, true, false]",1,2.0,0,1,1,"[[7, 7], [7, 7], [7, 7], [7, 7], [7, 7]]","[[9, 9], [9, 9], [9, 9], [9, 9], [9, 9]]","[[2, 2], [2, 2], [2, 2], [2, 2], [2, 2]]","[[0.0, 0.0], [0.0, 0.0], [0.0, 0.0], [0.0, 0.0], [0.0, 0.0]]","[7.0, 7.0]",0.5,0.9965865061899108,0.830701500000032
03_parameter_sensitivity|gamma_0p0|s_curve--demand_conflict|n1_d1_m1|25002|v11_full,03_parameter_sensitivity,independent_seeded,S25002,25002,s_curve--demand_conflict,s_curve,demand_conflict,residual_delay_shrinkage,0.0,12,v11_full,0.0,5,0.65,n1_d1_m1,0.05,4,1.7,3.758444249514037,0.7913859756226274,0.45485026330240125,0.21056211641956715,0.6666666666666666,0.0,1.0611032107692642,0.3811622525178825,0.359213174222282,"[3.758444249514037, 1.706186802486776, 1.6385272962266209, 1.2184882147136933, 0.7913859756226274]","[[3, 4], [2, 4], [2, 3], [2, 3]]","[true, true, true, true, true]",0,4.0,0,1,1,"[[7, 5], [7, 5], [7, 5], [7, 5], [7, 5]]","[[9, 7], [9, 7], [9, 7], [9, 7], [9, 7]]","[[2, 2], [2, 2], [2, 2], [2, 2], [2, 2]]","[[0.0, 0.0], [0.0, 0.0], [0.0, 0.0], [0.0, 0.0], [0.0, 0.0]]","[7.0, 5.0]",1.0,0.9936521355073412,0.6102670000000217
03_parameter_sensitivity|gamma_0p0|s_curve--demand_conflict|n1_d1_m1|25003|v11_full,03_parameter_sensitivity,independent_seeded,S25003,25003,s_curve--demand_conflict,s_curve,demand_conflict,residual_delay_shrinkage,0.0,12,v11_full,0.0,5,0.65,n1_d1_m1,0.05,4,1.7,6.782231339764961,2.020172761773333,0.5015443949267534,0.2978625559303529,1.0,0.5,1.4324861151779118,1.010253472840732,0.7052448621571878,"[6.782231339764961, 4.057011172994262, 2.8062709795127447, 2.3418762509465716, 2.020172761773333]","[[3, 4], [3, 4], [2, 4], [2, 4]]","[true, true, true, true, true]",0,4.0,0,1,1,"[[4, 7], [4, 7], [5, 7], [4, 7], [4, 7]]","[[6, 9], [6, 9], [7, 9], [6, 9], [6, 9]]","[[2, 2], [2, 2], [2, 2], [2, 2], [2, 2]]","[[0.0, 0.0], [0.0, 0.0], [0.0, 0.0], [0.0, 0.0], [0.0, 0.0]]","[4.0, 7.0]",1.0,0.989468270360286,0.9049502079999456
03_parameter_sensitivity|gamma_0p0|s_curve--demand_conflict|n1_d1_m1|25004|v11_full,03_parameter_sensitivity,independent_seeded,S25004,25004,s_curve--demand_conflict,s_curve,demand_conflict,residual_delay_shrinkage,0.0,12,v11_full,0.0,5,0.65,n1_d1_m1,0.05,4,1.7,5.921960720002671,1.3213585165734056,0.46836923100934325,0.22312855134452997,1.0,0.3333333333333333,1.2802005558494474,0.7899742364088335,0.6170706869320678,"[5.921960720002671, 3.52632540234179, 2.2367707573081708, 1.7099009760427517, 1.3213585165734056]","[[2, 4], [3, 4], [2, 3], [2, 4]]","[true, true, true, true, true]",0,4.0,0,1,1,"[[4, 7], [4, 7], [4, 7], [4, 7], [4, 7]]","[[6, 9], [6, 9], [6, 9], [6, 9], [6, 9]]","[[2, 2], [2, 2], [2, 2], [2, 2], [2, 2]]","[[0.0, 0.0], [0.0, 0.0], [0.0, 0.0], [0.0, 0.0], [0.0, 0.0]]","[4.0, 7.0]",0.5,0.9910048362095097,0.6194271670000262
03_parameter_sensitivity|gamma_0p0|s_curve--demand_conflict|n1_d1_m1|25005|v11_full,03_parameter_sensitivity,independent_seeded,S25005,25005,s_curve--demand_conflict,s_curve,demand_conflict,residual_delay_shrinkage,0.0,12,v11_full,0.0,5,0.65,n1_d1_m1,0.05,4,1.7,8.001548923988201,3.5208538700075804,0.6046412769896293,0.44002153876135847,1.0,0.5,1.702043062256288,1.382075569336326,0.8120097546205429,"[8.001548923988201, 5.4736907620569895, 4.2466268825748195, 3.8707479955511825, 3.5208538700075804]","[[3, 4], [3, 4], [2, 4], [3, 4]]","[true, true, true, true, true]",0,4.0,0,1,1,"[[4, 8], [5, 8], [5, 8], [5, 8], [5, 8]]","[[6, 10], [7, 10], [7, 10], [7, 10], [7, 10]]","[[2, 2], [2, 2], [2, 2], [2, 2], [2, 2]]","[[0.0, 0.0], [0.0, 0.0], [0.0, 0.0], [0.0, 0.0], [0.0, 0.0]]","[5.0, 8.0]",0.5,0.981714670651676,0.6733452909999755
03_parameter_sensitivity|gamma_0p0|s_curve--demand_conflict|n1_d1_m1|25006|v11_full,03_parameter_sensitivity,independent_seeded,S25006,25006,s_curve--demand_conflict,s_curve,demand_conflict,residual_delay_shrinkage,0.0,12,v11_full,0.0,5,0.65,n1_d1_m1,0.05,4,1.7,5.785333470104064,1.814848102793962,0.5000092166878732,0.3136980974687562,0.6666666666666666,0.5,1.3243256180748504,0.8716003866514392,0.6581465877844075,"[5.785333470104064, 3.5080986346286975, 2.417977959297946, 1.8447128462838167, 1.814848102793962]","[[2, 4], [3, 4], [3, 4], [2, 4]]","[true, true, true, true, true]",0,4.0,0,1,1,"[[6, 7], [6, 7], [6, 7], [6, 7], [6, 7]]","[[8, 9], [8, 9], [8, 9], [8, 9], [8, 9]]","[[2, 2], [2, 2], [2, 2], [2, 2], [2, 2]]","[[0.0, 0.0], [0.0, 0.0], [0.0, 0.0], [0.0, 0.0], [0.0, 0.0]]","[6.0, 7.0]",1.0,0.9966413300275458,0.544704500000023
03_parameter_sensitivity|gamma_0p1|ellipse--demand_conflict|n0_d1_m0|25001|v11_full,03_parameter_sensitivity,independent_seeded,S25001,25001,ellipse--demand_conflict,ellipse,demand_conflict,residual_delay_shrinkage,0.1,12,v11_full,0.1,5,0.65,n0_d1_m0,0.0,4,1.0,7.931809151646931,1.162522720582952,0.3646491544703617,0.14656463593070318,0.8333333333333334,0.16666666666666666,2.1742433997047765,0.32541793591663076,0.1496695061651408,"[7.931809151646931, 3.670269781651689, 1.9786245177020148, 1.3732497668046768, 1.162522720582952]","[[2, 3], [2, 3], [3, 4], [3, 4]]","[true, true, true, true, true]",0,4.0,0,1,1,"[[7, 7], [7, 7], [7, 7], [7, 7], [7, 7]]","[[9, 9], [9, 9], [9, 9], [9, 9], [9, 9]]","[[2, 2], [2, 2], [2, 2], [2, 2], [2, 2]]","[[0.7000000000000001, 0.7000000000000001], [0.7000000000000001, 0.7000000000000001], [0.7000000000000001, 0.7000000000000001], [0.7000000000000001, 0.7000000000000001], [0.7000000000000001, 0.7000000000000001]]","[7.0, 7.0]",0.5,0.9998273293049984,0.5030704160000141
03_parameter_sensitivity|gamma_0p1|ellipse--demand_conflict|n0_d1_m0|25002|v11_full,03_parameter_sensitivity,independent_seeded,S25002,25002,ellipse--demand_conflict,ellipse,demand_conflict,residual_delay_shrinkage,0.1,12,v11_full,0.1,5,0.65,n0_d1_m0,0.0,4,1.0,7.766290542448517,0.8370477053484778,0.35312673696172314,0.1077796022146472,0.8333333333333334,0.16666666666666666,1.9704335955951635,0.22595264556106923,0.11467153527334217,"[7.766290542448517, 3.756736298494871, 1.8531007607374863, 1.0584331670752858, 0.8370477053484778]","[[2, 3], [2, 3], [2, 3], [3, 4]]","[true, true, true, true, true]",0,4.0,0,1,1,"[[7, 5], [7, 5], [7, 5], [7, 5], [7, 5]]","[[9, 7], [9, 7], [9, 7], [9, 7], [9, 7]]","[[2, 2], [2, 2], [2, 2], [2, 2], [2, 2]]","[[0.7000000000000001, 0.5], [0.7000000000000001, 0.5], [0.7000000000000001, 0.5], [0.7000000000000001, 0.5], [0.7000000000000001, 0.5]]","[7.0, 5.0]",1.0,0.9985062035081179,0.46705704200002174
03_parameter_sensitivity|gamma_0p1|ellipse--demand_conflict|n0_d1_m0|25003|v11_full,03_parameter_sensitivity,independent_seeded,S25003,25003,ellipse--demand_conflict,ellipse,demand_conflict,residual_delay_shrinkage,0.1,12,v11_full,0.1,5,0.65,n0_d1_m0,0.0,4,1.0,7.279743388405482,0.49802064137923874,0.3440150474176491,0.06841184019926322,0.6666666666666666,0.0,1.85507896209821,0.08410125433805386,0.0453356736054675,"[7.279743388405482, 3.3581943141862185, 1.8187179015211736, 0.951570837202766, 0.49802064137923874]","[[3, 4], [1, 4], [1, 3], [1, 3]]","[true, true, true, true, true]",0,4.0,0,1,1,"[[4, 7], [4, 7], [4, 7], [4, 8], [4, 8]]","[[6, 9], [6, 9], [6, 9], [6, 10], [6, 10]]","[[2, 2], [2, 2], [2, 2], [2, 2], [2, 2]]","[[0.4, 0.7000000000000001], [0.4, 0.7000000000000001], [0.4, 0.7000000000000001], [0.4, 0.7000000000000001], [0.4, 0.7000000000000001]]","[4.0, 7.0]",1.0,0.9963733022063266,0.3922609580000085
03_parameter_sensitivity|gamma_0p1|ellipse--demand_conflict|n0_d1_m0|25004|v11_full,03_parameter_sensitivity,independent_seeded,S25004,25004,ellipse--demand_conflict,ellipse,demand_conflict,residual_delay_shrinkage,0.1,12,v11_full,0.1,5,0.65,n0_d1_m0,0.0,4,1.0,6.237600449225314,0.3608310264644764,0.33483353083069567,0.05784772997271574,0.6666666666666666,0.0,1.6054979846693018,0.05963646601951931,0.03714515159095833,"[6.237600449225314, 2.8459030980663487, 1.4735678622780966, 0.7355444311116411, 0.3608310264644764]","[[3, 4], [1, 4], [1, 3], [1, 3]]","[true, true, true, true, true]",0,4.0,0,1,1,"[[4, 7], [4, 7], [4, 7], [4, 7], [4, 7]]","[[6, 9], [6, 9], [6, 9], [6, 9], [6, 9]]","[[2, 2], [2, 2], [2, 2], [2, 2], [2, 2]]","[[0.4, 0.7000000000000001], [0.4, 0.7000000000000001], [0.4, 0.7000000000000001], [0.4, 0.7000000000000001], [0.4, 0.7000000000000001]]","[4.0, 7.0]",0.5,0.9975997053950685,0.3677965829999721
03_parameter_sensitivity|gamma_0p1|ellipse--demand_conflict|n0_d1_m0|25005|v11_full,03_parameter_sensitivity,independent_seeded,S25005,25005,ellipse--demand_conflict,ellipse,demand_conflict,residual_delay_shrinkage,0.1,12,v11_full,0.1,5,0.65,n0_d1_m0,0.0,4,1.0,7.539010853039086,0.505918102387509,0.345361504441997,0.06710669506246512,0.6666666666666666,0.0,1.9428950434958454,0.08619112208311476,0.0443622121388664,"[7.539010853039086, 3.492463490128805, 1.9030818978022273, 0.9967266551961567, 0.505918102387509]","[[3, 4], [1, 4], [1, 3], [1, 3]]","[true, true, true, true, true]",0,4.0,0,1,1,"[[5, 8], [5, 8], [5, 8], [5, 8], [5, 8]]","[[7, 10], [7, 10], [7, 10], [7, 10], [7, 10]]","[[2, 2], [2, 2], [2, 2], [2, 2], [2, 2]]","[[0.5, 0.8], [0.5, 0.8], [0.5, 0.8], [0.5, 0.8], [0.5, 0.8]]","[5.0, 8.0]",0.5,0.9962464889861068,0.37520679099998233
03_parameter_sensitivity|gamma_0p1|ellipse--demand_conflict|n0_d1_m0|25006|v11_full,03_parameter_sensitivity,independent_seeded,S25006,25006,ellipse--demand_conflict,ellipse,demand_conflict,residual_delay_shrinkage,0.1,12,v11_full,0.1,5,0.65,n0_d1_m0,0.0,4,1.0,6.569664275539642,0.37651217593729086,0.32638275758978075,0.057310717891495846,0.8333333333333334,0.0,1.9396508864759971,0.06063297744722051,0.03125973744552553,"[6.569664275539642, 2.812563612414137, 1.5288158741756985, 0.762432858430488, 0.37651217593729086]","[[3, 4], [3, 4], [1, 3], [1, 3]]","[true, true, true, true, true]",0,4.0,0,1,1,"[[6, 7], [6, 7], [6, 7], [6, 7], [6, 7]]","[[8, 9], [8, 9], [8, 9], [8, 9], [8, 9]]","[[2, 2], [2, 2], [2, 2], [2, 2], [2, 2]]","[[0.6000000000000001, 0.7000000000000001], [0.6000000000000001, 0.7000000000000001], [0.6000000000000001, 0.7000000000000001], [0.6000000000000001, 0.7000000000000001], [0.6000000000000001, 0.7000000000000001]]","[6.0, 7.0]",1.0,0.9996572263517112,0.39220579099998076
03_parameter_sensitivity|gamma_0p1|ellipse--demand_conflict|n1_d1_m1|25001|v11_full,03_parameter_sensitivity,independent_seeded,S25001,25001,ellipse--demand_conflict,ellipse,demand_conflict,residual_delay_shrinkage,0.1,12,v11_full,0.1,5,0.65,n1_d1_m1,0.05,4,1.7,7.488128890501111,1.0142880306445623,0.35122366870391125,0.13545280075656996,0.8333333333333334,0.16666666666666666,2.1265330876573425,0.2862423440592581,0.13460516825279775,"[7.488128890501111, 3.244713357817207, 1.804553362756992, 1.2195572214511585, 1.0142880306445623]","[[2, 3], [2, 3], [3, 4], [3, 4]]","[true, true, true, true, true]",0,4.0,0,1,1,"[[7, 7], [7, 7], [7, 7], [7, 7], [7, 7]]","[[9, 9], [9, 9], [9, 9], [9, 9], [9, 9]]","[[2, 2], [2, 2], [2, 2], [2, 2], [2, 2]]","[[0.7000000000000001, 0.7000000000000001], [0.7000000000000001, 0.7000000000000001], [0.7000000000000001, 0.7000000000000001], [0.7000000000000001, 0.7000000000000001], [0.7000000000000001, 0.7000000000000001]]","[7.0, 7.0]",0.5,0.999621530624385,0.6523505839999757
03_parameter_sensitivity|gamma_0p1|ellipse--demand_conflict|n1_d1_m1|25002|v11_full,03_parameter_sensitivity,independent_seeded,S25002,25002,ellipse--demand_conflict,ellipse,demand_conflict,residual_delay_shrinkage,0.1,12,v11_full,0.1,5,0.65,n1_d1_m1,0.05,4,1.7,7.1732068950022025,0.4493710483592481,0.33043856149453854,0.06264576707976163,0.8333333333333334,0.0,1.8160957926442736,0.12376773797232607,0.06815044584851862,"[7.1732068950022025, 3.299285607482677, 1.6145988991927729, 0.7560431923927584, 0.4493710483592481]","[[2, 3], [2, 3], [2, 3], [2, 3]]","[true, true, true, true, true]",0,4.0,0,1,1,"[[7, 5], [7, 5], [7, 5], [7, 5], [7, 5]]","[[9, 7], [9, 7], [9, 7], [9, 7], [9, 7]]","[[2, 2], [2, 2], [2, 2], [2, 2], [2, 2]]","[[0.7000000000000001, 0.5], [0.7000000000000001, 0.5], [0.7000000000000001, 0.5], [0.7000000000000001, 0.5], [0.7000000000000001, 0.5]]","[7.0, 5.0]",1.0,0.9984056236485015,0.5360702079999555
03_parameter_sensitivity|gamma_0p1|ellipse--demand_conflict|n1_d1_m1|25003|v11_full,03_parameter_sensitivity,independent_seeded,S25003,25003,ellipse--demand_conflict,ellipse,demand_conflict,residual_delay_shrinkage,0.1,12,v11_full,0.1,5,0.65,n1_d1_m1,0.05,4,1.7,7.073737856536296,0.5246738944562135,0.35133479325773814,0.07417208625725405,0.6666666666666666,0.0,1.7942068458114788,0.08655257128048026,0.04824001841400539,"[7.073737856536296, 3.3142847391865287, 1.829000489850939, 0.9985098050087388, 0.5246738944562135]","[[3, 4], [1, 4], [1, 3], [1, 3]]","[true, true, true, true, true]",0,4.0,0,1,1,"[[4, 7], [4, 7], [4, 7], [4, 7], [4, 7]]","[[6, 9], [6, 9], [6, 9], [6, 9], [6, 9]]","[[2, 2], [2, 2], [2, 2], [2, 2], [2, 2]]","[[0.4, 0.7000000000000001], [0.4, 0.7000000000000001], [0.4, 0.7000000000000001], [0.4, 0.7000000000000001], [0.4, 0.7000000000000001]]","[4.0, 7.0]",1.0,0.9961087678134521,0.44074137499995913
03_parameter_sensitivity|gamma_0p1|ellipse--demand_conflict|n1_d1_m1|25004|v11_full,03_parameter_sensitivity,independent_seeded,S25004,25004,ellipse--demand_conflict,ellipse,demand_conflict,residual_delay_shrinkage,0.1,12,v11_full,0.1,5,0.65,n1_d1_m1,0.05,4,1.7,6.272059599870351,0.46001736219025824,0.3426809573775932,0.07334390798833723,0.6666666666666666,0.0,1.5946042184624036,0.07489013467843322,0.04696471626711611,"[6.272059599870351, 2.966118222236435, 1.4949038117141615, 0.7702010386706826, 0.46001736219025824]","[[3, 4], [1, 4], [1, 3], [1, 3]]","[true, true, true, true, true]",0,4.0,0,1,1,"[[4, 7], [4, 7], [4, 7], [4, 7], [4, 7]]","[[6, 9], [6, 9], [6, 9], [6, 9], [6, 9]]","[[2, 2], [2, 2], [2, 2], [2, 2], [2, 2]]","[[0.4, 0.7000000000000001], [0.4, 0.7000000000000001], [0.4, 0.7000000000000001], [0.4, 0.7000000000000001], [0.4, 0.7000000000000001]]","[4.0, 7.0]",0.5,0.996783994451038,0.45962491599999566
03_parameter_sensitivity|gamma_0p1|ellipse--demand_conflict|n1_d1_m1|25005|v11_full,03_parameter_sensitivity,independent_seeded,S25005,25005,ellipse--demand_conflict,ellipse,demand_conflict,residual_delay_shrinkage,0.1,12,v11_full,0.1,5,0.65,n1_d1_m1,0.05,4,1.7,7.963615217036075,0.6213323486109906,0.3650587952899266,0.07802139250548072,0.6666666666666666,0.0,2.0012392545979276,0.11029007843127794,0.05511089100310323,"[7.963615217036075, 3.996522518408948, 2.193525205759947, 1.1462296021424376, 0.6213323486109906]","[[3, 4], [1, 4], [1, 3], [1, 2]]","[true, true, true, true, true]",0,4.0,0,1,1,"[[4, 8], [4, 8], [4, 8], [4, 8], [4, 8]]","[[6, 10], [6, 10], [6, 10], [6, 10], [6, 10]]","[[2, 2], [2, 2], [2, 2], [2, 2], [2, 2]]","[[0.4, 0.8], [0.4, 0.8], [0.4, 0.8], [0.4, 0.8], [0.4, 0.8]]","[4.0, 8.0]",1.0,0.9941624063053243,0.47615166700001055
03_parameter_sensitivity|gamma_0p1|ellipse--demand_conflict|n1_d1_m1|25006|v11_full,03_parameter_sensitivity,independent_seeded,S25006,25006,ellipse--demand_conflict,ellipse,demand_conflict,residual_delay_shrinkage,0.1,12,v11_full,0.1,5,0.65,n1_d1_m1,0.05,4,1.7,6.063825769387071,0.3139053278937138,0.3164049209198662,0.051766877847719425,0.8333333333333334,0.0,1.7925268372907202,0.05724690012068058,0.03193642568119387,"[6.063825769387071, 2.5838288918647656, 1.3087958995377096, 0.5930069120961855, 0.3139053278937138]","[[3, 4], [1, 3], [1, 3], [1, 3]]","[true, true, true, true, true]",0,4.0,0,1,1,"[[6, 7], [6, 7], [6, 7], [6, 7], [6, 7]]","[[8, 9], [8, 9], [8, 9], [8, 9], [8, 9]]","[[2, 2], [2, 2], [2, 2], [2, 2], [2, 2]]","[[0.6000000000000001, 0.7000000000000001], [0.6000000000000001, 0.7000000000000001], [0.6000000000000001, 0.7000000000000001], [0.6000000000000001, 0.7000000000000001], [0.6000000000000001, 0.7000000000000001]]","[6.0, 7.0]",1.0,0.9992558709900492,0.43799237500002164
03_parameter_sensitivity|gamma_0p1|figure_eight--demand_conflict|n0_d1_m0|25001|v11_full,03_parameter_sensitivity,independent_seeded,S25001,25001,figure_eight--demand_conflict,figure_eight,demand_conflict,residual_delay_shrinkage,0.1,12,v11_full,0.1,5,0.65,n0_d1_m0,0.0,4,1.0,11.530597929027934,5.637042718023871,0.5977370779926922,0.48887687808737,0.8333333333333334,0.6666666666666666,3.5406280069014553,1.5987616209153188,0.4515474706179198,"[11.530597929027934, 7.245701691149044, 6.025243678659022, 5.714297961089008, 5.637042718023871]","[[2, 4], [2, 4], [2, 4], [2, 4]]","[true, true, true, true, true]",0,4.0,0,1,1,"[[7, 7], [7, 7], [7, 7], [7, 7], [7, 7]]","[[9, 9], [9, 9], [9, 9], [9, 9], [9, 9]]","[[2, 2], [2, 2], [2, 2], [2, 2], [2, 2]]","[[0.7000000000000001, 0.7000000000000001], [0.7000000000000001, 0.7000000000000001], [0.7000000000000001, 0.7000000000000001], [0.7000000000000001, 0.7000000000000001], [0.7000000000000001, 0.7000000000000001]]","[7.0, 7.0]",0.5,0.9997671211531081,0.7674435420000236
03_parameter_sensitivity|gamma_0p1|figure_eight--demand_conflict|n0_d1_m0|25002|v11_full,03_parameter_sensitivity,independent_seeded,S25002,25002,figure_eight--demand_conflict,figure_eight,demand_conflict,residual_delay_shrinkage,0.1,12,v11_full,0.1,5,0.65,n0_d1_m0,0.0,4,1.0,10.205787666034217,2.6865716968001,0.42581780931365515,0.2632400148536554,1.0,0.6666666666666666,2.9412102616826212,0.7110519965078272,0.24175490129734734,"[10.205787666034217, 5.016299453316742, 3.144121414467307, 2.776624035882838, 2.6865716968001]","[[1, 4], [2, 4], [2, 4], [2, 4]]","[true, true, true, true, true]",0,4.0,0,1,1,"[[7, 5], [7, 5], [7, 5], [7, 5], [7, 5]]","[[9, 7], [9, 7], [9, 7], [9, 7], [9, 7]]","[[2, 2], [2, 2], [2, 2], [2, 2], [2, 2]]","[[0.7000000000000001, 0.5], [0.7000000000000001, 0.5], [0.7000000000000001, 0.5], [0.7000000000000001, 0.5], [0.7000000000000001, 0.5]]","[7.0, 5.0]",1.0,0.9974153325229929,0.6576616670000135
03_parameter_sensitivity|gamma_0p1|figure_eight--demand_conflict|n0_d1_m0|25003|v11_full,03_parameter_sensitivity,independent_seeded,S25003,25003,figure_eight--demand_conflict,figure_eight,demand_conflict,residual_delay_shrinkage,0.1,12,v11_full,0.1,5,0.65,n0_d1_m0,0.0,4,1.0,11.943424306382695,6.448600892275392,0.6614428119503908,0.5399289790641693,1.0,1.0,3.434114444626585,1.8672681610742816,0.5437408074725135,"[11.943424306382695, 8.373698415275044, 7.553336287813805, 6.448600892275392, 6.504441763132148]","[[2, 4], [2, 4], [3, 4], [2, 4]]","[true, true, true, true, false]",1,2.0,0,1,1,"[[4, 8], [4, 8], [4, 8], [4, 8], [4, 8]]","[[6, 10], [6, 10], [6, 10], [6, 10], [6, 10]]","[[2, 2], [2, 2], [2, 2], [2, 2], [2, 2]]","[[0.4, 0.8], [0.4, 0.8], [0.4, 0.8], [0.4, 0.8], [0.4, 0.8]]","[4.0, 8.0]",0.5,0.9934768254747828,0.9362855410000179
03_parameter_sensitivity|gamma_0p1|figure_eight--demand_conflict|n0_d1_m0|25004|v11_full,03_parameter_sensitivity,independent_seeded,S25004,25004,figure_eight--demand_conflict,figure_eight,demand_conflict,residual_delay_shrinkage,0.1,12,v11_full,0.1,5,0.65,n0_d1_m0,0.0,4,1.0,10.33382828411624,4.899461025053954,0.6097707811542918,0.4741186799653659,1.0,0.8333333333333334,2.972442702426152,1.416763540173714,0.47663275023512836,"[10.33382828411624, 6.684573866016137, 5.995168842928287, 4.908678816949981, 4.899461025053954]","[[2, 4], [2, 4], [3, 4], [2, 4]]","[true, true, true, true, true]",0,4.0,0,1,1,"[[4, 7], [4, 7], [4, 7], [4, 7], [4, 7]]","[[6, 9], [6, 9], [6, 9], [6, 9], [6, 9]]","[[2, 2], [2, 2], [2, 2], [2, 2], [2, 2]]","[[0.4, 0.7000000000000001], [0.4, 0.7000000000000001], [0.4, 0.7000000000000001], [0.4, 0.7000000000000001], [0.4, 0.7000000000000001]]","[4.0, 7.0]",0.5,0.9959533720515468,0.762750125000025
03_parameter_sensitivity|gamma_0p1|figure_eight--demand_conflict|n0_d1_m0|25005|v11_full,03_parameter_sensitivity,independent_seeded,S25005,25005,figure_eight--demand_conflict,figure_eight,demand_conflict,residual_delay_shrinkage,0.1,12,v11_full,0.1,5,0.65,n0_d1_m0,0.0,4,1.0,12.65732316490088,7.1854441757700505,0.6967007424362832,0.5676906627220748,1.0,1.0,3.642795192090087,2.059724132747794,0.5654240834676211,"[12.65732316490088, 9.312410930240357, 8.217694833994793, 7.821976350399018, 7.1854441757700505]","[[2, 4], [2, 4], [2, 4], [3, 4]]","[true, true, true, true, true]",0,4.0,0,1,1,"[[5, 8], [5, 8], [5, 8], [5, 8], [5, 8]]","[[7, 10], [7, 10], [7, 10], [7, 10], [7, 10]]","[[2, 2], [2, 2], [2, 2], [2, 2], [2, 2]]","[[0.5, 0.8], [0.5, 0.8], [0.5, 0.8], [0.5, 0.8], [0.5, 0.8]]","[5.0, 8.0]",0.5,0.9936778712894384,0.7982773749999978
03_parameter_sensitivity|gamma_0p1|figure_eight--demand_conflict|n0_d1_m0|25006|v11_full,03_parameter_sensitivity,independent_seeded,S25006,25006,figure_eight--demand_conflict,figure_eight,demand_conflict,residual_delay_shrinkage,0.1,12,v11_full,0.1,5,0.65,n0_d1_m0,0.0,4,1.0,11.568280104852967,6.235127181061307,0.6394535318670853,0.5389848036654672,0.8333333333333334,0.8333333333333334,3.4310419029031243,1.7939031897827706,0.522845025082581,"[11.568280104852967, 7.717020477231635, 6.651234951474134, 6.319551211040956, 6.235127181061307]","[[2, 4], [2, 4], [2, 4], [2, 4]]","[true, true, true, true, true]",0,4.0,0,1,1,"[[6, 7], [6, 7], [6, 7], [6, 7], [6, 7]]","[[8, 9], [8, 9], [8, 9], [8, 9], [8, 9]]","[[2, 2], [2, 2], [2, 2], [2, 2], [2, 2]]","[[0.6000000000000001, 0.7000000000000001], [0.6000000000000001, 0.7000000000000001], [0.6000000000000001, 0.7000000000000001], [0.6000000000000001, 0.7000000000000001], [0.6000000000000001, 0.7000000000000001]]","[6.0, 7.0]",1.0,0.9994540196398765,0.7584697919999712
03_parameter_sensitivity|gamma_0p1|figure_eight--demand_conflict|n1_d1_m1|25001|v11_full,03_parameter_sensitivity,independent_seeded,S25001,25001,figure_eight--demand_conflict,figure_eight,demand_conflict,residual_delay_shrinkage,0.1,12,v11_full,0.1,5,0.65,n1_d1_m1,0.05,4,1.7,11.677691315437041,5.963006197473371,0.616359501516681,0.5106322847899498,0.8333333333333334,0.8333333333333334,3.547203318946834,1.700152952011603,0.4792939110454991,"[11.677691315437041, 7.55536191020655, 6.372746989274194, 6.042166336257847, 5.963006197473371]","[[2, 4], [2, 4], [2, 4], [2, 4]]","[true, true, true, true, true]",0,4.0,0,1,1,"[[7, 7], [7, 7], [7, 7], [7, 7], [7, 7]]","[[9, 9], [9, 9], [9, 9], [9, 9], [9, 9]]","[[2, 2], [2, 2], [2, 2], [2, 2], [2, 2]]","[[0.7000000000000001, 0.7000000000000001], [0.7000000000000001, 0.7000000000000001], [0.7000000000000001, 0.7000000000000001], [0.7000000000000001, 0.7000000000000001], [0.7000000000000001, 0.7000000000000001]]","[7.0, 7.0]",0.5,0.9994686523282397,0.7866843330000393
03_parameter_sensitivity|gamma_0p1|figure_eight--demand_conflict|n1_d1_m1|25002|v11_full,03_parameter_sensitivity,independent_seeded,S25002,25002,figure_eight--demand_conflict,figure_eight,demand_conflict,residual_delay_shrinkage,0.1,12,v11_full,0.1,5,0.65,n1_d1_m1,0.05,4,1.7,9.444604032109284,1.8893106800981867,0.38925773081184667,0.20004128004466937,1.0,0.6666666666666666,2.7197966276617676,0.523540877356202,0.1924926562638967,"[9.444604032109284, 4.511236278827286, 2.477789067903638, 2.0495578329864514, 1.8893106800981867]","[[1, 4], [2, 4], [2, 4], [2, 4]]","[true, true, true, true, true]",0,4.0,0,1,1,"[[7, 5], [7, 5], [7, 5], [7, 5], [7, 5]]","[[9, 7], [9, 7], [9, 7], [9, 7], [9, 7]]","[[2, 2], [2, 2], [2, 2], [2, 2], [2, 2]]","[[0.7000000000000001, 0.5], [0.7000000000000001, 0.5], [0.7000000000000001, 0.5], [0.7000000000000001, 0.5], [0.7000000000000001, 0.5]]","[7.0, 5.0]",1.0,0.9968884635801225,0.6547793329999649
03_parameter_sensitivity|gamma_0p1|figure_eight--demand_conflict|n1_d1_m1|25003|v11_full,03_parameter_sensitivity,independent_seeded,S25003,25003,figure_eight--demand_conflict,figure_eight,demand_conflict,residual_delay_shrinkage,0.1,12,v11_full,0.1,5,0.65,n1_d1_m1,0.05,4,1.7,11.569640299296164,6.029635637947165,0.655054720256649,0.5211601641853961,1.0,1.0,3.318112372978345,1.7527145747621942,0.5282264063856745,"[11.569640299296164, 8.102594608411534, 7.345189274687385, 6.029635637947165, 6.105500576415685]","[[2, 4], [2, 4], [3, 4], [2, 4]]","[true, true, true, true, false]",1,2.0,0,1,1,"[[4, 7], [4, 7], [4, 7], [4, 7], [4, 7]]","[[6, 9], [6, 9], [6, 9], [6, 9], [6, 9]]","[[2, 2], [2, 2], [2, 2], [2, 2], [2, 2]]","[[0.4, 0.7000000000000001], [0.4, 0.7000000000000001], [0.4, 0.7000000000000001], [0.4, 0.7000000000000001], [0.4, 0.7000000000000001]]","[4.0, 7.0]",1.0,0.992883847889324,0.8816405000000032
03_parameter_sensitivity|gamma_0p1|figure_eight--demand_conflict|n1_d1_m1|25004|v11_full,03_parameter_sensitivity,independent_seeded,S25004,25004,figure_eight--demand_conflict,figure_eight,demand_conflict,residual_delay_shrinkage,0.1,12,v11_full,0.1,5,0.65,n1_d1_m1,0.05,4,1.7,10.318952142072382,4.507310572587064,0.581760506695281,0.43679925156449556,1.0,0.8333333333333334,2.9536337273818942,1.2972005891819607,0.43918803376199306,"[10.318952142072382, 6.630244082851055, 5.089547027126283, 4.879712839638473, 4.507310572587064]","[[2, 4], [3, 4], [2, 4], [3, 4]]","[true, true, true, true, true]",0,4.0,0,1,1,"[[4, 7], [4, 7], [4, 7], [4, 7], [4, 7]]","[[6, 9], [6, 9], [6, 9], [6, 9], [6, 9]]","[[2, 2], [2, 2], [2, 2], [2, 2], [2, 2]]","[[0.4, 0.7000000000000001], [0.4, 0.7000000000000001], [0.4, 0.7000000000000001], [0.4, 0.7000000000000001], [0.4, 0.7000000000000001]]","[4.0, 7.0]",0.5,0.9949784746966814,0.8461473339999657
03_parameter_sensitivity|gamma_0p1|figure_eight--demand_conflict|n1_d1_m1|25005|v11_full,03_parameter_sensitivity,independent_seeded,S25005,25005,figure_eight--demand_conflict,figure_eight,demand_conflict,residual_delay_shrinkage,0.1,12,v11_full,0.1,5,0.65,n1_d1_m1,0.05,4,1.7,13.208865916594977,7.276040914174942,0.689284474764184,0.5508452398652695,1.0,1.0,3.7822836944178975,2.177403948115038,0.5756849892906157,"[13.208865916594977, 9.643933879078437, 9.007437458099167, 7.276040914174942, 7.773639225105531]","[[2, 4], [2, 4], [3, 4], [2, 4]]","[true, true, true, true, false]",1,2.0,0,1,1,"[[4, 8], [4, 8], [4, 8], [4, 8], [4, 8]]","[[6, 10], [6, 10], [6, 10], [6, 10], [6, 10]]","[[2, 2], [2, 2], [2, 2], [2, 2], [2, 2]]","[[0.4, 0.8], [0.4, 0.8], [0.4, 0.8], [0.4, 0.8], [0.4, 0.8]]","[4.0, 8.0]",1.0,0.9895641286638701,1.0221242080000366
03_parameter_sensitivity|gamma_0p1|figure_eight--demand_conflict|n1_d1_m1|25006|v11_full,03_parameter_sensitivity,independent_seeded,S25006,25006,figure_eight--demand_conflict,figure_eight,demand_conflict,residual_delay_shrinkage,0.1,12,v11_full,0.1,5,0.65,n1_d1_m1,0.05,4,1.7,10.804689433892133,5.307241239922802,0.6088316640771234,0.49119794441060527,0.6666666666666666,0.8333333333333334,3.190097182857639,1.472088378006014,0.4614556527984331,"[10.804689433892133, 6.884469100777444, 5.8187301196838614, 5.553783634123464, 5.307241239922802]","[[2, 4], [2, 4], [2, 4], [3, 4]]","[true, true, true, true, true]",0,4.0,0,1,1,"[[6, 7], [6, 7], [6, 7], [6, 7], [6, 7]]","[[8, 9], [8, 9], [8, 9], [8, 9], [8, 9]]","[[2, 2], [2, 2], [2, 2], [2, 2], [2, 2]]","[[0.6000000000000001, 0.7000000000000001], [0.6000000000000001, 0.7000000000000001], [0.6000000000000001, 0.7000000000000001], [0.6000000000000001, 0.7000000000000001], [0.6000000000000001, 0.7000000000000001]]","[6.0, 7.0]",1.0,0.9991789097336552,0.9142212080000149
03_parameter_sensitivity|gamma_0p1|harmonic_loop--demand_conflict|n0_d1_m0|25001|v11_full,03_parameter_sensitivity,independent_seeded,S25001,25001,harmonic_loop--demand_conflict,harmonic_loop,demand_conflict,residual_delay_shrinkage,0.1,12,v11_full,0.1,5,0.65,n0_d1_m0,0.0,4,1.0,8.99889140222643,3.4475203619536243,0.5814979100120133,0.38310500792360574,1.0,0.8333333333333334,2.4660513006353546,1.1966811207403845,0.48526205453717486,"[8.99889140222643, 6.254119153802762, 4.7016192646910175, 3.7524018706951745, 3.4475203619536243]","[[2, 3], [3, 4], [3, 4], [3, 4]]","[true, true, true, true, true]",0,4.0,0,1,1,"[[7, 7], [7, 7], [7, 7], [7, 7], [7, 7]]","[[9, 9], [9, 9], [9, 9], [9, 9], [9, 9]]","[[2, 2], [2, 2], [2, 2], [2, 2], [2, 2]]","[[0.7000000000000001, 0.7000000000000001], [0.7000000000000001, 0.7000000000000001], [0.7000000000000001, 0.7000000000000001], [0.7000000000000001, 0.7000000000000001], [0.7000000000000001, 0.7000000000000001]]","[7.0, 7.0]",0.5,0.9997522230545534,0.6360090830000331
03_parameter_sensitivity|gamma_0p1|harmonic_loop--demand_conflict|n0_d1_m0|25002|v11_full,03_parameter_sensitivity,independent_seeded,S25002,25002,harmonic_loop--demand_conflict,harmonic_loop,demand_conflict,residual_delay_shrinkage,0.1,12,v11_full,0.1,5,0.65,n0_d1_m0,0.0,4,1.0,8.1760226882683,1.9116482247086872,0.4923741000765987,0.23381151173316747,0.8333333333333334,0.6666666666666666,2.039212942951675,0.5410907568177322,0.26534293963166306,"[8.1760226882683, 4.997601305144047, 3.470095880630282, 2.5911146111050076, 1.9116482247086872]","[[2, 3], [2, 4], [3, 4], [2, 4]]","[true, true, true, true, true]",0,4.0,0,1,1,"[[7, 5], [7, 5], [7, 5], [7, 5], [7, 5]]","[[9, 7], [9, 7], [9, 7], [9, 7], [9, 7]]","[[2, 2], [2, 2], [2, 2], [2, 2], [2, 2]]","[[0.7000000000000001, 0.5], [0.7000000000000001, 0.5], [0.7000000000000001, 0.5], [0.7000000000000001, 0.5], [0.7000000000000001, 0.5]]","[7.0, 5.0]",1.0,0.9972355060950606,0.5318459169999983
03_parameter_sensitivity|gamma_0p1|harmonic_loop--demand_conflict|n0_d1_m0|25003|v11_full,03_parameter_sensitivity,independent_seeded,S25003,25003,harmonic_loop--demand_conflict,harmonic_loop,demand_conflict,residual_delay_shrinkage,0.1,12,v11_full,0.1,5,0.65,n0_d1_m0,0.0,4,1.0,8.574357152477088,4.502525473352893,0.6450592074426005,0.5251152236004231,0.8333333333333334,0.8333333333333334,2.19461231466453,1.3614846492378674,0.6203759270557018,"[8.574357152477088, 5.884331589790084, 5.04435586982339, 4.502525473352893, 4.810961214443484]","[[2, 3], [2, 3], [3, 4], [1, 3]]","[true, true, true, true, false]",1,2.0,0,1,1,"[[4, 7], [4, 7], [4, 7], [4, 7], [4, 7]]","[[6, 9], [6, 9], [6, 9], [6, 9], [6, 9]]","[[2, 2], [2, 2], [2, 2], [2, 2], [2, 2]]","[[0.4, 0.7000000000000001], [0.4, 0.7000000000000001], [0.4, 0.7000000000000001], [0.4, 0.7000000000000001], [0.4, 0.7000000000000001]]","[4.0, 7.0]",1.0,0.9950686799214372,0.5560406249999801
03_parameter_sensitivity|gamma_0p1|harmonic_loop--demand_conflict|n0_d1_m0|25004|v11_full,03_parameter_sensitivity,independent_seeded,S25004,25004,harmonic_loop--demand_conflict,harmonic_loop,demand_conflict,residual_delay_shrinkage,0.1,12,v11_full,0.1,5,0.65,n0_d1_m0,0.0,4,1.0,7.397759230051182,2.9328358362509355,0.5893400722331834,0.39644921455907456,1.0,0.8333333333333334,1.9138760484106219,1.018174022207219,0.5319958014275593,"[7.397759230051182, 4.602674056378486, 4.269350886353614, 3.4018613601250935, 2.9328358362509355]","[[2, 3], [2, 3], [3, 4], [3, 4]]","[true, true, true, true, true]",0,4.0,0,1,1,"[[4, 7], [4, 7], [4, 7], [4, 7], [4, 7]]","[[6, 9], [6, 9], [6, 9], [6, 9], [6, 9]]","[[2, 2], [2, 2], [2, 2], [2, 2], [2, 2]]","[[0.4, 0.7000000000000001], [0.4, 0.7000000000000001], [0.4, 0.7000000000000001], [0.4, 0.7000000000000001], [0.4, 0.7000000000000001]]","[4.0, 7.0]",0.5,0.9966489457440355,0.5450729999999453
03_parameter_sensitivity|gamma_0p1|harmonic_loop--demand_conflict|n0_d1_m0|25005|v11_full,03_parameter_sensitivity,independent_seeded,S25005,25005,harmonic_loop--demand_conflict,harmonic_loop,demand_conflict,residual_delay_shrinkage,0.1,12,v11_full,0.1,5,0.65,n0_d1_m0,0.0,4,1.0,9.152116894160674,5.1315603916994394,0.6734341807918103,0.5606965526165351,1.0,0.8333333333333334,2.3500559742655738,1.5025566418794694,0.6393705759919356,"[9.152116894160674, 6.509721222939271, 5.696510134109669, 5.1315603916994394, 5.47908635338241]","[[2, 3], [2, 3], [3, 4], [1, 3]]","[true, true, true, true, false]",1,2.0,0,1,1,"[[5, 8], [5, 8], [5, 8], [5, 8], [5, 8]]","[[7, 10], [7, 10], [7, 10], [7, 10], [7, 10]]","[[2, 2], [2, 2], [2, 2], [2, 2], [2, 2]]","[[0.5, 0.8], [0.5, 0.8], [0.5, 0.8], [0.5, 0.8], [0.5, 0.8]]","[5.0, 8.0]",0.5,0.9945378842170156,0.5868565420000209
03_parameter_sensitivity|gamma_0p1|harmonic_loop--demand_conflict|n0_d1_m0|25006|v11_full,03_parameter_sensitivity,independent_seeded,S25006,25006,harmonic_loop--demand_conflict,harmonic_loop,demand_conflict,residual_delay_shrinkage,0.1,12,v11_full,0.1,5,0.65,n0_d1_m0,0.0,4,1.0,8.536642392877095,4.13322353319364,0.6314844552212091,0.48417437945419484,1.0,0.8333333333333334,2.3239425180567728,1.2596505642589981,0.5420317217279061,"[8.536642392877095, 5.671085139997199, 5.417519591047386, 4.13322353319364, 4.145756845720628]","[[2, 3], [2, 3], [3, 4], [2, 3]]","[true, true, true, true, false]",1,2.0,0,1,1,"[[6, 7], [6, 7], [6, 7], [6, 7], [6, 7]]","[[8, 9], [8, 9], [8, 9], [8, 9], [8, 9]]","[[2, 2], [2, 2], [2, 2], [2, 2], [2, 2]]","[[0.6000000000000001, 0.7000000000000001], [0.6000000000000001, 0.7000000000000001], [0.6000000000000001, 0.7000000000000001], [0.6000000000000001, 0.7000000000000001], [0.6000000000000001, 0.7000000000000001]]","[6.0, 7.0]",1.0,0.9995206350926358,0.5848839579999776
03_parameter_sensitivity|gamma_0p1|harmonic_loop--demand_conflict|n1_d1_m1|25001|v11_full,03_parameter_sensitivity,independent_seeded,S25001,25001,harmonic_loop--demand_conflict,harmonic_loop,demand_conflict,residual_delay_shrinkage,0.1,12,v11_full,0.1,5,0.65,n1_d1_m1,0.05,4,1.7,8.86701486508597,3.860135680212436,0.6256806972330018,0.435336552260873,1.0,0.8333333333333334,2.4949899882297855,1.3587236458793694,0.5445808008405654,"[8.86701486508597, 6.55069571116886, 5.161176688031879, 4.1162325007995815, 3.860135680212436]","[[2, 3], [3, 4], [3, 4], [3, 4]]","[true, true, true, true, true]",0,4.0,0,1,1,"[[7, 7], [7, 7], [7, 7], [7, 7], [7, 7]]","[[9, 9], [9, 9], [9, 9], [9, 9], [9, 9]]","[[2, 2], [2, 2], [2, 2], [2, 2], [2, 2]]","[[0.7000000000000001, 0.7000000000000001], [0.7000000000000001, 0.7000000000000001], [0.7000000000000001, 0.7000000000000001], [0.7000000000000001, 0.7000000000000001], [0.7000000000000001, 0.7000000000000001]]","[7.0, 7.0]",0.5,0.9989500450847835,0.7994686670000419
03_parameter_sensitivity|gamma_0p1|harmonic_loop--demand_conflict|n1_d1_m1|25002|v11_full,03_parameter_sensitivity,independent_seeded,S25002,25002,harmonic_loop--demand_conflict,harmonic_loop,demand_conflict,residual_delay_shrinkage,0.1,12,v11_full,0.1,5,0.65,n1_d1_m1,0.05,4,1.7,7.544353028411633,1.611682442137186,0.4804715229332601,0.2136276544943848,0.8333333333333334,0.5,1.8750192561065957,0.4486136989460686,0.23925818227467033,"[7.544353028411633, 4.594531944717268, 3.0814942891102968, 2.245343187326387, 1.611682442137186]","[[2, 3], [2, 4], [3, 4], [2, 4]]","[true, true, true, true, true]",0,4.0,0,1,1,"[[7, 5], [7, 5], [7, 5], [7, 5], [7, 5]]","[[9, 7], [9, 7], [9, 7], [9, 7], [9, 7]]","[[2, 2], [2, 2], [2, 2], [2, 2], [2, 2]]","[[0.7000000000000001, 0.5], [0.7000000000000001, 0.5], [0.7000000000000001, 0.5], [0.7000000000000001, 0.5], [0.7000000000000001, 0.5]]","[7.0, 5.0]",1.0,0.9974973859486883,0.5839535419999606
03_parameter_sensitivity|gamma_0p1|harmonic_loop--demand_conflict|n1_d1_m1|25003|v11_full,03_parameter_sensitivity,independent_seeded,S25003,25003,harmonic_loop--demand_conflict,harmonic_loop,demand_conflict,residual_delay_shrinkage,0.1,12,v11_full,0.1,5,0.65,n1_d1_m1,0.05,4,1.7,8.238858540839244,4.127770087404353,0.6276575465563616,0.5010123753118695,0.8333333333333334,0.8333333333333334,2.1077823925540953,1.2947502163568423,0.6142712933415935,"[8.238858540839244, 5.518972238360783, 4.705369228052269, 4.127770087404353, 4.4263722568706285]","[[2, 3], [2, 3], [3, 4], [1, 3]]","[true, true, true, true, false]",1,2.0,0,1,1,"[[4, 7], [4, 7], [4, 7], [4, 7], [4, 7]]","[[6, 9], [6, 9], [6, 9], [6, 9], [6, 9]]","[[2, 2], [2, 2], [2, 2], [2, 2], [2, 2]]","[[0.4, 0.7000000000000001], [0.4, 0.7000000000000001], [0.4, 0.7000000000000001], [0.4, 0.7000000000000001], [0.4, 0.7000000000000001]]","[4.0, 7.0]",1.0,0.9948068903916457,0.7087584999999876
03_parameter_sensitivity|gamma_0p1|harmonic_loop--demand_conflict|n1_d1_m1|25004|v11_full,03_parameter_sensitivity,independent_seeded,S25004,25004,harmonic_loop--demand_conflict,harmonic_loop,demand_conflict,residual_delay_shrinkage,0.1,12,v11_full,0.1,5,0.65,n1_d1_m1,0.05,4,1.7,7.294331283118729,2.915590663106831,0.5664583833320589,0.39970636785504693,1.0,0.8333333333333334,1.8835316528462713,1.0375287835519018,0.5508422340469061,"[7.294331283118729, 4.605413162076413, 3.63585336492249, 3.181512924383908, 2.915590663106831]","[[2, 3], [3, 4], [3, 4], [3, 4]]","[true, true, true, true, true]",0,4.0,0,1,1,"[[4, 7], [4, 7], [4, 7], [4, 7], [4, 7]]","[[6, 9], [6, 9], [6, 9], [6, 9], [6, 9]]","[[2, 2], [2, 2], [2, 2], [2, 2], [2, 2]]","[[0.4, 0.7000000000000001], [0.4, 0.7000000000000001], [0.4, 0.7000000000000001], [0.4, 0.7000000000000001], [0.4, 0.7000000000000001]]","[4.0, 7.0]",0.5,0.9957297939393881,0.6964168750000113
03_parameter_sensitivity|gamma_0p1|harmonic_loop--demand_conflict|n1_d1_m1|25005|v11_full,03_parameter_sensitivity,independent_seeded,S25005,25005,harmonic_loop--demand_conflict,harmonic_loop,demand_conflict,residual_delay_shrinkage,0.1,12,v11_full,0.1,5,0.65,n1_d1_m1,0.05,4,1.7,9.516513563736712,5.616045197452808,0.6988294629452854,0.5901368352852572,0.8333333333333334,0.8333333333333334,2.420289824794433,1.6730139108926383,0.6912452772199443,"[9.516513563736712, 6.928143913647854, 6.261848019822165, 5.616045197452808, 6.0747726772788395]","[[2, 3], [2, 3], [3, 4], [1, 3]]","[true, true, true, true, false]",1,2.0,0,1,1,"[[4, 8], [5, 8], [5, 8], [5, 8], [5, 8]]","[[6, 10], [7, 10], [7, 10], [7, 10], [7, 10]]","[[2, 2], [2, 2], [2, 2], [2, 2], [2, 2]]","[[0.4, 0.8], [0.45, 0.8], [0.5, 0.8], [0.5, 0.8], [0.5, 0.8]]","[5.0, 8.0]",0.5,0.9911215128893771,0.7388497919999963
03_parameter_sensitivity|gamma_0p1|harmonic_loop--demand_conflict|n1_d1_m1|25006|v11_full,03_parameter_sensitivity,independent_seeded,S25006,25006,harmonic_loop--demand_conflict,harmonic_loop,demand_conflict,residual_delay_shrinkage,0.1,12,v11_full,0.1,5,0.65,n1_d1_m1,0.05,4,1.7,7.923445882788174,3.1726405006606546,0.585282938771279,0.40041170818778116,1.0,0.8333333333333334,2.1567230813337837,1.0994725380384751,0.5097884598881965,"[7.923445882788174, 5.441834600339939, 4.081208860135094, 3.4787441136943675, 3.1726405006606546]","[[2, 3], [3, 4], [3, 4], [3, 4]]","[true, true, true, true, true]",0,4.0,0,1,1,"[[6, 7], [6, 7], [6, 7], [6, 7], [6, 7]]","[[8, 9], [8, 9], [8, 9], [8, 9], [8, 9]]","[[2, 2], [2, 2], [2, 2], [2, 2], [2, 2]]","[[0.6000000000000001, 0.7000000000000001], [0.6000000000000001, 0.7000000000000001], [0.6000000000000001, 0.7000000000000001], [0.6000000000000001, 0.7000000000000001], [0.6000000000000001, 0.7000000000000001]]","[6.0, 7.0]",1.0,0.9992612676754209,0.6509066250000046
03_parameter_sensitivity|gamma_0p1|rounded_square--demand_conflict|n0_d1_m0|25001|v11_full,03_parameter_sensitivity,independent_seeded,S25001,25001,rounded_square--demand_conflict,rounded_square,demand_conflict,residual_delay_shrinkage,0.1,12,v11_full,0.1,5,0.65,n0_d1_m0,0.0,4,1.0,12.878324196240044,10.482034213373197,0.8631354384985945,0.8139284314983725,1.0,0.8333333333333334,2.734247150516419,2.129252725934751,0.7787345505809882,"[12.878324196240044, 10.978204772997358, 10.482034213373197, 11.097675087702472, 10.93175167360358]","[[1, 2], [2, 3], [2, 4], [2, 4]]","[true, true, true, false, false]",2,1.0,0,1,1,"[[7, 7], [7, 7], [7, 7], [7, 7], [7, 7]]","[[9, 9], [9, 9], [9, 9], [9, 9], [9, 9]]","[[2, 2], [2, 2], [2, 2], [2, 2], [2, 2]]","[[0.7000000000000001, 0.7000000000000001], [0.7000000000000001, 0.7000000000000001], [0.7000000000000001, 0.7000000000000001], [0.7000000000000001, 0.7000000000000001], [0.7000000000000001, 0.7000000000000001]]","[7.0, 7.0]",0.5,0.9996170758518282,0.6411753330000352
03_parameter_sensitivity|gamma_0p1|rounded_square--demand_conflict|n0_d1_m0|25002|v11_full,03_parameter_sensitivity,independent_seeded,S25002,25002,rounded_square--demand_conflict,rounded_square,demand_conflict,residual_delay_shrinkage,0.1,12,v11_full,0.1,5,0.65,n0_d1_m0,0.0,4,1.0,10.609358139352715,9.385312816455475,1.0066197955945475,0.88462588341165,0.8333333333333334,0.8333333333333334,2.4987575237146307,2.000563988456475,0.8006234976663339,"[10.609358139352715, 11.837246708050628, 11.024966351762878, 9.858811148780717, 9.385312816455475]","[[2, 4], [2, 4], [2, 4], [2, 3]]","[true, false, false, true, true]",2,1.3224999999999998,0,1,1,"[[7, 5], [7, 5], [7, 5], [7, 5], [7, 5]]","[[9, 7], [9, 7], [9, 7], [9, 7], [9, 7]]","[[2, 2], [2, 2], [2, 2], [2, 2], [2, 2]]","[[0.7000000000000001, 0.5], [0.7000000000000001, 0.5], [0.7000000000000001, 0.5], [0.7000000000000001, 0.5], [0.7000000000000001, 0.5]]","[7.0, 5.0]",1.0,0.9966097806010848,0.572987540999975
03_parameter_sensitivity|gamma_0p1|rounded_square--demand_conflict|n0_d1_m0|25003|v11_full,03_parameter_sensitivity,independent_seeded,S25003,25003,rounded_square--demand_conflict,rounded_square,demand_conflict,residual_delay_shrinkage,0.1,12,v11_full,0.1,5,0.65,n0_d1_m0,0.0,4,1.0,12.667453428070658,7.668349676583496,0.6720477643226789,0.6053584266266719,1.0,0.8333333333333334,2.9130061268567298,2.1428134889903223,0.7356021222318947,"[12.667453428070658, 8.428567840832322, 7.668349676583496, 7.74792719502334, 7.74792719502334]","[[1, 4], [1, 4], [2, 4], [2, 4]]","[true, true, true, false, false]",2,1.0,0,1,1,"[[4, 7], [4, 7], [4, 7], [4, 7], [4, 7]]","[[6, 9], [6, 9], [6, 9], [6, 9], [6, 9]]","[[2, 2], [2, 2], [2, 2], [2, 2], [2, 2]]","[[0.4, 0.7000000000000001], [0.4, 0.7000000000000001], [0.4, 0.7000000000000001], [0.4, 0.7000000000000001], [0.4, 0.7000000000000001]]","[4.0, 7.0]",1.0,0.9914048107401583,0.630474750000019
03_parameter_sensitivity|gamma_0p1|rounded_square--demand_conflict|n0_d1_m0|25004|v11_full,03_parameter_sensitivity,independent_seeded,S25004,25004,rounded_square--demand_conflict,rounded_square,demand_conflict,residual_delay_shrinkage,0.1,12,v11_full,0.1,5,0.65,n0_d1_m0,0.0,4,1.0,10.936409882598811,5.817856035121384,0.6269564764170147,0.5319712865168228,1.0,0.8333333333333334,2.4692788937523678,1.4687170688389863,0.5947959432833013,"[10.936409882598811, 6.706614521922378, 6.455663153253109, 5.817856035121384, 5.956546733978383]","[[1, 4], [2, 4], [3, 4], [2, 4]]","[true, true, true, true, false]",1,2.0,0,1,1,"[[4, 7], [4, 7], [4, 7], [4, 7], [4, 7]]","[[6, 9], [6, 9], [6, 9], [6, 9], [6, 9]]","[[2, 2], [2, 2], [2, 2], [2, 2], [2, 2]]","[[0.4, 0.7000000000000001], [0.4, 0.7000000000000001], [0.4, 0.7000000000000001], [0.4, 0.7000000000000001], [0.4, 0.7000000000000001]]","[4.0, 7.0]",0.5,0.9941003249088396,0.601818417000004
03_parameter_sensitivity|gamma_0p1|rounded_square--demand_conflict|n0_d1_m0|25005|v11_full,03_parameter_sensitivity,independent_seeded,S25005,25005,rounded_square--demand_conflict,rounded_square,demand_conflict,residual_delay_shrinkage,0.1,12,v11_full,0.1,5,0.65,n0_d1_m0,0.0,4,1.0,13.449428834251158,8.616064920829878,0.7016632300082314,0.6406268271324406,1.0,0.8333333333333334,3.021275814696837,2.340427116160794,0.7746486119459566,"[13.449428834251158, 9.343709620797181, 8.616064920829878, 8.708926501115599, 8.708926501115599]","[[1, 4], [1, 4], [2, 4], [2, 4]]","[true, true, true, false, false]",2,1.0,0,1,1,"[[5, 8], [5, 8], [5, 8], [5, 8], [5, 8]]","[[7, 10], [7, 10], [7, 10], [7, 10], [7, 10]]","[[2, 2], [2, 2], [2, 2], [2, 2], [2, 2]]","[[0.5, 0.8], [0.5, 0.8], [0.5, 0.8], [0.5, 0.8], [0.5, 0.8]]","[5.0, 8.0]",0.5,0.9915211946761049,0.7823010419999719
03_parameter_sensitivity|gamma_0p1|rounded_square--demand_conflict|n0_d1_m0|25006|v11_full,03_parameter_sensitivity,independent_seeded,S25006,25006,rounded_square--demand_conflict,rounded_square,demand_conflict,residual_delay_shrinkage,0.1,12,v11_full,0.1,5,0.65,n0_d1_m0,0.0,4,1.0,12.668752557348686,7.5102390614685275,0.699123722807474,0.5928159877992177,1.0,0.8333333333333334,2.6027135139067417,1.8098638013768464,0.6953757267968357,"[12.668752557348686, 8.922769163244162, 7.5102390614685275, 8.440478200996164, 8.440478200996164]","[[1, 2], [3, 4], [2, 4], [2, 4]]","[true, true, true, false, false]",2,1.0,0,1,1,"[[6, 7], [6, 7], [6, 7], [6, 7], [6, 7]]","[[8, 9], [8, 9], [8, 9], [8, 9], [8, 9]]","[[2, 2], [2, 2], [2, 2], [2, 2], [2, 2]]","[[0.6000000000000001, 0.7000000000000001], [0.6000000000000001, 0.7000000000000001], [0.6000000000000001, 0.7000000000000001], [0.6000000000000001, 0.7000000000000001], [0.6000000000000001, 0.7000000000000001]]","[6.0, 7.0]",1.0,0.9992498223284036,0.7886508750000303
03_parameter_sensitivity|gamma_0p1|rounded_square--demand_conflict|n1_d1_m1|25001|v11_full,03_parameter_sensitivity,independent_seeded,S25001,25001,rounded_square--demand_conflict,rounded_square,demand_conflict,residual_delay_shrinkage,0.1,12,v11_full,0.1,5,0.65,n1_d1_m1,0.05,4,1.7,13.018710329567652,9.944256775392354,0.8096576201265705,0.7638434624977635,1.0,0.8333333333333334,2.7142490987481973,2.0704641509648347,0.7628128722303807,"[13.018710329567652, 10.246747007658687, 10.24647120371749, 10.188090326363598, 9.944256775392354]","[[1, 2], [2, 3], [2, 4], [2, 3]]","[true, true, true, true, true]",0,4.0,0,1,1,"[[7, 7], [7, 7], [7, 7], [7, 7], [7, 7]]","[[9, 9], [9, 9], [9, 9], [9, 9], [9, 9]]","[[2, 2], [2, 2], [2, 2], [2, 2], [2, 2]]","[[0.7000000000000001, 0.7000000000000001], [0.7000000000000001, 0.7000000000000001], [0.7000000000000001, 0.7000000000000001], [0.7000000000000001, 0.7000000000000001], [0.7000000000000001, 0.7000000000000001]]","[7.0, 7.0]",0.5,0.9993472975472089,0.760103541000035
03_parameter_sensitivity|gamma_0p1|rounded_square--demand_conflict|n1_d1_m1|25002|v11_full,03_parameter_sensitivity,independent_seeded,S25002,25002,rounded_square--demand_conflict,rounded_square,demand_conflict,residual_delay_shrinkage,0.1,12,v11_full,0.1,5,0.65,n1_d1_m1,0.05,4,1.7,9.938895279283194,8.867086683608857,1.01762784573662,0.8921601882748041,0.8333333333333334,0.8333333333333334,2.3335768553918896,1.8542868001116994,0.7946114120163826,"[9.938895279283194, 11.163724970190916, 10.457266919314195, 9.432403497284131, 8.867086683608857]","[[2, 4], [2, 4], [2, 4], [2, 3]]","[true, false, false, true, true]",2,1.3224999999999998,0,1,1,"[[7, 5], [7, 5], [7, 5], [7, 5], [7, 5]]","[[9, 7], [9, 7], [9, 7], [9, 7], [9, 7]]","[[2, 2], [2, 2], [2, 2], [2, 2], [2, 2]]","[[0.7000000000000001, 0.5], [0.7000000000000001, 0.5], [0.7000000000000001, 0.5], [0.7000000000000001, 0.5], [0.7000000000000001, 0.5]]","[7.0, 5.0]",1.0,0.9966965546067721,0.785256167
03_parameter_sensitivity|gamma_0p1|rounded_square--demand_conflict|n1_d1_m1|25003|v11_full,03_parameter_sensitivity,independent_seeded,S25003,25003,rounded_square--demand_conflict,rounded_square,demand_conflict,residual_delay_shrinkage,0.1,12,v11_full,0.1,5,0.65,n1_d1_m1,0.05,4,1.7,12.197438303545976,7.161043657396979,0.6585804404642437,0.5870940667365505,1.0,0.8333333333333334,2.8509579756317676,2.048975706172541,0.7186972672645205,"[12.197438303545976, 7.960742097413883, 7.161043657396979, 7.274314836903422, 7.274314836903422]","[[1, 4], [1, 4], [2, 4], [2, 4]]","[true, true, true, false, false]",2,1.0,0,1,1,"[[4, 7], [4, 7], [4, 7], [4, 7], [4, 7]]","[[6, 9], [6, 9], [6, 9], [6, 9], [6, 9]]","[[2, 2], [2, 2], [2, 2], [2, 2], [2, 2]]","[[0.4, 0.7000000000000001], [0.4, 0.7000000000000001], [0.4, 0.7000000000000001], [0.4, 0.7000000000000001], [0.4, 0.7000000000000001]]","[4.0, 7.0]",1.0,0.9913709322818531,0.7919925410000133
03_parameter_sensitivity|gamma_0p1|rounded_square--demand_conflict|n1_d1_m1|25004|v11_full,03_parameter_sensitivity,independent_seeded,S25004,25004,rounded_square--demand_conflict,rounded_square,demand_conflict,residual_delay_shrinkage,0.1,12,v11_full,0.1,5,0.65,n1_d1_m1,0.05,4,1.7,10.811479195275698,5.678910143495726,0.6140014648117282,0.5252667133630747,1.0,0.8333333333333334,2.5216385907499954,1.4705931005237176,0.5831894808075285,"[10.811479195275698, 6.581801978148654, 5.995957177967026, 5.678910143495726, 5.7812947069479215]","[[1, 4], [2, 4], [3, 4], [2, 4]]","[true, true, true, true, false]",1,2.0,0,1,1,"[[4, 7], [4, 7], [4, 7], [4, 7], [4, 7]]","[[6, 9], [6, 9], [6, 9], [6, 9], [6, 9]]","[[2, 2], [2, 2], [2, 2], [2, 2], [2, 2]]","[[0.4, 0.7000000000000001], [0.4, 0.7000000000000001], [0.4, 0.7000000000000001], [0.4, 0.7000000000000001], [0.4, 0.7000000000000001]]","[4.0, 7.0]",0.5,0.9924428668972975,0.7819106250000232
03_parameter_sensitivity|gamma_0p1|rounded_square--demand_conflict|n1_d1_m1|25005|v11_full,03_parameter_sensitivity,independent_seeded,S25005,25005,rounded_square--demand_conflict,rounded_square,demand_conflict,residual_delay_shrinkage,0.1,12,v11_full,0.1,5,0.65,n1_d1_m1,0.05,4,1.7,13.809962620752362,8.871097192448588,0.7069727963726581,0.6423693847742865,1.0,0.8333333333333334,3.3028687880947087,2.364221247648695,0.7158084075790726,"[13.809962620752362, 9.748636111373655, 9.012870301453699, 8.951035247752886, 8.871097192448588]","[[1, 4], [1, 4], [1, 4], [2, 4]]","[true, true, true, true, true]",0,4.0,0,1,1,"[[4, 8], [4, 8], [4, 8], [4, 8], [4, 8]]","[[6, 10], [6, 10], [6, 10], [6, 10], [6, 10]]","[[2, 2], [2, 2], [2, 2], [2, 2], [2, 2]]","[[0.4, 0.8], [0.4, 0.8], [0.4, 0.8], [0.4, 0.8], [0.4, 0.8]]","[4.0, 8.0]",1.0,0.9863648329056585,0.7938834999999926
03_parameter_sensitivity|gamma_0p1|rounded_square--demand_conflict|n1_d1_m1|25006|v11_full,03_parameter_sensitivity,independent_seeded,S25006,25006,rounded_square--demand_conflict,rounded_square,demand_conflict,residual_delay_shrinkage,0.1,12,v11_full,0.1,5,0.65,n1_d1_m1,0.05,4,1.7,11.789988627730645,6.806413388185623,0.6894577799288347,0.5773044913865818,1.0,0.8333333333333334,2.4148354352553416,1.645020995705615,0.6812145339964637,"[11.789988627730645, 8.435279377619603, 6.806413388185623, 7.585406972649977, 7.585406972649977]","[[1, 2], [3, 4], [2, 4], [2, 4]]","[true, true, true, false, false]",2,1.0,0,1,1,"[[6, 7], [6, 7], [6, 7], [6, 7], [6, 7]]","[[8, 9], [8, 9], [8, 9], [8, 9], [8, 9]]","[[2, 2], [2, 2], [2, 2], [2, 2], [2, 2]]","[[0.6000000000000001, 0.7000000000000001], [0.6000000000000001, 0.7000000000000001], [0.6000000000000001, 0.7000000000000001], [0.6000000000000001, 0.7000000000000001], [0.6000000000000001, 0.7000000000000001]]","[6.0, 7.0]",1.0,0.9987874518267412,0.8111444580000011
03_parameter_sensitivity|gamma_0p1|s_curve--demand_conflict|n0_d1_m0|25001|v11_full,03_parameter_sensitivity,independent_seeded,S25001,25001,s_curve--demand_conflict,s_curve,demand_conflict,residual_delay_shrinkage,0.1,12,v11_full,0.1,5,0.65,n0_d1_m0,0.0,4,1.0,5.889184724160488,1.469029508975411,0.4815462081351179,0.24944530996772618,0.8333333333333334,0.5,1.4287283043904688,0.8737636084704464,0.6115673678371031,"[5.889184724160488, 3.4440091297091677, 2.4458924464024276, 1.7746495990274278, 1.469029508975411]","[[2, 4], [2, 4], [3, 4], [2, 4]]","[true, true, true, true, true]",0,4.0,0,1,1,"[[7, 7], [7, 7], [7, 7], [7, 7], [7, 7]]","[[9, 9], [9, 9], [9, 9], [9, 9], [9, 9]]","[[2, 2], [2, 2], [2, 2], [2, 2], [2, 2]]","[[0.7000000000000001, 0.7000000000000001], [0.7000000000000001, 0.7000000000000001], [0.7000000000000001, 0.7000000000000001], [0.7000000000000001, 0.7000000000000001], [0.7000000000000001, 0.7000000000000001]]","[7.0, 7.0]",0.5,0.9994583757309962,0.5842548329999886
03_parameter_sensitivity|gamma_0p1|s_curve--demand_conflict|n0_d1_m0|25002|v11_full,03_parameter_sensitivity,independent_seeded,S25002,25002,s_curve--demand_conflict,s_curve,demand_conflict,residual_delay_shrinkage,0.1,12,v11_full,0.1,5,0.65,n0_d1_m0,0.0,4,1.0,4.161383072292191,0.6577801375680807,0.39291696434007795,0.15806767272827865,0.6666666666666666,0.0,1.147711003813104,0.4203095781388789,0.36621551657382484,"[4.161383072292191, 1.9563843419964337, 1.217434155423005, 0.9569119145353645, 0.6577801375680807]","[[2, 4], [2, 4], [2, 4], [2, 3]]","[true, true, true, true, true]",0,4.0,0,1,1,"[[7, 5], [7, 5], [7, 5], [7, 5], [7, 5]]","[[9, 7], [9, 7], [9, 7], [9, 7], [9, 7]]","[[2, 2], [2, 2], [2, 2], [2, 2], [2, 2]]","[[0.7000000000000001, 0.5], [0.7000000000000001, 0.5], [0.7000000000000001, 0.5], [0.7000000000000001, 0.5], [0.7000000000000001, 0.5]]","[7.0, 5.0]",1.0,0.9962057417464354,0.49725987499999746
03_parameter_sensitivity|gamma_0p1|s_curve--demand_conflict|n0_d1_m0|25003|v11_full,03_parameter_sensitivity,independent_seeded,S25003,25003,s_curve--demand_conflict,s_curve,demand_conflict,residual_delay_shrinkage,0.1,12,v11_full,0.1,5,0.65,n0_d1_m0,0.0,4,1.0,7.045089738078795,2.2713879216847244,0.5245006929461514,0.3224072376832683,1.0,0.3333333333333333,1.4769385389837075,1.009375437716928,0.6834241311161714,"[7.045089738078795, 4.415477521232898, 3.141511909312966, 2.56538953753297, 2.2713879216847244]","[[2, 4], [3, 4], [2, 4], [2, 4]]","[true, true, true, true, true]",0,4.0,0,1,1,"[[4, 7], [4, 7], [5, 7], [4, 7], [4, 7]]","[[6, 9], [6, 9], [7, 9], [6, 9], [6, 9]]","[[2, 2], [2, 2], [2, 2], [2, 2], [2, 2]]","[[0.4, 0.7000000000000001], [0.4, 0.7000000000000001], [0.4, 0.7000000000000001], [0.4, 0.7000000000000001], [0.4, 0.7000000000000001]]","[4.0, 7.0]",1.0,0.9911175640434743,0.6346965829999931
03_parameter_sensitivity|gamma_0p1|s_curve--demand_conflict|n0_d1_m0|25004|v11_full,03_parameter_sensitivity,independent_seeded,S25004,25004,s_curve--demand_conflict,s_curve,demand_conflict,residual_delay_shrinkage,0.1,12,v11_full,0.1,5,0.65,n0_d1_m0,0.0,4,1.0,5.9434022494458185,1.1258348665062434,0.43689819914621,0.18942599192427534,1.0,0.5,1.271164962007702,0.7654854198330366,0.6021920385722515,"[5.9434022494458185, 3.409049000580319, 1.9486811184930244, 1.4942982812882721, 1.1258348665062434]","[[2, 4], [3, 4], [3, 4], [2, 4]]","[true, true, true, true, true]",0,4.0,0,1,1,"[[4, 7], [4, 7], [4, 7], [4, 7], [4, 7]]","[[6, 9], [6, 9], [6, 9], [6, 9], [6, 9]]","[[2, 2], [2, 2], [2, 2], [2, 2], [2, 2]]","[[0.4, 0.7000000000000001], [0.4, 0.7000000000000001], [0.4, 0.7000000000000001], [0.4, 0.7000000000000001], [0.4, 0.7000000000000001]]","[4.0, 7.0]",0.5,0.9948320362283201,0.5967586250000068
03_parameter_sensitivity|gamma_0p1|s_curve--demand_conflict|n0_d1_m0|25005|v11_full,03_parameter_sensitivity,independent_seeded,S25005,25005,s_curve--demand_conflict,s_curve,demand_conflict,residual_delay_shrinkage,0.1,12,v11_full,0.1,5,0.65,n0_d1_m0,0.0,4,1.0,7.462057935954583,2.8881857537286693,0.577032042155667,0.3870494947261755,1.0,0.3333333333333333,1.576170369395593,1.1291110857281998,0.7163636036129616,"[7.462057935954583, 5.001081083793555, 3.8131007061135156, 3.2340824831223967, 2.8881857537286693]","[[2, 4], [3, 4], [2, 4], [2, 4]]","[true, true, true, true, true]",0,4.0,0,1,1,"[[5, 8], [5, 8], [5, 8], [5, 8], [5, 8]]","[[7, 10], [7, 10], [7, 10], [7, 10], [7, 10]]","[[2, 2], [2, 2], [2, 2], [2, 2], [2, 2]]","[[0.5, 0.8], [0.5, 0.8], [0.5, 0.8], [0.5, 0.8], [0.5, 0.8]]","[5.0, 8.0]",0.5,0.9908393329563869,0.6465432500000361
03_parameter_sensitivity|gamma_0p1|s_curve--demand_conflict|n0_d1_m0|25006|v11_full,03_parameter_sensitivity,independent_seeded,S25006,25006,s_curve--demand_conflict,s_curve,demand_conflict,residual_delay_shrinkage,0.1,12,v11_full,0.1,5,0.65,n0_d1_m0,0.0,4,1.0,6.272329677264286,1.7650579775680095,0.5093466421196905,0.2814038911197426,0.6666666666666666,0.3333333333333333,1.420736810112284,0.9404388937125476,0.6619374447250527,"[6.272329677264286, 3.860975145119748, 2.7677217605478392, 2.131769504445249, 1.7650579775680095]","[[2, 4], [3, 4], [2, 4], [2, 4]]","[true, true, true, true, true]",0,4.0,0,1,1,"[[6, 7], [6, 7], [6, 7], [6, 7], [6, 7]]","[[8, 9], [8, 9], [8, 9], [8, 9], [8, 9]]","[[2, 2], [2, 2], [2, 2], [2, 2], [2, 2]]","[[0.6000000000000001, 0.7000000000000001], [0.6000000000000001, 0.7000000000000001], [0.6000000000000001, 0.7000000000000001], [0.6000000000000001, 0.7000000000000001], [0.6000000000000001, 0.7000000000000001]]","[6.0, 7.0]",1.0,0.9990672536688514,0.7121179579999648
03_parameter_sensitivity|gamma_0p1|s_curve--demand_conflict|n1_d1_m1|25001|v11_full,03_parameter_sensitivity,independent_seeded,S25001,25001,s_curve--demand_conflict,s_curve,demand_conflict,residual_delay_shrinkage,0.1,12,v11_full,0.1,5,0.65,n1_d1_m1,0.05,4,1.7,6.172442865761097,1.545379728112728,0.5190449916866773,0.2503676035115756,0.6666666666666666,0.6666666666666666,1.4814461802864705,0.9746098926165396,0.6578773536194729,"[6.172442865761097, 3.8809336697834365, 2.8219680799173448, 2.2532891771441443, 1.545379728112728]","[[2, 4], [3, 4], [2, 4], [3, 4]]","[true, true, true, true, true]",0,4.0,0,1,1,"[[7, 7], [7, 7], [7, 7], [7, 7], [7, 7]]","[[9, 9], [9, 9], [9, 9], [9, 9], [9, 9]]","[[2, 2], [2, 2], [2, 2], [2, 2], [2, 2]]","[[0.7000000000000001, 0.7000000000000001], [0.7000000000000001, 0.7000000000000001], [0.7000000000000001, 0.7000000000000001], [0.7000000000000001, 0.7000000000000001], [0.7000000000000001, 0.7000000000000001]]","[7.0, 7.0]",0.5,0.9965358857925659,0.71250225
03_parameter_sensitivity|gamma_0p1|s_curve--demand_conflict|n1_d1_m1|25002|v11_full,03_parameter_sensitivity,independent_seeded,S25002,25002,s_curve--demand_conflict,s_curve,demand_conflict,residual_delay_shrinkage,0.1,12,v11_full,0.1,5,0.65,n1_d1_m1,0.05,4,1.7,3.758444249514037,0.8048154395366487,0.42361086436037626,0.21413526079060785,0.6666666666666666,0.0,1.0611032107692642,0.36624773375690667,0.34515750215418667,"[3.758444249514037, 1.6470829771965612, 1.4314832637806478, 1.0082751832451555, 0.8048154395366487]","[[3, 4], [2, 4], [2, 3], [2, 3]]","[true, true, true, true, true]",0,4.0,0,1,1,"[[7, 5], [7, 5], [7, 5], [7, 5], [7, 5]]","[[9, 7], [9, 7], [9, 7], [9, 7], [9, 7]]","[[2, 2], [2, 2], [2, 2], [2, 2], [2, 2]]","[[0.7000000000000001, 0.5], [0.7000000000000001, 0.5], [0.7000000000000001, 0.5], [0.7000000000000001, 0.5], [0.7000000000000001, 0.5]]","[7.0, 5.0]",1.0,0.9936353940022412,0.6000032499999861
03_parameter_sensitivity|gamma_0p1|s_curve--demand_conflict|n1_d1_m1|25003|v11_full,03_parameter_sensitivity,independent_seeded,S25003,25003,s_curve--demand_conflict,s_curve,demand_conflict,residual_delay_shrinkage,0.1,12,v11_full,0.1,5,0.65,n1_d1_m1,0.05,4,1.7,6.782231339764961,1.8361954632154562,0.4763998562085525,0.2707361886123881,1.0,0.5,1.4324861151779118,0.9441736749832595,0.659115411297369,"[6.782231339764961, 3.8824168248052198, 2.5610493177785933, 2.171536596074641, 1.8361954632154562]","[[3, 4], [3, 4], [2, 4], [2, 4]]","[true, true, true, true, true]",0,4.0,0,1,1,"[[4, 7], [4, 7], [5, 7], [4, 7], [4, 7]]","[[6, 9], [6, 9], [7, 9], [6, 9], [6, 9]]","[[2, 2], [2, 2], [2, 2], [2, 2], [2, 2]]","[[0.4, 0.7000000000000001], [0.4, 0.7000000000000001], [0.4, 0.7000000000000001], [0.4, 0.7000000000000001], [0.4, 0.7000000000000001]]","[4.0, 7.0]",1.0,0.9892901982037883,0.7651106250000339
03_parameter_sensitivity|gamma_0p1|s_curve--demand_conflict|n1_d1_m1|25004|v11_full,03_parameter_sensitivity,independent_seeded,S25004,25004,s_curve--demand_conflict,s_curve,demand_conflict,residual_delay_shrinkage,0.1,12,v11_full,0.1,5,0.65,n1_d1_m1,0.05,4,1.7,5.921960720002671,1.1424436492717949,0.44841957900846263,0.1929164517104868,1.0,0.3333333333333333,1.2802005558494474,0.757741367231228,0.5918927028807969,"[5.921960720002671, 3.441010554436451, 1.9912822623999529, 1.657597530399364, 1.1424436492717949]","[[2, 4], [3, 4], [2, 3], [2, 4]]","[true, true, true, true, true]",0,4.0,0,1,1,"[[4, 7], [4, 7], [4, 7], [4, 7], [4, 7]]","[[6, 9], [6, 9], [6, 9], [6, 9], [6, 9]]","[[2, 2], [2, 2], [2, 2], [2, 2], [2, 2]]","[[0.4, 0.7000000000000001], [0.4, 0.7000000000000001], [0.4, 0.7000000000000001], [0.4, 0.7000000000000001], [0.4, 0.7000000000000001]]","[4.0, 7.0]",0.5,0.9909376564595516,0.6128713340000331
03_parameter_sensitivity|gamma_0p1|s_curve--demand_conflict|n1_d1_m1|25005|v11_full,03_parameter_sensitivity,independent_seeded,S25005,25005,s_curve--demand_conflict,s_curve,demand_conflict,residual_delay_shrinkage,0.1,12,v11_full,0.1,5,0.65,n1_d1_m1,0.05,4,1.7,8.001548923988201,3.2838749679015766,0.5782984186773172,0.41040491023640446,1.0,0.5,1.702043062256288,1.3108655271364995,0.7701717754419034,"[8.001548923988201, 5.217890886510561, 4.034578703401324, 3.613950822989489, 3.2838749679015766]","[[3, 4], [3, 4], [2, 4], [3, 4]]","[true, true, true, true, true]",0,4.0,0,1,1,"[[4, 8], [5, 8], [5, 8], [5, 8], [5, 8]]","[[6, 10], [7, 10], [7, 10], [7, 10], [7, 10]]","[[2, 2], [2, 2], [2, 2], [2, 2], [2, 2]]","[[0.4, 0.8], [0.45, 0.8], [0.5, 0.8], [0.5, 0.8], [0.5, 0.8]]","[5.0, 8.0]",0.5,0.9822893075436003,0.6125210000000152
03_parameter_sensitivity|gamma_0p1|s_curve--demand_conflict|n1_d1_m1|25006|v11_full,03_parameter_sensitivity,independent_seeded,S25006,25006,s_curve--demand_conflict,s_curve,demand_conflict,residual_delay_shrinkage,0.1,12,v11_full,0.1,5,0.65,n1_d1_m1,0.05,4,1.7,5.785333470104064,1.7861175209788314,0.4874976897250617,0.30873199102673393,0.6666666666666666,0.5,1.3243256180748504,0.8990240139098097,0.6788542044642356,"[5.785333470104064, 3.4586334058807497, 2.226322536255928, 1.7861175209788314, 1.8352132113833632]","[[2, 4], [3, 4], [2, 4], [2, 3]]","[true, true, true, true, false]",1,2.0,0,1,1,"[[6, 7], [6, 7], [6, 7], [6, 7], [6, 7]]","[[8, 9], [8, 9], [8, 9], [8, 9], [8, 9]]","[[2, 2], [2, 2], [2, 2], [2, 2], [2, 2]]","[[0.6000000000000001, 0.7000000000000001], [0.6000000000000001, 0.7000000000000001], [0.6000000000000001, 0.7000000000000001], [0.6000000000000001, 0.7000000000000001], [0.6000000000000001, 0.7000000000000001]]","[6.0, 7.0]",1.0,0.9965203686674935,0.5854391670000041
03_parameter_sensitivity|gamma_0p25|ellipse--demand_conflict|n0_d1_m0|25001|v11_full,03_parameter_sensitivity,independent_seeded,S25001,25001,ellipse--demand_conflict,ellipse,demand_conflict,residual_delay_shrinkage,0.25,12,v11_full,0.25,5,0.65,n0_d1_m0,0.0,4,1.0,7.931809151646931,1.2877051191456665,0.37231209026512596,0.16234696202672658,0.8333333333333334,0.3333333333333333,2.1742433997047765,0.3450253181904058,0.15868753159708526,"[7.931809151646931, 3.6177555702656226, 2.0961272534779933, 1.4887938201949813, 1.2877051191456665]","[[2, 3], [2, 3], [3, 4], [3, 4]]","[true, true, true, true, true]",0,4.0,0,1,1,"[[7, 7], [7, 7], [7, 7], [7, 7], [7, 7]]","[[9, 9], [9, 9], [9, 9], [9, 9], [9, 9]]","[[2, 2], [2, 2], [2, 2], [2, 2], [2, 2]]","[[1.75, 1.75], [1.75, 1.75], [1.75, 1.75], [1.75, 1.75], [1.75, 1.75]]","[7.0, 7.0]",0.5,0.9998281717442994,0.5241905409999958
03_parameter_sensitivity|gamma_0p25|ellipse--demand_conflict|n0_d1_m0|25002|v11_full,03_parameter_sensitivity,independent_seeded,S25002,25002,ellipse--demand_conflict,ellipse,demand_conflict,residual_delay_shrinkage,0.25,12,v11_full,0.25,5,0.65,n0_d1_m0,0.0,4,1.0,7.766290542448517,0.86395650978212,0.34347161827582445,0.11124442294039338,0.8333333333333334,0.16666666666666666,1.9704335955951635,0.21951055024533475,0.11140215571640832,"[7.766290542448517, 3.5689763692389977, 1.7325533816716114, 1.053348245434162, 0.86395650978212]","[[2, 3], [2, 3], [2, 3], [3, 4]]","[true, true, true, true, true]",0,4.0,0,1,1,"[[7, 5], [7, 5], [7, 5], [7, 5], [7, 5]]","[[9, 7], [9, 7], [9, 7], [9, 7], [9, 7]]","[[2, 2], [2, 2], [2, 2], [2, 2], [2, 2]]","[[1.75, 1.25], [1.75, 1.25], [1.75, 1.25], [1.75, 1.25], [1.75, 1.25]]","[7.0, 5.0]",1.0,0.998505652713791,0.45993541600000754
03_parameter_sensitivity|gamma_0p25|ellipse--demand_conflict|n0_d1_m0|25003|v11_full,03_parameter_sensitivity,independent_seeded,S25003,25003,ellipse--demand_conflict,ellipse,demand_conflict,residual_delay_shrinkage,0.25,12,v11_full,0.25,5,0.65,n0_d1_m0,0.0,4,1.0,7.279743388405482,0.3961046564913334,0.3220371997158571,0.05441189824386024,0.6666666666666666,0.0,1.85507896209821,0.06754760722705312,0.036412254468485034,"[7.279743388405482, 3.155211615904687, 1.5902348679749196, 0.7940221954804902, 0.3961046564913334]","[[3, 4], [1, 4], [1, 4], [1, 3]]","[true, true, true, true, true]",0,4.0,0,1,1,"[[4, 7], [4, 7], [4, 7], [4, 8], [4, 8]]","[[6, 9], [6, 9], [6, 9], [6, 10], [6, 10]]","[[2, 2], [2, 2], [2, 2], [2, 2], [2, 2]]","[[1.0, 1.75], [1.0, 1.75], [1.0, 1.75], [1.0, 1.75], [1.0, 1.75]]","[4.0, 7.0]",1.0,0.9963779706814753,0.38075554200003126
03_parameter_sensitivity|gamma_0p25|ellipse--demand_conflict|n0_d1_m0|25004|v11_full,03_parameter_sensitivity,independent_seeded,S25004,25004,ellipse--demand_conflict,ellipse,demand_conflict,residual_delay_shrinkage,0.25,12,v11_full,0.25,5,0.65,n0_d1_m0,0.0,4,1.0,6.237600449225314,0.2856769657813285,0.3139679876460644,0.04579917679991967,0.6666666666666666,0.0,1.6054979846693018,0.04960596125914136,0.030897554361838157,"[6.237600449225314, 2.6762173543635033, 1.2884022226329304, 0.6073691586340814, 0.2856769657813285]","[[3, 4], [1, 4], [1, 3], [1, 3]]","[true, true, true, true, true]",0,4.0,0,1,1,"[[4, 7], [4, 7], [4, 7], [4, 7], [4, 7]]","[[6, 9], [6, 9], [6, 9], [6, 9], [6, 9]]","[[2, 2], [2, 2], [2, 2], [2, 2], [2, 2]]","[[1.0, 1.75], [1.0, 1.75], [1.0, 1.75], [1.0, 1.75], [1.0, 1.75]]","[4.0, 7.0]",0.5,0.9975966579169409,0.3708872909999741
03_parameter_sensitivity|gamma_0p25|ellipse--demand_conflict|n0_d1_m0|25005|v11_full,03_parameter_sensitivity,independent_seeded,S25005,25005,ellipse--demand_conflict,ellipse,demand_conflict,residual_delay_shrinkage,0.25,12,v11_full,0.25,5,0.65,n0_d1_m0,0.0,4,1.0,7.539010853039086,0.3897137177614599,0.32067268851756375,0.05169295088683426,0.6666666666666666,0.0,1.9428950434958454,0.06743703204252796,0.03470955997766544,"[7.539010853039086, 3.2591597061559465, 1.6363029737278993, 0.8103945507444217, 0.3897137177614599]","[[3, 4], [1, 4], [1, 4], [1, 3]]","[true, true, true, true, true]",0,4.0,0,1,1,"[[5, 8], [5, 8], [5, 8], [5, 8], [5, 8]]","[[7, 10], [7, 10], [7, 10], [7, 10], [7, 10]]","[[2, 2], [2, 2], [2, 2], [2, 2], [2, 2]]","[[1.25, 2.0], [1.25, 2.0], [1.25, 2.0], [1.25, 2.0], [1.25, 2.0]]","[5.0, 8.0]",0.5,0.9962400614992408,0.380484249999995
03_parameter_sensitivity|gamma_0p25|ellipse--demand_conflict|n0_d1_m0|25006|v11_full,03_parameter_sensitivity,independent_seeded,S25006,25006,ellipse--demand_conflict,ellipse,demand_conflict,residual_delay_shrinkage,0.25,12,v11_full,0.25,5,0.65,n0_d1_m0,0.0,4,1.0,6.569664275539642,0.3170723905110719,0.3172043488618915,0.04826310405108594,0.8333333333333334,0.0,1.9396508864759971,0.06299997639790529,0.032480059601016714,"[6.569664275539642, 2.824135308448791, 1.3985374071722296, 0.6696632664087521, 0.3170723905110719]","[[3, 4], [3, 4], [1, 3], [1, 3]]","[true, true, true, true, true]",0,4.0,0,1,1,"[[6, 7], [6, 7], [6, 7], [6, 7], [6, 7]]","[[8, 9], [8, 9], [8, 9], [8, 9], [8, 9]]","[[2, 2], [2, 2], [2, 2], [2, 2], [2, 2]]","[[1.5, 1.75], [1.5, 1.75], [1.5, 1.75], [1.5, 1.75], [1.5, 1.75]]","[6.0, 7.0]",1.0,0.9996571918592971,0.39723862499999996
03_parameter_sensitivity|gamma_0p25|ellipse--demand_conflict|n1_d1_m1|25001|v11_full,03_parameter_sensitivity,independent_seeded,S25001,25001,ellipse--demand_conflict,ellipse,demand_conflict,residual_delay_shrinkage,0.25,12,v11_full,0.25,5,0.65,n1_d1_m1,0.05,4,1.7,7.488128890501111,1.0845809869600789,0.35746794891250183,0.14484005321221147,0.8333333333333334,0.3333333333333333,2.1265330876573425,0.3023894249791678,0.14219831646837425,"[7.488128890501111, 3.3496136839330335, 1.8094969492619921, 1.2615987307938994, 1.0845809869600789]","[[2, 3], [3, 4], [3, 4], [3, 4]]","[true, true, true, true, true]",0,4.0,0,1,1,"[[7, 7], [7, 7], [7, 7], [7, 7], [7, 7]]","[[9, 9], [9, 9], [9, 9], [9, 9], [9, 9]]","[[2, 2], [2, 2], [2, 2], [2, 2], [2, 2]]","[[1.75, 1.75], [1.75, 1.75], [1.75, 1.75], [1.75, 1.75], [1.75, 1.75]]","[7.0, 7.0]",0.5,0.9996227956323804,0.6200924170000235
03_parameter_sensitivity|gamma_0p25|ellipse--demand_conflict|n1_d1_m1|25002|v11_full,03_parameter_sensitivity,independent_seeded,S25002,25002,ellipse--demand_conflict,ellipse,demand_conflict,residual_delay_shrinkage,0.25,12,v11_full,0.25,5,0.65,n1_d1_m1,0.05,4,1.7,7.1732068950022025,0.35203761790997373,0.30846602691087943,0.049076741137251925,0.8333333333333334,0.0,1.8160957926442736,0.10084149751420293,0.055526530000587465,"[7.1732068950022025, 3.1023945298105686, 1.3875056959268321, 0.598240042250731, 0.35203761790997373]","[[2, 3], [2, 3], [2, 3], [2, 3]]","[true, true, true, true, true]",0,4.0,0,1,1,"[[7, 5], [7, 5], [7, 5], [7, 5], [7, 5]]","[[9, 7], [9, 7], [9, 7], [9, 7], [9, 7]]","[[2, 2], [2, 2], [2, 2], [2, 2], [2, 2]]","[[1.75, 1.25], [1.75, 1.25], [1.75, 1.25], [1.75, 1.25], [1.75, 1.25]]","[7.0, 5.0]",1.0,0.9984108228765327,0.5417112920000022
03_parameter_sensitivity|gamma_0p25|ellipse--demand_conflict|n1_d1_m1|25003|v11_full,03_parameter_sensitivity,independent_seeded,S25003,25003,ellipse--demand_conflict,ellipse,demand_conflict,residual_delay_shrinkage,0.25,12,v11_full,0.25,5,0.65,n1_d1_m1,0.05,4,1.7,7.073737856536296,0.4264915572401121,0.3281734982470861,0.060292248015103383,0.6666666666666666,0.0,1.7942068458114788,0.07141748774978497,0.03980448960860166,"[7.073737856536296, 3.1065567862793726, 1.596222779757766, 0.8327589193240988, 0.4264915572401121]","[[3, 4], [1, 4], [1, 4], [1, 3]]","[true, true, true, true, true]",0,4.0,0,1,1,"[[4, 7], [4, 7], [4, 7], [4, 7], [4, 7]]","[[6, 9], [6, 9], [6, 9], [6, 9], [6, 9]]","[[2, 2], [2, 2], [2, 2], [2, 2], [2, 2]]","[[1.0, 1.75], [1.0, 1.75], [1.0, 1.75], [1.0, 1.75], [1.0, 1.75]]","[4.0, 7.0]",1.0,0.9961118914931768,0.44685299999997596
03_parameter_sensitivity|gamma_0p25|ellipse--demand_conflict|n1_d1_m1|25004|v11_full,03_parameter_sensitivity,independent_seeded,S25004,25004,ellipse--demand_conflict,ellipse,demand_conflict,residual_delay_shrinkage,0.25,12,v11_full,0.25,5,0.65,n1_d1_m1,0.05,4,1.7,6.272059599870351,0.36970863433020457,0.31977905990388156,0.058945331823353014,0.6666666666666666,0.0,1.5946042184624036,0.062498496534876755,0.03919373585700212,"[6.272059599870351, 2.7758068873383843, 1.29488339586168, 0.631118889730285, 0.36970863433020457]","[[3, 4], [1, 4], [1, 3], [1, 3]]","[true, true, true, true, true]",0,4.0,0,1,1,"[[4, 7], [4, 7], [4, 7], [4, 7], [4, 7]]","[[6, 9], [6, 9], [6, 9], [6, 9], [6, 9]]","[[2, 2], [2, 2], [2, 2], [2, 2], [2, 2]]","[[1.0, 1.75], [1.0, 1.75], [1.0, 1.75], [1.0, 1.75], [1.0, 1.75]]","[4.0, 7.0]",0.5,0.996783994451038,0.45493033299999297
03_parameter_sensitivity|gamma_0p25|ellipse--demand_conflict|n1_d1_m1|25005|v11_full,03_parameter_sensitivity,independent_seeded,S25005,25005,ellipse--demand_conflict,ellipse,demand_conflict,residual_delay_shrinkage,0.25,12,v11_full,0.25,5,0.65,n1_d1_m1,0.05,4,1.7,7.963615217036075,0.47139408818366624,0.33686164380783357,0.059193478757642845,0.6666666666666666,0.0,2.0012392545979276,0.08086540643598873,0.04040766552534746,"[7.963615217036075, 3.715952357994937, 1.87386325240243, 0.923225787648162, 0.47139408818366624]","[[3, 4], [1, 4], [1, 3], [1, 2]]","[true, true, true, true, true]",0,4.0,0,1,1,"[[4, 8], [4, 8], [4, 8], [4, 8], [4, 8]]","[[6, 10], [6, 10], [6, 10], [6, 10], [6, 10]]","[[2, 2], [2, 2], [2, 2], [2, 2], [2, 2]]","[[1.0, 2.0], [1.0, 2.0], [1.0, 2.0], [1.0, 2.0], [1.0, 2.0]]","[4.0, 8.0]",1.0,0.9941516131908288,0.47012962499997
03_parameter_sensitivity|gamma_0p25|ellipse--demand_conflict|n1_d1_m1|25006|v11_full,03_parameter_sensitivity,independent_seeded,S25006,25006,ellipse--demand_conflict,ellipse,demand_conflict,residual_delay_shrinkage,0.25,12,v11_full,0.25,5,0.65,n1_d1_m1,0.05,4,1.7,6.063825769387071,0.27296354091578495,0.3122550906653838,0.04501506990748779,0.8333333333333334,0.0,1.7925268372907202,0.053856962779439445,0.03004527556242366,"[6.063825769387071, 2.553927407115155, 1.2840950515426282, 0.5674247477869898, 0.27296354091578495]","[[3, 4], [3, 4], [1, 3], [1, 4]]","[true, true, true, true, true]",0,4.0,0,1,1,"[[6, 7], [6, 7], [6, 7], [6, 7], [6, 7]]","[[8, 9], [8, 9], [8, 9], [8, 9], [8, 9]]","[[2, 2], [2, 2], [2, 2], [2, 2], [2, 2]]","[[1.5, 1.75], [1.5, 1.75], [1.5, 1.75], [1.5, 1.75], [1.5, 1.75]]","[6.0, 7.0]",1.0,0.9992556193845401,0.4467375410000045
03_parameter_sensitivity|gamma_0p25|figure_eight--demand_conflict|n0_d1_m0|25001|v11_full,03_parameter_sensitivity,independent_seeded,S25001,25001,figure_eight--demand_conflict,figure_eight,demand_conflict,residual_delay_shrinkage,0.25,12,v11_full,0.25,5,0.65,n0_d1_m0,0.0,4,1.0,11.530597929027934,5.900157524883909,0.619552349560301,0.5116957126768282,0.8333333333333334,0.8333333333333334,3.5406280069014553,1.5858205011210176,0.4478924354746977,"[11.530597929027934, 7.493122450742124, 6.3651519042316185, 6.001584073127925, 5.900157524883909]","[[2, 4], [2, 4], [2, 4], [2, 4]]","[true, true, true, true, true]",0,4.0,0,1,1,"[[7, 7], [7, 7], [7, 7], [7, 7], [7, 7]]","[[9, 9], [9, 9], [9, 9], [9, 9], [9, 9]]","[[2, 2], [2, 2], [2, 2], [2, 2], [2, 2]]","[[1.75, 1.75], [1.75, 1.75], [1.75, 1.75], [1.75, 1.75], [1.75, 1.75]]","[7.0, 7.0]",0.5,0.9997716473995757,0.7281700839999985
03_parameter_sensitivity|gamma_0p25|figure_eight--demand_conflict|n0_d1_m0|25002|v11_full,03_parameter_sensitivity,independent_seeded,S25002,25002,figure_eight--demand_conflict,figure_eight,demand_conflict,residual_delay_shrinkage,0.25,12,v11_full,0.25,5,0.65,n0_d1_m0,0.0,4,1.0,10.205787666034217,2.603299107153681,0.4325855523821335,0.25508066524034156,1.0,0.6666666666666666,2.9412102616826212,0.6666244724688621,0.22664971666714387,"[10.205787666034217, 5.179341709811453, 3.2957632920159643, 2.779856791603337, 2.603299107153681]","[[1, 4], [2, 4], [2, 4], [2, 4]]","[true, true, true, true, true]",0,4.0,0,1,1,"[[7, 5], [7, 5], [7, 5], [7, 5], [7, 5]]","[[9, 7], [9, 7], [9, 7], [9, 7], [9, 7]]","[[2, 2], [2, 2], [2, 2], [2, 2], [2, 2]]","[[1.75, 1.25], [1.75, 1.25], [1.75, 1.25], [1.75, 1.25], [1.75, 1.25]]","[7.0, 5.0]",1.0,0.9974056668148632,0.6480758749999609
03_parameter_sensitivity|gamma_0p25|figure_eight--demand_conflict|n0_d1_m0|25003|v11_full,03_parameter_sensitivity,independent_seeded,S25003,25003,figure_eight--demand_conflict,figure_eight,demand_conflict,residual_delay_shrinkage,0.25,12,v11_full,0.25,5,0.65,n0_d1_m0,0.0,4,1.0,11.943424306382695,6.530243270520393,0.6495790004612871,0.5467647387383332,1.0,1.0,3.434114444626585,1.8554710661494087,0.5403055419578968,"[11.943424306382695, 8.19633907674865, 6.9811173375104145, 6.618500289389843, 6.530243270520393]","[[2, 4], [2, 4], [2, 4], [2, 4]]","[true, true, true, true, true]",0,4.0,0,1,1,"[[4, 8], [4, 8], [4, 8], [4, 8], [4, 8]]","[[6, 10], [6, 10], [6, 10], [6, 10], [6, 10]]","[[2, 2], [2, 2], [2, 2], [2, 2], [2, 2]]","[[1.0, 2.0], [1.0, 2.0], [1.0, 2.0], [1.0, 2.0], [1.0, 2.0]]","[4.0, 8.0]",0.5,0.99348413651696,0.8547306670000125
03_parameter_sensitivity|gamma_0p25|figure_eight--demand_conflict|n0_d1_m0|25004|v11_full,03_parameter_sensitivity,independent_seeded,S25004,25004,figure_eight--demand_conflict,figure_eight,demand_conflict,residual_delay_shrinkage,0.25,12,v11_full,0.25,5,0.65,n0_d1_m0,0.0,4,1.0,10.33382828411624,4.901402518947057,0.5892969643099075,0.47430655747210626,1.0,0.8333333333333334,2.972442702426152,1.3796107093869228,0.4641336595860583,"[10.33382828411624, 6.451317150436879, 5.302303081858126, 4.987538916291588, 4.901402518947057]","[[2, 4], [2, 4], [2, 4], [2, 4]]","[true, true, true, true, true]",0,4.0,0,1,1,"[[4, 7], [4, 7], [4, 7], [4, 7], [4, 7]]","[[6, 9], [6, 9], [6, 9], [6, 9], [6, 9]]","[[2, 2], [2, 2], [2, 2], [2, 2], [2, 2]]","[[1.0, 1.75], [1.0, 1.75], [1.0, 1.75], [1.0, 1.75], [1.0, 1.75]]","[4.0, 7.0]",0.5,0.9959547572698495,0.718884375000016
03_parameter_sensitivity|gamma_0p25|figure_eight--demand_conflict|n0_d1_m0|25005|v11_full,03_parameter_sensitivity,independent_seeded,S25005,25005,figure_eight--demand_conflict,figure_eight,demand_conflict,residual_delay_shrinkage,0.25,12,v11_full,0.25,5,0.65,n0_d1_m0,0.0,4,1.0,12.65732316490088,7.364226093844815,0.675382835938704,0.5818154437476973,1.0,1.0,3.642795192090087,2.078291334016553,0.5705210489267486,"[12.65732316490088, 8.990465022986939, 7.779320919960832, 7.413594685693019, 7.364226093844815]","[[2, 4], [2, 4], [2, 4], [2, 4]]","[true, true, true, true, true]",0,4.0,0,1,1,"[[5, 8], [5, 8], [5, 8], [5, 8], [5, 8]]","[[7, 10], [7, 10], [7, 10], [7, 10], [7, 10]]","[[2, 2], [2, 2], [2, 2], [2, 2], [2, 2]]","[[1.25, 2.0], [1.25, 2.0], [1.25, 2.0], [1.25, 2.0], [1.25, 2.0]]","[5.0, 8.0]",0.5,0.9936729469704131,0.8673792079999885
03_parameter_sensitivity|gamma_0p25|figure_eight--demand_conflict|n0_d1_m0|25006|v11_full,03_parameter_sensitivity,independent_seeded,S25006,25006,figure_eight--demand_conflict,figure_eight,demand_conflict,residual_delay_shrinkage,0.25,12,v11_full,0.25,5,0.65,n0_d1_m0,0.0,4,1.0,11.568280104852967,5.93238387875522,0.6225540768483382,0.5128146816108428,0.8333333333333334,0.8333333333333334,3.4310419029031243,1.6200274003154442,0.47216776890561507,"[11.568280104852967, 7.610024702669948, 6.409435534619265, 6.0377275365056375, 5.93238387875522]","[[2, 4], [2, 4], [2, 4], [2, 4]]","[true, true, true, true, true]",0,4.0,0,1,1,"[[6, 7], [6, 7], [6, 7], [6, 7], [6, 7]]","[[8, 9], [8, 9], [8, 9], [8, 9], [8, 9]]","[[2, 2], [2, 2], [2, 2], [2, 2], [2, 2]]","[[1.5, 1.75], [1.5, 1.75], [1.5, 1.75], [1.5, 1.75], [1.5, 1.75]]","[6.0, 7.0]",1.0,0.9994526909697055,0.7971072089999893
03_parameter_sensitivity|gamma_0p25|figure_eight--demand_conflict|n1_d1_m1|25001|v11_full,03_parameter_sensitivity,independent_seeded,S25001,25001,figure_eight--demand_conflict,figure_eight,demand_conflict,residual_delay_shrinkage,0.25,12,v11_full,0.25,5,0.65,n1_d1_m1,0.05,4,1.7,11.677691315437041,6.075796550832026,0.6285441033043733,0.5202909022608153,0.8333333333333334,0.6666666666666666,3.547203318946834,1.6437817264312389,0.46340217310105536,"[11.677691315437041, 7.6875693845665385, 6.60354414079927, 6.191918607606226, 6.075796550832026]","[[2, 4], [2, 4], [2, 4], [2, 4]]","[true, true, true, true, true]",0,4.0,0,1,1,"[[7, 7], [7, 7], [7, 7], [7, 7], [7, 7]]","[[9, 9], [9, 9], [9, 9], [9, 9], [9, 9]]","[[2, 2], [2, 2], [2, 2], [2, 2], [2, 2]]","[[1.75, 1.75], [1.75, 1.75], [1.75, 1.75], [1.75, 1.75], [1.75, 1.75]]","[7.0, 7.0]",0.5,0.9994606299252999,0.8478039170000216
03_parameter_sensitivity|gamma_0p25|figure_eight--demand_conflict|n1_d1_m1|25002|v11_full,03_parameter_sensitivity,independent_seeded,S25002,25002,figure_eight--demand_conflict,figure_eight,demand_conflict,residual_delay_shrinkage,0.25,12,v11_full,0.25,5,0.65,n1_d1_m1,0.05,4,1.7,9.444604032109284,1.8852032784066133,0.39274643139364607,0.19960638603772007,1.0,0.5,2.7197966276617676,0.5084424139177443,0.186941335519949,"[9.444604032109284, 4.631880195457294, 2.5199063431438873, 2.020647924288718, 1.8852032784066133]","[[1, 4], [2, 4], [2, 4], [2, 4]]","[true, true, true, true, true]",0,4.0,0,1,1,"[[7, 5], [7, 5], [7, 5], [7, 5], [7, 5]]","[[9, 7], [9, 7], [9, 7], [9, 7], [9, 7]]","[[2, 2], [2, 2], [2, 2], [2, 2], [2, 2]]","[[1.75, 1.25], [1.75, 1.25], [1.75, 1.25], [1.75, 1.25], [1.75, 1.25]]","[7.0, 5.0]",1.0,0.9968714753532193,0.6911929590000341
03_parameter_sensitivity|gamma_0p25|figure_eight--demand_conflict|n1_d1_m1|25003|v11_full,03_parameter_sensitivity,independent_seeded,S25003,25003,figure_eight--demand_conflict,figure_eight,demand_conflict,residual_delay_shrinkage,0.25,12,v11_full,0.25,5,0.65,n1_d1_m1,0.05,4,1.7,11.569640299296164,6.165203345725271,0.6351155198891707,0.5328777028703588,1.0,1.0,3.318112372978345,1.7521672852280028,0.5280614663617477,"[11.569640299296164, 7.772006195849773, 6.529279473883464, 6.223524962228782, 6.165203345725271]","[[2, 4], [2, 4], [2, 4], [2, 4]]","[true, true, true, true, true]",0,4.0,0,1,1,"[[4, 7], [4, 7], [4, 7], [4, 7], [4, 7]]","[[6, 9], [6, 9], [6, 9], [6, 9], [6, 9]]","[[2, 2], [2, 2], [2, 2], [2, 2], [2, 2]]","[[1.0, 1.75], [1.0, 1.75], [1.0, 1.75], [1.0, 1.75], [1.0, 1.75]]","[4.0, 7.0]",1.0,0.9928763523574825,0.8628839169999765
03_parameter_sensitivity|gamma_0p25|figure_eight--demand_conflict|n1_d1_m1|25004|v11_full,03_parameter_sensitivity,independent_seeded,S25004,25004,figure_eight--demand_conflict,figure_eight,demand_conflict,residual_delay_shrinkage,0.25,12,v11_full,0.25,5,0.65,n1_d1_m1,0.05,4,1.7,10.318952142072382,4.818215529402794,0.5835262740710494,0.4669287601168329,1.0,0.8333333333333334,2.9536337273818942,1.3624050268260204,0.4612640403567095,"[10.318952142072382, 6.393784763088405, 5.218618485741054, 4.9045316985568395, 4.818215529402794]","[[2, 4], [2, 4], [2, 4], [2, 4]]","[true, true, true, true, true]",0,4.0,0,1,1,"[[4, 7], [4, 7], [4, 7], [4, 7], [4, 7]]","[[6, 9], [6, 9], [6, 9], [6, 9], [6, 9]]","[[2, 2], [2, 2], [2, 2], [2, 2], [2, 2]]","[[1.0, 1.75], [1.0, 1.75], [1.0, 1.75], [1.0, 1.75], [1.0, 1.75]]","[4.0, 7.0]",0.5,0.994956551403072,0.8052695829999834
03_parameter_sensitivity|gamma_0p25|figure_eight--demand_conflict|n1_d1_m1|25005|v11_full,03_parameter_sensitivity,independent_seeded,S25005,25005,figure_eight--demand_conflict,figure_eight,demand_conflict,residual_delay_shrinkage,0.25,12,v11_full,0.25,5,0.65,n1_d1_m1,0.05,4,1.7,13.208865916594977,7.762235937042685,0.6747141636835252,0.5876534735121044,1.0,1.0,3.7822836944178975,2.2310533542996365,0.5898693843595995,"[13.208865916594977, 9.310223488676055, 8.070040182683755, 7.783021082314163, 7.762235937042685]","[[2, 4], [2, 4], [2, 4], [2, 4]]","[true, true, true, true, true]",0,4.0,0,1,1,"[[4, 8], [4, 8], [4, 8], [4, 8], [4, 8]]","[[6, 10], [6, 10], [6, 10], [6, 10], [6, 10]]","[[2, 2], [2, 2], [2, 2], [2, 2], [2, 2]]","[[1.0, 2.0], [1.0, 2.0], [1.0, 2.0], [1.0, 2.0], [1.0, 2.0]]","[4.0, 8.0]",1.0,0.9894947782465563,0.9892750419999743
03_parameter_sensitivity|gamma_0p25|figure_eight--demand_conflict|n1_d1_m1|25006|v11_full,03_parameter_sensitivity,independent_seeded,S25006,25006,figure_eight--demand_conflict,figure_eight,demand_conflict,residual_delay_shrinkage,0.25,12,v11_full,0.25,5,0.65,n1_d1_m1,0.05,4,1.7,10.804689433892133,5.155248100889518,0.5929370050850784,0.47713061374245,0.6666666666666666,0.8333333333333334,3.190097182857639,1.407605434348919,0.44124217967805235,"[10.804689433892133, 6.77903680080709, 5.6119859882400425, 5.255009218787613, 5.155248100889518]","[[2, 4], [2, 4], [2, 4], [2, 4]]","[true, true, true, true, true]",0,4.0,0,1,1,"[[6, 7], [6, 7], [6, 7], [6, 7], [6, 7]]","[[8, 9], [8, 9], [8, 9], [8, 9], [8, 9]]","[[2, 2], [2, 2], [2, 2], [2, 2], [2, 2]]","[[1.5, 1.75], [1.5, 1.75], [1.5, 1.75], [1.5, 1.75], [1.5, 1.75]]","[6.0, 7.0]",1.0,0.999178602968344,0.8609188330000279
03_parameter_sensitivity|gamma_0p25|harmonic_loop--demand_conflict|n0_d1_m0|25001|v11_full,03_parameter_sensitivity,independent_seeded,S25001,25001,harmonic_loop--demand_conflict,harmonic_loop,demand_conflict,residual_delay_shrinkage,0.25,12,v11_full,0.25,5,0.65,n0_d1_m0,0.0,4,1.0,8.99889140222643,3.027432164000764,0.5647528071979987,0.33642279128424,1.0,0.8333333333333334,2.4660513006353546,1.083185895825042,0.4392389953712518,"[8.99889140222643, 6.063860953143202, 4.716894752203161, 3.5346792358492847, 3.027432164000764]","[[2, 3], [3, 4], [3, 4], [3, 4]]","[true, true, true, true, true]",0,4.0,0,1,1,"[[7, 7], [7, 7], [7, 7], [7, 7], [7, 7]]","[[9, 9], [9, 9], [9, 9], [9, 9], [9, 9]]","[[2, 2], [2, 2], [2, 2], [2, 2], [2, 2]]","[[1.75, 1.75], [1.75, 1.75], [1.75, 1.75], [1.75, 1.75], [1.75, 1.75]]","[7.0, 7.0]",0.5,0.9997634111727136,0.6147967080000285
03_parameter_sensitivity|gamma_0p25|harmonic_loop--demand_conflict|n0_d1_m0|25002|v11_full,03_parameter_sensitivity,independent_seeded,S25002,25002,harmonic_loop--demand_conflict,harmonic_loop,demand_conflict,residual_delay_shrinkage,0.25,12,v11_full,0.25,5,0.65,n0_d1_m0,0.0,4,1.0,8.1760226882683,1.6971298888059627,0.47587818279806715,0.20757401899595493,0.8333333333333334,0.6666666666666666,2.039212942951675,0.51434733586548,0.25222835979109853,"[8.1760226882683, 4.915773377397903, 3.3516798071155325, 2.3591338045849795, 1.6971298888059627]","[[2, 3], [3, 4], [2, 4], [3, 4]]","[true, true, true, true, true]",0,4.0,0,1,1,"[[7, 5], [7, 5], [7, 5], [7, 5], [7, 5]]","[[9, 7], [9, 7], [9, 7], [9, 7], [9, 7]]","[[2, 2], [2, 2], [2, 2], [2, 2], [2, 2]]","[[1.75, 1.25], [1.75, 1.25], [1.75, 1.25], [1.75, 1.25], [1.75, 1.25]]","[7.0, 5.0]",1.0,0.9972385749439825,0.49669983400002593
03_parameter_sensitivity|gamma_0p25|harmonic_loop--demand_conflict|n0_d1_m0|25003|v11_full,03_parameter_sensitivity,independent_seeded,S25003,25003,harmonic_loop--demand_conflict,harmonic_loop,demand_conflict,residual_delay_shrinkage,0.25,12,v11_full,0.25,5,0.65,n0_d1_m0,0.0,4,1.0,8.574357152477088,4.246363037185279,0.6266895505351924,0.49523981351284474,0.8333333333333334,0.8333333333333334,2.19461231466453,1.2614832949744517,0.574809175427088,"[8.574357152477088, 5.795065474897357, 4.896559845853443, 4.246363037185279, 4.537346371763374]","[[2, 3], [2, 3], [3, 4], [1, 3]]","[true, true, true, true, false]",1,2.0,0,1,1,"[[4, 7], [4, 7], [4, 7], [4, 7], [4, 7]]","[[6, 9], [6, 9], [6, 9], [6, 9], [6, 9]]","[[2, 2], [2, 2], [2, 2], [2, 2], [2, 2]]","[[1.0, 1.75], [1.0, 1.75], [1.0, 1.75], [1.0, 1.75], [1.0, 1.75]]","[4.0, 7.0]",1.0,0.9951641955070532,0.5799690000000055
03_parameter_sensitivity|gamma_0p25|harmonic_loop--demand_conflict|n0_d1_m0|25004|v11_full,03_parameter_sensitivity,independent_seeded,S25004,25004,harmonic_loop--demand_conflict,harmonic_loop,demand_conflict,residual_delay_shrinkage,0.25,12,v11_full,0.25,5,0.65,n0_d1_m0,0.0,4,1.0,7.397759230051182,2.705422076808083,0.5866593534343428,0.3657083168938664,1.0,0.8333333333333334,1.9138760484106219,0.9550865780102793,0.4990326195907153,"[7.397759230051182, 4.506269108768775, 4.505702966628035, 3.2962958582326314, 2.705422076808083]","[[2, 3], [2, 3], [3, 4], [3, 4]]","[true, true, true, true, true]",0,4.0,0,1,1,"[[4, 7], [4, 7], [4, 7], [4, 7], [4, 7]]","[[6, 9], [6, 9], [6, 9], [6, 9], [6, 9]]","[[2, 2], [2, 2], [2, 2], [2, 2], [2, 2]]","[[1.0, 1.75], [1.0, 1.75], [1.0, 1.75], [1.0, 1.75], [1.0, 1.75]]","[4.0, 7.0]",0.5,0.996658576624537,0.5987483750000138
03_parameter_sensitivity|gamma_0p25|harmonic_loop--demand_conflict|n0_d1_m0|25005|v11_full,03_parameter_sensitivity,independent_seeded,S25005,25005,harmonic_loop--demand_conflict,harmonic_loop,demand_conflict,residual_delay_shrinkage,0.25,12,v11_full,0.25,5,0.65,n0_d1_m0,0.0,4,1.0,9.152116894160674,4.8521228988981155,0.6568337173255698,0.5301639997620567,1.0,0.8333333333333334,2.3500559742655738,1.3909673883546987,0.5918869182634664,"[9.152116894160674, 6.412615549824135, 5.613895910956524, 4.8521228988981155, 5.18196607439941]","[[2, 3], [2, 3], [3, 4], [1, 3]]","[true, true, true, true, false]",1,2.0,0,1,1,"[[5, 8], [5, 8], [5, 8], [5, 8], [5, 8]]","[[7, 10], [7, 10], [7, 10], [7, 10], [7, 10]]","[[2, 2], [2, 2], [2, 2], [2, 2], [2, 2]]","[[1.25, 2.0], [1.25, 2.0], [1.25, 2.0], [1.25, 2.0], [1.25, 2.0]]","[5.0, 8.0]",0.5,0.9945812401601124,0.5906781669999646
03_parameter_sensitivity|gamma_0p25|harmonic_loop--demand_conflict|n0_d1_m0|25006|v11_full,03_parameter_sensitivity,independent_seeded,S25006,25006,harmonic_loop--demand_conflict,harmonic_loop,demand_conflict,residual_delay_shrinkage,0.25,12,v11_full,0.25,5,0.65,n0_d1_m0,0.0,4,1.0,8.536642392877095,3.6470805968979736,0.5878630780933892,0.4272265873455198,1.0,0.6666666666666666,2.3239425180567728,1.1627736409610419,0.5003452675470331,"[8.536642392877095, 5.756386110282074, 4.383217297540968, 3.6470805968979736, 4.037004586954834]","[[2, 3], [3, 4], [3, 4], [2, 3]]","[true, true, true, true, false]",1,2.0,0,1,1,"[[6, 7], [6, 7], [6, 7], [6, 7], [6, 7]]","[[8, 9], [8, 9], [8, 9], [8, 9], [8, 9]]","[[2, 2], [2, 2], [2, 2], [2, 2], [2, 2]]","[[1.5, 1.75], [1.5, 1.75], [1.5, 1.75], [1.5, 1.75], [1.5, 1.75]]","[6.0, 7.0]",1.0,0.9995283388402914,0.6472308340000268
03_parameter_sensitivity|gamma_0p25|harmonic_loop--demand_conflict|n1_d1_m1|25001|v11_full,03_parameter_sensitivity,independent_seeded,S25001,25001,harmonic_loop--demand_conflict,harmonic_loop,demand_conflict,residual_delay_shrinkage,0.25,12,v11_full,0.25,5,0.65,n1_d1_m1,0.05,4,1.7,8.86701486508597,3.4271812635500587,0.6104607414489734,0.38650902425399625,1.0,0.8333333333333334,2.4949899882297855,1.2589772020514176,0.504602105816333,"[8.86701486508597, 6.4066394336652035, 5.175501685623976, 3.9226186923106092, 3.4271812635500587]","[[2, 3], [3, 4], [3, 4], [3, 4]]","[true, true, true, true, true]",0,4.0,0,1,1,"[[7, 7], [7, 7], [7, 7], [7, 7], [7, 7]]","[[9, 9], [9, 9], [9, 9], [9, 9], [9, 9]]","[[2, 2], [2, 2], [2, 2], [2, 2], [2, 2]]","[[1.75, 1.75], [1.75, 1.75], [1.75, 1.75], [1.75, 1.75], [1.75, 1.75]]","[7.0, 7.0]",0.5,0.9989680381919848,0.7920705419999763
03_parameter_sensitivity|gamma_0p25|harmonic_loop--demand_conflict|n1_d1_m1|25002|v11_full,03_parameter_sensitivity,independent_seeded,S25002,25002,harmonic_loop--demand_conflict,harmonic_loop,demand_conflict,residual_delay_shrinkage,0.25,12,v11_full,0.25,5,0.65,n1_d1_m1,0.05,4,1.7,7.544353028411633,1.448278856162501,0.46724556035549103,0.19196859567790103,0.8333333333333334,0.6666666666666666,1.8750192561065957,0.43554592606152087,0.23228877497819142,"[7.544353028411633, 4.52248216557456, 2.9897991683085072, 2.0916645569492234, 1.448278856162501]","[[2, 3], [3, 4], [2, 4], [3, 4]]","[true, true, true, true, true]",0,4.0,0,1,1,"[[7, 5], [7, 5], [7, 5], [7, 5], [7, 5]]","[[9, 7], [9, 7], [9, 7], [9, 7], [9, 7]]","[[2, 2], [2, 2], [2, 2], [2, 2], [2, 2]]","[[1.75, 1.25], [1.75, 1.25], [1.75, 1.25], [1.75, 1.25], [1.75, 1.25]]","[7.0, 5.0]",1.0,0.9975133054682823,0.566082291999976
03_parameter_sensitivity|gamma_0p25|harmonic_loop--demand_conflict|n1_d1_m1|25003|v11_full,03_parameter_sensitivity,independent_seeded,S25003,25003,harmonic_loop--demand_conflict,harmonic_loop,demand_conflict,residual_delay_shrinkage,0.25,12,v11_full,0.25,5,0.65,n1_d1_m1,0.05,4,1.7,8.238858540839244,3.8990834938039685,0.6265427299878518,0.4732553028403849,0.8333333333333334,0.8333333333333334,2.1077823925540953,1.209791944328784,0.5739643468901096,"[8.238858540839244, 5.430453124330004, 4.926263698250528, 3.8990834938039685, 4.545516203680953]","[[2, 3], [2, 3], [3, 4], [1, 3]]","[true, true, true, true, false]",1,2.0,0,1,1,"[[4, 7], [4, 7], [4, 7], [4, 7], [4, 7]]","[[6, 9], [6, 9], [6, 9], [6, 9], [6, 9]]","[[2, 2], [2, 2], [2, 2], [2, 2], [2, 2]]","[[1.0, 1.75], [1.0, 1.75], [1.0, 1.75], [1.0, 1.75], [1.0, 1.75]]","[4.0, 7.0]",1.0,0.9949041384965589,0.7092367500000023
03_parameter_sensitivity|gamma_0p25|harmonic_loop--demand_conflict|n1_d1_m1|25004|v11_full,03_parameter_sensitivity,independent_seeded,S25004,25004,harmonic_loop--demand_conflict,harmonic_loop,demand_conflict,residual_delay_shrinkage,0.25,12,v11_full,0.25,5,0.65,n1_d1_m1,0.05,4,1.7,7.294331283118729,2.6851199307974234,0.5606457000363088,0.36811049931494016,1.0,0.8333333333333334,1.8835316528462713,0.986702393735414,0.5238576119728984,"[7.294331283118729, 4.709924126124098, 3.581887313257746, 3.0766048277434637, 2.6851199307974234]","[[2, 3], [3, 4], [3, 4], [3, 4]]","[true, true, true, true, true]",0,4.0,0,1,1,"[[4, 7], [4, 7], [4, 7], [4, 7], [4, 7]]","[[6, 9], [6, 9], [6, 9], [6, 9], [6, 9]]","[[2, 2], [2, 2], [2, 2], [2, 2], [2, 2]]","[[1.0, 1.75], [1.0, 1.75], [1.0, 1.75], [1.0, 1.75], [1.0, 1.75]]","[4.0, 7.0]",0.5,0.9957633367586178,0.6299049159999868
03_parameter_sensitivity|gamma_0p25|harmonic_loop--demand_conflict|n1_d1_m1|25005|v11_full,03_parameter_sensitivity,independent_seeded,S25005,25005,harmonic_loop--demand_conflict,harmonic_loop,demand_conflict,residual_delay_shrinkage,0.25,12,v11_full,0.25,5,0.65,n1_d1_m1,0.05,4,1.7,9.516513563736712,5.479505656002596,0.6733363730429582,0.5757891920506061,0.8333333333333334,0.8333333333333334,2.420289824794433,1.6193368879769459,0.6690673453186475,"[9.516513563736712, 6.807555341086233, 5.479505656002596, 5.723960752750129, 5.723960752750129]","[[2, 3], [3, 4], [2, 3], [2, 3]]","[true, true, true, false, false]",2,1.0,0,1,1,"[[4, 8], [5, 8], [5, 8], [5, 8], [5, 8]]","[[6, 10], [7, 10], [7, 10], [7, 10], [7, 10]]","[[2, 2], [2, 2], [2, 2], [2, 2], [2, 2]]","[[1.0, 2.0], [1.125, 2.0], [1.25, 2.0], [1.25, 2.0], [1.25, 2.0]]","[5.0, 8.0]",0.5,0.9912884094581877,0.7042217500000447
03_parameter_sensitivity|gamma_0p25|harmonic_loop--demand_conflict|n1_d1_m1|25006|v11_full,03_parameter_sensitivity,independent_seeded,S25006,25006,harmonic_loop--demand_conflict,harmonic_loop,demand_conflict,residual_delay_shrinkage,0.25,12,v11_full,0.25,5,0.65,n1_d1_m1,0.05,4,1.7,7.923445882788174,2.834301863290568,0.5744909994039346,0.3577107618602436,1.0,0.6666666666666666,2.1567230813337837,1.0263302576930975,0.4758748429855832,"[7.923445882788174, 5.431008665413705, 4.116562039300398, 3.281348797950402, 2.834301863290568]","[[2, 3], [3, 4], [3, 4], [3, 4]]","[true, true, true, true, true]",0,4.0,0,1,1,"[[6, 7], [6, 7], [6, 7], [6, 7], [6, 7]]","[[8, 9], [8, 9], [8, 9], [8, 9], [8, 9]]","[[2, 2], [2, 2], [2, 2], [2, 2], [2, 2]]","[[1.5, 1.75], [1.5, 1.75], [1.5, 1.75], [1.5, 1.75], [1.5, 1.75]]","[6.0, 7.0]",1.0,0.9992776840967814,0.7323642919999998
03_parameter_sensitivity|gamma_0p25|rounded_square--demand_conflict|n0_d1_m0|25001|v11_full,03_parameter_sensitivity,independent_seeded,S25001,25001,rounded_square--demand_conflict,rounded_square,demand_conflict,residual_delay_shrinkage,0.25,12,v11_full,0.25,5,0.65,n0_d1_m0,0.0,4,1.0,12.878324196240044,9.49419528291126,0.8054973441414252,0.737222882281779,1.0,0.8333333333333334,2.734247150516419,2.2116715488923266,0.8088777009329997,"[12.878324196240044, 9.49419528291126, 10.282613073499634, 10.282613073499634, 9.990480440447765]","[[1, 2], [2, 4], [2, 4], [2, 4]]","[true, true, false, false, false]",3,0.5,0,1,1,"[[7, 7], [7, 7], [7, 7], [7, 7], [7, 7]]","[[9, 9], [9, 9], [9, 9], [9, 9], [9, 9]]","[[2, 2], [2, 2], [2, 2], [2, 2], [2, 2]]","[[1.75, 1.75], [1.75, 1.75], [1.75, 1.75], [1.75, 1.75], [1.75, 1.75]]","[7.0, 7.0]",0.5,0.9996403782824648,0.6485695420000184
03_parameter_sensitivity|gamma_0p25|rounded_square--demand_conflict|n0_d1_m0|25002|v11_full,03_parameter_sensitivity,independent_seeded,S25002,25002,rounded_square--demand_conflict,rounded_square,demand_conflict,residual_delay_shrinkage,0.25,12,v11_full,0.25,5,0.65,n0_d1_m0,0.0,4,1.0,10.609358139352715,8.415328799199813,0.8871142341625103,0.7931986731586798,0.8333333333333334,0.8333333333333334,2.4987575237146307,1.7605381331593886,0.7045654155919011,"[10.609358139352715, 10.508754116883397, 8.415328799199813, 8.94539233148743, 8.94539233148743]","[[2, 4], [2, 3], [2, 3], [2, 3]]","[true, true, true, false, false]",2,1.0,0,1,1,"[[7, 5], [7, 5], [7, 5], [7, 5], [7, 5]]","[[9, 7], [9, 7], [9, 7], [9, 7], [9, 7]]","[[2, 2], [2, 2], [2, 2], [2, 2], [2, 2]]","[[1.75, 1.25], [1.75, 1.25], [1.75, 1.25], [1.75, 1.25], [1.75, 1.25]]","[7.0, 5.0]",1.0,0.9962996771676785,0.6375629170000252
03_parameter_sensitivity|gamma_0p25|rounded_square--demand_conflict|n0_d1_m0|25003|v11_full,03_parameter_sensitivity,independent_seeded,S25003,25003,rounded_square--demand_conflict,rounded_square,demand_conflict,residual_delay_shrinkage,0.25,12,v11_full,0.25,5,0.65,n0_d1_m0,0.0,4,1.0,12.667453428070658,7.577974546883937,0.6731129174833141,0.5982239911055363,1.0,0.8333333333333334,2.9130061268567298,1.9283576098797344,0.6619819958842732,"[12.667453428070658, 8.60634858089488, 7.7636395199043156, 7.577974546883937, 7.649633548984279]","[[1, 4], [1, 4], [2, 4], [1, 4]]","[true, true, true, true, false]",1,2.0,0,1,1,"[[4, 7], [4, 7], [4, 7], [4, 7], [4, 7]]","[[6, 9], [6, 9], [6, 9], [6, 9], [6, 9]]","[[2, 2], [2, 2], [2, 2], [2, 2], [2, 2]]","[[1.0, 1.75], [1.0, 1.75], [1.0, 1.75], [1.0, 1.75], [1.0, 1.75]]","[4.0, 7.0]",1.0,0.9915315418092097,0.6330655410000077
03_parameter_sensitivity|gamma_0p25|rounded_square--demand_conflict|n0_d1_m0|25004|v11_full,03_parameter_sensitivity,independent_seeded,S25004,25004,rounded_square--demand_conflict,rounded_square,demand_conflict,residual_delay_shrinkage,0.25,12,v11_full,0.25,5,0.65,n0_d1_m0,0.0,4,1.0,10.936409882598811,6.084203790506386,0.6381510710058436,0.5563255086284862,1.0,0.8333333333333334,2.4692788937523678,1.4531420467538338,0.5884884248719304,"[10.936409882598811, 6.852481302051521, 6.323939417868839, 6.229599161684336, 6.084203790506386]","[[1, 4], [1, 2], [1, 4], [3, 4]]","[true, true, true, true, true]",0,4.0,0,1,1,"[[4, 7], [4, 7], [4, 7], [4, 7], [4, 7]]","[[6, 9], [6, 9], [6, 9], [6, 9], [6, 9]]","[[2, 2], [2, 2], [2, 2], [2, 2], [2, 2]]","[[1.0, 1.75], [1.0, 1.75], [1.0, 1.75], [1.0, 1.75], [1.0, 1.75]]","[4.0, 7.0]",0.5,0.9941830638661644,0.5848821669999893
03_parameter_sensitivity|gamma_0p25|rounded_square--demand_conflict|n0_d1_m0|25005|v11_full,03_parameter_sensitivity,independent_seeded,S25005,25005,rounded_square--demand_conflict,rounded_square,demand_conflict,residual_delay_shrinkage,0.25,12,v11_full,0.25,5,0.65,n0_d1_m0,0.0,4,1.0,13.449428834251158,8.722191794079302,0.7104452978795681,0.6485176360699291,1.0,0.8333333333333334,3.021275814696837,2.244789585914606,0.7429939282586997,"[13.449428834251158, 9.60650408579691, 8.796129213601645, 8.722191794079302, 8.741588774470054]","[[1, 4], [1, 4], [1, 4], [1, 4]]","[true, true, true, true, false]",1,2.0,0,1,1,"[[5, 8], [5, 8], [5, 8], [5, 8], [5, 8]]","[[7, 10], [7, 10], [7, 10], [7, 10], [7, 10]]","[[2, 2], [2, 2], [2, 2], [2, 2], [2, 2]]","[[1.25, 2.0], [1.25, 2.0], [1.25, 2.0], [1.25, 2.0], [1.25, 2.0]]","[5.0, 8.0]",0.5,0.9917567291332489,0.8193791250000118
03_parameter_sensitivity|gamma_0p25|rounded_square--demand_conflict|n0_d1_m0|25006|v11_full,03_parameter_sensitivity,independent_seeded,S25006,25006,rounded_square--demand_conflict,rounded_square,demand_conflict,residual_delay_shrinkage,0.25,12,v11_full,0.25,5,0.65,n0_d1_m0,0.0,4,1.0,12.668752557348686,7.598184080572114,0.7060508733963545,0.5997578724643006,1.0,0.8333333333333334,2.6027135139067417,1.6844114526975515,0.6471751284563031,"[12.668752557348686, 9.182751374516942, 8.685598753773096, 7.598184080572114, 7.956449488593723]","[[1, 2], [2, 4], [3, 4], [2, 4]]","[true, true, true, true, false]",1,2.0,0,1,1,"[[6, 7], [6, 7], [6, 7], [6, 7], [6, 7]]","[[8, 9], [8, 9], [8, 9], [8, 9], [8, 9]]","[[2, 2], [2, 2], [2, 2], [2, 2], [2, 2]]","[[1.5, 1.75], [1.5, 1.75], [1.5, 1.75], [1.5, 1.75], [1.5, 1.75]]","[6.0, 7.0]",1.0,0.9992720646545921,0.7129323750000367
03_parameter_sensitivity|gamma_0p25|rounded_square--demand_conflict|n1_d1_m1|25001|v11_full,03_parameter_sensitivity,independent_seeded,S25001,25001,rounded_square--demand_conflict,rounded_square,demand_conflict,residual_delay_shrinkage,0.25,12,v11_full,0.25,5,0.65,n1_d1_m1,0.05,4,1.7,13.018710329567652,8.537484608961055,0.7463544268234075,0.6557857416622145,1.0,0.8333333333333334,2.7142490987481973,1.9708046630285054,0.7260957234682086,"[13.018710329567652, 9.548236889946072, 9.521173479420337, 9.018780505386994, 8.537484608961055]","[[1, 2], [2, 4], [2, 3], [2, 4]]","[true, true, true, true, true]",0,4.0,0,1,1,"[[7, 7], [7, 7], [7, 7], [7, 7], [7, 7]]","[[9, 9], [9, 9], [9, 9], [9, 9], [9, 9]]","[[2, 2], [2, 2], [2, 2], [2, 2], [2, 2]]","[[1.75, 1.75], [1.75, 1.75], [1.75, 1.75], [1.75, 1.75], [1.75, 1.75]]","[7.0, 7.0]",0.5,0.9994176534967569,0.760382624999977
03_parameter_sensitivity|gamma_0p25|rounded_square--demand_conflict|n1_d1_m1|25002|v11_full,03_parameter_sensitivity,independent_seeded,S25002,25002,rounded_square--demand_conflict,rounded_square,demand_conflict,residual_delay_shrinkage,0.25,12,v11_full,0.25,5,0.65,n1_d1_m1,0.05,4,1.7,9.938895279283194,7.6490008659432505,0.8691601973064824,0.7696027225366747,0.8333333333333334,0.8333333333333334,2.3335768553918896,1.5993314003158536,0.6853562146969742,"[9.938895279283194, 9.750040044934352, 7.6490008659432505, 8.123653451521196, 8.123653451521196]","[[2, 4], [2, 3], [2, 3], [2, 3]]","[true, true, true, false, false]",2,1.0,0,1,1,"[[7, 5], [7, 5], [7, 5], [7, 5], [7, 5]]","[[9, 7], [9, 7], [9, 7], [9, 7], [9, 7]]","[[2, 2], [2, 2], [2, 2], [2, 2], [2, 2]]","[[1.75, 1.25], [1.75, 1.25], [1.75, 1.25], [1.75, 1.25], [1.75, 1.25]]","[7.0, 5.0]",1.0,0.9964660737954273,0.8659936249999873
03_parameter_sensitivity|gamma_0p25|rounded_square--demand_conflict|n1_d1_m1|25003|v11_full,03_parameter_sensitivity,independent_seeded,S25003,25003,rounded_square--demand_conflict,rounded_square,demand_conflict,residual_delay_shrinkage,0.25,12,v11_full,0.25,5,0.65,n1_d1_m1,0.05,4,1.7,12.197438303545976,7.129197917237169,0.657827115759004,0.5844832119515296,1.0,0.8333333333333334,2.8509579756317676,1.8464719708343658,0.6476672005048375,"[12.197438303545976, 8.119491506894814, 7.235764299015271, 7.076648719178542, 7.129197917237169]","[[1, 4], [1, 4], [2, 4], [1, 4]]","[true, true, true, true, true]",0,4.0,0,1,1,"[[4, 7], [4, 7], [4, 7], [4, 7], [4, 7]]","[[6, 9], [6, 9], [6, 9], [6, 9], [6, 9]]","[[2, 2], [2, 2], [2, 2], [2, 2], [2, 2]]","[[1.0, 1.75], [1.0, 1.75], [1.0, 1.75], [1.0, 1.75], [1.0, 1.75]]","[4.0, 7.0]",1.0,0.9914674848531215,0.7704314169999975
03_parameter_sensitivity|gamma_0p25|rounded_square--demand_conflict|n1_d1_m1|25004|v11_full,03_parameter_sensitivity,independent_seeded,S25004,25004,rounded_square--demand_conflict,rounded_square,demand_conflict,residual_delay_shrinkage,0.25,12,v11_full,0.25,5,0.65,n1_d1_m1,0.05,4,1.7,10.811479195275698,5.94645836912839,0.6283282273417243,0.5500133942566174,1.0,0.8333333333333334,2.5216385907499954,1.4571752481357103,0.577868396161526,"[10.811479195275698, 6.713522624474844, 6.145882652061653, 5.934256172099506, 5.94645836912839]","[[1, 4], [1, 2], [1, 4], [3, 4]]","[true, true, true, true, true]",0,4.0,0,1,1,"[[4, 7], [4, 7], [4, 7], [4, 7], [4, 7]]","[[6, 9], [6, 9], [6, 9], [6, 9], [6, 9]]","[[2, 2], [2, 2], [2, 2], [2, 2], [2, 2]]","[[1.0, 1.75], [1.0, 1.75], [1.0, 1.75], [1.0, 1.75], [1.0, 1.75]]","[4.0, 7.0]",0.5,0.9925328316908499,0.7521542920000002
03_parameter_sensitivity|gamma_0p25|rounded_square--demand_conflict|n1_d1_m1|25005|v11_full,03_parameter_sensitivity,independent_seeded,S25005,25005,rounded_square--demand_conflict,rounded_square,demand_conflict,residual_delay_shrinkage,0.25,12,v11_full,0.25,5,0.65,n1_d1_m1,0.05,4,1.7,13.809962620752362,8.917647024997727,0.7115153480551617,0.6457401276088245,1.0,0.8333333333333334,3.3028687880947087,2.350390051426188,0.711620776428734,"[13.809962620752362, 9.876151918264753, 9.103712786265778, 8.960331915527982, 8.917647024997727]","[[1, 4], [1, 4], [1, 4], [1, 4]]","[true, true, true, true, true]",0,4.0,0,1,1,"[[4, 8], [4, 8], [4, 8], [4, 8], [4, 8]]","[[6, 10], [6, 10], [6, 10], [6, 10], [6, 10]]","[[2, 2], [2, 2], [2, 2], [2, 2], [2, 2]]","[[1.0, 2.0], [1.0, 2.0], [1.0, 2.0], [1.0, 2.0], [1.0, 2.0]]","[4.0, 8.0]",1.0,0.9864778556328477,0.8710704999999734
03_parameter_sensitivity|gamma_0p25|rounded_square--demand_conflict|n1_d1_m1|25006|v11_full,03_parameter_sensitivity,independent_seeded,S25006,25006,rounded_square--demand_conflict,rounded_square,demand_conflict,residual_delay_shrinkage,0.25,12,v11_full,0.25,5,0.65,n1_d1_m1,0.05,4,1.7,11.789988627730645,6.7722980982202525,0.6985611869471623,0.5744109101421411,1.0,0.8333333333333334,2.4148354352553416,1.51678358833891,0.6281105396229733,"[11.789988627730645, 8.615016653937895, 8.115148504953908, 6.7722980982202525, 7.093312457093766]","[[1, 2], [2, 4], [3, 4], [2, 4]]","[true, true, true, true, false]",1,2.0,0,1,1,"[[6, 7], [6, 7], [6, 7], [6, 7], [6, 7]]","[[8, 9], [8, 9], [8, 9], [8, 9], [8, 9]]","[[2, 2], [2, 2], [2, 2], [2, 2], [2, 2]]","[[1.5, 1.75], [1.5, 1.75], [1.5, 1.75], [1.5, 1.75], [1.5, 1.75]]","[6.0, 7.0]",1.0,0.998799907432504,0.7432829589999983
03_parameter_sensitivity|gamma_0p25|s_curve--demand_conflict|n0_d1_m0|25001|v11_full,03_parameter_sensitivity,independent_seeded,S25001,25001,s_curve--demand_conflict,s_curve,demand_conflict,residual_delay_shrinkage,0.25,12,v11_full,0.25,5,0.65,n0_d1_m0,0.0,4,1.0,5.889184724160488,1.1438301377360085,0.45615983681430056,0.19422554925869864,0.8333333333333334,0.16666666666666666,1.4287283043904688,0.8233717657265619,0.5762969510692467,"[5.889184724160488, 3.52282734770433, 2.2236166598532066, 1.4826867324634947, 1.1438301377360085]","[[2, 4], [2, 4], [2, 4], [2, 4]]","[true, true, true, true, true]",0,4.0,0,1,1,"[[7, 7], [7, 7], [7, 7], [7, 7], [7, 7]]","[[9, 9], [9, 9], [9, 9], [9, 9], [9, 9]]","[[2, 2], [2, 2], [2, 2], [2, 2], [2, 2]]","[[1.75, 1.75], [1.75, 1.75], [1.75, 1.75], [1.75, 1.75], [1.75, 1.75]]","[7.0, 7.0]",0.5,0.9994612453858287,0.5890734580000299
03_parameter_sensitivity|gamma_0p25|s_curve--demand_conflict|n0_d1_m0|25002|v11_full,03_parameter_sensitivity,independent_seeded,S25002,25002,s_curve--demand_conflict,s_curve,demand_conflict,residual_delay_shrinkage,0.25,12,v11_full,0.25,5,0.65,n0_d1_m0,0.0,4,1.0,4.161383072292191,0.48547923203524534,0.37205912823290177,0.11666295162003233,0.6666666666666666,0.0,1.147711003813104,0.427764543275281,0.3727110238153116,"[4.161383072292191, 2.0051747648689187, 1.159469249650924, 0.7050470657971875, 0.48547923203524534]","[[2, 4], [2, 4], [2, 4], [2, 4]]","[true, true, true, true, true]",0,4.0,0,1,1,"[[7, 5], [7, 5], [7, 5], [7, 5], [7, 5]]","[[9, 7], [9, 7], [9, 7], [9, 7], [9, 7]]","[[2, 2], [2, 2], [2, 2], [2, 2], [2, 2]]","[[1.75, 1.25], [1.75, 1.25], [1.75, 1.25], [1.75, 1.25], [1.75, 1.25]]","[7.0, 5.0]",1.0,0.9962135596024062,0.5022414580000145
03_parameter_sensitivity|gamma_0p25|s_curve--demand_conflict|n0_d1_m0|25003|v11_full,03_parameter_sensitivity,independent_seeded,S25003,25003,s_curve--demand_conflict,s_curve,demand_conflict,residual_delay_shrinkage,0.25,12,v11_full,0.25,5,0.65,n0_d1_m0,0.0,4,1.0,7.045089738078795,2.043011233480076,0.49715058615808316,0.2899908034439328,1.0,0.16666666666666666,1.4769385389837075,0.9220486402638705,0.6242972310129703,"[7.045089738078795, 4.199008576572531, 2.910582874556652, 2.3562400343800594, 2.043011233480076]","[[2, 4], [3, 4], [2, 4], [2, 4]]","[true, true, true, true, true]",0,4.0,0,1,1,"[[4, 7], [4, 7], [4, 7], [4, 7], [4, 7]]","[[6, 9], [6, 9], [6, 9], [6, 9], [6, 9]]","[[2, 2], [2, 2], [2, 2], [2, 2], [2, 2]]","[[1.0, 1.75], [1.0, 1.75], [1.0, 1.75], [1.0, 1.75], [1.0, 1.75]]","[4.0, 7.0]",1.0,0.9914000048817982,0.6405457920000117
03_parameter_sensitivity|gamma_0p25|s_curve--demand_conflict|n0_d1_m0|25004|v11_full,03_parameter_sensitivity,independent_seeded,S25004,25004,s_curve--demand_conflict,s_curve,demand_conflict,residual_delay_shrinkage,0.25,12,v11_full,0.25,5,0.65,n0_d1_m0,0.0,4,1.0,5.9434022494458185,0.9073962426365396,0.4101104910677976,0.15267286388383827,1.0,0.16666666666666666,1.271164962007702,0.7325284375889781,0.5762654411367734,"[5.9434022494458185, 3.341019035391714, 1.748528832791831, 1.234859346309987, 0.9073962426365396]","[[2, 4], [3, 4], [2, 4], [2, 4]]","[true, true, true, true, true]",0,4.0,0,1,1,"[[4, 7], [4, 7], [4, 7], [4, 7], [4, 7]]","[[6, 9], [6, 9], [6, 9], [6, 9], [6, 9]]","[[2, 2], [2, 2], [2, 2], [2, 2], [2, 2]]","[[1.0, 1.75], [1.0, 1.75], [1.0, 1.75], [1.0, 1.75], [1.0, 1.75]]","[4.0, 7.0]",0.5,0.9947597320709793,0.583378458000027
03_parameter_sensitivity|gamma_0p25|s_curve--demand_conflict|n0_d1_m0|25005|v11_full,03_parameter_sensitivity,independent_seeded,S25005,25005,s_curve--demand_conflict,s_curve,demand_conflict,residual_delay_shrinkage,0.25,12,v11_full,0.25,5,0.65,n0_d1_m0,0.0,4,1.0,7.462057935954583,2.610257472097116,0.5441877186569228,0.34980396755164017,1.0,0.16666666666666666,1.576170369395593,1.0299711328383214,0.6534643416963103,"[7.462057935954583, 4.758643244171854, 3.5318721528851316, 2.91636803752881, 2.610257472097116]","[[2, 4], [3, 4], [2, 4], [2, 4]]","[true, true, true, true, true]",0,4.0,0,1,1,"[[5, 8], [5, 8], [5, 8], [5, 8], [5, 8]]","[[7, 10], [7, 10], [7, 10], [7, 10], [7, 10]]","[[2, 2], [2, 2], [2, 2], [2, 2], [2, 2]]","[[1.25, 2.0], [1.25, 2.0], [1.25, 2.0], [1.25, 2.0], [1.25, 2.0]]","[5.0, 8.0]",0.5,0.9910101754797203,0.6782134169999949
03_parameter_sensitivity|gamma_0p25|s_curve--demand_conflict|n0_d1_m0|25006|v11_full,03_parameter_sensitivity,independent_seeded,S25006,25006,s_curve--demand_conflict,s_curve,demand_conflict,residual_delay_shrinkage,0.25,12,v11_full,0.25,5,0.65,n0_d1_m0,0.0,4,1.0,6.272329677264286,1.5431008632542582,0.484030348177199,0.24601718064145042,0.6666666666666666,0.16666666666666666,1.420736810112284,0.8683898158472678,0.6112249712025389,"[6.272329677264286, 3.830236093198085, 2.5543907909635983, 1.8516495158526853, 1.5431008632542582]","[[2, 4], [2, 4], [2, 4], [2, 4]]","[true, true, true, true, true]",0,4.0,0,1,1,"[[6, 7], [6, 7], [6, 7], [6, 7], [6, 7]]","[[8, 9], [8, 9], [8, 9], [8, 9], [8, 9]]","[[2, 2], [2, 2], [2, 2], [2, 2], [2, 2]]","[[1.5, 1.75], [1.5, 1.75], [1.5, 1.75], [1.5, 1.75], [1.5, 1.75]]","[6.0, 7.0]",1.0,0.9990084952092064,0.7017751249999833
03_parameter_sensitivity|gamma_0p25|s_curve--demand_conflict|n1_d1_m1|25001|v11_full,03_parameter_sensitivity,independent_seeded,S25001,25001,s_curve--demand_conflict,s_curve,demand_conflict,residual_delay_shrinkage,0.25,12,v11_full,0.25,5,0.65,n1_d1_m1,0.05,4,1.7,6.172442865761097,1.2896298431210151,0.481896693024794,0.2089334597610725,0.6666666666666666,0.16666666666666666,1.4814461802864705,0.9241334197899123,0.6238049225731647,"[6.172442865761097, 3.976922153271281, 2.527922186520072, 1.6620385253466112, 1.2896298431210151]","[[2, 4], [2, 4], [2, 4], [2, 4]]","[true, true, true, true, true]",0,4.0,0,1,1,"[[7, 7], [7, 7], [7, 7], [7, 7], [7, 7]]","[[9, 9], [9, 9], [9, 9], [9, 9], [9, 9]]","[[2, 2], [2, 2], [2, 2], [2, 2], [2, 2]]","[[1.75, 1.75], [1.75, 1.75], [1.75, 1.75], [1.75, 1.75], [1.75, 1.75]]","[7.0, 7.0]",0.5,0.9963183562247682,0.7240228750000028
03_parameter_sensitivity|gamma_0p25|s_curve--demand_conflict|n1_d1_m1|25002|v11_full,03_parameter_sensitivity,independent_seeded,S25002,25002,s_curve--demand_conflict,s_curve,demand_conflict,residual_delay_shrinkage,0.25,12,v11_full,0.25,5,0.65,n1_d1_m1,0.05,4,1.7,3.758444249514037,0.6895575921834637,0.38752346938288834,0.18346888936096972,0.6666666666666666,0.0,1.0611032107692642,0.35769718924642585,0.33709933738406783,"[3.758444249514037, 1.630944161251669, 1.146732550239817, 0.8242637878751466, 0.6895575921834637]","[[3, 4], [2, 4], [2, 4], [2, 3]]","[true, true, true, true, true]",0,4.0,0,1,1,"[[7, 5], [7, 5], [7, 5], [7, 5], [7, 5]]","[[9, 7], [9, 7], [9, 7], [9, 7], [9, 7]]","[[2, 2], [2, 2], [2, 2], [2, 2], [2, 2]]","[[1.75, 1.25], [1.75, 1.25], [1.75, 1.25], [1.75, 1.25], [1.75, 1.25]]","[7.0, 5.0]",1.0,0.9936185071745023,0.6064155830000004
03_parameter_sensitivity|gamma_0p25|s_curve--demand_conflict|n1_d1_m1|25003|v11_full,03_parameter_sensitivity,independent_seeded,S25003,25003,s_curve--demand_conflict,s_curve,demand_conflict,residual_delay_shrinkage,0.25,12,v11_full,0.25,5,0.65,n1_d1_m1,0.05,4,1.7,6.782231339764961,1.6806025342717135,0.4444946679171575,0.2477949291434749,1.0,0.3333333333333333,1.4324861151779118,0.8879931560834835,0.6198965188386462,"[6.782231339764961, 3.6522156819082725, 2.251458223896578, 1.9235718256014722, 1.6806025342717135]","[[3, 4], [3, 4], [2, 4], [2, 4]]","[true, true, true, true, true]",0,4.0,0,1,1,"[[4, 7], [4, 7], [5, 7], [4, 7], [4, 7]]","[[6, 9], [6, 9], [7, 9], [6, 9], [6, 9]]","[[2, 2], [2, 2], [2, 2], [2, 2], [2, 2]]","[[1.0, 1.75], [1.0, 1.75], [1.0, 1.75], [1.0, 1.75], [1.0, 1.75]]","[4.0, 7.0]",1.0,0.989090673777128,0.7008083750000083
03_parameter_sensitivity|gamma_0p25|s_curve--demand_conflict|n1_d1_m1|25004|v11_full,03_parameter_sensitivity,independent_seeded,S25004,25004,s_curve--demand_conflict,s_curve,demand_conflict,residual_delay_shrinkage,0.25,12,v11_full,0.25,5,0.65,n1_d1_m1,0.05,4,1.7,5.921960720002671,1.2406502448688608,0.4246797275644338,0.20949991118284572,1.0,0.5,1.2802005558494474,0.8122693387328506,0.6344860069162274,"[5.921960720002671, 3.382572074242206, 1.7437887652056543, 1.2406502448688608, 1.4635104331079891]","[[2, 4], [3, 4], [2, 4], [2, 3]]","[true, true, true, true, false]",1,2.0,0,1,1,"[[4, 7], [4, 7], [4, 7], [4, 7], [4, 7]]","[[6, 9], [6, 9], [6, 9], [6, 9], [6, 9]]","[[2, 2], [2, 2], [2, 2], [2, 2], [2, 2]]","[[1.0, 1.75], [1.0, 1.75], [1.0, 1.75], [1.0, 1.75], [1.0, 1.75]]","[4.0, 7.0]",0.5,0.9908975984376838,0.5843200409999554
03_parameter_sensitivity|gamma_0p25|s_curve--demand_conflict|n1_d1_m1|25005|v11_full,03_parameter_sensitivity,independent_seeded,S25005,25005,s_curve--demand_conflict,s_curve,demand_conflict,residual_delay_shrinkage,0.25,12,v11_full,0.25,5,0.65,n1_d1_m1,0.05,4,1.7,8.001548923988201,3.0080776333447097,0.5383432675201867,0.37593691695449855,1.0,0.5,1.702043062256288,1.2072540938900618,0.7092970328786413,"[8.001548923988201, 4.937080412968349, 3.545416548424547, 3.2430097317904187, 3.0080776333447097]","[[3, 4], [3, 4], [2, 4], [2, 4]]","[true, true, true, true, true]",0,4.0,0,1,1,"[[4, 8], [5, 8], [5, 8], [4, 8], [4, 8]]","[[6, 10], [7, 10], [7, 10], [6, 10], [6, 10]]","[[2, 2], [2, 2], [2, 2], [2, 2], [2, 2]]","[[1.0, 2.0], [1.125, 2.0], [1.25, 2.0], [1.125, 2.0], [1.0, 2.0]]","[4.0, 8.0]",1.0,0.9819634096405172,0.6606713749999926
03_parameter_sensitivity|gamma_0p25|s_curve--demand_conflict|n1_d1_m1|25006|v11_full,03_parameter_sensitivity,independent_seeded,S25006,25006,s_curve--demand_conflict,s_curve,demand_conflict,residual_delay_shrinkage,0.25,12,v11_full,0.25,5,0.65,n1_d1_m1,0.05,4,1.7,5.785333470104064,0.9396451391403497,0.44597169680111715,0.162418492208963,0.6666666666666666,0.16666666666666666,1.3243256180748504,0.7840765203396007,0.5920572022758266,"[5.785333470104064, 3.484617892199558, 2.1574863299736595, 1.3157864100949932, 0.9396451391403497]","[[2, 4], [2, 4], [2, 4], [2, 4]]","[true, true, true, true, true]",0,4.0,0,1,1,"[[6, 7], [6, 7], [6, 7], [6, 7], [6, 7]]","[[8, 9], [8, 9], [8, 9], [8, 9], [8, 9]]","[[2, 2], [2, 2], [2, 2], [2, 2], [2, 2]]","[[1.5, 1.75], [1.5, 1.75], [1.5, 1.75], [1.5, 1.75], [1.5, 1.75]]","[6.0, 7.0]",1.0,0.9963341837070124,0.5665467500000432
03_parameter_sensitivity|gamma_0p4|ellipse--demand_conflict|n0_d1_m0|25001|v11_full,03_parameter_sensitivity,independent_seeded,S25001,25001,ellipse--demand_conflict,ellipse,demand_conflict,residual_delay_shrinkage,0.4,12,v11_full,0.4,5,0.65,n0_d1_m0,0.0,4,1.0,7.931809151646931,1.3697800099037662,0.37044723390260126,0.17269452450445688,0.8333333333333334,0.5,2.1742433997047765,0.36754380979515094,0.16904446385582075,"[7.931809151646931, 3.569900324997432, 2.017256395824523, 1.5153157386864708, 1.3697800099037662]","[[2, 3], [3, 4], [3, 4], [3, 4]]","[true, true, true, true, true]",0,4.0,0,1,1,"[[7, 7], [7, 7], [7, 7], [7, 7], [7, 7]]","[[9, 9], [9, 9], [9, 9], [9, 9], [9, 9]]","[[2, 2], [2, 2], [2, 2], [2, 2], [2, 2]]","[[2.8000000000000003, 2.8000000000000003], [2.8000000000000003, 2.8000000000000003], [2.8000000000000003, 2.8000000000000003], [2.8000000000000003, 2.8000000000000003], [2.8000000000000003, 2.8000000000000003]]","[7.0, 7.0]",0.5,0.9998285646989318,0.5449319580000065
03_parameter_sensitivity|gamma_0p4|ellipse--demand_conflict|n0_d1_m0|25002|v11_full,03_parameter_sensitivity,independent_seeded,S25002,25002,ellipse--demand_conflict,ellipse,demand_conflict,residual_delay_shrinkage,0.4,12,v11_full,0.4,5,0.65,n0_d1_m0,0.0,4,1.0,7.766290542448517,0.8886959933342273,0.3338430262806742,0.11442991843748918,0.8333333333333334,0.16666666666666666,1.9704335955951635,0.22130303623050054,0.1123118468570653,"[7.766290542448517, 3.3668840028530704, 1.5833160565177034, 1.0931944234018212, 0.8886959933342273]","[[2, 3], [2, 3], [2, 3], [3, 4]]","[true, true, true, true, true]",0,4.0,0,1,1,"[[7, 5], [7, 5], [7, 5], [7, 5], [7, 5]]","[[9, 7], [9, 7], [9, 7], [9, 7], [9, 7]]","[[2, 2], [2, 2], [2, 2], [2, 2], [2, 2]]","[[2.8000000000000003, 2.0], [2.8000000000000003, 2.0], [2.8000000000000003, 2.0], [2.8000000000000003, 2.0], [2.8000000000000003, 2.0]]","[7.0, 5.0]",1.0,0.9985068811544426,0.47912108299999545
03_parameter_sensitivity|gamma_0p4|ellipse--demand_conflict|n0_d1_m0|25003|v11_full,03_parameter_sensitivity,independent_seeded,S25003,25003,ellipse--demand_conflict,ellipse,demand_conflict,residual_delay_shrinkage,0.4,12,v11_full,0.4,5,0.65,n0_d1_m0,0.0,4,1.0,7.279743388405482,0.3153140425253706,0.3013630079963049,0.043313895243556846,0.6666666666666666,0.0,1.85507896209821,0.061377844655131034,0.03308637848262203,"[7.279743388405482, 2.956087646367597, 1.3759770756456513, 0.6457880224056806, 0.3153140425253706]","[[3, 4], [1, 4], [1, 4], [1, 4]]","[true, true, true, true, true]",0,4.0,0,1,1,"[[4, 7], [4, 7], [4, 7], [4, 8], [4, 8]]","[[6, 9], [6, 9], [6, 9], [6, 10], [6, 10]]","[[2, 2], [2, 2], [2, 2], [2, 2], [2, 2]]","[[1.6, 2.8000000000000003], [1.6, 2.8000000000000003], [1.6, 2.8000000000000003], [1.6, 2.8000000000000003], [1.6, 2.8000000000000003]]","[4.0, 7.0]",1.0,0.9963821998012199,0.38078783300005625
03_parameter_sensitivity|gamma_0p4|ellipse--demand_conflict|n0_d1_m0|25004|v11_full,03_parameter_sensitivity,independent_seeded,S25004,25004,ellipse--demand_conflict,ellipse,demand_conflict,residual_delay_shrinkage,0.4,12,v11_full,0.4,5,0.65,n0_d1_m0,0.0,4,1.0,6.237600449225314,0.22713293293152048,0.29499850127166977,0.03641351105772245,0.6666666666666666,0.0,1.6054979846693018,0.04660669163330711,0.02902943016954773,"[6.237600449225314, 2.5107375876359352, 1.1159246559675262, 0.5013022015299691, 0.22713293293152048]","[[3, 4], [1, 4], [1, 4], [1, 3]]","[true, true, true, true, true]",0,4.0,0,1,1,"[[4, 7], [4, 7], [4, 7], [4, 7], [4, 7]]","[[6, 9], [6, 9], [6, 9], [6, 9], [6, 9]]","[[2, 2], [2, 2], [2, 2], [2, 2], [2, 2]]","[[1.6, 2.8000000000000003], [1.6, 2.8000000000000003], [1.6, 2.8000000000000003], [1.6, 2.8000000000000003], [1.6, 2.8000000000000003]]","[4.0, 7.0]",0.5,0.9975938111408419,0.3680674170000202
03_parameter_sensitivity|gamma_0p4|ellipse--demand_conflict|n0_d1_m0|25005|v11_full,03_parameter_sensitivity,independent_seeded,S25005,25005,ellipse--demand_conflict,ellipse,demand_conflict,residual_delay_shrinkage,0.4,12,v11_full,0.4,5,0.65,n0_d1_m0,0.0,4,1.0,7.539010853039086,0.30239011552172956,0.298336594563387,0.04011005175829289,0.6666666666666666,0.0,1.9428950434958454,0.06204654641571611,0.03193509944009942,"[7.539010853039086, 3.036127320379725, 1.3950609886911942, 0.6447625037370591, 0.30239011552172956]","[[3, 4], [1, 4], [1, 4], [1, 4]]","[true, true, true, true, true]",0,4.0,0,1,1,"[[5, 8], [5, 8], [5, 8], [5, 8], [5, 8]]","[[7, 10], [7, 10], [7, 10], [7, 10], [7, 10]]","[[2, 2], [2, 2], [2, 2], [2, 2], [2, 2]]","[[2.0, 3.2], [2.0, 3.2], [2.0, 3.2], [2.0, 3.2], [2.0, 3.2]]","[5.0, 8.0]",0.5,0.9962341353224935,0.37856862499995714
03_parameter_sensitivity|gamma_0p4|ellipse--demand_conflict|n0_d1_m0|25006|v11_full,03_parameter_sensitivity,independent_seeded,S25006,25006,ellipse--demand_conflict,ellipse,demand_conflict,residual_delay_shrinkage,0.4,12,v11_full,0.4,5,0.65,n0_d1_m0,0.0,4,1.0,6.569664275539642,0.29186034168744684,0.3095166108594963,0.04442545759516349,0.8333333333333334,0.0,1.9396508864759971,0.07006593091239574,0.03612295975575953,"[6.569664275539642, 2.8465715521435495, 1.2721425317951236, 0.5842044916467357, 0.29186034168744684]","[[3, 4], [3, 4], [1, 4], [1, 3]]","[true, true, true, true, true]",0,4.0,0,1,1,"[[6, 7], [6, 7], [6, 7], [6, 7], [6, 7]]","[[8, 9], [8, 9], [8, 9], [8, 9], [8, 9]]","[[2, 2], [2, 2], [2, 2], [2, 2], [2, 2]]","[[2.4000000000000004, 2.8000000000000003], [2.4000000000000004, 2.8000000000000003], [2.4000000000000004, 2.8000000000000003], [2.4000000000000004, 2.8000000000000003], [2.4000000000000004, 2.8000000000000003]]","[6.0, 7.0]",1.0,0.9996573167649137,0.39749950000003764
03_parameter_sensitivity|gamma_0p4|ellipse--demand_conflict|n1_d1_m1|25001|v11_full,03_parameter_sensitivity,independent_seeded,S25001,25001,ellipse--demand_conflict,ellipse,demand_conflict,residual_delay_shrinkage,0.4,12,v11_full,0.4,5,0.65,n1_d1_m1,0.05,4,1.7,7.488128890501111,1.1800646798850751,0.3718734874429369,0.15759139527926908,0.8333333333333334,0.5,2.1265330876573425,0.3258816557658645,0.1532455138635375,"[7.488128890501111, 3.5406093850934877, 1.9252722039534107, 1.3385680454914426, 1.1800646798850751]","[[2, 3], [3, 4], [3, 4], [3, 4]]","[true, true, true, true, true]",0,4.0,0,1,1,"[[7, 7], [7, 7], [7, 7], [7, 7], [7, 7]]","[[9, 9], [9, 9], [9, 9], [9, 9], [9, 9]]","[[2, 2], [2, 2], [2, 2], [2, 2], [2, 2]]","[[2.8000000000000003, 2.8000000000000003], [2.8000000000000003, 2.8000000000000003], [2.8000000000000003, 2.8000000000000003], [2.8000000000000003, 2.8000000000000003], [2.8000000000000003, 2.8000000000000003]]","[7.0, 7.0]",0.5,0.9996239141213379,0.6789082079999957
03_parameter_sensitivity|gamma_0p4|ellipse--demand_conflict|n1_d1_m1|25002|v11_full,03_parameter_sensitivity,independent_seeded,S25002,25002,ellipse--demand_conflict,ellipse,demand_conflict,residual_delay_shrinkage,0.4,12,v11_full,0.4,5,0.65,n1_d1_m1,0.05,4,1.7,7.1732068950022025,0.302578173358782,0.29142088877708344,0.04218171562423463,0.8333333333333334,0.0,1.8160957926442736,0.09000475121058259,0.049559473445799786,"[7.1732068950022025, 2.9301658592007502, 1.2064544221089595, 0.487176499403578, 0.302578173358782]","[[2, 3], [2, 3], [2, 3], [2, 3]]","[true, true, true, true, true]",0,4.0,0,1,1,"[[7, 5], [7, 5], [7, 5], [7, 5], [7, 5]]","[[9, 7], [9, 7], [9, 7], [9, 7], [9, 7]]","[[2, 2], [2, 2], [2, 2], [2, 2], [2, 2]]","[[2.8000000000000003, 2.0], [2.8000000000000003, 2.0], [2.8000000000000003, 2.0], [2.8000000000000003, 2.0], [2.8000000000000003, 2.0]]","[7.0, 5.0]",1.0,0.9984114076560555,0.5147695420000105
03_parameter_sensitivity|gamma_0p4|ellipse--demand_conflict|n1_d1_m1|25003|v11_full,03_parameter_sensitivity,independent_seeded,S25003,25003,ellipse--demand_conflict,ellipse,demand_conflict,residual_delay_shrinkage,0.4,12,v11_full,0.4,5,0.65,n1_d1_m1,0.05,4,1.7,7.073737856536296,0.34936545557128384,0.30653855645130096,0.049389087163933025,0.6666666666666666,0.0,1.7942068458114788,0.06630847274263922,0.0369569834701246,"[7.073737856536296, 2.904375756799998, 1.3779730635153145, 0.6795930886611202, 0.34936545557128384]","[[3, 4], [1, 4], [1, 4], [1, 4]]","[true, true, true, true, true]",0,4.0,0,1,1,"[[4, 7], [4, 7], [4, 7], [4, 7], [4, 7]]","[[6, 9], [6, 9], [6, 9], [6, 9], [6, 9]]","[[2, 2], [2, 2], [2, 2], [2, 2], [2, 2]]","[[1.6, 2.8000000000000003], [1.6, 2.8000000000000003], [1.6, 2.8000000000000003], [1.6, 2.8000000000000003], [1.6, 2.8000000000000003]]","[4.0, 7.0]",1.0,0.9961135236781683,0.46442433300001085
03_parameter_sensitivity|gamma_0p4|ellipse--demand_conflict|n1_d1_m1|25004|v11_full,03_parameter_sensitivity,independent_seeded,S25004,25004,ellipse--demand_conflict,ellipse,demand_conflict,residual_delay_shrinkage,0.4,12,v11_full,0.4,5,0.65,n1_d1_m1,0.05,4,1.7,6.272059599870351,0.2946592096826496,0.2986115225027767,0.046979657158988164,0.6666666666666666,0.0,1.5946042184624036,0.0568555501502691,0.03565496032933616,"[6.272059599870351, 2.5912486429901636, 1.109324993921386, 0.5077040236937186, 0.2946592096826496]","[[3, 4], [1, 4], [1, 3], [1, 3]]","[true, true, true, true, true]",0,4.0,0,1,1,"[[4, 7], [4, 7], [4, 7], [4, 7], [4, 7]]","[[6, 9], [6, 9], [6, 9], [6, 9], [6, 9]]","[[2, 2], [2, 2], [2, 2], [2, 2], [2, 2]]","[[1.6, 2.8000000000000003], [1.6, 2.8000000000000003], [1.6, 2.8000000000000003], [1.6, 2.8000000000000003], [1.6, 2.8000000000000003]]","[4.0, 7.0]",0.5,0.996783994451038,0.4569707499999822
03_parameter_sensitivity|gamma_0p4|ellipse--demand_conflict|n1_d1_m1|25005|v11_full,03_parameter_sensitivity,independent_seeded,S25005,25005,ellipse--demand_conflict,ellipse,demand_conflict,residual_delay_shrinkage,0.4,12,v11_full,0.4,5,0.65,n1_d1_m1,0.05,4,1.7,7.963615217036075,0.37343309527503543,0.3118167580391771,0.046892408171124694,0.6666666666666666,0.0,2.0012392545979276,0.06987268768846747,0.034914709736945326,"[7.963615217036075, 3.441811618823011, 1.5794315713553098, 0.7429873706567098, 0.37343309527503543]","[[3, 4], [1, 4], [1, 4], [1, 2]]","[true, true, true, true, true]",0,4.0,0,1,1,"[[4, 8], [4, 8], [4, 8], [4, 8], [4, 8]]","[[6, 10], [6, 10], [6, 10], [6, 10], [6, 10]]","[[2, 2], [2, 2], [2, 2], [2, 2], [2, 2]]","[[1.6, 3.2], [1.6, 3.2], [1.6, 3.2], [1.6, 3.2], [1.6, 3.2]]","[4.0, 8.0]",1.0,0.9941612293362698,0.48535779200000206
03_parameter_sensitivity|gamma_0p4|ellipse--demand_conflict|n1_d1_m1|25006|v11_full,03_parameter_sensitivity,independent_seeded,S25006,25006,ellipse--demand_conflict,ellipse,demand_conflict,residual_delay_shrinkage,0.4,12,v11_full,0.4,5,0.65,n1_d1_m1,0.05,4,1.7,6.063825769387071,0.21693553779619826,0.3045358043573047,0.035775358007709715,0.8333333333333334,0.0,1.7925268372907202,0.053426206954077536,0.029804969076405872,"[6.063825769387071, 2.5787678120145383, 1.170874457121859, 0.49658530992334277, 0.21693553779619826]","[[3, 4], [3, 4], [1, 3], [1, 4]]","[true, true, true, true, true]",0,4.0,0,1,1,"[[6, 7], [6, 7], [6, 7], [6, 7], [6, 7]]","[[8, 9], [8, 9], [8, 9], [8, 9], [8, 9]]","[[2, 2], [2, 2], [2, 2], [2, 2], [2, 2]]","[[2.4000000000000004, 2.8000000000000003], [2.4000000000000004, 2.8000000000000003], [2.4000000000000004, 2.8000000000000003], [2.4000000000000004, 2.8000000000000003], [2.4000000000000004, 2.8000000000000003]]","[6.0, 7.0]",1.0,0.9992551525297203,0.4473742089999746
03_parameter_sensitivity|gamma_0p4|figure_eight--demand_conflict|n0_d1_m0|25001|v11_full,03_parameter_sensitivity,independent_seeded,S25001,25001,figure_eight--demand_conflict,figure_eight,demand_conflict,residual_delay_shrinkage,0.4,12,v11_full,0.4,5,0.65,n0_d1_m0,0.0,4,1.0,11.530597929027934,6.821548962159802,0.6809666826840484,0.5916040958280887,0.8333333333333334,0.6666666666666666,3.5406280069014553,1.7711404225701548,0.500233410320942,"[11.530597929027934, 8.14327348054454, 7.188462915793365, 6.900002242443067, 6.821548962159802]","[[2, 4], [2, 4], [2, 4], [2, 4]]","[true, true, true, true, true]",0,4.0,0,1,1,"[[7, 7], [7, 7], [7, 7], [7, 7], [7, 7]]","[[9, 9], [9, 9], [9, 9], [9, 9], [9, 9]]","[[2, 2], [2, 2], [2, 2], [2, 2], [2, 2]]","[[2.8000000000000003, 2.8000000000000003], [2.8000000000000003, 2.8000000000000003], [2.8000000000000003, 2.8000000000000003], [2.8000000000000003, 2.8000000000000003], [2.8000000000000003, 2.8000000000000003]]","[7.0, 7.0]",0.5,0.9997737310943005,0.7736740830000031
03_parameter_sensitivity|gamma_0p4|figure_eight--demand_conflict|n0_d1_m0|25002|v11_full,03_parameter_sensitivity,independent_seeded,S25002,25002,figure_eight--demand_conflict,figure_eight,demand_conflict,residual_delay_shrinkage,0.4,12,v11_full,0.4,5,0.65,n0_d1_m0,0.0,4,1.0,10.205787666034217,3.218206450098936,0.46706399098076307,0.31533151143340143,1.0,0.6666666666666666,2.9412102616826212,0.8164868220481218,0.2776023301309381,"[10.205787666034217, 5.339469594205543, 3.7207923575565633, 3.2947646637720704, 3.218206450098936]","[[1, 4], [2, 4], [2, 4], [2, 4]]","[true, true, true, true, true]",0,4.0,0,1,1,"[[7, 5], [7, 5], [7, 5], [7, 5], [7, 5]]","[[9, 7], [9, 7], [9, 7], [9, 7], [9, 7]]","[[2, 2], [2, 2], [2, 2], [2, 2], [2, 2]]","[[2.8000000000000003, 2.0], [2.8000000000000003, 2.0], [2.8000000000000003, 2.0], [2.8000000000000003, 2.0], [2.8000000000000003, 2.0]]","[7.0, 5.0]",1.0,0.9973906683169811,0.6828128340000035
03_parameter_sensitivity|gamma_0p4|figure_eight--demand_conflict|n0_d1_m0|25003|v11_full,03_parameter_sensitivity,independent_seeded,S25003,25003,figure_eight--demand_conflict,figure_eight,demand_conflict,residual_delay_shrinkage,0.4,12,v11_full,0.4,5,0.65,n0_d1_m0,0.0,4,1.0,11.943424306382695,6.284659212594855,0.627801764049103,0.5262024567976091,1.0,0.8333333333333334,3.434114444626585,1.72221409127283,0.5015016590281686,"[11.943424306382695, 7.830214493738838, 6.68410178293968, 6.364053357168668, 6.284659212594855]","[[2, 4], [2, 4], [2, 4], [2, 4]]","[true, true, true, true, true]",0,4.0,0,1,1,"[[4, 8], [4, 8], [4, 8], [4, 8], [4, 8]]","[[6, 10], [6, 10], [6, 10], [6, 10], [6, 10]]","[[2, 2], [2, 2], [2, 2], [2, 2], [2, 2]]","[[1.6, 3.2], [1.6, 3.2], [1.6, 3.2], [1.6, 3.2], [1.6, 3.2]]","[4.0, 8.0]",0.5,0.9933936311303222,0.8889704580000171
03_parameter_sensitivity|gamma_0p4|figure_eight--demand_conflict|n0_d1_m0|25004|v11_full,03_parameter_sensitivity,independent_seeded,S25004,25004,figure_eight--demand_conflict,figure_eight,demand_conflict,residual_delay_shrinkage,0.4,12,v11_full,0.4,5,0.65,n0_d1_m0,0.0,4,1.0,10.33382828411624,4.88961797270429,0.5814867203983879,0.4731661721358335,1.0,0.8333333333333334,2.972442702426152,1.334987507076124,0.44912135934074937,"[10.33382828411624, 6.259220109405705, 5.223829284559873, 4.941163149987568, 4.88961797270429]","[[2, 4], [2, 4], [2, 4], [2, 4]]","[true, true, true, true, true]",0,4.0,0,1,1,"[[4, 7], [4, 7], [4, 7], [4, 7], [4, 7]]","[[6, 9], [6, 9], [6, 9], [6, 9], [6, 9]]","[[2, 2], [2, 2], [2, 2], [2, 2], [2, 2]]","[[1.6, 2.8000000000000003], [1.6, 2.8000000000000003], [1.6, 2.8000000000000003], [1.6, 2.8000000000000003], [1.6, 2.8000000000000003]]","[4.0, 7.0]",0.5,0.9959385274612041,0.7609750000000304
03_parameter_sensitivity|gamma_0p4|figure_eight--demand_conflict|n0_d1_m0|25005|v11_full,03_parameter_sensitivity,independent_seeded,S25005,25005,figure_eight--demand_conflict,figure_eight,demand_conflict,residual_delay_shrinkage,0.4,12,v11_full,0.4,5,0.65,n0_d1_m0,0.0,4,1.0,12.65732316490088,7.133557737851236,0.6579579376846363,0.563591341148087,1.0,1.0,3.642795192090087,1.9401673847495242,0.5326040258761666,"[12.65732316490088, 8.670806670025552, 7.532381797036584, 7.213316066306435, 7.133557737851236]","[[2, 4], [2, 4], [2, 4], [2, 4]]","[true, true, true, true, true]",0,4.0,0,1,1,"[[5, 8], [5, 8], [5, 8], [5, 8], [5, 8]]","[[7, 10], [7, 10], [7, 10], [7, 10], [7, 10]]","[[2, 2], [2, 2], [2, 2], [2, 2], [2, 2]]","[[2.0, 3.2], [2.0, 3.2], [2.0, 3.2], [2.0, 3.2], [2.0, 3.2]]","[5.0, 8.0]",0.5,0.9936166288403682,0.9561738329999798
03_parameter_sensitivity|gamma_0p4|figure_eight--demand_conflict|n0_d1_m0|25006|v11_full,03_parameter_sensitivity,independent_seeded,S25006,25006,figure_eight--demand_conflict,figure_eight,demand_conflict,residual_delay_shrinkage,0.4,12,v11_full,0.4,5,0.65,n0_d1_m0,0.0,4,1.0,11.568280104852967,6.6067480677349,0.6616209419472814,0.5711089295774683,0.8333333333333334,0.8333333333333334,3.4310419029031243,1.7316392426327338,0.5046977832499024,"[11.568280104852967, 7.871273178297819, 6.9759697156045055, 6.680508538535001, 6.6067480677349]","[[2, 4], [2, 4], [2, 4], [2, 4]]","[true, true, true, true, true]",0,4.0,0,1,1,"[[6, 7], [6, 7], [6, 7], [6, 7], [6, 7]]","[[8, 9], [8, 9], [8, 9], [8, 9], [8, 9]]","[[2, 2], [2, 2], [2, 2], [2, 2], [2, 2]]","[[2.4000000000000004, 2.8000000000000003], [2.4000000000000004, 2.8000000000000003], [2.4000000000000004, 2.8000000000000003], [2.4000000000000004, 2.8000000000000003], [2.4000000000000004, 2.8000000000000003]]","[6.0, 7.0]",1.0,0.9994463768975045,0.8103066249999529
03_parameter_sensitivity|gamma_0p4|figure_eight--demand_conflict|n1_d1_m1|25001|v11_full,03_parameter_sensitivity,independent_seeded,S25001,25001,figure_eight--demand_conflict,figure_eight,demand_conflict,residual_delay_shrinkage,0.4,12,v11_full,0.4,5,0.65,n1_d1_m1,0.05,4,1.7,11.677691315437041,7.116984683447448,0.6888743249743776,0.6094513454075741,0.8333333333333334,0.8333333333333334,3.547203318946834,1.8741576622549088,0.5283479670433289,"[11.677691315437041, 8.24314403482572, 7.388483926581144, 7.148880927874265, 7.116984683447448]","[[2, 4], [2, 4], [2, 4], [2, 4]]","[true, true, true, true, true]",0,4.0,0,1,1,"[[7, 7], [7, 7], [7, 7], [7, 7], [7, 7]]","[[9, 9], [9, 9], [9, 9], [9, 9], [9, 9]]","[[2, 2], [2, 2], [2, 2], [2, 2], [2, 2]]","[[2.8000000000000003, 2.8000000000000003], [2.8000000000000003, 2.8000000000000003], [2.8000000000000003, 2.8000000000000003], [2.8000000000000003, 2.8000000000000003], [2.8000000000000003, 2.8000000000000003]]","[7.0, 7.0]",0.5,0.9994534908255417,0.9137987080000016
03_parameter_sensitivity|gamma_0p4|figure_eight--demand_conflict|n1_d1_m1|25002|v11_full,03_parameter_sensitivity,independent_seeded,S25002,25002,figure_eight--demand_conflict,figure_eight,demand_conflict,residual_delay_shrinkage,0.4,12,v11_full,0.4,5,0.65,n1_d1_m1,0.05,4,1.7,9.444604032109284,2.3653519293143415,0.4273212794878032,0.2504447959144437,1.0,0.5,2.7197966276617676,0.6081350080261323,0.22359576515430538,"[9.444604032109284, 4.779461719829208, 2.973787734749748, 2.485293681735648, 2.3653519293143415]","[[1, 4], [2, 4], [2, 4], [2, 4]]","[true, true, true, true, true]",0,4.0,0,1,1,"[[7, 5], [7, 5], [7, 5], [7, 5], [7, 5]]","[[9, 7], [9, 7], [9, 7], [9, 7], [9, 7]]","[[2, 2], [2, 2], [2, 2], [2, 2], [2, 2]]","[[2.8000000000000003, 2.0], [2.8000000000000003, 2.0], [2.8000000000000003, 2.0], [2.8000000000000003, 2.0], [2.8000000000000003, 2.0]]","[7.0, 5.0]",1.0,0.9968634765882138,0.6911431660000176
03_parameter_sensitivity|gamma_0p4|figure_eight--demand_conflict|n1_d1_m1|25003|v11_full,03_parameter_sensitivity,independent_seeded,S25003,25003,figure_eight--demand_conflict,figure_eight,demand_conflict,residual_delay_shrinkage,0.4,12,v11_full,0.4,5,0.65,n1_d1_m1,0.05,4,1.7,11.569640299296164,5.95126013143455,0.6184899607730256,0.5143859253598915,1.0,0.8333333333333334,3.318112372978345,1.6364103905517946,0.49317509674422183,"[11.569640299296164, 7.535203685713489, 6.323756285415852, 6.003415312984107, 5.95126013143455]","[[2, 4], [2, 4], [2, 4], [2, 4]]","[true, true, true, true, true]",0,4.0,0,1,1,"[[4, 7], [4, 7], [4, 7], [4, 7], [4, 7]]","[[6, 9], [6, 9], [6, 9], [6, 9], [6, 9]]","[[2, 2], [2, 2], [2, 2], [2, 2], [2, 2]]","[[1.6, 2.8000000000000003], [1.6, 2.8000000000000003], [1.6, 2.8000000000000003], [1.6, 2.8000000000000003], [1.6, 2.8000000000000003]]","[4.0, 7.0]",1.0,0.9927666532344132,0.9119125000000281
03_parameter_sensitivity|gamma_0p4|figure_eight--demand_conflict|n1_d1_m1|25004|v11_full,03_parameter_sensitivity,independent_seeded,S25004,25004,figure_eight--demand_conflict,figure_eight,demand_conflict,residual_delay_shrinkage,0.4,12,v11_full,0.4,5,0.65,n1_d1_m1,0.05,4,1.7,10.318952142072382,4.697493501808166,0.5704468537798584,0.45522970134298507,1.0,0.8333333333333334,2.9536337273818942,1.285611123718713,0.4352642346274535,"[10.318952142072382, 6.178034854411961, 5.080137750364756, 4.779259708283492, 4.697493501808166]","[[2, 4], [2, 4], [2, 4], [2, 4]]","[true, true, true, true, true]",0,4.0,0,1,1,"[[4, 7], [4, 7], [4, 7], [4, 7], [4, 7]]","[[6, 9], [6, 9], [6, 9], [6, 9], [6, 9]]","[[2, 2], [2, 2], [2, 2], [2, 2], [2, 2]]","[[1.6, 2.8000000000000003], [1.6, 2.8000000000000003], [1.6, 2.8000000000000003], [1.6, 2.8000000000000003], [1.6, 2.8000000000000003]]","[4.0, 7.0]",0.5,0.9949233707961493,0.8989037499999881
03_parameter_sensitivity|gamma_0p4|figure_eight--demand_conflict|n1_d1_m1|25005|v11_full,03_parameter_sensitivity,independent_seeded,S25005,25005,figure_eight--demand_conflict,figure_eight,demand_conflict,residual_delay_shrinkage,0.4,12,v11_full,0.4,5,0.65,n1_d1_m1,0.05,4,1.7,13.208865916594977,7.419726064484317,0.656155839718529,0.561723172249219,1.0,1.0,3.7822836944178975,2.088184899760584,0.5520963175878218,"[13.208865916594977, 9.063133171695725, 7.803055939395168, 7.487812927300798, 7.419726064484317]","[[2, 4], [2, 4], [2, 4], [2, 4]]","[true, true, true, true, true]",0,4.0,0,1,1,"[[4, 8], [4, 8], [4, 8], [4, 8], [4, 8]]","[[6, 10], [6, 10], [6, 10], [6, 10], [6, 10]]","[[2, 2], [2, 2], [2, 2], [2, 2], [2, 2]]","[[1.6, 3.2], [1.6, 3.2], [1.6, 3.2], [1.6, 3.2], [1.6, 3.2]]","[4.0, 8.0]",1.0,0.9894734568129181,1.0270622500000286
03_parameter_sensitivity|gamma_0p4|figure_eight--demand_conflict|n1_d1_m1|25006|v11_full,03_parameter_sensitivity,independent_seeded,S25006,25006,figure_eight--demand_conflict,figure_eight,demand_conflict,residual_delay_shrinkage,0.4,12,v11_full,0.4,5,0.65,n1_d1_m1,0.05,4,1.7,10.804689433892133,5.789436326683925,0.632745000420373,0.5358262597093841,0.6666666666666666,0.8333333333333334,3.190097182857639,1.507440584286072,0.4725375115173546,"[10.804689433892133, 7.045719373973716, 6.14587763974774, 5.8577929875508215, 5.789436326683925]","[[2, 4], [2, 4], [2, 4], [2, 4]]","[true, true, true, true, true]",0,4.0,0,1,1,"[[6, 7], [6, 7], [6, 7], [6, 7], [6, 7]]","[[8, 9], [8, 9], [8, 9], [8, 9], [8, 9]]","[[2, 2], [2, 2], [2, 2], [2, 2], [2, 2]]","[[2.4000000000000004, 2.8000000000000003], [2.4000000000000004, 2.8000000000000003], [2.4000000000000004, 2.8000000000000003], [2.4000000000000004, 2.8000000000000003], [2.4000000000000004, 2.8000000000000003]]","[6.0, 7.0]",1.0,0.999178602968344,0.9601036249999879
03_parameter_sensitivity|gamma_0p4|harmonic_loop--demand_conflict|n0_d1_m0|25001|v11_full,03_parameter_sensitivity,independent_seeded,S25001,25001,harmonic_loop--demand_conflict,harmonic_loop,demand_conflict,residual_delay_shrinkage,0.4,12,v11_full,0.4,5,0.65,n0_d1_m0,0.0,4,1.0,8.99889140222643,3.4086775351106597,0.573647170746206,0.3787886065907311,1.0,0.6666666666666666,2.4660513006353546,1.0953347932594102,0.4441654530776418,"[8.99889140222643, 6.06011770731109, 4.511030837412692, 3.4086775351106597, 4.338965180021085]","[[2, 3], [3, 4], [3, 4], [1, 3]]","[true, true, true, true, false]",1,2.0,0,1,1,"[[7, 7], [7, 7], [7, 7], [7, 7], [7, 7]]","[[9, 9], [9, 9], [9, 9], [9, 9], [9, 9]]","[[2, 2], [2, 2], [2, 2], [2, 2], [2, 2]]","[[2.8000000000000003, 2.8000000000000003], [2.8000000000000003, 2.8000000000000003], [2.8000000000000003, 2.8000000000000003], [2.8000000000000003, 2.8000000000000003], [2.8000000000000003, 2.8000000000000003]]","[7.0, 7.0]",0.5,0.9997716424306144,0.675162333000003
03_parameter_sensitivity|gamma_0p4|harmonic_loop--demand_conflict|n0_d1_m0|25002|v11_full,03_parameter_sensitivity,independent_seeded,S25002,25002,harmonic_loop--demand_conflict,harmonic_loop,demand_conflict,residual_delay_shrinkage,0.4,12,v11_full,0.4,5,0.65,n0_d1_m0,0.0,4,1.0,8.1760226882683,2.3169866529135486,0.47763559714855375,0.28338799209035603,0.8333333333333334,0.6666666666666666,2.039212942951675,0.5009601489624523,0.24566348045895275,"[8.1760226882683, 4.860628902506932, 3.193786902252252, 2.319717440694506, 2.3169866529135486]","[[2, 3], [3, 4], [2, 4], [1, 3]]","[true, true, true, true, true]",0,4.0,0,1,1,"[[7, 5], [7, 5], [7, 5], [7, 5], [7, 5]]","[[9, 7], [9, 7], [9, 7], [9, 7], [9, 7]]","[[2, 2], [2, 2], [2, 2], [2, 2], [2, 2]]","[[2.8000000000000003, 2.0], [2.8000000000000003, 2.0], [2.8000000000000003, 2.0], [2.8000000000000003, 2.0], [2.8000000000000003, 2.0]]","[7.0, 5.0]",1.0,0.9972516176277778,0.4898981660000459
03_parameter_sensitivity|gamma_0p4|harmonic_loop--demand_conflict|n0_d1_m0|25003|v11_full,03_parameter_sensitivity,independent_seeded,S25003,25003,harmonic_loop--demand_conflict,harmonic_loop,demand_conflict,residual_delay_shrinkage,0.4,12,v11_full,0.4,5,0.65,n0_d1_m0,0.0,4,1.0,8.574357152477088,4.079327261115779,0.6191352641634084,0.47575896228410336,0.8333333333333334,0.8333333333333334,2.19461231466453,1.1908712490154494,0.5426339955617567,"[8.574357152477088, 5.640484200110633, 5.129604237129633, 4.079327261115779, 4.1963064958533165]","[[2, 3], [1, 3], [3, 4], [2, 3]]","[true, true, true, true, false]",1,2.0,0,1,1,"[[4, 7], [4, 7], [4, 7], [4, 7], [4, 7]]","[[6, 9], [6, 9], [6, 9], [6, 9], [6, 9]]","[[2, 2], [2, 2], [2, 2], [2, 2], [2, 2]]","[[1.6, 2.8000000000000003], [1.6, 2.8000000000000003], [1.6, 2.8000000000000003], [1.6, 2.8000000000000003], [1.6, 2.8000000000000003]]","[4.0, 7.0]",1.0,0.9953034322518515,0.5693184169999768
03_parameter_sensitivity|gamma_0p4|harmonic_loop--demand_conflict|n0_d1_m0|25004|v11_full,03_parameter_sensitivity,independent_seeded,S25004,25004,harmonic_loop--demand_conflict,harmonic_loop,demand_conflict,residual_delay_shrinkage,0.4,12,v11_full,0.4,5,0.65,n0_d1_m0,0.0,4,1.0,7.397759230051182,2.5377823212208424,0.5346715008744527,0.3430474340002661,1.0,0.8333333333333334,1.9138760484106219,0.914286514954622,0.4777145916601502,"[7.397759230051182, 4.640493732133063, 3.407918463458662, 2.805301151329467, 2.5377823212208424]","[[2, 3], [3, 4], [3, 4], [3, 4]]","[true, true, true, true, true]",0,4.0,0,1,1,"[[4, 7], [4, 7], [4, 7], [4, 7], [4, 7]]","[[6, 9], [6, 9], [6, 9], [6, 9], [6, 9]]","[[2, 2], [2, 2], [2, 2], [2, 2], [2, 2]]","[[1.6, 2.8000000000000003], [1.6, 2.8000000000000003], [1.6, 2.8000000000000003], [1.6, 2.8000000000000003], [1.6, 2.8000000000000003]]","[4.0, 7.0]",0.5,0.9967476990372459,0.5327673749999917
03_parameter_sensitivity|gamma_0p4|harmonic_loop--demand_conflict|n0_d1_m0|25005|v11_full,03_parameter_sensitivity,independent_seeded,S25005,25005,harmonic_loop--demand_conflict,harmonic_loop,demand_conflict,residual_delay_shrinkage,0.4,12,v11_full,0.4,5,0.65,n0_d1_m0,0.0,4,1.0,9.152116894160674,4.5884523018186965,0.6460331596672508,0.5013542063417336,1.0,0.8333333333333334,2.3500559742655738,1.3183128309015295,0.5609708216901179,"[9.152116894160674, 6.290971130003999, 5.743085046003486, 4.5884523018186965, 4.903434108416132]","[[2, 3], [1, 3], [3, 4], [2, 3]]","[true, true, true, true, false]",1,2.0,0,1,1,"[[5, 8], [5, 8], [5, 8], [5, 8], [5, 8]]","[[7, 10], [7, 10], [7, 10], [7, 10], [7, 10]]","[[2, 2], [2, 2], [2, 2], [2, 2], [2, 2]]","[[2.0, 3.2], [2.0, 3.2], [2.0, 3.2], [2.0, 3.2], [2.0, 3.2]]","[5.0, 8.0]",0.5,0.9945812867442285,0.6263035409999702
03_parameter_sensitivity|gamma_0p4|harmonic_loop--demand_conflict|n0_d1_m0|25006|v11_full,03_parameter_sensitivity,independent_seeded,S25006,25006,harmonic_loop--demand_conflict,harmonic_loop,demand_conflict,residual_delay_shrinkage,0.4,12,v11_full,0.4,5,0.65,n0_d1_m0,0.0,4,1.0,8.536642392877095,3.4893733125923188,0.5811730036046016,0.4087524288827916,1.0,0.6666666666666666,2.3239425180567728,1.1373584046719352,0.48940900897280715,"[8.536642392877095, 5.6958342425605935, 4.409772256119242, 3.4893733125923188, 3.9635267859126335]","[[2, 3], [3, 4], [3, 4], [2, 3]]","[true, true, true, true, false]",1,2.0,0,1,1,"[[6, 7], [6, 7], [6, 7], [6, 7], [6, 7]]","[[8, 9], [8, 9], [8, 9], [8, 9], [8, 9]]","[[2, 2], [2, 2], [2, 2], [2, 2], [2, 2]]","[[2.4000000000000004, 2.8000000000000003], [2.4000000000000004, 2.8000000000000003], [2.4000000000000004, 2.8000000000000003], [2.4000000000000004, 2.8000000000000003], [2.4000000000000004, 2.8000000000000003]]","[6.0, 7.0]",1.0,0.9995474783333061,0.6155581250000068
03_parameter_sensitivity|gamma_0p4|harmonic_loop--demand_conflict|n1_d1_m1|25001|v11_full,03_parameter_sensitivity,independent_seeded,S25001,25001,harmonic_loop--demand_conflict,harmonic_loop,demand_conflict,residual_delay_shrinkage,0.4,12,v11_full,0.4,5,0.65,n1_d1_m1,0.05,4,1.7,8.86701486508597,3.7907491083266365,0.6268123097293186,0.4275113063419775,1.0,0.6666666666666666,2.4949899882297855,1.2499942374931754,0.501001704772393,"[8.86701486508597, 6.388723101509045, 5.094255689255309, 3.7907491083266365, 5.049161880641957]","[[2, 3], [3, 4], [3, 4], [1, 3]]","[true, true, true, true, false]",1,2.0,0,1,1,"[[7, 7], [7, 7], [7, 7], [7, 7], [7, 7]]","[[9, 9], [9, 9], [9, 9], [9, 9], [9, 9]]","[[2, 2], [2, 2], [2, 2], [2, 2], [2, 2]]","[[2.8000000000000003, 2.8000000000000003], [2.8000000000000003, 2.8000000000000003], [2.8000000000000003, 2.8000000000000003], [2.8000000000000003, 2.8000000000000003], [2.8000000000000003, 2.8000000000000003]]","[7.0, 7.0]",0.5,0.998985385745627,0.7897922910000261
03_parameter_sensitivity|gamma_0p4|harmonic_loop--demand_conflict|n1_d1_m1|25002|v11_full,03_parameter_sensitivity,independent_seeded,S25002,25002,harmonic_loop--demand_conflict,harmonic_loop,demand_conflict,residual_delay_shrinkage,0.4,12,v11_full,0.4,5,0.65,n1_d1_m1,0.05,4,1.7,7.544353028411633,1.9519023154033042,0.46913725875903084,0.258723618586318,0.8333333333333334,0.6666666666666666,1.8750192561065957,0.43069201614090813,0.22970004960654286,"[7.544353028411633, 4.478949670161221, 2.8556384409967777, 2.0746326123722394, 1.9519023154033042]","[[2, 3], [3, 4], [2, 4], [1, 3]]","[true, true, true, true, true]",0,4.0,0,1,1,"[[7, 5], [7, 5], [7, 5], [7, 5], [7, 5]]","[[9, 7], [9, 7], [9, 7], [9, 7], [9, 7]]","[[2, 2], [2, 2], [2, 2], [2, 2], [2, 2]]","[[2.8000000000000003, 2.0], [2.8000000000000003, 2.0], [2.8000000000000003, 2.0], [2.8000000000000003, 2.0], [2.8000000000000003, 2.0]]","[7.0, 5.0]",1.0,0.9975057431338541,0.5876748750000047
03_parameter_sensitivity|gamma_0p4|harmonic_loop--demand_conflict|n1_d1_m1|25003|v11_full,03_parameter_sensitivity,independent_seeded,S25003,25003,harmonic_loop--demand_conflict,harmonic_loop,demand_conflict,residual_delay_shrinkage,0.4,12,v11_full,0.4,5,0.65,n1_d1_m1,0.05,4,1.7,8.238858540839244,3.2802283522515614,0.6035282339442432,0.39814111821337617,0.8333333333333334,0.8333333333333334,2.1077823925540953,1.1006600264676487,0.5221886426017295,"[8.238858540839244, 5.315256295938906, 4.983553893914339, 3.8311813430779638, 3.2802283522515614]","[[2, 3], [2, 3], [3, 4], [3, 4]]","[true, true, true, true, true]",0,4.0,0,1,1,"[[4, 7], [4, 7], [4, 7], [4, 7], [4, 7]]","[[6, 9], [6, 9], [6, 9], [6, 9], [6, 9]]","[[2, 2], [2, 2], [2, 2], [2, 2], [2, 2]]","[[1.6, 2.8000000000000003], [1.6, 2.8000000000000003], [1.6, 2.8000000000000003], [1.6, 2.8000000000000003], [1.6, 2.8000000000000003]]","[4.0, 7.0]",1.0,0.9949861779556464,0.7115634580000005
03_parameter_sensitivity|gamma_0p4|harmonic_loop--demand_conflict|n1_d1_m1|25004|v11_full,03_parameter_sensitivity,independent_seeded,S25004,25004,harmonic_loop--demand_conflict,harmonic_loop,demand_conflict,residual_delay_shrinkage,0.4,12,v11_full,0.4,5,0.65,n1_d1_m1,0.05,4,1.7,7.294331283118729,2.5935093613029307,0.5557603524286547,0.35555135359770257,1.0,0.8333333333333334,1.8835316528462713,0.9570378797745578,0.50810820106386,"[7.294331283118729, 4.779967517830495, 3.5652456142982882, 2.926467044210088, 2.5935093613029307]","[[2, 3], [3, 4], [3, 4], [3, 4]]","[true, true, true, true, true]",0,4.0,0,1,1,"[[4, 7], [4, 7], [4, 7], [4, 7], [4, 7]]","[[6, 9], [6, 9], [6, 9], [6, 9], [6, 9]]","[[2, 2], [2, 2], [2, 2], [2, 2], [2, 2]]","[[1.6, 2.8000000000000003], [1.6, 2.8000000000000003], [1.6, 2.8000000000000003], [1.6, 2.8000000000000003], [1.6, 2.8000000000000003]]","[4.0, 7.0]",0.5,0.9958094120710981,0.6994863749999922
03_parameter_sensitivity|gamma_0p4|harmonic_loop--demand_conflict|n1_d1_m1|25005|v11_full,03_parameter_sensitivity,independent_seeded,S25005,25005,harmonic_loop--demand_conflict,harmonic_loop,demand_conflict,residual_delay_shrinkage,0.4,12,v11_full,0.4,5,0.65,n1_d1_m1,0.05,4,1.7,9.516513563736712,6.667958990304191,0.7527546050291747,0.700672462204318,0.8333333333333334,0.8333333333333334,2.420289824794433,1.7734337731148944,0.7327361190164573,"[9.516513563736712, 6.667958990304191, 6.88625503729703, 6.911619603085004, 6.860614446294139]","[[2, 3], [1, 3], [1, 3], [1, 3]]","[true, true, false, false, false]",3,0.5,0,1,1,"[[4, 8], [5, 8], [5, 8], [5, 8], [5, 8]]","[[6, 10], [7, 10], [7, 10], [7, 10], [7, 10]]","[[2, 2], [2, 2], [2, 2], [2, 2], [2, 2]]","[[1.6, 3.2], [1.8, 3.2], [2.0, 3.2], [2.0, 3.2], [2.0, 3.2]]","[5.0, 8.0]",0.5,0.9913691079300442,0.7519714579999572
03_parameter_sensitivity|gamma_0p4|harmonic_loop--demand_conflict|n1_d1_m1|25006|v11_full,03_parameter_sensitivity,independent_seeded,S25006,25006,harmonic_loop--demand_conflict,harmonic_loop,demand_conflict,residual_delay_shrinkage,0.4,12,v11_full,0.4,5,0.65,n1_d1_m1,0.05,4,1.7,7.923445882788174,2.8105137365470947,0.5646453185822764,0.3547085167391975,1.0,0.6666666666666666,2.1567230813337837,1.009270107096233,0.46796462458781196,"[7.923445882788174, 5.329916575129429, 4.072550094794534, 3.1263000194338204, 2.8105137365470947]","[[2, 3], [3, 4], [3, 4], [3, 4]]","[true, true, true, true, true]",0,4.0,0,1,1,"[[6, 7], [6, 7], [6, 7], [6, 7], [6, 7]]","[[8, 9], [8, 9], [8, 9], [8, 9], [8, 9]]","[[2, 2], [2, 2], [2, 2], [2, 2], [2, 2]]","[[2.4000000000000004, 2.8000000000000003], [2.4000000000000004, 2.8000000000000003], [2.4000000000000004, 2.8000000000000003], [2.4000000000000004, 2.8000000000000003], [2.4000000000000004, 2.8000000000000003]]","[6.0, 7.0]",1.0,0.9992886954285451,0.7172986670000228
03_parameter_sensitivity|gamma_0p4|rounded_square--demand_conflict|n0_d1_m0|25001|v11_full,03_parameter_sensitivity,independent_seeded,S25001,25001,rounded_square--demand_conflict,rounded_square,demand_conflict,residual_delay_shrinkage,0.4,12,v11_full,0.4,5,0.65,n0_d1_m0,0.0,4,1.0,12.878324196240044,9.040380279619567,0.7672221394580332,0.7019842133077374,1.0,0.8333333333333334,2.734247150516419,2.227616163751637,0.8147091470245861,"[12.878324196240044, 10.15818604691005, 9.354577727669284, 9.040380279619567, 9.059671235149697]","[[1, 2], [2, 4], [2, 4], [2, 4]]","[true, true, true, true, false]",1,2.0,0,1,1,"[[7, 7], [7, 7], [7, 7], [7, 7], [7, 7]]","[[9, 9], [9, 9], [9, 9], [9, 9], [9, 9]]","[[2, 2], [2, 2], [2, 2], [2, 2], [2, 2]]","[[2.8000000000000003, 2.8000000000000003], [2.8000000000000003, 2.8000000000000003], [2.8000000000000003, 2.8000000000000003], [2.8000000000000003, 2.8000000000000003], [2.8000000000000003, 2.8000000000000003]]","[7.0, 7.0]",0.5,0.9996413791967995,0.6326676670000211
03_parameter_sensitivity|gamma_0p4|rounded_square--demand_conflict|n0_d1_m0|25002|v11_full,03_parameter_sensitivity,independent_seeded,S25002,25002,rounded_square--demand_conflict,rounded_square,demand_conflict,residual_delay_shrinkage,0.4,12,v11_full,0.4,5,0.65,n0_d1_m0,0.0,4,1.0,10.609358139352715,7.648254722003323,0.8112868130510154,0.7208970252058952,0.8333333333333334,0.8333333333333334,2.4987575237146307,1.7687882698368764,0.7078671111742814,"[10.609358139352715, 9.102241921085783, 7.648254722003323, 8.249169133869195, 8.249169133869195]","[[2, 4], [2, 3], [2, 4], [2, 4]]","[true, true, true, false, false]",2,1.0,0,1,1,"[[7, 5], [7, 5], [7, 5], [7, 5], [7, 5]]","[[9, 7], [9, 7], [9, 7], [9, 7], [9, 7]]","[[2, 2], [2, 2], [2, 2], [2, 2], [2, 2]]","[[2.8000000000000003, 2.0], [2.8000000000000003, 2.0], [2.8000000000000003, 2.0], [2.8000000000000003, 2.0], [2.8000000000000003, 2.0]]","[7.0, 5.0]",1.0,0.9963475482674213,0.5875236250000171
03_parameter_sensitivity|gamma_0p4|rounded_square--demand_conflict|n0_d1_m0|25003|v11_full,03_parameter_sensitivity,independent_seeded,S25003,25003,rounded_square--demand_conflict,rounded_square,demand_conflict,residual_delay_shrinkage,0.4,12,v11_full,0.4,5,0.65,n0_d1_m0,0.0,4,1.0,12.667453428070658,7.7820932117506345,0.686227344747787,0.6143376216805955,1.0,0.8333333333333334,2.9130061268567298,1.993454194514721,0.6843288711739689,"[12.667453428070658, 8.83314007770585, 7.92527991108788, 7.787818413940343, 7.7820932117506345]","[[1, 4], [1, 4], [1, 4], [1, 4]]","[true, true, true, true, true]",0,4.0,0,1,1,"[[4, 7], [4, 7], [4, 7], [4, 7], [4, 7]]","[[6, 9], [6, 9], [6, 9], [6, 9], [6, 9]]","[[2, 2], [2, 2], [2, 2], [2, 2], [2, 2]]","[[1.6, 2.8000000000000003], [1.6, 2.8000000000000003], [1.6, 2.8000000000000003], [1.6, 2.8000000000000003], [1.6, 2.8000000000000003]]","[4.0, 7.0]",1.0,0.99167184770774,0.6384767910000164
03_parameter_sensitivity|gamma_0p4|rounded_square--demand_conflict|n0_d1_m0|25004|v11_full,03_parameter_sensitivity,independent_seeded,S25004,25004,rounded_square--demand_conflict,rounded_square,demand_conflict,residual_delay_shrinkage,0.4,12,v11_full,0.4,5,0.65,n0_d1_m0,0.0,4,1.0,10.936409882598811,6.268877632971195,0.6524606274114986,0.5732116572318453,1.0,0.8333333333333334,2.4692788937523678,1.4825099600083758,0.600381740498953,"[10.936409882598811, 7.055416086948293, 6.609300511581603, 6.274947058204036, 6.268877632971195]","[[1, 4], [1, 2], [1, 4], [2, 4]]","[true, true, true, true, true]",0,4.0,0,1,1,"[[4, 7], [4, 7], [4, 7], [4, 7], [4, 7]]","[[6, 9], [6, 9], [6, 9], [6, 9], [6, 9]]","[[2, 2], [2, 2], [2, 2], [2, 2], [2, 2]]","[[1.6, 2.8000000000000003], [1.6, 2.8000000000000003], [1.6, 2.8000000000000003], [1.6, 2.8000000000000003], [1.6, 2.8000000000000003]]","[4.0, 7.0]",0.5,0.9942562358910403,0.5908379159999981
03_parameter_sensitivity|gamma_0p4|rounded_square--demand_conflict|n0_d1_m0|25005|v11_full,03_parameter_sensitivity,independent_seeded,S25005,25005,rounded_square--demand_conflict,rounded_square,demand_conflict,residual_delay_shrinkage,0.4,12,v11_full,0.4,5,0.65,n0_d1_m0,0.0,4,1.0,13.449428834251158,8.965252697203132,0.7281003757871394,0.666589846133217,1.0,0.8333333333333334,3.021275814696837,2.1835263018150526,0.7227166388429034,"[13.449428834251158, 9.883377880371775, 9.09858986928324, 8.980828237980468, 8.965252697203132]","[[1, 4], [1, 4], [1, 4], [1, 4]]","[true, true, true, true, true]",0,4.0,0,1,1,"[[5, 8], [5, 8], [5, 8], [5, 8], [5, 8]]","[[7, 10], [7, 10], [7, 10], [7, 10], [7, 10]]","[[2, 2], [2, 2], [2, 2], [2, 2], [2, 2]]","[[2.0, 3.2], [2.0, 3.2], [2.0, 3.2], [2.0, 3.2], [2.0, 3.2]]","[5.0, 8.0]",0.5,0.9917811281950285,0.8121490830000084
03_parameter_sensitivity|gamma_0p4|rounded_square--demand_conflict|n0_d1_m0|25006|v11_full,03_parameter_sensitivity,independent_seeded,S25006,25006,rounded_square--demand_conflict,rounded_square,demand_conflict,residual_delay_shrinkage,0.4,12,v11_full,0.4,5,0.65,n0_d1_m0,0.0,4,1.0,12.668752557348686,8.713558877823289,0.756480772439687,0.6877992792407069,1.0,0.8333333333333334,2.6027135139067417,1.937595911210455,0.744452242191678,"[12.668752557348686, 9.860952389888574, 8.977201970245934, 8.805360804001083, 8.713558877823289]","[[1, 2], [2, 4], [2, 4], [2, 4]]","[true, true, true, true, true]",0,4.0,0,1,1,"[[6, 7], [6, 7], [6, 7], [6, 7], [6, 7]]","[[8, 9], [8, 9], [8, 9], [8, 9], [8, 9]]","[[2, 2], [2, 2], [2, 2], [2, 2], [2, 2]]","[[2.4000000000000004, 2.8000000000000003], [2.4000000000000004, 2.8000000000000003], [2.4000000000000004, 2.8000000000000003], [2.4000000000000004, 2.8000000000000003], [2.4000000000000004, 2.8000000000000003]]","[6.0, 7.0]",1.0,0.9992692681682294,0.7505320410000422
03_parameter_sensitivity|gamma_0p4|rounded_square--demand_conflict|n1_d1_m1|25001|v11_full,03_parameter_sensitivity,independent_seeded,S25001,25001,rounded_square--demand_conflict,rounded_square,demand_conflict,residual_delay_shrinkage,0.4,12,v11_full,0.4,5,0.65,n1_d1_m1,0.05,4,1.7,13.018710329567652,9.161401207764799,0.771616801578391,0.703710350399128,1.0,0.8333333333333334,2.7142490987481973,2.2246862455085585,0.8196323051316758,"[13.018710329567652, 10.302504021059207, 9.535097034218529, 9.25416567676224, 9.161401207764799]","[[1, 2], [2, 4], [2, 4], [2, 4]]","[true, true, true, true, true]",0,4.0,0,1,1,"[[7, 7], [7, 7], [7, 7], [7, 7], [7, 7]]","[[9, 9], [9, 9], [9, 9], [9, 9], [9, 9]]","[[2, 2], [2, 2], [2, 2], [2, 2], [2, 2]]","[[2.8000000000000003, 2.8000000000000003], [2.8000000000000003, 2.8000000000000003], [2.8000000000000003, 2.8000000000000003], [2.8000000000000003, 2.8000000000000003], [2.8000000000000003, 2.8000000000000003]]","[7.0, 7.0]",0.5,0.9994362677881279,0.746184707999987
03_parameter_sensitivity|gamma_0p4|rounded_square--demand_conflict|n1_d1_m1|25002|v11_full,03_parameter_sensitivity,independent_seeded,S25002,25002,rounded_square--demand_conflict,rounded_square,demand_conflict,residual_delay_shrinkage,0.4,12,v11_full,0.4,5,0.65,n1_d1_m1,0.05,4,1.7,9.938895279283194,7.029636005469449,0.7972200307068573,0.7072854485268744,0.8333333333333334,0.8333333333333334,2.3335768553918896,1.6081132700398608,0.6891194803908878,"[9.938895279283194, 8.490267221852015, 7.029636005469449, 7.46972982133766, 7.46972982133766]","[[2, 4], [2, 3], [2, 4], [2, 4]]","[true, true, true, false, false]",2,1.0,0,1,1,"[[7, 5], [7, 5], [7, 5], [7, 5], [7, 5]]","[[9, 7], [9, 7], [9, 7], [9, 7], [9, 7]]","[[2, 2], [2, 2], [2, 2], [2, 2], [2, 2]]","[[2.8000000000000003, 2.0], [2.8000000000000003, 2.0], [2.8000000000000003, 2.0], [2.8000000000000003, 2.0], [2.8000000000000003, 2.0]]","[7.0, 5.0]",1.0,0.9964858447375469,0.8486355419999541
03_parameter_sensitivity|gamma_0p4|rounded_square--demand_conflict|n1_d1_m1|25003|v11_full,03_parameter_sensitivity,independent_seeded,S25003,25003,rounded_square--demand_conflict,rounded_square,demand_conflict,residual_delay_shrinkage,0.4,12,v11_full,0.4,5,0.65,n1_d1_m1,0.05,4,1.7,12.197438303545976,7.242256389934747,0.6700720725959752,0.5937522461441199,1.0,0.8333333333333334,2.8509579756317676,1.905306950885861,0.6683041164307756,"[12.197438303545976, 8.330358272778257, 7.391794600205374, 7.242256389934747, 7.259045285965976]","[[1, 4], [1, 4], [1, 4], [1, 4]]","[true, true, true, true, false]",1,2.0,0,1,1,"[[4, 7], [4, 7], [4, 7], [4, 7], [4, 7]]","[[6, 9], [6, 9], [6, 9], [6, 9], [6, 9]]","[[2, 2], [2, 2], [2, 2], [2, 2], [2, 2]]","[[1.6, 2.8000000000000003], [1.6, 2.8000000000000003], [1.6, 2.8000000000000003], [1.6, 2.8000000000000003], [1.6, 2.8000000000000003]]","[4.0, 7.0]",1.0,0.9915604366329094,0.7449275420000276
03_parameter_sensitivity|gamma_0p4|rounded_square--demand_conflict|n1_d1_m1|25004|v11_full,03_parameter_sensitivity,independent_seeded,S25004,25004,rounded_square--demand_conflict,rounded_square,demand_conflict,residual_delay_shrinkage,0.4,12,v11_full,0.4,5,0.65,n1_d1_m1,0.05,4,1.7,10.811479195275698,5.857695908308483,0.6309519945887572,0.5418033742198871,1.0,0.8333333333333334,2.5216385907499954,1.5048792174117231,0.5967862416652404,"[10.811479195275698, 6.79154848903924, 6.262734691884063, 5.857695908308483, 5.936757527973152]","[[1, 4], [2, 4], [1, 4], [2, 4]]","[true, true, true, true, false]",1,2.0,0,1,1,"[[4, 7], [4, 7], [4, 7], [4, 7], [4, 7]]","[[6, 9], [6, 9], [6, 9], [6, 9], [6, 9]]","[[2, 2], [2, 2], [2, 2], [2, 2], [2, 2]]","[[1.6, 2.8000000000000003], [1.6, 2.8000000000000003], [1.6, 2.8000000000000003], [1.6, 2.8000000000000003], [1.6, 2.8000000000000003]]","[4.0, 7.0]",0.5,0.9925379573073084,0.7612560840000242
03_parameter_sensitivity|gamma_0p4|rounded_square--demand_conflict|n1_d1_m1|25005|v11_full,03_parameter_sensitivity,independent_seeded,S25005,25005,rounded_square--demand_conflict,rounded_square,demand_conflict,residual_delay_shrinkage,0.4,12,v11_full,0.4,5,0.65,n1_d1_m1,0.05,4,1.7,13.809962620752362,8.69750759569021,0.7026978644105034,0.6297995030500939,1.0,0.8333333333333334,3.3028687880947087,2.243652731987292,0.6793042279107807,"[13.809962620752362, 9.88335949791655, 8.948047342583571, 8.731783016044847, 8.69750759569021]","[[1, 4], [1, 4], [1, 4], [1, 4]]","[true, true, true, true, true]",0,4.0,0,1,1,"[[4, 8], [4, 8], [4, 8], [4, 8], [4, 8]]","[[6, 10], [6, 10], [6, 10], [6, 10], [6, 10]]","[[2, 2], [2, 2], [2, 2], [2, 2], [2, 2]]","[[1.6, 3.2], [1.6, 3.2], [1.6, 3.2], [1.6, 3.2], [1.6, 3.2]]","[4.0, 8.0]",1.0,0.9866035894298496,0.8044339160000504
03_parameter_sensitivity|gamma_0p4|rounded_square--demand_conflict|n1_d1_m1|25006|v11_full,03_parameter_sensitivity,independent_seeded,S25006,25006,rounded_square--demand_conflict,rounded_square,demand_conflict,residual_delay_shrinkage,0.4,12,v11_full,0.4,5,0.65,n1_d1_m1,0.05,4,1.7,11.789988627730645,7.92425454409578,0.7445076261887998,0.672117233892621,1.0,0.8333333333333334,2.4148354352553416,1.7549367847494977,0.7267314199254877,"[11.789988627730645, 9.190779050563718, 8.147630175710523, 7.92425454409578, 7.9065753997268295]","[[1, 2], [2, 4], [2, 4], [2, 4]]","[true, true, true, true, false]",1,2.0,0,1,1,"[[6, 7], [6, 7], [6, 7], [6, 7], [6, 7]]","[[8, 9], [8, 9], [8, 9], [8, 9], [8, 9]]","[[2, 2], [2, 2], [2, 2], [2, 2], [2, 2]]","[[2.4000000000000004, 2.8000000000000003], [2.4000000000000004, 2.8000000000000003], [2.4000000000000004, 2.8000000000000003], [2.4000000000000004, 2.8000000000000003], [2.4000000000000004, 2.8000000000000003]]","[6.0, 7.0]",1.0,0.998799907432504,0.7959530420000078
03_parameter_sensitivity|gamma_0p4|s_curve--demand_conflict|n0_d1_m0|25001|v11_full,03_parameter_sensitivity,independent_seeded,S25001,25001,s_curve--demand_conflict,s_curve,demand_conflict,residual_delay_shrinkage,0.4,12,v11_full,0.4,5,0.65,n0_d1_m0,0.0,4,1.0,5.889184724160488,1.1713962024650169,0.4762968286894643,0.1989063439731042,0.8333333333333334,0.16666666666666666,1.4287283043904688,0.8206296041535627,0.5743776487326355,"[5.889184724160488, 3.7640550853673265, 2.4255123814457202, 1.5001421006105122, 1.1713962024650169]","[[2, 4], [2, 4], [2, 4], [2, 4]]","[true, true, true, true, true]",0,4.0,0,1,1,"[[7, 7], [7, 7], [7, 7], [7, 7], [7, 7]]","[[9, 9], [9, 9], [9, 9], [9, 9], [9, 9]]","[[2, 2], [2, 2], [2, 2], [2, 2], [2, 2]]","[[2.8000000000000003, 2.8000000000000003], [2.8000000000000003, 2.8000000000000003], [2.8000000000000003, 2.8000000000000003], [2.8000000000000003, 2.8000000000000003], [2.8000000000000003, 2.8000000000000003]]","[7.0, 7.0]",0.5,0.9994586997598345,0.5782734160000018
03_parameter_sensitivity|gamma_0p4|s_curve--demand_conflict|n0_d1_m0|25002|v11_full,03_parameter_sensitivity,independent_seeded,S25002,25002,s_curve--demand_conflict,s_curve,demand_conflict,residual_delay_shrinkage,0.4,12,v11_full,0.4,5,0.65,n0_d1_m0,0.0,4,1.0,4.161383072292191,0.43738377190656635,0.3867563467393057,0.10510538547119258,0.6666666666666666,0.0,1.147711003813104,0.4260282860627034,0.37119822381007583,"[4.161383072292191, 2.1895983849142895, 1.2316978053278005, 0.7170856453485941, 0.43738377190656635]","[[2, 4], [2, 4], [2, 4], [2, 4]]","[true, true, true, true, true]",0,4.0,0,1,1,"[[7, 5], [7, 5], [7, 5], [7, 5], [7, 5]]","[[9, 7], [9, 7], [9, 7], [9, 7], [9, 7]]","[[2, 2], [2, 2], [2, 2], [2, 2], [2, 2]]","[[2.8000000000000003, 2.0], [2.8000000000000003, 2.0], [2.8000000000000003, 2.0], [2.8000000000000003, 2.0], [2.8000000000000003, 2.0]]","[7.0, 5.0]",1.0,0.9961871159319566,0.495669625000005
03_parameter_sensitivity|gamma_0p4|s_curve--demand_conflict|n0_d1_m0|25003|v11_full,03_parameter_sensitivity,independent_seeded,S25003,25003,s_curve--demand_conflict,s_curve,demand_conflict,residual_delay_shrinkage,0.4,12,v11_full,0.4,5,0.65,n0_d1_m0,0.0,4,1.0,7.045089738078795,1.9749360636530793,0.4802204062267743,0.2803280209446483,1.0,0.16666666666666666,1.4769385389837075,0.8824152653103362,0.5974624143246562,"[7.045089738078795, 4.146344791988227, 2.6874293609904445, 2.188996369852503, 1.9749360636530793]","[[2, 4], [3, 4], [2, 4], [2, 4]]","[true, true, true, true, true]",0,4.0,0,1,1,"[[4, 7], [4, 7], [4, 7], [4, 7], [4, 7]]","[[6, 9], [6, 9], [6, 9], [6, 9], [6, 9]]","[[2, 2], [2, 2], [2, 2], [2, 2], [2, 2]]","[[1.6, 2.8000000000000003], [1.6, 2.8000000000000003], [1.6, 2.8000000000000003], [1.6, 2.8000000000000003], [1.6, 2.8000000000000003]]","[4.0, 7.0]",1.0,0.9912598137801357,0.6229172500000004
03_parameter_sensitivity|gamma_0p4|s_curve--demand_conflict|n0_d1_m0|25004|v11_full,03_parameter_sensitivity,independent_seeded,S25004,25004,s_curve--demand_conflict,s_curve,demand_conflict,residual_delay_shrinkage,0.4,12,v11_full,0.4,5,0.65,n0_d1_m0,0.0,4,1.0,5.9434022494458185,0.7708253406506356,0.407594504838518,0.12969429096314486,1.0,0.0,1.271164962007702,0.7153594553996657,0.5627589469346398,"[5.9434022494458185, 3.353093223912063, 1.8894889964449062, 1.0902963722708126, 0.7708253406506356]","[[2, 4], [2, 4], [2, 4], [2, 4]]","[true, true, true, true, true]",0,4.0,0,1,1,"[[4, 7], [4, 7], [4, 7], [4, 7], [4, 7]]","[[6, 9], [6, 9], [6, 9], [6, 9], [6, 9]]","[[2, 2], [2, 2], [2, 2], [2, 2], [2, 2]]","[[1.6, 2.8000000000000003], [1.6, 2.8000000000000003], [1.6, 2.8000000000000003], [1.6, 2.8000000000000003], [1.6, 2.8000000000000003]]","[4.0, 7.0]",0.5,0.9945437863402936,0.5865364160000013
03_parameter_sensitivity|gamma_0p4|s_curve--demand_conflict|n0_d1_m0|25005|v11_full,03_parameter_sensitivity,independent_seeded,S25005,25005,s_curve--demand_conflict,s_curve,demand_conflict,residual_delay_shrinkage,0.4,12,v11_full,0.4,5,0.65,n0_d1_m0,0.0,4,1.0,7.462057935954583,2.4723084864047196,0.5239640957492849,0.3313172462106393,1.0,0.3333333333333333,1.576170369395593,0.9760743829113985,0.6192695928459112,"[7.462057935954583, 4.647078405711773, 3.2967579402413816, 2.728382198232066, 2.4723084864047196]","[[2, 4], [2, 4], [2, 4], [2, 4]]","[true, true, true, true, true]",0,4.0,0,1,1,"[[5, 8], [5, 8], [5, 8], [5, 8], [5, 8]]","[[7, 10], [7, 10], [7, 10], [7, 10], [7, 10]]","[[2, 2], [2, 2], [2, 2], [2, 2], [2, 2]]","[[2.0, 3.2], [2.0, 3.2], [2.0, 3.2], [2.0, 3.2], [2.0, 3.2]]","[5.0, 8.0]",0.5,0.9908833082702284,0.674617249999983
03_parameter_sensitivity|gamma_0p4|s_curve--demand_conflict|n0_d1_m0|25006|v11_full,03_parameter_sensitivity,independent_seeded,S25006,25006,s_curve--demand_conflict,s_curve,demand_conflict,residual_delay_shrinkage,0.4,12,v11_full,0.4,5,0.65,n0_d1_m0,0.0,4,1.0,6.272329677264286,1.5090637454151516,0.48172742216072384,0.2405906294889364,0.6666666666666666,0.16666666666666666,1.420736810112284,0.8354875564631326,0.5880663825392841,"[6.272329677264286, 3.9936600856648177, 2.451679721934868, 1.7501763065435125, 1.5090637454151516]","[[2, 4], [2, 4], [2, 4], [2, 4]]","[true, true, true, true, true]",0,4.0,0,1,1,"[[6, 7], [6, 7], [6, 7], [6, 7], [6, 7]]","[[8, 9], [8, 9], [8, 9], [8, 9], [8, 9]]","[[2, 2], [2, 2], [2, 2], [2, 2], [2, 2]]","[[2.4000000000000004, 2.8000000000000003], [2.4000000000000004, 2.8000000000000003], [2.4000000000000004, 2.8000000000000003], [2.4000000000000004, 2.8000000000000003], [2.4000000000000004, 2.8000000000000003]]","[6.0, 7.0]",1.0,0.9990060876204254,0.7092655419999687
03_parameter_sensitivity|gamma_0p4|s_curve--demand_conflict|n1_d1_m1|25001|v11_full,03_parameter_sensitivity,independent_seeded,S25001,25001,s_curve--demand_conflict,s_curve,demand_conflict,residual_delay_shrinkage,0.4,12,v11_full,0.4,5,0.65,n1_d1_m1,0.05,4,1.7,6.172442865761097,1.3737896894254609,0.5000120667258718,0.22256823097479816,0.6666666666666666,0.3333333333333333,1.4814461802864705,0.9194098297862612,0.6206164233441629,"[6.172442865761097, 4.24113179905836, 2.650972340188141, 1.679963239386497, 1.3737896894254609]","[[2, 4], [2, 4], [2, 4], [2, 4]]","[true, true, true, true, true]",0,4.0,0,1,1,"[[7, 7], [7, 7], [7, 7], [7, 7], [7, 7]]","[[9, 9], [9, 9], [9, 9], [9, 9], [9, 9]]","[[2, 2], [2, 2], [2, 2], [2, 2], [2, 2]]","[[2.8000000000000003, 2.8000000000000003], [2.8000000000000003, 2.8000000000000003], [2.8000000000000003, 2.8000000000000003], [2.8000000000000003, 2.8000000000000003], [2.8000000000000003, 2.8000000000000003]]","[7.0, 7.0]",0.5,0.996111799245847,0.7239173329999744
03_parameter_sensitivity|gamma_0p4|s_curve--demand_conflict|n1_d1_m1|25002|v11_full,03_parameter_sensitivity,independent_seeded,S25002,25002,s_curve--demand_conflict,s_curve,demand_conflict,residual_delay_shrinkage,0.4,12,v11_full,0.4,5,0.65,n1_d1_m1,0.05,4,1.7,3.758444249514037,0.5216855439452488,0.3814867293553884,0.1388035871525039,0.6666666666666666,0.0,1.0611032107692642,0.3749749584529979,0.35338217305096425,"[3.758444249514037, 1.719011092726502, 1.1588788062107036, 0.7172316211798613, 0.5216855439452488]","[[3, 4], [2, 4], [2, 4], [2, 4]]","[true, true, true, true, true]",0,4.0,0,1,1,"[[7, 5], [7, 5], [7, 5], [7, 5], [7, 5]]","[[9, 7], [9, 7], [9, 7], [9, 7], [9, 7]]","[[2, 2], [2, 2], [2, 2], [2, 2], [2, 2]]","[[2.8000000000000003, 2.0], [2.8000000000000003, 2.0], [2.8000000000000003, 2.0], [2.8000000000000003, 2.0], [2.8000000000000003, 2.0]]","[7.0, 5.0]",1.0,0.9934831632946504,0.6096420829999829
03_parameter_sensitivity|gamma_0p4|s_curve--demand_conflict|n1_d1_m1|25003|v11_full,03_parameter_sensitivity,independent_seeded,S25003,25003,s_curve--demand_conflict,s_curve,demand_conflict,residual_delay_shrinkage,0.4,12,v11_full,0.4,5,0.65,n1_d1_m1,0.05,4,1.7,6.782231339764961,1.5208660461579022,0.4401789350646734,0.22424272631941922,1.0,0.16666666666666666,1.4324861151779118,0.8447655672266641,0.5897198990454061,"[6.782231339764961, 3.643330649923983, 2.347699841078418, 1.799002290036143, 1.5208660461579022]","[[3, 4], [2, 4], [2, 4], [2, 4]]","[true, true, true, true, true]",0,4.0,0,1,1,"[[4, 7], [4, 7], [4, 7], [4, 7], [4, 7]]","[[6, 9], [6, 9], [6, 9], [6, 9], [6, 9]]","[[2, 2], [2, 2], [2, 2], [2, 2], [2, 2]]","[[1.6, 2.8000000000000003], [1.6, 2.8000000000000003], [1.6, 2.8000000000000003], [1.6, 2.8000000000000003], [1.6, 2.8000000000000003]]","[4.0, 7.0]",1.0,0.98901861461889,0.7201311250000231
03_parameter_sensitivity|gamma_0p4|s_curve--demand_conflict|n1_d1_m1|25004|v11_full,03_parameter_sensitivity,independent_seeded,S25004,25004,s_curve--demand_conflict,s_curve,demand_conflict,residual_delay_shrinkage,0.4,12,v11_full,0.4,5,0.65,n1_d1_m1,0.05,4,1.7,5.921960720002671,0.8154429967165755,0.4127669646991988,0.1376981434480382,1.0,0.16666666666666666,1.2802005558494474,0.7288748650103001,0.5693442810034339,"[5.921960720002671, 3.402882384426376, 1.885493019627507, 1.1204817434400323, 0.8154429967165755]","[[2, 4], [2, 4], [2, 4], [2, 4]]","[true, true, true, true, true]",0,4.0,0,1,1,"[[4, 7], [4, 7], [4, 7], [4, 7], [4, 7]]","[[6, 9], [6, 9], [6, 9], [6, 9], [6, 9]]","[[2, 2], [2, 2], [2, 2], [2, 2], [2, 2]]","[[1.6, 2.8000000000000003], [1.6, 2.8000000000000003], [1.6, 2.8000000000000003], [1.6, 2.8000000000000003], [1.6, 2.8000000000000003]]","[4.0, 7.0]",0.5,0.990478915431342,0.6119327920000046
03_parameter_sensitivity|gamma_0p4|s_curve--demand_conflict|n1_d1_m1|25005|v11_full,03_parameter_sensitivity,independent_seeded,S25005,25005,s_curve--demand_conflict,s_curve,demand_conflict,residual_delay_shrinkage,0.4,12,v11_full,0.4,5,0.65,n1_d1_m1,0.05,4,1.7,8.001548923988201,2.6592652838515463,0.5001658623219447,0.3323438135682975,1.0,0.5,1.702043062256288,1.131435902000576,0.6647516311959256,"[8.001548923988201, 4.602887052089918, 3.211141471573019, 2.86397084232834, 2.6592652838515463]","[[3, 4], [3, 4], [2, 4], [2, 4]]","[true, true, true, true, true]",0,4.0,0,1,1,"[[4, 8], [5, 8], [5, 8], [4, 8], [4, 8]]","[[6, 10], [7, 10], [7, 10], [6, 10], [6, 10]]","[[2, 2], [2, 2], [2, 2], [2, 2], [2, 2]]","[[1.6, 3.2], [1.8, 3.2], [2.0, 3.2], [1.8, 3.2], [1.6, 3.2]]","[4.0, 8.0]",1.0,0.9818350403692924,0.6501937079999607
03_parameter_sensitivity|gamma_0p4|s_curve--demand_conflict|n1_d1_m1|25006|v11_full,03_parameter_sensitivity,independent_seeded,S25006,25006,s_curve--demand_conflict,s_curve,demand_conflict,residual_delay_shrinkage,0.4,12,v11_full,0.4,5,0.65,n1_d1_m1,0.05,4,1.7,5.785333470104064,0.9441897881421226,0.4551984942628006,0.163204038802821,0.6666666666666666,0.16666666666666666,1.3243256180748504,0.7713047892750577,0.5824132515055401,"[5.785333470104064, 3.640151773105423, 2.255235406037783, 1.2737515293319133, 0.9441897881421226]","[[2, 4], [2, 4], [2, 4], [2, 4]]","[true, true, true, true, true]",0,4.0,0,1,1,"[[6, 7], [6, 7], [6, 7], [6, 7], [6, 7]]","[[8, 9], [8, 9], [8, 9], [8, 9], [8, 9]]","[[2, 2], [2, 2], [2, 2], [2, 2], [2, 2]]","[[2.4000000000000004, 2.8000000000000003], [2.4000000000000004, 2.8000000000000003], [2.4000000000000004, 2.8000000000000003], [2.4000000000000004, 2.8000000000000003], [2.4000000000000004, 2.8000000000000003]]","[6.0, 7.0]",1.0,0.9962781902123553,0.5422012079999945
03_parameter_sensitivity|gamma_0p6|ellipse--demand_conflict|n0_d1_m0|25001|v11_full,03_parameter_sensitivity,independent_seeded,S25001,25001,ellipse--demand_conflict,ellipse,demand_conflict,residual_delay_shrinkage,0.6,12,v11_full,0.6,5,0.65,n0_d1_m0,0.0,4,1.0,7.931809151646931,1.5095079832756473,0.38304463708802516,0.19031067873868585,0.8333333333333334,0.5,2.1742433997047765,0.40354288698603796,0.1856015232888976,"[7.931809151646931, 3.6690813920298115, 2.148351819008433, 1.6148560532767666, 1.5095079832756473]","[[2, 3], [3, 4], [3, 4], [3, 4]]","[true, true, true, true, true]",0,4.0,0,1,1,"[[7, 7], [7, 7], [7, 7], [7, 7], [7, 7]]","[[9, 9], [9, 9], [9, 9], [9, 9], [9, 9]]","[[2, 2], [2, 2], [2, 2], [2, 2], [2, 2]]","[[4.2, 4.2], [4.2, 4.2], [4.2, 4.2], [4.2, 4.2], [4.2, 4.2]]","[7.0, 7.0]",0.5,0.9998294460191757,0.4750857500000052
03_parameter_sensitivity|gamma_0p6|ellipse--demand_conflict|n0_d1_m0|25002|v11_full,03_parameter_sensitivity,independent_seeded,S25002,25002,ellipse--demand_conflict,ellipse,demand_conflict,residual_delay_shrinkage,0.6,12,v11_full,0.6,5,0.65,n0_d1_m0,0.0,4,1.0,7.766290542448517,0.8960010679027307,0.3162209339441163,0.11537053153051934,0.8333333333333334,0.16666666666666666,1.9704335955951635,0.22523476980137372,0.11430721152180834,"[7.766290542448517, 3.0312050541832716, 1.4631103835398802, 0.9979933515589339, 0.8960010679027307]","[[2, 3], [2, 3], [3, 4], [3, 4]]","[true, true, true, true, true]",0,4.0,0,1,1,"[[7, 5], [7, 5], [7, 5], [7, 5], [7, 5]]","[[9, 7], [9, 7], [9, 7], [9, 7], [9, 7]]","[[2, 2], [2, 2], [2, 2], [2, 2], [2, 2]]","[[4.2, 3.0], [4.2, 3.0], [4.2, 3.0], [4.2, 3.0], [4.2, 3.0]]","[7.0, 5.0]",1.0,0.9985104742151643,0.45613700000001245
03_parameter_sensitivity|gamma_0p6|ellipse--demand_conflict|n0_d1_m0|25003|v11_full,03_parameter_sensitivity,independent_seeded,S25003,25003,ellipse--demand_conflict,ellipse,demand_conflict,residual_delay_shrinkage,0.6,12,v11_full,0.6,5,0.65,n0_d1_m0,0.0,4,1.0,7.279743388405482,0.21708140101230006,0.2766597403011275,0.02981992488334791,0.6666666666666666,0.0,1.85507896209821,0.05707789502138965,0.030768445002918362,"[7.279743388405482, 2.707305431759438, 1.1217835419509192, 0.47854629276119565, 0.21708140101230006]","[[3, 4], [1, 4], [1, 4], [1, 4]]","[true, true, true, true, true]",0,4.0,0,1,1,"[[4, 7], [4, 7], [4, 7], [4, 7], [4, 8]]","[[6, 9], [6, 9], [6, 9], [6, 9], [6, 10]]","[[2, 2], [2, 2], [2, 2], [2, 2], [2, 2]]","[[2.4, 4.2], [2.4, 4.2], [2.4, 4.2], [2.4, 4.2], [2.4, 4.2]]","[4.0, 7.0]",1.0,0.9963869623985933,0.37765341699997634
03_parameter_sensitivity|gamma_0p6|ellipse--demand_conflict|n0_d1_m0|25004|v11_full,03_parameter_sensitivity,independent_seeded,S25004,25004,ellipse--demand_conflict,ellipse,demand_conflict,residual_delay_shrinkage,0.6,12,v11_full,0.6,5,0.65,n0_d1_m0,0.0,4,1.0,6.237600449225314,0.18398901845357604,0.27979172463652247,0.029496762409081004,0.6666666666666666,0.0,1.6054979846693018,0.046674642610918825,0.029071754095370477,"[6.237600449225314, 2.3102844147144426, 1.0372655112693163, 0.4225712893059879, 0.18398901845357604]","[[3, 4], [3, 4], [1, 4], [1, 4]]","[true, true, true, true, true]",0,4.0,0,1,1,"[[4, 7], [4, 7], [4, 7], [4, 7], [4, 7]]","[[6, 9], [6, 9], [6, 9], [6, 9], [6, 9]]","[[2, 2], [2, 2], [2, 2], [2, 2], [2, 2]]","[[2.4, 4.2], [2.4, 4.2], [2.4, 4.2], [2.4, 4.2], [2.4, 4.2]]","[4.0, 7.0]",0.5,0.9975883104572751,0.3689919159999704
03_parameter_sensitivity|gamma_0p6|ellipse--demand_conflict|n0_d1_m0|25005|v11_full,03_parameter_sensitivity,independent_seeded,S25005,25005,ellipse--demand_conflict,ellipse,demand_conflict,residual_delay_shrinkage,0.6,12,v11_full,0.6,5,0.65,n0_d1_m0,0.0,4,1.0,7.539010853039086,0.22662451844477433,0.2821370940673131,0.030060245682418493,0.6666666666666666,0.0,1.9428950434958454,0.05831588719340567,0.0300149446510904,"[7.539010853039086, 2.8578119028077005, 1.2496375200044563, 0.5178713483194428, 0.22662451844477433]","[[3, 4], [3, 4], [1, 4], [1, 4]]","[true, true, true, true, true]",0,4.0,0,1,1,"[[5, 8], [5, 8], [5, 8], [5, 8], [5, 8]]","[[7, 10], [7, 10], [7, 10], [7, 10], [7, 10]]","[[2, 2], [2, 2], [2, 2], [2, 2], [2, 2]]","[[3.0, 4.8], [3.0, 4.8], [3.0, 4.8], [3.0, 4.8], [3.0, 4.8]]","[5.0, 8.0]",0.5,0.9962239495909444,0.38430679200001805
03_parameter_sensitivity|gamma_0p6|ellipse--demand_conflict|n0_d1_m0|25006|v11_full,03_parameter_sensitivity,independent_seeded,S25006,25006,ellipse--demand_conflict,ellipse,demand_conflict,residual_delay_shrinkage,0.6,12,v11_full,0.6,5,0.65,n0_d1_m0,0.0,4,1.0,6.569664275539642,0.30359244365975085,0.3112326638378403,0.046211256911573816,0.8333333333333334,0.0,1.9396508864759971,0.07608279263712214,0.03922499309932579,"[6.569664275539642, 2.892100028630902, 1.271074963921475, 0.5789730998339204, 0.30359244365975085]","[[3, 4], [3, 4], [3, 4], [3, 4]]","[true, true, true, true, true]",0,4.0,0,1,1,"[[6, 7], [6, 7], [6, 7], [6, 7], [6, 7]]","[[8, 9], [8, 9], [8, 9], [8, 9], [8, 9]]","[[2, 2], [2, 2], [2, 2], [2, 2], [2, 2]]","[[3.5999999999999996, 4.2], [3.5999999999999996, 4.2], [3.5999999999999996, 4.2], [3.5999999999999996, 4.2], [3.5999999999999996, 4.2]]","[6.0, 7.0]",1.0,0.9996578216388456,0.4091196669999704
03_parameter_sensitivity|gamma_0p6|ellipse--demand_conflict|n1_d1_m1|25001|v11_full,03_parameter_sensitivity,independent_seeded,S25001,25001,ellipse--demand_conflict,ellipse,demand_conflict,residual_delay_shrinkage,0.6,12,v11_full,0.6,5,0.65,n1_d1_m1,0.05,4,1.7,7.488128890501111,1.3202485766702865,0.3914180334336352,0.17631221310106676,0.8333333333333334,0.5,2.1265330876573425,0.36498057850840754,0.17163174211903842,"[7.488128890501111, 3.756177626025616, 2.0926073614059546, 1.4709810166528636, 1.3202485766702865]","[[2, 3], [3, 4], [3, 4], [3, 4]]","[true, true, true, true, true]",0,4.0,0,1,1,"[[7, 7], [7, 7], [7, 7], [7, 7], [7, 7]]","[[9, 9], [9, 9], [9, 9], [9, 9], [9, 9]]","[[2, 2], [2, 2], [2, 2], [2, 2], [2, 2]]","[[4.2, 4.2], [4.2, 4.2], [4.2, 4.2], [4.2, 4.2], [4.2, 4.2]]","[7.0, 7.0]",0.5,0.9996256566904207,0.6452204169999618
03_parameter_sensitivity|gamma_0p6|ellipse--demand_conflict|n1_d1_m1|25002|v11_full,03_parameter_sensitivity,independent_seeded,S25002,25002,ellipse--demand_conflict,ellipse,demand_conflict,residual_delay_shrinkage,0.6,12,v11_full,0.6,5,0.65,n1_d1_m1,0.05,4,1.7,7.1732068950022025,0.3821901133983853,0.2805661252614195,0.053280230027195945,0.8333333333333334,0.0,1.8160957926442736,0.10083675344616229,0.05552391776611181,"[7.1732068950022025, 2.7116639481089253, 1.0222426534313989, 0.5386303511764456, 0.3821901133983853]","[[2, 3], [2, 3], [2, 3], [3, 4]]","[true, true, true, true, true]",0,4.0,0,1,1,"[[7, 5], [7, 5], [7, 5], [7, 5], [7, 5]]","[[9, 7], [9, 7], [9, 7], [9, 7], [9, 7]]","[[2, 2], [2, 2], [2, 2], [2, 2], [2, 2]]","[[4.2, 3.0], [4.2, 3.0], [4.2, 3.0], [4.2, 3.0], [4.2, 3.0]]","[7.0, 5.0]",1.0,0.9984092709203995,0.49774375000004056
03_parameter_sensitivity|gamma_0p6|ellipse--demand_conflict|n1_d1_m1|25003|v11_full,03_parameter_sensitivity,independent_seeded,S25003,25003,ellipse--demand_conflict,ellipse,demand_conflict,residual_delay_shrinkage,0.6,12,v11_full,0.6,5,0.65,n1_d1_m1,0.05,4,1.7,7.073737856536296,0.25508622434844797,0.28071961848484717,0.03606102311421428,0.6666666666666666,0.0,1.7942068458114788,0.059826413729503675,0.03334421216214096,"[7.073737856536296, 2.6546752437562766, 1.1179585277716497, 0.5059021574244598, 0.25508622434844797]","[[3, 4], [1, 4], [1, 4], [1, 4]]","[true, true, true, true, true]",0,4.0,0,1,1,"[[4, 7], [4, 7], [4, 7], [4, 7], [4, 7]]","[[6, 9], [6, 9], [6, 9], [6, 9], [6, 9]]","[[2, 2], [2, 2], [2, 2], [2, 2], [2, 2]]","[[2.4, 4.2], [2.4, 4.2], [2.4, 4.2], [2.4, 4.2], [2.4, 4.2]]","[4.0, 7.0]",1.0,0.9961148541360414,0.472344167000017
03_parameter_sensitivity|gamma_0p6|ellipse--demand_conflict|n1_d1_m1|25004|v11_full,03_parameter_sensitivity,independent_seeded,S25004,25004,ellipse--demand_conflict,ellipse,demand_conflict,residual_delay_shrinkage,0.6,12,v11_full,0.6,5,0.65,n1_d1_m1,0.05,4,1.7,6.272059599870351,0.21933437251146937,0.2739685138295884,0.034970071476362115,0.6666666666666666,0.0,1.5946042184624036,0.05528113385800831,0.03466762047783438,"[6.272059599870351, 2.363804652233779, 0.8944425510387343, 0.36944319944490833, 0.21933437251146937]","[[3, 4], [1, 4], [1, 3], [1, 3]]","[true, true, true, true, true]",0,4.0,0,1,1,"[[4, 7], [4, 7], [4, 7], [4, 7], [4, 7]]","[[6, 9], [6, 9], [6, 9], [6, 9], [6, 9]]","[[2, 2], [2, 2], [2, 2], [2, 2], [2, 2]]","[[2.4, 4.2], [2.4, 4.2], [2.4, 4.2], [2.4, 4.2], [2.4, 4.2]]","[4.0, 7.0]",0.5,0.996783994451038,0.46605141700001695
03_parameter_sensitivity|gamma_0p6|ellipse--demand_conflict|n1_d1_m1|25005|v11_full,03_parameter_sensitivity,independent_seeded,S25005,25005,ellipse--demand_conflict,ellipse,demand_conflict,residual_delay_shrinkage,0.6,12,v11_full,0.6,5,0.65,n1_d1_m1,0.05,4,1.7,7.963615217036075,0.2641104331526014,0.28160765494512807,0.033164640173423514,0.6666666666666666,0.0,2.0012392545979276,0.06576100180330423,0.032860139861945886,"[7.963615217036075, 3.083524703911004, 1.2322457959335757, 0.5408266996805481, 0.2641104331526014]","[[3, 4], [1, 4], [1, 4], [1, 2]]","[true, true, true, true, true]",0,4.0,0,1,1,"[[4, 8], [4, 8], [4, 8], [4, 8], [4, 8]]","[[6, 10], [6, 10], [6, 10], [6, 10], [6, 10]]","[[2, 2], [2, 2], [2, 2], [2, 2], [2, 2]]","[[2.4, 4.8], [2.4, 4.8], [2.4, 4.8], [2.4, 4.8], [2.4, 4.8]]","[4.0, 8.0]",1.0,0.9941704569904037,0.478954041999998
03_parameter_sensitivity|gamma_0p6|ellipse--demand_conflict|n1_d1_m1|25006|v11_full,03_parameter_sensitivity,independent_seeded,S25006,25006,ellipse--demand_conflict,ellipse,demand_conflict,residual_delay_shrinkage,0.6,12,v11_full,0.6,5,0.65,n1_d1_m1,0.05,4,1.7,6.063825769387071,0.18986172500189985,0.3048476730051026,0.03131055083416274,0.8333333333333334,0.0,1.7925268372907202,0.05681230177197622,0.03169397556013391,"[6.063825769387071, 2.626825341299323, 1.1499850367646423, 0.490518575965648, 0.18986172500189985]","[[3, 4], [3, 4], [3, 4], [1, 4]]","[true, true, true, true, true]",0,4.0,0,1,1,"[[6, 7], [6, 7], [6, 7], [6, 7], [6, 7]]","[[8, 9], [8, 9], [8, 9], [8, 9], [8, 9]]","[[2, 2], [2, 2], [2, 2], [2, 2], [2, 2]]","[[3.5999999999999996, 4.2], [3.5999999999999996, 4.2], [3.5999999999999996, 4.2], [3.5999999999999996, 4.2], [3.5999999999999996, 4.2]]","[6.0, 7.0]",1.0,0.9992545467421828,0.4439992920000009
03_parameter_sensitivity|gamma_0p6|figure_eight--demand_conflict|n0_d1_m0|25001|v11_full,03_parameter_sensitivity,independent_seeded,S25001,25001,figure_eight--demand_conflict,figure_eight,demand_conflict,residual_delay_shrinkage,0.6,12,v11_full,0.6,5,0.65,n0_d1_m0,0.0,4,1.0,11.530597929027934,8.043053211275272,0.7613075253707483,0.6975399940906036,0.8333333333333334,0.8333333333333334,3.5406280069014553,2.0935889573749,0.5913044107695129,"[11.530597929027934, 8.917486461613393, 8.299455616930498, 8.109556252877836, 8.043053211275272]","[[2, 4], [2, 4], [2, 4], [2, 4]]","[true, true, true, true, true]",0,4.0,0,1,1,"[[7, 7], [7, 7], [7, 7], [7, 7], [7, 7]]","[[9, 9], [9, 9], [9, 9], [9, 9], [9, 9]]","[[2, 2], [2, 2], [2, 2], [2, 2], [2, 2]]","[[4.2, 4.2], [4.2, 4.2], [4.2, 4.2], [4.2, 4.2], [4.2, 4.2]]","[7.0, 7.0]",0.5,0.9997722227229189,0.7208473750000053
03_parameter_sensitivity|gamma_0p6|figure_eight--demand_conflict|n0_d1_m0|25002|v11_full,03_parameter_sensitivity,independent_seeded,S25002,25002,figure_eight--demand_conflict,figure_eight,demand_conflict,residual_delay_shrinkage,0.6,12,v11_full,0.6,5,0.65,n0_d1_m0,0.0,4,1.0,10.205787666034217,5.232477480164497,0.604082897121313,0.5126970745804025,1.0,0.6666666666666666,2.9412102616826212,1.395922319114506,0.47460813573930627,"[10.205787666034217, 6.156931664811751, 5.232477480164497, 5.4455094298788635, 5.4455094298788635]","[[1, 4], [2, 4], [2, 4], [2, 4]]","[true, true, true, false, false]",2,1.0,0,1,1,"[[7, 5], [7, 5], [7, 5], [7, 5], [7, 5]]","[[9, 7], [9, 7], [9, 7], [9, 7], [9, 7]]","[[2, 2], [2, 2], [2, 2], [2, 2], [2, 2]]","[[4.2, 3.0], [4.2, 3.0], [4.2, 3.0], [4.2, 3.0], [4.2, 3.0]]","[7.0, 5.0]",1.0,0.9973984272972856,0.7387066659999846
03_parameter_sensitivity|gamma_0p6|figure_eight--demand_conflict|n0_d1_m0|25003|v11_full,03_parameter_sensitivity,independent_seeded,S25003,25003,figure_eight--demand_conflict,figure_eight,demand_conflict,residual_delay_shrinkage,0.6,12,v11_full,0.6,5,0.65,n0_d1_m0,0.0,4,1.0,11.943424306382695,6.047796580791824,0.612288991720677,0.5063704031313546,1.0,0.8333333333333334,3.434114444626585,1.6094815230578083,0.46867439889086704,"[11.943424306382695, 7.599545633983401, 6.494627219063384, 6.161525608355099, 6.047796580791824]","[[2, 4], [2, 4], [2, 4], [2, 4]]","[true, true, true, true, true]",0,4.0,0,1,1,"[[4, 8], [4, 8], [4, 8], [4, 8], [4, 8]]","[[6, 10], [6, 10], [6, 10], [6, 10], [6, 10]]","[[2, 2], [2, 2], [2, 2], [2, 2], [2, 2]]","[[2.4, 4.8], [2.4, 4.8], [2.4, 4.8], [2.4, 4.8], [2.4, 4.8]]","[4.0, 8.0]",0.5,0.9934282490805977,0.9423623330000055
03_parameter_sensitivity|gamma_0p6|figure_eight--demand_conflict|n0_d1_m0|25004|v11_full,03_parameter_sensitivity,independent_seeded,S25004,25004,figure_eight--demand_conflict,figure_eight,demand_conflict,residual_delay_shrinkage,0.6,12,v11_full,0.6,5,0.65,n0_d1_m0,0.0,4,1.0,10.33382828411624,4.772783296603128,0.573753838261553,0.4618601321195944,1.0,0.8333333333333334,2.972442702426152,1.256829536905945,0.4228271703538985,"[10.33382828411624, 6.1032491859471865, 5.18229452929515, 4.877445062187943, 4.772783296603128]","[[2, 4], [2, 4], [2, 4], [2, 4]]","[true, true, true, true, true]",0,4.0,0,1,1,"[[4, 7], [4, 7], [4, 7], [4, 7], [4, 7]]","[[6, 9], [6, 9], [6, 9], [6, 9], [6, 9]]","[[2, 2], [2, 2], [2, 2], [2, 2], [2, 2]]","[[2.4, 4.2], [2.4, 4.2], [2.4, 4.2], [2.4, 4.2], [2.4, 4.2]]","[4.0, 7.0]",0.5,0.9959417226026133,0.781661291999967
03_parameter_sensitivity|gamma_0p6|figure_eight--demand_conflict|n0_d1_m0|25005|v11_full,03_parameter_sensitivity,independent_seeded,S25005,25005,figure_eight--demand_conflict,figure_eight,demand_conflict,residual_delay_shrinkage,0.6,12,v11_full,0.6,5,0.65,n0_d1_m0,0.0,4,1.0,12.65732316490088,6.898420283009821,0.6420476228623944,0.5450141545045905,1.0,0.8333333333333334,3.642795192090087,1.8302110135369303,0.5024194106522991,"[12.65732316490088, 8.378554638122496, 7.334699837197583, 7.015290800027479, 6.898420283009821]","[[2, 4], [2, 4], [2, 4], [2, 4]]","[true, true, true, true, true]",0,4.0,0,1,1,"[[5, 8], [5, 8], [5, 8], [5, 8], [5, 8]]","[[7, 10], [7, 10], [7, 10], [7, 10], [7, 10]]","[[2, 2], [2, 2], [2, 2], [2, 2], [2, 2]]","[[3.0, 4.8], [3.0, 4.8], [3.0, 4.8], [3.0, 4.8], [3.0, 4.8]]","[5.0, 8.0]",0.5,0.9936705510189254,0.9007522919999928
03_parameter_sensitivity|gamma_0p6|figure_eight--demand_conflict|n0_d1_m0|25006|v11_full,03_parameter_sensitivity,independent_seeded,S25006,25006,figure_eight--demand_conflict,figure_eight,demand_conflict,residual_delay_shrinkage,0.6,12,v11_full,0.6,5,0.65,n0_d1_m0,0.0,4,1.0,11.568280104852967,7.291065050351355,0.7066629533574635,0.6302635296056418,0.8333333333333334,0.6666666666666666,3.4310419029031243,1.8813211583263458,0.5483235738783879,"[11.568280104852967, 8.302806012505167, 7.600159778995142, 7.366861567544672, 7.291065050351355]","[[2, 4], [2, 4], [2, 4], [2, 4]]","[true, true, true, true, true]",0,4.0,0,1,1,"[[6, 7], [6, 7], [6, 7], [6, 7], [6, 7]]","[[8, 9], [8, 9], [8, 9], [8, 9], [8, 9]]","[[2, 2], [2, 2], [2, 2], [2, 2], [2, 2]]","[[3.5999999999999996, 4.2], [3.5999999999999996, 4.2], [3.5999999999999996, 4.2], [3.5999999999999996, 4.2], [3.5999999999999996, 4.2]]","[6.0, 7.0]",1.0,0.9994377916552153,0.8136125419999871
03_parameter_sensitivity|gamma_0p6|figure_eight--demand_conflict|n1_d1_m1|25001|v11_full,03_parameter_sensitivity,independent_seeded,S25001,25001,figure_eight--demand_conflict,figure_eight,demand_conflict,residual_delay_shrinkage,0.6,12,v11_full,0.6,5,0.65,n1_d1_m1,0.05,4,1.7,11.677691315437041,7.740215678301441,0.7329921384575199,0.6628207125212713,0.8333333333333334,0.8333333333333334,3.547203318946834,2.033635485141403,0.5733067158228725,"[11.677691315437041, 8.704435386566312, 8.019501526934256, 7.805733307826213, 7.740215678301441]","[[2, 4], [2, 4], [2, 4], [2, 4]]","[true, true, true, true, true]",0,4.0,0,1,1,"[[7, 7], [7, 7], [7, 7], [7, 7], [7, 7]]","[[9, 9], [9, 9], [9, 9], [9, 9], [9, 9]]","[[2, 2], [2, 2], [2, 2], [2, 2], [2, 2]]","[[4.2, 4.2], [4.2, 4.2], [4.2, 4.2], [4.2, 4.2], [4.2, 4.2]]","[7.0, 7.0]",0.5,0.999461875137377,0.8558264580000241
03_parameter_sensitivity|gamma_0p6|figure_eight--demand_conflict|n1_d1_m1|25002|v11_full,03_parameter_sensitivity,independent_seeded,S25002,25002,figure_eight--demand_conflict,figure_eight,demand_conflict,residual_delay_shrinkage,0.6,12,v11_full,0.6,5,0.65,n1_d1_m1,0.05,4,1.7,9.444604032109284,3.5901318129622504,0.5374376553300575,0.3801251805535418,1.0,0.5,2.7197966276617676,0.8783560582383074,0.3229491680756431,"[9.444604032109284, 5.41312943260588, 4.270954100088506, 4.102091930920331, 3.5901318129622504]","[[1, 4], [2, 4], [2, 4], [3, 4]]","[true, true, true, true, true]",0,4.0,0,1,1,"[[7, 5], [7, 5], [7, 5], [7, 5], [7, 5]]","[[9, 7], [9, 7], [9, 7], [9, 7], [9, 7]]","[[2, 2], [2, 2], [2, 2], [2, 2], [2, 2]]","[[4.2, 3.0], [4.2, 3.0], [4.2, 3.0], [4.2, 3.0], [4.2, 3.0]]","[7.0, 5.0]",1.0,0.9968691957748781,0.7451434170000084
03_parameter_sensitivity|gamma_0p6|figure_eight--demand_conflict|n1_d1_m1|25003|v11_full,03_parameter_sensitivity,independent_seeded,S25003,25003,figure_eight--demand_conflict,figure_eight,demand_conflict,residual_delay_shrinkage,0.6,12,v11_full,0.6,5,0.65,n1_d1_m1,0.05,4,1.7,11.569640299296164,5.7633890594025345,0.6033112342596139,0.4981476442057709,1.0,0.8333333333333334,3.318112372978345,1.5620646464868673,0.4707690611107166,"[11.569640299296164, 7.259393228438347, 6.149291971310353, 5.8451759965345005, 5.7633890594025345]","[[2, 4], [2, 4], [2, 4], [2, 4]]","[true, true, true, true, true]",0,4.0,0,1,1,"[[4, 7], [4, 7], [4, 7], [4, 7], [4, 7]]","[[6, 9], [6, 9], [6, 9], [6, 9], [6, 9]]","[[2, 2], [2, 2], [2, 2], [2, 2], [2, 2]]","[[2.4, 4.2], [2.4, 4.2], [2.4, 4.2], [2.4, 4.2], [2.4, 4.2]]","[4.0, 7.0]",1.0,0.992844519647464,0.8661289580000471
03_parameter_sensitivity|gamma_0p6|figure_eight--demand_conflict|n1_d1_m1|25004|v11_full,03_parameter_sensitivity,independent_seeded,S25004,25004,figure_eight--demand_conflict,figure_eight,demand_conflict,residual_delay_shrinkage,0.6,12,v11_full,0.6,5,0.65,n1_d1_m1,0.05,4,1.7,10.318952142072382,4.500314193233871,0.5547911888768249,0.43612123898561483,1.0,0.8333333333333334,2.9536337273818942,1.2025047651933298,0.4071272460242496,"[10.318952142072382, 5.9281479613820345, 4.943614061998395, 4.618059716420028, 4.500314193233871]","[[2, 4], [2, 4], [2, 4], [2, 4]]","[true, true, true, true, true]",0,4.0,0,1,1,"[[4, 7], [4, 7], [4, 7], [4, 7], [4, 7]]","[[6, 9], [6, 9], [6, 9], [6, 9], [6, 9]]","[[2, 2], [2, 2], [2, 2], [2, 2], [2, 2]]","[[2.4, 4.2], [2.4, 4.2], [2.4, 4.2], [2.4, 4.2], [2.4, 4.2]]","[4.0, 7.0]",0.5,0.9949521241900456,0.9270633330000351
03_parameter_sensitivity|gamma_0p6|figure_eight--demand_conflict|n1_d1_m1|25005|v11_full,03_parameter_sensitivity,independent_seeded,S25005,25005,figure_eight--demand_conflict,figure_eight,demand_conflict,residual_delay_shrinkage,0.6,12,v11_full,0.6,5,0.65,n1_d1_m1,0.05,4,1.7,13.208865916594977,6.955216620134278,0.6311219244020025,0.5265566827653297,1.0,0.8333333333333334,3.7822836944178975,1.9172700004222452,0.5069080363410756,"[13.208865916594977, 8.748079528284261, 7.438705662436929, 7.076793046711952, 6.955216620134278]","[[2, 4], [2, 4], [2, 4], [2, 4]]","[true, true, true, true, true]",0,4.0,0,1,1,"[[4, 8], [4, 8], [4, 8], [4, 8], [4, 8]]","[[6, 10], [6, 10], [6, 10], [6, 10], [6, 10]]","[[2, 2], [2, 2], [2, 2], [2, 2], [2, 2]]","[[2.4, 4.8], [2.4, 4.8], [2.4, 4.8], [2.4, 4.8], [2.4, 4.8]]","[4.0, 8.0]",1.0,0.989552116775956,1.038888374999999
03_parameter_sensitivity|gamma_0p6|figure_eight--demand_conflict|n1_d1_m1|25006|v11_full,03_parameter_sensitivity,independent_seeded,S25006,25006,figure_eight--demand_conflict,figure_eight,demand_conflict,residual_delay_shrinkage,0.6,12,v11_full,0.6,5,0.65,n1_d1_m1,0.05,4,1.7,10.804689433892133,6.482192895743091,0.6822430240435879,0.5999425467436166,0.6666666666666666,0.8333333333333334,3.190097182857639,1.651469082466646,0.5176861355011404,"[10.804689433892133, 7.493247755377965, 6.791772518396913, 6.557234534328997, 6.482192895743091]","[[2, 4], [2, 4], [2, 4], [2, 4]]","[true, true, true, true, true]",0,4.0,0,1,1,"[[6, 7], [6, 7], [6, 7], [6, 7], [6, 7]]","[[8, 9], [8, 9], [8, 9], [8, 9], [8, 9]]","[[2, 2], [2, 2], [2, 2], [2, 2], [2, 2]]","[[3.5999999999999996, 4.2], [3.5999999999999996, 4.2], [3.5999999999999996, 4.2], [3.5999999999999996, 4.2], [3.5999999999999996, 4.2]]","[6.0, 7.0]",1.0,0.999178602968344,0.9814350829999512
03_parameter_sensitivity|gamma_0p6|harmonic_loop--demand_conflict|n0_d1_m0|25001|v11_full,03_parameter_sensitivity,independent_seeded,S25001,25001,harmonic_loop--demand_conflict,harmonic_loop,demand_conflict,residual_delay_shrinkage,0.6,12,v11_full,0.6,5,0.65,n0_d1_m0,0.0,4,1.0,8.99889140222643,4.760182421776459,0.6303723899740517,0.5289743157250163,1.0,0.6666666666666666,2.4660513006353546,1.2317746558804061,0.4994927135388672,"[8.99889140222643, 6.215938598341285, 4.760182421776459, 4.810029333415147, 4.810029333415147]","[[2, 3], [3, 4], [1, 3], [1, 3]]","[true, true, true, false, false]",2,1.0,0,1,1,"[[7, 7], [7, 7], [7, 7], [7, 7], [7, 7]]","[[9, 9], [9, 9], [9, 9], [9, 9], [9, 9]]","[[2, 2], [2, 2], [2, 2], [2, 2], [2, 2]]","[[4.2, 4.2], [4.2, 4.2], [4.2, 4.2], [4.2, 4.2], [4.2, 4.2]]","[7.0, 7.0]",0.5,0.999776386517764,0.6405503330000215
03_parameter_sensitivity|gamma_0p6|harmonic_loop--demand_conflict|n0_d1_m0|25002|v11_full,03_parameter_sensitivity,independent_seeded,S25002,25002,harmonic_loop--demand_conflict,harmonic_loop,demand_conflict,residual_delay_shrinkage,0.6,12,v11_full,0.6,5,0.65,n0_d1_m0,0.0,4,1.0,8.1760226882683,1.6425679156495352,0.47691321044251067,0.20090060635551327,0.8333333333333334,0.5,2.039212942951675,0.5304865616985677,0.260142798491025,"[8.1760226882683, 4.816907026545333, 3.350389405314976, 2.520421181832139, 1.6425679156495352]","[[2, 3], [3, 4], [1, 2], [3, 4]]","[true, true, true, true, true]",0,4.0,0,1,1,"[[7, 5], [7, 5], [7, 5], [7, 5], [7, 5]]","[[9, 7], [9, 7], [9, 7], [9, 7], [9, 7]]","[[2, 2], [2, 2], [2, 2], [2, 2], [2, 2]]","[[4.2, 3.0], [4.2, 3.0], [4.2, 3.0], [4.2, 3.0], [4.2, 3.0]]","[7.0, 5.0]",1.0,0.9972896077832751,0.5044132500000273
03_parameter_sensitivity|gamma_0p6|harmonic_loop--demand_conflict|n0_d1_m0|25003|v11_full,03_parameter_sensitivity,independent_seeded,S25003,25003,harmonic_loop--demand_conflict,harmonic_loop,demand_conflict,residual_delay_shrinkage,0.6,12,v11_full,0.6,5,0.65,n0_d1_m0,0.0,4,1.0,8.574357152477088,3.7581581525543513,0.6076921007958338,0.43830203077890667,0.8333333333333334,0.8333333333333334,2.19461231466453,1.1390432050217871,0.5190179593045353,"[8.574357152477088, 5.5193683305475085, 5.240403444531216, 3.7581581525543513, 4.074335879957439]","[[2, 3], [1, 3], [3, 4], [2, 3]]","[true, true, true, true, false]",1,2.0,0,1,1,"[[4, 7], [4, 7], [4, 7], [4, 7], [4, 7]]","[[6, 9], [6, 9], [6, 9], [6, 9], [6, 9]]","[[2, 2], [2, 2], [2, 2], [2, 2], [2, 2]]","[[2.4, 4.2], [2.4, 4.2], [2.4, 4.2], [2.4, 4.2], [2.4, 4.2]]","[4.0, 7.0]",1.0,0.995357731262527,0.6100978750000081
03_parameter_sensitivity|gamma_0p6|harmonic_loop--demand_conflict|n0_d1_m0|25004|v11_full,03_parameter_sensitivity,independent_seeded,S25004,25004,harmonic_loop--demand_conflict,harmonic_loop,demand_conflict,residual_delay_shrinkage,0.6,12,v11_full,0.6,5,0.65,n0_d1_m0,0.0,4,1.0,7.397759230051182,2.8473836812342173,0.5440814997654961,0.3848981282964135,1.0,0.8333333333333334,1.9138760484106219,0.9423915067212737,0.4923994464029594,"[7.397759230051182, 4.651135792711248, 3.287745243391844, 2.8473836812342173, 3.2295828295965143]","[[2, 3], [3, 4], [3, 4], [1, 3]]","[true, true, true, true, false]",1,2.0,0,1,1,"[[4, 7], [4, 7], [4, 7], [4, 7], [4, 7]]","[[6, 9], [6, 9], [6, 9], [6, 9], [6, 9]]","[[2, 2], [2, 2], [2, 2], [2, 2], [2, 2]]","[[2.4, 4.2], [2.4, 4.2], [2.4, 4.2], [2.4, 4.2], [2.4, 4.2]]","[4.0, 7.0]",0.5,0.9968041883679233,0.5626631249999718
03_parameter_sensitivity|gamma_0p6|harmonic_loop--demand_conflict|n0_d1_m0|25005|v11_full,03_parameter_sensitivity,independent_seeded,S25005,25005,harmonic_loop--demand_conflict,harmonic_loop,demand_conflict,residual_delay_shrinkage,0.6,12,v11_full,0.6,5,0.65,n0_d1_m0,0.0,4,1.0,9.152116894160674,4.235253606480057,0.6321663250317511,0.46276218447147205,1.0,0.8333333333333334,2.3500559742655738,1.2764915166814121,0.5431749416438194,"[9.152116894160674, 6.112825032330004, 5.822117274452896, 4.235253606480057, 4.792772105253869]","[[2, 3], [1, 3], [3, 4], [2, 3]]","[true, true, true, true, false]",1,2.0,0,1,1,"[[5, 8], [5, 8], [5, 8], [5, 8], [5, 8]]","[[7, 10], [7, 10], [7, 10], [7, 10], [7, 10]]","[[2, 2], [2, 2], [2, 2], [2, 2], [2, 2]]","[[3.0, 4.8], [3.0, 4.8], [3.0, 4.8], [3.0, 4.8], [3.0, 4.8]]","[5.0, 8.0]",0.5,0.9946855311771585,0.6655361250000169
03_parameter_sensitivity|gamma_0p6|harmonic_loop--demand_conflict|n0_d1_m0|25006|v11_full,03_parameter_sensitivity,independent_seeded,S25006,25006,harmonic_loop--demand_conflict,harmonic_loop,demand_conflict,residual_delay_shrinkage,0.6,12,v11_full,0.6,5,0.65,n0_d1_m0,0.0,4,1.0,8.536642392877095,4.500644722830341,0.635303095639822,0.5272148598593801,1.0,0.8333333333333334,2.3239425180567728,1.2323154833493304,0.530269347789103,"[8.536642392877095, 5.777115648318354, 4.500644722830341, 4.764893191115057, 4.764893191115057]","[[2, 3], [3, 4], [1, 3], [1, 3]]","[true, true, true, false, false]",2,1.0,0,1,1,"[[6, 7], [6, 7], [6, 7], [6, 7], [6, 7]]","[[8, 9], [8, 9], [8, 9], [8, 9], [8, 9]]","[[2, 2], [2, 2], [2, 2], [2, 2], [2, 2]]","[[3.5999999999999996, 4.2], [3.5999999999999996, 4.2], [3.5999999999999996, 4.2], [3.5999999999999996, 4.2], [3.5999999999999996, 4.2]]","[6.0, 7.0]",1.0,0.9995475923132682,0.5916676250000137
03_parameter_sensitivity|gamma_0p6|harmonic_loop--demand_conflict|n1_d1_m1|25001|v11_full,03_parameter_sensitivity,independent_seeded,S25001,25001,harmonic_loop--demand_conflict,harmonic_loop,demand_conflict,residual_delay_shrinkage,0.6,12,v11_full,0.6,5,0.65,n1_d1_m1,0.05,4,1.7,8.86701486508597,5.090229824797088,0.6981976256123218,0.5740635267050199,1.0,0.6666666666666666,2.4949899882297855,1.3560184948046312,0.5434965676021557,"[8.86701486508597, 6.6219733455670555, 5.090229824797088, 5.745336198254411, 5.745336198254411]","[[2, 3], [3, 4], [1, 3], [1, 3]]","[true, true, true, false, false]",2,1.0,0,1,1,"[[7, 7], [7, 7], [7, 7], [7, 7], [7, 7]]","[[9, 9], [9, 9], [9, 9], [9, 9], [9, 9]]","[[2, 2], [2, 2], [2, 2], [2, 2], [2, 2]]","[[4.2, 4.2], [4.2, 4.2], [4.2, 4.2], [4.2, 4.2], [4.2, 4.2]]","[7.0, 7.0]",0.5,0.9989944298648379,0.7827835840000148
03_parameter_sensitivity|gamma_0p6|harmonic_loop--demand_conflict|n1_d1_m1|25002|v11_full,03_parameter_sensitivity,independent_seeded,S25002,25002,harmonic_loop--demand_conflict,harmonic_loop,demand_conflict,residual_delay_shrinkage,0.6,12,v11_full,0.6,5,0.65,n1_d1_m1,0.05,4,1.7,7.544353028411633,1.4489616537427314,0.4712021802748178,0.19205910013569338,0.8333333333333334,0.5,1.8750192561065957,0.4524302817459888,0.2412936721969686,"[7.544353028411633, 4.444130618387087, 3.083683690403408, 2.1951907331342673, 1.4489616537427314]","[[2, 3], [3, 4], [1, 2], [3, 4]]","[true, true, true, true, true]",0,4.0,0,1,1,"[[7, 5], [7, 5], [7, 5], [7, 5], [7, 5]]","[[9, 7], [9, 7], [9, 7], [9, 7], [9, 7]]","[[2, 2], [2, 2], [2, 2], [2, 2], [2, 2]]","[[4.2, 3.0], [4.2, 3.0], [4.2, 3.0], [4.2, 3.0], [4.2, 3.0]]","[7.0, 5.0]",1.0,0.997489359155922,0.5839355829999704
03_parameter_sensitivity|gamma_0p6|harmonic_loop--demand_conflict|n1_d1_m1|25003|v11_full,03_parameter_sensitivity,independent_seeded,S25003,25003,harmonic_loop--demand_conflict,harmonic_loop,demand_conflict,residual_delay_shrinkage,0.6,12,v11_full,0.6,5,0.65,n1_d1_m1,0.05,4,1.7,8.238858540839244,3.3000732108691615,0.5555105527715584,0.4005498085093961,0.8333333333333334,0.8333333333333334,2.1077823925540953,1.103512464496033,0.5235419312706455,"[8.238858540839244, 5.2214021552501615, 3.7789152391359955, 3.3000732108691615, 3.774543146476382]","[[2, 3], [3, 4], [3, 4], [1, 3]]","[true, true, true, true, false]",1,2.0,0,1,1,"[[4, 7], [4, 7], [4, 7], [4, 7], [4, 7]]","[[6, 9], [6, 9], [6, 9], [6, 9], [6, 9]]","[[2, 2], [2, 2], [2, 2], [2, 2], [2, 2]]","[[2.4, 4.2], [2.4, 4.2], [2.4, 4.2], [2.4, 4.2], [2.4, 4.2]]","[4.0, 7.0]",1.0,0.9950431380463352,0.7229778749999696
03_parameter_sensitivity|gamma_0p6|harmonic_loop--demand_conflict|n1_d1_m1|25004|v11_full,03_parameter_sensitivity,independent_seeded,S25004,25004,harmonic_loop--demand_conflict,harmonic_loop,demand_conflict,residual_delay_shrinkage,0.6,12,v11_full,0.6,5,0.65,n1_d1_m1,0.05,4,1.7,7.294331283118729,2.9027903799606696,0.5650601371320026,0.39795154172372144,1.0,0.8333333333333334,1.8835316528462713,0.970545211133737,0.515279480260983,"[7.294331283118729, 4.838085602695493, 3.424195801673679, 2.9027903799606696, 3.349411829224197]","[[2, 3], [3, 4], [3, 4], [1, 2]]","[true, true, true, true, false]",1,2.0,0,1,1,"[[4, 7], [4, 7], [4, 7], [4, 7], [4, 7]]","[[6, 9], [6, 9], [6, 9], [6, 9], [6, 9]]","[[2, 2], [2, 2], [2, 2], [2, 2], [2, 2]]","[[2.4, 4.2], [2.4, 4.2], [2.4, 4.2], [2.4, 4.2], [2.4, 4.2]]","[4.0, 7.0]",0.5,0.9958814087185728,0.6660454170000207
03_parameter_sensitivity|gamma_0p6|harmonic_loop--demand_conflict|n1_d1_m1|25005|v11_full,03_parameter_sensitivity,independent_seeded,S25005,25005,harmonic_loop--demand_conflict,harmonic_loop,demand_conflict,residual_delay_shrinkage,0.6,12,v11_full,0.6,5,0.65,n1_d1_m1,0.05,4,1.7,9.516513563736712,4.229038492195713,0.600536541135749,0.4443894777085945,0.8333333333333334,0.8333333333333334,2.420289824794433,1.434063989179111,0.5925174640193817,"[9.516513563736712, 6.484270442520472, 4.975606777358391, 4.229038492195713, 4.8257681260172145]","[[2, 3], [3, 4], [3, 4], [2, 3]]","[true, true, true, true, false]",1,2.0,0,1,1,"[[4, 8], [5, 8], [4, 8], [4, 8], [5, 8]]","[[6, 10], [7, 10], [6, 10], [6, 10], [7, 10]]","[[2, 2], [2, 2], [2, 2], [2, 2], [2, 2]]","[[2.4, 4.8], [2.6999999999999997, 4.8], [2.4, 4.8], [2.4, 4.8], [2.4, 4.8]]","[4.0, 8.0]",1.0,0.9914971044636638,0.7274995420000323
03_parameter_sensitivity|gamma_0p6|harmonic_loop--demand_conflict|n1_d1_m1|25006|v11_full,03_parameter_sensitivity,independent_seeded,S25006,25006,harmonic_loop--demand_conflict,harmonic_loop,demand_conflict,residual_delay_shrinkage,0.6,12,v11_full,0.6,5,0.65,n1_d1_m1,0.05,4,1.7,7.923445882788174,4.139766368642309,0.6356303044108972,0.5224704541284215,1.0,0.8333333333333334,2.1567230813337837,1.130328754243128,0.5240954501883005,"[7.923445882788174, 5.474829320979419, 4.139766368642309, 4.3794737618825685, 4.3794737618825685]","[[2, 3], [3, 4], [1, 3], [1, 3]]","[true, true, true, false, false]",2,1.0,0,1,1,"[[6, 7], [6, 7], [6, 7], [6, 7], [6, 7]]","[[8, 9], [8, 9], [8, 9], [8, 9], [8, 9]]","[[2, 2], [2, 2], [2, 2], [2, 2], [2, 2]]","[[3.5999999999999996, 4.2], [3.5999999999999996, 4.2], [3.5999999999999996, 4.2], [3.5999999999999996, 4.2], [3.5999999999999996, 4.2]]","[6.0, 7.0]",1.0,0.9992994487440537,0.7317070830000034
03_parameter_sensitivity|gamma_0p6|rounded_square--demand_conflict|n0_d1_m0|25001|v11_full,03_parameter_sensitivity,independent_seeded,S25001,25001,rounded_square--demand_conflict,rounded_square,demand_conflict,residual_delay_shrinkage,0.6,12,v11_full,0.6,5,0.65,n0_d1_m0,0.0,4,1.0,12.878324196240044,9.349420250810715,0.7976225221270011,0.7259811221044095,1.0,0.8333333333333334,2.734247150516419,2.2941100781365655,0.8390280584925454,"[12.878324196240044, 10.616051565829732, 9.854202061636158, 9.504039853705404, 9.349420250810715]","[[1, 2], [2, 4], [2, 4], [2, 4]]","[true, true, true, true, true]",0,4.0,0,1,1,"[[7, 7], [7, 7], [7, 7], [7, 7], [7, 7]]","[[9, 9], [9, 9], [9, 9], [9, 9], [9, 9]]","[[2, 2], [2, 2], [2, 2], [2, 2], [2, 2]]","[[4.2, 4.2], [4.2, 4.2], [4.2, 4.2], [4.2, 4.2], [4.2, 4.2]]","[7.0, 7.0]",0.5,0.9996327076488664,0.7263297079999802
03_parameter_sensitivity|gamma_0p6|rounded_square--demand_conflict|n0_d1_m0|25002|v11_full,03_parameter_sensitivity,independent_seeded,S25002,25002,rounded_square--demand_conflict,rounded_square,demand_conflict,residual_delay_shrinkage,0.6,12,v11_full,0.6,5,0.65,n0_d1_m0,0.0,4,1.0,10.609358139352715,7.3442179279080015,0.7888246876360555,0.6922396087908932,0.8333333333333334,0.8333333333333334,2.4987575237146307,1.6997155212163766,0.6802242734979722,"[10.609358139352715, 9.122407843991512, 7.96243902353233, 7.414059580021593, 7.3442179279080015]","[[2, 4], [1, 2], [2, 3], [2, 4]]","[true, true, true, true, true]",0,4.0,0,1,1,"[[7, 5], [7, 5], [7, 5], [7, 5], [7, 5]]","[[9, 7], [9, 7], [9, 7], [9, 7], [9, 7]]","[[2, 2], [2, 2], [2, 2], [2, 2], [2, 2]]","[[4.2, 3.0], [4.2, 3.0], [4.2, 3.0], [4.2, 3.0], [4.2, 3.0]]","[7.0, 5.0]",1.0,0.9965101076255296,0.6551313750000531
03_parameter_sensitivity|gamma_0p6|rounded_square--demand_conflict|n0_d1_m0|25003|v11_full,03_parameter_sensitivity,independent_seeded,S25003,25003,rounded_square--demand_conflict,rounded_square,demand_conflict,residual_delay_shrinkage,0.6,12,v11_full,0.6,5,0.65,n0_d1_m0,0.0,4,1.0,12.667453428070658,7.911025042422239,0.6972475996509951,0.6245158182221273,1.0,0.8333333333333334,2.9130061268567298,1.9694982715601586,0.6761050906835337,"[12.667453428070658, 8.987718372963915, 8.112938376027456, 7.939510001414328, 7.911025042422239]","[[1, 4], [1, 4], [1, 4], [1, 4]]","[true, true, true, true, true]",0,4.0,0,1,1,"[[4, 7], [4, 7], [4, 7], [4, 7], [4, 7]]","[[6, 9], [6, 9], [6, 9], [6, 9], [6, 9]]","[[2, 2], [2, 2], [2, 2], [2, 2], [2, 2]]","[[2.4, 4.2], [2.4, 4.2], [2.4, 4.2], [2.4, 4.2], [2.4, 4.2]]","[4.0, 7.0]",1.0,0.9917494137542227,0.652118291000022
03_parameter_sensitivity|gamma_0p6|rounded_square--demand_conflict|n0_d1_m0|25004|v11_full,03_parameter_sensitivity,independent_seeded,S25004,25004,rounded_square--demand_conflict,rounded_square,demand_conflict,residual_delay_shrinkage,0.6,12,v11_full,0.6,5,0.65,n0_d1_m0,0.0,4,1.0,10.936409882598811,6.3740942127754145,0.6737132010874527,0.5828324176947127,1.0,0.8333333333333334,2.4692788937523678,1.5856347930440242,0.6421448776223331,"[10.936409882598811, 7.278510382600717, 7.127230010574792, 6.3740942127754145, 6.447950588780115]","[[1, 4], [1, 2], [1, 4], [2, 4]]","[true, true, true, true, false]",1,2.0,0,1,1,"[[4, 7], [4, 7], [4, 7], [4, 7], [4, 7]]","[[6, 9], [6, 9], [6, 9], [6, 9], [6, 9]]","[[2, 2], [2, 2], [2, 2], [2, 2], [2, 2]]","[[2.4, 4.2], [2.4, 4.2], [2.4, 4.2], [2.4, 4.2], [2.4, 4.2]]","[4.0, 7.0]",0.5,0.9942090913718287,0.6507245000000239
03_parameter_sensitivity|gamma_0p6|rounded_square--demand_conflict|n0_d1_m0|25005|v11_full,03_parameter_sensitivity,independent_seeded,S25005,25005,rounded_square--demand_conflict,rounded_square,demand_conflict,residual_delay_shrinkage,0.6,12,v11_full,0.6,5,0.65,n0_d1_m0,0.0,4,1.0,13.449428834251158,9.072106177780002,0.7383156181153405,0.6745346802145537,1.0,0.8333333333333334,3.021275814696837,2.167269628849281,0.7173359076674537,"[13.449428834251158, 10.03411086274704, 9.299489617950634, 9.125325465520454, 9.072106177780002]","[[1, 4], [1, 4], [1, 4], [1, 4]]","[true, true, true, true, true]",0,4.0,0,1,1,"[[5, 8], [5, 8], [5, 8], [5, 8], [5, 8]]","[[7, 10], [7, 10], [7, 10], [7, 10], [7, 10]]","[[2, 2], [2, 2], [2, 2], [2, 2], [2, 2]]","[[3.0, 4.8], [3.0, 4.8], [3.0, 4.8], [3.0, 4.8], [3.0, 4.8]]","[5.0, 8.0]",0.5,0.991550780018594,0.9314122080000402
03_parameter_sensitivity|gamma_0p6|rounded_square--demand_conflict|n0_d1_m0|25006|v11_full,03_parameter_sensitivity,independent_seeded,S25006,25006,rounded_square--demand_conflict,rounded_square,demand_conflict,residual_delay_shrinkage,0.6,12,v11_full,0.6,5,0.65,n0_d1_m0,0.0,4,1.0,12.668752557348686,9.04177078309729,0.802549000302134,0.7137064791633715,1.0,0.8333333333333334,2.6027135139067417,2.1979106270868085,0.8444689034513394,"[12.668752557348686, 10.888639296284142, 9.716502983127825, 9.208774850266218, 9.04177078309729]","[[1, 2], [2, 4], [2, 4], [2, 4]]","[true, true, true, true, true]",0,4.0,0,1,1,"[[6, 7], [6, 7], [6, 7], [6, 7], [6, 7]]","[[8, 9], [8, 9], [8, 9], [8, 9], [8, 9]]","[[2, 2], [2, 2], [2, 2], [2, 2], [2, 2]]","[[3.5999999999999996, 4.2], [3.5999999999999996, 4.2], [3.5999999999999996, 4.2], [3.5999999999999996, 4.2], [3.5999999999999996, 4.2]]","[6.0, 7.0]",1.0,0.9992358240178185,0.8685955420000369
03_parameter_sensitivity|gamma_0p6|rounded_square--demand_conflict|n1_d1_m1|25001|v11_full,03_parameter_sensitivity,independent_seeded,S25001,25001,rounded_square--demand_conflict,rounded_square,demand_conflict,residual_delay_shrinkage,0.6,12,v11_full,0.6,5,0.65,n1_d1_m1,0.05,4,1.7,13.018710329567652,9.195194565226958,0.7963169409370212,0.7063061034811677,1.0,0.8333333333333334,2.7142490987481973,2.2831697570591505,0.8411791526843062,"[13.018710329567652, 10.981488028229489, 9.971864378455301, 9.407773484263956, 9.195194565226958]","[[1, 2], [2, 4], [2, 4], [2, 4]]","[true, true, true, true, true]",0,4.0,0,1,1,"[[7, 7], [7, 7], [7, 7], [7, 7], [7, 7]]","[[9, 9], [9, 9], [9, 9], [9, 9], [9, 9]]","[[2, 2], [2, 2], [2, 2], [2, 2], [2, 2]]","[[4.2, 4.2], [4.2, 4.2], [4.2, 4.2], [4.2, 4.2], [4.2, 4.2]]","[7.0, 7.0]",0.5,0.9994368932494857,0.980385124999998
03_parameter_sensitivity|gamma_0p6|rounded_square--demand_conflict|n1_d1_m1|25002|v11_full,03_parameter_sensitivity,independent_seeded,S25002,25002,rounded_square--demand_conflict,rounded_square,demand_conflict,residual_delay_shrinkage,0.6,12,v11_full,0.6,5,0.65,n1_d1_m1,0.05,4,1.7,9.938895279283194,6.672285520561992,0.7812966855311656,0.6713306995466407,0.8333333333333334,0.8333333333333334,2.3335768553918896,1.554905595966102,0.6663185711554286,"[9.938895279283194, 8.541144241453997, 7.447028569850707, 6.672285520561992, 6.861995573345878]","[[2, 4], [1, 2], [2, 3], [2, 4]]","[true, true, true, true, false]",1,2.0,0,1,1,"[[7, 5], [7, 5], [7, 5], [7, 5], [7, 5]]","[[9, 7], [9, 7], [9, 7], [9, 7], [9, 7]]","[[2, 2], [2, 2], [2, 2], [2, 2], [2, 2]]","[[4.2, 3.0], [4.2, 3.0], [4.2, 3.0], [4.2, 3.0], [4.2, 3.0]]","[7.0, 5.0]",1.0,0.9966540759835093,0.8790919169999825
03_parameter_sensitivity|gamma_0p6|rounded_square--demand_conflict|n1_d1_m1|25003|v11_full,03_parameter_sensitivity,independent_seeded,S25003,25003,rounded_square--demand_conflict,rounded_square,demand_conflict,residual_delay_shrinkage,0.6,12,v11_full,0.6,5,0.65,n1_d1_m1,0.05,4,1.7,12.197438303545976,7.338305066288449,0.6800071242817542,0.6016267419163821,1.0,0.8333333333333334,2.8509579756317676,1.8652989620624263,0.6542709426115196,"[12.197438303545976, 8.474779452143297, 7.563465832066234, 7.3712628084669305, 7.338305066288449]","[[1, 4], [1, 4], [1, 4], [1, 4]]","[true, true, true, true, true]",0,4.0,0,1,1,"[[4, 7], [4, 7], [4, 7], [4, 7], [4, 7]]","[[6, 9], [6, 9], [6, 9], [6, 9], [6, 9]]","[[2, 2], [2, 2], [2, 2], [2, 2], [2, 2]]","[[2.4, 4.2], [2.4, 4.2], [2.4, 4.2], [2.4, 4.2], [2.4, 4.2]]","[4.0, 7.0]",1.0,0.9915575998599733,0.7489635000000021
03_parameter_sensitivity|gamma_0p6|rounded_square--demand_conflict|n1_d1_m1|25004|v11_full,03_parameter_sensitivity,independent_seeded,S25004,25004,rounded_square--demand_conflict,rounded_square,demand_conflict,residual_delay_shrinkage,0.6,12,v11_full,0.6,5,0.65,n1_d1_m1,0.05,4,1.7,10.811479195275698,6.0610893622891755,0.6606899662521826,0.5606161056053917,1.0,0.8333333333333334,2.5216385907499954,1.554100037237446,0.61630562085236,"[10.811479195275698, 7.092965612668663, 6.840283189252389, 6.0610893622891755, 6.344131073606844]","[[1, 4], [1, 2], [1, 4], [2, 4]]","[true, true, true, true, false]",1,2.0,0,1,1,"[[4, 7], [4, 7], [4, 7], [4, 7], [4, 7]]","[[6, 9], [6, 9], [6, 9], [6, 9], [6, 9]]","[[2, 2], [2, 2], [2, 2], [2, 2], [2, 2]]","[[2.4, 4.2], [2.4, 4.2], [2.4, 4.2], [2.4, 4.2], [2.4, 4.2]]","[4.0, 7.0]",0.5,0.9924945085699886,0.8336107080000374
03_parameter_sensitivity|gamma_0p6|rounded_square--demand_conflict|n1_d1_m1|25005|v11_full,03_parameter_sensitivity,independent_seeded,S25005,25005,rounded_square--demand_conflict,rounded_square,demand_conflict,residual_delay_shrinkage,0.6,12,v11_full,0.6,5,0.65,n1_d1_m1,0.05,4,1.7,13.809962620752362,8.723410865487951,0.7079347891695655,0.6316751974678917,1.0,0.8333333333333334,3.3028687880947087,2.19086080582979,0.6633205695990148,"[13.809962620752362, 9.966733463748149, 9.06086349210234, 8.811928206476962, 8.723410865487951]","[[1, 4], [1, 4], [1, 4], [1, 4]]","[true, true, true, true, true]",0,4.0,0,1,1,"[[4, 8], [4, 8], [4, 8], [4, 8], [4, 8]]","[[6, 10], [6, 10], [6, 10], [6, 10], [6, 10]]","[[2, 2], [2, 2], [2, 2], [2, 2], [2, 2]]","[[2.4, 4.8], [2.4, 4.8], [2.4, 4.8], [2.4, 4.8], [2.4, 4.8]]","[4.0, 8.0]",1.0,0.9865831683029886,0.9744135829999436
03_parameter_sensitivity|gamma_0p6|rounded_square--demand_conflict|n1_d1_m1|25006|v11_full,03_parameter_sensitivity,independent_seeded,S25006,25006,rounded_square--demand_conflict,rounded_square,demand_conflict,residual_delay_shrinkage,0.6,12,v11_full,0.6,5,0.65,n1_d1_m1,0.05,4,1.7,11.789988627730645,8.330837190231165,0.7926101278630411,0.7066026485077871,1.0,0.8333333333333334,2.4148354352553416,2.000299297810151,0.8283377279490027,"[11.789988627730645, 10.05433876448973, 8.88491301972158, 8.330837190231165, 8.428748573219499]","[[1, 2], [2, 4], [2, 4], [1, 2]]","[true, true, true, true, false]",1,2.0,0,1,1,"[[6, 7], [6, 7], [6, 7], [6, 7], [6, 7]]","[[8, 9], [8, 9], [8, 9], [8, 9], [8, 9]]","[[2, 2], [2, 2], [2, 2], [2, 2], [2, 2]]","[[3.5999999999999996, 4.2], [3.5999999999999996, 4.2], [3.5999999999999996, 4.2], [3.5999999999999996, 4.2], [3.5999999999999996, 4.2]]","[6.0, 7.0]",1.0,0.9987451572312547,0.8740965000000074
03_parameter_sensitivity|gamma_0p6|s_curve--demand_conflict|n0_d1_m0|25001|v11_full,03_parameter_sensitivity,independent_seeded,S25001,25001,s_curve--demand_conflict,s_curve,demand_conflict,residual_delay_shrinkage,0.6,12,v11_full,0.6,5,0.65,n0_d1_m0,0.0,4,1.0,5.889184724160488,2.2722859307699306,0.5896118696725076,0.3858404918846977,0.8333333333333334,0.5,1.4287283043904688,0.93845307773015,0.6568450242402928,"[5.889184724160488, 4.348948443281126, 2.8575366369454005, 2.2722859307699306, 2.9319389823188886]","[[2, 4], [2, 4], [2, 4], [2, 3]]","[true, true, true, true, false]",1,2.0,0,1,1,"[[7, 7], [7, 7], [7, 7], [7, 7], [7, 7]]","[[9, 9], [9, 9], [9, 9], [9, 9], [9, 9]]","[[2, 2], [2, 2], [2, 2], [2, 2], [2, 2]]","[[4.2, 4.2], [4.2, 4.2], [4.2, 4.2], [4.2, 4.2], [4.2, 4.2]]","[7.0, 7.0]",0.5,0.9994627894487635,0.6199304169999778
03_parameter_sensitivity|gamma_0p6|s_curve--demand_conflict|n0_d1_m0|25002|v11_full,03_parameter_sensitivity,independent_seeded,S25002,25002,s_curve--demand_conflict,s_curve,demand_conflict,residual_delay_shrinkage,0.6,12,v11_full,0.6,5,0.65,n0_d1_m0,0.0,4,1.0,4.161383072292191,0.6804074917748617,0.45335573454239375,0.1635051327779052,0.6666666666666666,0.0,1.147711003813104,0.4810703892449342,0.4191563796518874,"[4.161383072292191, 2.6136228643835246, 1.5729146452038465, 0.9389147261843409, 0.6804074917748617]","[[2, 4], [2, 4], [2, 4], [2, 4]]","[true, true, true, true, true]",0,4.0,0,1,1,"[[7, 5], [7, 5], [7, 5], [7, 5], [7, 5]]","[[9, 7], [9, 7], [9, 7], [9, 7], [9, 7]]","[[2, 2], [2, 2], [2, 2], [2, 2], [2, 2]]","[[4.2, 3.0], [4.2, 3.0], [4.2, 3.0], [4.2, 3.0], [4.2, 3.0]]","[7.0, 5.0]",1.0,0.9960502650082125,0.5533789589999856
03_parameter_sensitivity|gamma_0p6|s_curve--demand_conflict|n0_d1_m0|25003|v11_full,03_parameter_sensitivity,independent_seeded,S25003,25003,s_curve--demand_conflict,s_curve,demand_conflict,residual_delay_shrinkage,0.6,12,v11_full,0.6,5,0.65,n0_d1_m0,0.0,4,1.0,7.045089738078795,1.87378463326894,0.4761000416599698,0.26597030029881824,1.0,0.3333333333333333,1.4769385389837075,0.8394688333344278,0.568384405428321,"[7.045089738078795, 4.1763973436009785, 2.6880184187445657, 2.0928171231707475, 1.87378463326894]","[[2, 4], [2, 4], [2, 4], [2, 4]]","[true, true, true, true, true]",0,4.0,0,1,1,"[[4, 7], [4, 7], [4, 7], [4, 7], [4, 7]]","[[6, 9], [6, 9], [6, 9], [6, 9], [6, 9]]","[[2, 2], [2, 2], [2, 2], [2, 2], [2, 2]]","[[2.4, 4.2], [2.4, 4.2], [2.4, 4.2], [2.4, 4.2], [2.4, 4.2]]","[4.0, 7.0]",1.0,0.9914029224164689,0.6459477089999837
03_parameter_sensitivity|gamma_0p6|s_curve--demand_conflict|n0_d1_m0|25004|v11_full,03_parameter_sensitivity,independent_seeded,S25004,25004,s_curve--demand_conflict,s_curve,demand_conflict,residual_delay_shrinkage,0.6,12,v11_full,0.6,5,0.65,n0_d1_m0,0.0,4,1.0,5.9434022494458185,0.8050096185111075,0.4111616156598011,0.13544592553636584,1.0,0.0,1.271164962007702,0.6880745472138866,0.5412944564859062,"[5.9434022494458185, 3.46513502745627, 1.8570553440524389, 1.0783991801057835, 0.8050096185111075]","[[2, 4], [2, 4], [2, 4], [2, 4]]","[true, true, true, true, true]",0,4.0,0,1,1,"[[4, 7], [4, 7], [4, 7], [4, 7], [4, 7]]","[[6, 9], [6, 9], [6, 9], [6, 9], [6, 9]]","[[2, 2], [2, 2], [2, 2], [2, 2], [2, 2]]","[[2.4, 4.2], [2.4, 4.2], [2.4, 4.2], [2.4, 4.2], [2.4, 4.2]]","[4.0, 7.0]",0.5,0.9945272044744007,0.5651531670000054
03_parameter_sensitivity|gamma_0p6|s_curve--demand_conflict|n0_d1_m0|25005|v11_full,03_parameter_sensitivity,independent_seeded,S25005,25005,s_curve--demand_conflict,s_curve,demand_conflict,residual_delay_shrinkage,0.6,12,v11_full,0.6,5,0.65,n0_d1_m0,0.0,4,1.0,7.462057935954583,2.1929954760897665,0.5137093118299771,0.29388614976080696,1.0,0.3333333333333333,1.576170369395593,0.8907933547441459,0.5651631143692508,"[7.462057935954583, 4.619971503749162, 3.2246196764027983, 2.661196702284456, 2.1929954760897665]","[[2, 4], [2, 4], [2, 4], [3, 4]]","[true, true, true, true, true]",0,4.0,0,1,1,"[[5, 8], [5, 8], [5, 8], [5, 8], [5, 8]]","[[7, 10], [7, 10], [7, 10], [7, 10], [7, 10]]","[[2, 2], [2, 2], [2, 2], [2, 2], [2, 2]]","[[3.0, 4.8], [3.0, 4.8], [3.0, 4.8], [3.0, 4.8], [3.0, 4.8]]","[5.0, 8.0]",0.5,0.9906140942572428,0.7083080419999987
03_parameter_sensitivity|gamma_0p6|s_curve--demand_conflict|n0_d1_m0|25006|v11_full,03_parameter_sensitivity,independent_seeded,S25006,25006,s_curve--demand_conflict,s_curve,demand_conflict,residual_delay_shrinkage,0.6,12,v11_full,0.6,5,0.65,n0_d1_m0,0.0,4,1.0,6.272329677264286,1.8789150329171356,0.5188159295343248,0.2995561664635963,0.6666666666666666,0.5,1.420736810112284,0.8564551174760229,0.6028246128206781,"[6.272329677264286, 4.425132604130597, 2.5946007965002806, 1.9213824517008178, 1.8789150329171356]","[[2, 4], [2, 4], [2, 4], [2, 4]]","[true, true, true, true, true]",0,4.0,0,1,1,"[[6, 7], [6, 7], [6, 7], [6, 7], [6, 7]]","[[8, 9], [8, 9], [8, 9], [8, 9], [8, 9]]","[[2, 2], [2, 2], [2, 2], [2, 2], [2, 2]]","[[3.5999999999999996, 4.2], [3.5999999999999996, 4.2], [3.5999999999999996, 4.2], [3.5999999999999996, 4.2], [3.5999999999999996, 4.2]]","[6.0, 7.0]",1.0,0.9990293769795721,0.6930070000000228
03_parameter_sensitivity|gamma_0p6|s_curve--demand_conflict|n1_d1_m1|25001|v11_full,03_parameter_sensitivity,independent_seeded,S25001,25001,s_curve--demand_conflict,s_curve,demand_conflict,residual_delay_shrinkage,0.6,12,v11_full,0.6,5,0.65,n1_d1_m1,0.05,4,1.7,6.172442865761097,2.9757986676355532,0.6252235179656112,0.48211036251829614,0.6666666666666666,0.6666666666666666,1.4814461802864705,1.0728567715371107,0.7241955771418237,"[6.172442865761097, 4.865903253619024, 2.978300686862175, 2.9757986676355532, 3.0608034617885287]","[[2, 4], [2, 4], [2, 4], [2, 3]]","[true, true, true, true, false]",1,2.0,0,1,1,"[[7, 7], [7, 7], [7, 7], [7, 7], [7, 7]]","[[9, 9], [9, 9], [9, 9], [9, 9], [9, 9]]","[[2, 2], [2, 2], [2, 2], [2, 2], [2, 2]]","[[4.2, 4.2], [4.2, 4.2], [4.2, 4.2], [4.2, 4.2], [4.2, 4.2]]","[7.0, 7.0]",0.5,0.9961646708566554,0.7960968329999787
03_parameter_sensitivity|gamma_0p6|s_curve--demand_conflict|n1_d1_m1|25002|v11_full,03_parameter_sensitivity,independent_seeded,S25002,25002,s_curve--demand_conflict,s_curve,demand_conflict,residual_delay_shrinkage,0.6,12,v11_full,0.6,5,0.65,n1_d1_m1,0.05,4,1.7,3.758444249514037,0.5360886688519061,0.4213957748726492,0.1426357911045832,0.6666666666666666,0.0,1.0611032107692642,0.40329359038904256,0.38007008771245565,"[3.758444249514037, 2.028887350774691, 1.3364106191595062, 0.8226056782413109, 0.5360886688519061]","[[3, 4], [2, 4], [2, 4], [2, 4]]","[true, true, true, true, true]",0,4.0,0,1,1,"[[7, 5], [7, 5], [7, 5], [7, 5], [7, 5]]","[[9, 7], [9, 7], [9, 7], [9, 7], [9, 7]]","[[2, 2], [2, 2], [2, 2], [2, 2], [2, 2]]","[[4.2, 3.0], [4.2, 3.0], [4.2, 3.0], [4.2, 3.0], [4.2, 3.0]]","[7.0, 5.0]",1.0,0.9932471493814109,0.6357394580000459
03_parameter_sensitivity|gamma_0p6|s_curve--demand_conflict|n1_d1_m1|25003|v11_full,03_parameter_sensitivity,independent_seeded,S25003,25003,s_curve--demand_conflict,s_curve,demand_conflict,residual_delay_shrinkage,0.6,12,v11_full,0.6,5,0.65,n1_d1_m1,0.05,4,1.7,6.782231339764961,1.427901764823587,0.4274455384603355,0.21053569146950848,1.0,0.3333333333333333,1.4324861151779118,0.8087978634461238,0.5646113109764228,"[6.782231339764961, 3.699368626419534, 2.1688422019780953, 1.622860727261683, 1.427901764823587]","[[3, 4], [2, 4], [2, 4], [2, 4]]","[true, true, true, true, true]",0,4.0,0,1,1,"[[4, 7], [4, 7], [4, 7], [4, 7], [4, 7]]","[[6, 9], [6, 9], [6, 9], [6, 9], [6, 9]]","[[2, 2], [2, 2], [2, 2], [2, 2], [2, 2]]","[[2.4, 4.2], [2.4, 4.2], [2.4, 4.2], [2.4, 4.2], [2.4, 4.2]]","[4.0, 7.0]",1.0,0.9889557177640967,0.7487447500000144
03_parameter_sensitivity|gamma_0p6|s_curve--demand_conflict|n1_d1_m1|25004|v11_full,03_parameter_sensitivity,independent_seeded,S25004,25004,s_curve--demand_conflict,s_curve,demand_conflict,residual_delay_shrinkage,0.6,12,v11_full,0.6,5,0.65,n1_d1_m1,0.05,4,1.7,5.921960720002671,0.8672497996639045,0.415209100918528,0.14644639514993496,1.0,0.16666666666666666,1.2802005558494474,0.6944218913923716,0.54243211207763,"[5.921960720002671, 3.527364071818009, 1.81572938060518, 1.0977092326521138, 0.8672497996639045]","[[2, 4], [2, 4], [2, 4], [2, 4]]","[true, true, true, true, true]",0,4.0,0,1,1,"[[4, 7], [4, 7], [4, 7], [4, 7], [4, 7]]","[[6, 9], [6, 9], [6, 9], [6, 9], [6, 9]]","[[2, 2], [2, 2], [2, 2], [2, 2], [2, 2]]","[[2.4, 4.2], [2.4, 4.2], [2.4, 4.2], [2.4, 4.2], [2.4, 4.2]]","[4.0, 7.0]",0.5,0.9902857794149458,0.6300962500000082
03_parameter_sensitivity|gamma_0p6|s_curve--demand_conflict|n1_d1_m1|25005|v11_full,03_parameter_sensitivity,independent_seeded,S25005,25005,s_curve--demand_conflict,s_curve,demand_conflict,residual_delay_shrinkage,0.6,12,v11_full,0.6,5,0.65,n1_d1_m1,0.05,4,1.7,8.001548923988201,2.4187406064120553,0.4700282061908353,0.3022840489246782,1.0,0.5,1.702043062256288,1.0917853996195706,0.6414558032228993,"[8.001548923988201, 4.2394382907323305, 2.9864716263474422, 2.607760067681627, 2.4187406064120553]","[[3, 4], [2, 4], [2, 4], [2, 4]]","[true, true, true, true, true]",0,4.0,0,1,1,"[[4, 8], [5, 8], [5, 8], [4, 8], [4, 8]]","[[6, 10], [7, 10], [7, 10], [6, 10], [6, 10]]","[[2, 2], [2, 2], [2, 2], [2, 2], [2, 2]]","[[2.4, 4.8], [2.6999999999999997, 4.8], [3.0, 4.8], [2.6999999999999997, 4.8], [2.4, 4.8]]","[4.0, 8.0]",1.0,0.9823498435653901,0.6654802079999627
03_parameter_sensitivity|gamma_0p6|s_curve--demand_conflict|n1_d1_m1|25006|v11_full,03_parameter_sensitivity,independent_seeded,S25006,25006,s_curve--demand_conflict,s_curve,demand_conflict,residual_delay_shrinkage,0.6,12,v11_full,0.6,5,0.65,n1_d1_m1,0.05,4,1.7,5.785333470104064,1.4958615790422447,0.5023056414299838,0.2585609951046327,0.6666666666666666,0.5,1.3243256180748504,0.8246847567665719,0.6227205345203563,"[5.785333470104064, 4.059508887831544, 2.4593088874546165, 1.4958615790422447, 1.4333529379349303]","[[2, 4], [2, 4], [2, 4], [2, 4]]","[true, true, true, true, false]",1,2.0,0,1,1,"[[6, 7], [6, 7], [6, 7], [6, 7], [6, 7]]","[[8, 9], [8, 9], [8, 9], [8, 9], [8, 9]]","[[2, 2], [2, 2], [2, 2], [2, 2], [2, 2]]","[[3.5999999999999996, 4.2], [3.5999999999999996, 4.2], [3.5999999999999996, 4.2], [3.5999999999999996, 4.2], [3.5999999999999996, 4.2]]","[6.0, 7.0]",1.0,0.996166530864323,0.5785804159999657
03_parameter_sensitivity|gamma_1p0|ellipse--demand_conflict|n0_d1_m0|25001|v11_full,03_parameter_sensitivity,independent_seeded,S25001,25001,ellipse--demand_conflict,ellipse,demand_conflict,residual_delay_shrinkage,1.0,12,v11_full,1.0,5,0.65,n0_d1_m0,0.0,4,1.0,7.931809151646931,1.8511262840611842,0.40082100224515743,0.23338008374505875,0.8333333333333334,0.5,2.1742433997047765,0.46836593553126304,0.21541559495816281,"[7.931809151646931, 3.6190364543263134, 2.3159681045569087, 1.890470498384461, 1.8511262840611842]","[[2, 3], [3, 4], [3, 4], [3, 4]]","[true, true, true, true, true]",0,4.0,0,1,1,"[[7, 7], [7, 7], [7, 7], [7, 7], [7, 7]]","[[9, 9], [9, 9], [9, 9], [9, 9], [9, 9]]","[[2, 2], [2, 2], [2, 2], [2, 2], [2, 2]]","[[7.0, 7.0], [7.0, 7.0], [7.0, 7.0], [7.0, 7.0], [7.0, 7.0]]","[7.0, 7.0]",0.5,0.9998309102844312,0.4724762499999997
03_parameter_sensitivity|gamma_1p0|ellipse--demand_conflict|n0_d1_m0|25002|v11_full,03_parameter_sensitivity,independent_seeded,S25002,25002,ellipse--demand_conflict,ellipse,demand_conflict,residual_delay_shrinkage,1.0,12,v11_full,1.0,5,0.65,n0_d1_m0,0.0,4,1.0,7.766290542448517,1.0013889288008224,0.32903608957486374,0.1289404411704007,0.8333333333333334,0.3333333333333333,1.9704335955951635,0.2597423597278586,0.13181990010143133,"[7.766290542448517, 2.8352950187923773, 1.760738015376254, 1.2416867125647295, 1.0013889288008224]","[[2, 3], [3, 4], [3, 4], [3, 4]]","[true, true, true, true, true]",0,4.0,0,1,1,"[[7, 5], [7, 5], [7, 5], [7, 5], [7, 5]]","[[9, 7], [9, 7], [9, 7], [9, 7], [9, 7]]","[[2, 2], [2, 2], [2, 2], [2, 2], [2, 2]]","[[7.0, 5.0], [7.0, 5.0], [7.0, 5.0], [7.0, 5.0], [7.0, 5.0]]","[7.0, 5.0]",1.0,0.9985114820765313,0.45769983300004924
03_parameter_sensitivity|gamma_1p0|ellipse--demand_conflict|n0_d1_m0|25003|v11_full,03_parameter_sensitivity,independent_seeded,S25003,25003,ellipse--demand_conflict,ellipse,demand_conflict,residual_delay_shrinkage,1.0,12,v11_full,1.0,5,0.65,n0_d1_m0,0.0,4,1.0,7.279743388405482,0.20594901698434076,0.2580722529872613,0.0282906973496288,0.6666666666666666,0.0,1.85507896209821,0.06587245956212147,0.035509248343593744,"[7.279743388405482, 2.5139413638200887, 0.884840958112689, 0.37317058503199885, 0.20594901698434076]","[[3, 4], [3, 4], [2, 4], [2, 3]]","[true, true, true, true, true]",0,4.0,0,1,1,"[[4, 7], [4, 7], [4, 8], [4, 8], [4, 8]]","[[6, 9], [6, 9], [6, 10], [6, 10], [6, 10]]","[[2, 2], [2, 2], [2, 2], [2, 2], [2, 2]]","[[4.0, 7.0], [4.0, 7.0], [4.0, 7.0], [4.0, 7.5], [4.0, 8.0]]","[4.0, 8.0]",0.5,0.9963928337162631,0.4072815420000211
03_parameter_sensitivity|gamma_1p0|ellipse--demand_conflict|n0_d1_m0|25004|v11_full,03_parameter_sensitivity,independent_seeded,S25004,25004,ellipse--demand_conflict,ellipse,demand_conflict,residual_delay_shrinkage,1.0,12,v11_full,1.0,5,0.65,n0_d1_m0,0.0,4,1.0,6.237600449225314,0.17915937446980887,0.26860123036897254,0.028722483257493634,0.6666666666666666,0.0,1.6054979846693018,0.05235911936430512,0.0326123856051367,"[6.237600449225314, 2.286325470037854, 0.8435338859692969, 0.36346935299318744, 0.17915937446980887]","[[3, 4], [3, 4], [2, 4], [2, 4]]","[true, true, true, true, true]",0,4.0,0,1,1,"[[4, 7], [4, 7], [4, 7], [4, 7], [4, 7]]","[[6, 9], [6, 9], [6, 9], [6, 9], [6, 9]]","[[2, 2], [2, 2], [2, 2], [2, 2], [2, 2]]","[[4.0, 7.0], [4.0, 7.0], [4.0, 7.0], [4.0, 7.0], [4.0, 7.0]]","[4.0, 7.0]",0.5,0.9975816084580857,0.3718576250000183
03_parameter_sensitivity|gamma_1p0|ellipse--demand_conflict|n0_d1_m0|25005|v11_full,03_parameter_sensitivity,independent_seeded,S25005,25005,ellipse--demand_conflict,ellipse,demand_conflict,residual_delay_shrinkage,1.0,12,v11_full,1.0,5,0.65,n0_d1_m0,0.0,4,1.0,7.539010853039086,0.3048888767882935,0.2749753111536456,0.04044149593781104,0.6666666666666666,0.0,1.9428950434958454,0.08582340074241968,0.04417294749385838,"[7.539010853039086, 2.72641510041906, 1.129294197333172, 0.5145082577546131, 0.3048888767882935]","[[3, 4], [3, 4], [2, 4], [2, 3]]","[true, true, true, true, true]",0,4.0,0,1,1,"[[5, 8], [5, 8], [5, 8], [5, 8], [5, 8]]","[[7, 10], [7, 10], [7, 10], [7, 10], [7, 10]]","[[2, 2], [2, 2], [2, 2], [2, 2], [2, 2]]","[[5.0, 8.0], [5.0, 8.0], [5.0, 8.0], [5.0, 8.0], [5.0, 8.0]]","[5.0, 8.0]",0.5,0.9962092394511557,0.4363389999999754
03_parameter_sensitivity|gamma_1p0|ellipse--demand_conflict|n0_d1_m0|25006|v11_full,03_parameter_sensitivity,independent_seeded,S25006,25006,ellipse--demand_conflict,ellipse,demand_conflict,residual_delay_shrinkage,1.0,12,v11_full,1.0,5,0.65,n0_d1_m0,0.0,4,1.0,6.569664275539642,0.5109245819304801,0.3330288373329329,0.0777702726504258,0.8333333333333334,0.0,1.9396508864759971,0.12187038242152103,0.06283109154912819,"[6.569664275539642, 3.0198264994770763, 1.4340279289623343, 0.7574017642282165, 0.5109245819304801]","[[3, 4], [3, 4], [3, 4], [3, 4]]","[true, true, true, true, true]",0,4.0,0,1,1,"[[6, 7], [6, 7], [6, 7], [6, 7], [6, 7]]","[[8, 9], [8, 9], [8, 9], [8, 9], [8, 9]]","[[2, 2], [2, 2], [2, 2], [2, 2], [2, 2]]","[[6.0, 7.0], [6.0, 7.0], [6.0, 7.0], [6.0, 7.0], [6.0, 7.0]]","[6.0, 7.0]",1.0,0.9996590241528042,0.42770124999998416
03_parameter_sensitivity|gamma_1p0|ellipse--demand_conflict|n1_d1_m1|25001|v11_full,03_parameter_sensitivity,independent_seeded,S25001,25001,ellipse--demand_conflict,ellipse,demand_conflict,residual_delay_shrinkage,1.0,12,v11_full,1.0,5,0.65,n1_d1_m1,0.05,4,1.7,7.488128890501111,1.7515333391389498,0.4201485477448703,0.2339080115675915,0.8333333333333334,0.3333333333333333,2.1265330876573425,0.444387435051885,0.208972734838298,"[7.488128890501111, 3.8164499818774402, 2.3256651871196112, 1.8225596308647107, 1.7515333391389498]","[[2, 3], [3, 4], [3, 4], [3, 4]]","[true, true, true, true, true]",0,4.0,0,1,1,"[[7, 7], [7, 7], [7, 7], [7, 7], [7, 7]]","[[9, 9], [9, 9], [9, 9], [9, 9], [9, 9]]","[[2, 2], [2, 2], [2, 2], [2, 2], [2, 2]]","[[7.0, 7.0], [7.0, 7.0], [7.0, 7.0], [7.0, 7.0], [7.0, 7.0]]","[7.0, 7.0]",0.5,0.9996281412111323,0.6210920419999866
03_parameter_sensitivity|gamma_1p0|ellipse--demand_conflict|n1_d1_m1|25002|v11_full,03_parameter_sensitivity,independent_seeded,S25002,25002,ellipse--demand_conflict,ellipse,demand_conflict,residual_delay_shrinkage,1.0,12,v11_full,1.0,5,0.65,n1_d1_m1,0.05,4,1.7,7.1732068950022025,0.6322542159287254,0.30762255008316086,0.08814108183178666,0.8333333333333334,0.0,1.8160957926442736,0.14701854265448427,0.0809530770623185,"[7.1732068950022025, 2.615212595225545, 1.3894193772941141, 0.9191982612736362, 0.6322542159287254]","[[2, 3], [3, 4], [3, 4], [3, 4]]","[true, true, true, true, true]",0,4.0,0,1,1,"[[7, 5], [7, 5], [7, 5], [7, 5], [7, 5]]","[[9, 7], [9, 7], [9, 7], [9, 7], [9, 7]]","[[2, 2], [2, 2], [2, 2], [2, 2], [2, 2]]","[[7.0, 5.0], [7.0, 5.0], [7.0, 5.0], [7.0, 5.0], [7.0, 5.0]]","[7.0, 5.0]",1.0,0.9984003091773965,0.5006045830000403
03_parameter_sensitivity|gamma_1p0|ellipse--demand_conflict|n1_d1_m1|25003|v11_full,03_parameter_sensitivity,independent_seeded,S25003,25003,ellipse--demand_conflict,ellipse,demand_conflict,residual_delay_shrinkage,1.0,12,v11_full,1.0,5,0.65,n1_d1_m1,0.05,4,1.7,7.073737856536296,0.2692330028194796,0.2646096866788774,0.03806092454651852,0.6666666666666666,0.0,1.7942068458114788,0.07151494629405751,0.03985880806385672,"[7.073737856536296, 2.489792704317396, 0.9205653857921774, 0.40527471167887125, 0.2692330028194796]","[[3, 4], [3, 4], [2, 4], [1, 3]]","[true, true, true, true, true]",0,4.0,0,1,1,"[[4, 7], [4, 7], [4, 7], [4, 7], [4, 7]]","[[6, 9], [6, 9], [6, 9], [6, 9], [6, 9]]","[[2, 2], [2, 2], [2, 2], [2, 2], [2, 2]]","[[4.0, 7.0], [4.0, 7.0], [4.0, 7.0], [4.0, 7.0], [4.0, 7.0]]","[4.0, 7.0]",1.0,0.996106927116539,0.5379724590000023
03_parameter_sensitivity|gamma_1p0|ellipse--demand_conflict|n1_d1_m1|25004|v11_full,03_parameter_sensitivity,independent_seeded,S25004,25004,ellipse--demand_conflict,ellipse,demand_conflict,residual_delay_shrinkage,1.0,12,v11_full,1.0,5,0.65,n1_d1_m1,0.05,4,1.7,6.272059599870351,0.22316584552909308,0.273233312496148,0.03558095103779085,0.6666666666666666,0.0,1.5946042184624036,0.06489827141652306,0.04069867034410657,"[6.272059599870351, 2.3193999465405972, 0.8652172889147447, 0.42271252442829865, 0.22316584552909308]","[[3, 4], [3, 4], [2, 4], [2, 3]]","[true, true, true, true, true]",0,4.0,0,1,1,"[[4, 7], [4, 7], [4, 7], [4, 7], [4, 7]]","[[6, 9], [6, 9], [6, 9], [6, 9], [6, 9]]","[[2, 2], [2, 2], [2, 2], [2, 2], [2, 2]]","[[4.0, 7.0], [4.0, 7.0], [4.0, 7.0], [4.0, 7.0], [4.0, 7.0]]","[4.0, 7.0]",0.5,0.9967704554938673,0.5102124580000122
03_parameter_sensitivity|gamma_1p0|ellipse--demand_conflict|n1_d1_m1|25005|v11_full,03_parameter_sensitivity,independent_seeded,S25005,25005,ellipse--demand_conflict,ellipse,demand_conflict,residual_delay_shrinkage,1.0,12,v11_full,1.0,5,0.65,n1_d1_m1,0.05,4,1.7,7.963615217036075,0.38638404939859394,0.26532883623402115,0.048518673852049776,0.6666666666666666,0.0,2.0012392545979276,0.09024576944402848,0.04509494266449411,"[7.963615217036075, 2.5826762894971065, 1.1718971298641985, 0.5223339784282545, 0.38638404939859394]","[[3, 4], [3, 4], [2, 3], [1, 3]]","[true, true, true, true, true]",0,4.0,0,1,1,"[[4, 8], [4, 8], [4, 8], [4, 8], [4, 8]]","[[6, 10], [6, 10], [6, 10], [6, 10], [6, 10]]","[[2, 2], [2, 2], [2, 2], [2, 2], [2, 2]]","[[4.0, 8.0], [4.0, 8.0], [4.0, 8.0], [4.0, 8.0], [4.0, 8.0]]","[4.0, 8.0]",1.0,0.9941967300428178,0.5377101670000002
03_parameter_sensitivity|gamma_1p0|ellipse--demand_conflict|n1_d1_m1|25006|v11_full,03_parameter_sensitivity,independent_seeded,S25006,25006,ellipse--demand_conflict,ellipse,demand_conflict,residual_delay_shrinkage,1.0,12,v11_full,1.0,5,0.65,n1_d1_m1,0.05,4,1.7,6.063825769387071,0.20526069568287525,0.31611263579262844,0.033850031892262454,0.8333333333333334,0.0,1.7925268372907202,0.07250036481136841,0.040445902010007105,"[6.063825769387071, 2.757005683434806, 1.245862145695588, 0.5299967261274726, 0.20526069568287525]","[[3, 4], [3, 4], [3, 4], [2, 4]]","[true, true, true, true, true]",0,4.0,0,1,1,"[[6, 7], [6, 7], [6, 7], [6, 7], [6, 7]]","[[8, 9], [8, 9], [8, 9], [8, 9], [8, 9]]","[[2, 2], [2, 2], [2, 2], [2, 2], [2, 2]]","[[6.0, 7.0], [6.0, 7.0], [6.0, 7.0], [6.0, 7.0], [6.0, 7.0]]","[6.0, 7.0]",1.0,0.9992534434892303,0.48011174999999184
03_parameter_sensitivity|gamma_1p0|figure_eight--demand_conflict|n0_d1_m0|25001|v11_full,03_parameter_sensitivity,independent_seeded,S25001,25001,figure_eight--demand_conflict,figure_eight,demand_conflict,residual_delay_shrinkage,1.0,12,v11_full,1.0,5,0.65,n0_d1_m0,0.0,4,1.0,11.530597929027934,8.486586065361605,0.7878568097971625,0.7360057229987076,0.8333333333333334,0.6666666666666666,3.5406280069014553,2.3227098385742213,0.6560163434415459,"[11.530597929027934, 9.140902098407526, 8.662902394272244, 8.525443907796335, 8.486586065361605]","[[2, 4], [2, 4], [2, 4], [2, 4]]","[true, true, true, true, true]",0,4.0,0,1,1,"[[7, 7], [7, 7], [7, 7], [7, 7], [7, 7]]","[[9, 9], [9, 9], [9, 9], [9, 9], [9, 9]]","[[2, 2], [2, 2], [2, 2], [2, 2], [2, 2]]","[[7.0, 7.0], [7.0, 7.0], [7.0, 7.0], [7.0, 7.0], [7.0, 7.0]]","[7.0, 7.0]",0.5,0.9997741406535845,0.8144232910000255
03_parameter_sensitivity|gamma_1p0|figure_eight--demand_conflict|n0_d1_m0|25002|v11_full,03_parameter_sensitivity,independent_seeded,S25002,25002,figure_eight--demand_conflict,figure_eight,demand_conflict,residual_delay_shrinkage,1.0,12,v11_full,1.0,5,0.65,n0_d1_m0,0.0,4,1.0,10.205787666034217,6.846177965521971,0.7471474227443358,0.6708132864949434,1.0,0.6666666666666666,2.9412102616826212,1.8680098486959569,0.6351160517260324,"[10.205787666034217, 7.652823439391335, 7.169835166121539, 7.152270385722609, 6.846177965521971]","[[1, 4], [2, 4], [2, 4], [3, 4]]","[true, true, true, true, true]",0,4.0,0,1,1,"[[7, 5], [7, 5], [7, 5], [7, 5], [7, 5]]","[[9, 7], [9, 7], [9, 7], [9, 7], [9, 7]]","[[2, 2], [2, 2], [2, 2], [2, 2], [2, 2]]","[[7.0, 5.0], [7.0, 5.0], [7.0, 5.0], [7.0, 5.0], [7.0, 5.0]]","[7.0, 5.0]",1.0,0.9973860920548205,0.7527539999999817
03_parameter_sensitivity|gamma_1p0|figure_eight--demand_conflict|n0_d1_m0|25003|v11_full,03_parameter_sensitivity,independent_seeded,S25003,25003,figure_eight--demand_conflict,figure_eight,demand_conflict,residual_delay_shrinkage,1.0,12,v11_full,1.0,5,0.65,n0_d1_m0,0.0,4,1.0,11.943424306382695,5.75734830501637,0.5953268670639152,0.4820517263160098,1.0,0.6666666666666666,3.434114444626585,1.5031491125068084,0.4377108383381953,"[11.943424306382695, 7.491559485680932, 6.213798012669149, 5.885221693285684, 5.75734830501637]","[[2, 4], [2, 4], [2, 4], [2, 4]]","[true, true, true, true, true]",0,4.0,0,1,1,"[[4, 8], [4, 8], [4, 8], [4, 8], [4, 8]]","[[6, 10], [6, 10], [6, 10], [6, 10], [6, 10]]","[[2, 2], [2, 2], [2, 2], [2, 2], [2, 2]]","[[4.0, 8.0], [4.0, 8.0], [4.0, 8.0], [4.0, 8.0], [4.0, 8.0]]","[4.0, 8.0]",0.5,0.9935196053954203,0.8731709159999923
03_parameter_sensitivity|gamma_1p0|figure_eight--demand_conflict|n0_d1_m0|25004|v11_full,03_parameter_sensitivity,independent_seeded,S25004,25004,figure_eight--demand_conflict,figure_eight,demand_conflict,residual_delay_shrinkage,1.0,12,v11_full,1.0,5,0.65,n0_d1_m0,0.0,4,1.0,10.33382828411624,4.583224163132469,0.5601067603846447,0.4435165784762632,1.0,0.6666666666666666,2.972442702426152,1.147583833154267,0.38607433280970965,"[10.33382828411624, 5.953828123032047, 5.0255943465884005, 4.714239637105434, 4.583224163132469]","[[2, 4], [2, 4], [2, 4], [2, 4]]","[true, true, true, true, true]",0,4.0,0,1,1,"[[4, 7], [4, 7], [4, 7], [4, 7], [4, 7]]","[[6, 9], [6, 9], [6, 9], [6, 9], [6, 9]]","[[2, 2], [2, 2], [2, 2], [2, 2], [2, 2]]","[[4.0, 7.0], [4.0, 7.0], [4.0, 7.0], [4.0, 7.0], [4.0, 7.0]]","[4.0, 7.0]",0.5,0.9959775643173265,0.7417584159999819
03_parameter_sensitivity|gamma_1p0|figure_eight--demand_conflict|n0_d1_m0|25005|v11_full,03_parameter_sensitivity,independent_seeded,S25005,25005,figure_eight--demand_conflict,figure_eight,demand_conflict,residual_delay_shrinkage,1.0,12,v11_full,1.0,5,0.65,n0_d1_m0,0.0,4,1.0,12.65732316490088,6.627952365832177,0.6244851161958821,0.5236456618419666,1.0,0.6666666666666666,3.642795192090087,1.770002568545555,0.4858913211450682,"[12.65732316490088, 8.222706334035092, 7.02153932012705, 6.730356289919154, 6.627952365832177]","[[2, 4], [2, 4], [2, 4], [2, 4]]","[true, true, true, true, true]",0,4.0,0,1,1,"[[5, 8], [5, 8], [5, 8], [5, 8], [5, 8]]","[[7, 10], [7, 10], [7, 10], [7, 10], [7, 10]]","[[2, 2], [2, 2], [2, 2], [2, 2], [2, 2]]","[[5.0, 8.0], [5.0, 8.0], [5.0, 8.0], [5.0, 8.0], [5.0, 8.0]]","[5.0, 8.0]",0.5,0.9937789558978369,0.7962457500000255
03_parameter_sensitivity|gamma_1p0|figure_eight--demand_conflict|n0_d1_m0|25006|v11_full,03_parameter_sensitivity,independent_seeded,S25006,25006,figure_eight--demand_conflict,figure_eight,demand_conflict,residual_delay_shrinkage,1.0,12,v11_full,1.0,5,0.65,n0_d1_m0,0.0,4,1.0,11.568280104852967,7.472247216386316,0.7146624704911656,0.6459255091214173,0.8333333333333334,0.6666666666666666,3.4310419029031243,1.9805981336880076,0.5772585091462026,"[11.568280104852967, 8.30758883715758, 7.708144064670174, 7.533665993824685, 7.472247216386316]","[[2, 4], [2, 4], [2, 4], [2, 4]]","[true, true, true, true, true]",0,4.0,0,1,1,"[[6, 7], [6, 7], [6, 7], [6, 7], [6, 7]]","[[8, 9], [8, 9], [8, 9], [8, 9], [8, 9]]","[[2, 2], [2, 2], [2, 2], [2, 2], [2, 2]]","[[6.0, 7.0], [6.0, 7.0], [6.0, 7.0], [6.0, 7.0], [6.0, 7.0]]","[6.0, 7.0]",1.0,0.9994483226888282,0.7941822500000058
03_parameter_sensitivity|gamma_1p0|figure_eight--demand_conflict|n1_d1_m1|25001|v11_full,03_parameter_sensitivity,independent_seeded,S25001,25001,figure_eight--demand_conflict,figure_eight,demand_conflict,residual_delay_shrinkage,1.0,12,v11_full,1.0,5,0.65,n1_d1_m1,0.05,4,1.7,11.677691315437041,8.001093181032806,0.7453095034806593,0.6851605308710254,0.8333333333333334,0.6666666666666666,3.547203318946834,2.195524191189024,0.618945122052061,"[11.677691315437041, 8.75932372192729, 8.183200244644194, 8.032061049628746, 8.001093181032806]","[[2, 4], [2, 4], [2, 4], [2, 4]]","[true, true, true, true, true]",0,4.0,0,1,1,"[[7, 7], [7, 7], [7, 7], [7, 7], [7, 7]]","[[9, 9], [9, 9], [9, 9], [9, 9], [9, 9]]","[[2, 2], [2, 2], [2, 2], [2, 2], [2, 2]]","[[7.0, 7.0], [7.0, 7.0], [7.0, 7.0], [7.0, 7.0], [7.0, 7.0]]","[7.0, 7.0]",0.5,0.999476615696606,0.7727914999999825
03_parameter_sensitivity|gamma_1p0|figure_eight--demand_conflict|n1_d1_m1|25002|v11_full,03_parameter_sensitivity,independent_seeded,S25002,25002,figure_eight--demand_conflict,figure_eight,demand_conflict,residual_delay_shrinkage,1.0,12,v11_full,1.0,5,0.65,n1_d1_m1,0.05,4,1.7,9.444604032109284,6.246239655117069,0.721576440932157,0.6613553764542612,1.0,0.6666666666666666,2.7197966276617676,1.719266056966261,0.6321303730876117,"[9.444604032109284, 6.748519435873012, 6.420196041104025, 6.246239655117069, 6.24551581172584]","[[1, 4], [2, 4], [3, 4], [3, 4]]","[true, true, true, true, false]",1,2.0,0,1,1,"[[7, 5], [7, 5], [7, 5], [7, 5], [7, 5]]","[[9, 7], [9, 7], [9, 7], [9, 7], [9, 7]]","[[2, 2], [2, 2], [2, 2], [2, 2], [2, 2]]","[[7.0, 5.0], [7.0, 5.0], [7.0, 5.0], [7.0, 5.0], [7.0, 5.0]]","[7.0, 5.0]",1.0,0.9968523134250187,0.7397330409999654
03_parameter_sensitivity|gamma_1p0|figure_eight--demand_conflict|n1_d1_m1|25003|v11_full,03_parameter_sensitivity,independent_seeded,S25003,25003,figure_eight--demand_conflict,figure_eight,demand_conflict,residual_delay_shrinkage,1.0,12,v11_full,1.0,5,0.65,n1_d1_m1,0.05,4,1.7,11.569640299296164,5.3236623465275965,0.5772736839532805,0.46014069658254286,1.0,0.6666666666666666,3.318112372978345,1.4033287401537504,0.42292984155148416,"[11.569640299296164, 7.001648503635295, 5.805627795687185, 5.461467888121768, 5.3236623465275965]","[[2, 4], [2, 4], [2, 4], [2, 4]]","[true, true, true, true, true]",0,4.0,0,1,1,"[[4, 7], [4, 7], [4, 7], [4, 7], [4, 7]]","[[6, 9], [6, 9], [6, 9], [6, 9], [6, 9]]","[[2, 2], [2, 2], [2, 2], [2, 2], [2, 2]]","[[4.0, 7.0], [4.0, 7.0], [4.0, 7.0], [4.0, 7.0], [4.0, 7.0]]","[4.0, 7.0]",1.0,0.9929563286740968,0.8950251659999822
03_parameter_sensitivity|gamma_1p0|figure_eight--demand_conflict|n1_d1_m1|25004|v11_full,03_parameter_sensitivity,independent_seeded,S25004,25004,figure_eight--demand_conflict,figure_eight,demand_conflict,residual_delay_shrinkage,1.0,12,v11_full,1.0,5,0.65,n1_d1_m1,0.05,4,1.7,10.318952142072382,4.253284738342497,0.5373782753991478,0.4121818455772292,1.0,0.6666666666666666,2.9536337273818942,1.0823433499963737,0.3664446745588068,"[10.318952142072382, 5.800729525410669, 4.706792778108557, 4.387082080406132, 4.253284738342497]","[[2, 4], [2, 4], [2, 4], [2, 4]]","[true, true, true, true, true]",0,4.0,0,1,1,"[[4, 7], [4, 7], [4, 7], [4, 7], [4, 7]]","[[6, 9], [6, 9], [6, 9], [6, 9], [6, 9]]","[[2, 2], [2, 2], [2, 2], [2, 2], [2, 2]]","[[4.0, 7.0], [4.0, 7.0], [4.0, 7.0], [4.0, 7.0], [4.0, 7.0]]","[4.0, 7.0]",0.5,0.9949784746966814,0.9075388750000002
03_parameter_sensitivity|gamma_1p0|figure_eight--demand_conflict|n1_d1_m1|25005|v11_full,03_parameter_sensitivity,independent_seeded,S25005,25005,figure_eight--demand_conflict,figure_eight,demand_conflict,residual_delay_shrinkage,1.0,12,v11_full,1.0,5,0.65,n1_d1_m1,0.05,4,1.7,13.208865916594977,6.1906179439114695,0.5893018804294057,0.46867141986306926,1.0,0.6666666666666666,3.7822836944178975,1.6742848278479303,0.4426650571766819,"[13.208865916594977, 8.333346312770406, 6.779721314310075, 6.323228534623519, 6.1906179439114695]","[[2, 4], [2, 4], [2, 4], [2, 4]]","[true, true, true, true, true]",0,4.0,0,1,1,"[[4, 8], [4, 8], [4, 8], [4, 8], [4, 8]]","[[6, 10], [6, 10], [6, 10], [6, 10], [6, 10]]","[[2, 2], [2, 2], [2, 2], [2, 2], [2, 2]]","[[4.0, 8.0], [4.0, 8.0], [4.0, 8.0], [4.0, 8.0], [4.0, 8.0]]","[4.0, 8.0]",1.0,0.9896480148331674,0.9745898329999818
03_parameter_sensitivity|gamma_1p0|figure_eight--demand_conflict|n1_d1_m1|25006|v11_full,03_parameter_sensitivity,independent_seeded,S25006,25006,figure_eight--demand_conflict,figure_eight,demand_conflict,residual_delay_shrinkage,1.0,12,v11_full,1.0,5,0.65,n1_d1_m1,0.05,4,1.7,10.804689433892133,6.725827702142248,0.6951337615722339,0.6224915341892829,0.6666666666666666,0.6666666666666666,3.190097182857639,1.7652455430793428,0.5533516510296603,"[10.804689433892133, 7.536539674793154, 6.95969026251719, 6.7813291298773, 6.725827702142248]","[[2, 4], [2, 4], [2, 4], [2, 4]]","[true, true, true, true, true]",0,4.0,0,1,1,"[[6, 7], [6, 7], [6, 7], [6, 7], [6, 7]]","[[8, 9], [8, 9], [8, 9], [8, 9], [8, 9]]","[[2, 2], [2, 2], [2, 2], [2, 2], [2, 2]]","[[6.0, 7.0], [6.0, 7.0], [6.0, 7.0], [6.0, 7.0], [6.0, 7.0]]","[6.0, 7.0]",1.0,0.999178602968344,0.9815802090000147
03_parameter_sensitivity|gamma_1p0|harmonic_loop--demand_conflict|n0_d1_m0|25001|v11_full,03_parameter_sensitivity,independent_seeded,S25001,25001,harmonic_loop--demand_conflict,harmonic_loop,demand_conflict,residual_delay_shrinkage,1.0,12,v11_full,1.0,5,0.65,n0_d1_m0,0.0,4,1.0,8.99889140222643,5.488967568383103,0.7778376936362283,0.609960418793927,1.0,0.8333333333333334,2.4660513006353546,1.4663334597968058,0.5946078491631618,"[8.99889140222643, 7.346626969525305, 6.711730443085958, 6.6964208364467375, 5.488967568383103]","[[2, 3], [1, 3], [2, 3], [1, 2]]","[true, true, true, true, true]",0,4.0,0,1,1,"[[7, 7], [7, 7], [7, 7], [7, 7], [7, 7]]","[[9, 9], [9, 9], [9, 9], [9, 9], [9, 9]]","[[2, 2], [2, 2], [2, 2], [2, 2], [2, 2]]","[[7.0, 7.0], [7.0, 7.0], [7.0, 7.0], [7.0, 7.0], [7.0, 7.0]]","[7.0, 7.0]",0.5,0.9997716424306144,0.7168439169999488
03_parameter_sensitivity|gamma_1p0|harmonic_loop--demand_conflict|n0_d1_m0|25002|v11_full,03_parameter_sensitivity,independent_seeded,S25002,25002,harmonic_loop--demand_conflict,harmonic_loop,demand_conflict,residual_delay_shrinkage,1.0,12,v11_full,1.0,5,0.65,n0_d1_m0,0.0,4,1.0,8.1760226882683,4.89750386970301,0.6913455619086035,0.599008106561445,0.8333333333333334,0.8333333333333334,2.039212942951675,1.0792678367619386,0.5292570550281737,"[8.1760226882683, 6.056509271360934, 4.89750386970301, 5.045202342130176, 5.045202342130176]","[[2, 3], [1, 3], [2, 3], [2, 3]]","[true, true, true, false, false]",2,1.0,0,1,1,"[[7, 5], [7, 5], [7, 5], [7, 5], [7, 5]]","[[9, 7], [9, 7], [9, 7], [9, 7], [9, 7]]","[[2, 2], [2, 2], [2, 2], [2, 2], [2, 2]]","[[7.0, 5.0], [7.0, 5.0], [7.0, 5.0], [7.0, 5.0], [7.0, 5.0]]","[7.0, 5.0]",1.0,0.9972999781110992,0.5743353749999756
03_parameter_sensitivity|gamma_1p0|harmonic_loop--demand_conflict|n0_d1_m0|25003|v11_full,03_parameter_sensitivity,independent_seeded,S25003,25003,harmonic_loop--demand_conflict,harmonic_loop,demand_conflict,residual_delay_shrinkage,1.0,12,v11_full,1.0,5,0.65,n0_d1_m0,0.0,4,1.0,8.574357152477088,3.7319410028515945,0.5919379969476108,0.43524440800479786,0.8333333333333334,0.8333333333333334,2.19461231466453,1.1666883853363552,0.5316147993613605,"[8.574357152477088, 5.48891172895104, 4.867859711849457, 3.7319410028515945, 3.8521203438243963]","[[2, 3], [1, 3], [3, 4], [1, 3]]","[true, true, true, true, false]",1,2.0,0,1,1,"[[4, 7], [4, 7], [4, 7], [4, 7], [4, 7]]","[[6, 9], [6, 9], [6, 9], [6, 9], [6, 9]]","[[2, 2], [2, 2], [2, 2], [2, 2], [2, 2]]","[[4.0, 7.0], [4.0, 7.0], [4.0, 7.0], [4.0, 7.0], [4.0, 7.0]]","[4.0, 7.0]",1.0,0.9954197913106126,0.5942631660000188
03_parameter_sensitivity|gamma_1p0|harmonic_loop--demand_conflict|n0_d1_m0|25004|v11_full,03_parameter_sensitivity,independent_seeded,S25004,25004,harmonic_loop--demand_conflict,harmonic_loop,demand_conflict,residual_delay_shrinkage,1.0,12,v11_full,1.0,5,0.65,n0_d1_m0,0.0,4,1.0,7.397759230051182,3.13629761896211,0.6200846531283708,0.4239523782041783,1.0,0.8333333333333334,1.9138760484106219,0.9614581772582886,0.502361779414467,"[7.397759230051182, 4.887006442703281, 4.170215570089722, 4.024697427074315, 3.13629761896211]","[[2, 3], [1, 3], [2, 4], [1, 3]]","[true, true, true, true, true]",0,4.0,0,1,1,"[[4, 7], [4, 7], [4, 7], [4, 7], [4, 7]]","[[6, 9], [6, 9], [6, 9], [6, 9], [6, 9]]","[[2, 2], [2, 2], [2, 2], [2, 2], [2, 2]]","[[4.0, 7.0], [4.0, 7.0], [4.0, 7.0], [4.0, 7.0], [4.0, 7.0]]","[4.0, 7.0]",0.5,0.9968629748706772,0.5914073330000065
03_parameter_sensitivity|gamma_1p0|harmonic_loop--demand_conflict|n0_d1_m0|25005|v11_full,03_parameter_sensitivity,independent_seeded,S25005,25005,harmonic_loop--demand_conflict,harmonic_loop,demand_conflict,residual_delay_shrinkage,1.0,12,v11_full,1.0,5,0.65,n0_d1_m0,0.0,4,1.0,9.152116894160674,4.451341663209082,0.6318180214242601,0.4863729030875001,1.0,0.8333333333333334,2.3500559742655738,1.3359671751055633,0.568483129651017,"[9.152116894160674, 6.40270263810763, 5.428755378806466, 4.451341663209082, 4.542062848890099]","[[2, 3], [1, 3], [3, 4], [1, 3]]","[true, true, true, true, false]",1,2.0,0,1,1,"[[5, 8], [5, 8], [5, 8], [5, 8], [5, 8]]","[[7, 10], [7, 10], [7, 10], [7, 10], [7, 10]]","[[2, 2], [2, 2], [2, 2], [2, 2], [2, 2]]","[[5.0, 8.0], [5.0, 8.0], [5.0, 8.0], [5.0, 8.0], [5.0, 8.0]]","[5.0, 8.0]",0.5,0.9949062036254651,0.670441124999968
03_parameter_sensitivity|gamma_1p0|harmonic_loop--demand_conflict|n0_d1_m0|25006|v11_full,03_parameter_sensitivity,independent_seeded,S25006,25006,harmonic_loop--demand_conflict,harmonic_loop,demand_conflict,residual_delay_shrinkage,1.0,12,v11_full,1.0,5,0.65,n0_d1_m0,0.0,4,1.0,8.536642392877095,5.587694983101725,0.7795760424960871,0.654554182539502,1.0,0.8333333333333334,2.3239425180567728,1.4437034177774097,0.6212302613167048,"[8.536642392877095, 6.939949985560647, 5.587694983101725, 6.5492542708485955, 6.5492542708485955]","[[2, 3], [1, 3], [2, 3], [2, 3]]","[true, true, true, false, false]",2,1.0,0,1,1,"[[6, 7], [6, 7], [6, 7], [6, 7], [6, 7]]","[[8, 9], [8, 9], [8, 9], [8, 9], [8, 9]]","[[2, 2], [2, 2], [2, 2], [2, 2], [2, 2]]","[[6.0, 7.0], [6.0, 7.0], [6.0, 7.0], [6.0, 7.0], [6.0, 7.0]]","[6.0, 7.0]",1.0,0.9995449277242575,0.6511067920000073
03_parameter_sensitivity|gamma_1p0|harmonic_loop--demand_conflict|n1_d1_m1|25001|v11_full,03_parameter_sensitivity,independent_seeded,S25001,25001,harmonic_loop--demand_conflict,harmonic_loop,demand_conflict,residual_delay_shrinkage,1.0,12,v11_full,1.0,5,0.65,n1_d1_m1,0.05,4,1.7,8.86701486508597,6.697030268960525,0.8197624227150543,0.75527450566596,1.0,0.8333333333333334,2.4949899882297855,1.650826349074511,0.6616565023757008,"[8.86701486508597, 7.485781127676306, 6.697030268960525, 6.972709015355521, 6.972709015355521]","[[2, 3], [1, 3], [2, 3], [2, 3]]","[true, true, true, false, false]",2,1.0,0,1,1,"[[7, 7], [7, 7], [7, 7], [7, 7], [7, 7]]","[[9, 9], [9, 9], [9, 9], [9, 9], [9, 9]]","[[2, 2], [2, 2], [2, 2], [2, 2], [2, 2]]","[[7.0, 7.0], [7.0, 7.0], [7.0, 7.0], [7.0, 7.0], [7.0, 7.0]]","[7.0, 7.0]",0.5,0.9989947152181258,0.8296399580000298
03_parameter_sensitivity|gamma_1p0|harmonic_loop--demand_conflict|n1_d1_m1|25002|v11_full,03_parameter_sensitivity,independent_seeded,S25002,25002,harmonic_loop--demand_conflict,harmonic_loop,demand_conflict,residual_delay_shrinkage,1.0,12,v11_full,1.0,5,0.65,n1_d1_m1,0.05,4,1.7,7.544353028411633,4.505279982376964,0.6952043602706193,0.5971724766073802,0.8333333333333334,0.8333333333333334,1.8750192561065957,0.998206025684832,0.5323710796216397,"[7.544353028411633, 5.628372955244513, 4.505279982376964, 4.715759354175453, 4.715759354175453]","[[2, 3], [1, 3], [2, 3], [2, 3]]","[true, true, true, false, false]",2,1.0,0,1,1,"[[7, 5], [7, 5], [7, 5], [7, 5], [7, 5]]","[[9, 7], [9, 7], [9, 7], [9, 7], [9, 7]]","[[2, 2], [2, 2], [2, 2], [2, 2], [2, 2]]","[[7.0, 5.0], [7.0, 5.0], [7.0, 5.0], [7.0, 5.0], [7.0, 5.0]]","[7.0, 5.0]",1.0,0.9975353334397075,0.6798230420000095
03_parameter_sensitivity|gamma_1p0|harmonic_loop--demand_conflict|n1_d1_m1|25003|v11_full,03_parameter_sensitivity,independent_seeded,S25003,25003,harmonic_loop--demand_conflict,harmonic_loop,demand_conflict,residual_delay_shrinkage,1.0,12,v11_full,1.0,5,0.65,n1_d1_m1,0.05,4,1.7,8.238858540839244,3.6072591878464397,0.5960058799199686,0.4378348250507757,0.8333333333333334,0.8333333333333334,2.1077823925540953,1.1383093683701886,0.5400507056095328,"[8.238858540839244, 5.2429615883464855, 4.807168882201798, 3.6072591878464397, 3.7296272157236476]","[[2, 3], [1, 3], [3, 4], [1, 3]]","[true, true, true, true, false]",1,2.0,0,1,1,"[[4, 7], [4, 7], [4, 7], [4, 7], [4, 7]]","[[6, 9], [6, 9], [6, 9], [6, 9], [6, 9]]","[[2, 2], [2, 2], [2, 2], [2, 2], [2, 2]]","[[4.0, 7.0], [4.0, 7.0], [4.0, 7.0], [4.0, 7.0], [4.0, 7.0]]","[4.0, 7.0]",1.0,0.9950341707748036,0.7388957499999833
03_parameter_sensitivity|gamma_1p0|harmonic_loop--demand_conflict|n1_d1_m1|25004|v11_full,03_parameter_sensitivity,independent_seeded,S25004,25004,harmonic_loop--demand_conflict,harmonic_loop,demand_conflict,residual_delay_shrinkage,1.0,12,v11_full,1.0,5,0.65,n1_d1_m1,0.05,4,1.7,7.294331283118729,3.3087630146877522,0.6336707174028052,0.4536074502600701,1.0,0.8333333333333334,1.8835316528462713,0.9907370324977895,0.5259996724773124,"[7.294331283118729, 4.826006014584558, 4.382023023958651, 3.9792403611438276, 3.3087630146877522]","[[2, 3], [1, 3], [2, 4], [1, 3]]","[true, true, true, true, true]",0,4.0,0,1,1,"[[4, 7], [4, 7], [4, 7], [4, 7], [4, 7]]","[[6, 9], [6, 9], [6, 9], [6, 9], [6, 9]]","[[2, 2], [2, 2], [2, 2], [2, 2], [2, 2]]","[[4.0, 7.0], [4.0, 7.0], [4.0, 7.0], [4.0, 7.0], [4.0, 7.0]]","[4.0, 7.0]",0.5,0.9959082770353058,0.7100165840000159
03_parameter_sensitivity|gamma_1p0|harmonic_loop--demand_conflict|n1_d1_m1|25005|v11_full,03_parameter_sensitivity,independent_seeded,S25005,25005,harmonic_loop--demand_conflict,harmonic_loop,demand_conflict,residual_delay_shrinkage,1.0,12,v11_full,1.0,5,0.65,n1_d1_m1,0.05,4,1.7,9.516513563736712,3.9753952617998554,0.6034631781224749,0.4177365203311804,0.8333333333333334,0.8333333333333334,2.420289824794433,1.4034379106053945,0.5798635751090658,"[9.516513563736712, 6.3237336572130225, 5.058659965475916, 4.843114043815559, 3.9753952617998554]","[[2, 3], [3, 4], [1, 3], [3, 4]]","[true, true, true, true, true]",0,4.0,0,1,1,"[[4, 8], [5, 8], [4, 8], [4, 8], [4, 8]]","[[6, 10], [7, 10], [6, 10], [6, 10], [6, 10]]","[[2, 2], [2, 2], [2, 2], [2, 2], [2, 2]]","[[4.0, 8.0], [4.5, 8.0], [4.0, 8.0], [4.0, 8.0], [4.0, 8.0]]","[4.0, 8.0]",1.0,0.9914921160955641,0.8400743750000288
03_parameter_sensitivity|gamma_1p0|harmonic_loop--demand_conflict|n1_d1_m1|25006|v11_full,03_parameter_sensitivity,independent_seeded,S25006,25006,harmonic_loop--demand_conflict,harmonic_loop,demand_conflict,residual_delay_shrinkage,1.0,12,v11_full,1.0,5,0.65,n1_d1_m1,0.05,4,1.7,7.923445882788174,5.2132603481324775,0.7953794696405895,0.6579536763741974,1.0,0.8333333333333334,2.1567230813337837,1.3450944879657836,0.6236751021062639,"[7.923445882788174, 6.522919964739314, 5.2132603481324775, 6.3404543210973365, 6.3404543210973365]","[[2, 3], [1, 3], [2, 3], [2, 3]]","[true, true, true, false, false]",2,1.0,0,1,1,"[[6, 7], [6, 7], [6, 7], [6, 7], [6, 7]]","[[8, 9], [8, 9], [8, 9], [8, 9], [8, 9]]","[[2, 2], [2, 2], [2, 2], [2, 2], [2, 2]]","[[6.0, 7.0], [6.0, 7.0], [6.0, 7.0], [6.0, 7.0], [6.0, 7.0]]","[6.0, 7.0]",1.0,0.9992888549564019,0.7091027499999996
03_parameter_sensitivity|gamma_1p0|rounded_square--demand_conflict|n0_d1_m0|25001|v11_full,03_parameter_sensitivity,independent_seeded,S25001,25001,rounded_square--demand_conflict,rounded_square,demand_conflict,residual_delay_shrinkage,1.0,12,v11_full,1.0,5,0.65,n0_d1_m0,0.0,4,1.0,12.878324196240044,9.858026848518854,0.8290247373510892,0.765474350412533,1.0,1.0,2.734247150516419,2.455248487513904,0.8979614322904861,"[12.878324196240044, 10.952807989920004, 10.237963281381946, 10.146850543558921, 9.858026848518854]","[[1, 2], [1, 2], [2, 4], [1, 2]]","[true, true, true, true, true]",0,4.0,0,1,1,"[[7, 7], [7, 7], [7, 7], [7, 7], [7, 7]]","[[9, 9], [9, 9], [9, 9], [9, 9], [9, 9]]","[[2, 2], [2, 2], [2, 2], [2, 2], [2, 2]]","[[7.0, 7.0], [7.0, 7.0], [7.0, 7.0], [7.0, 7.0], [7.0, 7.0]]","[7.0, 7.0]",0.5,0.9996474064869298,0.6942222090000314
03_parameter_sensitivity|gamma_1p0|rounded_square--demand_conflict|n0_d1_m0|25002|v11_full,03_parameter_sensitivity,independent_seeded,S25002,25002,rounded_square--demand_conflict,rounded_square,demand_conflict,residual_delay_shrinkage,1.0,12,v11_full,1.0,5,0.65,n0_d1_m0,0.0,4,1.0,10.609358139352715,7.438668262805916,0.8086644514445351,0.7011421581871262,0.8333333333333334,0.8333333333333334,2.4987575237146307,1.9056909698194493,0.7626554204373004,"[10.609358139352715, 9.696603817474806, 8.071950912211786, 7.5250751889871985, 7.438668262805916]","[[2, 4], [1, 2], [1, 2], [2, 4]]","[true, true, true, true, true]",0,4.0,0,1,1,"[[7, 5], [7, 5], [7, 5], [7, 5], [7, 5]]","[[9, 7], [9, 7], [9, 7], [9, 7], [9, 7]]","[[2, 2], [2, 2], [2, 2], [2, 2], [2, 2]]","[[7.0, 5.0], [7.0, 5.0], [7.0, 5.0], [7.0, 5.0], [7.0, 5.0]]","[7.0, 5.0]",1.0,0.9965963135539351,0.6752908750000302
03_parameter_sensitivity|gamma_1p0|rounded_square--demand_conflict|n0_d1_m0|25003|v11_full,03_parameter_sensitivity,independent_seeded,S25003,25003,rounded_square--demand_conflict,rounded_square,demand_conflict,residual_delay_shrinkage,1.0,12,v11_full,1.0,5,0.65,n0_d1_m0,0.0,4,1.0,12.667453428070658,8.871193621166794,0.7694230217477608,0.7003138927283145,1.0,0.8333333333333334,2.9130061268567298,2.1675581597859908,0.7440966703784065,"[12.667453428070658, 9.014847558314761, 8.871193621166794, 9.950848102635764, 9.631810363495962]","[[1, 4], [1, 2], [2, 4], [2, 4]]","[true, true, true, false, false]",2,1.0,0,1,1,"[[4, 7], [4, 7], [4, 7], [4, 7], [4, 7]]","[[6, 9], [6, 9], [6, 9], [6, 9], [6, 9]]","[[2, 2], [2, 2], [2, 2], [2, 2], [2, 2]]","[[4.0, 7.0], [4.0, 7.0], [4.0, 7.0], [4.0, 7.0], [4.0, 7.0]]","[4.0, 7.0]",1.0,0.9916695985897823,0.8133006670000213
03_parameter_sensitivity|gamma_1p0|rounded_square--demand_conflict|n0_d1_m0|25004|v11_full,03_parameter_sensitivity,independent_seeded,S25004,25004,rounded_square--demand_conflict,rounded_square,demand_conflict,residual_delay_shrinkage,1.0,12,v11_full,1.0,5,0.65,n0_d1_m0,0.0,4,1.0,10.936409882598811,7.297568392880805,0.7532499750448027,0.6672727587224163,1.0,0.8333333333333334,2.4692788937523678,1.8366028989393142,0.743781070492355,"[10.936409882598811, 7.47757868759996, 7.297568392880805, 8.52379966114749, 8.368500403322978]","[[1, 4], [1, 2], [2, 4], [2, 4]]","[true, true, true, false, false]",2,1.0,0,1,1,"[[4, 7], [4, 7], [4, 7], [4, 7], [4, 7]]","[[6, 9], [6, 9], [6, 9], [6, 9], [6, 9]]","[[2, 2], [2, 2], [2, 2], [2, 2], [2, 2]]","[[4.0, 7.0], [4.0, 7.0], [4.0, 7.0], [4.0, 7.0], [4.0, 7.0]]","[4.0, 7.0]",0.5,0.9940336862711663,0.7312997079999946
03_parameter_sensitivity|gamma_1p0|rounded_square--demand_conflict|n0_d1_m0|25005|v11_full,03_parameter_sensitivity,independent_seeded,S25005,25005,rounded_square--demand_conflict,rounded_square,demand_conflict,residual_delay_shrinkage,1.0,12,v11_full,1.0,5,0.65,n0_d1_m0,0.0,4,1.0,13.449428834251158,9.88445053412533,0.800127117264851,0.7349345950627263,1.0,0.8333333333333334,3.021275814696837,2.4873519781607256,0.8232786844753244,"[13.449428834251158, 9.941089060967617, 9.88445053412533, 11.119709302754664, 10.750095146118781]","[[1, 4], [1, 2], [2, 4], [2, 4]]","[true, true, true, false, false]",2,1.0,0,1,1,"[[5, 8], [5, 8], [5, 8], [5, 8], [5, 8]]","[[7, 10], [7, 10], [7, 10], [7, 10], [7, 10]]","[[2, 2], [2, 2], [2, 2], [2, 2], [2, 2]]","[[5.0, 8.0], [5.0, 8.0], [5.0, 8.0], [5.0, 8.0], [5.0, 8.0]]","[5.0, 8.0]",0.5,0.991670123255098,1.0864583330000528
03_parameter_sensitivity|gamma_1p0|rounded_square--demand_conflict|n0_d1_m0|25006|v11_full,03_parameter_sensitivity,independent_seeded,S25006,25006,rounded_square--demand_conflict,rounded_square,demand_conflict,residual_delay_shrinkage,1.0,12,v11_full,1.0,5,0.65,n0_d1_m0,0.0,4,1.0,12.668752557348686,9.429471306304158,0.8312081556510326,0.7443093756562845,1.0,0.8333333333333334,2.6027135139067417,2.373984719542021,0.9121191044874576,"[12.668752557348686, 11.0869691564362, 10.459360899703844, 9.526039802405945, 9.429471306304158]","[[1, 2], [2, 4], [1, 2], [1, 2]]","[true, true, true, true, true]",0,4.0,0,1,1,"[[6, 7], [6, 7], [6, 7], [6, 7], [6, 7]]","[[8, 9], [8, 9], [8, 9], [8, 9], [8, 9]]","[[2, 2], [2, 2], [2, 2], [2, 2], [2, 2]]","[[6.0, 7.0], [6.0, 7.0], [6.0, 7.0], [6.0, 7.0], [6.0, 7.0]]","[6.0, 7.0]",1.0,0.999252644694986,0.8758728749999705
03_parameter_sensitivity|gamma_1p0|rounded_square--demand_conflict|n1_d1_m1|25001|v11_full,03_parameter_sensitivity,independent_seeded,S25001,25001,rounded_square--demand_conflict,rounded_square,demand_conflict,residual_delay_shrinkage,1.0,12,v11_full,1.0,5,0.65,n1_d1_m1,0.05,4,1.7,13.018710329567652,9.845895164253719,0.8437660499724539,0.7562880588787706,1.0,0.8333333333333334,2.7142490987481973,2.480023619333433,0.9137052382101598,"[13.018710329567652, 11.255535398373556, 11.144128264274123, 10.107016752501153, 9.845895164253719]","[[1, 2], [2, 4], [1, 2], [1, 2]]","[true, true, true, true, true]",0,4.0,0,1,1,"[[7, 7], [7, 7], [7, 7], [7, 7], [7, 7]]","[[9, 9], [9, 9], [9, 9], [9, 9], [9, 9]]","[[2, 2], [2, 2], [2, 2], [2, 2], [2, 2]]","[[7.0, 7.0], [7.0, 7.0], [7.0, 7.0], [7.0, 7.0], [7.0, 7.0]]","[7.0, 7.0]",0.5,0.9994611739059807,0.9307122499999991
03_parameter_sensitivity|gamma_1p0|rounded_square--demand_conflict|n1_d1_m1|25002|v11_full,03_parameter_sensitivity,independent_seeded,S25002,25002,rounded_square--demand_conflict,rounded_square,demand_conflict,residual_delay_shrinkage,1.0,12,v11_full,1.0,5,0.65,n1_d1_m1,0.05,4,1.7,9.938895279283194,6.731373491112793,0.805130999340395,0.6772758241193853,0.8333333333333334,0.8333333333333334,2.3335768553918896,1.7377744383021023,0.7446827535535653,"[9.938895279283194, 9.163628958423322, 7.655420393791065, 6.85426701678287, 6.731373491112793]","[[2, 4], [1, 2], [1, 2], [2, 4]]","[true, true, true, true, true]",0,4.0,0,1,1,"[[7, 5], [7, 5], [7, 5], [7, 5], [7, 5]]","[[9, 7], [9, 7], [9, 7], [9, 7], [9, 7]]","[[2, 2], [2, 2], [2, 2], [2, 2], [2, 2]]","[[7.0, 5.0], [7.0, 5.0], [7.0, 5.0], [7.0, 5.0], [7.0, 5.0]]","[7.0, 5.0]",1.0,0.9967459763289628,0.9594073330000015
03_parameter_sensitivity|gamma_1p0|rounded_square--demand_conflict|n1_d1_m1|25003|v11_full,03_parameter_sensitivity,independent_seeded,S25003,25003,rounded_square--demand_conflict,rounded_square,demand_conflict,residual_delay_shrinkage,1.0,12,v11_full,1.0,5,0.65,n1_d1_m1,0.05,4,1.7,12.197438303545976,8.223682785506089,0.7521829477162467,0.6742139276175181,1.0,0.8333333333333334,2.8509579756317676,2.0578686972522617,0.7218165665161169,"[12.197438303545976, 8.444853416975052, 8.223682785506089, 9.387113664182976, 9.08890274511193]","[[1, 4], [1, 2], [2, 4], [2, 4]]","[true, true, true, false, false]",2,1.0,0,1,1,"[[4, 7], [4, 7], [4, 7], [4, 7], [4, 7]]","[[6, 9], [6, 9], [6, 9], [6, 9], [6, 9]]","[[2, 2], [2, 2], [2, 2], [2, 2], [2, 2]]","[[4.0, 7.0], [4.0, 7.0], [4.0, 7.0], [4.0, 7.0], [4.0, 7.0]]","[4.0, 7.0]",1.0,0.9913384251275454,0.9620792079999774
03_parameter_sensitivity|gamma_1p0|rounded_square--demand_conflict|n1_d1_m1|25004|v11_full,03_parameter_sensitivity,independent_seeded,S25004,25004,rounded_square--demand_conflict,rounded_square,demand_conflict,residual_delay_shrinkage,1.0,12,v11_full,1.0,5,0.65,n1_d1_m1,0.05,4,1.7,10.811479195275698,6.91420470194913,0.736716355978223,0.6395243959744599,1.0,0.8333333333333334,2.5216385907499954,1.7942762840542836,0.7115517230090547,"[10.811479195275698, 7.234610345632587, 6.91420470194913, 8.275019989978846, 8.060799173426247]","[[1, 4], [1, 2], [2, 4], [2, 4]]","[true, true, true, false, false]",2,1.0,0,1,1,"[[4, 7], [4, 7], [4, 7], [4, 7], [4, 7]]","[[6, 9], [6, 9], [6, 9], [6, 9], [6, 9]]","[[2, 2], [2, 2], [2, 2], [2, 2], [2, 2]]","[[4.0, 7.0], [4.0, 7.0], [4.0, 7.0], [4.0, 7.0], [4.0, 7.0]]","[4.0, 7.0]",0.5,0.9923408148876276,0.917001292000009
03_parameter_sensitivity|gamma_1p0|rounded_square--demand_conflict|n1_d1_m1|25005|v11_full,03_parameter_sensitivity,independent_seeded,S25005,25005,rounded_square--demand_conflict,rounded_square,demand_conflict,residual_delay_shrinkage,1.0,12,v11_full,1.0,5,0.65,n1_d1_m1,0.05,4,1.7,13.809962620752362,9.63761031711092,0.7666138183863498,0.697873743888951,1.0,0.8333333333333334,3.3028687880947087,2.505745793529524,0.7586573837148969,"[13.809962620752362, 9.842367707183866, 9.63761031711092, 10.78718387934814, 10.350978983703623]","[[1, 4], [1, 2], [2, 4], [2, 4]]","[true, true, true, false, false]",2,1.0,0,1,1,"[[4, 8], [4, 8], [4, 8], [4, 8], [4, 8]]","[[6, 10], [6, 10], [6, 10], [6, 10], [6, 10]]","[[2, 2], [2, 2], [2, 2], [2, 2], [2, 2]]","[[4.0, 8.0], [4.0, 8.0], [4.0, 8.0], [4.0, 8.0], [4.0, 8.0]]","[4.0, 8.0]",1.0,0.9864636644985757,1.0618634159999942
03_parameter_sensitivity|gamma_1p0|rounded_square--demand_conflict|n1_d1_m1|25006|v11_full,03_parameter_sensitivity,independent_seeded,S25006,25006,rounded_square--demand_conflict,rounded_square,demand_conflict,residual_delay_shrinkage,1.0,12,v11_full,1.0,5,0.65,n1_d1_m1,0.05,4,1.7,11.789988627730645,8.498895486718517,0.8286024466141666,0.720856970695348,1.0,0.8333333333333334,2.4148354352553416,2.190276879065262,0.9070087539251571,"[11.789988627730645, 10.323717457903372, 9.872780256125111, 8.735913918710189, 8.498895486718517]","[[1, 2], [2, 4], [1, 2], [1, 2]]","[true, true, true, true, true]",0,4.0,0,1,1,"[[6, 7], [6, 7], [6, 7], [6, 7], [6, 7]]","[[8, 9], [8, 9], [8, 9], [8, 9], [8, 9]]","[[2, 2], [2, 2], [2, 2], [2, 2], [2, 2]]","[[6.0, 7.0], [6.0, 7.0], [6.0, 7.0], [6.0, 7.0], [6.0, 7.0]]","[6.0, 7.0]",1.0,0.9987571780009108,0.8360548330000483
03_parameter_sensitivity|gamma_1p0|s_curve--demand_conflict|n0_d1_m0|25001|v11_full,03_parameter_sensitivity,independent_seeded,S25001,25001,s_curve--demand_conflict,s_curve,demand_conflict,residual_delay_shrinkage,1.0,12,v11_full,1.0,5,0.65,n0_d1_m0,0.0,4,1.0,5.889184724160488,5.308058022037519,0.9553470846477359,0.9013230643387894,0.8333333333333334,0.5,1.4287283043904688,1.3687551792449977,0.9580234219752108,"[5.889184724160488, 5.417937613020191, 5.744151421297809, 5.744151421297809, 5.308058022037519]","[[2, 4], [2, 4], [2, 4], [2, 4]]","[true, true, false, false, true]",2,1.15,0,1,1,"[[7, 7], [7, 7], [7, 7], [7, 7], [7, 7]]","[[9, 9], [9, 9], [9, 9], [9, 9], [9, 9]]","[[2, 2], [2, 2], [2, 2], [2, 2], [2, 2]]","[[7.0, 7.0], [7.0, 7.0], [7.0, 7.0], [7.0, 7.0], [7.0, 7.0]]","[7.0, 7.0]",0.5,0.9995315162982017,0.6626530419999881
03_parameter_sensitivity|gamma_1p0|s_curve--demand_conflict|n0_d1_m0|25002|v11_full,03_parameter_sensitivity,independent_seeded,S25002,25002,s_curve--demand_conflict,s_curve,demand_conflict,residual_delay_shrinkage,1.0,12,v11_full,1.0,5,0.65,n0_d1_m0,0.0,4,1.0,4.161383072292191,1.9598470458620803,0.7410478518597411,0.47096049842451754,0.6666666666666666,0.5,1.147711003813104,0.7045104610409766,0.6138395978607353,"[4.161383072292191, 3.719579223787282, 2.8902399732871946, 2.6647016897988585, 1.9598470458620803]","[[2, 4], [2, 4], [2, 4], [2, 3]]","[true, true, true, true, true]",0,4.0,0,1,1,"[[7, 5], [7, 5], [7, 5], [7, 5], [7, 5]]","[[9, 7], [9, 7], [9, 7], [9, 7], [9, 7]]","[[2, 2], [2, 2], [2, 2], [2, 2], [2, 2]]","[[7.0, 5.0], [7.0, 5.0], [7.0, 5.0], [7.0, 5.0], [7.0, 5.0]]","[7.0, 5.0]",1.0,0.9953730872152594,0.637246040999969
03_parameter_sensitivity|gamma_1p0|s_curve--demand_conflict|n0_d1_m0|25003|v11_full,03_parameter_sensitivity,independent_seeded,S25003,25003,s_curve--demand_conflict,s_curve,demand_conflict,residual_delay_shrinkage,1.0,12,v11_full,1.0,5,0.65,n0_d1_m0,0.0,4,1.0,7.045089738078795,1.7870874239714938,0.4667298438146351,0.2536642527507158,1.0,0.5,1.4769385389837075,0.7799401492998439,0.5280789475752502,"[7.045089738078795, 4.237005196065706, 2.6778055460954606, 1.8217152092681093, 1.7870874239714938]","[[2, 4], [2, 4], [3, 4], [2, 4]]","[true, true, true, true, true]",0,4.0,0,1,1,"[[4, 7], [4, 7], [4, 7], [4, 7], [4, 7]]","[[6, 9], [6, 9], [6, 9], [6, 9], [6, 9]]","[[2, 2], [2, 2], [2, 2], [2, 2], [2, 2]]","[[4.0, 7.0], [4.0, 7.0], [4.0, 7.0], [4.0, 7.0], [4.0, 7.0]]","[4.0, 7.0]",1.0,0.9914547788136403,0.6416731659999755
03_parameter_sensitivity|gamma_1p0|s_curve--demand_conflict|n0_d1_m0|25004|v11_full,03_parameter_sensitivity,independent_seeded,S25004,25004,s_curve--demand_conflict,s_curve,demand_conflict,residual_delay_shrinkage,1.0,12,v11_full,1.0,5,0.65,n0_d1_m0,0.0,4,1.0,5.9434022494458185,1.0382075155119814,0.4359731273980705,0.17468235733308934,1.0,0.3333333333333333,1.271164962007702,0.7165729292888118,0.5637135625238151,"[5.9434022494458185, 3.743235046572245, 2.082357147246924, 1.0382075155119814, 1.0583076604968444]","[[2, 4], [2, 4], [3, 4], [2, 4]]","[true, true, true, true, false]",1,2.0,0,1,1,"[[4, 7], [4, 7], [4, 7], [4, 7], [4, 7]]","[[6, 9], [6, 9], [6, 9], [6, 9], [6, 9]]","[[2, 2], [2, 2], [2, 2], [2, 2], [2, 2]]","[[4.0, 7.0], [4.0, 7.0], [4.0, 7.0], [4.0, 7.0], [4.0, 7.0]]","[4.0, 7.0]",0.5,0.9945111471660513,0.5856534170000032
03_parameter_sensitivity|gamma_1p0|s_curve--demand_conflict|n0_d1_m0|25005|v11_full,03_parameter_sensitivity,independent_seeded,S25005,25005,s_curve--demand_conflict,s_curve,demand_conflict,residual_delay_shrinkage,1.0,12,v11_full,1.0,5,0.65,n0_d1_m0,0.0,4,1.0,7.462057935954583,2.039674873764326,0.5352819999301373,0.2733394582661332,1.0,0.6666666666666666,1.576170369395593,0.8854059466387365,0.5617450777089911,"[7.462057935954583, 4.787659912578274, 3.9859063163937467, 2.452788548377812, 2.039674873764326]","[[2, 4], [2, 4], [3, 4], [3, 4]]","[true, true, true, true, true]",0,4.0,0,1,1,"[[5, 8], [5, 8], [5, 8], [5, 8], [5, 8]]","[[7, 10], [7, 10], [7, 10], [7, 10], [7, 10]]","[[2, 2], [2, 2], [2, 2], [2, 2], [2, 2]]","[[5.0, 8.0], [5.0, 8.0], [5.0, 8.0], [5.0, 8.0], [5.0, 8.0]]","[5.0, 8.0]",0.5,0.991212387155243,0.7921085830000152
03_parameter_sensitivity|gamma_1p0|s_curve--demand_conflict|n0_d1_m0|25006|v11_full,03_parameter_sensitivity,independent_seeded,S25006,25006,s_curve--demand_conflict,s_curve,demand_conflict,residual_delay_shrinkage,1.0,12,v11_full,1.0,5,0.65,n0_d1_m0,0.0,4,1.0,6.272329677264286,3.77946326092088,0.7620200670604901,0.6025613217718039,0.6666666666666666,0.6666666666666666,1.420736810112284,1.0601950834980582,0.7462290523846347,"[6.272329677264286, 5.158056984023206, 4.717183708531133, 3.77946326092088, 4.655391066140742]","[[2, 4], [2, 4], [2, 3], [2, 4]]","[true, true, true, true, false]",1,2.0,0,1,1,"[[6, 7], [6, 7], [6, 7], [6, 7], [6, 7]]","[[8, 9], [8, 9], [8, 9], [8, 9], [8, 9]]","[[2, 2], [2, 2], [2, 2], [2, 2], [2, 2]]","[[6.0, 7.0], [6.0, 7.0], [6.0, 7.0], [6.0, 7.0], [6.0, 7.0]]","[6.0, 7.0]",1.0,0.9991797870396611,0.8256930000000011
03_parameter_sensitivity|gamma_1p0|s_curve--demand_conflict|n1_d1_m1|25001|v11_full,03_parameter_sensitivity,independent_seeded,S25001,25001,s_curve--demand_conflict,s_curve,demand_conflict,residual_delay_shrinkage,1.0,12,v11_full,1.0,5,0.65,n1_d1_m1,0.05,4,1.7,6.172442865761097,5.693993805989834,0.9743541383293813,0.9224862716145583,0.6666666666666666,0.5,1.4814461802864705,1.4779806167382628,0.9976606888631367,"[6.172442865761097, 5.693993805989834, 6.211321638207954, 6.211321638207954, 5.707444968275345]","[[2, 4], [2, 4], [2, 4], [2, 4]]","[true, true, false, false, false]",3,0.5,0,1,1,"[[7, 7], [7, 7], [7, 7], [7, 7], [7, 7]]","[[9, 9], [9, 9], [9, 9], [9, 9], [9, 9]]","[[2, 2], [2, 2], [2, 2], [2, 2], [2, 2]]","[[7.0, 7.0], [7.0, 7.0], [7.0, 7.0], [7.0, 7.0], [7.0, 7.0]]","[7.0, 7.0]",0.5,0.9964463973146476,0.9026474579999899
03_parameter_sensitivity|gamma_1p0|s_curve--demand_conflict|n1_d1_m1|25002|v11_full,03_parameter_sensitivity,independent_seeded,S25002,25002,s_curve--demand_conflict,s_curve,demand_conflict,residual_delay_shrinkage,1.0,12,v11_full,1.0,5,0.65,n1_d1_m1,0.05,4,1.7,3.758444249514037,1.1919396746266764,0.6192753312897394,0.31713645207875385,0.6666666666666666,0.5,1.0611032107692642,0.5825421884125387,0.5489967257663985,"[3.758444249514037, 3.0989091613398543, 2.3179678331668008, 1.4179782744302742, 1.1919396746266764]","[[3, 4], [2, 4], [2, 4], [2, 4]]","[true, true, true, true, true]",0,4.0,0,1,1,"[[7, 5], [7, 5], [7, 5], [7, 5], [7, 5]]","[[9, 7], [9, 7], [9, 7], [9, 7], [9, 7]]","[[2, 2], [2, 2], [2, 2], [2, 2], [2, 2]]","[[7.0, 5.0], [7.0, 5.0], [7.0, 5.0], [7.0, 5.0], [7.0, 5.0]]","[7.0, 5.0]",1.0,0.9921070215105108,0.6794947920000141
03_parameter_sensitivity|gamma_1p0|s_curve--demand_conflict|n1_d1_m1|25003|v11_full,03_parameter_sensitivity,independent_seeded,S25003,25003,s_curve--demand_conflict,s_curve,demand_conflict,residual_delay_shrinkage,1.0,12,v11_full,1.0,5,0.65,n1_d1_m1,0.05,4,1.7,6.782231339764961,1.2618156426541196,0.43894098844046847,0.18604727256293324,1.0,0.3333333333333333,1.4324861151779118,0.7654258612194648,0.5343338780804869,"[6.782231339764961, 3.822782365101925, 2.165763271492906, 1.8974281846290497, 1.2618156426541196]","[[3, 4], [2, 4], [2, 4], [3, 4]]","[true, true, true, true, true]",0,4.0,0,1,1,"[[4, 7], [4, 7], [4, 7], [4, 7], [4, 7]]","[[6, 9], [6, 9], [6, 9], [6, 9], [6, 9]]","[[2, 2], [2, 2], [2, 2], [2, 2], [2, 2]]","[[4.0, 7.0], [4.0, 7.0], [4.0, 7.0], [4.0, 7.0], [4.0, 7.0]]","[4.0, 7.0]",1.0,0.9888990252202698,0.6914607499999761
03_parameter_sensitivity|gamma_1p0|s_curve--demand_conflict|n1_d1_m1|25004|v11_full,03_parameter_sensitivity,independent_seeded,S25004,25004,s_curve--demand_conflict,s_curve,demand_conflict,residual_delay_shrinkage,1.0,12,v11_full,1.0,5,0.65,n1_d1_m1,0.05,4,1.7,5.921960720002671,1.1187673618151406,0.4470747333978174,0.18891840299383747,1.0,0.5,1.2802005558494474,0.7344413079250249,0.5736923832513909,"[5.921960720002671, 3.7754659723747968, 2.159796213708076, 1.1187673618151406, 1.1504522649016278]","[[2, 4], [2, 4], [3, 4], [2, 4]]","[true, true, true, true, false]",1,2.0,0,1,1,"[[4, 7], [4, 7], [4, 7], [4, 7], [4, 7]]","[[6, 9], [6, 9], [6, 9], [6, 9], [6, 9]]","[[2, 2], [2, 2], [2, 2], [2, 2], [2, 2]]","[[4.0, 7.0], [4.0, 7.0], [4.0, 7.0], [4.0, 7.0], [4.0, 7.0]]","[4.0, 7.0]",0.5,0.9897906177644862,0.6189631249999934
03_parameter_sensitivity|gamma_1p0|s_curve--demand_conflict|n1_d1_m1|25005|v11_full,03_parameter_sensitivity,independent_seeded,S25005,25005,s_curve--demand_conflict,s_curve,demand_conflict,residual_delay_shrinkage,1.0,12,v11_full,1.0,5,0.65,n1_d1_m1,0.05,4,1.7,8.001548923988201,2.61634660954143,0.4615126758508549,0.32698001779352587,1.0,0.5,1.702043062256288,1.180522801612985,0.6935916180922252,"[8.001548923988201, 4.046962913889229, 2.61634660954143, 2.738120689347025, 2.738120689347025]","[[3, 4], [2, 4], [2, 4], [2, 4]]","[true, true, true, false, false]",2,1.0,0,1,1,"[[4, 8], [5, 8], [4, 8], [4, 8], [4, 8]]","[[6, 10], [7, 10], [6, 10], [6, 10], [6, 10]]","[[2, 2], [2, 2], [2, 2], [2, 2], [2, 2]]","[[4.0, 8.0], [4.5, 8.0], [4.0, 8.0], [4.0, 8.0], [4.0, 8.0]]","[4.0, 8.0]",1.0,0.9820751170459805,0.6154327499999681
03_parameter_sensitivity|gamma_1p0|s_curve--demand_conflict|n1_d1_m1|25006|v11_full,03_parameter_sensitivity,independent_seeded,S25006,25006,s_curve--demand_conflict,s_curve,demand_conflict,residual_delay_shrinkage,1.0,12,v11_full,1.0,5,0.65,n1_d1_m1,0.05,4,1.7,5.785333470104064,3.3056955180829295,0.7516054963160462,0.571392389940051,0.6666666666666666,0.6666666666666666,1.3243256180748504,0.9633272748897368,0.7274096806268153,"[5.785333470104064, 4.903682352033092, 4.225372643243084, 3.3056955180829295, 4.131472976388914]","[[2, 4], [2, 4], [2, 3], [2, 4]]","[true, true, true, true, false]",1,2.0,0,1,1,"[[6, 7], [6, 7], [6, 7], [6, 7], [6, 7]]","[[8, 9], [8, 9], [8, 9], [8, 9], [8, 9]]","[[2, 2], [2, 2], [2, 2], [2, 2], [2, 2]]","[[6.0, 7.0], [6.0, 7.0], [6.0, 7.0], [6.0, 7.0], [6.0, 7.0]]","[6.0, 7.0]",1.0,0.9964552307227356,0.6168754580000382
03_parameter_sensitivity|learning_rate_0p5|ellipse--demand_conflict|n0_d1_m0|25001|v11_full,03_parameter_sensitivity,independent_seeded,S25001,25001,ellipse--demand_conflict,ellipse,demand_conflict,learning_rate,0.5,12,v11_full,0.25,5,0.5,n0_d1_m0,0.0,4,1.0,7.931809151646931,1.5298481816577125,0.44434707146692004,0.19287506196994927,0.8333333333333334,0.3333333333333333,2.1742433997047765,0.39193287490266043,0.18026172918628977,"[7.931809151646931, 4.608158926384238, 2.7973588586099707, 1.961558220228785, 1.5298481816577125]","[[2, 3], [2, 3], [3, 4], [3, 4]]","[true, true, true, true, true]",0,4.0,0,1,1,"[[7, 7], [7, 7], [7, 7], [7, 7], [7, 7]]","[[9, 9], [9, 9], [9, 9], [9, 9], [9, 9]]","[[2, 2], [2, 2], [2, 2], [2, 2], [2, 2]]","[[1.75, 1.75], [1.75, 1.75], [1.75, 1.75], [1.75, 1.75], [1.75, 1.75]]","[7.0, 7.0]",0.5,0.999827867024333,0.5355869159999997
03_parameter_sensitivity|learning_rate_0p5|ellipse--demand_conflict|n0_d1_m0|25002|v11_full,03_parameter_sensitivity,independent_seeded,S25002,25002,ellipse--demand_conflict,ellipse,demand_conflict,learning_rate,0.5,12,v11_full,0.25,5,0.5,n0_d1_m0,0.0,4,1.0,7.766290542448517,1.142027500605081,0.42838795311226924,0.14704928876444384,0.8333333333333334,0.3333333333333333,1.9704335955951635,0.30343430494055695,0.15399367206226786,"[7.766290542448517, 4.534078499399251, 2.699319698140602, 1.6203840159521299, 1.142027500605081]","[[2, 3], [2, 3], [2, 3], [2, 3]]","[true, true, true, true, true]",0,4.0,0,1,1,"[[7, 5], [7, 5], [7, 5], [7, 5], [7, 5]]","[[9, 7], [9, 7], [9, 7], [9, 7], [9, 7]]","[[2, 2], [2, 2], [2, 2], [2, 2], [2, 2]]","[[1.75, 1.25], [1.75, 1.25], [1.75, 1.25], [1.75, 1.25], [1.75, 1.25]]","[7.0, 5.0]",1.0,0.9985158429007887,0.4715332910000143
03_parameter_sensitivity|learning_rate_0p5|ellipse--demand_conflict|n0_d1_m0|25003|v11_full,03_parameter_sensitivity,independent_seeded,S25003,25003,ellipse--demand_conflict,ellipse,demand_conflict,learning_rate,0.5,12,v11_full,0.25,5,0.5,n0_d1_m0,0.0,4,1.0,7.279743388405482,0.915842424345212,0.41072345112712594,0.12580696536692257,0.6666666666666666,0.16666666666666666,1.85507896209821,0.15854874734111513,0.08546738472080272,"[7.279743388405482, 3.939830628567388, 2.4269304666471987, 1.4952913096331737, 0.915842424345212]","[[3, 4], [3, 4], [1, 4], [1, 4]]","[true, true, true, true, true]",0,4.0,0,1,1,"[[4, 7], [4, 7], [4, 7], [4, 8], [4, 8]]","[[6, 9], [6, 9], [6, 9], [6, 10], [6, 10]]","[[2, 2], [2, 2], [2, 2], [2, 2], [2, 2]]","[[1.0, 1.75], [1.0, 1.75], [1.0, 1.75], [1.0, 1.75], [1.0, 1.75]]","[4.0, 7.0]",1.0,0.9963895219169254,0.381041874999994
03_parameter_sensitivity|learning_rate_0p5|ellipse--demand_conflict|n0_d1_m0|25004|v11_full,03_parameter_sensitivity,independent_seeded,S25004,25004,ellipse--demand_conflict,ellipse,demand_conflict,learning_rate,0.5,12,v11_full,0.25,5,0.5,n0_d1_m0,0.0,4,1.0,6.237600449225314,0.7305233596787375,0.4043385732453763,0.11711608744825354,0.6666666666666666,0.0,1.6054979846693018,0.13082636916646653,0.08148647361486035,"[6.237600449225314, 3.3338441233670997, 2.045935096764416, 1.2245687398743859, 0.7305233596787375]","[[3, 4], [3, 4], [1, 4], [1, 4]]","[true, true, true, true, true]",0,4.0,0,1,1,"[[4, 7], [4, 7], [4, 7], [4, 7], [4, 7]]","[[6, 9], [6, 9], [6, 9], [6, 9], [6, 9]]","[[2, 2], [2, 2], [2, 2], [2, 2], [2, 2]]","[[1.0, 1.75], [1.0, 1.75], [1.0, 1.75], [1.0, 1.75], [1.0, 1.75]]","[4.0, 7.0]",0.5,0.9976029957484993,0.3677087080000092
03_parameter_sensitivity|learning_rate_0p5|ellipse--demand_conflict|n0_d1_m0|25005|v11_full,03_parameter_sensitivity,independent_seeded,S25005,25005,ellipse--demand_conflict,ellipse,demand_conflict,learning_rate,0.5,12,v11_full,0.25,5,0.5,n0_d1_m0,0.0,4,1.0,7.539010853039086,0.9383644563373923,0.4108251563447246,0.12446784792186946,0.6666666666666666,0.16666666666666666,1.9428950434958454,0.163421755696277,0.08411249812147996,"[7.539010853039086, 4.104567065770152, 2.506659194933146, 1.5389473341458941, 0.9383644563373923]","[[3, 4], [3, 4], [1, 4], [1, 4]]","[true, true, true, true, true]",0,4.0,0,1,1,"[[5, 8], [5, 8], [5, 8], [5, 8], [5, 8]]","[[7, 10], [7, 10], [7, 10], [7, 10], [7, 10]]","[[2, 2], [2, 2], [2, 2], [2, 2], [2, 2]]","[[1.25, 2.0], [1.25, 2.0], [1.25, 2.0], [1.25, 2.0], [1.25, 2.0]]","[5.0, 8.0]",0.5,0.9962545104760024,0.38736916599998494
03_parameter_sensitivity|learning_rate_0p5|ellipse--demand_conflict|n0_d1_m0|25006|v11_full,03_parameter_sensitivity,independent_seeded,S25006,25006,ellipse--demand_conflict,ellipse,demand_conflict,learning_rate,0.5,12,v11_full,0.25,5,0.5,n0_d1_m0,0.0,4,1.0,6.569664275539642,0.7685822478536043,0.40752410591553856,0.11698957749107686,0.8333333333333334,0.0,1.9396508864759971,0.1700740621249661,0.08768282133181224,"[6.569664275539642, 3.683625269907314, 2.067477694103855, 1.2889600145103965, 0.7685822478536043]","[[3, 4], [3, 4], [3, 4], [1, 3]]","[true, true, true, true, true]",0,4.0,0,1,1,"[[6, 7], [6, 7], [6, 7], [6, 7], [6, 7]]","[[8, 9], [8, 9], [8, 9], [8, 9], [8, 9]]","[[2, 2], [2, 2], [2, 2], [2, 2], [2, 2]]","[[1.5, 1.75], [1.5, 1.75], [1.5, 1.75], [1.5, 1.75], [1.5, 1.75]]","[6.0, 7.0]",1.0,0.9996586439720696,0.3698934580000355
03_parameter_sensitivity|learning_rate_0p5|ellipse--demand_conflict|n1_d1_m1|25001|v11_full,03_parameter_sensitivity,independent_seeded,S25001,25001,ellipse--demand_conflict,ellipse,demand_conflict,learning_rate,0.5,12,v11_full,0.25,5,0.5,n1_d1_m1,0.05,4,1.7,7.488128890501111,1.3684787932494182,0.44033908224999363,0.18275310338012074,0.8333333333333334,0.5,2.1265330876573425,0.34940364566363724,0.1643067054501144,"[7.488128890501111, 4.242159410889131, 2.7192972450703414, 1.7995027158169528, 1.3684787932494182]","[[2, 3], [2, 3], [3, 4], [3, 4]]","[true, true, true, true, true]",0,4.0,0,1,1,"[[7, 7], [7, 7], [7, 7], [7, 7], [7, 7]]","[[9, 9], [9, 9], [9, 9], [9, 9], [9, 9]]","[[2, 2], [2, 2], [2, 2], [2, 2], [2, 2]]","[[1.75, 1.75], [1.75, 1.75], [1.75, 1.75], [1.75, 1.75], [1.75, 1.75]]","[7.0, 7.0]",0.5,0.9996209044933821,0.6400046249999605
03_parameter_sensitivity|learning_rate_0p5|ellipse--demand_conflict|n1_d1_m1|25002|v11_full,03_parameter_sensitivity,independent_seeded,S25002,25002,ellipse--demand_conflict,ellipse,demand_conflict,learning_rate,0.5,12,v11_full,0.25,5,0.5,n1_d1_m1,0.05,4,1.7,7.1732068950022025,0.7774541316498811,0.40393084997674533,0.1083830625590289,0.8333333333333334,0.0,1.8160957926442736,0.19650563563307477,0.10820224154969185,"[7.1732068950022025, 4.037891417789571, 2.2956778138257796, 1.2810184876877675, 0.7774541316498811]","[[2, 3], [2, 3], [2, 3], [2, 3]]","[true, true, true, true, true]",0,4.0,0,1,1,"[[7, 5], [7, 5], [7, 5], [7, 5], [7, 5]]","[[9, 7], [9, 7], [9, 7], [9, 7], [9, 7]]","[[2, 2], [2, 2], [2, 2], [2, 2], [2, 2]]","[[1.75, 1.25], [1.75, 1.25], [1.75, 1.25], [1.75, 1.25], [1.75, 1.25]]","[7.0, 5.0]",1.0,0.9984129021042376,0.5090872089999721
03_parameter_sensitivity|learning_rate_0p5|ellipse--demand_conflict|n1_d1_m1|25003|v11_full,03_parameter_sensitivity,independent_seeded,S25003,25003,ellipse--demand_conflict,ellipse,demand_conflict,learning_rate,0.5,12,v11_full,0.25,5,0.5,n1_d1_m1,0.05,4,1.7,7.073737856536296,0.930967176771055,0.414269170628741,0.1316089450375688,0.6666666666666666,0.16666666666666666,1.7942068458114788,0.15813990269440908,0.08813917027659429,"[7.073737856536296, 3.7932889405479306, 2.413150540027157, 1.5129340630609136, 0.930967176771055]","[[3, 4], [3, 4], [1, 4], [1, 4]]","[true, true, true, true, true]",0,4.0,0,1,1,"[[4, 7], [4, 7], [4, 7], [4, 7], [4, 7]]","[[6, 9], [6, 9], [6, 9], [6, 9], [6, 9]]","[[2, 2], [2, 2], [2, 2], [2, 2], [2, 2]]","[[1.0, 1.75], [1.0, 1.75], [1.0, 1.75], [1.0, 1.75], [1.0, 1.75]]","[4.0, 7.0]",1.0,0.9961173417401972,0.46865241599999763
03_parameter_sensitivity|learning_rate_0p5|ellipse--demand_conflict|n1_d1_m1|25004|v11_full,03_parameter_sensitivity,independent_seeded,S25004,25004,ellipse--demand_conflict,ellipse,demand_conflict,learning_rate,0.5,12,v11_full,0.25,5,0.5,n1_d1_m1,0.05,4,1.7,6.272059599870351,0.7116972042412308,0.4011132453380228,0.11347105251613716,0.6666666666666666,0.0,1.5946042184624036,0.13040647964722293,0.08177984112757918,"[6.272059599870351, 3.393363013840451, 1.9895513211888067, 1.1884319871449396, 0.7116972042412308]","[[3, 4], [1, 4], [1, 3], [1, 3]]","[true, true, true, true, true]",0,4.0,0,1,1,"[[4, 7], [4, 7], [4, 7], [4, 7], [4, 7]]","[[6, 9], [6, 9], [6, 9], [6, 9], [6, 9]]","[[2, 2], [2, 2], [2, 2], [2, 2], [2, 2]]","[[1.0, 1.75], [1.0, 1.75], [1.0, 1.75], [1.0, 1.75], [1.0, 1.75]]","[4.0, 7.0]",0.5,0.9967897691001505,0.4632986249999931
03_parameter_sensitivity|learning_rate_0p5|ellipse--demand_conflict|n1_d1_m1|25005|v11_full,03_parameter_sensitivity,independent_seeded,S25005,25005,ellipse--demand_conflict,ellipse,demand_conflict,learning_rate,0.5,12,v11_full,0.25,5,0.5,n1_d1_m1,0.05,4,1.7,7.963615217036075,1.008925038381196,0.41673241163053254,0.12669183667021786,0.6666666666666666,0.16666666666666666,2.0012392545979276,0.1819413191506936,0.09091432657673294,"[7.963615217036075, 4.414116177394687, 2.7074060732732788, 1.6669939203955977, 1.008925038381196]","[[3, 4], [1, 4], [1, 4], [1, 4]]","[true, true, true, true, true]",0,4.0,0,1,1,"[[4, 8], [4, 8], [4, 8], [4, 8], [4, 8]]","[[6, 10], [6, 10], [6, 10], [6, 10], [6, 10]]","[[2, 2], [2, 2], [2, 2], [2, 2], [2, 2]]","[[1.0, 2.0], [1.0, 2.0], [1.0, 2.0], [1.0, 2.0], [1.0, 2.0]]","[4.0, 8.0]",1.0,0.9941722698932849,0.47530816600004755
03_parameter_sensitivity|learning_rate_0p5|ellipse--demand_conflict|n1_d1_m1|25006|v11_full,03_parameter_sensitivity,independent_seeded,S25006,25006,ellipse--demand_conflict,ellipse,demand_conflict,learning_rate,0.5,12,v11_full,0.25,5,0.5,n1_d1_m1,0.05,4,1.7,6.063825769387071,0.6469845764845622,0.4003586123167101,0.1066957727827261,0.8333333333333334,0.0,1.7925268372907202,0.15909973085180623,0.08875723785105188,"[6.063825769387071, 3.35907950199879, 1.8921318107125207, 1.104202995801334, 0.6469845764845622]","[[3, 4], [3, 4], [1, 3], [1, 4]]","[true, true, true, true, true]",0,4.0,0,1,1,"[[6, 7], [6, 7], [6, 7], [6, 7], [6, 7]]","[[8, 9], [8, 9], [8, 9], [8, 9], [8, 9]]","[[2, 2], [2, 2], [2, 2], [2, 2], [2, 2]]","[[1.5, 1.75], [1.5, 1.75], [1.5, 1.75], [1.5, 1.75], [1.5, 1.75]]","[6.0, 7.0]",1.0,0.9992538241747202,0.43269104199998765
03_parameter_sensitivity|learning_rate_0p5|figure_eight--demand_conflict|n0_d1_m0|25001|v11_full,03_parameter_sensitivity,independent_seeded,S25001,25001,figure_eight--demand_conflict,figure_eight,demand_conflict,learning_rate,0.5,12,v11_full,0.25,5,0.5,n0_d1_m0,0.0,4,1.0,11.530597929027934,6.089593646073647,0.6623670790916061,0.5281247064164191,0.8333333333333334,0.8333333333333334,3.5406280069014553,1.6625788645194115,0.46957174300115206,"[11.530597929027934, 8.381316895270412, 6.985179634358514, 6.3733615645401045, 6.089593646073647]","[[2, 4], [2, 4], [2, 4], [2, 4]]","[true, true, true, true, true]",0,4.0,0,1,1,"[[7, 7], [7, 7], [7, 7], [7, 7], [7, 7]]","[[9, 9], [9, 9], [9, 9], [9, 9], [9, 9]]","[[2, 2], [2, 2], [2, 2], [2, 2], [2, 2]]","[[1.75, 1.75], [1.75, 1.75], [1.75, 1.75], [1.75, 1.75], [1.75, 1.75]]","[7.0, 7.0]",0.5,0.9997718463706395,0.7283595839999748
03_parameter_sensitivity|learning_rate_0p5|figure_eight--demand_conflict|n0_d1_m0|25002|v11_full,03_parameter_sensitivity,independent_seeded,S25002,25002,figure_eight--demand_conflict,figure_eight,demand_conflict,learning_rate,0.5,12,v11_full,0.25,5,0.5,n0_d1_m0,0.0,4,1.0,10.205787666034217,2.866446189639511,0.4903594663586256,0.28086476844695707,1.0,0.6666666666666666,2.9412102616826212,0.7535812807828538,0.2562146918227266,"[10.205787666034217, 6.067039855268854, 4.139543101535059, 3.2753184901031505, 2.866446189639511]","[[1, 4], [2, 4], [2, 4], [2, 4]]","[true, true, true, true, true]",0,4.0,0,1,1,"[[7, 5], [7, 5], [7, 5], [7, 5], [7, 5]]","[[9, 7], [9, 7], [9, 7], [9, 7], [9, 7]]","[[2, 2], [2, 2], [2, 2], [2, 2], [2, 2]]","[[1.75, 1.25], [1.75, 1.25], [1.75, 1.25], [1.75, 1.25], [1.75, 1.25]]","[7.0, 5.0]",1.0,0.9974055779770827,0.6562668330000179
03_parameter_sensitivity|learning_rate_0p5|figure_eight--demand_conflict|n0_d1_m0|25003|v11_full,03_parameter_sensitivity,independent_seeded,S25003,25003,figure_eight--demand_conflict,figure_eight,demand_conflict,learning_rate,0.5,12,v11_full,0.25,5,0.5,n0_d1_m0,0.0,4,1.0,11.943424306382695,6.677108459111734,0.6894136959464909,0.5590614791725531,1.0,1.0,3.434114444626585,1.915846467796668,0.5578866105625642,"[11.943424306382695, 9.015482707239315, 7.638100004722007, 6.971992078573265, 6.677108459111734]","[[2, 4], [2, 4], [2, 4], [2, 4]]","[true, true, true, true, true]",0,4.0,0,1,1,"[[4, 8], [4, 8], [4, 8], [4, 8], [4, 8]]","[[6, 10], [6, 10], [6, 10], [6, 10], [6, 10]]","[[2, 2], [2, 2], [2, 2], [2, 2], [2, 2]]","[[1.0, 2.0], [1.0, 2.0], [1.0, 2.0], [1.0, 2.0], [1.0, 2.0]]","[4.0, 8.0]",0.5,0.9935522012282347,0.8203253749999817
03_parameter_sensitivity|learning_rate_0p5|figure_eight--demand_conflict|n0_d1_m0|25004|v11_full,03_parameter_sensitivity,independent_seeded,S25004,25004,figure_eight--demand_conflict,figure_eight,demand_conflict,learning_rate,0.5,12,v11_full,0.25,5,0.5,n0_d1_m0,0.0,4,1.0,10.33382828411624,5.047279089460438,0.632565361426927,0.48842296878674,1.0,1.0,2.972442702426152,1.434337126152187,0.48254492003545085,"[10.33382828411624, 7.2904442251009804, 5.881200616840049, 5.285088765133791, 5.047279089460438]","[[2, 4], [2, 4], [2, 4], [2, 4]]","[true, true, true, true, true]",0,4.0,0,1,1,"[[4, 7], [4, 7], [4, 7], [4, 7], [4, 7]]","[[6, 9], [6, 9], [6, 9], [6, 9], [6, 9]]","[[2, 2], [2, 2], [2, 2], [2, 2], [2, 2]]","[[1.0, 1.75], [1.0, 1.75], [1.0, 1.75], [1.0, 1.75], [1.0, 1.75]]","[4.0, 7.0]",0.5,0.995985298303511,0.7229350839999711
03_parameter_sensitivity|learning_rate_0p5|figure_eight--demand_conflict|n0_d1_m0|25005|v11_full,03_parameter_sensitivity,independent_seeded,S25005,25005,figure_eight--demand_conflict,figure_eight,demand_conflict,learning_rate,0.5,12,v11_full,0.25,5,0.5,n0_d1_m0,0.0,4,1.0,12.65732316490088,7.471298584849661,0.7123279986695845,0.5902747751252639,1.0,1.0,3.642795192090087,2.1336427525920567,0.5857158143902841,"[12.65732316490088, 9.79638346137398, 8.436050534636708, 7.767917843386105, 7.471298584849661]","[[2, 4], [2, 4], [2, 4], [2, 4]]","[true, true, true, true, true]",0,4.0,0,1,1,"[[5, 8], [5, 8], [5, 8], [5, 8], [5, 8]]","[[7, 10], [7, 10], [7, 10], [7, 10], [7, 10]]","[[2, 2], [2, 2], [2, 2], [2, 2], [2, 2]]","[[1.25, 2.0], [1.25, 2.0], [1.25, 2.0], [1.25, 2.0], [1.25, 2.0]]","[5.0, 8.0]",0.5,0.9937212583263011,0.8367255
03_parameter_sensitivity|learning_rate_0p5|figure_eight--demand_conflict|n0_d1_m0|25006|v11_full,03_parameter_sensitivity,independent_seeded,S25006,25006,figure_eight--demand_conflict,figure_eight,demand_conflict,learning_rate,0.5,12,v11_full,0.25,5,0.5,n0_d1_m0,0.0,4,1.0,11.568280104852967,6.132698440480852,0.6662040629680785,0.5301305280383163,0.8333333333333334,0.8333333333333334,3.4310419029031243,1.6907137582031875,0.4927697784083067,"[11.568280104852967, 8.468780349379445, 7.078083205134044, 6.429988002442949, 6.132698440480852]","[[2, 4], [2, 4], [2, 4], [2, 4]]","[true, true, true, true, true]",0,4.0,0,1,1,"[[6, 7], [6, 7], [6, 7], [6, 7], [6, 7]]","[[8, 9], [8, 9], [8, 9], [8, 9], [8, 9]]","[[2, 2], [2, 2], [2, 2], [2, 2], [2, 2]]","[[1.5, 1.75], [1.5, 1.75], [1.5, 1.75], [1.5, 1.75], [1.5, 1.75]]","[6.0, 7.0]",1.0,0.9994550573784533,0.8267017920000512
03_parameter_sensitivity|learning_rate_0p5|figure_eight--demand_conflict|n1_d1_m1|25001|v11_full,03_parameter_sensitivity,independent_seeded,S25001,25001,figure_eight--demand_conflict,figure_eight,demand_conflict,learning_rate,0.5,12,v11_full,0.25,5,0.5,n1_d1_m1,0.05,4,1.7,11.677691315437041,6.273948160183441,0.6706040965588551,0.5372592913027036,0.8333333333333334,0.8333333333333334,3.547203318946834,1.7266910262646584,0.48677531875373686,"[11.677691315437041, 8.562026756412841, 7.201617071783475, 6.584966971920825, 6.273948160183441]","[[2, 4], [2, 4], [2, 4], [2, 4]]","[true, true, true, true, true]",0,4.0,0,1,1,"[[7, 7], [7, 7], [7, 7], [7, 7], [7, 7]]","[[9, 9], [9, 9], [9, 9], [9, 9], [9, 9]]","[[2, 2], [2, 2], [2, 2], [2, 2], [2, 2]]","[[1.75, 1.75], [1.75, 1.75], [1.75, 1.75], [1.75, 1.75], [1.75, 1.75]]","[7.0, 7.0]",0.5,0.9994571670329744,0.8283862910000153
03_parameter_sensitivity|learning_rate_0p5|figure_eight--demand_conflict|n1_d1_m1|25002|v11_full,03_parameter_sensitivity,independent_seeded,S25002,25002,figure_eight--demand_conflict,figure_eight,demand_conflict,learning_rate,0.5,12,v11_full,0.25,5,0.5,n1_d1_m1,0.05,4,1.7,9.444604032109284,2.1207552419375744,0.4549867605171964,0.22454676074587548,1.0,0.5,2.7197966276617676,0.5733964029475018,0.21082326417929845,"[9.444604032109284, 5.499826467479815, 3.3965727712967055, 2.509600295948268, 2.1207552419375744]","[[1, 4], [2, 4], [2, 4], [2, 4]]","[true, true, true, true, true]",0,4.0,0,1,1,"[[7, 5], [7, 5], [7, 5], [7, 5], [7, 5]]","[[9, 7], [9, 7], [9, 7], [9, 7], [9, 7]]","[[2, 2], [2, 2], [2, 2], [2, 2], [2, 2]]","[[1.75, 1.25], [1.75, 1.25], [1.75, 1.25], [1.75, 1.25], [1.75, 1.25]]","[7.0, 5.0]",1.0,0.9968664160374983,0.6729112910000481
03_parameter_sensitivity|learning_rate_0p5|figure_eight--demand_conflict|n1_d1_m1|25003|v11_full,03_parameter_sensitivity,independent_seeded,S25003,25003,figure_eight--demand_conflict,figure_eight,demand_conflict,learning_rate,0.5,12,v11_full,0.25,5,0.5,n1_d1_m1,0.05,4,1.7,11.569640299296164,6.281013729269974,0.6751434364850722,0.5428875545639977,1.0,1.0,3.318112372978345,1.806872050639564,0.5445481790653496,"[11.569640299296164, 8.599896559941326, 7.197548542405307, 6.521894725622262, 6.281013729269974]","[[2, 4], [2, 4], [2, 4], [2, 4]]","[true, true, true, true, true]",0,4.0,0,1,1,"[[4, 7], [4, 7], [4, 7], [4, 7], [4, 7]]","[[6, 9], [6, 9], [6, 9], [6, 9], [6, 9]]","[[2, 2], [2, 2], [2, 2], [2, 2], [2, 2]]","[[1.0, 1.75], [1.0, 1.75], [1.0, 1.75], [1.0, 1.75], [1.0, 1.75]]","[4.0, 7.0]",1.0,0.9929769369162786,0.9375486669999873
03_parameter_sensitivity|learning_rate_0p5|figure_eight--demand_conflict|n1_d1_m1|25004|v11_full,03_parameter_sensitivity,independent_seeded,S25004,25004,figure_eight--demand_conflict,figure_eight,demand_conflict,learning_rate,0.5,12,v11_full,0.25,5,0.5,n1_d1_m1,0.05,4,1.7,10.318952142072382,4.960511299669841,0.6273490823545206,0.48071851011352873,1.0,1.0,2.9536337273818942,1.4153293665535187,0.479182423139537,"[10.318952142072382, 7.245018168919466, 5.8072954086673825, 5.202295330299332, 4.960511299669841]","[[2, 4], [2, 4], [2, 4], [2, 4]]","[true, true, true, true, true]",0,4.0,0,1,1,"[[4, 7], [4, 7], [4, 7], [4, 7], [4, 7]]","[[6, 9], [6, 9], [6, 9], [6, 9], [6, 9]]","[[2, 2], [2, 2], [2, 2], [2, 2], [2, 2]]","[[1.0, 1.75], [1.0, 1.75], [1.0, 1.75], [1.0, 1.75], [1.0, 1.75]]","[4.0, 7.0]",0.5,0.9949784746966814,0.8765956660000143
03_parameter_sensitivity|learning_rate_0p5|figure_eight--demand_conflict|n1_d1_m1|25005|v11_full,03_parameter_sensitivity,independent_seeded,S25005,25005,figure_eight--demand_conflict,figure_eight,demand_conflict,learning_rate,0.5,12,v11_full,0.25,5,0.5,n1_d1_m1,0.05,4,1.7,13.208865916594977,7.837899739135141,0.7085873329842907,0.5933817322869471,1.0,1.0,3.7822836944178975,2.2843468627293335,0.6039596834316523,"[13.208865916594977, 10.167365849449707, 8.698486585228633, 8.049305023805136, 7.837899739135141]","[[2, 4], [2, 4], [2, 4], [2, 4]]","[true, true, true, true, true]",0,4.0,0,1,1,"[[4, 8], [4, 8], [4, 8], [4, 8], [4, 8]]","[[6, 10], [6, 10], [6, 10], [6, 10], [6, 10]]","[[2, 2], [2, 2], [2, 2], [2, 2], [2, 2]]","[[1.0, 2.0], [1.0, 2.0], [1.0, 2.0], [1.0, 2.0], [1.0, 2.0]]","[4.0, 8.0]",1.0,0.9895736280923224,1.0044530839999766
03_parameter_sensitivity|learning_rate_0p5|figure_eight--demand_conflict|n1_d1_m1|25006|v11_full,03_parameter_sensitivity,independent_seeded,S25006,25006,figure_eight--demand_conflict,figure_eight,demand_conflict,learning_rate,0.5,12,v11_full,0.25,5,0.5,n1_d1_m1,0.05,4,1.7,10.804689433892133,5.330594068942442,0.6377661113724925,0.4933593049163859,0.6666666666666666,0.8333333333333334,3.190097182857639,1.4736010961133237,0.4619298446554832,"[10.804689433892133, 7.647870730097987, 6.242257545948254, 5.605689031899848, 5.330594068942442]","[[2, 4], [2, 4], [2, 4], [2, 4]]","[true, true, true, true, true]",0,4.0,0,1,1,"[[6, 7], [6, 7], [6, 7], [6, 7], [6, 7]]","[[8, 9], [8, 9], [8, 9], [8, 9], [8, 9]]","[[2, 2], [2, 2], [2, 2], [2, 2], [2, 2]]","[[1.5, 1.75], [1.5, 1.75], [1.5, 1.75], [1.5, 1.75], [1.5, 1.75]]","[6.0, 7.0]",1.0,0.99918447005651,1.0070786249999628
03_parameter_sensitivity|learning_rate_0p5|harmonic_loop--demand_conflict|n0_d1_m0|25001|v11_full,03_parameter_sensitivity,independent_seeded,S25001,25001,harmonic_loop--demand_conflict,harmonic_loop,demand_conflict,learning_rate,0.5,12,v11_full,0.25,5,0.5,n0_d1_m0,0.0,4,1.0,8.99889140222643,3.4796046392371887,0.6166992724234142,0.38667036679388017,1.0,0.8333333333333334,2.4660513006353546,1.109583576625348,0.4499434283218173,"[8.99889140222643, 6.531141744963774, 5.211731658652847, 4.2163176971329985, 3.4796046392371887]","[[2, 3], [3, 4], [3, 4], [3, 4]]","[true, true, true, true, true]",0,4.0,0,1,1,"[[7, 7], [7, 7], [7, 7], [7, 7], [7, 7]]","[[9, 9], [9, 9], [9, 9], [9, 9], [9, 9]]","[[2, 2], [2, 2], [2, 2], [2, 2], [2, 2]]","[[1.75, 1.75], [1.75, 1.75], [1.75, 1.75], [1.75, 1.75], [1.75, 1.75]]","[7.0, 7.0]",0.5,0.9997576003643401,0.7043524580000167
03_parameter_sensitivity|learning_rate_0p5|harmonic_loop--demand_conflict|n0_d1_m0|25002|v11_full,03_parameter_sensitivity,independent_seeded,S25002,25002,harmonic_loop--demand_conflict,harmonic_loop,demand_conflict,learning_rate,0.5,12,v11_full,0.25,5,0.5,n0_d1_m0,0.0,4,1.0,8.1760226882683,2.285389105388579,0.533093493714933,0.27952333212918584,0.8333333333333334,0.6666666666666666,2.039212942951675,0.5803827076471114,0.2846111337480194,"[8.1760226882683, 5.439196463758458, 3.8196480128585377, 2.9447876248805884, 2.285389105388579]","[[2, 3], [2, 4], [3, 4], [2, 4]]","[true, true, true, true, true]",0,4.0,0,1,1,"[[7, 5], [7, 5], [7, 5], [7, 5], [7, 5]]","[[9, 7], [9, 7], [9, 7], [9, 7], [9, 7]]","[[2, 2], [2, 2], [2, 2], [2, 2], [2, 2]]","[[1.75, 1.25], [1.75, 1.25], [1.75, 1.25], [1.75, 1.25], [1.75, 1.25]]","[7.0, 5.0]",1.0,0.9973233448700718,0.4971659579999823
03_parameter_sensitivity|learning_rate_0p5|harmonic_loop--demand_conflict|n0_d1_m0|25003|v11_full,03_parameter_sensitivity,independent_seeded,S25003,25003,harmonic_loop--demand_conflict,harmonic_loop,demand_conflict,learning_rate,0.5,12,v11_full,0.25,5,0.5,n0_d1_m0,0.0,4,1.0,8.574357152477088,4.488919314503795,0.6690095255800632,0.5235283805745098,0.8333333333333334,0.8333333333333334,2.19461231466453,1.2606318471006885,0.5744212035433646,"[8.574357152477088, 6.418415879150784, 5.3897055792231665, 4.605546751066481, 4.488919314503795]","[[2, 3], [2, 3], [3, 4], [2, 3]]","[true, true, true, true, true]",0,4.0,0,1,1,"[[4, 7], [4, 7], [4, 7], [4, 7], [4, 7]]","[[6, 9], [6, 9], [6, 9], [6, 9], [6, 9]]","[[2, 2], [2, 2], [2, 2], [2, 2], [2, 2]]","[[1.0, 1.75], [1.0, 1.75], [1.0, 1.75], [1.0, 1.75], [1.0, 1.75]]","[4.0, 7.0]",1.0,0.9952143116945751,0.6146053329999859
03_parameter_sensitivity|learning_rate_0p5|harmonic_loop--demand_conflict|n0_d1_m0|25004|v11_full,03_parameter_sensitivity,independent_seeded,S25004,25004,harmonic_loop--demand_conflict,harmonic_loop,demand_conflict,learning_rate,0.5,12,v11_full,0.25,5,0.5,n0_d1_m0,0.0,4,1.0,7.397759230051182,3.020317104801684,0.6229688444082473,0.4082745884094943,1.0,0.8333333333333334,1.9138760484106219,1.0000269850192125,0.5225139767278475,"[7.397759230051182, 5.149934384172955, 4.509594311173821, 3.56572721224851, 3.020317104801684]","[[2, 3], [2, 3], [3, 4], [3, 4]]","[true, true, true, true, true]",0,4.0,0,1,1,"[[4, 7], [4, 7], [4, 7], [4, 7], [4, 7]]","[[6, 9], [6, 9], [6, 9], [6, 9], [6, 9]]","[[2, 2], [2, 2], [2, 2], [2, 2], [2, 2]]","[[1.0, 1.75], [1.0, 1.75], [1.0, 1.75], [1.0, 1.75], [1.0, 1.75]]","[4.0, 7.0]",0.5,0.9967381465381797,0.5682028329999866
03_parameter_sensitivity|learning_rate_0p5|harmonic_loop--demand_conflict|n0_d1_m0|25005|v11_full,03_parameter_sensitivity,independent_seeded,S25005,25005,harmonic_loop--demand_conflict,harmonic_loop,demand_conflict,learning_rate,0.5,12,v11_full,0.25,5,0.5,n0_d1_m0,0.0,4,1.0,9.152116894160674,5.131603755825194,0.6936230547366183,0.5607012907690582,1.0,0.8333333333333334,2.3500559742655738,1.3945698407952312,0.5934198402363817,"[9.152116894160674, 7.025012197744182, 6.014769991202088, 5.210834595798149, 5.131603755825194]","[[2, 3], [2, 3], [3, 4], [2, 3]]","[true, true, true, true, true]",0,4.0,0,1,1,"[[5, 8], [5, 8], [5, 8], [5, 8], [5, 8]]","[[7, 10], [7, 10], [7, 10], [7, 10], [7, 10]]","[[2, 2], [2, 2], [2, 2], [2, 2], [2, 2]]","[[1.25, 2.0], [1.25, 2.0], [1.25, 2.0], [1.25, 2.0], [1.25, 2.0]]","[5.0, 8.0]",0.5,0.9947160580746212,0.6102312499999698
03_parameter_sensitivity|learning_rate_0p5|harmonic_loop--demand_conflict|n0_d1_m0|25006|v11_full,03_parameter_sensitivity,independent_seeded,S25006,25006,harmonic_loop--demand_conflict,harmonic_loop,demand_conflict,learning_rate,0.5,12,v11_full,0.25,5,0.5,n0_d1_m0,0.0,4,1.0,8.536642392877095,3.7882074450514347,0.6579371125561111,0.44375847911964594,1.0,0.6666666666666666,2.3239425180567728,1.1599121014046347,0.49911393779848157,"[8.536642392877095, 6.229544132800907, 5.5385072781717035, 4.53581905763771, 3.7882074450514347]","[[2, 3], [2, 3], [3, 4], [3, 4]]","[true, true, true, true, true]",0,4.0,0,1,1,"[[6, 7], [6, 7], [6, 7], [6, 7], [6, 7]]","[[8, 9], [8, 9], [8, 9], [8, 9], [8, 9]]","[[2, 2], [2, 2], [2, 2], [2, 2], [2, 2]]","[[1.5, 1.75], [1.5, 1.75], [1.5, 1.75], [1.5, 1.75], [1.5, 1.75]]","[6.0, 7.0]",1.0,0.9995378942347686,0.5871208329999718
03_parameter_sensitivity|learning_rate_0p5|harmonic_loop--demand_conflict|n1_d1_m1|25001|v11_full,03_parameter_sensitivity,independent_seeded,S25001,25001,harmonic_loop--demand_conflict,harmonic_loop,demand_conflict,learning_rate,0.5,12,v11_full,0.25,5,0.5,n1_d1_m1,0.05,4,1.7,8.86701486508597,3.914868081912626,0.66024086192384,0.44150913711980894,1.0,0.8333333333333334,2.4949899882297855,1.272146815713336,0.5098805292665458,"[8.86701486508597, 6.810789024253807, 5.6176503641782, 4.598081286932146, 3.914868081912626]","[[2, 3], [3, 4], [3, 4], [3, 4]]","[true, true, true, true, true]",0,4.0,0,1,1,"[[7, 7], [7, 7], [7, 7], [7, 7], [7, 7]]","[[9, 9], [9, 9], [9, 9], [9, 9], [9, 9]]","[[2, 2], [2, 2], [2, 2], [2, 2], [2, 2]]","[[1.75, 1.75], [1.75, 1.75], [1.75, 1.75], [1.75, 1.75], [1.75, 1.75]]","[7.0, 7.0]",0.5,0.9989793219787189,0.7014610410000159
03_parameter_sensitivity|learning_rate_0p5|harmonic_loop--demand_conflict|n1_d1_m1|25002|v11_full,03_parameter_sensitivity,independent_seeded,S25002,25002,harmonic_loop--demand_conflict,harmonic_loop,demand_conflict,learning_rate,0.5,12,v11_full,0.25,5,0.5,n1_d1_m1,0.05,4,1.7,7.544353028411633,2.0161281933211077,0.5264172583941431,0.2672367247036924,0.8333333333333334,0.6666666666666666,1.8750192561065957,0.5109623368018894,0.27251044763288607,"[7.544353028411633, 5.032641199975084, 3.4703585480029, 2.6026701914516535, 2.0161281933211077]","[[2, 3], [2, 4], [3, 4], [2, 4]]","[true, true, true, true, true]",0,4.0,0,1,1,"[[7, 5], [7, 5], [7, 5], [7, 5], [7, 5]]","[[9, 7], [9, 7], [9, 7], [9, 7], [9, 7]]","[[2, 2], [2, 2], [2, 2], [2, 2], [2, 2]]","[[1.75, 1.25], [1.75, 1.25], [1.75, 1.25], [1.75, 1.25], [1.75, 1.25]]","[7.0, 5.0]",1.0,0.9975283118686241,0.5824360829999478
03_parameter_sensitivity|learning_rate_0p5|harmonic_loop--demand_conflict|n1_d1_m1|25003|v11_full,03_parameter_sensitivity,independent_seeded,S25003,25003,harmonic_loop--demand_conflict,harmonic_loop,demand_conflict,learning_rate,0.5,12,v11_full,0.25,5,0.5,n1_d1_m1,0.05,4,1.7,8.238858540839244,4.254051219971679,0.6563802756591317,0.5163398787447009,0.8333333333333334,0.8333333333333334,2.1077823925540953,1.2623650306199665,0.5989067159301495,"[8.238858540839244, 6.05968188010227, 5.025795984088242, 4.254051219971679, 4.344677212057606]","[[2, 3], [2, 3], [3, 4], [2, 3]]","[true, true, true, true, false]",1,2.0,0,1,1,"[[4, 7], [4, 7], [4, 7], [4, 7], [4, 7]]","[[6, 9], [6, 9], [6, 9], [6, 9], [6, 9]]","[[2, 2], [2, 2], [2, 2], [2, 2], [2, 2]]","[[1.0, 1.75], [1.0, 1.75], [1.0, 1.75], [1.0, 1.75], [1.0, 1.75]]","[4.0, 7.0]",1.0,0.9949295581463837,0.711381791000008
03_parameter_sensitivity|learning_rate_0p5|harmonic_loop--demand_conflict|n1_d1_m1|25004|v11_full,03_parameter_sensitivity,independent_seeded,S25004,25004,harmonic_loop--demand_conflict,harmonic_loop,demand_conflict,learning_rate,0.5,12,v11_full,0.25,5,0.5,n1_d1_m1,0.05,4,1.7,7.294331283118729,3.2767874234957945,0.6478120962454159,0.4492238282458138,1.0,0.8333333333333334,1.8835316528462713,1.0068767912580046,0.5345685535661041,"[7.294331283118729, 5.059243723906158, 4.752272506425712, 3.804348573263505, 3.2767874234957945]","[[2, 3], [2, 3], [3, 4], [3, 4]]","[true, true, true, true, true]",0,4.0,0,1,1,"[[4, 7], [4, 7], [4, 7], [4, 7], [4, 7]]","[[6, 9], [6, 9], [6, 9], [6, 9], [6, 9]]","[[2, 2], [2, 2], [2, 2], [2, 2], [2, 2]]","[[1.0, 1.75], [1.0, 1.75], [1.0, 1.75], [1.0, 1.75], [1.0, 1.75]]","[4.0, 7.0]",0.5,0.9957933364660679,0.6640138340000021
03_parameter_sensitivity|learning_rate_0p5|harmonic_loop--demand_conflict|n1_d1_m1|25005|v11_full,03_parameter_sensitivity,independent_seeded,S25005,25005,harmonic_loop--demand_conflict,harmonic_loop,demand_conflict,learning_rate,0.5,12,v11_full,0.25,5,0.5,n1_d1_m1,0.05,4,1.7,9.516513563736712,5.171496376102782,0.7052168621266915,0.543423423028482,0.8333333333333334,0.8333333333333334,2.420289824794433,1.5672893850758094,0.6475626881623265,"[9.516513563736712, 7.409191850515378, 6.4702087141883275, 5.621417800594559, 5.171496376102782]","[[2, 3], [2, 3], [3, 4], [3, 4]]","[true, true, true, true, true]",0,4.0,0,1,1,"[[4, 8], [5, 8], [5, 8], [5, 8], [5, 8]]","[[6, 10], [7, 10], [7, 10], [7, 10], [7, 10]]","[[2, 2], [2, 2], [2, 2], [2, 2], [2, 2]]","[[1.0, 2.0], [1.125, 2.0], [1.25, 2.0], [1.25, 2.0], [1.25, 2.0]]","[5.0, 8.0]",0.5,0.9913360293720779,0.7318910829999936
03_parameter_sensitivity|learning_rate_0p5|harmonic_loop--demand_conflict|n1_d1_m1|25006|v11_full,03_parameter_sensitivity,independent_seeded,S25006,25006,harmonic_loop--demand_conflict,harmonic_loop,demand_conflict,learning_rate,0.5,12,v11_full,0.25,5,0.5,n1_d1_m1,0.05,4,1.7,7.923445882788174,3.189954442158959,0.6199272030964116,0.4025968611823785,1.0,0.6666666666666666,2.1567230813337837,1.0574750187906141,0.4903156218537983,"[7.923445882788174, 5.738325954751107, 4.540602896662617, 3.8122095661233137, 3.189954442158959]","[[2, 3], [3, 4], [3, 4], [3, 4]]","[true, true, true, true, true]",0,4.0,0,1,1,"[[6, 7], [6, 7], [6, 7], [6, 7], [6, 7]]","[[8, 9], [8, 9], [8, 9], [8, 9], [8, 9]]","[[2, 2], [2, 2], [2, 2], [2, 2], [2, 2]]","[[1.5, 1.75], [1.5, 1.75], [1.5, 1.75], [1.5, 1.75], [1.5, 1.75]]","[6.0, 7.0]",1.0,0.9992758491701177,0.7317163339999979
03_parameter_sensitivity|learning_rate_0p5|rounded_square--demand_conflict|n0_d1_m0|25001|v11_full,03_parameter_sensitivity,independent_seeded,S25001,25001,rounded_square--demand_conflict,rounded_square,demand_conflict,learning_rate,0.5,12,v11_full,0.25,5,0.5,n0_d1_m0,0.0,4,1.0,12.878324196240044,9.086827324801618,0.7745273249282661,0.7055908196079276,1.0,0.8333333333333334,2.734247150516419,2.068020183485582,0.7563398879633078,"[12.878324196240044, 9.949122243238133, 9.75968923867858, 9.086827324801618, 9.327310104505408]","[[1, 2], [2, 4], [2, 3], [2, 4]]","[true, true, true, true, false]",1,2.0,0,1,1,"[[7, 7], [7, 7], [7, 7], [7, 7], [7, 7]]","[[9, 9], [9, 9], [9, 9], [9, 9], [9, 9]]","[[2, 2], [2, 2], [2, 2], [2, 2], [2, 2]]","[[1.75, 1.75], [1.75, 1.75], [1.75, 1.75], [1.75, 1.75], [1.75, 1.75]]","[7.0, 7.0]",0.5,0.9996429479793671,0.7033082919999742
03_parameter_sensitivity|learning_rate_0p5|rounded_square--demand_conflict|n0_d1_m0|25002|v11_full,03_parameter_sensitivity,independent_seeded,S25002,25002,rounded_square--demand_conflict,rounded_square,demand_conflict,learning_rate,0.5,12,v11_full,0.25,5,0.5,n0_d1_m0,0.0,4,1.0,10.609358139352715,8.66420029087021,0.8760626315128386,0.8166564062657631,0.8333333333333334,0.8333333333333334,2.4987575237146307,1.7733860272798816,0.7097071286227011,"[10.609358139352715, 10.070333180759205, 8.705619583202513, 8.66420029087021, 8.866033432771363]","[[2, 4], [2, 3], [2, 3], [2, 4]]","[true, true, true, true, false]",1,2.0,0,1,1,"[[7, 5], [7, 5], [7, 5], [7, 5], [7, 5]]","[[9, 7], [9, 7], [9, 7], [9, 7], [9, 7]]","[[2, 2], [2, 2], [2, 2], [2, 2], [2, 2]]","[[1.75, 1.25], [1.75, 1.25], [1.75, 1.25], [1.75, 1.25], [1.75, 1.25]]","[7.0, 5.0]",1.0,0.996414912033353,0.6434008339999764
03_parameter_sensitivity|learning_rate_0p5|rounded_square--demand_conflict|n0_d1_m0|25003|v11_full,03_parameter_sensitivity,independent_seeded,S25003,25003,rounded_square--demand_conflict,rounded_square,demand_conflict,learning_rate,0.5,12,v11_full,0.25,5,0.5,n0_d1_m0,0.0,4,1.0,12.667453428070658,7.6491713455959705,0.7028112066210882,0.6038444419022422,1.0,0.8333333333333334,2.9130061268567298,1.9462119202518102,0.6681111660935173,"[12.667453428070658, 9.44896850867477, 8.1946888421768, 7.8093431767102315, 7.6491713455959705]","[[1, 4], [1, 4], [1, 4], [2, 4]]","[true, true, true, true, true]",0,4.0,0,1,1,"[[4, 7], [4, 7], [4, 7], [4, 7], [4, 7]]","[[6, 9], [6, 9], [6, 9], [6, 9], [6, 9]]","[[2, 2], [2, 2], [2, 2], [2, 2], [2, 2]]","[[1.0, 1.75], [1.0, 1.75], [1.0, 1.75], [1.0, 1.75], [1.0, 1.75]]","[4.0, 7.0]",1.0,0.9916271489529491,0.6389094169999794
03_parameter_sensitivity|learning_rate_0p5|rounded_square--demand_conflict|n0_d1_m0|25004|v11_full,03_parameter_sensitivity,independent_seeded,S25004,25004,rounded_square--demand_conflict,rounded_square,demand_conflict,learning_rate,0.5,12,v11_full,0.25,5,0.5,n0_d1_m0,0.0,4,1.0,10.936409882598811,6.06239995697905,0.656576919417436,0.5543318165703612,1.0,0.8333333333333334,2.4692788937523678,1.5620941134507191,0.6326114548676712,"[10.936409882598811, 7.722975741124955, 6.423823797524036, 6.06239995697905, 6.089945607770152]","[[1, 4], [1, 4], [2, 4], [1, 4]]","[true, true, true, true, false]",1,2.0,0,1,1,"[[4, 7], [4, 7], [4, 7], [4, 7], [4, 7]]","[[6, 9], [6, 9], [6, 9], [6, 9], [6, 9]]","[[2, 2], [2, 2], [2, 2], [2, 2], [2, 2]]","[[1.0, 1.75], [1.0, 1.75], [1.0, 1.75], [1.0, 1.75], [1.0, 1.75]]","[4.0, 7.0]",0.5,0.9942912381170281,0.94220358299998
03_parameter_sensitivity|learning_rate_0p5|rounded_square--demand_conflict|n0_d1_m0|25005|v11_full,03_parameter_sensitivity,independent_seeded,S25005,25005,rounded_square--demand_conflict,rounded_square,demand_conflict,learning_rate,0.5,12,v11_full,0.25,5,0.5,n0_d1_m0,0.0,4,1.0,13.449428834251158,8.775791706209338,0.7362452625577046,0.6525029288872369,1.0,0.8333333333333334,3.021275814696837,2.2394708793872176,0.7412335108543979,"[13.449428834251158, 10.394825049976323, 9.233540469878374, 8.867337263212683, 8.775791706209338]","[[1, 4], [1, 4], [1, 4], [1, 4]]","[true, true, true, true, true]",0,4.0,0,1,1,"[[5, 8], [5, 8], [5, 8], [5, 8], [5, 8]]","[[7, 10], [7, 10], [7, 10], [7, 10], [7, 10]]","[[2, 2], [2, 2], [2, 2], [2, 2], [2, 2]]","[[1.25, 2.0], [1.25, 2.0], [1.25, 2.0], [1.25, 2.0], [1.25, 2.0]]","[5.0, 8.0]",0.5,0.9917226084113611,0.7321474999999964
03_parameter_sensitivity|learning_rate_0p5|rounded_square--demand_conflict|n0_d1_m0|25006|v11_full,03_parameter_sensitivity,independent_seeded,S25006,25006,rounded_square--demand_conflict,rounded_square,demand_conflict,learning_rate,0.5,12,v11_full,0.25,5,0.5,n0_d1_m0,0.0,4,1.0,12.668752557348686,7.763298971479648,0.7318638057952167,0.6127911123322428,1.0,0.8333333333333334,2.6027135139067417,1.7543109125445917,0.6740315071831801,"[12.668752557348686, 9.697846819281931, 8.623555863115941, 8.549777398384332, 7.763298971479648]","[[1, 2], [1, 4], [2, 4], [3, 4]]","[true, true, true, true, true]",0,4.0,0,1,1,"[[6, 7], [6, 7], [6, 7], [6, 7], [6, 7]]","[[8, 9], [8, 9], [8, 9], [8, 9], [8, 9]]","[[2, 2], [2, 2], [2, 2], [2, 2], [2, 2]]","[[1.5, 1.75], [1.5, 1.75], [1.5, 1.75], [1.5, 1.75], [1.5, 1.75]]","[6.0, 7.0]",1.0,0.9992899893313064,0.7046554170000263
03_parameter_sensitivity|learning_rate_0p5|rounded_square--demand_conflict|n1_d1_m1|25001|v11_full,03_parameter_sensitivity,independent_seeded,S25001,25001,rounded_square--demand_conflict,rounded_square,demand_conflict,learning_rate,0.5,12,v11_full,0.25,5,0.5,n1_d1_m1,0.05,4,1.7,13.018710329567652,9.024633848988817,0.7628836278361779,0.6932049043669384,1.0,0.8333333333333334,2.7142490987481973,2.1678046364573724,0.798675640145614,"[13.018710329567652, 10.048578907162657, 9.024633848988817, 9.429650628626847, 9.429650628626847]","[[1, 2], [1, 2], [2, 4], [2, 4]]","[true, true, true, false, false]",2,1.0,0,1,1,"[[7, 7], [7, 7], [7, 7], [7, 7], [7, 7]]","[[9, 9], [9, 9], [9, 9], [9, 9], [9, 9]]","[[2, 2], [2, 2], [2, 2], [2, 2], [2, 2]]","[[1.75, 1.75], [1.75, 1.75], [1.75, 1.75], [1.75, 1.75], [1.75, 1.75]]","[7.0, 7.0]",0.5,0.9994206622497015,0.8377830840000229
03_parameter_sensitivity|learning_rate_0p5|rounded_square--demand_conflict|n1_d1_m1|25002|v11_full,03_parameter_sensitivity,independent_seeded,S25002,25002,rounded_square--demand_conflict,rounded_square,demand_conflict,learning_rate,0.5,12,v11_full,0.25,5,0.5,n1_d1_m1,0.05,4,1.7,9.938895279283194,7.917015133813635,0.8634123263255626,0.7965689255541306,0.8333333333333334,0.8333333333333334,2.3335768553918896,1.6130993956197668,0.6912561683548539,"[9.938895279283194, 9.42586559197336, 8.017701177992322, 7.917015133813635, 7.9908584666946165]","[[2, 4], [2, 3], [2, 3], [2, 4]]","[true, true, true, true, false]",1,2.0,0,1,1,"[[7, 5], [7, 5], [7, 5], [7, 5], [7, 5]]","[[9, 7], [9, 7], [9, 7], [9, 7], [9, 7]]","[[2, 2], [2, 2], [2, 2], [2, 2], [2, 2]]","[[1.75, 1.25], [1.75, 1.25], [1.75, 1.25], [1.75, 1.25], [1.75, 1.25]]","[7.0, 5.0]",1.0,0.9965581320560162,0.7848553750000065
03_parameter_sensitivity|learning_rate_0p5|rounded_square--demand_conflict|n1_d1_m1|25003|v11_full,03_parameter_sensitivity,independent_seeded,S25003,25003,rounded_square--demand_conflict,rounded_square,demand_conflict,learning_rate,0.5,12,v11_full,0.25,5,0.5,n1_d1_m1,0.05,4,1.7,12.197438303545976,7.1593909637064135,0.688019148492208,0.586958571589993,1.0,0.8333333333333334,2.8509579756317676,1.8660588412176897,0.6545374772857443,"[12.197438303545976, 8.966838333337073, 7.686890494880323, 7.236140999724186, 7.1593909637064135]","[[1, 4], [1, 4], [2, 4], [1, 4]]","[true, true, true, true, true]",0,4.0,0,1,1,"[[4, 7], [4, 7], [4, 7], [4, 7], [4, 7]]","[[6, 9], [6, 9], [6, 9], [6, 9], [6, 9]]","[[2, 2], [2, 2], [2, 2], [2, 2], [2, 2]]","[[1.0, 1.75], [1.0, 1.75], [1.0, 1.75], [1.0, 1.75], [1.0, 1.75]]","[4.0, 7.0]",1.0,0.9915293165478616,0.7762127919999671
03_parameter_sensitivity|learning_rate_0p5|rounded_square--demand_conflict|n1_d1_m1|25004|v11_full,03_parameter_sensitivity,independent_seeded,S25004,25004,rounded_square--demand_conflict,rounded_square,demand_conflict,learning_rate,0.5,12,v11_full,0.25,5,0.5,n1_d1_m1,0.05,4,1.7,10.811479195275698,5.741412615687434,0.6466409390727834,0.5310478346197313,1.0,0.8333333333333334,2.5216385907499954,1.5541342287784816,0.6163191801075051,"[10.811479195275698, 7.581933984231128, 6.231825473972352, 5.874374874710709, 5.741412615687434]","[[1, 4], [1, 4], [2, 4], [1, 4]]","[true, true, true, true, true]",0,4.0,0,1,1,"[[4, 7], [4, 7], [4, 7], [4, 7], [4, 7]]","[[6, 9], [6, 9], [6, 9], [6, 9], [6, 9]]","[[2, 2], [2, 2], [2, 2], [2, 2], [2, 2]]","[[1.0, 1.75], [1.0, 1.75], [1.0, 1.75], [1.0, 1.75], [1.0, 1.75]]","[4.0, 7.0]",0.5,0.9926862915887038,0.7578108750000183
03_parameter_sensitivity|learning_rate_0p5|rounded_square--demand_conflict|n1_d1_m1|25005|v11_full,03_parameter_sensitivity,independent_seeded,S25005,25005,rounded_square--demand_conflict,rounded_square,demand_conflict,learning_rate,0.5,12,v11_full,0.25,5,0.5,n1_d1_m1,0.05,4,1.7,13.809962620752362,9.021155481182381,0.737854293871265,0.6532353293720148,1.0,0.8333333333333334,3.3028687880947087,2.372029138567305,0.7181723800586195,"[13.809962620752362, 10.665064419255014, 9.518514944792809, 9.15982245668, 9.021155481182381]","[[1, 4], [1, 4], [1, 4], [1, 4]]","[true, true, true, true, true]",0,4.0,0,1,1,"[[4, 8], [4, 8], [4, 8], [4, 8], [4, 8]]","[[6, 10], [6, 10], [6, 10], [6, 10], [6, 10]]","[[2, 2], [2, 2], [2, 2], [2, 2], [2, 2]]","[[1.0, 2.0], [1.0, 2.0], [1.0, 2.0], [1.0, 2.0], [1.0, 2.0]]","[4.0, 8.0]",1.0,0.9865678201167876,0.8530467080000221
03_parameter_sensitivity|learning_rate_0p5|rounded_square--demand_conflict|n1_d1_m1|25006|v11_full,03_parameter_sensitivity,independent_seeded,S25006,25006,rounded_square--demand_conflict,rounded_square,demand_conflict,learning_rate,0.5,12,v11_full,0.25,5,0.5,n1_d1_m1,0.05,4,1.7,11.789988627730645,8.047481840691535,0.7413385807064538,0.6825690927100179,1.0,0.8333333333333334,2.4148354352553416,1.723765665685069,0.7138232446480562,"[11.789988627730645, 9.053228100603375, 7.942048567802271, 8.047481840691535, 8.047481840691535]","[[1, 2], [2, 4], [2, 4], [2, 4]]","[true, true, true, false, true]",1,2.3,0,1,1,"[[6, 7], [6, 7], [6, 7], [6, 7], [6, 7]]","[[8, 9], [8, 9], [8, 9], [8, 9], [8, 9]]","[[2, 2], [2, 2], [2, 2], [2, 2], [2, 2]]","[[1.5, 1.75], [1.5, 1.75], [1.5, 1.75], [1.5, 1.75], [1.5, 1.75]]","[6.0, 7.0]",1.0,0.998799907432504,0.8129627089999758
03_parameter_sensitivity|learning_rate_0p5|s_curve--demand_conflict|n0_d1_m0|25001|v11_full,03_parameter_sensitivity,independent_seeded,S25001,25001,s_curve--demand_conflict,s_curve,demand_conflict,learning_rate,0.5,12,v11_full,0.25,5,0.5,n0_d1_m0,0.0,4,1.0,5.889184724160488,1.5339949466582716,0.5332939002796642,0.26047662257307524,0.8333333333333334,0.3333333333333333,1.4287283043904688,0.877674852982858,0.614304938374757,"[5.889184724160488, 3.9819558011292013, 2.8338135460014438, 2.0353059815198336, 1.5339949466582716]","[[2, 4], [2, 4], [2, 4], [2, 4]]","[true, true, true, true, true]",0,4.0,0,1,1,"[[7, 7], [7, 7], [7, 7], [7, 7], [7, 7]]","[[9, 9], [9, 9], [9, 9], [9, 9], [9, 9]]","[[2, 2], [2, 2], [2, 2], [2, 2], [2, 2]]","[[1.75, 1.75], [1.75, 1.75], [1.75, 1.75], [1.75, 1.75], [1.75, 1.75]]","[7.0, 7.0]",0.5,0.9995020980995447,0.6042128329999628
03_parameter_sensitivity|learning_rate_0p5|s_curve--demand_conflict|n0_d1_m0|25002|v11_full,03_parameter_sensitivity,independent_seeded,S25002,25002,s_curve--demand_conflict,s_curve,demand_conflict,learning_rate,0.5,12,v11_full,0.25,5,0.5,n0_d1_m0,0.0,4,1.0,4.161383072292191,0.737959434031447,0.4507077546181254,0.1773351362303113,0.6666666666666666,0.0,1.147711003813104,0.4892444672476187,0.4262784495593182,"[4.161383072292191, 2.4430034287106697, 1.5537658925517053, 1.0558299080505635, 0.737959434031447]","[[2, 4], [2, 4], [2, 4], [2, 4]]","[true, true, true, true, true]",0,4.0,0,1,1,"[[7, 5], [7, 5], [7, 5], [7, 5], [7, 5]]","[[9, 7], [9, 7], [9, 7], [9, 7], [9, 7]]","[[2, 2], [2, 2], [2, 2], [2, 2], [2, 2]]","[[1.75, 1.25], [1.75, 1.25], [1.75, 1.25], [1.75, 1.25], [1.75, 1.25]]","[7.0, 5.0]",1.0,0.9963639485153775,0.5033704169999851
03_parameter_sensitivity|learning_rate_0p5|s_curve--demand_conflict|n0_d1_m0|25003|v11_full,03_parameter_sensitivity,independent_seeded,S25003,25003,s_curve--demand_conflict,s_curve,demand_conflict,learning_rate,0.5,12,v11_full,0.25,5,0.5,n0_d1_m0,0.0,4,1.0,7.045089738078795,2.42127751305527,0.5664199789060443,0.3436829910012694,1.0,0.5,1.4769385389837075,0.9869395677482047,0.6682333365255166,"[7.045089738078795, 4.837559638985327, 3.536788929577037, 2.854386129205727, 2.42127751305527]","[[2, 4], [3, 4], [2, 4], [2, 4]]","[true, true, true, true, true]",0,4.0,0,1,1,"[[4, 7], [4, 7], [5, 7], [4, 7], [4, 7]]","[[6, 9], [6, 9], [7, 9], [6, 9], [6, 9]]","[[2, 2], [2, 2], [2, 2], [2, 2], [2, 2]]","[[1.0, 1.75], [1.0, 1.75], [1.0, 1.75], [1.0, 1.75], [1.0, 1.75]]","[4.0, 7.0]",1.0,0.9922758268730449,0.6387731660000213
03_parameter_sensitivity|learning_rate_0p5|s_curve--demand_conflict|n0_d1_m0|25004|v11_full,03_parameter_sensitivity,independent_seeded,S25004,25004,s_curve--demand_conflict,s_curve,demand_conflict,learning_rate,0.5,12,v11_full,0.25,5,0.5,n0_d1_m0,0.0,4,1.0,5.9434022494458185,1.3276239583139238,0.49574194691043527,0.223377772964587,1.0,0.5,1.271164962007702,0.7823960791012444,0.6154953153094412,"[5.9434022494458185, 3.924161943575733, 2.450587270790181, 1.7753128914027363, 1.3276239583139238]","[[2, 4], [3, 4], [2, 4], [2, 4]]","[true, true, true, true, true]",0,4.0,0,1,1,"[[4, 7], [4, 7], [4, 7], [4, 7], [4, 7]]","[[6, 9], [6, 9], [6, 9], [6, 9], [6, 9]]","[[2, 2], [2, 2], [2, 2], [2, 2], [2, 2]]","[[1.0, 1.75], [1.0, 1.75], [1.0, 1.75], [1.0, 1.75], [1.0, 1.75]]","[4.0, 7.0]",0.5,0.9950922469394172,0.5369412910000051
03_parameter_sensitivity|learning_rate_0p5|s_curve--demand_conflict|n0_d1_m0|25005|v11_full,03_parameter_sensitivity,independent_seeded,S25005,25005,s_curve--demand_conflict,s_curve,demand_conflict,learning_rate,0.5,12,v11_full,0.25,5,0.5,n0_d1_m0,0.0,4,1.0,7.462057935954583,2.976747148220265,0.6068484241647041,0.39891772132689357,1.0,0.5,1.576170369395593,1.0919119783058826,0.6927626603744576,"[7.462057935954583, 5.367442667434507, 4.112044666063175, 3.414462522253946, 2.976747148220265]","[[2, 4], [3, 4], [2, 4], [2, 4]]","[true, true, true, true, true]",0,4.0,0,1,1,"[[5, 8], [5, 8], [5, 8], [5, 8], [5, 8]]","[[7, 10], [7, 10], [7, 10], [7, 10], [7, 10]]","[[2, 2], [2, 2], [2, 2], [2, 2], [2, 2]]","[[1.25, 2.0], [1.25, 2.0], [1.25, 2.0], [1.25, 2.0], [1.25, 2.0]]","[5.0, 8.0]",0.5,0.9917164738312827,0.6781930829999965
03_parameter_sensitivity|learning_rate_0p5|s_curve--demand_conflict|n0_d1_m0|25006|v11_full,03_parameter_sensitivity,independent_seeded,S25006,25006,s_curve--demand_conflict,s_curve,demand_conflict,learning_rate,0.5,12,v11_full,0.25,5,0.5,n0_d1_m0,0.0,4,1.0,6.272329677264286,1.925084771624038,0.5588379337118855,0.30691702615728506,0.6666666666666666,0.3333333333333333,1.420736810112284,0.9310018136546346,0.6552950603011796,"[6.272329677264286, 4.339766889068581, 3.176379300080245, 2.4060096120154553, 1.925084771624038]","[[2, 4], [2, 4], [2, 4], [2, 4]]","[true, true, true, true, true]",0,4.0,0,1,1,"[[6, 7], [6, 7], [6, 7], [6, 7], [6, 7]]","[[8, 9], [8, 9], [8, 9], [8, 9], [8, 9]]","[[2, 2], [2, 2], [2, 2], [2, 2], [2, 2]]","[[1.5, 1.75], [1.5, 1.75], [1.5, 1.75], [1.5, 1.75], [1.5, 1.75]]","[6.0, 7.0]",1.0,0.9990712095825123,0.6404385000000161
03_parameter_sensitivity|learning_rate_0p5|s_curve--demand_conflict|n1_d1_m1|25001|v11_full,03_parameter_sensitivity,independent_seeded,S25001,25001,s_curve--demand_conflict,s_curve,demand_conflict,learning_rate,0.5,12,v11_full,0.25,5,0.5,n1_d1_m1,0.05,4,1.7,6.172442865761097,1.7269646045229563,0.560953071097703,0.2797862438067318,0.6666666666666666,0.5,1.4814461802864705,0.9849487369332571,0.6648562398282977,"[6.172442865761097, 4.404294444070537, 3.1916473944728683, 2.3041575532097456, 1.7269646045229563]","[[2, 4], [2, 4], [2, 4], [2, 4]]","[true, true, true, true, true]",0,4.0,0,1,1,"[[7, 7], [7, 7], [7, 7], [7, 7], [7, 7]]","[[9, 9], [9, 9], [9, 9], [9, 9], [9, 9]]","[[2, 2], [2, 2], [2, 2], [2, 2], [2, 2]]","[[1.75, 1.75], [1.75, 1.75], [1.75, 1.75], [1.75, 1.75], [1.75, 1.75]]","[7.0, 7.0]",0.5,0.9962701930064,0.7022026669999946
03_parameter_sensitivity|learning_rate_0p5|s_curve--demand_conflict|n1_d1_m1|25002|v11_full,03_parameter_sensitivity,independent_seeded,S25002,25002,s_curve--demand_conflict,s_curve,demand_conflict,learning_rate,0.5,12,v11_full,0.25,5,0.5,n1_d1_m1,0.05,4,1.7,3.758444249514037,0.7299214341836464,0.44543540125561076,0.19420839733834672,0.6666666666666666,0.0,1.0611032107692642,0.43610550373633333,0.4109925399435664,"[3.758444249514037, 2.0515690190226636, 1.4079865320913885, 0.9928380965536171, 0.7299214341836464]","[[3, 4], [2, 4], [2, 4], [2, 4]]","[true, true, true, true, true]",0,4.0,0,1,1,"[[7, 5], [7, 5], [7, 5], [7, 5], [7, 5]]","[[9, 7], [9, 7], [9, 7], [9, 7], [9, 7]]","[[2, 2], [2, 2], [2, 2], [2, 2], [2, 2]]","[[1.75, 1.25], [1.75, 1.25], [1.75, 1.25], [1.75, 1.25], [1.75, 1.25]]","[7.0, 5.0]",1.0,0.9939491252546193,0.9640373749999753
03_parameter_sensitivity|learning_rate_0p5|s_curve--demand_conflict|n1_d1_m1|25003|v11_full,03_parameter_sensitivity,independent_seeded,S25003,25003,s_curve--demand_conflict,s_curve,demand_conflict,learning_rate,0.5,12,v11_full,0.25,5,0.5,n1_d1_m1,0.05,4,1.7,6.782231339764961,2.0258355638210563,0.5198995684925781,0.29869750268519474,1.0,0.5,1.4324861151779118,0.9420161043453744,0.6576092391851058,"[6.782231339764961, 4.336634515552783, 2.956305322519908, 2.407343297976873, 2.0258355638210563]","[[3, 4], [3, 4], [2, 4], [2, 4]]","[true, true, true, true, true]",0,4.0,0,1,1,"[[4, 7], [4, 7], [5, 7], [4, 7], [4, 7]]","[[6, 9], [6, 9], [7, 9], [6, 9], [6, 9]]","[[2, 2], [2, 2], [2, 2], [2, 2], [2, 2]]","[[1.0, 1.75], [1.0, 1.75], [1.0, 1.75], [1.0, 1.75], [1.0, 1.75]]","[4.0, 7.0]",1.0,0.9899779362136518,0.6659732079999685
03_parameter_sensitivity|learning_rate_0p5|s_curve--demand_conflict|n1_d1_m1|25004|v11_full,03_parameter_sensitivity,independent_seeded,S25004,25004,s_curve--demand_conflict,s_curve,demand_conflict,learning_rate,0.5,12,v11_full,0.25,5,0.5,n1_d1_m1,0.05,4,1.7,5.921960720002671,1.343120738224065,0.4999096144199998,0.22680338518413193,1.0,0.5,1.2802005558494474,0.8021053862264781,0.626546662990831,"[5.921960720002671, 3.9500410677086495, 2.4616021254246356, 1.7975964783410248, 1.343120738224065]","[[2, 4], [3, 4], [2, 4], [2, 4]]","[true, true, true, true, true]",0,4.0,0,1,1,"[[4, 7], [4, 7], [4, 7], [4, 7], [4, 7]]","[[6, 9], [6, 9], [6, 9], [6, 9], [6, 9]]","[[2, 2], [2, 2], [2, 2], [2, 2], [2, 2]]","[[1.0, 1.75], [1.0, 1.75], [1.0, 1.75], [1.0, 1.75], [1.0, 1.75]]","[4.0, 7.0]",0.5,0.9912432522627008,0.5373487079999677
03_parameter_sensitivity|learning_rate_0p5|s_curve--demand_conflict|n1_d1_m1|25005|v11_full,03_parameter_sensitivity,independent_seeded,S25005,25005,s_curve--demand_conflict,s_curve,demand_conflict,learning_rate,0.5,12,v11_full,0.25,5,0.5,n1_d1_m1,0.05,4,1.7,8.001548923988201,3.3197498244246604,0.6011524766237787,0.4148883992288336,1.0,0.5,1.702043062256288,1.2600824230163068,0.7403352188668466,"[8.001548923988201, 5.618349839200772, 4.255245239841279, 3.7063593566788744, 3.3197498244246604]","[[3, 4], [3, 4], [2, 4], [2, 4]]","[true, true, true, true, true]",0,4.0,0,1,1,"[[4, 8], [5, 8], [5, 8], [5, 8], [4, 8]]","[[6, 10], [7, 10], [7, 10], [7, 10], [6, 10]]","[[2, 2], [2, 2], [2, 2], [2, 2], [2, 2]]","[[1.0, 2.0], [1.125, 2.0], [1.25, 2.0], [1.25, 2.0], [1.25, 2.0]]","[5.0, 8.0]",0.5,0.9836940764527766,0.6505835830000137
03_parameter_sensitivity|learning_rate_0p5|s_curve--demand_conflict|n1_d1_m1|25006|v11_full,03_parameter_sensitivity,independent_seeded,S25006,25006,s_curve--demand_conflict,s_curve,demand_conflict,learning_rate,0.5,12,v11_full,0.25,5,0.5,n1_d1_m1,0.05,4,1.7,5.785333470104064,1.3652169006401915,0.5312215385381375,0.235978947055516,0.6666666666666666,0.3333333333333333,1.3243256180748504,0.8320073324507352,0.6282498209618644,"[5.785333470104064, 3.967726389754551, 2.8046577666939885, 1.9455156459587817, 1.3652169006401915]","[[2, 4], [2, 4], [2, 4], [2, 4]]","[true, true, true, true, true]",0,4.0,0,1,1,"[[6, 7], [6, 7], [6, 7], [6, 7], [6, 7]]","[[8, 9], [8, 9], [8, 9], [8, 9], [8, 9]]","[[2, 2], [2, 2], [2, 2], [2, 2], [2, 2]]","[[1.5, 1.75], [1.5, 1.75], [1.5, 1.75], [1.5, 1.75], [1.5, 1.75]]","[6.0, 7.0]",1.0,0.9963787769454755,0.5149974579999821
03_parameter_sensitivity|learning_rate_0p8|ellipse--demand_conflict|n0_d1_m0|25001|v11_full,03_parameter_sensitivity,independent_seeded,S25001,25001,ellipse--demand_conflict,ellipse,demand_conflict,learning_rate,0.8,12,v11_full,0.25,5,0.8,n0_d1_m0,0.0,4,1.0,7.931809151646931,1.26447778797043,0.3154177135228865,0.15941858456186866,0.8333333333333334,0.5,2.1742433997047765,0.3534709499152814,0.1625719319020476,"[7.931809151646931, 2.6397700018349948, 1.499805379551091, 1.2696135756547582, 1.26447778797043]","[[2, 3], [3, 4], [3, 4], [3, 4]]","[true, true, true, true, true]",0,4.0,0,1,1,"[[7, 7], [7, 7], [7, 7], [7, 7], [7, 7]]","[[9, 9], [9, 9], [9, 9], [9, 9], [9, 9]]","[[2, 2], [2, 2], [2, 2], [2, 2], [2, 2]]","[[1.75, 1.75], [1.75, 1.75], [1.75, 1.75], [1.75, 1.75], [1.75, 1.75]]","[7.0, 7.0]",0.5,0.9998278106576025,0.5372642080000105
03_parameter_sensitivity|learning_rate_0p8|ellipse--demand_conflict|n0_d1_m0|25002|v11_full,03_parameter_sensitivity,independent_seeded,S25002,25002,ellipse--demand_conflict,ellipse,demand_conflict,learning_rate,0.8,12,v11_full,0.25,5,0.8,n0_d1_m0,0.0,4,1.0,7.766290542448517,0.8279624624525767,0.2842213688124803,0.10660977179866629,0.8333333333333334,0.16666666666666666,1.9704335955951635,0.21834261609574668,0.11080942620134171,"[7.766290542448517, 2.6107099416090334, 1.0886867654117716, 0.8328597048091989, 0.8279624624525767]","[[2, 3], [2, 3], [3, 4], [3, 4]]","[true, true, true, true, true]",0,4.0,0,1,1,"[[7, 5], [7, 5], [7, 5], [7, 5], [7, 5]]","[[9, 7], [9, 7], [9, 7], [9, 7], [9, 7]]","[[2, 2], [2, 2], [2, 2], [2, 2], [2, 2]]","[[1.75, 1.25], [1.75, 1.25], [1.75, 1.25], [1.75, 1.25], [1.75, 1.25]]","[7.0, 5.0]",1.0,0.9984983218624977,0.4996782919999987
03_parameter_sensitivity|learning_rate_0p8|ellipse--demand_conflict|n0_d1_m0|25003|v11_full,03_parameter_sensitivity,independent_seeded,S25003,25003,ellipse--demand_conflict,ellipse,demand_conflict,learning_rate,0.8,12,v11_full,0.25,5,0.8,n0_d1_m0,0.0,4,1.0,7.279743388405482,0.18776495989926992,0.2652864456339077,0.02579279926244722,0.6666666666666666,0.0,1.85507896209821,0.038018702664364405,0.02049438511305356,"[7.279743388405482, 2.5332299441186374, 1.0225135972570423, 0.4353712790200628, 0.18776495989926992]","[[3, 4], [1, 4], [1, 3], [2, 4]]","[true, true, true, true, true]",0,4.0,0,1,1,"[[4, 7], [4, 7], [4, 8], [4, 8], [4, 8]]","[[6, 9], [6, 9], [6, 10], [6, 10], [6, 10]]","[[2, 2], [2, 2], [2, 2], [2, 2], [2, 2]]","[[1.0, 1.75], [1.0, 1.75], [1.0, 1.75], [1.0, 1.875], [1.0, 2.0]]","[4.0, 8.0]",0.5,0.9963741117372742,0.3795454159999849
03_parameter_sensitivity|learning_rate_0p8|ellipse--demand_conflict|n0_d1_m0|25004|v11_full,03_parameter_sensitivity,independent_seeded,S25004,25004,ellipse--demand_conflict,ellipse,demand_conflict,learning_rate,0.8,12,v11_full,0.25,5,0.8,n0_d1_m0,0.0,4,1.0,6.237600449225314,0.14673913324423232,0.25554844944910227,0.023524933095459288,0.6666666666666666,0.0,1.6054979846693018,0.032057663738925275,0.019967426957268008,"[6.237600449225314, 2.1029393274988237, 0.7862274555474614, 0.2946999180491525, 0.14673913324423232]","[[3, 4], [1, 4], [1, 3], [2, 4]]","[true, true, true, true, true]",0,4.0,0,1,1,"[[4, 7], [4, 7], [4, 7], [4, 7], [4, 7]]","[[6, 9], [6, 9], [6, 9], [6, 9], [6, 9]]","[[2, 2], [2, 2], [2, 2], [2, 2], [2, 2]]","[[1.0, 1.75], [1.0, 1.75], [1.0, 1.75], [1.0, 1.75], [1.0, 1.75]]","[4.0, 7.0]",0.5,0.9975898172444597,0.3545764579999968
03_parameter_sensitivity|learning_rate_0p8|ellipse--demand_conflict|n0_d1_m0|25005|v11_full,03_parameter_sensitivity,independent_seeded,S25005,25005,ellipse--demand_conflict,ellipse,demand_conflict,learning_rate,0.8,12,v11_full,0.25,5,0.8,n0_d1_m0,0.0,4,1.0,7.539010853039086,0.19341970468638822,0.26356543704241947,0.025655846430890587,0.6666666666666666,0.0,1.9428950434958454,0.03937871752451976,0.020268062166480052,"[7.539010853039086, 2.613660714934077, 1.0478242633354653, 0.42039050426288205, 0.19341970468638822]","[[3, 4], [1, 4], [1, 3], [2, 4]]","[true, true, true, true, true]",0,4.0,0,1,1,"[[5, 8], [5, 8], [5, 8], [5, 8], [5, 8]]","[[7, 10], [7, 10], [7, 10], [7, 10], [7, 10]]","[[2, 2], [2, 2], [2, 2], [2, 2], [2, 2]]","[[1.25, 2.0], [1.25, 2.0], [1.25, 2.0], [1.25, 2.0], [1.25, 2.0]]","[5.0, 8.0]",0.5,0.996226754090056,0.3707227909999915
03_parameter_sensitivity|learning_rate_0p8|ellipse--demand_conflict|n0_d1_m0|25006|v11_full,03_parameter_sensitivity,independent_seeded,S25006,25006,ellipse--demand_conflict,ellipse,demand_conflict,learning_rate,0.8,12,v11_full,0.25,5,0.8,n0_d1_m0,0.0,4,1.0,6.569664275539642,0.14526459845698442,0.24774625102914752,0.022111418843400815,0.8333333333333334,0.0,1.9396508864759971,0.040369800952060754,0.02081292114655001,"[6.569664275539642, 2.09780697255104, 0.7742020070460529, 0.2809653625448597, 0.14526459845698442]","[[3, 4], [1, 3], [1, 4], [1, 3]]","[true, true, true, true, true]",0,4.0,0,1,1,"[[6, 7], [6, 7], [6, 7], [6, 7], [6, 7]]","[[8, 9], [8, 9], [8, 9], [8, 9], [8, 9]]","[[2, 2], [2, 2], [2, 2], [2, 2], [2, 2]]","[[1.5, 1.75], [1.5, 1.75], [1.5, 1.75], [1.5, 1.75], [1.5, 1.75]]","[6.0, 7.0]",1.0,0.999656168627244,0.3905208749999929
03_parameter_sensitivity|learning_rate_0p8|ellipse--demand_conflict|n1_d1_m1|25001|v11_full,03_parameter_sensitivity,independent_seeded,S25001,25001,ellipse--demand_conflict,ellipse,demand_conflict,learning_rate,0.8,12,v11_full,0.25,5,0.8,n1_d1_m1,0.05,4,1.7,7.488128890501111,1.1189881375056783,0.3107670052551689,0.1494349461485825,0.8333333333333334,0.3333333333333333,2.1265330876573425,0.31531204593962897,0.148275165700331,"[7.488128890501111, 2.5716895841316916, 1.3410832919203415, 1.0919221710075366, 1.1189881375056783]","[[2, 3], [3, 4], [3, 4], [3, 4]]","[true, true, true, true, true]",0,4.0,0,1,1,"[[7, 7], [7, 7], [7, 7], [7, 7], [7, 7]]","[[9, 9], [9, 9], [9, 9], [9, 9], [9, 9]]","[[2, 2], [2, 2], [2, 2], [2, 2], [2, 2]]","[[1.75, 1.75], [1.75, 1.75], [1.75, 1.75], [1.75, 1.75], [1.75, 1.75]]","[7.0, 7.0]",0.5,0.9996290539596064,0.6216515410000056
03_parameter_sensitivity|learning_rate_0p8|ellipse--demand_conflict|n1_d1_m1|25002|v11_full,03_parameter_sensitivity,independent_seeded,S25002,25002,ellipse--demand_conflict,ellipse,demand_conflict,learning_rate,0.8,12,v11_full,0.25,5,0.8,n1_d1_m1,0.05,4,1.7,7.1732068950022025,0.294980799876987,0.24198199578110471,0.04112258355220583,0.8333333333333334,0.0,1.8160957926442736,0.08904949474000363,0.04903347890605798,"[7.1732068950022025, 2.175365020303383, 0.7366230323598115, 0.294980799876987, 0.2991507647447475]","[[2, 3], [2, 3], [2, 3], [1, 3]]","[true, true, true, true, false]",1,2.0,0,1,1,"[[7, 5], [7, 5], [7, 5], [7, 5], [7, 5]]","[[9, 7], [9, 7], [9, 7], [9, 7], [9, 7]]","[[2, 2], [2, 2], [2, 2], [2, 2], [2, 2]]","[[1.75, 1.25], [1.75, 1.25], [1.75, 1.25], [1.75, 1.25], [1.75, 1.25]]","[7.0, 5.0]",1.0,0.9984082232370497,0.5123161249999839
03_parameter_sensitivity|learning_rate_0p8|ellipse--demand_conflict|n1_d1_m1|25003|v11_full,03_parameter_sensitivity,independent_seeded,S25003,25003,ellipse--demand_conflict,ellipse,demand_conflict,learning_rate,0.8,12,v11_full,0.25,5,0.8,n1_d1_m1,0.05,4,1.7,7.073737856536296,0.2086847112354835,0.2690751196135105,0.029501335145273165,0.6666666666666666,0.0,1.7942068458114788,0.04255714216604767,0.02371919506683191,"[7.073737856536296, 2.490749375281694, 1.0398823687836112, 0.4416244114972896, 0.2086847112354835]","[[3, 4], [1, 4], [1, 2], [1, 3]]","[true, true, true, true, true]",0,4.0,0,1,1,"[[4, 7], [4, 7], [4, 7], [4, 7], [4, 7]]","[[6, 9], [6, 9], [6, 9], [6, 9], [6, 9]]","[[2, 2], [2, 2], [2, 2], [2, 2], [2, 2]]","[[1.0, 1.75], [1.0, 1.75], [1.0, 1.75], [1.0, 1.75], [1.0, 1.75]]","[4.0, 7.0]",1.0,0.9961072069474302,0.4623170410000057
03_parameter_sensitivity|learning_rate_0p8|ellipse--demand_conflict|n1_d1_m1|25004|v11_full,03_parameter_sensitivity,independent_seeded,S25004,25004,ellipse--demand_conflict,ellipse,demand_conflict,learning_rate,0.8,12,v11_full,0.25,5,0.8,n1_d1_m1,0.05,4,1.7,6.272059599870351,0.2340557487145417,0.26420313570044307,0.037317207368274985,0.6666666666666666,0.0,1.5946042184624036,0.0473111946101957,0.029669553148313817,"[6.272059599870351, 2.190997104420841, 0.7652508131594234, 0.41908566247054035, 0.2340557487145417]","[[3, 4], [1, 4], [1, 3], [2, 4]]","[true, true, true, true, true]",0,4.0,0,1,1,"[[4, 7], [4, 7], [4, 7], [4, 7], [4, 7]]","[[6, 9], [6, 9], [6, 9], [6, 9], [6, 9]]","[[2, 2], [2, 2], [2, 2], [2, 2], [2, 2]]","[[1.0, 1.75], [1.0, 1.75], [1.0, 1.75], [1.0, 1.75], [1.0, 1.75]]","[4.0, 7.0]",0.5,0.996783994451038,0.45993520800004717
03_parameter_sensitivity|learning_rate_0p8|ellipse--demand_conflict|n1_d1_m1|25005|v11_full,03_parameter_sensitivity,independent_seeded,S25005,25005,ellipse--demand_conflict,ellipse,demand_conflict,learning_rate,0.8,12,v11_full,0.25,5,0.8,n1_d1_m1,0.05,4,1.7,7.963615217036075,0.21588575086420375,0.28000313010462463,0.027109013303703144,0.6666666666666666,0.0,2.0012392545979276,0.049910060994834284,0.02493957725452562,"[7.963615217036075, 3.0721154431364655, 1.2204841220512574, 0.53699870173782, 0.21588575086420375]","[[3, 4], [1, 4], [1, 2], [2, 3]]","[true, true, true, true, true]",0,4.0,0,1,1,"[[4, 8], [4, 8], [4, 8], [4, 8], [4, 8]]","[[6, 10], [6, 10], [6, 10], [6, 10], [6, 10]]","[[2, 2], [2, 2], [2, 2], [2, 2], [2, 2]]","[[1.0, 2.0], [1.0, 2.0], [1.0, 2.0], [1.0, 2.0], [1.0, 2.0]]","[4.0, 8.0]",1.0,0.9941441309273928,0.4914360829999964
03_parameter_sensitivity|learning_rate_0p8|ellipse--demand_conflict|n1_d1_m1|25006|v11_full,03_parameter_sensitivity,independent_seeded,S25006,25006,ellipse--demand_conflict,ellipse,demand_conflict,learning_rate,0.8,12,v11_full,0.25,5,0.8,n1_d1_m1,0.05,4,1.7,6.063825769387071,0.12180534694339415,0.24334046075863544,0.020087210875735003,0.8333333333333334,0.0,1.7925268372907202,0.029135181783940572,0.016253693488894355,"[6.063825769387071, 1.9313793308270477, 0.700007159391339, 0.17809457834732867, 0.12180534694339415]","[[3, 4], [1, 3], [1, 3], [1, 2]]","[true, true, true, true, true]",0,4.0,0,1,1,"[[6, 7], [6, 7], [6, 7], [6, 7], [6, 7]]","[[8, 9], [8, 9], [8, 9], [8, 9], [8, 9]]","[[2, 2], [2, 2], [2, 2], [2, 2], [2, 2]]","[[1.5, 1.75], [1.5, 1.75], [1.5, 1.75], [1.5, 1.75], [1.5, 1.75]]","[6.0, 7.0]",1.0,0.9992566116427033,0.4256755420000218
03_parameter_sensitivity|learning_rate_0p8|figure_eight--demand_conflict|n0_d1_m0|25001|v11_full,03_parameter_sensitivity,independent_seeded,S25001,25001,figure_eight--demand_conflict,figure_eight,demand_conflict,learning_rate,0.8,12,v11_full,0.25,5,0.8,n0_d1_m0,0.0,4,1.0,11.530597929027934,5.855257209942506,0.5908239603945391,0.5078016982278145,0.8333333333333334,0.8333333333333334,3.5406280069014553,1.5605677696070126,0.44076016078648367,"[11.530597929027934, 6.705821381335026, 5.982534897515069, 5.868930288246103, 5.855257209942506]","[[2, 4], [2, 4], [2, 4], [2, 4]]","[true, true, true, true, true]",0,4.0,0,1,1,"[[7, 7], [7, 7], [7, 7], [7, 7], [7, 7]]","[[9, 9], [9, 9], [9, 9], [9, 9], [9, 9]]","[[2, 2], [2, 2], [2, 2], [2, 2], [2, 2]]","[[1.75, 1.75], [1.75, 1.75], [1.75, 1.75], [1.75, 1.75], [1.75, 1.75]]","[7.0, 7.0]",0.5,0.9997720061066739,0.6602570840000226
03_parameter_sensitivity|learning_rate_0p8|figure_eight--demand_conflict|n0_d1_m0|25002|v11_full,03_parameter_sensitivity,independent_seeded,S25002,25002,figure_eight--demand_conflict,figure_eight,demand_conflict,learning_rate,0.8,12,v11_full,0.25,5,0.8,n0_d1_m0,0.0,4,1.0,10.205787666034217,2.5333410241813374,0.39461937669968605,0.2482259191627634,1.0,0.6666666666666666,2.9412102616826212,0.6443405958086881,0.2190732856480892,"[10.205787666034217, 4.349647289350743, 2.815413424005598, 2.5749812115349475, 2.5333410241813374]","[[1, 4], [2, 4], [2, 4], [2, 4]]","[true, true, true, true, true]",0,4.0,0,1,1,"[[7, 5], [7, 5], [7, 5], [7, 5], [7, 5]]","[[9, 7], [9, 7], [9, 7], [9, 7], [9, 7]]","[[2, 2], [2, 2], [2, 2], [2, 2], [2, 2]]","[[1.75, 1.25], [1.75, 1.25], [1.75, 1.25], [1.75, 1.25], [1.75, 1.25]]","[7.0, 5.0]",1.0,0.9974055758083026,0.6217471670000236
03_parameter_sensitivity|learning_rate_0p8|figure_eight--demand_conflict|n0_d1_m0|25003|v11_full,03_parameter_sensitivity,independent_seeded,S25003,25003,figure_eight--demand_conflict,figure_eight,demand_conflict,learning_rate,0.8,12,v11_full,0.25,5,0.8,n0_d1_m0,0.0,4,1.0,11.943424306382695,6.503230190376549,0.6234713779173031,0.5445029853708833,1.0,1.0,3.434114444626585,1.8513926531029763,0.5391179248553818,"[11.943424306382695, 7.411954413520042, 6.638037157160539, 6.503230190376549, 6.521197846314477]","[[2, 4], [2, 4], [2, 4], [2, 4]]","[true, true, true, true, false]",1,2.0,0,1,1,"[[4, 8], [4, 8], [4, 8], [4, 8], [4, 8]]","[[6, 10], [6, 10], [6, 10], [6, 10], [6, 10]]","[[2, 2], [2, 2], [2, 2], [2, 2], [2, 2]]","[[1.0, 2.0], [1.0, 2.0], [1.0, 2.0], [1.0, 2.0], [1.0, 2.0]]","[4.0, 8.0]",0.5,0.9934131508082016,0.7846795829999564
03_parameter_sensitivity|learning_rate_0p8|figure_eight--demand_conflict|n0_d1_m0|25004|v11_full,03_parameter_sensitivity,independent_seeded,S25004,25004,figure_eight--demand_conflict,figure_eight,demand_conflict,learning_rate,0.8,12,v11_full,0.25,5,0.8,n0_d1_m0,0.0,4,1.0,10.33382828411624,4.872946305752462,0.5601301040696679,0.471552862286525,1.0,0.8333333333333334,2.972442702426152,1.375101110951752,0.4626165240559133,"[10.33382828411624, 5.666491551986093, 5.001100251832175, 4.872946305752462, 4.8914019945031555]","[[2, 4], [2, 4], [2, 4], [2, 4]]","[true, true, true, true, false]",1,2.0,0,1,1,"[[4, 7], [4, 7], [4, 7], [4, 7], [4, 7]]","[[6, 9], [6, 9], [6, 9], [6, 9], [6, 9]]","[[2, 2], [2, 2], [2, 2], [2, 2], [2, 2]]","[[1.0, 1.75], [1.0, 1.75], [1.0, 1.75], [1.0, 1.75], [1.0, 1.75]]","[4.0, 7.0]",0.5,0.9959310625326123,0.6934669999999983
03_parameter_sensitivity|learning_rate_0p8|figure_eight--demand_conflict|n0_d1_m0|25005|v11_full,03_parameter_sensitivity,independent_seeded,S25005,25005,figure_eight--demand_conflict,figure_eight,demand_conflict,learning_rate,0.8,12,v11_full,0.25,5,0.8,n0_d1_m0,0.0,4,1.0,12.65732316490088,7.3328918667633864,0.6517908833549427,0.5793398628785671,1.0,1.0,3.642795192090087,2.0750666945530405,0.569635838725935,"[12.65732316490088, 8.214641157232588, 7.425831441772916, 7.3328918667633864, 7.3953706760391285]","[[2, 4], [2, 4], [2, 4], [2, 4]]","[true, true, true, true, false]",1,2.0,0,1,1,"[[5, 8], [5, 8], [5, 8], [5, 8], [5, 8]]","[[7, 10], [7, 10], [7, 10], [7, 10], [7, 10]]","[[2, 2], [2, 2], [2, 2], [2, 2], [2, 2]]","[[1.25, 2.0], [1.25, 2.0], [1.25, 2.0], [1.25, 2.0], [1.25, 2.0]]","[5.0, 8.0]",0.5,0.9936309927458459,0.8135412500000143
03_parameter_sensitivity|learning_rate_0p8|figure_eight--demand_conflict|n0_d1_m0|25006|v11_full,03_parameter_sensitivity,independent_seeded,S25006,25006,figure_eight--demand_conflict,figure_eight,demand_conflict,learning_rate,0.8,12,v11_full,0.25,5,0.8,n0_d1_m0,0.0,4,1.0,11.568280104852967,5.897445342155555,0.5932130313408339,0.5097944801389741,0.8333333333333334,0.8333333333333334,3.4310419029031243,1.615025712532968,0.47070999370961875,"[11.568280104852967, 6.791873041071613, 6.0180846193453785, 5.897445342155555, 5.916549957199447]","[[2, 4], [2, 4], [2, 4], [2, 4]]","[true, true, true, true, false]",1,2.0,0,1,1,"[[6, 7], [6, 7], [6, 7], [6, 7], [6, 7]]","[[8, 9], [8, 9], [8, 9], [8, 9], [8, 9]]","[[2, 2], [2, 2], [2, 2], [2, 2], [2, 2]]","[[1.5, 1.75], [1.5, 1.75], [1.5, 1.75], [1.5, 1.75], [1.5, 1.75]]","[6.0, 7.0]",1.0,0.9994498598959527,0.7456881250000151
03_parameter_sensitivity|learning_rate_0p8|figure_eight--demand_conflict|n1_d1_m1|25001|v11_full,03_parameter_sensitivity,independent_seeded,S25001,25001,figure_eight--demand_conflict,figure_eight,demand_conflict,learning_rate,0.8,12,v11_full,0.25,5,0.8,n1_d1_m1,0.05,4,1.7,11.677691315437041,6.040327312683154,0.6011463330104054,0.5172535520525611,0.8333333333333334,0.6666666666666666,3.547203318946834,1.6171401573867066,0.4558915889452979,"[11.677691315437041, 6.9453588043392465, 6.224112014219999, 6.051525116590394, 6.040327312683154]","[[2, 4], [2, 4], [2, 4], [2, 4]]","[true, true, true, true, true]",0,4.0,0,1,1,"[[7, 7], [7, 7], [7, 7], [7, 7], [7, 7]]","[[9, 9], [9, 9], [9, 9], [9, 9], [9, 9]]","[[2, 2], [2, 2], [2, 2], [2, 2], [2, 2]]","[[1.75, 1.75], [1.75, 1.75], [1.75, 1.75], [1.75, 1.75], [1.75, 1.75]]","[7.0, 7.0]",0.5,0.9994594788114314,0.7980688749999558
03_parameter_sensitivity|learning_rate_0p8|figure_eight--demand_conflict|n1_d1_m1|25002|v11_full,03_parameter_sensitivity,independent_seeded,S25002,25002,figure_eight--demand_conflict,figure_eight,demand_conflict,learning_rate,0.8,12,v11_full,0.25,5,0.8,n1_d1_m1,0.05,4,1.7,9.444604032109284,1.8413238230346582,0.3524878025850136,0.19496040456271319,1.0,0.5,2.7197966276617676,0.502241711842865,0.1846614951775444,"[9.444604032109284, 3.817079417606098, 2.016947168789332, 1.8413238230346582, 1.8375569215406249]","[[1, 4], [2, 4], [2, 4], [2, 4]]","[true, true, true, true, false]",1,2.0,0,1,1,"[[7, 5], [7, 5], [7, 5], [7, 5], [7, 5]]","[[9, 7], [9, 7], [9, 7], [9, 7], [9, 7]]","[[2, 2], [2, 2], [2, 2], [2, 2], [2, 2]]","[[1.75, 1.25], [1.75, 1.25], [1.75, 1.25], [1.75, 1.25], [1.75, 1.25]]","[7.0, 5.0]",1.0,0.9968770008952643,0.6303263749999815
03_parameter_sensitivity|learning_rate_0p8|figure_eight--demand_conflict|n1_d1_m1|25003|v11_full,03_parameter_sensitivity,independent_seeded,S25003,25003,figure_eight--demand_conflict,figure_eight,demand_conflict,learning_rate,0.8,12,v11_full,0.25,5,0.8,n1_d1_m1,0.05,4,1.7,11.569640299296164,6.137061954051458,0.6101705842233194,0.5304453548503841,1.0,1.0,3.318112372978345,1.750535019211904,0.5275695402807048,"[11.569640299296164, 6.982734780224678, 6.237365131834569, 6.137061954051458, 6.191669413884028]","[[2, 4], [2, 4], [2, 4], [2, 4]]","[true, true, true, true, false]",1,2.0,0,1,1,"[[4, 7], [4, 7], [4, 7], [4, 7], [4, 7]]","[[6, 9], [6, 9], [6, 9], [6, 9], [6, 9]]","[[2, 2], [2, 2], [2, 2], [2, 2], [2, 2]]","[[1.0, 1.75], [1.0, 1.75], [1.0, 1.75], [1.0, 1.75], [1.0, 1.75]]","[4.0, 7.0]",1.0,0.9928052849406194,0.8675463749999608
03_parameter_sensitivity|learning_rate_0p8|figure_eight--demand_conflict|n1_d1_m1|25004|v11_full,03_parameter_sensitivity,independent_seeded,S25004,25004,figure_eight--demand_conflict,figure_eight,demand_conflict,learning_rate,0.8,12,v11_full,0.25,5,0.8,n1_d1_m1,0.05,4,1.7,10.318952142072382,4.795233843568408,0.5543259868014964,0.4647016264391133,1.0,0.8333333333333334,2.9536337273818942,1.3571107867678909,0.45947159059929754,"[10.318952142072382, 5.593351877876572, 4.922925468195029, 4.795233843568408, 4.818532109941101]","[[2, 4], [2, 4], [2, 4], [2, 4]]","[true, true, true, true, false]",1,2.0,0,1,1,"[[4, 7], [4, 7], [4, 7], [4, 7], [4, 7]]","[[6, 9], [6, 9], [6, 9], [6, 9], [6, 9]]","[[2, 2], [2, 2], [2, 2], [2, 2], [2, 2]]","[[1.0, 1.75], [1.0, 1.75], [1.0, 1.75], [1.0, 1.75], [1.0, 1.75]]","[4.0, 7.0]",0.5,0.9949246517559427,0.8007042079999565
03_parameter_sensitivity|learning_rate_0p8|figure_eight--demand_conflict|n1_d1_m1|25005|v11_full,03_parameter_sensitivity,independent_seeded,S25005,25005,figure_eight--demand_conflict,figure_eight,demand_conflict,learning_rate,0.8,12,v11_full,0.25,5,0.8,n1_d1_m1,0.05,4,1.7,13.208865916594977,7.72779066257227,0.6531846692201735,0.5850457345367893,1.0,1.0,3.7822836944178975,2.2271982913943877,0.5888501422252935,"[13.208865916594977, 8.485411120280924, 7.7846816721742815, 7.72779066257227, 7.817996889387787]","[[2, 4], [2, 4], [2, 4], [2, 4]]","[true, true, true, true, false]",1,2.0,0,1,1,"[[4, 8], [4, 8], [4, 8], [4, 8], [4, 8]]","[[6, 10], [6, 10], [6, 10], [6, 10], [6, 10]]","[[2, 2], [2, 2], [2, 2], [2, 2], [2, 2]]","[[1.0, 2.0], [1.0, 2.0], [1.0, 2.0], [1.0, 2.0], [1.0, 2.0]]","[4.0, 8.0]",1.0,0.9894281541669637,0.9915653330000396
03_parameter_sensitivity|learning_rate_0p8|figure_eight--demand_conflict|n1_d1_m1|25006|v11_full,03_parameter_sensitivity,independent_seeded,S25006,25006,figure_eight--demand_conflict,figure_eight,demand_conflict,learning_rate,0.8,12,v11_full,0.25,5,0.8,n1_d1_m1,0.05,4,1.7,10.804689433892133,5.146794365387587,0.5635691105548786,0.47634820018455415,0.6666666666666666,0.8333333333333334,3.190097182857639,1.392535443421134,0.4365181885066343,"[10.804689433892133, 5.976275208634425, 5.27509382465292, 5.129645923393931, 5.146794365387587]","[[2, 4], [2, 4], [2, 4], [2, 4]]","[true, true, true, true, true]",0,4.0,0,1,1,"[[6, 7], [6, 7], [6, 7], [6, 7], [6, 7]]","[[8, 9], [8, 9], [8, 9], [8, 9], [8, 9]]","[[2, 2], [2, 2], [2, 2], [2, 2], [2, 2]]","[[1.5, 1.75], [1.5, 1.75], [1.5, 1.75], [1.5, 1.75], [1.5, 1.75]]","[6.0, 7.0]",1.0,0.999178602968344,0.943753417000039
03_parameter_sensitivity|learning_rate_0p8|harmonic_loop--demand_conflict|n0_d1_m0|25001|v11_full,03_parameter_sensitivity,independent_seeded,S25001,25001,harmonic_loop--demand_conflict,harmonic_loop,demand_conflict,learning_rate,0.8,12,v11_full,0.25,5,0.8,n0_d1_m0,0.0,4,1.0,8.99889140222643,3.0300015553419284,0.5412796842365809,0.33670831438106597,1.0,0.8333333333333334,2.4660513006353546,1.0976145632380432,0.4450899147780313,"[8.99889140222643, 5.6516593462931635, 4.372855895675405, 3.0300015553419284, 3.8594117765638165]","[[2, 3], [3, 4], [3, 4], [2, 3]]","[true, true, true, true, false]",1,2.0,0,1,1,"[[7, 7], [7, 7], [7, 7], [7, 7], [7, 7]]","[[9, 9], [9, 9], [9, 9], [9, 9], [9, 9]]","[[2, 2], [2, 2], [2, 2], [2, 2], [2, 2]]","[[1.75, 1.75], [1.75, 1.75], [1.75, 1.75], [1.75, 1.75], [1.75, 1.75]]","[7.0, 7.0]",0.5,0.9997716424306144,0.6397428330000139
03_parameter_sensitivity|learning_rate_0p8|harmonic_loop--demand_conflict|n0_d1_m0|25002|v11_full,03_parameter_sensitivity,independent_seeded,S25002,25002,harmonic_loop--demand_conflict,harmonic_loop,demand_conflict,learning_rate,0.8,12,v11_full,0.25,5,0.8,n0_d1_m0,0.0,4,1.0,8.1760226882683,1.307748382134199,0.4285105376012641,0.15994921149260938,0.8333333333333334,0.6666666666666666,2.039212942951675,0.47627581456954976,0.23355864634723264,"[8.1760226882683, 4.451135624179015, 2.953599708335461, 1.8674266426442023, 1.307748382134199]","[[2, 3], [3, 4], [2, 4], [3, 4]]","[true, true, true, true, true]",0,4.0,0,1,1,"[[7, 5], [7, 5], [7, 5], [7, 5], [7, 5]]","[[9, 7], [9, 7], [9, 7], [9, 7], [9, 7]]","[[2, 2], [2, 2], [2, 2], [2, 2], [2, 2]]","[[1.75, 1.25], [1.75, 1.25], [1.75, 1.25], [1.75, 1.25], [1.75, 1.25]]","[7.0, 5.0]",1.0,0.9971573319963283,0.49347654199999624
03_parameter_sensitivity|learning_rate_0p8|harmonic_loop--demand_conflict|n0_d1_m0|25003|v11_full,03_parameter_sensitivity,independent_seeded,S25003,25003,harmonic_loop--demand_conflict,harmonic_loop,demand_conflict,learning_rate,0.8,12,v11_full,0.25,5,0.8,n0_d1_m0,0.0,4,1.0,8.574357152477088,4.249752084966192,0.6184930405443936,0.4956350673751047,0.8333333333333334,0.8333333333333334,2.19461231466453,1.2364674476041315,0.5634104207572255,"[8.574357152477088, 5.1856299407407445, 5.173490229842396, 4.249752084966192, 4.633340144017224]","[[2, 3], [1, 3], [3, 4], [1, 3]]","[true, true, true, true, false]",1,2.0,0,1,1,"[[4, 7], [4, 7], [4, 7], [4, 7], [4, 7]]","[[6, 9], [6, 9], [6, 9], [6, 9], [6, 9]]","[[2, 2], [2, 2], [2, 2], [2, 2], [2, 2]]","[[1.0, 1.75], [1.0, 1.75], [1.0, 1.75], [1.0, 1.75], [1.0, 1.75]]","[4.0, 7.0]",1.0,0.995219486186679,0.6118477499999813
03_parameter_sensitivity|learning_rate_0p8|harmonic_loop--demand_conflict|n0_d1_m0|25004|v11_full,03_parameter_sensitivity,independent_seeded,S25004,25004,harmonic_loop--demand_conflict,harmonic_loop,demand_conflict,learning_rate,0.8,12,v11_full,0.25,5,0.8,n0_d1_m0,0.0,4,1.0,7.397759230051182,2.690336700284486,0.5289832037397539,0.3636691350207504,1.0,0.8333333333333334,1.9138760484106219,0.9813718741656731,0.5127666836003582,"[7.397759230051182, 4.309907271905911, 3.122045430881161, 2.690336700284486, 3.663984987868182]","[[2, 3], [3, 4], [3, 4], [1, 3]]","[true, true, true, true, false]",1,2.0,0,1,1,"[[4, 7], [4, 7], [4, 7], [4, 7], [4, 7]]","[[6, 9], [6, 9], [6, 9], [6, 9], [6, 9]]","[[2, 2], [2, 2], [2, 2], [2, 2], [2, 2]]","[[1.0, 1.75], [1.0, 1.75], [1.0, 1.75], [1.0, 1.75], [1.0, 1.75]]","[4.0, 7.0]",0.5,0.9966540925672511,0.5685776669999996
03_parameter_sensitivity|learning_rate_0p8|harmonic_loop--demand_conflict|n0_d1_m0|25005|v11_full,03_parameter_sensitivity,independent_seeded,S25005,25005,harmonic_loop--demand_conflict,harmonic_loop,demand_conflict,learning_rate,0.8,12,v11_full,0.25,5,0.8,n0_d1_m0,0.0,4,1.0,9.152116894160674,5.815697299807864,0.6875021332893926,0.6354483194503835,1.0,0.8333333333333334,2.3500559742655738,1.6120526246007094,0.6859635014031948,"[9.152116894160674, 5.815697299807864, 5.926326918558637, 5.926326918558637, 5.84797994278387]","[[2, 3], [1, 3], [1, 3], [1, 3]]","[true, true, false, false, false]",3,0.5,0,1,1,"[[5, 8], [5, 8], [5, 8], [5, 8], [5, 8]]","[[7, 10], [7, 10], [7, 10], [7, 10], [7, 10]]","[[2, 2], [2, 2], [2, 2], [2, 2], [2, 2]]","[[1.25, 2.0], [1.25, 2.0], [1.25, 2.0], [1.25, 2.0], [1.25, 2.0]]","[5.0, 8.0]",0.5,0.99443832232754,0.592353959000036
03_parameter_sensitivity|learning_rate_0p8|harmonic_loop--demand_conflict|n0_d1_m0|25006|v11_full,03_parameter_sensitivity,independent_seeded,S25006,25006,harmonic_loop--demand_conflict,harmonic_loop,demand_conflict,learning_rate,0.8,12,v11_full,0.25,5,0.8,n0_d1_m0,0.0,4,1.0,8.536642392877095,3.416573425300559,0.5617182470952378,0.40022449905495866,1.0,0.6666666666666666,2.3239425180567728,1.145196421948717,0.4927817332187303,"[8.536642392877095, 5.4564134013990335, 4.080068626967887, 3.416573425300559, 3.918749107834481]","[[2, 3], [3, 4], [3, 4], [2, 3]]","[true, true, true, true, false]",1,2.0,0,1,1,"[[6, 7], [6, 7], [6, 7], [6, 7], [6, 7]]","[[8, 9], [8, 9], [8, 9], [8, 9], [8, 9]]","[[2, 2], [2, 2], [2, 2], [2, 2], [2, 2]]","[[1.5, 1.75], [1.5, 1.75], [1.5, 1.75], [1.5, 1.75], [1.5, 1.75]]","[6.0, 7.0]",1.0,0.9995409038039256,0.5926978749999989
03_parameter_sensitivity|learning_rate_0p8|harmonic_loop--demand_conflict|n1_d1_m1|25001|v11_full,03_parameter_sensitivity,independent_seeded,S25001,25001,harmonic_loop--demand_conflict,harmonic_loop,demand_conflict,learning_rate,0.8,12,v11_full,0.25,5,0.8,n1_d1_m1,0.05,4,1.7,8.86701486508597,3.4221080273906237,0.5915779133123393,0.3859368772308294,1.0,0.8333333333333334,2.4949899882297855,1.2705399412004248,0.5092364888012567,"[8.86701486508597, 6.050805075142043, 4.8151430088751805, 3.4221080273906237, 4.521114121674752]","[[2, 3], [3, 4], [3, 4], [2, 3]]","[true, true, true, true, false]",1,2.0,0,1,1,"[[7, 7], [7, 7], [7, 7], [7, 7], [7, 7]]","[[9, 9], [9, 9], [9, 9], [9, 9], [9, 9]]","[[2, 2], [2, 2], [2, 2], [2, 2], [2, 2]]","[[1.75, 1.75], [1.75, 1.75], [1.75, 1.75], [1.75, 1.75], [1.75, 1.75]]","[7.0, 7.0]",0.5,0.998962813902644,0.7750730839999846
03_parameter_sensitivity|learning_rate_0p8|harmonic_loop--demand_conflict|n1_d1_m1|25002|v11_full,03_parameter_sensitivity,independent_seeded,S25002,25002,harmonic_loop--demand_conflict,harmonic_loop,demand_conflict,learning_rate,0.8,12,v11_full,0.25,5,0.8,n1_d1_m1,0.05,4,1.7,7.544353028411633,1.064373116640154,0.4175080845706091,0.14108209314062867,0.8333333333333334,0.3333333333333333,1.8750192561065957,0.3905913936867247,0.20831327060489632,"[7.544353028411633, 4.067553192294278, 2.5788076854285245, 1.6485895786177642, 1.064373116640154]","[[2, 3], [3, 4], [2, 4], [3, 4]]","[true, true, true, true, true]",0,4.0,0,1,1,"[[7, 5], [7, 5], [7, 5], [7, 5], [7, 5]]","[[9, 7], [9, 7], [9, 7], [9, 7], [9, 7]]","[[2, 2], [2, 2], [2, 2], [2, 2], [2, 2]]","[[1.75, 1.25], [1.75, 1.25], [1.75, 1.25], [1.75, 1.25], [1.75, 1.25]]","[7.0, 5.0]",1.0,0.9974917818692632,0.5706369160000122
03_parameter_sensitivity|learning_rate_0p8|harmonic_loop--demand_conflict|n1_d1_m1|25003|v11_full,03_parameter_sensitivity,independent_seeded,S25003,25003,harmonic_loop--demand_conflict,harmonic_loop,demand_conflict,learning_rate,0.8,12,v11_full,0.25,5,0.8,n1_d1_m1,0.05,4,1.7,8.238858540839244,4.8163603125630825,0.667954986702487,0.5845907280345741,0.8333333333333334,0.6666666666666666,2.1077823925540953,1.4112735820837732,0.6695537390715505,"[8.238858540839244, 4.8163603125630825, 5.237759949876444, 5.237759949876444, 5.202874211248407]","[[2, 3], [1, 3], [1, 3], [1, 3]]","[true, true, false, false, false]",3,0.5,0,1,1,"[[4, 7], [4, 7], [4, 7], [4, 7], [4, 7]]","[[6, 9], [6, 9], [6, 9], [6, 9], [6, 9]]","[[2, 2], [2, 2], [2, 2], [2, 2], [2, 2]]","[[1.0, 1.75], [1.0, 1.75], [1.0, 1.75], [1.0, 1.75], [1.0, 1.75]]","[4.0, 7.0]",1.0,0.9948912275676092,0.7387698329999921
03_parameter_sensitivity|learning_rate_0p8|harmonic_loop--demand_conflict|n1_d1_m1|25004|v11_full,03_parameter_sensitivity,independent_seeded,S25004,25004,harmonic_loop--demand_conflict,harmonic_loop,demand_conflict,learning_rate,0.8,12,v11_full,0.25,5,0.8,n1_d1_m1,0.05,4,1.7,7.294331283118729,2.5646323504562467,0.5393691562318621,0.3515925245116815,1.0,0.8333333333333334,1.8835316528462713,0.9862775431482799,0.5236320513424242,"[7.294331283118729, 4.5774177695379805, 3.371198690523142, 2.859250960957091, 2.5646323504562467]","[[2, 3], [3, 4], [3, 4], [3, 4]]","[true, true, true, true, true]",0,4.0,0,1,1,"[[4, 7], [4, 7], [4, 7], [4, 7], [4, 7]]","[[6, 9], [6, 9], [6, 9], [6, 9], [6, 9]]","[[2, 2], [2, 2], [2, 2], [2, 2], [2, 2]]","[[1.0, 1.75], [1.0, 1.75], [1.0, 1.75], [1.0, 1.75], [1.0, 1.75]]","[4.0, 7.0]",0.5,0.9957062210460037,0.6399817909999683
03_parameter_sensitivity|learning_rate_0p8|harmonic_loop--demand_conflict|n1_d1_m1|25005|v11_full,03_parameter_sensitivity,independent_seeded,S25005,25005,harmonic_loop--demand_conflict,harmonic_loop,demand_conflict,learning_rate,0.8,12,v11_full,0.25,5,0.8,n1_d1_m1,0.05,4,1.7,9.516513563736712,6.2231332287531025,0.757837962724117,0.6539299489328478,0.8333333333333334,0.8333333333333334,2.420289824794433,1.749034902906776,0.7226551485648335,"[9.516513563736712, 6.2231332287531025, 7.180560008267879, 7.183236958492743, 7.005428056265091]","[[2, 3], [1, 3], [1, 3], [1, 3]]","[true, true, false, false, false]",3,0.5,0,1,1,"[[4, 8], [5, 8], [5, 8], [5, 8], [5, 8]]","[[6, 10], [7, 10], [7, 10], [7, 10], [7, 10]]","[[2, 2], [2, 2], [2, 2], [2, 2], [2, 2]]","[[1.0, 2.0], [1.125, 2.0], [1.25, 2.0], [1.25, 2.0], [1.25, 2.0]]","[5.0, 8.0]",0.5,0.9912381672340589,0.7535871250000241
03_parameter_sensitivity|learning_rate_0p8|harmonic_loop--demand_conflict|n1_d1_m1|25006|v11_full,03_parameter_sensitivity,independent_seeded,S25006,25006,harmonic_loop--demand_conflict,harmonic_loop,demand_conflict,learning_rate,0.8,12,v11_full,0.25,5,0.8,n1_d1_m1,0.05,4,1.7,7.923445882788174,2.8238246379783707,0.5569301986732829,0.3563884551937771,1.0,0.6666666666666666,2.1567230813337837,1.0272660945379355,0.476308759074736,"[7.923445882788174, 5.149897637565993, 3.8197464490632163, 2.8238246379783707, 3.792066985422456]","[[2, 3], [3, 4], [3, 4], [2, 3]]","[true, true, true, true, false]",1,2.0,0,1,1,"[[6, 7], [6, 7], [6, 7], [6, 7], [6, 7]]","[[8, 9], [8, 9], [8, 9], [8, 9], [8, 9]]","[[2, 2], [2, 2], [2, 2], [2, 2], [2, 2]]","[[1.5, 1.75], [1.5, 1.75], [1.5, 1.75], [1.5, 1.75], [1.5, 1.75]]","[6.0, 7.0]",1.0,0.9992789641388516,0.6974413339999614
03_parameter_sensitivity|learning_rate_0p8|rounded_square--demand_conflict|n0_d1_m0|25001|v11_full,03_parameter_sensitivity,independent_seeded,S25001,25001,rounded_square--demand_conflict,rounded_square,demand_conflict,learning_rate,0.8,12,v11_full,0.25,5,0.8,n0_d1_m0,0.0,4,1.0,12.878324196240044,8.958258269919535,0.7663229763540256,0.6956074512035493,1.0,0.8333333333333334,2.734247150516419,1.9964048081859886,0.73014789749673,"[12.878324196240044, 9.713836524497493, 9.561106023319045, 9.282589133162615, 8.958258269919535]","[[1, 2], [2, 3], [2, 4], [2, 3]]","[true, true, true, true, true]",0,4.0,0,1,1,"[[7, 7], [7, 7], [7, 7], [7, 7], [7, 7]]","[[9, 9], [9, 9], [9, 9], [9, 9], [9, 9]]","[[2, 2], [2, 2], [2, 2], [2, 2], [2, 2]]","[[1.75, 1.75], [1.75, 1.75], [1.75, 1.75], [1.75, 1.75], [1.75, 1.75]]","[7.0, 7.0]",0.5,0.9996046046129193,0.6490072089999899
03_parameter_sensitivity|learning_rate_0p8|rounded_square--demand_conflict|n0_d1_m0|25002|v11_full,03_parameter_sensitivity,independent_seeded,S25002,25002,rounded_square--demand_conflict,rounded_square,demand_conflict,learning_rate,0.8,12,v11_full,0.25,5,0.8,n0_d1_m0,0.0,4,1.0,10.609358139352715,8.38206713989048,0.9361651143140008,0.7900635485948331,0.8333333333333334,0.8333333333333334,2.4987575237146307,1.7874803306001994,0.7153476532380569,"[10.609358139352715, 10.9942121397881, 10.070333180759206, 8.38206713989048, 9.954304742374184]","[[2, 4], [2, 4], [2, 3], [2, 4]]","[true, false, true, true, false]",2,1.3224999999999998,0,1,1,"[[7, 5], [7, 5], [7, 5], [7, 5], [7, 5]]","[[9, 7], [9, 7], [9, 7], [9, 7], [9, 7]]","[[2, 2], [2, 2], [2, 2], [2, 2], [2, 2]]","[[1.75, 1.25], [1.75, 1.25], [1.75, 1.25], [1.75, 1.25], [1.75, 1.25]]","[7.0, 5.0]",1.0,0.9965311132208208,0.6375205420000043
03_parameter_sensitivity|learning_rate_0p8|rounded_square--demand_conflict|n0_d1_m0|25003|v11_full,03_parameter_sensitivity,independent_seeded,S25003,25003,rounded_square--demand_conflict,rounded_square,demand_conflict,learning_rate,0.8,12,v11_full,0.25,5,0.8,n0_d1_m0,0.0,4,1.0,12.667453428070658,7.512552863228731,0.6562495328748804,0.5930594421275835,1.0,0.8333333333333334,2.9130061268567298,1.9108571847556322,0.6559743102282921,"[12.667453428070658, 7.921816260345176, 7.512552863228731, 7.655963827955633, 7.655963827955633]","[[1, 4], [2, 4], [1, 4], [1, 4]]","[true, true, true, false, false]",2,1.0,0,1,1,"[[4, 7], [4, 7], [4, 7], [4, 7], [4, 7]]","[[6, 9], [6, 9], [6, 9], [6, 9], [6, 9]]","[[2, 2], [2, 2], [2, 2], [2, 2], [2, 2]]","[[1.0, 1.75], [1.0, 1.75], [1.0, 1.75], [1.0, 1.75], [1.0, 1.75]]","[4.0, 7.0]",1.0,0.991224627226254,0.6418075830000021
03_parameter_sensitivity|learning_rate_0p8|rounded_square--demand_conflict|n0_d1_m0|25004|v11_full,03_parameter_sensitivity,independent_seeded,S25004,25004,rounded_square--demand_conflict,rounded_square,demand_conflict,learning_rate,0.8,12,v11_full,0.25,5,0.8,n0_d1_m0,0.0,4,1.0,10.936409882598811,5.947106964736214,0.6377798567270516,0.54378969228273,1.0,0.8333333333333334,2.4692788937523678,1.6129400584494842,0.6532028692791468,"[10.936409882598811, 6.163593652652913, 6.858478361565371, 6.436257274242928, 5.947106964736214]","[[1, 4], [2, 4], [2, 4], [2, 4]]","[true, true, false, false, true]",2,1.15,0,1,1,"[[4, 7], [4, 7], [4, 7], [4, 7], [4, 7]]","[[6, 9], [6, 9], [6, 9], [6, 9], [6, 9]]","[[2, 2], [2, 2], [2, 2], [2, 2], [2, 2]]","[[1.0, 1.75], [1.0, 1.75], [1.0, 1.75], [1.0, 1.75], [1.0, 1.75]]","[4.0, 7.0]",0.5,0.9942102241762097,0.9904735829999822
03_parameter_sensitivity|learning_rate_0p8|rounded_square--demand_conflict|n0_d1_m0|25005|v11_full,03_parameter_sensitivity,independent_seeded,S25005,25005,rounded_square--demand_conflict,rounded_square,demand_conflict,learning_rate,0.8,12,v11_full,0.25,5,0.8,n0_d1_m0,0.0,4,1.0,13.449428834251158,8.56126984424023,0.69486933110847,0.6365526707303409,1.0,0.8333333333333334,3.021275814696837,2.0902248544810367,0.6918351658968864,"[13.449428834251158, 8.933927802207025, 8.56126984424023, 8.774980271876974, 8.774980271876974]","[[1, 4], [2, 4], [1, 4], [1, 4]]","[true, true, true, false, false]",2,1.0,0,1,1,"[[5, 8], [5, 8], [5, 8], [5, 8], [5, 8]]","[[7, 10], [7, 10], [7, 10], [7, 10], [7, 10]]","[[2, 2], [2, 2], [2, 2], [2, 2], [2, 2]]","[[1.25, 2.0], [1.25, 2.0], [1.25, 2.0], [1.25, 2.0], [1.25, 2.0]]","[5.0, 8.0]",0.5,0.9916561646588289,0.7497825830000124
03_parameter_sensitivity|learning_rate_0p8|rounded_square--demand_conflict|n0_d1_m0|25006|v11_full,03_parameter_sensitivity,independent_seeded,S25006,25006,rounded_square--demand_conflict,rounded_square,demand_conflict,learning_rate,0.8,12,v11_full,0.25,5,0.8,n0_d1_m0,0.0,4,1.0,12.668752557348686,8.74791032140465,0.7454361724896081,0.6905107887935109,1.0,0.8333333333333334,2.6027135139067417,2.0135807775165424,0.77364672168398,"[12.668752557348686, 8.74791032140465, 9.090154943587773, 9.090154943587773, 9.024778358034435]","[[1, 2], [2, 4], [2, 4], [2, 4]]","[true, true, false, false, false]",3,0.5,0,1,1,"[[6, 7], [6, 7], [6, 7], [6, 7], [6, 7]]","[[8, 9], [8, 9], [8, 9], [8, 9], [8, 9]]","[[2, 2], [2, 2], [2, 2], [2, 2], [2, 2]]","[[1.5, 1.75], [1.5, 1.75], [1.5, 1.75], [1.5, 1.75], [1.5, 1.75]]","[6.0, 7.0]",1.0,0.9992654928972846,0.7192269160000251
03_parameter_sensitivity|learning_rate_0p8|rounded_square--demand_conflict|n1_d1_m1|25001|v11_full,03_parameter_sensitivity,independent_seeded,S25001,25001,rounded_square--demand_conflict,rounded_square,demand_conflict,learning_rate,0.8,12,v11_full,0.25,5,0.8,n1_d1_m1,0.05,4,1.7,13.018710329567652,9.134830778386346,0.7736104900098909,0.7016694086540685,1.0,0.8333333333333334,2.7142490987481973,2.179887423380083,0.8031272532743733,"[13.018710329567652, 9.134830778386346, 9.886057220653466, 9.886057220653466, 9.738686249875075]","[[1, 2], [2, 4], [2, 4], [2, 4]]","[true, true, false, false, false]",3,0.5,0,1,1,"[[7, 7], [7, 7], [7, 7], [7, 7], [7, 7]]","[[9, 9], [9, 9], [9, 9], [9, 9], [9, 9]]","[[2, 2], [2, 2], [2, 2], [2, 2], [2, 2]]","[[1.75, 1.75], [1.75, 1.75], [1.75, 1.75], [1.75, 1.75], [1.75, 1.75]]","[7.0, 7.0]",0.5,0.9994240292499459,0.7891582080000035
03_parameter_sensitivity|learning_rate_0p8|rounded_square--demand_conflict|n1_d1_m1|25002|v11_full,03_parameter_sensitivity,independent_seeded,S25002,25002,rounded_square--demand_conflict,rounded_square,demand_conflict,learning_rate,0.8,12,v11_full,0.25,5,0.8,n1_d1_m1,0.05,4,1.7,9.938895279283194,7.666171159261303,0.9228515697994056,0.7713303082326265,0.8333333333333334,0.8333333333333334,2.3335768553918896,1.625299347875453,0.696484173692453,"[9.938895279283194, 10.1140686284545, 9.42586559197336, 7.666171159261303, 9.02589484580567]","[[2, 4], [2, 4], [2, 3], [2, 4]]","[true, false, true, true, false]",2,1.3224999999999998,0,1,1,"[[7, 5], [7, 5], [7, 5], [7, 5], [7, 5]]","[[9, 7], [9, 7], [9, 7], [9, 7], [9, 7]]","[[2, 2], [2, 2], [2, 2], [2, 2], [2, 2]]","[[1.75, 1.25], [1.75, 1.25], [1.75, 1.25], [1.75, 1.25], [1.75, 1.25]]","[7.0, 5.0]",1.0,0.9966381772928059,0.7972052499999904
03_parameter_sensitivity|learning_rate_0p8|rounded_square--demand_conflict|n1_d1_m1|25003|v11_full,03_parameter_sensitivity,independent_seeded,S25003,25003,rounded_square--demand_conflict,rounded_square,demand_conflict,learning_rate,0.8,12,v11_full,0.25,5,0.8,n1_d1_m1,0.05,4,1.7,12.197438303545976,7.01942705456682,0.6404939615885297,0.5754837105858669,1.0,0.8333333333333334,2.8509579756317676,1.8189196737072395,0.6380029762817426,"[12.197438303545976, 7.391735668396624, 7.01942705456682, 7.159773630895277, 7.159773630895277]","[[1, 4], [2, 4], [1, 4], [1, 4]]","[true, true, true, false, false]",2,1.0,0,1,1,"[[4, 7], [4, 7], [4, 7], [4, 7], [4, 7]]","[[6, 9], [6, 9], [6, 9], [6, 9], [6, 9]]","[[2, 2], [2, 2], [2, 2], [2, 2], [2, 2]]","[[1.0, 1.75], [1.0, 1.75], [1.0, 1.75], [1.0, 1.75], [1.0, 1.75]]","[4.0, 7.0]",1.0,0.9910815186839268,0.7985624170000278
03_parameter_sensitivity|learning_rate_0p8|rounded_square--demand_conflict|n1_d1_m1|25004|v11_full,03_parameter_sensitivity,independent_seeded,S25004,25004,rounded_square--demand_conflict,rounded_square,demand_conflict,learning_rate,0.8,12,v11_full,0.25,5,0.8,n1_d1_m1,0.05,4,1.7,10.811479195275698,5.752910243875258,0.6160320133757562,0.5321112994777913,1.0,0.8333333333333334,2.5216385907499954,1.6155147712603777,0.6406607105342107,"[10.811479195275698, 5.967808752387905, 6.424577069067109, 5.966288643912663, 5.752910243875258]","[[1, 4], [2, 4], [2, 4], [2, 4]]","[true, true, false, false, true]",2,1.15,0,1,1,"[[4, 7], [4, 7], [4, 7], [4, 7], [4, 7]]","[[6, 9], [6, 9], [6, 9], [6, 9], [6, 9]]","[[2, 2], [2, 2], [2, 2], [2, 2], [2, 2]]","[[1.0, 1.75], [1.0, 1.75], [1.0, 1.75], [1.0, 1.75], [1.0, 1.75]]","[4.0, 7.0]",0.5,0.9925815628410793,0.8050449579999963
03_parameter_sensitivity|learning_rate_0p8|rounded_square--demand_conflict|n1_d1_m1|25005|v11_full,03_parameter_sensitivity,independent_seeded,S25005,25005,rounded_square--demand_conflict,rounded_square,demand_conflict,learning_rate,0.8,12,v11_full,0.25,5,0.8,n1_d1_m1,0.05,4,1.7,13.809962620752362,8.893722301355513,0.6946985691098365,0.6440077026704498,1.0,0.8333333333333334,3.3028687880947087,2.3349883669767855,0.7069576531145658,"[13.809962620752362, 9.191541978007608, 8.92875901552288, 8.90290163380355, 8.893722301355513]","[[1, 4], [1, 4], [1, 4], [1, 4]]","[true, true, true, true, true]",0,4.0,0,1,1,"[[4, 8], [4, 8], [4, 8], [4, 8], [4, 8]]","[[6, 10], [6, 10], [6, 10], [6, 10], [6, 10]]","[[2, 2], [2, 2], [2, 2], [2, 2], [2, 2]]","[[1.0, 2.0], [1.0, 2.0], [1.0, 2.0], [1.0, 2.0], [1.0, 2.0]]","[4.0, 8.0]",1.0,0.9864778556328477,0.8053878339999869
03_parameter_sensitivity|learning_rate_0p8|rounded_square--demand_conflict|n1_d1_m1|25006|v11_full,03_parameter_sensitivity,independent_seeded,S25006,25006,rounded_square--demand_conflict,rounded_square,demand_conflict,learning_rate,0.8,12,v11_full,0.25,5,0.8,n1_d1_m1,0.05,4,1.7,11.789988627730645,8.256739437335145,0.7452371430098444,0.7003178457623682,1.0,0.8333333333333334,2.4148354352553416,1.7392507644058657,0.7202357307722542,"[11.789988627730645, 8.240355802350892, 8.440814964655193, 8.440814964655193, 8.256739437335145]","[[1, 2], [2, 4], [2, 4], [2, 4]]","[true, true, false, false, true]",2,1.15,0,1,1,"[[6, 7], [6, 7], [6, 7], [6, 7], [6, 7]]","[[8, 9], [8, 9], [8, 9], [8, 9], [8, 9]]","[[2, 2], [2, 2], [2, 2], [2, 2], [2, 2]]","[[1.5, 1.75], [1.5, 1.75], [1.5, 1.75], [1.5, 1.75], [1.5, 1.75]]","[6.0, 7.0]",1.0,0.9987986679951266,0.8090733749999686
03_parameter_sensitivity|learning_rate_0p8|s_curve--demand_conflict|n0_d1_m0|25001|v11_full,03_parameter_sensitivity,independent_seeded,S25001,25001,s_curve--demand_conflict,s_curve,demand_conflict,learning_rate,0.8,12,v11_full,0.25,5,0.8,n0_d1_m0,0.0,4,1.0,5.889184724160488,1.0216458393903194,0.40057177664346105,0.1734783144429141,0.8333333333333334,0.16666666666666666,1.4287283043904688,0.7798995745536026,0.5458697585516984,"[5.889184724160488, 3.130602816618063, 1.7005592469150133, 1.1495874064455103, 1.0216458393903194]","[[2, 4], [2, 4], [2, 4], [2, 4]]","[true, true, true, true, true]",0,4.0,0,1,1,"[[7, 7], [7, 7], [7, 7], [7, 7], [7, 7]]","[[9, 9], [9, 9], [9, 9], [9, 9], [9, 9]]","[[2, 2], [2, 2], [2, 2], [2, 2], [2, 2]]","[[1.75, 1.75], [1.75, 1.75], [1.75, 1.75], [1.75, 1.75], [1.75, 1.75]]","[7.0, 7.0]",0.5,0.9994198920009987,0.5945566249999956
03_parameter_sensitivity|learning_rate_0p8|s_curve--demand_conflict|n0_d1_m0|25002|v11_full,03_parameter_sensitivity,independent_seeded,S25002,25002,s_curve--demand_conflict,s_curve,demand_conflict,learning_rate,0.8,12,v11_full,0.25,5,0.8,n0_d1_m0,0.0,4,1.0,4.161383072292191,0.4105709351159331,0.3211029934359894,0.0986621341951537,0.6666666666666666,0.0,1.147711003813104,0.3716085175776693,0.3237823078658771,"[4.161383072292191, 1.6894774089863698, 0.8619448026746761, 0.5075310300223985, 0.4105709351159331]","[[2, 4], [2, 4], [2, 4], [2, 4]]","[true, true, true, true, true]",0,4.0,0,1,1,"[[7, 5], [7, 5], [7, 5], [7, 5], [7, 5]]","[[9, 7], [9, 7], [9, 7], [9, 7], [9, 7]]","[[2, 2], [2, 2], [2, 2], [2, 2], [2, 2]]","[[1.75, 1.25], [1.75, 1.25], [1.75, 1.25], [1.75, 1.25], [1.75, 1.25]]","[7.0, 5.0]",1.0,0.9960893800527207,0.5056825839999988
03_parameter_sensitivity|learning_rate_0p8|s_curve--demand_conflict|n0_d1_m0|25003|v11_full,03_parameter_sensitivity,independent_seeded,S25003,25003,s_curve--demand_conflict,s_curve,demand_conflict,learning_rate,0.8,12,v11_full,0.25,5,0.8,n0_d1_m0,0.0,4,1.0,7.045089738078795,1.888087333858629,0.4458489163624739,0.268000466147861,1.0,0.16666666666666666,1.4769385389837075,0.8725521533826425,0.5907843355371118,"[7.045089738078795, 3.580771364822981, 2.4661419096406116, 2.0506806911629574, 1.888087333858629]","[[2, 4], [3, 4], [2, 4], [2, 4]]","[true, true, true, true, true]",0,4.0,0,1,1,"[[4, 7], [4, 7], [4, 7], [4, 7], [4, 7]]","[[6, 9], [6, 9], [6, 9], [6, 9], [6, 9]]","[[2, 2], [2, 2], [2, 2], [2, 2], [2, 2]]","[[1.0, 1.75], [1.0, 1.75], [1.0, 1.75], [1.0, 1.75], [1.0, 1.75]]","[4.0, 7.0]",1.0,0.9907668603311311,0.6227617909999594
03_parameter_sensitivity|learning_rate_0p8|s_curve--demand_conflict|n0_d1_m0|25004|v11_full,03_parameter_sensitivity,independent_seeded,S25004,25004,s_curve--demand_conflict,s_curve,demand_conflict,learning_rate,0.8,12,v11_full,0.25,5,0.8,n0_d1_m0,0.0,4,1.0,5.9434022494458185,0.6995159776746148,0.35172601398565734,0.11769621982759788,1.0,0.0,1.271164962007702,0.6988355449093446,0.549759917710122,"[5.9434022494458185, 2.7835613120064444, 1.3326549691080367, 0.9241213361691711, 0.6995159776746148]","[[2, 4], [3, 4], [2, 4], [2, 4]]","[true, true, true, true, true]",0,4.0,0,1,1,"[[4, 7], [4, 7], [4, 7], [4, 7], [4, 7]]","[[6, 9], [6, 9], [6, 9], [6, 9], [6, 9]]","[[2, 2], [2, 2], [2, 2], [2, 2], [2, 2]]","[[1.0, 1.75], [1.0, 1.75], [1.0, 1.75], [1.0, 1.75], [1.0, 1.75]]","[4.0, 7.0]",0.5,0.9944582949616974,0.5762863330000414
03_parameter_sensitivity|learning_rate_0p8|s_curve--demand_conflict|n0_d1_m0|25005|v11_full,03_parameter_sensitivity,independent_seeded,S25005,25005,s_curve--demand_conflict,s_curve,demand_conflict,learning_rate,0.8,12,v11_full,0.25,5,0.8,n0_d1_m0,0.0,4,1.0,7.462057935954583,2.4456691473019494,0.49701702082782045,0.32774727404861503,1.0,0.16666666666666666,1.576170369395593,0.9786155341771524,0.620881824185299,"[7.462057935954583, 4.1653821940654305, 3.0983460729171943, 2.617487409680077, 2.4456691473019494]","[[2, 4], [3, 4], [2, 4], [2, 4]]","[true, true, true, true, true]",0,4.0,0,1,1,"[[5, 8], [5, 8], [5, 8], [5, 8], [5, 8]]","[[7, 10], [7, 10], [7, 10], [7, 10], [7, 10]]","[[2, 2], [2, 2], [2, 2], [2, 2], [2, 2]]","[[1.25, 2.0], [1.25, 2.0], [1.25, 2.0], [1.25, 2.0], [1.25, 2.0]]","[5.0, 8.0]",0.5,0.9905145309065557,0.7295552909999969
03_parameter_sensitivity|learning_rate_0p8|s_curve--demand_conflict|n0_d1_m0|25006|v11_full,03_parameter_sensitivity,independent_seeded,S25006,25006,s_curve--demand_conflict,s_curve,demand_conflict,learning_rate,0.8,12,v11_full,0.25,5,0.8,n0_d1_m0,0.0,4,1.0,6.272329677264286,1.4046388860441206,0.437401788809762,0.22394213287857062,0.6666666666666666,0.16666666666666666,1.420736810112284,0.8143510829059137,0.5731892614519882,"[6.272329677264286, 3.364663917129441, 2.199693740014969, 1.5712709445612103, 1.4046388860441206]","[[2, 4], [3, 4], [2, 4], [2, 4]]","[true, true, true, true, true]",0,4.0,0,1,1,"[[6, 7], [6, 7], [6, 7], [6, 7], [6, 7]]","[[8, 9], [8, 9], [8, 9], [8, 9], [8, 9]]","[[2, 2], [2, 2], [2, 2], [2, 2], [2, 2]]","[[1.5, 1.75], [1.5, 1.75], [1.5, 1.75], [1.5, 1.75], [1.5, 1.75]]","[6.0, 7.0]",1.0,0.9989806924816091,0.6307272089999856
03_parameter_sensitivity|learning_rate_0p8|s_curve--demand_conflict|n1_d1_m1|25001|v11_full,03_parameter_sensitivity,independent_seeded,S25001,25001,s_curve--demand_conflict,s_curve,demand_conflict,learning_rate,0.8,12,v11_full,0.25,5,0.8,n1_d1_m1,0.05,4,1.7,6.172442865761097,1.1665761137413986,0.43653390743071474,0.18899747459996186,0.6666666666666666,0.16666666666666666,1.4814461802864705,0.8808959207372318,0.5946189152594737,"[6.172442865761097, 3.6108644708068063, 2.1731583733632704, 1.3243900764127972, 1.1665761137413986]","[[2, 4], [3, 4], [2, 4], [2, 4]]","[true, true, true, true, true]",0,4.0,0,1,1,"[[7, 7], [7, 7], [7, 7], [7, 7], [7, 7]]","[[9, 9], [9, 9], [9, 9], [9, 9], [9, 9]]","[[2, 2], [2, 2], [2, 2], [2, 2], [2, 2]]","[[1.75, 1.75], [1.75, 1.75], [1.75, 1.75], [1.75, 1.75], [1.75, 1.75]]","[7.0, 7.0]",0.5,0.9962955044791147,0.7364975829999594
03_parameter_sensitivity|learning_rate_0p8|s_curve--demand_conflict|n1_d1_m1|25002|v11_full,03_parameter_sensitivity,independent_seeded,S25002,25002,s_curve--demand_conflict,s_curve,demand_conflict,learning_rate,0.8,12,v11_full,0.25,5,0.8,n1_d1_m1,0.05,4,1.7,3.758444249514037,0.46192822956881946,0.3665643052921006,0.12290410576890859,0.6666666666666666,0.0,1.0611032107692642,0.3225513642859204,0.30397737092142196,"[3.758444249514037, 1.354560204406415, 1.255066186054693, 0.7910333912062784, 0.46192822956881946]","[[3, 4], [2, 4], [2, 3], [2, 4]]","[true, true, true, true, true]",0,4.0,0,1,1,"[[7, 5], [7, 5], [7, 5], [7, 5], [7, 5]]","[[9, 7], [9, 7], [9, 7], [9, 7], [9, 7]]","[[2, 2], [2, 2], [2, 2], [2, 2], [2, 2]]","[[1.75, 1.25], [1.75, 1.25], [1.75, 1.25], [1.75, 1.25], [1.75, 1.25]]","[7.0, 5.0]",1.0,0.9933175922767732,0.9845567090000031
03_parameter_sensitivity|learning_rate_0p8|s_curve--demand_conflict|n1_d1_m1|25003|v11_full,03_parameter_sensitivity,independent_seeded,S25003,25003,s_curve--demand_conflict,s_curve,demand_conflict,learning_rate,0.8,12,v11_full,0.25,5,0.8,n1_d1_m1,0.05,4,1.7,6.782231339764961,1.5480787000246454,0.39859158292223273,0.22825507159392977,1.0,0.16666666666666666,1.4324861151779118,0.8464138214170437,0.5908705239435573,"[6.782231339764961, 3.007836862940546, 1.938637708884092, 1.7017317101273222, 1.5480787000246454]","[[3, 4], [3, 4], [2, 4], [2, 4]]","[true, true, true, true, true]",0,4.0,0,1,1,"[[4, 7], [4, 7], [5, 7], [4, 7], [4, 7]]","[[6, 9], [6, 9], [7, 9], [6, 9], [6, 9]]","[[2, 2], [2, 2], [2, 2], [2, 2], [2, 2]]","[[1.0, 1.75], [1.0, 1.75], [1.0, 1.75], [1.0, 1.75], [1.0, 1.75]]","[4.0, 7.0]",1.0,0.988492058540718,0.6711656670000252
03_parameter_sensitivity|learning_rate_0p8|s_curve--demand_conflict|n1_d1_m1|25004|v11_full,03_parameter_sensitivity,independent_seeded,S25004,25004,s_curve--demand_conflict,s_curve,demand_conflict,learning_rate,0.8,12,v11_full,0.25,5,0.8,n1_d1_m1,0.05,4,1.7,5.921960720002671,1.3628353955775834,0.38995934247408587,0.2301324611921723,1.0,0.5,1.2802005558494474,0.8746541168352817,0.6832164795108414,"[5.921960720002671, 2.833242803559753, 1.3628353955775834, 1.3868247166531682, 1.3868247166531682]","[[2, 4], [3, 4], [2, 3], [2, 3]]","[true, true, true, false, false]",2,1.0,0,1,1,"[[4, 7], [4, 7], [4, 7], [4, 7], [4, 7]]","[[6, 9], [6, 9], [6, 9], [6, 9], [6, 9]]","[[2, 2], [2, 2], [2, 2], [2, 2], [2, 2]]","[[1.0, 1.75], [1.0, 1.75], [1.0, 1.75], [1.0, 1.75], [1.0, 1.75]]","[4.0, 7.0]",0.5,0.9905590768939281,0.5769320830000311
03_parameter_sensitivity|learning_rate_0p8|s_curve--demand_conflict|n1_d1_m1|25005|v11_full,03_parameter_sensitivity,independent_seeded,S25005,25005,s_curve--demand_conflict,s_curve,demand_conflict,learning_rate,0.8,12,v11_full,0.25,5,0.8,n1_d1_m1,0.05,4,1.7,8.001548923988201,2.790369731621901,0.4923568676631675,0.3487286971721846,1.0,0.5,1.702043062256288,1.149529106085921,0.6753819169310938,"[8.001548923988201, 4.280738175441736, 3.0573182354305146, 3.0244545199963735, 2.790369731621901]","[[3, 4], [3, 4], [2, 4], [2, 4]]","[true, true, true, true, true]",0,4.0,0,1,1,"[[4, 8], [5, 8], [5, 8], [4, 8], [4, 8]]","[[6, 10], [7, 10], [7, 10], [6, 10], [6, 10]]","[[2, 2], [2, 2], [2, 2], [2, 2], [2, 2]]","[[1.0, 2.0], [1.125, 2.0], [1.25, 2.0], [1.125, 2.0], [1.0, 2.0]]","[4.0, 8.0]",1.0,0.9814616944916954,0.6450444160000188
03_parameter_sensitivity|learning_rate_0p8|s_curve--demand_conflict|n1_d1_m1|25006|v11_full,03_parameter_sensitivity,independent_seeded,S25006,25006,s_curve--demand_conflict,s_curve,demand_conflict,learning_rate,0.8,12,v11_full,0.25,5,0.8,n1_d1_m1,0.05,4,1.7,5.785333470104064,0.8182720939953164,0.3879126021035598,0.14143905415716646,0.6666666666666666,0.0,1.3243256180748504,0.7468359805221454,0.5639368221297479,"[5.785333470104064, 3.043142275961406, 1.6219032010835868, 1.0099667826048546, 0.8182720939953164]","[[2, 4], [3, 4], [2, 4], [2, 4]]","[true, true, true, true, true]",0,4.0,0,1,1,"[[6, 7], [6, 7], [6, 7], [6, 7], [6, 7]]","[[8, 9], [8, 9], [8, 9], [8, 9], [8, 9]]","[[2, 2], [2, 2], [2, 2], [2, 2], [2, 2]]","[[1.5, 1.75], [1.5, 1.75], [1.5, 1.75], [1.5, 1.75], [1.5, 1.75]]","[6.0, 7.0]",1.0,0.9963355888180301,0.5139792080000234
03_parameter_sensitivity|smoothing_3|ellipse--demand_conflict|n0_d1_m0|25001|v11_full,03_parameter_sensitivity,independent_seeded,S25001,25001,ellipse--demand_conflict,ellipse,demand_conflict,smoothing_window,3,12,v11_full,0.25,3,0.65,n0_d1_m0,0.0,4,1.0,7.931809151646931,1.2877051191456665,0.37231209026512596,0.16234696202672658,0.8333333333333334,0.3333333333333333,2.1742433997047765,0.3450253181904058,0.15868753159708526,"[7.931809151646931, 3.6177555702656226, 2.0961272534779933, 1.4887938201949813, 1.2877051191456665]","[[2, 3], [2, 3], [3, 4], [3, 4]]","[true, true, true, true, true]",0,4.0,0,1,1,"[[7, 7], [7, 7], [7, 7], [7, 7], [7, 7]]","[[9, 9], [9, 9], [9, 9], [9, 9], [9, 9]]","[[2, 2], [2, 2], [2, 2], [2, 2], [2, 2]]","[[1.75, 1.75], [1.75, 1.75], [1.75, 1.75], [1.75, 1.75], [1.75, 1.75]]","[7.0, 7.0]",0.5,0.9998457409240509,0.5169095829999719
03_parameter_sensitivity|smoothing_3|ellipse--demand_conflict|n0_d1_m0|25002|v11_full,03_parameter_sensitivity,independent_seeded,S25002,25002,ellipse--demand_conflict,ellipse,demand_conflict,smoothing_window,3,12,v11_full,0.25,3,0.65,n0_d1_m0,0.0,4,1.0,7.766290542448517,0.86395650978212,0.34347161827582445,0.11124442294039338,0.8333333333333334,0.16666666666666666,1.9704335955951635,0.21951055024533475,0.11140215571640832,"[7.766290542448517, 3.5689763692389977, 1.7325533816716114, 1.053348245434162, 0.86395650978212]","[[2, 3], [2, 3], [2, 3], [3, 4]]","[true, true, true, true, true]",0,4.0,0,1,1,"[[7, 5], [7, 5], [7, 5], [7, 5], [7, 5]]","[[9, 7], [9, 7], [9, 7], [9, 7], [9, 7]]","[[2, 2], [2, 2], [2, 2], [2, 2], [2, 2]]","[[1.75, 1.25], [1.75, 1.25], [1.75, 1.25], [1.75, 1.25], [1.75, 1.25]]","[7.0, 5.0]",1.0,0.9985232187955373,0.4588826250000011
03_parameter_sensitivity|smoothing_3|ellipse--demand_conflict|n0_d1_m0|25003|v11_full,03_parameter_sensitivity,independent_seeded,S25003,25003,ellipse--demand_conflict,ellipse,demand_conflict,smoothing_window,3,12,v11_full,0.25,3,0.65,n0_d1_m0,0.0,4,1.0,7.279743388405482,0.3694264246736859,0.31709329525431146,0.050747176784016176,0.6666666666666666,0.0,1.85507896209821,0.06413669542204073,0.03457356626453147,"[7.279743388405482, 3.110038066802086, 1.5407967072632667, 0.758011597936189, 0.3694264246736859]","[[3, 4], [1, 4], [1, 4], [1, 3]]","[true, true, true, true, true]",0,4.0,0,1,1,"[[4, 8], [4, 8], [4, 8], [4, 8], [4, 8]]","[[6, 10], [6, 10], [6, 10], [6, 10], [6, 10]]","[[2, 2], [2, 2], [2, 2], [2, 2], [2, 2]]","[[1.0, 2.0], [1.0, 2.0], [1.0, 2.0], [1.0, 2.0], [1.0, 2.0]]","[4.0, 8.0]",0.5,0.9963667875611963,0.37675100000001294
03_parameter_sensitivity|smoothing_3|ellipse--demand_conflict|n0_d1_m0|25004|v11_full,03_parameter_sensitivity,independent_seeded,S25004,25004,ellipse--demand_conflict,ellipse,demand_conflict,smoothing_window,3,12,v11_full,0.25,3,0.65,n0_d1_m0,0.0,4,1.0,6.237600449225314,0.2856769657813285,0.3139679876460644,0.04579917679991967,0.6666666666666666,0.0,1.6054979846693018,0.04960596125914136,0.030897554361838157,"[6.237600449225314, 2.6762173543635033, 1.2884022226329304, 0.6073691586340814, 0.2856769657813285]","[[3, 4], [1, 4], [1, 3], [1, 3]]","[true, true, true, true, true]",0,4.0,0,1,1,"[[4, 7], [4, 7], [4, 7], [4, 7], [4, 7]]","[[6, 9], [6, 9], [6, 9], [6, 9], [6, 9]]","[[2, 2], [2, 2], [2, 2], [2, 2], [2, 2]]","[[1.0, 1.75], [1.0, 1.75], [1.0, 1.75], [1.0, 1.75], [1.0, 1.75]]","[4.0, 7.0]",0.5,0.9975933809929646,0.3685604579999904
03_parameter_sensitivity|smoothing_3|ellipse--demand_conflict|n0_d1_m0|25005|v11_full,03_parameter_sensitivity,independent_seeded,S25005,25005,ellipse--demand_conflict,ellipse,demand_conflict,smoothing_window,3,12,v11_full,0.25,3,0.65,n0_d1_m0,0.0,4,1.0,7.539010853039086,0.3897137177614599,0.32067268851756375,0.05169295088683426,0.6666666666666666,0.0,1.9428950434958454,0.06743703204252796,0.03470955997766544,"[7.539010853039086, 3.2591597061559465, 1.6363029737278993, 0.8103945507444217, 0.3897137177614599]","[[3, 4], [1, 4], [1, 4], [1, 3]]","[true, true, true, true, true]",0,4.0,0,1,1,"[[5, 8], [5, 8], [5, 8], [5, 8], [5, 8]]","[[7, 10], [7, 10], [7, 10], [7, 10], [7, 10]]","[[2, 2], [2, 2], [2, 2], [2, 2], [2, 2]]","[[1.25, 2.0], [1.25, 2.0], [1.25, 2.0], [1.25, 2.0], [1.25, 2.0]]","[5.0, 8.0]",0.5,0.9962354270903983,0.37924858299999187
03_parameter_sensitivity|smoothing_3|ellipse--demand_conflict|n0_d1_m0|25006|v11_full,03_parameter_sensitivity,independent_seeded,S25006,25006,ellipse--demand_conflict,ellipse,demand_conflict,smoothing_window,3,12,v11_full,0.25,3,0.65,n0_d1_m0,0.0,4,1.0,6.569664275539642,0.3170723905110719,0.3172043488618915,0.04826310405108594,0.8333333333333334,0.0,1.9396508864759971,0.06299997639790529,0.032480059601016714,"[6.569664275539642, 2.824135308448791, 1.3985374071722296, 0.6696632664087521, 0.3170723905110719]","[[3, 4], [3, 4], [1, 3], [1, 3]]","[true, true, true, true, true]",0,4.0,0,1,1,"[[6, 7], [6, 7], [6, 7], [6, 7], [6, 7]]","[[8, 9], [8, 9], [8, 9], [8, 9], [8, 9]]","[[2, 2], [2, 2], [2, 2], [2, 2], [2, 2]]","[[1.5, 1.75], [1.5, 1.75], [1.5, 1.75], [1.5, 1.75], [1.5, 1.75]]","[6.0, 7.0]",1.0,0.999670117044323,0.39239545800000997
03_parameter_sensitivity|smoothing_3|ellipse--demand_conflict|n1_d1_m1|25001|v11_full,03_parameter_sensitivity,independent_seeded,S25001,25001,ellipse--demand_conflict,ellipse,demand_conflict,smoothing_window,3,12,v11_full,0.25,3,0.65,n1_d1_m1,0.05,4,1.7,7.488128890501111,1.0845809869600789,0.35746794891250183,0.14484005321221147,0.8333333333333334,0.3333333333333333,2.1265330876573425,0.3023894249791678,0.14219831646837425,"[7.488128890501111, 3.3496136839330335, 1.8094969492619921, 1.2615987307938994, 1.0845809869600789]","[[2, 3], [3, 4], [3, 4], [3, 4]]","[true, true, true, true, true]",0,4.0,0,1,1,"[[7, 7], [7, 7], [7, 7], [7, 7], [7, 7]]","[[9, 9], [9, 9], [9, 9], [9, 9], [9, 9]]","[[2, 2], [2, 2], [2, 2], [2, 2], [2, 2]]","[[1.75, 1.75], [1.75, 1.75], [1.75, 1.75], [1.75, 1.75], [1.75, 1.75]]","[7.0, 7.0]",0.5,0.9992724694400517,0.6170701670000085
03_parameter_sensitivity|smoothing_3|ellipse--demand_conflict|n1_d1_m1|25002|v11_full,03_parameter_sensitivity,independent_seeded,S25002,25002,ellipse--demand_conflict,ellipse,demand_conflict,smoothing_window,3,12,v11_full,0.25,3,0.65,n1_d1_m1,0.05,4,1.7,7.1732068950022025,0.35203761790997373,0.30846602691087943,0.049076741137251925,0.8333333333333334,0.0,1.8160957926442736,0.10084149751420293,0.055526530000587465,"[7.1732068950022025, 3.1023945298105686, 1.3875056959268321, 0.598240042250731, 0.35203761790997373]","[[2, 3], [2, 3], [2, 3], [2, 3]]","[true, true, true, true, true]",0,4.0,0,1,1,"[[7, 5], [7, 5], [7, 5], [7, 5], [7, 5]]","[[9, 7], [9, 7], [9, 7], [9, 7], [9, 7]]","[[2, 2], [2, 2], [2, 2], [2, 2], [2, 2]]","[[1.75, 1.25], [1.75, 1.25], [1.75, 1.25], [1.75, 1.25], [1.75, 1.25]]","[7.0, 5.0]",1.0,0.9981268603055563,0.529463499999963
03_parameter_sensitivity|smoothing_3|ellipse--demand_conflict|n1_d1_m1|25003|v11_full,03_parameter_sensitivity,independent_seeded,S25003,25003,ellipse--demand_conflict,ellipse,demand_conflict,smoothing_window,3,12,v11_full,0.25,3,0.65,n1_d1_m1,0.05,4,1.7,7.073737856536296,0.4264915572401121,0.3281734982470861,0.060292248015103383,0.6666666666666666,0.0,1.7942068458114788,0.07141748774978497,0.03980448960860166,"[7.073737856536296, 3.1065567862793726, 1.596222779757766, 0.8327589193240988, 0.4264915572401121]","[[3, 4], [1, 4], [1, 4], [1, 3]]","[true, true, true, true, true]",0,4.0,0,1,1,"[[4, 7], [4, 7], [4, 7], [4, 7], [4, 7]]","[[6, 9], [6, 9], [6, 9], [6, 9], [6, 9]]","[[2, 2], [2, 2], [2, 2], [2, 2], [2, 2]]","[[1.0, 1.75], [1.0, 1.75], [1.0, 1.75], [1.0, 1.75], [1.0, 1.75]]","[4.0, 7.0]",1.0,0.9957473395316446,0.4667519579999748
03_parameter_sensitivity|smoothing_3|ellipse--demand_conflict|n1_d1_m1|25004|v11_full,03_parameter_sensitivity,independent_seeded,S25004,25004,ellipse--demand_conflict,ellipse,demand_conflict,smoothing_window,3,12,v11_full,0.25,3,0.65,n1_d1_m1,0.05,4,1.7,6.272059599870351,0.36970863433020457,0.31977905990388156,0.058945331823353014,0.6666666666666666,0.0,1.5946042184624036,0.062498496534876755,0.03919373585700212,"[6.272059599870351, 2.7758068873383843, 1.29488339586168, 0.631118889730285, 0.36970863433020457]","[[3, 4], [1, 4], [1, 3], [1, 3]]","[true, true, true, true, true]",0,4.0,0,1,1,"[[4, 7], [4, 7], [4, 7], [4, 7], [4, 7]]","[[6, 9], [6, 9], [6, 9], [6, 9], [6, 9]]","[[2, 2], [2, 2], [2, 2], [2, 2], [2, 2]]","[[1.0, 1.75], [1.0, 1.75], [1.0, 1.75], [1.0, 1.75], [1.0, 1.75]]","[4.0, 7.0]",0.5,0.9964435741863513,0.46030558300003577
03_parameter_sensitivity|smoothing_3|ellipse--demand_conflict|n1_d1_m1|25005|v11_full,03_parameter_sensitivity,independent_seeded,S25005,25005,ellipse--demand_conflict,ellipse,demand_conflict,smoothing_window,3,12,v11_full,0.25,3,0.65,n1_d1_m1,0.05,4,1.7,7.963615217036075,0.47139408818366624,0.33686164380783357,0.059193478757642845,0.6666666666666666,0.0,2.0012392545979276,0.08086540643598873,0.04040766552534746,"[7.963615217036075, 3.715952357994937, 1.87386325240243, 0.923225787648162, 0.47139408818366624]","[[3, 4], [1, 4], [1, 3], [1, 2]]","[true, true, true, true, true]",0,4.0,0,1,1,"[[4, 8], [4, 8], [4, 8], [4, 8], [4, 8]]","[[6, 10], [6, 10], [6, 10], [6, 10], [6, 10]]","[[2, 2], [2, 2], [2, 2], [2, 2], [2, 2]]","[[1.0, 2.0], [1.0, 2.0], [1.0, 2.0], [1.0, 2.0], [1.0, 2.0]]","[4.0, 8.0]",1.0,0.9938491313896259,0.4832091250000303
03_parameter_sensitivity|smoothing_3|ellipse--demand_conflict|n1_d1_m1|25006|v11_full,03_parameter_sensitivity,independent_seeded,S25006,25006,ellipse--demand_conflict,ellipse,demand_conflict,smoothing_window,3,12,v11_full,0.25,3,0.65,n1_d1_m1,0.05,4,1.7,6.063825769387071,0.27296354091578495,0.3122550906653838,0.04501506990748779,0.8333333333333334,0.0,1.7925268372907202,0.053856962779439445,0.03004527556242366,"[6.063825769387071, 2.553927407115155, 1.2840950515426282, 0.5674247477869898, 0.27296354091578495]","[[3, 4], [3, 4], [1, 3], [1, 4]]","[true, true, true, true, true]",0,4.0,0,1,1,"[[6, 7], [6, 7], [6, 7], [6, 7], [6, 7]]","[[8, 9], [8, 9], [8, 9], [8, 9], [8, 9]]","[[2, 2], [2, 2], [2, 2], [2, 2], [2, 2]]","[[1.5, 1.75], [1.5, 1.75], [1.5, 1.75], [1.5, 1.75], [1.5, 1.75]]","[6.0, 7.0]",1.0,0.998838950206419,0.4407418750000147
03_parameter_sensitivity|smoothing_3|figure_eight--demand_conflict|n0_d1_m0|25001|v11_full,03_parameter_sensitivity,independent_seeded,S25001,25001,figure_eight--demand_conflict,figure_eight,demand_conflict,smoothing_window,3,12,v11_full,0.25,3,0.65,n0_d1_m0,0.0,4,1.0,11.530597929027934,5.900157524883909,0.619552349560301,0.5116957126768282,0.8333333333333334,0.8333333333333334,3.5406280069014553,1.5858205011210176,0.4478924354746977,"[11.530597929027934, 7.493122450742124, 6.3651519042316185, 6.001584073127925, 5.900157524883909]","[[2, 4], [2, 4], [2, 4], [2, 4]]","[true, true, true, true, true]",0,4.0,0,1,1,"[[7, 7], [7, 7], [7, 7], [7, 7], [7, 7]]","[[9, 9], [9, 9], [9, 9], [9, 9], [9, 9]]","[[2, 2], [2, 2], [2, 2], [2, 2], [2, 2]]","[[1.75, 1.75], [1.75, 1.75], [1.75, 1.75], [1.75, 1.75], [1.75, 1.75]]","[7.0, 7.0]",0.5,0.9997977801692459,0.750938667000014
03_parameter_sensitivity|smoothing_3|figure_eight--demand_conflict|n0_d1_m0|25002|v11_full,03_parameter_sensitivity,independent_seeded,S25002,25002,figure_eight--demand_conflict,figure_eight,demand_conflict,smoothing_window,3,12,v11_full,0.25,3,0.65,n0_d1_m0,0.0,4,1.0,10.205787666034217,2.603299107153681,0.4325855523821335,0.25508066524034156,1.0,0.6666666666666666,2.9412102616826212,0.6666244724688621,0.22664971666714387,"[10.205787666034217, 5.179341709811453, 3.2957632920159643, 2.779856791603337, 2.603299107153681]","[[1, 4], [2, 4], [2, 4], [2, 4]]","[true, true, true, true, true]",0,4.0,0,1,1,"[[7, 5], [7, 5], [7, 5], [7, 5], [7, 5]]","[[9, 7], [9, 7], [9, 7], [9, 7], [9, 7]]","[[2, 2], [2, 2], [2, 2], [2, 2], [2, 2]]","[[1.75, 1.25], [1.75, 1.25], [1.75, 1.25], [1.75, 1.25], [1.75, 1.25]]","[7.0, 5.0]",1.0,0.9974140184712423,0.6573039159999894
03_parameter_sensitivity|smoothing_3|figure_eight--demand_conflict|n0_d1_m0|25003|v11_full,03_parameter_sensitivity,independent_seeded,S25003,25003,figure_eight--demand_conflict,figure_eight,demand_conflict,smoothing_window,3,12,v11_full,0.25,3,0.65,n0_d1_m0,0.0,4,1.0,11.943424306382695,6.530243270520393,0.6495790004612871,0.5467647387383332,1.0,1.0,3.434114444626585,1.8554710661494087,0.5403055419578968,"[11.943424306382695, 8.19633907674865, 6.9811173375104145, 6.618500289389843, 6.530243270520393]","[[2, 4], [2, 4], [2, 4], [2, 4]]","[true, true, true, true, true]",0,4.0,0,1,1,"[[4, 8], [4, 8], [4, 8], [4, 8], [4, 8]]","[[6, 10], [6, 10], [6, 10], [6, 10], [6, 10]]","[[2, 2], [2, 2], [2, 2], [2, 2], [2, 2]]","[[1.0, 2.0], [1.0, 2.0], [1.0, 2.0], [1.0, 2.0], [1.0, 2.0]]","[4.0, 8.0]",0.5,0.9935119385451855,0.7946225420000133
03_parameter_sensitivity|smoothing_3|figure_eight--demand_conflict|n0_d1_m0|25004|v11_full,03_parameter_sensitivity,independent_seeded,S25004,25004,figure_eight--demand_conflict,figure_eight,demand_conflict,smoothing_window,3,12,v11_full,0.25,3,0.65,n0_d1_m0,0.0,4,1.0,10.33382828411624,4.901402518947057,0.5892969643099075,0.47430655747210626,1.0,0.8333333333333334,2.972442702426152,1.3796107093869228,0.4641336595860583,"[10.33382828411624, 6.451317150436879, 5.302303081858126, 4.987538916291588, 4.901402518947057]","[[2, 4], [2, 4], [2, 4], [2, 4]]","[true, true, true, true, true]",0,4.0,0,1,1,"[[4, 7], [4, 7], [4, 7], [4, 7], [4, 7]]","[[6, 9], [6, 9], [6, 9], [6, 9], [6, 9]]","[[2, 2], [2, 2], [2, 2], [2, 2], [2, 2]]","[[1.0, 1.75], [1.0, 1.75], [1.0, 1.75], [1.0, 1.75], [1.0, 1.75]]","[4.0, 7.0]",0.5,0.9959702671952176,0.7159192500000131
03_parameter_sensitivity|smoothing_3|figure_eight--demand_conflict|n0_d1_m0|25005|v11_full,03_parameter_sensitivity,independent_seeded,S25005,25005,figure_eight--demand_conflict,figure_eight,demand_conflict,smoothing_window,3,12,v11_full,0.25,3,0.65,n0_d1_m0,0.0,4,1.0,12.65732316490088,7.364226093844815,0.675382835938704,0.5818154437476973,1.0,1.0,3.642795192090087,2.078291334016553,0.5705210489267486,"[12.65732316490088, 8.990465022986939, 7.779320919960832, 7.413594685693019, 7.364226093844815]","[[2, 4], [2, 4], [2, 4], [2, 4]]","[true, true, true, true, true]",0,4.0,0,1,1,"[[5, 8], [5, 8], [5, 8], [5, 8], [5, 8]]","[[7, 10], [7, 10], [7, 10], [7, 10], [7, 10]]","[[2, 2], [2, 2], [2, 2], [2, 2], [2, 2]]","[[1.25, 2.0], [1.25, 2.0], [1.25, 2.0], [1.25, 2.0], [1.25, 2.0]]","[5.0, 8.0]",0.5,0.993694593127577,0.8635366249999947
03_parameter_sensitivity|smoothing_3|figure_eight--demand_conflict|n0_d1_m0|25006|v11_full,03_parameter_sensitivity,independent_seeded,S25006,25006,figure_eight--demand_conflict,figure_eight,demand_conflict,smoothing_window,3,12,v11_full,0.25,3,0.65,n0_d1_m0,0.0,4,1.0,11.568280104852967,5.93238387875522,0.6225540768483382,0.5128146816108428,0.8333333333333334,0.8333333333333334,3.4310419029031243,1.6200274003154442,0.47216776890561507,"[11.568280104852967, 7.610024702669948, 6.409435534619265, 6.0377275365056375, 5.93238387875522]","[[2, 4], [2, 4], [2, 4], [2, 4]]","[true, true, true, true, true]",0,4.0,0,1,1,"[[6, 7], [6, 7], [6, 7], [6, 7], [6, 7]]","[[8, 9], [8, 9], [8, 9], [8, 9], [8, 9]]","[[2, 2], [2, 2], [2, 2], [2, 2], [2, 2]]","[[1.5, 1.75], [1.5, 1.75], [1.5, 1.75], [1.5, 1.75], [1.5, 1.75]]","[6.0, 7.0]",1.0,0.9994837958465821,0.8078670840000086
03_parameter_sensitivity|smoothing_3|figure_eight--demand_conflict|n1_d1_m1|25001|v11_full,03_parameter_sensitivity,independent_seeded,S25001,25001,figure_eight--demand_conflict,figure_eight,demand_conflict,smoothing_window,3,12,v11_full,0.25,3,0.65,n1_d1_m1,0.05,4,1.7,11.677691315437041,6.075796550832026,0.6285441033043733,0.5202909022608153,0.8333333333333334,0.6666666666666666,3.547203318946834,1.6437817264312389,0.46340217310105536,"[11.677691315437041, 7.6875693845665385, 6.60354414079927, 6.191918607606226, 6.075796550832026]","[[2, 4], [2, 4], [2, 4], [2, 4]]","[true, true, true, true, true]",0,4.0,0,1,1,"[[7, 7], [7, 7], [7, 7], [7, 7], [7, 7]]","[[9, 9], [9, 9], [9, 9], [9, 9], [9, 9]]","[[2, 2], [2, 2], [2, 2], [2, 2], [2, 2]]","[[1.75, 1.75], [1.75, 1.75], [1.75, 1.75], [1.75, 1.75], [1.75, 1.75]]","[7.0, 7.0]",0.5,0.9992920362542943,0.843013333999977
03_parameter_sensitivity|smoothing_3|figure_eight--demand_conflict|n1_d1_m1|25002|v11_full,03_parameter_sensitivity,independent_seeded,S25002,25002,figure_eight--demand_conflict,figure_eight,demand_conflict,smoothing_window,3,12,v11_full,0.25,3,0.65,n1_d1_m1,0.05,4,1.7,9.444604032109284,1.8852032784066133,0.39274643139364607,0.19960638603772007,1.0,0.5,2.7197966276617676,0.5084424139177443,0.186941335519949,"[9.444604032109284, 4.631880195457294, 2.5199063431438873, 2.020647924288718, 1.8852032784066133]","[[1, 4], [2, 4], [2, 4], [2, 4]]","[true, true, true, true, true]",0,4.0,0,1,1,"[[7, 5], [7, 5], [7, 5], [7, 5], [7, 5]]","[[9, 7], [9, 7], [9, 7], [9, 7], [9, 7]]","[[2, 2], [2, 2], [2, 2], [2, 2], [2, 2]]","[[1.75, 1.25], [1.75, 1.25], [1.75, 1.25], [1.75, 1.25], [1.75, 1.25]]","[7.0, 5.0]",1.0,0.9966819709959462,0.6972875000000158
03_parameter_sensitivity|smoothing_3|figure_eight--demand_conflict|n1_d1_m1|25003|v11_full,03_parameter_sensitivity,independent_seeded,S25003,25003,figure_eight--demand_conflict,figure_eight,demand_conflict,smoothing_window,3,12,v11_full,0.25,3,0.65,n1_d1_m1,0.05,4,1.7,11.569640299296164,6.165203345725271,0.6351155198891707,0.5328777028703588,1.0,1.0,3.318112372978345,1.7521672852280028,0.5280614663617477,"[11.569640299296164, 7.772006195849773, 6.529279473883464, 6.223524962228782, 6.165203345725271]","[[2, 4], [2, 4], [2, 4], [2, 4]]","[true, true, true, true, true]",0,4.0,0,1,1,"[[4, 7], [4, 7], [4, 7], [4, 7], [4, 7]]","[[6, 9], [6, 9], [6, 9], [6, 9], [6, 9]]","[[2, 2], [2, 2], [2, 2], [2, 2], [2, 2]]","[[1.0, 1.75], [1.0, 1.75], [1.0, 1.75], [1.0, 1.75], [1.0, 1.75]]","[4.0, 7.0]",1.0,0.9927193330200226,0.8583679579999739
03_parameter_sensitivity|smoothing_3|figure_eight--demand_conflict|n1_d1_m1|25004|v11_full,03_parameter_sensitivity,independent_seeded,S25004,25004,figure_eight--demand_conflict,figure_eight,demand_conflict,smoothing_window,3,12,v11_full,0.25,3,0.65,n1_d1_m1,0.05,4,1.7,10.318952142072382,4.818215529402794,0.5835262740710494,0.4669287601168329,1.0,0.8333333333333334,2.9536337273818942,1.3624050268260204,0.4612640403567095,"[10.318952142072382, 6.393784763088405, 5.218618485741054, 4.9045316985568395, 4.818215529402794]","[[2, 4], [2, 4], [2, 4], [2, 4]]","[true, true, true, true, true]",0,4.0,0,1,1,"[[4, 7], [4, 7], [4, 7], [4, 7], [4, 7]]","[[6, 9], [6, 9], [6, 9], [6, 9], [6, 9]]","[[2, 2], [2, 2], [2, 2], [2, 2], [2, 2]]","[[1.0, 1.75], [1.0, 1.75], [1.0, 1.75], [1.0, 1.75], [1.0, 1.75]]","[4.0, 7.0]",0.5,0.9947287548076609,0.7983438750000005
03_parameter_sensitivity|smoothing_3|figure_eight--demand_conflict|n1_d1_m1|25005|v11_full,03_parameter_sensitivity,independent_seeded,S25005,25005,figure_eight--demand_conflict,figure_eight,demand_conflict,smoothing_window,3,12,v11_full,0.25,3,0.65,n1_d1_m1,0.05,4,1.7,13.208865916594977,7.762235937042685,0.6747141636835252,0.5876534735121044,1.0,1.0,3.7822836944178975,2.2310533542996365,0.5898693843595995,"[13.208865916594977, 9.310223488676055, 8.070040182683755, 7.783021082314163, 7.762235937042685]","[[2, 4], [2, 4], [2, 4], [2, 4]]","[true, true, true, true, true]",0,4.0,0,1,1,"[[4, 8], [4, 8], [4, 8], [4, 8], [4, 8]]","[[6, 10], [6, 10], [6, 10], [6, 10], [6, 10]]","[[2, 2], [2, 2], [2, 2], [2, 2], [2, 2]]","[[1.0, 2.0], [1.0, 2.0], [1.0, 2.0], [1.0, 2.0], [1.0, 2.0]]","[4.0, 8.0]",1.0,0.9893699359981809,0.9760245000000509
03_parameter_sensitivity|smoothing_3|figure_eight--demand_conflict|n1_d1_m1|25006|v11_full,03_parameter_sensitivity,independent_seeded,S25006,25006,figure_eight--demand_conflict,figure_eight,demand_conflict,smoothing_window,3,12,v11_full,0.25,3,0.65,n1_d1_m1,0.05,4,1.7,10.804689433892133,5.155248100889518,0.5929370050850784,0.47713061374245,0.6666666666666666,0.8333333333333334,3.190097182857639,1.407605434348919,0.44124217967805235,"[10.804689433892133, 6.77903680080709, 5.6119859882400425, 5.255009218787613, 5.155248100889518]","[[2, 4], [2, 4], [2, 4], [2, 4]]","[true, true, true, true, true]",0,4.0,0,1,1,"[[6, 7], [6, 7], [6, 7], [6, 7], [6, 7]]","[[8, 9], [8, 9], [8, 9], [8, 9], [8, 9]]","[[2, 2], [2, 2], [2, 2], [2, 2], [2, 2]]","[[1.5, 1.75], [1.5, 1.75], [1.5, 1.75], [1.5, 1.75], [1.5, 1.75]]","[6.0, 7.0]",1.0,0.9990249047575306,0.8779514159999735
03_parameter_sensitivity|smoothing_3|harmonic_loop--demand_conflict|n0_d1_m0|25001|v11_full,03_parameter_sensitivity,independent_seeded,S25001,25001,harmonic_loop--demand_conflict,harmonic_loop,demand_conflict,smoothing_window,3,12,v11_full,0.25,3,0.65,n0_d1_m0,0.0,4,1.0,8.99889140222643,3.027432164000764,0.5647528071979987,0.33642279128424,1.0,0.8333333333333334,2.4660513006353546,1.083185895825042,0.4392389953712518,"[8.99889140222643, 6.063860953143202, 4.716894752203161, 3.5346792358492847, 3.027432164000764]","[[2, 3], [3, 4], [3, 4], [3, 4]]","[true, true, true, true, true]",0,4.0,0,1,1,"[[7, 7], [7, 7], [7, 7], [7, 7], [7, 7]]","[[9, 9], [9, 9], [9, 9], [9, 9], [9, 9]]","[[2, 2], [2, 2], [2, 2], [2, 2], [2, 2]]","[[1.75, 1.75], [1.75, 1.75], [1.75, 1.75], [1.75, 1.75], [1.75, 1.75]]","[7.0, 7.0]",0.5,0.9997921690433671,0.6402991669999665
03_parameter_sensitivity|smoothing_3|harmonic_loop--demand_conflict|n0_d1_m0|25002|v11_full,03_parameter_sensitivity,independent_seeded,S25002,25002,harmonic_loop--demand_conflict,harmonic_loop,demand_conflict,smoothing_window,3,12,v11_full,0.25,3,0.65,n0_d1_m0,0.0,4,1.0,8.1760226882683,1.6971298888059627,0.47587818279806715,0.20757401899595493,0.8333333333333334,0.6666666666666666,2.039212942951675,0.51434733586548,0.25222835979109853,"[8.1760226882683, 4.915773377397903, 3.3516798071155325, 2.3591338045849795, 1.6971298888059627]","[[2, 3], [3, 4], [2, 4], [3, 4]]","[true, true, true, true, true]",0,4.0,0,1,1,"[[7, 5], [7, 5], [7, 5], [7, 5], [7, 5]]","[[9, 7], [9, 7], [9, 7], [9, 7], [9, 7]]","[[2, 2], [2, 2], [2, 2], [2, 2], [2, 2]]","[[1.75, 1.25], [1.75, 1.25], [1.75, 1.25], [1.75, 1.25], [1.75, 1.25]]","[7.0, 5.0]",1.0,0.9972533471924003,0.5116196660000014
03_parameter_sensitivity|smoothing_3|harmonic_loop--demand_conflict|n0_d1_m0|25003|v11_full,03_parameter_sensitivity,independent_seeded,S25003,25003,harmonic_loop--demand_conflict,harmonic_loop,demand_conflict,smoothing_window,3,12,v11_full,0.25,3,0.65,n0_d1_m0,0.0,4,1.0,8.574357152477088,4.246363037185279,0.6266895505351924,0.49523981351284474,0.8333333333333334,0.8333333333333334,2.19461231466453,1.2614832949744517,0.574809175427088,"[8.574357152477088, 5.795065474897357, 4.896559845853443, 4.246363037185279, 4.537346371763374]","[[2, 3], [2, 3], [3, 4], [1, 3]]","[true, true, true, true, false]",1,2.0,0,1,1,"[[4, 7], [4, 7], [4, 7], [4, 7], [4, 7]]","[[6, 9], [6, 9], [6, 9], [6, 9], [6, 9]]","[[2, 2], [2, 2], [2, 2], [2, 2], [2, 2]]","[[1.0, 1.75], [1.0, 1.75], [1.0, 1.75], [1.0, 1.75], [1.0, 1.75]]","[4.0, 7.0]",1.0,0.9951547531402971,0.5722867080000356
03_parameter_sensitivity|smoothing_3|harmonic_loop--demand_conflict|n0_d1_m0|25004|v11_full,03_parameter_sensitivity,independent_seeded,S25004,25004,harmonic_loop--demand_conflict,harmonic_loop,demand_conflict,smoothing_window,3,12,v11_full,0.25,3,0.65,n0_d1_m0,0.0,4,1.0,7.397759230051182,2.705422076808083,0.5866593534343428,0.3657083168938664,1.0,0.8333333333333334,1.9138760484106219,0.9550865780102793,0.4990326195907153,"[7.397759230051182, 4.506269108768775, 4.505702966628035, 3.2962958582326314, 2.705422076808083]","[[2, 3], [2, 3], [3, 4], [3, 4]]","[true, true, true, true, true]",0,4.0,0,1,1,"[[4, 7], [4, 7], [4, 7], [4, 7], [4, 7]]","[[6, 9], [6, 9], [6, 9], [6, 9], [6, 9]]","[[2, 2], [2, 2], [2, 2], [2, 2], [2, 2]]","[[1.0, 1.75], [1.0, 1.75], [1.0, 1.75], [1.0, 1.75], [1.0, 1.75]]","[4.0, 7.0]",0.5,0.9966332115177821,0.5868309589999967
03_parameter_sensitivity|smoothing_3|harmonic_loop--demand_conflict|n0_d1_m0|25005|v11_full,03_parameter_sensitivity,independent_seeded,S25005,25005,harmonic_loop--demand_conflict,harmonic_loop,demand_conflict,smoothing_window,3,12,v11_full,0.25,3,0.65,n0_d1_m0,0.0,4,1.0,9.152116894160674,4.8521228988981155,0.6568337173255698,0.5301639997620567,1.0,0.8333333333333334,2.3500559742655738,1.3909673883546987,0.5918869182634664,"[9.152116894160674, 6.412615549824135, 5.613895910956524, 4.8521228988981155, 5.18196607439941]","[[2, 3], [2, 3], [3, 4], [1, 3]]","[true, true, true, true, false]",1,2.0,0,1,1,"[[5, 8], [5, 8], [5, 8], [5, 8], [5, 8]]","[[7, 10], [7, 10], [7, 10], [7, 10], [7, 10]]","[[2, 2], [2, 2], [2, 2], [2, 2], [2, 2]]","[[1.25, 2.0], [1.25, 2.0], [1.25, 2.0], [1.25, 2.0], [1.25, 2.0]]","[5.0, 8.0]",0.5,0.9945374916966838,0.5851737909999883
03_parameter_sensitivity|smoothing_3|harmonic_loop--demand_conflict|n0_d1_m0|25006|v11_full,03_parameter_sensitivity,independent_seeded,S25006,25006,harmonic_loop--demand_conflict,harmonic_loop,demand_conflict,smoothing_window,3,12,v11_full,0.25,3,0.65,n0_d1_m0,0.0,4,1.0,8.536642392877095,3.6470805968979736,0.5878630780933892,0.4272265873455198,1.0,0.6666666666666666,2.3239425180567728,1.1627736409610419,0.5003452675470331,"[8.536642392877095, 5.756386110282074, 4.383217297540968, 3.6470805968979736, 4.037004586954834]","[[2, 3], [3, 4], [3, 4], [2, 3]]","[true, true, true, true, false]",1,2.0,0,1,1,"[[6, 7], [6, 7], [6, 7], [6, 7], [6, 7]]","[[8, 9], [8, 9], [8, 9], [8, 9], [8, 9]]","[[2, 2], [2, 2], [2, 2], [2, 2], [2, 2]]","[[1.5, 1.75], [1.5, 1.75], [1.5, 1.75], [1.5, 1.75], [1.5, 1.75]]","[6.0, 7.0]",1.0,0.9995537543325894,0.6354866249999986
03_parameter_sensitivity|smoothing_3|harmonic_loop--demand_conflict|n1_d1_m1|25001|v11_full,03_parameter_sensitivity,independent_seeded,S25001,25001,harmonic_loop--demand_conflict,harmonic_loop,demand_conflict,smoothing_window,3,12,v11_full,0.25,3,0.65,n1_d1_m1,0.05,4,1.7,8.86701486508597,3.4271812635500587,0.6104607414489734,0.38650902425399625,1.0,0.8333333333333334,2.4949899882297855,1.2589772020514176,0.504602105816333,"[8.86701486508597, 6.4066394336652035, 5.175501685623976, 3.9226186923106092, 3.4271812635500587]","[[2, 3], [3, 4], [3, 4], [3, 4]]","[true, true, true, true, true]",0,4.0,0,1,1,"[[7, 7], [7, 7], [7, 7], [7, 7], [7, 7]]","[[9, 9], [9, 9], [9, 9], [9, 9], [9, 9]]","[[2, 2], [2, 2], [2, 2], [2, 2], [2, 2]]","[[1.75, 1.75], [1.75, 1.75], [1.75, 1.75], [1.75, 1.75], [1.75, 1.75]]","[7.0, 7.0]",0.5,0.9987042206434511,0.7891792500000179
03_parameter_sensitivity|smoothing_3|harmonic_loop--demand_conflict|n1_d1_m1|25002|v11_full,03_parameter_sensitivity,independent_seeded,S25002,25002,harmonic_loop--demand_conflict,harmonic_loop,demand_conflict,smoothing_window,3,12,v11_full,0.25,3,0.65,n1_d1_m1,0.05,4,1.7,7.544353028411633,1.448278856162501,0.46724556035549103,0.19196859567790103,0.8333333333333334,0.6666666666666666,1.8750192561065957,0.43554592606152087,0.23228877497819142,"[7.544353028411633, 4.52248216557456, 2.9897991683085072, 2.0916645569492234, 1.448278856162501]","[[2, 3], [3, 4], [2, 4], [3, 4]]","[true, true, true, true, true]",0,4.0,0,1,1,"[[7, 5], [7, 5], [7, 5], [7, 5], [7, 5]]","[[9, 7], [9, 7], [9, 7], [9, 7], [9, 7]]","[[2, 2], [2, 2], [2, 2], [2, 2], [2, 2]]","[[1.75, 1.25], [1.75, 1.25], [1.75, 1.25], [1.75, 1.25], [1.75, 1.25]]","[7.0, 5.0]",1.0,0.9973031544140329,0.5773210419999941
03_parameter_sensitivity|smoothing_3|harmonic_loop--demand_conflict|n1_d1_m1|25003|v11_full,03_parameter_sensitivity,independent_seeded,S25003,25003,harmonic_loop--demand_conflict,harmonic_loop,demand_conflict,smoothing_window,3,12,v11_full,0.25,3,0.65,n1_d1_m1,0.05,4,1.7,8.238858540839244,3.8990834938039685,0.6265427299878518,0.4732553028403849,0.8333333333333334,0.8333333333333334,2.1077823925540953,1.209791944328784,0.5739643468901096,"[8.238858540839244, 5.430453124330004, 4.926263698250528, 3.8990834938039685, 4.545516203680953]","[[2, 3], [2, 3], [3, 4], [1, 3]]","[true, true, true, true, false]",1,2.0,0,1,1,"[[4, 7], [4, 7], [4, 7], [4, 7], [4, 7]]","[[6, 9], [6, 9], [6, 9], [6, 9], [6, 9]]","[[2, 2], [2, 2], [2, 2], [2, 2], [2, 2]]","[[1.0, 1.75], [1.0, 1.75], [1.0, 1.75], [1.0, 1.75], [1.0, 1.75]]","[4.0, 7.0]",1.0,0.9946815356082581,0.7001420420000386
03_parameter_sensitivity|smoothing_3|harmonic_loop--demand_conflict|n1_d1_m1|25004|v11_full,03_parameter_sensitivity,independent_seeded,S25004,25004,harmonic_loop--demand_conflict,harmonic_loop,demand_conflict,smoothing_window,3,12,v11_full,0.25,3,0.65,n1_d1_m1,0.05,4,1.7,7.294331283118729,2.6851199307974234,0.5606457000363088,0.36811049931494016,1.0,0.8333333333333334,1.8835316528462713,0.986702393735414,0.5238576119728984,"[7.294331283118729, 4.709924126124098, 3.581887313257746, 3.0766048277434637, 2.6851199307974234]","[[2, 3], [3, 4], [3, 4], [3, 4]]","[true, true, true, true, true]",0,4.0,0,1,1,"[[4, 7], [4, 7], [4, 7], [4, 7], [4, 7]]","[[6, 9], [6, 9], [6, 9], [6, 9], [6, 9]]","[[2, 2], [2, 2], [2, 2], [2, 2], [2, 2]]","[[1.0, 1.75], [1.0, 1.75], [1.0, 1.75], [1.0, 1.75], [1.0, 1.75]]","[4.0, 7.0]",0.5,0.995468499136577,0.6333929159999911
03_parameter_sensitivity|smoothing_3|harmonic_loop--demand_conflict|n1_d1_m1|25005|v11_full,03_parameter_sensitivity,independent_seeded,S25005,25005,harmonic_loop--demand_conflict,harmonic_loop,demand_conflict,smoothing_window,3,12,v11_full,0.25,3,0.65,n1_d1_m1,0.05,4,1.7,9.516513563736712,5.479505656002596,0.6733363730429582,0.5757891920506061,0.8333333333333334,0.8333333333333334,2.420289824794433,1.6193368879769459,0.6690673453186475,"[9.516513563736712, 6.807555341086233, 5.479505656002596, 5.723960752750129, 5.723960752750129]","[[2, 3], [3, 4], [2, 3], [2, 3]]","[true, true, true, false, false]",2,1.0,0,1,1,"[[4, 8], [5, 8], [5, 8], [5, 8], [5, 8]]","[[6, 10], [7, 10], [7, 10], [7, 10], [7, 10]]","[[2, 2], [2, 2], [2, 2], [2, 2], [2, 2]]","[[1.0, 2.0], [1.125, 2.0], [1.25, 2.0], [1.25, 2.0], [1.25, 2.0]]","[5.0, 8.0]",0.5,0.9910737521121571,0.7135123329999828
03_parameter_sensitivity|smoothing_3|harmonic_loop--demand_conflict|n1_d1_m1|25006|v11_full,03_parameter_sensitivity,independent_seeded,S25006,25006,harmonic_loop--demand_conflict,harmonic_loop,demand_conflict,smoothing_window,3,12,v11_full,0.25,3,0.65,n1_d1_m1,0.05,4,1.7,7.923445882788174,2.834301863290568,0.5744909994039346,0.3577107618602436,1.0,0.6666666666666666,2.1567230813337837,1.0263302576930975,0.4758748429855832,"[7.923445882788174, 5.431008665413705, 4.116562039300398, 3.281348797950402, 2.834301863290568]","[[2, 3], [3, 4], [3, 4], [3, 4]]","[true, true, true, true, true]",0,4.0,0,1,1,"[[6, 7], [6, 7], [6, 7], [6, 7], [6, 7]]","[[8, 9], [8, 9], [8, 9], [8, 9], [8, 9]]","[[2, 2], [2, 2], [2, 2], [2, 2], [2, 2]]","[[1.5, 1.75], [1.5, 1.75], [1.5, 1.75], [1.5, 1.75], [1.5, 1.75]]","[6.0, 7.0]",1.0,0.9989868823608146,0.7256113750000281
03_parameter_sensitivity|smoothing_3|rounded_square--demand_conflict|n0_d1_m0|25001|v11_full,03_parameter_sensitivity,independent_seeded,S25001,25001,rounded_square--demand_conflict,rounded_square,demand_conflict,smoothing_window,3,12,v11_full,0.25,3,0.65,n0_d1_m0,0.0,4,1.0,12.878324196240044,9.49419528291126,0.8054973441414252,0.737222882281779,1.0,0.8333333333333334,2.734247150516419,2.2116715488923266,0.8088777009329997,"[12.878324196240044, 9.49419528291126, 10.282613073499634, 10.282613073499634, 9.990480440447765]","[[1, 2], [2, 4], [2, 4], [2, 4]]","[true, true, false, false, false]",3,0.5,0,1,1,"[[7, 7], [7, 7], [7, 7], [7, 7], [7, 7]]","[[9, 9], [9, 9], [9, 9], [9, 9], [9, 9]]","[[2, 2], [2, 2], [2, 2], [2, 2], [2, 2]]","[[1.75, 1.75], [1.75, 1.75], [1.75, 1.75], [1.75, 1.75], [1.75, 1.75]]","[7.0, 7.0]",0.5,0.9996374797332468,0.6489007499999957
03_parameter_sensitivity|smoothing_3|rounded_square--demand_conflict|n0_d1_m0|25002|v11_full,03_parameter_sensitivity,independent_seeded,S25002,25002,rounded_square--demand_conflict,rounded_square,demand_conflict,smoothing_window,3,12,v11_full,0.25,3,0.65,n0_d1_m0,0.0,4,1.0,10.609358139352715,8.415328799199813,0.8871142341625103,0.7931986731586798,0.8333333333333334,0.8333333333333334,2.4987575237146307,1.7605381331593886,0.7045654155919011,"[10.609358139352715, 10.508754116883397, 8.415328799199813, 8.94539233148743, 8.94539233148743]","[[2, 4], [2, 3], [2, 3], [2, 3]]","[true, true, true, false, false]",2,1.0,0,1,1,"[[7, 5], [7, 5], [7, 5], [7, 5], [7, 5]]","[[9, 7], [9, 7], [9, 7], [9, 7], [9, 7]]","[[2, 2], [2, 2], [2, 2], [2, 2], [2, 2]]","[[1.75, 1.25], [1.75, 1.25], [1.75, 1.25], [1.75, 1.25], [1.75, 1.25]]","[7.0, 5.0]",1.0,0.9962469126545482,0.6421738750000259
03_parameter_sensitivity|smoothing_3|rounded_square--demand_conflict|n0_d1_m0|25003|v11_full,03_parameter_sensitivity,independent_seeded,S25003,25003,rounded_square--demand_conflict,rounded_square,demand_conflict,smoothing_window,3,12,v11_full,0.25,3,0.65,n0_d1_m0,0.0,4,1.0,12.667453428070658,7.577974546883937,0.6731129174833141,0.5982239911055363,1.0,0.8333333333333334,2.9130061268567298,1.9283576098797344,0.6619819958842732,"[12.667453428070658, 8.60634858089488, 7.7636395199043156, 7.577974546883937, 7.649633548984279]","[[1, 4], [1, 4], [2, 4], [1, 4]]","[true, true, true, true, false]",1,2.0,0,1,1,"[[4, 7], [4, 7], [4, 7], [4, 7], [4, 7]]","[[6, 9], [6, 9], [6, 9], [6, 9], [6, 9]]","[[2, 2], [2, 2], [2, 2], [2, 2], [2, 2]]","[[1.0, 1.75], [1.0, 1.75], [1.0, 1.75], [1.0, 1.75], [1.0, 1.75]]","[4.0, 7.0]",1.0,0.991386672470495,0.6300443330000007
03_parameter_sensitivity|smoothing_3|rounded_square--demand_conflict|n0_d1_m0|25004|v11_full,03_parameter_sensitivity,independent_seeded,S25004,25004,rounded_square--demand_conflict,rounded_square,demand_conflict,smoothing_window,3,12,v11_full,0.25,3,0.65,n0_d1_m0,0.0,4,1.0,10.936409882598811,6.084203790506386,0.6381510710058436,0.5563255086284862,1.0,0.8333333333333334,2.4692788937523678,1.4531420467538338,0.5884884248719304,"[10.936409882598811, 6.852481302051521, 6.323939417868839, 6.229599161684336, 6.084203790506386]","[[1, 4], [1, 2], [1, 4], [3, 4]]","[true, true, true, true, true]",0,4.0,0,1,1,"[[4, 7], [4, 7], [4, 7], [4, 7], [4, 7]]","[[6, 9], [6, 9], [6, 9], [6, 9], [6, 9]]","[[2, 2], [2, 2], [2, 2], [2, 2], [2, 2]]","[[1.0, 1.75], [1.0, 1.75], [1.0, 1.75], [1.0, 1.75], [1.0, 1.75]]","[4.0, 7.0]",0.5,0.9940758530898747,0.6166733329999943
03_parameter_sensitivity|smoothing_3|rounded_square--demand_conflict|n0_d1_m0|25005|v11_full,03_parameter_sensitivity,independent_seeded,S25005,25005,rounded_square--demand_conflict,rounded_square,demand_conflict,smoothing_window,3,12,v11_full,0.25,3,0.65,n0_d1_m0,0.0,4,1.0,13.449428834251158,8.722191794079302,0.7104452978795681,0.6485176360699291,1.0,0.8333333333333334,3.021275814696837,2.244789585914606,0.7429939282586997,"[13.449428834251158, 9.60650408579691, 8.796129213601645, 8.722191794079302, 8.741588774470054]","[[1, 4], [1, 4], [1, 4], [1, 4]]","[true, true, true, true, false]",1,2.0,0,1,1,"[[5, 8], [5, 8], [5, 8], [5, 8], [5, 8]]","[[7, 10], [7, 10], [7, 10], [7, 10], [7, 10]]","[[2, 2], [2, 2], [2, 2], [2, 2], [2, 2]]","[[1.25, 2.0], [1.25, 2.0], [1.25, 2.0], [1.25, 2.0], [1.25, 2.0]]","[5.0, 8.0]",0.5,0.9915913405244026,0.8836765839999998
03_parameter_sensitivity|smoothing_3|rounded_square--demand_conflict|n0_d1_m0|25006|v11_full,03_parameter_sensitivity,independent_seeded,S25006,25006,rounded_square--demand_conflict,rounded_square,demand_conflict,smoothing_window,3,12,v11_full,0.25,3,0.65,n0_d1_m0,0.0,4,1.0,12.668752557348686,7.598184080572114,0.7060508733963545,0.5997578724643006,1.0,0.8333333333333334,2.6027135139067417,1.6844114526975515,0.6471751284563031,"[12.668752557348686, 9.182751374516942, 8.685598753773096, 7.598184080572114, 7.956449488593723]","[[1, 2], [2, 4], [3, 4], [2, 4]]","[true, true, true, true, false]",1,2.0,0,1,1,"[[6, 7], [6, 7], [6, 7], [6, 7], [6, 7]]","[[8, 9], [8, 9], [8, 9], [8, 9], [8, 9]]","[[2, 2], [2, 2], [2, 2], [2, 2], [2, 2]]","[[1.5, 1.75], [1.5, 1.75], [1.5, 1.75], [1.5, 1.75], [1.5, 1.75]]","[6.0, 7.0]",1.0,0.999261588026912,0.6964632909999864
03_parameter_sensitivity|smoothing_3|rounded_square--demand_conflict|n1_d1_m1|25001|v11_full,03_parameter_sensitivity,independent_seeded,S25001,25001,rounded_square--demand_conflict,rounded_square,demand_conflict,smoothing_window,3,12,v11_full,0.25,3,0.65,n1_d1_m1,0.05,4,1.7,13.018710329567652,8.537484608961055,0.7463544268234075,0.6557857416622145,1.0,0.8333333333333334,2.7142490987481973,1.9708046630285054,0.7260957234682086,"[13.018710329567652, 9.548236889946072, 9.521173479420337, 9.018780505386994, 8.537484608961055]","[[1, 2], [2, 4], [2, 3], [2, 4]]","[true, true, true, true, true]",0,4.0,0,1,1,"[[7, 7], [7, 7], [7, 7], [7, 7], [7, 7]]","[[9, 9], [9, 9], [9, 9], [9, 9], [9, 9]]","[[2, 2], [2, 2], [2, 2], [2, 2], [2, 2]]","[[1.75, 1.75], [1.75, 1.75], [1.75, 1.75], [1.75, 1.75], [1.75, 1.75]]","[7.0, 7.0]",0.5,0.999226803723953,0.8110558330000117
03_parameter_sensitivity|smoothing_3|rounded_square--demand_conflict|n1_d1_m1|25002|v11_full,03_parameter_sensitivity,independent_seeded,S25002,25002,rounded_square--demand_conflict,rounded_square,demand_conflict,smoothing_window,3,12,v11_full,0.25,3,0.65,n1_d1_m1,0.05,4,1.7,9.938895279283194,7.6490008659432505,0.8691601973064824,0.7696027225366747,0.8333333333333334,0.8333333333333334,2.3335768553918896,1.5993314003158536,0.6853562146969742,"[9.938895279283194, 9.750040044934352, 7.6490008659432505, 8.123653451521196, 8.123653451521196]","[[2, 4], [2, 3], [2, 3], [2, 3]]","[true, true, true, false, false]",2,1.0,0,1,1,"[[7, 5], [7, 5], [7, 5], [7, 5], [7, 5]]","[[9, 7], [9, 7], [9, 7], [9, 7], [9, 7]]","[[2, 2], [2, 2], [2, 2], [2, 2], [2, 2]]","[[1.75, 1.25], [1.75, 1.25], [1.75, 1.25], [1.75, 1.25], [1.75, 1.25]]","[7.0, 5.0]",1.0,0.9962414692327883,0.8200473329999909
03_parameter_sensitivity|smoothing_3|rounded_square--demand_conflict|n1_d1_m1|25003|v11_full,03_parameter_sensitivity,independent_seeded,S25003,25003,rounded_square--demand_conflict,rounded_square,demand_conflict,smoothing_window,3,12,v11_full,0.25,3,0.65,n1_d1_m1,0.05,4,1.7,12.197438303545976,7.129197917237169,0.657827115759004,0.5844832119515296,1.0,0.8333333333333334,2.8509579756317676,1.8464719708343658,0.6476672005048375,"[12.197438303545976, 8.119491506894814, 7.235764299015271, 7.076648719178542, 7.129197917237169]","[[1, 4], [1, 4], [2, 4], [1, 4]]","[true, true, true, true, true]",0,4.0,0,1,1,"[[4, 7], [4, 7], [4, 7], [4, 7], [4, 7]]","[[6, 9], [6, 9], [6, 9], [6, 9], [6, 9]]","[[2, 2], [2, 2], [2, 2], [2, 2], [2, 2]]","[[1.0, 1.75], [1.0, 1.75], [1.0, 1.75], [1.0, 1.75], [1.0, 1.75]]","[4.0, 7.0]",1.0,0.9911666455521112,0.7563555410000049
03_parameter_sensitivity|smoothing_3|rounded_square--demand_conflict|n1_d1_m1|25004|v11_full,03_parameter_sensitivity,independent_seeded,S25004,25004,rounded_square--demand_conflict,rounded_square,demand_conflict,smoothing_window,3,12,v11_full,0.25,3,0.65,n1_d1_m1,0.05,4,1.7,10.811479195275698,5.94645836912839,0.6283282273417243,0.5500133942566174,1.0,0.8333333333333334,2.5216385907499954,1.4571752481357103,0.577868396161526,"[10.811479195275698, 6.713522624474844, 6.145882652061653, 5.934256172099506, 5.94645836912839]","[[1, 4], [1, 2], [1, 4], [3, 4]]","[true, true, true, true, true]",0,4.0,0,1,1,"[[4, 7], [4, 7], [4, 7], [4, 7], [4, 7]]","[[6, 9], [6, 9], [6, 9], [6, 9], [6, 9]]","[[2, 2], [2, 2], [2, 2], [2, 2], [2, 2]]","[[1.0, 1.75], [1.0, 1.75], [1.0, 1.75], [1.0, 1.75], [1.0, 1.75]]","[4.0, 7.0]",0.5,0.9921982341449501,0.7299490830000082
03_parameter_sensitivity|smoothing_3|rounded_square--demand_conflict|n1_d1_m1|25005|v11_full,03_parameter_sensitivity,independent_seeded,S25005,25005,rounded_square--demand_conflict,rounded_square,demand_conflict,smoothing_window,3,12,v11_full,0.25,3,0.65,n1_d1_m1,0.05,4,1.7,13.809962620752362,8.917647024997727,0.7115153480551617,0.6457401276088245,1.0,0.8333333333333334,3.3028687880947087,2.350390051426188,0.711620776428734,"[13.809962620752362, 9.876151918264753, 9.103712786265778, 8.960331915527982, 8.917647024997727]","[[1, 4], [1, 4], [1, 4], [1, 4]]","[true, true, true, true, true]",0,4.0,0,1,1,"[[4, 8], [4, 8], [4, 8], [4, 8], [4, 8]]","[[6, 10], [6, 10], [6, 10], [6, 10], [6, 10]]","[[2, 2], [2, 2], [2, 2], [2, 2], [2, 2]]","[[1.0, 2.0], [1.0, 2.0], [1.0, 2.0], [1.0, 2.0], [1.0, 2.0]]","[4.0, 8.0]",1.0,0.9860236194426586,0.8752157079999847
03_parameter_sensitivity|smoothing_3|rounded_square--demand_conflict|n1_d1_m1|25006|v11_full,03_parameter_sensitivity,independent_seeded,S25006,25006,rounded_square--demand_conflict,rounded_square,demand_conflict,smoothing_window,3,12,v11_full,0.25,3,0.65,n1_d1_m1,0.05,4,1.7,11.789988627730645,6.7722980982202525,0.6985611869471623,0.5744109101421411,1.0,0.8333333333333334,2.4148354352553416,1.51678358833891,0.6281105396229733,"[11.789988627730645, 8.615016653937895, 8.115148504953908, 6.7722980982202525, 7.093312457093766]","[[1, 2], [2, 4], [3, 4], [2, 4]]","[true, true, true, true, false]",1,2.0,0,1,1,"[[6, 7], [6, 7], [6, 7], [6, 7], [6, 7]]","[[8, 9], [8, 9], [8, 9], [8, 9], [8, 9]]","[[2, 2], [2, 2], [2, 2], [2, 2], [2, 2]]","[[1.5, 1.75], [1.5, 1.75], [1.5, 1.75], [1.5, 1.75], [1.5, 1.75]]","[6.0, 7.0]",1.0,0.9985842184305476,0.7594599160000257
03_parameter_sensitivity|smoothing_3|s_curve--demand_conflict|n0_d1_m0|25001|v11_full,03_parameter_sensitivity,independent_seeded,S25001,25001,s_curve--demand_conflict,s_curve,demand_conflict,smoothing_window,3,12,v11_full,0.25,3,0.65,n0_d1_m0,0.0,4,1.0,5.889184724160488,1.1438301377360085,0.45615983681430056,0.19422554925869864,0.8333333333333334,0.16666666666666666,1.4287283043904688,0.8233717657265619,0.5762969510692467,"[5.889184724160488, 3.52282734770433, 2.2236166598532066, 1.4826867324634947, 1.1438301377360085]","[[2, 4], [2, 4], [2, 4], [2, 4]]","[true, true, true, true, true]",0,4.0,0,1,1,"[[7, 7], [7, 7], [7, 7], [7, 7], [7, 7]]","[[9, 9], [9, 9], [9, 9], [9, 9], [9, 9]]","[[2, 2], [2, 2], [2, 2], [2, 2], [2, 2]]","[[1.75, 1.75], [1.75, 1.75], [1.75, 1.75], [1.75, 1.75], [1.75, 1.75]]","[7.0, 7.0]",0.5,0.9995255746760974,0.6141925410000226
03_parameter_sensitivity|smoothing_3|s_curve--demand_conflict|n0_d1_m0|25002|v11_full,03_parameter_sensitivity,independent_seeded,S25002,25002,s_curve--demand_conflict,s_curve,demand_conflict,smoothing_window,3,12,v11_full,0.25,3,0.65,n0_d1_m0,0.0,4,1.0,4.161383072292191,0.48547923203524534,0.37205912823290177,0.11666295162003233,0.6666666666666666,0.0,1.147711003813104,0.427764543275281,0.3727110238153116,"[4.161383072292191, 2.0051747648689187, 1.159469249650924, 0.7050470657971875, 0.48547923203524534]","[[2, 4], [2, 4], [2, 4], [2, 4]]","[true, true, true, true, true]",0,4.0,0,1,1,"[[7, 5], [7, 5], [7, 5], [7, 5], [7, 5]]","[[9, 7], [9, 7], [9, 7], [9, 7], [9, 7]]","[[2, 2], [2, 2], [2, 2], [2, 2], [2, 2]]","[[1.75, 1.25], [1.75, 1.25], [1.75, 1.25], [1.75, 1.25], [1.75, 1.25]]","[7.0, 5.0]",1.0,0.9961537557211293,0.5318794579999917
03_parameter_sensitivity|smoothing_3|s_curve--demand_conflict|n0_d1_m0|25003|v11_full,03_parameter_sensitivity,independent_seeded,S25003,25003,s_curve--demand_conflict,s_curve,demand_conflict,smoothing_window,3,12,v11_full,0.25,3,0.65,n0_d1_m0,0.0,4,1.0,7.045089738078795,2.043011233480076,0.49715058615808316,0.2899908034439328,1.0,0.16666666666666666,1.4769385389837075,0.9220486402638705,0.6242972310129703,"[7.045089738078795, 4.199008576572531, 2.910582874556652, 2.3562400343800594, 2.043011233480076]","[[2, 4], [3, 4], [2, 4], [2, 4]]","[true, true, true, true, true]",0,4.0,0,1,1,"[[4, 7], [4, 7], [5, 7], [4, 7], [4, 7]]","[[6, 9], [6, 9], [7, 9], [6, 9], [6, 9]]","[[2, 2], [2, 2], [2, 2], [2, 2], [2, 2]]","[[1.0, 1.75], [1.0, 1.75], [1.0, 1.75], [1.0, 1.75], [1.0, 1.75]]","[4.0, 7.0]",1.0,0.9915018492362611,0.646792167000001
03_parameter_sensitivity|smoothing_3|s_curve--demand_conflict|n0_d1_m0|25004|v11_full,03_parameter_sensitivity,independent_seeded,S25004,25004,s_curve--demand_conflict,s_curve,demand_conflict,smoothing_window,3,12,v11_full,0.25,3,0.65,n0_d1_m0,0.0,4,1.0,5.9434022494458185,0.9073962426365396,0.4101104910677976,0.15267286388383827,1.0,0.16666666666666666,1.271164962007702,0.7325284375889781,0.5762654411367734,"[5.9434022494458185, 3.341019035391714, 1.748528832791831, 1.234859346309987, 0.9073962426365396]","[[2, 4], [3, 4], [2, 4], [2, 4]]","[true, true, true, true, true]",0,4.0,0,1,1,"[[4, 7], [4, 7], [4, 7], [4, 7], [4, 7]]","[[6, 9], [6, 9], [6, 9], [6, 9], [6, 9]]","[[2, 2], [2, 2], [2, 2], [2, 2], [2, 2]]","[[1.0, 1.75], [1.0, 1.75], [1.0, 1.75], [1.0, 1.75], [1.0, 1.75]]","[4.0, 7.0]",0.5,0.9948284287297795,0.575623209000014
03_parameter_sensitivity|smoothing_3|s_curve--demand_conflict|n0_d1_m0|25005|v11_full,03_parameter_sensitivity,independent_seeded,S25005,25005,s_curve--demand_conflict,s_curve,demand_conflict,smoothing_window,3,12,v11_full,0.25,3,0.65,n0_d1_m0,0.0,4,1.0,7.462057935954583,2.610257472097116,0.5441877186569228,0.34980396755164017,1.0,0.16666666666666666,1.576170369395593,1.0299711328383214,0.6534643416963103,"[7.462057935954583, 4.758643244171854, 3.5318721528851316, 2.91636803752881, 2.610257472097116]","[[2, 4], [3, 4], [2, 4], [2, 4]]","[true, true, true, true, true]",0,4.0,0,1,1,"[[5, 8], [5, 8], [5, 8], [5, 8], [5, 8]]","[[7, 10], [7, 10], [7, 10], [7, 10], [7, 10]]","[[2, 2], [2, 2], [2, 2], [2, 2], [2, 2]]","[[1.25, 2.0], [1.25, 2.0], [1.25, 2.0], [1.25, 2.0], [1.25, 2.0]]","[5.0, 8.0]",0.5,0.9910668890008048,0.6822837079999999
03_parameter_sensitivity|smoothing_3|s_curve--demand_conflict|n0_d1_m0|25006|v11_full,03_parameter_sensitivity,independent_seeded,S25006,25006,s_curve--demand_conflict,s_curve,demand_conflict,smoothing_window,3,12,v11_full,0.25,3,0.65,n0_d1_m0,0.0,4,1.0,6.272329677264286,1.5431008632542582,0.484030348177199,0.24601718064145042,0.6666666666666666,0.16666666666666666,1.420736810112284,0.8683898158472678,0.6112249712025389,"[6.272329677264286, 3.830236093198085, 2.5543907909635983, 1.8516495158526853, 1.5431008632542582]","[[2, 4], [2, 4], [2, 4], [2, 4]]","[true, true, true, true, true]",0,4.0,0,1,1,"[[6, 7], [6, 7], [6, 7], [6, 7], [6, 7]]","[[8, 9], [8, 9], [8, 9], [8, 9], [8, 9]]","[[2, 2], [2, 2], [2, 2], [2, 2], [2, 2]]","[[1.5, 1.75], [1.5, 1.75], [1.5, 1.75], [1.5, 1.75], [1.5, 1.75]]","[6.0, 7.0]",1.0,0.9991105254608518,0.7744337080000037
03_parameter_sensitivity|smoothing_3|s_curve--demand_conflict|n1_d1_m1|25001|v11_full,03_parameter_sensitivity,independent_seeded,S25001,25001,s_curve--demand_conflict,s_curve,demand_conflict,smoothing_window,3,12,v11_full,0.25,3,0.65,n1_d1_m1,0.05,4,1.7,6.172442865761097,1.2896298431210151,0.481896693024794,0.2089334597610725,0.6666666666666666,0.16666666666666666,1.4814461802864705,0.9241334197899123,0.6238049225731647,"[6.172442865761097, 3.976922153271281, 2.527922186520072, 1.6620385253466112, 1.2896298431210151]","[[2, 4], [2, 4], [2, 4], [2, 4]]","[true, true, true, true, true]",0,4.0,0,1,1,"[[7, 7], [7, 7], [7, 7], [7, 7], [7, 7]]","[[9, 9], [9, 9], [9, 9], [9, 9], [9, 9]]","[[2, 2], [2, 2], [2, 2], [2, 2], [2, 2]]","[[1.75, 1.75], [1.75, 1.75], [1.75, 1.75], [1.75, 1.75], [1.75, 1.75]]","[7.0, 7.0]",0.5,0.9926236427461527,0.7650491670000292
03_parameter_sensitivity|smoothing_3|s_curve--demand_conflict|n1_d1_m1|25002|v11_full,03_parameter_sensitivity,independent_seeded,S25002,25002,s_curve--demand_conflict,s_curve,demand_conflict,smoothing_window,3,12,v11_full,0.25,3,0.65,n1_d1_m1,0.05,4,1.7,3.758444249514037,0.6895575921834637,0.38752346938288834,0.18346888936096972,0.6666666666666666,0.0,1.0611032107692642,0.35769718924642585,0.33709933738406783,"[3.758444249514037, 1.630944161251669, 1.146732550239817, 0.8242637878751466, 0.6895575921834637]","[[3, 4], [2, 4], [2, 4], [2, 3]]","[true, true, true, true, true]",0,4.0,0,1,1,"[[7, 5], [7, 5], [7, 5], [7, 5], [7, 5]]","[[9, 7], [9, 7], [9, 7], [9, 7], [9, 7]]","[[2, 2], [2, 2], [2, 2], [2, 2], [2, 2]]","[[1.75, 1.25], [1.75, 1.25], [1.75, 1.25], [1.75, 1.25], [1.75, 1.25]]","[7.0, 5.0]",1.0,0.9900044137417559,0.6213139580000302
03_parameter_sensitivity|smoothing_3|s_curve--demand_conflict|n1_d1_m1|25003|v11_full,03_parameter_sensitivity,independent_seeded,S25003,25003,s_curve--demand_conflict,s_curve,demand_conflict,smoothing_window,3,12,v11_full,0.25,3,0.65,n1_d1_m1,0.05,4,1.7,6.782231339764961,1.6806025342717135,0.4444946679171575,0.2477949291434749,1.0,0.3333333333333333,1.4324861151779118,0.8879931560834835,0.6198965188386462,"[6.782231339764961, 3.6522156819082725, 2.251458223896578, 1.9235718256014722, 1.6806025342717135]","[[3, 4], [3, 4], [2, 4], [2, 4]]","[true, true, true, true, true]",0,4.0,0,1,1,"[[4, 7], [4, 7], [4, 7], [4, 7], [4, 7]]","[[6, 9], [6, 9], [6, 9], [6, 9], [6, 9]]","[[2, 2], [2, 2], [2, 2], [2, 2], [2, 2]]","[[1.0, 1.75], [1.0, 1.75], [1.0, 1.75], [1.0, 1.75], [1.0, 1.75]]","[4.0, 7.0]",1.0,0.9851427549738603,0.683490332999952
03_parameter_sensitivity|smoothing_3|s_curve--demand_conflict|n1_d1_m1|25004|v11_full,03_parameter_sensitivity,independent_seeded,S25004,25004,s_curve--demand_conflict,s_curve,demand_conflict,smoothing_window,3,12,v11_full,0.25,3,0.65,n1_d1_m1,0.05,4,1.7,5.921960720002671,1.2406502448688608,0.4246797275644338,0.20949991118284572,1.0,0.5,1.2802005558494474,0.8122693387328506,0.6344860069162274,"[5.921960720002671, 3.382572074242206, 1.7437887652056543, 1.2406502448688608, 1.4635104331079891]","[[2, 4], [3, 4], [2, 4], [2, 3]]","[true, true, true, true, false]",1,2.0,0,1,1,"[[4, 7], [4, 7], [4, 7], [4, 7], [4, 7]]","[[6, 9], [6, 9], [6, 9], [6, 9], [6, 9]]","[[2, 2], [2, 2], [2, 2], [2, 2], [2, 2]]","[[1.0, 1.75], [1.0, 1.75], [1.0, 1.75], [1.0, 1.75], [1.0, 1.75]]","[4.0, 7.0]",0.5,0.9866595101796106,0.5676710419999722
03_parameter_sensitivity|smoothing_3|s_curve--demand_conflict|n1_d1_m1|25005|v11_full,03_parameter_sensitivity,independent_seeded,S25005,25005,s_curve--demand_conflict,s_curve,demand_conflict,smoothing_window,3,12,v11_full,0.25,3,0.65,n1_d1_m1,0.05,4,1.7,8.001548923988201,3.0080776333447097,0.5383432675201867,0.37593691695449855,1.0,0.5,1.702043062256288,1.2072540938900618,0.7092970328786413,"[8.001548923988201, 4.937080412968349, 3.545416548424547, 3.2430097317904187, 3.0080776333447097]","[[3, 4], [3, 4], [2, 4], [2, 4]]","[true, true, true, true, true]",0,4.0,0,1,1,"[[4, 8], [5, 8], [5, 8], [4, 8], [4, 8]]","[[6, 10], [7, 10], [7, 10], [6, 10], [6, 10]]","[[2, 2], [2, 2], [2, 2], [2, 2], [2, 2]]","[[1.0, 2.0], [1.125, 2.0], [1.25, 2.0], [1.125, 2.0], [1.0, 2.0]]","[4.0, 8.0]",1.0,0.9789566046022328,0.6539376659999903
03_parameter_sensitivity|smoothing_3|s_curve--demand_conflict|n1_d1_m1|25006|v11_full,03_parameter_sensitivity,independent_seeded,S25006,25006,s_curve--demand_conflict,s_curve,demand_conflict,smoothing_window,3,12,v11_full,0.25,3,0.65,n1_d1_m1,0.05,4,1.7,5.785333470104064,0.9396451391403497,0.44597169680111715,0.162418492208963,0.6666666666666666,0.16666666666666666,1.3243256180748504,0.7840765203396007,0.5920572022758266,"[5.785333470104064, 3.484617892199558, 2.1574863299736595, 1.3157864100949932, 0.9396451391403497]","[[2, 4], [2, 4], [2, 4], [2, 4]]","[true, true, true, true, true]",0,4.0,0,1,1,"[[6, 7], [6, 7], [6, 7], [6, 7], [6, 7]]","[[8, 9], [8, 9], [8, 9], [8, 9], [8, 9]]","[[2, 2], [2, 2], [2, 2], [2, 2], [2, 2]]","[[1.5, 1.75], [1.5, 1.75], [1.5, 1.75], [1.5, 1.75], [1.5, 1.75]]","[6.0, 7.0]",1.0,0.9924047028789982,0.5475309580000385
03_parameter_sensitivity|smoothing_7|ellipse--demand_conflict|n0_d1_m0|25001|v11_full,03_parameter_sensitivity,independent_seeded,S25001,25001,ellipse--demand_conflict,ellipse,demand_conflict,smoothing_window,7,12,v11_full,0.25,7,0.65,n0_d1_m0,0.0,4,1.0,7.931809151646931,1.2877051191456665,0.37231209026512596,0.16234696202672658,0.8333333333333334,0.3333333333333333,2.1742433997047765,0.3450253181904058,0.15868753159708526,"[7.931809151646931, 3.6177555702656226, 2.0961272534779933, 1.4887938201949813, 1.2877051191456665]","[[2, 3], [2, 3], [3, 4], [3, 4]]","[true, true, true, true, true]",0,4.0,0,1,1,"[[7, 7], [7, 7], [7, 7], [7, 7], [7, 7]]","[[9, 9], [9, 9], [9, 9], [9, 9], [9, 9]]","[[2, 2], [2, 2], [2, 2], [2, 2], [2, 2]]","[[1.75, 1.75], [1.75, 1.75], [1.75, 1.75], [1.75, 1.75], [1.75, 1.75]]","[7.0, 7.0]",0.5,0.9998141877872114,0.5177226660000542
03_parameter_sensitivity|smoothing_7|ellipse--demand_conflict|n0_d1_m0|25002|v11_full,03_parameter_sensitivity,independent_seeded,S25002,25002,ellipse--demand_conflict,ellipse,demand_conflict,smoothing_window,7,12,v11_full,0.25,7,0.65,n0_d1_m0,0.0,4,1.0,7.766290542448517,0.86395650978212,0.34347161827582445,0.11124442294039338,0.8333333333333334,0.16666666666666666,1.9704335955951635,0.21951055024533475,0.11140215571640832,"[7.766290542448517, 3.5689763692389977, 1.7325533816716114, 1.053348245434162, 0.86395650978212]","[[2, 3], [2, 3], [2, 3], [3, 4]]","[true, true, true, true, true]",0,4.0,0,1,1,"[[7, 5], [7, 5], [7, 5], [7, 5], [7, 5]]","[[9, 7], [9, 7], [9, 7], [9, 7], [9, 7]]","[[2, 2], [2, 2], [2, 2], [2, 2], [2, 2]]","[[1.75, 1.25], [1.75, 1.25], [1.75, 1.25], [1.75, 1.25], [1.75, 1.25]]","[7.0, 5.0]",1.0,0.9984943430824713,0.45398012499998686
03_parameter_sensitivity|smoothing_7|ellipse--demand_conflict|n0_d1_m0|25003|v11_full,03_parameter_sensitivity,independent_seeded,S25003,25003,ellipse--demand_conflict,ellipse,demand_conflict,smoothing_window,7,12,v11_full,0.25,7,0.65,n0_d1_m0,0.0,4,1.0,7.279743388405482,0.3961046564913334,0.3220371997158571,0.05441189824386024,0.6666666666666666,0.0,1.85507896209821,0.06754760722705312,0.036412254468485034,"[7.279743388405482, 3.155211615904687, 1.5902348679749196, 0.7940221954804902, 0.3961046564913334]","[[3, 4], [1, 4], [1, 4], [1, 3]]","[true, true, true, true, true]",0,4.0,0,1,1,"[[4, 7], [4, 7], [4, 7], [4, 7], [4, 7]]","[[6, 9], [6, 9], [6, 9], [6, 9], [6, 9]]","[[2, 2], [2, 2], [2, 2], [2, 2], [2, 2]]","[[1.0, 1.75], [1.0, 1.75], [1.0, 1.75], [1.0, 1.75], [1.0, 1.75]]","[4.0, 7.0]",1.0,0.9963948483797268,0.363207999999986
03_parameter_sensitivity|smoothing_7|ellipse--demand_conflict|n0_d1_m0|25004|v11_full,03_parameter_sensitivity,independent_seeded,S25004,25004,ellipse--demand_conflict,ellipse,demand_conflict,smoothing_window,7,12,v11_full,0.25,7,0.65,n0_d1_m0,0.0,4,1.0,6.237600449225314,0.2856769657813285,0.3139679876460644,0.04579917679991967,0.6666666666666666,0.0,1.6054979846693018,0.04960596125914136,0.030897554361838157,"[6.237600449225314, 2.6762173543635033, 1.2884022226329304, 0.6073691586340814, 0.2856769657813285]","[[3, 4], [1, 4], [1, 3], [1, 3]]","[true, true, true, true, true]",0,4.0,0,1,1,"[[4, 7], [4, 7], [4, 7], [4, 7], [4, 7]]","[[6, 9], [6, 9], [6, 9], [6, 9], [6, 9]]","[[2, 2], [2, 2], [2, 2], [2, 2], [2, 2]]","[[1.0, 1.75], [1.0, 1.75], [1.0, 1.75], [1.0, 1.75], [1.0, 1.75]]","[4.0, 7.0]",0.5,0.9976040316547046,0.36645241700000497
03_parameter_sensitivity|smoothing_7|ellipse--demand_conflict|n0_d1_m0|25005|v11_full,03_parameter_sensitivity,independent_seeded,S25005,25005,ellipse--demand_conflict,ellipse,demand_conflict,smoothing_window,7,12,v11_full,0.25,7,0.65,n0_d1_m0,0.0,4,1.0,7.539010853039086,0.3897137177614599,0.32067268851756375,0.05169295088683426,0.6666666666666666,0.0,1.9428950434958454,0.06743703204252796,0.03470955997766544,"[7.539010853039086, 3.2591597061559465, 1.6363029737278993, 0.8103945507444217, 0.3897137177614599]","[[3, 4], [1, 4], [1, 4], [1, 3]]","[true, true, true, true, true]",0,4.0,0,1,1,"[[5, 8], [5, 8], [5, 8], [5, 8], [5, 8]]","[[7, 10], [7, 10], [7, 10], [7, 10], [7, 10]]","[[2, 2], [2, 2], [2, 2], [2, 2], [2, 2]]","[[1.25, 2.0], [1.25, 2.0], [1.25, 2.0], [1.25, 2.0], [1.25, 2.0]]","[5.0, 8.0]",0.5,0.9962503092431362,0.3790775830000257
03_parameter_sensitivity|smoothing_7|ellipse--demand_conflict|n0_d1_m0|25006|v11_full,03_parameter_sensitivity,independent_seeded,S25006,25006,ellipse--demand_conflict,ellipse,demand_conflict,smoothing_window,7,12,v11_full,0.25,7,0.65,n0_d1_m0,0.0,4,1.0,6.569664275539642,0.3170723905110719,0.3172043488618915,0.04826310405108594,0.8333333333333334,0.0,1.9396508864759971,0.06299997639790529,0.032480059601016714,"[6.569664275539642, 2.824135308448791, 1.3985374071722296, 0.6696632664087521, 0.3170723905110719]","[[3, 4], [3, 4], [1, 3], [1, 3]]","[true, true, true, true, true]",0,4.0,0,1,1,"[[6, 7], [6, 7], [6, 7], [6, 7], [6, 7]]","[[8, 9], [8, 9], [8, 9], [8, 9], [8, 9]]","[[2, 2], [2, 2], [2, 2], [2, 2], [2, 2]]","[[1.5, 1.75], [1.5, 1.75], [1.5, 1.75], [1.5, 1.75], [1.5, 1.75]]","[6.0, 7.0]",1.0,0.9996478555880706,0.39769937500000196
03_parameter_sensitivity|smoothing_7|ellipse--demand_conflict|n1_d1_m1|25001|v11_full,03_parameter_sensitivity,independent_seeded,S25001,25001,ellipse--demand_conflict,ellipse,demand_conflict,smoothing_window,7,12,v11_full,0.25,7,0.65,n1_d1_m1,0.05,4,1.7,7.488128890501111,1.0845809869600789,0.35746794891250183,0.14484005321221147,0.8333333333333334,0.3333333333333333,2.1265330876573425,0.3023894249791678,0.14219831646837425,"[7.488128890501111, 3.3496136839330335, 1.8094969492619921, 1.2615987307938994, 1.0845809869600789]","[[2, 3], [3, 4], [3, 4], [3, 4]]","[true, true, true, true, true]",0,4.0,0,1,1,"[[7, 7], [7, 7], [7, 7], [7, 7], [7, 7]]","[[9, 9], [9, 9], [9, 9], [9, 9], [9, 9]]","[[2, 2], [2, 2], [2, 2], [2, 2], [2, 2]]","[[1.75, 1.75], [1.75, 1.75], [1.75, 1.75], [1.75, 1.75], [1.75, 1.75]]","[7.0, 7.0]",0.5,0.9997072630330655,0.6125564999999824
03_parameter_sensitivity|smoothing_7|ellipse--demand_conflict|n1_d1_m1|25002|v11_full,03_parameter_sensitivity,independent_seeded,S25002,25002,ellipse--demand_conflict,ellipse,demand_conflict,smoothing_window,7,12,v11_full,0.25,7,0.65,n1_d1_m1,0.05,4,1.7,7.1732068950022025,0.35203761790997373,0.30846602691087943,0.049076741137251925,0.8333333333333334,0.0,1.8160957926442736,0.10084149751420293,0.055526530000587465,"[7.1732068950022025, 3.1023945298105686, 1.3875056959268321, 0.598240042250731, 0.35203761790997373]","[[2, 3], [2, 3], [2, 3], [2, 3]]","[true, true, true, true, true]",0,4.0,0,1,1,"[[7, 5], [7, 5], [7, 5], [7, 5], [7, 5]]","[[9, 7], [9, 7], [9, 7], [9, 7], [9, 7]]","[[2, 2], [2, 2], [2, 2], [2, 2], [2, 2]]","[[1.75, 1.25], [1.75, 1.25], [1.75, 1.25], [1.75, 1.25], [1.75, 1.25]]","[7.0, 5.0]",1.0,0.998478133015126,0.5127498749999972
03_parameter_sensitivity|smoothing_7|ellipse--demand_conflict|n1_d1_m1|25003|v11_full,03_parameter_sensitivity,independent_seeded,S25003,25003,ellipse--demand_conflict,ellipse,demand_conflict,smoothing_window,7,12,v11_full,0.25,7,0.65,n1_d1_m1,0.05,4,1.7,7.073737856536296,0.4264915572401121,0.3281734982470861,0.060292248015103383,0.6666666666666666,0.0,1.7942068458114788,0.07141748774978497,0.03980448960860166,"[7.073737856536296, 3.1065567862793726, 1.596222779757766, 0.8327589193240988, 0.4264915572401121]","[[3, 4], [1, 4], [1, 4], [1, 3]]","[true, true, true, true, true]",0,4.0,0,1,1,"[[4, 7], [4, 7], [4, 7], [4, 7], [4, 7]]","[[6, 9], [6, 9], [6, 9], [6, 9], [6, 9]]","[[2, 2], [2, 2], [2, 2], [2, 2], [2, 2]]","[[1.0, 1.75], [1.0, 1.75], [1.0, 1.75], [1.0, 1.75], [1.0, 1.75]]","[4.0, 7.0]",1.0,0.9962264463981578,0.47052341699998124
03_parameter_sensitivity|smoothing_7|ellipse--demand_conflict|n1_d1_m1|25004|v11_full,03_parameter_sensitivity,independent_seeded,S25004,25004,ellipse--demand_conflict,ellipse,demand_conflict,smoothing_window,7,12,v11_full,0.25,7,0.65,n1_d1_m1,0.05,4,1.7,6.272059599870351,0.36970863433020457,0.31977905990388156,0.058945331823353014,0.6666666666666666,0.0,1.5946042184624036,0.062498496534876755,0.03919373585700212,"[6.272059599870351, 2.7758068873383843, 1.29488339586168, 0.631118889730285, 0.36970863433020457]","[[3, 4], [1, 4], [1, 3], [1, 3]]","[true, true, true, true, true]",0,4.0,0,1,1,"[[4, 7], [4, 7], [4, 7], [4, 7], [4, 7]]","[[6, 9], [6, 9], [6, 9], [6, 9], [6, 9]]","[[2, 2], [2, 2], [2, 2], [2, 2], [2, 2]]","[[1.0, 1.75], [1.0, 1.75], [1.0, 1.75], [1.0, 1.75], [1.0, 1.75]]","[4.0, 7.0]",0.5,0.9968733119436762,0.45686337500001173
03_parameter_sensitivity|smoothing_7|ellipse--demand_conflict|n1_d1_m1|25005|v11_full,03_parameter_sensitivity,independent_seeded,S25005,25005,ellipse--demand_conflict,ellipse,demand_conflict,smoothing_window,7,12,v11_full,0.25,7,0.65,n1_d1_m1,0.05,4,1.7,7.963615217036075,0.47139408818366624,0.33686164380783357,0.059193478757642845,0.6666666666666666,0.0,2.0012392545979276,0.08086540643598873,0.04040766552534746,"[7.963615217036075, 3.715952357994937, 1.87386325240243, 0.923225787648162, 0.47139408818366624]","[[3, 4], [1, 4], [1, 3], [1, 2]]","[true, true, true, true, true]",0,4.0,0,1,1,"[[4, 8], [4, 8], [4, 8], [4, 8], [4, 8]]","[[6, 10], [6, 10], [6, 10], [6, 10], [6, 10]]","[[2, 2], [2, 2], [2, 2], [2, 2], [2, 2]]","[[1.0, 2.0], [1.0, 2.0], [1.0, 2.0], [1.0, 2.0], [1.0, 2.0]]","[4.0, 8.0]",1.0,0.9942806448868935,0.4716076249999901
03_parameter_sensitivity|smoothing_7|ellipse--demand_conflict|n1_d1_m1|25006|v11_full,03_parameter_sensitivity,independent_seeded,S25006,25006,ellipse--demand_conflict,ellipse,demand_conflict,smoothing_window,7,12,v11_full,0.25,7,0.65,n1_d1_m1,0.05,4,1.7,6.063825769387071,0.27296354091578495,0.3122550906653838,0.04501506990748779,0.8333333333333334,0.0,1.7925268372907202,0.053856962779439445,0.03004527556242366,"[6.063825769387071, 2.553927407115155, 1.2840950515426282, 0.5674247477869898, 0.27296354091578495]","[[3, 4], [3, 4], [1, 3], [1, 4]]","[true, true, true, true, true]",0,4.0,0,1,1,"[[6, 7], [6, 7], [6, 7], [6, 7], [6, 7]]","[[8, 9], [8, 9], [8, 9], [8, 9], [8, 9]]","[[2, 2], [2, 2], [2, 2], [2, 2], [2, 2]]","[[1.5, 1.75], [1.5, 1.75], [1.5, 1.75], [1.5, 1.75], [1.5, 1.75]]","[6.0, 7.0]",1.0,0.9993135884474358,0.4444986660000154
03_parameter_sensitivity|smoothing_7|figure_eight--demand_conflict|n0_d1_m0|25001|v11_full,03_parameter_sensitivity,independent_seeded,S25001,25001,figure_eight--demand_conflict,figure_eight,demand_conflict,smoothing_window,7,12,v11_full,0.25,7,0.65,n0_d1_m0,0.0,4,1.0,11.530597929027934,5.900157524883909,0.619552349560301,0.5116957126768282,0.8333333333333334,0.8333333333333334,3.5406280069014553,1.5858205011210176,0.4478924354746977,"[11.530597929027934, 7.493122450742124, 6.3651519042316185, 6.001584073127925, 5.900157524883909]","[[2, 4], [2, 4], [2, 4], [2, 4]]","[true, true, true, true, true]",0,4.0,0,1,1,"[[7, 7], [7, 7], [7, 7], [7, 7], [7, 7]]","[[9, 9], [9, 9], [9, 9], [9, 9], [9, 9]]","[[2, 2], [2, 2], [2, 2], [2, 2], [2, 2]]","[[1.75, 1.75], [1.75, 1.75], [1.75, 1.75], [1.75, 1.75], [1.75, 1.75]]","[7.0, 7.0]",0.5,0.9997520434039828,0.7634937079999986
03_parameter_sensitivity|smoothing_7|figure_eight--demand_conflict|n0_d1_m0|25002|v11_full,03_parameter_sensitivity,independent_seeded,S25002,25002,figure_eight--demand_conflict,figure_eight,demand_conflict,smoothing_window,7,12,v11_full,0.25,7,0.65,n0_d1_m0,0.0,4,1.0,10.205787666034217,2.603299107153681,0.4325855523821335,0.25508066524034156,1.0,0.6666666666666666,2.9412102616826212,0.6666244724688621,0.22664971666714387,"[10.205787666034217, 5.179341709811453, 3.2957632920159643, 2.779856791603337, 2.603299107153681]","[[1, 4], [2, 4], [2, 4], [2, 4]]","[true, true, true, true, true]",0,4.0,0,1,1,"[[7, 5], [7, 5], [7, 5], [7, 5], [7, 5]]","[[9, 7], [9, 7], [9, 7], [9, 7], [9, 7]]","[[2, 2], [2, 2], [2, 2], [2, 2], [2, 2]]","[[1.75, 1.25], [1.75, 1.25], [1.75, 1.25], [1.75, 1.25], [1.75, 1.25]]","[7.0, 5.0]",1.0,0.9974036585588741,0.6463772500000005
03_parameter_sensitivity|smoothing_7|figure_eight--demand_conflict|n0_d1_m0|25003|v11_full,03_parameter_sensitivity,independent_seeded,S25003,25003,figure_eight--demand_conflict,figure_eight,demand_conflict,smoothing_window,7,12,v11_full,0.25,7,0.65,n0_d1_m0,0.0,4,1.0,11.943424306382695,6.530243270520393,0.6495790004612871,0.5467647387383332,1.0,1.0,3.434114444626585,1.8554710661494087,0.5403055419578968,"[11.943424306382695, 8.19633907674865, 6.9811173375104145, 6.618500289389843, 6.530243270520393]","[[2, 4], [2, 4], [2, 4], [2, 4]]","[true, true, true, true, true]",0,4.0,0,1,1,"[[4, 8], [4, 8], [4, 8], [4, 8], [4, 8]]","[[6, 10], [6, 10], [6, 10], [6, 10], [6, 10]]","[[2, 2], [2, 2], [2, 2], [2, 2], [2, 2]]","[[1.0, 2.0], [1.0, 2.0], [1.0, 2.0], [1.0, 2.0], [1.0, 2.0]]","[4.0, 8.0]",0.5,0.9934741741709968,0.8042208340000343
03_parameter_sensitivity|smoothing_7|figure_eight--demand_conflict|n0_d1_m0|25004|v11_full,03_parameter_sensitivity,independent_seeded,S25004,25004,figure_eight--demand_conflict,figure_eight,demand_conflict,smoothing_window,7,12,v11_full,0.25,7,0.65,n0_d1_m0,0.0,4,1.0,10.33382828411624,4.901402518947057,0.5892969643099075,0.47430655747210626,1.0,0.8333333333333334,2.972442702426152,1.3796107093869228,0.4641336595860583,"[10.33382828411624, 6.451317150436879, 5.302303081858126, 4.987538916291588, 4.901402518947057]","[[2, 4], [2, 4], [2, 4], [2, 4]]","[true, true, true, true, true]",0,4.0,0,1,1,"[[4, 7], [4, 7], [4, 7], [4, 7], [4, 7]]","[[6, 9], [6, 9], [6, 9], [6, 9], [6, 9]]","[[2, 2], [2, 2], [2, 2], [2, 2], [2, 2]]","[[1.0, 1.75], [1.0, 1.75], [1.0, 1.75], [1.0, 1.75], [1.0, 1.75]]","[4.0, 7.0]",0.5,0.9959513393739086,0.7111646249999808
03_parameter_sensitivity|smoothing_7|figure_eight--demand_conflict|n0_d1_m0|25005|v11_full,03_parameter_sensitivity,independent_seeded,S25005,25005,figure_eight--demand_conflict,figure_eight,demand_conflict,smoothing_window,7,12,v11_full,0.25,7,0.65,n0_d1_m0,0.0,4,1.0,12.65732316490088,7.364226093844815,0.675382835938704,0.5818154437476973,1.0,1.0,3.642795192090087,2.078291334016553,0.5705210489267486,"[12.65732316490088, 8.990465022986939, 7.779320919960832, 7.413594685693019, 7.364226093844815]","[[2, 4], [2, 4], [2, 4], [2, 4]]","[true, true, true, true, true]",0,4.0,0,1,1,"[[5, 8], [5, 8], [5, 8], [5, 8], [5, 8]]","[[7, 10], [7, 10], [7, 10], [7, 10], [7, 10]]","[[2, 2], [2, 2], [2, 2], [2, 2], [2, 2]]","[[1.25, 2.0], [1.25, 2.0], [1.25, 2.0], [1.25, 2.0], [1.25, 2.0]]","[5.0, 8.0]",0.5,0.993669196600983,0.857835792000003
03_parameter_sensitivity|smoothing_7|figure_eight--demand_conflict|n0_d1_m0|25006|v11_full,03_parameter_sensitivity,independent_seeded,S25006,25006,figure_eight--demand_conflict,figure_eight,demand_conflict,smoothing_window,7,12,v11_full,0.25,7,0.65,n0_d1_m0,0.0,4,1.0,11.568280104852967,5.93238387875522,0.6225540768483382,0.5128146816108428,0.8333333333333334,0.8333333333333334,3.4310419029031243,1.6200274003154442,0.47216776890561507,"[11.568280104852967, 7.610024702669948, 6.409435534619265, 6.0377275365056375, 5.93238387875522]","[[2, 4], [2, 4], [2, 4], [2, 4]]","[true, true, true, true, true]",0,4.0,0,1,1,"[[6, 7], [6, 7], [6, 7], [6, 7], [6, 7]]","[[8, 9], [8, 9], [8, 9], [8, 9], [8, 9]]","[[2, 2], [2, 2], [2, 2], [2, 2], [2, 2]]","[[1.5, 1.75], [1.5, 1.75], [1.5, 1.75], [1.5, 1.75], [1.5, 1.75]]","[6.0, 7.0]",1.0,0.9994290903443981,0.8066830000000209
03_parameter_sensitivity|smoothing_7|figure_eight--demand_conflict|n1_d1_m1|25001|v11_full,03_parameter_sensitivity,independent_seeded,S25001,25001,figure_eight--demand_conflict,figure_eight,demand_conflict,smoothing_window,7,12,v11_full,0.25,7,0.65,n1_d1_m1,0.05,4,1.7,11.677691315437041,6.075796550832026,0.6285441033043733,0.5202909022608153,0.8333333333333334,0.6666666666666666,3.547203318946834,1.6437817264312389,0.46340217310105536,"[11.677691315437041, 7.6875693845665385, 6.60354414079927, 6.191918607606226, 6.075796550832026]","[[2, 4], [2, 4], [2, 4], [2, 4]]","[true, true, true, true, true]",0,4.0,0,1,1,"[[7, 7], [7, 7], [7, 7], [7, 7], [7, 7]]","[[9, 9], [9, 9], [9, 9], [9, 9], [9, 9]]","[[2, 2], [2, 2], [2, 2], [2, 2], [2, 2]]","[[1.75, 1.75], [1.75, 1.75], [1.75, 1.75], [1.75, 1.75], [1.75, 1.75]]","[7.0, 7.0]",0.5,0.9994885254696697,0.840356292000024
03_parameter_sensitivity|smoothing_7|figure_eight--demand_conflict|n1_d1_m1|25002|v11_full,03_parameter_sensitivity,independent_seeded,S25002,25002,figure_eight--demand_conflict,figure_eight,demand_conflict,smoothing_window,7,12,v11_full,0.25,7,0.65,n1_d1_m1,0.05,4,1.7,9.444604032109284,1.8852032784066133,0.39274643139364607,0.19960638603772007,1.0,0.5,2.7197966276617676,0.5084424139177443,0.186941335519949,"[9.444604032109284, 4.631880195457294, 2.5199063431438873, 2.020647924288718, 1.8852032784066133]","[[1, 4], [2, 4], [2, 4], [2, 4]]","[true, true, true, true, true]",0,4.0,0,1,1,"[[7, 5], [7, 5], [7, 5], [7, 5], [7, 5]]","[[9, 7], [9, 7], [9, 7], [9, 7], [9, 7]]","[[2, 2], [2, 2], [2, 2], [2, 2], [2, 2]]","[[1.75, 1.25], [1.75, 1.25], [1.75, 1.25], [1.75, 1.25], [1.75, 1.25]]","[7.0, 5.0]",1.0,0.99693903275059,0.685941707999973
03_parameter_sensitivity|smoothing_7|figure_eight--demand_conflict|n1_d1_m1|25003|v11_full,03_parameter_sensitivity,independent_seeded,S25003,25003,figure_eight--demand_conflict,figure_eight,demand_conflict,smoothing_window,7,12,v11_full,0.25,7,0.65,n1_d1_m1,0.05,4,1.7,11.569640299296164,6.165203345725271,0.6351155198891707,0.5328777028703588,1.0,1.0,3.318112372978345,1.7521672852280028,0.5280614663617477,"[11.569640299296164, 7.772006195849773, 6.529279473883464, 6.223524962228782, 6.165203345725271]","[[2, 4], [2, 4], [2, 4], [2, 4]]","[true, true, true, true, true]",0,4.0,0,1,1,"[[4, 7], [4, 7], [4, 7], [4, 7], [4, 7]]","[[6, 9], [6, 9], [6, 9], [6, 9], [6, 9]]","[[2, 2], [2, 2], [2, 2], [2, 2], [2, 2]]","[[1.0, 1.75], [1.0, 1.75], [1.0, 1.75], [1.0, 1.75], [1.0, 1.75]]","[4.0, 7.0]",1.0,0.9929201402258818,0.8370722920000162
03_parameter_sensitivity|smoothing_7|figure_eight--demand_conflict|n1_d1_m1|25004|v11_full,03_parameter_sensitivity,independent_seeded,S25004,25004,figure_eight--demand_conflict,figure_eight,demand_conflict,smoothing_window,7,12,v11_full,0.25,7,0.65,n1_d1_m1,0.05,4,1.7,10.318952142072382,4.818215529402794,0.5835262740710494,0.4669287601168329,1.0,0.8333333333333334,2.9536337273818942,1.3624050268260204,0.4612640403567095,"[10.318952142072382, 6.393784763088405, 5.218618485741054, 4.9045316985568395, 4.818215529402794]","[[2, 4], [2, 4], [2, 4], [2, 4]]","[true, true, true, true, true]",0,4.0,0,1,1,"[[4, 7], [4, 7], [4, 7], [4, 7], [4, 7]]","[[6, 9], [6, 9], [6, 9], [6, 9], [6, 9]]","[[2, 2], [2, 2], [2, 2], [2, 2], [2, 2]]","[[1.0, 1.75], [1.0, 1.75], [1.0, 1.75], [1.0, 1.75], [1.0, 1.75]]","[4.0, 7.0]",0.5,0.9949863792580766,0.8151866250000239
03_parameter_sensitivity|smoothing_7|figure_eight--demand_conflict|n1_d1_m1|25005|v11_full,03_parameter_sensitivity,independent_seeded,S25005,25005,figure_eight--demand_conflict,figure_eight,demand_conflict,smoothing_window,7,12,v11_full,0.25,7,0.65,n1_d1_m1,0.05,4,1.7,13.208865916594977,7.762235937042685,0.6747141636835252,0.5876534735121044,1.0,1.0,3.7822836944178975,2.2310533542996365,0.5898693843595995,"[13.208865916594977, 9.310223488676055, 8.070040182683755, 7.783021082314163, 7.762235937042685]","[[2, 4], [2, 4], [2, 4], [2, 4]]","[true, true, true, true, true]",0,4.0,0,1,1,"[[4, 8], [4, 8], [4, 8], [4, 8], [4, 8]]","[[6, 10], [6, 10], [6, 10], [6, 10], [6, 10]]","[[2, 2], [2, 2], [2, 2], [2, 2], [2, 2]]","[[1.0, 2.0], [1.0, 2.0], [1.0, 2.0], [1.0, 2.0], [1.0, 2.0]]","[4.0, 8.0]",1.0,0.9895545400441077,0.9866245000000049
03_parameter_sensitivity|smoothing_7|figure_eight--demand_conflict|n1_d1_m1|25006|v11_full,03_parameter_sensitivity,independent_seeded,S25006,25006,figure_eight--demand_conflict,figure_eight,demand_conflict,smoothing_window,7,12,v11_full,0.25,7,0.65,n1_d1_m1,0.05,4,1.7,10.804689433892133,5.155248100889518,0.5929370050850784,0.47713061374245,0.6666666666666666,0.8333333333333334,3.190097182857639,1.407605434348919,0.44124217967805235,"[10.804689433892133, 6.77903680080709, 5.6119859882400425, 5.255009218787613, 5.155248100889518]","[[2, 4], [2, 4], [2, 4], [2, 4]]","[true, true, true, true, true]",0,4.0,0,1,1,"[[6, 7], [6, 7], [6, 7], [6, 7], [6, 7]]","[[8, 9], [8, 9], [8, 9], [8, 9], [8, 9]]","[[2, 2], [2, 2], [2, 2], [2, 2], [2, 2]]","[[1.5, 1.75], [1.5, 1.75], [1.5, 1.75], [1.5, 1.75], [1.5, 1.75]]","[6.0, 7.0]",1.0,0.9992061158357648,0.8719116670000062
03_parameter_sensitivity|smoothing_7|harmonic_loop--demand_conflict|n0_d1_m0|25001|v11_full,03_parameter_sensitivity,independent_seeded,S25001,25001,harmonic_loop--demand_conflict,harmonic_loop,demand_conflict,smoothing_window,7,12,v11_full,0.25,7,0.65,n0_d1_m0,0.0,4,1.0,8.99889140222643,3.027432164000764,0.5647528071979987,0.33642279128424,1.0,0.8333333333333334,2.4660513006353546,1.083185895825042,0.4392389953712518,"[8.99889140222643, 6.063860953143202, 4.716894752203161, 3.5346792358492847, 3.027432164000764]","[[2, 3], [3, 4], [3, 4], [3, 4]]","[true, true, true, true, true]",0,4.0,0,1,1,"[[7, 7], [7, 7], [7, 7], [7, 7], [7, 7]]","[[9, 9], [9, 9], [9, 9], [9, 9], [9, 9]]","[[2, 2], [2, 2], [2, 2], [2, 2], [2, 2]]","[[1.75, 1.75], [1.75, 1.75], [1.75, 1.75], [1.75, 1.75], [1.75, 1.75]]","[7.0, 7.0]",0.5,0.9997410061513795,0.625092584000015
03_parameter_sensitivity|smoothing_7|harmonic_loop--demand_conflict|n0_d1_m0|25002|v11_full,03_parameter_sensitivity,independent_seeded,S25002,25002,harmonic_loop--demand_conflict,harmonic_loop,demand_conflict,smoothing_window,7,12,v11_full,0.25,7,0.65,n0_d1_m0,0.0,4,1.0,8.1760226882683,1.6971298888059627,0.47587818279806715,0.20757401899595493,0.8333333333333334,0.6666666666666666,2.039212942951675,0.51434733586548,0.25222835979109853,"[8.1760226882683, 4.915773377397903, 3.3516798071155325, 2.3591338045849795, 1.6971298888059627]","[[2, 3], [3, 4], [2, 4], [3, 4]]","[true, true, true, true, true]",0,4.0,0,1,1,"[[7, 5], [7, 5], [7, 5], [7, 5], [7, 5]]","[[9, 7], [9, 7], [9, 7], [9, 7], [9, 7]]","[[2, 2], [2, 2], [2, 2], [2, 2], [2, 2]]","[[1.75, 1.25], [1.75, 1.25], [1.75, 1.25], [1.75, 1.25], [1.75, 1.25]]","[7.0, 5.0]",1.0,0.9972469957317189,0.5125851669999975
03_parameter_sensitivity|smoothing_7|harmonic_loop--demand_conflict|n0_d1_m0|25003|v11_full,03_parameter_sensitivity,independent_seeded,S25003,25003,harmonic_loop--demand_conflict,harmonic_loop,demand_conflict,smoothing_window,7,12,v11_full,0.25,7,0.65,n0_d1_m0,0.0,4,1.0,8.574357152477088,4.246363037185279,0.6266895505351924,0.49523981351284474,0.8333333333333334,0.8333333333333334,2.19461231466453,1.2614832949744517,0.574809175427088,"[8.574357152477088, 5.795065474897357, 4.896559845853443, 4.246363037185279, 4.537346371763374]","[[2, 3], [2, 3], [3, 4], [1, 3]]","[true, true, true, true, false]",1,2.0,0,1,1,"[[4, 7], [4, 7], [4, 7], [4, 7], [4, 7]]","[[6, 9], [6, 9], [6, 9], [6, 9], [6, 9]]","[[2, 2], [2, 2], [2, 2], [2, 2], [2, 2]]","[[1.0, 1.75], [1.0, 1.75], [1.0, 1.75], [1.0, 1.75], [1.0, 1.75]]","[4.0, 7.0]",1.0,0.9951902081445025,0.5645520830000237
03_parameter_sensitivity|smoothing_7|harmonic_loop--demand_conflict|n0_d1_m0|25004|v11_full,03_parameter_sensitivity,independent_seeded,S25004,25004,harmonic_loop--demand_conflict,harmonic_loop,demand_conflict,smoothing_window,7,12,v11_full,0.25,7,0.65,n0_d1_m0,0.0,4,1.0,7.397759230051182,2.705422076808083,0.5866593534343428,0.3657083168938664,1.0,0.8333333333333334,1.9138760484106219,0.9550865780102793,0.4990326195907153,"[7.397759230051182, 4.506269108768775, 4.505702966628035, 3.2962958582326314, 2.705422076808083]","[[2, 3], [2, 3], [3, 4], [3, 4]]","[true, true, true, true, true]",0,4.0,0,1,1,"[[4, 7], [4, 7], [4, 7], [4, 7], [4, 7]]","[[6, 9], [6, 9], [6, 9], [6, 9], [6, 9]]","[[2, 2], [2, 2], [2, 2], [2, 2], [2, 2]]","[[1.0, 1.75], [1.0, 1.75], [1.0, 1.75], [1.0, 1.75], [1.0, 1.75]]","[4.0, 7.0]",0.5,0.9967022347667431,0.5849134169999957
03_parameter_sensitivity|smoothing_7|harmonic_loop--demand_conflict|n0_d1_m0|25005|v11_full,03_parameter_sensitivity,independent_seeded,S25005,25005,harmonic_loop--demand_conflict,harmonic_loop,demand_conflict,smoothing_window,7,12,v11_full,0.25,7,0.65,n0_d1_m0,0.0,4,1.0,9.152116894160674,4.8521228988981155,0.6568337173255698,0.5301639997620567,1.0,0.8333333333333334,2.3500559742655738,1.3909673883546987,0.5918869182634664,"[9.152116894160674, 6.412615549824135, 5.613895910956524, 4.8521228988981155, 5.18196607439941]","[[2, 3], [2, 3], [3, 4], [1, 3]]","[true, true, true, true, false]",1,2.0,0,1,1,"[[5, 8], [5, 8], [5, 8], [5, 8], [5, 8]]","[[7, 10], [7, 10], [7, 10], [7, 10], [7, 10]]","[[2, 2], [2, 2], [2, 2], [2, 2], [2, 2]]","[[1.25, 2.0], [1.25, 2.0], [1.25, 2.0], [1.25, 2.0], [1.25, 2.0]]","[5.0, 8.0]",0.5,0.9946548834194789,0.5926952080000092
03_parameter_sensitivity|smoothing_7|harmonic_loop--demand_conflict|n0_d1_m0|25006|v11_full,03_parameter_sensitivity,independent_seeded,S25006,25006,harmonic_loop--demand_conflict,harmonic_loop,demand_conflict,smoothing_window,7,12,v11_full,0.25,7,0.65,n0_d1_m0,0.0,4,1.0,8.536642392877095,3.6470805968979736,0.5878630780933892,0.4272265873455198,1.0,0.6666666666666666,2.3239425180567728,1.1627736409610419,0.5003452675470331,"[8.536642392877095, 5.756386110282074, 4.383217297540968, 3.6470805968979736, 4.037004586954834]","[[2, 3], [3, 4], [3, 4], [2, 3]]","[true, true, true, true, false]",1,2.0,0,1,1,"[[6, 7], [6, 7], [6, 7], [6, 7], [6, 7]]","[[8, 9], [8, 9], [8, 9], [8, 9], [8, 9]]","[[2, 2], [2, 2], [2, 2], [2, 2], [2, 2]]","[[1.5, 1.75], [1.5, 1.75], [1.5, 1.75], [1.5, 1.75], [1.5, 1.75]]","[6.0, 7.0]",1.0,0.9995138116009994,0.6330317080000327
03_parameter_sensitivity|smoothing_7|harmonic_loop--demand_conflict|n1_d1_m1|25001|v11_full,03_parameter_sensitivity,independent_seeded,S25001,25001,harmonic_loop--demand_conflict,harmonic_loop,demand_conflict,smoothing_window,7,12,v11_full,0.25,7,0.65,n1_d1_m1,0.05,4,1.7,8.86701486508597,3.4271812635500587,0.6104607414489734,0.38650902425399625,1.0,0.8333333333333334,2.4949899882297855,1.2589772020514176,0.504602105816333,"[8.86701486508597, 6.4066394336652035, 5.175501685623976, 3.9226186923106092, 3.4271812635500587]","[[2, 3], [3, 4], [3, 4], [3, 4]]","[true, true, true, true, true]",0,4.0,0,1,1,"[[7, 7], [7, 7], [7, 7], [7, 7], [7, 7]]","[[9, 9], [9, 9], [9, 9], [9, 9], [9, 9]]","[[2, 2], [2, 2], [2, 2], [2, 2], [2, 2]]","[[1.75, 1.75], [1.75, 1.75], [1.75, 1.75], [1.75, 1.75], [1.75, 1.75]]","[7.0, 7.0]",0.5,0.99905144985087,0.7748508340000058
03_parameter_sensitivity|smoothing_7|harmonic_loop--demand_conflict|n1_d1_m1|25002|v11_full,03_parameter_sensitivity,independent_seeded,S25002,25002,harmonic_loop--demand_conflict,harmonic_loop,demand_conflict,smoothing_window,7,12,v11_full,0.25,7,0.65,n1_d1_m1,0.05,4,1.7,7.544353028411633,1.448278856162501,0.46724556035549103,0.19196859567790103,0.8333333333333334,0.6666666666666666,1.8750192561065957,0.43554592606152087,0.23228877497819142,"[7.544353028411633, 4.52248216557456, 2.9897991683085072, 2.0916645569492234, 1.448278856162501]","[[2, 3], [3, 4], [2, 4], [3, 4]]","[true, true, true, true, true]",0,4.0,0,1,1,"[[7, 5], [7, 5], [7, 5], [7, 5], [7, 5]]","[[9, 7], [9, 7], [9, 7], [9, 7], [9, 7]]","[[2, 2], [2, 2], [2, 2], [2, 2], [2, 2]]","[[1.75, 1.25], [1.75, 1.25], [1.75, 1.25], [1.75, 1.25], [1.75, 1.25]]","[7.0, 5.0]",1.0,0.9975841744670895,0.5805541670000025
03_parameter_sensitivity|smoothing_7|harmonic_loop--demand_conflict|n1_d1_m1|25003|v11_full,03_parameter_sensitivity,independent_seeded,S25003,25003,harmonic_loop--demand_conflict,harmonic_loop,demand_conflict,smoothing_window,7,12,v11_full,0.25,7,0.65,n1_d1_m1,0.05,4,1.7,8.238858540839244,3.8990834938039685,0.6265427299878518,0.4732553028403849,0.8333333333333334,0.8333333333333334,2.1077823925540953,1.209791944328784,0.5739643468901096,"[8.238858540839244, 5.430453124330004, 4.926263698250528, 3.8990834938039685, 4.545516203680953]","[[2, 3], [2, 3], [3, 4], [1, 3]]","[true, true, true, true, false]",1,2.0,0,1,1,"[[4, 7], [4, 7], [4, 7], [4, 7], [4, 7]]","[[6, 9], [6, 9], [6, 9], [6, 9], [6, 9]]","[[2, 2], [2, 2], [2, 2], [2, 2], [2, 2]]","[[1.0, 1.75], [1.0, 1.75], [1.0, 1.75], [1.0, 1.75], [1.0, 1.75]]","[4.0, 7.0]",1.0,0.9950109185296601,0.7103448330000219
03_parameter_sensitivity|smoothing_7|harmonic_loop--demand_conflict|n1_d1_m1|25004|v11_full,03_parameter_sensitivity,independent_seeded,S25004,25004,harmonic_loop--demand_conflict,harmonic_loop,demand_conflict,smoothing_window,7,12,v11_full,0.25,7,0.65,n1_d1_m1,0.05,4,1.7,7.294331283118729,2.6851199307974234,0.5606457000363088,0.36811049931494016,1.0,0.8333333333333334,1.8835316528462713,0.986702393735414,0.5238576119728984,"[7.294331283118729, 4.709924126124098, 3.581887313257746, 3.0766048277434637, 2.6851199307974234]","[[2, 3], [3, 4], [3, 4], [3, 4]]","[true, true, true, true, true]",0,4.0,0,1,1,"[[4, 7], [4, 7], [4, 7], [4, 7], [4, 7]]","[[6, 9], [6, 9], [6, 9], [6, 9], [6, 9]]","[[2, 2], [2, 2], [2, 2], [2, 2], [2, 2]]","[[1.0, 1.75], [1.0, 1.75], [1.0, 1.75], [1.0, 1.75], [1.0, 1.75]]","[4.0, 7.0]",0.5,0.9958761381208365,0.6277451670000005
03_parameter_sensitivity|smoothing_7|harmonic_loop--demand_conflict|n1_d1_m1|25005|v11_full,03_parameter_sensitivity,independent_seeded,S25005,25005,harmonic_loop--demand_conflict,harmonic_loop,demand_conflict,smoothing_window,7,12,v11_full,0.25,7,0.65,n1_d1_m1,0.05,4,1.7,9.516513563736712,5.479505656002596,0.6733363730429582,0.5757891920506061,0.8333333333333334,0.8333333333333334,2.420289824794433,1.6193368879769459,0.6690673453186475,"[9.516513563736712, 6.807555341086233, 5.479505656002596, 5.723960752750129, 5.723960752750129]","[[2, 3], [3, 4], [2, 3], [2, 3]]","[true, true, true, false, false]",2,1.0,0,1,1,"[[4, 8], [5, 8], [5, 8], [5, 8], [5, 8]]","[[6, 10], [7, 10], [7, 10], [7, 10], [7, 10]]","[[2, 2], [2, 2], [2, 2], [2, 2], [2, 2]]","[[1.0, 2.0], [1.125, 2.0], [1.25, 2.0], [1.25, 2.0], [1.25, 2.0]]","[5.0, 8.0]",0.5,0.9913931974505024,0.7213968340000179
03_parameter_sensitivity|smoothing_7|harmonic_loop--demand_conflict|n1_d1_m1|25006|v11_full,03_parameter_sensitivity,independent_seeded,S25006,25006,harmonic_loop--demand_conflict,harmonic_loop,demand_conflict,smoothing_window,7,12,v11_full,0.25,7,0.65,n1_d1_m1,0.05,4,1.7,7.923445882788174,2.834301863290568,0.5744909994039346,0.3577107618602436,1.0,0.6666666666666666,2.1567230813337837,1.0263302576930975,0.4758748429855832,"[7.923445882788174, 5.431008665413705, 4.116562039300398, 3.281348797950402, 2.834301863290568]","[[2, 3], [3, 4], [3, 4], [3, 4]]","[true, true, true, true, true]",0,4.0,0,1,1,"[[6, 7], [6, 7], [6, 7], [6, 7], [6, 7]]","[[8, 9], [8, 9], [8, 9], [8, 9], [8, 9]]","[[2, 2], [2, 2], [2, 2], [2, 2], [2, 2]]","[[1.5, 1.75], [1.5, 1.75], [1.5, 1.75], [1.5, 1.75], [1.5, 1.75]]","[6.0, 7.0]",1.0,0.9993118600178432,0.7109071250000056
03_parameter_sensitivity|smoothing_7|rounded_square--demand_conflict|n0_d1_m0|25001|v11_full,03_parameter_sensitivity,independent_seeded,S25001,25001,rounded_square--demand_conflict,rounded_square,demand_conflict,smoothing_window,7,12,v11_full,0.25,7,0.65,n0_d1_m0,0.0,4,1.0,12.878324196240044,9.49419528291126,0.8054973441414252,0.737222882281779,1.0,0.8333333333333334,2.734247150516419,2.2116715488923266,0.8088777009329997,"[12.878324196240044, 9.49419528291126, 10.282613073499634, 10.282613073499634, 9.990480440447765]","[[1, 2], [2, 4], [2, 4], [2, 4]]","[true, true, false, false, false]",3,0.5,0,1,1,"[[7, 7], [7, 7], [7, 7], [7, 7], [7, 7]]","[[9, 9], [9, 9], [9, 9], [9, 9], [9, 9]]","[[2, 2], [2, 2], [2, 2], [2, 2], [2, 2]]","[[1.75, 1.75], [1.75, 1.75], [1.75, 1.75], [1.75, 1.75], [1.75, 1.75]]","[7.0, 7.0]",0.5,0.9996461749989197,0.6504899170000158
03_parameter_sensitivity|smoothing_7|rounded_square--demand_conflict|n0_d1_m0|25002|v11_full,03_parameter_sensitivity,independent_seeded,S25002,25002,rounded_square--demand_conflict,rounded_square,demand_conflict,smoothing_window,7,12,v11_full,0.25,7,0.65,n0_d1_m0,0.0,4,1.0,10.609358139352715,8.415328799199813,0.8871142341625103,0.7931986731586798,0.8333333333333334,0.8333333333333334,2.4987575237146307,1.7605381331593886,0.7045654155919011,"[10.609358139352715, 10.508754116883397, 8.415328799199813, 8.94539233148743, 8.94539233148743]","[[2, 4], [2, 3], [2, 3], [2, 3]]","[true, true, true, false, false]",2,1.0,0,1,1,"[[7, 5], [7, 5], [7, 5], [7, 5], [7, 5]]","[[9, 7], [9, 7], [9, 7], [9, 7], [9, 7]]","[[2, 2], [2, 2], [2, 2], [2, 2], [2, 2]]","[[1.75, 1.25], [1.75, 1.25], [1.75, 1.25], [1.75, 1.25], [1.75, 1.25]]","[7.0, 5.0]",1.0,0.9963822098644723,0.6463686250000364
03_parameter_sensitivity|smoothing_7|rounded_square--demand_conflict|n0_d1_m0|25003|v11_full,03_parameter_sensitivity,independent_seeded,S25003,25003,rounded_square--demand_conflict,rounded_square,demand_conflict,smoothing_window,7,12,v11_full,0.25,7,0.65,n0_d1_m0,0.0,4,1.0,12.667453428070658,7.577974546883937,0.6731129174833141,0.5982239911055363,1.0,0.8333333333333334,2.9130061268567298,1.9283576098797344,0.6619819958842732,"[12.667453428070658, 8.60634858089488, 7.7636395199043156, 7.577974546883937, 7.649633548984279]","[[1, 4], [1, 4], [2, 4], [1, 4]]","[true, true, true, true, false]",1,2.0,0,1,1,"[[4, 7], [4, 7], [4, 7], [4, 7], [4, 7]]","[[6, 9], [6, 9], [6, 9], [6, 9], [6, 9]]","[[2, 2], [2, 2], [2, 2], [2, 2], [2, 2]]","[[1.0, 1.75], [1.0, 1.75], [1.0, 1.75], [1.0, 1.75], [1.0, 1.75]]","[4.0, 7.0]",1.0,0.9917441197275169,0.6288729999999987
03_parameter_sensitivity|smoothing_7|rounded_square--demand_conflict|n0_d1_m0|25004|v11_full,03_parameter_sensitivity,independent_seeded,S25004,25004,rounded_square--demand_conflict,rounded_square,demand_conflict,smoothing_window,7,12,v11_full,0.25,7,0.65,n0_d1_m0,0.0,4,1.0,10.936409882598811,6.084203790506386,0.6381510710058436,0.5563255086284862,1.0,0.8333333333333334,2.4692788937523678,1.4531420467538338,0.5884884248719304,"[10.936409882598811, 6.852481302051521, 6.323939417868839, 6.229599161684336, 6.084203790506386]","[[1, 4], [1, 2], [1, 4], [3, 4]]","[true, true, true, true, true]",0,4.0,0,1,1,"[[4, 7], [4, 7], [4, 7], [4, 7], [4, 7]]","[[6, 9], [6, 9], [6, 9], [6, 9], [6, 9]]","[[2, 2], [2, 2], [2, 2], [2, 2], [2, 2]]","[[1.0, 1.75], [1.0, 1.75], [1.0, 1.75], [1.0, 1.75], [1.0, 1.75]]","[4.0, 7.0]",0.5,0.9943408806322149,0.6362699160000034
03_parameter_sensitivity|smoothing_7|rounded_square--demand_conflict|n0_d1_m0|25005|v11_full,03_parameter_sensitivity,independent_seeded,S25005,25005,rounded_square--demand_conflict,rounded_square,demand_conflict,smoothing_window,7,12,v11_full,0.25,7,0.65,n0_d1_m0,0.0,4,1.0,13.449428834251158,8.722191794079302,0.7104452978795681,0.6485176360699291,1.0,0.8333333333333334,3.021275814696837,2.244789585914606,0.7429939282586997,"[13.449428834251158, 9.60650408579691, 8.796129213601645, 8.722191794079302, 8.741588774470054]","[[1, 4], [1, 4], [1, 4], [1, 4]]","[true, true, true, true, false]",1,2.0,0,1,1,"[[5, 8], [5, 8], [5, 8], [5, 8], [5, 8]]","[[7, 10], [7, 10], [7, 10], [7, 10], [7, 10]]","[[2, 2], [2, 2], [2, 2], [2, 2], [2, 2]]","[[1.25, 2.0], [1.25, 2.0], [1.25, 2.0], [1.25, 2.0], [1.25, 2.0]]","[5.0, 8.0]",0.5,0.9919881598347398,0.9153296250000267
03_parameter_sensitivity|smoothing_7|rounded_square--demand_conflict|n0_d1_m0|25006|v11_full,03_parameter_sensitivity,independent_seeded,S25006,25006,rounded_square--demand_conflict,rounded_square,demand_conflict,smoothing_window,7,12,v11_full,0.25,7,0.65,n0_d1_m0,0.0,4,1.0,12.668752557348686,7.598184080572114,0.7060508733963545,0.5997578724643006,1.0,0.8333333333333334,2.6027135139067417,1.6844114526975515,0.6471751284563031,"[12.668752557348686, 9.182751374516942, 8.685598753773096, 7.598184080572114, 7.956449488593723]","[[1, 2], [2, 4], [3, 4], [2, 4]]","[true, true, true, true, false]",1,2.0,0,1,1,"[[6, 7], [6, 7], [6, 7], [6, 7], [6, 7]]","[[8, 9], [8, 9], [8, 9], [8, 9], [8, 9]]","[[2, 2], [2, 2], [2, 2], [2, 2], [2, 2]]","[[1.5, 1.75], [1.5, 1.75], [1.5, 1.75], [1.5, 1.75], [1.5, 1.75]]","[6.0, 7.0]",1.0,0.9992886054915215,0.7030904579999628
03_parameter_sensitivity|smoothing_7|rounded_square--demand_conflict|n1_d1_m1|25001|v11_full,03_parameter_sensitivity,independent_seeded,S25001,25001,rounded_square--demand_conflict,rounded_square,demand_conflict,smoothing_window,7,12,v11_full,0.25,7,0.65,n1_d1_m1,0.05,4,1.7,13.018710329567652,8.537484608961055,0.7463544268234075,0.6557857416622145,1.0,0.8333333333333334,2.7142490987481973,1.9708046630285054,0.7260957234682086,"[13.018710329567652, 9.548236889946072, 9.521173479420337, 9.018780505386994, 8.537484608961055]","[[1, 2], [2, 4], [2, 3], [2, 4]]","[true, true, true, true, true]",0,4.0,0,1,1,"[[7, 7], [7, 7], [7, 7], [7, 7], [7, 7]]","[[9, 9], [9, 9], [9, 9], [9, 9], [9, 9]]","[[2, 2], [2, 2], [2, 2], [2, 2], [2, 2]]","[[1.75, 1.75], [1.75, 1.75], [1.75, 1.75], [1.75, 1.75], [1.75, 1.75]]","[7.0, 7.0]",0.5,0.9994765600552541,0.8020083330000034
03_parameter_sensitivity|smoothing_7|rounded_square--demand_conflict|n1_d1_m1|25002|v11_full,03_parameter_sensitivity,independent_seeded,S25002,25002,rounded_square--demand_conflict,rounded_square,demand_conflict,smoothing_window,7,12,v11_full,0.25,7,0.65,n1_d1_m1,0.05,4,1.7,9.938895279283194,7.6490008659432505,0.8691601973064824,0.7696027225366747,0.8333333333333334,0.8333333333333334,2.3335768553918896,1.5993314003158536,0.6853562146969742,"[9.938895279283194, 9.750040044934352, 7.6490008659432505, 8.123653451521196, 8.123653451521196]","[[2, 4], [2, 3], [2, 3], [2, 3]]","[true, true, true, false, false]",2,1.0,0,1,1,"[[7, 5], [7, 5], [7, 5], [7, 5], [7, 5]]","[[9, 7], [9, 7], [9, 7], [9, 7], [9, 7]]","[[2, 2], [2, 2], [2, 2], [2, 2], [2, 2]]","[[1.75, 1.25], [1.75, 1.25], [1.75, 1.25], [1.75, 1.25], [1.75, 1.25]]","[7.0, 5.0]",1.0,0.9965825597404485,0.8149212499999976
03_parameter_sensitivity|smoothing_7|rounded_square--demand_conflict|n1_d1_m1|25003|v11_full,03_parameter_sensitivity,independent_seeded,S25003,25003,rounded_square--demand_conflict,rounded_square,demand_conflict,smoothing_window,7,12,v11_full,0.25,7,0.65,n1_d1_m1,0.05,4,1.7,12.197438303545976,7.129197917237169,0.657827115759004,0.5844832119515296,1.0,0.8333333333333334,2.8509579756317676,1.8464719708343658,0.6476672005048375,"[12.197438303545976, 8.119491506894814, 7.235764299015271, 7.076648719178542, 7.129197917237169]","[[1, 4], [1, 4], [2, 4], [1, 4]]","[true, true, true, true, true]",0,4.0,0,1,1,"[[4, 7], [4, 7], [4, 7], [4, 7], [4, 7]]","[[6, 9], [6, 9], [6, 9], [6, 9], [6, 9]]","[[2, 2], [2, 2], [2, 2], [2, 2], [2, 2]]","[[1.0, 1.75], [1.0, 1.75], [1.0, 1.75], [1.0, 1.75], [1.0, 1.75]]","[4.0, 7.0]",1.0,0.9917296646735523,0.7586167079999768
03_parameter_sensitivity|smoothing_7|rounded_square--demand_conflict|n1_d1_m1|25004|v11_full,03_parameter_sensitivity,independent_seeded,S25004,25004,rounded_square--demand_conflict,rounded_square,demand_conflict,smoothing_window,7,12,v11_full,0.25,7,0.65,n1_d1_m1,0.05,4,1.7,10.811479195275698,5.94645836912839,0.6283282273417243,0.5500133942566174,1.0,0.8333333333333334,2.5216385907499954,1.4571752481357103,0.577868396161526,"[10.811479195275698, 6.713522624474844, 6.145882652061653, 5.934256172099506, 5.94645836912839]","[[1, 4], [1, 2], [1, 4], [3, 4]]","[true, true, true, true, true]",0,4.0,0,1,1,"[[4, 7], [4, 7], [4, 7], [4, 7], [4, 7]]","[[6, 9], [6, 9], [6, 9], [6, 9], [6, 9]]","[[2, 2], [2, 2], [2, 2], [2, 2], [2, 2]]","[[1.0, 1.75], [1.0, 1.75], [1.0, 1.75], [1.0, 1.75], [1.0, 1.75]]","[4.0, 7.0]",0.5,0.9927821963840964,0.7285864589999846
03_parameter_sensitivity|smoothing_7|rounded_square--demand_conflict|n1_d1_m1|25005|v11_full,03_parameter_sensitivity,independent_seeded,S25005,25005,rounded_square--demand_conflict,rounded_square,demand_conflict,smoothing_window,7,12,v11_full,0.25,7,0.65,n1_d1_m1,0.05,4,1.7,13.809962620752362,8.917647024997727,0.7115153480551617,0.6457401276088245,1.0,0.8333333333333334,3.3028687880947087,2.350390051426188,0.711620776428734,"[13.809962620752362, 9.876151918264753, 9.103712786265778, 8.960331915527982, 8.917647024997727]","[[1, 4], [1, 4], [1, 4], [1, 4]]","[true, true, true, true, true]",0,4.0,0,1,1,"[[4, 8], [4, 8], [4, 8], [4, 8], [4, 8]]","[[6, 10], [6, 10], [6, 10], [6, 10], [6, 10]]","[[2, 2], [2, 2], [2, 2], [2, 2], [2, 2]]","[[1.0, 2.0], [1.0, 2.0], [1.0, 2.0], [1.0, 2.0], [1.0, 2.0]]","[4.0, 8.0]",1.0,0.9869236007013887,0.8721774580000101
03_parameter_sensitivity|smoothing_7|rounded_square--demand_conflict|n1_d1_m1|25006|v11_full,03_parameter_sensitivity,independent_seeded,S25006,25006,rounded_square--demand_conflict,rounded_square,demand_conflict,smoothing_window,7,12,v11_full,0.25,7,0.65,n1_d1_m1,0.05,4,1.7,11.789988627730645,6.7722980982202525,0.6985611869471623,0.5744109101421411,1.0,0.8333333333333334,2.4148354352553416,1.51678358833891,0.6281105396229733,"[11.789988627730645, 8.615016653937895, 8.115148504953908, 6.7722980982202525, 7.093312457093766]","[[1, 2], [2, 4], [3, 4], [2, 4]]","[true, true, true, true, false]",1,2.0,0,1,1,"[[6, 7], [6, 7], [6, 7], [6, 7], [6, 7]]","[[8, 9], [8, 9], [8, 9], [8, 9], [8, 9]]","[[2, 2], [2, 2], [2, 2], [2, 2], [2, 2]]","[[1.5, 1.75], [1.5, 1.75], [1.5, 1.75], [1.5, 1.75], [1.5, 1.75]]","[6.0, 7.0]",1.0,0.998870428289915,0.742957457999978
03_parameter_sensitivity|smoothing_7|s_curve--demand_conflict|n0_d1_m0|25001|v11_full,03_parameter_sensitivity,independent_seeded,S25001,25001,s_curve--demand_conflict,s_curve,demand_conflict,smoothing_window,7,12,v11_full,0.25,7,0.65,n0_d1_m0,0.0,4,1.0,5.889184724160488,1.1438301377360085,0.45615983681430056,0.19422554925869864,0.8333333333333334,0.16666666666666666,1.4287283043904688,0.8233717657265619,0.5762969510692467,"[5.889184724160488, 3.52282734770433, 2.2236166598532066, 1.4826867324634947, 1.1438301377360085]","[[2, 4], [2, 4], [2, 4], [2, 4]]","[true, true, true, true, true]",0,4.0,0,1,1,"[[7, 7], [7, 7], [7, 7], [7, 7], [7, 7]]","[[9, 9], [9, 9], [9, 9], [9, 9], [9, 9]]","[[2, 2], [2, 2], [2, 2], [2, 2], [2, 2]]","[[1.75, 1.75], [1.75, 1.75], [1.75, 1.75], [1.75, 1.75], [1.75, 1.75]]","[7.0, 7.0]",0.5,0.9994138376416462,0.6034131659999957
03_parameter_sensitivity|smoothing_7|s_curve--demand_conflict|n0_d1_m0|25002|v11_full,03_parameter_sensitivity,independent_seeded,S25002,25002,s_curve--demand_conflict,s_curve,demand_conflict,smoothing_window,7,12,v11_full,0.25,7,0.65,n0_d1_m0,0.0,4,1.0,4.161383072292191,0.48547923203524534,0.37205912823290177,0.11666295162003233,0.6666666666666666,0.0,1.147711003813104,0.427764543275281,0.3727110238153116,"[4.161383072292191, 2.0051747648689187, 1.159469249650924, 0.7050470657971875, 0.48547923203524534]","[[2, 4], [2, 4], [2, 4], [2, 4]]","[true, true, true, true, true]",0,4.0,0,1,1,"[[7, 5], [7, 5], [7, 5], [7, 5], [7, 5]]","[[9, 7], [9, 7], [9, 7], [9, 7], [9, 7]]","[[2, 2], [2, 2], [2, 2], [2, 2], [2, 2]]","[[1.75, 1.25], [1.75, 1.25], [1.75, 1.25], [1.75, 1.25], [1.75, 1.25]]","[7.0, 5.0]",1.0,0.9962970820043566,0.5292362919999505
03_parameter_sensitivity|smoothing_7|s_curve--demand_conflict|n0_d1_m0|25003|v11_full,03_parameter_sensitivity,independent_seeded,S25003,25003,s_curve--demand_conflict,s_curve,demand_conflict,smoothing_window,7,12,v11_full,0.25,7,0.65,n0_d1_m0,0.0,4,1.0,7.045089738078795,2.043011233480076,0.49715058615808316,0.2899908034439328,1.0,0.16666666666666666,1.4769385389837075,0.9220486402638705,0.6242972310129703,"[7.045089738078795, 4.199008576572531, 2.910582874556652, 2.3562400343800594, 2.043011233480076]","[[2, 4], [3, 4], [2, 4], [2, 4]]","[true, true, true, true, true]",0,4.0,0,1,1,"[[4, 7], [4, 7], [4, 7], [4, 7], [4, 7]]","[[6, 9], [6, 9], [6, 9], [6, 9], [6, 9]]","[[2, 2], [2, 2], [2, 2], [2, 2], [2, 2]]","[[1.0, 1.75], [1.0, 1.75], [1.0, 1.75], [1.0, 1.75], [1.0, 1.75]]","[4.0, 7.0]",1.0,0.9913540841519215,0.639957083000013
03_parameter_sensitivity|smoothing_7|s_curve--demand_conflict|n0_d1_m0|25004|v11_full,03_parameter_sensitivity,independent_seeded,S25004,25004,s_curve--demand_conflict,s_curve,demand_conflict,smoothing_window,7,12,v11_full,0.25,7,0.65,n0_d1_m0,0.0,4,1.0,5.9434022494458185,0.9073962426365396,0.4101104910677976,0.15267286388383827,1.0,0.16666666666666666,1.271164962007702,0.7325284375889781,0.5762654411367734,"[5.9434022494458185, 3.341019035391714, 1.748528832791831, 1.234859346309987, 0.9073962426365396]","[[2, 4], [3, 4], [2, 4], [2, 4]]","[true, true, true, true, true]",0,4.0,0,1,1,"[[4, 7], [4, 7], [4, 7], [4, 7], [4, 7]]","[[6, 9], [6, 9], [6, 9], [6, 9], [6, 9]]","[[2, 2], [2, 2], [2, 2], [2, 2], [2, 2]]","[[1.0, 1.75], [1.0, 1.75], [1.0, 1.75], [1.0, 1.75], [1.0, 1.75]]","[4.0, 7.0]",0.5,0.9947379974269723,0.5721125000000029
03_parameter_sensitivity|smoothing_7|s_curve--demand_conflict|n0_d1_m0|25005|v11_full,03_parameter_sensitivity,independent_seeded,S25005,25005,s_curve--demand_conflict,s_curve,demand_conflict,smoothing_window,7,12,v11_full,0.25,7,0.65,n0_d1_m0,0.0,4,1.0,7.462057935954583,2.610257472097116,0.5441877186569228,0.34980396755164017,1.0,0.16666666666666666,1.576170369395593,1.0299711328383214,0.6534643416963103,"[7.462057935954583, 4.758643244171854, 3.5318721528851316, 2.91636803752881, 2.610257472097116]","[[2, 4], [3, 4], [2, 4], [2, 4]]","[true, true, true, true, true]",0,4.0,0,1,1,"[[5, 8], [5, 8], [5, 8], [5, 8], [5, 8]]","[[7, 10], [7, 10], [7, 10], [7, 10], [7, 10]]","[[2, 2], [2, 2], [2, 2], [2, 2], [2, 2]]","[[1.25, 2.0], [1.25, 2.0], [1.25, 2.0], [1.25, 2.0], [1.25, 2.0]]","[5.0, 8.0]",0.5,0.9910168137218603,0.6755123330000288
03_parameter_sensitivity|smoothing_7|s_curve--demand_conflict|n0_d1_m0|25006|v11_full,03_parameter_sensitivity,independent_seeded,S25006,25006,s_curve--demand_conflict,s_curve,demand_conflict,smoothing_window,7,12,v11_full,0.25,7,0.65,n0_d1_m0,0.0,4,1.0,6.272329677264286,1.5431008632542582,0.484030348177199,0.24601718064145042,0.6666666666666666,0.16666666666666666,1.420736810112284,0.8683898158472678,0.6112249712025389,"[6.272329677264286, 3.830236093198085, 2.5543907909635983, 1.8516495158526853, 1.5431008632542582]","[[2, 4], [2, 4], [2, 4], [2, 4]]","[true, true, true, true, true]",0,4.0,0,1,1,"[[6, 7], [6, 7], [6, 7], [6, 7], [6, 7]]","[[8, 9], [8, 9], [8, 9], [8, 9], [8, 9]]","[[2, 2], [2, 2], [2, 2], [2, 2], [2, 2]]","[[1.5, 1.75], [1.5, 1.75], [1.5, 1.75], [1.5, 1.75], [1.5, 1.75]]","[6.0, 7.0]",1.0,0.9989310130164968,0.7492977079999719
03_parameter_sensitivity|smoothing_7|s_curve--demand_conflict|n1_d1_m1|25001|v11_full,03_parameter_sensitivity,independent_seeded,S25001,25001,s_curve--demand_conflict,s_curve,demand_conflict,smoothing_window,7,12,v11_full,0.25,7,0.65,n1_d1_m1,0.05,4,1.7,6.172442865761097,1.2896298431210151,0.481896693024794,0.2089334597610725,0.6666666666666666,0.16666666666666666,1.4814461802864705,0.9241334197899123,0.6238049225731647,"[6.172442865761097, 3.976922153271281, 2.527922186520072, 1.6620385253466112, 1.2896298431210151]","[[2, 4], [2, 4], [2, 4], [2, 4]]","[true, true, true, true, true]",0,4.0,0,1,1,"[[7, 7], [7, 7], [7, 7], [7, 7], [7, 7]]","[[9, 9], [9, 9], [9, 9], [9, 9], [9, 9]]","[[2, 2], [2, 2], [2, 2], [2, 2], [2, 2]]","[[1.75, 1.75], [1.75, 1.75], [1.75, 1.75], [1.75, 1.75], [1.75, 1.75]]","[7.0, 7.0]",0.5,0.9972170711390433,0.7708104579999713
03_parameter_sensitivity|smoothing_7|s_curve--demand_conflict|n1_d1_m1|25002|v11_full,03_parameter_sensitivity,independent_seeded,S25002,25002,s_curve--demand_conflict,s_curve,demand_conflict,smoothing_window,7,12,v11_full,0.25,7,0.65,n1_d1_m1,0.05,4,1.7,3.758444249514037,0.6895575921834637,0.38752346938288834,0.18346888936096972,0.6666666666666666,0.0,1.0611032107692642,0.35769718924642585,0.33709933738406783,"[3.758444249514037, 1.630944161251669, 1.146732550239817, 0.8242637878751466, 0.6895575921834637]","[[3, 4], [2, 4], [2, 4], [2, 3]]","[true, true, true, true, true]",0,4.0,0,1,1,"[[7, 5], [7, 5], [7, 5], [7, 5], [7, 5]]","[[9, 7], [9, 7], [9, 7], [9, 7], [9, 7]]","[[2, 2], [2, 2], [2, 2], [2, 2], [2, 2]]","[[1.75, 1.25], [1.75, 1.25], [1.75, 1.25], [1.75, 1.25], [1.75, 1.25]]","[7.0, 5.0]",1.0,0.9948271011770369,0.6290852909999671
03_parameter_sensitivity|smoothing_7|s_curve--demand_conflict|n1_d1_m1|25003|v11_full,03_parameter_sensitivity,independent_seeded,S25003,25003,s_curve--demand_conflict,s_curve,demand_conflict,smoothing_window,7,12,v11_full,0.25,7,0.65,n1_d1_m1,0.05,4,1.7,6.782231339764961,1.6806025342717135,0.4444946679171575,0.2477949291434749,1.0,0.3333333333333333,1.4324861151779118,0.8879931560834835,0.6198965188386462,"[6.782231339764961, 3.6522156819082725, 2.251458223896578, 1.9235718256014722, 1.6806025342717135]","[[3, 4], [3, 4], [2, 4], [2, 4]]","[true, true, true, true, true]",0,4.0,0,1,1,"[[4, 7], [4, 7], [5, 7], [4, 7], [4, 7]]","[[6, 9], [6, 9], [7, 9], [6, 9], [6, 9]]","[[2, 2], [2, 2], [2, 2], [2, 2], [2, 2]]","[[1.0, 1.75], [1.0, 1.75], [1.0, 1.75], [1.0, 1.75], [1.0, 1.75]]","[4.0, 7.0]",1.0,0.9902849452671136,0.6826816669999971
03_parameter_sensitivity|smoothing_7|s_curve--demand_conflict|n1_d1_m1|25004|v11_full,03_parameter_sensitivity,independent_seeded,S25004,25004,s_curve--demand_conflict,s_curve,demand_conflict,smoothing_window,7,12,v11_full,0.25,7,0.65,n1_d1_m1,0.05,4,1.7,5.921960720002671,1.2406502448688608,0.4246797275644338,0.20949991118284572,1.0,0.5,1.2802005558494474,0.8122693387328506,0.6344860069162274,"[5.921960720002671, 3.382572074242206, 1.7437887652056543, 1.2406502448688608, 1.4635104331079891]","[[2, 4], [3, 4], [2, 4], [2, 3]]","[true, true, true, true, false]",1,2.0,0,1,1,"[[4, 7], [4, 7], [4, 7], [4, 7], [4, 7]]","[[6, 9], [6, 9], [6, 9], [6, 9], [6, 9]]","[[2, 2], [2, 2], [2, 2], [2, 2], [2, 2]]","[[1.0, 1.75], [1.0, 1.75], [1.0, 1.75], [1.0, 1.75], [1.0, 1.75]]","[4.0, 7.0]",0.5,0.9916813006117836,0.5480670000000032
03_parameter_sensitivity|smoothing_7|s_curve--demand_conflict|n1_d1_m1|25005|v11_full,03_parameter_sensitivity,independent_seeded,S25005,25005,s_curve--demand_conflict,s_curve,demand_conflict,smoothing_window,7,12,v11_full,0.25,7,0.65,n1_d1_m1,0.05,4,1.7,8.001548923988201,3.0080776333447097,0.5383432675201867,0.37593691695449855,1.0,0.5,1.702043062256288,1.2072540938900618,0.7092970328786413,"[8.001548923988201, 4.937080412968349, 3.545416548424547, 3.2430097317904187, 3.0080776333447097]","[[3, 4], [3, 4], [2, 4], [2, 4]]","[true, true, true, true, true]",0,4.0,0,1,1,"[[4, 8], [5, 8], [5, 8], [4, 8], [4, 8]]","[[6, 10], [7, 10], [7, 10], [6, 10], [6, 10]]","[[2, 2], [2, 2], [2, 2], [2, 2], [2, 2]]","[[1.0, 2.0], [1.125, 2.0], [1.25, 2.0], [1.125, 2.0], [1.0, 2.0]]","[4.0, 8.0]",1.0,0.9825811795968089,0.6538853330000052
03_parameter_sensitivity|smoothing_7|s_curve--demand_conflict|n1_d1_m1|25006|v11_full,03_parameter_sensitivity,independent_seeded,S25006,25006,s_curve--demand_conflict,s_curve,demand_conflict,smoothing_window,7,12,v11_full,0.25,7,0.65,n1_d1_m1,0.05,4,1.7,5.785333470104064,0.9396451391403497,0.44597169680111715,0.162418492208963,0.6666666666666666,0.16666666666666666,1.3243256180748504,0.7840765203396007,0.5920572022758266,"[5.785333470104064, 3.484617892199558, 2.1574863299736595, 1.3157864100949932, 0.9396451391403497]","[[2, 4], [2, 4], [2, 4], [2, 4]]","[true, true, true, true, true]",0,4.0,0,1,1,"[[6, 7], [6, 7], [6, 7], [6, 7], [6, 7]]","[[8, 9], [8, 9], [8, 9], [8, 9], [8, 9]]","[[2, 2], [2, 2], [2, 2], [2, 2], [2, 2]]","[[1.5, 1.75], [1.5, 1.75], [1.5, 1.75], [1.5, 1.75], [1.5, 1.75]]","[6.0, 7.0]",1.0,0.9972635681964477,0.5469372499999849
03_parameter_sensitivity|smoothing_9|ellipse--demand_conflict|n0_d1_m0|25001|v11_full,03_parameter_sensitivity,independent_seeded,S25001,25001,ellipse--demand_conflict,ellipse,demand_conflict,smoothing_window,9,12,v11_full,0.25,9,0.65,n0_d1_m0,0.0,4,1.0,7.931809151646931,1.2877051191456665,0.37231209026512596,0.16234696202672658,0.8333333333333334,0.3333333333333333,2.1742433997047765,0.3450253181904058,0.15868753159708526,"[7.931809151646931, 3.6177555702656226, 2.0961272534779933, 1.4887938201949813, 1.2877051191456665]","[[2, 3], [2, 3], [3, 4], [3, 4]]","[true, true, true, true, true]",0,4.0,0,1,1,"[[7, 7], [7, 7], [7, 7], [7, 7], [7, 7]]","[[9, 9], [9, 9], [9, 9], [9, 9], [9, 9]]","[[2, 2], [2, 2], [2, 2], [2, 2], [2, 2]]","[[1.75, 1.75], [1.75, 1.75], [1.75, 1.75], [1.75, 1.75], [1.75, 1.75]]","[7.0, 7.0]",0.5,0.9998033800080226,0.5143619999999487
03_parameter_sensitivity|smoothing_9|ellipse--demand_conflict|n0_d1_m0|25002|v11_full,03_parameter_sensitivity,independent_seeded,S25002,25002,ellipse--demand_conflict,ellipse,demand_conflict,smoothing_window,9,12,v11_full,0.25,9,0.65,n0_d1_m0,0.0,4,1.0,7.766290542448517,0.86395650978212,0.34347161827582445,0.11124442294039338,0.8333333333333334,0.16666666666666666,1.9704335955951635,0.21951055024533475,0.11140215571640832,"[7.766290542448517, 3.5689763692389977, 1.7325533816716114, 1.053348245434162, 0.86395650978212]","[[2, 3], [2, 3], [2, 3], [3, 4]]","[true, true, true, true, true]",0,4.0,0,1,1,"[[7, 5], [7, 5], [7, 5], [7, 5], [7, 5]]","[[9, 7], [9, 7], [9, 7], [9, 7], [9, 7]]","[[2, 2], [2, 2], [2, 2], [2, 2], [2, 2]]","[[1.75, 1.25], [1.75, 1.25], [1.75, 1.25], [1.75, 1.25], [1.75, 1.25]]","[7.0, 5.0]",1.0,0.9984880489828571,0.4449279590000401
03_parameter_sensitivity|smoothing_9|ellipse--demand_conflict|n0_d1_m0|25003|v11_full,03_parameter_sensitivity,independent_seeded,S25003,25003,ellipse--demand_conflict,ellipse,demand_conflict,smoothing_window,9,12,v11_full,0.25,9,0.65,n0_d1_m0,0.0,4,1.0,7.279743388405482,0.3961046564913334,0.3220371997158571,0.05441189824386024,0.6666666666666666,0.0,1.85507896209821,0.06754760722705312,0.036412254468485034,"[7.279743388405482, 3.155211615904687, 1.5902348679749196, 0.7940221954804902, 0.3961046564913334]","[[3, 4], [1, 4], [1, 4], [1, 3]]","[true, true, true, true, true]",0,4.0,0,1,1,"[[4, 7], [4, 7], [4, 7], [4, 7], [4, 7]]","[[6, 9], [6, 9], [6, 9], [6, 9], [6, 9]]","[[2, 2], [2, 2], [2, 2], [2, 2], [2, 2]]","[[1.0, 1.75], [1.0, 1.75], [1.0, 1.75], [1.0, 1.75], [1.0, 1.75]]","[4.0, 7.0]",1.0,0.9964154161947151,0.3678549160000557
03_parameter_sensitivity|smoothing_9|ellipse--demand_conflict|n0_d1_m0|25004|v11_full,03_parameter_sensitivity,independent_seeded,S25004,25004,ellipse--demand_conflict,ellipse,demand_conflict,smoothing_window,9,12,v11_full,0.25,9,0.65,n0_d1_m0,0.0,4,1.0,6.237600449225314,0.2856769657813285,0.3139679876460644,0.04579917679991967,0.6666666666666666,0.0,1.6054979846693018,0.04960596125914136,0.030897554361838157,"[6.237600449225314, 2.6762173543635033, 1.2884022226329304, 0.6073691586340814, 0.2856769657813285]","[[3, 4], [1, 4], [1, 3], [1, 3]]","[true, true, true, true, true]",0,4.0,0,1,1,"[[4, 7], [4, 7], [4, 7], [4, 7], [4, 7]]","[[6, 9], [6, 9], [6, 9], [6, 9], [6, 9]]","[[2, 2], [2, 2], [2, 2], [2, 2], [2, 2]]","[[1.0, 1.75], [1.0, 1.75], [1.0, 1.75], [1.0, 1.75], [1.0, 1.75]]","[4.0, 7.0]",0.5,0.9976149714531088,0.36709554199995864
03_parameter_sensitivity|smoothing_9|ellipse--demand_conflict|n0_d1_m0|25005|v11_full,03_parameter_sensitivity,independent_seeded,S25005,25005,ellipse--demand_conflict,ellipse,demand_conflict,smoothing_window,9,12,v11_full,0.25,9,0.65,n0_d1_m0,0.0,4,1.0,7.539010853039086,0.3897137177614599,0.32067268851756375,0.05169295088683426,0.6666666666666666,0.0,1.9428950434958454,0.06743703204252796,0.03470955997766544,"[7.539010853039086, 3.2591597061559465, 1.6363029737278993, 0.8103945507444217, 0.3897137177614599]","[[3, 4], [1, 4], [1, 4], [1, 3]]","[true, true, true, true, true]",0,4.0,0,1,1,"[[5, 8], [5, 8], [5, 8], [5, 8], [5, 8]]","[[7, 10], [7, 10], [7, 10], [7, 10], [7, 10]]","[[2, 2], [2, 2], [2, 2], [2, 2], [2, 2]]","[[1.25, 2.0], [1.25, 2.0], [1.25, 2.0], [1.25, 2.0], [1.25, 2.0]]","[5.0, 8.0]",0.5,0.9962655423929042,0.37940133300003254
03_parameter_sensitivity|smoothing_9|ellipse--demand_conflict|n0_d1_m0|25006|v11_full,03_parameter_sensitivity,independent_seeded,S25006,25006,ellipse--demand_conflict,ellipse,demand_conflict,smoothing_window,9,12,v11_full,0.25,9,0.65,n0_d1_m0,0.0,4,1.0,6.569664275539642,0.3170723905110719,0.3172043488618915,0.04826310405108594,0.8333333333333334,0.0,1.9396508864759971,0.06299997639790529,0.032480059601016714,"[6.569664275539642, 2.824135308448791, 1.3985374071722296, 0.6696632664087521, 0.3170723905110719]","[[3, 4], [3, 4], [1, 3], [1, 3]]","[true, true, true, true, true]",0,4.0,0,1,1,"[[6, 7], [6, 7], [6, 7], [6, 7], [6, 7]]","[[8, 9], [8, 9], [8, 9], [8, 9], [8, 9]]","[[2, 2], [2, 2], [2, 2], [2, 2], [2, 2]]","[[1.5, 1.75], [1.5, 1.75], [1.5, 1.75], [1.5, 1.75], [1.5, 1.75]]","[6.0, 7.0]",1.0,0.9996413551866679,0.405967583000006
03_parameter_sensitivity|smoothing_9|ellipse--demand_conflict|n1_d1_m1|25001|v11_full,03_parameter_sensitivity,independent_seeded,S25001,25001,ellipse--demand_conflict,ellipse,demand_conflict,smoothing_window,9,12,v11_full,0.25,9,0.65,n1_d1_m1,0.05,4,1.7,7.488128890501111,1.0845809869600789,0.35746794891250183,0.14484005321221147,0.8333333333333334,0.3333333333333333,2.1265330876573425,0.3023894249791678,0.14219831646837425,"[7.488128890501111, 3.3496136839330335, 1.8094969492619921, 1.2615987307938994, 1.0845809869600789]","[[2, 3], [3, 4], [3, 4], [3, 4]]","[true, true, true, true, true]",0,4.0,0,1,1,"[[7, 7], [7, 7], [7, 7], [7, 7], [7, 7]]","[[9, 9], [9, 9], [9, 9], [9, 9], [9, 9]]","[[2, 2], [2, 2], [2, 2], [2, 2], [2, 2]]","[[1.75, 1.75], [1.75, 1.75], [1.75, 1.75], [1.75, 1.75], [1.75, 1.75]]","[7.0, 7.0]",0.5,0.9997364682616714,0.6123408749999726
03_parameter_sensitivity|smoothing_9|ellipse--demand_conflict|n1_d1_m1|25002|v11_full,03_parameter_sensitivity,independent_seeded,S25002,25002,ellipse--demand_conflict,ellipse,demand_conflict,smoothing_window,9,12,v11_full,0.25,9,0.65,n1_d1_m1,0.05,4,1.7,7.1732068950022025,0.35203761790997373,0.30846602691087943,0.049076741137251925,0.8333333333333334,0.0,1.8160957926442736,0.10084149751420293,0.055526530000587465,"[7.1732068950022025, 3.1023945298105686, 1.3875056959268321, 0.598240042250731, 0.35203761790997373]","[[2, 3], [2, 3], [2, 3], [2, 3]]","[true, true, true, true, true]",0,4.0,0,1,1,"[[7, 5], [7, 5], [7, 5], [7, 5], [7, 5]]","[[9, 7], [9, 7], [9, 7], [9, 7], [9, 7]]","[[2, 2], [2, 2], [2, 2], [2, 2], [2, 2]]","[[1.75, 1.25], [1.75, 1.25], [1.75, 1.25], [1.75, 1.25], [1.75, 1.25]]","[7.0, 5.0]",1.0,0.9985001787535295,0.5058052500000372
03_parameter_sensitivity|smoothing_9|ellipse--demand_conflict|n1_d1_m1|25003|v11_full,03_parameter_sensitivity,independent_seeded,S25003,25003,ellipse--demand_conflict,ellipse,demand_conflict,smoothing_window,9,12,v11_full,0.25,9,0.65,n1_d1_m1,0.05,4,1.7,7.073737856536296,0.4264915572401121,0.3281734982470861,0.060292248015103383,0.6666666666666666,0.0,1.7942068458114788,0.07141748774978497,0.03980448960860166,"[7.073737856536296, 3.1065567862793726, 1.596222779757766, 0.8327589193240988, 0.4264915572401121]","[[3, 4], [1, 4], [1, 4], [1, 3]]","[true, true, true, true, true]",0,4.0,0,1,1,"[[4, 7], [4, 7], [4, 7], [4, 7], [4, 7]]","[[6, 9], [6, 9], [6, 9], [6, 9], [6, 9]]","[[2, 2], [2, 2], [2, 2], [2, 2], [2, 2]]","[[1.0, 1.75], [1.0, 1.75], [1.0, 1.75], [1.0, 1.75], [1.0, 1.75]]","[4.0, 7.0]",1.0,0.9962883050284144,0.46401362500000687
03_parameter_sensitivity|smoothing_9|ellipse--demand_conflict|n1_d1_m1|25004|v11_full,03_parameter_sensitivity,independent_seeded,S25004,25004,ellipse--demand_conflict,ellipse,demand_conflict,smoothing_window,9,12,v11_full,0.25,9,0.65,n1_d1_m1,0.05,4,1.7,6.272059599870351,0.36970863433020457,0.31977905990388156,0.058945331823353014,0.6666666666666666,0.0,1.5946042184624036,0.062498496534876755,0.03919373585700212,"[6.272059599870351, 2.7758068873383843, 1.29488339586168, 0.631118889730285, 0.36970863433020457]","[[3, 4], [1, 4], [1, 3], [1, 3]]","[true, true, true, true, true]",0,4.0,0,1,1,"[[4, 7], [4, 7], [4, 7], [4, 7], [4, 7]]","[[6, 9], [6, 9], [6, 9], [6, 9], [6, 9]]","[[2, 2], [2, 2], [2, 2], [2, 2], [2, 2]]","[[1.0, 1.75], [1.0, 1.75], [1.0, 1.75], [1.0, 1.75], [1.0, 1.75]]","[4.0, 7.0]",0.5,0.9969379777658656,0.47349124999999503
03_parameter_sensitivity|smoothing_9|ellipse--demand_conflict|n1_d1_m1|25005|v11_full,03_parameter_sensitivity,independent_seeded,S25005,25005,ellipse--demand_conflict,ellipse,demand_conflict,smoothing_window,9,12,v11_full,0.25,9,0.65,n1_d1_m1,0.05,4,1.7,7.963615217036075,0.47139408818366624,0.33686164380783357,0.059193478757642845,0.6666666666666666,0.0,2.0012392545979276,0.08086540643598873,0.04040766552534746,"[7.963615217036075, 3.715952357994937, 1.87386325240243, 0.923225787648162, 0.47139408818366624]","[[3, 4], [1, 4], [1, 3], [1, 2]]","[true, true, true, true, true]",0,4.0,0,1,1,"[[4, 8], [4, 8], [4, 8], [4, 8], [4, 8]]","[[6, 10], [6, 10], [6, 10], [6, 10], [6, 10]]","[[2, 2], [2, 2], [2, 2], [2, 2], [2, 2]]","[[1.0, 2.0], [1.0, 2.0], [1.0, 2.0], [1.0, 2.0], [1.0, 2.0]]","[4.0, 8.0]",1.0,0.994357211495057,0.48304091699998253
03_parameter_sensitivity|smoothing_9|ellipse--demand_conflict|n1_d1_m1|25006|v11_full,03_parameter_sensitivity,independent_seeded,S25006,25006,ellipse--demand_conflict,ellipse,demand_conflict,smoothing_window,9,12,v11_full,0.25,9,0.65,n1_d1_m1,0.05,4,1.7,6.063825769387071,0.27296354091578495,0.3122550906653838,0.04501506990748779,0.8333333333333334,0.0,1.7925268372907202,0.053856962779439445,0.03004527556242366,"[6.063825769387071, 2.553927407115155, 1.2840950515426282, 0.5674247477869898, 0.27296354091578495]","[[3, 4], [3, 4], [1, 3], [1, 4]]","[true, true, true, true, true]",0,4.0,0,1,1,"[[6, 7], [6, 7], [6, 7], [6, 7], [6, 7]]","[[8, 9], [8, 9], [8, 9], [8, 9], [8, 9]]","[[2, 2], [2, 2], [2, 2], [2, 2], [2, 2]]","[[1.5, 1.75], [1.5, 1.75], [1.5, 1.75], [1.5, 1.75], [1.5, 1.75]]","[6.0, 7.0]",1.0,0.9993590304694955,0.4344942920000108
03_parameter_sensitivity|smoothing_9|figure_eight--demand_conflict|n0_d1_m0|25001|v11_full,03_parameter_sensitivity,independent_seeded,S25001,25001,figure_eight--demand_conflict,figure_eight,demand_conflict,smoothing_window,9,12,v11_full,0.25,9,0.65,n0_d1_m0,0.0,4,1.0,11.530597929027934,5.900157524883909,0.619552349560301,0.5116957126768282,0.8333333333333334,0.8333333333333334,3.5406280069014553,1.5858205011210176,0.4478924354746977,"[11.530597929027934, 7.493122450742124, 6.3651519042316185, 6.001584073127925, 5.900157524883909]","[[2, 4], [2, 4], [2, 4], [2, 4]]","[true, true, true, true, true]",0,4.0,0,1,1,"[[7, 7], [7, 7], [7, 7], [7, 7], [7, 7]]","[[9, 9], [9, 9], [9, 9], [9, 9], [9, 9]]","[[2, 2], [2, 2], [2, 2], [2, 2], [2, 2]]","[[1.75, 1.75], [1.75, 1.75], [1.75, 1.75], [1.75, 1.75], [1.75, 1.75]]","[7.0, 7.0]",0.5,0.9997369444807049,0.7495740000000524
03_parameter_sensitivity|smoothing_9|figure_eight--demand_conflict|n0_d1_m0|25002|v11_full,03_parameter_sensitivity,independent_seeded,S25002,25002,figure_eight--demand_conflict,figure_eight,demand_conflict,smoothing_window,9,12,v11_full,0.25,9,0.65,n0_d1_m0,0.0,4,1.0,10.205787666034217,2.603299107153681,0.4325855523821335,0.25508066524034156,1.0,0.6666666666666666,2.9412102616826212,0.6666244724688621,0.22664971666714387,"[10.205787666034217, 5.179341709811453, 3.2957632920159643, 2.779856791603337, 2.603299107153681]","[[1, 4], [2, 4], [2, 4], [2, 4]]","[true, true, true, true, true]",0,4.0,0,1,1,"[[7, 5], [7, 5], [7, 5], [7, 5], [7, 5]]","[[9, 7], [9, 7], [9, 7], [9, 7], [9, 7]]","[[2, 2], [2, 2], [2, 2], [2, 2], [2, 2]]","[[1.75, 1.25], [1.75, 1.25], [1.75, 1.25], [1.75, 1.25], [1.75, 1.25]]","[7.0, 5.0]",1.0,0.997408410066363,0.6295590409999932
03_parameter_sensitivity|smoothing_9|figure_eight--demand_conflict|n0_d1_m0|25003|v11_full,03_parameter_sensitivity,independent_seeded,S25003,25003,figure_eight--demand_conflict,figure_eight,demand_conflict,smoothing_window,9,12,v11_full,0.25,9,0.65,n0_d1_m0,0.0,4,1.0,11.943424306382695,6.530243270520393,0.6495790004612871,0.5467647387383332,1.0,1.0,3.434114444626585,1.8554710661494087,0.5403055419578968,"[11.943424306382695, 8.19633907674865, 6.9811173375104145, 6.618500289389843, 6.530243270520393]","[[2, 4], [2, 4], [2, 4], [2, 4]]","[true, true, true, true, true]",0,4.0,0,1,1,"[[4, 8], [4, 8], [4, 8], [4, 8], [4, 8]]","[[6, 10], [6, 10], [6, 10], [6, 10], [6, 10]]","[[2, 2], [2, 2], [2, 2], [2, 2], [2, 2]]","[[1.0, 2.0], [1.0, 2.0], [1.0, 2.0], [1.0, 2.0], [1.0, 2.0]]","[4.0, 8.0]",0.5,0.9934789678983987,0.7963602500000206
03_parameter_sensitivity|smoothing_9|figure_eight--demand_conflict|n0_d1_m0|25004|v11_full,03_parameter_sensitivity,independent_seeded,S25004,25004,figure_eight--demand_conflict,figure_eight,demand_conflict,smoothing_window,9,12,v11_full,0.25,9,0.65,n0_d1_m0,0.0,4,1.0,10.33382828411624,4.901402518947057,0.5892969643099075,0.47430655747210626,1.0,0.8333333333333334,2.972442702426152,1.3796107093869228,0.4641336595860583,"[10.33382828411624, 6.451317150436879, 5.302303081858126, 4.987538916291588, 4.901402518947057]","[[2, 4], [2, 4], [2, 4], [2, 4]]","[true, true, true, true, true]",0,4.0,0,1,1,"[[4, 7], [4, 7], [4, 7], [4, 7], [4, 7]]","[[6, 9], [6, 9], [6, 9], [6, 9], [6, 9]]","[[2, 2], [2, 2], [2, 2], [2, 2], [2, 2]]","[[1.0, 1.75], [1.0, 1.75], [1.0, 1.75], [1.0, 1.75], [1.0, 1.75]]","[4.0, 7.0]",0.5,0.9959577331707463,0.7065717920000338
03_parameter_sensitivity|smoothing_9|figure_eight--demand_conflict|n0_d1_m0|25005|v11_full,03_parameter_sensitivity,independent_seeded,S25005,25005,figure_eight--demand_conflict,figure_eight,demand_conflict,smoothing_window,9,12,v11_full,0.25,9,0.65,n0_d1_m0,0.0,4,1.0,12.65732316490088,7.364226093844815,0.675382835938704,0.5818154437476973,1.0,1.0,3.642795192090087,2.078291334016553,0.5705210489267486,"[12.65732316490088, 8.990465022986939, 7.779320919960832, 7.413594685693019, 7.364226093844815]","[[2, 4], [2, 4], [2, 4], [2, 4]]","[true, true, true, true, true]",0,4.0,0,1,1,"[[5, 8], [5, 8], [5, 8], [5, 8], [5, 8]]","[[7, 10], [7, 10], [7, 10], [7, 10], [7, 10]]","[[2, 2], [2, 2], [2, 2], [2, 2], [2, 2]]","[[1.25, 2.0], [1.25, 2.0], [1.25, 2.0], [1.25, 2.0], [1.25, 2.0]]","[5.0, 8.0]",0.5,0.9936803356927719,0.8583781250000015
03_parameter_sensitivity|smoothing_9|figure_eight--demand_conflict|n0_d1_m0|25006|v11_full,03_parameter_sensitivity,independent_seeded,S25006,25006,figure_eight--demand_conflict,figure_eight,demand_conflict,smoothing_window,9,12,v11_full,0.25,9,0.65,n0_d1_m0,0.0,4,1.0,11.568280104852967,5.93238387875522,0.6225540768483382,0.5128146816108428,0.8333333333333334,0.8333333333333334,3.4310419029031243,1.6200274003154442,0.47216776890561507,"[11.568280104852967, 7.610024702669948, 6.409435534619265, 6.0377275365056375, 5.93238387875522]","[[2, 4], [2, 4], [2, 4], [2, 4]]","[true, true, true, true, true]",0,4.0,0,1,1,"[[6, 7], [6, 7], [6, 7], [6, 7], [6, 7]]","[[8, 9], [8, 9], [8, 9], [8, 9], [8, 9]]","[[2, 2], [2, 2], [2, 2], [2, 2], [2, 2]]","[[1.5, 1.75], [1.5, 1.75], [1.5, 1.75], [1.5, 1.75], [1.5, 1.75]]","[6.0, 7.0]",1.0,0.9994106698283025,0.8035069999999678
03_parameter_sensitivity|smoothing_9|figure_eight--demand_conflict|n1_d1_m1|25001|v11_full,03_parameter_sensitivity,independent_seeded,S25001,25001,figure_eight--demand_conflict,figure_eight,demand_conflict,smoothing_window,9,12,v11_full,0.25,9,0.65,n1_d1_m1,0.05,4,1.7,11.677691315437041,6.075796550832026,0.6285441033043733,0.5202909022608153,0.8333333333333334,0.6666666666666666,3.547203318946834,1.6437817264312389,0.46340217310105536,"[11.677691315437041, 7.6875693845665385, 6.60354414079927, 6.191918607606226, 6.075796550832026]","[[2, 4], [2, 4], [2, 4], [2, 4]]","[true, true, true, true, true]",0,4.0,0,1,1,"[[7, 7], [7, 7], [7, 7], [7, 7], [7, 7]]","[[9, 9], [9, 9], [9, 9], [9, 9], [9, 9]]","[[2, 2], [2, 2], [2, 2], [2, 2], [2, 2]]","[[1.75, 1.75], [1.75, 1.75], [1.75, 1.75], [1.75, 1.75], [1.75, 1.75]]","[7.0, 7.0]",0.5,0.9994970458241901,0.8379019160000212
03_parameter_sensitivity|smoothing_9|figure_eight--demand_conflict|n1_d1_m1|25002|v11_full,03_parameter_sensitivity,independent_seeded,S25002,25002,figure_eight--demand_conflict,figure_eight,demand_conflict,smoothing_window,9,12,v11_full,0.25,9,0.65,n1_d1_m1,0.05,4,1.7,9.444604032109284,1.8852032784066133,0.39274643139364607,0.19960638603772007,1.0,0.5,2.7197966276617676,0.5084424139177443,0.186941335519949,"[9.444604032109284, 4.631880195457294, 2.5199063431438873, 2.020647924288718, 1.8852032784066133]","[[1, 4], [2, 4], [2, 4], [2, 4]]","[true, true, true, true, true]",0,4.0,0,1,1,"[[7, 5], [7, 5], [7, 5], [7, 5], [7, 5]]","[[9, 7], [9, 7], [9, 7], [9, 7], [9, 7]]","[[2, 2], [2, 2], [2, 2], [2, 2], [2, 2]]","[[1.75, 1.25], [1.75, 1.25], [1.75, 1.25], [1.75, 1.25], [1.75, 1.25]]","[7.0, 5.0]",1.0,0.9969719087027697,0.6662540420000482
03_parameter_sensitivity|smoothing_9|figure_eight--demand_conflict|n1_d1_m1|25003|v11_full,03_parameter_sensitivity,independent_seeded,S25003,25003,figure_eight--demand_conflict,figure_eight,demand_conflict,smoothing_window,9,12,v11_full,0.25,9,0.65,n1_d1_m1,0.05,4,1.7,11.569640299296164,6.165203345725271,0.6351155198891707,0.5328777028703588,1.0,1.0,3.318112372978345,1.7521672852280028,0.5280614663617477,"[11.569640299296164, 7.772006195849773, 6.529279473883464, 6.223524962228782, 6.165203345725271]","[[2, 4], [2, 4], [2, 4], [2, 4]]","[true, true, true, true, true]",0,4.0,0,1,1,"[[4, 7], [4, 7], [4, 7], [4, 7], [4, 7]]","[[6, 9], [6, 9], [6, 9], [6, 9], [6, 9]]","[[2, 2], [2, 2], [2, 2], [2, 2], [2, 2]]","[[1.0, 1.75], [1.0, 1.75], [1.0, 1.75], [1.0, 1.75], [1.0, 1.75]]","[4.0, 7.0]",1.0,0.9929452291155478,0.8589800839999953
03_parameter_sensitivity|smoothing_9|figure_eight--demand_conflict|n1_d1_m1|25004|v11_full,03_parameter_sensitivity,independent_seeded,S25004,25004,figure_eight--demand_conflict,figure_eight,demand_conflict,smoothing_window,9,12,v11_full,0.25,9,0.65,n1_d1_m1,0.05,4,1.7,10.318952142072382,4.818215529402794,0.5835262740710494,0.4669287601168329,1.0,0.8333333333333334,2.9536337273818942,1.3624050268260204,0.4612640403567095,"[10.318952142072382, 6.393784763088405, 5.218618485741054, 4.9045316985568395, 4.818215529402794]","[[2, 4], [2, 4], [2, 4], [2, 4]]","[true, true, true, true, true]",0,4.0,0,1,1,"[[4, 7], [4, 7], [4, 7], [4, 7], [4, 7]]","[[6, 9], [6, 9], [6, 9], [6, 9], [6, 9]]","[[2, 2], [2, 2], [2, 2], [2, 2], [2, 2]]","[[1.0, 1.75], [1.0, 1.75], [1.0, 1.75], [1.0, 1.75], [1.0, 1.75]]","[4.0, 7.0]",0.5,0.9950192588893054,0.7993473340000037
03_parameter_sensitivity|smoothing_9|figure_eight--demand_conflict|n1_d1_m1|25005|v11_full,03_parameter_sensitivity,independent_seeded,S25005,25005,figure_eight--demand_conflict,figure_eight,demand_conflict,smoothing_window,9,12,v11_full,0.25,9,0.65,n1_d1_m1,0.05,4,1.7,13.208865916594977,7.762235937042685,0.6747141636835252,0.5876534735121044,1.0,1.0,3.7822836944178975,2.2310533542996365,0.5898693843595995,"[13.208865916594977, 9.310223488676055, 8.070040182683755, 7.783021082314163, 7.762235937042685]","[[2, 4], [2, 4], [2, 4], [2, 4]]","[true, true, true, true, true]",0,4.0,0,1,1,"[[4, 8], [4, 8], [4, 8], [4, 8], [4, 8]]","[[6, 10], [6, 10], [6, 10], [6, 10], [6, 10]]","[[2, 2], [2, 2], [2, 2], [2, 2], [2, 2]]","[[1.0, 2.0], [1.0, 2.0], [1.0, 2.0], [1.0, 2.0], [1.0, 2.0]]","[4.0, 8.0]",1.0,0.9896277292007951,0.9804968340000073
03_parameter_sensitivity|smoothing_9|figure_eight--demand_conflict|n1_d1_m1|25006|v11_full,03_parameter_sensitivity,independent_seeded,S25006,25006,figure_eight--demand_conflict,figure_eight,demand_conflict,smoothing_window,9,12,v11_full,0.25,9,0.65,n1_d1_m1,0.05,4,1.7,10.804689433892133,5.155248100889518,0.5929370050850784,0.47713061374245,0.6666666666666666,0.8333333333333334,3.190097182857639,1.407605434348919,0.44124217967805235,"[10.804689433892133, 6.77903680080709, 5.6119859882400425, 5.255009218787613, 5.155248100889518]","[[2, 4], [2, 4], [2, 4], [2, 4]]","[true, true, true, true, true]",0,4.0,0,1,1,"[[6, 7], [6, 7], [6, 7], [6, 7], [6, 7]]","[[8, 9], [8, 9], [8, 9], [8, 9], [8, 9]]","[[2, 2], [2, 2], [2, 2], [2, 2], [2, 2]]","[[1.5, 1.75], [1.5, 1.75], [1.5, 1.75], [1.5, 1.75], [1.5, 1.75]]","[6.0, 7.0]",1.0,0.9992058832144716,0.880884750000007
03_parameter_sensitivity|smoothing_9|harmonic_loop--demand_conflict|n0_d1_m0|25001|v11_full,03_parameter_sensitivity,independent_seeded,S25001,25001,harmonic_loop--demand_conflict,harmonic_loop,demand_conflict,smoothing_window,9,12,v11_full,0.25,9,0.65,n0_d1_m0,0.0,4,1.0,8.99889140222643,3.027432164000764,0.5647528071979987,0.33642279128424,1.0,0.8333333333333334,2.4660513006353546,1.083185895825042,0.4392389953712518,"[8.99889140222643, 6.063860953143202, 4.716894752203161, 3.5346792358492847, 3.027432164000764]","[[2, 3], [3, 4], [3, 4], [3, 4]]","[true, true, true, true, true]",0,4.0,0,1,1,"[[7, 7], [7, 7], [7, 7], [7, 7], [7, 7]]","[[9, 9], [9, 9], [9, 9], [9, 9], [9, 9]]","[[2, 2], [2, 2], [2, 2], [2, 2], [2, 2]]","[[1.75, 1.75], [1.75, 1.75], [1.75, 1.75], [1.75, 1.75], [1.75, 1.75]]","[7.0, 7.0]",0.5,0.9997229628427518,0.677907040999969
03_parameter_sensitivity|smoothing_9|harmonic_loop--demand_conflict|n0_d1_m0|25002|v11_full,03_parameter_sensitivity,independent_seeded,S25002,25002,harmonic_loop--demand_conflict,harmonic_loop,demand_conflict,smoothing_window,9,12,v11_full,0.25,9,0.65,n0_d1_m0,0.0,4,1.0,8.1760226882683,1.6971298888059627,0.47587818279806715,0.20757401899595493,0.8333333333333334,0.6666666666666666,2.039212942951675,0.51434733586548,0.25222835979109853,"[8.1760226882683, 4.915773377397903, 3.3516798071155325, 2.3591338045849795, 1.6971298888059627]","[[2, 3], [3, 4], [2, 4], [3, 4]]","[true, true, true, true, true]",0,4.0,0,1,1,"[[7, 5], [7, 5], [7, 5], [7, 5], [7, 5]]","[[9, 7], [9, 7], [9, 7], [9, 7], [9, 7]]","[[2, 2], [2, 2], [2, 2], [2, 2], [2, 2]]","[[1.75, 1.25], [1.75, 1.25], [1.75, 1.25], [1.75, 1.25], [1.75, 1.25]]","[7.0, 5.0]",1.0,0.9972757454343775,0.5146362079999562
03_parameter_sensitivity|smoothing_9|harmonic_loop--demand_conflict|n0_d1_m0|25003|v11_full,03_parameter_sensitivity,independent_seeded,S25003,25003,harmonic_loop--demand_conflict,harmonic_loop,demand_conflict,smoothing_window,9,12,v11_full,0.25,9,0.65,n0_d1_m0,0.0,4,1.0,8.574357152477088,4.246363037185279,0.6266895505351924,0.49523981351284474,0.8333333333333334,0.8333333333333334,2.19461231466453,1.2614832949744517,0.574809175427088,"[8.574357152477088, 5.795065474897357, 4.896559845853443, 4.246363037185279, 4.537346371763374]","[[2, 3], [2, 3], [3, 4], [1, 3]]","[true, true, true, true, false]",1,2.0,0,1,1,"[[4, 7], [4, 7], [4, 7], [4, 7], [4, 7]]","[[6, 9], [6, 9], [6, 9], [6, 9], [6, 9]]","[[2, 2], [2, 2], [2, 2], [2, 2], [2, 2]]","[[1.0, 1.75], [1.0, 1.75], [1.0, 1.75], [1.0, 1.75], [1.0, 1.75]]","[4.0, 7.0]",1.0,0.9952307966615666,0.5610528330000193
03_parameter_sensitivity|smoothing_9|harmonic_loop--demand_conflict|n0_d1_m0|25004|v11_full,03_parameter_sensitivity,independent_seeded,S25004,25004,harmonic_loop--demand_conflict,harmonic_loop,demand_conflict,smoothing_window,9,12,v11_full,0.25,9,0.65,n0_d1_m0,0.0,4,1.0,7.397759230051182,2.705422076808083,0.5866593534343428,0.3657083168938664,1.0,0.8333333333333334,1.9138760484106219,0.9550865780102793,0.4990326195907153,"[7.397759230051182, 4.506269108768775, 4.505702966628035, 3.2962958582326314, 2.705422076808083]","[[2, 3], [2, 3], [3, 4], [3, 4]]","[true, true, true, true, true]",0,4.0,0,1,1,"[[4, 7], [4, 7], [4, 7], [4, 7], [4, 7]]","[[6, 9], [6, 9], [6, 9], [6, 9], [6, 9]]","[[2, 2], [2, 2], [2, 2], [2, 2], [2, 2]]","[[1.0, 1.75], [1.0, 1.75], [1.0, 1.75], [1.0, 1.75], [1.0, 1.75]]","[4.0, 7.0]",0.5,0.9967626816134318,0.5838078749999909
03_parameter_sensitivity|smoothing_9|harmonic_loop--demand_conflict|n0_d1_m0|25005|v11_full,03_parameter_sensitivity,independent_seeded,S25005,25005,harmonic_loop--demand_conflict,harmonic_loop,demand_conflict,smoothing_window,9,12,v11_full,0.25,9,0.65,n0_d1_m0,0.0,4,1.0,9.152116894160674,4.8521228988981155,0.6568337173255698,0.5301639997620567,1.0,0.8333333333333334,2.3500559742655738,1.3909673883546987,0.5918869182634664,"[9.152116894160674, 6.412615549824135, 5.613895910956524, 4.8521228988981155, 5.18196607439941]","[[2, 3], [2, 3], [3, 4], [1, 3]]","[true, true, true, true, false]",1,2.0,0,1,1,"[[5, 8], [5, 8], [5, 8], [5, 8], [5, 8]]","[[7, 10], [7, 10], [7, 10], [7, 10], [7, 10]]","[[2, 2], [2, 2], [2, 2], [2, 2], [2, 2]]","[[1.25, 2.0], [1.25, 2.0], [1.25, 2.0], [1.25, 2.0], [1.25, 2.0]]","[5.0, 8.0]",0.5,0.9947559399233994,0.5923701250000022
03_parameter_sensitivity|smoothing_9|harmonic_loop--demand_conflict|n0_d1_m0|25006|v11_full,03_parameter_sensitivity,independent_seeded,S25006,25006,harmonic_loop--demand_conflict,harmonic_loop,demand_conflict,smoothing_window,9,12,v11_full,0.25,9,0.65,n0_d1_m0,0.0,4,1.0,8.536642392877095,3.6470805968979736,0.5878630780933892,0.4272265873455198,1.0,0.6666666666666666,2.3239425180567728,1.1627736409610419,0.5003452675470331,"[8.536642392877095, 5.756386110282074, 4.383217297540968, 3.6470805968979736, 4.037004586954834]","[[2, 3], [3, 4], [3, 4], [2, 3]]","[true, true, true, true, false]",1,2.0,0,1,1,"[[6, 7], [6, 7], [6, 7], [6, 7], [6, 7]]","[[8, 9], [8, 9], [8, 9], [8, 9], [8, 9]]","[[2, 2], [2, 2], [2, 2], [2, 2], [2, 2]]","[[1.5, 1.75], [1.5, 1.75], [1.5, 1.75], [1.5, 1.75], [1.5, 1.75]]","[6.0, 7.0]",1.0,0.999504538162943,0.6410334579999812
03_parameter_sensitivity|smoothing_9|harmonic_loop--demand_conflict|n1_d1_m1|25001|v11_full,03_parameter_sensitivity,independent_seeded,S25001,25001,harmonic_loop--demand_conflict,harmonic_loop,demand_conflict,smoothing_window,9,12,v11_full,0.25,9,0.65,n1_d1_m1,0.05,4,1.7,8.86701486508597,3.4271812635500587,0.6104607414489734,0.38650902425399625,1.0,0.8333333333333334,2.4949899882297855,1.2589772020514176,0.504602105816333,"[8.86701486508597, 6.4066394336652035, 5.175501685623976, 3.9226186923106092, 3.4271812635500587]","[[2, 3], [3, 4], [3, 4], [3, 4]]","[true, true, true, true, true]",0,4.0,0,1,1,"[[7, 7], [7, 7], [7, 7], [7, 7], [7, 7]]","[[9, 9], [9, 9], [9, 9], [9, 9], [9, 9]]","[[2, 2], [2, 2], [2, 2], [2, 2], [2, 2]]","[[1.75, 1.75], [1.75, 1.75], [1.75, 1.75], [1.75, 1.75], [1.75, 1.75]]","[7.0, 7.0]",0.5,0.999097540281066,0.7746203749999836
03_parameter_sensitivity|smoothing_9|harmonic_loop--demand_conflict|n1_d1_m1|25002|v11_full,03_parameter_sensitivity,independent_seeded,S25002,25002,harmonic_loop--demand_conflict,harmonic_loop,demand_conflict,smoothing_window,9,12,v11_full,0.25,9,0.65,n1_d1_m1,0.05,4,1.7,7.544353028411633,1.448278856162501,0.46724556035549103,0.19196859567790103,0.8333333333333334,0.6666666666666666,1.8750192561065957,0.43554592606152087,0.23228877497819142,"[7.544353028411633, 4.52248216557456, 2.9897991683085072, 2.0916645569492234, 1.448278856162501]","[[2, 3], [3, 4], [2, 4], [3, 4]]","[true, true, true, true, true]",0,4.0,0,1,1,"[[7, 5], [7, 5], [7, 5], [7, 5], [7, 5]]","[[9, 7], [9, 7], [9, 7], [9, 7], [9, 7]]","[[2, 2], [2, 2], [2, 2], [2, 2], [2, 2]]","[[1.75, 1.25], [1.75, 1.25], [1.75, 1.25], [1.75, 1.25], [1.75, 1.25]]","[7.0, 5.0]",1.0,0.9976070936315129,0.571114792000003
03_parameter_sensitivity|smoothing_9|harmonic_loop--demand_conflict|n1_d1_m1|25003|v11_full,03_parameter_sensitivity,independent_seeded,S25003,25003,harmonic_loop--demand_conflict,harmonic_loop,demand_conflict,smoothing_window,9,12,v11_full,0.25,9,0.65,n1_d1_m1,0.05,4,1.7,8.238858540839244,3.8990834938039685,0.6265427299878518,0.4732553028403849,0.8333333333333334,0.8333333333333334,2.1077823925540953,1.209791944328784,0.5739643468901096,"[8.238858540839244, 5.430453124330004, 4.926263698250528, 3.8990834938039685, 4.545516203680953]","[[2, 3], [2, 3], [3, 4], [1, 3]]","[true, true, true, true, false]",1,2.0,0,1,1,"[[4, 7], [4, 7], [4, 7], [4, 7], [4, 7]]","[[6, 9], [6, 9], [6, 9], [6, 9], [6, 9]]","[[2, 2], [2, 2], [2, 2], [2, 2], [2, 2]]","[[1.0, 1.75], [1.0, 1.75], [1.0, 1.75], [1.0, 1.75], [1.0, 1.75]]","[4.0, 7.0]",1.0,0.9950728779470035,0.7013369169999919
03_parameter_sensitivity|smoothing_9|harmonic_loop--demand_conflict|n1_d1_m1|25004|v11_full,03_parameter_sensitivity,independent_seeded,S25004,25004,harmonic_loop--demand_conflict,harmonic_loop,demand_conflict,smoothing_window,9,12,v11_full,0.25,9,0.65,n1_d1_m1,0.05,4,1.7,7.294331283118729,2.6851199307974234,0.5606457000363088,0.36811049931494016,1.0,0.8333333333333334,1.8835316528462713,0.986702393735414,0.5238576119728984,"[7.294331283118729, 4.709924126124098, 3.581887313257746, 3.0766048277434637, 2.6851199307974234]","[[2, 3], [3, 4], [3, 4], [3, 4]]","[true, true, true, true, true]",0,4.0,0,1,1,"[[4, 7], [4, 7], [4, 7], [4, 7], [4, 7]]","[[6, 9], [6, 9], [6, 9], [6, 9], [6, 9]]","[[2, 2], [2, 2], [2, 2], [2, 2], [2, 2]]","[[1.0, 1.75], [1.0, 1.75], [1.0, 1.75], [1.0, 1.75], [1.0, 1.75]]","[4.0, 7.0]",0.5,0.9959881692246895,0.6248948339999743
03_parameter_sensitivity|smoothing_9|harmonic_loop--demand_conflict|n1_d1_m1|25005|v11_full,03_parameter_sensitivity,independent_seeded,S25005,25005,harmonic_loop--demand_conflict,harmonic_loop,demand_conflict,smoothing_window,9,12,v11_full,0.25,9,0.65,n1_d1_m1,0.05,4,1.7,9.516513563736712,5.479505656002596,0.6733363730429582,0.5757891920506061,0.8333333333333334,0.8333333333333334,2.420289824794433,1.6193368879769459,0.6690673453186475,"[9.516513563736712, 6.807555341086233, 5.479505656002596, 5.723960752750129, 5.723960752750129]","[[2, 3], [3, 4], [2, 3], [2, 3]]","[true, true, true, false, false]",2,1.0,0,1,1,"[[4, 8], [5, 8], [5, 8], [5, 8], [5, 8]]","[[6, 10], [7, 10], [7, 10], [7, 10], [7, 10]]","[[2, 2], [2, 2], [2, 2], [2, 2], [2, 2]]","[[1.0, 2.0], [1.125, 2.0], [1.25, 2.0], [1.25, 2.0], [1.25, 2.0]]","[5.0, 8.0]",0.5,0.9914686576389666,0.7164234580000084
03_parameter_sensitivity|smoothing_9|harmonic_loop--demand_conflict|n1_d1_m1|25006|v11_full,03_parameter_sensitivity,independent_seeded,S25006,25006,harmonic_loop--demand_conflict,harmonic_loop,demand_conflict,smoothing_window,9,12,v11_full,0.25,9,0.65,n1_d1_m1,0.05,4,1.7,7.923445882788174,2.834301863290568,0.5744909994039346,0.3577107618602436,1.0,0.6666666666666666,2.1567230813337837,1.0263302576930975,0.4758748429855832,"[7.923445882788174, 5.431008665413705, 4.116562039300398, 3.281348797950402, 2.834301863290568]","[[2, 3], [3, 4], [3, 4], [3, 4]]","[true, true, true, true, true]",0,4.0,0,1,1,"[[6, 7], [6, 7], [6, 7], [6, 7], [6, 7]]","[[8, 9], [8, 9], [8, 9], [8, 9], [8, 9]]","[[2, 2], [2, 2], [2, 2], [2, 2], [2, 2]]","[[1.5, 1.75], [1.5, 1.75], [1.5, 1.75], [1.5, 1.75], [1.5, 1.75]]","[6.0, 7.0]",1.0,0.9993373431539176,0.7069105829999671
03_parameter_sensitivity|smoothing_9|rounded_square--demand_conflict|n0_d1_m0|25001|v11_full,03_parameter_sensitivity,independent_seeded,S25001,25001,rounded_square--demand_conflict,rounded_square,demand_conflict,smoothing_window,9,12,v11_full,0.25,9,0.65,n0_d1_m0,0.0,4,1.0,12.878324196240044,9.49419528291126,0.8054973441414252,0.737222882281779,1.0,0.8333333333333334,2.734247150516419,2.2116715488923266,0.8088777009329997,"[12.878324196240044, 9.49419528291126, 10.282613073499634, 10.282613073499634, 9.990480440447765]","[[1, 2], [2, 4], [2, 4], [2, 4]]","[true, true, false, false, false]",3,0.5,0,1,1,"[[7, 7], [7, 7], [7, 7], [7, 7], [7, 7]]","[[9, 9], [9, 9], [9, 9], [9, 9], [9, 9]]","[[2, 2], [2, 2], [2, 2], [2, 2], [2, 2]]","[[1.75, 1.75], [1.75, 1.75], [1.75, 1.75], [1.75, 1.75], [1.75, 1.75]]","[7.0, 7.0]",0.5,0.9996546300787563,0.641020291000018
03_parameter_sensitivity|smoothing_9|rounded_square--demand_conflict|n0_d1_m0|25002|v11_full,03_parameter_sensitivity,independent_seeded,S25002,25002,rounded_square--demand_conflict,rounded_square,demand_conflict,smoothing_window,9,12,v11_full,0.25,9,0.65,n0_d1_m0,0.0,4,1.0,10.609358139352715,8.415328799199813,0.8871142341625103,0.7931986731586798,0.8333333333333334,0.8333333333333334,2.4987575237146307,1.7605381331593886,0.7045654155919011,"[10.609358139352715, 10.508754116883397, 8.415328799199813, 8.94539233148743, 8.94539233148743]","[[2, 4], [2, 3], [2, 3], [2, 3]]","[true, true, true, false, false]",2,1.0,0,1,1,"[[7, 5], [7, 5], [7, 5], [7, 5], [7, 5]]","[[9, 7], [9, 7], [9, 7], [9, 7], [9, 7]]","[[2, 2], [2, 2], [2, 2], [2, 2], [2, 2]]","[[1.75, 1.25], [1.75, 1.25], [1.75, 1.25], [1.75, 1.25], [1.75, 1.25]]","[7.0, 5.0]",1.0,0.9964922150991631,0.6446162080000022
03_parameter_sensitivity|smoothing_9|rounded_square--demand_conflict|n0_d1_m0|25003|v11_full,03_parameter_sensitivity,independent_seeded,S25003,25003,rounded_square--demand_conflict,rounded_square,demand_conflict,smoothing_window,9,12,v11_full,0.25,9,0.65,n0_d1_m0,0.0,4,1.0,12.667453428070658,7.577974546883937,0.6731129174833141,0.5982239911055363,1.0,0.8333333333333334,2.9130061268567298,1.9283576098797344,0.6619819958842732,"[12.667453428070658, 8.60634858089488, 7.7636395199043156, 7.577974546883937, 7.649633548984279]","[[1, 4], [1, 4], [2, 4], [1, 4]]","[true, true, true, true, false]",1,2.0,0,1,1,"[[4, 7], [4, 7], [4, 7], [4, 7], [4, 7]]","[[6, 9], [6, 9], [6, 9], [6, 9], [6, 9]]","[[2, 2], [2, 2], [2, 2], [2, 2], [2, 2]]","[[1.0, 1.75], [1.0, 1.75], [1.0, 1.75], [1.0, 1.75], [1.0, 1.75]]","[4.0, 7.0]",1.0,0.9920191091471937,0.6313554999999837
03_parameter_sensitivity|smoothing_9|rounded_square--demand_conflict|n0_d1_m0|25004|v11_full,03_parameter_sensitivity,independent_seeded,S25004,25004,rounded_square--demand_conflict,rounded_square,demand_conflict,smoothing_window,9,12,v11_full,0.25,9,0.65,n0_d1_m0,0.0,4,1.0,10.936409882598811,6.084203790506386,0.6381510710058436,0.5563255086284862,1.0,0.8333333333333334,2.4692788937523678,1.4531420467538338,0.5884884248719304,"[10.936409882598811, 6.852481302051521, 6.323939417868839, 6.229599161684336, 6.084203790506386]","[[1, 4], [1, 2], [1, 4], [3, 4]]","[true, true, true, true, true]",0,4.0,0,1,1,"[[4, 7], [4, 7], [4, 7], [4, 7], [4, 7]]","[[6, 9], [6, 9], [6, 9], [6, 9], [6, 9]]","[[2, 2], [2, 2], [2, 2], [2, 2], [2, 2]]","[[1.0, 1.75], [1.0, 1.75], [1.0, 1.75], [1.0, 1.75], [1.0, 1.75]]","[4.0, 7.0]",0.5,0.9945453960426798,0.643137749999994
03_parameter_sensitivity|smoothing_9|rounded_square--demand_conflict|n0_d1_m0|25005|v11_full,03_parameter_sensitivity,independent_seeded,S25005,25005,rounded_square--demand_conflict,rounded_square,demand_conflict,smoothing_window,9,12,v11_full,0.25,9,0.65,n0_d1_m0,0.0,4,1.0,13.449428834251158,8.722191794079302,0.7104452978795681,0.6485176360699291,1.0,0.8333333333333334,3.021275814696837,2.244789585914606,0.7429939282586997,"[13.449428834251158, 9.60650408579691, 8.796129213601645, 8.722191794079302, 8.741588774470054]","[[1, 4], [1, 4], [1, 4], [1, 4]]","[true, true, true, true, false]",1,2.0,0,1,1,"[[5, 8], [5, 8], [5, 8], [5, 8], [5, 8]]","[[7, 10], [7, 10], [7, 10], [7, 10], [7, 10]]","[[2, 2], [2, 2], [2, 2], [2, 2], [2, 2]]","[[1.25, 2.0], [1.25, 2.0], [1.25, 2.0], [1.25, 2.0], [1.25, 2.0]]","[5.0, 8.0]",0.5,0.992283801874039,0.8675574580000216
03_parameter_sensitivity|smoothing_9|rounded_square--demand_conflict|n0_d1_m0|25006|v11_full,03_parameter_sensitivity,independent_seeded,S25006,25006,rounded_square--demand_conflict,rounded_square,demand_conflict,smoothing_window,9,12,v11_full,0.25,9,0.65,n0_d1_m0,0.0,4,1.0,12.668752557348686,7.598184080572114,0.7060508733963545,0.5997578724643006,1.0,0.8333333333333334,2.6027135139067417,1.6844114526975515,0.6471751284563031,"[12.668752557348686, 9.182751374516942, 8.685598753773096, 7.598184080572114, 7.956449488593723]","[[1, 2], [2, 4], [3, 4], [2, 4]]","[true, true, true, true, false]",1,2.0,0,1,1,"[[6, 7], [6, 7], [6, 7], [6, 7], [6, 7]]","[[8, 9], [8, 9], [8, 9], [8, 9], [8, 9]]","[[2, 2], [2, 2], [2, 2], [2, 2], [2, 2]]","[[1.5, 1.75], [1.5, 1.75], [1.5, 1.75], [1.5, 1.75], [1.5, 1.75]]","[6.0, 7.0]",1.0,0.9993107677287703,0.698824290999994
03_parameter_sensitivity|smoothing_9|rounded_square--demand_conflict|n1_d1_m1|25001|v11_full,03_parameter_sensitivity,independent_seeded,S25001,25001,rounded_square--demand_conflict,rounded_square,demand_conflict,smoothing_window,9,12,v11_full,0.25,9,0.65,n1_d1_m1,0.05,4,1.7,13.018710329567652,8.537484608961055,0.7463544268234075,0.6557857416622145,1.0,0.8333333333333334,2.7142490987481973,1.9708046630285054,0.7260957234682086,"[13.018710329567652, 9.548236889946072, 9.521173479420337, 9.018780505386994, 8.537484608961055]","[[1, 2], [2, 4], [2, 3], [2, 4]]","[true, true, true, true, true]",0,4.0,0,1,1,"[[7, 7], [7, 7], [7, 7], [7, 7], [7, 7]]","[[9, 9], [9, 9], [9, 9], [9, 9], [9, 9]]","[[2, 2], [2, 2], [2, 2], [2, 2], [2, 2]]","[[1.75, 1.75], [1.75, 1.75], [1.75, 1.75], [1.75, 1.75], [1.75, 1.75]]","[7.0, 7.0]",0.5,0.9995141155287104,0.7926519579999649
03_parameter_sensitivity|smoothing_9|rounded_square--demand_conflict|n1_d1_m1|25002|v11_full,03_parameter_sensitivity,independent_seeded,S25002,25002,rounded_square--demand_conflict,rounded_square,demand_conflict,smoothing_window,9,12,v11_full,0.25,9,0.65,n1_d1_m1,0.05,4,1.7,9.938895279283194,7.6490008659432505,0.8691601973064824,0.7696027225366747,0.8333333333333334,0.8333333333333334,2.3335768553918896,1.5993314003158536,0.6853562146969742,"[9.938895279283194, 9.750040044934352, 7.6490008659432505, 8.123653451521196, 8.123653451521196]","[[2, 4], [2, 3], [2, 3], [2, 3]]","[true, true, true, false, false]",2,1.0,0,1,1,"[[7, 5], [7, 5], [7, 5], [7, 5], [7, 5]]","[[9, 7], [9, 7], [9, 7], [9, 7], [9, 7]]","[[2, 2], [2, 2], [2, 2], [2, 2], [2, 2]]","[[1.75, 1.25], [1.75, 1.25], [1.75, 1.25], [1.75, 1.25], [1.75, 1.25]]","[7.0, 5.0]",1.0,0.9967046429859241,0.8084796670000287
03_parameter_sensitivity|smoothing_9|rounded_square--demand_conflict|n1_d1_m1|25003|v11_full,03_parameter_sensitivity,independent_seeded,S25003,25003,rounded_square--demand_conflict,rounded_square,demand_conflict,smoothing_window,9,12,v11_full,0.25,9,0.65,n1_d1_m1,0.05,4,1.7,12.197438303545976,7.129197917237169,0.657827115759004,0.5844832119515296,1.0,0.8333333333333334,2.8509579756317676,1.8464719708343658,0.6476672005048375,"[12.197438303545976, 8.119491506894814, 7.235764299015271, 7.076648719178542, 7.129197917237169]","[[1, 4], [1, 4], [2, 4], [1, 4]]","[true, true, true, true, true]",0,4.0,0,1,1,"[[4, 7], [4, 7], [4, 7], [4, 7], [4, 7]]","[[6, 9], [6, 9], [6, 9], [6, 9], [6, 9]]","[[2, 2], [2, 2], [2, 2], [2, 2], [2, 2]]","[[1.0, 1.75], [1.0, 1.75], [1.0, 1.75], [1.0, 1.75], [1.0, 1.75]]","[4.0, 7.0]",1.0,0.9920277821035854,0.7366573329999824
03_parameter_sensitivity|smoothing_9|rounded_square--demand_conflict|n1_d1_m1|25004|v11_full,03_parameter_sensitivity,independent_seeded,S25004,25004,rounded_square--demand_conflict,rounded_square,demand_conflict,smoothing_window,9,12,v11_full,0.25,9,0.65,n1_d1_m1,0.05,4,1.7,10.811479195275698,5.94645836912839,0.6283282273417243,0.5500133942566174,1.0,0.8333333333333334,2.5216385907499954,1.4571752481357103,0.577868396161526,"[10.811479195275698, 6.713522624474844, 6.145882652061653, 5.934256172099506, 5.94645836912839]","[[1, 4], [1, 2], [1, 4], [3, 4]]","[true, true, true, true, true]",0,4.0,0,1,1,"[[4, 7], [4, 7], [4, 7], [4, 7], [4, 7]]","[[6, 9], [6, 9], [6, 9], [6, 9], [6, 9]]","[[2, 2], [2, 2], [2, 2], [2, 2], [2, 2]]","[[1.0, 1.75], [1.0, 1.75], [1.0, 1.75], [1.0, 1.75], [1.0, 1.75]]","[4.0, 7.0]",0.5,0.9930727918072864,0.7352092920000359
03_parameter_sensitivity|smoothing_9|rounded_square--demand_conflict|n1_d1_m1|25005|v11_full,03_parameter_sensitivity,independent_seeded,S25005,25005,rounded_square--demand_conflict,rounded_square,demand_conflict,smoothing_window,9,12,v11_full,0.25,9,0.65,n1_d1_m1,0.05,4,1.7,13.809962620752362,8.917647024997727,0.7115153480551617,0.6457401276088245,1.0,0.8333333333333334,3.3028687880947087,2.350390051426188,0.711620776428734,"[13.809962620752362, 9.876151918264753, 9.103712786265778, 8.960331915527982, 8.917647024997727]","[[1, 4], [1, 4], [1, 4], [1, 4]]","[true, true, true, true, true]",0,4.0,0,1,1,"[[4, 8], [4, 8], [4, 8], [4, 8], [4, 8]]","[[6, 10], [6, 10], [6, 10], [6, 10], [6, 10]]","[[2, 2], [2, 2], [2, 2], [2, 2], [2, 2]]","[[1.0, 2.0], [1.0, 2.0], [1.0, 2.0], [1.0, 2.0], [1.0, 2.0]]","[4.0, 8.0]",1.0,0.9874463339927299,0.8682261669999889
03_parameter_sensitivity|smoothing_9|rounded_square--demand_conflict|n1_d1_m1|25006|v11_full,03_parameter_sensitivity,independent_seeded,S25006,25006,rounded_square--demand_conflict,rounded_square,demand_conflict,smoothing_window,9,12,v11_full,0.25,9,0.65,n1_d1_m1,0.05,4,1.7,11.789988627730645,6.7722980982202525,0.6985611869471623,0.5744109101421411,1.0,0.8333333333333334,2.4148354352553416,1.51678358833891,0.6281105396229733,"[11.789988627730645, 8.615016653937895, 8.115148504953908, 6.7722980982202525, 7.093312457093766]","[[1, 2], [2, 4], [3, 4], [2, 4]]","[true, true, true, true, false]",1,2.0,0,1,1,"[[6, 7], [6, 7], [6, 7], [6, 7], [6, 7]]","[[8, 9], [8, 9], [8, 9], [8, 9], [8, 9]]","[[2, 2], [2, 2], [2, 2], [2, 2], [2, 2]]","[[1.5, 1.75], [1.5, 1.75], [1.5, 1.75], [1.5, 1.75], [1.5, 1.75]]","[6.0, 7.0]",1.0,0.9989257059859526,0.7478404579999847
03_parameter_sensitivity|smoothing_9|s_curve--demand_conflict|n0_d1_m0|25001|v11_full,03_parameter_sensitivity,independent_seeded,S25001,25001,s_curve--demand_conflict,s_curve,demand_conflict,smoothing_window,9,12,v11_full,0.25,9,0.65,n0_d1_m0,0.0,4,1.0,5.889184724160488,1.1438301377360085,0.45615983681430056,0.19422554925869864,0.8333333333333334,0.16666666666666666,1.4287283043904688,0.8233717657265619,0.5762969510692467,"[5.889184724160488, 3.52282734770433, 2.2236166598532066, 1.4826867324634947, 1.1438301377360085]","[[2, 4], [2, 4], [2, 4], [2, 4]]","[true, true, true, true, true]",0,4.0,0,1,1,"[[7, 7], [7, 7], [7, 7], [7, 7], [7, 7]]","[[9, 9], [9, 9], [9, 9], [9, 9], [9, 9]]","[[2, 2], [2, 2], [2, 2], [2, 2], [2, 2]]","[[1.75, 1.75], [1.75, 1.75], [1.75, 1.75], [1.75, 1.75], [1.75, 1.75]]","[7.0, 7.0]",0.5,0.9993791583553313,0.5931949579999696
03_parameter_sensitivity|smoothing_9|s_curve--demand_conflict|n0_d1_m0|25002|v11_full,03_parameter_sensitivity,independent_seeded,S25002,25002,s_curve--demand_conflict,s_curve,demand_conflict,smoothing_window,9,12,v11_full,0.25,9,0.65,n0_d1_m0,0.0,4,1.0,4.161383072292191,0.48547923203524534,0.37205912823290177,0.11666295162003233,0.6666666666666666,0.0,1.147711003813104,0.427764543275281,0.3727110238153116,"[4.161383072292191, 2.0051747648689187, 1.159469249650924, 0.7050470657971875, 0.48547923203524534]","[[2, 4], [2, 4], [2, 4], [2, 4]]","[true, true, true, true, true]",0,4.0,0,1,1,"[[7, 5], [7, 5], [7, 5], [7, 5], [7, 5]]","[[9, 7], [9, 7], [9, 7], [9, 7], [9, 7]]","[[2, 2], [2, 2], [2, 2], [2, 2], [2, 2]]","[[1.75, 1.25], [1.75, 1.25], [1.75, 1.25], [1.75, 1.25], [1.75, 1.25]]","[7.0, 5.0]",1.0,0.9964010920473906,0.4979686670000092
03_parameter_sensitivity|smoothing_9|s_curve--demand_conflict|n0_d1_m0|25003|v11_full,03_parameter_sensitivity,independent_seeded,S25003,25003,s_curve--demand_conflict,s_curve,demand_conflict,smoothing_window,9,12,v11_full,0.25,9,0.65,n0_d1_m0,0.0,4,1.0,7.045089738078795,2.043011233480076,0.49715058615808316,0.2899908034439328,1.0,0.16666666666666666,1.4769385389837075,0.9220486402638705,0.6242972310129703,"[7.045089738078795, 4.199008576572531, 2.910582874556652, 2.3562400343800594, 2.043011233480076]","[[2, 4], [3, 4], [2, 4], [2, 4]]","[true, true, true, true, true]",0,4.0,0,1,1,"[[4, 7], [4, 7], [4, 7], [4, 7], [4, 7]]","[[6, 9], [6, 9], [6, 9], [6, 9], [6, 9]]","[[2, 2], [2, 2], [2, 2], [2, 2], [2, 2]]","[[1.0, 1.75], [1.0, 1.75], [1.0, 1.75], [1.0, 1.75], [1.0, 1.75]]","[4.0, 7.0]",1.0,0.9913516430090719,0.6408977909999862
03_parameter_sensitivity|smoothing_9|s_curve--demand_conflict|n0_d1_m0|25004|v11_full,03_parameter_sensitivity,independent_seeded,S25004,25004,s_curve--demand_conflict,s_curve,demand_conflict,smoothing_window,9,12,v11_full,0.25,9,0.65,n0_d1_m0,0.0,4,1.0,5.9434022494458185,0.9073962426365396,0.4101104910677976,0.15267286388383827,1.0,0.16666666666666666,1.271164962007702,0.7325284375889781,0.5762654411367734,"[5.9434022494458185, 3.341019035391714, 1.748528832791831, 1.234859346309987, 0.9073962426365396]","[[2, 4], [3, 4], [2, 4], [2, 4]]","[true, true, true, true, true]",0,4.0,0,1,1,"[[4, 7], [4, 7], [4, 7], [4, 7], [4, 7]]","[[6, 9], [6, 9], [6, 9], [6, 9], [6, 9]]","[[2, 2], [2, 2], [2, 2], [2, 2], [2, 2]]","[[1.0, 1.75], [1.0, 1.75], [1.0, 1.75], [1.0, 1.75], [1.0, 1.75]]","[4.0, 7.0]",0.5,0.9947538864737009,0.5712410000000432
03_parameter_sensitivity|smoothing_9|s_curve--demand_conflict|n0_d1_m0|25005|v11_full,03_parameter_sensitivity,independent_seeded,S25005,25005,s_curve--demand_conflict,s_curve,demand_conflict,smoothing_window,9,12,v11_full,0.25,9,0.65,n0_d1_m0,0.0,4,1.0,7.462057935954583,2.610257472097116,0.5441877186569228,0.34980396755164017,1.0,0.16666666666666666,1.576170369395593,1.0299711328383214,0.6534643416963103,"[7.462057935954583, 4.758643244171854, 3.5318721528851316, 2.91636803752881, 2.610257472097116]","[[2, 4], [3, 4], [2, 4], [2, 4]]","[true, true, true, true, true]",0,4.0,0,1,1,"[[5, 8], [5, 8], [5, 8], [5, 8], [5, 8]]","[[7, 10], [7, 10], [7, 10], [7, 10], [7, 10]]","[[2, 2], [2, 2], [2, 2], [2, 2], [2, 2]]","[[1.25, 2.0], [1.25, 2.0], [1.25, 2.0], [1.25, 2.0], [1.25, 2.0]]","[5.0, 8.0]",0.5,0.9910767579737197,0.6944534579999981
03_parameter_sensitivity|smoothing_9|s_curve--demand_conflict|n0_d1_m0|25006|v11_full,03_parameter_sensitivity,independent_seeded,S25006,25006,s_curve--demand_conflict,s_curve,demand_conflict,smoothing_window,9,12,v11_full,0.25,9,0.65,n0_d1_m0,0.0,4,1.0,6.272329677264286,1.5431008632542582,0.484030348177199,0.24601718064145042,0.6666666666666666,0.16666666666666666,1.420736810112284,0.8683898158472678,0.6112249712025389,"[6.272329677264286, 3.830236093198085, 2.5543907909635983, 1.8516495158526853, 1.5431008632542582]","[[2, 4], [2, 4], [2, 4], [2, 4]]","[true, true, true, true, true]",0,4.0,0,1,1,"[[6, 7], [6, 7], [6, 7], [6, 7], [6, 7]]","[[8, 9], [8, 9], [8, 9], [8, 9], [8, 9]]","[[2, 2], [2, 2], [2, 2], [2, 2], [2, 2]]","[[1.5, 1.75], [1.5, 1.75], [1.5, 1.75], [1.5, 1.75], [1.5, 1.75]]","[6.0, 7.0]",1.0,0.9988704403159643,0.7502381669999636
03_parameter_sensitivity|smoothing_9|s_curve--demand_conflict|n1_d1_m1|25001|v11_full,03_parameter_sensitivity,independent_seeded,S25001,25001,s_curve--demand_conflict,s_curve,demand_conflict,smoothing_window,9,12,v11_full,0.25,9,0.65,n1_d1_m1,0.05,4,1.7,6.172442865761097,1.2896298431210151,0.481896693024794,0.2089334597610725,0.6666666666666666,0.16666666666666666,1.4814461802864705,0.9241334197899123,0.6238049225731647,"[6.172442865761097, 3.976922153271281, 2.527922186520072, 1.6620385253466112, 1.2896298431210151]","[[2, 4], [2, 4], [2, 4], [2, 4]]","[true, true, true, true, true]",0,4.0,0,1,1,"[[7, 7], [7, 7], [7, 7], [7, 7], [7, 7]]","[[9, 9], [9, 9], [9, 9], [9, 9], [9, 9]]","[[2, 2], [2, 2], [2, 2], [2, 2], [2, 2]]","[[1.75, 1.75], [1.75, 1.75], [1.75, 1.75], [1.75, 1.75], [1.75, 1.75]]","[7.0, 7.0]",0.5,0.9978042698772469,0.7229285420000338
03_parameter_sensitivity|smoothing_9|s_curve--demand_conflict|n1_d1_m1|25002|v11_full,03_parameter_sensitivity,independent_seeded,S25002,25002,s_curve--demand_conflict,s_curve,demand_conflict,smoothing_window,9,12,v11_full,0.25,9,0.65,n1_d1_m1,0.05,4,1.7,3.758444249514037,0.6895575921834637,0.38752346938288834,0.18346888936096972,0.6666666666666666,0.0,1.0611032107692642,0.35769718924642585,0.33709933738406783,"[3.758444249514037, 1.630944161251669, 1.146732550239817, 0.8242637878751466, 0.6895575921834637]","[[3, 4], [2, 4], [2, 4], [2, 3]]","[true, true, true, true, true]",0,4.0,0,1,1,"[[7, 5], [7, 5], [7, 5], [7, 5], [7, 5]]","[[9, 7], [9, 7], [9, 7], [9, 7], [9, 7]]","[[2, 2], [2, 2], [2, 2], [2, 2], [2, 2]]","[[1.75, 1.25], [1.75, 1.25], [1.75, 1.25], [1.75, 1.25], [1.75, 1.25]]","[7.0, 5.0]",1.0,0.9954243072946459,0.6561158330000012
03_parameter_sensitivity|smoothing_9|s_curve--demand_conflict|n1_d1_m1|25003|v11_full,03_parameter_sensitivity,independent_seeded,S25003,25003,s_curve--demand_conflict,s_curve,demand_conflict,smoothing_window,9,12,v11_full,0.25,9,0.65,n1_d1_m1,0.05,4,1.7,6.782231339764961,1.6806025342717135,0.4444946679171575,0.2477949291434749,1.0,0.3333333333333333,1.4324861151779118,0.8879931560834835,0.6198965188386462,"[6.782231339764961, 3.6522156819082725, 2.251458223896578, 1.9235718256014722, 1.6806025342717135]","[[3, 4], [3, 4], [2, 4], [2, 4]]","[true, true, true, true, true]",0,4.0,0,1,1,"[[4, 7], [4, 7], [5, 7], [4, 7], [4, 7]]","[[6, 9], [6, 9], [7, 9], [6, 9], [6, 9]]","[[2, 2], [2, 2], [2, 2], [2, 2], [2, 2]]","[[1.0, 1.75], [1.0, 1.75], [1.0, 1.75], [1.0, 1.75], [1.0, 1.75]]","[4.0, 7.0]",1.0,0.9907250208529945,0.6783118330000093
03_parameter_sensitivity|smoothing_9|s_curve--demand_conflict|n1_d1_m1|25004|v11_full,03_parameter_sensitivity,independent_seeded,S25004,25004,s_curve--demand_conflict,s_curve,demand_conflict,smoothing_window,9,12,v11_full,0.25,9,0.65,n1_d1_m1,0.05,4,1.7,5.921960720002671,1.2406502448688608,0.4246797275644338,0.20949991118284572,1.0,0.5,1.2802005558494474,0.8122693387328506,0.6344860069162274,"[5.921960720002671, 3.382572074242206, 1.7437887652056543, 1.2406502448688608, 1.4635104331079891]","[[2, 4], [3, 4], [2, 4], [2, 3]]","[true, true, true, true, false]",1,2.0,0,1,1,"[[4, 7], [4, 7], [4, 7], [4, 7], [4, 7]]","[[6, 9], [6, 9], [6, 9], [6, 9], [6, 9]]","[[2, 2], [2, 2], [2, 2], [2, 2], [2, 2]]","[[1.0, 1.75], [1.0, 1.75], [1.0, 1.75], [1.0, 1.75], [1.0, 1.75]]","[4.0, 7.0]",0.5,0.9921816845915621,0.5449558330000173
03_parameter_sensitivity|smoothing_9|s_curve--demand_conflict|n1_d1_m1|25005|v11_full,03_parameter_sensitivity,independent_seeded,S25005,25005,s_curve--demand_conflict,s_curve,demand_conflict,smoothing_window,9,12,v11_full,0.25,9,0.65,n1_d1_m1,0.05,4,1.7,8.001548923988201,3.0080776333447097,0.5383432675201867,0.37593691695449855,1.0,0.5,1.702043062256288,1.2072540938900618,0.7092970328786413,"[8.001548923988201, 4.937080412968349, 3.545416548424547, 3.2430097317904187, 3.0080776333447097]","[[3, 4], [3, 4], [2, 4], [2, 4]]","[true, true, true, true, true]",0,4.0,0,1,1,"[[4, 8], [5, 8], [5, 8], [4, 8], [4, 8]]","[[6, 10], [7, 10], [7, 10], [6, 10], [6, 10]]","[[2, 2], [2, 2], [2, 2], [2, 2], [2, 2]]","[[1.0, 2.0], [1.125, 2.0], [1.25, 2.0], [1.125, 2.0], [1.0, 2.0]]","[4.0, 8.0]",1.0,0.983177884562428,0.6489431250000166
03_parameter_sensitivity|smoothing_9|s_curve--demand_conflict|n1_d1_m1|25006|v11_full,03_parameter_sensitivity,independent_seeded,S25006,25006,s_curve--demand_conflict,s_curve,demand_conflict,smoothing_window,9,12,v11_full,0.25,9,0.65,n1_d1_m1,0.05,4,1.7,5.785333470104064,0.9396451391403497,0.44597169680111715,0.162418492208963,0.6666666666666666,0.16666666666666666,1.3243256180748504,0.7840765203396007,0.5920572022758266,"[5.785333470104064, 3.484617892199558, 2.1574863299736595, 1.3157864100949932, 0.9396451391403497]","[[2, 4], [2, 4], [2, 4], [2, 4]]","[true, true, true, true, true]",0,4.0,0,1,1,"[[6, 7], [6, 7], [6, 7], [6, 7], [6, 7]]","[[8, 9], [8, 9], [8, 9], [8, 9], [8, 9]]","[[2, 2], [2, 2], [2, 2], [2, 2], [2, 2]]","[[1.5, 1.75], [1.5, 1.75], [1.5, 1.75], [1.5, 1.75], [1.5, 1.75]]","[6.0, 7.0]",1.0,0.9977768732080838,0.5441353329999856
