manifest_id,trajectory,regime,scenario_id,stress_factor,stress_level,measurement_noise_std_mm,extra_delay_steps,mismatch_scale,domain_seed,method,initial_task_score,final_task_score,last_observed_task_score,task_auc_normalized,final_task_ratio,initial_violation_rate,final_violation_rate,initial_global_rmse,final_global_rmse,final_global_ratio,measured_score_auc_normalized,selection_switches,selection_history,accepted_history,rejected_trials,final_trust_radius_mm,constraint_violation,all_updates_succeeded,finite_result,elapsed_s
harmonic_loop--neutral,harmonic_loop,neutral,n0_d0_m0,factorial_combination,0.0,0.0,0,1.0,1423,full_trajectory,4.710316258978062,0.4664534126631805,0.4664534126631805,0.33583487269873213,0.0990280454680937,0.8333333333333334,0.0,0.7665123140683135,0.08205952269980218,0.10705571351393688,0.33583487269873213,0,"[[0, 1, 2, 3, 4, 5], [0, 1, 2, 3, 4, 5], [0, 1, 2, 3, 4, 5], [0, 1, 2, 3, 4, 5]]","[true, true, true, true, true]",0,0.0,0,1,1,0.2862018339999999
harmonic_loop--neutral,harmonic_loop,neutral,n0_d0_m0,factorial_combination,0.0,0.0,0,1.0,1423,error_peak_dynamic,4.710316258978062,0.432970581146799,0.432970581146799,0.31645753296232104,0.09191964134500284,0.8333333333333334,0.0,0.7665123140683135,0.10194455160251556,0.13299793066785617,0.31645753296232104,3,"[[2, 4], [1, 2], [3, 4], [1, 2]]","[true, true, true, true, true]",0,0.0,0,1,1,0.22515875000000007
harmonic_loop--neutral,harmonic_loop,neutral,n0_d0_m0,factorial_combination,0.0,0.0,0,1.0,1423,violation_safe,4.710316258978062,0.432970581146799,0.432970581146799,0.31645753296232104,0.09191964134500284,0.8333333333333334,0.0,0.7665123140683135,0.10194455160251556,0.13299793066785617,0.31645753296232104,3,"[[2, 4], [1, 2], [3, 4], [1, 2]]","[true, true, true, true, true]",0,4.0,0,1,1,0.22511345900000013
harmonic_loop--neutral,harmonic_loop,neutral,n0_d0_m0,factorial_combination,0.0,0.0,0,1.0,1423,dual_anchor_dynamic,4.710316258978062,0.432970581146799,0.432970581146799,0.31645753296232104,0.09191964134500284,0.8333333333333334,0.0,0.7665123140683135,0.10194455160251556,0.13299793066785617,0.31645753296232104,3,"[[2, 4], [1, 2], [3, 4], [1, 2]]","[true, true, true, true, true]",0,4.0,0,1,1,0.22576474999999974
harmonic_loop--neutral,harmonic_loop,neutral,n0_d0_m0,factorial_combination,0.0,0.0,0,1.0,1451,full_trajectory,9.395963790466944,2.5930578812282343,2.5930578812282343,0.4798078209609228,0.2759757209642641,0.6666666666666666,0.6666666666666666,1.3020339855064909,0.5176562973236682,0.39757510409553565,0.4798078209609228,0,"[[0, 1, 2, 3, 4, 5], [0, 1, 2, 3, 4, 5], [0, 1, 2, 3, 4, 5], [0, 1, 2, 3, 4, 5]]","[true, true, true, true, true]",0,0.0,0,1,1,0.2882963749999998
harmonic_loop--neutral,harmonic_loop,neutral,n0_d0_m0,factorial_combination,0.0,0.0,0,1.0,1451,error_peak_dynamic,9.395963790466944,2.421687816338526,2.421687816338526,0.42576527188557406,0.257737031596008,0.6666666666666666,0.5,1.3020339855064909,0.5297679886812198,0.40687723560083583,0.42576527188557406,2,"[[1, 3], [1, 3], [3, 4], [1, 4]]","[true, true, true, true, true]",0,0.0,0,1,1,0.25534133400000014
harmonic_loop--neutral,harmonic_loop,neutral,n0_d0_m0,factorial_combination,0.0,0.0,0,1.0,1451,violation_safe,9.395963790466944,2.2562782859750756,2.4713213436104597,0.4032510954852453,0.24013271403453837,0.6666666666666666,0.6666666666666666,1.3020339855064909,0.6381237965405621,0.4900976500181999,0.4032510954852453,3,"[[3, 4], [1, 3], [3, 4], [1, 4]]","[true, true, true, true, false]",1,2.0,0,1,1,0.25803512500000014
harmonic_loop--neutral,harmonic_loop,neutral,n0_d0_m0,factorial_combination,0.0,0.0,0,1.0,1451,dual_anchor_dynamic,9.395963790466944,2.421687816338526,2.421687816338526,0.42576527188557406,0.257737031596008,0.6666666666666666,0.5,1.3020339855064909,0.5297679886812198,0.40687723560083583,0.42576527188557406,2,"[[1, 3], [1, 3], [3, 4], [1, 4]]","[true, true, true, true, true]",0,4.0,0,1,1,0.2558545830000001
harmonic_loop--neutral,harmonic_loop,neutral,n0_d0_m0,factorial_combination,0.0,0.0,0,1.0,1471,full_trajectory,7.043666315234938,1.4766858752422276,1.4766858752422276,0.4463569327720808,0.2096473355144981,0.6666666666666666,0.5,0.9866487789881984,0.28935205702512506,0.29326753672350725,0.4463569327720808,0,"[[0, 1, 2, 3, 4, 5], [0, 1, 2, 3, 4, 5], [0, 1, 2, 3, 4, 5], [0, 1, 2, 3, 4, 5]]","[true, true, true, true, true]",0,0.0,0,1,1,0.2752482089999999
harmonic_loop--neutral,harmonic_loop,neutral,n0_d0_m0,factorial_combination,0.0,0.0,0,1.0,1471,error_peak_dynamic,7.043666315234938,1.4008097665371346,1.4008097665371346,0.3836899025666032,0.19887508917157035,0.6666666666666666,0.5,0.9866487789881984,0.319581403020655,0.3239059428506906,0.3836899025666032,3,"[[1, 3], [3, 4], [1, 3], [1, 4]]","[true, true, true, true, true]",0,0.0,0,1,1,0.23120258299999996
harmonic_loop--neutral,harmonic_loop,neutral,n0_d0_m0,factorial_combination,0.0,0.0,0,1.0,1471,violation_safe,7.043666315234938,1.4008097665371346,1.4008097665371346,0.3836899025666032,0.19887508917157035,0.6666666666666666,0.5,0.9866487789881984,0.319581403020655,0.3239059428506906,0.3836899025666032,3,"[[1, 3], [3, 4], [1, 3], [1, 4]]","[true, true, true, true, true]",0,4.0,0,1,1,0.23276966699999946
harmonic_loop--neutral,harmonic_loop,neutral,n0_d0_m0,factorial_combination,0.0,0.0,0,1.0,1471,dual_anchor_dynamic,7.043666315234938,1.4008097665371346,1.4008097665371346,0.3836899025666032,0.19887508917157035,0.6666666666666666,0.5,0.9866487789881984,0.319581403020655,0.3239059428506906,0.3836899025666032,3,"[[1, 3], [3, 4], [1, 3], [1, 4]]","[true, true, true, true, true]",0,4.0,0,1,1,0.2980956249999993
harmonic_loop--neutral,harmonic_loop,neutral,n0_d0_m0,factorial_combination,0.0,0.0,0,1.0,1499,full_trajectory,4.958355541576177,0.8701347717419678,0.8701347717419678,0.42553982934475504,0.1754885797208013,0.6666666666666666,0.16666666666666666,0.703876222136105,0.16695656763570338,0.23719591937489803,0.42553982934475504,0,"[[0, 1, 2, 3, 4, 5], [0, 1, 2, 3, 4, 5], [0, 1, 2, 3, 4, 5], [0, 1, 2, 3, 4, 5]]","[true, true, true, true, true]",0,0.0,0,1,1,0.26427933399999937
harmonic_loop--neutral,harmonic_loop,neutral,n0_d0_m0,factorial_combination,0.0,0.0,0,1.0,1499,error_peak_dynamic,4.958355541576177,0.8388052243025345,0.8388052243025345,0.36202431981703587,0.16917004383188958,0.6666666666666666,0.16666666666666666,0.703876222136105,0.19742121679994148,0.28047717850279524,0.36202431981703587,3,"[[1, 3], [3, 4], [1, 3], [1, 4]]","[true, true, true, true, true]",0,0.0,0,1,1,0.2899529169999999
harmonic_loop--neutral,harmonic_loop,neutral,n0_d0_m0,factorial_combination,0.0,0.0,0,1.0,1499,violation_safe,4.958355541576177,0.8659551961605378,0.8659551961605378,0.35853230996242463,0.17464564388322695,0.6666666666666666,0.16666666666666666,0.703876222136105,0.20082059976037694,0.2853066966105658,0.35853230996242463,3,"[[3, 4], [1, 3], [3, 4], [1, 4]]","[true, true, true, true, true]",0,4.0,0,1,1,0.22784737499999963
harmonic_loop--neutral,harmonic_loop,neutral,n0_d0_m0,factorial_combination,0.0,0.0,0,1.0,1499,dual_anchor_dynamic,4.958355541576177,0.8388052243025345,0.8388052243025345,0.36202431981703587,0.16917004383188958,0.6666666666666666,0.16666666666666666,0.703876222136105,0.19742121679994148,0.28047717850279524,0.36202431981703587,3,"[[1, 3], [3, 4], [1, 3], [1, 4]]","[true, true, true, true, true]",0,4.0,0,1,1,0.22791874999999973
harmonic_loop--demand_aligned,harmonic_loop,demand_aligned,n0_d0_m0,factorial_combination,0.0,0.0,0,1.0,1423,full_trajectory,6.164391673450085,0.6033231304277408,0.6033231304277408,0.3333251054128875,0.09787229014441794,0.8333333333333334,0.0,0.7665123140683135,0.08205952269980218,0.10705571351393688,0.3333251054128875,0,"[[0, 1, 2, 3, 4, 5], [0, 1, 2, 3, 4, 5], [0, 1, 2, 3, 4, 5], [0, 1, 2, 3, 4, 5]]","[true, true, true, true, true]",0,0.0,0,1,1,0.24921650000000017
harmonic_loop--demand_aligned,harmonic_loop,demand_aligned,n0_d0_m0,factorial_combination,0.0,0.0,0,1.0,1423,error_peak_dynamic,6.164391673450085,0.7411538345926967,0.7411538345926967,0.4102163641007034,0.12023146384173346,0.8333333333333334,0.0,0.7665123140683135,0.20010691705425,0.26106158163613785,0.4102163641007034,3,"[[2, 4], [1, 3], [2, 4], [1, 3]]","[true, true, true, true, true]",0,0.0,0,1,1,0.17082866700000032
harmonic_loop--demand_aligned,harmonic_loop,demand_aligned,n0_d0_m0,factorial_combination,0.0,0.0,0,1.0,1423,violation_safe,6.164391673450085,1.0172672393468765,1.2773984596059953,0.3743865328900279,0.16502313500425786,0.8333333333333334,0.3333333333333333,0.7665123140683135,0.2448668021649689,0.31945579695298376,0.3743865328900279,3,"[[2, 3], [1, 2], [3, 4], [1, 2]]","[true, true, true, true, false]",1,2.0,0,1,1,0.16465820799999964
harmonic_loop--demand_aligned,harmonic_loop,demand_aligned,n0_d0_m0,factorial_combination,0.0,0.0,0,1.0,1423,dual_anchor_dynamic,6.164391673450085,0.6711876070813064,0.6711876070813064,0.32891746993863163,0.10888140187004962,0.8333333333333334,0.0,0.7665123140683135,0.10194455160251556,0.13299793066785617,0.32891746993863163,3,"[[2, 4], [1, 2], [3, 4], [1, 2]]","[true, true, true, true, true]",0,4.0,0,1,1,0.2258742920000003
harmonic_loop--demand_aligned,harmonic_loop,demand_aligned,n0_d0_m0,factorial_combination,0.0,0.0,0,1.0,1451,full_trajectory,15.937471249277458,4.0519901287398845,4.0519901287398845,0.46262293879736194,0.2542429765276336,0.6666666666666666,0.6666666666666666,1.3020339855064909,0.5176562973236682,0.39757510409553565,0.46262293879736194,0,"[[0, 1, 2, 3, 4, 5], [0, 1, 2, 3, 4, 5], [0, 1, 2, 3, 4, 5], [0, 1, 2, 3, 4, 5]]","[true, true, true, true, true]",0,0.0,0,1,1,0.2892654160000001
harmonic_loop--demand_aligned,harmonic_loop,demand_aligned,n0_d0_m0,factorial_combination,0.0,0.0,0,1.0,1451,error_peak_dynamic,15.937471249277458,3.8407752922391136,3.8407752922391136,0.38183190928876243,0.2409902569965884,0.6666666666666666,0.6666666666666666,1.3020339855064909,0.6431919465639278,0.4939901367580096,0.38183190928876243,2,"[[1, 3], [1, 3], [3, 4], [1, 4]]","[true, true, true, true, true]",0,0.0,0,1,1,0.20266579200000034
harmonic_loop--demand_aligned,harmonic_loop,demand_aligned,n0_d0_m0,factorial_combination,0.0,0.0,0,1.0,1451,violation_safe,15.937471249277458,2.516488584143307,2.516488584143307,0.3641294647597189,0.1578976077686976,0.6666666666666666,0.6666666666666666,1.3020339855064909,0.7135082849051644,0.5479951313464447,0.3641294647597189,2,"[[2, 3], [1, 3], [3, 4], [3, 4]]","[true, true, true, true, true]",0,4.0,0,1,1,0.19811937500000099
harmonic_loop--demand_aligned,harmonic_loop,demand_aligned,n0_d0_m0,factorial_combination,0.0,0.0,0,1.0,1451,dual_anchor_dynamic,15.937471249277458,2.580854315034821,2.580854315034821,0.37866796155982235,0.1619362491494268,0.6666666666666666,0.6666666666666666,1.3020339855064909,0.5858161336346828,0.4499238423540845,0.37866796155982235,1,"[[1, 3], [1, 3], [3, 4], [3, 4]]","[true, true, true, true, true]",0,4.0,0,1,1,0.258824916
harmonic_loop--demand_aligned,harmonic_loop,demand_aligned,n0_d0_m0,factorial_combination,0.0,0.0,0,1.0,1471,full_trajectory,11.947882776644256,2.318677814248259,2.318677814248259,0.43346454822335806,0.19406599960796525,0.6666666666666666,0.5,0.9866487789881984,0.28935205702512506,0.29326753672350725,0.43346454822335806,0,"[[0, 1, 2, 3, 4, 5], [0, 1, 2, 3, 4, 5], [0, 1, 2, 3, 4, 5], [0, 1, 2, 3, 4, 5]]","[true, true, true, true, true]",0,0.0,0,1,1,0.2773981670000012
harmonic_loop--demand_aligned,harmonic_loop,demand_aligned,n0_d0_m0,factorial_combination,0.0,0.0,0,1.0,1471,error_peak_dynamic,11.947882776644256,1.874043114483455,1.874043114483455,0.37944439399386753,0.15685148151493736,0.6666666666666666,0.6666666666666666,0.9866487789881984,0.47679694647079246,0.48324890946476873,0.37944439399386753,3,"[[1, 3], [3, 4], [1, 2], [3, 4]]","[true, true, true, true, true]",0,0.0,0,1,1,0.1649035000000012
harmonic_loop--demand_aligned,harmonic_loop,demand_aligned,n0_d0_m0,factorial_combination,0.0,0.0,0,1.0,1471,violation_safe,11.947882776644256,1.4727421995617362,1.4727421995617362,0.34193027255938896,0.12326386415848133,0.6666666666666666,0.6666666666666666,0.9866487789881984,0.4786930880011872,0.4851707093704446,0.34193027255938896,3,"[[1, 3], [3, 4], [2, 3], [3, 4]]","[true, true, true, true, true]",0,4.0,0,1,1,0.18248854199999975
harmonic_loop--demand_aligned,harmonic_loop,demand_aligned,n0_d0_m0,factorial_combination,0.0,0.0,0,1.0,1471,dual_anchor_dynamic,11.947882776644256,1.420998694704365,1.420998694704365,0.34844984533615914,0.11893309645472383,0.6666666666666666,0.6666666666666666,0.9866487789881984,0.34627350804102797,0.3509592424531545,0.34844984533615914,3,"[[1, 3], [3, 4], [1, 3], [3, 4]]","[true, true, true, true, true]",0,4.0,0,1,1,0.2336613329999988
harmonic_loop--demand_aligned,harmonic_loop,demand_aligned,n0_d0_m0,factorial_combination,0.0,0.0,0,1.0,1499,full_trajectory,8.400798781677349,1.3803842127967694,1.3803842127967694,0.4155233183647963,0.1643158286099497,0.6666666666666666,0.16666666666666666,0.703876222136105,0.16695656763570338,0.23719591937489803,0.4155233183647963,0,"[[0, 1, 2, 3, 4, 5], [0, 1, 2, 3, 4, 5], [0, 1, 2, 3, 4, 5], [0, 1, 2, 3, 4, 5]]","[true, true, true, true, true]",0,0.0,0,1,1,0.25709316700000073
harmonic_loop--demand_aligned,harmonic_loop,demand_aligned,n0_d0_m0,factorial_combination,0.0,0.0,0,1.0,1499,error_peak_dynamic,8.400798781677349,1.2133745741224715,1.2133745741224715,0.36719708650687066,0.14443561923765094,0.6666666666666666,0.5,0.703876222136105,0.3116979131452053,0.44283057637502327,0.36719708650687066,3,"[[1, 3], [3, 4], [1, 2], [3, 4]]","[true, true, true, true, true]",0,0.0,0,1,1,0.16454604199999956
harmonic_loop--demand_aligned,harmonic_loop,demand_aligned,n0_d0_m0,factorial_combination,0.0,0.0,0,1.0,1499,violation_safe,8.400798781677349,1.035845488328665,1.035845488328665,0.33186350202014553,0.12330321380722828,0.6666666666666666,0.3333333333333333,0.703876222136105,0.32280033812260844,0.45860383966797813,0.33186350202014553,3,"[[2, 3], [1, 3], [3, 4], [2, 3]]","[true, true, true, true, true]",0,4.0,0,1,1,0.1636844170000007
harmonic_loop--demand_aligned,harmonic_loop,demand_aligned,n0_d0_m0,factorial_combination,0.0,0.0,0,1.0,1499,dual_anchor_dynamic,8.400798781677349,0.8442253181226083,0.8442253181226083,0.33284788912123137,0.10049345783211888,0.6666666666666666,0.16666666666666666,0.703876222136105,0.211928853086931,0.3010882402644245,0.33284788912123137,3,"[[1, 3], [3, 4], [1, 3], [3, 4]]","[true, true, true, true, true]",0,4.0,0,1,1,0.22583475000000064
harmonic_loop--demand_conflict,harmonic_loop,demand_conflict,n0_d0_m0,factorial_combination,0.0,0.0,0,1.0,1423,full_trajectory,3.360254340688651,0.352119246909925,0.352119246909925,0.3528943231704215,0.10478946270411235,0.8333333333333334,0.0,0.7665123140683135,0.08205952269980218,0.10705571351393688,0.3528943231704215,0,"[[0, 1, 2, 3, 4, 5], [0, 1, 2, 3, 4, 5], [0, 1, 2, 3, 4, 5], [0, 1, 2, 3, 4, 5]]","[true, true, true, true, true]",0,0.0,0,1,1,0.2499955829999987
harmonic_loop--demand_conflict,harmonic_loop,demand_conflict,n0_d0_m0,factorial_combination,0.0,0.0,0,1.0,1423,error_peak_dynamic,3.360254340688651,0.4702014976432144,0.4702014976432144,0.37978560744060985,0.13993032966273952,0.8333333333333334,0.0,0.7665123140683135,0.13795557624024796,0.1799782909005595,0.37978560744060985,3,"[[2, 4], [1, 2], [3, 4], [1, 2]]","[true, true, true, true, true]",0,0.0,0,1,1,0.1997653330000002
harmonic_loop--demand_conflict,harmonic_loop,demand_conflict,n0_d0_m0,factorial_combination,0.0,0.0,0,1.0,1423,violation_safe,3.360254340688651,0.3861029385895698,0.3861029385895698,0.3795899950022648,0.1149028911039043,0.8333333333333334,0.0,0.7665123140683135,0.14861024819927354,0.19387848762730903,0.3795899950022648,3,"[[2, 4], [1, 4], [2, 3], [1, 4]]","[true, true, true, true, true]",0,4.0,0,1,1,0.19784420799999936
harmonic_loop--demand_conflict,harmonic_loop,demand_conflict,n0_d0_m0,factorial_combination,0.0,0.0,0,1.0,1423,dual_anchor_dynamic,3.360254340688651,0.45085195796283806,0.45085195796283806,0.3610197519649876,0.13417197397933883,0.8333333333333334,0.0,0.7665123140683135,0.10504779727277984,0.13704645749946517,0.3610197519649876,2,"[[2, 4], [2, 4], [1, 3], [2, 4]]","[true, true, true, true, true]",0,4.0,0,1,1,0.22041495799999922
harmonic_loop--demand_conflict,harmonic_loop,demand_conflict,n0_d0_m0,factorial_combination,0.0,0.0,0,1.0,1451,full_trajectory,5.084097566443321,2.4202870489272152,2.4202870489272152,0.6067302573088366,0.47605047253653987,0.8333333333333334,0.5,1.3020339855064909,0.5176562973236682,0.39757510409553565,0.6067302573088366,0,"[[0, 1, 2, 3, 4, 5], [0, 1, 2, 3, 4, 5], [0, 1, 2, 3, 4, 5], [0, 1, 2, 3, 4, 5]]","[true, true, true, true, true]",0,0.0,0,1,1,0.28944725000000027
harmonic_loop--demand_conflict,harmonic_loop,demand_conflict,n0_d0_m0,factorial_combination,0.0,0.0,0,1.0,1451,error_peak_dynamic,5.084097566443321,1.5511587067090855,1.5511587067090855,0.5455721014229838,0.3051001060536745,0.8333333333333334,0.6666666666666666,1.3020339855064909,0.6157711010493868,0.47293012924685834,0.5455721014229838,2,"[[1, 3], [1, 3], [3, 4], [1, 4]]","[true, true, true, true, true]",0,0.0,0,1,1,0.22542341700000001
harmonic_loop--demand_conflict,harmonic_loop,demand_conflict,n0_d0_m0,factorial_combination,0.0,0.0,0,1.0,1451,violation_safe,5.084097566443321,2.013729881892951,2.27720426003984,0.5179363276365476,0.39608403567709166,0.8333333333333334,0.6666666666666666,1.3020339855064909,0.6896939216926351,0.5297050072194117,0.5179363276365476,3,"[[3, 4], [1, 3], [1, 4], [1, 3]]","[true, true, true, true, false]",1,2.0,0,1,1,0.22256141599999957
harmonic_loop--demand_conflict,harmonic_loop,demand_conflict,n0_d0_m0,factorial_combination,0.0,0.0,0,1.0,1451,dual_anchor_dynamic,5.084097566443321,1.7816810556677911,1.7816810556677911,0.5174448888711775,0.350441948130079,0.8333333333333334,0.6666666666666666,1.3020339855064909,0.5655605094576339,0.4343669333927801,0.5174448888711775,3,"[[1, 3], [3, 4], [1, 4], [3, 4]]","[true, true, true, true, true]",0,4.0,0,1,1,0.25835358399999997
harmonic_loop--demand_conflict,harmonic_loop,demand_conflict,n0_d0_m0,factorial_combination,0.0,0.0,0,1.0,1471,full_trajectory,3.8167368118129703,1.3062302626898352,1.3062302626898352,0.5282518816121354,0.3422374470901411,0.8333333333333334,0.3333333333333333,0.9866487789881984,0.28935205702512506,0.29326753672350725,0.5282518816121354,0,"[[0, 1, 2, 3, 4, 5], [0, 1, 2, 3, 4, 5], [0, 1, 2, 3, 4, 5], [0, 1, 2, 3, 4, 5]]","[true, true, true, true, true]",0,0.0,0,1,1,0.27652120800000013
harmonic_loop--demand_conflict,harmonic_loop,demand_conflict,n0_d0_m0,factorial_combination,0.0,0.0,0,1.0,1471,error_peak_dynamic,3.8167368118129703,1.5245301538344034,1.5245301538344034,0.5128726899615872,0.39943287394507127,0.8333333333333334,0.16666666666666666,0.9866487789881984,0.41091787181385697,0.41647836653206066,0.5128726899615872,2,"[[1, 3], [1, 3], [3, 4], [1, 3]]","[true, true, true, true, true]",0,0.0,0,1,1,0.2060621660000006
harmonic_loop--demand_conflict,harmonic_loop,demand_conflict,n0_d0_m0,factorial_combination,0.0,0.0,0,1.0,1471,violation_safe,3.8167368118129703,1.3183577288942827,1.3524596827318072,0.4763685542164863,0.3454148907553455,0.8333333333333334,0.5,0.9866487789881984,0.4766334630108215,0.48308321376488794,0.4763685542164863,3,"[[3, 4], [1, 3], [1, 4], [1, 3]]","[true, true, true, true, false]",1,2.0,0,1,1,0.2158736250000004
harmonic_loop--demand_conflict,harmonic_loop,demand_conflict,n0_d0_m0,factorial_combination,0.0,0.0,0,1.0,1471,dual_anchor_dynamic,3.8167368118129703,0.9572181787550151,0.9572181787550151,0.4540550556899313,0.25079491354823896,0.8333333333333334,0.3333333333333333,0.9866487789881984,0.3453639710204238,0.3500373976792352,0.4540550556899313,3,"[[1, 3], [3, 4], [1, 4], [3, 4]]","[true, true, true, true, true]",0,4.0,0,1,1,0.23402124999999963
harmonic_loop--demand_conflict,harmonic_loop,demand_conflict,n0_d0_m0,factorial_combination,0.0,0.0,0,1.0,1499,full_trajectory,2.693459092447985,0.7123582297587936,0.7123582297587936,0.4807909467778048,0.2644770925818508,0.5,0.0,0.703876222136105,0.16695656763570338,0.23719591937489803,0.4807909467778048,0,"[[0, 1, 2, 3, 4, 5], [0, 1, 2, 3, 4, 5], [0, 1, 2, 3, 4, 5], [0, 1, 2, 3, 4, 5]]","[true, true, true, true, true]",0,0.0,0,1,1,0.2548890830000001
harmonic_loop--demand_conflict,harmonic_loop,demand_conflict,n0_d0_m0,factorial_combination,0.0,0.0,0,1.0,1499,error_peak_dynamic,2.693459092447985,0.5962187687392841,0.5962187687392841,0.44607803929319406,0.22135801891737772,0.5,0.0,0.703876222136105,0.2705541269741857,0.3843774210089313,0.44607803929319406,3,"[[1, 3], [3, 4], [1, 3], [3, 4]]","[true, true, true, true, true]",0,0.0,0,1,1,0.21207691599999912
harmonic_loop--demand_conflict,harmonic_loop,demand_conflict,n0_d0_m0,factorial_combination,0.0,0.0,0,1.0,1499,violation_safe,2.693459092447985,0.8065639050146332,0.8065639050146332,0.45308384765639886,0.29945281414375485,0.5,0.16666666666666666,0.703876222136105,0.26688798218754733,0.3791689132182967,0.45308384765639886,3,"[[3, 4], [1, 3], [1, 4], [1, 3]]","[true, true, true, true, true]",0,4.0,0,1,1,0.2141309170000003
harmonic_loop--demand_conflict,harmonic_loop,demand_conflict,n0_d0_m0,factorial_combination,0.0,0.0,0,1.0,1499,dual_anchor_dynamic,2.693459092447985,0.6836890716509659,0.7396461264804466,0.43348462773249263,0.25383310018255606,0.5,0.0,0.703876222136105,0.2431549604843255,0.3454513064049887,0.43348462773249263,3,"[[1, 3], [3, 4], [1, 4], [1, 3]]","[true, true, true, true, false]",1,2.0,0,1,1,0.22445562500000094
ellipse--neutral,ellipse,neutral,n0_d0_m0,factorial_combination,0.0,0.0,0,1.0,1423,full_trajectory,4.3709051238639836,0.1525371907379625,0.1525371907379625,0.2898534039046515,0.03489830742496557,0.6666666666666666,0.0,0.8908843004967208,0.025300917734600473,0.02839977954544009,0.2898534039046515,0,"[[0, 1, 2, 3, 4, 5], [0, 1, 2, 3, 4, 5], [0, 1, 2, 3, 4, 5], [0, 1, 2, 3, 4, 5]]","[true, true, true, true, true]",0,0.0,0,1,1,0.16546087500000084
ellipse--neutral,ellipse,neutral,n0_d0_m0,factorial_combination,0.0,0.0,0,1.0,1423,error_peak_dynamic,4.3709051238639836,0.1152058144121777,0.1152058144121777,0.27755188447936735,0.026357427385734017,0.6666666666666666,0.0,0.8908843004967208,0.031892294609125064,0.03579846966810754,0.27755188447936735,1,"[[2, 3], [2, 3], [2, 3], [2, 4]]","[true, true, true, true, true]",0,0.0,0,1,1,0.18100929199999882
ellipse--neutral,ellipse,neutral,n0_d0_m0,factorial_combination,0.0,0.0,0,1.0,1423,violation_safe,4.3709051238639836,0.1152058144121777,0.1152058144121777,0.27755188447936735,0.026357427385734017,0.6666666666666666,0.0,0.8908843004967208,0.031892294609125064,0.03579846966810754,0.27755188447936735,1,"[[2, 3], [2, 3], [2, 3], [2, 4]]","[true, true, true, true, true]",0,4.0,0,1,1,0.20302599999999948
ellipse--neutral,ellipse,neutral,n0_d0_m0,factorial_combination,0.0,0.0,0,1.0,1423,dual_anchor_dynamic,4.3709051238639836,0.1152058144121777,0.1152058144121777,0.27755188447936735,0.026357427385734017,0.6666666666666666,0.0,0.8908843004967208,0.031892294609125064,0.03579846966810754,0.27755188447936735,1,"[[2, 3], [2, 3], [2, 3], [2, 4]]","[true, true, true, true, true]",0,4.0,0,1,1,0.18261812500000119
ellipse--neutral,ellipse,neutral,n0_d0_m0,factorial_combination,0.0,0.0,0,1.0,1451,full_trajectory,7.782070599232112,0.3187547423056527,0.3187547423056527,0.2882929343403697,0.040960145277672694,0.6666666666666666,0.0,1.3609966674405551,0.05661216742603735,0.041596110248014274,0.2882929343403697,0,"[[0, 1, 2, 3, 4, 5], [0, 1, 2, 3, 4, 5], [0, 1, 2, 3, 4, 5], [0, 1, 2, 3, 4, 5]]","[true, true, true, true, true]",0,0.0,0,1,1,0.18199929200000042
ellipse--neutral,ellipse,neutral,n0_d0_m0,factorial_combination,0.0,0.0,0,1.0,1451,error_peak_dynamic,7.782070599232112,0.3345644475880226,0.3345644475880226,0.2858713490668286,0.042991700386403,0.6666666666666666,0.0,1.3609966674405551,0.06317269120385777,0.046416492203950964,0.2858713490668286,2,"[[3, 4], [3, 4], [2, 3], [1, 2]]","[true, true, true, true, true]",0,0.0,0,1,1,0.18170837500000303
ellipse--neutral,ellipse,neutral,n0_d0_m0,factorial_combination,0.0,0.0,0,1.0,1451,violation_safe,7.782070599232112,0.33556390679456877,0.33556390679456877,0.2858471919655626,0.04312013139892103,0.6666666666666666,0.0,1.3609966674405551,0.06248231637270131,0.045909235391592446,0.2858471919655626,2,"[[3, 4], [3, 4], [1, 2], [2, 3]]","[true, true, true, true, true]",0,4.0,0,1,1,0.19007754200000093
ellipse--neutral,ellipse,neutral,n0_d0_m0,factorial_combination,0.0,0.0,0,1.0,1451,dual_anchor_dynamic,7.782070599232112,0.3345644475880226,0.3345644475880226,0.2858713490668286,0.042991700386403,0.6666666666666666,0.0,1.3609966674405551,0.06317269120385777,0.046416492203950964,0.2858713490668286,2,"[[3, 4], [3, 4], [2, 3], [1, 2]]","[true, true, true, true, true]",0,4.0,0,1,1,0.1828519170000007
ellipse--neutral,ellipse,neutral,n0_d0_m0,factorial_combination,0.0,0.0,0,1.0,1471,full_trajectory,6.095801260683904,0.21631523937670744,0.21631523937670744,0.2793014946436899,0.03548594026053246,0.6666666666666666,0.0,1.0714713814905736,0.036772932522933684,0.03432003239487101,0.2793014946436899,0,"[[0, 1, 2, 3, 4, 5], [0, 1, 2, 3, 4, 5], [0, 1, 2, 3, 4, 5], [0, 1, 2, 3, 4, 5]]","[true, true, true, true, true]",0,0.0,0,1,1,0.17622658399999835
ellipse--neutral,ellipse,neutral,n0_d0_m0,factorial_combination,0.0,0.0,0,1.0,1471,error_peak_dynamic,6.095801260683904,0.22225203642393257,0.22225203642393257,0.2755936171130404,0.036459856041795816,0.6666666666666666,0.0,1.0714713814905736,0.0423780346897129,0.03955125206494908,0.2755936171130404,2,"[[3, 4], [3, 4], [2, 4], [1, 2]]","[true, true, true, true, true]",0,0.0,0,1,1,0.18146783399999933
ellipse--neutral,ellipse,neutral,n0_d0_m0,factorial_combination,0.0,0.0,0,1.0,1471,violation_safe,6.095801260683904,0.22225203642393257,0.22225203642393257,0.2755936171130404,0.036459856041795816,0.6666666666666666,0.0,1.0714713814905736,0.0423780346897129,0.03955125206494908,0.2755936171130404,2,"[[3, 4], [3, 4], [2, 4], [1, 2]]","[true, true, true, true, true]",0,4.0,0,1,1,0.18683587499999987
ellipse--neutral,ellipse,neutral,n0_d0_m0,factorial_combination,0.0,0.0,0,1.0,1471,dual_anchor_dynamic,6.095801260683904,0.22225203642393257,0.22225203642393257,0.2755936171130404,0.036459856041795816,0.6666666666666666,0.0,1.0714713814905736,0.0423780346897129,0.03955125206494908,0.2755936171130404,2,"[[3, 4], [3, 4], [2, 4], [1, 2]]","[true, true, true, true, true]",0,4.0,0,1,1,0.18275758300000078
ellipse--neutral,ellipse,neutral,n0_d0_m0,factorial_combination,0.0,0.0,0,1.0,1499,full_trajectory,4.304403536547022,0.13360775978788847,0.13360775978788847,0.27532477674874245,0.031039784874600344,0.6666666666666666,0.0,0.7538333014217273,0.02262337507021263,0.030011111246405552,0.27532477674874245,0,"[[0, 1, 2, 3, 4, 5], [0, 1, 2, 3, 4, 5], [0, 1, 2, 3, 4, 5], [0, 1, 2, 3, 4, 5]]","[true, true, true, true, true]",0,0.0,0,1,1,0.17202029199999913
ellipse--neutral,ellipse,neutral,n0_d0_m0,factorial_combination,0.0,0.0,0,1.0,1499,error_peak_dynamic,4.304403536547022,0.13226528926048403,0.13226528926048403,0.26617145705003536,0.030727901819025735,0.6666666666666666,0.0,0.7538333014217273,0.026270177519591213,0.034848788810531106,0.26617145705003536,2,"[[3, 4], [3, 4], [2, 4], [1, 2]]","[true, true, true, true, true]",0,0.0,0,1,1,0.18211620900000014
ellipse--neutral,ellipse,neutral,n0_d0_m0,factorial_combination,0.0,0.0,0,1.0,1499,violation_safe,4.304403536547022,0.13226528926048403,0.13226528926048403,0.26617145705003536,0.030727901819025735,0.6666666666666666,0.0,0.7538333014217273,0.026270177519591213,0.034848788810531106,0.26617145705003536,2,"[[3, 4], [3, 4], [2, 4], [1, 2]]","[true, true, true, true, true]",0,4.0,0,1,1,0.17290445799999787
ellipse--neutral,ellipse,neutral,n0_d0_m0,factorial_combination,0.0,0.0,0,1.0,1499,dual_anchor_dynamic,4.304403536547022,0.13226528926048403,0.13226528926048403,0.26617145705003536,0.030727901819025735,0.6666666666666666,0.0,0.7538333014217273,0.026270177519591213,0.034848788810531106,0.26617145705003536,2,"[[3, 4], [3, 4], [2, 4], [1, 2]]","[true, true, true, true, true]",0,4.0,0,1,1,0.17233983299999878
ellipse--demand_aligned,ellipse,demand_aligned,n0_d0_m0,factorial_combination,0.0,0.0,0,1.0,1423,full_trajectory,6.9803583557018305,0.13254519235718099,0.13254519235718099,0.2588253313306252,0.01898830770613845,0.6666666666666666,0.0,0.8908843004967208,0.025300917734600473,0.02839977954544009,0.2588253313306252,0,"[[0, 1, 2, 3, 4, 5], [0, 1, 2, 3, 4, 5], [0, 1, 2, 3, 4, 5], [0, 1, 2, 3, 4, 5]]","[true, true, true, true, true]",0,0.0,0,1,1,0.16466858300000098
ellipse--demand_aligned,ellipse,demand_aligned,n0_d0_m0,factorial_combination,0.0,0.0,0,1.0,1423,error_peak_dynamic,6.9803583557018305,0.1671259971436585,0.1671259971436585,0.25245108177772907,0.023942323391913458,0.6666666666666666,0.0,0.8908843004967208,0.09063549518205964,0.10173655000040406,0.25245108177772907,1,"[[2, 3], [2, 3], [2, 3], [2, 4]]","[true, true, true, true, true]",0,0.0,0,1,1,0.13569650000000166
ellipse--demand_aligned,ellipse,demand_aligned,n0_d0_m0,factorial_combination,0.0,0.0,0,1.0,1423,violation_safe,6.9803583557018305,0.1671259971436585,0.1671259971436585,0.25245108177772907,0.023942323391913458,0.6666666666666666,0.0,0.8908843004967208,0.09063549518205964,0.10173655000040406,0.25245108177772907,1,"[[2, 3], [2, 3], [2, 3], [2, 4]]","[true, true, true, true, true]",0,4.0,0,1,1,0.13742024999999813
ellipse--demand_aligned,ellipse,demand_aligned,n0_d0_m0,factorial_combination,0.0,0.0,0,1.0,1423,dual_anchor_dynamic,6.9803583557018305,0.10420637834394397,0.10420637834394397,0.24780910243494286,0.014928514129768727,0.6666666666666666,0.0,0.8908843004967208,0.031892294609125064,0.03579846966810754,0.24780910243494286,1,"[[2, 3], [2, 3], [2, 3], [2, 4]]","[true, true, true, true, true]",0,4.0,0,1,1,0.18350887500000113
ellipse--demand_aligned,ellipse,demand_aligned,n0_d0_m0,factorial_combination,0.0,0.0,0,1.0,1451,full_trajectory,10.401895586020121,0.312165073771244,0.312165073771244,0.2793216424375381,0.030010402545357768,0.6666666666666666,0.0,1.3609966674405551,0.05661216742603735,0.041596110248014274,0.2793216424375381,0,"[[0, 1, 2, 3, 4, 5], [0, 1, 2, 3, 4, 5], [0, 1, 2, 3, 4, 5], [0, 1, 2, 3, 4, 5]]","[true, true, true, true, true]",0,0.0,0,1,1,0.1810736249999998
ellipse--demand_aligned,ellipse,demand_aligned,n0_d0_m0,factorial_combination,0.0,0.0,0,1.0,1451,error_peak_dynamic,10.401895586020121,0.6001004032312613,0.6001004032312613,0.27952980959778184,0.057691446551124854,0.6666666666666666,0.0,1.3609966674405551,0.10455029197768165,0.07681891842857737,0.27952980959778184,1,"[[3, 4], [3, 4], [1, 2], [1, 2]]","[true, true, true, true, true]",0,0.0,0,1,1,0.15858041699999958
ellipse--demand_aligned,ellipse,demand_aligned,n0_d0_m0,factorial_combination,0.0,0.0,0,1.0,1451,violation_safe,10.401895586020121,0.4552292413730885,0.4552292413730885,0.27531582073550165,0.0437640656559661,0.6666666666666666,0.0,1.3609966674405551,0.18129827609755658,0.13320993389241728,0.27531582073550165,1,"[[3, 4], [3, 4], [3, 4], [2, 3]]","[true, true, true, true, true]",0,4.0,0,1,1,0.14320495799999833
ellipse--demand_aligned,ellipse,demand_aligned,n0_d0_m0,factorial_combination,0.0,0.0,0,1.0,1451,dual_anchor_dynamic,10.401895586020121,0.33737707509415105,0.33737707509415105,0.2696101827135069,0.032434191662871245,0.6666666666666666,0.0,1.3609966674405551,0.06317269120385777,0.046416492203950964,0.2696101827135069,2,"[[3, 4], [3, 4], [2, 3], [1, 2]]","[true, true, true, true, true]",0,4.0,0,1,1,0.18337954200000084
ellipse--demand_aligned,ellipse,demand_aligned,n0_d0_m0,factorial_combination,0.0,0.0,0,1.0,1471,full_trajectory,8.12957564746257,0.20346013276603397,0.20346013276603397,0.27174312832740377,0.025027152903059416,0.6666666666666666,0.0,1.0714713814905736,0.036772932522933684,0.03432003239487101,0.27174312832740377,0,"[[0, 1, 2, 3, 4, 5], [0, 1, 2, 3, 4, 5], [0, 1, 2, 3, 4, 5], [0, 1, 2, 3, 4, 5]]","[true, true, true, true, true]",0,0.0,0,1,1,0.17443308400000035
ellipse--demand_aligned,ellipse,demand_aligned,n0_d0_m0,factorial_combination,0.0,0.0,0,1.0,1471,error_peak_dynamic,8.12957564746257,0.39839791125651475,0.39839791125651475,0.27272337442121314,0.04900599102990868,0.6666666666666666,0.0,1.0714713814905736,0.06605967351481082,0.06165323186039009,0.27272337442121314,2,"[[3, 4], [1, 4], [1, 2], [1, 2]]","[true, true, true, true, true]",0,0.0,0,1,1,0.1495102079999988
ellipse--demand_aligned,ellipse,demand_aligned,n0_d0_m0,factorial_combination,0.0,0.0,0,1.0,1471,violation_safe,8.12957564746257,0.30467631344044366,0.30467631344044366,0.267450167155501,0.037477517480945056,0.6666666666666666,0.0,1.0714713814905736,0.1404046499939061,0.13103910418828232,0.267450167155501,1,"[[3, 4], [3, 4], [3, 4], [2, 3]]","[true, true, true, true, true]",0,4.0,0,1,1,0.14335233399999936
ellipse--demand_aligned,ellipse,demand_aligned,n0_d0_m0,factorial_combination,0.0,0.0,0,1.0,1471,dual_anchor_dynamic,8.12957564746257,0.21114358036437406,0.21114358036437406,0.2611077844080188,0.025972275739912315,0.6666666666666666,0.0,1.0714713814905736,0.041308326749359206,0.03855289787758332,0.2611077844080188,2,"[[3, 4], [3, 4], [2, 3], [1, 2]]","[true, true, true, true, true]",0,4.0,0,1,1,0.18500445900000173
ellipse--demand_aligned,ellipse,demand_aligned,n0_d0_m0,factorial_combination,0.0,0.0,0,1.0,1499,full_trajectory,5.7563053489468325,0.14959934879159706,0.14959934879159706,0.27246521841088583,0.025988779212167332,0.6666666666666666,0.0,0.7538333014217273,0.02262337507021263,0.030011111246405552,0.27246521841088583,0,"[[0, 1, 2, 3, 4, 5], [0, 1, 2, 3, 4, 5], [0, 1, 2, 3, 4, 5], [0, 1, 2, 3, 4, 5]]","[true, true, true, true, true]",0,0.0,0,1,1,0.17206604100000078
ellipse--demand_aligned,ellipse,demand_aligned,n0_d0_m0,factorial_combination,0.0,0.0,0,1.0,1499,error_peak_dynamic,5.7563053489468325,0.17106354184850675,0.17106354184850675,0.26979869578774635,0.029717593400392553,0.6666666666666666,0.0,0.7538333014217273,0.05193122649463101,0.06888953618351547,0.26979869578774635,3,"[[3, 4], [1, 4], [1, 2], [2, 3]]","[true, true, true, true, true]",0,0.0,0,1,1,0.13923937499999894
ellipse--demand_aligned,ellipse,demand_aligned,n0_d0_m0,factorial_combination,0.0,0.0,0,1.0,1499,violation_safe,5.7563053489468325,0.19526943740647507,0.19526943740647507,0.26310209112087257,0.03392270311758242,0.6666666666666666,0.0,0.7538333014217273,0.09502868528322043,0.126060609293854,0.26310209112087257,1,"[[3, 4], [3, 4], [3, 4], [2, 3]]","[true, true, true, true, true]",0,4.0,0,1,1,0.1403670419999976
ellipse--demand_aligned,ellipse,demand_aligned,n0_d0_m0,factorial_combination,0.0,0.0,0,1.0,1499,dual_anchor_dynamic,5.7563053489468325,0.11248991505711912,0.11248991505711912,0.2584319733020419,0.019542034037110308,0.6666666666666666,0.0,0.7538333014217273,0.026750225554974066,0.035485598081861365,0.2584319733020419,1,"[[3, 4], [3, 4], [2, 3], [2, 3]]","[true, true, true, true, true]",0,4.0,0,1,1,0.1775995419999994
ellipse--demand_conflict,ellipse,demand_conflict,n0_d0_m0,factorial_combination,0.0,0.0,0,1.0,1423,full_trajectory,4.02392703040701,0.1675991401128735,0.1675991401128735,0.3101404994327907,0.04165064098985942,0.6666666666666666,0.0,0.8908843004967208,0.025300917734600473,0.02839977954544009,0.3101404994327907,0,"[[0, 1, 2, 3, 4, 5], [0, 1, 2, 3, 4, 5], [0, 1, 2, 3, 4, 5], [0, 1, 2, 3, 4, 5]]","[true, true, true, true, true]",0,0.0,0,1,1,0.16483033400000124
ellipse--demand_conflict,ellipse,demand_conflict,n0_d0_m0,factorial_combination,0.0,0.0,0,1.0,1423,error_peak_dynamic,4.02392703040701,0.12423533844621057,0.12423533844621057,0.29558973818624834,0.030874152912669612,0.6666666666666666,0.0,0.8908843004967208,0.053819385932258795,0.06041119582223112,0.29558973818624834,1,"[[2, 3], [2, 3], [2, 3], [2, 4]]","[true, true, true, true, true]",0,0.0,0,1,1,0.1365178329999992
ellipse--demand_conflict,ellipse,demand_conflict,n0_d0_m0,factorial_combination,0.0,0.0,0,1.0,1423,violation_safe,4.02392703040701,0.12082612229149464,0.12082612229149464,0.29482209648613933,0.03002691683483967,0.6666666666666666,0.0,0.8908843004967208,0.05380123491909257,0.06039082166909349,0.29482209648613933,1,"[[2, 3], [2, 3], [2, 4], [2, 4]]","[true, true, true, true, true]",0,4.0,0,1,1,0.1392788340000024
ellipse--demand_conflict,ellipse,demand_conflict,n0_d0_m0,factorial_combination,0.0,0.0,0,1.0,1423,dual_anchor_dynamic,4.02392703040701,0.12444502983189953,0.12444502983189953,0.2954742156355109,0.03092626404294221,0.6666666666666666,0.0,0.8908843004967208,0.031892294609125064,0.03579846966810754,0.2954742156355109,1,"[[2, 3], [2, 3], [2, 3], [2, 4]]","[true, true, true, true, true]",0,4.0,0,1,1,0.18412887499999897
ellipse--demand_conflict,ellipse,demand_conflict,n0_d0_m0,factorial_combination,0.0,0.0,0,1.0,1451,full_trajectory,5.5533169037170085,0.3517716356657709,0.3517716356657709,0.3439513945271679,0.06334441951805761,0.6666666666666666,0.0,1.3609966674405551,0.05661216742603735,0.041596110248014274,0.3439513945271679,0,"[[0, 1, 2, 3, 4, 5], [0, 1, 2, 3, 4, 5], [0, 1, 2, 3, 4, 5], [0, 1, 2, 3, 4, 5]]","[true, true, true, true, true]",0,0.0,0,1,1,0.18088775000000012
ellipse--demand_conflict,ellipse,demand_conflict,n0_d0_m0,factorial_combination,0.0,0.0,0,1.0,1451,error_peak_dynamic,5.5533169037170085,0.43209221684988786,0.43209221684988786,0.3663785014051407,0.07780795231777157,0.6666666666666666,0.0,1.3609966674405551,0.08109377942873677,0.05958411314940177,0.3663785014051407,2,"[[3, 4], [3, 4], [2, 3], [1, 2]]","[true, true, true, true, true]",0,0.0,0,1,1,0.15523050000000183
ellipse--demand_conflict,ellipse,demand_conflict,n0_d0_m0,factorial_combination,0.0,0.0,0,1.0,1451,violation_safe,5.5533169037170085,0.5723875229733435,0.5723875229733435,0.36693558998656556,0.10307128746609556,0.6666666666666666,0.0,1.3609966674405551,0.14711189994368093,0.10809130063509609,0.36693558998656556,1,"[[1, 4], [1, 4], [1, 2], [1, 2]]","[true, true, true, true, true]",0,4.0,0,1,1,0.1574843329999993
ellipse--demand_conflict,ellipse,demand_conflict,n0_d0_m0,factorial_combination,0.0,0.0,0,1.0,1451,dual_anchor_dynamic,5.5533169037170085,0.3853348555476302,0.3853348555476302,0.3521265231009055,0.06938823449634461,0.6666666666666666,0.0,1.3609966674405551,0.06333795835989896,0.04653792318170052,0.3521265231009055,3,"[[3, 4], [1, 4], [2, 3], [1, 2]]","[true, true, true, true, true]",0,4.0,0,1,1,0.18451066600000132
ellipse--demand_conflict,ellipse,demand_conflict,n0_d0_m0,factorial_combination,0.0,0.0,0,1.0,1471,full_trajectory,4.375512141367793,0.2404434322910582,0.2404434322910582,0.32596215827564035,0.054952066071949045,0.6666666666666666,0.0,1.0714713814905736,0.036772932522933684,0.03432003239487101,0.32596215827564035,0,"[[0, 1, 2, 3, 4, 5], [0, 1, 2, 3, 4, 5], [0, 1, 2, 3, 4, 5], [0, 1, 2, 3, 4, 5]]","[true, true, true, true, true]",0,0.0,0,1,1,0.17399045799999868
ellipse--demand_conflict,ellipse,demand_conflict,n0_d0_m0,factorial_combination,0.0,0.0,0,1.0,1471,error_peak_dynamic,4.375512141367793,0.2903407227056481,0.2903407227056481,0.34964178329189993,0.06635582608962595,0.6666666666666666,0.0,1.0714713814905736,0.05974612887630388,0.05576082563510774,0.34964178329189993,2,"[[3, 4], [3, 4], [2, 4], [1, 2]]","[true, true, true, true, true]",0,0.0,0,1,1,0.16083395800000133
ellipse--demand_conflict,ellipse,demand_conflict,n0_d0_m0,factorial_combination,0.0,0.0,0,1.0,1471,violation_safe,4.375512141367793,0.3938453769882085,0.3938453769882085,0.35487107892473674,0.09001126365634807,0.6666666666666666,0.0,1.0714713814905736,0.1073506862685968,0.10018997065442502,0.35487107892473674,1,"[[1, 4], [1, 4], [1, 2], [1, 2]]","[true, true, true, true, true]",0,4.0,0,1,1,0.15840287500000017
ellipse--demand_conflict,ellipse,demand_conflict,n0_d0_m0,factorial_combination,0.0,0.0,0,1.0,1471,dual_anchor_dynamic,4.375512141367793,0.2664649617090039,0.2664649617090039,0.3346841278792544,0.06089914805394792,0.6666666666666666,0.0,1.0714713814905736,0.0422241071215705,0.03940759207476973,0.3346841278792544,3,"[[3, 4], [1, 4], [2, 4], [2, 3]]","[true, true, true, true, true]",0,4.0,0,1,1,0.1849352080000024
ellipse--demand_conflict,ellipse,demand_conflict,n0_d0_m0,factorial_combination,0.0,0.0,0,1.0,1499,full_trajectory,3.091478456850802,0.1465827943320941,0.1465827943320941,0.31361653476718176,0.04741511104735747,0.6666666666666666,0.0,0.7538333014217273,0.02262337507021263,0.030011111246405552,0.31361653476718176,0,"[[0, 1, 2, 3, 4, 5], [0, 1, 2, 3, 4, 5], [0, 1, 2, 3, 4, 5], [0, 1, 2, 3, 4, 5]]","[true, true, true, true, true]",0,0.0,0,1,1,0.1729429170000003
ellipse--demand_conflict,ellipse,demand_conflict,n0_d0_m0,factorial_combination,0.0,0.0,0,1.0,1499,error_peak_dynamic,3.091478456850802,0.18659170880223774,0.18659170880223774,0.3416460126023157,0.06035678766861381,0.6666666666666666,0.0,0.7538333014217273,0.03832011611451312,0.05083367376081887,0.3416460126023157,2,"[[3, 4], [3, 4], [2, 4], [1, 2]]","[true, true, true, true, true]",0,0.0,0,1,1,0.15519720799999703
ellipse--demand_conflict,ellipse,demand_conflict,n0_d0_m0,factorial_combination,0.0,0.0,0,1.0,1499,violation_safe,3.091478456850802,0.23954483028428797,0.23954483028428797,0.3384520799943504,0.07748552468591524,0.6666666666666666,0.0,0.7538333014217273,0.05730607175064289,0.07601955451233557,0.3384520799943504,2,"[[1, 4], [1, 4], [1, 2], [2, 4]]","[true, true, true, true, true]",0,4.0,0,1,1,0.15855762500000026
ellipse--demand_conflict,ellipse,demand_conflict,n0_d0_m0,factorial_combination,0.0,0.0,0,1.0,1499,dual_anchor_dynamic,3.091478456850802,0.17782264821523003,0.17782264821523003,0.32667842851740825,0.057520261162153696,0.6666666666666666,0.0,0.7538333014217273,0.027726051028590257,0.03678008251466074,0.32667842851740825,2,"[[3, 4], [1, 4], [1, 4], [2, 3]]","[true, true, true, true, true]",0,4.0,0,1,1,0.1855826250000021
rounded_square--neutral,rounded_square,neutral,n0_d0_m0,factorial_combination,0.0,0.0,0,1.0,1423,full_trajectory,7.414248873129063,1.706704566262451,1.706704566262451,0.4598767314078824,0.23019251113190162,0.8333333333333334,0.3333333333333333,1.3969003346619886,0.2227944794356863,0.1594920366953713,0.4598767314078824,0,"[[0, 1, 2, 3, 4, 5], [0, 1, 2, 3, 4, 5], [0, 1, 2, 3, 4, 5], [0, 1, 2, 3, 4, 5]]","[true, true, true, true, true]",0,0.0,0,1,1,0.24887579199999976
rounded_square--neutral,rounded_square,neutral,n0_d0_m0,factorial_combination,0.0,0.0,0,1.0,1423,error_peak_dynamic,7.414248873129063,1.1057198762988676,1.1057198762988676,0.4145372663629936,0.14913444304604473,0.8333333333333334,0.5,1.3969003346619886,0.2055459733699231,0.1471443368360704,0.4145372663629936,3,"[[2, 3], [3, 4], [1, 4], [3, 4]]","[true, true, true, true, true]",0,0.0,0,1,1,0.2427667499999977
rounded_square--neutral,rounded_square,neutral,n0_d0_m0,factorial_combination,0.0,0.0,0,1.0,1423,violation_safe,7.414248873129063,1.4559699088324884,1.4559699088324884,0.4204422818023021,0.19637456656051255,0.8333333333333334,0.5,1.3969003346619886,0.23194502434941522,0.1660426435544806,0.4204422818023021,3,"[[2, 3], [3, 4], [1, 4], [2, 4]]","[true, true, true, true, true]",0,4.0,0,1,1,0.24708137499999694
rounded_square--neutral,rounded_square,neutral,n0_d0_m0,factorial_combination,0.0,0.0,0,1.0,1423,dual_anchor_dynamic,7.414248873129063,1.1057198762988676,1.1057198762988676,0.4145372663629936,0.14913444304604473,0.8333333333333334,0.5,1.3969003346619886,0.2055459733699231,0.1471443368360704,0.4145372663629936,3,"[[2, 3], [3, 4], [1, 4], [3, 4]]","[true, true, true, true, true]",0,4.0,0,1,1,0.24505549999999943
rounded_square--neutral,rounded_square,neutral,n0_d0_m0,factorial_combination,0.0,0.0,0,1.0,1451,full_trajectory,10.761481050210694,3.7432006625074603,3.7432006625074603,0.4712298051356707,0.34783322528214405,1.0,0.6666666666666666,2.4158149726160945,0.5964964550045818,0.24691313770550635,0.4712298051356707,0,"[[0, 1, 2, 3, 4, 5], [0, 1, 2, 3, 4, 5], [0, 1, 2, 3, 4, 5], [0, 1, 2, 3, 4, 5]]","[true, true, true, true, true]",0,0.0,0,1,1,0.3476680000000023
rounded_square--neutral,rounded_square,neutral,n0_d0_m0,factorial_combination,0.0,0.0,0,1.0,1451,error_peak_dynamic,10.761481050210694,2.8010174662774237,2.8010174662774237,0.4290802118728789,0.26028178214583053,1.0,0.6666666666666666,2.4158149726160945,0.6928627397956811,0.28680289991140245,0.4290802118728789,1,"[[1, 4], [2, 4], [2, 4], [2, 4]]","[true, true, true, true, true]",0,0.0,0,1,1,0.29532154199999994
rounded_square--neutral,rounded_square,neutral,n0_d0_m0,factorial_combination,0.0,0.0,0,1.0,1451,violation_safe,10.761481050210694,2.7734074281230843,2.8010174662774237,0.4290802118728789,0.2577161466142976,1.0,0.6666666666666666,2.4158149726160945,0.7758566900296785,0.32115733151098924,0.4290802118728789,1,"[[1, 4], [2, 4], [2, 4], [2, 4]]","[true, true, true, true, false]",1,2.0,0,1,1,0.29695116699999957
rounded_square--neutral,rounded_square,neutral,n0_d0_m0,factorial_combination,0.0,0.0,0,1.0,1451,dual_anchor_dynamic,10.761481050210694,2.7734074281230843,2.8010174662774237,0.4290802118728789,0.2577161466142976,1.0,0.6666666666666666,2.4158149726160945,0.7758566900296785,0.32115733151098924,0.4290802118728789,1,"[[1, 4], [2, 4], [2, 4], [2, 4]]","[true, true, true, true, false]",1,2.0,0,1,1,0.29777108400000074
rounded_square--neutral,rounded_square,neutral,n0_d0_m0,factorial_combination,0.0,0.0,0,1.0,1471,full_trajectory,8.121365654160376,2.3726959128059155,2.3726959128059155,0.4320811947533081,0.2921547943836812,0.8333333333333334,0.6666666666666666,1.909937346784284,0.36462272636593845,0.19090821328764793,0.4320811947533081,0,"[[0, 1, 2, 3, 4, 5], [0, 1, 2, 3, 4, 5], [0, 1, 2, 3, 4, 5], [0, 1, 2, 3, 4, 5]]","[true, true, true, true, true]",0,0.0,0,1,1,0.26957479200000023
rounded_square--neutral,rounded_square,neutral,n0_d0_m0,factorial_combination,0.0,0.0,0,1.0,1471,error_peak_dynamic,8.121365654160376,1.5475061101706882,1.5475061101706882,0.4012975900396947,0.1905475231715418,0.8333333333333334,0.6666666666666666,1.909937346784284,0.44781060184474253,0.23446350352733328,0.4012975900396947,3,"[[1, 4], [2, 4], [1, 2], [2, 4]]","[true, true, true, true, true]",0,0.0,0,1,1,0.24766237500000088
rounded_square--neutral,rounded_square,neutral,n0_d0_m0,factorial_combination,0.0,0.0,0,1.0,1471,violation_safe,8.121365654160376,1.6224741079660543,1.6224741079660543,0.40561411570200523,0.1997784827155148,0.8333333333333334,0.6666666666666666,1.909937346784284,0.45219903000301837,0.23676118526315804,0.40561411570200523,2,"[[3, 4], [1, 2], [2, 4], [2, 4]]","[true, true, true, true, true]",0,4.0,0,1,1,0.24862083300000037
rounded_square--neutral,rounded_square,neutral,n0_d0_m0,factorial_combination,0.0,0.0,0,1.0,1471,dual_anchor_dynamic,8.121365654160376,1.5475061101706882,1.5475061101706882,0.4012975900396947,0.1905475231715418,0.8333333333333334,0.6666666666666666,1.909937346784284,0.44781060184474253,0.23446350352733328,0.4012975900396947,3,"[[1, 4], [2, 4], [1, 2], [2, 4]]","[true, true, true, true, true]",0,4.0,0,1,1,0.2510118330000033
rounded_square--neutral,rounded_square,neutral,n0_d0_m0,factorial_combination,0.0,0.0,0,1.0,1499,full_trajectory,5.607016860900054,1.5730962363278667,1.5730962363278667,0.4401454041138776,0.28055849935064203,0.6666666666666666,0.3333333333333333,1.3175009571287501,0.24154240940925992,0.1833337638977181,0.4401454041138776,0,"[[0, 1, 2, 3, 4, 5], [0, 1, 2, 3, 4, 5], [0, 1, 2, 3, 4, 5], [0, 1, 2, 3, 4, 5]]","[true, true, true, true, true]",0,0.0,0,1,1,0.24978154199999736
rounded_square--neutral,rounded_square,neutral,n0_d0_m0,factorial_combination,0.0,0.0,0,1.0,1499,error_peak_dynamic,5.607016860900054,1.0091384270603092,1.0091384270603092,0.414095325600171,0.17997777643535023,0.6666666666666666,0.5,1.3175009571287501,0.2999166002388898,0.22764051791848605,0.414095325600171,3,"[[1, 4], [2, 4], [1, 2], [2, 4]]","[true, true, true, true, true]",0,0.0,0,1,1,0.2388049169999995
rounded_square--neutral,rounded_square,neutral,n0_d0_m0,factorial_combination,0.0,0.0,0,1.0,1499,violation_safe,5.607016860900054,1.1709625306315057,1.1709625306315057,0.42122629448799054,0.20883877464273212,0.6666666666666666,0.3333333333333333,1.3175009571287501,0.31900069809470827,0.24212559115699722,0.42122629448799054,3,"[[3, 4], [1, 2], [2, 4], [1, 2]]","[true, true, true, true, true]",0,4.0,0,1,1,0.2312317919999991
rounded_square--neutral,rounded_square,neutral,n0_d0_m0,factorial_combination,0.0,0.0,0,1.0,1499,dual_anchor_dynamic,5.607016860900054,1.0091384270603092,1.0091384270603092,0.414095325600171,0.17997777643535023,0.6666666666666666,0.5,1.3175009571287501,0.2999166002388898,0.22764051791848605,0.414095325600171,3,"[[1, 4], [2, 4], [1, 2], [2, 4]]","[true, true, true, true, true]",0,4.0,0,1,1,0.24052654200000134
rounded_square--demand_aligned,rounded_square,demand_aligned,n0_d0_m0,factorial_combination,0.0,0.0,0,1.0,1423,full_trajectory,11.722836504208278,2.2035793397681425,2.2035793397681425,0.39334610180013874,0.18797322124019208,0.8333333333333334,0.5,1.3969003346619886,0.2227944794356863,0.1594920366953713,0.39334610180013874,0,"[[0, 1, 2, 3, 4, 5], [0, 1, 2, 3, 4, 5], [0, 1, 2, 3, 4, 5], [0, 1, 2, 3, 4, 5]]","[true, true, true, true, true]",0,0.0,0,1,1,0.2497807920000028
rounded_square--demand_aligned,rounded_square,demand_aligned,n0_d0_m0,factorial_combination,0.0,0.0,0,1.0,1423,error_peak_dynamic,11.722836504208278,2.243337300744784,2.243337300744784,0.470246571248317,0.19136471791101653,0.8333333333333334,0.6666666666666666,1.3969003346619886,0.34586325357082676,0.24759336438595395,0.470246571248317,3,"[[2, 3], [1, 4], [3, 4], [1, 2]]","[true, true, true, true, true]",0,0.0,0,1,1,0.19080275000000313
rounded_square--demand_aligned,rounded_square,demand_aligned,n0_d0_m0,factorial_combination,0.0,0.0,0,1.0,1423,violation_safe,11.722836504208278,2.3978600053679524,2.3978600053679524,0.43920093055268555,0.20454605884055158,0.8333333333333334,0.6666666666666666,1.3969003346619886,0.36712311356172883,0.26281267492899735,0.43920093055268555,3,"[[2, 4], [2, 3], [1, 4], [3, 4]]","[true, true, true, true, true]",0,4.0,0,1,1,0.1948534579999972
rounded_square--demand_aligned,rounded_square,demand_aligned,n0_d0_m0,factorial_combination,0.0,0.0,0,1.0,1423,dual_anchor_dynamic,11.722836504208278,1.3707714169365646,1.3707714169365646,0.3676082577754858,0.11693171839805865,0.8333333333333334,0.5,1.3969003346619886,0.23194502434941522,0.1660426435544806,0.3676082577754858,3,"[[2, 3], [3, 4], [1, 4], [2, 4]]","[true, true, true, true, true]",0,4.0,0,1,1,0.24592370800000296
rounded_square--demand_aligned,rounded_square,demand_aligned,n0_d0_m0,factorial_combination,0.0,0.0,0,1.0,1451,full_trajectory,14.097354699570705,6.185863536580891,6.185863536580891,0.545872164574014,0.4387960485075448,0.8333333333333334,0.5,2.4158149726160945,0.5964964550045818,0.24691313770550635,0.545872164574014,0,"[[0, 1, 2, 3, 4, 5], [0, 1, 2, 3, 4, 5], [0, 1, 2, 3, 4, 5], [0, 1, 2, 3, 4, 5]]","[true, true, true, true, true]",0,0.0,0,1,1,0.33008108299999606
rounded_square--demand_aligned,rounded_square,demand_aligned,n0_d0_m0,factorial_combination,0.0,0.0,0,1.0,1451,error_peak_dynamic,14.097354699570705,4.568113109160496,4.568113109160496,0.5485752987433383,0.32404044634697354,0.8333333333333334,0.8333333333333334,2.4158149726160945,0.9162575968147911,0.37927474049164145,0.5485752987433383,3,"[[1, 4], [2, 4], [1, 2], [2, 4]]","[true, true, true, true, true]",0,0.0,0,1,1,0.22306058299999876
rounded_square--demand_aligned,rounded_square,demand_aligned,n0_d0_m0,factorial_combination,0.0,0.0,0,1.0,1451,violation_safe,14.097354699570705,4.5211202737042075,4.5211202737042075,0.5070174794528308,0.32070699574877587,0.8333333333333334,0.8333333333333334,2.4158149726160945,0.9384209218739095,0.388449004791824,0.5070174794528308,2,"[[2, 4], [1, 2], [2, 4], [2, 4]]","[true, true, true, true, true]",0,4.0,0,1,1,0.22211083399999865
rounded_square--demand_aligned,rounded_square,demand_aligned,n0_d0_m0,factorial_combination,0.0,0.0,0,1.0,1451,dual_anchor_dynamic,14.097354699570705,3.9889721844109696,3.9889721844109696,0.49358353840885494,0.2829589145921428,0.8333333333333334,0.6666666666666666,2.4158149726160945,0.6928627397956811,0.28680289991140245,0.49358353840885494,1,"[[1, 4], [2, 4], [2, 4], [2, 4]]","[true, true, true, true, true]",0,4.0,0,1,1,0.29682183300000275
rounded_square--demand_aligned,rounded_square,demand_aligned,n0_d0_m0,factorial_combination,0.0,0.0,0,1.0,1471,full_trajectory,10.59486110618567,3.920094645052358,3.920094645052358,0.49627872732110967,0.3699996258340435,0.6666666666666666,0.5,1.909937346784284,0.36462272636593845,0.19090821328764793,0.49627872732110967,0,"[[0, 1, 2, 3, 4, 5], [0, 1, 2, 3, 4, 5], [0, 1, 2, 3, 4, 5], [0, 1, 2, 3, 4, 5]]","[true, true, true, true, true]",0,0.0,0,1,1,0.2664839579999949
rounded_square--demand_aligned,rounded_square,demand_aligned,n0_d0_m0,factorial_combination,0.0,0.0,0,1.0,1471,error_peak_dynamic,10.59486110618567,2.4216989199347867,2.4216989199347867,0.5061988360463713,0.22857297473403496,0.6666666666666666,0.6666666666666666,1.909937346784284,0.6077756833352063,0.31821760245617675,0.5061988360463713,3,"[[1, 4], [2, 4], [1, 2], [2, 4]]","[true, true, true, true, true]",0,0.0,0,1,1,0.1888843330000043
rounded_square--demand_aligned,rounded_square,demand_aligned,n0_d0_m0,factorial_combination,0.0,0.0,0,1.0,1471,violation_safe,10.59486110618567,2.8544623199750125,3.2675863048109077,0.4800200694332001,0.2694195130418909,0.6666666666666666,0.6666666666666666,1.909937346784284,0.7286529695338178,0.3815062157722783,0.4800200694332001,3,"[[2, 4], [1, 2], [2, 4], [1, 4]]","[true, true, true, true, false]",1,2.0,0,1,1,0.18204504100000207
rounded_square--demand_aligned,rounded_square,demand_aligned,n0_d0_m0,factorial_combination,0.0,0.0,0,1.0,1471,dual_anchor_dynamic,10.59486110618567,2.4350636433384407,2.4350636433384407,0.4630247033738553,0.2298344092417371,0.6666666666666666,0.6666666666666666,1.909937346784284,0.44781060184474253,0.23446350352733328,0.4630247033738553,3,"[[1, 4], [2, 4], [1, 2], [2, 4]]","[true, true, true, true, true]",0,4.0,0,1,1,0.24827700000000164
rounded_square--demand_aligned,rounded_square,demand_aligned,n0_d0_m0,factorial_combination,0.0,0.0,0,1.0,1499,full_trajectory,7.4049050429665435,2.5947273226266176,2.5947273226266176,0.507043823716691,0.3504065626190827,0.6666666666666666,0.5,1.3175009571287501,0.24154240940925992,0.1833337638977181,0.507043823716691,0,"[[0, 1, 2, 3, 4, 5], [0, 1, 2, 3, 4, 5], [0, 1, 2, 3, 4, 5], [0, 1, 2, 3, 4, 5]]","[true, true, true, true, true]",0,0.0,0,1,1,0.25039633299999764
rounded_square--demand_aligned,rounded_square,demand_aligned,n0_d0_m0,factorial_combination,0.0,0.0,0,1.0,1499,error_peak_dynamic,7.4049050429665435,1.5625775899314727,1.5625775899314727,0.5251925073722671,0.21101926099858195,0.6666666666666666,0.5,1.3175009571287501,0.4040784120698546,0.3067006592165738,0.5251925073722671,3,"[[1, 4], [2, 4], [1, 2], [2, 4]]","[true, true, true, true, true]",0,0.0,0,1,1,0.18460316600000226
rounded_square--demand_aligned,rounded_square,demand_aligned,n0_d0_m0,factorial_combination,0.0,0.0,0,1.0,1499,violation_safe,7.4049050429665435,2.0644861653366102,2.2972943504746692,0.48762511093766114,0.27879981625119377,0.6666666666666666,0.5,1.3175009571287501,0.48587191596980894,0.36878297001671784,0.48762511093766114,3,"[[2, 4], [1, 2], [2, 4], [1, 4]]","[true, true, true, true, false]",1,2.0,0,1,1,0.18736708400000168
rounded_square--demand_aligned,rounded_square,demand_aligned,n0_d0_m0,factorial_combination,0.0,0.0,0,1.0,1499,dual_anchor_dynamic,7.4049050429665435,2.301785882363517,2.666096173638665,0.45239616310420205,0.31084610390106754,0.6666666666666666,0.5,1.3175009571287501,0.4721794821136934,0.35839023839703416,0.45239616310420205,2,"[[2, 4], [1, 2], [1, 4], [1, 4]]","[true, true, true, false, false]",2,1.0,0,1,1,0.24629866600000128
rounded_square--demand_conflict,rounded_square,demand_conflict,n0_d0_m0,factorial_combination,0.0,0.0,0,1.0,1423,full_trajectory,6.355885137174107,1.307769757864388,1.307769757864388,0.5023339902119791,0.2057572988875372,0.8333333333333334,0.3333333333333333,1.3969003346619886,0.2227944794356863,0.1594920366953713,0.5023339902119791,0,"[[0, 1, 2, 3, 4, 5], [0, 1, 2, 3, 4, 5], [0, 1, 2, 3, 4, 5], [0, 1, 2, 3, 4, 5]]","[true, true, true, true, true]",0,0.0,0,1,1,0.24927662500000025
rounded_square--demand_conflict,rounded_square,demand_conflict,n0_d0_m0,factorial_combination,0.0,0.0,0,1.0,1423,error_peak_dynamic,6.355885137174107,1.54833542024629,1.54833542024629,0.5031528834410521,0.2436065767127277,0.8333333333333334,0.3333333333333333,1.3969003346619886,0.2902746112505902,0.20779908490810736,0.5031528834410521,3,"[[2, 3], [1, 4], [2, 3], [1, 4]]","[true, true, true, true, true]",0,0.0,0,1,1,0.21813820799999917
rounded_square--demand_conflict,rounded_square,demand_conflict,n0_d0_m0,factorial_combination,0.0,0.0,0,1.0,1423,violation_safe,6.355885137174107,1.4444645806158047,1.4444645806158047,0.45111461932484753,0.2272641102601846,0.8333333333333334,0.5,1.3969003346619886,0.28295416336474605,0.20255859086268538,0.45111461932484753,3,"[[2, 3], [3, 4], [1, 4], [2, 3]]","[true, true, true, true, true]",0,4.0,0,1,1,0.22311204100000026
rounded_square--demand_conflict,rounded_square,demand_conflict,n0_d0_m0,factorial_combination,0.0,0.0,0,1.0,1423,dual_anchor_dynamic,6.355885137174107,0.915388673650074,0.915388673650074,0.42808107078591195,0.14402221781765323,0.8333333333333334,0.16666666666666666,1.3969003346619886,0.2055459733699231,0.1471443368360704,0.42808107078591195,3,"[[2, 3], [3, 4], [1, 4], [3, 4]]","[true, true, true, true, true]",0,4.0,0,1,1,0.2502621670000025
rounded_square--demand_conflict,rounded_square,demand_conflict,n0_d0_m0,factorial_combination,0.0,0.0,0,1.0,1451,full_trajectory,8.946374537228424,2.107499644699531,2.107499644699531,0.37824530705123527,0.23557024534682983,1.0,0.8333333333333334,2.4158149726160945,0.5964964550045818,0.24691313770550635,0.37824530705123527,0,"[[0, 1, 2, 3, 4, 5], [0, 1, 2, 3, 4, 5], [0, 1, 2, 3, 4, 5], [0, 1, 2, 3, 4, 5]]","[true, true, true, true, true]",0,0.0,0,1,1,0.33038004100000506
rounded_square--demand_conflict,rounded_square,demand_conflict,n0_d0_m0,factorial_combination,0.0,0.0,0,1.0,1451,error_peak_dynamic,8.946374537228424,2.063594517994155,2.063594517994155,0.3721694221998546,0.23066265663336,1.0,0.8333333333333334,2.4158149726160945,0.7248820917481454,0.30005695798928184,0.3721694221998546,1,"[[1, 4], [2, 4], [2, 4], [2, 4]]","[true, true, true, true, true]",0,0.0,0,1,1,0.29518458299999395
rounded_square--demand_conflict,rounded_square,demand_conflict,n0_d0_m0,factorial_combination,0.0,0.0,0,1.0,1451,violation_safe,8.946374537228424,2.143767695628033,2.143767695628033,0.42551656021951534,0.2396241837078475,1.0,0.8333333333333334,2.4158149726160945,0.7861002180814299,0.32539752712524966,0.42551656021951534,3,"[[1, 3], [3, 4], [1, 2], [2, 4]]","[true, true, true, true, true]",0,4.0,0,1,1,0.2477683749999997
rounded_square--demand_conflict,rounded_square,demand_conflict,n0_d0_m0,factorial_combination,0.0,0.0,0,1.0,1451,dual_anchor_dynamic,8.946374537228424,2.0386740835403185,2.0386740835403185,0.4018047714528414,0.22787712218584327,1.0,0.8333333333333334,2.4158149726160945,0.7029492805586046,0.2909781123665189,0.4018047714528414,2,"[[3, 4], [1, 2], [2, 4], [2, 4]]","[true, true, true, true, true]",0,4.0,0,1,1,0.2925421670000006
rounded_square--demand_conflict,rounded_square,demand_conflict,n0_d0_m0,factorial_combination,0.0,0.0,0,1.0,1471,full_trajectory,7.232076360058869,1.3466059069248095,1.3466059069248095,0.34107182012604814,0.1861990720067353,1.0,0.5,1.909937346784284,0.36462272636593845,0.19090821328764793,0.34107182012604814,0,"[[0, 1, 2, 3, 4, 5], [0, 1, 2, 3, 4, 5], [0, 1, 2, 3, 4, 5], [0, 1, 2, 3, 4, 5]]","[true, true, true, true, true]",0,0.0,0,1,1,0.2678755829999986
rounded_square--demand_conflict,rounded_square,demand_conflict,n0_d0_m0,factorial_combination,0.0,0.0,0,1.0,1471,error_peak_dynamic,7.232076360058869,1.0896448858655194,1.0896448858655194,0.3413419752871723,0.1506683325252735,1.0,0.6666666666666666,1.909937346784284,0.47769829880295456,0.25011202572023833,0.3413419752871723,3,"[[1, 4], [2, 4], [1, 2], [2, 4]]","[true, true, true, true, true]",0,0.0,0,1,1,0.2309720000000013
rounded_square--demand_conflict,rounded_square,demand_conflict,n0_d0_m0,factorial_combination,0.0,0.0,0,1.0,1471,violation_safe,7.232076360058869,1.2057128145587575,1.2057128145587575,0.38340281288042655,0.16671737887304924,1.0,0.6666666666666666,1.909937346784284,0.5227783479794458,0.2737149199473141,0.38340281288042655,3,"[[1, 3], [3, 4], [1, 2], [2, 4]]","[true, true, true, true, true]",0,4.0,0,1,1,0.21152254199999732
rounded_square--demand_conflict,rounded_square,demand_conflict,n0_d0_m0,factorial_combination,0.0,0.0,0,1.0,1471,dual_anchor_dynamic,7.232076360058869,1.2199416930755398,1.2199416930755398,0.35670636953931967,0.16868484683223248,1.0,0.3333333333333333,1.909937346784284,0.45974780993090175,0.2407135557116406,0.35670636953931967,3,"[[3, 4], [1, 2], [2, 4], [1, 4]]","[true, true, true, true, true]",0,4.0,0,1,1,0.24403545799999904
rounded_square--demand_conflict,rounded_square,demand_conflict,n0_d0_m0,factorial_combination,0.0,0.0,0,1.0,1499,full_trajectory,4.902934486236049,0.8907296956575659,0.8907296956575659,0.34937036924348447,0.18167277130830548,0.8333333333333334,0.16666666666666666,1.3175009571287501,0.24154240940925992,0.1833337638977181,0.34937036924348447,0,"[[0, 1, 2, 3, 4, 5], [0, 1, 2, 3, 4, 5], [0, 1, 2, 3, 4, 5], [0, 1, 2, 3, 4, 5]]","[true, true, true, true, true]",0,0.0,0,1,1,0.24919804099999965
rounded_square--demand_conflict,rounded_square,demand_conflict,n0_d0_m0,factorial_combination,0.0,0.0,0,1.0,1499,error_peak_dynamic,4.902934486236049,0.8355242142077974,0.8355242142077974,0.3530258835284299,0.1704130896615802,0.8333333333333334,0.16666666666666666,1.3175009571287501,0.32269938925644637,0.24493294483801367,0.3530258835284299,3,"[[1, 4], [2, 4], [1, 2], [2, 4]]","[true, true, true, true, true]",0,0.0,0,1,1,0.22961483400000304
rounded_square--demand_conflict,rounded_square,demand_conflict,n0_d0_m0,factorial_combination,0.0,0.0,0,1.0,1499,violation_safe,4.902934486236049,0.8999374240201677,0.8999374240201677,0.40507698455995644,0.18355077485668056,0.8333333333333334,0.16666666666666666,1.3175009571287501,0.35656127081191774,0.27063454404540027,0.40507698455995644,3,"[[1, 3], [3, 4], [1, 2], [2, 4]]","[true, true, true, true, true]",0,4.0,0,1,1,0.21027808400000225
rounded_square--demand_conflict,rounded_square,demand_conflict,n0_d0_m0,factorial_combination,0.0,0.0,0,1.0,1499,dual_anchor_dynamic,4.902934486236049,0.796554026377728,0.796554026377728,0.37540958741017966,0.1624647501641894,0.8333333333333334,0.0,1.3175009571287501,0.31900069809470827,0.24212559115699722,0.37540958741017966,3,"[[3, 4], [1, 2], [2, 4], [1, 2]]","[true, true, true, true, true]",0,4.0,0,1,1,0.23269866599999744
figure_eight--neutral,figure_eight,neutral,n0_d0_m0,factorial_combination,0.0,0.0,0,1.0,1423,full_trajectory,6.620386126955758,0.26806347663758395,0.26806347663758395,0.2999453465355737,0.04049061059235334,1.0,0.0,1.285246630371671,0.04632884573081921,0.03604665800012385,0.2999453465355737,0,"[[0, 1, 2, 3, 4, 5], [0, 1, 2, 3, 4, 5], [0, 1, 2, 3, 4, 5], [0, 1, 2, 3, 4, 5]]","[true, true, true, true, true]",0,0.0,0,1,1,0.20864512499999677
figure_eight--neutral,figure_eight,neutral,n0_d0_m0,factorial_combination,0.0,0.0,0,1.0,1423,error_peak_dynamic,6.620386126955758,0.2208754694668746,0.2208754694668746,0.2786241563341655,0.0333629285711224,1.0,0.0,1.285246630371671,0.05877481853241196,0.04573038134744248,0.2786241563341655,2,"[[3, 4], [3, 4], [2, 3], [2, 4]]","[true, true, true, true, true]",0,0.0,0,1,1,0.1949324579999967
figure_eight--neutral,figure_eight,neutral,n0_d0_m0,factorial_combination,0.0,0.0,0,1.0,1423,violation_safe,6.620386126955758,0.2208754694668746,0.2208754694668746,0.2786241563341655,0.0333629285711224,1.0,0.0,1.285246630371671,0.05877481853241196,0.04573038134744248,0.2786241563341655,2,"[[3, 4], [3, 4], [2, 3], [2, 4]]","[true, true, true, true, true]",0,4.0,0,1,1,0.19222866700000196
figure_eight--neutral,figure_eight,neutral,n0_d0_m0,factorial_combination,0.0,0.0,0,1.0,1423,dual_anchor_dynamic,6.620386126955758,0.2208754694668746,0.2208754694668746,0.2786241563341655,0.0333629285711224,1.0,0.0,1.285246630371671,0.05877481853241196,0.04573038134744248,0.2786241563341655,2,"[[3, 4], [3, 4], [2, 3], [2, 4]]","[true, true, true, true, true]",0,4.0,0,1,1,0.1922333750000007
figure_eight--neutral,figure_eight,neutral,n0_d0_m0,factorial_combination,0.0,0.0,0,1.0,1451,full_trajectory,11.063876687887113,2.0923096964574643,2.0923096964574643,0.44889354315345253,0.18911180551642937,1.0,0.5,2.276688345741528,0.32473638382098013,0.1426354135946578,0.44889354315345253,0,"[[0, 1, 2, 3, 4, 5], [0, 1, 2, 3, 4, 5], [0, 1, 2, 3, 4, 5], [0, 1, 2, 3, 4, 5]]","[true, true, true, true, true]",0,0.0,0,1,1,0.31659745800000394
figure_eight--neutral,figure_eight,neutral,n0_d0_m0,factorial_combination,0.0,0.0,0,1.0,1451,error_peak_dynamic,11.063876687887113,1.5947757291079352,1.5947757291079352,0.4282222807234768,0.14414257986569193,1.0,0.5,2.276688345741528,0.391819359413297,0.17210056885747338,0.4282222807234768,1,"[[2, 4], [3, 4], [3, 4], [3, 4]]","[true, true, true, true, true]",0,0.0,0,1,1,0.2875849579999965
figure_eight--neutral,figure_eight,neutral,n0_d0_m0,factorial_combination,0.0,0.0,0,1.0,1451,violation_safe,11.063876687887113,1.5947757291079352,1.5947757291079352,0.4282222807234768,0.14414257986569193,1.0,0.5,2.276688345741528,0.391819359413297,0.17210056885747338,0.4282222807234768,1,"[[2, 4], [3, 4], [3, 4], [3, 4]]","[true, true, true, true, true]",0,4.0,0,1,1,0.2897789169999996
figure_eight--neutral,figure_eight,neutral,n0_d0_m0,factorial_combination,0.0,0.0,0,1.0,1451,dual_anchor_dynamic,11.063876687887113,1.5947757291079352,1.5947757291079352,0.4282222807234768,0.14414257986569193,1.0,0.5,2.276688345741528,0.391819359413297,0.17210056885747338,0.4282222807234768,1,"[[2, 4], [3, 4], [3, 4], [3, 4]]","[true, true, true, true, true]",0,4.0,0,1,1,0.2886348339999998
figure_eight--neutral,figure_eight,neutral,n0_d0_m0,factorial_combination,0.0,0.0,0,1.0,1471,full_trajectory,8.359525268921997,0.6519773250798993,0.6519773250798993,0.3842874706608073,0.07799214717416304,1.0,0.0,1.7548663425850282,0.09763537032835604,0.055636926846823566,0.3842874706608073,0,"[[0, 1, 2, 3, 4, 5], [0, 1, 2, 3, 4, 5], [0, 1, 2, 3, 4, 5], [0, 1, 2, 3, 4, 5]]","[true, true, true, true, true]",0,0.0,0,1,1,0.20891333299999815
figure_eight--neutral,figure_eight,neutral,n0_d0_m0,factorial_combination,0.0,0.0,0,1.0,1471,error_peak_dynamic,8.359525268921997,0.5272034273852353,0.5272034273852353,0.36512072680695706,0.0630661922089292,1.0,0.0,1.7548663425850282,0.1240289093501246,0.07067712585302778,0.36512072680695706,1,"[[3, 4], [2, 3], [2, 3], [2, 3]]","[true, true, true, true, true]",0,0.0,0,1,1,0.22025004200000353
figure_eight--neutral,figure_eight,neutral,n0_d0_m0,factorial_combination,0.0,0.0,0,1.0,1471,violation_safe,8.359525268921997,0.5155954142194654,0.5155954142194654,0.36035686288159907,0.061677595034766136,1.0,0.0,1.7548663425850282,0.12745904469269825,0.07263176778747896,0.36035686288159907,2,"[[2, 3], [3, 4], [2, 3], [2, 3]]","[true, true, true, true, true]",0,4.0,0,1,1,0.21540608400000139
figure_eight--neutral,figure_eight,neutral,n0_d0_m0,factorial_combination,0.0,0.0,0,1.0,1471,dual_anchor_dynamic,8.359525268921997,0.5314929009880115,0.5314929009880115,0.37838715214749935,0.06357931627576145,1.0,0.0,1.7548663425850282,0.12094143060432624,0.0689177447133506,0.37838715214749935,2,"[[2, 4], [3, 4], [2, 3], [2, 3]]","[true, true, true, true, true]",0,4.0,0,1,1,0.21435187499999842
figure_eight--neutral,figure_eight,neutral,n0_d0_m0,factorial_combination,0.0,0.0,0,1.0,1499,full_trajectory,5.938457992048772,0.3889723128617622,0.3889723128617622,0.3526468680805399,0.06550055812175014,1.0,0.0,1.2331125670645522,0.06079013287078995,0.0492981212700654,0.3526468680805399,0,"[[0, 1, 2, 3, 4, 5], [0, 1, 2, 3, 4, 5], [0, 1, 2, 3, 4, 5], [0, 1, 2, 3, 4, 5]]","[true, true, true, true, true]",0,0.0,0,1,1,0.2027488749999975
figure_eight--neutral,figure_eight,neutral,n0_d0_m0,factorial_combination,0.0,0.0,0,1.0,1499,error_peak_dynamic,5.938457992048772,0.29218035655062746,0.29218035655062746,0.34602616656985097,0.0492013847604612,1.0,0.0,1.2331125670645522,0.07673390975054306,0.06222782234164524,0.34602616656985097,2,"[[2, 4], [3, 4], [2, 3], [2, 3]]","[true, true, true, true, true]",0,0.0,0,1,1,0.20085495800000075
figure_eight--neutral,figure_eight,neutral,n0_d0_m0,factorial_combination,0.0,0.0,0,1.0,1499,violation_safe,5.938457992048772,0.2797396448351,0.2797396448351,0.3301310081351621,0.047106445008056656,1.0,0.0,1.2331125670645522,0.08293014180943044,0.06725269373164139,0.3301310081351621,2,"[[2, 3], [3, 4], [2, 3], [2, 3]]","[true, true, true, true, true]",0,4.0,0,1,1,0.19797495899999973
figure_eight--neutral,figure_eight,neutral,n0_d0_m0,factorial_combination,0.0,0.0,0,1.0,1499,dual_anchor_dynamic,5.938457992048772,0.29218035655062746,0.29218035655062746,0.34602616656985097,0.0492013847604612,1.0,0.0,1.2331125670645522,0.07673390975054306,0.06222782234164524,0.34602616656985097,2,"[[2, 4], [3, 4], [2, 3], [2, 3]]","[true, true, true, true, true]",0,4.0,0,1,1,0.20408150000000091
figure_eight--demand_aligned,figure_eight,demand_aligned,n0_d0_m0,factorial_combination,0.0,0.0,0,1.0,1423,full_trajectory,10.323731402515286,0.4259020023073605,0.4259020023073605,0.30228741611400284,0.04125465742004807,0.8333333333333334,0.0,1.285246630371671,0.04632884573081921,0.03604665800012385,0.30228741611400284,0,"[[0, 1, 2, 3, 4, 5], [0, 1, 2, 3, 4, 5], [0, 1, 2, 3, 4, 5], [0, 1, 2, 3, 4, 5]]","[true, true, true, true, true]",0,0.0,0,1,1,0.20933479199999994
figure_eight--demand_aligned,figure_eight,demand_aligned,n0_d0_m0,factorial_combination,0.0,0.0,0,1.0,1423,error_peak_dynamic,10.323731402515286,0.5663279404343602,0.5663279404343602,0.3035705901333828,0.05485690380286138,0.8333333333333334,0.0,1.285246630371671,0.15094301564588591,0.11744284099172142,0.3035705901333828,3,"[[3, 4], [1, 3], [2, 4], [1, 4]]","[true, true, true, true, true]",0,0.0,0,1,1,0.16267237499999965
figure_eight--demand_aligned,figure_eight,demand_aligned,n0_d0_m0,factorial_combination,0.0,0.0,0,1.0,1423,violation_safe,10.323731402515286,0.5127122917610065,0.5127122917610065,0.2809316080843768,0.0496634668000069,0.8333333333333334,0.0,1.285246630371671,0.16791079034604106,0.13064480106630133,0.2809316080843768,2,"[[3, 4], [3, 4], [1, 4], [2, 3]]","[true, true, true, true, true]",0,4.0,0,1,1,0.15833541700000353
figure_eight--demand_aligned,figure_eight,demand_aligned,n0_d0_m0,factorial_combination,0.0,0.0,0,1.0,1423,dual_anchor_dynamic,10.323731402515286,0.23598436013704727,0.23598436013704727,0.2603109360758699,0.022858436638476642,0.8333333333333334,0.0,1.285246630371671,0.05698457619782808,0.04433746399424454,0.2603109360758699,1,"[[3, 4], [3, 4], [2, 4], [2, 4]]","[true, true, true, true, true]",0,4.0,0,1,1,0.19650683300000082
figure_eight--demand_aligned,figure_eight,demand_aligned,n0_d0_m0,factorial_combination,0.0,0.0,0,1.0,1451,full_trajectory,16.524602567405687,2.5100180205158362,2.5100180205158362,0.38770596584189587,0.15189581778304165,1.0,0.5,2.276688345741528,0.32473638382098013,0.1426354135946578,0.38770596584189587,0,"[[0, 1, 2, 3, 4, 5], [0, 1, 2, 3, 4, 5], [0, 1, 2, 3, 4, 5], [0, 1, 2, 3, 4, 5]]","[true, true, true, true, true]",0,0.0,0,1,1,0.31360512500000226
figure_eight--demand_aligned,figure_eight,demand_aligned,n0_d0_m0,factorial_combination,0.0,0.0,0,1.0,1451,error_peak_dynamic,16.524602567405687,3.2809063414271282,3.2809063414271282,0.422064497802817,0.19854676250420833,1.0,0.5,2.276688345741528,0.6823184713404209,0.2996977924609996,0.422064497802817,3,"[[2, 4], [3, 4], [2, 3], [3, 4]]","[true, true, true, true, true]",0,0.0,0,1,1,0.23276620900000466
figure_eight--demand_aligned,figure_eight,demand_aligned,n0_d0_m0,factorial_combination,0.0,0.0,0,1.0,1451,violation_safe,16.524602567405687,3.4085908552756834,3.4085908552756834,0.4355464943312534,0.20627369653047106,1.0,0.6666666666666666,2.276688345741528,0.8043202769622372,0.3532851909514503,0.4355464943312534,3,"[[2, 4], [3, 4], [2, 4], [3, 4]]","[true, true, true, true, true]",0,4.0,0,1,1,0.23520775000000071
figure_eight--demand_aligned,figure_eight,demand_aligned,n0_d0_m0,factorial_combination,0.0,0.0,0,1.0,1451,dual_anchor_dynamic,16.524602567405687,2.3753901697014626,2.3753901697014626,0.3924758942654825,0.14374870197404038,1.0,0.5,2.276688345741528,0.391819359413297,0.17210056885747338,0.3924758942654825,1,"[[2, 4], [3, 4], [3, 4], [3, 4]]","[true, true, true, true, true]",0,4.0,0,1,1,0.28872208299999613
figure_eight--demand_aligned,figure_eight,demand_aligned,n0_d0_m0,factorial_combination,0.0,0.0,0,1.0,1471,full_trajectory,12.292169042157058,0.7125616537346319,0.7125616537346319,0.3281991830313267,0.057968748338136256,1.0,0.0,1.7548663425850282,0.09763537032835604,0.055636926846823566,0.3281991830313267,0,"[[0, 1, 2, 3, 4, 5], [0, 1, 2, 3, 4, 5], [0, 1, 2, 3, 4, 5], [0, 1, 2, 3, 4, 5]]","[true, true, true, true, true]",0,0.0,0,1,1,0.20837687499999902
figure_eight--demand_aligned,figure_eight,demand_aligned,n0_d0_m0,factorial_combination,0.0,0.0,0,1.0,1471,error_peak_dynamic,12.292169042157058,0.7020928149529486,0.7020928149529486,0.38190644967226745,0.0571170810086536,1.0,0.0,1.7548663425850282,0.28130352321922925,0.16029911588870724,0.38190644967226745,2,"[[3, 4], [2, 3], [2, 3], [3, 5]]","[true, true, true, true, true]",0,0.0,0,1,1,0.17455304199999944
figure_eight--demand_aligned,figure_eight,demand_aligned,n0_d0_m0,factorial_combination,0.0,0.0,0,1.0,1471,violation_safe,12.292169042157058,0.7362901691827761,0.7362901691827761,0.34369367568025555,0.05989912493536375,1.0,0.0,1.7548663425850282,0.3496649188502516,0.19925444483434177,0.34369367568025555,2,"[[2, 4], [3, 4], [2, 3], [2, 3]]","[true, true, true, true, true]",0,4.0,0,1,1,0.24754250000000155
figure_eight--demand_aligned,figure_eight,demand_aligned,n0_d0_m0,factorial_combination,0.0,0.0,0,1.0,1471,dual_anchor_dynamic,12.292169042157058,0.5740228789043369,0.5740228789043369,0.32465668171269807,0.04669825780427163,1.0,0.0,1.7548663425850282,0.1240289093501246,0.07067712585302778,0.32465668171269807,1,"[[3, 4], [2, 3], [2, 3], [2, 3]]","[true, true, true, true, true]",0,4.0,0,1,1,0.25379566700000566
figure_eight--demand_aligned,figure_eight,demand_aligned,n0_d0_m0,factorial_combination,0.0,0.0,0,1.0,1499,full_trajectory,8.700913993887012,0.4280327254801259,0.4280327254801259,0.31080096439952554,0.04919399568606795,0.8333333333333334,0.0,1.2331125670645522,0.06079013287078995,0.0492981212700654,0.31080096439952554,0,"[[0, 1, 2, 3, 4, 5], [0, 1, 2, 3, 4, 5], [0, 1, 2, 3, 4, 5], [0, 1, 2, 3, 4, 5]]","[true, true, true, true, true]",0,0.0,0,1,1,0.19923533299999718
figure_eight--demand_aligned,figure_eight,demand_aligned,n0_d0_m0,factorial_combination,0.0,0.0,0,1.0,1499,error_peak_dynamic,8.700913993887012,0.6273949797794749,0.6273949797794749,0.33069518401111686,0.07210679018552107,0.8333333333333334,0.0,1.2331125670645522,0.21027363655535966,0.17052266124894017,0.33069518401111686,3,"[[2, 4], [3, 4], [2, 3], [3, 5]]","[true, true, true, true, true]",0,0.0,0,1,1,0.16182483299999717
figure_eight--demand_aligned,figure_eight,demand_aligned,n0_d0_m0,factorial_combination,0.0,0.0,0,1.0,1499,violation_safe,8.700913993887012,0.39744922367373237,0.39744922367373237,0.32739171272828244,0.04567901992284577,0.8333333333333334,0.0,1.2331125670645522,0.23701994448941596,0.19221273938813746,0.32739171272828244,2,"[[2, 4], [3, 4], [2, 3], [2, 3]]","[true, true, true, true, true]",0,4.0,0,1,1,0.15791858299999717
figure_eight--demand_aligned,figure_eight,demand_aligned,n0_d0_m0,factorial_combination,0.0,0.0,0,1.0,1499,dual_anchor_dynamic,8.700913993887012,0.3178405002959387,0.3178405002959387,0.29802311912551455,0.036529553161799254,0.8333333333333334,0.0,1.2331125670645522,0.07673390975054306,0.06222782234164524,0.29802311912551455,2,"[[2, 4], [3, 4], [2, 3], [2, 3]]","[true, true, true, true, true]",0,4.0,0,1,1,0.20535708300000266
figure_eight--demand_conflict,figure_eight,demand_conflict,n0_d0_m0,factorial_combination,0.0,0.0,0,1.0,1423,full_trajectory,5.5267775233405985,0.21585617235287644,0.21585617235287644,0.29165454347818526,0.03905642509423911,1.0,0.0,1.285246630371671,0.04632884573081921,0.03604665800012385,0.29165454347818526,0,"[[0, 1, 2, 3, 4, 5], [0, 1, 2, 3, 4, 5], [0, 1, 2, 3, 4, 5], [0, 1, 2, 3, 4, 5]]","[true, true, true, true, true]",0,0.0,0,1,1,0.20831875000000366
figure_eight--demand_conflict,figure_eight,demand_conflict,n0_d0_m0,factorial_combination,0.0,0.0,0,1.0,1423,error_peak_dynamic,5.5267775233405985,0.25828506236584914,0.25828506236584914,0.2869414955403136,0.0467333923384945,1.0,0.0,1.285246630371671,0.07079842965174864,0.05508548163341612,0.2869414955403136,2,"[[3, 4], [3, 4], [1, 2], [2, 4]]","[true, true, true, true, true]",0,0.0,0,1,1,0.17914049999999548
figure_eight--demand_conflict,figure_eight,demand_conflict,n0_d0_m0,factorial_combination,0.0,0.0,0,1.0,1423,violation_safe,5.5267775233405985,0.324232796550541,0.324232796550541,0.3131192455007733,0.05866579488341013,1.0,0.0,1.285246630371671,0.11493703725668353,0.08942800124163386,0.3131192455007733,3,"[[1, 3], [3, 4], [0, 4], [2, 3]]","[true, true, true, true, true]",0,4.0,0,1,1,0.17598870900000207
figure_eight--demand_conflict,figure_eight,demand_conflict,n0_d0_m0,factorial_combination,0.0,0.0,0,1.0,1423,dual_anchor_dynamic,5.5267775233405985,0.25047979465583314,0.25047979465583314,0.2809405180062091,0.04532112855963731,1.0,0.0,1.285246630371671,0.061427052145345065,0.04779398030989696,0.2809405180062091,2,"[[3, 4], [3, 4], [2, 3], [0, 4]]","[true, true, true, true, true]",0,4.0,0,1,1,0.18943945900000614
figure_eight--demand_conflict,figure_eight,demand_conflict,n0_d0_m0,factorial_combination,0.0,0.0,0,1.0,1451,full_trajectory,8.483953944750867,1.7434543427754003,1.7434543427754003,0.47886632614484653,0.2055002130055289,1.0,0.16666666666666666,2.276688345741528,0.32473638382098013,0.1426354135946578,0.47886632614484653,0,"[[0, 1, 2, 3, 4, 5], [0, 1, 2, 3, 4, 5], [0, 1, 2, 3, 4, 5], [0, 1, 2, 3, 4, 5]]","[true, true, true, true, true]",0,0.0,0,1,1,0.3126685419999973
figure_eight--demand_conflict,figure_eight,demand_conflict,n0_d0_m0,factorial_combination,0.0,0.0,0,1.0,1451,error_peak_dynamic,8.483953944750867,1.7329252253935825,1.7329252253935825,0.46060045435864194,0.2042591504714339,1.0,0.3333333333333333,2.276688345741528,0.4325162732713088,0.1899760562662503,0.46060045435864194,2,"[[2, 4], [3, 4], [3, 4], [2, 4]]","[true, true, true, true, true]",0,0.0,0,1,1,0.28289012500000155
figure_eight--demand_conflict,figure_eight,demand_conflict,n0_d0_m0,factorial_combination,0.0,0.0,0,1.0,1451,violation_safe,8.483953944750867,1.4896443378772715,1.4896443378772715,0.4453226035204937,0.17558373696723492,1.0,0.3333333333333333,2.276688345741528,0.31814668512424454,0.1397409907769448,0.4453226035204937,2,"[[2, 3], [3, 5], [2, 3], [2, 3]]","[true, true, true, true, true]",0,4.0,0,1,1,0.2568671249999994
figure_eight--demand_conflict,figure_eight,demand_conflict,n0_d0_m0,factorial_combination,0.0,0.0,0,1.0,1451,dual_anchor_dynamic,8.483953944750867,1.0579255867568895,1.0579255867568895,0.44113522427929297,0.12469723358310329,1.0,0.3333333333333333,2.276688345741528,0.32992310109113654,0.14491359860836775,0.44113522427929297,2,"[[3, 4], [2, 3], [3, 4], [3, 4]]","[true, true, true, true, true]",0,4.0,0,1,1,0.29755979199999416
figure_eight--demand_conflict,figure_eight,demand_conflict,n0_d0_m0,factorial_combination,0.0,0.0,0,1.0,1471,full_trajectory,6.859013664666254,0.5709508409010322,0.5709508409010322,0.3935353836489594,0.08324095399346512,1.0,0.0,1.7548663425850282,0.09763537032835604,0.055636926846823566,0.3935353836489594,0,"[[0, 1, 2, 3, 4, 5], [0, 1, 2, 3, 4, 5], [0, 1, 2, 3, 4, 5], [0, 1, 2, 3, 4, 5]]","[true, true, true, true, true]",0,0.0,0,1,1,0.20891162499999893
figure_eight--demand_conflict,figure_eight,demand_conflict,n0_d0_m0,factorial_combination,0.0,0.0,0,1.0,1471,error_peak_dynamic,6.859013664666254,0.4786963059256619,0.4786963059256619,0.3762831199176109,0.0697908371857653,1.0,0.0,1.7548663425850282,0.1704016710115648,0.09710236436613882,0.3762831199176109,1,"[[3, 4], [2, 3], [2, 3], [2, 3]]","[true, true, true, true, true]",0,0.0,0,1,1,0.20593662499999965
figure_eight--demand_conflict,figure_eight,demand_conflict,n0_d0_m0,factorial_combination,0.0,0.0,0,1.0,1471,violation_safe,6.859013664666254,0.46575627034449757,0.46575627034449757,0.37185048315845676,0.0679042633700833,1.0,0.0,1.7548663425850282,0.22572382583924758,0.12862736059245528,0.37185048315845676,3,"[[2, 3], [3, 5], [2, 3], [0, 3]]","[true, true, true, true, true]",0,4.0,0,1,1,0.19994091699999927
figure_eight--demand_conflict,figure_eight,demand_conflict,n0_d0_m0,factorial_combination,0.0,0.0,0,1.0,1471,dual_anchor_dynamic,6.859013664666254,0.4751819908237208,0.4751819908237208,0.3743798215436276,0.06927847268647222,1.0,0.0,1.7548663425850282,0.1240289093501246,0.07067712585302778,0.3743798215436276,1,"[[3, 4], [2, 3], [2, 3], [2, 3]]","[true, true, true, true, true]",0,4.0,0,1,1,0.2219740829999992
figure_eight--demand_conflict,figure_eight,demand_conflict,n0_d0_m0,factorial_combination,0.0,0.0,0,1.0,1499,full_trajectory,4.714153393138054,0.3362944278757952,0.3362944278757952,0.3663930607442673,0.07133718397142255,1.0,0.0,1.2331125670645522,0.06079013287078995,0.0492981212700654,0.3663930607442673,0,"[[0, 1, 2, 3, 4, 5], [0, 1, 2, 3, 4, 5], [0, 1, 2, 3, 4, 5], [0, 1, 2, 3, 4, 5]]","[true, true, true, true, true]",0,0.0,0,1,1,0.20098437499999733
figure_eight--demand_conflict,figure_eight,demand_conflict,n0_d0_m0,factorial_combination,0.0,0.0,0,1.0,1499,error_peak_dynamic,4.714153393138054,0.26105592734508504,0.26105592734508504,0.364620390201993,0.05537705406978894,1.0,0.0,1.2331125670645522,0.10222903447598135,0.08290324598616289,0.364620390201993,2,"[[2, 4], [3, 4], [2, 3], [2, 3]]","[true, true, true, true, true]",0,0.0,0,1,1,0.18671737500000063
figure_eight--demand_conflict,figure_eight,demand_conflict,n0_d0_m0,factorial_combination,0.0,0.0,0,1.0,1499,violation_safe,4.714153393138054,0.3348906291051736,0.3348906291051736,0.34951239903182973,0.07103940011639039,1.0,0.0,1.2331125670645522,0.15719325642502044,0.12747681000382793,0.34951239903182973,3,"[[2, 3], [3, 5], [2, 3], [0, 3]]","[true, true, true, true, true]",0,4.0,0,1,1,0.17581320899999753
figure_eight--demand_conflict,figure_eight,demand_conflict,n0_d0_m0,factorial_combination,0.0,0.0,0,1.0,1499,dual_anchor_dynamic,4.714153393138054,0.25527374444664924,0.25527374444664924,0.3480071717846386,0.0541504959974843,1.0,0.0,1.2331125670645522,0.08013476945814868,0.06498576983033351,0.3480071717846386,1,"[[3, 4], [2, 3], [2, 3], [2, 3]]","[true, true, true, true, true]",0,4.0,0,1,1,0.20705674999999957
s_curve--neutral,s_curve,neutral,n0_d0_m0,factorial_combination,0.0,0.0,0,1.0,1423,full_trajectory,2.843784733081959,0.20405558935145013,0.20405558935145013,0.29234044145185134,0.07175493523741663,0.8333333333333334,0.0,0.5348753545371617,0.04058467162761643,0.07587687726374147,0.29234044145185134,0,"[[0, 1, 2, 3, 4, 5], [0, 1, 2, 3, 4, 5], [0, 1, 2, 3, 4, 5], [0, 1, 2, 3, 4, 5]]","[true, true, true, true, true]",0,0.0,0,1,1,0.21128420800000214
s_curve--neutral,s_curve,neutral,n0_d0_m0,factorial_combination,0.0,0.0,0,1.0,1423,error_peak_dynamic,2.843784733081959,0.1612804839744879,0.1612804839744879,0.28473526751584916,0.056713323655725435,0.8333333333333334,0.0,0.5348753545371617,0.07098960143979278,0.13272176561812518,0.28473526751584916,2,"[[2, 3], [2, 4], [2, 4], [1, 2]]","[true, true, true, true, true]",0,0.0,0,1,1,0.19735566599999999
s_curve--neutral,s_curve,neutral,n0_d0_m0,factorial_combination,0.0,0.0,0,1.0,1423,violation_safe,2.843784733081959,0.17334912988141854,0.17334912988141854,0.296867176840747,0.060957191261643416,0.8333333333333334,0.0,0.5348753545371617,0.07268502974835465,0.13589152899230225,0.296867176840747,3,"[[2, 3], [3, 4], [2, 4], [1, 2]]","[true, true, true, true, true]",0,4.0,0,1,1,0.1984802500000029
s_curve--neutral,s_curve,neutral,n0_d0_m0,factorial_combination,0.0,0.0,0,1.0,1423,dual_anchor_dynamic,2.843784733081959,0.1612804839744879,0.1612804839744879,0.28473526751584916,0.056713323655725435,0.8333333333333334,0.0,0.5348753545371617,0.07098960143979278,0.13272176561812518,0.28473526751584916,2,"[[2, 3], [2, 4], [2, 4], [1, 2]]","[true, true, true, true, true]",0,4.0,0,1,1,0.19806075000000334
s_curve--neutral,s_curve,neutral,n0_d0_m0,factorial_combination,0.0,0.0,0,1.0,1451,full_trajectory,6.630915937954644,1.449682293098647,1.449682293098647,0.4453417842489687,0.21862474304655602,1.0,0.3333333333333333,1.0000561667524883,0.3023851307090156,0.30236814767210496,0.4453417842489687,0,"[[0, 1, 2, 3, 4, 5], [0, 1, 2, 3, 4, 5], [0, 1, 2, 3, 4, 5], [0, 1, 2, 3, 4, 5]]","[true, true, true, true, true]",0,0.0,0,1,1,0.2424087919999991
s_curve--neutral,s_curve,neutral,n0_d0_m0,factorial_combination,0.0,0.0,0,1.0,1451,error_peak_dynamic,6.630915937954644,1.1980403267020465,1.1980403267020465,0.4100099315726009,0.18067493810992138,1.0,0.16666666666666666,1.0000561667524883,0.3970219782692992,0.3969996800865298,0.4100099315726009,1,"[[3, 4], [3, 4], [2, 4], [2, 4]]","[true, true, true, true, true]",0,0.0,0,1,1,0.22155275000000074
s_curve--neutral,s_curve,neutral,n0_d0_m0,factorial_combination,0.0,0.0,0,1.0,1451,violation_safe,6.630915937954644,1.238002123329344,1.238002123329344,0.4107632550387936,0.1867015258394627,1.0,0.3333333333333333,1.0000561667524883,0.37745446754919737,0.3774332683482332,0.4107632550387936,2,"[[3, 4], [3, 4], [2, 4], [2, 3]]","[true, true, true, true, true]",0,4.0,0,1,1,0.22343945900000506
s_curve--neutral,s_curve,neutral,n0_d0_m0,factorial_combination,0.0,0.0,0,1.0,1451,dual_anchor_dynamic,6.630915937954644,1.1980403267020465,1.1980403267020465,0.4100099315726009,0.18067493810992138,1.0,0.16666666666666666,1.0000561667524883,0.3970219782692992,0.3969996800865298,0.4100099315726009,1,"[[3, 4], [3, 4], [2, 4], [2, 4]]","[true, true, true, true, true]",0,4.0,0,1,1,0.2231036660000001
s_curve--neutral,s_curve,neutral,n0_d0_m0,factorial_combination,0.0,0.0,0,1.0,1471,full_trajectory,5.029403999753053,0.8560742694666295,0.8560742694666295,0.4075034751069637,0.1702138602324775,0.8333333333333334,0.16666666666666666,0.7746383417464657,0.17075694883704973,0.220434413886703,0.4075034751069637,0,"[[0, 1, 2, 3, 4, 5], [0, 1, 2, 3, 4, 5], [0, 1, 2, 3, 4, 5], [0, 1, 2, 3, 4, 5]]","[true, true, true, true, true]",0,0.0,0,1,1,0.2425995829999934
s_curve--neutral,s_curve,neutral,n0_d0_m0,factorial_combination,0.0,0.0,0,1.0,1471,error_peak_dynamic,5.029403999753053,0.7556320187771068,0.7556320187771068,0.3866413591646549,0.15024285557776007,0.8333333333333334,0.0,0.7746383417464657,0.23703845229387133,0.3059988636238361,0.3866413591646549,2,"[[3, 4], [3, 4], [2, 4], [2, 3]]","[true, true, true, true, true]",0,0.0,0,1,1,0.21491812499999696
s_curve--neutral,s_curve,neutral,n0_d0_m0,factorial_combination,0.0,0.0,0,1.0,1471,violation_safe,5.029403999753053,0.6174832446077347,0.6174832446077347,0.3539777712285189,0.12277463584910928,0.8333333333333334,0.0,0.7746383417464657,0.23459368533826172,0.30284285284582874,0.3539777712285189,2,"[[3, 4], [2, 4], [2, 4], [2, 3]]","[true, true, true, true, true]",0,4.0,0,1,1,0.21558012499999535
s_curve--neutral,s_curve,neutral,n0_d0_m0,factorial_combination,0.0,0.0,0,1.0,1471,dual_anchor_dynamic,5.029403999753053,0.7556320187771068,0.7556320187771068,0.3866413591646549,0.15024285557776007,0.8333333333333334,0.0,0.7746383417464657,0.23703845229387133,0.3059988636238361,0.3866413591646549,2,"[[3, 4], [3, 4], [2, 4], [2, 3]]","[true, true, true, true, true]",0,4.0,0,1,1,0.21793495899999726
s_curve--neutral,s_curve,neutral,n0_d0_m0,factorial_combination,0.0,0.0,0,1.0,1499,full_trajectory,3.4639200112194795,0.47723734131928586,0.47723734131928586,0.38203533633065095,0.1377737764652578,0.6666666666666666,0.0,0.5395615997682425,0.09498107250514175,0.17603378844220735,0.38203533633065095,0,"[[0, 1, 2, 3, 4, 5], [0, 1, 2, 3, 4, 5], [0, 1, 2, 3, 4, 5], [0, 1, 2, 3, 4, 5]]","[true, true, true, true, true]",0,0.0,0,1,1,0.23079074999999705
s_curve--neutral,s_curve,neutral,n0_d0_m0,factorial_combination,0.0,0.0,0,1.0,1499,error_peak_dynamic,3.4639200112194795,0.3450222223346264,0.3450222223346264,0.33474605459334916,0.09960455819335179,0.6666666666666666,0.0,0.5395615997682425,0.1451518723154654,0.2690181665593185,0.33474605459334916,2,"[[3, 4], [2, 4], [2, 4], [2, 3]]","[true, true, true, true, true]",0,0.0,0,1,1,0.20585787499999952
s_curve--neutral,s_curve,neutral,n0_d0_m0,factorial_combination,0.0,0.0,0,1.0,1499,violation_safe,3.4639200112194795,0.3450222223346264,0.3450222223346264,0.33474605459334916,0.09960455819335179,0.6666666666666666,0.0,0.5395615997682425,0.1451518723154654,0.2690181665593185,0.33474605459334916,2,"[[3, 4], [2, 4], [2, 4], [2, 3]]","[true, true, true, true, true]",0,4.0,0,1,1,0.20939466700000509
s_curve--neutral,s_curve,neutral,n0_d0_m0,factorial_combination,0.0,0.0,0,1.0,1499,dual_anchor_dynamic,3.4639200112194795,0.3450222223346264,0.3450222223346264,0.33474605459334916,0.09960455819335179,0.6666666666666666,0.0,0.5395615997682425,0.1451518723154654,0.2690181665593185,0.33474605459334916,2,"[[3, 4], [2, 4], [2, 4], [2, 3]]","[true, true, true, true, true]",0,4.0,0,1,1,0.20820941600000253
s_curve--demand_aligned,s_curve,demand_aligned,n0_d0_m0,factorial_combination,0.0,0.0,0,1.0,1423,full_trajectory,3.2584550260979466,0.3355885586465626,0.3355885586465626,0.350355462682756,0.10299008455195266,0.5,0.0,0.5348753545371617,0.04058467162761643,0.07587687726374147,0.350355462682756,0,"[[0, 1, 2, 3, 4, 5], [0, 1, 2, 3, 4, 5], [0, 1, 2, 3, 4, 5], [0, 1, 2, 3, 4, 5]]","[true, true, true, true, true]",0,0.0,0,1,1,0.2113127499999976
s_curve--demand_aligned,s_curve,demand_aligned,n0_d0_m0,factorial_combination,0.0,0.0,0,1.0,1423,error_peak_dynamic,3.2584550260979466,0.22589766233661146,0.22589766233661146,0.3834072536046113,0.06932661661042706,0.5,0.0,0.5348753545371617,0.17456113307003077,0.32635852743875626,0.3834072536046113,3,"[[2, 3], [2, 4], [1, 4], [2, 4]]","[true, true, true, true, true]",0,0.0,0,1,1,0.1547388749999996
s_curve--demand_aligned,s_curve,demand_aligned,n0_d0_m0,factorial_combination,0.0,0.0,0,1.0,1423,violation_safe,3.2584550260979466,0.23703712561558665,0.23703712561558665,0.37928098201239385,0.07274525003938523,0.5,0.0,0.5348753545371617,0.17451695909338572,0.32627594001671417,0.37928098201239385,2,"[[2, 3], [2, 4], [2, 4], [1, 4]]","[true, true, true, true, true]",0,4.0,0,1,1,0.15753154199999386
s_curve--demand_aligned,s_curve,demand_aligned,n0_d0_m0,factorial_combination,0.0,0.0,0,1.0,1423,dual_anchor_dynamic,3.2584550260979466,0.21299224830051833,0.21299224830051833,0.3113855696605277,0.06536602365065632,0.5,0.0,0.5348753545371617,0.07098960143979278,0.13272176561812518,0.3113855696605277,2,"[[2, 3], [2, 4], [2, 4], [1, 2]]","[true, true, true, true, true]",0,4.0,0,1,1,0.19832516700000014
s_curve--demand_aligned,s_curve,demand_aligned,n0_d0_m0,factorial_combination,0.0,0.0,0,1.0,1451,full_trajectory,8.699162021396699,2.4135851450306154,2.4135851450306154,0.4922338442371,0.27745030372972646,0.8333333333333334,0.3333333333333333,1.0000561667524883,0.3023851307090156,0.30236814767210496,0.4922338442371,0,"[[0, 1, 2, 3, 4, 5], [0, 1, 2, 3, 4, 5], [0, 1, 2, 3, 4, 5], [0, 1, 2, 3, 4, 5]]","[true, true, true, true, true]",0,0.0,0,1,1,0.24391062499999805
s_curve--demand_aligned,s_curve,demand_aligned,n0_d0_m0,factorial_combination,0.0,0.0,0,1.0,1451,error_peak_dynamic,8.699162021396699,1.899788210742866,1.899788210742866,0.46758150577599233,0.21838749595306933,0.8333333333333334,0.5,1.0000561667524883,0.550030550324822,0.549999658630127,0.46758150577599233,2,"[[3, 4], [3, 4], [1, 2], [2, 4]]","[true, true, true, true, true]",0,0.0,0,1,1,0.15656441599999482
s_curve--demand_aligned,s_curve,demand_aligned,n0_d0_m0,factorial_combination,0.0,0.0,0,1.0,1451,violation_safe,8.699162021396699,1.3088938618120438,1.3088938618120438,0.39561791619659886,0.15046206273577298,0.8333333333333334,0.3333333333333333,1.0000561667524883,0.5792547955865411,0.5792222625530846,0.39561791619659886,1,"[[3, 4], [2, 4], [2, 4], [2, 4]]","[true, true, true, true, true]",0,4.0,0,1,1,0.16196016600000007
s_curve--demand_aligned,s_curve,demand_aligned,n0_d0_m0,factorial_combination,0.0,0.0,0,1.0,1451,dual_anchor_dynamic,8.699162021396699,1.6187295198985105,1.6187295198985105,0.41437538935161083,0.18607878734952157,0.8333333333333334,0.3333333333333333,1.0000561667524883,0.39611322045889136,0.3960909733152303,0.41437538935161083,1,"[[3, 4], [2, 4], [2, 4], [2, 4]]","[true, true, true, true, true]",0,4.0,0,1,1,0.2274660420000032
s_curve--demand_aligned,s_curve,demand_aligned,n0_d0_m0,factorial_combination,0.0,0.0,0,1.0,1471,full_trajectory,6.576527938768779,1.4278332402416485,1.4278332402416485,0.4477661884711703,0.21711049561951068,0.6666666666666666,0.16666666666666666,0.7746383417464657,0.17075694883704973,0.220434413886703,0.4477661884711703,0,"[[0, 1, 2, 3, 4, 5], [0, 1, 2, 3, 4, 5], [0, 1, 2, 3, 4, 5], [0, 1, 2, 3, 4, 5]]","[true, true, true, true, true]",0,0.0,0,1,1,0.28737804100000375
s_curve--demand_aligned,s_curve,demand_aligned,n0_d0_m0,factorial_combination,0.0,0.0,0,1.0,1471,error_peak_dynamic,6.576527938768779,0.8922442723139072,0.8922442723139072,0.4014621824157226,0.13567102285905414,0.6666666666666666,0.3333333333333333,0.7746383417464657,0.3850708106586654,0.497097535593838,0.4014621824157226,3,"[[3, 4], [2, 4], [1, 2], [2, 4]]","[true, true, true, true, true]",0,0.0,0,1,1,0.15874041599999344
s_curve--demand_aligned,s_curve,demand_aligned,n0_d0_m0,factorial_combination,0.0,0.0,0,1.0,1471,violation_safe,6.576527938768779,0.8562530964466706,0.8562530964466706,0.3860331506878222,0.13019835153425557,0.6666666666666666,0.16666666666666666,0.7746383417464657,0.3965705477079435,0.5119428336245955,0.3860331506878222,1,"[[3, 4], [2, 4], [2, 4], [2, 4]]","[true, true, true, true, true]",0,4.0,0,1,1,0.16295391700000295
s_curve--demand_aligned,s_curve,demand_aligned,n0_d0_m0,factorial_combination,0.0,0.0,0,1.0,1471,dual_anchor_dynamic,6.576527938768779,1.0056618391318544,1.0056618391318544,0.3897189743249474,0.15291683521991223,0.6666666666666666,0.16666666666666666,0.7746383417464657,0.23459368533826172,0.30284285284582874,0.3897189743249474,2,"[[3, 4], [2, 4], [2, 4], [2, 3]]","[true, true, true, true, true]",0,4.0,0,1,1,0.21538083299999755
s_curve--demand_aligned,s_curve,demand_aligned,n0_d0_m0,factorial_combination,0.0,0.0,0,1.0,1499,full_trajectory,4.535250694393355,0.7959792421784055,0.7959792421784055,0.4162072315523675,0.17550942512669138,0.6666666666666666,0.16666666666666666,0.5395615997682425,0.09498107250514175,0.17603378844220735,0.4162072315523675,0,"[[0, 1, 2, 3, 4, 5], [0, 1, 2, 3, 4, 5], [0, 1, 2, 3, 4, 5], [0, 1, 2, 3, 4, 5]]","[true, true, true, true, true]",0,0.0,0,1,1,0.22961158399999704
s_curve--demand_aligned,s_curve,demand_aligned,n0_d0_m0,factorial_combination,0.0,0.0,0,1.0,1499,error_peak_dynamic,4.535250694393355,0.5261029169992771,0.5261029169992771,0.38964655118263325,0.11600305086765438,0.6666666666666666,0.0,0.5395615997682425,0.25572081673880137,0.473941838797722,0.38964655118263325,3,"[[3, 4], [2, 4], [1, 2], [2, 4]]","[true, true, true, true, true]",0,0.0,0,1,1,0.15767945799999694
s_curve--demand_aligned,s_curve,demand_aligned,n0_d0_m0,factorial_combination,0.0,0.0,0,1.0,1499,violation_safe,4.535250694393355,0.5141483659260038,0.5141483659260038,0.3756135655815645,0.1133671323972483,0.6666666666666666,0.0,0.5395615997682425,0.264156742519245,0.4895766167064299,0.3756135655815645,1,"[[3, 4], [2, 4], [2, 4], [2, 4]]","[true, true, true, true, true]",0,4.0,0,1,1,0.16120395899999806
s_curve--demand_aligned,s_curve,demand_aligned,n0_d0_m0,factorial_combination,0.0,0.0,0,1.0,1499,dual_anchor_dynamic,4.535250694393355,0.5581086684949327,0.5581086684949327,0.369206273448021,0.12306015832485012,0.6666666666666666,0.0,0.5395615997682425,0.1451518723154654,0.2690181665593185,0.369206273448021,2,"[[3, 4], [2, 4], [2, 4], [2, 3]]","[true, true, true, true, true]",0,4.0,0,1,1,0.2083297499999972
s_curve--demand_conflict,s_curve,demand_conflict,n0_d0_m0,factorial_combination,0.0,0.0,0,1.0,1423,full_trajectory,2.4244019106914023,0.1337705734773322,0.1337705734773322,0.2751846924462212,0.0551767315837426,0.8333333333333334,0.0,0.5348753545371617,0.04058467162761643,0.07587687726374147,0.2751846924462212,0,"[[0, 1, 2, 3, 4, 5], [0, 1, 2, 3, 4, 5], [0, 1, 2, 3, 4, 5], [0, 1, 2, 3, 4, 5]]","[true, true, true, true, true]",0,0.0,0,1,1,0.2112544579999991
s_curve--demand_conflict,s_curve,demand_conflict,n0_d0_m0,factorial_combination,0.0,0.0,0,1.0,1423,error_peak_dynamic,2.4244019106914023,0.1423349865460991,0.1423349865460991,0.2869760839319892,0.05870931957214443,0.8333333333333334,0.0,0.5348753545371617,0.09014820568131753,0.1685405859825502,0.2869760839319892,2,"[[2, 3], [2, 4], [2, 4], [1, 2]]","[true, true, true, true, true]",0,0.0,0,1,1,0.16852737499999648
s_curve--demand_conflict,s_curve,demand_conflict,n0_d0_m0,factorial_combination,0.0,0.0,0,1.0,1423,violation_safe,2.4244019106914023,0.20897916740448896,0.20897916740448896,0.3240376146892034,0.08619823573101017,0.8333333333333334,0.0,0.5348753545371617,0.12205671930329236,0.2281965662989099,0.3240376146892034,3,"[[3, 5], [3, 4], [1, 2], [3, 4]]","[true, true, true, true, true]",0,4.0,0,1,1,0.15935575000000313
s_curve--demand_conflict,s_curve,demand_conflict,n0_d0_m0,factorial_combination,0.0,0.0,0,1.0,1423,dual_anchor_dynamic,2.4244019106914023,0.1203890070962429,0.1203890070962429,0.2696200179773732,0.04965719857146532,0.8333333333333334,0.0,0.5348753545371617,0.0716309438646251,0.13392081586299442,0.2696200179773732,3,"[[2, 3], [2, 4], [1, 4], [0, 2]]","[true, true, true, true, true]",0,4.0,0,1,1,0.20392262499999703
s_curve--demand_conflict,s_curve,demand_conflict,n0_d0_m0,factorial_combination,0.0,0.0,0,1.0,1451,full_trajectory,4.679254006930753,0.8039481201759454,0.8039481201759454,0.4184012361803058,0.17181117310262803,1.0,0.16666666666666666,1.0000561667524883,0.3023851307090156,0.30236814767210496,0.4184012361803058,0,"[[0, 1, 2, 3, 4, 5], [0, 1, 2, 3, 4, 5], [0, 1, 2, 3, 4, 5], [0, 1, 2, 3, 4, 5]]","[true, true, true, true, true]",0,0.0,0,1,1,0.243749207999997
s_curve--demand_conflict,s_curve,demand_conflict,n0_d0_m0,factorial_combination,0.0,0.0,0,1.0,1451,error_peak_dynamic,4.679254006930753,0.7291393203341201,0.7291393203341201,0.3877361715540077,0.15582383842683975,1.0,0.0,1.0000561667524883,0.4246899783397633,0.42466612622256156,0.3877361715540077,2,"[[3, 4], [3, 4], [2, 4], [2, 3]]","[true, true, true, true, true]",0,0.0,0,1,1,0.20587054199999955
s_curve--demand_conflict,s_curve,demand_conflict,n0_d0_m0,factorial_combination,0.0,0.0,0,1.0,1451,violation_safe,4.679254006930753,0.7115921890764003,0.7115921890764003,0.387298304987584,0.15207385365753046,1.0,0.0,1.0000561667524883,0.44457004665460337,0.4445450780012374,0.387298304987584,2,"[[3, 4], [3, 4], [2, 3], [2, 4]]","[true, true, true, true, true]",0,4.0,0,1,1,0.21132691700000095
s_curve--demand_conflict,s_curve,demand_conflict,n0_d0_m0,factorial_combination,0.0,0.0,0,1.0,1451,dual_anchor_dynamic,4.679254006930753,0.7008994096833152,0.7008994096833152,0.38328461469239505,0.14978870748310877,1.0,0.0,1.0000561667524883,0.37745446754919737,0.3774332683482332,0.38328461469239505,2,"[[3, 4], [3, 4], [2, 4], [2, 3]]","[true, true, true, true, true]",0,4.0,0,1,1,0.22129712499999954
s_curve--demand_conflict,s_curve,demand_conflict,n0_d0_m0,factorial_combination,0.0,0.0,0,1.0,1471,full_trajectory,3.576887275564574,0.47309040687929915,0.47309040687929915,0.3843016521815265,0.13226315800087013,1.0,0.0,0.7746383417464657,0.17075694883704973,0.220434413886703,0.3843016521815265,0,"[[0, 1, 2, 3, 4, 5], [0, 1, 2, 3, 4, 5], [0, 1, 2, 3, 4, 5], [0, 1, 2, 3, 4, 5]]","[true, true, true, true, true]",0,0.0,0,1,1,0.24261654199999327
s_curve--demand_conflict,s_curve,demand_conflict,n0_d0_m0,factorial_combination,0.0,0.0,0,1.0,1471,error_peak_dynamic,3.576887275564574,0.4235370292027423,0.4235370292027423,0.36317391774985636,0.11840938687001015,1.0,0.0,0.7746383417464657,0.26613634515576184,0.3435620609170242,0.36317391774985636,2,"[[3, 4], [2, 4], [2, 4], [2, 3]]","[true, true, true, true, true]",0,0.0,0,1,1,0.2054429579999919
s_curve--demand_conflict,s_curve,demand_conflict,n0_d0_m0,factorial_combination,0.0,0.0,0,1.0,1471,violation_safe,3.576887275564574,0.4485677136959011,0.4485677136959011,0.3705436632071617,0.12540728268410398,1.0,0.0,0.7746383417464657,0.2897818995724226,0.3740866982120883,0.3705436632071617,2,"[[3, 4], [3, 4], [2, 3], [2, 4]]","[true, true, true, true, true]",0,4.0,0,1,1,0.21184041600000114
s_curve--demand_conflict,s_curve,demand_conflict,n0_d0_m0,factorial_combination,0.0,0.0,0,1.0,1471,dual_anchor_dynamic,3.576887275564574,0.43385444544487095,0.43385444544487095,0.3610879770548071,0.12129385469000882,1.0,0.0,0.7746383417464657,0.23703845229387133,0.3059988636238361,0.3610879770548071,2,"[[3, 4], [3, 4], [2, 4], [2, 3]]","[true, true, true, true, true]",0,4.0,0,1,1,0.22311775000000011
s_curve--demand_conflict,s_curve,demand_conflict,n0_d0_m0,factorial_combination,0.0,0.0,0,1.0,1499,full_trajectory,2.459119502535183,0.26336530423555954,0.26336530423555954,0.3630766198824216,0.10709739968474408,0.8333333333333334,0.0,0.5395615997682425,0.09498107250514175,0.17603378844220735,0.3630766198824216,0,"[[0, 1, 2, 3, 4, 5], [0, 1, 2, 3, 4, 5], [0, 1, 2, 3, 4, 5], [0, 1, 2, 3, 4, 5]]","[true, true, true, true, true]",0,0.0,0,1,1,0.23594170799999858
s_curve--demand_conflict,s_curve,demand_conflict,n0_d0_m0,factorial_combination,0.0,0.0,0,1.0,1499,error_peak_dynamic,2.459119502535183,0.25298950105033596,0.25298950105033596,0.34486518833633417,0.10287808330970544,0.8333333333333334,0.0,0.5395615997682425,0.1693718339722097,0.31390639001174264,0.34486518833633417,2,"[[3, 4], [2, 4], [2, 4], [2, 3]]","[true, true, true, true, true]",0,0.0,0,1,1,0.18959504200000765
s_curve--demand_conflict,s_curve,demand_conflict,n0_d0_m0,factorial_combination,0.0,0.0,0,1.0,1499,violation_safe,2.459119502535183,0.26576110489035765,0.26576110489035765,0.35727454775627626,0.1080716510996624,0.8333333333333334,0.0,0.5395615997682425,0.18566225482820656,0.34409834745088225,0.35727454775627626,2,"[[3, 4], [3, 4], [2, 3], [2, 4]]","[true, true, true, true, true]",0,4.0,0,1,1,0.1881599590000036
s_curve--demand_conflict,s_curve,demand_conflict,n0_d0_m0,factorial_combination,0.0,0.0,0,1.0,1499,dual_anchor_dynamic,2.459119502535183,0.25193806962276827,0.25193806962276827,0.3449249716491697,0.10245051912403502,0.8333333333333334,0.0,0.5395615997682425,0.14733859689544526,0.27307094678111177,0.3449249716491697,2,"[[3, 4], [3, 4], [2, 4], [2, 3]]","[true, true, true, true, true]",0,4.0,0,1,1,0.207289583000005
harmonic_loop--neutral,harmonic_loop,neutral,n1_d0_m0,factorial_combination,1.0,0.05,0,1.0,1423,full_trajectory,4.710316258978062,0.47912313530389417,0.47912313530389417,0.33768379589409664,0.10171782720335715,0.8333333333333334,0.0,0.7665123140683135,0.08385405624964601,0.10939688079449787,0.34784666300921185,0,"[[0, 1, 2, 3, 4, 5], [0, 1, 2, 3, 4, 5], [0, 1, 2, 3, 4, 5], [0, 1, 2, 3, 4, 5]]","[true, true, true, true, true]",0,0.0,0,1,1,0.2577652499999914
harmonic_loop--neutral,harmonic_loop,neutral,n1_d0_m0,factorial_combination,1.0,0.05,0,1.0,1423,error_peak_dynamic,4.710316258978062,0.44859618236745097,0.44859618236745097,0.31872290542235177,0.09523695601381493,0.8333333333333334,0.0,0.7665123140683135,0.10201214684239314,0.13308611612637647,0.3324779601456985,3,"[[2, 4], [1, 2], [3, 4], [1, 2]]","[true, true, true, true, true]",0,0.0,0,1,1,0.229173166999999
harmonic_loop--neutral,harmonic_loop,neutral,n1_d0_m0,factorial_combination,1.0,0.05,0,1.0,1423,violation_safe,4.710316258978062,0.44859618236745097,0.44859618236745097,0.31872290542235177,0.09523695601381493,0.8333333333333334,0.0,0.7665123140683135,0.10201214684239314,0.13308611612637647,0.3324779601456985,3,"[[2, 4], [1, 2], [3, 4], [1, 2]]","[true, true, true, true, true]",0,4.0,0,1,1,0.22612049999999329
harmonic_loop--neutral,harmonic_loop,neutral,n1_d0_m0,factorial_combination,1.0,0.05,0,1.0,1423,dual_anchor_dynamic,4.710316258978062,0.44859618236745097,0.44859618236745097,0.31872290542235177,0.09523695601381493,0.8333333333333334,0.0,0.7665123140683135,0.10201214684239314,0.13308611612637647,0.3324779601456985,3,"[[2, 4], [1, 2], [3, 4], [1, 2]]","[true, true, true, true, true]",0,4.0,0,1,1,0.22685566600000584
harmonic_loop--neutral,harmonic_loop,neutral,n1_d0_m0,factorial_combination,1.0,0.05,0,1.0,1451,full_trajectory,9.395963790466944,2.606262960049655,2.606262960049655,0.480281732112475,0.27738112003943066,0.6666666666666666,0.6666666666666666,1.3020339855064909,0.5182021689787003,0.39799434941563355,0.4805147638669128,0,"[[0, 1, 2, 3, 4, 5], [0, 1, 2, 3, 4, 5], [0, 1, 2, 3, 4, 5], [0, 1, 2, 3, 4, 5]]","[true, true, true, true, true]",0,0.0,0,1,1,0.2970198750000037
harmonic_loop--neutral,harmonic_loop,neutral,n1_d0_m0,factorial_combination,1.0,0.05,0,1.0,1451,error_peak_dynamic,9.395963790466944,2.38622085424192,2.38622085424192,0.39832478214383105,0.2539623297253399,0.6666666666666666,0.6666666666666666,1.3020339855064909,0.519464626515463,0.3989639535510215,0.3980968004594324,2,"[[2, 3], [3, 4], [3, 4], [1, 4]]","[true, true, true, true, true]",0,0.0,0,1,1,0.26497975000000906
harmonic_loop--neutral,harmonic_loop,neutral,n1_d0_m0,factorial_combination,1.0,0.05,0,1.0,1451,violation_safe,9.395963790466944,2.2506938788634487,2.4773493633788592,0.40261935270168725,0.23953837297106037,0.6666666666666666,0.6666666666666666,1.3020339855064909,0.6393630757726504,0.4910494525409322,0.4035729048898822,3,"[[3, 4], [1, 3], [3, 4], [1, 4]]","[true, true, true, true, false]",1,2.0,0,1,1,0.2638022909999904
harmonic_loop--neutral,harmonic_loop,neutral,n1_d0_m0,factorial_combination,1.0,0.05,0,1.0,1451,dual_anchor_dynamic,9.395963790466944,2.146467352928943,2.38622085424192,0.39832478214383105,0.22844568165606688,0.6666666666666666,0.6666666666666666,1.3020339855064909,0.6341413182872017,0.4870389907990926,0.3980968004594324,2,"[[2, 3], [3, 4], [3, 4], [1, 4]]","[true, true, true, true, false]",1,2.0,0,1,1,0.2681440830000099
harmonic_loop--neutral,harmonic_loop,neutral,n1_d0_m0,factorial_combination,1.0,0.05,0,1.0,1471,full_trajectory,7.043666315234938,1.4773186429919871,1.4773186429919871,0.4463770260750286,0.2097371705125574,0.6666666666666666,0.5,0.9866487789881984,0.2906227886438649,0.294555463740498,0.45632616393790404,0,"[[0, 1, 2, 3, 4, 5], [0, 1, 2, 3, 4, 5], [0, 1, 2, 3, 4, 5], [0, 1, 2, 3, 4, 5]]","[true, true, true, true, true]",0,0.0,0,1,1,0.27537624999999366
harmonic_loop--neutral,harmonic_loop,neutral,n1_d0_m0,factorial_combination,1.0,0.05,0,1.0,1471,error_peak_dynamic,7.043666315234938,1.405327744690947,1.405327744690947,0.38494658420620637,0.19951651338896126,0.6666666666666666,0.5,0.9866487789881984,0.3209787368165957,0.32532218521139533,0.39345602827365717,3,"[[1, 3], [3, 4], [1, 3], [1, 4]]","[true, true, true, true, true]",0,0.0,0,1,1,0.23236395899999707
harmonic_loop--neutral,harmonic_loop,neutral,n1_d0_m0,factorial_combination,1.0,0.05,0,1.0,1471,violation_safe,7.043666315234938,1.405327744690947,1.405327744690947,0.38494658420620637,0.19951651338896126,0.6666666666666666,0.5,0.9866487789881984,0.3209787368165957,0.32532218521139533,0.39345602827365717,3,"[[1, 3], [3, 4], [1, 3], [1, 4]]","[true, true, true, true, true]",0,4.0,0,1,1,0.23391808300000605
harmonic_loop--neutral,harmonic_loop,neutral,n1_d0_m0,factorial_combination,1.0,0.05,0,1.0,1471,dual_anchor_dynamic,7.043666315234938,1.405327744690947,1.405327744690947,0.38494658420620637,0.19951651338896126,0.6666666666666666,0.5,0.9866487789881984,0.3209787368165957,0.32532218521139533,0.39345602827365717,3,"[[1, 3], [3, 4], [1, 3], [1, 4]]","[true, true, true, true, true]",0,4.0,0,1,1,0.23451666700000828
harmonic_loop--neutral,harmonic_loop,neutral,n1_d0_m0,factorial_combination,1.0,0.05,0,1.0,1499,full_trajectory,4.958355541576177,0.904846001268004,0.904846001268004,0.42613202443634135,0.18248913247160345,0.6666666666666666,0.16666666666666666,0.703876222136105,0.16841357384890648,0.23926589441792678,0.4311331214264721,0,"[[0, 1, 2, 3, 4, 5], [0, 1, 2, 3, 4, 5], [0, 1, 2, 3, 4, 5], [0, 1, 2, 3, 4, 5]]","[true, true, true, true, true]",0,0.0,0,1,1,0.25689983300000563
harmonic_loop--neutral,harmonic_loop,neutral,n1_d0_m0,factorial_combination,1.0,0.05,0,1.0,1499,error_peak_dynamic,4.958355541576177,0.8561123942648659,0.8561123942648659,0.3601306149233526,0.17266054987108131,0.6666666666666666,0.16666666666666666,0.703876222136105,0.19727538989923682,0.2802700015928236,0.365048321153604,3,"[[2, 3], [3, 4], [1, 3], [1, 4]]","[true, true, true, true, true]",0,0.0,0,1,1,0.2264904160000043
harmonic_loop--neutral,harmonic_loop,neutral,n1_d0_m0,factorial_combination,1.0,0.05,0,1.0,1499,violation_safe,4.958355541576177,0.8060323773499911,0.8060323773499911,0.35774828546028425,0.16256042363064735,0.6666666666666666,0.0,0.703876222136105,0.21291348972838428,0.30248711780920806,0.36312171695370354,3,"[[3, 4], [1, 3], [3, 4], [1, 3]]","[true, true, true, true, true]",0,4.0,0,1,1,0.22674054099999807
harmonic_loop--neutral,harmonic_loop,neutral,n1_d0_m0,factorial_combination,1.0,0.05,0,1.0,1499,dual_anchor_dynamic,4.958355541576177,0.8561123942648659,0.8561123942648659,0.3601306149233526,0.17266054987108131,0.6666666666666666,0.16666666666666666,0.703876222136105,0.19727538989923682,0.2802700015928236,0.365048321153604,3,"[[2, 3], [3, 4], [1, 3], [1, 4]]","[true, true, true, true, true]",0,4.0,0,1,1,0.22877933399999506
harmonic_loop--demand_aligned,harmonic_loop,demand_aligned,n1_d0_m0,factorial_combination,1.0,0.05,0,1.0,1423,full_trajectory,6.164391673450085,0.6081699524315958,0.6081699524315958,0.3336844698422846,0.09865855134594577,0.8333333333333334,0.0,0.7665123140683135,0.08233825193372718,0.1074193465943314,0.33468480886805974,0,"[[0, 1, 2, 3, 4, 5], [0, 1, 2, 3, 4, 5], [0, 1, 2, 3, 4, 5], [0, 1, 2, 3, 4, 5]]","[true, true, true, true, true]",0,0.0,0,1,1,0.25135633399999335
harmonic_loop--demand_aligned,harmonic_loop,demand_aligned,n1_d0_m0,factorial_combination,1.0,0.05,0,1.0,1423,error_peak_dynamic,6.164391673450085,0.7500063549013809,0.7500063549013809,0.4060533108967098,0.1216675374687244,0.8333333333333334,0.0,0.7665123140683135,0.2011649011066762,0.26244183872139054,0.4097670815932421,3,"[[2, 4], [1, 3], [2, 4], [1, 3]]","[true, true, true, true, true]",0,0.0,0,1,1,0.16162450000000206
harmonic_loop--demand_aligned,harmonic_loop,demand_aligned,n1_d0_m0,factorial_combination,1.0,0.05,0,1.0,1423,violation_safe,6.164391673450085,1.0212937152976798,1.2202941514059753,0.3744385346269419,0.165676318021188,0.8333333333333334,0.3333333333333333,0.7665123140683135,0.24382585733623074,0.31809776941757045,0.3845196359991057,3,"[[2, 3], [1, 2], [3, 4], [1, 2]]","[true, true, true, true, false]",1,2.0,0,1,1,0.1737131669999883
harmonic_loop--demand_aligned,harmonic_loop,demand_aligned,n1_d0_m0,factorial_combination,1.0,0.05,0,1.0,1423,dual_anchor_dynamic,6.164391673450085,0.588288431467872,0.588288431467872,0.3260399235100869,0.09543333107816929,0.8333333333333334,0.0,0.7665123140683135,0.10343583017809527,0.13494346833008192,0.336757906035465,3,"[[2, 4], [1, 2], [3, 4], [1, 4]]","[true, true, true, true, true]",0,4.0,0,1,1,0.2205031660000003
harmonic_loop--demand_aligned,harmonic_loop,demand_aligned,n1_d0_m0,factorial_combination,1.0,0.05,0,1.0,1451,full_trajectory,15.937471249277458,4.061973920783118,4.061973920783118,0.4646844562863863,0.2548694116682577,0.6666666666666666,0.6666666666666666,1.3020339855064909,0.5179120293086158,0.3977715137037288,0.4642833927489257,0,"[[0, 1, 2, 3, 4, 5], [0, 1, 2, 3, 4, 5], [0, 1, 2, 3, 4, 5], [0, 1, 2, 3, 4, 5]]","[true, true, true, true, true]",0,0.0,0,1,1,0.28968266599999026
harmonic_loop--demand_aligned,harmonic_loop,demand_aligned,n1_d0_m0,factorial_combination,1.0,0.05,0,1.0,1451,error_peak_dynamic,15.937471249277458,2.8219879899794655,2.8219879899794655,0.4025292680401937,0.17706623251837417,0.6666666666666666,0.6666666666666666,1.3020339855064909,0.7095552850869852,0.5449591124236042,0.4021119063919195,3,"[[1, 3], [3, 4], [1, 2], [3, 4]]","[true, true, true, true, true]",0,0.0,0,1,1,0.18045458400000314
harmonic_loop--demand_aligned,harmonic_loop,demand_aligned,n1_d0_m0,factorial_combination,1.0,0.05,0,1.0,1451,violation_safe,15.937471249277458,2.5653671015582935,2.5653671015582935,0.3655333644795636,0.16096450066848572,0.6666666666666666,0.6666666666666666,1.3020339855064909,0.7185608105067182,0.551875618075513,0.36475581144199504,2,"[[2, 3], [1, 3], [3, 4], [3, 4]]","[true, true, true, true, true]",0,4.0,0,1,1,0.19705316700000708
harmonic_loop--demand_aligned,harmonic_loop,demand_aligned,n1_d0_m0,factorial_combination,1.0,0.05,0,1.0,1451,dual_anchor_dynamic,15.937471249277458,2.623102117428777,2.623102117428777,0.3756694946754875,0.16458709643461777,0.6666666666666666,0.6666666666666666,1.3020339855064909,0.5873288559963245,0.45108565715959686,0.3750018680905271,3,"[[1, 3], [3, 4], [1, 3], [3, 4]]","[true, true, true, true, true]",0,4.0,0,1,1,0.2522209170000025
harmonic_loop--demand_aligned,harmonic_loop,demand_aligned,n1_d0_m0,factorial_combination,1.0,0.05,0,1.0,1471,full_trajectory,11.947882776644256,2.3045867969889526,2.3045867969889526,0.43303654741182934,0.19288662603000786,0.6666666666666666,0.5,0.9866487789881984,0.2897152628195729,0.29363565737817454,0.4341880604420926,0,"[[0, 1, 2, 3, 4, 5], [0, 1, 2, 3, 4, 5], [0, 1, 2, 3, 4, 5], [0, 1, 2, 3, 4, 5]]","[true, true, true, true, true]",0,0.0,0,1,1,0.27780766600000106
harmonic_loop--demand_aligned,harmonic_loop,demand_aligned,n1_d0_m0,factorial_combination,1.0,0.05,0,1.0,1471,error_peak_dynamic,11.947882776644256,2.185002259781385,2.185002259781385,0.3500434536560123,0.18287777848412035,0.6666666666666666,0.3333333333333333,0.9866487789881984,0.4637734260495203,0.47004915622063287,0.35140131753773496,3,"[[2, 3], [1, 3], [3, 4], [2, 4]]","[true, true, true, true, true]",0,0.0,0,1,1,0.17356308300000478
harmonic_loop--demand_aligned,harmonic_loop,demand_aligned,n1_d0_m0,factorial_combination,1.0,0.05,0,1.0,1471,violation_safe,11.947882776644256,1.7646490352998063,1.6937913537740403,0.34490435375029965,0.147695543075577,0.6666666666666666,0.6666666666666666,0.9866487789881984,0.5419150780233534,0.5492482122960549,0.34573025905792426,3,"[[2, 3], [1, 3], [3, 4], [2, 3]]","[true, true, true, true, false]",1,2.0,0,1,1,0.1675372499999952
harmonic_loop--demand_aligned,harmonic_loop,demand_aligned,n1_d0_m0,factorial_combination,1.0,0.05,0,1.0,1471,dual_anchor_dynamic,11.947882776644256,1.4221781885292817,1.4221781885292817,0.34387738577642396,0.11903181635740169,0.6666666666666666,0.6666666666666666,0.9866487789881984,0.3499375120824218,0.3546728273877563,0.3453664075423437,3,"[[2, 3], [3, 4], [1, 3], [3, 4]]","[true, true, true, true, true]",0,4.0,0,1,1,0.23652874999999085
harmonic_loop--demand_aligned,harmonic_loop,demand_aligned,n1_d0_m0,factorial_combination,1.0,0.05,0,1.0,1499,full_trajectory,8.400798781677349,1.4262866509365841,1.4262866509365841,0.41556714023047303,0.16977988498515187,0.6666666666666666,0.16666666666666666,0.703876222136105,0.16568590547142842,0.23539068412995853,0.4165134002518255,0,"[[0, 1, 2, 3, 4, 5], [0, 1, 2, 3, 4, 5], [0, 1, 2, 3, 4, 5], [0, 1, 2, 3, 4, 5]]","[true, true, true, true, true]",0,0.0,0,1,1,0.2553396670000012
harmonic_loop--demand_aligned,harmonic_loop,demand_aligned,n1_d0_m0,factorial_combination,1.0,0.05,0,1.0,1499,error_peak_dynamic,8.400798781677349,1.258506232416134,1.258506232416134,0.36586929768910165,0.149807924832221,0.6666666666666666,0.5,0.703876222136105,0.30612791783116683,0.4349172598871686,0.36804475809489373,3,"[[1, 3], [3, 4], [1, 2], [3, 4]]","[true, true, true, true, true]",0,0.0,0,1,1,0.16112074999999493
harmonic_loop--demand_aligned,harmonic_loop,demand_aligned,n1_d0_m0,factorial_combination,1.0,0.05,0,1.0,1499,violation_safe,8.400798781677349,1.033144310032811,1.033144310032811,0.33107921534801454,0.12298167553854063,0.6666666666666666,0.3333333333333333,0.703876222136105,0.3169260472714412,0.4502582091914433,0.3373324663745955,3,"[[2, 3], [1, 3], [3, 4], [2, 3]]","[true, true, true, true, true]",0,4.0,0,1,1,0.16391287499999407
harmonic_loop--demand_aligned,harmonic_loop,demand_aligned,n1_d0_m0,factorial_combination,1.0,0.05,0,1.0,1499,dual_anchor_dynamic,8.400798781677349,0.8753484204443994,0.8753484204443994,0.3314959398684095,0.10419823676215022,0.6666666666666666,0.16666666666666666,0.703876222136105,0.20972008872461473,0.29795023916017754,0.33763692051790734,3,"[[1, 3], [3, 4], [2, 3], [3, 4]]","[true, true, true, true, true]",0,4.0,0,1,1,0.2318475839999934
harmonic_loop--demand_conflict,harmonic_loop,demand_conflict,n1_d0_m0,factorial_combination,1.0,0.05,0,1.0,1423,full_trajectory,3.360254340688651,0.34272035157544606,0.34272035157544606,0.35257947179880844,0.10199238415542346,0.8333333333333334,0.0,0.7665123140683135,0.08019826337785903,0.1046274950916334,0.38053670954394897,0,"[[0, 1, 2, 3, 4, 5], [0, 1, 2, 3, 4, 5], [0, 1, 2, 3, 4, 5], [0, 1, 2, 3, 4, 5]]","[true, true, true, true, true]",0,0.0,0,1,1,0.24981966700001124
harmonic_loop--demand_conflict,harmonic_loop,demand_conflict,n1_d0_m0,factorial_combination,1.0,0.05,0,1.0,1423,error_peak_dynamic,3.360254340688651,0.6455810135848492,0.6455810135848492,0.3829785203147928,0.19212266338521974,0.8333333333333334,0.0,0.7665123140683135,0.14080328236528622,0.18369343816273964,0.404700588698451,3,"[[2, 4], [1, 2], [3, 4], [2, 4]]","[true, true, true, true, true]",0,0.0,0,1,1,0.1936133749999982
harmonic_loop--demand_conflict,harmonic_loop,demand_conflict,n1_d0_m0,factorial_combination,1.0,0.05,0,1.0,1423,violation_safe,3.360254340688651,0.3751181272123786,0.3751181272123786,0.37471588600567163,0.11163384945899715,0.8333333333333334,0.0,0.7665123140683135,0.14495919580124014,0.18911528639619613,0.3951975930298022,3,"[[2, 4], [1, 4], [2, 3], [1, 4]]","[true, true, true, true, true]",0,4.0,0,1,1,0.1969085839999991
harmonic_loop--demand_conflict,harmonic_loop,demand_conflict,n1_d0_m0,factorial_combination,1.0,0.05,0,1.0,1423,dual_anchor_dynamic,3.360254340688651,0.38466918813873385,0.38466918813873385,0.35672225960722515,0.11447621195837804,0.8333333333333334,0.0,0.7665123140683135,0.0980238813498922,0.12788298315734045,0.38240186096660334,2,"[[2, 4], [2, 4], [1, 2], [3, 4]]","[true, true, true, true, true]",0,4.0,0,1,1,0.2220889580000005
harmonic_loop--demand_conflict,harmonic_loop,demand_conflict,n1_d0_m0,factorial_combination,1.0,0.05,0,1.0,1451,full_trajectory,5.084097566443321,2.4161770193223244,2.4161770193223244,0.6077643252990002,0.47524206365941324,0.8333333333333334,0.5,1.3020339855064909,0.5173248259812475,0.3973205244562094,0.6151942822271625,0,"[[0, 1, 2, 3, 4, 5], [0, 1, 2, 3, 4, 5], [0, 1, 2, 3, 4, 5], [0, 1, 2, 3, 4, 5]]","[true, true, true, true, true]",0,0.0,0,1,1,0.29116087500000276
harmonic_loop--demand_conflict,harmonic_loop,demand_conflict,n1_d0_m0,factorial_combination,1.0,0.05,0,1.0,1451,error_peak_dynamic,5.084097566443321,1.742849770923988,1.742849770923988,0.5227838540654396,0.3428041551419778,0.8333333333333334,0.6666666666666666,1.3020339855064909,0.660652346952192,0.5074002324871716,0.5298392333988741,3,"[[1, 3], [3, 4], [1, 3], [3, 4]]","[true, true, true, true, true]",0,0.0,0,1,1,0.2300167499999901
harmonic_loop--demand_conflict,harmonic_loop,demand_conflict,n1_d0_m0,factorial_combination,1.0,0.05,0,1.0,1451,violation_safe,5.084097566443321,1.597807299132391,1.597807299132391,0.5008362600135767,0.3142754988964872,0.8333333333333334,0.6666666666666666,1.3020339855064909,0.6753575581075117,0.5186942626883874,0.5031783076193064,3,"[[3, 4], [1, 3], [1, 4], [3, 4]]","[true, true, true, true, true]",0,4.0,0,1,1,0.224872916999999
harmonic_loop--demand_conflict,harmonic_loop,demand_conflict,n1_d0_m0,factorial_combination,1.0,0.05,0,1.0,1451,dual_anchor_dynamic,5.084097566443321,1.7582660556332081,1.7582660556332081,0.5161195145670117,0.34583641101585655,0.8333333333333334,0.6666666666666666,1.3020339855064909,0.5655778794925308,0.43438027408518154,0.5253889181844413,3,"[[1, 3], [3, 4], [1, 4], [3, 4]]","[true, true, true, true, true]",0,4.0,0,1,1,0.25979762499999026
harmonic_loop--demand_conflict,harmonic_loop,demand_conflict,n1_d0_m0,factorial_combination,1.0,0.05,0,1.0,1471,full_trajectory,3.8167368118129703,1.3179253142097935,1.3179253142097935,0.5304326874449949,0.3453015964136579,0.8333333333333334,0.3333333333333333,0.9866487789881984,0.2902141983253569,0.294141344423463,0.5295755214499918,0,"[[0, 1, 2, 3, 4, 5], [0, 1, 2, 3, 4, 5], [0, 1, 2, 3, 4, 5], [0, 1, 2, 3, 4, 5]]","[true, true, true, true, true]",0,0.0,0,1,1,0.2726035419999988
harmonic_loop--demand_conflict,harmonic_loop,demand_conflict,n1_d0_m0,factorial_combination,1.0,0.05,0,1.0,1471,error_peak_dynamic,3.8167368118129703,1.0809662525364991,1.0809662525364991,0.47578094526744646,0.2832173937670684,0.8333333333333334,0.3333333333333333,0.9866487789881984,0.42374963870984617,0.4294837714636393,0.47761241971137636,3,"[[1, 3], [3, 4], [1, 3], [3, 4]]","[true, true, true, true, true]",0,0.0,0,1,1,0.24165387499999724
harmonic_loop--demand_conflict,harmonic_loop,demand_conflict,n1_d0_m0,factorial_combination,1.0,0.05,0,1.0,1471,violation_safe,3.8167368118129703,1.3225198340521696,1.3725271028795667,0.477991761122304,0.34650537861529035,0.8333333333333334,0.5,0.9866487789881984,0.4788608534994541,0.485340745052685,0.4813187992997663,3,"[[3, 4], [1, 3], [1, 4], [1, 3]]","[true, true, true, true, false]",1,2.0,0,1,1,0.2164774160000036
harmonic_loop--demand_conflict,harmonic_loop,demand_conflict,n1_d0_m0,factorial_combination,1.0,0.05,0,1.0,1471,dual_anchor_dynamic,3.8167368118129703,1.0261737269553888,1.0261737269553888,0.4609247822748541,0.26886153736860646,0.8333333333333334,0.3333333333333333,0.9866487789881984,0.3234833307610579,0.32786067104120664,0.4652219893097498,2,"[[1, 3], [3, 4], [3, 4], [1, 4]]","[true, true, true, true, true]",0,4.0,0,1,1,0.22949224999999274
harmonic_loop--demand_conflict,harmonic_loop,demand_conflict,n1_d0_m0,factorial_combination,1.0,0.05,0,1.0,1499,full_trajectory,2.693459092447985,0.7161475804971957,0.7161475804971957,0.48071166622558154,0.26588396404651377,0.5,0.0,0.703876222136105,0.16847680488864236,0.23935572703017782,0.490002280819802,0,"[[0, 1, 2, 3, 4, 5], [0, 1, 2, 3, 4, 5], [0, 1, 2, 3, 4, 5], [0, 1, 2, 3, 4, 5]]","[true, true, true, true, true]",0,0.0,0,1,1,0.2535437089999988
harmonic_loop--demand_conflict,harmonic_loop,demand_conflict,n1_d0_m0,factorial_combination,1.0,0.05,0,1.0,1499,error_peak_dynamic,2.693459092447985,0.5993723271144193,0.5993723271144193,0.44437658972040356,0.2225288398828705,0.5,0.0,0.703876222136105,0.2728943535573251,0.38770219106017323,0.4574435977248763,3,"[[1, 3], [3, 4], [1, 3], [3, 4]]","[true, true, true, true, true]",0,0.0,0,1,1,0.21265858299999252
harmonic_loop--demand_conflict,harmonic_loop,demand_conflict,n1_d0_m0,factorial_combination,1.0,0.05,0,1.0,1499,violation_safe,2.693459092447985,0.8369414184640229,0.8087839951781408,0.45368950935446806,0.31073106727726757,0.5,0.16666666666666666,0.703876222136105,0.3128557990350912,0.44447558987806784,0.4643425220808416,3,"[[3, 4], [1, 3], [1, 4], [1, 3]]","[true, true, true, true, false]",1,2.0,0,1,1,0.21445416699999953
harmonic_loop--demand_conflict,harmonic_loop,demand_conflict,n1_d0_m0,factorial_combination,1.0,0.05,0,1.0,1499,dual_anchor_dynamic,2.693459092447985,0.6830531787321164,0.742403646152533,0.43344788849020355,0.2535970123501355,0.5,0.0,0.703876222136105,0.24315581798309374,0.3454525246572059,0.4449015791813816,3,"[[1, 3], [3, 4], [1, 4], [1, 3]]","[true, true, true, true, false]",1,2.0,0,1,1,0.22014770799999894
ellipse--neutral,ellipse,neutral,n1_d0_m0,factorial_combination,1.0,0.05,0,1.0,1423,full_trajectory,4.3709051238639836,0.14989103818692778,0.14989103818692778,0.288658609255826,0.03429290591748662,0.6666666666666666,0.0,0.8908843004967208,0.023451365557227023,0.026323693822139973,0.30636565107897934,0,"[[0, 1, 2, 3, 4, 5], [0, 1, 2, 3, 4, 5], [0, 1, 2, 3, 4, 5], [0, 1, 2, 3, 4, 5]]","[true, true, true, true, true]",0,0.0,0,1,1,0.17621337500000323
ellipse--neutral,ellipse,neutral,n1_d0_m0,factorial_combination,1.0,0.05,0,1.0,1423,error_peak_dynamic,4.3709051238639836,0.12047204089224492,0.12047204089224492,0.27800774633467595,0.02756226398841272,0.6666666666666666,0.0,0.8908843004967208,0.02732082017778861,0.030667080071515047,0.29564690502247876,0,"[[2, 3], [2, 3], [2, 3], [2, 3]]","[true, true, true, true, true]",0,0.0,0,1,1,0.18264779100000794
ellipse--neutral,ellipse,neutral,n1_d0_m0,factorial_combination,1.0,0.05,0,1.0,1423,violation_safe,4.3709051238639836,0.12047204089224492,0.12047204089224492,0.27800774633467595,0.02756226398841272,0.6666666666666666,0.0,0.8908843004967208,0.02732082017778861,0.030667080071515047,0.29564690502247876,0,"[[2, 3], [2, 3], [2, 3], [2, 3]]","[true, true, true, true, true]",0,4.0,0,1,1,0.18465729199999714
ellipse--neutral,ellipse,neutral,n1_d0_m0,factorial_combination,1.0,0.05,0,1.0,1423,dual_anchor_dynamic,4.3709051238639836,0.12047204089224492,0.12047204089224492,0.27800774633467595,0.02756226398841272,0.6666666666666666,0.0,0.8908843004967208,0.02732082017778861,0.030667080071515047,0.29564690502247876,0,"[[2, 3], [2, 3], [2, 3], [2, 3]]","[true, true, true, true, true]",0,4.0,0,1,1,0.18513341600001354
ellipse--neutral,ellipse,neutral,n1_d0_m0,factorial_combination,1.0,0.05,0,1.0,1451,full_trajectory,7.782070599232112,0.319099285142311,0.319099285142311,0.28593388628823235,0.04100441920609122,0.6666666666666666,0.0,1.3609966674405551,0.05786826696031219,0.042519036486060854,0.2901204275620864,0,"[[0, 1, 2, 3, 4, 5], [0, 1, 2, 3, 4, 5], [0, 1, 2, 3, 4, 5], [0, 1, 2, 3, 4, 5]]","[true, true, true, true, true]",0,0.0,0,1,1,0.18857291599999826
ellipse--neutral,ellipse,neutral,n1_d0_m0,factorial_combination,1.0,0.05,0,1.0,1451,error_peak_dynamic,7.782070599232112,0.3541927736293753,0.3541927736293753,0.28409329357682167,0.0455139501901107,0.6666666666666666,0.0,1.3609966674405551,0.06730954589833062,0.04945606959119944,0.2880461676787644,2,"[[3, 4], [3, 4], [2, 4], [2, 3]]","[true, true, true, true, true]",0,0.0,0,1,1,0.19497904199999994
ellipse--neutral,ellipse,neutral,n1_d0_m0,factorial_combination,1.0,0.05,0,1.0,1451,violation_safe,7.782070599232112,0.3409959912044403,0.3409959912044403,0.283881319426487,0.043818156987433104,0.6666666666666666,0.0,1.3609966674405551,0.06584236359896391,0.04837804909749328,0.2878201502648005,2,"[[3, 4], [3, 4], [2, 4], [1, 2]]","[true, true, true, true, true]",0,4.0,0,1,1,0.19567124999998953
ellipse--neutral,ellipse,neutral,n1_d0_m0,factorial_combination,1.0,0.05,0,1.0,1451,dual_anchor_dynamic,7.782070599232112,0.3541927736293753,0.3541927736293753,0.28409329357682167,0.0455139501901107,0.6666666666666666,0.0,1.3609966674405551,0.06730954589833062,0.04945606959119944,0.2880461676787644,2,"[[3, 4], [3, 4], [2, 4], [2, 3]]","[true, true, true, true, true]",0,4.0,0,1,1,0.19728029099999844
ellipse--neutral,ellipse,neutral,n1_d0_m0,factorial_combination,1.0,0.05,0,1.0,1471,full_trajectory,6.095801260683904,0.24847600601098874,0.24847600601098874,0.28246013948977916,0.040761828574298296,0.6666666666666666,0.0,1.0714713814905736,0.04316928250061884,0.040289720515506486,0.29344931885538955,0,"[[0, 1, 2, 3, 4, 5], [0, 1, 2, 3, 4, 5], [0, 1, 2, 3, 4, 5], [0, 1, 2, 3, 4, 5]]","[true, true, true, true, true]",0,0.0,0,1,1,0.17630491600000653
ellipse--neutral,ellipse,neutral,n1_d0_m0,factorial_combination,1.0,0.05,0,1.0,1471,error_peak_dynamic,6.095801260683904,0.23882132799064065,0.23882132799064065,0.2770543956486349,0.0391780042979693,0.6666666666666666,0.0,1.0714713814905736,0.043503480490150334,0.04060162617654857,0.2889011783040615,2,"[[3, 4], [3, 4], [1, 2], [2, 3]]","[true, true, true, true, true]",0,0.0,0,1,1,0.19352329199999474
ellipse--neutral,ellipse,neutral,n1_d0_m0,factorial_combination,1.0,0.05,0,1.0,1471,violation_safe,6.095801260683904,0.2341349928338035,0.2341349928338035,0.276877053306526,0.038409223467291205,0.6666666666666666,0.0,1.0714713814905736,0.04116293822221307,0.038417207340572544,0.28882502690184464,2,"[[3, 4], [3, 4], [2, 4], [1, 2]]","[true, true, true, true, true]",0,4.0,0,1,1,0.18300149999998894
ellipse--neutral,ellipse,neutral,n1_d0_m0,factorial_combination,1.0,0.05,0,1.0,1471,dual_anchor_dynamic,6.095801260683904,0.23882132799064065,0.23882132799064065,0.2770543956486349,0.0391780042979693,0.6666666666666666,0.0,1.0714713814905736,0.043503480490150334,0.04060162617654857,0.2889011783040615,2,"[[3, 4], [3, 4], [1, 2], [2, 3]]","[true, true, true, true, true]",0,4.0,0,1,1,0.19518487499999537
ellipse--neutral,ellipse,neutral,n1_d0_m0,factorial_combination,1.0,0.05,0,1.0,1499,full_trajectory,4.304403536547022,0.12667542955278294,0.12667542955278294,0.2765589438531873,0.02942926435154859,0.6666666666666666,0.0,0.7538333014217273,0.024450837514675784,0.03243533745267233,0.2932576785269082,0,"[[0, 1, 2, 3, 4, 5], [0, 1, 2, 3, 4, 5], [0, 1, 2, 3, 4, 5], [0, 1, 2, 3, 4, 5]]","[true, true, true, true, true]",0,0.0,0,1,1,0.18207474999999818
ellipse--neutral,ellipse,neutral,n1_d0_m0,factorial_combination,1.0,0.05,0,1.0,1499,error_peak_dynamic,4.304403536547022,0.11701712253037175,0.11701712253037175,0.2687518056523218,0.027185444286722822,0.6666666666666666,0.0,0.7538333014217273,0.026375918691837443,0.03498906010399453,0.28605328430974397,2,"[[3, 4], [3, 4], [1, 4], [1, 2]]","[true, true, true, true, true]",0,0.0,0,1,1,0.17694458399999746
ellipse--neutral,ellipse,neutral,n1_d0_m0,factorial_combination,1.0,0.05,0,1.0,1499,violation_safe,4.304403536547022,0.09859363378501082,0.09859363378501082,0.2650231583892088,0.022905295227989314,0.6666666666666666,0.0,0.7538333014217273,0.025676271877572644,0.03406094136349147,0.2831710949795313,2,"[[3, 4], [3, 4], [2, 4], [1, 2]]","[true, true, true, true, true]",0,4.0,0,1,1,0.17772991699999352
ellipse--neutral,ellipse,neutral,n1_d0_m0,factorial_combination,1.0,0.05,0,1.0,1499,dual_anchor_dynamic,4.304403536547022,0.11701712253037175,0.11701712253037175,0.2687518056523218,0.027185444286722822,0.6666666666666666,0.0,0.7538333014217273,0.026375918691837443,0.03498906010399453,0.28605328430974397,2,"[[3, 4], [3, 4], [1, 4], [1, 2]]","[true, true, true, true, true]",0,4.0,0,1,1,0.17805083300000035
ellipse--demand_aligned,ellipse,demand_aligned,n1_d0_m0,factorial_combination,1.0,0.05,0,1.0,1423,full_trajectory,6.9803583557018305,0.11949026182494181,0.11949026182494181,0.2593483263990178,0.01711806983768068,0.6666666666666666,0.0,0.8908843004967208,0.024849518329177082,0.027893092644378177,0.2700912351690651,0,"[[0, 1, 2, 3, 4, 5], [0, 1, 2, 3, 4, 5], [0, 1, 2, 3, 4, 5], [0, 1, 2, 3, 4, 5]]","[true, true, true, true, true]",0,0.0,0,1,1,0.17465187500000923
ellipse--demand_aligned,ellipse,demand_aligned,n1_d0_m0,factorial_combination,1.0,0.05,0,1.0,1423,error_peak_dynamic,6.9803583557018305,0.1584764142223527,0.1584764142223527,0.2552090669037143,0.02270319174844411,0.6666666666666666,0.0,0.8908843004967208,0.08774326048204689,0.09849007377627467,0.26626135853738964,1,"[[2, 3], [2, 3], [2, 3], [2, 4]]","[true, true, true, true, true]",0,0.0,0,1,1,0.13833804099999725
ellipse--demand_aligned,ellipse,demand_aligned,n1_d0_m0,factorial_combination,1.0,0.05,0,1.0,1423,violation_safe,6.9803583557018305,0.15698838090249326,0.15698838090249326,0.2540786088600192,0.022490017403513245,0.6666666666666666,0.0,0.8908843004967208,0.090697335118351,0.10180596410530734,0.2647477167896413,2,"[[2, 3], [2, 3], [3, 4], [2, 4]]","[true, true, true, true, true]",0,4.0,0,1,1,0.13959574999999802
ellipse--demand_aligned,ellipse,demand_aligned,n1_d0_m0,factorial_combination,1.0,0.05,0,1.0,1423,dual_anchor_dynamic,6.9803583557018305,0.10132280857547028,0.10132280857547028,0.25008795291920316,0.014515416460346315,0.6666666666666666,0.0,0.8908843004967208,0.030492189336949253,0.034226879202998696,0.2624224250917746,1,"[[2, 3], [2, 3], [2, 3], [2, 4]]","[true, true, true, true, true]",0,4.0,0,1,1,0.1868583749999999
ellipse--demand_aligned,ellipse,demand_aligned,n1_d0_m0,factorial_combination,1.0,0.05,0,1.0,1451,full_trajectory,10.401895586020121,0.3365789460043235,0.3365789460043235,0.28232397854257735,0.032357462466425534,0.6666666666666666,0.0,1.3609966674405551,0.06089723939981596,0.04474459111963681,0.2887626646736474,0,"[[0, 1, 2, 3, 4, 5], [0, 1, 2, 3, 4, 5], [0, 1, 2, 3, 4, 5], [0, 1, 2, 3, 4, 5]]","[true, true, true, true, true]",0,0.0,0,1,1,0.19055858400000147
ellipse--demand_aligned,ellipse,demand_aligned,n1_d0_m0,factorial_combination,1.0,0.05,0,1.0,1451,error_peak_dynamic,10.401895586020121,0.6812441379253646,0.6812441379253646,0.28313437506510303,0.0654923068869235,0.6666666666666666,0.0,1.3609966674405551,0.11141641714358809,0.08186384273307155,0.28779920345408133,1,"[[3, 4], [3, 4], [1, 2], [1, 2]]","[true, true, true, true, true]",0,0.0,0,1,1,0.160026667000011
ellipse--demand_aligned,ellipse,demand_aligned,n1_d0_m0,factorial_combination,1.0,0.05,0,1.0,1451,violation_safe,10.401895586020121,0.48223492065607954,0.48223492065607954,0.27693182533129085,0.04636029237826525,0.6666666666666666,0.0,1.3609966674405551,0.1812022394732801,0.13313937043949048,0.2817715107637249,1,"[[3, 4], [3, 4], [3, 4], [2, 3]]","[true, true, true, true, true]",0,4.0,0,1,1,0.14438241700000276
ellipse--demand_aligned,ellipse,demand_aligned,n1_d0_m0,factorial_combination,1.0,0.05,0,1.0,1451,dual_anchor_dynamic,10.401895586020121,0.3336641094558896,0.3336641094558896,0.27126502033601857,0.0320772407967953,0.6666666666666666,0.0,1.3609966674405551,0.07043456503896904,0.05175219508173075,0.27701881292167224,1,"[[3, 4], [3, 4], [2, 3], [2, 3]]","[true, true, true, true, true]",0,4.0,0,1,1,0.1892928329999961
ellipse--demand_aligned,ellipse,demand_aligned,n1_d0_m0,factorial_combination,1.0,0.05,0,1.0,1471,full_trajectory,8.12957564746257,0.21069569916459857,0.21069569916459857,0.2716351834006188,0.02591718292582241,0.6666666666666666,0.0,1.0714713814905736,0.040539986630744526,0.037835809085584225,0.2846879775123147,0,"[[0, 1, 2, 3, 4, 5], [0, 1, 2, 3, 4, 5], [0, 1, 2, 3, 4, 5], [0, 1, 2, 3, 4, 5]]","[true, true, true, true, true]",0,0.0,0,1,1,0.18382929100000922
ellipse--demand_aligned,ellipse,demand_aligned,n1_d0_m0,factorial_combination,1.0,0.05,0,1.0,1471,error_peak_dynamic,8.12957564746257,0.4068904032054146,0.4068904032054146,0.27048744417516424,0.05005063251147857,0.6666666666666666,0.0,1.0714713814905736,0.07661408756693129,0.07150362472616849,0.2815204305885467,1,"[[3, 4], [3, 4], [1, 2], [1, 2]]","[true, true, true, true, true]",0,0.0,0,1,1,0.15363524999999356
ellipse--demand_aligned,ellipse,demand_aligned,n1_d0_m0,factorial_combination,1.0,0.05,0,1.0,1471,violation_safe,8.12957564746257,0.3515642068958931,0.3515642068958931,0.26941885483202527,0.04324508709204576,0.6666666666666666,0.0,1.0714713814905736,0.1412350867325183,0.1318141475099779,0.27706381500783084,1,"[[3, 4], [3, 4], [3, 4], [2, 3]]","[true, true, true, true, true]",0,4.0,0,1,1,0.14316562499999463
ellipse--demand_aligned,ellipse,demand_aligned,n1_d0_m0,factorial_combination,1.0,0.05,0,1.0,1471,dual_anchor_dynamic,8.12957564746257,0.2023495796299648,0.2023495796299648,0.2617162646152627,0.024890546371030182,0.6666666666666666,0.0,1.0714713814905736,0.04594779334369914,0.04288289368940403,0.2739441808201404,2,"[[3, 4], [3, 4], [2, 4], [2, 3]]","[true, true, true, true, true]",0,4.0,0,1,1,0.19597987500000613
ellipse--demand_aligned,ellipse,demand_aligned,n1_d0_m0,factorial_combination,1.0,0.05,0,1.0,1499,full_trajectory,5.7563053489468325,0.13319605953784258,0.13319605953784258,0.268986696957765,0.02313915809942431,0.6666666666666666,0.0,0.7538333014217273,0.023649068748434084,0.03137174850703997,0.2864060805606998,0,"[[0, 1, 2, 3, 4, 5], [0, 1, 2, 3, 4, 5], [0, 1, 2, 3, 4, 5], [0, 1, 2, 3, 4, 5]]","[true, true, true, true, true]",0,0.0,0,1,1,0.18381645800000967
ellipse--demand_aligned,ellipse,demand_aligned,n1_d0_m0,factorial_combination,1.0,0.05,0,1.0,1499,error_peak_dynamic,5.7563053489468325,0.17564933475227218,0.17564933475227218,0.26957664358156447,0.03051424900251492,0.6666666666666666,0.0,0.7538333014217273,0.04704274132928949,0.06240470040334783,0.2850887090509153,3,"[[3, 4], [1, 4], [1, 2], [1, 3]]","[true, true, true, true, true]",0,0.0,0,1,1,0.13269658299999776
ellipse--demand_aligned,ellipse,demand_aligned,n1_d0_m0,factorial_combination,1.0,0.05,0,1.0,1499,violation_safe,5.7563053489468325,0.220626789867934,0.220626789867934,0.2629534553475564,0.038327846855500745,0.6666666666666666,0.0,0.7538333014217273,0.1055643290753908,0.14003670158415235,0.27882062613956116,0,"[[3, 4], [3, 4], [3, 4], [3, 4]]","[true, true, true, true, true]",0,4.0,0,1,1,0.14440495899999917
ellipse--demand_aligned,ellipse,demand_aligned,n1_d0_m0,factorial_combination,1.0,0.05,0,1.0,1499,dual_anchor_dynamic,5.7563053489468325,0.12767626776734453,0.12767626776734453,0.2577316754089853,0.02218024583958251,0.6666666666666666,0.0,0.7538333014217273,0.027814313078142448,0.03689716682147729,0.2759281015209671,2,"[[3, 4], [3, 4], [2, 3], [1, 3]]","[true, true, true, true, true]",0,4.0,0,1,1,0.37370674999999665
ellipse--demand_conflict,ellipse,demand_conflict,n1_d0_m0,factorial_combination,1.0,0.05,0,1.0,1423,full_trajectory,4.02392703040701,0.1970737395805372,0.1970737395805372,0.31609251762720103,0.048975475472427664,0.6666666666666666,0.0,0.8908843004967208,0.027951063895394077,0.031374516174333414,0.3329314286704096,0,"[[0, 1, 2, 3, 4, 5], [0, 1, 2, 3, 4, 5], [0, 1, 2, 3, 4, 5], [0, 1, 2, 3, 4, 5]]","[true, true, true, true, true]",0,0.0,0,1,1,0.19854700000000491
ellipse--demand_conflict,ellipse,demand_conflict,n1_d0_m0,factorial_combination,1.0,0.05,0,1.0,1423,error_peak_dynamic,4.02392703040701,0.14904538847802934,0.14904538847802934,0.30383250190444944,0.037039784109344,0.6666666666666666,0.0,0.8908843004967208,0.05502690355475967,0.06176661046117763,0.3210194137661792,1,"[[2, 3], [2, 3], [2, 3], [2, 4]]","[true, true, true, true, true]",0,0.0,0,1,1,0.15503458399999204
ellipse--demand_conflict,ellipse,demand_conflict,n1_d0_m0,factorial_combination,1.0,0.05,0,1.0,1423,violation_safe,4.02392703040701,0.3397379690264241,0.1576153800481161,0.3036436476862111,0.08442945571805274,0.6666666666666666,0.0,0.8908843004967208,0.09769763364934547,0.10966366069631404,0.3207026549001765,2,"[[2, 3], [2, 3], [2, 4], [1, 2]]","[true, true, true, true, false]",1,2.0,0,1,1,0.14480300000001023
ellipse--demand_conflict,ellipse,demand_conflict,n1_d0_m0,factorial_combination,1.0,0.05,0,1.0,1423,dual_anchor_dynamic,4.02392703040701,0.34266257237225234,0.15042673132427853,0.30343017855872173,0.08515625899349197,0.6666666666666666,0.0,0.8908843004967208,0.07083851969176633,0.0795148367215245,0.3215729333092268,1,"[[2, 3], [2, 3], [2, 3], [2, 4]]","[true, true, true, true, false]",1,2.0,0,1,1,0.18866237500000693
ellipse--demand_conflict,ellipse,demand_conflict,n1_d0_m0,factorial_combination,1.0,0.05,0,1.0,1451,full_trajectory,5.5533169037170085,0.3441638593224384,0.3441638593224384,0.344827293854959,0.06197446774414743,0.6666666666666666,0.0,1.3609966674405551,0.05580475348258081,0.04100285828585118,0.3621164120689192,0,"[[0, 1, 2, 3, 4, 5], [0, 1, 2, 3, 4, 5], [0, 1, 2, 3, 4, 5], [0, 1, 2, 3, 4, 5]]","[true, true, true, true, true]",0,0.0,0,1,1,0.1898197080000017
ellipse--demand_conflict,ellipse,demand_conflict,n1_d0_m0,factorial_combination,1.0,0.05,0,1.0,1451,error_peak_dynamic,5.5533169037170085,0.47997443225589653,0.47997443225589653,0.3680833389817981,0.08643022549904088,0.6666666666666666,0.0,1.3609966674405551,0.08492321495628237,0.06239781256480674,0.3859446738693276,2,"[[3, 4], [3, 4], [2, 3], [1, 2]]","[true, true, true, true, true]",0,0.0,0,1,1,0.15941474999999627
ellipse--demand_conflict,ellipse,demand_conflict,n1_d0_m0,factorial_combination,1.0,0.05,0,1.0,1451,violation_safe,5.5533169037170085,0.5824244862428339,0.5824244862428339,0.3682953374266136,0.10487866915230411,0.6666666666666666,0.0,1.3609966674405551,0.14518854898331482,0.10667810763736223,0.3807986976252655,1,"[[1, 4], [1, 4], [1, 2], [1, 2]]","[true, true, true, true, true]",0,4.0,0,1,1,0.16456287500000144
ellipse--demand_conflict,ellipse,demand_conflict,n1_d0_m0,factorial_combination,1.0,0.05,0,1.0,1451,dual_anchor_dynamic,5.5533169037170085,0.38122380234763,0.38122380234763,0.3508178322251682,0.06864794661591615,0.6666666666666666,0.0,1.3609966674405551,0.06143080191924056,0.04513662919892763,0.3661847390404581,3,"[[3, 4], [1, 4], [1, 2], [2, 3]]","[true, true, true, true, true]",0,4.0,0,1,1,0.20159016600000257
ellipse--demand_conflict,ellipse,demand_conflict,n1_d0_m0,factorial_combination,1.0,0.05,0,1.0,1471,full_trajectory,4.375512141367793,0.2799323065122446,0.2799323065122446,0.3261223038437704,0.06397703799417119,0.6666666666666666,0.0,1.0714713814905736,0.039584433321963985,0.03694399496409903,0.34415279797042236,0,"[[0, 1, 2, 3, 4, 5], [0, 1, 2, 3, 4, 5], [0, 1, 2, 3, 4, 5], [0, 1, 2, 3, 4, 5]]","[true, true, true, true, true]",0,0.0,0,1,1,0.1879363750000067
ellipse--demand_conflict,ellipse,demand_conflict,n1_d0_m0,factorial_combination,1.0,0.05,0,1.0,1471,error_peak_dynamic,4.375512141367793,0.36260523781992593,0.36260523781992593,0.3532704091940774,0.08287149620537332,0.6666666666666666,0.0,1.0714713814905736,0.06087788179405768,0.05681708615433819,0.3692454005318623,2,"[[3, 4], [3, 4], [1, 4], [2, 3]]","[true, true, true, true, true]",0,0.0,0,1,1,0.14584445800001333
ellipse--demand_conflict,ellipse,demand_conflict,n1_d0_m0,factorial_combination,1.0,0.05,0,1.0,1471,violation_safe,4.375512141367793,0.4310932135208893,0.4310932135208893,0.35773916147981494,0.09852405834854541,0.6666666666666666,0.0,1.0714713814905736,0.10986194427687894,0.10253371781525782,0.3619872337846112,1,"[[1, 4], [1, 4], [1, 2], [1, 2]]","[true, true, true, true, true]",0,4.0,0,1,1,0.1582706250000001
ellipse--demand_conflict,ellipse,demand_conflict,n1_d0_m0,factorial_combination,1.0,0.05,0,1.0,1471,dual_anchor_dynamic,4.375512141367793,0.311100855929092,0.311100855929092,0.33760723997872016,0.07110044398867588,0.6666666666666666,0.0,1.0714713814905736,0.0454540515769692,0.04242208645249671,0.3545858687139002,2,"[[3, 4], [1, 4], [1, 4], [2, 3]]","[true, true, true, true, true]",0,4.0,0,1,1,0.1928565839999976
ellipse--demand_conflict,ellipse,demand_conflict,n1_d0_m0,factorial_combination,1.0,0.05,0,1.0,1499,full_trajectory,3.091478456850802,0.1457164362827606,0.1457164362827606,0.30960323059441575,0.04713487035947119,0.6666666666666666,0.0,0.7538333014217273,0.02414568731641179,0.03203053947188735,0.34957803804271553,0,"[[0, 1, 2, 3, 4, 5], [0, 1, 2, 3, 4, 5], [0, 1, 2, 3, 4, 5], [0, 1, 2, 3, 4, 5]]","[true, true, true, true, true]",0,0.0,0,1,1,0.17945720899999174
ellipse--demand_conflict,ellipse,demand_conflict,n1_d0_m0,factorial_combination,1.0,0.05,0,1.0,1499,error_peak_dynamic,3.091478456850802,0.2254206964329599,0.2254206964329599,0.3369685722520809,0.07291679355986498,0.6666666666666666,0.0,0.7538333014217273,0.03938117298729044,0.05224122218137308,0.37061261521921135,1,"[[3, 4], [3, 4], [3, 4], [1, 3]]","[true, true, true, true, true]",0,0.0,0,1,1,0.15531799999999407
ellipse--demand_conflict,ellipse,demand_conflict,n1_d0_m0,factorial_combination,1.0,0.05,0,1.0,1499,violation_safe,3.091478456850802,0.25515748897592117,0.25515748897592117,0.33609523840297456,0.08253574868376815,0.6666666666666666,0.0,0.7538333014217273,0.07249354048499129,0.09616654019962861,0.3617920325494586,1,"[[1, 4], [1, 4], [1, 2], [1, 2]]","[true, true, true, true, true]",0,4.0,0,1,1,0.15398725000000013
ellipse--demand_conflict,ellipse,demand_conflict,n1_d0_m0,factorial_combination,1.0,0.05,0,1.0,1499,dual_anchor_dynamic,3.091478456850802,0.18806541746079136,0.18806541746079136,0.32121443893942925,0.06083348795267623,0.6666666666666666,0.0,0.7538333014217273,0.031147769629506137,0.041319174372850785,0.3562550046267132,2,"[[3, 4], [1, 4], [1, 3], [1, 3]]","[true, true, true, true, true]",0,4.0,0,1,1,0.1799447500000042
rounded_square--neutral,rounded_square,neutral,n1_d0_m0,factorial_combination,1.0,0.05,0,1.0,1423,full_trajectory,7.414248873129063,1.7082477061029584,1.7082477061029584,0.45835051567816104,0.23040064278042238,0.8333333333333334,0.3333333333333333,1.3969003346619886,0.21995187722220763,0.15745710110050903,0.46025754451624734,0,"[[0, 1, 2, 3, 4, 5], [0, 1, 2, 3, 4, 5], [0, 1, 2, 3, 4, 5], [0, 1, 2, 3, 4, 5]]","[true, true, true, true, true]",0,0.0,0,1,1,0.25434150000000955
rounded_square--neutral,rounded_square,neutral,n1_d0_m0,factorial_combination,1.0,0.05,0,1.0,1423,error_peak_dynamic,7.414248873129063,1.7690349502841436,1.7690349502841436,0.4257191150906783,0.2385993484377806,0.8333333333333334,0.3333333333333333,1.3969003346619886,0.23281463404269834,0.16666517164163547,0.43194713863957795,3,"[[2, 3], [3, 4], [1, 4], [2, 3]]","[true, true, true, true, true]",0,0.0,0,1,1,0.25035041699999283
rounded_square--neutral,rounded_square,neutral,n1_d0_m0,factorial_combination,1.0,0.05,0,1.0,1423,violation_safe,7.414248873129063,1.4637624551338628,1.7690349502841436,0.4257191150906783,0.19742558958856551,0.8333333333333334,0.6666666666666666,1.3969003346619886,0.26947050491801583,0.19290603504882134,0.43194713863957795,3,"[[2, 3], [3, 4], [1, 4], [2, 3]]","[true, true, true, true, false]",1,2.0,0,1,1,0.25110045800001046
rounded_square--neutral,rounded_square,neutral,n1_d0_m0,factorial_combination,1.0,0.05,0,1.0,1423,dual_anchor_dynamic,7.414248873129063,1.4637624551338628,1.7690349502841436,0.4257191150906783,0.19742558958856551,0.8333333333333334,0.6666666666666666,1.3969003346619886,0.26947050491801583,0.19290603504882134,0.43194713863957795,3,"[[2, 3], [3, 4], [1, 4], [2, 3]]","[true, true, true, true, false]",1,2.0,0,1,1,0.2511686659999981
rounded_square--neutral,rounded_square,neutral,n1_d0_m0,factorial_combination,1.0,0.05,0,1.0,1451,full_trajectory,10.761481050210694,3.7675110912564724,3.7675110912564724,0.47113027538382085,0.3500922478679373,1.0,0.6666666666666666,2.4158149726160945,0.5959469720161513,0.24668568527448037,0.47178096490201227,0,"[[0, 1, 2, 3, 4, 5], [0, 1, 2, 3, 4, 5], [0, 1, 2, 3, 4, 5], [0, 1, 2, 3, 4, 5]]","[true, true, true, true, true]",0,0.0,0,1,1,0.3263087500000097
rounded_square--neutral,rounded_square,neutral,n1_d0_m0,factorial_combination,1.0,0.05,0,1.0,1451,error_peak_dynamic,10.761481050210694,2.7995707119636757,2.7995707119636757,0.4283766590667565,0.26014734392984545,1.0,0.6666666666666666,2.4158149726160945,0.6919986819066204,0.2864452326650052,0.42951538407278206,1,"[[1, 4], [2, 4], [2, 4], [2, 4]]","[true, true, true, true, true]",0,0.0,0,1,1,0.28951766699999837
rounded_square--neutral,rounded_square,neutral,n1_d0_m0,factorial_combination,1.0,0.05,0,1.0,1451,violation_safe,10.761481050210694,2.7995707119636757,2.7995707119636757,0.4283766590667565,0.26014734392984545,1.0,0.6666666666666666,2.4158149726160945,0.6919986819066204,0.2864452326650052,0.42951538407278206,1,"[[1, 4], [2, 4], [2, 4], [2, 4]]","[true, true, true, true, true]",0,4.0,0,1,1,0.2909380420000076
rounded_square--neutral,rounded_square,neutral,n1_d0_m0,factorial_combination,1.0,0.05,0,1.0,1451,dual_anchor_dynamic,10.761481050210694,2.7995707119636757,2.7995707119636757,0.4283766590667565,0.26014734392984545,1.0,0.6666666666666666,2.4158149726160945,0.6919986819066204,0.2864452326650052,0.42951538407278206,1,"[[1, 4], [2, 4], [2, 4], [2, 4]]","[true, true, true, true, true]",0,4.0,0,1,1,0.2908969579999905
rounded_square--neutral,rounded_square,neutral,n1_d0_m0,factorial_combination,1.0,0.05,0,1.0,1471,full_trajectory,8.121365654160376,2.3685526132163126,2.3685526132163126,0.430892847810599,0.29164462161643484,0.8333333333333334,0.6666666666666666,1.909937346784284,0.3652282711617142,0.19122526284783128,0.43537226829685605,0,"[[0, 1, 2, 3, 4, 5], [0, 1, 2, 3, 4, 5], [0, 1, 2, 3, 4, 5], [0, 1, 2, 3, 4, 5]]","[true, true, true, true, true]",0,0.0,0,1,1,0.27687825000001
rounded_square--neutral,rounded_square,neutral,n1_d0_m0,factorial_combination,1.0,0.05,0,1.0,1471,error_peak_dynamic,8.121365654160376,1.537269189402533,1.537269189402533,0.40105747903593986,0.1892870306381326,0.8333333333333334,0.6666666666666666,1.909937346784284,0.4478632428525917,0.2344910651685242,0.40525384952601673,3,"[[1, 4], [2, 4], [1, 2], [2, 4]]","[true, true, true, true, true]",0,0.0,0,1,1,0.2481250829999908
rounded_square--neutral,rounded_square,neutral,n1_d0_m0,factorial_combination,1.0,0.05,0,1.0,1471,violation_safe,8.121365654160376,1.604229649126535,1.604229649126535,0.4060657472332164,0.19753200600009033,0.8333333333333334,0.6666666666666666,1.909937346784284,0.45289722854374126,0.23712674622875643,0.41171043975590443,2,"[[3, 4], [1, 2], [2, 4], [2, 4]]","[true, true, true, true, true]",0,4.0,0,1,1,0.25054370800000925
rounded_square--neutral,rounded_square,neutral,n1_d0_m0,factorial_combination,1.0,0.05,0,1.0,1471,dual_anchor_dynamic,8.121365654160376,1.537269189402533,1.537269189402533,0.40105747903593986,0.1892870306381326,0.8333333333333334,0.6666666666666666,1.909937346784284,0.4478632428525917,0.2344910651685242,0.40525384952601673,3,"[[1, 4], [2, 4], [1, 2], [2, 4]]","[true, true, true, true, true]",0,4.0,0,1,1,0.25650062500000104
rounded_square--neutral,rounded_square,neutral,n1_d0_m0,factorial_combination,1.0,0.05,0,1.0,1499,full_trajectory,5.607016860900054,1.5951238635797262,1.5951238635797262,0.44149624760378225,0.28448708166068765,0.6666666666666666,0.3333333333333333,1.3175009571287501,0.24250322548499254,0.18406303553166556,0.44712412244101074,0,"[[0, 1, 2, 3, 4, 5], [0, 1, 2, 3, 4, 5], [0, 1, 2, 3, 4, 5], [0, 1, 2, 3, 4, 5]]","[true, true, true, true, true]",0,0.0,0,1,1,0.25872466699999563
rounded_square--neutral,rounded_square,neutral,n1_d0_m0,factorial_combination,1.0,0.05,0,1.0,1499,error_peak_dynamic,5.607016860900054,1.0242130894343768,1.0242130894343768,0.4156109237375198,0.18266631166683656,0.6666666666666666,0.5,1.3175009571287501,0.3004420579483918,0.22803934700977352,0.4166151103728499,3,"[[1, 4], [2, 4], [1, 2], [2, 4]]","[true, true, true, true, true]",0,0.0,0,1,1,0.23985183399999244
rounded_square--neutral,rounded_square,neutral,n1_d0_m0,factorial_combination,1.0,0.05,0,1.0,1499,violation_safe,5.607016860900054,1.229046414964265,1.1988897268435899,0.4214131521398341,0.2191979167273228,0.6666666666666666,0.5,1.3175009571287501,0.3648241219512822,0.27690615325726137,0.42485382052415177,3,"[[3, 4], [1, 2], [2, 4], [1, 2]]","[true, true, true, true, false]",1,2.0,0,1,1,0.23355641700000263
rounded_square--neutral,rounded_square,neutral,n1_d0_m0,factorial_combination,1.0,0.05,0,1.0,1499,dual_anchor_dynamic,5.607016860900054,1.0242130894343768,1.0242130894343768,0.4156109237375198,0.18266631166683656,0.6666666666666666,0.5,1.3175009571287501,0.3004420579483918,0.22803934700977352,0.4166151103728499,3,"[[1, 4], [2, 4], [1, 2], [2, 4]]","[true, true, true, true, true]",0,4.0,0,1,1,0.2422322500000007
rounded_square--demand_aligned,rounded_square,demand_aligned,n1_d0_m0,factorial_combination,1.0,0.05,0,1.0,1423,full_trajectory,11.722836504208278,2.1862859464090483,2.1862859464090483,0.392991743506963,0.18649803276060473,0.8333333333333334,0.5,1.3969003346619886,0.22106197325590954,0.1582517863090071,0.39232805696155515,0,"[[0, 1, 2, 3, 4, 5], [0, 1, 2, 3, 4, 5], [0, 1, 2, 3, 4, 5], [0, 1, 2, 3, 4, 5]]","[true, true, true, true, true]",0,0.0,0,1,1,0.2548264590000002
rounded_square--demand_aligned,rounded_square,demand_aligned,n1_d0_m0,factorial_combination,1.0,0.05,0,1.0,1423,error_peak_dynamic,11.722836504208278,2.97694596486986,2.97694596486986,0.46497067630495936,0.25394416818840665,0.8333333333333334,0.6666666666666666,1.3969003346619886,0.3396552458671098,0.24314923365616992,0.46364165023956444,3,"[[2, 3], [3, 4], [1, 4], [2, 3]]","[true, true, true, true, true]",0,0.0,0,1,1,0.199442832999992
rounded_square--demand_aligned,rounded_square,demand_aligned,n1_d0_m0,factorial_combination,1.0,0.05,0,1.0,1423,violation_safe,11.722836504208278,2.121605106315622,2.121605106315622,0.4184164711764673,0.18098052511045476,0.8333333333333334,0.6666666666666666,1.3969003346619886,0.36628699878270904,0.26221412486907336,0.4191669364828787,3,"[[2, 4], [1, 3], [2, 4], [3, 4]]","[true, true, true, true, true]",0,4.0,0,1,1,0.1940102080000088
rounded_square--demand_aligned,rounded_square,demand_aligned,n1_d0_m0,factorial_combination,1.0,0.05,0,1.0,1423,dual_anchor_dynamic,11.722836504208278,1.3646775953336308,1.3646775953336308,0.3674259857974329,0.11641189355867389,0.8333333333333334,0.6666666666666666,1.3969003346619886,0.23201982077925612,0.16609618812597574,0.3668604521786516,3,"[[2, 3], [3, 4], [1, 4], [2, 4]]","[true, true, true, true, true]",0,4.0,0,1,1,0.25205783300000917
rounded_square--demand_aligned,rounded_square,demand_aligned,n1_d0_m0,factorial_combination,1.0,0.05,0,1.0,1451,full_trajectory,14.097354699570705,6.205483133216957,6.205483133216957,0.5458604756164798,0.4401877703627566,0.8333333333333334,0.5,2.4158149726160945,0.5968221804547912,0.24704796816806313,0.5454550848122135,0,"[[0, 1, 2, 3, 4, 5], [0, 1, 2, 3, 4, 5], [0, 1, 2, 3, 4, 5], [0, 1, 2, 3, 4, 5]]","[true, true, true, true, true]",0,0.0,0,1,1,0.32815616700000305
rounded_square--demand_aligned,rounded_square,demand_aligned,n1_d0_m0,factorial_combination,1.0,0.05,0,1.0,1451,error_peak_dynamic,14.097354699570705,4.496447044550802,4.496447044550802,0.546599969603705,0.3189567929852633,0.8333333333333334,0.8333333333333334,2.4158149726160945,0.9147127260505764,0.37863525825408345,0.5475919504759041,3,"[[1, 4], [2, 4], [1, 2], [2, 4]]","[true, true, true, true, true]",0,0.0,0,1,1,0.22316216699999813
rounded_square--demand_aligned,rounded_square,demand_aligned,n1_d0_m0,factorial_combination,1.0,0.05,0,1.0,1451,violation_safe,14.097354699570705,4.4653168866605615,4.4653168866605615,0.5057613858558333,0.31674856608357455,0.8333333333333334,0.8333333333333334,2.4158149726160945,0.9359509315228581,0.3874265794906112,0.5071296006931137,2,"[[2, 4], [1, 2], [2, 4], [2, 4]]","[true, true, true, true, true]",0,4.0,0,1,1,0.22651758300000324
rounded_square--demand_aligned,rounded_square,demand_aligned,n1_d0_m0,factorial_combination,1.0,0.05,0,1.0,1451,dual_anchor_dynamic,14.097354699570705,3.9963729056193205,3.9963729056193205,0.49345243931198685,0.2834838869267451,0.8333333333333334,0.6666666666666666,2.4158149726160945,0.6929185990142471,0.28682602221969145,0.4920133012800453,1,"[[1, 4], [2, 4], [2, 4], [2, 4]]","[true, true, true, true, true]",0,4.0,0,1,1,0.2967628330000025
rounded_square--demand_aligned,rounded_square,demand_aligned,n1_d0_m0,factorial_combination,1.0,0.05,0,1.0,1471,full_trajectory,10.59486110618567,3.961482290252686,3.961482290252686,0.49728253718819476,0.37390601448657285,0.6666666666666666,0.5,1.909937346784284,0.36549924914484383,0.19136714079141193,0.49964372521808154,0,"[[0, 1, 2, 3, 4, 5], [0, 1, 2, 3, 4, 5], [0, 1, 2, 3, 4, 5], [0, 1, 2, 3, 4, 5]]","[true, true, true, true, true]",0,0.0,0,1,1,0.26932754099999556
rounded_square--demand_aligned,rounded_square,demand_aligned,n1_d0_m0,factorial_combination,1.0,0.05,0,1.0,1471,error_peak_dynamic,10.59486110618567,3.5586126338996404,3.5586126338996404,0.5200305588374682,0.33588100856008307,0.6666666666666666,0.5,1.909937346784284,0.5643346445913483,0.29547285702408255,0.5196252891313575,3,"[[1, 4], [2, 4], [1, 2], [3, 4]]","[true, true, true, true, true]",0,0.0,0,1,1,0.18953616699999998
rounded_square--demand_aligned,rounded_square,demand_aligned,n1_d0_m0,factorial_combination,1.0,0.05,0,1.0,1471,violation_safe,10.59486110618567,2.9573558774110085,3.3045703902700962,0.4828293288360007,0.2791311606420584,0.6666666666666666,0.6666666666666666,1.909937346784284,0.7318993838073439,0.3832059648656148,0.47712494260530536,3,"[[2, 4], [1, 2], [2, 4], [1, 4]]","[true, true, true, true, false]",1,2.0,0,1,1,0.18314008300001205
rounded_square--demand_aligned,rounded_square,demand_aligned,n1_d0_m0,factorial_combination,1.0,0.05,0,1.0,1471,dual_anchor_dynamic,10.59486110618567,2.46500817586218,2.46500817586218,0.46341304081981116,0.23266073534678217,0.6666666666666666,0.6666666666666666,1.909937346784284,0.4442966659044001,0.2326236861394704,0.4650532086646178,3,"[[1, 4], [2, 4], [1, 2], [2, 4]]","[true, true, true, true, true]",0,4.0,0,1,1,0.2545844170000038
rounded_square--demand_aligned,rounded_square,demand_aligned,n1_d0_m0,factorial_combination,1.0,0.05,0,1.0,1499,full_trajectory,7.4049050429665435,2.555877820097471,2.555877820097471,0.5084949036681199,0.34516010742435377,0.6666666666666666,0.5,1.3175009571287501,0.24104152985205196,0.18295358993693442,0.512874048721237,0,"[[0, 1, 2, 3, 4, 5], [0, 1, 2, 3, 4, 5], [0, 1, 2, 3, 4, 5], [0, 1, 2, 3, 4, 5]]","[true, true, true, true, true]",0,0.0,0,1,1,0.2523345410000104
rounded_square--demand_aligned,rounded_square,demand_aligned,n1_d0_m0,factorial_combination,1.0,0.05,0,1.0,1499,error_peak_dynamic,7.4049050429665435,1.5278395836102767,1.5278395836102767,0.5243486641747929,0.20632804536250954,0.6666666666666666,0.5,1.3175009571287501,0.4071844195035747,0.30905815840237255,0.5304543276076239,3,"[[1, 4], [2, 4], [1, 2], [2, 4]]","[true, true, true, true, true]",0,0.0,0,1,1,0.18410887499999262
rounded_square--demand_aligned,rounded_square,demand_aligned,n1_d0_m0,factorial_combination,1.0,0.05,0,1.0,1499,violation_safe,7.4049050429665435,2.0570277428688817,2.28254544929288,0.4868873255956142,0.2777925889573322,0.6666666666666666,0.5,1.3175009571287501,0.48005452723637726,0.3643674979049483,0.4866850905569038,3,"[[2, 4], [1, 2], [2, 4], [1, 4]]","[true, true, true, true, false]",1,2.0,0,1,1,0.18303204199999357
rounded_square--demand_aligned,rounded_square,demand_aligned,n1_d0_m0,factorial_combination,1.0,0.05,0,1.0,1499,dual_anchor_dynamic,7.4049050429665435,1.4801124284995415,1.4801124284995415,0.3982160192759467,0.19988270206184586,0.6666666666666666,0.3333333333333333,1.3175009571287501,0.3143256520411904,0.23857717168282372,0.40555759667072167,3,"[[2, 4], [1, 2], [2, 4], [1, 2]]","[true, true, true, true, true]",0,4.0,0,1,1,0.23965141600000095
rounded_square--demand_conflict,rounded_square,demand_conflict,n1_d0_m0,factorial_combination,1.0,0.05,0,1.0,1423,full_trajectory,6.355885137174107,1.3009955762004923,1.3009955762004923,0.4996098123533665,0.20469148641331936,0.8333333333333334,0.3333333333333333,1.3969003346619886,0.22356881702072043,0.1600463622730951,0.4986008663260006,0,"[[0, 1, 2, 3, 4, 5], [0, 1, 2, 3, 4, 5], [0, 1, 2, 3, 4, 5], [0, 1, 2, 3, 4, 5]]","[true, true, true, true, true]",0,0.0,0,1,1,0.24532570800000997
rounded_square--demand_conflict,rounded_square,demand_conflict,n1_d0_m0,factorial_combination,1.0,0.05,0,1.0,1423,error_peak_dynamic,6.355885137174107,1.5240104055244856,1.5240104055244856,0.5005428573100735,0.23977941272269065,0.8333333333333334,0.3333333333333333,1.3969003346619886,0.2893359739180892,0.20712714195755455,0.49889035992587377,3,"[[2, 3], [1, 4], [2, 3], [1, 4]]","[true, true, true, true, true]",0,0.0,0,1,1,0.21846000000000743
rounded_square--demand_conflict,rounded_square,demand_conflict,n1_d0_m0,factorial_combination,1.0,0.05,0,1.0,1423,violation_safe,6.355885137174107,1.4364572686316222,1.4364572686316222,0.4496753093928144,0.226004283845552,0.8333333333333334,0.5,1.3969003346619886,0.28266498388950445,0.20235157575354265,0.4491844286932813,3,"[[2, 3], [3, 4], [1, 4], [2, 3]]","[true, true, true, true, true]",0,4.0,0,1,1,0.22344466699999543
rounded_square--demand_conflict,rounded_square,demand_conflict,n1_d0_m0,factorial_combination,1.0,0.05,0,1.0,1423,dual_anchor_dynamic,6.355885137174107,0.9243932658243137,0.9243932658243137,0.426583564001976,0.14543895081076127,0.8333333333333334,0.16666666666666666,1.3969003346619886,0.207002629901043,0.1481871145453852,0.4260012989777325,3,"[[2, 3], [3, 4], [1, 4], [3, 4]]","[true, true, true, true, true]",0,4.0,0,1,1,0.24782245900000532
rounded_square--demand_conflict,rounded_square,demand_conflict,n1_d0_m0,factorial_combination,1.0,0.05,0,1.0,1451,full_trajectory,8.946374537228424,2.1035668664935394,2.1035668664935394,0.3785468563540966,0.23513065071666694,1.0,0.8333333333333334,2.4158149726160945,0.5966906737946506,0.24699353243451924,0.38209913322551736,0,"[[0, 1, 2, 3, 4, 5], [0, 1, 2, 3, 4, 5], [0, 1, 2, 3, 4, 5], [0, 1, 2, 3, 4, 5]]","[true, true, true, true, true]",0,0.0,0,1,1,0.3300398750000113
rounded_square--demand_conflict,rounded_square,demand_conflict,n1_d0_m0,factorial_combination,1.0,0.05,0,1.0,1451,error_peak_dynamic,8.946374537228424,2.126250760010509,2.126250760010509,0.37217482726618895,0.2376661910545519,1.0,0.8333333333333334,2.4158149726160945,0.7766268426290226,0.32147612769698614,0.3760493650187524,2,"[[1, 4], [2, 4], [2, 4], [1, 2]]","[true, true, true, true, true]",0,0.0,0,1,1,0.28947295899999403
rounded_square--demand_conflict,rounded_square,demand_conflict,n1_d0_m0,factorial_combination,1.0,0.05,0,1.0,1451,violation_safe,8.946374537228424,2.12208125666635,2.12208125666635,0.42563735211807563,0.2372001359696895,1.0,0.8333333333333334,2.4158149726160945,0.7843256172642232,0.32466295066251466,0.4300387504450012,3,"[[1, 3], [3, 4], [1, 2], [2, 4]]","[true, true, true, true, true]",0,4.0,0,1,1,0.2453222080000046
rounded_square--demand_conflict,rounded_square,demand_conflict,n1_d0_m0,factorial_combination,1.0,0.05,0,1.0,1451,dual_anchor_dynamic,8.946374537228424,2.0846803015229254,2.0446376985181987,0.4023845773784154,0.23301956483578617,1.0,0.8333333333333334,2.4158149726160945,0.7999455273845377,0.33112864041829904,0.4058754617531601,2,"[[3, 4], [1, 2], [2, 4], [2, 4]]","[true, true, true, true, false]",1,2.0,0,1,1,0.2909324999999967
rounded_square--demand_conflict,rounded_square,demand_conflict,n1_d0_m0,factorial_combination,1.0,0.05,0,1.0,1471,full_trajectory,7.232076360058869,1.3459652200588403,1.3459652200588403,0.34062391132416303,0.18611048239096362,1.0,0.5,1.909937346784284,0.3646610233680571,0.1909282647318396,0.34481167188204503,0,"[[0, 1, 2, 3, 4, 5], [0, 1, 2, 3, 4, 5], [0, 1, 2, 3, 4, 5], [0, 1, 2, 3, 4, 5]]","[true, true, true, true, true]",0,0.0,0,1,1,0.2697734580000031
rounded_square--demand_conflict,rounded_square,demand_conflict,n1_d0_m0,factorial_combination,1.0,0.05,0,1.0,1471,error_peak_dynamic,7.232076360058869,1.0851701878404405,1.0851701878404405,0.3415927432364898,0.1500496031587265,1.0,0.6666666666666666,1.909937346784284,0.4765381032771733,0.24950457358169845,0.34889385159229663,3,"[[1, 4], [2, 4], [1, 2], [2, 4]]","[true, true, true, true, true]",0,0.0,0,1,1,0.2323464580000092
rounded_square--demand_conflict,rounded_square,demand_conflict,n1_d0_m0,factorial_combination,1.0,0.05,0,1.0,1471,violation_safe,7.232076360058869,1.2137445965962002,1.2137445965962002,0.3841343156572427,0.16782795647726267,1.0,0.6666666666666666,1.909937346784284,0.52189195259495,0.2732508233705399,0.3897428849934757,3,"[[1, 3], [3, 4], [1, 2], [2, 4]]","[true, true, true, true, true]",0,4.0,0,1,1,0.21396779199999116
rounded_square--demand_conflict,rounded_square,demand_conflict,n1_d0_m0,factorial_combination,1.0,0.05,0,1.0,1471,dual_anchor_dynamic,7.232076360058869,1.2131004567476165,1.2131004567476165,0.3567786361855397,0.16773888940765302,1.0,0.3333333333333333,1.909937346784284,0.461252528465757,0.24150139230606538,0.35986747820069487,3,"[[3, 4], [1, 2], [2, 4], [1, 4]]","[true, true, true, true, true]",0,4.0,0,1,1,0.24307408299999622
rounded_square--demand_conflict,rounded_square,demand_conflict,n1_d0_m0,factorial_combination,1.0,0.05,0,1.0,1499,full_trajectory,4.902934486236049,0.9000148046143003,0.9000148046143003,0.34872230633095536,0.18356655736292243,0.8333333333333334,0.16666666666666666,1.3175009571287501,0.241941076334114,0.18363635716924248,0.3533738938924274,0,"[[0, 1, 2, 3, 4, 5], [0, 1, 2, 3, 4, 5], [0, 1, 2, 3, 4, 5], [0, 1, 2, 3, 4, 5]]","[true, true, true, true, true]",0,0.0,0,1,1,0.25148233299999845
rounded_square--demand_conflict,rounded_square,demand_conflict,n1_d0_m0,factorial_combination,1.0,0.05,0,1.0,1499,error_peak_dynamic,4.902934486236049,0.8158773266685606,0.8158773266685606,0.35160637429034824,0.16640592056837872,0.8333333333333334,0.0,1.3175009571287501,0.3202725955398176,0.2430909775107811,0.35822397274830026,3,"[[1, 4], [2, 4], [1, 2], [2, 4]]","[true, true, true, true, true]",0,0.0,0,1,1,0.23038049999999544
rounded_square--demand_conflict,rounded_square,demand_conflict,n1_d0_m0,factorial_combination,1.0,0.05,0,1.0,1499,violation_safe,4.902934486236049,0.8814361830706556,0.8814361830706556,0.4043271995495753,0.17977727125359338,0.8333333333333334,0.16666666666666666,1.3175009571287501,0.3542175612179962,0.2688556386250739,0.407720503993965,3,"[[1, 3], [3, 4], [1, 2], [2, 4]]","[true, true, true, true, true]",0,4.0,0,1,1,0.21210279200001025
rounded_square--demand_conflict,rounded_square,demand_conflict,n1_d0_m0,factorial_combination,1.0,0.05,0,1.0,1499,dual_anchor_dynamic,4.902934486236049,0.8174640838252449,0.8174640838252449,0.37490340785752063,0.1667295547432058,0.8333333333333334,0.16666666666666666,1.3175009571287501,0.316504461762272,0.2402309160002699,0.3801393123689806,3,"[[3, 4], [1, 2], [2, 4], [1, 2]]","[true, true, true, true, true]",0,4.0,0,1,1,0.23354725000000087
figure_eight--neutral,figure_eight,neutral,n1_d0_m0,factorial_combination,1.0,0.05,0,1.0,1423,full_trajectory,6.620386126955758,0.2906715282206573,0.2906715282206573,0.29931269431727237,0.0439055249416874,1.0,0.0,1.285246630371671,0.04995000510463289,0.03886414009907827,0.3088117484963627,0,"[[0, 1, 2, 3, 4, 5], [0, 1, 2, 3, 4, 5], [0, 1, 2, 3, 4, 5], [0, 1, 2, 3, 4, 5]]","[true, true, true, true, true]",0,0.0,0,1,1,0.20662191600000313
figure_eight--neutral,figure_eight,neutral,n1_d0_m0,factorial_combination,1.0,0.05,0,1.0,1423,error_peak_dynamic,6.620386126955758,0.2515335762983409,0.2515335762983409,0.291825290660593,0.0379937924276334,1.0,0.0,1.285246630371671,0.0648657489295062,0.0504694954234178,0.300888439111456,3,"[[3, 4], [2, 3], [3, 4], [2, 4]]","[true, true, true, true, true]",0,0.0,0,1,1,0.19627375000000313
figure_eight--neutral,figure_eight,neutral,n1_d0_m0,factorial_combination,1.0,0.05,0,1.0,1423,violation_safe,6.620386126955758,0.2666359822369053,0.2666359822369053,0.2810702477459228,0.040274989573684,1.0,0.0,1.285246630371671,0.06507459666973554,0.05063199165977747,0.28894927130649234,2,"[[3, 4], [3, 4], [2, 3], [2, 4]]","[true, true, true, true, true]",0,4.0,0,1,1,0.19468941600000278
figure_eight--neutral,figure_eight,neutral,n1_d0_m0,factorial_combination,1.0,0.05,0,1.0,1423,dual_anchor_dynamic,6.620386126955758,0.2515335762983409,0.2515335762983409,0.291825290660593,0.0379937924276334,1.0,0.0,1.285246630371671,0.0648657489295062,0.0504694954234178,0.300888439111456,3,"[[3, 4], [2, 3], [3, 4], [2, 4]]","[true, true, true, true, true]",0,4.0,0,1,1,0.1970510410000088
figure_eight--neutral,figure_eight,neutral,n1_d0_m0,factorial_combination,1.0,0.05,0,1.0,1451,full_trajectory,11.063876687887113,2.100590722624081,2.100590722624081,0.4496379096234908,0.18986027970863387,1.0,0.5,2.276688345741528,0.32550461073620496,0.14297284533697852,0.452207326906099,0,"[[0, 1, 2, 3, 4, 5], [0, 1, 2, 3, 4, 5], [0, 1, 2, 3, 4, 5], [0, 1, 2, 3, 4, 5]]","[true, true, true, true, true]",0,0.0,0,1,1,0.3146210830000058
figure_eight--neutral,figure_eight,neutral,n1_d0_m0,factorial_combination,1.0,0.05,0,1.0,1451,error_peak_dynamic,11.063876687887113,1.59234698105758,1.59234698105758,0.428437638819569,0.14392305933786337,1.0,0.5,2.276688345741528,0.3915663065464362,0.1719894193154932,0.43074755773793494,1,"[[2, 4], [3, 4], [3, 4], [3, 4]]","[true, true, true, true, true]",0,0.0,0,1,1,0.3044892919999995
figure_eight--neutral,figure_eight,neutral,n1_d0_m0,factorial_combination,1.0,0.05,0,1.0,1451,violation_safe,11.063876687887113,1.59234698105758,1.59234698105758,0.428437638819569,0.14392305933786337,1.0,0.5,2.276688345741528,0.3915663065464362,0.1719894193154932,0.43074755773793494,1,"[[2, 4], [3, 4], [3, 4], [3, 4]]","[true, true, true, true, true]",0,4.0,0,1,1,0.30661554199998875
figure_eight--neutral,figure_eight,neutral,n1_d0_m0,factorial_combination,1.0,0.05,0,1.0,1451,dual_anchor_dynamic,11.063876687887113,1.59234698105758,1.59234698105758,0.428437638819569,0.14392305933786337,1.0,0.5,2.276688345741528,0.3915663065464362,0.1719894193154932,0.43074755773793494,1,"[[2, 4], [3, 4], [3, 4], [3, 4]]","[true, true, true, true, true]",0,4.0,0,1,1,0.34199383399999306
figure_eight--neutral,figure_eight,neutral,n1_d0_m0,factorial_combination,1.0,0.05,0,1.0,1471,full_trajectory,8.359525268921997,0.6462686553306491,0.6462686553306491,0.385059006490568,0.07730925316217015,1.0,0.0,1.7548663425850282,0.09798802830568551,0.05583788686797822,0.38740187939367393,0,"[[0, 1, 2, 3, 4, 5], [0, 1, 2, 3, 4, 5], [0, 1, 2, 3, 4, 5], [0, 1, 2, 3, 4, 5]]","[true, true, true, true, true]",0,0.0,0,1,1,0.2185927920000097
figure_eight--neutral,figure_eight,neutral,n1_d0_m0,factorial_combination,1.0,0.05,0,1.0,1471,error_peak_dynamic,8.359525268921997,0.5284126655578777,0.5284126655578777,0.37849942886353355,0.06321084613768016,1.0,0.0,1.7548663425850282,0.1225701778114432,0.06984587648475248,0.3808898450055651,2,"[[2, 4], [3, 4], [2, 3], [2, 3]]","[true, true, true, true, true]",0,0.0,0,1,1,0.21015483299999005
figure_eight--neutral,figure_eight,neutral,n1_d0_m0,factorial_combination,1.0,0.05,0,1.0,1471,violation_safe,8.359525268921997,0.5132840901789155,0.5132840901789155,0.36135487536025285,0.06140110516647868,1.0,0.0,1.7548663425850282,0.12950042239302323,0.07379503455645572,0.36359908342106106,2,"[[2, 3], [3, 4], [2, 3], [2, 3]]","[true, true, true, true, true]",0,4.0,0,1,1,0.21888137499999516
figure_eight--neutral,figure_eight,neutral,n1_d0_m0,factorial_combination,1.0,0.05,0,1.0,1471,dual_anchor_dynamic,8.359525268921997,0.5284126655578777,0.5284126655578777,0.37849942886353355,0.06321084613768016,1.0,0.0,1.7548663425850282,0.1225701778114432,0.06984587648475248,0.3808898450055651,2,"[[2, 4], [3, 4], [2, 3], [2, 3]]","[true, true, true, true, true]",0,4.0,0,1,1,0.2114796249999955
figure_eight--neutral,figure_eight,neutral,n1_d0_m0,factorial_combination,1.0,0.05,0,1.0,1499,full_trajectory,5.938457992048772,0.38036980451725155,0.38036980451725155,0.35019835375606695,0.0640519483385322,1.0,0.0,1.2331125670645522,0.06152633088888496,0.04989514544916979,0.3501242717488855,0,"[[0, 1, 2, 3, 4, 5], [0, 1, 2, 3, 4, 5], [0, 1, 2, 3, 4, 5], [0, 1, 2, 3, 4, 5]]","[true, true, true, true, true]",0,0.0,0,1,1,0.20967204200000822
figure_eight--neutral,figure_eight,neutral,n1_d0_m0,factorial_combination,1.0,0.05,0,1.0,1499,error_peak_dynamic,5.938457992048772,0.2991552641823013,0.2991552641823013,0.34488915131128706,0.050375916539756906,1.0,0.0,1.2331125670645522,0.07835696446420394,0.06354404825403262,0.3458216315830883,2,"[[2, 4], [3, 4], [2, 3], [2, 3]]","[true, true, true, true, true]",0,0.0,0,1,1,0.19723083399999553
figure_eight--neutral,figure_eight,neutral,n1_d0_m0,factorial_combination,1.0,0.05,0,1.0,1499,violation_safe,5.938457992048772,0.2878048871176561,0.2878048871176561,0.33026454366174807,0.048464582472926315,1.0,0.0,1.2331125670645522,0.0851167288563309,0.06902591955489748,0.33159136124661814,2,"[[2, 3], [3, 4], [2, 3], [2, 3]]","[true, true, true, true, true]",0,4.0,0,1,1,0.20087074999999288
figure_eight--neutral,figure_eight,neutral,n1_d0_m0,factorial_combination,1.0,0.05,0,1.0,1499,dual_anchor_dynamic,5.938457992048772,0.2991552641823013,0.2991552641823013,0.34488915131128706,0.050375916539756906,1.0,0.0,1.2331125670645522,0.07835696446420394,0.06354404825403262,0.3458216315830883,2,"[[2, 4], [3, 4], [2, 3], [2, 3]]","[true, true, true, true, true]",0,4.0,0,1,1,0.19921458400000347
figure_eight--demand_aligned,figure_eight,demand_aligned,n1_d0_m0,factorial_combination,1.0,0.05,0,1.0,1423,full_trajectory,10.323731402515286,0.4174670745918061,0.4174670745918061,0.3021894809690799,0.040437614881194406,0.8333333333333334,0.0,1.285246630371671,0.04609990463865281,0.03586852791461629,0.30670046705842613,0,"[[0, 1, 2, 3, 4, 5], [0, 1, 2, 3, 4, 5], [0, 1, 2, 3, 4, 5], [0, 1, 2, 3, 4, 5]]","[true, true, true, true, true]",0,0.0,0,1,1,0.20881116700000746
figure_eight--demand_aligned,figure_eight,demand_aligned,n1_d0_m0,factorial_combination,1.0,0.05,0,1.0,1423,error_peak_dynamic,10.323731402515286,0.5162326025178423,0.5162326025178423,0.30169290570670776,0.0500044588909071,0.8333333333333334,0.0,1.285246630371671,0.14735984088712048,0.11465491323210594,0.30590381175691167,3,"[[3, 4], [1, 3], [2, 4], [1, 4]]","[true, true, true, true, true]",0,0.0,0,1,1,0.1658556659999988
figure_eight--demand_aligned,figure_eight,demand_aligned,n1_d0_m0,factorial_combination,1.0,0.05,0,1.0,1423,violation_safe,10.323731402515286,0.4043461898216659,0.4043461898216659,0.27637934272912235,0.03916667085344264,0.8333333333333334,0.0,1.285246630371671,0.1645091240968891,0.12799809795985687,0.281919225411029,2,"[[3, 4], [3, 4], [1, 2], [2, 4]]","[true, true, true, true, true]",0,4.0,0,1,1,0.15922437499999376
figure_eight--demand_aligned,figure_eight,demand_aligned,n1_d0_m0,factorial_combination,1.0,0.05,0,1.0,1423,dual_anchor_dynamic,10.323731402515286,0.3360924071055329,0.3360924071055329,0.2680167150901276,0.032555322683390134,0.8333333333333334,0.0,1.285246630371671,0.05802051709401622,0.04514348897941689,0.27404319027207663,2,"[[3, 4], [3, 4], [2, 3], [2, 4]]","[true, true, true, true, true]",0,4.0,0,1,1,0.20681679199999792
figure_eight--demand_aligned,figure_eight,demand_aligned,n1_d0_m0,factorial_combination,1.0,0.05,0,1.0,1451,full_trajectory,16.524602567405687,2.5257052007291496,2.5257052007291496,0.38849608319472423,0.15284514047623948,1.0,0.5,2.276688345741528,0.328226705229796,0.14416848307047975,0.39005762973419533,0,"[[0, 1, 2, 3, 4, 5], [0, 1, 2, 3, 4, 5], [0, 1, 2, 3, 4, 5], [0, 1, 2, 3, 4, 5]]","[true, true, true, true, true]",0,0.0,0,1,1,0.3063585839999945
figure_eight--demand_aligned,figure_eight,demand_aligned,n1_d0_m0,factorial_combination,1.0,0.05,0,1.0,1451,error_peak_dynamic,16.524602567405687,3.2704915739440534,3.2704915739440534,0.4236113001955052,0.19791650423078894,1.0,0.6666666666666666,2.276688345741528,0.6815287990665004,0.29935094117790784,0.42394363763130427,3,"[[2, 4], [3, 4], [2, 3], [3, 4]]","[true, true, true, true, true]",0,0.0,0,1,1,0.22640608300000054
figure_eight--demand_aligned,figure_eight,demand_aligned,n1_d0_m0,factorial_combination,1.0,0.05,0,1.0,1451,violation_safe,16.524602567405687,3.4010881521274205,3.4010881521274205,0.43701825318385173,0.20581966424027476,1.0,0.6666666666666666,2.276688345741528,0.8046182684098782,0.35341607906716377,0.4372399883389233,3,"[[2, 4], [3, 4], [2, 4], [3, 4]]","[true, true, true, true, true]",0,4.0,0,1,1,0.22299454200000923
figure_eight--demand_aligned,figure_eight,demand_aligned,n1_d0_m0,factorial_combination,1.0,0.05,0,1.0,1451,dual_anchor_dynamic,16.524602567405687,2.3802199135467825,2.3802199135467825,0.3929815559132197,0.14404097791989862,1.0,0.5,2.276688345741528,0.3919005779240863,0.17213624282705345,0.3929999796481978,1,"[[2, 4], [3, 4], [3, 4], [3, 4]]","[true, true, true, true, true]",0,4.0,0,1,1,0.2862553750000103
figure_eight--demand_aligned,figure_eight,demand_aligned,n1_d0_m0,factorial_combination,1.0,0.05,0,1.0,1471,full_trajectory,12.292169042157058,0.7333076299071248,0.7333076299071248,0.32925855519158953,0.05965648758914581,1.0,0.16666666666666666,1.7548663425850282,0.09896603738613435,0.05639519944313889,0.3332356810425787,0,"[[0, 1, 2, 3, 4, 5], [0, 1, 2, 3, 4, 5], [0, 1, 2, 3, 4, 5], [0, 1, 2, 3, 4, 5]]","[true, true, true, true, true]",0,0.0,0,1,1,0.20675233299999718
figure_eight--demand_aligned,figure_eight,demand_aligned,n1_d0_m0,factorial_combination,1.0,0.05,0,1.0,1471,error_peak_dynamic,12.292169042157058,0.7794388566608255,0.7794388566608255,0.34298155840937744,0.06340938315993479,1.0,0.0,1.7548663425850282,0.30706318117486403,0.17497810159293425,0.3460089178155564,3,"[[2, 4], [3, 4], [2, 3], [3, 5]]","[true, true, true, true, true]",0,0.0,0,1,1,0.1734162500000025
figure_eight--demand_aligned,figure_eight,demand_aligned,n1_d0_m0,factorial_combination,1.0,0.05,0,1.0,1471,violation_safe,12.292169042157058,0.7404878482547586,0.7404878482547586,0.3425854626484047,0.06024061707215312,1.0,0.0,1.7548663425850282,0.349895350867977,0.19938575512968082,0.34537446355209134,2,"[[2, 4], [3, 4], [2, 3], [2, 3]]","[true, true, true, true, true]",0,4.0,0,1,1,0.17550683300000003
figure_eight--demand_aligned,figure_eight,demand_aligned,n1_d0_m0,factorial_combination,1.0,0.05,0,1.0,1471,dual_anchor_dynamic,12.292169042157058,0.5919814818807843,0.5919814818807843,0.32080371831595433,0.04815923697848057,1.0,0.0,1.7548663425850282,0.12038831689400387,0.06860255620189532,0.32285220398269976,2,"[[2, 4], [3, 4], [2, 3], [2, 3]]","[true, true, true, true, true]",0,4.0,0,1,1,0.21542879200001153
figure_eight--demand_aligned,figure_eight,demand_aligned,n1_d0_m0,factorial_combination,1.0,0.05,0,1.0,1499,full_trajectory,8.700913993887012,0.4426080639174752,0.4426080639174752,0.31213213164008724,0.05086914595736008,0.8333333333333334,0.0,1.2331125670645522,0.0623311768966237,0.050547840125418755,0.31902318070240665,0,"[[0, 1, 2, 3, 4, 5], [0, 1, 2, 3, 4, 5], [0, 1, 2, 3, 4, 5], [0, 1, 2, 3, 4, 5]]","[true, true, true, true, true]",0,0.0,0,1,1,0.20144112500000233
figure_eight--demand_aligned,figure_eight,demand_aligned,n1_d0_m0,factorial_combination,1.0,0.05,0,1.0,1499,error_peak_dynamic,8.700913993887012,0.6622855348214949,0.6622855348214949,0.3351175826899942,0.07611677753472748,0.8333333333333334,0.0,1.2331125670645522,0.21221127304325618,0.1720939991297219,0.33890130037666133,3,"[[2, 4], [3, 4], [2, 3], [3, 5]]","[true, true, true, true, true]",0,0.0,0,1,1,0.16138416599999061
figure_eight--demand_aligned,figure_eight,demand_aligned,n1_d0_m0,factorial_combination,1.0,0.05,0,1.0,1499,violation_safe,8.700913993887012,0.409933415268459,0.409933415268459,0.3314922147152859,0.04711383373706088,0.8333333333333334,0.0,1.2331125670645522,0.23870543566750152,0.1935795985241999,0.3362974166696613,2,"[[2, 4], [3, 4], [2, 3], [2, 3]]","[true, true, true, true, true]",0,4.0,0,1,1,0.1591949580000005
figure_eight--demand_aligned,figure_eight,demand_aligned,n1_d0_m0,factorial_combination,1.0,0.05,0,1.0,1499,dual_anchor_dynamic,8.700913993887012,0.33093682603725133,0.33093682603725133,0.30037239470106974,0.03803471983170471,0.8333333333333334,0.0,1.2331125670645522,0.07679296300161348,0.06227571192824722,0.3072831262735151,2,"[[2, 4], [3, 4], [2, 3], [2, 3]]","[true, true, true, true, true]",0,4.0,0,1,1,0.20393016600000635
figure_eight--demand_conflict,figure_eight,demand_conflict,n1_d0_m0,factorial_combination,1.0,0.05,0,1.0,1423,full_trajectory,5.5267775233405985,0.28594832710621726,0.28594832710621726,0.2955701554734186,0.05173870775485441,1.0,0.0,1.285246630371671,0.04882648357850284,0.037989972060368735,0.3024858981580585,0,"[[0, 1, 2, 3, 4, 5], [0, 1, 2, 3, 4, 5], [0, 1, 2, 3, 4, 5], [0, 1, 2, 3, 4, 5]]","[true, true, true, true, true]",0,0.0,0,1,1,0.21652429200000256
figure_eight--demand_conflict,figure_eight,demand_conflict,n1_d0_m0,factorial_combination,1.0,0.05,0,1.0,1423,error_peak_dynamic,5.5267775233405985,0.30368632691552244,0.30368632691552244,0.29348372742067164,0.05494817289695473,1.0,0.0,1.285246630371671,0.07961383453437926,0.06194440246177212,0.3030349787281739,3,"[[3, 4], [2, 3], [1, 4], [2, 4]]","[true, true, true, true, true]",0,0.0,0,1,1,0.1789222499999994
figure_eight--demand_conflict,figure_eight,demand_conflict,n1_d0_m0,factorial_combination,1.0,0.05,0,1.0,1423,violation_safe,5.5267775233405985,0.39352277597744945,0.39352277597744945,0.31258238381956316,0.07120293413576544,1.0,0.0,1.285246630371671,0.1390220101468677,0.1081675741150669,0.3208950479792121,3,"[[1, 3], [3, 4], [0, 4], [0, 3]]","[true, true, true, true, true]",0,4.0,0,1,1,0.1748813340000055
figure_eight--demand_conflict,figure_eight,demand_conflict,n1_d0_m0,factorial_combination,1.0,0.05,0,1.0,1423,dual_anchor_dynamic,5.5267775233405985,0.2944738566581603,0.2944738566581603,0.2839087671181217,0.05328129374025696,1.0,0.0,1.285246630371671,0.06526653717490968,0.05078133303958614,0.2953061825300351,3,"[[3, 4], [2, 3], [0, 4], [0, 2]]","[true, true, true, true, true]",0,4.0,0,1,1,0.19223550000000955
figure_eight--demand_conflict,figure_eight,demand_conflict,n1_d0_m0,factorial_combination,1.0,0.05,0,1.0,1451,full_trajectory,8.483953944750867,1.732007605328504,1.732007605328504,0.4799293656710448,0.20415099098930395,1.0,0.16666666666666666,2.276688345741528,0.32320778473811673,0.1419640001859132,0.4822828376986675,0,"[[0, 1, 2, 3, 4, 5], [0, 1, 2, 3, 4, 5], [0, 1, 2, 3, 4, 5], [0, 1, 2, 3, 4, 5]]","[true, true, true, true, true]",0,0.0,0,1,1,0.31309487500000444
figure_eight--demand_conflict,figure_eight,demand_conflict,n1_d0_m0,factorial_combination,1.0,0.05,0,1.0,1451,error_peak_dynamic,8.483953944750867,1.279924761090908,1.279924761090908,0.4545314975050542,0.15086418071408958,1.0,0.3333333333333333,2.276688345741528,0.3327954091914144,0.1461752153358616,0.4572293111719933,2,"[[2, 4], [3, 4], [3, 4], [2, 3]]","[true, true, true, true, true]",0,0.0,0,1,1,0.29464483300000666
figure_eight--demand_conflict,figure_eight,demand_conflict,n1_d0_m0,factorial_combination,1.0,0.05,0,1.0,1451,violation_safe,8.483953944750867,1.3687047843511426,1.3687047843511426,0.44497265257268814,0.16132864384512344,1.0,0.3333333333333333,2.276688345741528,0.33258453553012185,0.14608259235490464,0.44817811733942065,3,"[[2, 3], [3, 5], [2, 3], [0, 3]]","[true, true, true, true, true]",0,4.0,0,1,1,0.2513289589999914
figure_eight--demand_conflict,figure_eight,demand_conflict,n1_d0_m0,factorial_combination,1.0,0.05,0,1.0,1451,dual_anchor_dynamic,8.483953944750867,1.0470985337372203,1.0470985337372203,0.4423030173582366,0.12342105350360533,1.0,0.3333333333333333,2.276688345741528,0.3294114972827979,0.14468888458051427,0.4455340621220256,2,"[[3, 4], [2, 3], [3, 4], [3, 4]]","[true, true, true, true, true]",0,4.0,0,1,1,0.29439791699999773
figure_eight--demand_conflict,figure_eight,demand_conflict,n1_d0_m0,factorial_combination,1.0,0.05,0,1.0,1471,full_trajectory,6.859013664666254,0.5772850865073459,0.5772850865073459,0.3940639722228762,0.08416444619161369,1.0,0.0,1.7548663425850282,0.09977837788303666,0.05685810677527546,0.3993397594618595,0,"[[0, 1, 2, 3, 4, 5], [0, 1, 2, 3, 4, 5], [0, 1, 2, 3, 4, 5], [0, 1, 2, 3, 4, 5]]","[true, true, true, true, true]",0,0.0,0,1,1,0.21605866699999865
figure_eight--demand_conflict,figure_eight,demand_conflict,n1_d0_m0,factorial_combination,1.0,0.05,0,1.0,1471,error_peak_dynamic,6.859013664666254,0.4805270828585133,0.4805270828585133,0.3764954501451121,0.07005775266696379,1.0,0.0,1.7548663425850282,0.17015686507216193,0.0969628631782351,0.3827257153584414,1,"[[3, 4], [2, 3], [2, 3], [2, 3]]","[true, true, true, true, true]",0,0.0,0,1,1,0.20555462500000488
figure_eight--demand_conflict,figure_eight,demand_conflict,n1_d0_m0,factorial_combination,1.0,0.05,0,1.0,1471,violation_safe,6.859013664666254,0.4673552589768588,0.4673552589768588,0.37162959426051506,0.06813738561047165,1.0,0.0,1.7548663425850282,0.2245532988387039,0.1279603428417932,0.37703380523651775,3,"[[2, 3], [3, 5], [2, 3], [0, 3]]","[true, true, true, true, true]",0,4.0,0,1,1,0.20345158399999264
figure_eight--demand_conflict,figure_eight,demand_conflict,n1_d0_m0,factorial_combination,1.0,0.05,0,1.0,1471,dual_anchor_dynamic,6.859013664666254,0.4810461812827507,0.4810461812827507,0.37457762231693364,0.07013343387269041,1.0,0.0,1.7548663425850282,0.12481587378436336,0.07112557278892348,0.38080905728955894,1,"[[3, 4], [2, 3], [2, 3], [2, 3]]","[true, true, true, true, true]",0,4.0,0,1,1,0.2218342910000075
figure_eight--demand_conflict,figure_eight,demand_conflict,n1_d0_m0,factorial_combination,1.0,0.05,0,1.0,1499,full_trajectory,4.714153393138054,0.3545191822531236,0.3545191822531236,0.3679267095708633,0.075203149470945,1.0,0.0,1.2331125670645522,0.06504249613706169,0.052746600654550606,0.3755731937355781,0,"[[0, 1, 2, 3, 4, 5], [0, 1, 2, 3, 4, 5], [0, 1, 2, 3, 4, 5], [0, 1, 2, 3, 4, 5]]","[true, true, true, true, true]",0,0.0,0,1,1,0.20829504200000315
figure_eight--demand_conflict,figure_eight,demand_conflict,n1_d0_m0,factorial_combination,1.0,0.05,0,1.0,1499,error_peak_dynamic,4.714153393138054,0.2879315173506453,0.2879315173506453,0.3644447625017994,0.06107809681580576,1.0,0.0,1.2331125670645522,0.1055700170661585,0.08561263576890626,0.37459517488522937,2,"[[2, 4], [3, 4], [2, 3], [2, 3]]","[true, true, true, true, true]",0,0.0,0,1,1,0.18749095900000157
figure_eight--demand_conflict,figure_eight,demand_conflict,n1_d0_m0,factorial_combination,1.0,0.05,0,1.0,1499,violation_safe,4.714153393138054,0.34423825759761184,0.34423825759761184,0.3518996351760998,0.07302228605855016,1.0,0.0,1.2331125670645522,0.15777572468482343,0.1279491661174223,0.3613883496544068,3,"[[2, 3], [3, 5], [2, 3], [0, 3]]","[true, true, true, true, true]",0,4.0,0,1,1,0.17507054200000027
figure_eight--demand_conflict,figure_eight,demand_conflict,n1_d0_m0,factorial_combination,1.0,0.05,0,1.0,1499,dual_anchor_dynamic,4.714153393138054,0.25640279737821237,0.25640279737821237,0.3504852485115125,0.05438999879627031,1.0,0.0,1.2331125670645522,0.08336493279774429,0.067605290080042,0.3604723197155922,2,"[[3, 4], [2, 3], [2, 3], [0, 3]]","[true, true, true, true, true]",0,4.0,0,1,1,0.20766262499999755
s_curve--neutral,s_curve,neutral,n1_d0_m0,factorial_combination,1.0,0.05,0,1.0,1423,full_trajectory,2.843784733081959,0.19459598309999007,0.19459598309999007,0.2893963307128616,0.06842852092011063,0.8333333333333334,0.0,0.5348753545371617,0.04191142835434207,0.07835737429070529,0.3136974912835559,0,"[[0, 1, 2, 3, 4, 5], [0, 1, 2, 3, 4, 5], [0, 1, 2, 3, 4, 5], [0, 1, 2, 3, 4, 5]]","[true, true, true, true, true]",0,0.0,0,1,1,0.21140633299999934
s_curve--neutral,s_curve,neutral,n1_d0_m0,factorial_combination,1.0,0.05,0,1.0,1423,error_peak_dynamic,2.843784733081959,0.17834667651004077,0.17834667651004077,0.2919795006042652,0.06271454883181579,0.8333333333333334,0.0,0.5348753545371617,0.07083448290047219,0.1324317568562617,0.319409107485437,3,"[[2, 3], [2, 4], [3, 4], [1, 2]]","[true, true, true, true, true]",0,0.0,0,1,1,0.19720762499999012
s_curve--neutral,s_curve,neutral,n1_d0_m0,factorial_combination,1.0,0.05,0,1.0,1423,violation_safe,2.843784733081959,0.18296483766002258,0.18296483766002258,0.29776182222815045,0.06433849775321565,0.8333333333333334,0.0,0.5348753545371617,0.07165875372421648,0.13397280902243894,0.32030627507103987,3,"[[2, 3], [3, 4], [2, 4], [1, 2]]","[true, true, true, true, true]",0,4.0,0,1,1,0.20426729100000784
s_curve--neutral,s_curve,neutral,n1_d0_m0,factorial_combination,1.0,0.05,0,1.0,1423,dual_anchor_dynamic,2.843784733081959,0.17834667651004077,0.17834667651004077,0.2919795006042652,0.06271454883181579,0.8333333333333334,0.0,0.5348753545371617,0.07083448290047219,0.1324317568562617,0.319409107485437,3,"[[2, 3], [2, 4], [3, 4], [1, 2]]","[true, true, true, true, true]",0,4.0,0,1,1,0.20041950000000952
s_curve--neutral,s_curve,neutral,n1_d0_m0,factorial_combination,1.0,0.05,0,1.0,1451,full_trajectory,6.630915937954644,1.479915248369346,1.479915248369346,0.4455690018158495,0.2231841365833748,1.0,0.3333333333333333,1.0000561667524883,0.30381107867478774,0.3037940155515088,0.44881195632053883,0,"[[0, 1, 2, 3, 4, 5], [0, 1, 2, 3, 4, 5], [0, 1, 2, 3, 4, 5], [0, 1, 2, 3, 4, 5]]","[true, true, true, true, true]",0,0.0,0,1,1,0.2422886659999932
s_curve--neutral,s_curve,neutral,n1_d0_m0,factorial_combination,1.0,0.05,0,1.0,1451,error_peak_dynamic,6.630915937954644,1.2389346178699638,1.2389346178699638,0.4095365240057361,0.18684215415527083,1.0,0.3333333333333333,1.0000561667524883,0.3769071514311163,0.3768859829693946,0.41314057443497343,2,"[[3, 4], [3, 4], [2, 4], [2, 3]]","[true, true, true, true, true]",0,0.0,0,1,1,0.21530045800000153
s_curve--neutral,s_curve,neutral,n1_d0_m0,factorial_combination,1.0,0.05,0,1.0,1451,violation_safe,6.630915937954644,1.2389346178699638,1.2389346178699638,0.4095365240057361,0.18684215415527083,1.0,0.3333333333333333,1.0000561667524883,0.3769071514311163,0.3768859829693946,0.41314057443497343,2,"[[3, 4], [3, 4], [2, 4], [2, 3]]","[true, true, true, true, true]",0,4.0,0,1,1,0.21793041700000515
s_curve--neutral,s_curve,neutral,n1_d0_m0,factorial_combination,1.0,0.05,0,1.0,1451,dual_anchor_dynamic,6.630915937954644,1.2389346178699638,1.2389346178699638,0.4095365240057361,0.18684215415527083,1.0,0.3333333333333333,1.0000561667524883,0.3769071514311163,0.3768859829693946,0.41314057443497343,2,"[[3, 4], [3, 4], [2, 4], [2, 3]]","[true, true, true, true, true]",0,4.0,0,1,1,0.21805924999999604
s_curve--neutral,s_curve,neutral,n1_d0_m0,factorial_combination,1.0,0.05,0,1.0,1471,full_trajectory,5.029403999753053,0.8743557502264171,0.8743557502264171,0.4097282133095432,0.17384878014757782,0.8333333333333334,0.16666666666666666,0.7746383417464657,0.172558197879226,0.22275969130340725,0.41317097618381443,0,"[[0, 1, 2, 3, 4, 5], [0, 1, 2, 3, 4, 5], [0, 1, 2, 3, 4, 5], [0, 1, 2, 3, 4, 5]]","[true, true, true, true, true]",0,0.0,0,1,1,0.24306804200000443
s_curve--neutral,s_curve,neutral,n1_d0_m0,factorial_combination,1.0,0.05,0,1.0,1471,error_peak_dynamic,5.029403999753053,0.637327699150604,0.637327699150604,0.3555104060064335,0.12672032296110974,0.8333333333333334,0.0,0.7746383417464657,0.24781988009606928,0.3199168782910299,0.3598515831347952,1,"[[3, 4], [2, 4], [2, 4], [2, 4]]","[true, true, true, true, true]",0,0.0,0,1,1,0.21437816600000303
s_curve--neutral,s_curve,neutral,n1_d0_m0,factorial_combination,1.0,0.05,0,1.0,1471,violation_safe,5.029403999753053,0.6365300259176097,0.6365300259176097,0.35983228994048494,0.12656172102079366,0.8333333333333334,0.0,0.7746383417464657,0.24595858761652023,0.31751408930003744,0.3649975724216993,3,"[[3, 4], [2, 4], [2, 3], [2, 4]]","[true, true, true, true, true]",0,4.0,0,1,1,0.21654741700000102
s_curve--neutral,s_curve,neutral,n1_d0_m0,factorial_combination,1.0,0.05,0,1.0,1471,dual_anchor_dynamic,5.029403999753053,0.637327699150604,0.637327699150604,0.3555104060064335,0.12672032296110974,0.8333333333333334,0.0,0.7746383417464657,0.24781988009606928,0.3199168782910299,0.3598515831347952,1,"[[3, 4], [2, 4], [2, 4], [2, 4]]","[true, true, true, true, true]",0,4.0,0,1,1,0.21702129099999468
s_curve--neutral,s_curve,neutral,n1_d0_m0,factorial_combination,1.0,0.05,0,1.0,1499,full_trajectory,3.4639200112194795,0.48115582312845073,0.48115582312845073,0.3825658715653584,0.13890500403300565,0.6666666666666666,0.0,0.5395615997682425,0.09420127141991125,0.17458853902941474,0.39852437294025544,0,"[[0, 1, 2, 3, 4, 5], [0, 1, 2, 3, 4, 5], [0, 1, 2, 3, 4, 5], [0, 1, 2, 3, 4, 5]]","[true, true, true, true, true]",0,0.0,0,1,1,0.2314312909999927
s_curve--neutral,s_curve,neutral,n1_d0_m0,factorial_combination,1.0,0.05,0,1.0,1499,error_peak_dynamic,3.4639200112194795,0.3227148046637648,0.3227148046637648,0.3314379387786914,0.09316462378418272,0.6666666666666666,0.0,0.5395615997682425,0.14823803506679042,0.2747379263655216,0.3523426109964126,1,"[[3, 4], [2, 4], [2, 4], [2, 4]]","[true, true, true, true, true]",0,0.0,0,1,1,0.21312620799999138
s_curve--neutral,s_curve,neutral,n1_d0_m0,factorial_combination,1.0,0.05,0,1.0,1499,violation_safe,3.4639200112194795,0.3227148046637648,0.3227148046637648,0.3314379387786914,0.09316462378418272,0.6666666666666666,0.0,0.5395615997682425,0.14823803506679042,0.2747379263655216,0.3523426109964126,1,"[[3, 4], [2, 4], [2, 4], [2, 4]]","[true, true, true, true, true]",0,4.0,0,1,1,0.21590533299999493
s_curve--neutral,s_curve,neutral,n1_d0_m0,factorial_combination,1.0,0.05,0,1.0,1499,dual_anchor_dynamic,3.4639200112194795,0.3227148046637648,0.3227148046637648,0.3314379387786914,0.09316462378418272,0.6666666666666666,0.0,0.5395615997682425,0.14823803506679042,0.2747379263655216,0.3523426109964126,1,"[[3, 4], [2, 4], [2, 4], [2, 4]]","[true, true, true, true, true]",0,4.0,0,1,1,0.215068291999998
s_curve--demand_aligned,s_curve,demand_aligned,n1_d0_m0,factorial_combination,1.0,0.05,0,1.0,1423,full_trajectory,3.2584550260979466,0.34242699306639485,0.34242699306639485,0.3487982575428226,0.10508875842194967,0.5,0.0,0.5348753545371617,0.04271647740164649,0.07986248953012597,0.36518380206718126,0,"[[0, 1, 2, 3, 4, 5], [0, 1, 2, 3, 4, 5], [0, 1, 2, 3, 4, 5], [0, 1, 2, 3, 4, 5]]","[true, true, true, true, true]",0,0.0,0,1,1,0.21149250000000563
s_curve--demand_aligned,s_curve,demand_aligned,n1_d0_m0,factorial_combination,1.0,0.05,0,1.0,1423,error_peak_dynamic,3.2584550260979466,0.4202557653507105,0.4202557653507105,0.3918091377809917,0.1289739345747465,0.5,0.0,0.5348753545371617,0.1558816379956171,0.29143544691922585,0.40868948087839463,3,"[[2, 3], [3, 4], [2, 4], [1, 3]]","[true, true, true, true, true]",0,0.0,0,1,1,0.1727687919999994
s_curve--demand_aligned,s_curve,demand_aligned,n1_d0_m0,factorial_combination,1.0,0.05,0,1.0,1423,violation_safe,3.2584550260979466,0.36268657025794393,0.26441852567783614,0.3786930270113791,0.11130629925933551,0.5,0.0,0.5348753545371617,0.21747623623945173,0.4065923666040628,0.4048839851516836,2,"[[2, 3], [2, 4], [2, 4], [1, 4]]","[true, true, true, true, false]",1,2.0,0,1,1,0.16515641700000572
s_curve--demand_aligned,s_curve,demand_aligned,n1_d0_m0,factorial_combination,1.0,0.05,0,1.0,1423,dual_anchor_dynamic,3.2584550260979466,0.38813247028742,0.25101221206908003,0.33677022305902266,0.11911549098537505,0.5,0.0,0.5348753545371617,0.0986629422107175,0.18445969023211492,0.3604512050646277,3,"[[2, 3], [3, 4], [2, 4], [2, 3]]","[true, true, true, true, false]",1,2.0,0,1,1,0.1982653749999912
s_curve--demand_aligned,s_curve,demand_aligned,n1_d0_m0,factorial_combination,1.0,0.05,0,1.0,1451,full_trajectory,8.699162021396699,2.4141903898666155,2.4141903898666155,0.4927616638243596,0.2775198788031084,0.8333333333333334,0.3333333333333333,1.0000561667524883,0.3046104108891133,0.3045933028724612,0.5093904221809555,0,"[[0, 1, 2, 3, 4, 5], [0, 1, 2, 3, 4, 5], [0, 1, 2, 3, 4, 5], [0, 1, 2, 3, 4, 5]]","[true, true, true, true, true]",0,0.0,0,1,1,0.2439285840000025
s_curve--demand_aligned,s_curve,demand_aligned,n1_d0_m0,factorial_combination,1.0,0.05,0,1.0,1451,error_peak_dynamic,8.699162021396699,1.8806585511220122,1.8806585511220122,0.467788154878228,0.21618847269384023,0.8333333333333334,0.5,1.0000561667524883,0.5502042330616984,0.550173331612356,0.47918628382291406,2,"[[3, 4], [3, 4], [1, 2], [2, 4]]","[true, true, true, true, true]",0,0.0,0,1,1,0.1616569579999947
s_curve--demand_aligned,s_curve,demand_aligned,n1_d0_m0,factorial_combination,1.0,0.05,0,1.0,1451,violation_safe,8.699162021396699,1.2908526672343001,1.2908526672343001,0.3914958502897127,0.14838816245280675,0.8333333333333334,0.3333333333333333,1.0000561667524883,0.5797608949348626,0.5797283334770458,0.4014783209648956,1,"[[3, 4], [2, 4], [2, 4], [2, 4]]","[true, true, true, true, true]",0,4.0,0,1,1,0.16890550000000815
s_curve--demand_aligned,s_curve,demand_aligned,n1_d0_m0,factorial_combination,1.0,0.05,0,1.0,1451,dual_anchor_dynamic,8.699162021396699,2.0208310589064378,2.0208310589064378,0.45616030026052723,0.2323018072241839,0.8333333333333334,0.3333333333333333,1.0000561667524883,0.37545130291477646,0.37543021621874545,0.47181253770396475,2,"[[3, 4], [3, 4], [2, 4], [2, 3]]","[true, true, true, true, true]",0,4.0,0,1,1,0.22370591700000375
s_curve--demand_aligned,s_curve,demand_aligned,n1_d0_m0,factorial_combination,1.0,0.05,0,1.0,1471,full_trajectory,6.576527938768779,1.36591264718357,1.36591264718357,0.4442938170856755,0.20769510293288418,0.6666666666666666,0.16666666666666666,0.7746383417464657,0.171537566709781,0.2214421330127294,0.4466274818567492,0,"[[0, 1, 2, 3, 4, 5], [0, 1, 2, 3, 4, 5], [0, 1, 2, 3, 4, 5], [0, 1, 2, 3, 4, 5]]","[true, true, true, true, true]",0,0.0,0,1,1,0.24319741700000463
s_curve--demand_aligned,s_curve,demand_aligned,n1_d0_m0,factorial_combination,1.0,0.05,0,1.0,1471,error_peak_dynamic,6.576527938768779,1.2265778527267504,1.2265778527267504,0.41776727826358245,0.18650842270372586,0.6666666666666666,0.16666666666666666,0.7746383417464657,0.37191449918217195,0.48011372422344833,0.4206691461885046,3,"[[3, 4], [2, 4], [1, 3], [2, 4]]","[true, true, true, true, true]",0,0.0,0,1,1,0.16760537499999373
s_curve--demand_aligned,s_curve,demand_aligned,n1_d0_m0,factorial_combination,1.0,0.05,0,1.0,1471,violation_safe,6.576527938768779,0.84330723387397,0.84330723387397,0.3821882731079106,0.1282298565026471,0.6666666666666666,0.16666666666666666,0.7746383417464657,0.39976731060073295,0.5160696147565264,0.38503992089662675,1,"[[3, 4], [2, 4], [2, 4], [2, 4]]","[true, true, true, true, true]",0,4.0,0,1,1,0.24182758399999216
s_curve--demand_aligned,s_curve,demand_aligned,n1_d0_m0,factorial_combination,1.0,0.05,0,1.0,1471,dual_anchor_dynamic,6.576527938768779,0.9709319892930601,0.9709319892930601,0.38603754897083997,0.14763595598361173,0.6666666666666666,0.16666666666666666,0.7746383417464657,0.23760447685374872,0.30672955887783204,0.3889760920121931,2,"[[3, 4], [2, 4], [2, 4], [2, 3]]","[true, true, true, true, true]",0,4.0,0,1,1,0.22090812500000823
s_curve--demand_aligned,s_curve,demand_aligned,n1_d0_m0,factorial_combination,1.0,0.05,0,1.0,1499,full_trajectory,4.535250694393355,0.801389176783767,0.801389176783767,0.4219806127700607,0.17670228853599515,0.6666666666666666,0.16666666666666666,0.5395615997682425,0.09803170659730405,0.18168770097688855,0.449773825873925,0,"[[0, 1, 2, 3, 4, 5], [0, 1, 2, 3, 4, 5], [0, 1, 2, 3, 4, 5], [0, 1, 2, 3, 4, 5]]","[true, true, true, true, true]",0,0.0,0,1,1,0.23568450000000496
s_curve--demand_aligned,s_curve,demand_aligned,n1_d0_m0,factorial_combination,1.0,0.05,0,1.0,1499,error_peak_dynamic,4.535250694393355,0.5706818442419272,0.5706818442419272,0.396375654897474,0.12583248042879422,0.6666666666666666,0.0,0.5395615997682425,0.2517594701736684,0.4666000513783903,0.42675091292769796,3,"[[3, 4], [2, 4], [1, 2], [2, 4]]","[true, true, true, true, true]",0,0.0,0,1,1,0.1565985000000012
s_curve--demand_aligned,s_curve,demand_aligned,n1_d0_m0,factorial_combination,1.0,0.05,0,1.0,1499,violation_safe,4.535250694393355,0.5054026842450212,0.5054026842450212,0.37730424146265695,0.11143875351142524,0.6666666666666666,0.0,0.5395615997682425,0.2589482944631812,0.4799235056282861,0.4122052697398957,1,"[[3, 4], [2, 4], [2, 4], [2, 4]]","[true, true, true, true, true]",0,4.0,0,1,1,0.16184929199999942
s_curve--demand_aligned,s_curve,demand_aligned,n1_d0_m0,factorial_combination,1.0,0.05,0,1.0,1499,dual_anchor_dynamic,4.535250694393355,0.530093704335053,0.530093704335053,0.3746766948260676,0.11688299943162447,0.6666666666666666,0.0,0.5395615997682425,0.15001325698020213,0.2780280454439997,0.4090924919228254,3,"[[3, 4], [2, 4], [2, 3], [2, 4]]","[true, true, true, true, true]",0,4.0,0,1,1,0.2093807920000046
s_curve--demand_conflict,s_curve,demand_conflict,n1_d0_m0,factorial_combination,1.0,0.05,0,1.0,1423,full_trajectory,2.4244019106914023,0.16988072005097732,0.16988072005097732,0.27109568227912995,0.07007118716654119,0.8333333333333334,0.0,0.5348753545371617,0.039762651874675856,0.07434003368706953,0.3333139346408985,0,"[[0, 1, 2, 3, 4, 5], [0, 1, 2, 3, 4, 5], [0, 1, 2, 3, 4, 5], [0, 1, 2, 3, 4, 5]]","[true, true, true, true, true]",0,0.0,0,1,1,0.21613075000000492
s_curve--demand_conflict,s_curve,demand_conflict,n1_d0_m0,factorial_combination,1.0,0.05,0,1.0,1423,error_peak_dynamic,2.4244019106914023,0.1459257672069212,0.1459257672069212,0.2841482573788635,0.060190419155916844,0.8333333333333334,0.0,0.5348753545371617,0.09762222923751343,0.1825139790222488,0.33948242956979763,3,"[[2, 3], [2, 4], [1, 4], [1, 2]]","[true, true, true, true, true]",0,0.0,0,1,1,0.1537667499999884
s_curve--demand_conflict,s_curve,demand_conflict,n1_d0_m0,factorial_combination,1.0,0.05,0,1.0,1423,violation_safe,2.4244019106914023,0.3379364051063428,0.3379364051063428,0.330813861663513,0.13938959692123346,0.8333333333333334,0.0,0.5348753545371617,0.15937561505521627,0.2979677670756155,0.36750739569810875,2,"[[3, 5], [3, 4], [0, 1], [0, 1]]","[true, true, true, true, true]",0,4.0,0,1,1,0.15732620800000063
s_curve--demand_conflict,s_curve,demand_conflict,n1_d0_m0,factorial_combination,1.0,0.05,0,1.0,1423,dual_anchor_dynamic,2.4244019106914023,0.18726430223612128,0.18726430223612128,0.27445611946879117,0.07724144309996703,0.8333333333333334,0.0,0.5348753545371617,0.0983376539484069,0.18385153309877295,0.33127172792997445,2,"[[2, 3], [2, 4], [0, 4], [0, 4]]","[true, true, true, false, true]",1,2.3,0,1,1,0.20617500000000177
s_curve--demand_conflict,s_curve,demand_conflict,n1_d0_m0,factorial_combination,1.0,0.05,0,1.0,1451,full_trajectory,4.679254006930753,0.7993480214490731,0.7993480214490731,0.421327051994086,0.17082808932045704,1.0,0.0,1.0000561667524883,0.30156333112085265,0.3015463942391637,0.43116276332711523,0,"[[0, 1, 2, 3, 4, 5], [0, 1, 2, 3, 4, 5], [0, 1, 2, 3, 4, 5], [0, 1, 2, 3, 4, 5]]","[true, true, true, true, true]",0,0.0,0,1,1,0.24473650000001612
s_curve--demand_conflict,s_curve,demand_conflict,n1_d0_m0,factorial_combination,1.0,0.05,0,1.0,1451,error_peak_dynamic,4.679254006930753,0.7309912878231173,0.7309912878231173,0.3888439456787262,0.15621962106361348,1.0,0.0,1.0000561667524883,0.4411104542572715,0.44108567990706204,0.39862346709711916,1,"[[3, 4], [3, 4], [2, 4], [2, 4]]","[true, true, true, true, true]",0,0.0,0,1,1,0.208080625000008
s_curve--demand_conflict,s_curve,demand_conflict,n1_d0_m0,factorial_combination,1.0,0.05,0,1.0,1451,violation_safe,4.679254006930753,0.7005595503775652,0.7005595503775652,0.39052730410475367,0.14971607639592124,1.0,0.0,1.0000561667524883,0.4434514002428772,0.44342649441671855,0.39842135827411557,2,"[[3, 4], [3, 4], [2, 3], [2, 4]]","[true, true, true, true, true]",0,4.0,0,1,1,0.21178387499998053
s_curve--demand_conflict,s_curve,demand_conflict,n1_d0_m0,factorial_combination,1.0,0.05,0,1.0,1451,dual_anchor_dynamic,4.679254006930753,0.7022587780485458,0.7022587780485458,0.3851809005878377,0.15007921711631464,1.0,0.0,1.0000561667524883,0.3759707007463619,0.3759495848790799,0.39551497031778415,2,"[[3, 4], [3, 4], [2, 4], [2, 3]]","[true, true, true, true, true]",0,4.0,0,1,1,0.22352083400002698
s_curve--demand_conflict,s_curve,demand_conflict,n1_d0_m0,factorial_combination,1.0,0.05,0,1.0,1471,full_trajectory,3.576887275564574,0.49443973106176087,0.49443973106176087,0.38380705153058225,0.1382318460074252,1.0,0.0,0.7746383417464657,0.16936077297703786,0.2186320555669946,0.3893701822784981,0,"[[0, 1, 2, 3, 4, 5], [0, 1, 2, 3, 4, 5], [0, 1, 2, 3, 4, 5], [0, 1, 2, 3, 4, 5]]","[true, true, true, true, true]",0,0.0,0,1,1,0.24171704199997635
s_curve--demand_conflict,s_curve,demand_conflict,n1_d0_m0,factorial_combination,1.0,0.05,0,1.0,1471,error_peak_dynamic,3.576887275564574,0.46258350996522823,0.46258350996522823,0.3690511823954474,0.12932571655957883,1.0,0.0,0.7746383417464657,0.28574498115667796,0.36887533931311717,0.3758113047478828,2,"[[3, 4], [3, 4], [2, 3], [2, 4]]","[true, true, true, true, true]",0,0.0,0,1,1,0.20991262499998697
s_curve--demand_conflict,s_curve,demand_conflict,n1_d0_m0,factorial_combination,1.0,0.05,0,1.0,1471,violation_safe,3.576887275564574,0.46258350996522823,0.46258350996522823,0.3690511823954474,0.12932571655957883,1.0,0.0,0.7746383417464657,0.28574498115667796,0.36887533931311717,0.3758113047478828,2,"[[3, 4], [3, 4], [2, 3], [2, 4]]","[true, true, true, true, true]",0,4.0,0,1,1,0.21124020799999244
s_curve--demand_conflict,s_curve,demand_conflict,n1_d0_m0,factorial_combination,1.0,0.05,0,1.0,1471,dual_anchor_dynamic,3.576887275564574,0.4298238561127309,0.4298238561127309,0.3601868167775505,0.12016701198527083,1.0,0.0,0.7746383417464657,0.24210836976404695,0.31254374682538955,0.36813956204232823,2,"[[3, 4], [3, 4], [2, 3], [2, 4]]","[true, true, true, true, true]",0,4.0,0,1,1,0.21484716699998785
s_curve--demand_conflict,s_curve,demand_conflict,n1_d0_m0,factorial_combination,1.0,0.05,0,1.0,1499,full_trajectory,2.459119502535183,0.27112402720080575,0.27112402720080575,0.367481943582494,0.11025248139478197,0.8333333333333334,0.0,0.5395615997682425,0.09655786949136516,0.17895615539141332,0.389235130012988,0,"[[0, 1, 2, 3, 4, 5], [0, 1, 2, 3, 4, 5], [0, 1, 2, 3, 4, 5], [0, 1, 2, 3, 4, 5]]","[true, true, true, true, true]",0,0.0,0,1,1,0.23143899999999462
s_curve--demand_conflict,s_curve,demand_conflict,n1_d0_m0,factorial_combination,1.0,0.05,0,1.0,1499,error_peak_dynamic,2.459119502535183,0.2165580728094393,0.2165580728094393,0.34639170563927585,0.08806325702601392,0.8333333333333334,0.0,0.5395615997682425,0.17578109461448457,0.3257850349060936,0.3692436488162143,3,"[[3, 4], [2, 4], [2, 3], [2, 4]]","[true, true, true, true, true]",0,0.0,0,1,1,0.19119745800000487
s_curve--demand_conflict,s_curve,demand_conflict,n1_d0_m0,factorial_combination,1.0,0.05,0,1.0,1499,violation_safe,2.459119502535183,0.26327752190675546,0.26327752190675546,0.3581859243914242,0.10706170303449444,0.8333333333333334,0.0,0.5395615997682425,0.18444922495914912,0.34185017065405593,0.37523559168456916,2,"[[3, 4], [3, 4], [2, 3], [2, 4]]","[true, true, true, true, true]",0,4.0,0,1,1,0.18961958400001322
s_curve--demand_conflict,s_curve,demand_conflict,n1_d0_m0,factorial_combination,1.0,0.05,0,1.0,1499,dual_anchor_dynamic,2.459119502535183,0.20570680603044875,0.20570680603044875,0.34011175634767543,0.08365059356341942,0.8333333333333334,0.0,0.5395615997682425,0.1503203092341833,0.2785971227358475,0.36401882804261015,3,"[[3, 4], [2, 4], [2, 3], [2, 4]]","[true, true, true, true, true]",0,4.0,0,1,1,0.22661645900001304
harmonic_loop--neutral,harmonic_loop,neutral,n0_d1_m0,factorial_combination,1.0,0.0,4,1.0,1423,full_trajectory,12.095974503412293,3.4101956329839753,3.4101956329839753,0.4533141011804277,0.2819281432861779,0.8333333333333334,0.6666666666666666,2.09389930381773,0.6039183105486788,0.2884180291991963,0.4533141011804277,0,"[[0, 1, 2, 3, 4, 5], [0, 1, 2, 3, 4, 5], [0, 1, 2, 3, 4, 5], [0, 1, 2, 3, 4, 5]]","[true, true, true, true, true]",0,0.0,0,1,1,0.3118708339999898
harmonic_loop--neutral,harmonic_loop,neutral,n0_d1_m0,factorial_combination,1.0,0.0,4,1.0,1423,error_peak_dynamic,12.095974503412293,3.12276337352409,3.12276337352409,0.42129871580624506,0.25816550561041224,0.8333333333333334,0.6666666666666666,2.09389930381773,0.6392802665060714,0.30530611731924984,0.42129871580624506,3,"[[2, 3], [2, 4], [3, 4], [2, 3]]","[true, true, true, true, true]",0,0.0,0,1,1,0.28093841700001576
harmonic_loop--neutral,harmonic_loop,neutral,n0_d1_m0,factorial_combination,1.0,0.0,4,1.0,1423,violation_safe,12.095974503412293,2.300618565754636,2.300618565754636,0.41280265780428826,0.19019704159475767,0.8333333333333334,0.6666666666666666,2.09389930381773,0.6362539399702981,0.30386081069430587,0.41280265780428826,2,"[[2, 3], [2, 4], [3, 4], [3, 4]]","[true, true, true, true, true]",0,4.0,0,1,1,0.28155633400001534
harmonic_loop--neutral,harmonic_loop,neutral,n0_d1_m0,factorial_combination,1.0,0.0,4,1.0,1423,dual_anchor_dynamic,12.095974503412293,2.8880473864502147,3.098663867685871,0.421049671115474,0.23876103456034006,0.8333333333333334,0.6666666666666666,2.09389930381773,0.6929712219508285,0.3309477302405896,0.421049671115474,3,"[[2, 3], [2, 4], [3, 4], [2, 4]]","[true, true, true, true, false]",1,2.0,0,1,1,0.28618979200001604
harmonic_loop--neutral,harmonic_loop,neutral,n0_d1_m0,factorial_combination,1.0,0.0,4,1.0,1451,full_trajectory,19.97094389779431,14.245055530525391,14.245055530525391,0.7761682749519824,0.713289046498132,1.0,0.8333333333333334,2.816198547426528,1.965529926283526,0.6979372701117427,0.7761682749519824,0,"[[0, 1, 2, 3, 4, 5], [0, 1, 2, 3, 4, 5], [0, 1, 2, 3, 4, 5], [0, 1, 2, 3, 4, 5]]","[true, true, true, true, true]",0,0.0,0,1,1,0.3773432499999956
harmonic_loop--neutral,harmonic_loop,neutral,n0_d1_m0,factorial_combination,1.0,0.0,4,1.0,1451,error_peak_dynamic,19.97094389779431,14.501638906478759,14.501638906478759,0.7680409403187791,0.7261368806949776,1.0,0.8333333333333334,2.816198547426528,2.0543250893923823,0.7294674202817292,0.7680409403187791,1,"[[2, 3], [2, 3], [1, 3], [1, 3]]","[true, true, true, true, true]",0,0.0,0,1,1,0.33126333299998123
harmonic_loop--neutral,harmonic_loop,neutral,n0_d1_m0,factorial_combination,1.0,0.0,4,1.0,1451,violation_safe,19.97094389779431,13.328029754946822,14.134174135185248,0.7496421714074059,0.6673710478160642,1.0,0.8333333333333334,2.816198547426528,2.042693134676342,0.7253370457643963,0.7496421714074059,2,"[[2, 3], [3, 4], [1, 3], [1, 3]]","[true, true, true, false, false]",2,1.0,0,1,1,0.360807541999975
harmonic_loop--neutral,harmonic_loop,neutral,n0_d1_m0,factorial_combination,1.0,0.0,4,1.0,1451,dual_anchor_dynamic,19.97094389779431,14.201343264228301,14.546891367127081,0.7683241796894362,0.7111002532933242,1.0,0.6666666666666666,2.816198547426528,2.0717613746767256,0.7356588464154713,0.7683241796894362,1,"[[2, 3], [2, 3], [1, 3], [1, 3]]","[true, true, true, false, false]",2,1.0,0,1,1,0.357213416999997
harmonic_loop--neutral,harmonic_loop,neutral,n0_d1_m0,factorial_combination,1.0,0.0,4,1.0,1471,full_trajectory,16.482271202651393,9.610776659929371,9.610776659929371,0.6824860784216367,0.58309783535071,0.6666666666666666,0.6666666666666666,2.335694367094855,1.4048832948589776,0.6014842158507135,0.6824860784216367,0,"[[0, 1, 2, 3, 4, 5], [0, 1, 2, 3, 4, 5], [0, 1, 2, 3, 4, 5], [0, 1, 2, 3, 4, 5]]","[true, true, true, true, true]",0,0.0,0,1,1,0.4035120830000096
harmonic_loop--neutral,harmonic_loop,neutral,n0_d1_m0,factorial_combination,1.0,0.0,4,1.0,1471,error_peak_dynamic,16.482271202651393,9.683339556794273,9.683339556794273,0.6683483819849781,0.5875003170216359,0.6666666666666666,0.8333333333333334,2.335694367094855,1.5324863331361294,0.6561159519523273,0.6683483819849781,2,"[[2, 3], [2, 3], [3, 4], [1, 3]]","[true, true, true, true, true]",0,0.0,0,1,1,0.30985316600001056
harmonic_loop--neutral,harmonic_loop,neutral,n0_d1_m0,factorial_combination,1.0,0.0,4,1.0,1471,violation_safe,16.482271202651393,9.38463163876612,9.913180124163212,0.6684614931267517,0.5693773341902344,0.6666666666666666,0.6666666666666666,2.335694367094855,1.5644569526144105,0.6698037956739552,0.6684614931267517,2,"[[2, 3], [3, 4], [1, 3], [1, 3]]","[true, true, true, false, false]",2,1.0,0,1,1,0.33858366700002307
harmonic_loop--neutral,harmonic_loop,neutral,n0_d1_m0,factorial_combination,1.0,0.0,4,1.0,1471,dual_anchor_dynamic,16.482271202651393,9.16041250624842,9.683339556794273,0.6683483819849781,0.5557736791016304,0.6666666666666666,0.6666666666666666,2.335694367094855,1.5242013011403555,0.6525688132031429,0.6683483819849781,2,"[[2, 3], [2, 3], [3, 4], [1, 3]]","[true, true, true, true, false]",1,2.0,0,1,1,0.31336250000001087
harmonic_loop--neutral,harmonic_loop,neutral,n0_d1_m0,factorial_combination,1.0,0.0,4,1.0,1499,full_trajectory,13.477293913694618,5.895122130863847,5.895122130863847,0.5795930649413886,0.437411409784101,0.8333333333333334,0.6666666666666666,1.957394937333305,0.982240935707911,0.5018102974385363,0.5795930649413886,0,"[[0, 1, 2, 3, 4, 5], [0, 1, 2, 3, 4, 5], [0, 1, 2, 3, 4, 5], [0, 1, 2, 3, 4, 5]]","[true, true, true, true, true]",0,0.0,0,1,1,0.3015771660000155
harmonic_loop--neutral,harmonic_loop,neutral,n0_d1_m0,factorial_combination,1.0,0.0,4,1.0,1499,error_peak_dynamic,13.477293913694618,5.763738856376906,5.763738856376906,0.5648789438143762,0.42766291907607845,0.8333333333333334,0.8333333333333334,1.957394937333305,1.0995382959406117,0.5617355368450012,0.5648789438143762,2,"[[2, 3], [2, 3], [3, 4], [1, 3]]","[true, true, true, true, true]",0,0.0,0,1,1,0.30646154100000444
harmonic_loop--neutral,harmonic_loop,neutral,n0_d1_m0,factorial_combination,1.0,0.0,4,1.0,1499,violation_safe,13.477293913694618,5.6031201416206375,5.6031201416206375,0.556360412573179,0.41574519169068247,0.8333333333333334,0.8333333333333334,1.957394937333305,1.0960434473713228,0.5599500777623032,0.556360412573179,3,"[[2, 3], [3, 4], [2, 3], [3, 4]]","[true, true, true, true, true]",0,4.0,0,1,1,0.3125901669999962
harmonic_loop--neutral,harmonic_loop,neutral,n0_d1_m0,factorial_combination,1.0,0.0,4,1.0,1499,dual_anchor_dynamic,13.477293913694618,5.72436444968609,5.763738856376906,0.5648789438143762,0.424741382531505,0.8333333333333334,0.6666666666666666,1.957394937333305,1.1456953172329678,0.585316379122666,0.5648789438143762,2,"[[2, 3], [2, 3], [3, 4], [1, 3]]","[true, true, true, true, false]",1,2.0,0,1,1,0.30926316700001166
harmonic_loop--demand_aligned,harmonic_loop,demand_aligned,n0_d1_m0,factorial_combination,1.0,0.0,4,1.0,1423,full_trajectory,17.265364493672827,4.84611752010042,4.84611752010042,0.43636975678924295,0.2806843447687628,0.8333333333333334,0.6666666666666666,2.09389930381773,0.6039183105486788,0.2884180291991963,0.43636975678924295,0,"[[0, 1, 2, 3, 4, 5], [0, 1, 2, 3, 4, 5], [0, 1, 2, 3, 4, 5], [0, 1, 2, 3, 4, 5]]","[true, true, true, true, true]",0,0.0,0,1,1,0.33029991700001915
harmonic_loop--demand_aligned,harmonic_loop,demand_aligned,n0_d1_m0,factorial_combination,1.0,0.0,4,1.0,1423,error_peak_dynamic,17.265364493672827,4.169107402567277,4.169107402567277,0.4572243705154609,0.2414723074103135,0.8333333333333334,0.8333333333333334,2.09389930381773,0.9190185345059988,0.4389029275812767,0.4572243705154609,3,"[[2, 3], [1, 4], [2, 3], [3, 4]]","[true, true, true, true, true]",0,0.0,0,1,1,0.20860054199999922
harmonic_loop--demand_aligned,harmonic_loop,demand_aligned,n0_d1_m0,factorial_combination,1.0,0.0,4,1.0,1423,violation_safe,17.265364493672827,3.692613668794425,3.692613668794425,0.42189668237264794,0.21387406388945007,0.8333333333333334,0.8333333333333334,2.09389930381773,1.0490105141815735,0.5009842222445707,0.42189668237264794,2,"[[2, 3], [2, 3], [1, 3], [3, 4]]","[true, true, true, true, true]",0,4.0,0,1,1,0.21393445900000074
harmonic_loop--demand_aligned,harmonic_loop,demand_aligned,n0_d1_m0,factorial_combination,1.0,0.0,4,1.0,1423,dual_anchor_dynamic,17.265364493672827,3.0252556617880026,3.0252556617880026,0.38233683802044627,0.17522107123175168,0.8333333333333334,0.6666666666666666,2.09389930381773,0.6469202170897249,0.3089547887571379,0.38233683802044627,1,"[[2, 3], [2, 3], [3, 4], [3, 4]]","[true, true, true, true, true]",0,4.0,0,1,1,0.2968369589999895
harmonic_loop--demand_aligned,harmonic_loop,demand_aligned,n0_d1_m0,factorial_combination,1.0,0.0,4,1.0,1451,full_trajectory,33.58673132743111,23.332819026380186,23.332819026380186,0.7659310411806423,0.694703476766246,0.6666666666666666,0.6666666666666666,2.816198547426528,1.965529926283526,0.6979372701117427,0.7659310411806423,0,"[[0, 1, 2, 3, 4, 5], [0, 1, 2, 3, 4, 5], [0, 1, 2, 3, 4, 5], [0, 1, 2, 3, 4, 5]]","[true, true, true, true, true]",0,0.0,0,1,1,0.3776753329999849
harmonic_loop--demand_aligned,harmonic_loop,demand_aligned,n0_d1_m0,factorial_combination,1.0,0.0,4,1.0,1451,error_peak_dynamic,33.58673132743111,18.728356895207124,18.728356895207124,0.6659371286742519,0.5576117756928378,0.6666666666666666,0.6666666666666666,2.816198547426528,2.122886936484996,0.7538129505907574,0.6659371286742519,2,"[[2, 3], [1, 3], [1, 3], [2, 3]]","[true, true, true, true, true]",0,0.0,0,1,1,0.3516200420000075
harmonic_loop--demand_aligned,harmonic_loop,demand_aligned,n0_d1_m0,factorial_combination,1.0,0.0,4,1.0,1451,violation_safe,33.58673132743111,18.728356895207124,18.728356895207124,0.6659371286742519,0.5576117756928378,0.6666666666666666,0.6666666666666666,2.816198547426528,2.122886936484996,0.7538129505907574,0.6659371286742519,2,"[[2, 3], [1, 3], [1, 3], [2, 3]]","[true, true, true, true, true]",0,4.0,0,1,1,0.3575218750000033
harmonic_loop--demand_aligned,harmonic_loop,demand_aligned,n0_d1_m0,factorial_combination,1.0,0.0,4,1.0,1451,dual_anchor_dynamic,33.58673132743111,23.926714000770083,24.44181986419972,0.768699221292861,0.7123859052407564,0.6666666666666666,0.6666666666666666,2.816198547426528,2.0717613746767256,0.7356588464154713,0.768699221292861,1,"[[2, 3], [2, 3], [1, 3], [1, 3]]","[true, true, true, false, false]",2,1.0,0,1,1,0.3576833330000113
harmonic_loop--demand_aligned,harmonic_loop,demand_aligned,n0_d1_m0,factorial_combination,1.0,0.0,4,1.0,1471,full_trajectory,27.678714750039617,15.555214692634848,15.555214692634848,0.6691592236477837,0.5619919433799788,0.6666666666666666,0.6666666666666666,2.335694367094855,1.4048832948589776,0.6014842158507135,0.6691592236477837,0,"[[0, 1, 2, 3, 4, 5], [0, 1, 2, 3, 4, 5], [0, 1, 2, 3, 4, 5], [0, 1, 2, 3, 4, 5]]","[true, true, true, true, true]",0,0.0,0,1,1,0.34909545800002206
harmonic_loop--demand_aligned,harmonic_loop,demand_aligned,n0_d1_m0,factorial_combination,1.0,0.0,4,1.0,1471,error_peak_dynamic,27.678714750039617,13.877729532588576,13.877729532588576,0.6193557268925605,0.5013863417400446,0.6666666666666666,0.6666666666666666,2.335694367094855,1.757413789188454,0.7524159898430254,0.6193557268925605,2,"[[2, 3], [1, 3], [1, 3], [2, 3]]","[true, true, true, true, true]",0,0.0,0,1,1,0.2703974579999908
harmonic_loop--demand_aligned,harmonic_loop,demand_aligned,n0_d1_m0,factorial_combination,1.0,0.0,4,1.0,1471,violation_safe,27.678714750039617,13.011135398485717,13.011135398485717,0.6151637765632227,0.4700772964346942,0.6666666666666666,0.6666666666666666,2.335694367094855,1.7470634451530838,0.7479846120989226,0.6151637765632227,3,"[[2, 3], [1, 3], [2, 3], [1, 3]]","[true, true, true, true, true]",0,4.0,0,1,1,0.268469959000015
harmonic_loop--demand_aligned,harmonic_loop,demand_aligned,n0_d1_m0,factorial_combination,1.0,0.0,4,1.0,1471,dual_anchor_dynamic,27.678714750039617,15.310614408003715,16.145166872480303,0.6665907368100882,0.5531548175654291,0.6666666666666666,0.6666666666666666,2.335694367094855,1.5242013011403555,0.6525688132031429,0.6665907368100882,2,"[[2, 3], [2, 3], [3, 4], [1, 3]]","[true, true, true, true, false]",1,2.0,0,1,1,0.3206591249999917
harmonic_loop--demand_aligned,harmonic_loop,demand_aligned,n0_d1_m0,factorial_combination,1.0,0.0,4,1.0,1499,full_trajectory,22.525302196744278,9.288729228338264,9.288729228338264,0.5625882795055844,0.41236868421151845,0.6666666666666666,0.6666666666666666,1.957394937333305,0.982240935707911,0.5018102974385363,0.5625882795055844,0,"[[0, 1, 2, 3, 4, 5], [0, 1, 2, 3, 4, 5], [0, 1, 2, 3, 4, 5], [0, 1, 2, 3, 4, 5]]","[true, true, true, true, true]",0,0.0,0,1,1,0.30132745800000293
harmonic_loop--demand_aligned,harmonic_loop,demand_aligned,n0_d1_m0,factorial_combination,1.0,0.0,4,1.0,1499,error_peak_dynamic,22.525302196744278,8.09535428681213,8.09535428681213,0.5225947583339415,0.3593893753834833,0.6666666666666666,0.6666666666666666,1.957394937333305,1.4153273609111223,0.7230668343504153,0.5225947583339415,3,"[[2, 3], [1, 3], [3, 4], [2, 3]]","[true, true, true, true, true]",0,0.0,0,1,1,0.2361776250000105
harmonic_loop--demand_aligned,harmonic_loop,demand_aligned,n0_d1_m0,factorial_combination,1.0,0.0,4,1.0,1499,violation_safe,22.525302196744278,8.369786144331664,8.369786144331664,0.5364599850520246,0.37157264622808933,0.6666666666666666,0.6666666666666666,1.957394937333305,1.3881817226689488,0.7091985864437583,0.5364599850520246,3,"[[2, 3], [1, 3], [2, 3], [1, 3]]","[true, true, true, true, true]",0,4.0,0,1,1,0.2488518749999855
harmonic_loop--demand_aligned,harmonic_loop,demand_aligned,n0_d1_m0,factorial_combination,1.0,0.0,4,1.0,1499,dual_anchor_dynamic,22.525302196744278,9.379746549814083,9.379746549814083,0.5584666991732645,0.41640935459546446,0.6666666666666666,0.6666666666666666,1.957394937333305,1.0995382959406117,0.5617355368450012,0.5584666991732645,2,"[[2, 3], [2, 3], [3, 4], [1, 3]]","[true, true, true, true, true]",0,4.0,0,1,1,0.30746512500002154
harmonic_loop--demand_conflict,harmonic_loop,demand_conflict,n0_d1_m0,factorial_combination,1.0,0.0,4,1.0,1423,full_trajectory,8.36905047081499,3.3933383330592783,3.3933383330592783,0.5592831570897894,0.40546276365433725,0.8333333333333334,0.6666666666666666,2.09389930381773,0.6039183105486788,0.2884180291991963,0.5592831570897894,0,"[[0, 1, 2, 3, 4, 5], [0, 1, 2, 3, 4, 5], [0, 1, 2, 3, 4, 5], [0, 1, 2, 3, 4, 5]]","[true, true, true, true, true]",0,0.0,0,1,1,0.3072345419999749
harmonic_loop--demand_conflict,harmonic_loop,demand_conflict,n0_d1_m0,factorial_combination,1.0,0.0,4,1.0,1423,error_peak_dynamic,8.36905047081499,2.4415836378505182,2.4415836378505182,0.5350035231249716,0.2917396240308195,0.8333333333333334,0.8333333333333334,2.09389930381773,0.6985888450340795,0.3336305827889469,0.5350035231249716,3,"[[2, 3], [2, 4], [1, 3], [3, 4]]","[true, true, true, true, true]",0,0.0,0,1,1,0.2560848749999991
harmonic_loop--demand_conflict,harmonic_loop,demand_conflict,n0_d1_m0,factorial_combination,1.0,0.0,4,1.0,1423,violation_safe,8.36905047081499,2.238297817212745,2.238297817212745,0.48381357933661145,0.26744943467819426,0.8333333333333334,0.8333333333333334,2.09389930381773,0.7353642136797098,0.35119368555066005,0.48381357933661145,3,"[[2, 4], [3, 4], [1, 2], [3, 4]]","[true, true, true, true, true]",0,4.0,0,1,1,0.22639145799999483
harmonic_loop--demand_conflict,harmonic_loop,demand_conflict,n0_d1_m0,factorial_combination,1.0,0.0,4,1.0,1423,dual_anchor_dynamic,8.36905047081499,2.1904117565286447,2.1904117565286447,0.5115242662236092,0.2617276313683575,0.8333333333333334,0.8333333333333334,2.09389930381773,0.6250277369570136,0.2984994244075746,0.5115242662236092,3,"[[2, 3], [2, 4], [3, 4], [2, 4]]","[true, true, true, true, true]",0,4.0,0,1,1,0.285615249999978
harmonic_loop--demand_conflict,harmonic_loop,demand_conflict,n0_d1_m0,factorial_combination,1.0,0.0,4,1.0,1451,full_trajectory,10.9482279855096,9.157967173779063,9.157967173779063,0.8227601229062674,0.836479399762225,1.0,1.0,2.816198547426528,1.965529926283526,0.6979372701117427,0.8227601229062674,0,"[[0, 1, 2, 3, 4, 5], [0, 1, 2, 3, 4, 5], [0, 1, 2, 3, 4, 5], [0, 1, 2, 3, 4, 5]]","[true, true, true, true, true]",0,0.0,0,1,1,0.37751595900002144
harmonic_loop--demand_conflict,harmonic_loop,demand_conflict,n0_d1_m0,factorial_combination,1.0,0.0,4,1.0,1451,error_peak_dynamic,10.9482279855096,7.939127281801467,7.939127281801467,0.7866337494342034,0.7251518046855807,1.0,0.8333333333333334,2.816198547426528,2.033585820560906,0.7221031423438585,0.7866337494342034,1,"[[2, 3], [1, 3], [1, 3], [1, 3]]","[true, true, true, true, true]",0,0.0,0,1,1,0.30984908300001734
harmonic_loop--demand_conflict,harmonic_loop,demand_conflict,n0_d1_m0,factorial_combination,1.0,0.0,4,1.0,1451,violation_safe,10.9482279855096,7.017958403649292,7.805984527500318,0.7238838691439424,0.6410131770125567,1.0,1.0,2.816198547426528,1.9814191089510125,0.7035793377429493,0.7238838691439424,3,"[[3, 4], [2, 3], [3, 4], [1, 3]]","[true, true, true, true, false]",1,2.0,0,1,1,0.30788837500000454
harmonic_loop--demand_conflict,harmonic_loop,demand_conflict,n0_d1_m0,factorial_combination,1.0,0.0,4,1.0,1451,dual_anchor_dynamic,10.9482279855096,7.823909330508235,8.074311603829464,0.7730930374618913,0.7146279142947588,1.0,1.0,2.816198547426528,2.0717613746767256,0.7356588464154713,0.7730930374618913,1,"[[2, 3], [2, 3], [1, 3], [1, 3]]","[true, true, true, false, false]",2,1.0,0,1,1,0.35813291700000605
harmonic_loop--demand_conflict,harmonic_loop,demand_conflict,n0_d1_m0,factorial_combination,1.0,0.0,4,1.0,1471,full_trajectory,9.063728958554027,7.05682986984055,7.05682986984055,0.7775561959780285,0.7785790927894599,1.0,0.8333333333333334,2.335694367094855,1.4048832948589776,0.6014842158507135,0.7775561959780285,0,"[[0, 1, 2, 3, 4, 5], [0, 1, 2, 3, 4, 5], [0, 1, 2, 3, 4, 5], [0, 1, 2, 3, 4, 5]]","[true, true, true, true, true]",0,0.0,0,1,1,0.3477295829999889
harmonic_loop--demand_conflict,harmonic_loop,demand_conflict,n0_d1_m0,factorial_combination,1.0,0.0,4,1.0,1471,error_peak_dynamic,9.063728958554027,5.430506019742854,5.430506019742854,0.6798325756638166,0.5991470005971146,1.0,0.8333333333333334,2.335694367094855,1.5152806030952046,0.6487495215308996,0.6798325756638166,2,"[[2, 3], [2, 3], [3, 4], [1, 3]]","[true, true, true, true, true]",0,0.0,0,1,1,0.2847942909999972
harmonic_loop--demand_conflict,harmonic_loop,demand_conflict,n0_d1_m0,factorial_combination,1.0,0.0,4,1.0,1471,violation_safe,9.063728958554027,4.942204605517846,5.439228313794327,0.6481805631549762,0.5452727710765852,1.0,0.8333333333333334,2.335694367094855,1.53769331001297,0.6583452576997727,0.6481805631549762,3,"[[3, 4], [2, 3], [3, 4], [1, 3]]","[true, true, true, true, false]",1,2.0,0,1,1,0.2801754580000022
harmonic_loop--demand_conflict,harmonic_loop,demand_conflict,n0_d1_m0,factorial_combination,1.0,0.0,4,1.0,1471,dual_anchor_dynamic,9.063728958554027,5.136466221657711,5.4755142299108,0.677907211478218,0.5667056291229998,1.0,0.8333333333333334,2.335694367094855,1.5242013011403555,0.6525688132031429,0.677907211478218,2,"[[2, 3], [2, 3], [3, 4], [1, 3]]","[true, true, true, true, false]",1,2.0,0,1,1,0.31381083400000875
harmonic_loop--demand_conflict,harmonic_loop,demand_conflict,n0_d1_m0,factorial_combination,1.0,0.0,4,1.0,1499,full_trajectory,7.485852151748311,5.360395486572962,5.360395486572962,0.7402201964793977,0.7160701785061369,1.0,0.6666666666666666,1.957394937333305,0.982240935707911,0.5018102974385363,0.7402201964793977,0,"[[0, 1, 2, 3, 4, 5], [0, 1, 2, 3, 4, 5], [0, 1, 2, 3, 4, 5], [0, 1, 2, 3, 4, 5]]","[true, true, true, true, true]",0,0.0,0,1,1,0.30084120799998004
harmonic_loop--demand_conflict,harmonic_loop,demand_conflict,n0_d1_m0,factorial_combination,1.0,0.0,4,1.0,1499,error_peak_dynamic,7.485852151748311,3.9680909892680027,3.9680909892680027,0.6073582403715213,0.5300787283570996,1.0,0.8333333333333334,1.957394937333305,1.1037262052085344,0.5638750689282037,0.6073582403715213,2,"[[2, 3], [2, 3], [3, 4], [1, 3]]","[true, true, true, true, true]",0,0.0,0,1,1,0.2535414590000187
harmonic_loop--demand_conflict,harmonic_loop,demand_conflict,n0_d1_m0,factorial_combination,1.0,0.0,4,1.0,1499,violation_safe,7.485852151748311,2.9644412508379565,2.9644412508379565,0.5489134712069355,0.3960058508697123,1.0,0.8333333333333334,1.957394937333305,1.120154159881125,0.5722678333924726,0.5489134712069355,2,"[[3, 4], [2, 3], [3, 4], [3, 4]]","[true, true, true, true, true]",0,4.0,0,1,1,0.2530986250000069
harmonic_loop--demand_conflict,harmonic_loop,demand_conflict,n0_d1_m0,factorial_combination,1.0,0.0,4,1.0,1499,dual_anchor_dynamic,7.485852151748311,3.2225811515757834,3.2225811515757834,0.6023811507263933,0.4304895536606549,1.0,0.8333333333333334,1.957394937333305,1.1050617280276174,0.5645573649705663,0.6023811507263933,1,"[[2, 3], [2, 3], [3, 4], [3, 4]]","[true, true, true, true, true]",0,4.0,0,1,1,0.3142612080000049
ellipse--neutral,ellipse,neutral,n0_d1_m0,factorial_combination,1.0,0.0,4,1.0,1423,full_trajectory,11.12300980065569,1.8384832968441769,1.8384832968441769,0.36992054519915385,0.1652864943745532,0.8333333333333334,0.3333333333333333,2.019886485873138,0.23927565705557957,0.1184599524424006,0.36992054519915385,0,"[[0, 1, 2, 3, 4, 5], [0, 1, 2, 3, 4, 5], [0, 1, 2, 3, 4, 5], [0, 1, 2, 3, 4, 5]]","[true, true, true, true, true]",0,0.0,0,1,1,0.2610564169999918
ellipse--neutral,ellipse,neutral,n0_d1_m0,factorial_combination,1.0,0.0,4,1.0,1423,error_peak_dynamic,11.12300980065569,1.6746183385663467,1.6746183385663467,0.369289823206767,0.15055442443893463,0.8333333333333334,0.16666666666666666,2.019886485873138,0.26199763912220064,0.12970909056255542,0.369289823206767,1,"[[2, 3], [2, 3], [2, 3], [3, 4]]","[true, true, true, true, true]",0,0.0,0,1,1,0.271185083000006
ellipse--neutral,ellipse,neutral,n0_d1_m0,factorial_combination,1.0,0.0,4,1.0,1423,violation_safe,11.12300980065569,1.7408740639634839,1.7408740639634839,0.37003440276059907,0.15651106086959135,0.8333333333333334,0.3333333333333333,2.019886485873138,0.2665074383227278,0.13194178989099203,0.37003440276059907,0,"[[2, 3], [2, 3], [2, 3], [2, 3]]","[true, true, true, true, true]",0,4.0,0,1,1,0.2724350420000121
ellipse--neutral,ellipse,neutral,n0_d1_m0,factorial_combination,1.0,0.0,4,1.0,1423,dual_anchor_dynamic,11.12300980065569,1.6746183385663467,1.6746183385663467,0.369289823206767,0.15055442443893463,0.8333333333333334,0.16666666666666666,2.019886485873138,0.26199763912220064,0.12970909056255542,0.369289823206767,1,"[[2, 3], [2, 3], [2, 3], [3, 4]]","[true, true, true, true, true]",0,4.0,0,1,1,0.2729466670000136
ellipse--neutral,ellipse,neutral,n0_d1_m0,factorial_combination,1.0,0.0,4,1.0,1451,full_trajectory,12.81745725354719,0.7355172532163238,0.7355172532163238,0.3360468788583446,0.057384022327265555,0.6666666666666666,0.0,2.319647851352849,0.16677396278582568,0.07189624178883917,0.3360468788583446,0,"[[0, 1, 2, 3, 4, 5], [0, 1, 2, 3, 4, 5], [0, 1, 2, 3, 4, 5], [0, 1, 2, 3, 4, 5]]","[true, true, true, true, true]",0,0.0,0,1,1,0.23343512499999974
ellipse--neutral,ellipse,neutral,n0_d1_m0,factorial_combination,1.0,0.0,4,1.0,1451,error_peak_dynamic,12.81745725354719,0.811186438427133,0.811186438427133,0.3216584130418803,0.0632876258044582,0.6666666666666666,0.16666666666666666,2.319647851352849,0.17083852384607714,0.0736484737312355,0.3216584130418803,1,"[[3, 4], [3, 4], [3, 4], [1, 3]]","[true, true, true, true, true]",0,0.0,0,1,1,0.23163941699999668
ellipse--neutral,ellipse,neutral,n0_d1_m0,factorial_combination,1.0,0.0,4,1.0,1451,violation_safe,12.81745725354719,0.7541136443733211,0.7541136443733211,0.321101820644839,0.05883488662812763,0.6666666666666666,0.0,2.319647851352849,0.17286416971973007,0.074521729502568,0.321101820644839,1,"[[3, 4], [3, 4], [3, 4], [1, 2]]","[true, true, true, true, true]",0,4.0,0,1,1,0.22039208300000723
ellipse--neutral,ellipse,neutral,n0_d1_m0,factorial_combination,1.0,0.0,4,1.0,1451,dual_anchor_dynamic,12.81745725354719,0.7920163110492401,0.7920163110492401,0.32147145974257646,0.06179199941002746,0.6666666666666666,0.0,2.319647851352849,0.1717369669197306,0.0740357924671934,0.32147145974257646,1,"[[3, 4], [3, 4], [3, 4], [2, 3]]","[true, true, true, true, true]",0,4.0,0,1,1,0.22926037500002394
ellipse--neutral,ellipse,neutral,n0_d1_m0,factorial_combination,1.0,0.0,4,1.0,1471,full_trajectory,10.639718263337578,0.5326933469278934,0.5326933469278934,0.31988946390748324,0.05006648989602029,0.6666666666666666,0.0,1.9259909977274121,0.09898780717295867,0.05139577873923611,0.31988946390748324,0,"[[0, 1, 2, 3, 4, 5], [0, 1, 2, 3, 4, 5], [0, 1, 2, 3, 4, 5], [0, 1, 2, 3, 4, 5]]","[true, true, true, true, true]",0,0.0,0,1,1,0.18948233300000084
ellipse--neutral,ellipse,neutral,n0_d1_m0,factorial_combination,1.0,0.0,4,1.0,1471,error_peak_dynamic,10.639718263337578,0.4818555371977702,0.4818555371977702,0.30745206509992623,0.045288373739946826,0.6666666666666666,0.0,1.9259909977274121,0.10071233075064119,0.052291174190054614,0.30745206509992623,1,"[[3, 4], [3, 4], [3, 4], [1, 3]]","[true, true, true, true, true]",0,0.0,0,1,1,0.17764362500000175
ellipse--neutral,ellipse,neutral,n0_d1_m0,factorial_combination,1.0,0.0,4,1.0,1471,violation_safe,10.639718263337578,0.4818555371977702,0.4818555371977702,0.30745206509992623,0.045288373739946826,0.6666666666666666,0.0,1.9259909977274121,0.10071233075064119,0.052291174190054614,0.30745206509992623,1,"[[3, 4], [3, 4], [3, 4], [1, 3]]","[true, true, true, true, true]",0,4.0,0,1,1,0.17851608400002306
ellipse--neutral,ellipse,neutral,n0_d1_m0,factorial_combination,1.0,0.0,4,1.0,1471,dual_anchor_dynamic,10.639718263337578,0.4818555371977702,0.4818555371977702,0.30745206509992623,0.045288373739946826,0.6666666666666666,0.0,1.9259909977274121,0.10071233075064119,0.052291174190054614,0.30745206509992623,1,"[[3, 4], [3, 4], [3, 4], [1, 3]]","[true, true, true, true, true]",0,4.0,0,1,1,0.18231966600001215
ellipse--neutral,ellipse,neutral,n0_d1_m0,factorial_combination,1.0,0.0,4,1.0,1499,full_trajectory,8.676782537983787,0.39321312245354134,0.39321312245354134,0.3114005273093475,0.04531784918340385,0.6666666666666666,0.0,1.609475075881873,0.06113054738962416,0.03798166762919839,0.3114005273093475,0,"[[0, 1, 2, 3, 4, 5], [0, 1, 2, 3, 4, 5], [0, 1, 2, 3, 4, 5], [0, 1, 2, 3, 4, 5]]","[true, true, true, true, true]",0,0.0,0,1,1,0.18491895899998667
ellipse--neutral,ellipse,neutral,n0_d1_m0,factorial_combination,1.0,0.0,4,1.0,1499,error_peak_dynamic,8.676782537983787,0.3206387825495898,0.3206387825495898,0.2968478386658418,0.03695364971358337,0.6666666666666666,0.0,1.609475075881873,0.05949538522415938,0.036965707711603006,0.2968478386658418,1,"[[3, 4], [3, 4], [3, 4], [1, 3]]","[true, true, true, true, true]",0,0.0,0,1,1,0.1763056249999977
ellipse--neutral,ellipse,neutral,n0_d1_m0,factorial_combination,1.0,0.0,4,1.0,1499,violation_safe,8.676782537983787,0.3206387825495898,0.3206387825495898,0.2968478386658418,0.03695364971358337,0.6666666666666666,0.0,1.609475075881873,0.05949538522415938,0.036965707711603006,0.2968478386658418,1,"[[3, 4], [3, 4], [3, 4], [1, 3]]","[true, true, true, true, true]",0,4.0,0,1,1,0.17863387500000272
ellipse--neutral,ellipse,neutral,n0_d1_m0,factorial_combination,1.0,0.0,4,1.0,1499,dual_anchor_dynamic,8.676782537983787,0.3206387825495898,0.3206387825495898,0.2968478386658418,0.03695364971358337,0.6666666666666666,0.0,1.609475075881873,0.05949538522415938,0.036965707711603006,0.2968478386658418,1,"[[3, 4], [3, 4], [3, 4], [1, 3]]","[true, true, true, true, true]",0,4.0,0,1,1,0.17747391699998616
ellipse--demand_aligned,ellipse,demand_aligned,n0_d1_m0,factorial_combination,1.0,0.0,4,1.0,1423,full_trajectory,18.17522018816074,3.1103104205662344,3.1103104205662344,0.3708482880592546,0.17112917413744883,0.6666666666666666,0.3333333333333333,2.019886485873138,0.23927565705557957,0.1184599524424006,0.3708482880592546,0,"[[0, 1, 2, 3, 4, 5], [0, 1, 2, 3, 4, 5], [0, 1, 2, 3, 4, 5], [0, 1, 2, 3, 4, 5]]","[true, true, true, true, true]",0,0.0,0,1,1,0.26267337499999144
ellipse--demand_aligned,ellipse,demand_aligned,n0_d1_m0,factorial_combination,1.0,0.0,4,1.0,1423,error_peak_dynamic,18.17522018816074,2.6994536793880695,2.6994536793880695,0.3660182961928397,0.14852385013450797,0.6666666666666666,0.3333333333333333,2.019886485873138,0.5174099116906509,0.25615791546176403,0.3660182961928397,1,"[[2, 3], [2, 3], [2, 3], [3, 4]]","[true, true, true, true, true]",0,0.0,0,1,1,0.2394072079999887
ellipse--demand_aligned,ellipse,demand_aligned,n0_d1_m0,factorial_combination,1.0,0.0,4,1.0,1423,violation_safe,18.17522018816074,2.6772981323845824,2.6772981323845824,0.3663958491085172,0.14730485268775798,0.6666666666666666,0.3333333333333333,2.019886485873138,0.5015851439152061,0.24832343174888147,0.3663958491085172,2,"[[3, 4], [2, 3], [2, 3], [3, 4]]","[true, true, true, true, true]",0,4.0,0,1,1,0.2503078750000043
ellipse--demand_aligned,ellipse,demand_aligned,n0_d1_m0,factorial_combination,1.0,0.0,4,1.0,1423,dual_anchor_dynamic,18.17522018816074,2.835881244556455,2.835881244556455,0.3709361406915507,0.15603009015559197,0.6666666666666666,0.3333333333333333,2.019886485873138,0.26199763912220064,0.12970909056255542,0.3709361406915507,1,"[[2, 3], [2, 3], [2, 3], [3, 4]]","[true, true, true, true, true]",0,4.0,0,1,1,0.28408937500000775
ellipse--demand_aligned,ellipse,demand_aligned,n0_d1_m0,factorial_combination,1.0,0.0,4,1.0,1451,full_trajectory,17.381000474131515,1.106300808410564,1.106300808410564,0.34848760157275604,0.06365000737771645,0.6666666666666666,0.16666666666666666,2.319647851352849,0.16677396278582568,0.07189624178883917,0.34848760157275604,0,"[[0, 1, 2, 3, 4, 5], [0, 1, 2, 3, 4, 5], [0, 1, 2, 3, 4, 5], [0, 1, 2, 3, 4, 5]]","[true, true, true, true, true]",0,0.0,0,1,1,0.2576438750000136
ellipse--demand_aligned,ellipse,demand_aligned,n0_d1_m0,factorial_combination,1.0,0.0,4,1.0,1451,error_peak_dynamic,17.381000474131515,0.6280620172419042,0.6280620172419042,0.31932382778101454,0.036134974978952523,0.6666666666666666,0.0,2.319647851352849,0.25207439087430794,0.10866924939804758,0.31932382778101454,1,"[[3, 4], [3, 4], [3, 4], [1, 3]]","[true, true, true, true, true]",0,0.0,0,1,1,0.178327290999988
ellipse--demand_aligned,ellipse,demand_aligned,n0_d1_m0,factorial_combination,1.0,0.0,4,1.0,1451,violation_safe,17.381000474131515,0.7356737108336169,0.7356737108336169,0.32009774535376784,0.042326315560979044,0.6666666666666666,0.0,2.319647851352849,0.3020048959120547,0.13019428605765376,0.32009774535376784,0,"[[3, 4], [3, 4], [3, 4], [3, 4]]","[true, true, true, true, true]",0,4.0,0,1,1,0.1698086249999733
ellipse--demand_aligned,ellipse,demand_aligned,n0_d1_m0,factorial_combination,1.0,0.0,4,1.0,1451,dual_anchor_dynamic,17.381000474131515,0.7215299897862341,0.7215299897862341,0.32414046017909914,0.0415125694783854,0.6666666666666666,0.0,2.319647851352849,0.17083852384607714,0.0736484737312355,0.32414046017909914,1,"[[3, 4], [3, 4], [3, 4], [1, 3]]","[true, true, true, true, true]",0,4.0,0,1,1,0.23330966700001454
ellipse--demand_aligned,ellipse,demand_aligned,n0_d1_m0,factorial_combination,1.0,0.0,4,1.0,1471,full_trajectory,14.442183575395806,0.8286724393383249,0.8286724393383249,0.3337332716048731,0.057378611413725515,0.6666666666666666,0.16666666666666666,1.9259909977274121,0.09898780717295867,0.05139577873923611,0.3337332716048731,0,"[[0, 1, 2, 3, 4, 5], [0, 1, 2, 3, 4, 5], [0, 1, 2, 3, 4, 5], [0, 1, 2, 3, 4, 5]]","[true, true, true, true, true]",0,0.0,0,1,1,0.19049845800000753
ellipse--demand_aligned,ellipse,demand_aligned,n0_d1_m0,factorial_combination,1.0,0.0,4,1.0,1471,error_peak_dynamic,14.442183575395806,0.7554383649711918,0.7554383649711918,0.3185984109269246,0.05230776641408867,0.6666666666666666,0.0,1.9259909977274121,0.1809954624289339,0.09397523801642942,0.3185984109269246,1,"[[3, 4], [3, 4], [3, 4], [1, 3]]","[true, true, true, true, true]",0,0.0,0,1,1,0.11679191599998262
ellipse--demand_aligned,ellipse,demand_aligned,n0_d1_m0,factorial_combination,1.0,0.0,4,1.0,1471,violation_safe,14.442183575395806,0.7447448634140904,0.7447448634140904,0.31850585652283053,0.05156733118133625,0.6666666666666666,0.0,1.9259909977274121,0.2139163489177409,0.11106819770713006,0.31850585652283053,0,"[[3, 4], [3, 4], [3, 4], [3, 4]]","[true, true, true, true, true]",0,4.0,0,1,1,0.11931091699997864
ellipse--demand_aligned,ellipse,demand_aligned,n0_d1_m0,factorial_combination,1.0,0.0,4,1.0,1471,dual_anchor_dynamic,14.442183575395806,0.6904446519314269,0.6904446519314269,0.3183171997017451,0.04780749727539067,0.6666666666666666,0.0,1.9259909977274121,0.10071233075064119,0.052291174190054614,0.3183171997017451,1,"[[3, 4], [3, 4], [3, 4], [1, 3]]","[true, true, true, true, true]",0,4.0,0,1,1,0.18397554099999525
ellipse--demand_aligned,ellipse,demand_aligned,n0_d1_m0,factorial_combination,1.0,0.0,4,1.0,1499,full_trajectory,11.973347257164779,0.6240524037072793,0.6240524037072793,0.3308323839389979,0.0521201290085235,0.6666666666666666,0.0,1.609475075881873,0.06113054738962416,0.03798166762919839,0.3308323839389979,0,"[[0, 1, 2, 3, 4, 5], [0, 1, 2, 3, 4, 5], [0, 1, 2, 3, 4, 5], [0, 1, 2, 3, 4, 5]]","[true, true, true, true, true]",0,0.0,0,1,1,0.18339649999998642
ellipse--demand_aligned,ellipse,demand_aligned,n0_d1_m0,factorial_combination,1.0,0.0,4,1.0,1499,error_peak_dynamic,11.973347257164779,0.5230020555736311,0.5230020555736311,0.3124778561396807,0.04368052177394837,0.6666666666666666,0.0,1.609475075881873,0.10753678552063659,0.0668148187766837,0.3124778561396807,1,"[[3, 4], [3, 4], [1, 3], [1, 3]]","[true, true, true, true, true]",0,0.0,0,1,1,0.12072087499998929
ellipse--demand_aligned,ellipse,demand_aligned,n0_d1_m0,factorial_combination,1.0,0.0,4,1.0,1499,violation_safe,11.973347257164779,0.5276703530649709,0.5276703530649709,0.31295171631737584,0.04407041253641217,0.6666666666666666,0.0,1.609475075881873,0.16262920988396123,0.10104487625870968,0.31295171631737584,0,"[[3, 4], [3, 4], [3, 4], [3, 4]]","[true, true, true, true, true]",0,4.0,0,1,1,0.12465937499999313
ellipse--demand_aligned,ellipse,demand_aligned,n0_d1_m0,factorial_combination,1.0,0.0,4,1.0,1499,dual_anchor_dynamic,11.973347257164779,0.48214554228617584,0.48214554228617584,0.3129484182050884,0.040268233429683824,0.6666666666666666,0.0,1.609475075881873,0.05949538522415938,0.036965707711603006,0.3129484182050884,1,"[[3, 4], [3, 4], [3, 4], [1, 3]]","[true, true, true, true, true]",0,4.0,0,1,1,0.17809612499999616
ellipse--demand_conflict,ellipse,demand_conflict,n0_d1_m0,factorial_combination,1.0,0.0,4,1.0,1423,full_trajectory,7.9726504091910115,0.9941853051721921,0.9941853051721921,0.3695302421747841,0.12469947309191906,0.8333333333333334,0.16666666666666666,2.019886485873138,0.23927565705557957,0.1184599524424006,0.3695302421747841,0,"[[0, 1, 2, 3, 4, 5], [0, 1, 2, 3, 4, 5], [0, 1, 2, 3, 4, 5], [0, 1, 2, 3, 4, 5]]","[true, true, true, true, true]",0,0.0,0,1,1,0.26375679200000945
ellipse--demand_conflict,ellipse,demand_conflict,n0_d1_m0,factorial_combination,1.0,0.0,4,1.0,1423,error_peak_dynamic,7.9726504091910115,0.9303469867939422,0.9303469867939422,0.3649823843582377,0.11669230921268313,0.8333333333333334,0.16666666666666666,2.019886485873138,0.2725118747067924,0.13491445019940984,0.3649823843582377,1,"[[2, 3], [2, 3], [2, 3], [3, 4]]","[true, true, true, true, true]",0,0.0,0,1,1,0.2252411249999966
ellipse--demand_conflict,ellipse,demand_conflict,n0_d1_m0,factorial_combination,1.0,0.0,4,1.0,1423,violation_safe,7.9726504091910115,0.9843913486336358,0.9843913486336358,0.3658297243121097,0.12347102884365933,0.8333333333333334,0.16666666666666666,2.019886485873138,0.268392088924768,0.1328748376712615,0.3658297243121097,0,"[[2, 3], [2, 3], [2, 3], [2, 3]]","[true, true, true, true, true]",0,4.0,0,1,1,0.2107233749999864
ellipse--demand_conflict,ellipse,demand_conflict,n0_d1_m0,factorial_combination,1.0,0.0,4,1.0,1423,dual_anchor_dynamic,7.9726504091910115,0.9009485900348831,0.9009485900348831,0.3633577717474263,0.11300490348808644,0.8333333333333334,0.16666666666666666,2.019886485873138,0.26199763912220064,0.12970909056255542,0.3633577717474263,1,"[[2, 3], [2, 3], [2, 3], [3, 4]]","[true, true, true, true, true]",0,4.0,0,1,1,0.27349562500000957
ellipse--demand_conflict,ellipse,demand_conflict,n0_d1_m0,factorial_combination,1.0,0.0,4,1.0,1451,full_trajectory,8.903655267938971,0.8607656430404074,0.8607656430404074,0.37851003853290566,0.09667553573642103,0.6666666666666666,0.16666666666666666,2.319647851352849,0.16677396278582568,0.07189624178883917,0.37851003853290566,0,"[[0, 1, 2, 3, 4, 5], [0, 1, 2, 3, 4, 5], [0, 1, 2, 3, 4, 5], [0, 1, 2, 3, 4, 5]]","[true, true, true, true, true]",0,0.0,0,1,1,0.23293899999998757
ellipse--demand_conflict,ellipse,demand_conflict,n0_d1_m0,factorial_combination,1.0,0.0,4,1.0,1451,error_peak_dynamic,8.903655267938971,1.0557682852333754,1.0557682852333754,0.3902567504065825,0.11857694996739984,0.6666666666666666,0.3333333333333333,2.319647851352849,0.19762443839878482,0.08519587931570202,0.3902567504065825,1,"[[3, 4], [3, 4], [3, 4], [1, 3]]","[true, true, true, true, true]",0,0.0,0,1,1,0.21519087500001888
ellipse--demand_conflict,ellipse,demand_conflict,n0_d1_m0,factorial_combination,1.0,0.0,4,1.0,1451,violation_safe,8.903655267938971,0.9891499462686193,0.9891499462686193,0.37526967492944824,0.11109481628634404,0.6666666666666666,0.3333333333333333,2.319647851352849,0.2729860953874154,0.11768428351234708,0.37526967492944824,0,"[[1, 4], [1, 4], [1, 4], [1, 4]]","[true, true, true, true, true]",0,4.0,0,1,1,0.18894583400000897
ellipse--demand_conflict,ellipse,demand_conflict,n0_d1_m0,factorial_combination,1.0,0.0,4,1.0,1451,dual_anchor_dynamic,8.903655267938971,0.8987256301467237,0.8987256301467237,0.3763628775413621,0.10093895182385715,0.6666666666666666,0.3333333333333333,2.319647851352849,0.15446042961510018,0.06658787864072421,0.3763628775413621,2,"[[3, 4], [1, 4], [1, 3], [1, 3]]","[true, true, true, true, true]",0,4.0,0,1,1,0.24255729199998655
ellipse--demand_conflict,ellipse,demand_conflict,n0_d1_m0,factorial_combination,1.0,0.0,4,1.0,1471,full_trajectory,7.397862926373971,0.5575339512125566,0.5575339512125566,0.3550302225259687,0.07536419054547544,0.6666666666666666,0.0,1.9259909977274121,0.09898780717295867,0.05139577873923611,0.3550302225259687,0,"[[0, 1, 2, 3, 4, 5], [0, 1, 2, 3, 4, 5], [0, 1, 2, 3, 4, 5], [0, 1, 2, 3, 4, 5]]","[true, true, true, true, true]",0,0.0,0,1,1,0.189714084000002
ellipse--demand_conflict,ellipse,demand_conflict,n0_d1_m0,factorial_combination,1.0,0.0,4,1.0,1471,error_peak_dynamic,7.397862926373971,0.7185193127041691,0.7185193127041691,0.3696905475183664,0.09712525358405744,0.6666666666666666,0.0,1.9259909977274121,0.11500110277628109,0.05971009361517137,0.3696905475183664,1,"[[3, 4], [3, 4], [3, 4], [1, 3]]","[true, true, true, true, true]",0,0.0,0,1,1,0.16179166700001701
ellipse--demand_conflict,ellipse,demand_conflict,n0_d1_m0,factorial_combination,1.0,0.0,4,1.0,1471,violation_safe,7.397862926373971,0.48490483525742273,0.48490483525742273,0.35051162547072545,0.06554660989036419,0.6666666666666666,0.0,1.9259909977274121,0.15193766070516596,0.07888804303054685,0.35051162547072545,1,"[[1, 4], [1, 4], [1, 4], [1, 3]]","[true, true, true, true, true]",0,4.0,0,1,1,0.16719479100001422
ellipse--demand_conflict,ellipse,demand_conflict,n0_d1_m0,factorial_combination,1.0,0.0,4,1.0,1471,dual_anchor_dynamic,7.397862926373971,0.5583758163785446,0.5583758163785446,0.3544338715769295,0.07547798897271944,0.6666666666666666,0.0,1.9259909977274121,0.10041584841992146,0.05213723664254294,0.3544338715769295,2,"[[3, 4], [1, 4], [1, 3], [1, 3]]","[true, true, true, true, true]",0,4.0,0,1,1,0.18704850000000306
ellipse--demand_conflict,ellipse,demand_conflict,n0_d1_m0,factorial_combination,1.0,0.0,4,1.0,1499,full_trajectory,6.027998629220731,0.3814622843631364,0.3814622843631364,0.3376163043178758,0.0632817470319249,0.6666666666666666,0.0,1.609475075881873,0.06113054738962416,0.03798166762919839,0.3376163043178758,0,"[[0, 1, 2, 3, 4, 5], [0, 1, 2, 3, 4, 5], [0, 1, 2, 3, 4, 5], [0, 1, 2, 3, 4, 5]]","[true, true, true, true, true]",0,0.0,0,1,1,0.18415058299999032
ellipse--demand_conflict,ellipse,demand_conflict,n0_d1_m0,factorial_combination,1.0,0.0,4,1.0,1499,error_peak_dynamic,6.027998629220731,0.4809936632494537,0.4809936632494537,0.35517216271058794,0.07979326022368956,0.6666666666666666,0.0,1.609475075881873,0.06527780663572971,0.040558445181241666,0.35517216271058794,1,"[[3, 4], [3, 4], [3, 4], [1, 3]]","[true, true, true, true, true]",0,0.0,0,1,1,0.1684707089999904
ellipse--demand_conflict,ellipse,demand_conflict,n0_d1_m0,factorial_combination,1.0,0.0,4,1.0,1499,violation_safe,6.027998629220731,0.3245393129965328,0.3245393129965328,0.3384329850677046,0.053838650762680684,0.6666666666666666,0.0,1.609475075881873,0.10045805759019306,0.06241665937892794,0.3384329850677046,1,"[[1, 4], [1, 4], [1, 3], [1, 3]]","[true, true, true, true, true]",0,4.0,0,1,1,0.15055833299999222
ellipse--demand_conflict,ellipse,demand_conflict,n0_d1_m0,factorial_combination,1.0,0.0,4,1.0,1499,dual_anchor_dynamic,6.027998629220731,0.3727332917896107,0.3727332917896107,0.33869260786130867,0.061833672287645455,0.6666666666666666,0.0,1.609475075881873,0.05910669895132804,0.03672420892814507,0.33869260786130867,2,"[[3, 4], [1, 4], [1, 3], [1, 3]]","[true, true, true, true, true]",0,4.0,0,1,1,0.17990287500001045
rounded_square--neutral,rounded_square,neutral,n0_d1_m0,factorial_combination,1.0,0.0,4,1.0,1423,full_trajectory,18.57094204752726,10.906648528257952,10.906648528257952,0.6791013039410198,0.5872964602627783,0.8333333333333334,0.8333333333333334,2.5592241672270495,1.5504534101575353,0.6058294658249771,0.6791013039410198,0,"[[0, 1, 2, 3, 4, 5], [0, 1, 2, 3, 4, 5], [0, 1, 2, 3, 4, 5], [0, 1, 2, 3, 4, 5]]","[true, true, true, true, true]",0,0.0,0,1,1,0.35998979100000383
rounded_square--neutral,rounded_square,neutral,n0_d1_m0,factorial_combination,1.0,0.0,4,1.0,1423,error_peak_dynamic,18.57094204752726,14.070173498197704,14.070173498197704,0.75190715244493,0.757644575174966,0.8333333333333334,0.8333333333333334,2.5592241672270495,1.8337632783922835,0.716530932254828,0.75190715244493,3,"[[2, 4], [2, 3], [2, 4], [2, 3]]","[true, true, true, true, true]",0,0.0,0,1,1,0.33796204099999727
rounded_square--neutral,rounded_square,neutral,n0_d1_m0,factorial_combination,1.0,0.0,4,1.0,1423,violation_safe,18.57094204752726,11.889871944748876,14.070173498197704,0.75190715244493,0.6402406466144793,0.8333333333333334,0.8333333333333334,2.5592241672270495,1.8967402252373555,0.741138759756437,0.75190715244493,3,"[[2, 4], [2, 3], [2, 4], [2, 3]]","[true, true, true, true, false]",1,2.0,0,1,1,0.33997424999998316
rounded_square--neutral,rounded_square,neutral,n0_d1_m0,factorial_combination,1.0,0.0,4,1.0,1423,dual_anchor_dynamic,18.57094204752726,11.889871944748876,14.070173498197704,0.75190715244493,0.6402406466144793,0.8333333333333334,0.8333333333333334,2.5592241672270495,1.8967402252373555,0.741138759756437,0.75190715244493,3,"[[2, 4], [2, 3], [2, 4], [2, 3]]","[true, true, true, true, false]",1,2.0,0,1,1,0.34125395800001
rounded_square--neutral,rounded_square,neutral,n0_d1_m0,factorial_combination,1.0,0.0,4,1.0,1451,full_trajectory,22.52996566904798,17.33693299757587,17.33693299757587,0.7958799948511579,0.7695055222118524,1.0,0.8333333333333334,3.5684722465002063,2.553648100023063,0.7156138323697385,0.7958799948511579,0,"[[0, 1, 2, 3, 4, 5], [0, 1, 2, 3, 4, 5], [0, 1, 2, 3, 4, 5], [0, 1, 2, 3, 4, 5]]","[true, true, true, true, true]",0,0.0,0,1,1,0.36786058299998103
rounded_square--neutral,rounded_square,neutral,n0_d1_m0,factorial_combination,1.0,0.0,4,1.0,1451,error_peak_dynamic,22.52996566904798,15.410563005129678,15.410563005129678,0.7464536010223547,0.6840029510697814,1.0,0.8333333333333334,3.5684722465002063,3.0225109539199218,0.8470041925880919,0.7464536010223547,2,"[[1, 4], [1, 4], [2, 4], [1, 4]]","[true, true, true, true, true]",0,0.0,0,1,1,0.39072883299999717
rounded_square--neutral,rounded_square,neutral,n0_d1_m0,factorial_combination,1.0,0.0,4,1.0,1451,violation_safe,22.52996566904798,15.113421616871213,15.410563005129678,0.7464536010223547,0.6708142319823536,1.0,0.8333333333333334,3.5684722465002063,2.9582553791927553,0.8289977264343519,0.7464536010223547,2,"[[1, 4], [1, 4], [2, 4], [1, 4]]","[true, true, true, true, false]",1,2.0,0,1,1,0.39166750000001116
rounded_square--neutral,rounded_square,neutral,n0_d1_m0,factorial_combination,1.0,0.0,4,1.0,1451,dual_anchor_dynamic,22.52996566904798,15.113421616871213,15.410563005129678,0.7464536010223547,0.6708142319823536,1.0,0.8333333333333334,3.5684722465002063,2.9582553791927553,0.8289977264343519,0.7464536010223547,2,"[[1, 4], [1, 4], [2, 4], [1, 4]]","[true, true, true, true, false]",1,2.0,0,1,1,0.3925813329999812
rounded_square--neutral,rounded_square,neutral,n0_d1_m0,factorial_combination,1.0,0.0,4,1.0,1471,full_trajectory,18.58278660863728,13.752566034564136,13.752566034564136,0.7592229729274523,0.7400701694638167,1.0,0.8333333333333334,2.9397278830354585,1.931783055773587,0.657129888423175,0.7592229729274523,0,"[[0, 1, 2, 3, 4, 5], [0, 1, 2, 3, 4, 5], [0, 1, 2, 3, 4, 5], [0, 1, 2, 3, 4, 5]]","[true, true, true, true, true]",0,0.0,0,1,1,0.38081458400000656
rounded_square--neutral,rounded_square,neutral,n0_d1_m0,factorial_combination,1.0,0.0,4,1.0,1471,error_peak_dynamic,18.58278660863728,11.251450257251886,11.251450257251886,0.6916497963525534,0.605477019900891,1.0,0.8333333333333334,2.9397278830354585,2.1617805148918343,0.7353675581223037,0.6916497963525534,3,"[[1, 4], [2, 4], [1, 4], [2, 4]]","[true, true, true, true, true]",0,0.0,0,1,1,0.3665851250000003
rounded_square--neutral,rounded_square,neutral,n0_d1_m0,factorial_combination,1.0,0.0,4,1.0,1471,violation_safe,18.58278660863728,11.165568386357346,11.99472833087289,0.6916259852360549,0.6008554379657779,1.0,0.8333333333333334,2.9397278830354585,2.1530848773007887,0.7324095844808567,0.6916259852360549,2,"[[1, 4], [2, 4], [2, 4], [3, 4]]","[true, true, true, true, false]",1,2.0,0,1,1,0.35631995800000027
rounded_square--neutral,rounded_square,neutral,n0_d1_m0,factorial_combination,1.0,0.0,4,1.0,1471,dual_anchor_dynamic,18.58278660863728,11.251450257251886,11.251450257251886,0.6916497963525534,0.605477019900891,1.0,0.8333333333333334,2.9397278830354585,2.1617805148918343,0.7353675581223037,0.6916497963525534,3,"[[1, 4], [2, 4], [1, 4], [2, 4]]","[true, true, true, true, true]",0,4.0,0,1,1,0.3693782500000111
rounded_square--neutral,rounded_square,neutral,n0_d1_m0,factorial_combination,1.0,0.0,4,1.0,1499,full_trajectory,15.26377246036403,10.741320988360211,10.741320988360211,0.7090444533573925,0.703713385157737,0.6666666666666666,0.8333333333333334,2.3642455843381662,1.4207384774607976,0.6009267763350867,0.7090444533573925,0,"[[0, 1, 2, 3, 4, 5], [0, 1, 2, 3, 4, 5], [0, 1, 2, 3, 4, 5], [0, 1, 2, 3, 4, 5]]","[true, true, true, true, true]",0,0.0,0,1,1,0.34486512500001254
rounded_square--neutral,rounded_square,neutral,n0_d1_m0,factorial_combination,1.0,0.0,4,1.0,1499,error_peak_dynamic,15.26377246036403,8.947811195628969,8.947811195628969,0.6509356480697722,0.586212302290542,0.6666666666666666,0.8333333333333334,2.3642455843381662,1.488048240250368,0.629396645639469,0.6509356480697722,3,"[[2, 4], [1, 4], [2, 4], [3, 4]]","[true, true, true, true, true]",0,0.0,0,1,1,0.3320415409999953
rounded_square--neutral,rounded_square,neutral,n0_d1_m0,factorial_combination,1.0,0.0,4,1.0,1499,violation_safe,15.26377246036403,8.615186560694918,8.66264839673065,0.6557661846664136,0.5644205312327782,0.6666666666666666,0.8333333333333334,2.3642455843381662,1.7008145162140609,0.719389951484324,0.6557661846664136,2,"[[1, 4], [2, 4], [3, 4], [3, 4]]","[true, true, true, false, false]",2,1.0,0,1,1,0.32848450000000184
rounded_square--neutral,rounded_square,neutral,n0_d1_m0,factorial_combination,1.0,0.0,4,1.0,1499,dual_anchor_dynamic,15.26377246036403,8.642546147003186,8.947811195628969,0.6509356480697722,0.5662129836805145,0.6666666666666666,0.8333333333333334,2.3642455843381662,1.6436687827815972,0.6952191403761114,0.6509356480697722,3,"[[2, 4], [1, 4], [2, 4], [3, 4]]","[true, true, true, true, false]",1,2.0,0,1,1,0.36561799999998357
rounded_square--demand_aligned,rounded_square,demand_aligned,n0_d1_m0,factorial_combination,1.0,0.0,4,1.0,1423,full_trajectory,30.226555606063123,17.805252392456392,17.805252392456392,0.6750588048743731,0.5890599188511194,0.8333333333333334,0.8333333333333334,2.5592241672270495,1.5504534101575353,0.6058294658249771,0.6750588048743731,0,"[[0, 1, 2, 3, 4, 5], [0, 1, 2, 3, 4, 5], [0, 1, 2, 3, 4, 5], [0, 1, 2, 3, 4, 5]]","[true, true, true, true, true]",0,0.0,0,1,1,0.36122879100000205
rounded_square--demand_aligned,rounded_square,demand_aligned,n0_d1_m0,factorial_combination,1.0,0.0,4,1.0,1423,error_peak_dynamic,30.226555606063123,17.558864912886637,17.558864912886637,0.6922646565285913,0.5809085607281207,0.8333333333333334,0.8333333333333334,2.5592241672270495,2.0013926373969793,0.7820310010457242,0.6922646565285913,3,"[[2, 4], [2, 3], [3, 4], [2, 4]]","[true, true, true, true, true]",0,0.0,0,1,1,0.31639120799999887
rounded_square--demand_aligned,rounded_square,demand_aligned,n0_d1_m0,factorial_combination,1.0,0.0,4,1.0,1423,violation_safe,30.226555606063123,18.562987160795615,19.947280558224588,0.7080208302987736,0.6141284307323485,0.8333333333333334,0.8333333333333334,2.5592241672270495,2.3864034274613366,0.9324714333434236,0.7080208302987736,3,"[[2, 4], [2, 3], [2, 4], [2, 3]]","[true, true, true, true, false]",1,2.0,0,1,1,0.3180573329999845
rounded_square--demand_aligned,rounded_square,demand_aligned,n0_d1_m0,factorial_combination,1.0,0.0,4,1.0,1423,dual_anchor_dynamic,30.226555606063123,18.449638319760467,19.092905523201523,0.7014191538476028,0.6103784552964304,0.8333333333333334,0.8333333333333334,2.5592241672270495,1.8967402252373555,0.741138759756437,0.7014191538476028,3,"[[2, 4], [2, 3], [2, 4], [2, 3]]","[true, true, true, true, false]",1,2.0,0,1,1,0.33997924999999896
rounded_square--demand_aligned,rounded_square,demand_aligned,n0_d1_m0,factorial_combination,1.0,0.0,4,1.0,1451,full_trajectory,30.255830359287696,23.832749834796005,23.832749834796005,0.807392991618707,0.787707676562908,0.6666666666666666,0.8333333333333334,3.5684722465002063,2.553648100023063,0.7156138323697385,0.807392991618707,0,"[[0, 1, 2, 3, 4, 5], [0, 1, 2, 3, 4, 5], [0, 1, 2, 3, 4, 5], [0, 1, 2, 3, 4, 5]]","[true, true, true, true, true]",0,0.0,0,1,1,0.36876941700001
rounded_square--demand_aligned,rounded_square,demand_aligned,n0_d1_m0,factorial_combination,1.0,0.0,4,1.0,1451,error_peak_dynamic,30.255830359287696,23.204549434357816,23.204549434357816,0.7791142470594361,0.7669447230105408,0.6666666666666666,0.8333333333333334,3.5684722465002063,3.8569305529512166,1.080835238871177,0.7791142470594361,2,"[[1, 4], [2, 4], [1, 4], [1, 4]]","[true, true, true, true, true]",0,0.0,0,1,1,0.43663087500002007
rounded_square--demand_aligned,rounded_square,demand_aligned,n0_d1_m0,factorial_combination,1.0,0.0,4,1.0,1451,violation_safe,30.255830359287696,18.69096820339101,18.69096820339101,0.7241637612713643,0.6177641790503166,0.6666666666666666,0.8333333333333334,3.5684722465002063,3.5681494511671477,0.9999095424285911,0.7241637612713643,2,"[[2, 4], [1, 4], [2, 4], [2, 4]]","[true, true, true, true, true]",0,4.0,0,1,1,0.38188429100000576
rounded_square--demand_aligned,rounded_square,demand_aligned,n0_d1_m0,factorial_combination,1.0,0.0,4,1.0,1451,dual_anchor_dynamic,30.255830359287696,20.434995025471004,21.69499832192293,0.7635952614938657,0.6754068482935565,0.6666666666666666,0.8333333333333334,3.5684722465002063,2.934203440674314,0.8222576043717437,0.7635952614938657,2,"[[1, 4], [2, 4], [1, 4], [1, 4]]","[true, true, true, false, false]",2,1.0,0,1,1,0.3852061249999963
rounded_square--demand_aligned,rounded_square,demand_aligned,n0_d1_m0,factorial_combination,1.0,0.0,4,1.0,1471,full_trajectory,24.98894311080703,18.58678833739553,18.58678833739553,0.7631148983923095,0.7438004982834691,0.6666666666666666,0.8333333333333334,2.9397278830354585,1.931783055773587,0.657129888423175,0.7631148983923095,0,"[[0, 1, 2, 3, 4, 5], [0, 1, 2, 3, 4, 5], [0, 1, 2, 3, 4, 5], [0, 1, 2, 3, 4, 5]]","[true, true, true, true, true]",0,0.0,0,1,1,0.38057270900000617
rounded_square--demand_aligned,rounded_square,demand_aligned,n0_d1_m0,factorial_combination,1.0,0.0,4,1.0,1471,error_peak_dynamic,24.98894311080703,17.34272703578889,17.34272703578889,0.7316834063081767,0.694016027764241,0.6666666666666666,0.8333333333333334,2.9397278830354585,3.1461768627305724,1.0702272414009768,0.7316834063081767,2,"[[1, 4], [2, 4], [1, 4], [1, 4]]","[true, true, true, true, true]",0,0.0,0,1,1,0.3460082919999934
rounded_square--demand_aligned,rounded_square,demand_aligned,n0_d1_m0,factorial_combination,1.0,0.0,4,1.0,1471,violation_safe,24.98894311080703,13.837736775438076,13.837736775438076,0.6721048522880635,0.553754383051664,0.6666666666666666,0.8333333333333334,2.9397278830354585,2.8946932854781755,0.9846806917683885,0.6721048522880635,2,"[[2, 4], [1, 4], [2, 4], [2, 4]]","[true, true, true, true, true]",0,4.0,0,1,1,0.3364561250000122
rounded_square--demand_aligned,rounded_square,demand_aligned,n0_d1_m0,factorial_combination,1.0,0.0,4,1.0,1471,dual_anchor_dynamic,24.98894311080703,14.552302631130416,15.032188242030571,0.7006882737703511,0.5823496642735941,0.6666666666666666,0.8333333333333334,2.9397278830354585,2.1530848773007887,0.7324095844808567,0.7006882737703511,2,"[[1, 4], [2, 4], [2, 4], [1, 4]]","[true, true, true, true, false]",1,2.0,0,1,1,0.35734575000000746
rounded_square--demand_aligned,rounded_square,demand_aligned,n0_d1_m0,factorial_combination,1.0,0.0,4,1.0,1499,full_trajectory,21.833496754521057,14.545753247689198,14.545753247689198,0.6903185740461892,0.6662127194388692,0.6666666666666666,0.8333333333333334,2.3642455843381662,1.4207384774607976,0.6009267763350867,0.6903185740461892,0,"[[0, 1, 2, 3, 4, 5], [0, 1, 2, 3, 4, 5], [0, 1, 2, 3, 4, 5], [0, 1, 2, 3, 4, 5]]","[true, true, true, true, true]",0,0.0,0,1,1,0.3460110830000076
rounded_square--demand_aligned,rounded_square,demand_aligned,n0_d1_m0,factorial_combination,1.0,0.0,4,1.0,1499,error_peak_dynamic,21.833496754521057,12.592181107209676,12.592181107209676,0.6211554115244639,0.5767368025738807,0.6666666666666666,0.8333333333333334,2.3642455843381662,1.8697572026961675,0.7908472855283251,0.6211554115244639,3,"[[2, 4], [1, 4], [2, 4], [1, 3]]","[true, true, true, true, true]",0,0.0,0,1,1,0.2432022080000138
rounded_square--demand_aligned,rounded_square,demand_aligned,n0_d1_m0,factorial_combination,1.0,0.0,4,1.0,1499,violation_safe,21.833496754521057,10.341935846596172,10.341935846596172,0.6082724243997174,0.4736729055759092,0.6666666666666666,0.8333333333333334,2.3642455843381662,2.093519258562734,0.8854914533545728,0.6082724243997174,2,"[[2, 4], [1, 4], [2, 4], [2, 4]]","[true, true, true, true, true]",0,4.0,0,1,1,0.25217020799999545
rounded_square--demand_aligned,rounded_square,demand_aligned,n0_d1_m0,factorial_combination,1.0,0.0,4,1.0,1499,dual_anchor_dynamic,21.833496754521057,11.25971962392728,12.3960314230747,0.6259865570418902,0.5157084891404641,0.6666666666666666,0.8333333333333334,2.3642455843381662,1.6436687827815972,0.6952191403761114,0.6259865570418902,3,"[[2, 4], [1, 4], [2, 4], [3, 4]]","[true, true, true, true, false]",1,2.0,0,1,1,0.3335039170000016
rounded_square--demand_conflict,rounded_square,demand_conflict,n0_d1_m0,factorial_combination,1.0,0.0,4,1.0,1423,full_trajectory,10.851083337692863,6.468410477622104,6.468410477622104,0.7623224858577048,0.5961073448909117,0.8333333333333334,0.8333333333333334,2.5592241672270495,1.5504534101575353,0.6058294658249771,0.7623224858577048,0,"[[0, 1, 2, 3, 4, 5], [0, 1, 2, 3, 4, 5], [0, 1, 2, 3, 4, 5], [0, 1, 2, 3, 4, 5]]","[true, true, true, true, true]",0,0.0,0,1,1,0.3608865830000241
rounded_square--demand_conflict,rounded_square,demand_conflict,n0_d1_m0,factorial_combination,1.0,0.0,4,1.0,1423,error_peak_dynamic,10.851083337692863,9.851272807395294,9.851272807395294,1.0246517918218112,0.9078607638350193,0.8333333333333334,0.8333333333333334,2.5592241672270495,1.805301974081675,0.7054098649114202,1.0246517918218112,3,"[[2, 4], [2, 3], [2, 4], [2, 3]]","[true, true, true, true, true]",0,0.0,0,1,1,0.34189662500000395
rounded_square--demand_conflict,rounded_square,demand_conflict,n0_d1_m0,factorial_combination,1.0,0.0,4,1.0,1423,violation_safe,10.851083337692863,9.865427037996115,9.865427037996115,1.0287356753930976,0.909165170976715,0.8333333333333334,0.8333333333333334,2.5592241672270495,2.165047533548511,0.8459780746343789,1.0287356753930976,1,"[[1, 2], [1, 2], [1, 2], [2, 3]]","[true, false, false, true, true]",2,1.3224999999999998,0,1,1,0.32265083400000094
rounded_square--demand_conflict,rounded_square,demand_conflict,n0_d1_m0,factorial_combination,1.0,0.0,4,1.0,1423,dual_anchor_dynamic,10.851083337692863,10.075206889782654,10.075206889782654,1.0478978600461608,0.928497789228557,0.8333333333333334,0.8333333333333334,2.5592241672270495,2.0854486684611944,0.8148753419755345,1.0478978600461608,1,"[[2, 4], [2, 4], [2, 4], [2, 3]]","[true, false, false, true, true]",2,1.3224999999999998,0,1,1,0.3620115409999869
rounded_square--demand_conflict,rounded_square,demand_conflict,n0_d1_m0,factorial_combination,1.0,0.0,4,1.0,1451,full_trajectory,16.116991641726976,11.826356100123153,11.826356100123153,0.7656415304098656,0.7337818597302399,1.0,0.8333333333333334,3.5684722465002063,2.553648100023063,0.7156138323697385,0.7656415304098656,0,"[[0, 1, 2, 3, 4, 5], [0, 1, 2, 3, 4, 5], [0, 1, 2, 3, 4, 5], [0, 1, 2, 3, 4, 5]]","[true, true, true, true, true]",0,0.0,0,1,1,0.3671879159999776
rounded_square--demand_conflict,rounded_square,demand_conflict,n0_d1_m0,factorial_combination,1.0,0.0,4,1.0,1451,error_peak_dynamic,16.116991641726976,11.622141570784933,11.622141570784933,0.7464754014854107,0.7211110999583289,1.0,1.0,3.5684722465002063,3.3372406573114195,0.9352015167231388,0.7464754014854107,2,"[[1, 4], [2, 4], [1, 4], [1, 4]]","[true, true, true, true, true]",0,0.0,0,1,1,0.391735916999977
rounded_square--demand_conflict,rounded_square,demand_conflict,n0_d1_m0,factorial_combination,1.0,0.0,4,1.0,1451,violation_safe,16.116991641726976,11.393524677071985,11.515166741565345,0.756500503410734,0.7069262633092201,1.0,1.0,3.5684722465002063,3.3461030340530002,0.9376850379976205,0.756500503410734,0,"[[1, 4], [1, 4], [1, 4], [1, 4]]","[true, true, true, false, false]",2,1.0,0,1,1,0.39474716699999135
rounded_square--demand_conflict,rounded_square,demand_conflict,n0_d1_m0,factorial_combination,1.0,0.0,4,1.0,1451,dual_anchor_dynamic,16.116991641726976,11.762629666552881,11.780644414431695,0.772823998264528,0.7298278691228809,1.0,0.8333333333333334,3.5684722465002063,3.149729946241316,0.8826550211593845,0.772823998264528,0,"[[1, 4], [1, 4], [1, 4], [1, 4]]","[true, true, true, true, false]",1,2.0,0,1,1,0.40043975000000387
rounded_square--demand_conflict,rounded_square,demand_conflict,n0_d1_m0,factorial_combination,1.0,0.0,4,1.0,1471,full_trajectory,13.333728167139828,9.36235024635991,9.36235024635991,0.7268310674789258,0.7021554758730465,1.0,0.8333333333333334,2.9397278830354585,1.931783055773587,0.657129888423175,0.7268310674789258,0,"[[0, 1, 2, 3, 4, 5], [0, 1, 2, 3, 4, 5], [0, 1, 2, 3, 4, 5], [0, 1, 2, 3, 4, 5]]","[true, true, true, true, true]",0,0.0,0,1,1,0.3889661250000245
rounded_square--demand_conflict,rounded_square,demand_conflict,n0_d1_m0,factorial_combination,1.0,0.0,4,1.0,1471,error_peak_dynamic,13.333728167139828,10.128614511210428,10.128614511210428,0.7338305957787674,0.7596235939601491,1.0,0.8333333333333334,2.9397278830354585,2.3938906551242316,0.8143238933572264,0.7338305957787674,2,"[[1, 4], [2, 4], [2, 4], [1, 4]]","[true, true, true, true, true]",0,0.0,0,1,1,0.4884515829999998
rounded_square--demand_conflict,rounded_square,demand_conflict,n0_d1_m0,factorial_combination,1.0,0.0,4,1.0,1471,violation_safe,13.333728167139828,8.584977083107734,9.405338541355865,0.7235535046420408,0.6438542150772876,1.0,1.0,2.9397278830354585,2.5732666424755473,0.8753417815728181,0.7235535046420408,0,"[[1, 4], [1, 4], [1, 4], [1, 4]]","[true, true, true, false, false]",2,1.0,0,1,1,0.38899449999999547
rounded_square--demand_conflict,rounded_square,demand_conflict,n0_d1_m0,factorial_combination,1.0,0.0,4,1.0,1471,dual_anchor_dynamic,13.333728167139828,8.71676863166827,8.992370411301604,0.7155170957683171,0.653738288526852,1.0,1.0,2.9397278830354585,2.380848423730614,0.8098873495978935,0.7155170957683171,0,"[[1, 4], [1, 4], [1, 4], [1, 4]]","[true, true, true, false, false]",2,1.0,0,1,1,0.3681912499999953
rounded_square--demand_conflict,rounded_square,demand_conflict,n0_d1_m0,factorial_combination,1.0,0.0,4,1.0,1499,full_trajectory,11.050865092501375,7.267432590965861,7.267432590965861,0.6715955697466944,0.6576347218189476,1.0,0.8333333333333334,2.3642455843381662,1.4207384774607976,0.6009267763350867,0.6715955697466944,0,"[[0, 1, 2, 3, 4, 5], [0, 1, 2, 3, 4, 5], [0, 1, 2, 3, 4, 5], [0, 1, 2, 3, 4, 5]]","[true, true, true, true, true]",0,0.0,0,1,1,0.3754985000000204
rounded_square--demand_conflict,rounded_square,demand_conflict,n0_d1_m0,factorial_combination,1.0,0.0,4,1.0,1499,error_peak_dynamic,11.050865092501375,5.9310039158787164,5.9310039158787164,0.7186436308864503,0.5367004181331678,1.0,0.8333333333333334,2.3642455843381662,1.5666374817606765,0.6626373724196813,0.7186436308864503,3,"[[2, 4], [1, 4], [2, 4], [3, 4]]","[true, true, true, true, true]",0,0.0,0,1,1,0.3318260000000066
rounded_square--demand_conflict,rounded_square,demand_conflict,n0_d1_m0,factorial_combination,1.0,0.0,4,1.0,1499,violation_safe,11.050865092501375,6.333160537563736,7.600363694226791,0.6844752400398463,0.5730918334946589,1.0,0.8333333333333334,2.3642455843381662,1.938007451392552,0.819714950185713,0.6844752400398463,1,"[[1, 4], [1, 4], [2, 3], [2, 3]]","[true, true, true, false, false]",2,1.0,0,1,1,0.29702645899999425
rounded_square--demand_conflict,rounded_square,demand_conflict,n0_d1_m0,factorial_combination,1.0,0.0,4,1.0,1499,dual_anchor_dynamic,11.050865092501375,6.426827757864068,6.426827757864068,0.699213306897366,0.5815678414375927,1.0,0.8333333333333334,2.3642455843381662,1.7451379682070782,0.7381373490840641,0.699213306897366,1,"[[1, 4], [2, 4], [2, 4], [2, 4]]","[true, true, false, false, true]",2,1.15,0,1,1,0.33989970799999014
figure_eight--neutral,figure_eight,neutral,n0_d1_m0,factorial_combination,1.0,0.0,4,1.0,1423,full_trajectory,16.45696061571342,5.129976252221356,5.129976252221356,0.48134567096556335,0.31172075889415185,0.8333333333333334,0.5,3.0236737529939144,0.703898692671174,0.23279584709633544,0.48134567096556335,0,"[[0, 1, 2, 3, 4, 5], [0, 1, 2, 3, 4, 5], [0, 1, 2, 3, 4, 5], [0, 1, 2, 3, 4, 5]]","[true, true, true, true, true]",0,0.0,0,1,1,0.33003595900001415
figure_eight--neutral,figure_eight,neutral,n0_d1_m0,factorial_combination,1.0,0.0,4,1.0,1423,error_peak_dynamic,16.45696061571342,4.92061491036724,4.92061491036724,0.4740925441637245,0.2989990087032804,0.8333333333333334,0.6666666666666666,3.0236737529939144,0.7024222236360416,0.2323075440730114,0.4740925441637245,1,"[[2, 4], [2, 4], [2, 4], [3, 4]]","[true, true, true, true, true]",0,0.0,0,1,1,0.3482144999999832
figure_eight--neutral,figure_eight,neutral,n0_d1_m0,factorial_combination,1.0,0.0,4,1.0,1423,violation_safe,16.45696061571342,5.291003625468872,5.291003625468872,0.47690585765877513,0.3215055166636858,0.8333333333333334,0.6666666666666666,3.0236737529939144,0.7969205174878147,0.26356035160828367,0.47690585765877513,0,"[[2, 4], [2, 4], [2, 4], [2, 4]]","[true, true, true, true, true]",0,4.0,0,1,1,0.34259270799998376
figure_eight--neutral,figure_eight,neutral,n0_d1_m0,factorial_combination,1.0,0.0,4,1.0,1423,dual_anchor_dynamic,16.45696061571342,4.92061491036724,4.92061491036724,0.4740925441637245,0.2989990087032804,0.8333333333333334,0.6666666666666666,3.0236737529939144,0.7024222236360416,0.2323075440730114,0.4740925441637245,1,"[[2, 4], [2, 4], [2, 4], [3, 4]]","[true, true, true, true, true]",0,4.0,0,1,1,0.3487191669999845
figure_eight--neutral,figure_eight,neutral,n0_d1_m0,factorial_combination,1.0,0.0,4,1.0,1451,full_trajectory,23.184720090288046,18.63377042293564,18.63377042293564,0.8417461084410907,0.8037090959205164,1.0,0.8333333333333334,4.343359200251718,2.9210691355844594,0.672536854749469,0.8417461084410907,0,"[[0, 1, 2, 3, 4, 5], [0, 1, 2, 3, 4, 5], [0, 1, 2, 3, 4, 5], [0, 1, 2, 3, 4, 5]]","[true, true, true, true, true]",0,0.0,0,1,1,0.3709841659999995
figure_eight--neutral,figure_eight,neutral,n0_d1_m0,factorial_combination,1.0,0.0,4,1.0,1451,error_peak_dynamic,23.184720090288046,17.803267861843143,17.803267861843143,0.8225041877886418,0.7678879793463987,1.0,1.0,4.343359200251718,3.0756391073400353,0.7081245104392443,0.8225041877886418,2,"[[2, 4], [2, 4], [3, 4], [2, 4]]","[true, true, true, true, true]",0,0.0,0,1,1,0.42103008400002295
figure_eight--neutral,figure_eight,neutral,n0_d1_m0,factorial_combination,1.0,0.0,4,1.0,1451,violation_safe,23.184720090288046,18.383613562505744,18.383613562505744,0.8338915222470409,0.7929193663289703,1.0,1.0,4.343359200251718,3.2497709077941694,0.7482160139105765,0.8338915222470409,0,"[[2, 4], [2, 4], [2, 4], [2, 4]]","[true, true, true, true, true]",0,4.0,0,1,1,0.3901569580000057
figure_eight--neutral,figure_eight,neutral,n0_d1_m0,factorial_combination,1.0,0.0,4,1.0,1451,dual_anchor_dynamic,23.184720090288046,17.666874395421335,17.803267861843143,0.8225041877886418,0.7620050760423842,1.0,1.0,4.343359200251718,2.9959791399037017,0.6897838750546054,0.8225041877886418,2,"[[2, 4], [2, 4], [3, 4], [2, 4]]","[true, true, true, true, false]",1,2.0,0,1,1,0.4219351670000151
figure_eight--neutral,figure_eight,neutral,n0_d1_m0,factorial_combination,1.0,0.0,4,1.0,1471,full_trajectory,19.146787507203598,13.568831299482326,13.568831299482326,0.7724002596052127,0.708674042283977,1.0,0.8333333333333334,3.600899491570089,2.0546395255946606,0.5705906344802705,0.7724002596052127,0,"[[0, 1, 2, 3, 4, 5], [0, 1, 2, 3, 4, 5], [0, 1, 2, 3, 4, 5], [0, 1, 2, 3, 4, 5]]","[true, true, true, true, true]",0,0.0,0,1,1,0.3599415420000014
figure_eight--neutral,figure_eight,neutral,n0_d1_m0,factorial_combination,1.0,0.0,4,1.0,1471,error_peak_dynamic,19.146787507203598,13.095478581733836,13.095478581733836,0.7596436654806944,0.6839517374288988,1.0,0.8333333333333334,3.600899491570089,2.2409416621459135,0.6223283008570735,0.7596436654806944,2,"[[2, 4], [2, 4], [3, 4], [2, 4]]","[true, true, true, true, true]",0,0.0,0,1,1,0.386305415999999
figure_eight--neutral,figure_eight,neutral,n0_d1_m0,factorial_combination,1.0,0.0,4,1.0,1471,violation_safe,19.146787507203598,12.845591524010231,12.845591524010231,0.7672957852022897,0.6709006155302728,1.0,0.8333333333333334,3.600899491570089,2.119010634492723,0.5884670314885067,0.7672957852022897,1,"[[2, 4], [2, 4], [2, 4], [3, 4]]","[true, true, true, true, true]",0,4.0,0,1,1,0.3725864589999901
figure_eight--neutral,figure_eight,neutral,n0_d1_m0,factorial_combination,1.0,0.0,4,1.0,1471,dual_anchor_dynamic,19.146787507203598,13.002181459191304,13.095478581733836,0.7596436654806944,0.6790790076037294,1.0,0.8333333333333334,3.600899491570089,2.1635630159730312,0.6008396016156673,0.7596436654806944,2,"[[2, 4], [2, 4], [3, 4], [2, 4]]","[true, true, true, true, false]",1,2.0,0,1,1,0.47473816699999816
figure_eight--neutral,figure_eight,neutral,n0_d1_m0,factorial_combination,1.0,0.0,4,1.0,1499,full_trajectory,15.96179758406841,9.33941745202496,9.33941745202496,0.6789350173476529,0.5851106307316354,0.8333333333333334,0.6666666666666666,2.987066405035074,1.3587483324185572,0.45487717652617865,0.6789350173476529,0,"[[0, 1, 2, 3, 4, 5], [0, 1, 2, 3, 4, 5], [0, 1, 2, 3, 4, 5], [0, 1, 2, 3, 4, 5]]","[true, true, true, true, true]",0,0.0,0,1,1,0.3290043330000003
figure_eight--neutral,figure_eight,neutral,n0_d1_m0,factorial_combination,1.0,0.0,4,1.0,1499,error_peak_dynamic,15.96179758406841,9.118139391774989,9.118139391774989,0.6714696396445209,0.5712476520110662,0.8333333333333334,0.8333333333333334,2.987066405035074,1.5483902717914946,0.5183648643302637,0.6714696396445209,2,"[[2, 4], [2, 4], [3, 4], [2, 4]]","[true, true, true, true, true]",0,0.0,0,1,1,0.33098320800002057
figure_eight--neutral,figure_eight,neutral,n0_d1_m0,factorial_combination,1.0,0.0,4,1.0,1499,violation_safe,15.96179758406841,9.035151631946267,9.118139391774989,0.6714696396445209,0.5660485032691004,0.8333333333333334,0.8333333333333334,2.987066405035074,1.4771605645377017,0.4945188235680877,0.6714696396445209,2,"[[2, 4], [2, 4], [3, 4], [2, 4]]","[true, true, true, true, false]",1,2.0,0,1,1,0.33270412499999225
figure_eight--neutral,figure_eight,neutral,n0_d1_m0,factorial_combination,1.0,0.0,4,1.0,1499,dual_anchor_dynamic,15.96179758406841,9.035151631946267,9.118139391774989,0.6714696396445209,0.5660485032691004,0.8333333333333334,0.8333333333333334,2.987066405035074,1.4771605645377017,0.4945188235680877,0.6714696396445209,2,"[[2, 4], [2, 4], [3, 4], [2, 4]]","[true, true, true, true, false]",1,2.0,0,1,1,0.3321178330000123
figure_eight--demand_aligned,figure_eight,demand_aligned,n0_d1_m0,factorial_combination,1.0,0.0,4,1.0,1423,full_trajectory,26.569664847707077,8.57932284819572,8.57932284819572,0.49262483079686414,0.3228991745801454,0.8333333333333334,0.5,3.0236737529939144,0.703898692671174,0.23279584709633544,0.49262483079686414,0,"[[0, 1, 2, 3, 4, 5], [0, 1, 2, 3, 4, 5], [0, 1, 2, 3, 4, 5], [0, 1, 2, 3, 4, 5]]","[true, true, true, true, true]",0,0.0,0,1,1,0.3295692499999916
figure_eight--demand_aligned,figure_eight,demand_aligned,n0_d1_m0,factorial_combination,1.0,0.0,4,1.0,1423,error_peak_dynamic,26.569664847707077,8.819439525763354,8.819439525763354,0.4953755627370485,0.33193642359867626,0.8333333333333334,0.6666666666666666,3.0236737529939144,0.9702041140420898,0.3208693110761155,0.4953755627370485,3,"[[2, 4], [1, 4], [2, 3], [2, 4]]","[true, true, true, true, true]",0,0.0,0,1,1,0.28086095899999464
figure_eight--demand_aligned,figure_eight,demand_aligned,n0_d1_m0,factorial_combination,1.0,0.0,4,1.0,1423,violation_safe,26.569664847707077,8.68460224927861,8.68460224927861,0.48704445714133604,0.32686156558832463,0.8333333333333334,0.6666666666666666,3.0236737529939144,1.0683749878004267,0.35333672713286834,0.48704445714133604,0,"[[2, 4], [2, 4], [2, 4], [2, 4]]","[true, true, true, true, true]",0,4.0,0,1,1,0.27837800000000357
figure_eight--demand_aligned,figure_eight,demand_aligned,n0_d1_m0,factorial_combination,1.0,0.0,4,1.0,1423,dual_anchor_dynamic,26.569664847707077,8.207598754629892,8.207598754629892,0.4839159892393449,0.3089086295094232,0.8333333333333334,0.6666666666666666,3.0236737529939144,0.7024222236360416,0.2323075440730114,0.4839159892393449,1,"[[2, 4], [2, 4], [2, 4], [3, 4]]","[true, true, true, true, true]",0,4.0,0,1,1,0.3494183329999885
figure_eight--demand_aligned,figure_eight,demand_aligned,n0_d1_m0,factorial_combination,1.0,0.0,4,1.0,1451,full_trajectory,37.77333755542482,30.79911393042682,30.79911393042682,0.8483931584085845,0.8153664972081242,0.8333333333333334,0.8333333333333334,4.343359200251718,2.9210691355844594,0.672536854749469,0.8483931584085845,0,"[[0, 1, 2, 3, 4, 5], [0, 1, 2, 3, 4, 5], [0, 1, 2, 3, 4, 5], [0, 1, 2, 3, 4, 5]]","[true, true, true, true, true]",0,0.0,0,1,1,0.3700791249999895
figure_eight--demand_aligned,figure_eight,demand_aligned,n0_d1_m0,factorial_combination,1.0,0.0,4,1.0,1451,error_peak_dynamic,37.77333755542482,27.860961761960006,27.860961761960006,0.798784556415483,0.7375827386467934,0.8333333333333334,0.8333333333333334,4.343359200251718,3.2788575243183815,0.7549128158979705,0.798784556415483,2,"[[2, 4], [2, 4], [3, 4], [2, 4]]","[true, true, true, true, true]",0,0.0,0,1,1,0.31765170899998907
figure_eight--demand_aligned,figure_eight,demand_aligned,n0_d1_m0,factorial_combination,1.0,0.0,4,1.0,1451,violation_safe,37.77333755542482,30.1583828988789,30.19179658015281,0.8343770824292341,0.7984039762074905,0.8333333333333334,0.8333333333333334,4.343359200251718,3.628168003813718,0.835336852545709,0.8343770824292341,0,"[[2, 4], [2, 4], [2, 4], [2, 4]]","[true, true, true, true, false]",1,2.0,0,1,1,0.3181567499999858
figure_eight--demand_aligned,figure_eight,demand_aligned,n0_d1_m0,factorial_combination,1.0,0.0,4,1.0,1451,dual_anchor_dynamic,37.77333755542482,28.983350901131942,29.007905051069233,0.821709202642179,0.7672965318091014,0.8333333333333334,0.8333333333333334,4.343359200251718,2.9959791399037017,0.6897838750546054,0.821709202642179,2,"[[2, 4], [2, 4], [3, 4], [2, 4]]","[true, true, true, true, false]",1,2.0,0,1,1,0.4216348329999846
figure_eight--demand_aligned,figure_eight,demand_aligned,n0_d1_m0,factorial_combination,1.0,0.0,4,1.0,1471,full_trajectory,31.161219395473136,22.450861877293377,22.450861877293377,0.7790579193715876,0.7204744330562002,0.8333333333333334,0.6666666666666666,3.600899491570089,2.0546395255946606,0.5705906344802705,0.7790579193715876,0,"[[0, 1, 2, 3, 4, 5], [0, 1, 2, 3, 4, 5], [0, 1, 2, 3, 4, 5], [0, 1, 2, 3, 4, 5]]","[true, true, true, true, true]",0,0.0,0,1,1,0.35345316599998
figure_eight--demand_aligned,figure_eight,demand_aligned,n0_d1_m0,factorial_combination,1.0,0.0,4,1.0,1471,error_peak_dynamic,31.161219395473136,20.669806080021985,20.669806080021985,0.7422245195655409,0.6633182680593281,0.8333333333333334,0.8333333333333334,3.600899491570089,2.4713757297611534,0.6863217747528874,0.7422245195655409,2,"[[2, 4], [2, 4], [3, 4], [2, 4]]","[true, true, true, true, true]",0,0.0,0,1,1,0.3170715830000006
figure_eight--demand_aligned,figure_eight,demand_aligned,n0_d1_m0,factorial_combination,1.0,0.0,4,1.0,1471,violation_safe,31.161219395473136,19.246866701478986,19.246866701478986,0.7598572031091118,0.6176544780617611,0.8333333333333334,0.8333333333333334,3.600899491570089,2.325188978024884,0.6457244873033207,0.7598572031091118,1,"[[2, 4], [2, 4], [2, 4], [3, 4]]","[true, true, true, true, true]",0,4.0,0,1,1,0.31804820800002176
figure_eight--demand_aligned,figure_eight,demand_aligned,n0_d1_m0,factorial_combination,1.0,0.0,4,1.0,1471,dual_anchor_dynamic,31.161219395473136,21.31288044770189,21.31288044770189,0.7591951497654802,0.6839552771416276,0.8333333333333334,0.8333333333333334,3.600899491570089,2.2409416621459135,0.6223283008570735,0.7591951497654802,2,"[[2, 4], [2, 4], [3, 4], [2, 4]]","[true, true, true, true, true]",0,4.0,0,1,1,0.38520220899999913
figure_eight--demand_aligned,figure_eight,demand_aligned,n0_d1_m0,factorial_combination,1.0,0.0,4,1.0,1499,full_trajectory,26.00422213793695,15.487462413161374,15.487462413161374,0.6847882499544111,0.5955749159121002,0.8333333333333334,0.6666666666666666,2.987066405035074,1.3587483324185572,0.45487717652617865,0.6847882499544111,0,"[[0, 1, 2, 3, 4, 5], [0, 1, 2, 3, 4, 5], [0, 1, 2, 3, 4, 5], [0, 1, 2, 3, 4, 5]]","[true, true, true, true, true]",0,0.0,0,1,1,0.32879787499999225
figure_eight--demand_aligned,figure_eight,demand_aligned,n0_d1_m0,factorial_combination,1.0,0.0,4,1.0,1499,error_peak_dynamic,26.00422213793695,13.137431551198521,13.137431551198521,0.6454444102807531,0.50520378888906,0.8333333333333334,0.8333333333333334,2.987066405035074,1.608656058450504,0.5385404407946583,0.6454444102807531,3,"[[2, 4], [3, 4], [2, 4], [3, 4]]","[true, true, true, true, true]",0,0.0,0,1,1,0.28825533299999506
figure_eight--demand_aligned,figure_eight,demand_aligned,n0_d1_m0,factorial_combination,1.0,0.0,4,1.0,1499,violation_safe,26.00422213793695,13.575428155819662,13.575428155819662,0.674894963803013,0.5220470769635054,0.8333333333333334,0.8333333333333334,2.987066405035074,1.6592625794116047,0.5554823209201878,0.674894963803013,1,"[[2, 4], [2, 4], [2, 4], [3, 4]]","[true, true, true, true, true]",0,4.0,0,1,1,0.2974310829999922
figure_eight--demand_aligned,figure_eight,demand_aligned,n0_d1_m0,factorial_combination,1.0,0.0,4,1.0,1499,dual_anchor_dynamic,26.00422213793695,14.81258446711622,14.81258446711622,0.6707537750997934,0.5696222862789073,0.8333333333333334,0.8333333333333334,2.987066405035074,1.5483902717914946,0.5183648643302637,0.6707537750997934,2,"[[2, 4], [2, 4], [3, 4], [2, 4]]","[true, true, true, true, true]",0,4.0,0,1,1,0.3316379579999875
figure_eight--demand_conflict,figure_eight,demand_conflict,n0_d1_m0,factorial_combination,1.0,0.0,4,1.0,1423,full_trajectory,10.488384070993728,2.818498872631766,2.818498872631766,0.4338427687872273,0.2687257497011859,1.0,0.5,3.0236737529939144,0.703898692671174,0.23279584709633544,0.4338427687872273,0,"[[0, 1, 2, 3, 4, 5], [0, 1, 2, 3, 4, 5], [0, 1, 2, 3, 4, 5], [0, 1, 2, 3, 4, 5]]","[true, true, true, true, true]",0,0.0,0,1,1,0.32900020899998594
figure_eight--demand_conflict,figure_eight,demand_conflict,n0_d1_m0,factorial_combination,1.0,0.0,4,1.0,1423,error_peak_dynamic,10.488384070993728,2.884193282168898,2.884193282168898,0.4355414564769217,0.2749892893553843,1.0,0.8333333333333334,3.0236737529939144,0.7454751454400053,0.24654615753497452,0.4355414564769217,1,"[[2, 4], [2, 4], [2, 4], [3, 4]]","[true, true, true, true, true]",0,0.0,0,1,1,0.32567624999998657
figure_eight--demand_conflict,figure_eight,demand_conflict,n0_d1_m0,factorial_combination,1.0,0.0,4,1.0,1423,violation_safe,10.488384070993728,3.110435127987608,3.110435127987608,0.4628633904803735,0.296559995032,1.0,0.6666666666666666,3.0236737529939144,0.8368452951445284,0.2767644142546528,0.4628633904803735,1,"[[1, 4], [2, 4], [2, 4], [2, 4]]","[true, true, true, true, true]",0,4.0,0,1,1,0.3266848749999838
figure_eight--demand_conflict,figure_eight,demand_conflict,n0_d1_m0,factorial_combination,1.0,0.0,4,1.0,1423,dual_anchor_dynamic,10.488384070993728,2.7366013341332733,2.7366013341332733,0.43619158231395605,0.2609173458570718,1.0,0.6666666666666666,3.0236737529939144,0.7005413694822837,0.23168550138342048,0.43619158231395605,2,"[[1, 4], [2, 4], [2, 4], [3, 4]]","[true, true, true, true, true]",0,4.0,0,1,1,0.32630629100000874
figure_eight--demand_conflict,figure_eight,demand_conflict,n0_d1_m0,factorial_combination,1.0,0.0,4,1.0,1451,full_trajectory,15.02330691369831,10.53002712530418,10.53002712530418,0.7757750178389935,0.7009127341799068,1.0,1.0,4.343359200251718,2.9210691355844594,0.672536854749469,0.7757750178389935,0,"[[0, 1, 2, 3, 4, 5], [0, 1, 2, 3, 4, 5], [0, 1, 2, 3, 4, 5], [0, 1, 2, 3, 4, 5]]","[true, true, true, true, true]",0,0.0,0,1,1,0.3719187080000097
figure_eight--demand_conflict,figure_eight,demand_conflict,n0_d1_m0,factorial_combination,1.0,0.0,4,1.0,1451,error_peak_dynamic,15.02330691369831,11.007390713792233,11.007390713792233,0.8000654249100778,0.7326876018059414,1.0,1.0,4.343359200251718,3.1257951579404817,0.719672266056035,0.8000654249100778,2,"[[2, 4], [2, 4], [3, 4], [2, 4]]","[true, true, true, true, true]",0,0.0,0,1,1,0.41640383300000394
figure_eight--demand_conflict,figure_eight,demand_conflict,n0_d1_m0,factorial_combination,1.0,0.0,4,1.0,1451,violation_safe,15.02330691369831,10.971325698904732,11.124808615219704,0.7937903377617291,0.7302869975252275,1.0,1.0,4.343359200251718,3.0999185953260855,0.7137145357783051,0.7937903377617291,2,"[[2, 4], [2, 3], [2, 4], [2, 4]]","[true, true, true, false, false]",2,1.0,0,1,1,0.44825370799998154
figure_eight--demand_conflict,figure_eight,demand_conflict,n0_d1_m0,factorial_combination,1.0,0.0,4,1.0,1451,dual_anchor_dynamic,15.02330691369831,10.197520575850088,10.522674902571065,0.781937642327676,0.6787800205660413,1.0,1.0,4.343359200251718,2.9959791399037017,0.6897838750546054,0.781937642327676,2,"[[2, 4], [2, 4], [3, 4], [2, 4]]","[true, true, true, true, false]",1,2.0,0,1,1,0.4216013749999945
figure_eight--demand_conflict,figure_eight,demand_conflict,n0_d1_m0,factorial_combination,1.0,0.0,4,1.0,1471,full_trajectory,12.478064958578528,7.535712441768531,7.535712441768531,0.7030581946086507,0.603916750456393,1.0,1.0,3.600899491570089,2.0546395255946606,0.5705906344802705,0.7030581946086507,0,"[[0, 1, 2, 3, 4, 5], [0, 1, 2, 3, 4, 5], [0, 1, 2, 3, 4, 5], [0, 1, 2, 3, 4, 5]]","[true, true, true, true, true]",0,0.0,0,1,1,0.3818399160000183
figure_eight--demand_conflict,figure_eight,demand_conflict,n0_d1_m0,factorial_combination,1.0,0.0,4,1.0,1471,error_peak_dynamic,12.478064958578528,8.441884522451303,8.441884522451303,0.7441502610594659,0.6765379528375995,1.0,1.0,3.600899491570089,2.288933527937191,0.6356560446343239,0.7441502610594659,2,"[[2, 4], [2, 4], [3, 4], [2, 4]]","[true, true, true, true, true]",0,0.0,0,1,1,0.348733999999979
figure_eight--demand_conflict,figure_eight,demand_conflict,n0_d1_m0,factorial_combination,1.0,0.0,4,1.0,1471,violation_safe,12.478064958578528,8.063582830527201,8.817951322873808,0.7393989975953101,0.6462206165214406,1.0,1.0,3.600899491570089,2.3220424577801864,0.6448506722323741,0.7393989975953101,2,"[[2, 4], [2, 3], [2, 4], [2, 4]]","[true, true, true, false, false]",2,1.0,0,1,1,0.3856554580000022
figure_eight--demand_conflict,figure_eight,demand_conflict,n0_d1_m0,factorial_combination,1.0,0.0,4,1.0,1471,dual_anchor_dynamic,12.478064958578528,9.24945001050503,9.290887429989827,0.778085500511267,0.7412567606603248,1.0,1.0,3.600899491570089,2.7038442312304563,0.7508802279986736,0.778085500511267,0,"[[2, 4], [2, 4], [2, 4], [2, 4]]","[true, true, false, false, false]",3,0.5,0,1,1,0.39344029199997976
figure_eight--demand_conflict,figure_eight,demand_conflict,n0_d1_m0,factorial_combination,1.0,0.0,4,1.0,1499,full_trajectory,10.319427627843613,5.1751165225052205,5.1751165225052205,0.6148148230964147,0.5014925933044828,1.0,0.6666666666666666,2.987066405035074,1.3587483324185572,0.45487717652617865,0.6148148230964147,0,"[[0, 1, 2, 3, 4, 5], [0, 1, 2, 3, 4, 5], [0, 1, 2, 3, 4, 5], [0, 1, 2, 3, 4, 5]]","[true, true, true, true, true]",0,0.0,0,1,1,0.32756395900000257
figure_eight--demand_conflict,figure_eight,demand_conflict,n0_d1_m0,factorial_combination,1.0,0.0,4,1.0,1499,error_peak_dynamic,10.319427627843613,6.094320822775151,6.094320822775151,0.670452213097958,0.5905677177609746,1.0,0.8333333333333334,2.987066405035074,1.5891266356738425,0.5320024466128944,0.670452213097958,2,"[[2, 4], [2, 4], [3, 4], [2, 4]]","[true, true, true, true, true]",0,0.0,0,1,1,0.33315491700000166
figure_eight--demand_conflict,figure_eight,demand_conflict,n0_d1_m0,factorial_combination,1.0,0.0,4,1.0,1499,violation_safe,10.319427627843613,5.47338752324438,5.47338752324438,0.6386145872932049,0.5303964251346874,1.0,0.8333333333333334,2.987066405035074,1.5468421643987225,0.5178465941672159,0.6386145872932049,3,"[[2, 4], [2, 3], [3, 4], [2, 4]]","[true, true, true, true, true]",0,4.0,0,1,1,0.32122637500000906
figure_eight--demand_conflict,figure_eight,demand_conflict,n0_d1_m0,factorial_combination,1.0,0.0,4,1.0,1499,dual_anchor_dynamic,10.319427627843613,5.10901789885032,5.639159311271385,0.646553908629873,0.49508733266032123,1.0,1.0,2.987066405035074,1.4771605645377017,0.4945188235680877,0.646553908629873,2,"[[2, 4], [2, 4], [3, 4], [2, 4]]","[true, true, true, true, false]",1,2.0,0,1,1,0.3322370420000027
s_curve--neutral,s_curve,neutral,n0_d1_m0,factorial_combination,1.0,0.0,4,1.0,1423,full_trajectory,6.296128345205927,1.9231344617263642,1.9231344617263642,0.49740811350010317,0.30544715042073434,0.6666666666666666,0.5,1.183970207535598,0.4004419282223381,0.3382195984946675,0.49740811350010317,0,"[[0, 1, 2, 3, 4, 5], [0, 1, 2, 3, 4, 5], [0, 1, 2, 3, 4, 5], [0, 1, 2, 3, 4, 5]]","[true, true, true, true, true]",0,0.0,0,1,1,0.23886875000002306
s_curve--neutral,s_curve,neutral,n0_d1_m0,factorial_combination,1.0,0.0,4,1.0,1423,error_peak_dynamic,6.296128345205927,1.4141338354498132,1.4141338354498132,0.4244880102971826,0.22460371801768936,0.6666666666666666,0.5,1.183970207535598,0.4605211899737657,0.38896349506321454,0.4244880102971826,2,"[[2, 4], [2, 4], [3, 4], [2, 3]]","[true, true, true, true, true]",0,0.0,0,1,1,0.21697395800001118
s_curve--neutral,s_curve,neutral,n0_d1_m0,factorial_combination,1.0,0.0,4,1.0,1423,violation_safe,6.296128345205927,1.643556616783731,1.643556616783731,0.44804855472727323,0.26104242586401327,0.6666666666666666,0.5,1.183970207535598,0.4649153396693574,0.39267486353146175,0.44804855472727323,3,"[[3, 4], [2, 4], [3, 4], [2, 3]]","[true, true, true, true, true]",0,4.0,0,1,1,0.22169870800001945
s_curve--neutral,s_curve,neutral,n0_d1_m0,factorial_combination,1.0,0.0,4,1.0,1423,dual_anchor_dynamic,6.296128345205927,1.4141338354498132,1.4141338354498132,0.4244880102971826,0.22460371801768936,0.6666666666666666,0.5,1.183970207535598,0.4605211899737657,0.38896349506321454,0.4244880102971826,2,"[[2, 4], [2, 4], [3, 4], [2, 3]]","[true, true, true, true, true]",0,4.0,0,1,1,0.22076787500000705
s_curve--neutral,s_curve,neutral,n0_d1_m0,factorial_combination,1.0,0.0,4,1.0,1451,full_trajectory,13.17711298543584,6.82310657743831,6.82310657743831,0.6836419415738186,0.5177998082720873,0.8333333333333334,0.5,1.8673130103949274,1.3276763401477414,0.7110089913993286,0.6836419415738186,0,"[[0, 1, 2, 3, 4, 5], [0, 1, 2, 3, 4, 5], [0, 1, 2, 3, 4, 5], [0, 1, 2, 3, 4, 5]]","[true, true, true, true, true]",0,0.0,0,1,1,0.32756783299998915
s_curve--neutral,s_curve,neutral,n0_d1_m0,factorial_combination,1.0,0.0,4,1.0,1451,error_peak_dynamic,13.17711298543584,7.539727282032253,7.539727282032253,0.7207058507969125,0.5721835496413838,0.8333333333333334,0.5,1.8673130103949274,1.4968489327363277,0.8016057963521347,0.7207058507969125,3,"[[2, 4], [3, 4], [2, 4], [3, 4]]","[true, true, true, true, true]",0,0.0,0,1,1,0.2682161669999914
s_curve--neutral,s_curve,neutral,n0_d1_m0,factorial_combination,1.0,0.0,4,1.0,1451,violation_safe,13.17711298543584,7.539727282032253,7.539727282032253,0.7207058507969125,0.5721835496413838,0.8333333333333334,0.5,1.8673130103949274,1.4968489327363277,0.8016057963521347,0.7207058507969125,3,"[[2, 4], [3, 4], [2, 4], [3, 4]]","[true, true, true, true, true]",0,4.0,0,1,1,0.270860416000005
s_curve--neutral,s_curve,neutral,n0_d1_m0,factorial_combination,1.0,0.0,4,1.0,1451,dual_anchor_dynamic,13.17711298543584,7.539727282032253,7.539727282032253,0.7207058507969125,0.5721835496413838,0.8333333333333334,0.5,1.8673130103949274,1.4968489327363277,0.8016057963521347,0.7207058507969125,3,"[[2, 4], [3, 4], [2, 4], [3, 4]]","[true, true, true, true, true]",0,4.0,0,1,1,0.27152779200000055
s_curve--neutral,s_curve,neutral,n0_d1_m0,factorial_combination,1.0,0.0,4,1.0,1471,full_trajectory,10.84835026203419,4.857515000028324,4.857515000028324,0.5971791140694362,0.44776531755506616,0.8333333333333334,0.5,1.5495287460074516,0.9577717708311659,0.6181051970148865,0.5971791140694362,0,"[[0, 1, 2, 3, 4, 5], [0, 1, 2, 3, 4, 5], [0, 1, 2, 3, 4, 5], [0, 1, 2, 3, 4, 5]]","[true, true, true, true, true]",0,0.0,0,1,1,0.305700250000001
s_curve--neutral,s_curve,neutral,n0_d1_m0,factorial_combination,1.0,0.0,4,1.0,1471,error_peak_dynamic,10.84835026203419,4.6822870257736975,4.6822870257736975,0.5983427446785238,0.4316128178641344,0.8333333333333334,0.5,1.5495287460074516,1.1737080819625554,0.7574613152461717,0.5983427446785238,3,"[[2, 4], [3, 4], [2, 4], [3, 4]]","[true, true, true, true, true]",0,0.0,0,1,1,0.28885233399998356
s_curve--neutral,s_curve,neutral,n0_d1_m0,factorial_combination,1.0,0.0,4,1.0,1471,violation_safe,10.84835026203419,4.6822870257736975,4.6822870257736975,0.5983427446785238,0.4316128178641344,0.8333333333333334,0.5,1.5495287460074516,1.1737080819625554,0.7574613152461717,0.5983427446785238,3,"[[2, 4], [3, 4], [2, 4], [3, 4]]","[true, true, true, true, true]",0,4.0,0,1,1,0.29008429099999944
s_curve--neutral,s_curve,neutral,n0_d1_m0,factorial_combination,1.0,0.0,4,1.0,1471,dual_anchor_dynamic,10.84835026203419,4.6822870257736975,4.6822870257736975,0.5983427446785238,0.4316128178641344,0.8333333333333334,0.5,1.5495287460074516,1.1737080819625554,0.7574613152461717,0.5983427446785238,3,"[[2, 4], [3, 4], [2, 4], [3, 4]]","[true, true, true, true, true]",0,4.0,0,1,1,0.2893719580000038
s_curve--neutral,s_curve,neutral,n0_d1_m0,factorial_combination,1.0,0.0,4,1.0,1499,full_trajectory,8.681665868052448,3.210358729697168,3.210358729697168,0.542758460259963,0.3697860270700956,0.6666666666666666,0.5,1.2686280503090368,0.6546229187122738,0.5160085484100783,0.542758460259963,0,"[[0, 1, 2, 3, 4, 5], [0, 1, 2, 3, 4, 5], [0, 1, 2, 3, 4, 5], [0, 1, 2, 3, 4, 5]]","[true, true, true, true, true]",0,0.0,0,1,1,0.28075549999999794
s_curve--neutral,s_curve,neutral,n0_d1_m0,factorial_combination,1.0,0.0,4,1.0,1499,error_peak_dynamic,8.681665868052448,1.666248989202951,1.666248989202951,0.4544491880289699,0.19192733451474556,0.6666666666666666,0.5,1.2686280503090368,0.8057695224399702,0.6351503281388784,0.4544491880289699,2,"[[2, 4], [3, 4], [2, 4], [2, 4]]","[true, true, true, true, true]",0,0.0,0,1,1,0.2618282910000005
s_curve--neutral,s_curve,neutral,n0_d1_m0,factorial_combination,1.0,0.0,4,1.0,1499,violation_safe,8.681665868052448,1.666248989202951,1.666248989202951,0.4544491880289699,0.19192733451474556,0.6666666666666666,0.5,1.2686280503090368,0.8057695224399702,0.6351503281388784,0.4544491880289699,2,"[[2, 4], [3, 4], [2, 4], [2, 4]]","[true, true, true, true, true]",0,4.0,0,1,1,0.2623140000000035
s_curve--neutral,s_curve,neutral,n0_d1_m0,factorial_combination,1.0,0.0,4,1.0,1499,dual_anchor_dynamic,8.681665868052448,1.666248989202951,1.666248989202951,0.4544491880289699,0.19192733451474556,0.6666666666666666,0.5,1.2686280503090368,0.8057695224399702,0.6351503281388784,0.4544491880289699,2,"[[2, 4], [3, 4], [2, 4], [2, 4]]","[true, true, true, true, true]",0,4.0,0,1,1,0.264123082999987
s_curve--demand_aligned,s_curve,demand_aligned,n0_d1_m0,factorial_combination,1.0,0.0,4,1.0,1423,full_trajectory,8.437484497313788,3.144860581805479,3.144860581805479,0.5509008641052682,0.37272490193098395,0.6666666666666666,0.5,1.183970207535598,0.4004419282223381,0.3382195984946675,0.5509008641052682,0,"[[0, 1, 2, 3, 4, 5], [0, 1, 2, 3, 4, 5], [0, 1, 2, 3, 4, 5], [0, 1, 2, 3, 4, 5]]","[true, true, true, true, true]",0,0.0,0,1,1,0.23947354200001314
s_curve--demand_aligned,s_curve,demand_aligned,n0_d1_m0,factorial_combination,1.0,0.0,4,1.0,1423,error_peak_dynamic,8.437484497313788,1.8582969924313164,1.8582969924313164,0.44412726361622556,0.22024301117506478,0.6666666666666666,0.5,1.183970207535598,0.7570109290823944,0.6393834272722894,0.44412726361622556,2,"[[2, 4], [2, 4], [3, 4], [2, 4]]","[true, true, true, true, true]",0,0.0,0,1,1,0.15709737500000642
s_curve--demand_aligned,s_curve,demand_aligned,n0_d1_m0,factorial_combination,1.0,0.0,4,1.0,1423,violation_safe,8.437484497313788,1.5960983826708106,1.5960983826708106,0.4273315241998973,0.18916756329199239,0.6666666666666666,0.5,1.183970207535598,0.7331628743723931,0.6192409823372599,0.4273315241998973,1,"[[2, 4], [2, 4], [2, 4], [2, 3]]","[true, true, true, true, true]",0,4.0,0,1,1,0.16494266700001958
s_curve--demand_aligned,s_curve,demand_aligned,n0_d1_m0,factorial_combination,1.0,0.0,4,1.0,1423,dual_anchor_dynamic,8.437484497313788,1.9519115056104548,1.9519115056104548,0.4347733659060322,0.23133808497448238,0.6666666666666666,0.5,1.183970207535598,0.46112503560102086,0.38947351264930913,0.4347733659060322,1,"[[2, 4], [2, 4], [2, 4], [2, 3]]","[true, true, true, true, true]",0,4.0,0,1,1,0.23938795899999832
s_curve--demand_aligned,s_curve,demand_aligned,n0_d1_m0,factorial_combination,1.0,0.0,4,1.0,1451,full_trajectory,17.603141578954947,9.363921600071125,9.363921600071125,0.6919870789245436,0.531946048270495,0.8333333333333334,0.5,1.8673130103949274,1.3276763401477414,0.7110089913993286,0.6919870789245436,0,"[[0, 1, 2, 3, 4, 5], [0, 1, 2, 3, 4, 5], [0, 1, 2, 3, 4, 5], [0, 1, 2, 3, 4, 5]]","[true, true, true, true, true]",0,0.0,0,1,1,0.3309854590000043
s_curve--demand_aligned,s_curve,demand_aligned,n0_d1_m0,factorial_combination,1.0,0.0,4,1.0,1451,error_peak_dynamic,17.603141578954947,7.4516047688881475,7.4516047688881475,0.6461132462976835,0.4233110740753657,0.8333333333333334,0.6666666666666666,1.8673130103949274,1.5408116778694605,0.8251491149539982,0.6461132462976835,3,"[[2, 4], [3, 4], [2, 4], [3, 4]]","[true, true, true, true, true]",0,0.0,0,1,1,0.23748349999999618
s_curve--demand_aligned,s_curve,demand_aligned,n0_d1_m0,factorial_combination,1.0,0.0,4,1.0,1451,violation_safe,17.603141578954947,7.868377928045931,7.868377928045931,0.6863043998890833,0.44698714105968446,0.8333333333333334,0.6666666666666666,1.8673130103949274,1.5450832497097335,0.827436664934368,0.6863043998890833,1,"[[2, 4], [2, 4], [2, 4], [3, 4]]","[true, true, true, true, true]",0,4.0,0,1,1,0.2716795420000153
s_curve--demand_aligned,s_curve,demand_aligned,n0_d1_m0,factorial_combination,1.0,0.0,4,1.0,1451,dual_anchor_dynamic,17.603141578954947,10.184311616514517,10.184311616514517,0.7226761687473748,0.578550798494409,0.8333333333333334,0.5,1.8673130103949274,1.4968489327363277,0.8016057963521347,0.7226761687473748,3,"[[2, 4], [3, 4], [2, 4], [3, 4]]","[true, true, true, true, true]",0,4.0,0,1,1,0.2719517920000101
s_curve--demand_aligned,s_curve,demand_aligned,n0_d1_m0,factorial_combination,1.0,0.0,4,1.0,1471,full_trajectory,14.502910792493818,7.201471849634318,7.201471849634318,0.62526082171849,0.4965535507093886,0.6666666666666666,0.5,1.5495287460074516,0.9577717708311659,0.6181051970148865,0.62526082171849,0,"[[0, 1, 2, 3, 4, 5], [0, 1, 2, 3, 4, 5], [0, 1, 2, 3, 4, 5], [0, 1, 2, 3, 4, 5]]","[true, true, true, true, true]",0,0.0,0,1,1,0.3046063750000201
s_curve--demand_aligned,s_curve,demand_aligned,n0_d1_m0,factorial_combination,1.0,0.0,4,1.0,1471,error_peak_dynamic,14.502910792493818,6.114463812306635,6.114463812306635,0.583032660125237,0.4216025251614497,0.6666666666666666,0.6666666666666666,1.5495287460074516,1.3397241068415608,0.8646010022682846,0.583032660125237,2,"[[2, 4], [3, 4], [2, 4], [2, 4]]","[true, true, true, true, true]",0,0.0,0,1,1,0.20425237500001003
s_curve--demand_aligned,s_curve,demand_aligned,n0_d1_m0,factorial_combination,1.0,0.0,4,1.0,1471,violation_safe,14.502910792493818,6.1393384503069175,6.1393384503069175,0.5968499331604326,0.42331767313113566,0.6666666666666666,0.6666666666666666,1.5495287460074516,1.33396105658526,0.8608817745539553,0.5968499331604326,0,"[[2, 4], [2, 4], [2, 4], [2, 4]]","[true, true, true, true, true]",0,4.0,0,1,1,0.20298775000000546
s_curve--demand_aligned,s_curve,demand_aligned,n0_d1_m0,factorial_combination,1.0,0.0,4,1.0,1471,dual_anchor_dynamic,14.502910792493818,6.380461718557543,6.380461718557543,0.6006709787377902,0.43994352649951063,0.6666666666666666,0.5,1.5495287460074516,1.1737080819625554,0.7574613152461717,0.6006709787377902,3,"[[2, 4], [3, 4], [2, 4], [3, 4]]","[true, true, true, true, true]",0,4.0,0,1,1,0.2898439170000131
s_curve--demand_aligned,s_curve,demand_aligned,n0_d1_m0,factorial_combination,1.0,0.0,4,1.0,1499,full_trajectory,11.639955057754795,5.205972189496652,5.205972189496652,0.5940789892209865,0.4472501967289228,0.6666666666666666,0.5,1.2686280503090368,0.6546229187122738,0.5160085484100783,0.5940789892209865,0,"[[0, 1, 2, 3, 4, 5], [0, 1, 2, 3, 4, 5], [0, 1, 2, 3, 4, 5], [0, 1, 2, 3, 4, 5]]","[true, true, true, true, true]",0,0.0,0,1,1,0.2815055420000192
s_curve--demand_aligned,s_curve,demand_aligned,n0_d1_m0,factorial_combination,1.0,0.0,4,1.0,1499,error_peak_dynamic,11.639955057754795,2.8162758890310644,2.8162758890310644,0.4675279635669134,0.24194903460171002,0.6666666666666666,0.5,1.2686280503090368,1.120428793835545,0.8831814758964296,0.4675279635669134,2,"[[2, 4], [3, 4], [2, 4], [2, 4]]","[true, true, true, true, true]",0,0.0,0,1,1,0.18687887499999078
s_curve--demand_aligned,s_curve,demand_aligned,n0_d1_m0,factorial_combination,1.0,0.0,4,1.0,1499,violation_safe,11.639955057754795,2.8396351842371734,2.8396351842371734,0.47194428753583373,0.24395585465300793,0.6666666666666666,0.3333333333333333,1.2686280503090368,1.133378119571395,0.8933888221179604,0.47194428753583373,0,"[[2, 4], [2, 4], [2, 4], [2, 4]]","[true, true, true, true, true]",0,4.0,0,1,1,0.19150345799999968
s_curve--demand_aligned,s_curve,demand_aligned,n0_d1_m0,factorial_combination,1.0,0.0,4,1.0,1499,dual_anchor_dynamic,11.639955057754795,2.4819203438262343,2.4819203438262343,0.4802355520501484,0.21322422049840511,0.6666666666666666,0.5,1.2686280503090368,0.8057695224399702,0.6351503281388784,0.4802355520501484,2,"[[2, 4], [3, 4], [2, 4], [2, 4]]","[true, true, true, true, true]",0,4.0,0,1,1,0.26294391600001177
s_curve--demand_conflict,s_curve,demand_conflict,n0_d1_m0,factorial_combination,1.0,0.0,4,1.0,1423,full_trajectory,4.32866919583833,1.188448847948059,1.188448847948059,0.47660937007732207,0.2745529386007731,0.6666666666666666,0.3333333333333333,1.183970207535598,0.4004419282223381,0.3382195984946675,0.47660937007732207,0,"[[0, 1, 2, 3, 4, 5], [0, 1, 2, 3, 4, 5], [0, 1, 2, 3, 4, 5], [0, 1, 2, 3, 4, 5]]","[true, true, true, true, true]",0,0.0,0,1,1,0.24012779200000978
s_curve--demand_conflict,s_curve,demand_conflict,n0_d1_m0,factorial_combination,1.0,0.0,4,1.0,1423,error_peak_dynamic,4.32866919583833,0.8405813991041269,0.8405813991041269,0.41984457428584976,0.19418933650838432,0.6666666666666666,0.0,1.183970207535598,0.501272760166691,0.4233829170499794,0.41984457428584976,2,"[[2, 4], [2, 4], [3, 4], [2, 3]]","[true, true, true, true, true]",0,0.0,0,1,1,0.21353587499999094
s_curve--demand_conflict,s_curve,demand_conflict,n0_d1_m0,factorial_combination,1.0,0.0,4,1.0,1423,violation_safe,4.32866919583833,1.0649253970286217,1.0649253970286217,0.4626704350969748,0.24601681229243907,0.6666666666666666,0.3333333333333333,1.183970207535598,0.5169183106706083,0.4365973969451139,0.4626704350969748,3,"[[3, 4], [2, 4], [3, 4], [2, 3]]","[true, true, true, true, true]",0,4.0,0,1,1,0.2770946249999895
s_curve--demand_conflict,s_curve,demand_conflict,n0_d1_m0,factorial_combination,1.0,0.0,4,1.0,1423,dual_anchor_dynamic,4.32866919583833,0.8215273784116425,0.8215273784116425,0.41791019677906516,0.18978751695820864,0.6666666666666666,0.0,1.183970207535598,0.4605211899737657,0.38896349506321454,0.41791019677906516,2,"[[2, 4], [2, 4], [3, 4], [2, 3]]","[true, true, true, true, true]",0,4.0,0,1,1,0.21989283300001716
s_curve--demand_conflict,s_curve,demand_conflict,n0_d1_m0,factorial_combination,1.0,0.0,4,1.0,1451,full_trajectory,8.913029293934688,4.530386272018963,4.530386272018963,0.6797146237910708,0.5082880491711037,1.0,0.6666666666666666,1.8673130103949274,1.3276763401477414,0.7110089913993286,0.6797146237910708,0,"[[0, 1, 2, 3, 4, 5], [0, 1, 2, 3, 4, 5], [0, 1, 2, 3, 4, 5], [0, 1, 2, 3, 4, 5]]","[true, true, true, true, true]",0,0.0,0,1,1,0.32803608300000064
s_curve--demand_conflict,s_curve,demand_conflict,n0_d1_m0,factorial_combination,1.0,0.0,4,1.0,1451,error_peak_dynamic,8.913029293934688,4.69548310812187,4.69548310812187,0.7022092280025478,0.5268111383093,1.0,0.5,1.8673130103949274,1.501956115817694,0.8043408402643956,0.7022092280025478,3,"[[2, 4], [3, 4], [2, 4], [3, 4]]","[true, true, true, true, true]",0,0.0,0,1,1,0.29187824999999634
s_curve--demand_conflict,s_curve,demand_conflict,n0_d1_m0,factorial_combination,1.0,0.0,4,1.0,1451,violation_safe,8.913029293934688,5.000405171376931,5.458437761779825,0.676462522435997,0.5610219608253396,1.0,0.8333333333333334,1.8673130103949274,1.5618578994083732,0.836419973895029,0.676462522435997,3,"[[1, 4], [2, 4], [3, 4], [2, 4]]","[true, true, true, true, false]",1,2.0,0,1,1,0.27945870799999284
s_curve--demand_conflict,s_curve,demand_conflict,n0_d1_m0,factorial_combination,1.0,0.0,4,1.0,1451,dual_anchor_dynamic,8.913029293934688,5.014497019123512,5.014497019123512,0.7186849803582038,0.5626029999178702,1.0,0.5,1.8673130103949274,1.4968489327363277,0.8016057963521347,0.7186849803582038,3,"[[2, 4], [3, 4], [2, 4], [3, 4]]","[true, true, true, true, true]",0,4.0,0,1,1,0.26984262499999545
s_curve--demand_conflict,s_curve,demand_conflict,n0_d1_m0,factorial_combination,1.0,0.0,4,1.0,1471,full_trajectory,7.340774527365159,3.2034480609184386,3.2034480609184386,0.593309968239621,0.4363910169119796,1.0,0.5,1.5495287460074516,0.9577717708311659,0.6181051970148865,0.593309968239621,0,"[[0, 1, 2, 3, 4, 5], [0, 1, 2, 3, 4, 5], [0, 1, 2, 3, 4, 5], [0, 1, 2, 3, 4, 5]]","[true, true, true, true, true]",0,0.0,0,1,1,0.3057030829999974
s_curve--demand_conflict,s_curve,demand_conflict,n0_d1_m0,factorial_combination,1.0,0.0,4,1.0,1471,error_peak_dynamic,7.340774527365159,3.213677691523757,3.213677691523757,0.6000692553856386,0.43778455250787407,1.0,0.5,1.5495287460074516,1.2212738734121649,0.7881582555721698,0.6000692553856386,2,"[[2, 4], [3, 4], [2, 4], [2, 4]]","[true, true, true, true, true]",0,0.0,0,1,1,0.26698025000001735
s_curve--demand_conflict,s_curve,demand_conflict,n0_d1_m0,factorial_combination,1.0,0.0,4,1.0,1471,violation_safe,7.340774527365159,3.0916927727930528,3.195731087542412,0.5577260581054427,0.42116710726746176,1.0,0.6666666666666666,1.5495287460074516,1.3015993303435456,0.8399968917629143,0.5577260581054427,2,"[[1, 4], [3, 4], [3, 4], [2, 4]]","[true, true, true, true, false]",1,2.0,0,1,1,0.25825954199999046
s_curve--demand_conflict,s_curve,demand_conflict,n0_d1_m0,factorial_combination,1.0,0.0,4,1.0,1471,dual_anchor_dynamic,7.340774527365159,3.1029878912134152,3.1029878912134152,0.5988426601277901,0.42270578937495,1.0,0.5,1.5495287460074516,1.1737080819625554,0.7574613152461717,0.5988426601277901,3,"[[2, 4], [3, 4], [2, 4], [3, 4]]","[true, true, true, true, true]",0,4.0,0,1,1,0.2939092500000129
s_curve--demand_conflict,s_curve,demand_conflict,n0_d1_m0,factorial_combination,1.0,0.0,4,1.0,1499,full_trajectory,5.853004363431806,2.1068220408648393,2.1068220408648393,0.5337966799508749,0.35995565867467444,0.8333333333333334,0.5,1.2686280503090368,0.6546229187122738,0.5160085484100783,0.5337966799508749,0,"[[0, 1, 2, 3, 4, 5], [0, 1, 2, 3, 4, 5], [0, 1, 2, 3, 4, 5], [0, 1, 2, 3, 4, 5]]","[true, true, true, true, true]",0,0.0,0,1,1,0.3026904580000007
s_curve--demand_conflict,s_curve,demand_conflict,n0_d1_m0,factorial_combination,1.0,0.0,4,1.0,1499,error_peak_dynamic,5.853004363431806,1.3619680877927764,1.3619680877927764,0.4690667900173671,0.23269555312516638,0.8333333333333334,0.5,1.2686280503090368,0.8615271194936137,0.6791014271549067,0.4690667900173671,2,"[[2, 4], [3, 4], [2, 4], [2, 4]]","[true, true, true, true, true]",0,0.0,0,1,1,0.25312870899998074
s_curve--demand_conflict,s_curve,demand_conflict,n0_d1_m0,factorial_combination,1.0,0.0,4,1.0,1499,violation_safe,5.853004363431806,1.5163396153003328,1.5163396153003328,0.4630922754343936,0.25907030324017283,0.8333333333333334,0.6666666666666666,1.2686280503090368,0.8117416513843868,0.6398578773239699,0.4630922754343936,1,"[[3, 4], [3, 4], [3, 4], [2, 3]]","[true, true, true, true, true]",0,4.0,0,1,1,0.2229862080000089
s_curve--demand_conflict,s_curve,demand_conflict,n0_d1_m0,factorial_combination,1.0,0.0,4,1.0,1499,dual_anchor_dynamic,5.853004363431806,1.4295430636380178,1.4295430636380178,0.46805875825393767,0.24424090174431895,0.8333333333333334,0.5,1.2686280503090368,0.8060221142472357,0.6353494344153034,0.46805875825393767,2,"[[2, 4], [3, 4], [3, 4], [2, 4]]","[true, true, true, true, true]",0,4.0,0,1,1,0.25842925000000605
harmonic_loop--neutral,harmonic_loop,neutral,n0_d0_m1,factorial_combination,1.0,0.0,0,1.7,1423,full_trajectory,4.086705513950515,0.4189752488589904,0.4189752488589904,0.3372075064289569,0.10252151700893603,0.8333333333333334,0.0,0.6732543013377579,0.07420276250208108,0.11021505893781891,0.3372075064289569,0,"[[0, 1, 2, 3, 4, 5], [0, 1, 2, 3, 4, 5], [0, 1, 2, 3, 4, 5], [0, 1, 2, 3, 4, 5]]","[true, true, true, true, true]",0,0.0,0,1,1,0.25541045800000006
harmonic_loop--neutral,harmonic_loop,neutral,n0_d0_m1,factorial_combination,1.0,0.0,0,1.7,1423,error_peak_dynamic,4.086705513950515,0.36723826261365455,0.36723826261365455,0.31438950130802124,0.08986168965687341,0.8333333333333334,0.0,0.6732543013377579,0.09301087948683673,0.1381511849267415,0.31438950130802124,3,"[[2, 4], [1, 2], [3, 4], [1, 2]]","[true, true, true, true, true]",0,0.0,0,1,1,0.22082949999997936
harmonic_loop--neutral,harmonic_loop,neutral,n0_d0_m1,factorial_combination,1.0,0.0,0,1.7,1423,violation_safe,4.086705513950515,0.36723826261365455,0.36723826261365455,0.31438950130802124,0.08986168965687341,0.8333333333333334,0.0,0.6732543013377579,0.09301087948683673,0.1381511849267415,0.31438950130802124,3,"[[2, 4], [1, 2], [3, 4], [1, 2]]","[true, true, true, true, true]",0,4.0,0,1,1,0.21978358300000878
harmonic_loop--neutral,harmonic_loop,neutral,n0_d0_m1,factorial_combination,1.0,0.0,0,1.7,1423,dual_anchor_dynamic,4.086705513950515,0.36723826261365455,0.36723826261365455,0.31438950130802124,0.08986168965687341,0.8333333333333334,0.0,0.6732543013377579,0.09301087948683673,0.1381511849267415,0.31438950130802124,3,"[[2, 4], [1, 2], [3, 4], [1, 2]]","[true, true, true, true, true]",0,4.0,0,1,1,0.21957983400000103
harmonic_loop--neutral,harmonic_loop,neutral,n0_d0_m1,factorial_combination,1.0,0.0,0,1.7,1451,full_trajectory,8.037612244437838,2.037726048408147,2.037726048408147,0.46972396982678577,0.2535238061301461,0.6666666666666666,0.5,1.1345487217651737,0.4058009467659809,0.357676086518894,0.46972396982678577,0,"[[0, 1, 2, 3, 4, 5], [0, 1, 2, 3, 4, 5], [0, 1, 2, 3, 4, 5], [0, 1, 2, 3, 4, 5]]","[true, true, true, true, true]",0,0.0,0,1,1,0.2874318329999994
harmonic_loop--neutral,harmonic_loop,neutral,n0_d0_m1,factorial_combination,1.0,0.0,0,1.7,1451,error_peak_dynamic,8.037612244437838,1.972418377136199,1.972418377136199,0.4099926504575275,0.2453985483687827,0.6666666666666666,0.5,1.1345487217651737,0.42488190030937045,0.374494186242018,0.4099926504575275,3,"[[1, 3], [3, 4], [1, 3], [1, 4]]","[true, true, true, true, true]",0,0.0,0,1,1,0.24120920900000442
harmonic_loop--neutral,harmonic_loop,neutral,n0_d0_m1,factorial_combination,1.0,0.0,0,1.7,1451,violation_safe,8.037612244437838,1.8669379003793591,1.963126967321235,0.39623493586402125,0.23227518865087218,0.6666666666666666,0.6666666666666666,1.1345487217651737,0.5182481706284734,0.4567879375177148,0.39623493586402125,3,"[[3, 4], [1, 3], [3, 4], [1, 4]]","[true, true, true, true, false]",1,2.0,0,1,1,0.2435884999999871
harmonic_loop--neutral,harmonic_loop,neutral,n0_d0_m1,factorial_combination,1.0,0.0,0,1.7,1451,dual_anchor_dynamic,8.037612244437838,2.132446168800268,2.1731967174995193,0.4131151315852757,0.26530841547823564,0.6666666666666666,0.6666666666666666,1.1345487217651737,0.6020453093693089,0.5306473823641739,0.4131151315852757,2,"[[1, 3], [3, 4], [1, 3], [1, 3]]","[true, true, true, false, false]",2,1.0,0,1,1,0.24398937499998397
harmonic_loop--neutral,harmonic_loop,neutral,n0_d0_m1,factorial_combination,1.0,0.0,0,1.7,1471,full_trajectory,7.170582517098097,1.6290176981945654,1.6290176981945654,0.45254888863269993,0.2271806640967046,0.6666666666666666,0.5,1.0340977461595522,0.3247460018355272,0.3140380133711478,0.45254888863269993,0,"[[0, 1, 2, 3, 4, 5], [0, 1, 2, 3, 4, 5], [0, 1, 2, 3, 4, 5], [0, 1, 2, 3, 4, 5]]","[true, true, true, true, true]",0,0.0,0,1,1,0.27931533299999955
harmonic_loop--neutral,harmonic_loop,neutral,n0_d0_m1,factorial_combination,1.0,0.0,0,1.7,1471,error_peak_dynamic,7.170582517098097,1.534511833549551,1.534511833549551,0.38940241236072326,0.21400100060079372,0.6666666666666666,0.5,1.0340977461595522,0.3494618806535306,0.3379389249723901,0.38940241236072326,3,"[[1, 3], [3, 4], [1, 3], [1, 4]]","[true, true, true, true, true]",0,0.0,0,1,1,0.24423620799998957
harmonic_loop--neutral,harmonic_loop,neutral,n0_d0_m1,factorial_combination,1.0,0.0,0,1.7,1471,violation_safe,7.170582517098097,1.534511833549551,1.534511833549551,0.38940241236072326,0.21400100060079372,0.6666666666666666,0.5,1.0340977461595522,0.3494618806535306,0.3379389249723901,0.38940241236072326,3,"[[1, 3], [3, 4], [1, 3], [1, 4]]","[true, true, true, true, true]",0,4.0,0,1,1,0.24655933299999333
harmonic_loop--neutral,harmonic_loop,neutral,n0_d0_m1,factorial_combination,1.0,0.0,0,1.7,1471,dual_anchor_dynamic,7.170582517098097,1.534511833549551,1.534511833549551,0.38940241236072326,0.21400100060079372,0.6666666666666666,0.5,1.0340977461595522,0.3494618806535306,0.3379389249723901,0.38940241236072326,3,"[[1, 3], [3, 4], [1, 3], [1, 4]]","[true, true, true, true, true]",0,4.0,0,1,1,0.3032874579999998
harmonic_loop--neutral,harmonic_loop,neutral,n0_d0_m1,factorial_combination,1.0,0.0,0,1.7,1499,full_trajectory,4.993270750288029,0.8835176418607478,0.8835176418607478,0.42570908766168924,0.17694166530220365,0.5,0.16666666666666666,0.7377398036122544,0.17577718859951136,0.2382644771758816,0.42570908766168924,0,"[[0, 1, 2, 3, 4, 5], [0, 1, 2, 3, 4, 5], [0, 1, 2, 3, 4, 5], [0, 1, 2, 3, 4, 5]]","[true, true, true, true, true]",0,0.0,0,1,1,0.2575268749999964
harmonic_loop--neutral,harmonic_loop,neutral,n0_d0_m1,factorial_combination,1.0,0.0,0,1.7,1499,error_peak_dynamic,4.993270750288029,0.8538791298883355,0.8538791298883355,0.36409763544593304,0.17100597435840642,0.5,0.16666666666666666,0.7377398036122544,0.20904496060589667,0.2833586578660025,0.36409763544593304,3,"[[1, 3], [3, 4], [1, 3], [1, 4]]","[true, true, true, true, true]",0,0.0,0,1,1,0.270274833000002
harmonic_loop--neutral,harmonic_loop,neutral,n0_d0_m1,factorial_combination,1.0,0.0,0,1.7,1499,violation_safe,4.993270750288029,0.8751630190992719,0.8751630190992719,0.3593334641724655,0.17526848890555144,0.5,0.16666666666666666,0.7377398036122544,0.21076735456639908,0.2856933481620512,0.3593334641724655,3,"[[3, 4], [1, 3], [3, 4], [1, 4]]","[true, true, true, true, true]",0,4.0,0,1,1,0.22300774999999362
harmonic_loop--neutral,harmonic_loop,neutral,n0_d0_m1,factorial_combination,1.0,0.0,0,1.7,1499,dual_anchor_dynamic,4.993270750288029,0.8538791298883355,0.8538791298883355,0.36409763544593304,0.17100597435840642,0.5,0.16666666666666666,0.7377398036122544,0.20904496060589667,0.2833586578660025,0.36409763544593304,3,"[[1, 3], [3, 4], [1, 3], [1, 4]]","[true, true, true, true, true]",0,4.0,0,1,1,0.2284713340000053
harmonic_loop--demand_aligned,harmonic_loop,demand_aligned,n0_d0_m1,factorial_combination,1.0,0.0,0,1.7,1423,full_trajectory,5.320092575834214,0.5359903533312205,0.5359903533312205,0.33447137400247406,0.10074831324663083,0.8333333333333334,0.0,0.6732543013377579,0.07420276250208108,0.11021505893781891,0.33447137400247406,0,"[[0, 1, 2, 3, 4, 5], [0, 1, 2, 3, 4, 5], [0, 1, 2, 3, 4, 5], [0, 1, 2, 3, 4, 5]]","[true, true, true, true, true]",0,0.0,0,1,1,0.24835600000000113
harmonic_loop--demand_aligned,harmonic_loop,demand_aligned,n0_d0_m1,factorial_combination,1.0,0.0,0,1.7,1423,error_peak_dynamic,5.320092575834214,0.6428836410978267,0.6428836410978267,0.4010923829159304,0.12084068687414141,0.8333333333333334,0.0,0.6732543013377579,0.18233232151873757,0.27082236408507576,0.4010923829159304,3,"[[2, 4], [1, 3], [2, 4], [1, 3]]","[true, true, true, true, true]",0,0.0,0,1,1,0.16149525000000153
harmonic_loop--demand_aligned,harmonic_loop,demand_aligned,n0_d0_m1,factorial_combination,1.0,0.0,0,1.7,1423,violation_safe,5.320092575834214,0.8956255159153631,1.0724618688399243,0.3764695185072767,0.168347731387912,0.8333333333333334,0.16666666666666666,0.6732543013377579,0.21910824989788344,0.32544649096562,0.3764695185072767,3,"[[2, 3], [1, 2], [3, 4], [1, 2]]","[true, true, true, true, false]",1,2.0,0,1,1,0.16162204200000474
harmonic_loop--demand_aligned,harmonic_loop,demand_aligned,n0_d0_m1,factorial_combination,1.0,0.0,0,1.7,1423,dual_anchor_dynamic,5.320092575834214,0.5271579168914162,0.5271579168914162,0.3230847588961514,0.0990881097231199,0.8333333333333334,0.0,0.6732543013377579,0.09301087948683673,0.1381511849267415,0.3230847588961514,3,"[[2, 4], [1, 2], [3, 4], [1, 2]]","[true, true, true, true, true]",0,4.0,0,1,1,0.22011508399998547
harmonic_loop--demand_aligned,harmonic_loop,demand_aligned,n0_d0_m1,factorial_combination,1.0,0.0,0,1.7,1451,full_trajectory,13.621047961251062,3.1903555680102427,3.1903555680102427,0.4534897455043727,0.2342224751785703,0.6666666666666666,0.6666666666666666,1.1345487217651737,0.4058009467659809,0.357676086518894,0.4534897455043727,0,"[[0, 1, 2, 3, 4, 5], [0, 1, 2, 3, 4, 5], [0, 1, 2, 3, 4, 5], [0, 1, 2, 3, 4, 5]]","[true, true, true, true, true]",0,0.0,0,1,1,0.2870377920000067
harmonic_loop--demand_aligned,harmonic_loop,demand_aligned,n0_d0_m1,factorial_combination,1.0,0.0,0,1.7,1451,error_peak_dynamic,13.621047961251062,2.3147561114960675,2.3147561114960675,0.3928256515723421,0.16993964914307977,0.6666666666666666,0.6666666666666666,1.1345487217651737,0.5833700733205299,0.5141868851721949,0.3928256515723421,3,"[[1, 3], [3, 4], [1, 2], [3, 4]]","[true, true, true, true, true]",0,0.0,0,1,1,0.18044333400001733
harmonic_loop--demand_aligned,harmonic_loop,demand_aligned,n0_d0_m1,factorial_combination,1.0,0.0,0,1.7,1451,violation_safe,13.621047961251062,1.9515917950235684,1.9515917950235684,0.3553274449618485,0.14327765386154026,0.6666666666666666,0.6666666666666666,1.1345487217651737,0.5874335655662045,0.5177684786002431,0.3553274449618485,3,"[[1, 3], [3, 4], [2, 3], [3, 4]]","[true, true, true, true, true]",0,4.0,0,1,1,0.1863034579999976
harmonic_loop--demand_aligned,harmonic_loop,demand_aligned,n0_d0_m1,factorial_combination,1.0,0.0,0,1.7,1451,dual_anchor_dynamic,13.621047961251062,2.0127046800483486,2.0127046800483486,0.365937945181744,0.14776430460960555,0.6666666666666666,0.6666666666666666,1.1345487217651737,0.46371043151117514,0.4087179533283656,0.365937945181744,3,"[[1, 3], [3, 4], [1, 3], [3, 4]]","[true, true, true, true, true]",0,4.0,0,1,1,0.24485437499998852
harmonic_loop--demand_aligned,harmonic_loop,demand_aligned,n0_d0_m1,factorial_combination,1.0,0.0,0,1.7,1471,full_trajectory,12.155757031808808,2.561778869546591,2.561778869546591,0.43865911846718597,0.21074613969685374,0.6666666666666666,0.5,1.0340977461595522,0.3247460018355272,0.3140380133711478,0.43865911846718597,0,"[[0, 1, 2, 3, 4, 5], [0, 1, 2, 3, 4, 5], [0, 1, 2, 3, 4, 5], [0, 1, 2, 3, 4, 5]]","[true, true, true, true, true]",0,0.0,0,1,1,0.28076674999999796
harmonic_loop--demand_aligned,harmonic_loop,demand_aligned,n0_d0_m1,factorial_combination,1.0,0.0,0,1.7,1471,error_peak_dynamic,12.155757031808808,2.5888524598985043,2.5888524598985043,0.3550679565321202,0.21297336341324324,0.6666666666666666,0.5,1.0340977461595522,0.45891798939973627,0.44378589074782615,0.3550679565321202,3,"[[1, 3], [3, 4], [1, 3], [1, 4]]","[true, true, true, true, true]",0,0.0,0,1,1,0.1793804170000044
harmonic_loop--demand_aligned,harmonic_loop,demand_aligned,n0_d0_m1,factorial_combination,1.0,0.0,0,1.7,1471,violation_safe,12.155757031808808,1.6470012665636624,1.6470012665636624,0.3453827185943448,0.13549145991103972,0.6666666666666666,0.6666666666666666,1.0340977461595522,0.4975776554378067,0.48117081512431303,0.3453827185943448,3,"[[1, 3], [3, 4], [1, 3], [3, 4]]","[true, true, true, true, true]",0,4.0,0,1,1,0.18341587500000855
harmonic_loop--demand_aligned,harmonic_loop,demand_aligned,n0_d0_m1,factorial_combination,1.0,0.0,0,1.7,1471,dual_anchor_dynamic,12.155757031808808,1.596688979931983,1.596688979931983,0.35166676260210333,0.13135249213634467,0.6666666666666666,0.5,1.0340977461595522,0.3826414179620479,0.3700244192419018,0.35166676260210333,3,"[[1, 3], [3, 4], [1, 3], [3, 4]]","[true, true, true, true, true]",0,4.0,0,1,1,0.24859050000000593
harmonic_loop--demand_aligned,harmonic_loop,demand_aligned,n0_d0_m1,factorial_combination,1.0,0.0,0,1.7,1499,full_trajectory,8.46060470931158,1.3940766845734103,1.3940766845734103,0.4149282083191397,0.1647727003530984,0.6666666666666666,0.16666666666666666,0.7377398036122544,0.17577718859951136,0.2382644771758816,0.4149282083191397,0,"[[0, 1, 2, 3, 4, 5], [0, 1, 2, 3, 4, 5], [0, 1, 2, 3, 4, 5], [0, 1, 2, 3, 4, 5]]","[true, true, true, true, true]",0,0.0,0,1,1,0.25689895899998305
harmonic_loop--demand_aligned,harmonic_loop,demand_aligned,n0_d0_m1,factorial_combination,1.0,0.0,0,1.7,1499,error_peak_dynamic,8.46060470931158,1.5523510504258824,1.5523510504258824,0.3393916998447596,0.18347991706992225,0.6666666666666666,0.16666666666666666,0.7377398036122544,0.30085421007499813,0.4078053110350039,0.3393916998447596,3,"[[1, 3], [3, 4], [1, 3], [1, 4]]","[true, true, true, true, true]",0,0.0,0,1,1,0.18003216699997893
harmonic_loop--demand_aligned,harmonic_loop,demand_aligned,n0_d0_m1,factorial_combination,1.0,0.0,0,1.7,1499,violation_safe,8.46060470931158,0.9560146371705404,0.9560146371705404,0.33058121238930877,0.11299601742631575,0.6666666666666666,0.3333333333333333,0.7377398036122544,0.31807750162807275,0.4311513355666109,0.33058121238930877,3,"[[1, 3], [3, 4], [1, 3], [3, 4]]","[true, true, true, true, true]",0,4.0,0,1,1,0.17535250000000246
harmonic_loop--demand_aligned,harmonic_loop,demand_aligned,n0_d0_m1,factorial_combination,1.0,0.0,0,1.7,1499,dual_anchor_dynamic,8.46060470931158,0.8704346629291038,0.8704346629291038,0.3329762872205632,0.10288090424211876,0.6666666666666666,0.16666666666666666,0.7377398036122544,0.22319880213195015,0.3025440691136414,0.3329762872205632,3,"[[1, 3], [3, 4], [1, 3], [3, 4]]","[true, true, true, true, true]",0,4.0,0,1,1,0.22599641599998677
harmonic_loop--demand_conflict,harmonic_loop,demand_conflict,n0_d0_m1,factorial_combination,1.0,0.0,0,1.7,1423,full_trajectory,2.9388292770324824,0.3261779935954724,0.3261779935954724,0.35897318044073057,0.11098909220233251,0.6666666666666666,0.0,0.6732543013377579,0.07420276250208108,0.11021505893781891,0.35897318044073057,0,"[[0, 1, 2, 3, 4, 5], [0, 1, 2, 3, 4, 5], [0, 1, 2, 3, 4, 5], [0, 1, 2, 3, 4, 5]]","[true, true, true, true, true]",0,0.0,0,1,1,0.24913704200000097
harmonic_loop--demand_conflict,harmonic_loop,demand_conflict,n0_d0_m1,factorial_combination,1.0,0.0,0,1.7,1423,error_peak_dynamic,2.9388292770324824,0.41518895564416713,0.41518895564416713,0.3873756274999369,0.1412769904291307,0.6666666666666666,0.0,0.6732543013377579,0.1245285847833525,0.18496515289380835,0.3873756274999369,3,"[[2, 4], [1, 2], [3, 4], [1, 2]]","[true, true, true, true, true]",0,0.0,0,1,1,0.18608812499999772
harmonic_loop--demand_conflict,harmonic_loop,demand_conflict,n0_d0_m1,factorial_combination,1.0,0.0,0,1.7,1423,violation_safe,2.9388292770324824,0.3712926148759349,0.3712926148759349,0.3734239860636309,0.12634031441623994,0.6666666666666666,0.0,0.6732543013377579,0.12799659609738182,0.1901162693547628,0.3734239860636309,3,"[[2, 4], [1, 4], [1, 2], [3, 4]]","[true, true, true, true, true]",0,4.0,0,1,1,0.18686475000001224
harmonic_loop--demand_conflict,harmonic_loop,demand_conflict,n0_d0_m1,factorial_combination,1.0,0.0,0,1.7,1423,dual_anchor_dynamic,2.9388292770324824,0.3672439814632412,0.3672439814632412,0.35263288110189694,0.12496267964026483,0.6666666666666666,0.0,0.6732543013377579,0.09301087948683673,0.1381511849267415,0.35263288110189694,3,"[[2, 4], [1, 2], [3, 4], [1, 2]]","[true, true, true, true, true]",0,4.0,0,1,1,0.21906658300000004
harmonic_loop--demand_conflict,harmonic_loop,demand_conflict,n0_d0_m1,factorial_combination,1.0,0.0,0,1.7,1451,full_trajectory,4.363722066671135,1.8477783401178183,1.8477783401178183,0.5831900228937628,0.4234408864466008,0.8333333333333334,0.5,1.1345487217651737,0.4058009467659809,0.357676086518894,0.5831900228937628,0,"[[0, 1, 2, 3, 4, 5], [0, 1, 2, 3, 4, 5], [0, 1, 2, 3, 4, 5], [0, 1, 2, 3, 4, 5]]","[true, true, true, true, true]",0,0.0,0,1,1,0.2870288329999937
harmonic_loop--demand_conflict,harmonic_loop,demand_conflict,n0_d0_m1,factorial_combination,1.0,0.0,0,1.7,1451,error_peak_dynamic,4.363722066671135,1.2439537389874613,1.2439537389874613,0.5374524534795914,0.2850671330533228,0.8333333333333334,0.6666666666666666,1.1345487217651737,0.5037724667696925,0.44402894041068963,0.5374524534795914,2,"[[1, 3], [1, 3], [3, 4], [1, 4]]","[true, true, true, true, true]",0,0.0,0,1,1,0.19773629200000187
harmonic_loop--demand_conflict,harmonic_loop,demand_conflict,n0_d0_m1,factorial_combination,1.0,0.0,0,1.7,1451,violation_safe,4.363722066671135,1.6696229869933186,1.8014442706073117,0.5094265989517999,0.3826144198654224,0.8333333333333334,0.6666666666666666,1.1345487217651737,0.5830291996398225,0.5138864364790995,0.5094265989517999,3,"[[3, 4], [1, 3], [1, 4], [1, 3]]","[true, true, true, true, false]",1,2.0,0,1,1,0.21449537499998428
harmonic_loop--demand_conflict,harmonic_loop,demand_conflict,n0_d0_m1,factorial_combination,1.0,0.0,0,1.7,1451,dual_anchor_dynamic,4.363722066671135,1.3684312320441419,1.3684312320441419,0.5066380629906733,0.31359266496274574,0.8333333333333334,0.3333333333333333,1.1345487217651737,0.4524287367349619,0.39877418047861024,0.5066380629906733,3,"[[1, 3], [3, 4], [1, 4], [3, 4]]","[true, true, true, true, true]",0,4.0,0,1,1,0.2436972089999756
harmonic_loop--demand_conflict,harmonic_loop,demand_conflict,n0_d0_m1,factorial_combination,1.0,0.0,0,1.7,1471,full_trajectory,3.9017173239940313,1.4304258819890445,1.4304258819890445,0.5425696826460825,0.3666144323660985,0.8333333333333334,0.5,1.0340977461595522,0.3247460018355272,0.3140380133711478,0.5425696826460825,0,"[[0, 1, 2, 3, 4, 5], [0, 1, 2, 3, 4, 5], [0, 1, 2, 3, 4, 5], [0, 1, 2, 3, 4, 5]]","[true, true, true, true, true]",0,0.0,0,1,1,0.2786120419999918
harmonic_loop--demand_conflict,harmonic_loop,demand_conflict,n0_d0_m1,factorial_combination,1.0,0.0,0,1.7,1471,error_peak_dynamic,3.9017173239940313,1.0473424194581242,1.0473424194581242,0.48269953358336726,0.26843113749357983,0.8333333333333334,0.3333333333333333,1.0340977461595522,0.4344396646787656,0.42011470027102776,0.48269953358336726,3,"[[1, 3], [3, 4], [1, 3], [1, 4]]","[true, true, true, true, true]",0,0.0,0,1,1,0.24040699999997628
harmonic_loop--demand_conflict,harmonic_loop,demand_conflict,n0_d0_m1,factorial_combination,1.0,0.0,0,1.7,1471,violation_safe,3.9017173239940313,1.3769183635809532,1.43748299097163,0.4846606031785956,0.35290059459547346,0.8333333333333334,0.5,1.0340977461595522,0.5089609463906216,0.49217875996810595,0.4846606031785956,3,"[[3, 4], [1, 3], [1, 4], [1, 3]]","[true, true, true, true, false]",1,2.0,0,1,1,0.21681883299999072
harmonic_loop--demand_conflict,harmonic_loop,demand_conflict,n0_d0_m1,factorial_combination,1.0,0.0,0,1.7,1471,dual_anchor_dynamic,3.9017173239940313,1.0466308565101259,1.0466308565101259,0.46955667247710764,0.2682487657611064,0.8333333333333334,0.3333333333333333,1.0340977461595522,0.3777387648609785,0.3652834234131449,0.46955667247710764,3,"[[1, 3], [3, 4], [1, 4], [3, 4]]","[true, true, true, true, true]",0,4.0,0,1,1,0.24695158299999775
harmonic_loop--demand_conflict,harmonic_loop,demand_conflict,n0_d0_m1,factorial_combination,1.0,0.0,0,1.7,1499,full_trajectory,2.7202840430149444,0.7487932561050613,0.7487932561050613,0.48924807667332615,0.27526289323638387,0.5,0.0,0.7377398036122544,0.17577718859951136,0.2382644771758816,0.48924807667332615,0,"[[0, 1, 2, 3, 4, 5], [0, 1, 2, 3, 4, 5], [0, 1, 2, 3, 4, 5], [0, 1, 2, 3, 4, 5]]","[true, true, true, true, true]",0,0.0,0,1,1,0.2567113340000162
harmonic_loop--demand_conflict,harmonic_loop,demand_conflict,n0_d0_m1,factorial_combination,1.0,0.0,0,1.7,1499,error_peak_dynamic,2.7202840430149444,0.6363385182819823,0.6363385182819823,0.45981395709519846,0.233923556591802,0.5,0.0,0.7377398036122544,0.28474015609036907,0.38596284854927587,0.45981395709519846,3,"[[1, 3], [3, 4], [1, 3], [3, 4]]","[true, true, true, true, true]",0,0.0,0,1,1,0.20708308300001477
harmonic_loop--demand_conflict,harmonic_loop,demand_conflict,n0_d0_m1,factorial_combination,1.0,0.0,0,1.7,1499,violation_safe,2.7202840430149444,0.8442406385971608,0.8442406385971608,0.45953742914453183,0.31035017860174346,0.5,0.16666666666666666,0.7377398036122544,0.28185234467844095,0.38204844485601125,0.45953742914453183,3,"[[3, 4], [1, 3], [1, 4], [1, 3]]","[true, true, true, true, true]",0,4.0,0,1,1,0.21379216700000825
harmonic_loop--demand_conflict,harmonic_loop,demand_conflict,n0_d0_m1,factorial_combination,1.0,0.0,0,1.7,1499,dual_anchor_dynamic,2.7202840430149444,0.5897490095653934,0.5897490095653934,0.4434030738070136,0.21679684924070025,0.5,0.0,0.7377398036122544,0.21104839382182677,0.28607429447137545,0.4434030738070136,2,"[[1, 3], [3, 4], [3, 4], [1, 4]]","[true, true, true, true, true]",0,4.0,0,1,1,0.22595287499999017
ellipse--neutral,ellipse,neutral,n0_d0_m1,factorial_combination,1.0,0.0,0,1.7,1423,full_trajectory,3.8381942482409466,0.13271134385676148,0.13271134385676148,0.2899318872985608,0.03457650532345605,0.6666666666666666,0.0,0.8011905834755807,0.024259991594268445,0.030279926018386437,0.2899318872985608,0,"[[0, 1, 2, 3, 4, 5], [0, 1, 2, 3, 4, 5], [0, 1, 2, 3, 4, 5], [0, 1, 2, 3, 4, 5]]","[true, true, true, true, true]",0,0.0,0,1,1,0.18113487499999792
ellipse--neutral,ellipse,neutral,n0_d0_m1,factorial_combination,1.0,0.0,0,1.7,1423,error_peak_dynamic,3.8381942482409466,0.10341022923707965,0.10341022923707965,0.2788962477139259,0.02694241681084088,0.6666666666666666,0.0,0.8011905834755807,0.032200575425633954,0.04019090599635759,0.2788962477139259,1,"[[2, 3], [2, 3], [2, 3], [2, 4]]","[true, true, true, true, true]",0,0.0,0,1,1,0.18422816699998634
ellipse--neutral,ellipse,neutral,n0_d0_m1,factorial_combination,1.0,0.0,0,1.7,1423,violation_safe,3.8381942482409466,0.09895142556657227,0.09895142556657227,0.27786691346758047,0.025780723737971818,0.6666666666666666,0.0,0.8011905834755807,0.031122855362523592,0.03884575780647849,0.27786691346758047,1,"[[2, 3], [2, 3], [2, 4], [2, 4]]","[true, true, true, true, true]",0,4.0,0,1,1,0.1902113330000077
ellipse--neutral,ellipse,neutral,n0_d0_m1,factorial_combination,1.0,0.0,0,1.7,1423,dual_anchor_dynamic,3.8381942482409466,0.10341022923707965,0.10341022923707965,0.2788962477139259,0.02694241681084088,0.6666666666666666,0.0,0.8011905834755807,0.032200575425633954,0.04019090599635759,0.2788962477139259,1,"[[2, 3], [2, 3], [2, 3], [2, 4]]","[true, true, true, true, true]",0,4.0,0,1,1,0.18615095800001313
ellipse--neutral,ellipse,neutral,n0_d0_m1,factorial_combination,1.0,0.0,0,1.7,1451,full_trajectory,6.86310431166702,0.28283212852937223,0.28283212852937223,0.28642943908575647,0.04121052452147175,0.6666666666666666,0.0,1.2133069355309478,0.04765218719998321,0.03927463513519803,0.28642943908575647,0,"[[0, 1, 2, 3, 4, 5], [0, 1, 2, 3, 4, 5], [0, 1, 2, 3, 4, 5], [0, 1, 2, 3, 4, 5]]","[true, true, true, true, true]",0,0.0,0,1,1,0.1912760000000162
ellipse--neutral,ellipse,neutral,n0_d0_m1,factorial_combination,1.0,0.0,0,1.7,1451,error_peak_dynamic,6.86310431166702,0.2883810983865378,0.2883810983865378,0.28381502037245393,0.04201904638055708,0.6666666666666666,0.0,1.2133069355309478,0.053140620379506336,0.043798167490282904,0.28381502037245393,2,"[[3, 4], [3, 4], [2, 3], [1, 2]]","[true, true, true, true, true]",0,0.0,0,1,1,0.18083075000001259
ellipse--neutral,ellipse,neutral,n0_d0_m1,factorial_combination,1.0,0.0,0,1.7,1451,violation_safe,6.86310431166702,0.28955454734582603,0.28955454734582603,0.2837893180548982,0.04219002570798671,0.6666666666666666,0.0,1.2133069355309478,0.052632162489152846,0.04337909967202224,0.2837893180548982,2,"[[3, 4], [3, 4], [1, 2], [2, 3]]","[true, true, true, true, true]",0,4.0,0,1,1,0.1835188750000043
ellipse--neutral,ellipse,neutral,n0_d0_m1,factorial_combination,1.0,0.0,0,1.7,1451,dual_anchor_dynamic,6.86310431166702,0.2883810983865378,0.2883810983865378,0.28381502037245393,0.04201904638055708,0.6666666666666666,0.0,1.2133069355309478,0.053140620379506336,0.043798167490282904,0.28381502037245393,2,"[[3, 4], [3, 4], [2, 3], [1, 2]]","[true, true, true, true, true]",0,4.0,0,1,1,0.1825348330000054
ellipse--neutral,ellipse,neutral,n0_d0_m1,factorial_combination,1.0,0.0,0,1.7,1471,full_trajectory,6.624189847887656,0.2687088746544935,0.2687088746544935,0.2841335331672274,0.04056479068760088,0.6666666666666666,0.0,1.2009166058467486,0.04370079550558965,0.0363895338717353,0.2841335331672274,0,"[[0, 1, 2, 3, 4, 5], [0, 1, 2, 3, 4, 5], [0, 1, 2, 3, 4, 5], [0, 1, 2, 3, 4, 5]]","[true, true, true, true, true]",0,0.0,0,1,1,0.1765958339999827
ellipse--neutral,ellipse,neutral,n0_d0_m1,factorial_combination,1.0,0.0,0,1.7,1471,error_peak_dynamic,6.624189847887656,0.24504897085512142,0.24504897085512142,0.2760796062190626,0.03699304767559816,0.6666666666666666,0.0,1.2009166058467486,0.04671902397987894,0.03890280453482284,0.2760796062190626,2,"[[3, 4], [2, 4], [1, 2], [1, 2]]","[true, true, true, true, true]",0,0.0,0,1,1,0.18261191699997426
ellipse--neutral,ellipse,neutral,n0_d0_m1,factorial_combination,1.0,0.0,0,1.7,1471,violation_safe,6.624189847887656,0.24504897085512142,0.24504897085512142,0.2760796062190626,0.03699304767559816,0.6666666666666666,0.0,1.2009166058467486,0.04671902397987894,0.03890280453482284,0.2760796062190626,2,"[[3, 4], [2, 4], [1, 2], [1, 2]]","[true, true, true, true, true]",0,4.0,0,1,1,0.18586366700000667
ellipse--neutral,ellipse,neutral,n0_d0_m1,factorial_combination,1.0,0.0,0,1.7,1471,dual_anchor_dynamic,6.624189847887656,0.24504897085512142,0.24504897085512142,0.2760796062190626,0.03699304767559816,0.6666666666666666,0.0,1.2009166058467486,0.04671902397987894,0.03890280453482284,0.2760796062190626,2,"[[3, 4], [2, 4], [1, 2], [1, 2]]","[true, true, true, true, true]",0,4.0,0,1,1,0.1854520410000191
ellipse--neutral,ellipse,neutral,n0_d0_m1,factorial_combination,1.0,0.0,0,1.7,1499,full_trajectory,4.775566102528577,0.1807049574103844,0.1807049574103844,0.2781124445464977,0.03783948405922061,0.6666666666666666,0.0,0.8728183017701298,0.028616985488273513,0.032786876065999636,0.2781124445464977,0,"[[0, 1, 2, 3, 4, 5], [0, 1, 2, 3, 4, 5], [0, 1, 2, 3, 4, 5], [0, 1, 2, 3, 4, 5]]","[true, true, true, true, true]",0,0.0,0,1,1,0.18665437499998916
ellipse--neutral,ellipse,neutral,n0_d0_m1,factorial_combination,1.0,0.0,0,1.7,1499,error_peak_dynamic,4.775566102528577,0.15792137674733386,0.15792137674733386,0.26912745459959997,0.03306861916615861,0.6666666666666666,0.0,0.8728183017701298,0.030950906503795714,0.03546088165317495,0.26912745459959997,3,"[[3, 4], [2, 4], [1, 2], [2, 3]]","[true, true, true, true, true]",0,0.0,0,1,1,0.1828523329999996
ellipse--neutral,ellipse,neutral,n0_d0_m1,factorial_combination,1.0,0.0,0,1.7,1499,violation_safe,4.775566102528577,0.15910109777761167,0.15910109777761167,0.26930085757557765,0.03331565187494116,0.6666666666666666,0.0,0.8728183017701298,0.031038558905753747,0.035561306222389726,0.26930085757557765,2,"[[3, 4], [2, 4], [2, 4], [1, 2]]","[true, true, true, true, true]",0,4.0,0,1,1,0.18425691699999902
ellipse--neutral,ellipse,neutral,n0_d0_m1,factorial_combination,1.0,0.0,0,1.7,1499,dual_anchor_dynamic,4.775566102528577,0.15792137674733386,0.15792137674733386,0.26912745459959997,0.03306861916615861,0.6666666666666666,0.0,0.8728183017701298,0.030950906503795714,0.03546088165317495,0.26912745459959997,3,"[[3, 4], [2, 4], [1, 2], [2, 3]]","[true, true, true, true, true]",0,4.0,0,1,1,0.18465075000000297
ellipse--demand_aligned,ellipse,demand_aligned,n0_d0_m1,factorial_combination,1.0,0.0,0,1.7,1423,full_trajectory,6.098279204854521,0.11485481123815247,0.11485481123815247,0.2575752384497281,0.018833970597266613,0.6666666666666666,0.0,0.8011905834755807,0.024259991594268445,0.030279926018386437,0.2575752384497281,0,"[[0, 1, 2, 3, 4, 5], [0, 1, 2, 3, 4, 5], [0, 1, 2, 3, 4, 5], [0, 1, 2, 3, 4, 5]]","[true, true, true, true, true]",0,0.0,0,1,1,0.1795743750000156
ellipse--demand_aligned,ellipse,demand_aligned,n0_d0_m1,factorial_combination,1.0,0.0,0,1.7,1423,error_peak_dynamic,6.098279204854521,0.18389620532287307,0.18389620532287307,0.25975690374875104,0.030155425677539153,0.6666666666666666,0.0,0.8011905834755807,0.08651028875415882,0.10797716615549258,0.25975690374875104,1,"[[2, 3], [2, 3], [2, 3], [2, 4]]","[true, true, true, true, true]",0,0.0,0,1,1,0.13912012499997672
ellipse--demand_aligned,ellipse,demand_aligned,n0_d0_m1,factorial_combination,1.0,0.0,0,1.7,1423,violation_safe,6.098279204854521,0.15462188107846475,0.15462188107846475,0.2549716119880496,0.025355001941429374,0.6666666666666666,0.0,0.8011905834755807,0.09045225950354153,0.11289730729379997,0.2549716119880496,2,"[[2, 3], [2, 3], [3, 4], [2, 4]]","[true, true, true, true, true]",0,4.0,0,1,1,0.1406350830000065
ellipse--demand_aligned,ellipse,demand_aligned,n0_d0_m1,factorial_combination,1.0,0.0,0,1.7,1423,dual_anchor_dynamic,6.098279204854521,0.11552344853037022,0.11552344853037022,0.25057243858704936,0.018943614198314838,0.6666666666666666,0.0,0.8011905834755807,0.032200575425633954,0.04019090599635759,0.25057243858704936,1,"[[2, 3], [2, 3], [2, 3], [2, 4]]","[true, true, true, true, true]",0,4.0,0,1,1,0.18715979099999913
ellipse--demand_aligned,ellipse,demand_aligned,n0_d0_m1,factorial_combination,1.0,0.0,0,1.7,1451,full_trajectory,9.161859874643685,0.2751942950146847,0.2751942950146847,0.2766451028674938,0.030036946513044907,0.6666666666666666,0.0,1.2133069355309478,0.04765218719998321,0.03927463513519803,0.2766451028674938,0,"[[0, 1, 2, 3, 4, 5], [0, 1, 2, 3, 4, 5], [0, 1, 2, 3, 4, 5], [0, 1, 2, 3, 4, 5]]","[true, true, true, true, true]",0,0.0,0,1,1,0.1895791670000051
ellipse--demand_aligned,ellipse,demand_aligned,n0_d0_m1,factorial_combination,1.0,0.0,0,1.7,1451,error_peak_dynamic,9.161859874643685,0.5334464559566503,0.5334464559566503,0.2762230746393967,0.05822469053832769,0.6666666666666666,0.0,1.2133069355309478,0.09053117250740442,0.07461522707589867,0.2762230746393967,1,"[[3, 4], [3, 4], [1, 2], [1, 2]]","[true, true, true, true, true]",0,0.0,0,1,1,0.15910129100001313
ellipse--demand_aligned,ellipse,demand_aligned,n0_d0_m1,factorial_combination,1.0,0.0,0,1.7,1451,violation_safe,9.161859874643685,0.4034568067052028,0.4034568067052028,0.2725739747834333,0.044036561596167575,0.6666666666666666,0.0,1.2133069355309478,0.16203617518451868,0.13354920378297436,0.2725739747834333,1,"[[3, 4], [3, 4], [3, 4], [2, 3]]","[true, true, true, true, true]",0,4.0,0,1,1,0.14243337499999598
ellipse--demand_aligned,ellipse,demand_aligned,n0_d0_m1,factorial_combination,1.0,0.0,0,1.7,1451,dual_anchor_dynamic,9.161859874643685,0.29405353775002174,0.29405353775002174,0.26626140936978143,0.03209539785298864,0.6666666666666666,0.0,1.2133069355309478,0.053140620379506336,0.043798167490282904,0.26626140936978143,2,"[[3, 4], [3, 4], [2, 3], [1, 2]]","[true, true, true, true, true]",0,4.0,0,1,1,0.18441183299998443
ellipse--demand_aligned,ellipse,demand_aligned,n0_d0_m1,factorial_combination,1.0,0.0,0,1.7,1471,full_trajectory,8.781867756143765,0.2371366331477439,0.2371366331477439,0.26675462074774836,0.02700298384496213,0.6666666666666666,0.0,1.2009166058467486,0.04370079550558965,0.0363895338717353,0.26675462074774836,0,"[[0, 1, 2, 3, 4, 5], [0, 1, 2, 3, 4, 5], [0, 1, 2, 3, 4, 5], [0, 1, 2, 3, 4, 5]]","[true, true, true, true, true]",0,0.0,0,1,1,0.17556745799998907
ellipse--demand_aligned,ellipse,demand_aligned,n0_d0_m1,factorial_combination,1.0,0.0,0,1.7,1471,error_peak_dynamic,8.781867756143765,0.3929969454617337,0.3929969454617337,0.2685953664107576,0.044750952345734694,0.6666666666666666,0.0,1.2009166058467486,0.07659546395258984,0.0637808350552231,0.2685953664107576,2,"[[3, 4], [1, 4], [1, 2], [1, 2]]","[true, true, true, true, true]",0,0.0,0,1,1,0.1550508750000006
ellipse--demand_aligned,ellipse,demand_aligned,n0_d0_m1,factorial_combination,1.0,0.0,0,1.7,1471,violation_safe,8.781867756143765,0.327070711194981,0.327070711194981,0.2629570547576653,0.03724386659844239,0.6666666666666666,0.0,1.2009166058467486,0.11344762963706186,0.09446753345297577,0.2629570547576653,2,"[[3, 4], [3, 4], [2, 3], [1, 2]]","[true, true, true, true, true]",0,4.0,0,1,1,0.1534992079999995
ellipse--demand_aligned,ellipse,demand_aligned,n0_d0_m1,factorial_combination,1.0,0.0,0,1.7,1471,dual_anchor_dynamic,8.781867756143765,0.21690568280657513,0.21690568280657513,0.25679262699050937,0.02469926544439577,0.6666666666666666,0.0,1.2009166058467486,0.04692641318224136,0.03907549696105188,0.25679262699050937,3,"[[3, 4], [2, 4], [2, 3], [1, 2]]","[true, true, true, true, true]",0,4.0,0,1,1,0.19219420799998943
ellipse--demand_aligned,ellipse,demand_aligned,n0_d0_m1,factorial_combination,1.0,0.0,0,1.7,1499,full_trajectory,6.3291163201064435,0.16156426834011048,0.16156426834011048,0.2665281824318451,0.025527144733752227,0.6666666666666666,0.0,0.8728183017701298,0.028616985488273513,0.032786876065999636,0.2665281824318451,0,"[[0, 1, 2, 3, 4, 5], [0, 1, 2, 3, 4, 5], [0, 1, 2, 3, 4, 5], [0, 1, 2, 3, 4, 5]]","[true, true, true, true, true]",0,0.0,0,1,1,0.1874553750000132
ellipse--demand_aligned,ellipse,demand_aligned,n0_d0_m1,factorial_combination,1.0,0.0,0,1.7,1499,error_peak_dynamic,6.3291163201064435,0.29194386958834007,0.29194386958834007,0.26652564149672503,0.04612711393230171,0.6666666666666666,0.0,0.8728183017701298,0.05203492724765315,0.05961713582554706,0.26652564149672503,2,"[[3, 4], [1, 4], [1, 2], [1, 2]]","[true, true, true, true, true]",0,0.0,0,1,1,0.14307858300000476
ellipse--demand_aligned,ellipse,demand_aligned,n0_d0_m1,factorial_combination,1.0,0.0,0,1.7,1499,violation_safe,6.3291163201064435,0.25164298408049396,0.25164298408049396,0.2642498424503809,0.03975957643266411,0.6666666666666666,0.0,0.8728183017701298,0.08594347401605183,0.09846662683602432,0.2642498424503809,1,"[[3, 4], [3, 4], [3, 4], [1, 2]]","[true, true, true, true, true]",0,4.0,0,1,1,0.15165220800000156
ellipse--demand_aligned,ellipse,demand_aligned,n0_d0_m1,factorial_combination,1.0,0.0,0,1.7,1499,dual_anchor_dynamic,6.3291163201064435,0.149040018958616,0.149040018958616,0.2550970358423169,0.02354831408061551,0.6666666666666666,0.0,0.8728183017701298,0.030227019763656833,0.034631514603159164,0.2550970358423169,3,"[[3, 4], [2, 4], [2, 3], [1, 2]]","[true, true, true, true, true]",0,4.0,0,1,1,0.17938924999998562
ellipse--demand_conflict,ellipse,demand_conflict,n0_d0_m1,factorial_combination,1.0,0.0,0,1.7,1423,full_trajectory,3.6263801051063895,0.14754606509676432,0.14754606509676432,0.30569351287026625,0.040686872534128816,0.6666666666666666,0.0,0.8011905834755807,0.024259991594268445,0.030279926018386437,0.30569351287026625,0,"[[0, 1, 2, 3, 4, 5], [0, 1, 2, 3, 4, 5], [0, 1, 2, 3, 4, 5], [0, 1, 2, 3, 4, 5]]","[true, true, true, true, true]",0,0.0,0,1,1,0.1794737919999818
ellipse--demand_conflict,ellipse,demand_conflict,n0_d0_m1,factorial_combination,1.0,0.0,0,1.7,1423,error_peak_dynamic,3.6263801051063895,0.11144522140432275,0.11144522140432275,0.29197953828731815,0.03073180918001237,0.6666666666666666,0.0,0.8011905834755807,0.052583820516524965,0.06563210002845428,0.29197953828731815,1,"[[2, 3], [2, 3], [2, 4], [2, 4]]","[true, true, true, true, true]",0,0.0,0,1,1,0.1372176249999768
ellipse--demand_conflict,ellipse,demand_conflict,n0_d0_m1,factorial_combination,1.0,0.0,0,1.7,1423,violation_safe,3.6263801051063895,0.11144522140432275,0.11144522140432275,0.29197953828731815,0.03073180918001237,0.6666666666666666,0.0,0.8011905834755807,0.052583820516524965,0.06563210002845428,0.29197953828731815,1,"[[2, 3], [2, 3], [2, 4], [2, 4]]","[true, true, true, true, true]",0,4.0,0,1,1,0.13813312499999597
ellipse--demand_conflict,ellipse,demand_conflict,n0_d0_m1,factorial_combination,1.0,0.0,0,1.7,1423,dual_anchor_dynamic,3.6263801051063895,0.11186949825152916,0.11186949825152916,0.2920338415754188,0.030848806525825334,0.6666666666666666,0.0,0.8011905834755807,0.032200575425633954,0.04019090599635759,0.2920338415754188,1,"[[2, 3], [2, 3], [2, 3], [2, 4]]","[true, true, true, true, true]",0,4.0,0,1,1,0.18843666699999062
ellipse--demand_conflict,ellipse,demand_conflict,n0_d0_m1,factorial_combination,1.0,0.0,0,1.7,1451,full_trajectory,4.92717742727739,0.31148718604618675,0.31148718604618675,0.34374857407253057,0.0632181793011471,0.6666666666666666,0.0,1.2133069355309478,0.04765218719998321,0.03927463513519803,0.34374857407253057,0,"[[0, 1, 2, 3, 4, 5], [0, 1, 2, 3, 4, 5], [0, 1, 2, 3, 4, 5], [0, 1, 2, 3, 4, 5]]","[true, true, true, true, true]",0,0.0,0,1,1,0.18967316699999515
ellipse--demand_conflict,ellipse,demand_conflict,n0_d0_m1,factorial_combination,1.0,0.0,0,1.7,1451,error_peak_dynamic,4.92717742727739,0.37244574613309356,0.37244574613309356,0.3677923428990042,0.07559008207644267,0.6666666666666666,0.0,1.2133069355309478,0.06815972173426417,0.05617681704294982,0.3677923428990042,2,"[[3, 4], [3, 4], [2, 3], [1, 2]]","[true, true, true, true, true]",0,0.0,0,1,1,0.15430383300000017
ellipse--demand_conflict,ellipse,demand_conflict,n0_d0_m1,factorial_combination,1.0,0.0,0,1.7,1451,violation_safe,4.92717742727739,0.517208256684445,0.517208256684445,0.3744161567211166,0.1049704956474926,0.6666666666666666,0.0,1.2133069355309478,0.12872957540206173,0.10609811221900678,0.3744161567211166,1,"[[1, 4], [1, 4], [1, 2], [1, 2]]","[true, true, true, true, true]",0,4.0,0,1,1,0.16841808399999536
ellipse--demand_conflict,ellipse,demand_conflict,n0_d0_m1,factorial_combination,1.0,0.0,0,1.7,1451,dual_anchor_dynamic,4.92717742727739,0.3339596484391017,0.3339596484391017,0.35394479854682687,0.06777909936635623,0.6666666666666666,0.0,1.2133069355309478,0.05354233598538952,0.04412925898421506,0.35394479854682687,3,"[[3, 4], [1, 4], [2, 3], [1, 2]]","[true, true, true, true, true]",0,4.0,0,1,1,0.18451500000000465
ellipse--demand_conflict,ellipse,demand_conflict,n0_d0_m1,factorial_combination,1.0,0.0,0,1.7,1471,full_trajectory,4.814139228299391,0.29999920940392394,0.29999920940392394,0.3383665359968614,0.06231627195998225,0.6666666666666666,0.0,1.2009166058467486,0.04370079550558965,0.0363895338717353,0.3383665359968614,0,"[[0, 1, 2, 3, 4, 5], [0, 1, 2, 3, 4, 5], [0, 1, 2, 3, 4, 5], [0, 1, 2, 3, 4, 5]]","[true, true, true, true, true]",0,0.0,0,1,1,0.17552066700000069
ellipse--demand_conflict,ellipse,demand_conflict,n0_d0_m1,factorial_combination,1.0,0.0,0,1.7,1471,error_peak_dynamic,4.814139228299391,0.3509132853881658,0.3509132853881658,0.35749339682912884,0.07289221784973739,0.6666666666666666,0.0,1.2009166058467486,0.06967970388336024,0.058022100405739754,0.35749339682912884,3,"[[3, 4], [2, 4], [1, 2], [2, 3]]","[true, true, true, true, true]",0,0.0,0,1,1,0.15426495799999884
ellipse--demand_conflict,ellipse,demand_conflict,n0_d0_m1,factorial_combination,1.0,0.0,0,1.7,1471,violation_safe,4.814139228299391,0.3790154588167575,0.3790154588167575,0.3586007174978035,0.07872964217336229,0.6666666666666666,0.0,1.2009166058467486,0.10781928110271859,0.08978082289627164,0.3586007174978035,3,"[[1, 4], [1, 2], [2, 4], [1, 2]]","[true, true, true, true, true]",0,4.0,0,1,1,0.15275495899999214
ellipse--demand_conflict,ellipse,demand_conflict,n0_d0_m1,factorial_combination,1.0,0.0,0,1.7,1471,dual_anchor_dynamic,4.814139228299391,0.3126897366848857,0.3126897366848857,0.351796779349508,0.06495236673812284,0.6666666666666666,0.0,1.2009166058467486,0.04948740867044019,0.041208030956943385,0.351796779349508,3,"[[3, 4], [1, 4], [2, 4], [1, 2]]","[true, true, true, true, true]",0,4.0,0,1,1,0.18603258299998515
ellipse--demand_conflict,ellipse,demand_conflict,n0_d0_m1,factorial_combination,1.0,0.0,0,1.7,1499,full_trajectory,3.5335540821031914,0.20073604673414597,0.20073604673414597,0.32405203404256,0.056808539524225064,0.6666666666666666,0.0,0.8728183017701298,0.028616985488273513,0.032786876065999636,0.32405203404256,0,"[[0, 1, 2, 3, 4, 5], [0, 1, 2, 3, 4, 5], [0, 1, 2, 3, 4, 5], [0, 1, 2, 3, 4, 5]]","[true, true, true, true, true]",0,0.0,0,1,1,0.18744987499999866
ellipse--demand_conflict,ellipse,demand_conflict,n0_d0_m1,factorial_combination,1.0,0.0,0,1.7,1499,error_peak_dynamic,3.5335540821031914,0.24339082781748972,0.24339082781748972,0.3501251312241799,0.06887989320730083,0.6666666666666666,0.0,0.8728183017701298,0.04720885921151874,0.05408784292879313,0.3501251312241799,3,"[[3, 4], [2, 4], [1, 2], [3, 4]]","[true, true, true, true, true]",0,0.0,0,1,1,0.15778416699998843
ellipse--demand_conflict,ellipse,demand_conflict,n0_d0_m1,factorial_combination,1.0,0.0,0,1.7,1499,violation_safe,3.5335540821031914,0.24823446298284552,0.24823446298284552,0.3481182340423,0.07025064770908925,0.6666666666666666,0.0,0.8728183017701298,0.07363796208784423,0.08436803162640136,0.3481182340423,3,"[[1, 4], [1, 2], [2, 4], [1, 2]]","[true, true, true, true, true]",0,4.0,0,1,1,0.1527189999999905
ellipse--demand_conflict,ellipse,demand_conflict,n0_d0_m1,factorial_combination,1.0,0.0,0,1.7,1499,dual_anchor_dynamic,3.5335540821031914,0.21822222942503317,0.21822222942503317,0.3325358452578305,0.06175714998400309,0.6666666666666666,0.0,0.8728183017701298,0.03351015351621991,0.03839304635141041,0.3325358452578305,2,"[[1, 4], [1, 4], [2, 4], [2, 3]]","[true, true, true, true, true]",0,4.0,0,1,1,0.1875869170000044
rounded_square--neutral,rounded_square,neutral,n0_d0_m1,factorial_combination,1.0,0.0,0,1.7,1423,full_trajectory,6.665932940304861,1.474284245826675,1.474284245826675,0.4591463772743395,0.22116697828035,0.8333333333333334,0.3333333333333333,1.308904238965245,0.19456169353112382,0.14864471191944087,0.4591463772743395,0,"[[0, 1, 2, 3, 4, 5], [0, 1, 2, 3, 4, 5], [0, 1, 2, 3, 4, 5], [0, 1, 2, 3, 4, 5]]","[true, true, true, true, true]",0,0.0,0,1,1,0.250194625000006
rounded_square--neutral,rounded_square,neutral,n0_d0_m1,factorial_combination,1.0,0.0,0,1.7,1423,error_peak_dynamic,6.665932940304861,0.9878561524141665,0.9878561524141665,0.3992358164895691,0.14819473301946953,0.8333333333333334,0.16666666666666666,1.308904238965245,0.17516997840051787,0.13382948361371233,0.3992358164895691,3,"[[2, 3], [3, 4], [1, 4], [3, 4]]","[true, true, true, true, true]",0,0.0,0,1,1,0.2370574170000168
rounded_square--neutral,rounded_square,neutral,n0_d0_m1,factorial_combination,1.0,0.0,0,1.7,1423,violation_safe,6.665932940304861,1.2473689776213184,1.391743437164124,0.4068095366343499,0.18712594152863934,0.8333333333333334,0.6666666666666666,1.308904238965245,0.23208866717560914,0.17731523840054714,0.4068095366343499,3,"[[2, 3], [3, 4], [1, 4], [2, 3]]","[true, true, true, true, false]",1,2.0,0,1,1,0.23814237499999535
rounded_square--neutral,rounded_square,neutral,n0_d0_m1,factorial_combination,1.0,0.0,0,1.7,1423,dual_anchor_dynamic,6.665932940304861,0.9878561524141665,0.9878561524141665,0.3992358164895691,0.14819473301946953,0.8333333333333334,0.16666666666666666,1.308904238965245,0.17516997840051787,0.13382948361371233,0.3992358164895691,3,"[[2, 3], [3, 4], [1, 4], [3, 4]]","[true, true, true, true, true]",0,4.0,0,1,1,0.23959654200001523
rounded_square--neutral,rounded_square,neutral,n0_d0_m1,factorial_combination,1.0,0.0,0,1.7,1451,full_trajectory,9.258361685402733,3.113023052244452,3.113023052244452,0.46202571393138686,0.33623908397882357,0.8333333333333334,0.6666666666666666,2.167277666461963,0.4853152067364091,0.2239284860664284,0.46202571393138686,0,"[[0, 1, 2, 3, 4, 5], [0, 1, 2, 3, 4, 5], [0, 1, 2, 3, 4, 5], [0, 1, 2, 3, 4, 5]]","[true, true, true, true, true]",0,0.0,0,1,1,0.2950449170000127
rounded_square--neutral,rounded_square,neutral,n0_d0_m1,factorial_combination,1.0,0.0,0,1.7,1451,error_peak_dynamic,9.258361685402733,2.2543985673047593,2.2543985673047593,0.422617413592556,0.24349864953528164,0.8333333333333334,0.6666666666666666,2.167277666461963,0.6021037490842779,0.277815694039426,0.422617413592556,2,"[[1, 4], [2, 4], [2, 4], [1, 2]]","[true, true, true, true, true]",0,0.0,0,1,1,0.2666423330000214
rounded_square--neutral,rounded_square,neutral,n0_d0_m1,factorial_combination,1.0,0.0,0,1.7,1451,violation_safe,9.258361685402733,2.014806343020825,2.014806343020825,0.4255927225661916,0.21762018070621342,0.8333333333333334,0.6666666666666666,2.167277666461963,0.5842110597389089,0.26955985787119824,0.4255927225661916,2,"[[3, 4], [1, 2], [2, 4], [2, 4]]","[true, true, true, true, true]",0,4.0,0,1,1,0.2707566250000184
rounded_square--neutral,rounded_square,neutral,n0_d0_m1,factorial_combination,1.0,0.0,0,1.7,1451,dual_anchor_dynamic,9.258361685402733,2.2543985673047593,2.2543985673047593,0.422617413592556,0.24349864953528164,0.8333333333333334,0.6666666666666666,2.167277666461963,0.6021037490842779,0.277815694039426,0.422617413592556,2,"[[1, 4], [2, 4], [2, 4], [1, 2]]","[true, true, true, true, true]",0,4.0,0,1,1,0.26971262500001103
rounded_square--neutral,rounded_square,neutral,n0_d0_m1,factorial_combination,1.0,0.0,0,1.7,1471,full_trajectory,8.596445593391703,2.4637198632907484,2.4637198632907484,0.4106360547479582,0.28659750550677243,0.8333333333333334,0.6666666666666666,2.183314648389757,0.3839681583601408,0.1758647836871913,0.4106360547479582,0,"[[0, 1, 2, 3, 4, 5], [0, 1, 2, 3, 4, 5], [0, 1, 2, 3, 4, 5], [0, 1, 2, 3, 4, 5]]","[true, true, true, true, true]",0,0.0,0,1,1,0.28135733299998833
rounded_square--neutral,rounded_square,neutral,n0_d0_m1,factorial_combination,1.0,0.0,0,1.7,1471,error_peak_dynamic,8.596445593391703,1.6570227468228773,1.6570227468228773,0.3821764183299318,0.19275673053717354,0.8333333333333334,0.6666666666666666,2.183314648389757,0.4845715433770478,0.22194306429191504,0.3821764183299318,2,"[[3, 4], [1, 2], [2, 4], [2, 4]]","[true, true, true, true, true]",0,0.0,0,1,1,0.24526829200001998
rounded_square--neutral,rounded_square,neutral,n0_d0_m1,factorial_combination,1.0,0.0,0,1.7,1471,violation_safe,8.596445593391703,1.6570227468228773,1.6570227468228773,0.3821764183299318,0.19275673053717354,0.8333333333333334,0.6666666666666666,2.183314648389757,0.4845715433770478,0.22194306429191504,0.3821764183299318,2,"[[3, 4], [1, 2], [2, 4], [2, 4]]","[true, true, true, true, true]",0,4.0,0,1,1,0.25553445899998906
rounded_square--neutral,rounded_square,neutral,n0_d0_m1,factorial_combination,1.0,0.0,0,1.7,1471,dual_anchor_dynamic,8.596445593391703,1.6570227468228773,1.6570227468228773,0.3821764183299318,0.19275673053717354,0.8333333333333334,0.6666666666666666,2.183314648389757,0.4845715433770478,0.22194306429191504,0.3821764183299318,2,"[[3, 4], [1, 2], [2, 4], [2, 4]]","[true, true, true, true, true]",0,4.0,0,1,1,0.24892812499999195
rounded_square--neutral,rounded_square,neutral,n0_d0_m1,factorial_combination,1.0,0.0,0,1.7,1499,full_trajectory,6.1161020324204465,1.5987090240912085,1.5987090240912085,0.39790579221311817,0.2613934521721051,0.8333333333333334,0.3333333333333333,1.5597915553371653,0.24727383426473445,0.15853005064595546,0.39790579221311817,0,"[[0, 1, 2, 3, 4, 5], [0, 1, 2, 3, 4, 5], [0, 1, 2, 3, 4, 5], [0, 1, 2, 3, 4, 5]]","[true, true, true, true, true]",0,0.0,0,1,1,0.28588829199998145
rounded_square--neutral,rounded_square,neutral,n0_d0_m1,factorial_combination,1.0,0.0,0,1.7,1499,error_peak_dynamic,6.1161020324204465,1.0688292848658247,1.0688292848658247,0.37497342744860307,0.1747566144580547,0.8333333333333334,0.3333333333333333,1.5597915553371653,0.3345157760318864,0.2144618458070683,0.37497342744860307,3,"[[3, 4], [1, 2], [2, 4], [1, 2]]","[true, true, true, true, true]",0,0.0,0,1,1,0.27912429100001646
rounded_square--neutral,rounded_square,neutral,n0_d0_m1,factorial_combination,1.0,0.0,0,1.7,1499,violation_safe,6.1161020324204465,1.0688292848658247,1.0688292848658247,0.37497342744860307,0.1747566144580547,0.8333333333333334,0.3333333333333333,1.5597915553371653,0.3345157760318864,0.2144618458070683,0.37497342744860307,3,"[[3, 4], [1, 2], [2, 4], [1, 2]]","[true, true, true, true, true]",0,4.0,0,1,1,0.2537668749999966
rounded_square--neutral,rounded_square,neutral,n0_d0_m1,factorial_combination,1.0,0.0,0,1.7,1499,dual_anchor_dynamic,6.1161020324204465,1.0688292848658247,1.0688292848658247,0.37497342744860307,0.1747566144580547,0.8333333333333334,0.3333333333333333,1.5597915553371653,0.3345157760318864,0.2144618458070683,0.37497342744860307,3,"[[3, 4], [1, 2], [2, 4], [1, 2]]","[true, true, true, true, true]",0,4.0,0,1,1,0.24142187500001455
rounded_square--demand_aligned,rounded_square,demand_aligned,n0_d0_m1,factorial_combination,1.0,0.0,0,1.7,1423,full_trajectory,10.459967234310305,1.8984335540909236,1.8984335540909236,0.3869336715302725,0.18149517217068986,0.8333333333333334,0.3333333333333333,1.308904238965245,0.19456169353112382,0.14864471191944087,0.3869336715302725,0,"[[0, 1, 2, 3, 4, 5], [0, 1, 2, 3, 4, 5], [0, 1, 2, 3, 4, 5], [0, 1, 2, 3, 4, 5]]","[true, true, true, true, true]",0,0.0,0,1,1,0.2616539590000002
rounded_square--demand_aligned,rounded_square,demand_aligned,n0_d0_m1,factorial_combination,1.0,0.0,0,1.7,1423,error_peak_dynamic,10.459967234310305,2.358044585243665,2.358044585243665,0.4484677692497202,0.22543517894672896,0.8333333333333334,0.6666666666666666,1.308904238965245,0.29032060471062776,0.2218043123919752,0.4484677692497202,3,"[[2, 3], [3, 4], [1, 4], [2, 3]]","[true, true, true, true, true]",0,0.0,0,1,1,0.18082962500000122
rounded_square--demand_aligned,rounded_square,demand_aligned,n0_d0_m1,factorial_combination,1.0,0.0,0,1.7,1423,violation_safe,10.459967234310305,1.7569371568791774,1.7569371568791774,0.4336678491656939,0.16796774956580673,0.8333333333333334,0.6666666666666666,1.308904238965245,0.31215860558368513,0.23848849769977237,0.4336678491656939,3,"[[2, 3], [1, 4], [2, 4], [3, 4]]","[true, true, true, true, true]",0,4.0,0,1,1,0.18960066700000766
rounded_square--demand_aligned,rounded_square,demand_aligned,n0_d0_m1,factorial_combination,1.0,0.0,0,1.7,1423,dual_anchor_dynamic,10.459967234310305,1.8037000470708118,1.8037000470708118,0.358624424593636,0.17243840316768846,0.8333333333333334,0.3333333333333333,1.308904238965245,0.19415358674603295,0.14833291922067665,0.358624424593636,3,"[[2, 3], [3, 4], [1, 4], [2, 3]]","[true, true, true, true, true]",0,4.0,0,1,1,0.23902000000001067
rounded_square--demand_aligned,rounded_square,demand_aligned,n0_d0_m1,factorial_combination,1.0,0.0,0,1.7,1451,full_trajectory,12.101904944747123,5.145524413397692,5.145524413397692,0.5361419424591216,0.42518301349170046,0.6666666666666666,0.5,2.167277666461963,0.4853152067364091,0.2239284860664284,0.5361419424591216,0,"[[0, 1, 2, 3, 4, 5], [0, 1, 2, 3, 4, 5], [0, 1, 2, 3, 4, 5], [0, 1, 2, 3, 4, 5]]","[true, true, true, true, true]",0,0.0,0,1,1,0.29679116699998076
rounded_square--demand_aligned,rounded_square,demand_aligned,n0_d0_m1,factorial_combination,1.0,0.0,0,1.7,1451,error_peak_dynamic,12.101904944747123,3.185701847358132,3.185701847358132,0.5349821632612191,0.2632397016753051,0.6666666666666666,0.6666666666666666,2.167277666461963,0.7522746791854273,0.34710581427874937,0.5349821632612191,3,"[[1, 4], [2, 4], [1, 2], [2, 4]]","[true, true, true, true, true]",0,0.0,0,1,1,0.20863191699999106
rounded_square--demand_aligned,rounded_square,demand_aligned,n0_d0_m1,factorial_combination,1.0,0.0,0,1.7,1451,violation_safe,12.101904944747123,3.2697041033611667,3.2697041033611667,0.5046384990217667,0.2701809440984243,0.6666666666666666,0.6666666666666666,2.167277666461963,0.7527128678248823,0.34730799817342783,0.5046384990217667,3,"[[2, 4], [1, 4], [1, 2], [2, 4]]","[true, true, true, true, true]",0,4.0,0,1,1,0.19729645800001094
rounded_square--demand_aligned,rounded_square,demand_aligned,n0_d0_m1,factorial_combination,1.0,0.0,0,1.7,1451,dual_anchor_dynamic,12.101904944747123,3.3168707321183244,3.3168707321183244,0.48878597225639747,0.27407839900097913,0.6666666666666666,0.6666666666666666,2.167277666461963,0.6021037490842779,0.277815694039426,0.48878597225639747,2,"[[1, 4], [2, 4], [2, 4], [1, 2]]","[true, true, true, true, true]",0,4.0,0,1,1,0.2701867500000219
rounded_square--demand_aligned,rounded_square,demand_aligned,n0_d0_m1,factorial_combination,1.0,0.0,0,1.7,1471,full_trajectory,11.1021052529649,4.071039571727188,4.071039571727188,0.47094191139235525,0.36669077431417674,0.8333333333333334,0.6666666666666666,2.183314648389757,0.3839681583601408,0.1758647836871913,0.47094191139235525,0,"[[0, 1, 2, 3, 4, 5], [0, 1, 2, 3, 4, 5], [0, 1, 2, 3, 4, 5], [0, 1, 2, 3, 4, 5]]","[true, true, true, true, true]",0,0.0,0,1,1,0.28170616699998163
rounded_square--demand_aligned,rounded_square,demand_aligned,n0_d0_m1,factorial_combination,1.0,0.0,0,1.7,1471,error_peak_dynamic,11.1021052529649,3.770649353524372,3.770649353524372,0.4800082809344509,0.33963372419995674,0.8333333333333334,0.6666666666666666,2.183314648389757,0.5911904672619683,0.2707765771177253,0.4800082809344509,3,"[[3, 4], [1, 2], [2, 4], [1, 3]]","[true, true, true, true, true]",0,0.0,0,1,1,0.18115133300000252
rounded_square--demand_aligned,rounded_square,demand_aligned,n0_d0_m1,factorial_combination,1.0,0.0,0,1.7,1471,violation_safe,11.1021052529649,2.8001848823725295,3.2932589320975616,0.45977321592837556,0.2522210714607231,0.8333333333333334,0.6666666666666666,2.183314648389757,0.8053144538967891,0.36884947137176327,0.45977321592837556,3,"[[2, 4], [1, 2], [2, 4], [1, 4]]","[true, true, true, true, false]",1,2.0,0,1,1,0.1896582500000079
rounded_square--demand_aligned,rounded_square,demand_aligned,n0_d0_m1,factorial_combination,1.0,0.0,0,1.7,1471,dual_anchor_dynamic,11.1021052529649,2.4011492978089426,2.4011492978089426,0.3940153710534214,0.21627873660877947,0.8333333333333334,0.6666666666666666,2.183314648389757,0.4438931333841481,0.2033115720226258,0.3940153710534214,3,"[[2, 4], [1, 2], [2, 4], [2, 3]]","[true, true, true, true, true]",0,4.0,0,1,1,0.2509427500000072
rounded_square--demand_aligned,rounded_square,demand_aligned,n0_d0_m1,factorial_combination,1.0,0.0,0,1.7,1499,full_trajectory,7.929107676654352,2.6387964959201278,2.6387964959201278,0.458869726535838,0.33279867086299364,0.6666666666666666,0.5,1.5597915553371653,0.24727383426473445,0.15853005064595546,0.458869726535838,0,"[[0, 1, 2, 3, 4, 5], [0, 1, 2, 3, 4, 5], [0, 1, 2, 3, 4, 5], [0, 1, 2, 3, 4, 5]]","[true, true, true, true, true]",0,0.0,0,1,1,0.24604016699998965
rounded_square--demand_aligned,rounded_square,demand_aligned,n0_d0_m1,factorial_combination,1.0,0.0,0,1.7,1499,error_peak_dynamic,7.929107676654352,2.5541011211272098,2.5541011211272098,0.46479212539494213,0.3221170937868888,0.6666666666666666,0.5,1.5597915553371653,0.39871001580409915,0.25561749865860367,0.46479212539494213,3,"[[3, 4], [1, 2], [2, 4], [1, 3]]","[true, true, true, true, true]",0,0.0,0,1,1,0.182941833000001
rounded_square--demand_aligned,rounded_square,demand_aligned,n0_d0_m1,factorial_combination,1.0,0.0,0,1.7,1499,violation_safe,7.929107676654352,1.977656864238639,2.2272103150580858,0.4488054888906631,0.24941732977866451,0.6666666666666666,0.6666666666666666,1.5597915553371653,0.541431561495642,0.3471178951078536,0.4488054888906631,3,"[[2, 4], [1, 2], [2, 4], [1, 4]]","[true, true, true, true, false]",1,2.0,0,1,1,0.24302941700000247
rounded_square--demand_aligned,rounded_square,demand_aligned,n0_d0_m1,factorial_combination,1.0,0.0,0,1.7,1499,dual_anchor_dynamic,7.929107676654352,1.460317167467036,1.460317167467036,0.3745520786159391,0.18417169081542978,0.6666666666666666,0.5,1.5597915553371653,0.33054851495391063,0.21191838987899836,0.3745520786159391,3,"[[2, 4], [1, 2], [2, 4], [1, 2]]","[true, true, true, true, true]",0,4.0,0,1,1,0.3999461250000138
rounded_square--demand_conflict,rounded_square,demand_conflict,n0_d0_m1,factorial_combination,1.0,0.0,0,1.7,1423,full_trajectory,6.129531510843197,1.1811712839320636,1.1811712839320636,0.48173733502708477,0.19270172309948336,0.8333333333333334,0.3333333333333333,1.308904238965245,0.19456169353112382,0.14864471191944087,0.48173733502708477,0,"[[0, 1, 2, 3, 4, 5], [0, 1, 2, 3, 4, 5], [0, 1, 2, 3, 4, 5], [0, 1, 2, 3, 4, 5]]","[true, true, true, true, true]",0,0.0,0,1,1,0.27934195900002123
rounded_square--demand_conflict,rounded_square,demand_conflict,n0_d0_m1,factorial_combination,1.0,0.0,0,1.7,1423,error_peak_dynamic,6.129531510843197,1.4760172466032295,1.4760172466032295,0.4321557906798235,0.24080425135137026,0.8333333333333334,0.3333333333333333,1.308904238965245,0.23337179396760757,0.17829554448696705,0.4321557906798235,3,"[[2, 3], [3, 4], [1, 4], [2, 4]]","[true, true, true, true, true]",0,0.0,0,1,1,0.2171766660000003
rounded_square--demand_conflict,rounded_square,demand_conflict,n0_d0_m1,factorial_combination,1.0,0.0,0,1.7,1423,violation_safe,6.129531510843197,1.1568934678850078,1.1568934678850078,0.42564787530827985,0.18874092837902093,0.8333333333333334,0.3333333333333333,1.308904238965245,0.2698230815524216,0.20614424915128274,0.42564787530827985,3,"[[2, 3], [3, 4], [1, 4], [1, 3]]","[true, true, true, true, true]",0,4.0,0,1,1,0.21385529100001577
rounded_square--demand_conflict,rounded_square,demand_conflict,n0_d0_m1,factorial_combination,1.0,0.0,0,1.7,1423,dual_anchor_dynamic,6.129531510843197,0.8232457553648895,0.8232457553648895,0.40435136505556496,0.13430810395681306,0.8333333333333334,0.16666666666666666,1.308904238965245,0.17516997840051787,0.13382948361371233,0.40435136505556496,3,"[[2, 3], [3, 4], [1, 4], [3, 4]]","[true, true, true, true, true]",0,4.0,0,1,1,0.2470915410000032
rounded_square--demand_conflict,rounded_square,demand_conflict,n0_d0_m1,factorial_combination,1.0,0.0,0,1.7,1451,full_trajectory,8.040677505721481,1.757895490784096,1.757895490784096,0.3622880665428808,0.21862529488755586,1.0,0.6666666666666666,2.167277666461963,0.4853152067364091,0.2239284860664284,0.3622880665428808,0,"[[0, 1, 2, 3, 4, 5], [0, 1, 2, 3, 4, 5], [0, 1, 2, 3, 4, 5], [0, 1, 2, 3, 4, 5]]","[true, true, true, true, true]",0,0.0,0,1,1,0.2982294999999908
rounded_square--demand_conflict,rounded_square,demand_conflict,n0_d0_m1,factorial_combination,1.0,0.0,0,1.7,1451,error_peak_dynamic,8.040677505721481,1.3952728283824491,1.3952728283824491,0.35564590318348854,0.1735267740050038,1.0,0.6666666666666666,2.167277666461963,0.6082477350090272,0.2806505804131592,0.35564590318348854,3,"[[1, 4], [2, 4], [1, 2], [2, 4]]","[true, true, true, true, true]",0,0.0,0,1,1,0.24758370899999704
rounded_square--demand_conflict,rounded_square,demand_conflict,n0_d0_m1,factorial_combination,1.0,0.0,0,1.7,1451,violation_safe,8.040677505721481,1.5850106133504007,1.5850106133504007,0.4047411651326666,0.19712401252538228,1.0,0.8333333333333334,2.167277666461963,0.6532327147718925,0.30140702544971165,0.4047411651326666,3,"[[1, 3], [3, 4], [1, 2], [2, 4]]","[true, true, true, true, true]",0,4.0,0,1,1,0.22090491599999496
rounded_square--demand_conflict,rounded_square,demand_conflict,n0_d0_m1,factorial_combination,1.0,0.0,0,1.7,1451,dual_anchor_dynamic,8.040677505721481,1.5053024303443925,1.6133043407761014,0.37434374812500076,0.18721089476269492,1.0,0.6666666666666666,2.167277666461963,0.6678589956518638,0.30815571349569165,0.37434374812500076,2,"[[3, 4], [1, 2], [2, 4], [2, 4]]","[true, true, true, true, false]",1,2.0,0,1,1,0.2632598749999886
rounded_square--demand_conflict,rounded_square,demand_conflict,n0_d0_m1,factorial_combination,1.0,0.0,0,1.7,1471,full_trajectory,8.491456125380003,1.4085339028381663,1.4085339028381663,0.32695513040773183,0.16587660373445465,1.0,0.5,2.183314648389757,0.3839681583601408,0.1758647836871913,0.32695513040773183,0,"[[0, 1, 2, 3, 4, 5], [0, 1, 2, 3, 4, 5], [0, 1, 2, 3, 4, 5], [0, 1, 2, 3, 4, 5]]","[true, true, true, true, true]",0,0.0,0,1,1,0.2811236670000028
rounded_square--demand_conflict,rounded_square,demand_conflict,n0_d0_m1,factorial_combination,1.0,0.0,0,1.7,1471,error_peak_dynamic,8.491456125380003,1.2444718255030107,1.2444718255030107,0.3378239846609791,0.14655576230128836,1.0,0.5,2.183314648389757,0.5554225699576225,0.2543941938773044,0.3378239846609791,3,"[[3, 4], [1, 2], [2, 4], [1, 2]]","[true, true, true, true, true]",0,0.0,0,1,1,0.21915770799998313
rounded_square--demand_conflict,rounded_square,demand_conflict,n0_d0_m1,factorial_combination,1.0,0.0,0,1.7,1471,violation_safe,8.491456125380003,1.1954707312798494,1.1954707312798494,0.3443673694012009,0.14078512726536058,1.0,0.6666666666666666,2.183314648389757,0.5494160075083935,0.25164307302825084,0.3443673694012009,3,"[[1, 3], [3, 4], [1, 2], [2, 4]]","[true, true, true, true, true]",0,4.0,0,1,1,0.2154022920000216
rounded_square--demand_conflict,rounded_square,demand_conflict,n0_d0_m1,factorial_combination,1.0,0.0,0,1.7,1471,dual_anchor_dynamic,8.491456125380003,1.206410736843115,1.206410736843115,0.33642852518789196,0.14207348174799958,1.0,0.5,2.183314648389757,0.505678920062734,0.23161064779906246,0.33642852518789196,3,"[[3, 4], [1, 3], [2, 4], [1, 2]]","[true, true, true, true, true]",0,4.0,0,1,1,0.23310795800000506
rounded_square--demand_conflict,rounded_square,demand_conflict,n0_d0_m1,factorial_combination,1.0,0.0,0,1.7,1499,full_trajectory,6.060157393483065,0.9124274696534942,0.9124274696534942,0.3184908904498177,0.15056167858522865,1.0,0.16666666666666666,1.5597915553371653,0.24727383426473445,0.15853005064595546,0.3184908904498177,0,"[[0, 1, 2, 3, 4, 5], [0, 1, 2, 3, 4, 5], [0, 1, 2, 3, 4, 5], [0, 1, 2, 3, 4, 5]]","[true, true, true, true, true]",0,0.0,0,1,1,0.24546095799999534
rounded_square--demand_conflict,rounded_square,demand_conflict,n0_d0_m1,factorial_combination,1.0,0.0,0,1.7,1499,error_peak_dynamic,6.060157393483065,0.7779930284832621,0.7779930284832621,0.3374478463610569,0.12837835355891838,1.0,0.0,1.5597915553371653,0.37248173011965585,0.23880224818831003,0.3374478463610569,3,"[[3, 4], [1, 2], [2, 4], [1, 2]]","[true, true, true, true, true]",0,0.0,0,1,1,0.21707395799998608
rounded_square--demand_conflict,rounded_square,demand_conflict,n0_d0_m1,factorial_combination,1.0,0.0,0,1.7,1499,violation_safe,6.060157393483065,0.8588376439855891,0.8588376439855891,0.33956894097393514,0.14171870270385398,1.0,0.16666666666666666,1.5597915553371653,0.37052437987768133,0.23754736881979632,0.33956894097393514,3,"[[1, 3], [3, 4], [1, 2], [2, 4]]","[true, true, true, true, true]",0,4.0,0,1,1,0.20570524999999407
rounded_square--demand_conflict,rounded_square,demand_conflict,n0_d0_m1,factorial_combination,1.0,0.0,0,1.7,1499,dual_anchor_dynamic,6.060157393483065,0.742493438489354,0.742493438489354,0.3349965796225583,0.12252048755166195,1.0,0.0,1.5597915553371653,0.33837168180288646,0.21693391058893371,0.3349965796225583,3,"[[3, 4], [1, 3], [2, 4], [1, 2]]","[true, true, true, true, true]",0,4.0,0,1,1,0.22799750000001495
figure_eight--neutral,figure_eight,neutral,n0_d0_m1,factorial_combination,1.0,0.0,0,1.7,1423,full_trajectory,6.22845638010185,0.2539381129094503,0.2539381129094503,0.29599593688926384,0.040770633590805974,1.0,0.0,1.1770369847265099,0.04332377480883743,0.03680748810021795,0.29599593688926384,0,"[[0, 1, 2, 3, 4, 5], [0, 1, 2, 3, 4, 5], [0, 1, 2, 3, 4, 5], [0, 1, 2, 3, 4, 5]]","[true, true, true, true, true]",0,0.0,0,1,1,0.20391112499999053
figure_eight--neutral,figure_eight,neutral,n0_d0_m1,factorial_combination,1.0,0.0,0,1.7,1423,error_peak_dynamic,6.22845638010185,0.1905378957888467,0.1905378957888467,0.2849635932927676,0.03059151163000213,1.0,0.0,1.1770369847265099,0.055346009011195435,0.04702146978334359,0.2849635932927676,2,"[[3, 4], [2, 3], [2, 4], [2, 4]]","[true, true, true, true, true]",0,0.0,0,1,1,0.19497175000003608
figure_eight--neutral,figure_eight,neutral,n0_d0_m1,factorial_combination,1.0,0.0,0,1.7,1423,violation_safe,6.22845638010185,0.1990024678004768,0.1990024678004768,0.27555876577491284,0.031950527651800405,1.0,0.0,1.1770369847265099,0.05433931909854126,0.04616619511847137,0.27555876577491284,2,"[[3, 4], [3, 4], [2, 3], [2, 4]]","[true, true, true, true, true]",0,4.0,0,1,1,0.19778900000000021
figure_eight--neutral,figure_eight,neutral,n0_d0_m1,factorial_combination,1.0,0.0,0,1.7,1423,dual_anchor_dynamic,6.22845638010185,0.1905378957888467,0.1905378957888467,0.2849635932927676,0.03059151163000213,1.0,0.0,1.1770369847265099,0.055346009011195435,0.04702146978334359,0.2849635932927676,2,"[[3, 4], [2, 3], [2, 4], [2, 4]]","[true, true, true, true, true]",0,4.0,0,1,1,0.2802844170000185
figure_eight--neutral,figure_eight,neutral,n0_d0_m1,factorial_combination,1.0,0.0,0,1.7,1451,full_trajectory,9.681670070221486,1.040070498310843,1.040070498310843,0.4049383209749021,0.10742676529639783,1.0,0.16666666666666666,2.009460601559736,0.14601788246321118,0.07266521291826902,0.4049383209749021,0,"[[0, 1, 2, 3, 4, 5], [0, 1, 2, 3, 4, 5], [0, 1, 2, 3, 4, 5], [0, 1, 2, 3, 4, 5]]","[true, true, true, true, true]",0,0.0,0,1,1,0.2602074170000037
figure_eight--neutral,figure_eight,neutral,n0_d0_m1,factorial_combination,1.0,0.0,0,1.7,1451,error_peak_dynamic,9.681670070221486,0.8338249607056345,0.8338249607056345,0.39774648597549844,0.08612408341307579,1.0,0.16666666666666666,2.009460601559736,0.15004962580854486,0.0746715938058586,0.39774648597549844,2,"[[2, 4], [3, 4], [2, 3], [2, 3]]","[true, true, true, true, true]",0,0.0,0,1,1,0.25180545799997844
figure_eight--neutral,figure_eight,neutral,n0_d0_m1,factorial_combination,1.0,0.0,0,1.7,1451,violation_safe,9.681670070221486,0.8198844917025937,0.8198844917025937,0.3808466292789832,0.0846842007376768,1.0,0.16666666666666666,2.009460601559736,0.15406797605101155,0.07667130966958224,0.3808466292789832,2,"[[2, 3], [3, 4], [2, 3], [2, 3]]","[true, true, true, true, true]",0,4.0,0,1,1,0.2548907080000049
figure_eight--neutral,figure_eight,neutral,n0_d0_m1,factorial_combination,1.0,0.0,0,1.7,1451,dual_anchor_dynamic,9.681670070221486,0.8338249607056345,0.8338249607056345,0.39774648597549844,0.08612408341307579,1.0,0.16666666666666666,2.009460601559736,0.15004962580854486,0.0746715938058586,0.39774648597549844,2,"[[2, 4], [3, 4], [2, 3], [2, 3]]","[true, true, true, true, true]",0,4.0,0,1,1,0.2531458749999729
figure_eight--neutral,figure_eight,neutral,n0_d0_m1,factorial_combination,1.0,0.0,0,1.7,1471,full_trajectory,9.608659342780994,0.9228384046530538,0.9228384046530538,0.3819873157919626,0.09604236883955973,1.0,0.16666666666666666,1.9080053321881576,0.12981713078763235,0.06803813836240918,0.3819873157919626,0,"[[0, 1, 2, 3, 4, 5], [0, 1, 2, 3, 4, 5], [0, 1, 2, 3, 4, 5], [0, 1, 2, 3, 4, 5]]","[true, true, true, true, true]",0,0.0,0,1,1,0.2502607079999848
figure_eight--neutral,figure_eight,neutral,n0_d0_m1,factorial_combination,1.0,0.0,0,1.7,1471,error_peak_dynamic,9.608659342780994,0.7508653563634833,0.7508653563634833,0.3620307286371739,0.07814465364802531,1.0,0.0,1.9080053321881576,0.12504978343605613,0.0655395356220757,0.3620307286371739,2,"[[3, 4], [2, 3], [2, 3], [3, 4]]","[true, true, true, true, true]",0,0.0,0,1,1,0.24107762500000263
figure_eight--neutral,figure_eight,neutral,n0_d0_m1,factorial_combination,1.0,0.0,0,1.7,1471,violation_safe,9.608659342780994,0.68415065803766,0.68415065803766,0.35475991679505303,0.07120146876178557,1.0,0.0,1.9080053321881576,0.12325758712256593,0.06460023200313096,0.35475991679505303,3,"[[2, 3], [3, 4], [2, 3], [3, 4]]","[true, true, true, true, true]",0,4.0,0,1,1,0.24155949999999393
figure_eight--neutral,figure_eight,neutral,n0_d0_m1,factorial_combination,1.0,0.0,0,1.7,1471,dual_anchor_dynamic,9.608659342780994,0.7508653563634833,0.7508653563634833,0.3620307286371739,0.07814465364802531,1.0,0.0,1.9080053321881576,0.12504978343605613,0.0655395356220757,0.3620307286371739,2,"[[3, 4], [2, 3], [2, 3], [3, 4]]","[true, true, true, true, true]",0,4.0,0,1,1,0.23603608299998768
figure_eight--neutral,figure_eight,neutral,n0_d0_m1,factorial_combination,1.0,0.0,0,1.7,1499,full_trajectory,6.837315761151307,0.4052509497158219,0.4052509497158219,0.346621515024301,0.05927047453598711,1.0,0.0,1.35418543013108,0.06199188203532727,0.04577798627572495,0.346621515024301,0,"[[0, 1, 2, 3, 4, 5], [0, 1, 2, 3, 4, 5], [0, 1, 2, 3, 4, 5], [0, 1, 2, 3, 4, 5]]","[true, true, true, true, true]",0,0.0,0,1,1,0.20561345799995934
figure_eight--neutral,figure_eight,neutral,n0_d0_m1,factorial_combination,1.0,0.0,0,1.7,1499,error_peak_dynamic,6.837315761151307,0.29214879121812454,0.29214879121812454,0.3266907443195304,0.04272857966836548,1.0,0.0,1.35418543013108,0.08292782241691002,0.06123815880140057,0.3266907443195304,1,"[[3, 4], [2, 3], [2, 3], [2, 3]]","[true, true, true, true, true]",0,0.0,0,1,1,0.22178754099996922
figure_eight--neutral,figure_eight,neutral,n0_d0_m1,factorial_combination,1.0,0.0,0,1.7,1499,violation_safe,6.837315761151307,0.2833016486147106,0.2833016486147106,0.3217602352597328,0.0414346299792664,1.0,0.0,1.35418543013108,0.08526269558528769,0.06296234894288781,0.3217602352597328,2,"[[2, 3], [3, 4], [2, 3], [2, 3]]","[true, true, true, true, true]",0,4.0,0,1,1,0.21632304199999908
figure_eight--neutral,figure_eight,neutral,n0_d0_m1,factorial_combination,1.0,0.0,0,1.7,1499,dual_anchor_dynamic,6.837315761151307,0.29214879121812454,0.29214879121812454,0.3266907443195304,0.04272857966836548,1.0,0.0,1.35418543013108,0.08292782241691002,0.06123815880140057,0.3266907443195304,1,"[[3, 4], [2, 3], [2, 3], [2, 3]]","[true, true, true, true, true]",0,4.0,0,1,1,0.2238947079999889
figure_eight--demand_aligned,figure_eight,demand_aligned,n0_d0_m1,factorial_combination,1.0,0.0,0,1.7,1423,full_trajectory,9.278746023571982,0.4027071402258066,0.4027071402258066,0.30148900732012934,0.043401030613701284,0.8333333333333334,0.0,1.1770369847265099,0.04332377480883743,0.03680748810021795,0.30148900732012934,0,"[[0, 1, 2, 3, 4, 5], [0, 1, 2, 3, 4, 5], [0, 1, 2, 3, 4, 5], [0, 1, 2, 3, 4, 5]]","[true, true, true, true, true]",0,0.0,0,1,1,0.2030358339999907
figure_eight--demand_aligned,figure_eight,demand_aligned,n0_d0_m1,factorial_combination,1.0,0.0,0,1.7,1423,error_peak_dynamic,9.278746023571982,0.756634823108727,0.756634823108727,0.308689895214665,0.08154494380884562,0.8333333333333334,0.16666666666666666,1.1770369847265099,0.132489157827493,0.11256159283582536,0.308689895214665,3,"[[3, 4], [1, 3], [1, 4], [2, 3]]","[true, true, true, true, true]",0,0.0,0,1,1,0.15262404200001356
figure_eight--demand_aligned,figure_eight,demand_aligned,n0_d0_m1,factorial_combination,1.0,0.0,0,1.7,1423,violation_safe,9.278746023571982,0.4688978031696174,0.4688978031696174,0.27661090448365727,0.05053460909248044,0.8333333333333334,0.0,1.1770369847265099,0.15500638570481207,0.1316920264326516,0.27661090448365727,2,"[[3, 4], [3, 4], [1, 4], [2, 3]]","[true, true, true, true, true]",0,4.0,0,1,1,0.14680691600000273
figure_eight--demand_aligned,figure_eight,demand_aligned,n0_d0_m1,factorial_combination,1.0,0.0,0,1.7,1423,dual_anchor_dynamic,9.278746023571982,0.21514020670532644,0.21514020670532644,0.25780837142931806,0.023186345025370706,0.8333333333333334,0.0,1.1770369847265099,0.05301286106074291,0.045039248340238605,0.25780837142931806,1,"[[3, 4], [3, 4], [2, 4], [2, 4]]","[true, true, true, true, true]",0,4.0,0,1,1,0.19998958299999003
figure_eight--demand_aligned,figure_eight,demand_aligned,n0_d0_m1,factorial_combination,1.0,0.0,0,1.7,1451,full_trajectory,14.25072012433041,1.1531819791637952,1.1531819791637952,0.3426346031829669,0.08092096182528734,1.0,0.16666666666666666,2.009460601559736,0.14601788246321118,0.07266521291826902,0.3426346031829669,0,"[[0, 1, 2, 3, 4, 5], [0, 1, 2, 3, 4, 5], [0, 1, 2, 3, 4, 5], [0, 1, 2, 3, 4, 5]]","[true, true, true, true, true]",0,0.0,0,1,1,0.26056654100000287
figure_eight--demand_aligned,figure_eight,demand_aligned,n0_d0_m1,factorial_combination,1.0,0.0,0,1.7,1451,error_peak_dynamic,14.25072012433041,0.9384684421726657,0.9384684421726657,0.35253721738943694,0.06585410659847345,1.0,0.16666666666666666,2.009460601559736,0.3271052325785581,0.16278260560304603,0.35253721738943694,3,"[[2, 4], [3, 4], [2, 3], [3, 5]]","[true, true, true, true, true]",0,0.0,0,1,1,0.2104469169999561
figure_eight--demand_aligned,figure_eight,demand_aligned,n0_d0_m1,factorial_combination,1.0,0.0,0,1.7,1451,violation_safe,14.25072012433041,1.1348566746269801,1.1348566746269801,0.35425983413038864,0.0796350405260873,1.0,0.16666666666666666,2.009460601559736,0.365371746461457,0.18182578258954504,0.35425983413038864,2,"[[2, 4], [3, 4], [2, 3], [2, 3]]","[true, true, true, true, true]",0,4.0,0,1,1,0.20648658400000386
figure_eight--demand_aligned,figure_eight,demand_aligned,n0_d0_m1,factorial_combination,1.0,0.0,0,1.7,1451,dual_anchor_dynamic,14.25072012433041,0.922660243726584,0.922660243726584,0.33506749943896463,0.06474481539717533,1.0,0.16666666666666666,2.009460601559736,0.15004962580854486,0.0746715938058586,0.33506749943896463,2,"[[2, 4], [3, 4], [2, 3], [2, 3]]","[true, true, true, true, true]",0,4.0,0,1,1,0.2543912079999586
figure_eight--demand_aligned,figure_eight,demand_aligned,n0_d0_m1,factorial_combination,1.0,0.0,0,1.7,1471,full_trajectory,12.588458808342779,1.1046479223081307,1.1046479223081307,0.3477764609903188,0.08775084695642367,1.0,0.3333333333333333,1.9080053321881576,0.12981713078763235,0.06803813836240918,0.3477764609903188,0,"[[0, 1, 2, 3, 4, 5], [0, 1, 2, 3, 4, 5], [0, 1, 2, 3, 4, 5], [0, 1, 2, 3, 4, 5]]","[true, true, true, true, true]",0,0.0,0,1,1,0.24901558400000567
figure_eight--demand_aligned,figure_eight,demand_aligned,n0_d0_m1,factorial_combination,1.0,0.0,0,1.7,1471,error_peak_dynamic,12.588458808342779,1.5408194984167531,1.5408194984167531,0.4127498902631751,0.12239937564045586,1.0,0.3333333333333333,1.9080053321881576,0.3250318913053385,0.17035166821708103,0.4127498902631751,2,"[[3, 4], [2, 3], [2, 3], [3, 4]]","[true, true, true, true, true]",0,0.0,0,1,1,0.18896749999998974
figure_eight--demand_aligned,figure_eight,demand_aligned,n0_d0_m1,factorial_combination,1.0,0.0,0,1.7,1471,violation_safe,12.588458808342779,1.5186603732603619,1.5186603732603619,0.3771630554148207,0.12063910256066426,1.0,0.3333333333333333,1.9080053321881576,0.3563238208588678,0.1867520047494967,0.3771630554148207,3,"[[2, 4], [3, 4], [2, 3], [3, 4]]","[true, true, true, true, true]",0,4.0,0,1,1,0.20289737500002047
figure_eight--demand_aligned,figure_eight,demand_aligned,n0_d0_m1,factorial_combination,1.0,0.0,0,1.7,1471,dual_anchor_dynamic,12.588458808342779,1.2305503222376755,1.2305503222376755,0.34674446635654377,0.09775226189103864,1.0,0.16666666666666666,1.9080053321881576,0.12504978343605613,0.0655395356220757,0.34674446635654377,2,"[[3, 4], [2, 3], [2, 3], [3, 4]]","[true, true, true, true, true]",0,4.0,0,1,1,0.23692166699999007
figure_eight--demand_aligned,figure_eight,demand_aligned,n0_d0_m1,factorial_combination,1.0,0.0,0,1.7,1499,full_trajectory,8.80402412840898,0.4441384663387803,0.4441384663387803,0.32033971161786007,0.050447211395710116,0.8333333333333334,0.0,1.35418543013108,0.06199188203532727,0.04577798627572495,0.32033971161786007,0,"[[0, 1, 2, 3, 4, 5], [0, 1, 2, 3, 4, 5], [0, 1, 2, 3, 4, 5], [0, 1, 2, 3, 4, 5]]","[true, true, true, true, true]",0,0.0,0,1,1,0.20578554100001156
figure_eight--demand_aligned,figure_eight,demand_aligned,n0_d0_m1,factorial_combination,1.0,0.0,0,1.7,1499,error_peak_dynamic,8.80402412840898,0.5326883041913488,0.5326883041913488,0.38351596453071013,0.06050509362786284,0.8333333333333334,0.0,1.35418543013108,0.20280776271253326,0.1497636573249073,0.38351596453071013,2,"[[3, 4], [2, 3], [2, 3], [3, 5]]","[true, true, true, true, true]",0,0.0,0,1,1,0.1624186249999866
figure_eight--demand_aligned,figure_eight,demand_aligned,n0_d0_m1,factorial_combination,1.0,0.0,0,1.7,1499,violation_safe,8.80402412840898,0.4371814461652767,0.4371814461652767,0.3452781535681052,0.04965700227405919,0.8333333333333334,0.0,1.35418543013108,0.24758869864409536,0.18283219796577616,0.3452781535681052,2,"[[2, 4], [3, 4], [2, 3], [2, 3]]","[true, true, true, true, true]",0,4.0,0,1,1,0.1598381659999859
figure_eight--demand_aligned,figure_eight,demand_aligned,n0_d0_m1,factorial_combination,1.0,0.0,0,1.7,1499,dual_anchor_dynamic,8.80402412840898,0.3119707155626882,0.3119707155626882,0.31604135994475846,0.035435013695159646,0.8333333333333334,0.0,1.35418543013108,0.08292782241691002,0.06123815880140057,0.31604135994475846,1,"[[3, 4], [2, 3], [2, 3], [2, 3]]","[true, true, true, true, true]",0,4.0,0,1,1,0.22307954100000416
figure_eight--demand_conflict,figure_eight,demand_conflict,n0_d0_m1,factorial_combination,1.0,0.0,0,1.7,1423,full_trajectory,5.227735487473817,0.21486816570885572,0.21486816570885572,0.29188387310983327,0.04110157566764837,1.0,0.0,1.1770369847265099,0.04332377480883743,0.03680748810021795,0.29188387310983327,0,"[[0, 1, 2, 3, 4, 5], [0, 1, 2, 3, 4, 5], [0, 1, 2, 3, 4, 5], [0, 1, 2, 3, 4, 5]]","[true, true, true, true, true]",0,0.0,0,1,1,0.2049252500000307
figure_eight--demand_conflict,figure_eight,demand_conflict,n0_d0_m1,factorial_combination,1.0,0.0,0,1.7,1423,error_peak_dynamic,5.227735487473817,0.24278849750291062,0.24278849750291062,0.2848748681424082,0.04644238372133717,1.0,0.0,1.1770369847265099,0.06567453445426,0.055796491789525025,0.2848748681424082,2,"[[3, 4], [3, 4], [1, 2], [2, 4]]","[true, true, true, true, true]",0,0.0,0,1,1,0.1778553340000144
figure_eight--demand_conflict,figure_eight,demand_conflict,n0_d0_m1,factorial_combination,1.0,0.0,0,1.7,1423,violation_safe,5.227735487473817,0.30130488377645637,0.30130488377645637,0.3067421498990191,0.057635831900526215,1.0,0.0,1.1770369847265099,0.10542316404071667,0.08956656877286846,0.3067421498990191,3,"[[1, 3], [3, 4], [0, 4], [2, 3]]","[true, true, true, true, true]",0,4.0,0,1,1,0.1705211249999934
figure_eight--demand_conflict,figure_eight,demand_conflict,n0_d0_m1,factorial_combination,1.0,0.0,0,1.7,1423,dual_anchor_dynamic,5.227735487473817,0.23603087108250714,0.23603087108250714,0.2798325602836567,0.04514973484179928,1.0,0.0,1.1770369847265099,0.05817712581089989,0.04942676106683056,0.2798325602836567,3,"[[3, 4], [2, 3], [3, 4], [0, 4]]","[true, true, true, true, true]",0,4.0,0,1,1,0.1946060000000216
figure_eight--demand_conflict,figure_eight,demand_conflict,n0_d0_m1,factorial_combination,1.0,0.0,0,1.7,1451,full_trajectory,7.755419136219565,0.9018776271231793,0.9018776271231793,0.42235710567283213,0.11628999171833362,1.0,0.16666666666666666,2.009460601559736,0.14601788246321118,0.07266521291826902,0.42235710567283213,0,"[[0, 1, 2, 3, 4, 5], [0, 1, 2, 3, 4, 5], [0, 1, 2, 3, 4, 5], [0, 1, 2, 3, 4, 5]]","[true, true, true, true, true]",0,0.0,0,1,1,0.26030100000002676
figure_eight--demand_conflict,figure_eight,demand_conflict,n0_d0_m1,factorial_combination,1.0,0.0,0,1.7,1451,error_peak_dynamic,7.755419136219565,0.700624051965194,0.700624051965194,0.41710509292540576,0.09033993387837942,1.0,0.0,2.009460601559736,0.17026647887543714,0.08473242956009036,0.41710509292540576,2,"[[2, 4], [3, 4], [2, 3], [2, 3]]","[true, true, true, true, true]",0,0.0,0,1,1,0.2391401250000058
figure_eight--demand_conflict,figure_eight,demand_conflict,n0_d0_m1,factorial_combination,1.0,0.0,0,1.7,1451,violation_safe,7.755419136219565,0.6212579134237548,0.6212579134237548,0.39565402864796895,0.08010629761096207,1.0,0.0,2.009460601559736,0.23920526915451018,0.11903954174012664,0.39565402864796895,3,"[[2, 3], [3, 5], [2, 3], [0, 3]]","[true, true, true, true, true]",0,4.0,0,1,1,0.21759629099994982
figure_eight--demand_conflict,figure_eight,demand_conflict,n0_d0_m1,factorial_combination,1.0,0.0,0,1.7,1451,dual_anchor_dynamic,7.755419136219565,0.711125277884652,0.711125277884652,0.40262205689114067,0.0916939839606522,1.0,0.0,2.009460601559736,0.14717586623903156,0.07324147889478111,0.40262205689114067,1,"[[3, 4], [2, 3], [2, 3], [2, 3]]","[true, true, true, true, true]",0,4.0,0,1,1,0.2730317919999834
figure_eight--demand_conflict,figure_eight,demand_conflict,n0_d0_m1,factorial_combination,1.0,0.0,0,1.7,1471,full_trajectory,8.064188921397594,0.7780351335157581,0.7780351335157581,0.3868330765381918,0.0964802711220359,1.0,0.16666666666666666,1.9080053321881576,0.12981713078763235,0.06803813836240918,0.3868330765381918,0,"[[0, 1, 2, 3, 4, 5], [0, 1, 2, 3, 4, 5], [0, 1, 2, 3, 4, 5], [0, 1, 2, 3, 4, 5]]","[true, true, true, true, true]",0,0.0,0,1,1,0.2506007920000002
figure_eight--demand_conflict,figure_eight,demand_conflict,n0_d0_m1,factorial_combination,1.0,0.0,0,1.7,1471,error_peak_dynamic,8.064188921397594,0.5394638906954807,0.5394638906954807,0.36613032225621944,0.06689623667720163,1.0,0.0,1.9080053321881576,0.16768643844416503,0.08788572841767545,0.36613032225621944,2,"[[3, 4], [2, 3], [2, 3], [3, 4]]","[true, true, true, true, true]",0,0.0,0,1,1,0.21169920800002728
figure_eight--demand_conflict,figure_eight,demand_conflict,n0_d0_m1,factorial_combination,1.0,0.0,0,1.7,1471,violation_safe,8.064188921397594,0.7740143645578104,0.7740143645578104,0.36496431717553884,0.09598167554135958,1.0,0.0,1.9080053321881576,0.2638855159323955,0.13830439123027172,0.36496431717553884,3,"[[2, 3], [3, 5], [2, 3], [0, 3]]","[true, true, true, true, true]",0,4.0,0,1,1,0.22712287499996364
figure_eight--demand_conflict,figure_eight,demand_conflict,n0_d0_m1,factorial_combination,1.0,0.0,0,1.7,1471,dual_anchor_dynamic,8.064188921397594,0.45924149671820286,0.45924149671820286,0.36379044656141923,0.05694825619717901,1.0,0.0,1.9080053321881576,0.12504978343605613,0.0655395356220757,0.36379044656141923,2,"[[3, 4], [2, 3], [2, 3], [3, 4]]","[true, true, true, true, true]",0,4.0,0,1,1,0.23881062499998507
figure_eight--demand_conflict,figure_eight,demand_conflict,n0_d0_m1,factorial_combination,1.0,0.0,0,1.7,1499,full_trajectory,5.749662365561608,0.35262341219931426,0.35262341219931426,0.349818232012412,0.06132941202102589,1.0,0.0,1.35418543013108,0.06199188203532727,0.04577798627572495,0.349818232012412,0,"[[0, 1, 2, 3, 4, 5], [0, 1, 2, 3, 4, 5], [0, 1, 2, 3, 4, 5], [0, 1, 2, 3, 4, 5]]","[true, true, true, true, true]",0,0.0,0,1,1,0.2046009169999934
figure_eight--demand_conflict,figure_eight,demand_conflict,n0_d0_m1,factorial_combination,1.0,0.0,0,1.7,1499,error_peak_dynamic,5.749662365561608,0.28606497162059263,0.28606497162059263,0.33319651180488896,0.04975335131572561,1.0,0.0,1.35418543013108,0.1190245461873797,0.08789383162677993,0.33319651180488896,1,"[[3, 4], [2, 3], [2, 3], [2, 3]]","[true, true, true, true, true]",0,0.0,0,1,1,0.1902732080000078
figure_eight--demand_conflict,figure_eight,demand_conflict,n0_d0_m1,factorial_combination,1.0,0.0,0,1.7,1499,violation_safe,5.749662365561608,0.32820228192827616,0.32820228192827616,0.3313186780425696,0.05708200952704436,1.0,0.0,1.35418543013108,0.16178053679339008,0.11946704874658881,0.3313186780425696,3,"[[2, 3], [3, 5], [2, 3], [0, 3]]","[true, true, true, true, true]",0,4.0,0,1,1,0.17287091700001156
figure_eight--demand_conflict,figure_eight,demand_conflict,n0_d0_m1,factorial_combination,1.0,0.0,0,1.7,1499,dual_anchor_dynamic,5.749662365561608,0.26934386804145205,0.26934386804145205,0.33081535895985836,0.04684516253592978,1.0,0.0,1.35418543013108,0.08292782241691002,0.06123815880140057,0.33081535895985836,1,"[[3, 4], [2, 3], [2, 3], [2, 3]]","[true, true, true, true, true]",0,4.0,0,1,1,0.22373891700004833
s_curve--neutral,s_curve,neutral,n0_d0_m1,factorial_combination,1.0,0.0,0,1.7,1423,full_trajectory,2.6548850125178145,0.16607446876885887,0.16607446876885887,0.2863764826050982,0.06255429820343095,0.8333333333333334,0.0,0.4943272368353909,0.035793370647186115,0.07240825101268933,0.2863764826050982,0,"[[0, 1, 2, 3, 4, 5], [0, 1, 2, 3, 4, 5], [0, 1, 2, 3, 4, 5], [0, 1, 2, 3, 4, 5]]","[true, true, true, true, true]",0,0.0,0,1,1,0.20387649999997848
s_curve--neutral,s_curve,neutral,n0_d0_m1,factorial_combination,1.0,0.0,0,1.7,1423,error_peak_dynamic,2.6548850125178145,0.13415886384387785,0.13415886384387785,0.2731870846084759,0.0505328340818217,0.8333333333333334,0.0,0.4943272368353909,0.06334234593730562,0.12813849049227763,0.2731870846084759,2,"[[2, 3], [2, 4], [2, 4], [1, 2]]","[true, true, true, true, true]",0,0.0,0,1,1,0.19756012499999542
s_curve--neutral,s_curve,neutral,n0_d0_m1,factorial_combination,1.0,0.0,0,1.7,1423,violation_safe,2.6548850125178145,0.1200980055017485,0.1200980055017485,0.2876380105995671,0.04523661286100338,0.8333333333333334,0.0,0.4943272368353909,0.06626979585646811,0.13406057954790726,0.2876380105995671,3,"[[2, 3], [3, 4], [1, 2], [2, 4]]","[true, true, true, true, true]",0,4.0,0,1,1,0.19984383299998854
s_curve--neutral,s_curve,neutral,n0_d0_m1,factorial_combination,1.0,0.0,0,1.7,1423,dual_anchor_dynamic,2.6548850125178145,0.13415886384387785,0.13415886384387785,0.2731870846084759,0.0505328340818217,0.8333333333333334,0.0,0.4943272368353909,0.06334234593730562,0.12813849049227763,0.2731870846084759,2,"[[2, 3], [2, 4], [2, 4], [1, 2]]","[true, true, true, true, true]",0,4.0,0,1,1,0.19845941699998093
s_curve--neutral,s_curve,neutral,n0_d0_m1,factorial_combination,1.0,0.0,0,1.7,1451,full_trajectory,5.704716037639335,1.140953850151846,1.140953850151846,0.43219852662948904,0.20000186558347668,1.0,0.16666666666666666,0.8845559029167231,0.2314427760605464,0.2616485575387491,0.43219852662948904,0,"[[0, 1, 2, 3, 4, 5], [0, 1, 2, 3, 4, 5], [0, 1, 2, 3, 4, 5], [0, 1, 2, 3, 4, 5]]","[true, true, true, true, true]",0,0.0,0,1,1,0.24606145900003185
s_curve--neutral,s_curve,neutral,n0_d0_m1,factorial_combination,1.0,0.0,0,1.7,1451,error_peak_dynamic,5.704716037639335,0.9862809905278089,0.9862809905278089,0.40352673165743774,0.17288870892440447,1.0,0.16666666666666666,0.8845559029167231,0.30240365873314173,0.3418706016612402,0.40352673165743774,2,"[[3, 4], [3, 4], [2, 4], [2, 3]]","[true, true, true, true, true]",0,0.0,0,1,1,0.2161218749999989
s_curve--neutral,s_curve,neutral,n0_d0_m1,factorial_combination,1.0,0.0,0,1.7,1451,violation_safe,5.704716037639335,0.9527626456539258,0.9527626456539258,0.40451260151927193,0.1670131588264274,1.0,0.16666666666666666,0.8845559029167231,0.3134785845581804,0.35439092489747703,0.40451260151927193,2,"[[3, 4], [3, 4], [2, 3], [2, 4]]","[true, true, true, true, true]",0,4.0,0,1,1,0.2159022079999886
s_curve--neutral,s_curve,neutral,n0_d0_m1,factorial_combination,1.0,0.0,0,1.7,1451,dual_anchor_dynamic,5.704716037639335,0.9862809905278089,0.9862809905278089,0.40352673165743774,0.17288870892440447,1.0,0.16666666666666666,0.8845559029167231,0.30240365873314173,0.3418706016612402,0.40352673165743774,2,"[[3, 4], [3, 4], [2, 4], [2, 3]]","[true, true, true, true, true]",0,4.0,0,1,1,0.21667091699998764
s_curve--neutral,s_curve,neutral,n0_d0_m1,factorial_combination,1.0,0.0,0,1.7,1471,full_trajectory,5.306202124677893,0.8970627564589742,0.8970627564589742,0.4055948894052788,0.16905928861754949,1.0,0.16666666666666666,0.8545786333861256,0.1783190566800944,0.20866313492245273,0.4055948894052788,0,"[[0, 1, 2, 3, 4, 5], [0, 1, 2, 3, 4, 5], [0, 1, 2, 3, 4, 5], [0, 1, 2, 3, 4, 5]]","[true, true, true, true, true]",0,0.0,0,1,1,0.24026116699997146
s_curve--neutral,s_curve,neutral,n0_d0_m1,factorial_combination,1.0,0.0,0,1.7,1471,error_peak_dynamic,5.306202124677893,0.7904841531156684,0.7904841531156684,0.38532792496397267,0.1489736226668248,1.0,0.16666666666666666,0.8545786333861256,0.24657493898420024,0.2885339386583866,0.38532792496397267,2,"[[3, 4], [3, 4], [2, 4], [2, 3]]","[true, true, true, true, true]",0,0.0,0,1,1,0.21936758300000747
s_curve--neutral,s_curve,neutral,n0_d0_m1,factorial_combination,1.0,0.0,0,1.7,1471,violation_safe,5.306202124677893,0.7904841531156684,0.7904841531156684,0.38532792496397267,0.1489736226668248,1.0,0.16666666666666666,0.8545786333861256,0.24657493898420024,0.2885339386583866,0.38532792496397267,2,"[[3, 4], [3, 4], [2, 4], [2, 3]]","[true, true, true, true, true]",0,4.0,0,1,1,0.22194266599996126
s_curve--neutral,s_curve,neutral,n0_d0_m1,factorial_combination,1.0,0.0,0,1.7,1471,dual_anchor_dynamic,5.306202124677893,0.7904841531156684,0.7904841531156684,0.38532792496397267,0.1489736226668248,1.0,0.16666666666666666,0.8545786333861256,0.24657493898420024,0.2885339386583866,0.38532792496397267,2,"[[3, 4], [3, 4], [2, 4], [2, 3]]","[true, true, true, true, true]",0,4.0,0,1,1,0.2202156250000371
s_curve--neutral,s_curve,neutral,n0_d0_m1,factorial_combination,1.0,0.0,0,1.7,1499,full_trajectory,3.6490334387315753,0.4659802697403957,0.4659802697403957,0.3709597188095348,0.12769964363559602,0.8333333333333334,0.0,0.6032182438793112,0.09510577323743354,0.15766395363940916,0.3709597188095348,0,"[[0, 1, 2, 3, 4, 5], [0, 1, 2, 3, 4, 5], [0, 1, 2, 3, 4, 5], [0, 1, 2, 3, 4, 5]]","[true, true, true, true, true]",0,0.0,0,1,1,0.23139287499998318
s_curve--neutral,s_curve,neutral,n0_d0_m1,factorial_combination,1.0,0.0,0,1.7,1499,error_peak_dynamic,3.6490334387315753,0.4204023129678925,0.4204023129678925,0.3605852931185572,0.1152092245868886,0.8333333333333334,0.0,0.6032182438793112,0.1494767127128006,0.2477987266292084,0.3605852931185572,2,"[[3, 4], [3, 4], [2, 4], [2, 3]]","[true, true, true, true, true]",0,0.0,0,1,1,0.20723862500000223
s_curve--neutral,s_curve,neutral,n0_d0_m1,factorial_combination,1.0,0.0,0,1.7,1499,violation_safe,3.6490334387315753,0.40307851032217407,0.40307851032217407,0.36136002624152463,0.11046172009382475,0.8333333333333334,0.0,0.6032182438793112,0.15439165324697046,0.2559465911608939,0.36136002624152463,2,"[[3, 4], [3, 4], [2, 3], [2, 4]]","[true, true, true, true, true]",0,4.0,0,1,1,0.21391833299998098
s_curve--neutral,s_curve,neutral,n0_d0_m1,factorial_combination,1.0,0.0,0,1.7,1499,dual_anchor_dynamic,3.6490334387315753,0.4204023129678925,0.4204023129678925,0.3605852931185572,0.1152092245868886,0.8333333333333334,0.0,0.6032182438793112,0.1494767127128006,0.2477987266292084,0.3605852931185572,2,"[[3, 4], [3, 4], [2, 4], [2, 3]]","[true, true, true, true, true]",0,4.0,0,1,1,0.20899850000000697
s_curve--demand_aligned,s_curve,demand_aligned,n0_d0_m1,factorial_combination,1.0,0.0,0,1.7,1423,full_trajectory,3.025108935137551,0.2678025390287894,0.2678025390287894,0.3360070693278231,0.08852657698312359,0.5,0.0,0.4943272368353909,0.035793370647186115,0.07240825101268933,0.3360070693278231,0,"[[0, 1, 2, 3, 4, 5], [0, 1, 2, 3, 4, 5], [0, 1, 2, 3, 4, 5], [0, 1, 2, 3, 4, 5]]","[true, true, true, true, true]",0,0.0,0,1,1,0.20521716600001128
s_curve--demand_aligned,s_curve,demand_aligned,n0_d0_m1,factorial_combination,1.0,0.0,0,1.7,1423,error_peak_dynamic,3.025108935137551,0.3315785830051007,0.3315785830051007,0.3650136864294221,0.10960880752217404,0.5,0.0,0.4943272368353909,0.14282331204974788,0.2889246260515228,0.3650136864294221,3,"[[2, 3], [2, 4], [1, 4], [1, 2]]","[true, true, true, true, true]",0,0.0,0,1,1,0.15662883400000283
s_curve--demand_aligned,s_curve,demand_aligned,n0_d0_m1,factorial_combination,1.0,0.0,0,1.7,1423,violation_safe,3.025108935137551,0.1811151070340494,0.1811151070340494,0.3587964113164761,0.059870606618605667,0.5,0.0,0.4943272368353909,0.15514841215374245,0.3138577051650631,0.3587964113164761,3,"[[2, 3], [2, 4], [1, 4], [2, 4]]","[true, true, true, true, true]",0,4.0,0,1,1,0.1561739160000002
s_curve--demand_aligned,s_curve,demand_aligned,n0_d0_m1,factorial_combination,1.0,0.0,0,1.7,1423,dual_anchor_dynamic,3.025108935137551,0.17243052731555153,0.17243052731555153,0.29545227029278687,0.056999774557775114,0.5,0.0,0.4943272368353909,0.06334234593730562,0.12813849049227763,0.29545227029278687,2,"[[2, 3], [2, 4], [2, 4], [1, 2]]","[true, true, true, true, true]",0,4.0,0,1,1,0.1993344170000455
s_curve--demand_aligned,s_curve,demand_aligned,n0_d0_m1,factorial_combination,1.0,0.0,0,1.7,1451,full_trajectory,7.471754285772261,1.9014017136905563,1.9014017136905563,0.4773912061560201,0.2544786192060962,0.8333333333333334,0.3333333333333333,0.8845559029167231,0.2314427760605464,0.2616485575387491,0.4773912061560201,0,"[[0, 1, 2, 3, 4, 5], [0, 1, 2, 3, 4, 5], [0, 1, 2, 3, 4, 5], [0, 1, 2, 3, 4, 5]]","[true, true, true, true, true]",0,0.0,0,1,1,0.24652995800005328
s_curve--demand_aligned,s_curve,demand_aligned,n0_d0_m1,factorial_combination,1.0,0.0,0,1.7,1451,error_peak_dynamic,7.471754285772261,1.2389638603056028,1.2389638603056028,0.3984322742859464,0.1658196740576496,0.8333333333333334,0.3333333333333333,0.8845559029167231,0.4541723645345263,0.5134467624227528,0.3984322742859464,2,"[[3, 4], [2, 4], [2, 4], [1, 2]]","[true, true, true, true, true]",0,0.0,0,1,1,0.1582691250000039
s_curve--demand_aligned,s_curve,demand_aligned,n0_d0_m1,factorial_combination,1.0,0.0,0,1.7,1451,violation_safe,7.471754285772261,1.0594477721414703,1.0594477721414703,0.3954290289753711,0.14179371157304707,0.8333333333333334,0.16666666666666666,0.8845559029167231,0.47879394469666514,0.5412817246687249,0.3954290289753711,1,"[[3, 4], [2, 4], [2, 4], [2, 4]]","[true, true, true, true, true]",0,4.0,0,1,1,0.1616246660000229
s_curve--demand_aligned,s_curve,demand_aligned,n0_d0_m1,factorial_combination,1.0,0.0,0,1.7,1451,dual_anchor_dynamic,7.471754285772261,1.3297995383371353,1.3297995383371353,0.4102264384518616,0.17797688300180642,0.8333333333333334,0.3333333333333333,0.8845559029167231,0.3001433235477732,0.3393152683262691,0.4102264384518616,2,"[[3, 4], [2, 4], [2, 4], [2, 3]]","[true, true, true, true, true]",0,4.0,0,1,1,0.22045629100000497
s_curve--demand_aligned,s_curve,demand_aligned,n0_d0_m1,factorial_combination,1.0,0.0,0,1.7,1471,full_trajectory,6.896020224932942,1.496128693418853,1.496128693418853,0.4474393035880534,0.2169553807295282,0.8333333333333334,0.16666666666666666,0.8545786333861256,0.1783190566800944,0.20866313492245273,0.4474393035880534,0,"[[0, 1, 2, 3, 4, 5], [0, 1, 2, 3, 4, 5], [0, 1, 2, 3, 4, 5], [0, 1, 2, 3, 4, 5]]","[true, true, true, true, true]",0,0.0,0,1,1,0.2472938339999473
s_curve--demand_aligned,s_curve,demand_aligned,n0_d0_m1,factorial_combination,1.0,0.0,0,1.7,1471,error_peak_dynamic,6.896020224932942,0.9229814276548567,0.9229814276548567,0.40229850213456,0.1338426219107894,0.8333333333333334,0.3333333333333333,0.8545786333861256,0.3969307910535623,0.46447544502814225,0.40229850213456,3,"[[3, 4], [2, 4], [1, 2], [2, 4]]","[true, true, true, true, true]",0,0.0,0,1,1,0.15195499999998674
s_curve--demand_aligned,s_curve,demand_aligned,n0_d0_m1,factorial_combination,1.0,0.0,0,1.7,1471,violation_safe,6.896020224932942,0.887771704460768,0.887771704460768,0.3890350390024635,0.12873681855673516,0.8333333333333334,0.16666666666666666,0.8545786333861256,0.40780390712641196,0.4771988102610954,0.3890350390024635,1,"[[3, 4], [2, 4], [2, 4], [2, 4]]","[true, true, true, true, true]",0,4.0,0,1,1,0.15759679199999255
s_curve--demand_aligned,s_curve,demand_aligned,n0_d0_m1,factorial_combination,1.0,0.0,0,1.7,1471,dual_anchor_dynamic,6.896020224932942,1.0141748658048158,1.0141748658048158,0.3920066890083301,0.14706668958684468,0.8333333333333334,0.16666666666666666,0.8545786333861256,0.2544708358452128,0.29777345922740245,0.3920066890083301,1,"[[3, 4], [2, 4], [2, 4], [2, 4]]","[true, true, true, true, true]",0,4.0,0,1,1,0.21853245800002696
s_curve--demand_aligned,s_curve,demand_aligned,n0_d0_m1,factorial_combination,1.0,0.0,0,1.7,1499,full_trajectory,4.7314865796818575,0.7760630083283805,0.7760630083283805,0.40490481317733285,0.16402096788374754,0.6666666666666666,0.16666666666666666,0.6032182438793112,0.09510577323743354,0.15766395363940916,0.40490481317733285,0,"[[0, 1, 2, 3, 4, 5], [0, 1, 2, 3, 4, 5], [0, 1, 2, 3, 4, 5], [0, 1, 2, 3, 4, 5]]","[true, true, true, true, true]",0,0.0,0,1,1,0.2321478339999885
s_curve--demand_aligned,s_curve,demand_aligned,n0_d0_m1,factorial_combination,1.0,0.0,0,1.7,1499,error_peak_dynamic,4.7314865796818575,0.9566354873076374,0.9566354873076374,0.3935140590736006,0.20218497319968326,0.6666666666666666,0.16666666666666666,0.6032182438793112,0.24923734781693016,0.41317939294090095,0.3935140590736006,3,"[[3, 4], [2, 4], [1, 2], [1, 4]]","[true, true, true, true, true]",0,0.0,0,1,1,0.14730833400000165
s_curve--demand_aligned,s_curve,demand_aligned,n0_d0_m1,factorial_combination,1.0,0.0,0,1.7,1499,violation_safe,4.7314865796818575,0.5912964681303123,0.5912964681303123,0.37215516480956623,0.12497054745320038,0.6666666666666666,0.0,0.6032182438793112,0.25384083094769055,0.42081093123980134,0.37215516480956623,2,"[[3, 4], [2, 4], [2, 4], [1, 2]]","[true, true, true, true, true]",0,4.0,0,1,1,0.16636699999997973
s_curve--demand_aligned,s_curve,demand_aligned,n0_d0_m1,factorial_combination,1.0,0.0,0,1.7,1499,dual_anchor_dynamic,4.7314865796818575,0.5443467648139131,0.5443467648139131,0.36157125433813037,0.11504772456746874,0.6666666666666666,0.0,0.6032182438793112,0.1473048843652779,0.2441983243377332,0.36157125433813037,2,"[[3, 4], [2, 4], [2, 4], [2, 3]]","[true, true, true, true, true]",0,4.0,0,1,1,0.20758004100002836
s_curve--demand_conflict,s_curve,demand_conflict,n0_d0_m1,factorial_combination,1.0,0.0,0,1.7,1423,full_trajectory,2.2792753163290604,0.146596565278592,0.146596565278592,0.28172986174002573,0.06431718196935353,0.8333333333333334,0.0,0.4943272368353909,0.035793370647186115,0.07240825101268933,0.28172986174002573,0,"[[0, 1, 2, 3, 4, 5], [0, 1, 2, 3, 4, 5], [0, 1, 2, 3, 4, 5], [0, 1, 2, 3, 4, 5]]","[true, true, true, true, true]",0,0.0,0,1,1,0.20500820800003794
s_curve--demand_conflict,s_curve,demand_conflict,n0_d0_m1,factorial_combination,1.0,0.0,0,1.7,1423,error_peak_dynamic,2.2792753163290604,0.12277863292418303,0.12277863292418303,0.2863908019970681,0.053867399012562905,0.8333333333333334,0.0,0.4943272368353909,0.08004654386440817,0.16193027189206521,0.2863908019970681,2,"[[2, 3], [2, 4], [2, 4], [1, 2]]","[true, true, true, true, true]",0,0.0,0,1,1,0.17655141599999524
s_curve--demand_conflict,s_curve,demand_conflict,n0_d0_m1,factorial_combination,1.0,0.0,0,1.7,1423,violation_safe,2.2792753163290604,0.19693407252102346,0.19693407252102346,0.3201571224939315,0.08640205556132648,0.8333333333333334,0.0,0.4943272368353909,0.11087854280356828,0.22430190881934026,0.3201571224939315,3,"[[3, 5], [3, 4], [0, 1], [2, 4]]","[true, true, true, true, true]",0,4.0,0,1,1,0.16444187499996588
s_curve--demand_conflict,s_curve,demand_conflict,n0_d0_m1,factorial_combination,1.0,0.0,0,1.7,1423,dual_anchor_dynamic,2.2792753163290604,0.12896574264133837,0.12896574264133837,0.2765686568404599,0.05658190641446823,0.8333333333333334,0.0,0.4943272368353909,0.06626979585646811,0.13406057954790726,0.2765686568404599,3,"[[2, 3], [3, 4], [1, 2], [2, 4]]","[true, true, true, true, true]",0,4.0,0,1,1,0.19945966599999565
s_curve--demand_conflict,s_curve,demand_conflict,n0_d0_m1,factorial_combination,1.0,0.0,0,1.7,1451,full_trajectory,4.042233688337716,0.6319570384240951,0.6319570384240951,0.40553490726542973,0.1563385709854826,1.0,0.0,0.8845559029167231,0.2314427760605464,0.2616485575387491,0.40553490726542973,0,"[[0, 1, 2, 3, 4, 5], [0, 1, 2, 3, 4, 5], [0, 1, 2, 3, 4, 5], [0, 1, 2, 3, 4, 5]]","[true, true, true, true, true]",0,0.0,0,1,1,0.24685645799996792
s_curve--demand_conflict,s_curve,demand_conflict,n0_d0_m1,factorial_combination,1.0,0.0,0,1.7,1451,error_peak_dynamic,4.042233688337716,0.5804402707498977,0.5804402707498977,0.3851186892625902,0.14359394223657357,1.0,0.0,0.8845559029167231,0.34640539187990876,0.3916150361301938,0.3851186892625902,2,"[[3, 4], [3, 4], [2, 4], [2, 3]]","[true, true, true, true, true]",0,0.0,0,1,1,0.2040478339999936
s_curve--demand_conflict,s_curve,demand_conflict,n0_d0_m1,factorial_combination,1.0,0.0,0,1.7,1451,violation_safe,4.042233688337716,0.5764822758671295,0.5764822758671295,0.3843519940129319,0.14261478190396157,1.0,0.0,0.8845559029167231,0.36176093299127193,0.40897464117124327,0.3843519940129319,2,"[[3, 4], [3, 4], [2, 3], [2, 4]]","[true, true, true, true, true]",0,4.0,0,1,1,0.20987066700001833
s_curve--demand_conflict,s_curve,demand_conflict,n0_d0_m1,factorial_combination,1.0,0.0,0,1.7,1451,dual_anchor_dynamic,4.042233688337716,0.561083159505094,0.561083159505094,0.3798558496161886,0.1388052257156433,1.0,0.0,0.8845559029167231,0.30240365873314173,0.3418706016612402,0.3798558496161886,2,"[[3, 4], [3, 4], [2, 4], [2, 3]]","[true, true, true, true, true]",0,4.0,0,1,1,0.2179251249999652
s_curve--demand_conflict,s_curve,demand_conflict,n0_d0_m1,factorial_combination,1.0,0.0,0,1.7,1471,full_trajectory,3.819939152460424,0.49718466353238994,0.49718466353238994,0.3818561419880722,0.13015512647947627,1.0,0.0,0.8545786333861256,0.1783190566800944,0.20866313492245273,0.3818561419880722,0,"[[0, 1, 2, 3, 4, 5], [0, 1, 2, 3, 4, 5], [0, 1, 2, 3, 4, 5], [0, 1, 2, 3, 4, 5]]","[true, true, true, true, true]",0,0.0,0,1,1,0.24105408300005138
s_curve--demand_conflict,s_curve,demand_conflict,n0_d0_m1,factorial_combination,1.0,0.0,0,1.7,1471,error_peak_dynamic,3.819939152460424,0.4905704810091334,0.4905704810091334,0.3725963487248443,0.12842363750562802,1.0,0.0,0.8545786333861256,0.2880108020633826,0.3370208320353011,0.3725963487248443,2,"[[3, 4], [3, 4], [2, 4], [2, 3]]","[true, true, true, true, true]",0,0.0,0,1,1,0.19603808300001901
s_curve--demand_conflict,s_curve,demand_conflict,n0_d0_m1,factorial_combination,1.0,0.0,0,1.7,1471,violation_safe,3.819939152460424,0.4691104580606197,0.4691104580606197,0.3724031902963908,0.12280574096539351,1.0,0.0,0.8545786333861256,0.2999060061346218,0.3509402112551003,0.3724031902963908,2,"[[3, 4], [3, 4], [2, 3], [2, 4]]","[true, true, true, true, true]",0,4.0,0,1,1,0.2004116250000152
s_curve--demand_conflict,s_curve,demand_conflict,n0_d0_m1,factorial_combination,1.0,0.0,0,1.7,1471,dual_anchor_dynamic,3.819939152460424,0.4504157244553638,0.4504157244553638,0.36404126227073547,0.11791175368991176,1.0,0.0,0.8545786333861256,0.24657493898420024,0.2885339386583866,0.36404126227073547,2,"[[3, 4], [3, 4], [2, 4], [2, 3]]","[true, true, true, true, true]",0,4.0,0,1,1,0.2206627080000203
s_curve--demand_conflict,s_curve,demand_conflict,n0_d0_m1,factorial_combination,1.0,0.0,0,1.7,1499,full_trajectory,2.7235066217366377,0.2590511169523542,0.2590511169523542,0.3508155003901622,0.09511675678877948,0.8333333333333334,0.0,0.6032182438793112,0.09510577323743354,0.15766395363940916,0.3508155003901622,0,"[[0, 1, 2, 3, 4, 5], [0, 1, 2, 3, 4, 5], [0, 1, 2, 3, 4, 5], [0, 1, 2, 3, 4, 5]]","[true, true, true, true, true]",0,0.0,0,1,1,0.23130554200002962
s_curve--demand_conflict,s_curve,demand_conflict,n0_d0_m1,factorial_combination,1.0,0.0,0,1.7,1499,error_peak_dynamic,2.7235066217366377,0.27886918187062787,0.27886918187062787,0.348703981475338,0.10239342898781262,0.8333333333333334,0.0,0.6032182438793112,0.1810494862314863,0.3001392747459902,0.348703981475338,2,"[[3, 4], [3, 4], [2, 4], [2, 3]]","[true, true, true, true, true]",0,0.0,0,1,1,0.17804191599998376
s_curve--demand_conflict,s_curve,demand_conflict,n0_d0_m1,factorial_combination,1.0,0.0,0,1.7,1499,violation_safe,2.7235066217366377,0.26404070430415355,0.26404070430415355,0.3488359366250518,0.09694880203220825,0.8333333333333334,0.0,0.6032182438793112,0.1875201392987752,0.3108661603018314,0.3488359366250518,2,"[[3, 4], [3, 4], [2, 3], [2, 4]]","[true, true, true, true, true]",0,4.0,0,1,1,0.18473087500001384
s_curve--demand_conflict,s_curve,demand_conflict,n0_d0_m1,factorial_combination,1.0,0.0,0,1.7,1499,dual_anchor_dynamic,2.7235066217366377,0.24720641669724525,0.24720641669724525,0.33793108029148194,0.09076769438497441,0.8333333333333334,0.0,0.6032182438793112,0.1494767127128006,0.2477987266292084,0.33793108029148194,2,"[[3, 4], [3, 4], [2, 4], [2, 3]]","[true, true, true, true, true]",0,4.0,0,1,1,0.208658000000014
harmonic_loop--neutral,harmonic_loop,neutral,n1_d1_m0,factorial_combination,2.0,0.05,4,1.0,1423,full_trajectory,12.095974503412293,3.395654766824979,3.395654766824979,0.45289055955054236,0.2807260188806664,0.8333333333333334,0.6666666666666666,2.09389930381773,0.6040935696425092,0.28850172906647775,0.4551899794967993,0,"[[0, 1, 2, 3, 4, 5], [0, 1, 2, 3, 4, 5], [0, 1, 2, 3, 4, 5], [0, 1, 2, 3, 4, 5]]","[true, true, true, true, true]",0,0.0,0,1,1,0.39051833399997804
harmonic_loop--neutral,harmonic_loop,neutral,n1_d1_m0,factorial_combination,2.0,0.05,4,1.0,1423,error_peak_dynamic,12.095974503412293,3.1027169288649006,3.1027169288649006,0.42075899504240144,0.2565082232927673,0.8333333333333334,0.6666666666666666,2.09389930381773,0.6223662906203589,0.29722837649624373,0.423308415850956,3,"[[2, 3], [2, 4], [3, 4], [2, 4]]","[true, true, true, true, true]",0,0.0,0,1,1,0.2842166249999991
harmonic_loop--neutral,harmonic_loop,neutral,n1_d1_m0,factorial_combination,2.0,0.05,4,1.0,1423,violation_safe,12.095974503412293,2.3035910879736035,2.3035910879736035,0.41250081542378264,0.19044278634381684,0.8333333333333334,0.6666666666666666,2.09389930381773,0.6347783465752767,0.3031560999222401,0.41515281509936725,2,"[[2, 3], [2, 4], [3, 4], [3, 4]]","[true, true, true, true, true]",0,4.0,0,1,1,0.2824538330000337
harmonic_loop--neutral,harmonic_loop,neutral,n1_d1_m0,factorial_combination,2.0,0.05,4,1.0,1423,dual_anchor_dynamic,12.095974503412293,2.87115116358477,3.1027169288649006,0.42075899504240144,0.23736418779444465,0.8333333333333334,0.6666666666666666,2.09389930381773,0.6925963135752145,0.33076868229165984,0.423308415850956,3,"[[2, 3], [2, 4], [3, 4], [2, 4]]","[true, true, true, true, false]",1,2.0,0,1,1,0.2863070409999864
harmonic_loop--neutral,harmonic_loop,neutral,n1_d1_m0,factorial_combination,2.0,0.05,4,1.0,1451,full_trajectory,19.97094389779431,14.24351035309649,14.24351035309649,0.7760798540583396,0.7132116752213006,1.0,0.8333333333333334,2.816198547426528,1.96593765599904,0.6980820502856713,0.7738468625804766,0,"[[0, 1, 2, 3, 4, 5], [0, 1, 2, 3, 4, 5], [0, 1, 2, 3, 4, 5], [0, 1, 2, 3, 4, 5]]","[true, true, true, true, true]",0,0.0,0,1,1,0.38190145800001574
harmonic_loop--neutral,harmonic_loop,neutral,n1_d1_m0,factorial_combination,2.0,0.05,4,1.0,1451,error_peak_dynamic,19.97094389779431,14.498738926654958,14.498738926654958,0.7677140055197458,0.7259916707420259,1.0,0.8333333333333334,2.816198547426528,2.0543067784833138,0.7294609182866602,0.7655792107663543,1,"[[2, 3], [2, 3], [1, 3], [1, 3]]","[true, true, true, true, true]",0,0.0,0,1,1,0.34648583400002053
harmonic_loop--neutral,harmonic_loop,neutral,n1_d1_m0,factorial_combination,2.0,0.05,4,1.0,1451,violation_safe,19.97094389779431,13.319435042797458,14.123716227177836,0.7490379905652262,0.6669406869781714,1.0,0.8333333333333334,2.816198547426528,2.042221088757362,0.7251694276398108,0.7469461087237804,2,"[[2, 3], [3, 4], [1, 3], [1, 3]]","[true, true, true, false, false]",2,1.0,0,1,1,0.33004199999999173
harmonic_loop--neutral,harmonic_loop,neutral,n1_d1_m0,factorial_combination,2.0,0.05,4,1.0,1451,dual_anchor_dynamic,19.97094389779431,14.19851168865171,14.549038819149335,0.7680288372369632,0.7109584685288642,1.0,0.6666666666666666,2.816198547426528,2.071445835882748,0.7355468021868192,0.7658902538366902,1,"[[2, 3], [2, 3], [1, 3], [1, 3]]","[true, true, true, false, false]",2,1.0,0,1,1,0.3748225839999577
harmonic_loop--neutral,harmonic_loop,neutral,n1_d1_m0,factorial_combination,2.0,0.05,4,1.0,1471,full_trajectory,16.482271202651393,9.618754064779564,9.618754064779564,0.682700743146619,0.5835818344763226,0.6666666666666666,0.6666666666666666,2.335694367094855,1.4069346195680006,0.60236246633499,0.6818422498777827,0,"[[0, 1, 2, 3, 4, 5], [0, 1, 2, 3, 4, 5], [0, 1, 2, 3, 4, 5], [0, 1, 2, 3, 4, 5]]","[true, true, true, true, true]",0,0.0,0,1,1,0.35071679200001427
harmonic_loop--neutral,harmonic_loop,neutral,n1_d1_m0,factorial_combination,2.0,0.05,4,1.0,1471,error_peak_dynamic,16.482271202651393,9.686427526400811,9.686427526400811,0.6679647129126446,0.5876876679982441,0.6666666666666666,0.8333333333333334,2.335694367094855,1.5323962671119324,0.6560773912461554,0.6664039458866124,2,"[[2, 3], [2, 3], [3, 4], [1, 3]]","[true, true, true, true, true]",0,0.0,0,1,1,0.3184047089999922
harmonic_loop--neutral,harmonic_loop,neutral,n1_d1_m0,factorial_combination,2.0,0.05,4,1.0,1471,violation_safe,16.482271202651393,9.40004631366833,9.922037861785313,0.6685936969094975,0.5703125617879778,0.6666666666666666,0.6666666666666666,2.335694367094855,1.5669616210214656,0.6708761399165671,0.6671309651897939,2,"[[2, 3], [3, 4], [1, 3], [1, 3]]","[true, true, true, false, false]",2,1.0,0,1,1,0.34066558299997496
harmonic_loop--neutral,harmonic_loop,neutral,n1_d1_m0,factorial_combination,2.0,0.05,4,1.0,1471,dual_anchor_dynamic,16.482271202651393,9.169314489528647,9.686427526400811,0.6679647129126446,0.5563137735565011,0.6666666666666666,0.6666666666666666,2.335694367094855,1.5269967016215253,0.6537656309548793,0.6664039458866124,2,"[[2, 3], [2, 3], [3, 4], [1, 3]]","[true, true, true, true, false]",1,2.0,0,1,1,0.32171466699998064
harmonic_loop--neutral,harmonic_loop,neutral,n1_d1_m0,factorial_combination,2.0,0.05,4,1.0,1499,full_trajectory,13.477293913694618,5.883990658507866,5.883990658507866,0.5802611750555595,0.43658546709655077,0.8333333333333334,0.6666666666666666,1.957394937333305,0.9801839846004512,0.5007594358733879,0.5791196320181666,0,"[[0, 1, 2, 3, 4, 5], [0, 1, 2, 3, 4, 5], [0, 1, 2, 3, 4, 5], [0, 1, 2, 3, 4, 5]]","[true, true, true, true, true]",0,0.0,0,1,1,0.30851837500000556
harmonic_loop--neutral,harmonic_loop,neutral,n1_d1_m0,factorial_combination,2.0,0.05,4,1.0,1499,error_peak_dynamic,13.477293913694618,5.764077927736414,5.764077927736414,0.565528884077083,0.4276880777883303,0.8333333333333334,0.8333333333333334,1.957394937333305,1.0994966970608837,0.5617142846802313,0.5653500685248793,2,"[[2, 3], [2, 3], [3, 4], [1, 3]]","[true, true, true, true, true]",0,0.0,0,1,1,0.2975332919999687
harmonic_loop--neutral,harmonic_loop,neutral,n1_d1_m0,factorial_combination,2.0,0.05,4,1.0,1499,violation_safe,13.477293913694618,5.603359624803696,5.603359624803696,0.5570054179927695,0.4157629610726216,0.8333333333333334,0.8333333333333334,1.957394937333305,1.09452243272296,0.5591730170785584,0.5563645354638257,3,"[[2, 3], [3, 4], [2, 3], [3, 4]]","[true, true, true, true, true]",0,4.0,0,1,1,0.3016087499999571
harmonic_loop--neutral,harmonic_loop,neutral,n1_d1_m0,factorial_combination,2.0,0.05,4,1.0,1499,dual_anchor_dynamic,13.477293913694618,5.764077927736414,5.764077927736414,0.565528884077083,0.4276880777883303,0.8333333333333334,0.8333333333333334,1.957394937333305,1.0994966970608837,0.5617142846802313,0.5653500685248793,2,"[[2, 3], [2, 3], [3, 4], [1, 3]]","[true, true, true, true, true]",0,4.0,0,1,1,0.3004349169999614
harmonic_loop--demand_aligned,harmonic_loop,demand_aligned,n1_d1_m0,factorial_combination,2.0,0.05,4,1.0,1423,full_trajectory,17.265364493672827,4.85521774475567,4.85521774475567,0.4365822530582594,0.28121142455665754,0.8333333333333334,0.6666666666666666,2.09389930381773,0.6015219323492937,0.28727357196812703,0.4350414143631178,0,"[[0, 1, 2, 3, 4, 5], [0, 1, 2, 3, 4, 5], [0, 1, 2, 3, 4, 5], [0, 1, 2, 3, 4, 5]]","[true, true, true, true, true]",0,0.0,0,1,1,0.3137338330000148
harmonic_loop--demand_aligned,harmonic_loop,demand_aligned,n1_d1_m0,factorial_combination,2.0,0.05,4,1.0,1423,error_peak_dynamic,17.265364493672827,4.073326570812769,4.073326570812769,0.4553139169280102,0.2359247366196935,0.8333333333333334,0.8333333333333334,2.09389930381773,0.909896823134895,0.43454659996109335,0.4543484167374356,3,"[[2, 3], [1, 4], [2, 3], [3, 4]]","[true, true, true, true, true]",0,0.0,0,1,1,0.20658883300001207
harmonic_loop--demand_aligned,harmonic_loop,demand_aligned,n1_d1_m0,factorial_combination,2.0,0.05,4,1.0,1423,violation_safe,17.265364493672827,3.631470650549909,3.631470650549909,0.4210309103384575,0.210332695372908,0.8333333333333334,0.8333333333333334,2.09389930381773,1.0443203200563183,0.49874428925605313,0.42064478688904244,2,"[[2, 3], [2, 3], [1, 3], [3, 4]]","[true, true, true, true, true]",0,4.0,0,1,1,0.20832808400001568
harmonic_loop--demand_aligned,harmonic_loop,demand_aligned,n1_d1_m0,factorial_combination,2.0,0.05,4,1.0,1423,dual_anchor_dynamic,17.265364493672827,2.983380966911329,2.983380966911329,0.38146418811836413,0.17279571294336923,0.8333333333333334,0.6666666666666666,2.09389930381773,0.6438755440035224,0.307500720225451,0.38034079248564906,1,"[[2, 3], [2, 3], [3, 4], [3, 4]]","[true, true, true, true, true]",0,4.0,0,1,1,0.34027908399997386
harmonic_loop--demand_aligned,harmonic_loop,demand_aligned,n1_d1_m0,factorial_combination,2.0,0.05,4,1.0,1451,full_trajectory,33.58673132743111,23.326900234657636,23.326900234657636,0.7659943798091078,0.6945272526596235,0.6666666666666666,0.6666666666666666,2.816198547426528,1.964982359497562,0.6977428353882164,0.7644720995263212,0,"[[0, 1, 2, 3, 4, 5], [0, 1, 2, 3, 4, 5], [0, 1, 2, 3, 4, 5], [0, 1, 2, 3, 4, 5]]","[true, true, true, true, true]",0,0.0,0,1,1,0.3649298750000298
harmonic_loop--demand_aligned,harmonic_loop,demand_aligned,n1_d1_m0,factorial_combination,2.0,0.05,4,1.0,1451,error_peak_dynamic,33.58673132743111,18.733129342644908,18.733129342644908,0.6661559999968044,0.5577538689317201,0.6666666666666666,0.6666666666666666,2.816198547426528,2.123206065424447,0.75392626963914,0.6650269861307068,2,"[[2, 3], [1, 3], [1, 3], [2, 3]]","[true, true, true, true, true]",0,0.0,0,1,1,0.3473173749999887
harmonic_loop--demand_aligned,harmonic_loop,demand_aligned,n1_d1_m0,factorial_combination,2.0,0.05,4,1.0,1451,violation_safe,33.58673132743111,18.74616382344208,18.733129342644908,0.6661559999968044,0.5581419531626655,0.6666666666666666,0.6666666666666666,2.816198547426528,2.1162769518814075,0.7514658204107391,0.6650269861307068,2,"[[2, 3], [1, 3], [1, 3], [2, 3]]","[true, true, true, true, false]",1,2.0,0,1,1,0.348320708000017
harmonic_loop--demand_aligned,harmonic_loop,demand_aligned,n1_d1_m0,factorial_combination,2.0,0.05,4,1.0,1451,dual_anchor_dynamic,33.58673132743111,24.341402968452286,24.48741227429543,0.7724187039850883,0.7247327145696987,0.6666666666666666,0.6666666666666666,2.816198547426528,2.0877863064613016,0.7413491170106393,0.7708897924856953,1,"[[2, 3], [1, 3], [1, 3], [1, 3]]","[true, true, true, false, false]",2,1.0,0,1,1,0.3540485409999974
harmonic_loop--demand_aligned,harmonic_loop,demand_aligned,n1_d1_m0,factorial_combination,2.0,0.05,4,1.0,1471,full_trajectory,27.678714750039617,15.551852831011207,15.551852831011207,0.6692382704399212,0.56187048320186,0.6666666666666666,0.6666666666666666,2.335694367094855,1.4051013118181817,0.6015775572408695,0.6684936374463645,0,"[[0, 1, 2, 3, 4, 5], [0, 1, 2, 3, 4, 5], [0, 1, 2, 3, 4, 5], [0, 1, 2, 3, 4, 5]]","[true, true, true, true, true]",0,0.0,0,1,1,0.3476182500000391
harmonic_loop--demand_aligned,harmonic_loop,demand_aligned,n1_d1_m0,factorial_combination,2.0,0.05,4,1.0,1471,error_peak_dynamic,27.678714750039617,13.868606451507468,13.868606451507468,0.6192001375010092,0.5010567353560959,0.6666666666666666,0.6666666666666666,2.335694367094855,1.7582124105723627,0.7527579101709414,0.6183491233673152,2,"[[2, 3], [1, 3], [1, 3], [2, 3]]","[true, true, true, true, true]",0,0.0,0,1,1,0.2755095420000089
harmonic_loop--demand_aligned,harmonic_loop,demand_aligned,n1_d1_m0,factorial_combination,2.0,0.05,4,1.0,1471,violation_safe,27.678714750039617,13.003094733707446,13.003094733707446,0.6148597439318824,0.46978679650177163,0.6666666666666666,0.6666666666666666,2.335694367094855,1.7428561843771895,0.7461833230111181,0.6140363708661964,3,"[[2, 3], [1, 3], [2, 3], [1, 3]]","[true, true, true, true, true]",0,4.0,0,1,1,0.27433849999999893
harmonic_loop--demand_aligned,harmonic_loop,demand_aligned,n1_d1_m0,factorial_combination,2.0,0.05,4,1.0,1471,dual_anchor_dynamic,27.678714750039617,15.282691127115566,16.120399554552222,0.6662075897004371,0.5521459816732889,0.6666666666666666,0.6666666666666666,2.335694367094855,1.5230845324878763,0.652090681873885,0.6653783262151713,2,"[[2, 3], [2, 3], [3, 4], [1, 3]]","[true, true, true, true, false]",1,2.0,0,1,1,0.31682633399998394
harmonic_loop--demand_aligned,harmonic_loop,demand_aligned,n1_d1_m0,factorial_combination,2.0,0.05,4,1.0,1499,full_trajectory,22.525302196744278,9.282985923376415,9.282985923376415,0.5620717805586588,0.4121137129391384,0.6666666666666666,0.6666666666666666,1.957394937333305,0.9804265560053564,0.5008833615055016,0.56230336547184,0,"[[0, 1, 2, 3, 4, 5], [0, 1, 2, 3, 4, 5], [0, 1, 2, 3, 4, 5], [0, 1, 2, 3, 4, 5]]","[true, true, true, true, true]",0,0.0,0,1,1,0.3000371670000277
harmonic_loop--demand_aligned,harmonic_loop,demand_aligned,n1_d1_m0,factorial_combination,2.0,0.05,4,1.0,1499,error_peak_dynamic,22.525302196744278,8.086895964299128,8.086895964299128,0.5235664001850092,0.3590138722075825,0.6666666666666666,0.6666666666666666,1.957394937333305,1.4139181372222378,0.7223468857789714,0.5239595688789027,3,"[[2, 3], [1, 3], [3, 4], [2, 3]]","[true, true, true, true, true]",0,0.0,0,1,1,0.23019141700001455
harmonic_loop--demand_aligned,harmonic_loop,demand_aligned,n1_d1_m0,factorial_combination,2.0,0.05,4,1.0,1499,violation_safe,22.525302196744278,8.414325251657312,8.414325251657312,0.5383772529096037,0.3735499385608015,0.6666666666666666,0.6666666666666666,1.957394937333305,1.3888336026241408,0.7095316208982563,0.5386762226532427,3,"[[2, 3], [1, 3], [2, 3], [1, 3]]","[true, true, true, true, true]",0,4.0,0,1,1,0.24644941600001857
harmonic_loop--demand_aligned,harmonic_loop,demand_aligned,n1_d1_m0,factorial_combination,2.0,0.05,4,1.0,1499,dual_anchor_dynamic,22.525302196744278,9.426626605978191,9.394284119060485,0.5590123390975615,0.41849057223039965,0.6666666666666666,0.6666666666666666,1.957394937333305,1.146291669804919,0.5856210455752949,0.5595102431838445,2,"[[2, 3], [2, 3], [3, 4], [1, 3]]","[true, true, true, true, false]",1,2.0,0,1,1,0.3033409579999784
harmonic_loop--demand_conflict,harmonic_loop,demand_conflict,n1_d1_m0,factorial_combination,2.0,0.05,4,1.0,1423,full_trajectory,8.36905047081499,3.3600517113957196,3.3600517113957196,0.5578123017610794,0.4014854161906509,0.8333333333333334,0.6666666666666666,2.09389930381773,0.6035160680122277,0.2882259270595577,0.5617481723446744,0,"[[0, 1, 2, 3, 4, 5], [0, 1, 2, 3, 4, 5], [0, 1, 2, 3, 4, 5], [0, 1, 2, 3, 4, 5]]","[true, true, true, true, true]",0,0.0,0,1,1,0.3135595419999504
harmonic_loop--demand_conflict,harmonic_loop,demand_conflict,n1_d1_m0,factorial_combination,2.0,0.05,4,1.0,1423,error_peak_dynamic,8.36905047081499,2.4116050807438176,2.4116050807438176,0.5321808900529852,0.288157550149052,0.8333333333333334,0.8333333333333334,2.09389930381773,0.6999210506711349,0.3342668147388914,0.5362561159624578,3,"[[2, 3], [2, 4], [1, 3], [3, 4]]","[true, true, true, true, true]",0,0.0,0,1,1,0.2593626249999943
harmonic_loop--demand_conflict,harmonic_loop,demand_conflict,n1_d1_m0,factorial_combination,2.0,0.05,4,1.0,1423,violation_safe,8.36905047081499,2.2021695112246276,2.2021695112246276,0.48134951214504795,0.2631325404123387,0.8333333333333334,0.6666666666666666,2.09389930381773,0.7381696019802428,0.3525334769605994,0.48449984316868344,3,"[[2, 4], [3, 4], [1, 2], [3, 4]]","[true, true, true, true, true]",0,4.0,0,1,1,0.2300370419999922
harmonic_loop--demand_conflict,harmonic_loop,demand_conflict,n1_d1_m0,factorial_combination,2.0,0.05,4,1.0,1423,dual_anchor_dynamic,8.36905047081499,2.175407756555878,2.175407756555878,0.5094331022296714,0.2599348353964501,0.8333333333333334,0.8333333333333334,2.09389930381773,0.6271675894350895,0.2995213706273257,0.5141795048480061,3,"[[2, 3], [2, 4], [3, 4], [2, 4]]","[true, true, true, true, true]",0,4.0,0,1,1,0.29471916699998246
harmonic_loop--demand_conflict,harmonic_loop,demand_conflict,n1_d1_m0,factorial_combination,2.0,0.05,4,1.0,1451,full_trajectory,10.9482279855096,9.16471366111589,9.16471366111589,0.8236197834311187,0.8370956170483241,1.0,1.0,2.816198547426528,1.9650271177795506,0.6977587285439136,0.8214235494787412,0,"[[0, 1, 2, 3, 4, 5], [0, 1, 2, 3, 4, 5], [0, 1, 2, 3, 4, 5], [0, 1, 2, 3, 4, 5]]","[true, true, true, true, true]",0,0.0,0,1,1,0.37109175000000505
harmonic_loop--demand_conflict,harmonic_loop,demand_conflict,n1_d1_m0,factorial_combination,2.0,0.05,4,1.0,1451,error_peak_dynamic,10.9482279855096,7.937140077651802,7.937140077651802,0.787507661194941,0.7249702954813245,1.0,0.8333333333333334,2.816198547426528,2.033585644410991,0.722103079795032,0.7850665674258694,1,"[[2, 3], [1, 3], [1, 3], [1, 3]]","[true, true, true, true, true]",0,0.0,0,1,1,0.33353562500002454
harmonic_loop--demand_conflict,harmonic_loop,demand_conflict,n1_d1_m0,factorial_combination,2.0,0.05,4,1.0,1451,violation_safe,10.9482279855096,7.012740751261015,7.803289235095662,0.7236546759478456,0.6405366019544575,1.0,1.0,2.816198547426528,1.9810094822325357,0.7034338839648941,0.7215242674681179,3,"[[3, 4], [2, 3], [3, 4], [1, 3]]","[true, true, true, true, false]",1,2.0,0,1,1,0.31088337500000307
harmonic_loop--demand_conflict,harmonic_loop,demand_conflict,n1_d1_m0,factorial_combination,2.0,0.05,4,1.0,1451,dual_anchor_dynamic,10.9482279855096,7.815905901899994,8.07926429384936,0.7733877373793451,0.7138968892723685,1.0,1.0,2.816198547426528,2.0721143512560634,0.7357841843749203,0.7711064678331276,1,"[[2, 3], [2, 3], [1, 3], [1, 3]]","[true, true, true, false, false]",2,1.0,0,1,1,0.3722866670000258
harmonic_loop--demand_conflict,harmonic_loop,demand_conflict,n1_d1_m0,factorial_combination,2.0,0.05,4,1.0,1471,full_trajectory,9.063728958554027,7.036243270484307,7.036243270484307,0.7784439802979848,0.7763077760444005,1.0,0.8333333333333334,2.335694367094855,1.4038631867082327,0.601047468575421,0.7832450664420818,0,"[[0, 1, 2, 3, 4, 5], [0, 1, 2, 3, 4, 5], [0, 1, 2, 3, 4, 5], [0, 1, 2, 3, 4, 5]]","[true, true, true, true, true]",0,0.0,0,1,1,0.3487006249999922
harmonic_loop--demand_conflict,harmonic_loop,demand_conflict,n1_d1_m0,factorial_combination,2.0,0.05,4,1.0,1471,error_peak_dynamic,9.063728958554027,5.427123400704901,5.427123400704901,0.6804095955606562,0.5987737966924722,1.0,0.8333333333333334,2.335694367094855,1.514786887984298,0.648538143228215,0.6827952679906107,2,"[[2, 3], [2, 3], [3, 4], [1, 3]]","[true, true, true, true, true]",0,0.0,0,1,1,0.28269566599999507
harmonic_loop--demand_conflict,harmonic_loop,demand_conflict,n1_d1_m0,factorial_combination,2.0,0.05,4,1.0,1471,violation_safe,9.063728958554027,4.948964814807664,5.435803251817989,0.6493167491808834,0.5460186240605757,1.0,0.8333333333333334,2.335694367094855,1.536982682696285,0.6580410109940837,0.6515900553187073,3,"[[3, 4], [2, 3], [3, 4], [1, 3]]","[true, true, true, true, false]",1,2.0,0,1,1,0.26435800000001564
harmonic_loop--demand_conflict,harmonic_loop,demand_conflict,n1_d1_m0,factorial_combination,2.0,0.05,4,1.0,1471,dual_anchor_dynamic,9.063728958554027,5.138554999010421,5.471298472311394,0.6783932603420635,0.5669360836480922,1.0,0.8333333333333334,2.335694367094855,1.523339676988873,0.6521999189832394,0.6808249685080551,2,"[[2, 3], [2, 3], [3, 4], [1, 3]]","[true, true, true, true, false]",1,2.0,0,1,1,0.3233897499999898
harmonic_loop--demand_conflict,harmonic_loop,demand_conflict,n1_d1_m0,factorial_combination,2.0,0.05,4,1.0,1499,full_trajectory,7.485852151748311,5.393064392193318,5.393064392193318,0.7417109731973833,0.7204342649131501,1.0,0.6666666666666666,1.957394937333305,0.9834162742331609,0.5024107580317629,0.7425923629217566,0,"[[0, 1, 2, 3, 4, 5], [0, 1, 2, 3, 4, 5], [0, 1, 2, 3, 4, 5], [0, 1, 2, 3, 4, 5]]","[true, true, true, true, true]",0,0.0,0,1,1,0.3007475830000317
harmonic_loop--demand_conflict,harmonic_loop,demand_conflict,n1_d1_m0,factorial_combination,2.0,0.05,4,1.0,1499,error_peak_dynamic,7.485852151748311,3.988133295201891,3.988133295201891,0.6080270124663253,0.5327560863288581,1.0,0.8333333333333334,1.957394937333305,1.0995065654435996,0.5617193262702179,0.6128761180277281,2,"[[2, 3], [2, 3], [3, 4], [1, 3]]","[true, true, true, true, true]",0,0.0,0,1,1,0.2593125419999751
harmonic_loop--demand_conflict,harmonic_loop,demand_conflict,n1_d1_m0,factorial_combination,2.0,0.05,4,1.0,1499,violation_safe,7.485852151748311,2.967649489610767,2.967649489610767,0.5494078531126286,0.3964344244920301,1.0,0.8333333333333334,1.957394937333305,1.1138876701958607,0.5690663896951665,0.553461281762379,2,"[[3, 4], [2, 3], [3, 4], [3, 4]]","[true, true, true, true, true]",0,4.0,0,1,1,0.314012708000007
harmonic_loop--demand_conflict,harmonic_loop,demand_conflict,n1_d1_m0,factorial_combination,2.0,0.05,4,1.0,1499,dual_anchor_dynamic,7.485852151748311,3.2357686905011063,3.2357686905011063,0.6028799718285973,0.43225121534699246,1.0,0.8333333333333334,1.957394937333305,1.1037618660796291,0.5638932874646956,0.6084896042722318,1,"[[2, 3], [2, 3], [3, 4], [3, 4]]","[true, true, true, true, true]",0,4.0,0,1,1,0.315951167000037
ellipse--neutral,ellipse,neutral,n1_d1_m0,factorial_combination,2.0,0.05,4,1.0,1423,full_trajectory,11.12300980065569,1.8338880566787883,1.8338880566787883,0.3691413214100502,0.16487336517231896,0.8333333333333334,0.3333333333333333,2.019886485873138,0.23917427629392501,0.11840976112602535,0.3721581485023768,0,"[[0, 1, 2, 3, 4, 5], [0, 1, 2, 3, 4, 5], [0, 1, 2, 3, 4, 5], [0, 1, 2, 3, 4, 5]]","[true, true, true, true, true]",0,0.0,0,1,1,0.2550805000000196
ellipse--neutral,ellipse,neutral,n1_d1_m0,factorial_combination,2.0,0.05,4,1.0,1423,error_peak_dynamic,11.12300980065569,1.7442927472894836,1.7442927472894836,0.3705288063851008,0.1568184132308019,0.8333333333333334,0.3333333333333333,2.019886485873138,0.2693689089002554,0.13335843909258846,0.37379478662714816,0,"[[2, 3], [2, 3], [2, 3], [2, 3]]","[true, true, true, true, true]",0,0.0,0,1,1,0.2733058329999949
ellipse--neutral,ellipse,neutral,n1_d1_m0,factorial_combination,2.0,0.05,4,1.0,1423,violation_safe,11.12300980065569,1.7442927472894836,1.7442927472894836,0.3705288063851008,0.1568184132308019,0.8333333333333334,0.3333333333333333,2.019886485873138,0.2693689089002554,0.13335843909258846,0.37379478662714816,0,"[[2, 3], [2, 3], [2, 3], [2, 3]]","[true, true, true, true, true]",0,4.0,0,1,1,0.2763018329999909
ellipse--neutral,ellipse,neutral,n1_d1_m0,factorial_combination,2.0,0.05,4,1.0,1423,dual_anchor_dynamic,11.12300980065569,1.7442927472894836,1.7442927472894836,0.3705288063851008,0.1568184132308019,0.8333333333333334,0.3333333333333333,2.019886485873138,0.2693689089002554,0.13335843909258846,0.37379478662714816,0,"[[2, 3], [2, 3], [2, 3], [2, 3]]","[true, true, true, true, true]",0,4.0,0,1,1,0.27386387500001774
ellipse--neutral,ellipse,neutral,n1_d1_m0,factorial_combination,2.0,0.05,4,1.0,1451,full_trajectory,12.81745725354719,0.7485332969858074,0.7485332969858074,0.3376214376145916,0.05839951576812579,0.6666666666666666,0.0,2.319647851352849,0.16598521481642003,0.07155621260339809,0.3386512802000048,0,"[[0, 1, 2, 3, 4, 5], [0, 1, 2, 3, 4, 5], [0, 1, 2, 3, 4, 5], [0, 1, 2, 3, 4, 5]]","[true, true, true, true, true]",0,0.0,0,1,1,0.24583966699998427
ellipse--neutral,ellipse,neutral,n1_d1_m0,factorial_combination,2.0,0.05,4,1.0,1451,error_peak_dynamic,12.81745725354719,0.7919183311760303,0.7919183311760303,0.322715523393082,0.06178435515803023,0.6666666666666666,0.0,2.319647851352849,0.16963781939594016,0.07313085014046644,0.3247322111535531,1,"[[3, 4], [3, 4], [3, 4], [2, 3]]","[true, true, true, true, true]",0,0.0,0,1,1,0.24203304100001333
ellipse--neutral,ellipse,neutral,n1_d1_m0,factorial_combination,2.0,0.05,4,1.0,1451,violation_safe,12.81745725354719,0.7551400507234204,0.7551400507234204,0.3223568496744469,0.05891496540894941,0.6666666666666666,0.0,2.319647851352849,0.17313054314330228,0.0746365630637988,0.3243707484429879,1,"[[3, 4], [3, 4], [3, 4], [1, 2]]","[true, true, true, true, true]",0,4.0,0,1,1,0.2352467919999981
ellipse--neutral,ellipse,neutral,n1_d1_m0,factorial_combination,2.0,0.05,4,1.0,1451,dual_anchor_dynamic,12.81745725354719,0.7919183311760303,0.7919183311760303,0.322715523393082,0.06178435515803023,0.6666666666666666,0.0,2.319647851352849,0.16963781939594016,0.07313085014046644,0.3247322111535531,1,"[[3, 4], [3, 4], [3, 4], [2, 3]]","[true, true, true, true, true]",0,4.0,0,1,1,0.24325329099997361
ellipse--neutral,ellipse,neutral,n1_d1_m0,factorial_combination,2.0,0.05,4,1.0,1471,full_trajectory,10.639718263337578,0.5218797208657713,0.5218797208657713,0.3187748993025414,0.04905014474528601,0.6666666666666666,0.0,1.9259909977274121,0.10015983472872644,0.052004310947928005,0.32317334332480036,0,"[[0, 1, 2, 3, 4, 5], [0, 1, 2, 3, 4, 5], [0, 1, 2, 3, 4, 5], [0, 1, 2, 3, 4, 5]]","[true, true, true, true, true]",0,0.0,0,1,1,0.19561604199998328
ellipse--neutral,ellipse,neutral,n1_d1_m0,factorial_combination,2.0,0.05,4,1.0,1471,error_peak_dynamic,10.639718263337578,0.5029564110680894,0.5029564110680894,0.30684457139945054,0.04727159109101417,0.6666666666666666,0.0,1.9259909977274121,0.10103083234741868,0.05245654443173971,0.3117948119770816,0,"[[3, 4], [3, 4], [3, 4], [3, 4]]","[true, true, true, true, true]",0,0.0,0,1,1,0.1788490000000138
ellipse--neutral,ellipse,neutral,n1_d1_m0,factorial_combination,2.0,0.05,4,1.0,1471,violation_safe,10.639718263337578,0.5060762410792028,0.5060762410792028,0.30688122450827704,0.04756481596162599,0.6666666666666666,0.0,1.9259909977274121,0.10409370055707848,0.054046826116998806,0.31183521710677164,1,"[[3, 4], [3, 4], [3, 4], [2, 3]]","[true, true, true, true, true]",0,4.0,0,1,1,0.17960299999998597
ellipse--neutral,ellipse,neutral,n1_d1_m0,factorial_combination,2.0,0.05,4,1.0,1471,dual_anchor_dynamic,10.639718263337578,0.5029564110680894,0.5029564110680894,0.30684457139945054,0.04727159109101417,0.6666666666666666,0.0,1.9259909977274121,0.10103083234741868,0.05245654443173971,0.3117948119770816,0,"[[3, 4], [3, 4], [3, 4], [3, 4]]","[true, true, true, true, true]",0,4.0,0,1,1,0.18120237499999803
ellipse--neutral,ellipse,neutral,n1_d1_m0,factorial_combination,2.0,0.05,4,1.0,1499,full_trajectory,8.676782537983787,0.373904957992072,0.373904957992072,0.3093395063282131,0.04309258142119531,0.6666666666666666,0.0,1.609475075881873,0.05749472900306217,0.03572265881256926,0.31292596388439187,0,"[[0, 1, 2, 3, 4, 5], [0, 1, 2, 3, 4, 5], [0, 1, 2, 3, 4, 5], [0, 1, 2, 3, 4, 5]]","[true, true, true, true, true]",0,0.0,0,1,1,0.18118087499999547
ellipse--neutral,ellipse,neutral,n1_d1_m0,factorial_combination,2.0,0.05,4,1.0,1499,error_peak_dynamic,8.676782537983787,0.2993018743486168,0.2993018743486168,0.29343666183842465,0.03449456904542467,0.6666666666666666,0.0,1.609475075881873,0.05629606251769659,0.03497790264745201,0.2978166174063772,1,"[[3, 4], [3, 4], [3, 4], [1, 3]]","[true, true, true, true, true]",0,0.0,0,1,1,0.18156491700000288
ellipse--neutral,ellipse,neutral,n1_d1_m0,factorial_combination,2.0,0.05,4,1.0,1499,violation_safe,8.676782537983787,0.2993018743486168,0.2993018743486168,0.29343666183842465,0.03449456904542467,0.6666666666666666,0.0,1.609475075881873,0.05629606251769659,0.03497790264745201,0.2978166174063772,1,"[[3, 4], [3, 4], [3, 4], [1, 3]]","[true, true, true, true, true]",0,4.0,0,1,1,0.18426662500002067
ellipse--neutral,ellipse,neutral,n1_d1_m0,factorial_combination,2.0,0.05,4,1.0,1499,dual_anchor_dynamic,8.676782537983787,0.2993018743486168,0.2993018743486168,0.29343666183842465,0.03449456904542467,0.6666666666666666,0.0,1.609475075881873,0.05629606251769659,0.03497790264745201,0.2978166174063772,1,"[[3, 4], [3, 4], [3, 4], [1, 3]]","[true, true, true, true, true]",0,4.0,0,1,1,0.18308537500001876
ellipse--demand_aligned,ellipse,demand_aligned,n1_d1_m0,factorial_combination,2.0,0.05,4,1.0,1423,full_trajectory,18.17522018816074,3.114080311129548,3.114080311129548,0.37197633273826214,0.1713365933887308,0.6666666666666666,0.3333333333333333,2.019886485873138,0.23958672185006993,0.11861395356903119,0.3720170079478063,0,"[[0, 1, 2, 3, 4, 5], [0, 1, 2, 3, 4, 5], [0, 1, 2, 3, 4, 5], [0, 1, 2, 3, 4, 5]]","[true, true, true, true, true]",0,0.0,0,1,1,0.26298241599999983
ellipse--demand_aligned,ellipse,demand_aligned,n1_d1_m0,factorial_combination,2.0,0.05,4,1.0,1423,error_peak_dynamic,18.17522018816074,2.714057432151085,2.714057432151085,0.36688612816422544,0.1493273481175766,0.6666666666666666,0.3333333333333333,2.019886485873138,0.5181505410560386,0.2565245842674458,0.36657293403658986,1,"[[2, 3], [2, 3], [2, 3], [3, 4]]","[true, true, true, true, true]",0,0.0,0,1,1,0.223859291999986
ellipse--demand_aligned,ellipse,demand_aligned,n1_d1_m0,factorial_combination,2.0,0.05,4,1.0,1423,violation_safe,18.17522018816074,2.683821628245704,2.683821628245704,0.36679915620937587,0.1476637752093883,0.6666666666666666,0.3333333333333333,2.019886485873138,0.5039038640381498,0.24947137750680426,0.3665313668882768,2,"[[3, 4], [2, 3], [2, 3], [3, 4]]","[true, true, true, true, true]",0,4.0,0,1,1,0.23030887499999153
ellipse--demand_aligned,ellipse,demand_aligned,n1_d1_m0,factorial_combination,2.0,0.05,4,1.0,1423,dual_anchor_dynamic,18.17522018816074,2.84527400486109,2.84527400486109,0.37139560678441474,0.15654687950985535,0.6666666666666666,0.3333333333333333,2.019886485873138,0.26164922610508173,0.12953659917773966,0.37132136474994537,1,"[[2, 3], [2, 3], [2, 3], [3, 4]]","[true, true, true, true, true]",0,4.0,0,1,1,0.27280070899996645
ellipse--demand_aligned,ellipse,demand_aligned,n1_d1_m0,factorial_combination,2.0,0.05,4,1.0,1451,full_trajectory,17.381000474131515,1.1103054741501335,1.1103054741501335,0.3482321641436809,0.0638804121662975,0.6666666666666666,0.16666666666666666,2.319647851352849,0.16598186283086808,0.07155476756269935,0.3470339204662664,0,"[[0, 1, 2, 3, 4, 5], [0, 1, 2, 3, 4, 5], [0, 1, 2, 3, 4, 5], [0, 1, 2, 3, 4, 5]]","[true, true, true, true, true]",0,0.0,0,1,1,0.24095158300002595
ellipse--demand_aligned,ellipse,demand_aligned,n1_d1_m0,factorial_combination,2.0,0.05,4,1.0,1451,error_peak_dynamic,17.381000474131515,1.0750377044130293,1.0750377044130293,0.32378099623805656,0.06185131322060713,0.6666666666666666,0.16666666666666666,2.319647851352849,0.24744223195987433,0.10667232606689106,0.32289471083511406,1,"[[3, 4], [3, 4], [3, 4], [1, 4]]","[true, true, true, true, true]",0,0.0,0,1,1,0.1804422499999987
ellipse--demand_aligned,ellipse,demand_aligned,n1_d1_m0,factorial_combination,2.0,0.05,4,1.0,1451,violation_safe,17.381000474131515,0.7432111395056611,0.7432111395056611,0.32139457891558115,0.04275997464080372,0.6666666666666666,0.0,2.319647851352849,0.2971987265373487,0.12812234683123067,0.32103090556622027,0,"[[3, 4], [3, 4], [3, 4], [3, 4]]","[true, true, true, true, true]",0,4.0,0,1,1,0.18476041700000678
ellipse--demand_aligned,ellipse,demand_aligned,n1_d1_m0,factorial_combination,2.0,0.05,4,1.0,1451,dual_anchor_dynamic,17.381000474131515,0.7388858275323825,0.7388858275323825,0.32501068892970186,0.04251112176379495,0.6666666666666666,0.0,2.319647851352849,0.17562032526405255,0.07570990793349451,0.3242883918413404,0,"[[3, 4], [3, 4], [3, 4], [3, 4]]","[true, true, true, true, true]",0,4.0,0,1,1,0.24601699999999482
ellipse--demand_aligned,ellipse,demand_aligned,n1_d1_m0,factorial_combination,2.0,0.05,4,1.0,1471,full_trajectory,14.442183575395806,0.8414913696574019,0.8414913696574019,0.3334600966441517,0.05826621474961689,0.6666666666666666,0.16666666666666666,1.9259909977274121,0.10138118161609931,0.052638450405907825,0.33647159499433293,0,"[[0, 1, 2, 3, 4, 5], [0, 1, 2, 3, 4, 5], [0, 1, 2, 3, 4, 5], [0, 1, 2, 3, 4, 5]]","[true, true, true, true, true]",0,0.0,0,1,1,0.1947209589999943
ellipse--demand_aligned,ellipse,demand_aligned,n1_d1_m0,factorial_combination,2.0,0.05,4,1.0,1471,error_peak_dynamic,14.442183575395806,0.7556092615571948,0.7556092615571948,0.31809389613742367,0.052319599568342035,0.6666666666666666,0.0,1.9259909977274121,0.17691355069741743,0.09185585545631726,0.32151759853292755,1,"[[3, 4], [3, 4], [3, 4], [1, 3]]","[true, true, true, true, true]",0,0.0,0,1,1,0.11832899999996016
ellipse--demand_aligned,ellipse,demand_aligned,n1_d1_m0,factorial_combination,2.0,0.05,4,1.0,1471,violation_safe,14.442183575395806,0.7606203819171451,0.7606203819171451,0.31813726839077605,0.05266657759516115,0.6666666666666666,0.0,1.9259909977274121,0.21642199105185553,0.11236916024385593,0.32155701561255984,0,"[[3, 4], [3, 4], [3, 4], [3, 4]]","[true, true, true, true, true]",0,4.0,0,1,1,0.12023941699999341
ellipse--demand_aligned,ellipse,demand_aligned,n1_d1_m0,factorial_combination,2.0,0.05,4,1.0,1471,dual_anchor_dynamic,14.442183575395806,0.7090945442746637,0.7090945442746637,0.31802651808867743,0.04909884579245352,0.6666666666666666,0.0,1.9259909977274121,0.10319042249025762,0.05357783219756372,0.3220980667011788,1,"[[3, 4], [3, 4], [3, 4], [1, 3]]","[true, true, true, true, true]",0,4.0,0,1,1,0.18328045900000234
ellipse--demand_aligned,ellipse,demand_aligned,n1_d1_m0,factorial_combination,2.0,0.05,4,1.0,1499,full_trajectory,11.973347257164779,0.5908803247131941,0.5908803247131941,0.3338333182063352,0.049349635655110136,0.6666666666666666,0.0,1.609475075881873,0.05934433914578048,0.03687185967341817,0.34297686366216473,0,"[[0, 1, 2, 3, 4, 5], [0, 1, 2, 3, 4, 5], [0, 1, 2, 3, 4, 5], [0, 1, 2, 3, 4, 5]]","[true, true, true, true, true]",0,0.0,0,1,1,0.18780079200001865
ellipse--demand_aligned,ellipse,demand_aligned,n1_d1_m0,factorial_combination,2.0,0.05,4,1.0,1499,error_peak_dynamic,11.973347257164779,0.44890837057950794,0.44890837057950794,0.31505380667927346,0.037492303608824495,0.6666666666666666,0.0,1.609475075881873,0.13019462194207224,0.08089259901756182,0.32413263492997063,1,"[[3, 4], [3, 4], [3, 4], [1, 3]]","[true, true, true, true, true]",0,0.0,0,1,1,0.12882045800000697
ellipse--demand_aligned,ellipse,demand_aligned,n1_d1_m0,factorial_combination,2.0,0.05,4,1.0,1499,violation_safe,11.973347257164779,0.44890837057950794,0.44890837057950794,0.31505380667927346,0.037492303608824495,0.6666666666666666,0.0,1.609475075881873,0.13019462194207224,0.08089259901756182,0.32413263492997063,1,"[[3, 4], [3, 4], [3, 4], [1, 3]]","[true, true, true, true, true]",0,4.0,0,1,1,0.12756287500002372
ellipse--demand_aligned,ellipse,demand_aligned,n1_d1_m0,factorial_combination,2.0,0.05,4,1.0,1499,dual_anchor_dynamic,11.973347257164779,0.4209245465626046,0.4209245465626046,0.31544548387012,0.03515512726073537,0.6666666666666666,0.0,1.609475075881873,0.05838861294684528,0.036278047309836504,0.3247964855869062,1,"[[3, 4], [3, 4], [3, 4], [1, 3]]","[true, true, true, true, true]",0,4.0,0,1,1,0.17339616700002125
ellipse--demand_conflict,ellipse,demand_conflict,n1_d1_m0,factorial_combination,2.0,0.05,4,1.0,1423,full_trajectory,7.9726504091910115,1.001108847576261,1.001108847576261,0.3697887611905446,0.12556788473029812,0.8333333333333334,0.16666666666666666,2.019886485873138,0.23976431823917885,0.11870187751443653,0.37583348626130514,0,"[[0, 1, 2, 3, 4, 5], [0, 1, 2, 3, 4, 5], [0, 1, 2, 3, 4, 5], [0, 1, 2, 3, 4, 5]]","[true, true, true, true, true]",0,0.0,0,1,1,0.26264883299995745
ellipse--demand_conflict,ellipse,demand_conflict,n1_d1_m0,factorial_combination,2.0,0.05,4,1.0,1423,error_peak_dynamic,7.9726504091910115,0.9359777145405986,0.9359777145405986,0.36480723771708823,0.11739856465568678,0.8333333333333334,0.16666666666666666,2.019886485873138,0.2753489066081487,0.13631900036655942,0.37102974699384716,1,"[[2, 3], [2, 3], [2, 3], [3, 4]]","[true, true, true, true, true]",0,0.0,0,1,1,0.22949245799998153
ellipse--demand_conflict,ellipse,demand_conflict,n1_d1_m0,factorial_combination,2.0,0.05,4,1.0,1423,violation_safe,7.9726504091910115,0.996163309580988,0.996163309580988,0.36575086361235837,0.12494757181784785,0.8333333333333334,0.16666666666666666,2.019886485873138,0.2706392955228175,0.13398737870451569,0.37204298865149693,0,"[[2, 3], [2, 3], [2, 3], [2, 3]]","[true, true, true, true, true]",0,4.0,0,1,1,0.21147516600001381
ellipse--demand_conflict,ellipse,demand_conflict,n1_d1_m0,factorial_combination,2.0,0.05,4,1.0,1423,dual_anchor_dynamic,7.9726504091910115,0.9056401893076684,0.9056401893076684,0.3631247810312919,0.11359336517046208,0.8333333333333334,0.16666666666666666,2.019886485873138,0.26299757870499607,0.13020413797724376,0.3694025125072896,1,"[[2, 3], [2, 3], [2, 3], [3, 4]]","[true, true, true, true, true]",0,4.0,0,1,1,0.27627441700002464
ellipse--demand_conflict,ellipse,demand_conflict,n1_d1_m0,factorial_combination,2.0,0.05,4,1.0,1451,full_trajectory,8.903655267938971,0.8417820378076066,0.8417820378076066,0.3774306192396723,0.09454342205259968,0.6666666666666666,0.16666666666666666,2.319647851352849,0.17030818204713238,0.0734198434248571,0.387914932904862,0,"[[0, 1, 2, 3, 4, 5], [0, 1, 2, 3, 4, 5], [0, 1, 2, 3, 4, 5], [0, 1, 2, 3, 4, 5]]","[true, true, true, true, true]",0,0.0,0,1,1,0.24649095799998122
ellipse--demand_conflict,ellipse,demand_conflict,n1_d1_m0,factorial_combination,2.0,0.05,4,1.0,1451,error_peak_dynamic,8.903655267938971,1.0579749201854396,1.0579749201854396,0.38847865683832633,0.11882478469208983,0.6666666666666666,0.3333333333333333,2.319647851352849,0.20024161612610783,0.0863241444210268,0.3959995382107222,1,"[[3, 4], [3, 4], [3, 4], [1, 3]]","[true, true, true, true, true]",0,0.0,0,1,1,0.22192412499998682
ellipse--demand_conflict,ellipse,demand_conflict,n1_d1_m0,factorial_combination,2.0,0.05,4,1.0,1451,violation_safe,8.903655267938971,0.9775148115295702,0.9775148115295702,0.37516764881159315,0.1097880344771981,0.6666666666666666,0.3333333333333333,2.319647851352849,0.26978024239828624,0.11630224054955017,0.38480267954609887,0,"[[1, 4], [1, 4], [1, 4], [1, 4]]","[true, true, true, true, true]",0,4.0,0,1,1,0.1952356669999631
ellipse--demand_conflict,ellipse,demand_conflict,n1_d1_m0,factorial_combination,2.0,0.05,4,1.0,1451,dual_anchor_dynamic,8.903655267938971,0.9350555874850628,0.9350555874850628,0.37673006319260616,0.1050192936885247,0.6666666666666666,0.16666666666666666,2.319647851352849,0.16804831409876456,0.07244561453617047,0.38458290950476576,2,"[[3, 4], [1, 4], [1, 4], [1, 3]]","[true, true, true, true, true]",0,4.0,0,1,1,0.2532486250000261
ellipse--demand_conflict,ellipse,demand_conflict,n1_d1_m0,factorial_combination,2.0,0.05,4,1.0,1471,full_trajectory,7.397862926373971,0.5587868935743274,0.5587868935743274,0.35376902651337566,0.07553355599252963,0.6666666666666666,0.0,1.9259909977274121,0.09907038023615669,0.05143865176579514,0.3592311023482036,0,"[[0, 1, 2, 3, 4, 5], [0, 1, 2, 3, 4, 5], [0, 1, 2, 3, 4, 5], [0, 1, 2, 3, 4, 5]]","[true, true, true, true, true]",0,0.0,0,1,1,0.19592799999998078
ellipse--demand_conflict,ellipse,demand_conflict,n1_d1_m0,factorial_combination,2.0,0.05,4,1.0,1471,error_peak_dynamic,7.397862926373971,0.7240333499233083,0.7240333499233083,0.36832787305189313,0.09787060900277993,0.6666666666666666,0.0,1.9259909977274121,0.11368481530330792,0.05902665974942312,0.3728126571606629,1,"[[3, 4], [3, 4], [3, 4], [1, 3]]","[true, true, true, true, true]",0,0.0,0,1,1,0.17254170799998292
ellipse--demand_conflict,ellipse,demand_conflict,n1_d1_m0,factorial_combination,2.0,0.05,4,1.0,1471,violation_safe,7.397862926373971,0.4995875668643793,0.4995875668643793,0.349775587739555,0.06753133598668201,0.6666666666666666,0.0,1.9259909977274121,0.14514810697867522,0.07536281693421405,0.3552298905237881,1,"[[1, 4], [1, 4], [1, 4], [1, 3]]","[true, true, true, true, true]",0,4.0,0,1,1,0.16892833400004292
ellipse--demand_conflict,ellipse,demand_conflict,n1_d1_m0,factorial_combination,2.0,0.05,4,1.0,1471,dual_anchor_dynamic,7.397862926373971,0.5709643210491833,0.5709643210491833,0.3546742001922499,0.07717962967570674,0.6666666666666666,0.0,1.9259909977274121,0.09807184872833873,0.05092020099993165,0.35997608580421697,2,"[[3, 4], [1, 4], [1, 4], [1, 3]]","[true, true, true, true, true]",0,4.0,0,1,1,0.19565587499999992
ellipse--demand_conflict,ellipse,demand_conflict,n1_d1_m0,factorial_combination,2.0,0.05,4,1.0,1499,full_trajectory,6.027998629220731,0.33302493378647147,0.33302493378647147,0.3357015038202893,0.055246351943766654,0.6666666666666666,0.0,1.609475075881873,0.05908107814111338,0.03670829019128571,0.3501216949565548,0,"[[0, 1, 2, 3, 4, 5], [0, 1, 2, 3, 4, 5], [0, 1, 2, 3, 4, 5], [0, 1, 2, 3, 4, 5]]","[true, true, true, true, true]",0,0.0,0,1,1,0.19779533299998775
ellipse--demand_conflict,ellipse,demand_conflict,n1_d1_m0,factorial_combination,2.0,0.05,4,1.0,1499,error_peak_dynamic,6.027998629220731,0.4258971019969675,0.4258971019969675,0.3524954573495435,0.07065315176623146,0.6666666666666666,0.0,1.609475075881873,0.05849831938393979,0.03634621017780412,0.36521053624938493,1,"[[3, 4], [3, 4], [3, 4], [1, 3]]","[true, true, true, true, true]",0,0.0,0,1,1,0.16788600000000997
ellipse--demand_conflict,ellipse,demand_conflict,n1_d1_m0,factorial_combination,2.0,0.05,4,1.0,1499,violation_safe,6.027998629220731,0.3061410375591943,0.3061410375591943,0.3399558184892171,0.050786514130108665,0.6666666666666666,0.0,1.609475075881873,0.0986120182700234,0.06126967714364345,0.3525307609647136,1,"[[1, 4], [1, 4], [1, 3], [1, 3]]","[true, true, true, true, true]",0,4.0,0,1,1,0.15160320799998317
ellipse--demand_conflict,ellipse,demand_conflict,n1_d1_m0,factorial_combination,2.0,0.05,4,1.0,1499,dual_anchor_dynamic,6.027998629220731,0.3156773937299572,0.3156773937299572,0.33796700868190116,0.05236852447173936,0.6666666666666666,0.0,1.609475075881873,0.05048486376977465,0.03136728522627956,0.35184356935765404,2,"[[3, 4], [1, 4], [1, 3], [1, 3]]","[true, true, true, true, true]",0,4.0,0,1,1,0.20053649999999834
rounded_square--neutral,rounded_square,neutral,n1_d1_m0,factorial_combination,2.0,0.05,4,1.0,1423,full_trajectory,18.57094204752726,10.91030013980882,10.91030013980882,0.6793440520922015,0.5874930906513457,0.8333333333333334,0.8333333333333334,2.5592241672270495,1.5513982364027568,0.6061986504619936,0.6792827110002657,0,"[[0, 1, 2, 3, 4, 5], [0, 1, 2, 3, 4, 5], [0, 1, 2, 3, 4, 5], [0, 1, 2, 3, 4, 5]]","[true, true, true, true, true]",0,0.0,0,1,1,0.3742659580000236
rounded_square--neutral,rounded_square,neutral,n1_d1_m0,factorial_combination,2.0,0.05,4,1.0,1423,error_peak_dynamic,18.57094204752726,14.090779733166755,14.090779733166755,0.7526914317832692,0.7587541707418637,0.8333333333333334,0.8333333333333334,2.5592241672270495,1.8341983425866935,0.7167009307254509,0.7522124156141163,3,"[[2, 4], [2, 3], [2, 4], [2, 3]]","[true, true, true, true, true]",0,0.0,0,1,1,0.34111729199997853
rounded_square--neutral,rounded_square,neutral,n1_d1_m0,factorial_combination,2.0,0.05,4,1.0,1423,violation_safe,18.57094204752726,11.90311164923574,14.090779733166755,0.7526914317832692,0.6409535724559892,0.8333333333333334,0.8333333333333334,2.5592241672270495,1.8964732480220923,0.7410344401666635,0.7522124156141163,3,"[[2, 4], [2, 3], [2, 4], [2, 3]]","[true, true, true, true, false]",1,2.0,0,1,1,0.3424272080000037
rounded_square--neutral,rounded_square,neutral,n1_d1_m0,factorial_combination,2.0,0.05,4,1.0,1423,dual_anchor_dynamic,18.57094204752726,11.90311164923574,14.090779733166755,0.7526914317832692,0.6409535724559892,0.8333333333333334,0.8333333333333334,2.5592241672270495,1.8964732480220923,0.7410344401666635,0.7522124156141163,3,"[[2, 4], [2, 3], [2, 4], [2, 3]]","[true, true, true, true, false]",1,2.0,0,1,1,0.34258049999999685
rounded_square--neutral,rounded_square,neutral,n1_d1_m0,factorial_combination,2.0,0.05,4,1.0,1451,full_trajectory,22.52996566904798,17.37036830787507,17.37036830787507,0.7964411748386354,0.7709895595508498,1.0,0.8333333333333334,3.5684722465002063,2.5556242632929806,0.7161676164917409,0.795282238491638,0,"[[0, 1, 2, 3, 4, 5], [0, 1, 2, 3, 4, 5], [0, 1, 2, 3, 4, 5], [0, 1, 2, 3, 4, 5]]","[true, true, true, true, true]",0,0.0,0,1,1,0.377664459000016
rounded_square--neutral,rounded_square,neutral,n1_d1_m0,factorial_combination,2.0,0.05,4,1.0,1451,error_peak_dynamic,22.52996566904798,15.415839563998864,15.415839563998864,0.7465457016531294,0.6842371528855629,1.0,0.8333333333333334,3.5684722465002063,3.0230083414417854,0.847143576472148,0.7455179976902009,2,"[[1, 4], [1, 4], [2, 4], [1, 4]]","[true, true, true, true, true]",0,0.0,0,1,1,0.38695545899997796
rounded_square--neutral,rounded_square,neutral,n1_d1_m0,factorial_combination,2.0,0.05,4,1.0,1451,violation_safe,22.52996566904798,15.114829006862745,15.415839563998864,0.7465457016531294,0.6708766994539959,1.0,0.8333333333333334,3.5684722465002063,2.960142361880886,0.8295265193064224,0.7455179976902009,2,"[[1, 4], [1, 4], [2, 4], [1, 4]]","[true, true, true, true, false]",1,2.0,0,1,1,0.38972229199998765
rounded_square--neutral,rounded_square,neutral,n1_d1_m0,factorial_combination,2.0,0.05,4,1.0,1451,dual_anchor_dynamic,22.52996566904798,15.114829006862745,15.415839563998864,0.7465457016531294,0.6708766994539959,1.0,0.8333333333333334,3.5684722465002063,2.960142361880886,0.8295265193064224,0.7455179976902009,2,"[[1, 4], [1, 4], [2, 4], [1, 4]]","[true, true, true, true, false]",1,2.0,0,1,1,0.38765145799999345
rounded_square--neutral,rounded_square,neutral,n1_d1_m0,factorial_combination,2.0,0.05,4,1.0,1471,full_trajectory,18.58278660863728,13.790455343460494,13.790455343460494,0.7593965014498498,0.7421091160273394,1.0,0.8333333333333334,2.9397278830354585,1.9332700527277595,0.6576357165179294,0.760004736705332,0,"[[0, 1, 2, 3, 4, 5], [0, 1, 2, 3, 4, 5], [0, 1, 2, 3, 4, 5], [0, 1, 2, 3, 4, 5]]","[true, true, true, true, true]",0,0.0,0,1,1,0.37211720900000955
rounded_square--neutral,rounded_square,neutral,n1_d1_m0,factorial_combination,2.0,0.05,4,1.0,1471,error_peak_dynamic,18.58278660863728,11.248000677850747,11.248000677850747,0.6915588407162581,0.6052913868484436,1.0,0.8333333333333334,2.9397278830354585,2.1631699532783286,0.7358401999591596,0.6923585312161947,3,"[[1, 4], [2, 4], [1, 4], [2, 4]]","[true, true, true, true, true]",0,0.0,0,1,1,0.36867287500001567
rounded_square--neutral,rounded_square,neutral,n1_d1_m0,factorial_combination,2.0,0.05,4,1.0,1471,violation_safe,18.58278660863728,11.160544446899344,12.008284014724708,0.6916787769994779,0.6005850834939859,1.0,0.8333333333333334,2.9397278830354585,2.153362247399351,0.7325039367847427,0.6926820269758831,2,"[[1, 4], [2, 4], [2, 4], [3, 4]]","[true, true, true, true, false]",1,2.0,0,1,1,0.3573805839999977
rounded_square--neutral,rounded_square,neutral,n1_d1_m0,factorial_combination,2.0,0.05,4,1.0,1471,dual_anchor_dynamic,18.58278660863728,11.248000677850747,11.248000677850747,0.6915588407162581,0.6052913868484436,1.0,0.8333333333333334,2.9397278830354585,2.1631699532783286,0.7358401999591596,0.6923585312161947,3,"[[1, 4], [2, 4], [1, 4], [2, 4]]","[true, true, true, true, true]",0,4.0,0,1,1,0.37025524999995696
rounded_square--neutral,rounded_square,neutral,n1_d1_m0,factorial_combination,2.0,0.05,4,1.0,1499,full_trajectory,15.26377246036403,10.748724055666692,10.748724055666692,0.7098063249908628,0.7041983941766872,0.6666666666666666,0.8333333333333334,2.3642455843381662,1.4205446229584147,0.6008447821024795,0.7094942926037473,0,"[[0, 1, 2, 3, 4, 5], [0, 1, 2, 3, 4, 5], [0, 1, 2, 3, 4, 5], [0, 1, 2, 3, 4, 5]]","[true, true, true, true, true]",0,0.0,0,1,1,0.34738750000002483
rounded_square--neutral,rounded_square,neutral,n1_d1_m0,factorial_combination,2.0,0.05,4,1.0,1499,error_peak_dynamic,15.26377246036403,8.964451555989196,8.964451555989196,0.6517238215281822,0.5873024889009254,0.6666666666666666,0.8333333333333334,2.3642455843381662,1.4888509668020333,0.6297361732067331,0.6511683090085889,3,"[[2, 4], [1, 4], [2, 4], [3, 4]]","[true, true, true, true, true]",0,0.0,0,1,1,0.34340045800001917
rounded_square--neutral,rounded_square,neutral,n1_d1_m0,factorial_combination,2.0,0.05,4,1.0,1499,violation_safe,15.26377246036403,8.655543027090353,8.964451555989196,0.6517238215281822,0.5670644691256046,0.6666666666666666,0.8333333333333334,2.3642455843381662,1.6451528200593148,0.6958468405133343,0.6511683090085889,3,"[[2, 4], [1, 4], [2, 4], [3, 4]]","[true, true, true, true, false]",1,2.0,0,1,1,0.344447209000009
rounded_square--neutral,rounded_square,neutral,n1_d1_m0,factorial_combination,2.0,0.05,4,1.0,1499,dual_anchor_dynamic,15.26377246036403,8.655543027090353,8.964451555989196,0.6517238215281822,0.5670644691256046,0.6666666666666666,0.8333333333333334,2.3642455843381662,1.6451528200593148,0.6958468405133343,0.6511683090085889,3,"[[2, 4], [1, 4], [2, 4], [3, 4]]","[true, true, true, true, false]",1,2.0,0,1,1,0.3442902919999824
rounded_square--demand_aligned,rounded_square,demand_aligned,n1_d1_m0,factorial_combination,2.0,0.05,4,1.0,1423,full_trajectory,30.226555606063123,17.802345927989982,17.802345927989982,0.6751187787518362,0.5889637628582141,0.8333333333333334,0.8333333333333334,2.5592241672270495,1.5497472892836028,0.6055535537407701,0.6734666593852364,0,"[[0, 1, 2, 3, 4, 5], [0, 1, 2, 3, 4, 5], [0, 1, 2, 3, 4, 5], [0, 1, 2, 3, 4, 5]]","[true, true, true, true, true]",0,0.0,0,1,1,0.39205516700002363
rounded_square--demand_aligned,rounded_square,demand_aligned,n1_d1_m0,factorial_combination,2.0,0.05,4,1.0,1423,error_peak_dynamic,30.226555606063123,19.934226818734615,19.934226818734615,0.708257705462313,0.6594938265058564,0.8333333333333334,0.8333333333333334,2.5592241672270495,2.2768198420956107,0.8896523685780026,0.7061119224992223,3,"[[2, 4], [2, 3], [2, 4], [2, 3]]","[true, true, true, true, true]",0,0.0,0,1,1,0.31365820799999256
rounded_square--demand_aligned,rounded_square,demand_aligned,n1_d1_m0,factorial_combination,2.0,0.05,4,1.0,1423,violation_safe,30.226555606063123,18.585376022104345,19.934226818734615,0.708257705462313,0.6148691324385077,0.8333333333333334,0.8333333333333334,2.5592241672270495,2.392210921044613,0.9347406732395008,0.7061119224992223,3,"[[2, 4], [2, 3], [2, 4], [2, 3]]","[true, true, true, true, false]",1,2.0,0,1,1,0.31569849999999633
rounded_square--demand_aligned,rounded_square,demand_aligned,n1_d1_m0,factorial_combination,2.0,0.05,4,1.0,1423,dual_anchor_dynamic,30.226555606063123,18.459801424218842,19.102029651730437,0.7016053489880234,0.6107146862779166,0.8333333333333334,0.8333333333333334,2.5592241672270495,1.8986443664711137,0.7418827904115637,0.6997546463158927,3,"[[2, 4], [2, 3], [2, 4], [2, 3]]","[true, true, true, true, false]",1,2.0,0,1,1,0.3432243330000233
rounded_square--demand_aligned,rounded_square,demand_aligned,n1_d1_m0,factorial_combination,2.0,0.05,4,1.0,1451,full_trajectory,30.255830359287696,23.84271943444396,23.84271943444396,0.8079987213705166,0.7880371865955056,0.6666666666666666,0.8333333333333334,3.5684722465002063,2.55330371433054,0.7155173244894095,0.8104865671921465,0,"[[0, 1, 2, 3, 4, 5], [0, 1, 2, 3, 4, 5], [0, 1, 2, 3, 4, 5], [0, 1, 2, 3, 4, 5]]","[true, true, true, true, true]",0,0.0,0,1,1,0.35861795800002483
rounded_square--demand_aligned,rounded_square,demand_aligned,n1_d1_m0,factorial_combination,2.0,0.05,4,1.0,1451,error_peak_dynamic,30.255830359287696,23.16989499754427,23.16989499754427,0.7788742532689735,0.7657993425532199,0.6666666666666666,0.8333333333333334,3.5684722465002063,3.857365708357275,1.0809571833269551,0.7808614199107523,2,"[[1, 4], [2, 4], [1, 4], [1, 4]]","[true, true, true, true, true]",0,0.0,0,1,1,0.4368851250000034
rounded_square--demand_aligned,rounded_square,demand_aligned,n1_d1_m0,factorial_combination,2.0,0.05,4,1.0,1451,violation_safe,30.255830359287696,18.690379284017084,18.690379284017084,0.7241312508993492,0.6177447143928627,0.6666666666666666,0.8333333333333334,3.5684722465002063,3.5673875947801195,0.9996960459140041,0.7272384570258581,2,"[[2, 4], [1, 4], [2, 4], [2, 4]]","[true, true, true, true, true]",0,4.0,0,1,1,0.3917575000000397
rounded_square--demand_aligned,rounded_square,demand_aligned,n1_d1_m0,factorial_combination,2.0,0.05,4,1.0,1451,dual_anchor_dynamic,30.255830359287696,20.431935464795774,21.72895066296823,0.7638452658417823,0.6753057252822592,0.6666666666666666,0.8333333333333334,3.5684722465002063,2.932951788403096,0.8219068513926654,0.7655740497311307,2,"[[1, 4], [2, 4], [1, 4], [1, 4]]","[true, true, true, false, false]",2,1.0,0,1,1,0.3915229160000422
rounded_square--demand_aligned,rounded_square,demand_aligned,n1_d1_m0,factorial_combination,2.0,0.05,4,1.0,1471,full_trajectory,24.98894311080703,18.58458516969315,18.58458516969315,0.763497471031775,0.7437123325818381,0.6666666666666666,0.8333333333333334,2.9397278830354585,1.9329885055227654,0.6575399432980273,0.7606119796250347,0,"[[0, 1, 2, 3, 4, 5], [0, 1, 2, 3, 4, 5], [0, 1, 2, 3, 4, 5], [0, 1, 2, 3, 4, 5]]","[true, true, true, true, true]",0,0.0,0,1,1,0.3825745419999862
rounded_square--demand_aligned,rounded_square,demand_aligned,n1_d1_m0,factorial_combination,2.0,0.05,4,1.0,1471,error_peak_dynamic,24.98894311080703,17.2754218653459,17.2754218653459,0.7312936394324185,0.6913226297223735,0.6666666666666666,0.8333333333333334,2.9397278830354585,3.150341400457113,1.0716438819514758,0.7302918308731698,2,"[[1, 4], [2, 4], [1, 4], [1, 4]]","[true, true, true, true, true]",0,0.0,0,1,1,0.34539745799997945
rounded_square--demand_aligned,rounded_square,demand_aligned,n1_d1_m0,factorial_combination,2.0,0.05,4,1.0,1471,violation_safe,24.98894311080703,13.848445425893106,13.848445425893106,0.6724921144888575,0.5541829186006685,0.6666666666666666,0.8333333333333334,2.9397278830354585,2.9014089826093947,0.9869651539357795,0.6703562793754351,2,"[[2, 4], [1, 4], [2, 4], [2, 4]]","[true, true, true, true, true]",0,4.0,0,1,1,0.3383979579999732
rounded_square--demand_aligned,rounded_square,demand_aligned,n1_d1_m0,factorial_combination,2.0,0.05,4,1.0,1471,dual_anchor_dynamic,24.98894311080703,14.558804436857873,14.986312093094051,0.7007893437336495,0.5826098515771798,0.6666666666666666,0.8333333333333334,2.9397278830354585,2.1547382294001816,0.7329720011960004,0.6997490162293375,2,"[[1, 4], [2, 4], [2, 4], [1, 4]]","[true, true, true, true, false]",1,2.0,0,1,1,0.36828366700001425
rounded_square--demand_aligned,rounded_square,demand_aligned,n1_d1_m0,factorial_combination,2.0,0.05,4,1.0,1499,full_trajectory,21.833496754521057,14.548842562063871,14.548842562063871,0.6900662822115069,0.6663542136946637,0.6666666666666666,0.8333333333333334,2.3642455843381662,1.4212616262031175,0.60114805146225,0.6883420987565331,0,"[[0, 1, 2, 3, 4, 5], [0, 1, 2, 3, 4, 5], [0, 1, 2, 3, 4, 5], [0, 1, 2, 3, 4, 5]]","[true, true, true, true, true]",0,0.0,0,1,1,0.3568599579999727
rounded_square--demand_aligned,rounded_square,demand_aligned,n1_d1_m0,factorial_combination,2.0,0.05,4,1.0,1499,error_peak_dynamic,21.833496754521057,12.537097838863765,12.537097838863765,0.6202731476040777,0.5742139236706421,0.6666666666666666,0.8333333333333334,2.3642455843381662,1.8654850034887813,0.7890402823829297,0.621183374289056,3,"[[2, 4], [1, 4], [2, 4], [1, 3]]","[true, true, true, true, true]",0,0.0,0,1,1,0.2594518340000036
rounded_square--demand_aligned,rounded_square,demand_aligned,n1_d1_m0,factorial_combination,2.0,0.05,4,1.0,1499,violation_safe,21.833496754521057,10.338949345755626,10.338949345755626,0.6076884221829597,0.47353612030169845,0.6666666666666666,0.8333333333333334,2.3642455843381662,2.0890774783225132,0.8836127228751145,0.608474736528789,2,"[[2, 4], [1, 4], [2, 4], [2, 4]]","[true, true, true, true, true]",0,4.0,0,1,1,0.26820870799997465
rounded_square--demand_aligned,rounded_square,demand_aligned,n1_d1_m0,factorial_combination,2.0,0.05,4,1.0,1499,dual_anchor_dynamic,21.833496754521057,11.262440205734276,12.40078910752192,0.6255064767923197,0.515833095008117,0.6666666666666666,0.8333333333333334,2.3642455843381662,1.641584915817552,0.6943377315335404,0.6249678981163624,3,"[[2, 4], [1, 4], [2, 4], [3, 4]]","[true, true, true, true, false]",1,2.0,0,1,1,0.34287100000000237
rounded_square--demand_conflict,rounded_square,demand_conflict,n1_d1_m0,factorial_combination,2.0,0.05,4,1.0,1423,full_trajectory,10.851083337692863,6.4710060581399755,6.4710060581399755,0.7619553077397896,0.59634654501841,0.8333333333333334,0.8333333333333334,2.5592241672270495,1.5492442316388577,0.6053569872769226,0.7642841393087245,0,"[[0, 1, 2, 3, 4, 5], [0, 1, 2, 3, 4, 5], [0, 1, 2, 3, 4, 5], [0, 1, 2, 3, 4, 5]]","[true, true, true, true, true]",0,0.0,0,1,1,0.35163308300002427
rounded_square--demand_conflict,rounded_square,demand_conflict,n1_d1_m0,factorial_combination,2.0,0.05,4,1.0,1423,error_peak_dynamic,10.851083337692863,9.848497114303793,9.848497114303793,1.0240281446679598,0.9076049651276351,0.8333333333333334,0.8333333333333334,2.5592241672270495,1.8048791230903696,0.7052446386695301,1.0273063523285944,3,"[[2, 4], [2, 3], [2, 4], [2, 3]]","[true, true, true, true, true]",0,0.0,0,1,1,0.42908149999999523
rounded_square--demand_conflict,rounded_square,demand_conflict,n1_d1_m0,factorial_combination,2.0,0.05,4,1.0,1423,violation_safe,10.851083337692863,9.874146983516011,9.874146983516011,1.0287091440307732,0.9099687723544324,0.8333333333333334,0.8333333333333334,2.5592241672270495,2.1654861144396036,0.8461494472310858,1.0322357134458031,1,"[[1, 2], [1, 2], [1, 2], [2, 3]]","[true, false, false, true, true]",2,1.3224999999999998,0,1,1,0.3152854589999947
rounded_square--demand_conflict,rounded_square,demand_conflict,n1_d1_m0,factorial_combination,2.0,0.05,4,1.0,1423,dual_anchor_dynamic,10.851083337692863,10.07829794549962,10.07829794549962,1.047612515370264,0.9287826507138826,0.8333333333333334,0.8333333333333334,2.5592241672270495,2.0854269416305744,0.8148668523594632,1.0511706235233316,1,"[[2, 4], [2, 4], [2, 4], [2, 3]]","[true, false, false, true, true]",2,1.3224999999999998,0,1,1,0.3673900000000003
rounded_square--demand_conflict,rounded_square,demand_conflict,n1_d1_m0,factorial_combination,2.0,0.05,4,1.0,1451,full_trajectory,16.116991641726976,11.812967661779123,11.812967661779123,0.7654712381757799,0.7329511564177578,1.0,0.8333333333333334,3.5684722465002063,2.5529843595607686,0.7154278310738211,0.766578024392804,0,"[[0, 1, 2, 3, 4, 5], [0, 1, 2, 3, 4, 5], [0, 1, 2, 3, 4, 5], [0, 1, 2, 3, 4, 5]]","[true, true, true, true, true]",0,0.0,0,1,1,0.5330457499999852
rounded_square--demand_conflict,rounded_square,demand_conflict,n1_d1_m0,factorial_combination,2.0,0.05,4,1.0,1451,error_peak_dynamic,16.116991641726976,11.621408030341389,11.621408030341389,0.7464794113308263,0.7210655864741843,1.0,1.0,3.5684722465002063,3.3379322176596924,0.9353953140404505,0.7469128064949042,2,"[[1, 4], [2, 4], [1, 4], [1, 4]]","[true, true, true, true, true]",0,0.0,0,1,1,0.4458423749999838
rounded_square--demand_conflict,rounded_square,demand_conflict,n1_d1_m0,factorial_combination,2.0,0.05,4,1.0,1451,violation_safe,16.116991641726976,11.39775798451737,11.511952152268442,0.756547603683208,0.7071889244521611,1.0,1.0,3.5684722465002063,3.346180517774469,0.9377067514133672,0.7568697717479533,0,"[[1, 4], [1, 4], [1, 4], [1, 4]]","[true, true, true, false, false]",2,1.0,0,1,1,0.40764999999998963
rounded_square--demand_conflict,rounded_square,demand_conflict,n1_d1_m0,factorial_combination,2.0,0.05,4,1.0,1451,dual_anchor_dynamic,16.116991641726976,11.631789223593294,11.631789223593294,0.7716521697611445,0.7217097012992506,1.0,0.8333333333333334,3.5684722465002063,3.048096087249087,0.8541739648496691,0.7719254319941005,1,"[[1, 4], [1, 4], [1, 4], [1, 2]]","[true, true, true, true, true]",0,4.0,0,1,1,0.4148079999999936
rounded_square--demand_conflict,rounded_square,demand_conflict,n1_d1_m0,factorial_combination,2.0,0.05,4,1.0,1471,full_trajectory,13.333728167139828,9.372750018656884,9.372750018656884,0.7273097380765976,0.7029354356987315,1.0,0.8333333333333334,2.9397278830354585,1.932251703518357,0.6572893071732825,0.7257502644563734,0,"[[0, 1, 2, 3, 4, 5], [0, 1, 2, 3, 4, 5], [0, 1, 2, 3, 4, 5], [0, 1, 2, 3, 4, 5]]","[true, true, true, true, true]",0,0.0,0,1,1,0.37765558300003477
rounded_square--demand_conflict,rounded_square,demand_conflict,n1_d1_m0,factorial_combination,2.0,0.05,4,1.0,1471,error_peak_dynamic,13.333728167139828,10.145541759997839,10.145541759997839,0.7342370013360289,0.7608931000259115,1.0,0.8333333333333334,2.9397278830354585,2.397308408967405,0.8154865022717782,0.7331010616073657,2,"[[1, 4], [2, 4], [2, 4], [1, 4]]","[true, true, true, true, true]",0,0.0,0,1,1,0.36822100000000546
rounded_square--demand_conflict,rounded_square,demand_conflict,n1_d1_m0,factorial_combination,2.0,0.05,4,1.0,1471,violation_safe,13.333728167139828,8.582296322660925,9.41257565449732,0.7236380041276259,0.6436531639974091,1.0,1.0,2.9397278830354585,2.574718981502373,0.8758358201657119,0.720836799875074,0,"[[1, 4], [1, 4], [1, 4], [1, 4]]","[true, true, true, false, false]",2,1.0,0,1,1,0.3761982090000515
rounded_square--demand_conflict,rounded_square,demand_conflict,n1_d1_m0,factorial_combination,2.0,0.05,4,1.0,1471,dual_anchor_dynamic,13.333728167139828,8.707705911370507,8.989267392697535,0.7152242820546703,0.6530586046316832,1.0,1.0,2.9397278830354585,2.382292625514023,0.8103786201647182,0.7124361349809026,0,"[[1, 4], [1, 4], [1, 4], [1, 4]]","[true, true, true, false, false]",2,1.0,0,1,1,0.3562299170000074
rounded_square--demand_conflict,rounded_square,demand_conflict,n1_d1_m0,factorial_combination,2.0,0.05,4,1.0,1499,full_trajectory,11.050865092501375,7.264725917512614,7.264725917512614,0.6720047356240924,0.6573897931703223,1.0,0.8333333333333334,2.3642455843381662,1.419649662563004,0.600466242579623,0.6742236719212799,0,"[[0, 1, 2, 3, 4, 5], [0, 1, 2, 3, 4, 5], [0, 1, 2, 3, 4, 5], [0, 1, 2, 3, 4, 5]]","[true, true, true, true, true]",0,0.0,0,1,1,0.3471169590000045
rounded_square--demand_conflict,rounded_square,demand_conflict,n1_d1_m0,factorial_combination,2.0,0.05,4,1.0,1499,error_peak_dynamic,11.050865092501375,5.929848966611633,5.929848966611633,0.7186856874088521,0.536595906019644,1.0,0.8333333333333334,2.3642455843381662,1.5670261982069593,0.662801787000323,0.7218085729136525,3,"[[2, 4], [1, 4], [2, 4], [3, 4]]","[true, true, true, true, true]",0,0.0,0,1,1,0.30455770800000437
rounded_square--demand_conflict,rounded_square,demand_conflict,n1_d1_m0,factorial_combination,2.0,0.05,4,1.0,1499,violation_safe,11.050865092501375,6.328510099622124,7.572948705510168,0.6837354810859493,0.572671012327928,1.0,0.8333333333333334,2.3642455843381662,1.9364743489180456,0.8190664970450315,0.6863092426658535,1,"[[1, 4], [1, 4], [2, 3], [2, 3]]","[true, true, true, false, false]",2,1.0,0,1,1,0.29523879200002057
rounded_square--demand_conflict,rounded_square,demand_conflict,n1_d1_m0,factorial_combination,2.0,0.05,4,1.0,1499,dual_anchor_dynamic,11.050865092501375,6.427740050269593,6.427740050269593,0.6983816337069009,0.5816503953732247,1.0,0.8333333333333334,2.3642455843381662,1.743104655277337,0.7372773229754354,0.7018088455381319,1,"[[1, 4], [2, 4], [2, 4], [2, 4]]","[true, true, false, false, true]",2,1.15,0,1,1,0.34565379200000734
figure_eight--neutral,figure_eight,neutral,n1_d1_m0,factorial_combination,2.0,0.05,4,1.0,1423,full_trajectory,16.45696061571342,5.131710645979838,5.131710645979838,0.48104278072870893,0.3118261485708353,0.8333333333333334,0.5,3.0236737529939144,0.7036880617718916,0.23272618650577936,0.4815370779806112,0,"[[0, 1, 2, 3, 4, 5], [0, 1, 2, 3, 4, 5], [0, 1, 2, 3, 4, 5], [0, 1, 2, 3, 4, 5]]","[true, true, true, true, true]",0,0.0,0,1,1,0.32233329199999616
figure_eight--neutral,figure_eight,neutral,n1_d1_m0,factorial_combination,2.0,0.05,4,1.0,1423,error_peak_dynamic,16.45696061571342,4.900884606584537,4.900884606584537,0.4739560307742766,0.2978001054401916,0.8333333333333334,0.6666666666666666,3.0236737529939144,0.6989801451761029,0.23116916779927138,0.47439081642286773,1,"[[2, 4], [2, 4], [2, 4], [3, 4]]","[true, true, true, true, true]",0,0.0,0,1,1,0.33811145799995757
figure_eight--neutral,figure_eight,neutral,n1_d1_m0,factorial_combination,2.0,0.05,4,1.0,1423,violation_safe,16.45696061571342,5.290582028591487,5.290582028591487,0.47691600490852576,0.32147989851418485,0.8333333333333334,0.6666666666666666,3.0236737529939144,0.7975641457946813,0.26377321462177156,0.4773156133196096,0,"[[2, 4], [2, 4], [2, 4], [2, 4]]","[true, true, true, true, true]",0,4.0,0,1,1,0.32123599999999897
figure_eight--neutral,figure_eight,neutral,n1_d1_m0,factorial_combination,2.0,0.05,4,1.0,1423,dual_anchor_dynamic,16.45696061571342,4.900884606584537,4.900884606584537,0.4739560307742766,0.2978001054401916,0.8333333333333334,0.6666666666666666,3.0236737529939144,0.6989801451761029,0.23116916779927138,0.47439081642286773,1,"[[2, 4], [2, 4], [2, 4], [3, 4]]","[true, true, true, true, true]",0,4.0,0,1,1,0.3383249589999764
figure_eight--neutral,figure_eight,neutral,n1_d1_m0,factorial_combination,2.0,0.05,4,1.0,1451,full_trajectory,23.184720090288046,18.63558553205254,18.63558553205254,0.841737245731262,0.8037873849449184,1.0,0.8333333333333334,4.343359200251718,2.921414215962764,0.6726163048622491,0.8439803351910073,0,"[[0, 1, 2, 3, 4, 5], [0, 1, 2, 3, 4, 5], [0, 1, 2, 3, 4, 5], [0, 1, 2, 3, 4, 5]]","[true, true, true, true, true]",0,0.0,0,1,1,0.37292829199998323
figure_eight--neutral,figure_eight,neutral,n1_d1_m0,factorial_combination,2.0,0.05,4,1.0,1451,error_peak_dynamic,23.184720090288046,17.810018065299435,17.810018065299435,0.8227153270173779,0.7681791281474196,1.0,1.0,4.343359200251718,3.0764901414236347,0.7083204495832023,0.8243516573739122,2,"[[2, 4], [2, 4], [3, 4], [2, 4]]","[true, true, true, true, true]",0,0.0,0,1,1,0.41403545899999017
figure_eight--neutral,figure_eight,neutral,n1_d1_m0,factorial_combination,2.0,0.05,4,1.0,1451,violation_safe,23.184720090288046,18.37711557920886,18.37711557920886,0.8337423305585717,0.7926390962514546,1.0,1.0,4.343359200251718,3.2479551387586225,0.7477979575279863,0.8353936342141257,0,"[[2, 4], [2, 4], [2, 4], [2, 4]]","[true, true, true, true, true]",0,4.0,0,1,1,0.3888711669999907
figure_eight--neutral,figure_eight,neutral,n1_d1_m0,factorial_combination,2.0,0.05,4,1.0,1451,dual_anchor_dynamic,23.184720090288046,17.68527831768651,17.810018065299435,0.8227153270173779,0.762798871360745,1.0,1.0,4.343359200251718,2.997631073852322,0.6901642106134338,0.8243516573739122,2,"[[2, 4], [2, 4], [3, 4], [2, 4]]","[true, true, true, true, false]",1,2.0,0,1,1,0.4165038749999894
figure_eight--neutral,figure_eight,neutral,n1_d1_m0,factorial_combination,2.0,0.05,4,1.0,1471,full_trajectory,19.146787507203598,13.579405864627768,13.579405864627768,0.7728262273756608,0.7092263315461556,1.0,0.8333333333333334,3.600899491570089,2.055527045045297,0.5708371060779127,0.7740351029640373,0,"[[0, 1, 2, 3, 4, 5], [0, 1, 2, 3, 4, 5], [0, 1, 2, 3, 4, 5], [0, 1, 2, 3, 4, 5]]","[true, true, true, true, true]",0,0.0,0,1,1,0.36983337500004154
figure_eight--neutral,figure_eight,neutral,n1_d1_m0,factorial_combination,2.0,0.05,4,1.0,1471,error_peak_dynamic,19.146787507203598,13.095393266877974,13.095393266877974,0.7599190316669668,0.6839472815975575,1.0,0.8333333333333334,3.600899491570089,2.2405325338367383,0.6222146824930694,0.76134009477142,2,"[[2, 4], [2, 4], [3, 4], [2, 4]]","[true, true, true, true, true]",0,0.0,0,1,1,0.4089010000000144
figure_eight--neutral,figure_eight,neutral,n1_d1_m0,factorial_combination,2.0,0.05,4,1.0,1471,violation_safe,19.146787507203598,12.838964520105092,12.838964520105092,0.7673173940315865,0.6705544998227346,1.0,0.8333333333333334,3.600899491570089,2.1173547492536255,0.5880071782648957,0.768405429845759,1,"[[2, 4], [2, 4], [2, 4], [3, 4]]","[true, true, true, true, true]",0,4.0,0,1,1,0.38166770899999847
figure_eight--neutral,figure_eight,neutral,n1_d1_m0,factorial_combination,2.0,0.05,4,1.0,1471,dual_anchor_dynamic,19.146787507203598,13.011069266637314,13.095393266877974,0.7599190316669668,0.6795432007454074,1.0,0.8333333333333334,3.600899491570089,2.1625797652058023,0.600566544628231,0.76134009477142,2,"[[2, 4], [2, 4], [3, 4], [2, 4]]","[true, true, true, true, false]",1,2.0,0,1,1,0.40002883299996483
figure_eight--neutral,figure_eight,neutral,n1_d1_m0,factorial_combination,2.0,0.05,4,1.0,1499,full_trajectory,15.96179758406841,9.329771872099222,9.329771872099222,0.6786809009982269,0.5845063391488774,0.8333333333333334,0.6666666666666666,2.987066405035074,1.358003541981419,0.4546278380997269,0.677929788677037,0,"[[0, 1, 2, 3, 4, 5], [0, 1, 2, 3, 4, 5], [0, 1, 2, 3, 4, 5], [0, 1, 2, 3, 4, 5]]","[true, true, true, true, true]",0,0.0,0,1,1,0.32660262499996406
figure_eight--neutral,figure_eight,neutral,n1_d1_m0,factorial_combination,2.0,0.05,4,1.0,1499,error_peak_dynamic,15.96179758406841,9.114035437236861,9.114035437236861,0.6711489326924597,0.5709905409609785,0.8333333333333334,0.8333333333333334,2.987066405035074,1.5486526797279623,0.5184527123727529,0.6707620598876065,2,"[[2, 4], [2, 4], [3, 4], [2, 4]]","[true, true, true, true, true]",0,0.0,0,1,1,0.31949491599999646
figure_eight--neutral,figure_eight,neutral,n1_d1_m0,factorial_combination,2.0,0.05,4,1.0,1499,violation_safe,15.96179758406841,8.929682382686039,8.929682382686039,0.6795472030298675,0.5594408985363166,0.8333333333333334,0.8333333333333334,2.987066405035074,1.4480506045924917,0.4847734895185528,0.6786878202233184,1,"[[2, 4], [2, 4], [2, 4], [3, 4]]","[true, true, true, true, true]",0,4.0,0,1,1,0.3270542500000033
figure_eight--neutral,figure_eight,neutral,n1_d1_m0,factorial_combination,2.0,0.05,4,1.0,1499,dual_anchor_dynamic,15.96179758406841,9.037152582773064,9.114035437236861,0.6711489326924597,0.5661738620086947,0.8333333333333334,0.8333333333333334,2.987066405035074,1.4745990605195645,0.4936612919063143,0.6707620598876065,2,"[[2, 4], [2, 4], [3, 4], [2, 4]]","[true, true, true, true, false]",1,2.0,0,1,1,0.32049437500000977
figure_eight--demand_aligned,figure_eight,demand_aligned,n1_d1_m0,factorial_combination,2.0,0.05,4,1.0,1423,full_trajectory,26.569664847707077,8.543670453518105,8.543670453518105,0.49189744329760504,0.32155732872390413,0.8333333333333334,0.5,3.0236737529939144,0.7016985589303083,0.2320682111406748,0.49418890360707773,0,"[[0, 1, 2, 3, 4, 5], [0, 1, 2, 3, 4, 5], [0, 1, 2, 3, 4, 5], [0, 1, 2, 3, 4, 5]]","[true, true, true, true, true]",0,0.0,0,1,1,0.32212970900002347
figure_eight--demand_aligned,figure_eight,demand_aligned,n1_d1_m0,factorial_combination,2.0,0.05,4,1.0,1423,error_peak_dynamic,26.569664847707077,8.828941268172176,8.828941268172176,0.4965288428802893,0.33229403979230476,0.8333333333333334,0.6666666666666666,3.0236737529939144,0.9712898913914667,0.32122840317337026,0.4984395345815938,3,"[[2, 4], [1, 4], [2, 3], [2, 4]]","[true, true, true, true, true]",0,0.0,0,1,1,0.2759235419999868
figure_eight--demand_aligned,figure_eight,demand_aligned,n1_d1_m0,factorial_combination,2.0,0.05,4,1.0,1423,violation_safe,26.569664847707077,8.68516361784404,8.68516361784404,0.48747801738220686,0.326882693764711,0.8333333333333334,0.6666666666666666,3.0236737529939144,1.069394675529713,0.35367396183891975,0.4898785062989765,0,"[[2, 4], [2, 4], [2, 4], [2, 4]]","[true, true, true, true, true]",0,4.0,0,1,1,0.27770054199999095
figure_eight--demand_aligned,figure_eight,demand_aligned,n1_d1_m0,factorial_combination,2.0,0.05,4,1.0,1423,dual_anchor_dynamic,26.569664847707077,8.207574686461479,8.207574686461479,0.48413496009091084,0.30890772365801145,0.8333333333333334,0.6666666666666666,3.0236737529939144,0.7028009521142048,0.2324327984850617,0.48649002589997103,1,"[[2, 4], [2, 4], [2, 4], [3, 4]]","[true, true, true, true, true]",0,4.0,0,1,1,0.3428514579999842
figure_eight--demand_aligned,figure_eight,demand_aligned,n1_d1_m0,factorial_combination,2.0,0.05,4,1.0,1451,full_trajectory,37.77333755542482,30.808685830428672,30.808685830428672,0.8482376080854696,0.815619900815571,0.8333333333333334,0.8333333333333334,4.343359200251718,2.922022646874169,0.6727563878909265,0.8503409998013395,0,"[[0, 1, 2, 3, 4, 5], [0, 1, 2, 3, 4, 5], [0, 1, 2, 3, 4, 5], [0, 1, 2, 3, 4, 5]]","[true, true, true, true, true]",0,0.0,0,1,1,0.3683279999999627
figure_eight--demand_aligned,figure_eight,demand_aligned,n1_d1_m0,factorial_combination,2.0,0.05,4,1.0,1451,error_peak_dynamic,37.77333755542482,27.865080022925305,27.865080022925305,0.7989329838930341,0.7376917642514081,0.8333333333333334,0.8333333333333334,4.343359200251718,3.2781640749968823,0.7547531585246041,0.8015061286926823,2,"[[2, 4], [2, 4], [3, 4], [2, 4]]","[true, true, true, true, true]",0,0.0,0,1,1,0.34776725000000397
figure_eight--demand_aligned,figure_eight,demand_aligned,n1_d1_m0,factorial_combination,2.0,0.05,4,1.0,1451,violation_safe,37.77333755542482,30.198789023603716,30.198789023603716,0.8345701326551415,0.7994736758247278,0.8333333333333334,0.8333333333333334,4.343359200251718,3.6577755915139307,0.8421536011347958,0.8370371092509985,0,"[[2, 4], [2, 4], [2, 4], [2, 4]]","[true, true, true, true, true]",0,4.0,0,1,1,0.315804667000009
figure_eight--demand_aligned,figure_eight,demand_aligned,n1_d1_m0,factorial_combination,2.0,0.05,4,1.0,1451,dual_anchor_dynamic,37.77333755542482,29.020925953922465,29.020925953922465,0.8219452183432887,0.7682912824777546,0.8333333333333334,0.8333333333333334,4.343359200251718,3.076312658246712,0.7082795864704041,0.8243575635986151,2,"[[2, 4], [2, 4], [3, 4], [2, 4]]","[true, true, true, true, true]",0,4.0,0,1,1,0.43986583299999893
figure_eight--demand_aligned,figure_eight,demand_aligned,n1_d1_m0,factorial_combination,2.0,0.05,4,1.0,1471,full_trajectory,31.161219395473136,22.456332711179854,22.456332711179854,0.7791227325259427,0.7206499985184193,0.8333333333333334,0.6666666666666666,3.600899491570089,2.054551195837026,0.5705661045654975,0.7775455071911241,0,"[[0, 1, 2, 3, 4, 5], [0, 1, 2, 3, 4, 5], [0, 1, 2, 3, 4, 5], [0, 1, 2, 3, 4, 5]]","[true, true, true, true, true]",0,0.0,0,1,1,0.33566608299997824
figure_eight--demand_aligned,figure_eight,demand_aligned,n1_d1_m0,factorial_combination,2.0,0.05,4,1.0,1471,error_peak_dynamic,31.161219395473136,20.67241838506582,20.67241838506582,0.7422515462418834,0.6634020999855016,0.8333333333333334,0.8333333333333334,3.600899491570089,2.473473386725339,0.6869043116909764,0.7414457196525163,2,"[[2, 4], [2, 4], [3, 4], [2, 4]]","[true, true, true, true, true]",0,0.0,0,1,1,0.29417712499997606
figure_eight--demand_aligned,figure_eight,demand_aligned,n1_d1_m0,factorial_combination,2.0,0.05,4,1.0,1471,violation_safe,31.161219395473136,19.240298312718977,19.240298312718977,0.7599079362529977,0.6174436907791246,0.8333333333333334,0.8333333333333334,3.600899491570089,2.3257013985696737,0.6458667907877665,0.7589971514790156,1,"[[2, 4], [2, 4], [2, 4], [3, 4]]","[true, true, true, true, true]",0,4.0,0,1,1,0.2772697080000057
figure_eight--demand_aligned,figure_eight,demand_aligned,n1_d1_m0,factorial_combination,2.0,0.05,4,1.0,1471,dual_anchor_dynamic,31.161219395473136,21.311911171283093,21.311911171283093,0.7592055598811551,0.6839241719269537,0.8333333333333334,0.8333333333333334,3.600899491570089,2.2407393490881855,0.6222721168235559,0.7584732284032314,2,"[[2, 4], [2, 4], [3, 4], [2, 4]]","[true, true, true, true, true]",0,4.0,0,1,1,0.4053471249999916
figure_eight--demand_aligned,figure_eight,demand_aligned,n1_d1_m0,factorial_combination,2.0,0.05,4,1.0,1499,full_trajectory,26.00422213793695,15.479297209054044,15.479297209054044,0.6847351230359453,0.5952609205899553,0.8333333333333334,0.6666666666666666,2.987066405035074,1.3577764423602168,0.4545518104557417,0.6821249187298923,0,"[[0, 1, 2, 3, 4, 5], [0, 1, 2, 3, 4, 5], [0, 1, 2, 3, 4, 5], [0, 1, 2, 3, 4, 5]]","[true, true, true, true, true]",0,0.0,0,1,1,0.325019124999983
figure_eight--demand_aligned,figure_eight,demand_aligned,n1_d1_m0,factorial_combination,2.0,0.05,4,1.0,1499,error_peak_dynamic,26.00422213793695,13.14323409343729,13.14323409343729,0.645513366130888,0.5054269273551134,0.8333333333333334,0.8333333333333334,2.987066405035074,1.6119450654058998,0.5396415234320753,0.6439870469632127,3,"[[2, 4], [3, 4], [2, 4], [3, 4]]","[true, true, true, true, true]",0,0.0,0,1,1,0.2816187920000175
figure_eight--demand_aligned,figure_eight,demand_aligned,n1_d1_m0,factorial_combination,2.0,0.05,4,1.0,1499,violation_safe,26.00422213793695,13.572563787717407,13.572563787717407,0.6746572313726464,0.5219369268468412,0.8333333333333334,0.8333333333333334,2.987066405035074,1.6609356089895304,0.5560424121103621,0.6733090826784889,1,"[[2, 4], [2, 4], [2, 4], [3, 4]]","[true, true, true, true, true]",0,4.0,0,1,1,0.2787122500000123
figure_eight--demand_aligned,figure_eight,demand_aligned,n1_d1_m0,factorial_combination,2.0,0.05,4,1.0,1499,dual_anchor_dynamic,26.00422213793695,14.797980267768843,14.797980267768843,0.6706439954421916,0.5690606775036127,0.8333333333333334,0.8333333333333334,2.987066405035074,1.5471022410988613,0.5179336617662824,0.668815126637543,2,"[[2, 4], [2, 4], [3, 4], [2, 4]]","[true, true, true, true, true]",0,4.0,0,1,1,0.33053799999999
figure_eight--demand_conflict,figure_eight,demand_conflict,n1_d1_m0,factorial_combination,2.0,0.05,4,1.0,1423,full_trajectory,10.488384070993728,2.8174468729475057,2.8174468729475057,0.4336802507995179,0.26862544829372986,1.0,0.6666666666666666,3.0236737529939144,0.703309666982837,0.2326010424525627,0.4342364217022227,0,"[[0, 1, 2, 3, 4, 5], [0, 1, 2, 3, 4, 5], [0, 1, 2, 3, 4, 5], [0, 1, 2, 3, 4, 5]]","[true, true, true, true, true]",0,0.0,0,1,1,0.31889549999999645
figure_eight--demand_conflict,figure_eight,demand_conflict,n1_d1_m0,factorial_combination,2.0,0.05,4,1.0,1423,error_peak_dynamic,10.488384070993728,2.8883375054986375,2.8883375054986375,0.4355563871653216,0.27538441441008177,1.0,0.8333333333333334,3.0236737529939144,0.746920594286884,0.2470242014527244,0.4360474979946576,1,"[[2, 4], [2, 4], [2, 4], [3, 4]]","[true, true, true, true, true]",0,0.0,0,1,1,0.3124351660000002
figure_eight--demand_conflict,figure_eight,demand_conflict,n1_d1_m0,factorial_combination,2.0,0.05,4,1.0,1423,violation_safe,10.488384070993728,3.1076049068991214,3.1076049068991214,0.4625007811138722,0.2962901516443695,1.0,0.6666666666666666,3.0236737529939144,0.8354024859533105,0.2762872433330911,0.4631624098884396,1,"[[1, 4], [2, 4], [2, 4], [2, 4]]","[true, true, true, true, true]",0,4.0,0,1,1,0.3206738750000113
figure_eight--demand_conflict,figure_eight,demand_conflict,n1_d1_m0,factorial_combination,2.0,0.05,4,1.0,1423,dual_anchor_dynamic,10.488384070993728,3.0051442444009027,3.0051442444009027,0.439172224904479,0.2865211861102431,1.0,0.6666666666666666,3.0236737529939144,0.7945052153631249,0.2627615544092478,0.4398439439946102,1,"[[1, 4], [2, 4], [2, 4], [2, 4]]","[true, true, true, true, true]",0,4.0,0,1,1,0.3087248340000315
figure_eight--demand_conflict,figure_eight,demand_conflict,n1_d1_m0,factorial_combination,2.0,0.05,4,1.0,1451,full_trajectory,15.02330691369831,10.52759430030632,10.52759430030632,0.7756700608354824,0.7007507974630551,1.0,1.0,4.343359200251718,2.9210357689614423,0.6725291725335898,0.7756940810538214,0,"[[0, 1, 2, 3, 4, 5], [0, 1, 2, 3, 4, 5], [0, 1, 2, 3, 4, 5], [0, 1, 2, 3, 4, 5]]","[true, true, true, true, true]",0,0.0,0,1,1,0.3754162079999901
figure_eight--demand_conflict,figure_eight,demand_conflict,n1_d1_m0,factorial_combination,2.0,0.05,4,1.0,1451,error_peak_dynamic,15.02330691369831,11.058140364884725,11.058140364884725,0.800908106347739,0.7360656630666228,1.0,1.0,4.343359200251718,3.130880656576468,0.7208431336728998,0.8001167909529253,2,"[[2, 4], [2, 4], [3, 4], [2, 4]]","[true, true, true, true, true]",0,0.0,0,1,1,0.4207035829999768
figure_eight--demand_conflict,figure_eight,demand_conflict,n1_d1_m0,factorial_combination,2.0,0.05,4,1.0,1451,violation_safe,15.02330691369831,10.969304723968897,11.125584981273802,0.7939830443596596,0.7301524748833456,1.0,1.0,4.343359200251718,3.0987537170600223,0.7134463382352616,0.7939407793828143,2,"[[2, 4], [2, 3], [2, 4], [2, 4]]","[true, true, true, false, false]",2,1.0,0,1,1,0.45921912500000417
figure_eight--demand_conflict,figure_eight,demand_conflict,n1_d1_m0,factorial_combination,2.0,0.05,4,1.0,1451,dual_anchor_dynamic,15.02330691369831,10.205979475562785,10.52933705727072,0.782446192648377,0.6793430723469367,1.0,1.0,4.343359200251718,2.9979494912092512,0.6902375219243911,0.7817061769248326,2,"[[2, 4], [2, 4], [3, 4], [2, 4]]","[true, true, true, true, false]",1,2.0,0,1,1,0.44778508300004205
figure_eight--demand_conflict,figure_eight,demand_conflict,n1_d1_m0,factorial_combination,2.0,0.05,4,1.0,1471,full_trajectory,12.478064958578528,7.5377696294161,7.5377696294161,0.7030723087253221,0.604081614772647,1.0,1.0,3.600899491570089,2.0551304678952014,0.570726973276088,0.7054114538303238,0,"[[0, 1, 2, 3, 4, 5], [0, 1, 2, 3, 4, 5], [0, 1, 2, 3, 4, 5], [0, 1, 2, 3, 4, 5]]","[true, true, true, true, true]",0,0.0,0,1,1,0.3400200000000382
figure_eight--demand_conflict,figure_eight,demand_conflict,n1_d1_m0,factorial_combination,2.0,0.05,4,1.0,1471,error_peak_dynamic,12.478064958578528,8.461134800285137,8.461134800285137,0.743845701788476,0.678080682250993,1.0,1.0,3.600899491570089,2.290593761286149,0.6361171053645234,0.7461048821735135,2,"[[2, 4], [2, 4], [3, 4], [2, 4]]","[true, true, true, true, true]",0,0.0,0,1,1,0.37542104100003826
figure_eight--demand_conflict,figure_eight,demand_conflict,n1_d1_m0,factorial_combination,2.0,0.05,4,1.0,1471,violation_safe,12.478064958578528,8.064488714826805,8.817222015706392,0.7394055866063678,0.6462932146608645,1.0,1.0,3.600899491570089,2.321445891899166,0.6446850008820859,0.7422019929174182,2,"[[2, 4], [2, 3], [2, 4], [2, 4]]","[true, true, true, false, false]",2,1.0,0,1,1,0.3872502920000329
figure_eight--demand_conflict,figure_eight,demand_conflict,n1_d1_m0,factorial_combination,2.0,0.05,4,1.0,1471,dual_anchor_dynamic,12.478064958578528,9.250411166330673,9.278982210685912,0.7775712687815644,0.7413337882947244,1.0,1.0,3.600899491570089,2.704431164194694,0.751043224207152,0.7803136877571589,0,"[[2, 4], [2, 4], [2, 4], [2, 4]]","[true, true, false, false, false]",3,0.5,0,1,1,0.4230097920000162
figure_eight--demand_conflict,figure_eight,demand_conflict,n1_d1_m0,factorial_combination,2.0,0.05,4,1.0,1499,full_trajectory,10.319427627843613,5.176551846050496,5.176551846050496,0.6150393509479437,0.5016316827576035,1.0,0.6666666666666666,2.987066405035074,1.3590425516396238,0.45497567424305924,0.6153068604607961,0,"[[0, 1, 2, 3, 4, 5], [0, 1, 2, 3, 4, 5], [0, 1, 2, 3, 4, 5], [0, 1, 2, 3, 4, 5]]","[true, true, true, true, true]",0,0.0,0,1,1,0.3259805829999891
figure_eight--demand_conflict,figure_eight,demand_conflict,n1_d1_m0,factorial_combination,2.0,0.05,4,1.0,1499,error_peak_dynamic,10.319427627843613,6.1139587802785975,6.1139587802785975,0.6711706246538585,0.5924707261652838,1.0,0.8333333333333334,2.987066405035074,1.5908764716077597,0.532588250775456,0.6700397265325869,2,"[[2, 4], [2, 4], [3, 4], [2, 4]]","[true, true, true, true, true]",0,0.0,0,1,1,0.337786417000018
figure_eight--demand_conflict,figure_eight,demand_conflict,n1_d1_m0,factorial_combination,2.0,0.05,4,1.0,1499,violation_safe,10.319427627843613,5.492177766974699,5.492177766974699,0.6391849443210695,0.5322172861754315,1.0,0.8333333333333334,2.987066405035074,1.548640983560424,0.5184487967692971,0.6386925566961212,3,"[[2, 4], [2, 3], [3, 4], [2, 4]]","[true, true, true, true, true]",0,4.0,0,1,1,0.3180455000000393
figure_eight--demand_conflict,figure_eight,demand_conflict,n1_d1_m0,factorial_combination,2.0,0.05,4,1.0,1499,dual_anchor_dynamic,10.319427627843613,5.1157593278898705,5.6523011499989835,0.6468822090381087,0.4957406081405776,1.0,1.0,2.987066405035074,1.4793256425596433,0.4952436410740836,0.6461345654259956,2,"[[2, 4], [2, 4], [3, 4], [2, 4]]","[true, true, true, true, false]",1,2.0,0,1,1,0.3336204170000201
s_curve--neutral,s_curve,neutral,n1_d1_m0,factorial_combination,2.0,0.05,4,1.0,1423,full_trajectory,6.296128345205927,1.9297767225377007,1.9297767225377007,0.5001336433571921,0.3065021258670964,0.6666666666666666,0.5,1.183970207535598,0.40195275203788866,0.33949566423173977,0.5032768325303851,0,"[[0, 1, 2, 3, 4, 5], [0, 1, 2, 3, 4, 5], [0, 1, 2, 3, 4, 5], [0, 1, 2, 3, 4, 5]]","[true, true, true, true, true]",0,0.0,0,1,1,0.24983633400000826
s_curve--neutral,s_curve,neutral,n1_d1_m0,factorial_combination,2.0,0.05,4,1.0,1423,error_peak_dynamic,6.296128345205927,1.4101976119778934,1.4101976119778934,0.4254363475994683,0.22397853643686644,0.6666666666666666,0.5,1.183970207535598,0.46143739350378044,0.3897373350840051,0.43031116806726294,2,"[[2, 4], [2, 4], [3, 4], [2, 3]]","[true, true, true, true, true]",0,0.0,0,1,1,0.21824729200000093
s_curve--neutral,s_curve,neutral,n1_d1_m0,factorial_combination,2.0,0.05,4,1.0,1423,violation_safe,6.296128345205927,1.6435773438772203,1.6435773438772203,0.44976474514963216,0.26104571790196945,0.6666666666666666,0.5,1.183970207535598,0.46531978360395543,0.39301646328796225,0.4548547672547302,3,"[[3, 4], [2, 4], [3, 4], [2, 3]]","[true, true, true, true, true]",0,4.0,0,1,1,0.22783299999997553
s_curve--neutral,s_curve,neutral,n1_d1_m0,factorial_combination,2.0,0.05,4,1.0,1423,dual_anchor_dynamic,6.296128345205927,1.4101976119778934,1.4101976119778934,0.4254363475994683,0.22397853643686644,0.6666666666666666,0.5,1.183970207535598,0.46143739350378044,0.3897373350840051,0.43031116806726294,2,"[[2, 4], [2, 4], [3, 4], [2, 3]]","[true, true, true, true, true]",0,4.0,0,1,1,0.21986087499999485
s_curve--neutral,s_curve,neutral,n1_d1_m0,factorial_combination,2.0,0.05,4,1.0,1451,full_trajectory,13.17711298543584,6.825867975831629,6.825867975831629,0.6836349421945382,0.5180093684691025,0.8333333333333334,0.5,1.8673130103949274,1.3285639011779773,0.7114843059423619,0.6861779509251851,0,"[[0, 1, 2, 3, 4, 5], [0, 1, 2, 3, 4, 5], [0, 1, 2, 3, 4, 5], [0, 1, 2, 3, 4, 5]]","[true, true, true, true, true]",0,0.0,0,1,1,0.3277352079999787
s_curve--neutral,s_curve,neutral,n1_d1_m0,factorial_combination,2.0,0.05,4,1.0,1451,error_peak_dynamic,13.17711298543584,7.54409042868285,7.54409042868285,0.7210546605249082,0.5725146651638371,0.8333333333333334,0.5,1.8673130103949274,1.4983365952096157,0.802402482534369,0.7230804583277723,3,"[[2, 4], [3, 4], [2, 4], [3, 4]]","[true, true, true, true, true]",0,0.0,0,1,1,0.267694707999965
s_curve--neutral,s_curve,neutral,n1_d1_m0,factorial_combination,2.0,0.05,4,1.0,1451,violation_safe,13.17711298543584,7.970538575117475,7.970538575117475,0.7229819773858635,0.6048774556252957,0.8333333333333334,0.5,1.8673130103949274,1.52043648859508,0.8142376131538415,0.7252401999717978,2,"[[2, 4], [2, 4], [3, 4], [2, 4]]","[true, true, true, true, true]",0,4.0,0,1,1,0.32332266700001355
s_curve--neutral,s_curve,neutral,n1_d1_m0,factorial_combination,2.0,0.05,4,1.0,1451,dual_anchor_dynamic,13.17711298543584,7.54409042868285,7.54409042868285,0.7210546605249082,0.5725146651638371,0.8333333333333334,0.5,1.8673130103949274,1.4983365952096157,0.802402482534369,0.7230804583277723,3,"[[2, 4], [3, 4], [2, 4], [3, 4]]","[true, true, true, true, true]",0,4.0,0,1,1,0.2694295839999654
s_curve--neutral,s_curve,neutral,n1_d1_m0,factorial_combination,2.0,0.05,4,1.0,1471,full_trajectory,10.84835026203419,4.845986637300022,4.845986637300022,0.5955098654146468,0.44670263406404287,0.8333333333333334,0.5,1.5495287460074516,0.9560044049194701,0.6169646141659076,0.6024528972635895,0,"[[0, 1, 2, 3, 4, 5], [0, 1, 2, 3, 4, 5], [0, 1, 2, 3, 4, 5], [0, 1, 2, 3, 4, 5]]","[true, true, true, true, true]",0,0.0,0,1,1,0.3042112499999803
s_curve--neutral,s_curve,neutral,n1_d1_m0,factorial_combination,2.0,0.05,4,1.0,1471,error_peak_dynamic,10.84835026203419,4.6637523275267405,4.6637523275267405,0.5972236885945763,0.429904290963798,0.8333333333333334,0.5,1.5495287460074516,1.1715058670854872,0.7560400993553775,0.6035707294613852,3,"[[2, 4], [3, 4], [2, 4], [3, 4]]","[true, true, true, true, true]",0,0.0,0,1,1,0.28951454099996
s_curve--neutral,s_curve,neutral,n1_d1_m0,factorial_combination,2.0,0.05,4,1.0,1471,violation_safe,10.84835026203419,4.6637523275267405,4.6637523275267405,0.5972236885945763,0.429904290963798,0.8333333333333334,0.5,1.5495287460074516,1.1715058670854872,0.7560400993553775,0.6035707294613852,3,"[[2, 4], [3, 4], [2, 4], [3, 4]]","[true, true, true, true, true]",0,4.0,0,1,1,0.29149458400002004
s_curve--neutral,s_curve,neutral,n1_d1_m0,factorial_combination,2.0,0.05,4,1.0,1471,dual_anchor_dynamic,10.84835026203419,4.6637523275267405,4.6637523275267405,0.5972236885945763,0.429904290963798,0.8333333333333334,0.5,1.5495287460074516,1.1715058670854872,0.7560400993553775,0.6035707294613852,3,"[[2, 4], [3, 4], [2, 4], [3, 4]]","[true, true, true, true, true]",0,4.0,0,1,1,0.29093974999995
s_curve--neutral,s_curve,neutral,n1_d1_m0,factorial_combination,2.0,0.05,4,1.0,1499,full_trajectory,8.681665868052448,3.2315450019259155,3.2315450019259155,0.5432247094869807,0.3722263734910182,0.6666666666666666,0.5,1.2686280503090368,0.6546233777005469,0.5160089102090097,0.5496413143640837,0,"[[0, 1, 2, 3, 4, 5], [0, 1, 2, 3, 4, 5], [0, 1, 2, 3, 4, 5], [0, 1, 2, 3, 4, 5]]","[true, true, true, true, true]",0,0.0,0,1,1,0.2843737919999967
s_curve--neutral,s_curve,neutral,n1_d1_m0,factorial_combination,2.0,0.05,4,1.0,1499,error_peak_dynamic,8.681665868052448,1.724837255333145,1.724837255333145,0.4560179942151945,0.19867583958515977,0.6666666666666666,0.5,1.2686280503090368,0.8045841065927557,0.6342159204163581,0.46237262230395554,2,"[[2, 4], [3, 4], [2, 4], [2, 4]]","[true, true, true, true, true]",0,0.0,0,1,1,0.2657707920000121
s_curve--neutral,s_curve,neutral,n1_d1_m0,factorial_combination,2.0,0.05,4,1.0,1499,violation_safe,8.681665868052448,1.724837255333145,1.724837255333145,0.4560179942151945,0.19867583958515977,0.6666666666666666,0.5,1.2686280503090368,0.8045841065927557,0.6342159204163581,0.46237262230395554,2,"[[2, 4], [3, 4], [2, 4], [2, 4]]","[true, true, true, true, true]",0,4.0,0,1,1,0.2674908340000002
s_curve--neutral,s_curve,neutral,n1_d1_m0,factorial_combination,2.0,0.05,4,1.0,1499,dual_anchor_dynamic,8.681665868052448,1.724837255333145,1.724837255333145,0.4560179942151945,0.19867583958515977,0.6666666666666666,0.5,1.2686280503090368,0.8045841065927557,0.6342159204163581,0.46237262230395554,2,"[[2, 4], [3, 4], [2, 4], [2, 4]]","[true, true, true, true, true]",0,4.0,0,1,1,0.26802254099999345
s_curve--demand_aligned,s_curve,demand_aligned,n1_d1_m0,factorial_combination,2.0,0.05,4,1.0,1423,full_trajectory,8.437484497313788,3.155133690946875,3.155133690946875,0.549835160783815,0.3739424578440842,0.6666666666666666,0.5,1.183970207535598,0.3989999769653949,0.3370017036120382,0.5581424811160041,0,"[[0, 1, 2, 3, 4, 5], [0, 1, 2, 3, 4, 5], [0, 1, 2, 3, 4, 5], [0, 1, 2, 3, 4, 5]]","[true, true, true, true, true]",0,0.0,0,1,1,0.24773016699998607
s_curve--demand_aligned,s_curve,demand_aligned,n1_d1_m0,factorial_combination,2.0,0.05,4,1.0,1423,error_peak_dynamic,8.437484497313788,1.8549452057857811,1.8549452057857811,0.44409307424280925,0.21984576165755723,0.6666666666666666,0.5,1.183970207535598,0.7575022934410041,0.639798441396363,0.45122278835639046,2,"[[2, 4], [2, 4], [3, 4], [2, 4]]","[true, true, true, true, true]",0,0.0,0,1,1,0.16106054199997288
s_curve--demand_aligned,s_curve,demand_aligned,n1_d1_m0,factorial_combination,2.0,0.05,4,1.0,1423,violation_safe,8.437484497313788,1.8463008499616231,1.8468770338699896,0.43080432388310774,0.2188212435293272,0.6666666666666666,0.5,1.183970207535598,0.8574255142663851,0.7241951772174177,0.4399961135208007,1,"[[2, 4], [2, 4], [2, 4], [3, 4]]","[true, true, true, true, false]",1,2.0,0,1,1,0.1647988330000203
s_curve--demand_aligned,s_curve,demand_aligned,n1_d1_m0,factorial_combination,2.0,0.05,4,1.0,1423,dual_anchor_dynamic,8.437484497313788,1.870527739655922,1.870527739655922,0.4321035298350121,0.22169258387987975,0.6666666666666666,0.5,1.183970207535598,0.49217549244478614,0.41569922056504793,0.44267435701505425,0,"[[2, 4], [2, 4], [2, 4], [2, 4]]","[true, true, true, true, true]",0,4.0,0,1,1,0.21953933300000017
s_curve--demand_aligned,s_curve,demand_aligned,n1_d1_m0,factorial_combination,2.0,0.05,4,1.0,1451,full_trajectory,17.603141578954947,9.340508069631351,9.340508069631351,0.6908826223427482,0.5306159714580829,0.8333333333333334,0.5,1.8673130103949274,1.324921545233661,0.7095337192308464,0.6906434462643021,0,"[[0, 1, 2, 3, 4, 5], [0, 1, 2, 3, 4, 5], [0, 1, 2, 3, 4, 5], [0, 1, 2, 3, 4, 5]]","[true, true, true, true, true]",0,0.0,0,1,1,0.3267764589999729
s_curve--demand_aligned,s_curve,demand_aligned,n1_d1_m0,factorial_combination,2.0,0.05,4,1.0,1451,error_peak_dynamic,17.603141578954947,7.463028249778154,7.463028249778154,0.6448857979432119,0.4239600196535609,0.8333333333333334,0.6666666666666666,1.8673130103949274,1.5410383070191738,0.8252704814032501,0.6449653835829956,3,"[[2, 4], [3, 4], [2, 4], [3, 4]]","[true, true, true, true, true]",0,0.0,0,1,1,0.2406232910000199
s_curve--demand_aligned,s_curve,demand_aligned,n1_d1_m0,factorial_combination,2.0,0.05,4,1.0,1451,violation_safe,17.603141578954947,7.873787739125296,7.873787739125296,0.6853781488677646,0.4472944618328033,0.8333333333333334,0.6666666666666666,1.8673130103949274,1.5463695536597282,0.8281255178170042,0.6856209042448662,1,"[[2, 4], [2, 4], [2, 4], [3, 4]]","[true, true, true, true, true]",0,4.0,0,1,1,0.2771941669999478
s_curve--demand_aligned,s_curve,demand_aligned,n1_d1_m0,factorial_combination,2.0,0.05,4,1.0,1451,dual_anchor_dynamic,17.603141578954947,10.203725178508016,10.203725178508016,0.7222843145157354,0.5796536449327236,0.8333333333333334,0.5,1.8673130103949274,1.4976067174547314,0.802011611935374,0.7222219018775312,3,"[[2, 4], [3, 4], [2, 4], [3, 4]]","[true, true, true, true, true]",0,4.0,0,1,1,0.294726374999982
s_curve--demand_aligned,s_curve,demand_aligned,n1_d1_m0,factorial_combination,2.0,0.05,4,1.0,1471,full_trajectory,14.502910792493818,7.224971968040798,7.224971968040798,0.6265924479646754,0.49817392324995763,0.6666666666666666,0.5,1.5495287460074516,0.9583534651297737,0.6184805977940632,0.6208930003952498,0,"[[0, 1, 2, 3, 4, 5], [0, 1, 2, 3, 4, 5], [0, 1, 2, 3, 4, 5], [0, 1, 2, 3, 4, 5]]","[true, true, true, true, true]",0,0.0,0,1,1,0.31152091699999573
s_curve--demand_aligned,s_curve,demand_aligned,n1_d1_m0,factorial_combination,2.0,0.05,4,1.0,1471,error_peak_dynamic,14.502910792493818,6.112537876243792,6.112537876243792,0.5816361782493842,0.4214697286428474,0.6666666666666666,0.6666666666666666,1.5495287460074516,1.3400480691068986,0.8648100737464178,0.5780678143643908,2,"[[2, 4], [3, 4], [2, 4], [2, 4]]","[true, true, true, true, true]",0,0.0,0,1,1,0.20437879199999998
s_curve--demand_aligned,s_curve,demand_aligned,n1_d1_m0,factorial_combination,2.0,0.05,4,1.0,1471,violation_safe,14.502910792493818,6.146093395358536,6.146093395358536,0.5963120813303141,0.42378343791092826,0.6666666666666666,0.6666666666666666,1.5495287460074516,1.33383709539415,0.8608017752693797,0.5929571362760013,0,"[[2, 4], [2, 4], [2, 4], [2, 4]]","[true, true, true, true, true]",0,4.0,0,1,1,0.20848541699996304
s_curve--demand_aligned,s_curve,demand_aligned,n1_d1_m0,factorial_combination,2.0,0.05,4,1.0,1471,dual_anchor_dynamic,14.502910792493818,6.404139721764784,6.404139721764784,0.6009160402177564,0.44157616449515324,0.6666666666666666,0.5,1.5495287460074516,1.1756988317545474,0.7587460605580101,0.5976987516298902,3,"[[2, 4], [3, 4], [2, 4], [3, 4]]","[true, true, true, true, true]",0,4.0,0,1,1,0.2849269159999608
s_curve--demand_aligned,s_curve,demand_aligned,n1_d1_m0,factorial_combination,2.0,0.05,4,1.0,1499,full_trajectory,11.639955057754795,5.216954051992812,5.216954051992812,0.5938809352512361,0.4481936593489819,0.6666666666666666,0.5,1.2686280503090368,0.6548277944103384,0.5161700423152578,0.5952946066909106,0,"[[0, 1, 2, 3, 4, 5], [0, 1, 2, 3, 4, 5], [0, 1, 2, 3, 4, 5], [0, 1, 2, 3, 4, 5]]","[true, true, true, true, true]",0,0.0,0,1,1,0.291056167000022
s_curve--demand_aligned,s_curve,demand_aligned,n1_d1_m0,factorial_combination,2.0,0.05,4,1.0,1499,error_peak_dynamic,11.639955057754795,3.277359003161156,3.277359003161156,0.4718194501037077,0.28156113893048984,0.6666666666666666,0.5,1.2686280503090368,1.1132344137680619,0.8775104834682466,0.473727522018484,3,"[[2, 4], [3, 4], [2, 4], [3, 4]]","[true, true, true, true, true]",0,0.0,0,1,1,0.18498087500000793
s_curve--demand_aligned,s_curve,demand_aligned,n1_d1_m0,factorial_combination,2.0,0.05,4,1.0,1499,violation_safe,11.639955057754795,2.800710183332665,2.800710183332665,0.4707498247594422,0.24061176949878085,0.6666666666666666,0.3333333333333333,1.2686280503090368,1.129572831946982,0.8903892923318375,0.4727289880639065,0,"[[2, 4], [2, 4], [2, 4], [2, 4]]","[true, true, true, true, true]",0,4.0,0,1,1,0.18703954100004694
s_curve--demand_aligned,s_curve,demand_aligned,n1_d1_m0,factorial_combination,2.0,0.05,4,1.0,1499,dual_anchor_dynamic,11.639955057754795,2.5438810133988046,2.5438810133988046,0.48063962726804255,0.2185473226293958,0.6666666666666666,0.5,1.2686280503090368,0.8044547190546163,0.6341139302876456,0.4824307074959415,2,"[[2, 4], [3, 4], [2, 4], [2, 4]]","[true, true, true, true, true]",0,4.0,0,1,1,0.26836920799996733
s_curve--demand_conflict,s_curve,demand_conflict,n1_d1_m0,factorial_combination,2.0,0.05,4,1.0,1423,full_trajectory,4.32866919583833,1.1664368806257075,1.1664368806257075,0.4777556331084958,0.2694677804779223,0.6666666666666666,0.3333333333333333,1.183970207535598,0.39926607250089036,0.3372264521182099,0.4876807181355474,0,"[[0, 1, 2, 3, 4, 5], [0, 1, 2, 3, 4, 5], [0, 1, 2, 3, 4, 5], [0, 1, 2, 3, 4, 5]]","[true, true, true, true, true]",0,0.0,0,1,1,0.24253041700001177
s_curve--demand_conflict,s_curve,demand_conflict,n1_d1_m0,factorial_combination,2.0,0.05,4,1.0,1423,error_peak_dynamic,4.32866919583833,0.8147332339016736,0.8147332339016736,0.4371714490939458,0.18821794806703515,0.6666666666666666,0.0,1.183970207535598,0.48980134230871875,0.4136939757362873,0.4469997552400899,1,"[[2, 4], [2, 4], [2, 4], [2, 3]]","[true, true, true, true, true]",0,0.0,0,1,1,0.2156609169999797
s_curve--demand_conflict,s_curve,demand_conflict,n1_d1_m0,factorial_combination,2.0,0.05,4,1.0,1423,violation_safe,4.32866919583833,1.052700228453169,1.052700228453169,0.4657794961858543,0.24319257971139405,0.6666666666666666,0.3333333333333333,1.183970207535598,0.5155442406685125,0.4354368356460623,0.476194719758654,3,"[[3, 4], [2, 4], [3, 4], [2, 3]]","[true, true, true, true, true]",0,4.0,0,1,1,0.21288779200000363
s_curve--demand_conflict,s_curve,demand_conflict,n1_d1_m0,factorial_combination,2.0,0.05,4,1.0,1423,dual_anchor_dynamic,4.32866919583833,0.8159181750410742,0.8159181750410742,0.4205486630587324,0.1884916906622281,0.6666666666666666,0.0,1.183970207535598,0.4592706763143297,0.3879072914092063,0.43093552366154075,2,"[[2, 4], [2, 4], [3, 4], [2, 3]]","[true, true, true, true, true]",0,4.0,0,1,1,0.21941299999997455
s_curve--demand_conflict,s_curve,demand_conflict,n1_d1_m0,factorial_combination,2.0,0.05,4,1.0,1451,full_trajectory,8.913029293934688,4.5315140522672195,4.5315140522672195,0.6795913655724011,0.508414580814955,1.0,0.6666666666666666,1.8673130103949274,1.3255648380422635,0.709878221092624,0.6816072069969472,0,"[[0, 1, 2, 3, 4, 5], [0, 1, 2, 3, 4, 5], [0, 1, 2, 3, 4, 5], [0, 1, 2, 3, 4, 5]]","[true, true, true, true, true]",0,0.0,0,1,1,0.3300316250000037
s_curve--demand_conflict,s_curve,demand_conflict,n1_d1_m0,factorial_combination,2.0,0.05,4,1.0,1451,error_peak_dynamic,8.913029293934688,4.697325186530084,4.697325186530084,0.7028581784479897,0.5270178108498546,1.0,0.5,1.8673130103949274,1.500787103027462,0.8037148001823503,0.7040553953611033,3,"[[2, 4], [3, 4], [2, 4], [3, 4]]","[true, true, true, true, true]",0,0.0,0,1,1,0.29433591700001216
s_curve--demand_conflict,s_curve,demand_conflict,n1_d1_m0,factorial_combination,2.0,0.05,4,1.0,1451,violation_safe,8.913029293934688,5.10296025197728,5.4071283068256255,0.6698558061434688,0.5725281589111171,1.0,1.0,1.8673130103949274,1.6589676495518089,0.8884250472827507,0.6711038142037175,1,"[[1, 4], [1, 4], [2, 4], [2, 4]]","[true, true, true, false, false]",2,1.0,0,1,1,0.27809216600002173
s_curve--demand_conflict,s_curve,demand_conflict,n1_d1_m0,factorial_combination,2.0,0.05,4,1.0,1451,dual_anchor_dynamic,8.913029293934688,5.0116836773834255,5.0116836773834255,0.7197123124526634,0.5622873561959315,1.0,0.5,1.8673130103949274,1.49592153312653,0.8011091471001694,0.721072151843315,3,"[[2, 4], [3, 4], [2, 4], [3, 4]]","[true, true, true, true, true]",0,4.0,0,1,1,0.27827712499998825
s_curve--demand_conflict,s_curve,demand_conflict,n1_d1_m0,factorial_combination,2.0,0.05,4,1.0,1471,full_trajectory,7.340774527365159,3.2205172365590116,3.2205172365590116,0.5950027469904487,0.43871627231615284,1.0,0.5,1.5495287460074516,0.9601424595838721,0.6196351387851277,0.5947824569154698,0,"[[0, 1, 2, 3, 4, 5], [0, 1, 2, 3, 4, 5], [0, 1, 2, 3, 4, 5], [0, 1, 2, 3, 4, 5]]","[true, true, true, true, true]",0,0.0,0,1,1,0.38417966700001216
s_curve--demand_conflict,s_curve,demand_conflict,n1_d1_m0,factorial_combination,2.0,0.05,4,1.0,1471,error_peak_dynamic,7.340774527365159,3.226385835370124,3.226385835370124,0.6023790501061177,0.4395157245795666,1.0,0.5,1.5495287460074516,1.2241416064555117,0.7900089686039454,0.6030710191094549,2,"[[2, 4], [3, 4], [2, 4], [2, 4]]","[true, true, true, true, true]",0,0.0,0,1,1,0.28115195800000947
s_curve--demand_conflict,s_curve,demand_conflict,n1_d1_m0,factorial_combination,2.0,0.05,4,1.0,1471,violation_safe,7.340774527365159,3.0995668415759967,3.2038992621968423,0.5589217248964471,0.4222397554946469,1.0,0.6666666666666666,1.5495287460074516,1.3022896899808236,0.840442420533553,0.5601077346436377,2,"[[1, 4], [3, 4], [3, 4], [2, 4]]","[true, true, true, true, false]",1,2.0,0,1,1,0.262477041000011
s_curve--demand_conflict,s_curve,demand_conflict,n1_d1_m0,factorial_combination,2.0,0.05,4,1.0,1471,dual_anchor_dynamic,7.340774527365159,3.0995303883337413,3.0995303883337413,0.5998504791858736,0.42223478963687266,1.0,0.5,1.5495287460074516,1.1728684546017312,0.7569194554304131,0.6003873665806785,3,"[[2, 4], [3, 4], [2, 4], [3, 4]]","[true, true, true, true, true]",0,4.0,0,1,1,0.2922669999999812
s_curve--demand_conflict,s_curve,demand_conflict,n1_d1_m0,factorial_combination,2.0,0.05,4,1.0,1499,full_trajectory,5.853004363431806,2.1220994781832307,2.1220994781832307,0.5345167377233034,0.36256584591694635,0.8333333333333334,0.5,1.2686280503090368,0.6556745499096348,0.5168374999669233,0.5337046590746702,0,"[[0, 1, 2, 3, 4, 5], [0, 1, 2, 3, 4, 5], [0, 1, 2, 3, 4, 5], [0, 1, 2, 3, 4, 5]]","[true, true, true, true, true]",0,0.0,0,1,1,0.2915176669999937
s_curve--demand_conflict,s_curve,demand_conflict,n1_d1_m0,factorial_combination,2.0,0.05,4,1.0,1499,error_peak_dynamic,5.853004363431806,1.3672951673980451,1.3672951673980451,0.46821884844906664,0.23360569760388078,0.8333333333333334,0.5,1.2686280503090368,0.8631334615238518,0.6803676312482553,0.46691313914159155,2,"[[2, 4], [3, 4], [2, 4], [2, 4]]","[true, true, true, true, true]",0,0.0,0,1,1,0.2540099159999727
s_curve--demand_conflict,s_curve,demand_conflict,n1_d1_m0,factorial_combination,2.0,0.05,4,1.0,1499,violation_safe,5.853004363431806,1.5262960008034343,1.5262960008034343,0.45420359326160265,0.2607713758662769,0.8333333333333334,0.6666666666666666,1.2686280503090368,0.8174185717810346,0.6443327274546011,0.45324227610193807,3,"[[1, 4], [2, 4], [3, 4], [2, 3]]","[true, true, true, true, true]",0,4.0,0,1,1,0.23400474999999687
s_curve--demand_conflict,s_curve,demand_conflict,n1_d1_m0,factorial_combination,2.0,0.05,4,1.0,1499,dual_anchor_dynamic,5.853004363431806,1.6968053090870163,1.6968053090870163,0.47890662694296116,0.2899033049912378,0.8333333333333334,0.5,1.2686280503090368,0.7522468822181207,0.5929609407854998,0.47735751389213815,3,"[[2, 4], [3, 4], [2, 4], [2, 3]]","[true, true, true, true, true]",0,4.0,0,1,1,0.2709110830000441
harmonic_loop--neutral,harmonic_loop,neutral,n1_d0_m1,factorial_combination,2.0,0.05,0,1.7,1423,full_trajectory,4.086705513950515,0.42826045024786136,0.42826045024786136,0.3366676346139233,0.10479356752913492,0.8333333333333334,0.0,0.6732543013377579,0.07582214085165997,0.11262035860892564,0.34043641036393324,0,"[[0, 1, 2, 3, 4, 5], [0, 1, 2, 3, 4, 5], [0, 1, 2, 3, 4, 5], [0, 1, 2, 3, 4, 5]]","[true, true, true, true, true]",0,0.0,0,1,1,0.24749304200003053
harmonic_loop--neutral,harmonic_loop,neutral,n1_d0_m1,factorial_combination,2.0,0.05,0,1.7,1423,error_peak_dynamic,4.086705513950515,0.3565091565840109,0.3565091565840109,0.3141866374119467,0.08723632162068426,0.8333333333333334,0.0,0.6732543013377579,0.0953156504961021,0.14157451397890766,0.3239951675241128,3,"[[2, 4], [1, 2], [3, 4], [1, 2]]","[true, true, true, true, true]",0,0.0,0,1,1,0.22767145900002106
harmonic_loop--neutral,harmonic_loop,neutral,n1_d0_m1,factorial_combination,2.0,0.05,0,1.7,1423,violation_safe,4.086705513950515,0.4056203538061034,0.4056203538061034,0.31568880086165096,0.09925362921831879,0.8333333333333334,0.0,0.6732543013377579,0.09874797030507826,0.1466726170317305,0.32521077629372125,3,"[[2, 4], [1, 2], [3, 4], [1, 4]]","[true, true, true, true, true]",0,4.0,0,1,1,0.2164784170000189
harmonic_loop--neutral,harmonic_loop,neutral,n1_d0_m1,factorial_combination,2.0,0.05,0,1.7,1423,dual_anchor_dynamic,4.086705513950515,0.3565091565840109,0.3565091565840109,0.3141866374119467,0.08723632162068426,0.8333333333333334,0.0,0.6732543013377579,0.0953156504961021,0.14157451397890766,0.3239951675241128,3,"[[2, 4], [1, 2], [3, 4], [1, 2]]","[true, true, true, true, true]",0,4.0,0,1,1,0.22237649999999576
harmonic_loop--neutral,harmonic_loop,neutral,n1_d0_m1,factorial_combination,2.0,0.05,0,1.7,1451,full_trajectory,8.037612244437838,2.0554431848465855,2.0554431848465855,0.4692843954517698,0.25572808470189473,0.6666666666666666,0.5,1.1345487217651737,0.40599445106695375,0.35784664270326993,0.4705301190753667,0,"[[0, 1, 2, 3, 4, 5], [0, 1, 2, 3, 4, 5], [0, 1, 2, 3, 4, 5], [0, 1, 2, 3, 4, 5]]","[true, true, true, true, true]",0,0.0,0,1,1,0.293247708000024
harmonic_loop--neutral,harmonic_loop,neutral,n1_d0_m1,factorial_combination,2.0,0.05,0,1.7,1451,error_peak_dynamic,8.037612244437838,1.9929073382985343,1.9929073382985343,0.4104737664950949,0.24794768367653708,0.6666666666666666,0.5,1.1345487217651737,0.42397640457921965,0.3736960753166961,0.4148213073649401,3,"[[1, 3], [3, 4], [1, 3], [1, 4]]","[true, true, true, true, true]",0,0.0,0,1,1,0.242830749999996
harmonic_loop--neutral,harmonic_loop,neutral,n1_d0_m1,factorial_combination,2.0,0.05,0,1.7,1451,violation_safe,8.037612244437838,1.8536504954986168,1.9776809025306978,0.3951767077008001,0.23062203539134074,0.6666666666666666,0.6666666666666666,1.1345487217651737,0.5141282197311324,0.4531565809983306,0.39965703710648004,3,"[[3, 4], [1, 3], [3, 4], [1, 4]]","[true, true, true, true, false]",1,2.0,0,1,1,0.24479837500001622
harmonic_loop--neutral,harmonic_loop,neutral,n1_d0_m1,factorial_combination,2.0,0.05,0,1.7,1451,dual_anchor_dynamic,8.037612244437838,2.1002353820150175,2.2023705570917578,0.41373131383040856,0.2613009085463678,0.6666666666666666,0.6666666666666666,1.1345487217651737,0.5978862581106791,0.5269815624845666,0.4175355927814115,2,"[[1, 3], [3, 4], [1, 3], [1, 3]]","[true, true, true, false, false]",2,1.0,0,1,1,0.24616545800000722
harmonic_loop--neutral,harmonic_loop,neutral,n1_d0_m1,factorial_combination,2.0,0.05,0,1.7,1471,full_trajectory,7.170582517098097,1.6428921123404,1.6428921123404,0.4523329272570582,0.22911557163214558,0.6666666666666666,0.5,1.0340977461595522,0.32372763802794186,0.3130532285078528,0.45258958917177455,0,"[[0, 1, 2, 3, 4, 5], [0, 1, 2, 3, 4, 5], [0, 1, 2, 3, 4, 5], [0, 1, 2, 3, 4, 5]]","[true, true, true, true, true]",0,0.0,0,1,1,0.2898591659999852
harmonic_loop--neutral,harmonic_loop,neutral,n1_d0_m1,factorial_combination,2.0,0.05,0,1.7,1471,error_peak_dynamic,7.170582517098097,1.5551280195995898,1.5551280195995898,0.38980273373842034,0.21687610677255592,0.6666666666666666,0.5,1.0340977461595522,0.34907627703833355,0.33756603602970636,0.3931910379685339,3,"[[1, 3], [3, 4], [1, 3], [1, 4]]","[true, true, true, true, true]",0,0.0,0,1,1,0.24639087500003143
harmonic_loop--neutral,harmonic_loop,neutral,n1_d0_m1,factorial_combination,2.0,0.05,0,1.7,1471,violation_safe,7.170582517098097,1.46431197128258,1.5401312957131883,0.3806385711801654,0.20421102020525672,0.6666666666666666,0.5,1.0340977461595522,0.43283537060543464,0.4185633052706141,0.38534304785331147,2,"[[1, 3], [3, 4], [3, 4], [1, 4]]","[true, true, true, true, false]",1,2.0,0,1,1,0.25103691599997546
harmonic_loop--neutral,harmonic_loop,neutral,n1_d0_m1,factorial_combination,2.0,0.05,0,1.7,1471,dual_anchor_dynamic,7.170582517098097,1.5551280195995898,1.5551280195995898,0.38980273373842034,0.21687610677255592,0.6666666666666666,0.5,1.0340977461595522,0.34907627703833355,0.33756603602970636,0.3931910379685339,3,"[[1, 3], [3, 4], [1, 3], [1, 4]]","[true, true, true, true, true]",0,4.0,0,1,1,0.24716337500001373
harmonic_loop--neutral,harmonic_loop,neutral,n1_d0_m1,factorial_combination,2.0,0.05,0,1.7,1499,full_trajectory,4.993270750288029,0.9054302839279065,0.9054302839279065,0.42485696560113284,0.18133009989007268,0.5,0.16666666666666666,0.7377398036122544,0.17580561485401813,0.2383030087209705,0.42498309211508417,0,"[[0, 1, 2, 3, 4, 5], [0, 1, 2, 3, 4, 5], [0, 1, 2, 3, 4, 5], [0, 1, 2, 3, 4, 5]]","[true, true, true, true, true]",0,0.0,0,1,1,0.26208704200001876
harmonic_loop--neutral,harmonic_loop,neutral,n1_d0_m1,factorial_combination,2.0,0.05,0,1.7,1499,error_peak_dynamic,4.993270750288029,0.8776375208789778,0.8776375208789778,0.36302371074329604,0.1757640562207352,0.5,0.16666666666666666,0.7377398036122544,0.20981549800808222,0.2844031147306216,0.3676355297176195,3,"[[1, 3], [3, 4], [1, 3], [1, 4]]","[true, true, true, true, true]",0,0.0,0,1,1,0.22662933399999474
harmonic_loop--neutral,harmonic_loop,neutral,n1_d0_m1,factorial_combination,2.0,0.05,0,1.7,1499,violation_safe,4.993270750288029,0.9170587079740007,0.8996611866653696,0.3576491668113424,0.18365891894027608,0.5,0.16666666666666666,0.7377398036122544,0.2677998776978248,0.3630004459384933,0.3602222752244854,3,"[[3, 4], [1, 3], [3, 4], [1, 4]]","[true, true, true, true, false]",1,2.0,0,1,1,0.22253945799997155
harmonic_loop--neutral,harmonic_loop,neutral,n1_d0_m1,factorial_combination,2.0,0.05,0,1.7,1499,dual_anchor_dynamic,4.993270750288029,0.8776375208789778,0.8776375208789778,0.36302371074329604,0.1757640562207352,0.5,0.16666666666666666,0.7377398036122544,0.20981549800808222,0.2844031147306216,0.3676355297176195,3,"[[1, 3], [3, 4], [1, 3], [1, 4]]","[true, true, true, true, true]",0,4.0,0,1,1,0.22773004200001878
harmonic_loop--demand_aligned,harmonic_loop,demand_aligned,n1_d0_m1,factorial_combination,2.0,0.05,0,1.7,1423,full_trajectory,5.320092575834214,0.5308872286491954,0.5308872286491954,0.33613675057952636,0.0997890959756372,0.8333333333333334,0.0,0.6732543013377579,0.07289033145846192,0.10826567511507712,0.34145246538638907,0,"[[0, 1, 2, 3, 4, 5], [0, 1, 2, 3, 4, 5], [0, 1, 2, 3, 4, 5], [0, 1, 2, 3, 4, 5]]","[true, true, true, true, true]",0,0.0,0,1,1,0.25141095899999755
harmonic_loop--demand_aligned,harmonic_loop,demand_aligned,n1_d0_m1,factorial_combination,2.0,0.05,0,1.7,1423,error_peak_dynamic,5.320092575834214,0.6340245780736945,0.6340245780736945,0.40289291068108085,0.11917547844066917,0.8333333333333334,0.0,0.6732543013377579,0.18462405812554358,0.2742263328413872,0.40862540029422517,3,"[[2, 4], [1, 3], [2, 4], [1, 3]]","[true, true, true, true, true]",0,0.0,0,1,1,0.16329600000000255
harmonic_loop--demand_aligned,harmonic_loop,demand_aligned,n1_d0_m1,factorial_combination,2.0,0.05,0,1.7,1423,violation_safe,5.320092575834214,0.912056512712544,1.0414179117590514,0.3771332365402543,0.17143621087637362,0.8333333333333334,0.3333333333333333,0.6732543013377579,0.2136297728793277,0.317309183847537,0.38561721552192785,3,"[[2, 3], [1, 2], [3, 4], [1, 2]]","[true, true, true, true, false]",1,2.0,0,1,1,0.16337262500002225
harmonic_loop--demand_aligned,harmonic_loop,demand_aligned,n1_d0_m1,factorial_combination,2.0,0.05,0,1.7,1423,dual_anchor_dynamic,5.320092575834214,0.5326309604621556,0.5326309604621556,0.32563831893335204,0.10011685940984529,0.8333333333333334,0.0,0.6732543013377579,0.09231776131238051,0.13712168066203945,0.3337173996724754,3,"[[2, 4], [1, 2], [3, 4], [1, 2]]","[true, true, true, true, true]",0,4.0,0,1,1,0.28209295799996426
harmonic_loop--demand_aligned,harmonic_loop,demand_aligned,n1_d0_m1,factorial_combination,2.0,0.05,0,1.7,1451,full_trajectory,13.621047961251062,3.150869011544845,3.150869011544845,0.4518200926005126,0.23132353843172615,0.6666666666666666,0.6666666666666666,1.1345487217651737,0.40557923526571354,0.35748066829135206,0.45288888694346413,0,"[[0, 1, 2, 3, 4, 5], [0, 1, 2, 3, 4, 5], [0, 1, 2, 3, 4, 5], [0, 1, 2, 3, 4, 5]]","[true, true, true, true, true]",0,0.0,0,1,1,0.2951271670000324
harmonic_loop--demand_aligned,harmonic_loop,demand_aligned,n1_d0_m1,factorial_combination,2.0,0.05,0,1.7,1451,error_peak_dynamic,13.621047961251062,2.2891477347850064,2.2891477347850064,0.39258342960618237,0.16805958993002132,0.6666666666666666,0.6666666666666666,1.1345487217651737,0.5860558540157871,0.5165541530062977,0.3949431908817223,3,"[[1, 3], [3, 4], [1, 2], [3, 4]]","[true, true, true, true, true]",0,0.0,0,1,1,0.23322512500004677
harmonic_loop--demand_aligned,harmonic_loop,demand_aligned,n1_d0_m1,factorial_combination,2.0,0.05,0,1.7,1451,violation_safe,13.621047961251062,1.9667959205949463,1.9667959205949463,0.3509870848284274,0.14439387675530221,0.6666666666666666,0.6666666666666666,1.1345487217651737,0.5865216078362249,0.5169646720183972,0.353486686424139,3,"[[2, 3], [3, 4], [1, 3], [3, 4]]","[true, true, true, true, true]",0,4.0,0,1,1,0.18345483400003104
harmonic_loop--demand_aligned,harmonic_loop,demand_aligned,n1_d0_m1,factorial_combination,2.0,0.05,0,1.7,1451,dual_anchor_dynamic,13.621047961251062,2.001569414850119,2.001569414850119,0.364761865185361,0.14694680031552282,0.6666666666666666,0.6666666666666666,1.1345487217651737,0.46487959655062927,0.40974846441795115,0.36763626937150035,3,"[[1, 3], [3, 4], [1, 3], [3, 4]]","[true, true, true, true, true]",0,4.0,0,1,1,0.25035908400002427
harmonic_loop--demand_aligned,harmonic_loop,demand_aligned,n1_d0_m1,factorial_combination,2.0,0.05,0,1.7,1471,full_trajectory,12.155757031808808,2.6091110203623686,2.6091110203623686,0.4396503981029578,0.21463994496886768,0.6666666666666666,0.5,1.0340977461595522,0.3257606749474423,0.31501922923365533,0.43892364343657053,0,"[[0, 1, 2, 3, 4, 5], [0, 1, 2, 3, 4, 5], [0, 1, 2, 3, 4, 5], [0, 1, 2, 3, 4, 5]]","[true, true, true, true, true]",0,0.0,0,1,1,0.28666945800000576
harmonic_loop--demand_aligned,harmonic_loop,demand_aligned,n1_d0_m1,factorial_combination,2.0,0.05,0,1.7,1471,error_peak_dynamic,12.155757031808808,2.593251780059934,2.593251780059934,0.35547510364726886,0.21333527589223716,0.6666666666666666,0.5,1.0340977461595522,0.456651154006281,0.4415938006848955,0.3592802924615249,3,"[[1, 3], [3, 4], [1, 3], [1, 4]]","[true, true, true, true, true]",0,0.0,0,1,1,0.18247550000000956
harmonic_loop--demand_aligned,harmonic_loop,demand_aligned,n1_d0_m1,factorial_combination,2.0,0.05,0,1.7,1471,violation_safe,12.155757031808808,1.6320026097910298,1.6320026097910298,0.3455903925618801,0.134257587209127,0.6666666666666666,0.6666666666666666,1.0340977461595522,0.49429407605259135,0.4779955066030345,0.34966102732716187,3,"[[1, 3], [3, 4], [1, 3], [3, 4]]","[true, true, true, true, true]",0,4.0,0,1,1,0.19382312499999443
harmonic_loop--demand_aligned,harmonic_loop,demand_aligned,n1_d0_m1,factorial_combination,2.0,0.05,0,1.7,1471,dual_anchor_dynamic,12.155757031808808,1.6346866418551316,1.6346866418551316,0.35051940691942757,0.13447839057473215,0.6666666666666666,0.5,1.0340977461595522,0.3810757243634473,0.36851035192629716,0.3543466886162071,2,"[[1, 3], [3, 4], [3, 4], [1, 3]]","[true, true, true, true, true]",0,4.0,0,1,1,0.24522150000001375
harmonic_loop--demand_aligned,harmonic_loop,demand_aligned,n1_d0_m1,factorial_combination,2.0,0.05,0,1.7,1499,full_trajectory,8.46060470931158,1.403315548985929,1.403315548985929,0.41600744383181043,0.1658646866507623,0.6666666666666666,0.16666666666666666,0.7377398036122544,0.17558353452765912,0.23800198073620998,0.41727823112326234,0,"[[0, 1, 2, 3, 4, 5], [0, 1, 2, 3, 4, 5], [0, 1, 2, 3, 4, 5], [0, 1, 2, 3, 4, 5]]","[true, true, true, true, true]",0,0.0,0,1,1,0.2616778329999647
harmonic_loop--demand_aligned,harmonic_loop,demand_aligned,n1_d0_m1,factorial_combination,2.0,0.05,0,1.7,1499,error_peak_dynamic,8.46060470931158,1.5777913634313938,1.5777913634313938,0.3397046734462646,0.18648683133664273,0.6666666666666666,0.3333333333333333,0.7377398036122544,0.3059206640016897,0.41467284604109184,0.3431549215833711,2,"[[1, 3], [3, 4], [3, 4], [1, 2]]","[true, true, true, true, true]",0,0.0,0,1,1,0.16251999999997224
harmonic_loop--demand_aligned,harmonic_loop,demand_aligned,n1_d0_m1,factorial_combination,2.0,0.05,0,1.7,1499,violation_safe,8.46060470931158,0.9524470200756519,0.9524470200756519,0.3310889083009324,0.11257434341866922,0.6666666666666666,0.16666666666666666,0.7377398036122544,0.31848918918489977,0.43170937453212593,0.33501803386591994,3,"[[1, 3], [3, 4], [1, 3], [3, 4]]","[true, true, true, true, true]",0,4.0,0,1,1,0.17350062500003105
harmonic_loop--demand_aligned,harmonic_loop,demand_aligned,n1_d0_m1,factorial_combination,2.0,0.05,0,1.7,1499,dual_anchor_dynamic,8.46060470931158,0.8848150270790232,0.8848150270790232,0.3334402687577453,0.10458058938803896,0.6666666666666666,0.16666666666666666,0.7377398036122544,0.2220760574029486,0.30102219822704407,0.33647983713500096,2,"[[1, 3], [3, 4], [3, 4], [1, 3]]","[true, true, true, true, true]",0,4.0,0,1,1,0.22728083399999832
harmonic_loop--demand_conflict,harmonic_loop,demand_conflict,n1_d0_m1,factorial_combination,2.0,0.05,0,1.7,1423,full_trajectory,2.9388292770324824,0.34326636586308507,0.34326636586308507,0.36304076305922944,0.11680377915987768,0.6666666666666666,0.0,0.6732543013377579,0.0743521437243569,0.11043693828115025,0.3900675328178711,0,"[[0, 1, 2, 3, 4, 5], [0, 1, 2, 3, 4, 5], [0, 1, 2, 3, 4, 5], [0, 1, 2, 3, 4, 5]]","[true, true, true, true, true]",0,0.0,0,1,1,0.25427416699994865
harmonic_loop--demand_conflict,harmonic_loop,demand_conflict,n1_d0_m1,factorial_combination,2.0,0.05,0,1.7,1423,error_peak_dynamic,2.9388292770324824,0.38749000398403066,0.38749000398403066,0.3863307996332604,0.1318518251510354,0.6666666666666666,0.0,0.6732543013377579,0.12172186995356243,0.1807962752138394,0.40696682809980045,3,"[[2, 4], [1, 2], [3, 4], [1, 2]]","[true, true, true, true, true]",0,0.0,0,1,1,0.19269395800000666
harmonic_loop--demand_conflict,harmonic_loop,demand_conflict,n1_d0_m1,factorial_combination,2.0,0.05,0,1.7,1423,violation_safe,2.9388292770324824,0.3861546737943615,0.3861546737943615,0.37404668436957184,0.13139745027458205,0.6666666666666666,0.0,0.6732543013377579,0.12507128367354445,0.18577123595798425,0.3930882090544936,3,"[[2, 4], [1, 4], [1, 2], [3, 4]]","[true, true, true, true, true]",0,4.0,0,1,1,0.19197912499998893
harmonic_loop--demand_conflict,harmonic_loop,demand_conflict,n1_d0_m1,factorial_combination,2.0,0.05,0,1.7,1423,dual_anchor_dynamic,2.9388292770324824,0.27979381988088126,0.27979381988088126,0.35014224790697007,0.09520587741095542,0.6666666666666666,0.0,0.6732543013377579,0.0931814195543589,0.1384044919864711,0.37643856040614676,3,"[[2, 4], [1, 2], [3, 4], [1, 4]]","[true, true, true, true, true]",0,4.0,0,1,1,0.21856612499999528
harmonic_loop--demand_conflict,harmonic_loop,demand_conflict,n1_d0_m1,factorial_combination,2.0,0.05,0,1.7,1451,full_trajectory,4.363722066671135,1.8567874703648184,1.8567874703648184,0.5863545232584035,0.42550543824649867,0.8333333333333334,0.5,1.1345487217651737,0.40619176990722766,0.35802056105202706,0.5860233033404977,0,"[[0, 1, 2, 3, 4, 5], [0, 1, 2, 3, 4, 5], [0, 1, 2, 3, 4, 5], [0, 1, 2, 3, 4, 5]]","[true, true, true, true, true]",0,0.0,0,1,1,0.2848654169999918
harmonic_loop--demand_conflict,harmonic_loop,demand_conflict,n1_d0_m1,factorial_combination,2.0,0.05,0,1.7,1451,error_peak_dynamic,4.363722066671135,1.3708102742363426,1.3708102742363426,0.5150973965412191,0.31413785142417766,0.8333333333333334,0.6666666666666666,1.1345487217651737,0.5046513463348453,0.4448035916427544,0.519407766588882,3,"[[1, 3], [3, 4], [1, 3], [1, 4]]","[true, true, true, true, true]",0,0.0,0,1,1,0.2105680000000234
harmonic_loop--demand_conflict,harmonic_loop,demand_conflict,n1_d0_m1,factorial_combination,2.0,0.05,0,1.7,1451,violation_safe,4.363722066671135,1.6772835125773058,1.8380142455172548,0.512708796471403,0.3843699224998583,0.8333333333333334,0.6666666666666666,1.1345487217651737,0.5808630792592995,0.5119772012572283,0.516442966346828,3,"[[3, 4], [1, 3], [1, 4], [1, 3]]","[true, true, true, true, false]",1,2.0,0,1,1,0.21645358400002124
harmonic_loop--demand_conflict,harmonic_loop,demand_conflict,n1_d0_m1,factorial_combination,2.0,0.05,0,1.7,1451,dual_anchor_dynamic,4.363722066671135,1.4082917132239885,1.4082917132239885,0.5118966693220375,0.322727179162055,0.8333333333333334,0.3333333333333333,1.1345487217651737,0.45065427435772915,0.3972101556437208,0.5142322841579765,3,"[[1, 3], [3, 4], [1, 4], [3, 4]]","[true, true, true, true, true]",0,4.0,0,1,1,0.2449478330000261
harmonic_loop--demand_conflict,harmonic_loop,demand_conflict,n1_d0_m1,factorial_combination,2.0,0.05,0,1.7,1471,full_trajectory,3.9017173239940313,1.4298065504154414,1.4298065504154414,0.5432645750511403,0.3664556992949468,0.8333333333333334,0.5,1.0340977461595522,0.32346016172062797,0.31279457181093295,0.551243157233518,0,"[[0, 1, 2, 3, 4, 5], [0, 1, 2, 3, 4, 5], [0, 1, 2, 3, 4, 5], [0, 1, 2, 3, 4, 5]]","[true, true, true, true, true]",0,0.0,0,1,1,0.29014195799999243
harmonic_loop--demand_conflict,harmonic_loop,demand_conflict,n1_d0_m1,factorial_combination,2.0,0.05,0,1.7,1471,error_peak_dynamic,3.9017173239940313,1.0340902043889733,1.0340902043889733,0.4834029280025881,0.26503462924638954,0.8333333333333334,0.3333333333333333,1.0340977461595522,0.43287540342142894,0.4186020180674875,0.4975688150235958,3,"[[1, 3], [3, 4], [1, 3], [1, 4]]","[true, true, true, true, true]",0,0.0,0,1,1,0.23772124999999278
harmonic_loop--demand_conflict,harmonic_loop,demand_conflict,n1_d0_m1,factorial_combination,2.0,0.05,0,1.7,1471,violation_safe,3.9017173239940313,1.380297727070114,1.432611781891648,0.4859621311418417,0.3537667166664854,0.8333333333333334,0.5,1.0340977461595522,0.508378724364677,0.4916157357974153,0.49428234950734967,3,"[[3, 4], [1, 3], [1, 4], [1, 3]]","[true, true, true, true, false]",1,2.0,0,1,1,0.2167683750000151
harmonic_loop--demand_conflict,harmonic_loop,demand_conflict,n1_d0_m1,factorial_combination,2.0,0.05,0,1.7,1471,dual_anchor_dynamic,3.9017173239940313,1.0529964341828457,1.0529964341828457,0.4749558295841986,0.2698802467588645,0.8333333333333334,0.3333333333333333,1.0340977461595522,0.34802274349164725,0.33654724109412226,0.48447544522619135,2,"[[1, 3], [3, 4], [3, 4], [1, 4]]","[true, true, true, true, true]",0,4.0,0,1,1,0.2470531660000006
harmonic_loop--demand_conflict,harmonic_loop,demand_conflict,n1_d0_m1,factorial_combination,2.0,0.05,0,1.7,1499,full_trajectory,2.7202840430149444,0.7581563842706758,0.7581563842706758,0.48847967802144154,0.27870486033156894,0.5,0.0,0.7377398036122544,0.17766389416434442,0.2408218904476002,0.49045974463119363,0,"[[0, 1, 2, 3, 4, 5], [0, 1, 2, 3, 4, 5], [0, 1, 2, 3, 4, 5], [0, 1, 2, 3, 4, 5]]","[true, true, true, true, true]",0,0.0,0,1,1,0.2576970000000074
harmonic_loop--demand_conflict,harmonic_loop,demand_conflict,n1_d0_m1,factorial_combination,2.0,0.05,0,1.7,1499,error_peak_dynamic,2.7202840430149444,0.682934434863189,0.682934434863189,0.47857372846945545,0.25105261952949565,0.5,0.0,0.7377398036122544,0.28000718191692403,0.3795473424992151,0.4841825454101203,2,"[[3, 4], [1, 3], [1, 3], [3, 4]]","[true, true, true, true, true]",0,0.0,0,1,1,0.21117208399999754
harmonic_loop--demand_conflict,harmonic_loop,demand_conflict,n1_d0_m1,factorial_combination,2.0,0.05,0,1.7,1499,violation_safe,2.7202840430149444,0.6619963023086709,0.6619963023086709,0.44925447137478725,0.24335558046172537,0.5,0.0,0.7377398036122544,0.3051765970693575,0.4136642696721756,0.45097054555214156,3,"[[3, 4], [1, 3], [1, 4], [3, 4]]","[true, true, true, true, true]",0,4.0,0,1,1,0.21044237500001373
harmonic_loop--demand_conflict,harmonic_loop,demand_conflict,n1_d0_m1,factorial_combination,2.0,0.05,0,1.7,1499,dual_anchor_dynamic,2.7202840430149444,0.6151290479624276,0.6151290479624276,0.44121527041971104,0.22612677140901358,0.5,0.0,0.7377398036122544,0.21183349183906416,0.2871384881252806,0.4464933137254527,3,"[[3, 4], [1, 3], [3, 4], [1, 4]]","[true, true, true, true, true]",0,4.0,0,1,1,0.22329958299997088
ellipse--neutral,ellipse,neutral,n1_d0_m1,factorial_combination,2.0,0.05,0,1.7,1423,full_trajectory,3.8381942482409466,0.16138097320963846,0.16138097320963846,0.29578711221994686,0.04204606717953364,0.6666666666666666,0.0,0.8011905834755807,0.02763090565400235,0.0344873070451464,0.30244206389840417,0,"[[0, 1, 2, 3, 4, 5], [0, 1, 2, 3, 4, 5], [0, 1, 2, 3, 4, 5], [0, 1, 2, 3, 4, 5]]","[true, true, true, true, true]",0,0.0,0,1,1,0.18538424999997005
ellipse--neutral,ellipse,neutral,n1_d0_m1,factorial_combination,2.0,0.05,0,1.7,1423,error_peak_dynamic,3.8381942482409466,0.14278393902927677,0.14278393902927677,0.2853184883419153,0.03720081105710452,0.6666666666666666,0.0,0.8011905834755807,0.03705120005037115,0.04624517663405667,0.29389690220148434,1,"[[2, 3], [2, 3], [2, 3], [2, 4]]","[true, true, true, true, true]",0,0.0,0,1,1,0.18276612500000056
ellipse--neutral,ellipse,neutral,n1_d0_m1,factorial_combination,2.0,0.05,0,1.7,1423,violation_safe,3.8381942482409466,0.1422738864085881,0.1422738864085881,0.28501119066305786,0.03706792236317705,0.6666666666666666,0.0,0.8011905834755807,0.037731435287340846,0.04709420712817309,0.2934585973342011,1,"[[2, 3], [2, 3], [2, 4], [2, 4]]","[true, true, true, true, true]",0,4.0,0,1,1,0.18575750000002245
ellipse--neutral,ellipse,neutral,n1_d0_m1,factorial_combination,2.0,0.05,0,1.7,1423,dual_anchor_dynamic,3.8381942482409466,0.14278393902927677,0.14278393902927677,0.2853184883419153,0.03720081105710452,0.6666666666666666,0.0,0.8011905834755807,0.03705120005037115,0.04624517663405667,0.29389690220148434,1,"[[2, 3], [2, 3], [2, 3], [2, 4]]","[true, true, true, true, true]",0,4.0,0,1,1,0.18391908299997795
ellipse--neutral,ellipse,neutral,n1_d0_m1,factorial_combination,2.0,0.05,0,1.7,1451,full_trajectory,6.86310431166702,0.29221254220701876,0.29221254220701876,0.28608518413339123,0.042577313258996864,0.6666666666666666,0.0,1.2133069355309478,0.048130453927659,0.039668819585702716,0.29366360874359543,0,"[[0, 1, 2, 3, 4, 5], [0, 1, 2, 3, 4, 5], [0, 1, 2, 3, 4, 5], [0, 1, 2, 3, 4, 5]]","[true, true, true, true, true]",0,0.0,0,1,1,0.19116595799999914
ellipse--neutral,ellipse,neutral,n1_d0_m1,factorial_combination,2.0,0.05,0,1.7,1451,error_peak_dynamic,6.86310431166702,0.2790656082839722,0.2790656082839722,0.2823822144787514,0.040661717440250926,0.6666666666666666,0.0,1.2133069355309478,0.05100021107734945,0.042034055508824365,0.2899817170110792,2,"[[3, 4], [3, 4], [1, 2], [2, 3]]","[true, true, true, true, true]",0,0.0,0,1,1,0.1810862500000212
ellipse--neutral,ellipse,neutral,n1_d0_m1,factorial_combination,2.0,0.05,0,1.7,1451,violation_safe,6.86310431166702,0.2790656082839722,0.2790656082839722,0.2823822144787514,0.040661717440250926,0.6666666666666666,0.0,1.2133069355309478,0.05100021107734945,0.042034055508824365,0.2899817170110792,2,"[[3, 4], [3, 4], [1, 2], [2, 3]]","[true, true, true, true, true]",0,4.0,0,1,1,0.18286333300000024
ellipse--neutral,ellipse,neutral,n1_d0_m1,factorial_combination,2.0,0.05,0,1.7,1451,dual_anchor_dynamic,6.86310431166702,0.2790656082839722,0.2790656082839722,0.2823822144787514,0.040661717440250926,0.6666666666666666,0.0,1.2133069355309478,0.05100021107734945,0.042034055508824365,0.2899817170110792,2,"[[3, 4], [3, 4], [1, 2], [2, 3]]","[true, true, true, true, true]",0,4.0,0,1,1,0.18333512499998506
ellipse--neutral,ellipse,neutral,n1_d0_m1,factorial_combination,2.0,0.05,0,1.7,1471,full_trajectory,6.624189847887656,0.27168369571175105,0.27168369571175105,0.28469988472437696,0.04101387519839674,0.6666666666666666,0.0,1.2009166058467486,0.0445818186002041,0.0371231594126972,0.2893715085893123,0,"[[0, 1, 2, 3, 4, 5], [0, 1, 2, 3, 4, 5], [0, 1, 2, 3, 4, 5], [0, 1, 2, 3, 4, 5]]","[true, true, true, true, true]",0,0.0,0,1,1,0.172356834000027
ellipse--neutral,ellipse,neutral,n1_d0_m1,factorial_combination,2.0,0.05,0,1.7,1471,error_peak_dynamic,6.624189847887656,0.2527863296362707,0.2527863296362707,0.2823747523744405,0.03816109372482433,0.6666666666666666,0.0,1.2009166058467486,0.046461513108857766,0.03868837593106512,0.28705318946220715,1,"[[3, 4], [3, 4], [1, 2], [1, 2]]","[true, true, true, true, true]",0,0.0,0,1,1,0.19175425000003088
ellipse--neutral,ellipse,neutral,n1_d0_m1,factorial_combination,2.0,0.05,0,1.7,1471,violation_safe,6.624189847887656,0.2324537460140949,0.2324537460140949,0.2763511819551694,0.03509164914532462,0.6666666666666666,0.0,1.2009166058467486,0.04605899257939789,0.03835319817808862,0.2816941317953377,2,"[[3, 4], [2, 4], [2, 4], [1, 2]]","[true, true, true, true, true]",0,4.0,0,1,1,0.1979082080000012
ellipse--neutral,ellipse,neutral,n1_d0_m1,factorial_combination,2.0,0.05,0,1.7,1471,dual_anchor_dynamic,6.624189847887656,0.2527863296362707,0.2527863296362707,0.2823747523744405,0.03816109372482433,0.6666666666666666,0.0,1.2009166058467486,0.046461513108857766,0.03868837593106512,0.28705318946220715,1,"[[3, 4], [3, 4], [1, 2], [1, 2]]","[true, true, true, true, true]",0,4.0,0,1,1,0.19348024999999325
ellipse--neutral,ellipse,neutral,n1_d0_m1,factorial_combination,2.0,0.05,0,1.7,1499,full_trajectory,4.775566102528577,0.16704588483970617,0.16704588483970617,0.2801672489487951,0.034979284393374506,0.6666666666666666,0.0,0.8728183017701298,0.028012536353194603,0.03209435033200317,0.2933556785222903,0,"[[0, 1, 2, 3, 4, 5], [0, 1, 2, 3, 4, 5], [0, 1, 2, 3, 4, 5], [0, 1, 2, 3, 4, 5]]","[true, true, true, true, true]",0,0.0,0,1,1,0.184347750000029
ellipse--neutral,ellipse,neutral,n1_d0_m1,factorial_combination,2.0,0.05,0,1.7,1499,error_peak_dynamic,4.775566102528577,0.1265801282274659,0.1265801282274659,0.2691337098040218,0.02650578497080042,0.6666666666666666,0.0,0.8728183017701298,0.027789188367789597,0.031838457456072354,0.287606878938149,3,"[[3, 4], [2, 4], [2, 3], [1, 2]]","[true, true, true, true, true]",0,0.0,0,1,1,0.18534666599998673
ellipse--neutral,ellipse,neutral,n1_d0_m1,factorial_combination,2.0,0.05,0,1.7,1499,violation_safe,4.775566102528577,0.1265801282274659,0.1265801282274659,0.2691337098040218,0.02650578497080042,0.6666666666666666,0.0,0.8728183017701298,0.027789188367789597,0.031838457456072354,0.287606878938149,3,"[[3, 4], [2, 4], [2, 3], [1, 2]]","[true, true, true, true, true]",0,4.0,0,1,1,0.18876270900000236
ellipse--neutral,ellipse,neutral,n1_d0_m1,factorial_combination,2.0,0.05,0,1.7,1499,dual_anchor_dynamic,4.775566102528577,0.1265801282274659,0.1265801282274659,0.2691337098040218,0.02650578497080042,0.6666666666666666,0.0,0.8728183017701298,0.027789188367789597,0.031838457456072354,0.287606878938149,3,"[[3, 4], [2, 4], [2, 3], [1, 2]]","[true, true, true, true, true]",0,4.0,0,1,1,0.18742816600001788
ellipse--demand_aligned,ellipse,demand_aligned,n1_d0_m1,factorial_combination,2.0,0.05,0,1.7,1423,full_trajectory,6.098279204854521,0.1070800075863616,0.1070800075863616,0.25676554675354585,0.017559052970405293,0.6666666666666666,0.0,0.8011905834755807,0.02251087274534863,0.02809677648443647,0.2754964919914719,0,"[[0, 1, 2, 3, 4, 5], [0, 1, 2, 3, 4, 5], [0, 1, 2, 3, 4, 5], [0, 1, 2, 3, 4, 5]]","[true, true, true, true, true]",0,0.0,0,1,1,0.18261233300000868
ellipse--demand_aligned,ellipse,demand_aligned,n1_d0_m1,factorial_combination,2.0,0.05,0,1.7,1423,error_peak_dynamic,6.098279204854521,0.1520896860248238,0.1520896860248238,0.2494382565400139,0.024939770862533347,0.6666666666666666,0.0,0.8011905834755807,0.07922913471305403,0.09888924850983204,0.26739328870285767,1,"[[2, 3], [2, 3], [2, 4], [2, 4]]","[true, true, true, true, true]",0,0.0,0,1,1,0.14671091700000716
ellipse--demand_aligned,ellipse,demand_aligned,n1_d0_m1,factorial_combination,2.0,0.05,0,1.7,1423,violation_safe,6.098279204854521,0.21918286473995635,0.21918286473995635,0.25713638175401965,0.03594175625239926,0.6666666666666666,0.0,0.8011905834755807,0.09029013192314568,0.11269494897389494,0.27207499140702945,2,"[[2, 3], [2, 3], [3, 4], [2, 3]]","[true, true, true, true, true]",0,4.0,0,1,1,0.1342314160000342
ellipse--demand_aligned,ellipse,demand_aligned,n1_d0_m1,factorial_combination,2.0,0.05,0,1.7,1423,dual_anchor_dynamic,6.098279204854521,0.31718101181847713,0.18896769058127974,0.251182106583006,0.052011559517639985,0.6666666666666666,0.0,0.8011905834755807,0.06136618805093654,0.07659374600326528,0.26626738572582953,0,"[[2, 3], [2, 3], [2, 3], [2, 3]]","[true, true, true, true, false]",1,2.0,0,1,1,0.18805337500003816
ellipse--demand_aligned,ellipse,demand_aligned,n1_d0_m1,factorial_combination,2.0,0.05,0,1.7,1451,full_trajectory,9.161859874643685,0.2828289409434015,0.2828289409434015,0.2806600705420216,0.030870253945507,0.6666666666666666,0.0,1.2133069355309478,0.05019941976276153,0.041374048307730206,0.29138073653352314,0,"[[0, 1, 2, 3, 4, 5], [0, 1, 2, 3, 4, 5], [0, 1, 2, 3, 4, 5], [0, 1, 2, 3, 4, 5]]","[true, true, true, true, true]",0,0.0,0,1,1,0.1897309589999736
ellipse--demand_aligned,ellipse,demand_aligned,n1_d0_m1,factorial_combination,2.0,0.05,0,1.7,1451,error_peak_dynamic,9.161859874643685,0.6000383666991809,0.6000383666991809,0.28196574288829496,0.06549307399470755,0.6666666666666666,0.0,1.2133069355309478,0.09330213870703948,0.07689904011486598,0.291767497218868,1,"[[3, 4], [3, 4], [1, 2], [1, 2]]","[true, true, true, true, true]",0,0.0,0,1,1,0.16005775000002131
ellipse--demand_aligned,ellipse,demand_aligned,n1_d0_m1,factorial_combination,2.0,0.05,0,1.7,1451,violation_safe,9.161859874643685,0.42094131214663233,0.42094131214663233,0.2765123112950048,0.045944962912129586,0.6666666666666666,0.0,1.2133069355309478,0.1606128786868715,0.13237613169711807,0.2834456412200146,1,"[[3, 4], [3, 4], [3, 4], [2, 3]]","[true, true, true, true, true]",0,4.0,0,1,1,0.14314308300004086
ellipse--demand_aligned,ellipse,demand_aligned,n1_d0_m1,factorial_combination,2.0,0.05,0,1.7,1451,dual_anchor_dynamic,9.161859874643685,0.26989625708406645,0.26989625708406645,0.2689017146773818,0.029458675506599908,0.6666666666666666,0.0,1.2133069355309478,0.056810157220532925,0.0468225768409315,0.27904038284897004,1,"[[3, 4], [3, 4], [2, 3], [2, 3]]","[true, true, true, true, true]",0,4.0,0,1,1,0.19347212500002797
ellipse--demand_aligned,ellipse,demand_aligned,n1_d0_m1,factorial_combination,2.0,0.05,0,1.7,1471,full_trajectory,8.781867756143765,0.2567776481151551,0.2567776481151551,0.2684718625942427,0.029239525718832912,0.6666666666666666,0.0,1.2009166058467486,0.04779750418919896,0.03980085207956438,0.27876581941622514,0,"[[0, 1, 2, 3, 4, 5], [0, 1, 2, 3, 4, 5], [0, 1, 2, 3, 4, 5], [0, 1, 2, 3, 4, 5]]","[true, true, true, true, true]",0,0.0,0,1,1,0.1954964999999902
ellipse--demand_aligned,ellipse,demand_aligned,n1_d0_m1,factorial_combination,2.0,0.05,0,1.7,1471,error_peak_dynamic,8.781867756143765,0.3367913357770982,0.3367913357770982,0.2707914742561359,0.038350763770210516,0.6666666666666666,0.0,1.2009166058467486,0.09267913489929872,0.07717366422288084,0.282191523059633,3,"[[3, 4], [1, 4], [1, 2], [2, 3]]","[true, true, true, true, true]",0,0.0,0,1,1,0.1493412500000204
ellipse--demand_aligned,ellipse,demand_aligned,n1_d0_m1,factorial_combination,2.0,0.05,0,1.7,1471,violation_safe,8.781867756143765,0.40563075148558375,0.40563075148558375,0.2692225740934677,0.04618957638046939,0.6666666666666666,0.0,1.2009166058467486,0.16407349100092974,0.1366235508794917,0.2751690152780915,1,"[[3, 4], [3, 4], [3, 4], [2, 3]]","[true, true, true, true, true]",0,4.0,0,1,1,0.14573275000003605
ellipse--demand_aligned,ellipse,demand_aligned,n1_d0_m1,factorial_combination,2.0,0.05,0,1.7,1471,dual_anchor_dynamic,8.781867756143765,0.24355395378390454,0.24355395378390454,0.25954669706586486,0.027733730516895455,0.6666666666666666,0.0,1.2009166058467486,0.05323794885676018,0.04433109559612,0.2702481240751333,2,"[[3, 4], [2, 4], [2, 3], [2, 3]]","[true, true, true, true, true]",0,4.0,0,1,1,0.1880676250000306
ellipse--demand_aligned,ellipse,demand_aligned,n1_d0_m1,factorial_combination,2.0,0.05,0,1.7,1499,full_trajectory,6.3291163201064435,0.18931054377435297,0.18931054377435297,0.2666564663590463,0.029911054592715897,0.6666666666666666,0.0,0.8728183017701298,0.031571796145388756,0.036172243502867886,0.2806440363189955,0,"[[0, 1, 2, 3, 4, 5], [0, 1, 2, 3, 4, 5], [0, 1, 2, 3, 4, 5], [0, 1, 2, 3, 4, 5]]","[true, true, true, true, true]",0,0.0,0,1,1,0.18395212499996205
ellipse--demand_aligned,ellipse,demand_aligned,n1_d0_m1,factorial_combination,2.0,0.05,0,1.7,1499,error_peak_dynamic,6.3291163201064435,0.25284840362947636,0.25284840362947636,0.26399912367368183,0.03995003264930102,0.6666666666666666,0.0,0.8728183017701298,0.05131337450315836,0.05879044286662143,0.27464703952661285,2,"[[3, 4], [1, 4], [1, 2], [1, 2]]","[true, true, true, true, true]",0,0.0,0,1,1,0.155075791999991
ellipse--demand_aligned,ellipse,demand_aligned,n1_d0_m1,factorial_combination,2.0,0.05,0,1.7,1499,violation_safe,6.3291163201064435,0.27656839605019495,0.27656839605019495,0.2623656940325356,0.043697790032960496,0.6666666666666666,0.0,0.8728183017701298,0.11547154530824448,0.13229734650850128,0.27323413948958614,1,"[[3, 4], [3, 4], [3, 4], [2, 3]]","[true, true, true, true, true]",0,4.0,0,1,1,0.14450541700000485
ellipse--demand_aligned,ellipse,demand_aligned,n1_d0_m1,factorial_combination,2.0,0.05,0,1.7,1499,dual_anchor_dynamic,6.3291163201064435,0.17051721521772478,0.17051721521772478,0.25323990300592764,0.026941709804893743,0.6666666666666666,0.0,0.8728183017701298,0.03374246246523235,0.038659205927282385,0.2672269235255588,2,"[[3, 4], [2, 4], [2, 4], [2, 3]]","[true, true, true, true, true]",0,4.0,0,1,1,0.21203912499998978
ellipse--demand_conflict,ellipse,demand_conflict,n1_d0_m1,factorial_combination,2.0,0.05,0,1.7,1423,full_trajectory,3.6263801051063895,0.15510754380897568,0.15510754380897568,0.3007813756595208,0.042772003847739284,0.6666666666666666,0.0,0.8011905834755807,0.022701155085087157,0.0283342759554276,0.3325220519639892,0,"[[0, 1, 2, 3, 4, 5], [0, 1, 2, 3, 4, 5], [0, 1, 2, 3, 4, 5], [0, 1, 2, 3, 4, 5]]","[true, true, true, true, true]",0,0.0,0,1,1,0.1932188330000031
ellipse--demand_conflict,ellipse,demand_conflict,n1_d0_m1,factorial_combination,2.0,0.05,0,1.7,1423,error_peak_dynamic,3.6263801051063895,0.15360307836290144,0.15360307836290144,0.29589549661436,0.04235713684470346,0.6666666666666666,0.0,0.8011905834755807,0.044628542785832385,0.0557027799705694,0.3272222181636121,2,"[[2, 3], [2, 3], [3, 4], [2, 4]]","[true, true, true, true, true]",0,0.0,0,1,1,0.14451041699999223
ellipse--demand_conflict,ellipse,demand_conflict,n1_d0_m1,factorial_combination,2.0,0.05,0,1.7,1423,violation_safe,3.6263801051063895,0.2221696654615265,0.2221696654615265,0.2906488559011256,0.06126485890121785,0.6666666666666666,0.0,0.8011905834755807,0.06062808145632792,0.07567248380943532,0.3244457005791519,2,"[[2, 3], [2, 3], [2, 4], [1, 2]]","[true, true, true, true, true]",0,4.0,0,1,1,0.13658745800000816
ellipse--demand_conflict,ellipse,demand_conflict,n1_d0_m1,factorial_combination,2.0,0.05,0,1.7,1423,dual_anchor_dynamic,3.6263801051063895,0.1402397164718841,0.1402397164718841,0.2880721437022191,0.03867209514921211,0.6666666666666666,0.0,0.8011905834755807,0.03251950493762219,0.04058897546767454,0.3231792325845775,1,"[[2, 3], [2, 3], [2, 3], [1, 4]]","[true, true, true, true, true]",0,4.0,0,1,1,0.19136229200000798
ellipse--demand_conflict,ellipse,demand_conflict,n1_d0_m1,factorial_combination,2.0,0.05,0,1.7,1451,full_trajectory,4.92717742727739,0.34762116055057124,0.34762116055057124,0.3491751581825838,0.07055178460310821,0.6666666666666666,0.0,1.2133069355309478,0.05080259785514611,0.04187118392504259,0.35199033509293165,0,"[[0, 1, 2, 3, 4, 5], [0, 1, 2, 3, 4, 5], [0, 1, 2, 3, 4, 5], [0, 1, 2, 3, 4, 5]]","[true, true, true, true, true]",0,0.0,0,1,1,0.19139683299999888
ellipse--demand_conflict,ellipse,demand_conflict,n1_d0_m1,factorial_combination,2.0,0.05,0,1.7,1451,error_peak_dynamic,4.92717742727739,0.4701029133023219,0.4701029133023219,0.3675661908471139,0.09541018569775488,0.6666666666666666,0.0,1.2133069355309478,0.08349916952432036,0.06881949412724721,0.37292085865074254,2,"[[3, 4], [3, 4], [1, 2], [1, 3]]","[true, true, true, true, true]",0,0.0,0,1,1,0.15876524999998765
ellipse--demand_conflict,ellipse,demand_conflict,n1_d0_m1,factorial_combination,2.0,0.05,0,1.7,1451,violation_safe,4.92717742727739,0.5387034531717989,0.5387034531717989,0.3788445627421878,0.1093330737775908,0.6666666666666666,0.0,1.2133069355309478,0.12907794944385365,0.10638523992889617,0.37769346390363095,1,"[[1, 4], [1, 4], [1, 2], [1, 2]]","[true, true, true, true, true]",0,4.0,0,1,1,0.1622902500000123
ellipse--demand_conflict,ellipse,demand_conflict,n1_d0_m1,factorial_combination,2.0,0.05,0,1.7,1451,dual_anchor_dynamic,4.92717742727739,0.3393581341257701,0.3393581341257701,0.3572645098960915,0.06887475418422048,0.6666666666666666,0.0,1.2133069355309478,0.053583520747630314,0.0441632032080835,0.36174079434478335,3,"[[3, 4], [1, 4], [2, 3], [1, 2]]","[true, true, true, true, true]",0,4.0,0,1,1,0.1917277499999841
ellipse--demand_conflict,ellipse,demand_conflict,n1_d0_m1,factorial_combination,2.0,0.05,0,1.7,1471,full_trajectory,4.814139228299391,0.31251412828828656,0.31251412828828656,0.3408024404265405,0.06491588910665617,0.6666666666666666,0.0,1.2009166058467486,0.04438772032874535,0.03696153430857776,0.3499507471077594,0,"[[0, 1, 2, 3, 4, 5], [0, 1, 2, 3, 4, 5], [0, 1, 2, 3, 4, 5], [0, 1, 2, 3, 4, 5]]","[true, true, true, true, true]",0,0.0,0,1,1,0.19092041699997253
ellipse--demand_conflict,ellipse,demand_conflict,n1_d0_m1,factorial_combination,2.0,0.05,0,1.7,1471,error_peak_dynamic,4.814139228299391,0.3398694252781703,0.3398694252781703,0.35911880825926773,0.07059817117051478,0.6666666666666666,0.0,1.2009166058467486,0.06859572730649122,0.05711947605064998,0.3662452986439448,3,"[[3, 4], [2, 4], [1, 2], [2, 3]]","[true, true, true, true, true]",0,0.0,0,1,1,0.1562310420000017
ellipse--demand_conflict,ellipse,demand_conflict,n1_d0_m1,factorial_combination,2.0,0.05,0,1.7,1471,violation_safe,4.814139228299391,0.3846133605667266,0.3846133605667266,0.36210419275089184,0.07989244646391178,0.6666666666666666,0.0,1.2009166058467486,0.10380511671443951,0.08643823909924873,0.37026179510329066,3,"[[1, 4], [1, 2], [2, 4], [1, 2]]","[true, true, true, true, true]",0,4.0,0,1,1,0.1606007500000146
ellipse--demand_conflict,ellipse,demand_conflict,n1_d0_m1,factorial_combination,2.0,0.05,0,1.7,1471,dual_anchor_dynamic,4.814139228299391,0.3272291608696922,0.3272291608696922,0.35569086926212223,0.067972517069326,0.6666666666666666,0.0,1.2009166058467486,0.05104697768987993,0.04250667984883718,0.3646803260172595,3,"[[3, 4], [1, 4], [2, 3], [1, 2]]","[true, true, true, true, true]",0,4.0,0,1,1,0.19815654199999244
ellipse--demand_conflict,ellipse,demand_conflict,n1_d0_m1,factorial_combination,2.0,0.05,0,1.7,1499,full_trajectory,3.5335540821031914,0.1858909818982957,0.1858909818982957,0.32422615500643925,0.05260736855275534,0.6666666666666666,0.0,0.8728183017701298,0.02874082426771784,0.0329287598683823,0.34891278274525034,0,"[[0, 1, 2, 3, 4, 5], [0, 1, 2, 3, 4, 5], [0, 1, 2, 3, 4, 5], [0, 1, 2, 3, 4, 5]]","[true, true, true, true, true]",0,0.0,0,1,1,0.18487604199998486
ellipse--demand_conflict,ellipse,demand_conflict,n1_d0_m1,factorial_combination,2.0,0.05,0,1.7,1499,error_peak_dynamic,3.5335540821031914,0.23111633536676882,0.23111633536676882,0.35177824104319455,0.06540619727240939,0.6666666666666666,0.0,0.8728183017701298,0.048781138466986555,0.055889225017458244,0.37546133984521624,3,"[[3, 4], [2, 4], [1, 2], [3, 4]]","[true, true, true, true, true]",0,0.0,0,1,1,0.15864137500000197
ellipse--demand_conflict,ellipse,demand_conflict,n1_d0_m1,factorial_combination,2.0,0.05,0,1.7,1499,violation_safe,3.5335540821031914,0.21738692521057362,0.21738692521057362,0.3457038837198428,0.06152075789970185,0.6666666666666666,0.0,0.8728183017701298,0.07162200041520649,0.08205831645595953,0.3691223185483959,3,"[[1, 4], [1, 2], [2, 4], [1, 2]]","[true, true, true, true, true]",0,4.0,0,1,1,0.15290700000002744
ellipse--demand_conflict,ellipse,demand_conflict,n1_d0_m1,factorial_combination,2.0,0.05,0,1.7,1499,dual_anchor_dynamic,3.5335540821031914,0.1519473696307601,0.1519473696307601,0.3164430842572289,0.04300128598578578,0.6666666666666666,0.0,0.8728183017701298,0.0309750555741403,0.03548854957706657,0.3437986264400784,3,"[[1, 4], [1, 2], [2, 4], [1, 2]]","[true, true, true, true, true]",0,4.0,0,1,1,0.18140750000003436
rounded_square--neutral,rounded_square,neutral,n1_d0_m1,factorial_combination,2.0,0.05,0,1.7,1423,full_trajectory,6.665932940304861,1.4671094748034916,1.4671094748034916,0.45716629047702645,0.22009064416666552,0.8333333333333334,0.3333333333333333,1.308904238965245,0.19645830829970012,0.15009372148951886,0.45698179446835474,0,"[[0, 1, 2, 3, 4, 5], [0, 1, 2, 3, 4, 5], [0, 1, 2, 3, 4, 5], [0, 1, 2, 3, 4, 5]]","[true, true, true, true, true]",0,0.0,0,1,1,0.24826420800002325
rounded_square--neutral,rounded_square,neutral,n1_d0_m1,factorial_combination,2.0,0.05,0,1.7,1423,error_peak_dynamic,6.665932940304861,1.385843267911262,1.385843267911262,0.4078917144701952,0.20789937137409628,0.8333333333333334,0.3333333333333333,1.308904238965245,0.19408994178983063,0.14828429461216242,0.41189697893483096,3,"[[2, 3], [3, 4], [1, 4], [2, 3]]","[true, true, true, true, true]",0,0.0,0,1,1,0.23886570799999163
rounded_square--neutral,rounded_square,neutral,n1_d0_m1,factorial_combination,2.0,0.05,0,1.7,1423,violation_safe,6.665932940304861,1.2870032293992528,1.385843267911262,0.4078917144701952,0.19307173368299632,0.8333333333333334,0.6666666666666666,1.308904238965245,0.2338575110663615,0.17866663129705934,0.41189697893483096,3,"[[2, 3], [3, 4], [1, 4], [2, 3]]","[true, true, true, true, false]",1,2.0,0,1,1,0.23994558399999733
rounded_square--neutral,rounded_square,neutral,n1_d0_m1,factorial_combination,2.0,0.05,0,1.7,1423,dual_anchor_dynamic,6.665932940304861,1.2870032293992528,1.385843267911262,0.4078917144701952,0.19307173368299632,0.8333333333333334,0.6666666666666666,1.308904238965245,0.2338575110663615,0.17866663129705934,0.41189697893483096,3,"[[2, 3], [3, 4], [1, 4], [2, 3]]","[true, true, true, true, false]",1,2.0,0,1,1,0.24130224999998973
rounded_square--neutral,rounded_square,neutral,n1_d0_m1,factorial_combination,2.0,0.05,0,1.7,1451,full_trajectory,9.258361685402733,3.1365398342610886,3.1365398342610886,0.4614887199794321,0.33877914266476955,0.8333333333333334,0.6666666666666666,2.167277666461963,0.485377246959123,0.22395711194287882,0.4625407062532634,0,"[[0, 1, 2, 3, 4, 5], [0, 1, 2, 3, 4, 5], [0, 1, 2, 3, 4, 5], [0, 1, 2, 3, 4, 5]]","[true, true, true, true, true]",0,0.0,0,1,1,0.29796962500000745
rounded_square--neutral,rounded_square,neutral,n1_d0_m1,factorial_combination,2.0,0.05,0,1.7,1451,error_peak_dynamic,9.258361685402733,2.0422173369383323,2.0422173369383323,0.42589181367305773,0.22058085505108427,0.8333333333333334,0.6666666666666666,2.167277666461963,0.5787045811664151,0.2670191227094305,0.4297545015743272,3,"[[1, 4], [2, 4], [1, 2], [2, 4]]","[true, true, true, true, true]",0,0.0,0,1,1,0.26157129099999565
rounded_square--neutral,rounded_square,neutral,n1_d0_m1,factorial_combination,2.0,0.05,0,1.7,1451,violation_safe,9.258361685402733,2.0323804977079765,2.0323804977079765,0.42414199786703394,0.21951837341938638,0.8333333333333334,0.6666666666666666,2.167277666461963,0.5839022975793131,0.26941739243431684,0.42493649347070545,2,"[[3, 4], [1, 2], [2, 4], [2, 4]]","[true, true, true, true, true]",0,4.0,0,1,1,0.26008437500001946
rounded_square--neutral,rounded_square,neutral,n1_d0_m1,factorial_combination,2.0,0.05,0,1.7,1451,dual_anchor_dynamic,9.258361685402733,2.0422173369383323,2.0422173369383323,0.42589181367305773,0.22058085505108427,0.8333333333333334,0.6666666666666666,2.167277666461963,0.5787045811664151,0.2670191227094305,0.4297545015743272,3,"[[1, 4], [2, 4], [1, 2], [2, 4]]","[true, true, true, true, true]",0,4.0,0,1,1,0.26329933299996355
rounded_square--neutral,rounded_square,neutral,n1_d0_m1,factorial_combination,2.0,0.05,0,1.7,1471,full_trajectory,8.596445593391703,2.4467380276208317,2.4467380276208317,0.4107529622873593,0.2846220569931483,0.8333333333333334,0.6666666666666666,2.183314648389757,0.383248494707816,0.1755351639263128,0.415554880495969,0,"[[0, 1, 2, 3, 4, 5], [0, 1, 2, 3, 4, 5], [0, 1, 2, 3, 4, 5], [0, 1, 2, 3, 4, 5]]","[true, true, true, true, true]",0,0.0,0,1,1,0.2737355839999509
rounded_square--neutral,rounded_square,neutral,n1_d0_m1,factorial_combination,2.0,0.05,0,1.7,1471,error_peak_dynamic,8.596445593391703,1.6451624770594644,1.6451624770594644,0.38191639489469387,0.19137705917945214,0.8333333333333334,0.6666666666666666,2.183314648389757,0.45126372128088393,0.20668744269805586,0.3844094362867172,3,"[[3, 4], [1, 2], [2, 4], [2, 3]]","[true, true, true, true, true]",0,0.0,0,1,1,0.32567866699997694
rounded_square--neutral,rounded_square,neutral,n1_d0_m1,factorial_combination,2.0,0.05,0,1.7,1471,violation_safe,8.596445593391703,1.6588661690206656,1.6588661690206656,0.38211565882029436,0.19297117058425595,0.8333333333333334,0.6666666666666666,2.183314648389757,0.4851954203350273,0.22222881190893382,0.384317385250868,2,"[[3, 4], [1, 2], [2, 4], [2, 4]]","[true, true, true, true, true]",0,4.0,0,1,1,0.24878300000000309
rounded_square--neutral,rounded_square,neutral,n1_d0_m1,factorial_combination,2.0,0.05,0,1.7,1471,dual_anchor_dynamic,8.596445593391703,1.6451624770594644,1.6451624770594644,0.38191639489469387,0.19137705917945214,0.8333333333333334,0.6666666666666666,2.183314648389757,0.45126372128088393,0.20668744269805586,0.3844094362867172,3,"[[3, 4], [1, 2], [2, 4], [2, 3]]","[true, true, true, true, true]",0,4.0,0,1,1,0.24011516699999902
rounded_square--neutral,rounded_square,neutral,n1_d0_m1,factorial_combination,2.0,0.05,0,1.7,1499,full_trajectory,6.1161020324204465,1.5738192816223195,1.5738192816223195,0.3970487232680025,0.2573239088033135,0.8333333333333334,0.3333333333333333,1.5597915553371653,0.24753084169777848,0.15869482101681984,0.4057189870751373,0,"[[0, 1, 2, 3, 4, 5], [0, 1, 2, 3, 4, 5], [0, 1, 2, 3, 4, 5], [0, 1, 2, 3, 4, 5]]","[true, true, true, true, true]",0,0.0,0,1,1,0.25555583400000614
rounded_square--neutral,rounded_square,neutral,n1_d0_m1,factorial_combination,2.0,0.05,0,1.7,1499,error_peak_dynamic,6.1161020324204465,1.1111251804907987,1.1111251804907987,0.37643727287063633,0.18167211315326456,0.8333333333333334,0.3333333333333333,1.5597915553371653,0.3387402982141666,0.21717023473751554,0.3831901194100295,3,"[[3, 4], [1, 2], [2, 4], [1, 2]]","[true, true, true, true, true]",0,0.0,0,1,1,0.23975529099999449
rounded_square--neutral,rounded_square,neutral,n1_d0_m1,factorial_combination,2.0,0.05,0,1.7,1499,violation_safe,6.1161020324204465,1.1111251804907987,1.1111251804907987,0.37643727287063633,0.18167211315326456,0.8333333333333334,0.3333333333333333,1.5597915553371653,0.3387402982141666,0.21717023473751554,0.3831901194100295,3,"[[3, 4], [1, 2], [2, 4], [1, 2]]","[true, true, true, true, true]",0,4.0,0,1,1,0.23600899999996727
rounded_square--neutral,rounded_square,neutral,n1_d0_m1,factorial_combination,2.0,0.05,0,1.7,1499,dual_anchor_dynamic,6.1161020324204465,1.1111251804907987,1.1111251804907987,0.37643727287063633,0.18167211315326456,0.8333333333333334,0.3333333333333333,1.5597915553371653,0.3387402982141666,0.21717023473751554,0.3831901194100295,3,"[[3, 4], [1, 2], [2, 4], [1, 2]]","[true, true, true, true, true]",0,4.0,0,1,1,0.23214550000000145
rounded_square--demand_aligned,rounded_square,demand_aligned,n1_d0_m1,factorial_combination,2.0,0.05,0,1.7,1423,full_trajectory,10.459967234310305,1.9300095424683816,1.9300095424683816,0.38955280769181555,0.18451391856540933,0.8333333333333334,0.3333333333333333,1.308904238965245,0.19580581120697413,0.14959521512572113,0.3865811020572244,0,"[[0, 1, 2, 3, 4, 5], [0, 1, 2, 3, 4, 5], [0, 1, 2, 3, 4, 5], [0, 1, 2, 3, 4, 5]]","[true, true, true, true, true]",0,0.0,0,1,1,0.25088104200000316
rounded_square--demand_aligned,rounded_square,demand_aligned,n1_d0_m1,factorial_combination,2.0,0.05,0,1.7,1423,error_peak_dynamic,10.459967234310305,2.393605978670165,2.393605978670165,0.44908792734609204,0.22883494040198982,0.8333333333333334,0.6666666666666666,1.308904238965245,0.29106383854924445,0.2223721414328562,0.45112111029335117,3,"[[2, 3], [3, 4], [1, 4], [2, 3]]","[true, true, true, true, true]",0,0.0,0,1,1,0.17548945800001547
rounded_square--demand_aligned,rounded_square,demand_aligned,n1_d0_m1,factorial_combination,2.0,0.05,0,1.7,1423,violation_safe,10.459967234310305,1.773103571810695,1.773103571810695,0.43490305759027686,0.16951330076777313,0.8333333333333334,0.6666666666666666,1.308904238965245,0.3133932912742234,0.23943179488972902,0.4353520842491866,3,"[[2, 3], [1, 4], [2, 4], [3, 4]]","[true, true, true, true, true]",0,4.0,0,1,1,0.1935613750000016
rounded_square--demand_aligned,rounded_square,demand_aligned,n1_d0_m1,factorial_combination,2.0,0.05,0,1.7,1423,dual_anchor_dynamic,10.459967234310305,1.8437046186759662,1.8437046186759662,0.36030057220604594,0.17626294398211217,0.8333333333333334,0.3333333333333333,1.308904238965245,0.19405975811223294,0.14826123434793595,0.3606001639422828,3,"[[2, 3], [3, 4], [1, 4], [2, 3]]","[true, true, true, true, true]",0,4.0,0,1,1,0.23831220800002484
rounded_square--demand_aligned,rounded_square,demand_aligned,n1_d0_m1,factorial_combination,2.0,0.05,0,1.7,1451,full_trajectory,12.101904944747123,5.155769299785887,5.155769299785887,0.5375888863313449,0.42602956504163986,0.6666666666666666,0.5,2.167277666461963,0.48480605096222035,0.22369355734360355,0.5316267308043204,0,"[[0, 1, 2, 3, 4, 5], [0, 1, 2, 3, 4, 5], [0, 1, 2, 3, 4, 5], [0, 1, 2, 3, 4, 5]]","[true, true, true, true, true]",0,0.0,0,1,1,0.2963709999999651
rounded_square--demand_aligned,rounded_square,demand_aligned,n1_d0_m1,factorial_combination,2.0,0.05,0,1.7,1451,error_peak_dynamic,12.101904944747123,3.1720293727270485,3.1720293727270485,0.5325546763174962,0.262109922959185,0.6666666666666666,0.6666666666666666,2.167277666461963,0.7560818160668531,0.3488624590042223,0.5230868894291297,3,"[[1, 4], [2, 4], [1, 2], [2, 4]]","[true, true, true, true, true]",0,0.0,0,1,1,0.197467582999991
rounded_square--demand_aligned,rounded_square,demand_aligned,n1_d0_m1,factorial_combination,2.0,0.05,0,1.7,1451,violation_safe,12.101904944747123,3.231985230622274,3.231985230622274,0.4904139160003727,0.26706417257269316,0.6666666666666666,0.6666666666666666,2.167277666461963,0.7884937595742525,0.3638176001976953,0.4887094654950506,2,"[[2, 4], [1, 2], [2, 4], [2, 4]]","[true, true, true, true, true]",0,4.0,0,1,1,0.19892700000002606
rounded_square--demand_aligned,rounded_square,demand_aligned,n1_d0_m1,factorial_combination,2.0,0.05,0,1.7,1451,dual_anchor_dynamic,12.101904944747123,3.204915433035476,3.204915433035476,0.4926410188094489,0.26482735136889185,0.6666666666666666,0.6666666666666666,2.167277666461963,0.5793300795525768,0.2673077328842323,0.48414494576553135,3,"[[1, 4], [2, 4], [1, 2], [2, 4]]","[true, true, true, true, true]",0,4.0,0,1,1,0.26552554099998815
rounded_square--demand_aligned,rounded_square,demand_aligned,n1_d0_m1,factorial_combination,2.0,0.05,0,1.7,1471,full_trajectory,11.1021052529649,4.083593087200866,4.083593087200866,0.4722998787920679,0.36782150719660234,0.8333333333333334,0.6666666666666666,2.183314648389757,0.3843254793103926,0.17602844353828762,0.475333717273954,0,"[[0, 1, 2, 3, 4, 5], [0, 1, 2, 3, 4, 5], [0, 1, 2, 3, 4, 5], [0, 1, 2, 3, 4, 5]]","[true, true, true, true, true]",0,0.0,0,1,1,0.2788360829999874
rounded_square--demand_aligned,rounded_square,demand_aligned,n1_d0_m1,factorial_combination,2.0,0.05,0,1.7,1471,error_peak_dynamic,11.1021052529649,3.8471144487395232,3.8471144487395232,0.48046350904481977,0.3465211652278402,0.8333333333333334,0.6666666666666666,2.183314648389757,0.5852425631068094,0.26805232289282666,0.48372137606429594,3,"[[3, 4], [1, 2], [2, 4], [1, 3]]","[true, true, true, true, true]",0,0.0,0,1,1,0.1837571670000102
rounded_square--demand_aligned,rounded_square,demand_aligned,n1_d0_m1,factorial_combination,2.0,0.05,0,1.7,1471,violation_safe,11.1021052529649,2.8219179292412107,2.848864389917446,0.45342722140585,0.2541786323353038,0.8333333333333334,0.6666666666666666,2.183314648389757,0.800782954930993,0.366773957900016,0.4524068341885674,2,"[[2, 4], [1, 2], [2, 4], [2, 4]]","[true, true, true, true, false]",1,2.0,0,1,1,0.18512125000000879
rounded_square--demand_aligned,rounded_square,demand_aligned,n1_d0_m1,factorial_combination,2.0,0.05,0,1.7,1471,dual_anchor_dynamic,11.1021052529649,2.4217412475105684,2.4217412475105684,0.3948233929599356,0.21813351543067241,0.8333333333333334,0.6666666666666666,2.183314648389757,0.4438852655907883,0.20330796842230847,0.3980099604784299,3,"[[2, 4], [1, 2], [2, 4], [2, 3]]","[true, true, true, true, true]",0,4.0,0,1,1,0.25258795799999234
rounded_square--demand_aligned,rounded_square,demand_aligned,n1_d0_m1,factorial_combination,2.0,0.05,0,1.7,1499,full_trajectory,7.929107676654352,2.6357090996830754,2.6357090996830754,0.4606192174756589,0.3324092958711339,0.6666666666666666,0.5,1.5597915553371653,0.24744362992052002,0.15863890856046625,0.4661650430657558,0,"[[0, 1, 2, 3, 4, 5], [0, 1, 2, 3, 4, 5], [0, 1, 2, 3, 4, 5], [0, 1, 2, 3, 4, 5]]","[true, true, true, true, true]",0,0.0,0,1,1,0.2474616250000281
rounded_square--demand_aligned,rounded_square,demand_aligned,n1_d0_m1,factorial_combination,2.0,0.05,0,1.7,1499,error_peak_dynamic,7.929107676654352,2.560183824578721,2.560183824578721,0.46617232059936553,0.32288422972444464,0.6666666666666666,0.3333333333333333,1.5597915553371653,0.4273619587047361,0.2739865831703117,0.47501626417048287,3,"[[3, 4], [1, 2], [2, 4], [1, 4]]","[true, true, true, true, true]",0,0.0,0,1,1,0.18327229199996964
rounded_square--demand_aligned,rounded_square,demand_aligned,n1_d0_m1,factorial_combination,2.0,0.05,0,1.7,1499,violation_safe,7.929107676654352,1.9777689002468324,2.3058519916873177,0.4504021257672832,0.24943145949070303,0.6666666666666666,0.6666666666666666,1.5597915553371653,0.5429259560610931,0.3480759683583067,0.4570136928282771,3,"[[2, 4], [1, 2], [2, 4], [1, 4]]","[true, true, true, true, false]",1,2.0,0,1,1,0.18324499999999944
rounded_square--demand_aligned,rounded_square,demand_aligned,n1_d0_m1,factorial_combination,2.0,0.05,0,1.7,1499,dual_anchor_dynamic,7.929107676654352,1.481539349963572,1.481539349963572,0.3769101599043469,0.18684818145750043,0.6666666666666666,0.3333333333333333,1.5597915553371653,0.3261792099870535,0.20911717906854962,0.38592632448422937,3,"[[2, 4], [1, 2], [2, 4], [1, 2]]","[true, true, true, true, true]",0,4.0,0,1,1,0.24337183399995865
rounded_square--demand_conflict,rounded_square,demand_conflict,n1_d0_m1,factorial_combination,2.0,0.05,0,1.7,1423,full_trajectory,6.129531510843197,1.1987573609193105,1.1987573609193105,0.4847786463703758,0.19557079669118232,0.8333333333333334,0.3333333333333333,1.308904238965245,0.19788457380552482,0.1511833852428827,0.4900974643688605,0,"[[0, 1, 2, 3, 4, 5], [0, 1, 2, 3, 4, 5], [0, 1, 2, 3, 4, 5], [0, 1, 2, 3, 4, 5]]","[true, true, true, true, true]",0,0.0,0,1,1,0.25096775000002935
rounded_square--demand_conflict,rounded_square,demand_conflict,n1_d0_m1,factorial_combination,2.0,0.05,0,1.7,1423,error_peak_dynamic,6.129531510843197,1.4562514701022344,1.4562514701022344,0.4350054494024364,0.23757957154247633,0.8333333333333334,0.3333333333333333,1.308904238965245,0.23372179631732445,0.17856294552311433,0.4370221133358515,3,"[[2, 3], [3, 4], [1, 4], [2, 4]]","[true, true, true, true, true]",0,0.0,0,1,1,0.21026316600000428
rounded_square--demand_conflict,rounded_square,demand_conflict,n1_d0_m1,factorial_combination,2.0,0.05,0,1.7,1423,violation_safe,6.129531510843197,1.1420373852696601,1.1420373852696601,0.42859765778988157,0.18631723864203742,0.8333333333333334,0.3333333333333333,1.308904238965245,0.26683303878088027,0.20385986295821404,0.42937235511971306,3,"[[2, 3], [3, 4], [1, 4], [1, 3]]","[true, true, true, true, true]",0,4.0,0,1,1,0.20275854099998014
rounded_square--demand_conflict,rounded_square,demand_conflict,n1_d0_m1,factorial_combination,2.0,0.05,0,1.7,1423,dual_anchor_dynamic,6.129531510843197,0.994251733664556,0.994251733664556,0.41019900487802863,0.16220680681806035,0.8333333333333334,0.3333333333333333,1.308904238965245,0.19504753704735012,0.1490158953122079,0.411518861554485,3,"[[2, 3], [3, 4], [1, 4], [2, 3]]","[true, true, true, true, true]",0,4.0,0,1,1,0.2394972080000457
rounded_square--demand_conflict,rounded_square,demand_conflict,n1_d0_m1,factorial_combination,2.0,0.05,0,1.7,1451,full_trajectory,8.040677505721481,1.7629685940501387,1.7629685940501387,0.36360401862210273,0.21925622471435627,1.0,0.6666666666666666,2.167277666461963,0.48752353491322464,0.2249474271144486,0.3668489841542213,0,"[[0, 1, 2, 3, 4, 5], [0, 1, 2, 3, 4, 5], [0, 1, 2, 3, 4, 5], [0, 1, 2, 3, 4, 5]]","[true, true, true, true, true]",0,0.0,0,1,1,0.295467374999987
rounded_square--demand_conflict,rounded_square,demand_conflict,n1_d0_m1,factorial_combination,2.0,0.05,0,1.7,1451,error_peak_dynamic,8.040677505721481,1.3960522299798042,1.3960522299798042,0.35630899601076904,0.17362370633400226,1.0,0.6666666666666666,2.167277666461963,0.6111876059531084,0.28200706139830245,0.3626640177638244,3,"[[1, 4], [2, 4], [1, 2], [2, 4]]","[true, true, true, true, true]",0,0.0,0,1,1,0.2528554159999885
rounded_square--demand_conflict,rounded_square,demand_conflict,n1_d0_m1,factorial_combination,2.0,0.05,0,1.7,1451,violation_safe,8.040677505721481,1.6089372257076933,1.6089372257076933,0.4058167459334211,0.20009970858336584,1.0,0.8333333333333334,2.167277666461963,0.6573396504504074,0.30330199984181133,0.4085233320451987,3,"[[1, 3], [3, 4], [1, 2], [2, 4]]","[true, true, true, true, true]",0,4.0,0,1,1,0.375770708999994
rounded_square--demand_conflict,rounded_square,demand_conflict,n1_d0_m1,factorial_combination,2.0,0.05,0,1.7,1451,dual_anchor_dynamic,8.040677505721481,1.4996650506512565,1.56000058451234,0.37332429731411215,0.1865097872143416,1.0,0.6666666666666666,2.167277666461963,0.6695965010749696,0.30895741299640317,0.37607896510754835,3,"[[3, 4], [1, 2], [2, 4], [1, 4]]","[true, true, true, true, false]",1,2.0,0,1,1,0.27978324999997994
rounded_square--demand_conflict,rounded_square,demand_conflict,n1_d0_m1,factorial_combination,2.0,0.05,0,1.7,1471,full_trajectory,8.491456125380003,1.410435095813845,1.410435095813845,0.32811692933763437,0.16610049854679387,1.0,0.5,2.183314648389757,0.38542169751384203,0.17653053250849532,0.32928525240158685,0,"[[0, 1, 2, 3, 4, 5], [0, 1, 2, 3, 4, 5], [0, 1, 2, 3, 4, 5], [0, 1, 2, 3, 4, 5]]","[true, true, true, true, true]",0,0.0,0,1,1,0.30944487499999696
rounded_square--demand_conflict,rounded_square,demand_conflict,n1_d0_m1,factorial_combination,2.0,0.05,0,1.7,1471,error_peak_dynamic,8.491456125380003,1.2556610384923705,1.2556610384923705,0.3376564601080217,0.1478734648041508,1.0,0.5,2.183314648389757,0.5561498144228785,0.25472728579595766,0.34464745174137146,3,"[[3, 4], [1, 2], [2, 4], [1, 2]]","[true, true, true, true, true]",0,0.0,0,1,1,0.2374672079999982
rounded_square--demand_conflict,rounded_square,demand_conflict,n1_d0_m1,factorial_combination,2.0,0.05,0,1.7,1471,violation_safe,8.491456125380003,1.217082218086241,1.217082218086241,0.34490487160821903,0.1433302133480405,1.0,0.6666666666666666,2.183314648389757,0.5506557015545083,0.2522108766872558,0.34471925146866944,3,"[[1, 3], [3, 4], [1, 2], [2, 4]]","[true, true, true, true, true]",0,4.0,0,1,1,0.22676704100001643
rounded_square--demand_conflict,rounded_square,demand_conflict,n1_d0_m1,factorial_combination,2.0,0.05,0,1.7,1471,dual_anchor_dynamic,8.491456125380003,1.236245616182266,1.236245616182266,0.3376396393685247,0.14558699920585674,1.0,0.5,2.183314648389757,0.507586042691733,0.23248414655491317,0.33929632636186274,3,"[[3, 4], [1, 3], [2, 4], [1, 2]]","[true, true, true, true, true]",0,4.0,0,1,1,0.24525579099997685
rounded_square--demand_conflict,rounded_square,demand_conflict,n1_d0_m1,factorial_combination,2.0,0.05,0,1.7,1499,full_trajectory,6.060157393483065,0.9129564833217897,0.9129564833217897,0.31853856701451905,0.1506489723028579,1.0,0.16666666666666666,1.5597915553371653,0.24667329831558302,0.15814504025973009,0.324678401491279,0,"[[0, 1, 2, 3, 4, 5], [0, 1, 2, 3, 4, 5], [0, 1, 2, 3, 4, 5], [0, 1, 2, 3, 4, 5]]","[true, true, true, true, true]",0,0.0,0,1,1,0.25723350000004075
rounded_square--demand_conflict,rounded_square,demand_conflict,n1_d0_m1,factorial_combination,2.0,0.05,0,1.7,1499,error_peak_dynamic,6.060157393483065,0.7778599788116718,0.7778599788116718,0.3368707349473022,0.1283563987377889,1.0,0.0,1.5597915553371653,0.36855490173865446,0.23628471411937313,0.3430169774789251,3,"[[3, 4], [1, 2], [2, 4], [1, 2]]","[true, true, true, true, true]",0,0.0,0,1,1,0.22086762499998258
rounded_square--demand_conflict,rounded_square,demand_conflict,n1_d0_m1,factorial_combination,2.0,0.05,0,1.7,1499,violation_safe,6.060157393483065,0.8594638646431401,0.8594638646431401,0.3380230535733274,0.141822036762178,1.0,0.16666666666666666,1.5597915553371653,0.3692922423702819,0.2367574315341485,0.34434666419659826,3,"[[1, 3], [3, 4], [1, 2], [2, 4]]","[true, true, true, true, true]",0,4.0,0,1,1,0.20666529100003572
rounded_square--demand_conflict,rounded_square,demand_conflict,n1_d0_m1,factorial_combination,2.0,0.05,0,1.7,1499,dual_anchor_dynamic,6.060157393483065,0.7943122848424966,0.7943122848424966,0.33170297912647506,0.13107123021205344,1.0,0.0,1.5597915553371653,0.3231767714482477,0.20719228177792617,0.33839521926105687,3,"[[3, 4], [1, 3], [1, 2], [2, 4]]","[true, true, true, true, true]",0,4.0,0,1,1,0.2331718750000391
figure_eight--neutral,figure_eight,neutral,n1_d0_m1,factorial_combination,2.0,0.05,0,1.7,1423,full_trajectory,6.22845638010185,0.22894580541427506,0.22894580541427506,0.29884689042764273,0.036758033041010274,1.0,0.0,1.1770369847265099,0.04037390268304551,0.034301303363399906,0.306141816930241,0,"[[0, 1, 2, 3, 4, 5], [0, 1, 2, 3, 4, 5], [0, 1, 2, 3, 4, 5], [0, 1, 2, 3, 4, 5]]","[true, true, true, true, true]",0,0.0,0,1,1,0.20846820899998875
figure_eight--neutral,figure_eight,neutral,n1_d0_m1,factorial_combination,2.0,0.05,0,1.7,1423,error_peak_dynamic,6.22845638010185,0.16178245439570324,0.16178245439570324,0.2874183996349966,0.02597472704674504,1.0,0.0,1.1770369847265099,0.05266170895591097,0.04474091268096148,0.2957695885793858,2,"[[3, 4], [2, 3], [2, 4], [2, 4]]","[true, true, true, true, true]",0,0.0,0,1,1,0.1994836659999919
figure_eight--neutral,figure_eight,neutral,n1_d0_m1,factorial_combination,2.0,0.05,0,1.7,1423,violation_safe,6.22845638010185,0.17177263161246528,0.17177263161246528,0.27930836893249394,0.02757868420837466,1.0,0.0,1.1770369847265099,0.05156992858219222,0.04381334592827152,0.28799718828462817,2,"[[3, 4], [3, 4], [2, 3], [2, 4]]","[true, true, true, true, true]",0,4.0,0,1,1,0.2041625000000522
figure_eight--neutral,figure_eight,neutral,n1_d0_m1,factorial_combination,2.0,0.05,0,1.7,1423,dual_anchor_dynamic,6.22845638010185,0.16178245439570324,0.16178245439570324,0.2874183996349966,0.02597472704674504,1.0,0.0,1.1770369847265099,0.05266170895591097,0.04474091268096148,0.2957695885793858,2,"[[3, 4], [2, 3], [2, 4], [2, 4]]","[true, true, true, true, true]",0,4.0,0,1,1,0.2017802080000024
figure_eight--neutral,figure_eight,neutral,n1_d0_m1,factorial_combination,2.0,0.05,0,1.7,1451,full_trajectory,9.681670070221486,1.0635800136443119,1.0635800136443119,0.4052765423105213,0.10985501529489534,1.0,0.16666666666666666,2.009460601559736,0.14981291305865763,0.07455379465632389,0.4058597821967328,0,"[[0, 1, 2, 3, 4, 5], [0, 1, 2, 3, 4, 5], [0, 1, 2, 3, 4, 5], [0, 1, 2, 3, 4, 5]]","[true, true, true, true, true]",0,0.0,0,1,1,0.24846229199999925
figure_eight--neutral,figure_eight,neutral,n1_d0_m1,factorial_combination,2.0,0.05,0,1.7,1451,error_peak_dynamic,9.681670070221486,0.825110071164296,0.825110071164296,0.38557534268425137,0.08522394020657018,1.0,0.16666666666666666,2.009460601559736,0.1521514573626885,0.07571756183952505,0.38625167063887395,1,"[[3, 4], [2, 3], [2, 3], [2, 3]]","[true, true, true, true, true]",0,0.0,0,1,1,0.26675266699999156
figure_eight--neutral,figure_eight,neutral,n1_d0_m1,factorial_combination,2.0,0.05,0,1.7,1451,violation_safe,9.681670070221486,0.8451454950403214,0.8451454950403214,0.3808987864534687,0.08729335836797289,1.0,0.16666666666666666,2.009460601559736,0.15899142415011383,0.0791214438475207,0.38192118262675634,2,"[[2, 3], [3, 4], [2, 3], [2, 3]]","[true, true, true, true, true]",0,4.0,0,1,1,0.26006341599997995
figure_eight--neutral,figure_eight,neutral,n1_d0_m1,factorial_combination,2.0,0.05,0,1.7,1451,dual_anchor_dynamic,9.681670070221486,0.8592008963086687,0.8592008963086687,0.39732730618986434,0.08874511216317588,1.0,0.16666666666666666,2.009460601559736,0.15498253397298142,0.0771264357473267,0.39824917041517105,2,"[[2, 4], [3, 4], [2, 3], [2, 3]]","[true, true, true, true, true]",0,4.0,0,1,1,0.26385354199999256
figure_eight--neutral,figure_eight,neutral,n1_d0_m1,factorial_combination,2.0,0.05,0,1.7,1471,full_trajectory,9.608659342780994,0.9036050734651822,0.9036050734651822,0.3819442766105589,0.0940407023737461,1.0,0.16666666666666666,1.9080053321881576,0.12694845297739188,0.06653464266360493,0.3859267672319417,0,"[[0, 1, 2, 3, 4, 5], [0, 1, 2, 3, 4, 5], [0, 1, 2, 3, 4, 5], [0, 1, 2, 3, 4, 5]]","[true, true, true, true, true]",0,0.0,0,1,1,0.23571650000002364
figure_eight--neutral,figure_eight,neutral,n1_d0_m1,factorial_combination,2.0,0.05,0,1.7,1471,error_peak_dynamic,9.608659342780994,0.7188907724817557,0.7188907724817557,0.36266103662017707,0.07481696944765347,1.0,0.0,1.9080053321881576,0.12318341554868405,0.06456135812126564,0.36796227601099535,2,"[[3, 4], [2, 3], [2, 3], [3, 4]]","[true, true, true, true, true]",0,0.0,0,1,1,0.26717858400002115
figure_eight--neutral,figure_eight,neutral,n1_d0_m1,factorial_combination,2.0,0.05,0,1.7,1471,violation_safe,9.608659342780994,0.6586727853044037,0.6586727853044037,0.3560888546596507,0.06854991542595022,1.0,0.0,1.9080053321881576,0.12167587234344174,0.06377124334547861,0.361149463023858,3,"[[2, 3], [3, 4], [2, 3], [3, 4]]","[true, true, true, true, true]",0,4.0,0,1,1,0.2567892499999971
figure_eight--neutral,figure_eight,neutral,n1_d0_m1,factorial_combination,2.0,0.05,0,1.7,1471,dual_anchor_dynamic,9.608659342780994,0.7188907724817557,0.7188907724817557,0.36266103662017707,0.07481696944765347,1.0,0.0,1.9080053321881576,0.12318341554868405,0.06456135812126564,0.36796227601099535,2,"[[3, 4], [2, 3], [2, 3], [3, 4]]","[true, true, true, true, true]",0,4.0,0,1,1,0.23870129199997336
figure_eight--neutral,figure_eight,neutral,n1_d0_m1,factorial_combination,2.0,0.05,0,1.7,1499,full_trajectory,6.837315761151307,0.3985290002369485,0.3985290002369485,0.34639006126700095,0.058287347573054295,1.0,0.0,1.35418543013108,0.06458985891870374,0.04769646569927405,0.35048568349810616,0,"[[0, 1, 2, 3, 4, 5], [0, 1, 2, 3, 4, 5], [0, 1, 2, 3, 4, 5], [0, 1, 2, 3, 4, 5]]","[true, true, true, true, true]",0,0.0,0,1,1,0.21399604099997305
figure_eight--neutral,figure_eight,neutral,n1_d0_m1,factorial_combination,2.0,0.05,0,1.7,1499,error_peak_dynamic,6.837315761151307,0.28410065477805135,0.28410065477805135,0.3269641067533385,0.04155148960536128,1.0,0.0,1.35418543013108,0.08597651721895273,0.0634894714608106,0.3318899391641985,1,"[[3, 4], [2, 3], [2, 3], [2, 3]]","[true, true, true, true, true]",0,0.0,0,1,1,0.21424087499997313
figure_eight--neutral,figure_eight,neutral,n1_d0_m1,factorial_combination,2.0,0.05,0,1.7,1499,violation_safe,6.837315761151307,0.2787115415662872,0.2787115415662872,0.32223875724600015,0.040763298244888446,1.0,0.0,1.35418543013108,0.08919797949582729,0.06586836448771514,0.327003057647989,2,"[[2, 3], [3, 4], [2, 3], [2, 3]]","[true, true, true, true, true]",0,4.0,0,1,1,0.20750891599999477
figure_eight--neutral,figure_eight,neutral,n1_d0_m1,factorial_combination,2.0,0.05,0,1.7,1499,dual_anchor_dynamic,6.837315761151307,0.28410065477805135,0.28410065477805135,0.3269641067533385,0.04155148960536128,1.0,0.0,1.35418543013108,0.08597651721895273,0.0634894714608106,0.3318899391641985,1,"[[3, 4], [2, 3], [2, 3], [2, 3]]","[true, true, true, true, true]",0,4.0,0,1,1,0.21702620799999295
figure_eight--demand_aligned,figure_eight,demand_aligned,n1_d0_m1,factorial_combination,2.0,0.05,0,1.7,1423,full_trajectory,9.278746023571982,0.42590926206129587,0.42590926206129587,0.3055736882909677,0.045901597153247244,0.8333333333333334,0.0,1.1770369847265099,0.041897263470055374,0.03559553694040498,0.30865621933970105,0,"[[0, 1, 2, 3, 4, 5], [0, 1, 2, 3, 4, 5], [0, 1, 2, 3, 4, 5], [0, 1, 2, 3, 4, 5]]","[true, true, true, true, true]",0,0.0,0,1,1,0.20708562499999061
figure_eight--demand_aligned,figure_eight,demand_aligned,n1_d0_m1,factorial_combination,2.0,0.05,0,1.7,1423,error_peak_dynamic,9.278746023571982,0.3939404668713467,0.3939404668713467,0.3056820179872505,0.04245621831555358,0.8333333333333334,0.0,1.1770369847265099,0.15212987114832036,0.1292481656246923,0.3087261099232661,3,"[[3, 4], [1, 3], [3, 4], [2, 4]]","[true, true, true, true, true]",0,0.0,0,1,1,0.15839537499999778
figure_eight--demand_aligned,figure_eight,demand_aligned,n1_d0_m1,factorial_combination,2.0,0.05,0,1.7,1423,violation_safe,9.278746023571982,0.47726469800259164,0.47726469800259164,0.27935552330130153,0.051436335986580005,0.8333333333333334,0.0,1.1770369847265099,0.15312948567336074,0.1300974291041,0.28578557279147415,2,"[[3, 4], [3, 4], [1, 4], [2, 3]]","[true, true, true, true, true]",0,4.0,0,1,1,0.14728029200000492
figure_eight--demand_aligned,figure_eight,demand_aligned,n1_d0_m1,factorial_combination,2.0,0.05,0,1.7,1423,dual_anchor_dynamic,9.278746023571982,0.3441969019162421,0.3441969019162421,0.2643869877959028,0.037095195950167706,0.8333333333333334,0.0,1.1770369847265099,0.05412585167572352,0.04598483512249186,0.2713675621179778,1,"[[3, 4], [3, 4], [3, 4], [2, 3]]","[true, true, true, true, true]",0,4.0,0,1,1,0.20134662500004197
figure_eight--demand_aligned,figure_eight,demand_aligned,n1_d0_m1,factorial_combination,2.0,0.05,0,1.7,1451,full_trajectory,14.25072012433041,1.1447824695260378,1.1447824695260378,0.3423713900877003,0.0803315523382947,1.0,0.16666666666666666,2.009460601559736,0.14601343262649008,0.07266299847489172,0.34491199257922134,0,"[[0, 1, 2, 3, 4, 5], [0, 1, 2, 3, 4, 5], [0, 1, 2, 3, 4, 5], [0, 1, 2, 3, 4, 5]]","[true, true, true, true, true]",0,0.0,0,1,1,0.25141691700002866
figure_eight--demand_aligned,figure_eight,demand_aligned,n1_d0_m1,factorial_combination,2.0,0.05,0,1.7,1451,error_peak_dynamic,14.25072012433041,0.9666813484650505,0.9666813484650505,0.35289960213338767,0.06783385962472345,1.0,0.16666666666666666,2.009460601559736,0.3243479201639465,0.16141044015104788,0.35505390394572306,3,"[[2, 4], [3, 4], [2, 3], [3, 5]]","[true, true, true, true, true]",0,0.0,0,1,1,0.21339870900004598
figure_eight--demand_aligned,figure_eight,demand_aligned,n1_d0_m1,factorial_combination,2.0,0.05,0,1.7,1451,violation_safe,14.25072012433041,1.2583139338967833,1.2583139338967833,0.35545765343612346,0.0882982700466098,1.0,0.16666666666666666,2.009460601559736,0.4113829061024082,0.20472305144131428,0.35754021470017666,3,"[[2, 4], [3, 4], [2, 3], [3, 4]]","[true, true, true, true, true]",0,4.0,0,1,1,0.20107370900001342
figure_eight--demand_aligned,figure_eight,demand_aligned,n1_d0_m1,factorial_combination,2.0,0.05,0,1.7,1451,dual_anchor_dynamic,14.25072012433041,0.8995133517669671,0.8995133517669671,0.3350879568025686,0.06312055418387019,1.0,0.16666666666666666,2.009460601559736,0.14929786501297787,0.07429748306440714,0.33831195441684464,2,"[[2, 4], [3, 4], [2, 3], [2, 3]]","[true, true, true, true, true]",0,4.0,0,1,1,0.2520908329999543
figure_eight--demand_aligned,figure_eight,demand_aligned,n1_d0_m1,factorial_combination,2.0,0.05,0,1.7,1471,full_trajectory,12.588458808342779,1.1313114769170438,1.1313114769170438,0.3491681219129878,0.08986894219070624,1.0,0.3333333333333333,1.9080053321881576,0.13131962757726842,0.06882560827367665,0.3511512095573749,0,"[[0, 1, 2, 3, 4, 5], [0, 1, 2, 3, 4, 5], [0, 1, 2, 3, 4, 5], [0, 1, 2, 3, 4, 5]]","[true, true, true, true, true]",0,0.0,0,1,1,0.250105958000006
figure_eight--demand_aligned,figure_eight,demand_aligned,n1_d0_m1,factorial_combination,2.0,0.05,0,1.7,1471,error_peak_dynamic,12.588458808342779,1.5309754114194907,1.5309754114194907,0.4136034056488381,0.12161738261437244,1.0,0.3333333333333333,1.9080053321881576,0.331253492974461,0.17361245662483007,0.4129151556007805,2,"[[3, 4], [2, 3], [2, 3], [3, 4]]","[true, true, true, true, true]",0,0.0,0,1,1,0.19610487500000318
figure_eight--demand_aligned,figure_eight,demand_aligned,n1_d0_m1,factorial_combination,2.0,0.05,0,1.7,1471,violation_safe,12.588458808342779,1.5083993091306727,1.5083993091306727,0.37748446856281204,0.11982398577107847,1.0,0.3333333333333333,1.9080053321881576,0.3648631737368577,0.1912275440647861,0.3773576910959236,3,"[[2, 4], [3, 4], [2, 3], [3, 4]]","[true, true, true, true, true]",0,4.0,0,1,1,0.19372233299998243
figure_eight--demand_aligned,figure_eight,demand_aligned,n1_d0_m1,factorial_combination,2.0,0.05,0,1.7,1471,dual_anchor_dynamic,12.588458808342779,1.2713937778670603,1.2713937778670603,0.34920782290791863,0.10099677786008773,1.0,0.16666666666666666,1.9080053321881576,0.12797735942250324,0.06707390029970985,0.3486262435044177,2,"[[3, 4], [2, 3], [2, 3], [3, 4]]","[true, true, true, true, true]",0,4.0,0,1,1,0.24548645800001623
figure_eight--demand_aligned,figure_eight,demand_aligned,n1_d0_m1,factorial_combination,2.0,0.05,0,1.7,1499,full_trajectory,8.80402412840898,0.4658779142010717,0.4658779142010717,0.32100437468171017,0.052916474035750165,0.8333333333333334,0.0,1.35418543013108,0.06748686621302045,0.04983576452043793,0.3267028749443722,0,"[[0, 1, 2, 3, 4, 5], [0, 1, 2, 3, 4, 5], [0, 1, 2, 3, 4, 5], [0, 1, 2, 3, 4, 5]]","[true, true, true, true, true]",0,0.0,0,1,1,0.21456387500001028
figure_eight--demand_aligned,figure_eight,demand_aligned,n1_d0_m1,factorial_combination,2.0,0.05,0,1.7,1499,error_peak_dynamic,8.80402412840898,0.5739659376400172,0.5739659376400172,0.3835177725783681,0.0651935898026374,0.8333333333333334,0.0,1.35418543013108,0.20373187558120223,0.15044606968004504,0.3914085348679176,2,"[[3, 4], [2, 3], [2, 3], [3, 5]]","[true, true, true, true, true]",0,0.0,0,1,1,0.16921837499995718
figure_eight--demand_aligned,figure_eight,demand_aligned,n1_d0_m1,factorial_combination,2.0,0.05,0,1.7,1499,violation_safe,8.80402412840898,0.46182820358727483,0.46182820358727483,0.34903098810771893,0.05245648999268863,0.8333333333333334,0.0,1.35418543013108,0.24778292062458476,0.18297562144100185,0.3559674290115884,2,"[[2, 4], [3, 4], [2, 3], [2, 3]]","[true, true, true, true, true]",0,4.0,0,1,1,0.15867366699995955
figure_eight--demand_aligned,figure_eight,demand_aligned,n1_d0_m1,factorial_combination,2.0,0.05,0,1.7,1499,dual_anchor_dynamic,8.80402412840898,0.3404365697112911,0.3404365697112911,0.31643987582238914,0.038668291311556545,0.8333333333333334,0.0,1.35418543013108,0.08744588879589463,0.06457453082140324,0.32296859782709353,1,"[[3, 4], [2, 3], [2, 3], [2, 3]]","[true, true, true, true, true]",0,4.0,0,1,1,0.21995033300004252
figure_eight--demand_conflict,figure_eight,demand_conflict,n1_d0_m1,factorial_combination,2.0,0.05,0,1.7,1423,full_trajectory,5.227735487473817,0.19618234715875982,0.19618234715875982,0.29336039432333766,0.03752721376757347,1.0,0.0,1.1770369847265099,0.04476469291354287,0.038031679118344916,0.3094041935382902,0,"[[0, 1, 2, 3, 4, 5], [0, 1, 2, 3, 4, 5], [0, 1, 2, 3, 4, 5], [0, 1, 2, 3, 4, 5]]","[true, true, true, true, true]",0,0.0,0,1,1,0.20450054099995896
figure_eight--demand_conflict,figure_eight,demand_conflict,n1_d0_m1,factorial_combination,2.0,0.05,0,1.7,1423,error_peak_dynamic,5.227735487473817,0.2362300811103905,0.2362300811103905,0.2841174394416574,0.04518784121278165,1.0,0.0,1.1770369847265099,0.0656840015571343,0.05580453495469073,0.30389228353510467,2,"[[3, 4], [3, 4], [1, 2], [2, 4]]","[true, true, true, true, true]",0,0.0,0,1,1,0.17687666699998772
figure_eight--demand_conflict,figure_eight,demand_conflict,n1_d0_m1,factorial_combination,2.0,0.05,0,1.7,1423,violation_safe,5.227735487473817,0.38079716194677793,0.38079716194677793,0.3069416774921686,0.07284170418706272,1.0,0.0,1.1770369847265099,0.13533848421801156,0.11498235482333471,0.3170651900747825,3,"[[1, 3], [3, 4], [0, 4], [0, 3]]","[true, true, true, true, true]",0,4.0,0,1,1,0.1711529579999933
figure_eight--demand_conflict,figure_eight,demand_conflict,n1_d0_m1,factorial_combination,2.0,0.05,0,1.7,1423,dual_anchor_dynamic,5.227735487473817,0.21890147726131787,0.21890147726131787,0.2777863424278841,0.041873097402465746,1.0,0.0,1.1770369847265099,0.05454481771693673,0.04634078489012856,0.2951727058051766,2,"[[3, 4], [3, 4], [0, 2], [0, 4]]","[true, true, true, true, true]",0,4.0,0,1,1,0.19463120900002195
figure_eight--demand_conflict,figure_eight,demand_conflict,n1_d0_m1,factorial_combination,2.0,0.05,0,1.7,1451,full_trajectory,7.755419136219565,0.9059152808083917,0.9059152808083917,0.4232871834828862,0.1168106152480608,1.0,0.16666666666666666,2.009460601559736,0.14649625114405992,0.07290327117155224,0.4263768423703617,0,"[[0, 1, 2, 3, 4, 5], [0, 1, 2, 3, 4, 5], [0, 1, 2, 3, 4, 5], [0, 1, 2, 3, 4, 5]]","[true, true, true, true, true]",0,0.0,0,1,1,0.24953029199997445
figure_eight--demand_conflict,figure_eight,demand_conflict,n1_d0_m1,factorial_combination,2.0,0.05,0,1.7,1451,error_peak_dynamic,7.755419136219565,0.7285473137679901,0.7285473137679901,0.4203179788742598,0.0939404177867717,1.0,0.0,2.009460601559736,0.17409245559037761,0.08663641151025687,0.42365748385030333,2,"[[2, 4], [3, 4], [2, 3], [2, 3]]","[true, true, true, true, true]",0,0.0,0,1,1,0.2542327500000283
figure_eight--demand_conflict,figure_eight,demand_conflict,n1_d0_m1,factorial_combination,2.0,0.05,0,1.7,1451,violation_safe,7.755419136219565,0.6372398782851615,0.6372398782851615,0.3977057082328043,0.08216704566089882,1.0,0.0,2.009460601559736,0.24665881460961733,0.1227487687084592,0.4006736341348755,3,"[[2, 3], [3, 5], [2, 3], [0, 3]]","[true, true, true, true, true]",0,4.0,0,1,1,0.21278424999997014
figure_eight--demand_conflict,figure_eight,demand_conflict,n1_d0_m1,factorial_combination,2.0,0.05,0,1.7,1451,dual_anchor_dynamic,7.755419136219565,0.7380938314385892,0.7380938314385892,0.40387933107309804,0.09517136578621828,1.0,0.0,2.009460601559736,0.14950513488329223,0.07440063008314116,0.4070005000868928,1,"[[3, 4], [2, 3], [2, 3], [2, 3]]","[true, true, true, true, true]",0,4.0,0,1,1,0.2690595419999795
figure_eight--demand_conflict,figure_eight,demand_conflict,n1_d0_m1,factorial_combination,2.0,0.05,0,1.7,1471,full_trajectory,8.064188921397594,0.7680847381532677,0.7680847381532677,0.3864352402539656,0.095246372033178,1.0,0.16666666666666666,1.9080053321881576,0.12742542358899608,0.06678462656226479,0.3920360099477359,0,"[[0, 1, 2, 3, 4, 5], [0, 1, 2, 3, 4, 5], [0, 1, 2, 3, 4, 5], [0, 1, 2, 3, 4, 5]]","[true, true, true, true, true]",0,0.0,0,1,1,0.25019141699999636
figure_eight--demand_conflict,figure_eight,demand_conflict,n1_d0_m1,factorial_combination,2.0,0.05,0,1.7,1471,error_peak_dynamic,8.064188921397594,0.5182341414028816,0.5182341414028816,0.3660781539662693,0.06426364095064716,1.0,0.0,1.9080053321881576,0.16602092219643896,0.08701281877762952,0.3723273622149421,2,"[[3, 4], [2, 3], [2, 3], [3, 4]]","[true, true, true, true, true]",0,0.0,0,1,1,0.2172669169999608
figure_eight--demand_conflict,figure_eight,demand_conflict,n1_d0_m1,factorial_combination,2.0,0.05,0,1.7,1471,violation_safe,8.064188921397594,0.7596726335444324,0.7596726335444324,0.36939525545517504,0.09420322873745057,1.0,0.0,1.9080053321881576,0.2622444346310528,0.13744428813010864,0.37460581735618914,3,"[[2, 3], [3, 5], [0, 3], [2, 3]]","[true, true, true, true, true]",0,4.0,0,1,1,0.2147427079999602
figure_eight--demand_conflict,figure_eight,demand_conflict,n1_d0_m1,factorial_combination,2.0,0.05,0,1.7,1471,dual_anchor_dynamic,8.064188921397594,0.44030881752793327,0.44030881752793327,0.3635848733615367,0.05460050872067416,1.0,0.0,1.9080053321881576,0.12262255431892138,0.06426740651625652,0.3702310858285267,2,"[[3, 4], [2, 3], [2, 3], [3, 4]]","[true, true, true, true, true]",0,4.0,0,1,1,0.24386687500003745
figure_eight--demand_conflict,figure_eight,demand_conflict,n1_d0_m1,factorial_combination,2.0,0.05,0,1.7,1499,full_trajectory,5.749662365561608,0.3394702211581635,0.3394702211581635,0.3501659157589955,0.05904176620725888,1.0,0.0,1.35418543013108,0.05915427144108355,0.043682549025326346,0.36016625740598657,0,"[[0, 1, 2, 3, 4, 5], [0, 1, 2, 3, 4, 5], [0, 1, 2, 3, 4, 5], [0, 1, 2, 3, 4, 5]]","[true, true, true, true, true]",0,0.0,0,1,1,0.21250829199999544
figure_eight--demand_conflict,figure_eight,demand_conflict,n1_d0_m1,factorial_combination,2.0,0.05,0,1.7,1499,error_peak_dynamic,5.749662365561608,0.2662994881976894,0.2662994881976894,0.33182008433996785,0.046315674080747195,1.0,0.0,1.35418543013108,0.11788730156378732,0.0870540318487818,0.34468226395971346,1,"[[3, 4], [2, 3], [2, 3], [2, 3]]","[true, true, true, true, true]",0,0.0,0,1,1,0.1892235420000361
figure_eight--demand_conflict,figure_eight,demand_conflict,n1_d0_m1,factorial_combination,2.0,0.05,0,1.7,1499,violation_safe,5.749662365561608,0.3147100490627863,0.3147100490627863,0.3303533676998555,0.05473539645523976,1.0,0.0,1.35418543013108,0.16317003944500805,0.12049312879493453,0.34185991674721866,3,"[[2, 3], [3, 5], [2, 3], [0, 3]]","[true, true, true, true, true]",0,4.0,0,1,1,0.1809146659999783
figure_eight--demand_conflict,figure_eight,demand_conflict,n1_d0_m1,factorial_combination,2.0,0.05,0,1.7,1499,dual_anchor_dynamic,5.749662365561608,0.25582978429260766,0.25582978429260766,0.32992557172348114,0.044494749087343854,1.0,0.0,1.35418543013108,0.0815133273999467,0.06019362310821533,0.34246234053518126,1,"[[3, 4], [2, 3], [2, 3], [2, 3]]","[true, true, true, true, true]",0,4.0,0,1,1,0.217864249999991
s_curve--neutral,s_curve,neutral,n1_d0_m1,factorial_combination,2.0,0.05,0,1.7,1423,full_trajectory,2.6548850125178145,0.1635728224137651,0.1635728224137651,0.2867166793776801,0.06161201771169648,0.8333333333333334,0.0,0.4943272368353909,0.03843699240584944,0.077756169479791,0.32158199978776736,0,"[[0, 1, 2, 3, 4, 5], [0, 1, 2, 3, 4, 5], [0, 1, 2, 3, 4, 5], [0, 1, 2, 3, 4, 5]]","[true, true, true, true, true]",0,0.0,0,1,1,0.20943349999998873
s_curve--neutral,s_curve,neutral,n1_d0_m1,factorial_combination,2.0,0.05,0,1.7,1423,error_peak_dynamic,2.6548850125178145,0.13802998286650744,0.13802998286650744,0.29324744211271103,0.05199094582842362,0.8333333333333334,0.0,0.4943272368353909,0.06934028684107545,0.1402720337341345,0.32285178314632,3,"[[2, 3], [3, 4], [2, 3], [2, 4]]","[true, true, true, true, true]",0,0.0,0,1,1,0.1980539580000027
s_curve--neutral,s_curve,neutral,n1_d0_m1,factorial_combination,2.0,0.05,0,1.7,1423,violation_safe,2.6548850125178145,0.22202354186493073,0.14185151966078713,0.2844869498753255,0.08362830812562017,0.8333333333333334,0.0,0.4943272368353909,0.0878794148025336,0.17777578950560052,0.31342172019378844,3,"[[2, 3], [3, 4], [2, 4], [1, 2]]","[true, true, true, true, false]",1,2.0,0,1,1,0.1944042919999447
s_curve--neutral,s_curve,neutral,n1_d0_m1,factorial_combination,2.0,0.05,0,1.7,1423,dual_anchor_dynamic,2.6548850125178145,0.13802998286650744,0.13802998286650744,0.29324744211271103,0.05199094582842362,0.8333333333333334,0.0,0.4943272368353909,0.06934028684107545,0.1402720337341345,0.32285178314632,3,"[[2, 3], [3, 4], [2, 3], [2, 4]]","[true, true, true, true, true]",0,4.0,0,1,1,0.20172904200001085
s_curve--neutral,s_curve,neutral,n1_d0_m1,factorial_combination,2.0,0.05,0,1.7,1451,full_trajectory,5.704716037639335,1.1366032728082216,1.1366032728082216,0.4317591328767511,0.19923923737991325,1.0,0.16666666666666666,0.8845559029167231,0.2317035118556195,0.26194332217059807,0.4414392668449419,0,"[[0, 1, 2, 3, 4, 5], [0, 1, 2, 3, 4, 5], [0, 1, 2, 3, 4, 5], [0, 1, 2, 3, 4, 5]]","[true, true, true, true, true]",0,0.0,0,1,1,0.24765329199999542
s_curve--neutral,s_curve,neutral,n1_d0_m1,factorial_combination,2.0,0.05,0,1.7,1451,error_peak_dynamic,5.704716037639335,0.9718191752993017,0.9718191752993017,0.40356059505597974,0.17035364580590934,1.0,0.16666666666666666,0.8845559029167231,0.3034681956272612,0.34307407211529434,0.4134550463832702,2,"[[3, 4], [3, 4], [2, 4], [2, 3]]","[true, true, true, true, true]",0,0.0,0,1,1,0.2177126670000007
s_curve--neutral,s_curve,neutral,n1_d0_m1,factorial_combination,2.0,0.05,0,1.7,1451,violation_safe,5.704716037639335,0.800769266129189,0.800769266129189,0.37106392296270807,0.14036969778088285,1.0,0.16666666666666666,0.8845559029167231,0.30136908648201,0.3407010065596527,0.3812621794637316,2,"[[3, 4], [2, 4], [2, 4], [2, 3]]","[true, true, true, true, true]",0,4.0,0,1,1,0.218715915999951
s_curve--neutral,s_curve,neutral,n1_d0_m1,factorial_combination,2.0,0.05,0,1.7,1451,dual_anchor_dynamic,5.704716037639335,0.9718191752993017,0.9718191752993017,0.40356059505597974,0.17035364580590934,1.0,0.16666666666666666,0.8845559029167231,0.3034681956272612,0.34307407211529434,0.4134550463832702,2,"[[3, 4], [3, 4], [2, 4], [2, 3]]","[true, true, true, true, true]",0,4.0,0,1,1,0.21861995799997658
s_curve--neutral,s_curve,neutral,n1_d0_m1,factorial_combination,2.0,0.05,0,1.7,1471,full_trajectory,5.306202124677893,0.8753431664368594,0.8753431664368594,0.4053383130210592,0.1649660427306086,1.0,0.16666666666666666,0.8545786333861256,0.17725624722938463,0.20741947002236208,0.41227421654263213,0,"[[0, 1, 2, 3, 4, 5], [0, 1, 2, 3, 4, 5], [0, 1, 2, 3, 4, 5], [0, 1, 2, 3, 4, 5]]","[true, true, true, true, true]",0,0.0,0,1,1,0.24202795900004048
s_curve--neutral,s_curve,neutral,n1_d0_m1,factorial_combination,2.0,0.05,0,1.7,1471,error_peak_dynamic,5.306202124677893,0.7705092085676881,0.7705092085676881,0.38477764932120934,0.1452091704129083,1.0,0.16666666666666666,0.8545786333861256,0.2573926438301266,0.3011924634837301,0.3916824793621886,1,"[[3, 4], [3, 4], [2, 4], [2, 4]]","[true, true, true, true, true]",0,0.0,0,1,1,0.21992108399996368
s_curve--neutral,s_curve,neutral,n1_d0_m1,factorial_combination,2.0,0.05,0,1.7,1471,violation_safe,5.306202124677893,0.7705092085676881,0.7705092085676881,0.38477764932120934,0.1452091704129083,1.0,0.16666666666666666,0.8545786333861256,0.2573926438301266,0.3011924634837301,0.3916824793621886,1,"[[3, 4], [3, 4], [2, 4], [2, 4]]","[true, true, true, true, true]",0,4.0,0,1,1,0.2207424580000179
s_curve--neutral,s_curve,neutral,n1_d0_m1,factorial_combination,2.0,0.05,0,1.7,1471,dual_anchor_dynamic,5.306202124677893,0.7705092085676881,0.7705092085676881,0.38477764932120934,0.1452091704129083,1.0,0.16666666666666666,0.8545786333861256,0.2573926438301266,0.3011924634837301,0.3916824793621886,1,"[[3, 4], [3, 4], [2, 4], [2, 4]]","[true, true, true, true, true]",0,4.0,0,1,1,0.22023929200003067
s_curve--neutral,s_curve,neutral,n1_d0_m1,factorial_combination,2.0,0.05,0,1.7,1499,full_trajectory,3.6490334387315753,0.48297588400178193,0.48297588400178193,0.3719180132323673,0.132357209686099,0.8333333333333334,0.0,0.6032182438793112,0.09794732876658421,0.16237461277146154,0.37405972853381775,0,"[[0, 1, 2, 3, 4, 5], [0, 1, 2, 3, 4, 5], [0, 1, 2, 3, 4, 5], [0, 1, 2, 3, 4, 5]]","[true, true, true, true, true]",0,0.0,0,1,1,0.22962654200000543
s_curve--neutral,s_curve,neutral,n1_d0_m1,factorial_combination,2.0,0.05,0,1.7,1499,error_peak_dynamic,3.6490334387315753,0.4317024439230287,0.4317024439230287,0.36178041932707006,0.11830597092941163,0.8333333333333334,0.0,0.6032182438793112,0.15829461931063094,0.2624168299231707,0.36560214348374337,2,"[[3, 4], [3, 4], [2, 3], [2, 4]]","[true, true, true, true, true]",0,0.0,0,1,1,0.21301183299999593
s_curve--neutral,s_curve,neutral,n1_d0_m1,factorial_combination,2.0,0.05,0,1.7,1499,violation_safe,3.6490334387315753,0.4317024439230287,0.4317024439230287,0.36178041932707006,0.11830597092941163,0.8333333333333334,0.0,0.6032182438793112,0.15829461931063094,0.2624168299231707,0.36560214348374337,2,"[[3, 4], [3, 4], [2, 3], [2, 4]]","[true, true, true, true, true]",0,4.0,0,1,1,0.21481591699995306
s_curve--neutral,s_curve,neutral,n1_d0_m1,factorial_combination,2.0,0.05,0,1.7,1499,dual_anchor_dynamic,3.6490334387315753,0.4317024439230287,0.4317024439230287,0.36178041932707006,0.11830597092941163,0.8333333333333334,0.0,0.6032182438793112,0.15829461931063094,0.2624168299231707,0.36560214348374337,2,"[[3, 4], [3, 4], [2, 3], [2, 4]]","[true, true, true, true, true]",0,4.0,0,1,1,0.21437070799998992
s_curve--demand_aligned,s_curve,demand_aligned,n1_d0_m1,factorial_combination,2.0,0.05,0,1.7,1423,full_trajectory,3.025108935137551,0.26226636364834066,0.26226636364834066,0.3351371909223833,0.08669650226543511,0.5,0.0,0.4943272368353909,0.03578301871683458,0.0723873095601855,0.35791099862431036,0,"[[0, 1, 2, 3, 4, 5], [0, 1, 2, 3, 4, 5], [0, 1, 2, 3, 4, 5], [0, 1, 2, 3, 4, 5]]","[true, true, true, true, true]",0,0.0,0,1,1,0.20501837500000875
s_curve--demand_aligned,s_curve,demand_aligned,n1_d0_m1,factorial_combination,2.0,0.05,0,1.7,1423,error_peak_dynamic,3.025108935137551,0.2935911746185113,0.2935911746185113,0.38854822595177874,0.09705143877906725,0.5,0.0,0.4943272368353909,0.14815712869074354,0.2997146781537334,0.41188322085831686,3,"[[2, 3], [3, 4], [1, 4], [2, 4]]","[true, true, true, true, true]",0,0.0,0,1,1,0.15938458400000854
s_curve--demand_aligned,s_curve,demand_aligned,n1_d0_m1,factorial_combination,2.0,0.05,0,1.7,1423,violation_safe,3.025108935137551,0.1838582349582654,0.1838582349582654,0.3609304497226377,0.060777393112260075,0.5,0.0,0.4943272368353909,0.1539677911622522,0.31146936621969484,0.38337475688968115,2,"[[2, 3], [2, 4], [2, 4], [1, 4]]","[true, true, true, true, true]",0,4.0,0,1,1,0.16229795799995372
s_curve--demand_aligned,s_curve,demand_aligned,n1_d0_m1,factorial_combination,2.0,0.05,0,1.7,1423,dual_anchor_dynamic,3.025108935137551,0.19738785180600665,0.19738785180600665,0.32470512119802314,0.06524983266330919,0.5,0.0,0.4943272368353909,0.06718948863207022,0.1359210733808788,0.3548712308431643,3,"[[2, 3], [3, 4], [1, 2], [2, 4]]","[true, true, true, true, true]",0,4.0,0,1,1,0.20113429100001667
s_curve--demand_aligned,s_curve,demand_aligned,n1_d0_m1,factorial_combination,2.0,0.05,0,1.7,1451,full_trajectory,7.471754285772261,1.8739700192212,1.8739700192212,0.4783793941779453,0.25080723315401576,0.8333333333333334,0.3333333333333333,0.8845559029167231,0.23173960055713497,0.2619841208373601,0.48658084963100484,0,"[[0, 1, 2, 3, 4, 5], [0, 1, 2, 3, 4, 5], [0, 1, 2, 3, 4, 5], [0, 1, 2, 3, 4, 5]]","[true, true, true, true, true]",0,0.0,0,1,1,0.2491000840000197
s_curve--demand_aligned,s_curve,demand_aligned,n1_d0_m1,factorial_combination,2.0,0.05,0,1.7,1451,error_peak_dynamic,7.471754285772261,1.5720280351165234,1.5720280351165234,0.4319421289724735,0.21039610980114595,0.8333333333333334,0.16666666666666666,0.8845559029167231,0.45598164033171584,0.515492168248686,0.4402623089425728,3,"[[3, 4], [2, 4], [1, 4], [2, 4]]","[true, true, true, true, true]",0,0.0,0,1,1,0.16673041600000715
s_curve--demand_aligned,s_curve,demand_aligned,n1_d0_m1,factorial_combination,2.0,0.05,0,1.7,1451,violation_safe,7.471754285772261,1.070454125266794,1.070454125266794,0.39428037481414213,0.14326677301275234,0.8333333333333334,0.16666666666666666,0.8845559029167231,0.4770968429913526,0.5393631328649547,0.40240387783233494,1,"[[3, 4], [2, 4], [2, 4], [2, 4]]","[true, true, true, true, true]",0,4.0,0,1,1,0.16288224999999557
s_curve--demand_aligned,s_curve,demand_aligned,n1_d0_m1,factorial_combination,2.0,0.05,0,1.7,1451,dual_anchor_dynamic,7.471754285772261,1.3192598103872222,1.3192598103872222,0.4092471850126238,0.17656627345192027,0.8333333333333334,0.3333333333333333,0.8845559029167231,0.29925868664563227,0.3383151767557715,0.4177959535916303,2,"[[3, 4], [2, 4], [2, 4], [2, 3]]","[true, true, true, true, true]",0,4.0,0,1,1,0.21834262500004797
s_curve--demand_aligned,s_curve,demand_aligned,n1_d0_m1,factorial_combination,2.0,0.05,0,1.7,1471,full_trajectory,6.896020224932942,1.5327685179509842,1.5327685179509842,0.4479502465435977,0.222268564759885,0.8333333333333334,0.16666666666666666,0.8545786333861256,0.17816245782823378,0.20847988806166928,0.4499101395934655,0,"[[0, 1, 2, 3, 4, 5], [0, 1, 2, 3, 4, 5], [0, 1, 2, 3, 4, 5], [0, 1, 2, 3, 4, 5]]","[true, true, true, true, true]",0,0.0,0,1,1,0.25054858300001115
s_curve--demand_aligned,s_curve,demand_aligned,n1_d0_m1,factorial_combination,2.0,0.05,0,1.7,1471,error_peak_dynamic,6.896020224932942,1.3467347030582593,1.3467347030582593,0.4678728226156457,0.19529158255497361,0.8333333333333334,0.3333333333333333,0.8545786333861256,0.39116399687715037,0.45772733086858036,0.46892013505237673,2,"[[3, 4], [3, 4], [1, 2], [2, 4]]","[true, true, true, true, true]",0,0.0,0,1,1,0.16180579100000614
s_curve--demand_aligned,s_curve,demand_aligned,n1_d0_m1,factorial_combination,2.0,0.05,0,1.7,1471,violation_safe,6.896020224932942,0.9803293864543594,0.9803293864543594,0.39209239605476126,0.14215871683640433,0.8333333333333334,0.16666666666666666,0.8545786333861256,0.4115795516754122,0.48161694617216994,0.39413377634820856,1,"[[3, 4], [2, 4], [2, 4], [2, 4]]","[true, true, true, true, true]",0,4.0,0,1,1,0.1601426250000486
s_curve--demand_aligned,s_curve,demand_aligned,n1_d0_m1,factorial_combination,2.0,0.05,0,1.7,1471,dual_anchor_dynamic,6.896020224932942,1.1388411213605893,1.1388411213605893,0.39593186376969364,0.16514468986663444,0.8333333333333334,0.3333333333333333,0.8545786333861256,0.24588522055369916,0.2877268526822627,0.3969814945880535,2,"[[3, 4], [2, 4], [2, 4], [2, 3]]","[true, true, true, true, true]",0,4.0,0,1,1,0.21931333399999176
s_curve--demand_aligned,s_curve,demand_aligned,n1_d0_m1,factorial_combination,2.0,0.05,0,1.7,1499,full_trajectory,4.7314865796818575,0.7901288032806886,0.7901288032806886,0.4039887749380242,0.166993774572603,0.6666666666666666,0.16666666666666666,0.6032182438793112,0.09658153970452593,0.16011044209042435,0.4060232510300687,0,"[[0, 1, 2, 3, 4, 5], [0, 1, 2, 3, 4, 5], [0, 1, 2, 3, 4, 5], [0, 1, 2, 3, 4, 5]]","[true, true, true, true, true]",0,0.0,0,1,1,0.22828595900000437
s_curve--demand_aligned,s_curve,demand_aligned,n1_d0_m1,factorial_combination,2.0,0.05,0,1.7,1499,error_peak_dynamic,4.7314865796818575,0.7696283497808456,0.7696283497808456,0.40634056006181124,0.16266100237625422,0.6666666666666666,0.16666666666666666,0.6032182438793112,0.24823719904118696,0.4115213715101975,0.40305475049614325,3,"[[3, 4], [2, 4], [1, 3], [2, 4]]","[true, true, true, true, true]",0,0.0,0,1,1,0.16570024999998623
s_curve--demand_aligned,s_curve,demand_aligned,n1_d0_m1,factorial_combination,2.0,0.05,0,1.7,1499,violation_safe,4.7314865796818575,0.5929867388947448,0.5929867388947448,0.3714535533582628,0.12532778629050173,0.6666666666666666,0.0,0.6032182438793112,0.25491288590924976,0.42258815693288515,0.371242627952173,2,"[[3, 4], [2, 4], [2, 4], [1, 2]]","[true, true, true, true, true]",0,4.0,0,1,1,0.16737316699999383
s_curve--demand_aligned,s_curve,demand_aligned,n1_d0_m1,factorial_combination,2.0,0.05,0,1.7,1499,dual_anchor_dynamic,4.7314865796818575,0.5820957653743655,0.5820957653743655,0.36144902407103086,0.12302597832022283,0.6666666666666666,0.0,0.6032182438793112,0.14928252584299634,0.247476808531116,0.36082475091430516,2,"[[3, 4], [2, 4], [2, 4], [2, 3]]","[true, true, true, true, true]",0,4.0,0,1,1,0.2083454579999966
s_curve--demand_conflict,s_curve,demand_conflict,n1_d0_m1,factorial_combination,2.0,0.05,0,1.7,1423,full_trajectory,2.2792753163290604,0.15282628958569427,0.15282628958569427,0.27984797515651383,0.06705038592346632,0.8333333333333334,0.0,0.4943272368353909,0.03735727817930384,0.075571960020774,0.3217718630893708,0,"[[0, 1, 2, 3, 4, 5], [0, 1, 2, 3, 4, 5], [0, 1, 2, 3, 4, 5], [0, 1, 2, 3, 4, 5]]","[true, true, true, true, true]",0,0.0,0,1,1,0.21226283300001114
s_curve--demand_conflict,s_curve,demand_conflict,n1_d0_m1,factorial_combination,2.0,0.05,0,1.7,1423,error_peak_dynamic,2.2792753163290604,0.15708084205154893,0.15708084205154893,0.285656072372826,0.06891701100178592,0.8333333333333334,0.0,0.4943272368353909,0.08056424967568976,0.162977565613115,0.32457732766350733,3,"[[2, 3], [2, 4], [1, 2], [2, 4]]","[true, true, true, true, true]",0,0.0,0,1,1,0.183330208999962
s_curve--demand_conflict,s_curve,demand_conflict,n1_d0_m1,factorial_combination,2.0,0.05,0,1.7,1423,violation_safe,2.2792753163290604,0.31964787256929,0.30282884985440406,0.3184529978530499,0.14024101006108655,0.8333333333333334,0.0,0.4943272368353909,0.16458767413748732,0.3329528738718769,0.3411450789470255,3,"[[3, 5], [1, 4], [0, 3], [2, 5]]","[true, true, true, true, false]",1,2.0,0,1,1,0.16661058400001139
s_curve--demand_conflict,s_curve,demand_conflict,n1_d0_m1,factorial_combination,2.0,0.05,0,1.7,1423,dual_anchor_dynamic,2.2792753163290604,0.2094544944231881,0.12932679325956162,0.27065152806654996,0.09189521464240216,0.8333333333333334,0.0,0.4943272368353909,0.0858599923508835,0.1736905959310402,0.3200363873110378,3,"[[2, 3], [0, 4], [0, 2], [4, 5]]","[true, true, true, true, false]",1,2.0,0,1,1,0.20525670799997897
s_curve--demand_conflict,s_curve,demand_conflict,n1_d0_m1,factorial_combination,2.0,0.05,0,1.7,1451,full_trajectory,4.042233688337716,0.6212237601610398,0.6212237601610398,0.4074161170727084,0.15368328702849068,1.0,0.0,0.8845559029167231,0.22977730990109663,0.2597657300611888,0.42380725492626614,0,"[[0, 1, 2, 3, 4, 5], [0, 1, 2, 3, 4, 5], [0, 1, 2, 3, 4, 5], [0, 1, 2, 3, 4, 5]]","[true, true, true, true, true]",0,0.0,0,1,1,0.2478473749999921
s_curve--demand_conflict,s_curve,demand_conflict,n1_d0_m1,factorial_combination,2.0,0.05,0,1.7,1451,error_peak_dynamic,4.042233688337716,0.5743828490025635,0.5743828490025635,0.38512819748905575,0.14209540894672185,1.0,0.0,0.8845559029167231,0.3452098847941003,0.39026350246017205,0.40254199931700535,2,"[[3, 4], [3, 4], [2, 4], [2, 3]]","[true, true, true, true, true]",0,0.0,0,1,1,0.206640708000009
s_curve--demand_conflict,s_curve,demand_conflict,n1_d0_m1,factorial_combination,2.0,0.05,0,1.7,1451,violation_safe,4.042233688337716,0.5623598825162699,0.5623598825162699,0.38457049658564574,0.13912107163391849,1.0,0.0,0.8845559029167231,0.3610463431509451,0.40816678964035574,0.39807268018579306,2,"[[3, 4], [3, 4], [2, 3], [2, 4]]","[true, true, true, true, true]",0,4.0,0,1,1,0.2102056670000252
s_curve--demand_conflict,s_curve,demand_conflict,n1_d0_m1,factorial_combination,2.0,0.05,0,1.7,1451,dual_anchor_dynamic,4.042233688337716,0.5453852964360397,0.5453852964360397,0.380323846143225,0.13492176318492807,1.0,0.0,0.8845559029167231,0.30076383130724715,0.34001675904882034,0.39821886700963216,2,"[[3, 4], [3, 4], [2, 4], [2, 3]]","[true, true, true, true, true]",0,4.0,0,1,1,0.2173570829999676
s_curve--demand_conflict,s_curve,demand_conflict,n1_d0_m1,factorial_combination,2.0,0.05,0,1.7,1471,full_trajectory,3.819939152460424,0.48582065670988317,0.48582065670988317,0.3813279067071831,0.1271802081970248,1.0,0.0,0.8545786333861256,0.17738798748021894,0.20757362816028826,0.3928734871517531,0,"[[0, 1, 2, 3, 4, 5], [0, 1, 2, 3, 4, 5], [0, 1, 2, 3, 4, 5], [0, 1, 2, 3, 4, 5]]","[true, true, true, true, true]",0,0.0,0,1,1,0.24284237500000927
s_curve--demand_conflict,s_curve,demand_conflict,n1_d0_m1,factorial_combination,2.0,0.05,0,1.7,1471,error_peak_dynamic,3.819939152460424,0.47765547705355293,0.47765547705355293,0.3718982108814574,0.1250426925638056,1.0,0.0,0.8545786333861256,0.2886849728831537,0.33780972470524745,0.3856860938074361,2,"[[3, 4], [3, 4], [2, 4], [2, 3]]","[true, true, true, true, true]",0,0.0,0,1,1,0.1907113330000243
s_curve--demand_conflict,s_curve,demand_conflict,n1_d0_m1,factorial_combination,2.0,0.05,0,1.7,1471,violation_safe,3.819939152460424,0.4578152831810774,0.4578152831810774,0.37206687893661716,0.11984884180319952,1.0,0.0,0.8545786333861256,0.2990229746411094,0.349906916647659,0.3855882570247694,2,"[[3, 4], [3, 4], [2, 3], [2, 4]]","[true, true, true, true, true]",0,4.0,0,1,1,0.19645816600001353
s_curve--demand_conflict,s_curve,demand_conflict,n1_d0_m1,factorial_combination,2.0,0.05,0,1.7,1471,dual_anchor_dynamic,3.819939152460424,0.43882566811029555,0.43882566811029555,0.36325118602488027,0.11487765919717538,1.0,0.0,0.8545786333861256,0.24709068882675603,0.2891374522759834,0.37908487583963946,2,"[[3, 4], [3, 4], [2, 4], [2, 3]]","[true, true, true, true, true]",0,4.0,0,1,1,0.21824116699997376
s_curve--demand_conflict,s_curve,demand_conflict,n1_d0_m1,factorial_combination,2.0,0.05,0,1.7,1499,full_trajectory,2.7235066217366377,0.2814987672700511,0.2814987672700511,0.3570314837444116,0.10335894358522031,0.8333333333333334,0.0,0.6032182438793112,0.09821545881364907,0.1628191120050068,0.3837202886823557,0,"[[0, 1, 2, 3, 4, 5], [0, 1, 2, 3, 4, 5], [0, 1, 2, 3, 4, 5], [0, 1, 2, 3, 4, 5]]","[true, true, true, true, true]",0,0.0,0,1,1,0.23115966599999638
s_curve--demand_conflict,s_curve,demand_conflict,n1_d0_m1,factorial_combination,2.0,0.05,0,1.7,1499,error_peak_dynamic,2.7235066217366377,0.29303505807344277,0.29303505807344277,0.3551439128911701,0.10759476614989452,0.8333333333333334,0.0,0.6032182438793112,0.18901748915354108,0.3133484291489014,0.37961528895434793,2,"[[3, 4], [3, 4], [2, 3], [2, 4]]","[true, true, true, true, true]",0,0.0,0,1,1,0.18818575000000237
s_curve--demand_conflict,s_curve,demand_conflict,n1_d0_m1,factorial_combination,2.0,0.05,0,1.7,1499,violation_safe,2.7235066217366377,0.4046867857740379,0.4046867857740379,0.360268360120777,0.1485903439867498,0.8333333333333334,0.0,0.6032182438793112,0.2058873202815929,0.3413148099724679,0.37948811091390183,2,"[[3, 4], [3, 4], [2, 3], [0, 2]]","[true, true, true, true, true]",0,4.0,0,1,1,0.1769073329999742
s_curve--demand_conflict,s_curve,demand_conflict,n1_d0_m1,factorial_combination,2.0,0.05,0,1.7,1499,dual_anchor_dynamic,2.7235066217366377,0.3173474996168772,0.3173474996168772,0.3472314302358531,0.1165216552381728,0.8333333333333334,0.0,0.6032182438793112,0.15216451228408368,0.25225449300987646,0.37231874282033717,2,"[[3, 4], [3, 4], [2, 3], [0, 2]]","[true, true, true, true, true]",0,4.0,0,1,1,0.212073834000023
harmonic_loop--neutral,harmonic_loop,neutral,n0_d1_m1,factorial_combination,2.0,0.0,4,1.7,1423,full_trajectory,11.262894580782667,3.035903587865892,3.035903587865892,0.4422931634035482,0.2695491435253161,0.8333333333333334,0.6666666666666666,1.953503274052265,0.5371162286576264,0.2749502577200473,0.4422931634035482,0,"[[0, 1, 2, 3, 4, 5], [0, 1, 2, 3, 4, 5], [0, 1, 2, 3, 4, 5], [0, 1, 2, 3, 4, 5]]","[true, true, true, true, true]",0,0.0,0,1,1,0.30279320799996867
harmonic_loop--neutral,harmonic_loop,neutral,n0_d1_m1,factorial_combination,2.0,0.0,4,1.7,1423,error_peak_dynamic,11.262894580782667,3.0250705691134545,3.0250705691134545,0.41725982260206473,0.2685873109631148,0.8333333333333334,0.6666666666666666,1.953503274052265,0.5457694150711295,0.27937983126028165,0.41725982260206473,3,"[[2, 3], [2, 4], [3, 4], [2, 4]]","[true, true, true, true, true]",0,0.0,0,1,1,0.28161354099995606
harmonic_loop--neutral,harmonic_loop,neutral,n0_d1_m1,factorial_combination,2.0,0.0,4,1.7,1423,violation_safe,11.262894580782667,2.1121517284259017,2.1121517284259017,0.4071278929930766,0.18753187409120955,0.8333333333333334,0.6666666666666666,1.953503274052265,0.5641858232021788,0.2888072063641109,0.4071278929930766,2,"[[2, 3], [2, 4], [3, 4], [3, 4]]","[true, true, true, true, true]",0,4.0,0,1,1,0.26808899999997493
harmonic_loop--neutral,harmonic_loop,neutral,n0_d1_m1,factorial_combination,2.0,0.0,4,1.7,1423,dual_anchor_dynamic,11.262894580782667,2.709653878538549,3.0250705691134545,0.41725982260206473,0.24058237064225926,0.8333333333333334,0.6666666666666666,1.953503274052265,0.6353736198083427,0.3252483004496585,0.41725982260206473,3,"[[2, 3], [2, 4], [3, 4], [2, 4]]","[true, true, true, true, false]",1,2.0,0,1,1,0.2797839159999853
harmonic_loop--neutral,harmonic_loop,neutral,n0_d1_m1,factorial_combination,2.0,0.0,4,1.7,1451,full_trajectory,18.333326672952133,12.060257199335407,12.060257199335407,0.7353063070785348,0.6578324498591067,0.8333333333333334,0.8333333333333334,2.597579232495895,1.7439197492117227,0.6713634477036028,0.7353063070785348,0,"[[0, 1, 2, 3, 4, 5], [0, 1, 2, 3, 4, 5], [0, 1, 2, 3, 4, 5], [0, 1, 2, 3, 4, 5]]","[true, true, true, true, true]",0,0.0,0,1,1,0.3458569170000487
harmonic_loop--neutral,harmonic_loop,neutral,n0_d1_m1,factorial_combination,2.0,0.0,4,1.7,1451,error_peak_dynamic,18.333326672952133,12.362474792235442,12.362474792235442,0.7347160581373346,0.6743170518242213,0.8333333333333334,0.8333333333333334,2.597579232495895,1.8450378383993458,0.7102912647736768,0.7347160581373346,1,"[[2, 3], [2, 3], [1, 3], [1, 3]]","[true, true, true, true, true]",0,0.0,0,1,1,0.33327866700000186
harmonic_loop--neutral,harmonic_loop,neutral,n0_d1_m1,factorial_combination,2.0,0.0,4,1.7,1451,violation_safe,18.333326672952133,11.4123029926223,12.237646410318984,0.7165607581574157,0.622489480289429,0.8333333333333334,0.8333333333333334,2.597579232495895,1.82544388978854,0.7027481075272359,0.7165607581574157,2,"[[2, 3], [3, 4], [1, 3], [1, 3]]","[true, true, true, false, false]",2,1.0,0,1,1,0.3184632499999793
harmonic_loop--neutral,harmonic_loop,neutral,n0_d1_m1,factorial_combination,2.0,0.0,4,1.7,1451,dual_anchor_dynamic,18.333326672952133,12.404373199068795,12.514550194423432,0.7357529362562165,0.6766024202999364,0.8333333333333334,0.6666666666666666,2.597579232495895,1.8876639812236333,0.7267012138104689,0.7357529362562165,1,"[[2, 3], [2, 3], [1, 3], [1, 3]]","[true, true, true, false, false]",2,1.0,0,1,1,0.33798362499999257
harmonic_loop--neutral,harmonic_loop,neutral,n0_d1_m1,factorial_combination,2.0,0.0,4,1.7,1471,full_trajectory,16.602137596849428,9.906627272034747,9.906627272034747,0.6902545155189946,0.5967079368089756,0.6666666666666666,0.6666666666666666,2.3187044211223258,1.481276845993747,0.6388381513831601,0.6902545155189946,0,"[[0, 1, 2, 3, 4, 5], [0, 1, 2, 3, 4, 5], [0, 1, 2, 3, 4, 5], [0, 1, 2, 3, 4, 5]]","[true, true, true, true, true]",0,0.0,0,1,1,0.33712570799997366
harmonic_loop--neutral,harmonic_loop,neutral,n0_d1_m1,factorial_combination,2.0,0.0,4,1.7,1471,error_peak_dynamic,16.602137596849428,9.90218022753899,9.90218022753899,0.6754319810134681,0.5964400770547834,0.6666666666666666,0.8333333333333334,2.3187044211223258,1.5748246932797214,0.6791830295115653,0.6754319810134681,2,"[[2, 3], [2, 3], [3, 4], [1, 3]]","[true, true, true, true, true]",0,0.0,0,1,1,0.28726062500004446
harmonic_loop--neutral,harmonic_loop,neutral,n0_d1_m1,factorial_combination,2.0,0.0,4,1.7,1471,violation_safe,16.602137596849428,9.537513585968949,10.12324751436111,0.6745552788529519,0.5744750355387293,0.6666666666666666,0.6666666666666666,2.3187044211223258,1.6016578624996856,0.6907555132553,0.6745552788529519,2,"[[2, 3], [3, 4], [1, 3], [1, 3]]","[true, true, true, false, false]",2,1.0,0,1,1,0.3117096249999918
harmonic_loop--neutral,harmonic_loop,neutral,n0_d1_m1,factorial_combination,2.0,0.0,4,1.7,1471,dual_anchor_dynamic,16.602137596849428,9.37547199939321,9.90218022753899,0.6754319810134681,0.5647147510193136,0.6666666666666666,0.6666666666666666,2.3187044211223258,1.5715182994300456,0.6777570634334589,0.6754319810134681,2,"[[2, 3], [2, 3], [3, 4], [1, 3]]","[true, true, true, true, false]",1,2.0,0,1,1,0.2894584170000485
harmonic_loop--neutral,harmonic_loop,neutral,n0_d1_m1,factorial_combination,2.0,0.0,4,1.7,1499,full_trajectory,13.354818809893956,5.905713338031087,5.905713338031087,0.5808036184984819,0.44221590888644796,0.6666666666666666,0.6666666666666666,1.9057354585321649,1.0206865737278015,0.5355867044180174,0.5808036184984819,0,"[[0, 1, 2, 3, 4, 5], [0, 1, 2, 3, 4, 5], [0, 1, 2, 3, 4, 5], [0, 1, 2, 3, 4, 5]]","[true, true, true, true, true]",0,0.0,0,1,1,0.3142591669999888
harmonic_loop--neutral,harmonic_loop,neutral,n0_d1_m1,factorial_combination,2.0,0.0,4,1.7,1499,error_peak_dynamic,13.354818809893956,5.720767598410536,5.720767598410536,0.5609701106047853,0.4283672942213404,0.6666666666666666,0.8333333333333334,1.9057354585321649,1.1213360813684419,0.588400701864527,0.5609701106047853,2,"[[2, 3], [2, 3], [3, 4], [1, 3]]","[true, true, true, true, true]",0,0.0,0,1,1,0.29574858299997686
harmonic_loop--neutral,harmonic_loop,neutral,n0_d1_m1,factorial_combination,2.0,0.0,4,1.7,1499,violation_safe,13.354818809893956,5.715712211405048,5.715712211405048,0.5592514055974692,0.42798875018585397,0.6666666666666666,0.8333333333333334,1.9057354585321649,1.1233015791830574,0.5894320610732858,0.5592514055974692,3,"[[2, 3], [3, 4], [1, 3], [3, 4]]","[true, true, true, true, true]",0,4.0,0,1,1,0.3010926250000239
harmonic_loop--neutral,harmonic_loop,neutral,n0_d1_m1,factorial_combination,2.0,0.0,4,1.7,1499,dual_anchor_dynamic,13.354818809893956,5.63115315959882,5.720767598410536,0.5609701106047853,0.4216570243114765,0.6666666666666666,0.6666666666666666,1.9057354585321649,1.1550134291886043,0.6060722772499697,0.5609701106047853,2,"[[2, 3], [2, 3], [3, 4], [1, 3]]","[true, true, true, true, false]",1,2.0,0,1,1,0.2976857090000067
harmonic_loop--demand_aligned,harmonic_loop,demand_aligned,n0_d1_m1,factorial_combination,2.0,0.0,4,1.7,1423,full_trajectory,16.09450341846689,4.710896244485745,4.710896244485745,0.43096006598003855,0.2927021804897967,0.8333333333333334,0.6666666666666666,1.953503274052265,0.5371162286576264,0.2749502577200473,0.43096006598003855,0,"[[0, 1, 2, 3, 4, 5], [0, 1, 2, 3, 4, 5], [0, 1, 2, 3, 4, 5], [0, 1, 2, 3, 4, 5]]","[true, true, true, true, true]",0,0.0,0,1,1,0.28658487500001684
harmonic_loop--demand_aligned,harmonic_loop,demand_aligned,n0_d1_m1,factorial_combination,2.0,0.0,4,1.7,1423,error_peak_dynamic,16.09450341846689,3.2016221800948665,3.2016221800948665,0.44575255418383836,0.19892643450069508,0.8333333333333334,0.8333333333333334,1.953503274052265,0.7858922800445369,0.4022989316082972,0.44575255418383836,3,"[[2, 3], [1, 4], [2, 3], [3, 4]]","[true, true, true, true, true]",0,0.0,0,1,1,0.1898521250000158
harmonic_loop--demand_aligned,harmonic_loop,demand_aligned,n0_d1_m1,factorial_combination,2.0,0.0,4,1.7,1423,violation_safe,16.09450341846689,3.173698914615256,3.173698914615256,0.42672883200897294,0.19719147786652075,0.8333333333333334,0.8333333333333334,1.953503274052265,0.7419389555805567,0.379799187150329,0.42672883200897294,2,"[[2, 3], [2, 3], [1, 4], [3, 4]]","[true, true, true, true, true]",0,4.0,0,1,1,0.19413379199994552
harmonic_loop--demand_aligned,harmonic_loop,demand_aligned,n0_d1_m1,factorial_combination,2.0,0.0,4,1.7,1423,dual_anchor_dynamic,16.09450341846689,3.0773905748764956,4.341959720427845,0.37875316976719153,0.19120755048245147,0.8333333333333334,0.6666666666666666,1.953503274052265,0.6700320892351653,0.3429900006490795,0.37875316976719153,2,"[[2, 3], [2, 3], [3, 4], [2, 4]]","[true, true, true, true, false]",1,2.0,0,1,1,0.28419537500002434
harmonic_loop--demand_aligned,harmonic_loop,demand_aligned,n0_d1_m1,factorial_combination,2.0,0.0,4,1.7,1451,full_trajectory,30.792262236813453,19.55690411818396,19.55690411818396,0.7217896922980078,0.6351239791275503,0.6666666666666666,0.6666666666666666,2.597579232495895,1.7439197492117227,0.6713634477036028,0.7217896922980078,0,"[[0, 1, 2, 3, 4, 5], [0, 1, 2, 3, 4, 5], [0, 1, 2, 3, 4, 5], [0, 1, 2, 3, 4, 5]]","[true, true, true, true, true]",0,0.0,0,1,1,0.34648262500002147
harmonic_loop--demand_aligned,harmonic_loop,demand_aligned,n0_d1_m1,factorial_combination,2.0,0.0,4,1.7,1451,error_peak_dynamic,30.792262236813453,16.52546855022744,16.52546855022744,0.6474715352714298,0.5366760137054998,0.6666666666666666,0.6666666666666666,2.597579232495895,1.975858146858775,0.760653658660592,0.6474715352714298,2,"[[2, 3], [1, 3], [1, 3], [2, 3]]","[true, true, true, true, true]",0,0.0,0,1,1,0.3050071249999746
harmonic_loop--demand_aligned,harmonic_loop,demand_aligned,n0_d1_m1,factorial_combination,2.0,0.0,4,1.7,1451,violation_safe,30.792262236813453,15.263722327892872,15.263722327892872,0.6431386611360468,0.49569993300604087,0.6666666666666666,0.6666666666666666,2.597579232495895,1.9425028716360997,0.7478127509395113,0.6431386611360468,3,"[[2, 3], [1, 3], [2, 3], [1, 3]]","[true, true, true, true, true]",0,4.0,0,1,1,0.3056387080000036
harmonic_loop--demand_aligned,harmonic_loop,demand_aligned,n0_d1_m1,factorial_combination,2.0,0.0,4,1.7,1451,dual_anchor_dynamic,30.792262236813453,20.834690146224897,20.953652303148104,0.7350123992460167,0.6766209636041662,0.6666666666666666,0.6666666666666666,2.597579232495895,1.8876639812236333,0.7267012138104689,0.7350123992460167,1,"[[2, 3], [2, 3], [1, 3], [1, 3]]","[true, true, true, false, false]",2,1.0,0,1,1,0.40065520899997864
harmonic_loop--demand_aligned,harmonic_loop,demand_aligned,n0_d1_m1,factorial_combination,2.0,0.0,4,1.7,1471,full_trajectory,27.951647132835202,15.967638133384968,15.967638133384968,0.6741755860072384,0.5712592913577373,0.6666666666666666,0.6666666666666666,2.3187044211223258,1.481276845993747,0.6388381513831601,0.6741755860072384,0,"[[0, 1, 2, 3, 4, 5], [0, 1, 2, 3, 4, 5], [0, 1, 2, 3, 4, 5], [0, 1, 2, 3, 4, 5]]","[true, true, true, true, true]",0,0.0,0,1,1,0.391974125000047
harmonic_loop--demand_aligned,harmonic_loop,demand_aligned,n0_d1_m1,factorial_combination,2.0,0.0,4,1.7,1471,error_peak_dynamic,27.951647132835202,13.790554470217405,13.790554470217405,0.6198554623175379,0.49337180040518763,0.6666666666666666,0.6666666666666666,2.3187044211223258,1.766610946903424,0.7618957081421912,0.6198554623175379,2,"[[2, 3], [1, 3], [1, 3], [2, 3]]","[true, true, true, true, true]",0,0.0,0,1,1,0.28529412500000717
harmonic_loop--demand_aligned,harmonic_loop,demand_aligned,n0_d1_m1,factorial_combination,2.0,0.0,4,1.7,1471,violation_safe,27.951647132835202,12.942432094289586,12.942432094289586,0.6126318318784979,0.4630293174775352,0.6666666666666666,0.6666666666666666,2.3187044211223258,1.748905153155104,0.754259636210371,0.6126318318784979,3,"[[2, 3], [1, 3], [2, 3], [1, 3]]","[true, true, true, true, true]",0,4.0,0,1,1,0.2764103330000012
harmonic_loop--demand_aligned,harmonic_loop,demand_aligned,n0_d1_m1,factorial_combination,2.0,0.0,4,1.7,1471,dual_anchor_dynamic,27.951647132835202,15.66528416549927,16.48476968738625,0.6724456788063795,0.5604422555512671,0.6666666666666666,0.6666666666666666,2.3187044211223258,1.5715182994300456,0.6777570634334589,0.6724456788063795,2,"[[2, 3], [2, 3], [3, 4], [1, 3]]","[true, true, true, true, false]",1,2.0,0,1,1,0.29505195799998774
harmonic_loop--demand_aligned,harmonic_loop,demand_aligned,n0_d1_m1,factorial_combination,2.0,0.0,4,1.7,1499,full_trajectory,22.39985197742406,9.249383560343567,9.249383560343567,0.5608491969716575,0.41292163759232253,0.6666666666666666,0.6666666666666666,1.9057354585321649,1.0206865737278015,0.5355867044180174,0.5608491969716575,0,"[[0, 1, 2, 3, 4, 5], [0, 1, 2, 3, 4, 5], [0, 1, 2, 3, 4, 5], [0, 1, 2, 3, 4, 5]]","[true, true, true, true, true]",0,0.0,0,1,1,0.31875787500001707
harmonic_loop--demand_aligned,harmonic_loop,demand_aligned,n0_d1_m1,factorial_combination,2.0,0.0,4,1.7,1499,error_peak_dynamic,22.39985197742406,7.977733884517875,7.977733884517875,0.5162571035982342,0.35615118763098624,0.6666666666666666,0.6666666666666666,1.9057354585321649,1.4082449623424569,0.7389509157934833,0.5162571035982342,3,"[[2, 3], [1, 3], [3, 4], [1, 3]]","[true, true, true, true, true]",0,0.0,0,1,1,0.23171758300003376
harmonic_loop--demand_aligned,harmonic_loop,demand_aligned,n0_d1_m1,factorial_combination,2.0,0.0,4,1.7,1499,violation_safe,22.39985197742406,8.227791534572912,8.227791534572912,0.5280746331120356,0.3673145493490485,0.6666666666666666,0.6666666666666666,1.9057354585321649,1.3859915817798516,0.7272738593253493,0.5280746331120356,3,"[[2, 3], [1, 3], [2, 3], [1, 3]]","[true, true, true, true, true]",0,4.0,0,1,1,0.23481133299998191
harmonic_loop--demand_aligned,harmonic_loop,demand_aligned,n0_d1_m1,factorial_combination,2.0,0.0,4,1.7,1499,dual_anchor_dynamic,22.39985197742406,9.22986154732009,9.299400894574887,0.5526075395621708,0.4120501133946112,0.6666666666666666,0.6666666666666666,1.9057354585321649,1.1550134291886043,0.6060722772499697,0.5526075395621708,2,"[[2, 3], [2, 3], [3, 4], [1, 3]]","[true, true, true, true, false]",1,2.0,0,1,1,0.29691641599998775
harmonic_loop--demand_conflict,harmonic_loop,demand_conflict,n0_d1_m1,factorial_combination,2.0,0.0,4,1.7,1423,full_trajectory,7.802661906840404,2.9918892479517223,2.9918892479517223,0.5526205806231413,0.3834446863997536,0.8333333333333334,0.6666666666666666,1.953503274052265,0.5371162286576264,0.2749502577200473,0.5526205806231413,0,"[[0, 1, 2, 3, 4, 5], [0, 1, 2, 3, 4, 5], [0, 1, 2, 3, 4, 5], [0, 1, 2, 3, 4, 5]]","[true, true, true, true, true]",0,0.0,0,1,1,0.28676345800005265
harmonic_loop--demand_conflict,harmonic_loop,demand_conflict,n0_d1_m1,factorial_combination,2.0,0.0,4,1.7,1423,error_peak_dynamic,7.802661906840404,2.3017219226890626,2.3017219226890626,0.5350798679340738,0.29499188227945633,0.8333333333333334,0.6666666666666666,1.953503274052265,0.6292339267842934,0.3221053863293697,0.5350798679340738,3,"[[2, 3], [2, 4], [1, 3], [3, 4]]","[true, true, true, true, true]",0,0.0,0,1,1,0.2352397500000052
harmonic_loop--demand_conflict,harmonic_loop,demand_conflict,n0_d1_m1,factorial_combination,2.0,0.0,4,1.7,1423,violation_safe,7.802661906840404,2.0783825927384427,2.0783825927384427,0.48249649709011483,0.26636840318768334,0.8333333333333334,0.8333333333333334,1.953503274052265,0.6764679860235058,0.3462845417301344,0.48249649709011483,3,"[[2, 4], [3, 4], [1, 2], [3, 4]]","[true, true, true, true, true]",0,4.0,0,1,1,0.2218214590000116
harmonic_loop--demand_conflict,harmonic_loop,demand_conflict,n0_d1_m1,factorial_combination,2.0,0.0,4,1.7,1423,dual_anchor_dynamic,7.802661906840404,1.9968061020425996,1.9968061020425996,0.5128182516059153,0.2559134467036241,0.8333333333333334,0.6666666666666666,1.953503274052265,0.5457694150711295,0.27937983126028165,0.5128182516059153,3,"[[2, 3], [2, 4], [3, 4], [2, 4]]","[true, true, true, true, true]",0,4.0,0,1,1,0.27987008399998103
harmonic_loop--demand_conflict,harmonic_loop,demand_conflict,n0_d1_m1,factorial_combination,2.0,0.0,4,1.7,1451,full_trajectory,10.084259269488646,8.712970748407441,8.712970748407441,0.8265820781090467,0.8640169312950697,1.0,1.0,2.597579232495895,1.7439197492117227,0.6713634477036028,0.8265820781090467,0,"[[0, 1, 2, 3, 4, 5], [0, 1, 2, 3, 4, 5], [0, 1, 2, 3, 4, 5], [0, 1, 2, 3, 4, 5]]","[true, true, true, true, true]",0,0.0,0,1,1,0.3469577079999908
harmonic_loop--demand_conflict,harmonic_loop,demand_conflict,n0_d1_m1,factorial_combination,2.0,0.0,4,1.7,1451,error_peak_dynamic,10.084259269488646,6.897786564610128,6.897786564610128,0.745541212627451,0.6840151944010759,1.0,0.8333333333333334,2.597579232495895,1.818165662573242,0.6999461805930169,0.745541212627451,1,"[[2, 3], [2, 3], [1, 3], [1, 3]]","[true, true, true, true, true]",0,0.0,0,1,1,0.2998285829999645
harmonic_loop--demand_conflict,harmonic_loop,demand_conflict,n0_d1_m1,factorial_combination,2.0,0.0,4,1.7,1451,violation_safe,10.084259269488646,6.08478444134931,6.718556896751157,0.6928843404973285,0.6033942879433581,1.0,0.8333333333333334,2.597579232495895,1.796929554237841,0.6917708348442767,0.6928843404973285,3,"[[3, 4], [2, 3], [3, 4], [1, 3]]","[true, true, true, true, false]",1,2.0,0,1,1,0.27728529199998775
harmonic_loop--demand_conflict,harmonic_loop,demand_conflict,n0_d1_m1,factorial_combination,2.0,0.0,4,1.7,1451,dual_anchor_dynamic,10.084259269488646,6.895200633490689,7.0164447936417185,0.7436324363573471,0.6837587619700631,1.0,0.8333333333333334,2.597579232495895,1.8876639812236333,0.7267012138104689,0.7436324363573471,1,"[[2, 3], [2, 3], [1, 3], [1, 3]]","[true, true, true, false, false]",2,1.0,0,1,1,0.3377052910000202
harmonic_loop--demand_conflict,harmonic_loop,demand_conflict,n0_d1_m1,factorial_combination,2.0,0.0,4,1.7,1471,full_trajectory,9.087878119682047,7.593861679723434,7.593861679723434,0.8080734219211452,0.8356033806480139,0.8333333333333334,0.8333333333333334,2.3187044211223258,1.481276845993747,0.6388381513831601,0.8080734219211452,0,"[[0, 1, 2, 3, 4, 5], [0, 1, 2, 3, 4, 5], [0, 1, 2, 3, 4, 5], [0, 1, 2, 3, 4, 5]]","[true, true, true, true, true]",0,0.0,0,1,1,0.3382125830000291
harmonic_loop--demand_conflict,harmonic_loop,demand_conflict,n0_d1_m1,factorial_combination,2.0,0.0,4,1.7,1471,error_peak_dynamic,9.087878119682047,5.57133488105447,5.57133488105447,0.687068414054314,0.6130512323870593,0.8333333333333334,0.8333333333333334,2.3187044211223258,1.5596898827769414,0.6726557592114317,0.687068414054314,2,"[[2, 3], [2, 3], [3, 4], [1, 3]]","[true, true, true, true, true]",0,0.0,0,1,1,0.28674704100001236
harmonic_loop--demand_conflict,harmonic_loop,demand_conflict,n0_d1_m1,factorial_combination,2.0,0.0,4,1.7,1471,violation_safe,9.087878119682047,5.052514964242222,5.584490327894316,0.6549591483837538,0.5559620075999645,0.8333333333333334,0.8333333333333334,2.3187044211223258,1.5854972485809204,0.6837858392547895,0.6549591483837538,3,"[[3, 4], [2, 3], [3, 4], [1, 3]]","[true, true, true, true, false]",1,2.0,0,1,1,0.27782349999995404
harmonic_loop--demand_conflict,harmonic_loop,demand_conflict,n0_d1_m1,factorial_combination,2.0,0.0,4,1.7,1471,dual_anchor_dynamic,9.087878119682047,5.259742227184946,5.622177191468382,0.6871329603384949,0.5787646090668485,0.8333333333333334,0.8333333333333334,2.3187044211223258,1.5715182994300456,0.6777570634334589,0.6871329603384949,2,"[[2, 3], [2, 3], [3, 4], [1, 3]]","[true, true, true, true, false]",1,2.0,0,1,1,0.29059987499999806
harmonic_loop--demand_conflict,harmonic_loop,demand_conflict,n0_d1_m1,factorial_combination,2.0,0.0,4,1.7,1499,full_trajectory,7.372592365492152,5.621125031735911,5.621125031735911,0.7660534638658467,0.7624353487988722,1.0,0.6666666666666666,1.9057354585321649,1.0206865737278015,0.5355867044180174,0.7660534638658467,0,"[[0, 1, 2, 3, 4, 5], [0, 1, 2, 3, 4, 5], [0, 1, 2, 3, 4, 5], [0, 1, 2, 3, 4, 5]]","[true, true, true, true, true]",0,0.0,0,1,1,0.31450175000003355
harmonic_loop--demand_conflict,harmonic_loop,demand_conflict,n0_d1_m1,factorial_combination,2.0,0.0,4,1.7,1499,error_peak_dynamic,7.372592365492152,4.019778461511592,4.019778461511592,0.6141335101755689,0.5452327027229119,1.0,0.8333333333333334,1.9057354585321649,1.1212699980463552,0.588366025843891,0.6141335101755689,2,"[[2, 3], [2, 3], [3, 4], [1, 3]]","[true, true, true, true, true]",0,0.0,0,1,1,0.27448500000002696
harmonic_loop--demand_conflict,harmonic_loop,demand_conflict,n0_d1_m1,factorial_combination,2.0,0.0,4,1.7,1499,violation_safe,7.372592365492152,2.8904321129592008,2.8904321129592008,0.5479619312809701,0.3920509869076767,1.0,0.8333333333333334,1.9057354585321649,1.1192482595416937,0.5873051553565367,0.5479619312809701,2,"[[3, 4], [2, 3], [3, 4], [3, 4]]","[true, true, true, true, true]",0,4.0,0,1,1,0.2591043330000389
harmonic_loop--demand_conflict,harmonic_loop,demand_conflict,n0_d1_m1,factorial_combination,2.0,0.0,4,1.7,1499,dual_anchor_dynamic,7.372592365492152,3.203806506328125,3.203806506328125,0.6082368803900762,0.43455630631685643,1.0,0.8333333333333334,1.9057354585321649,1.1226146022721821,0.5890715824413753,0.6082368803900762,1,"[[2, 3], [2, 3], [3, 4], [3, 4]]","[true, true, true, true, true]",0,4.0,0,1,1,0.2995796250000353
ellipse--neutral,ellipse,neutral,n0_d1_m1,factorial_combination,2.0,0.0,4,1.7,1423,full_trajectory,10.331541413905002,0.9633445122563185,0.9633445122563185,0.31844621873678036,0.09324305770674002,0.8333333333333334,0.16666666666666666,1.8794878359045348,0.14369063837951787,0.0764520182756939,0.31844621873678036,0,"[[0, 1, 2, 3, 4, 5], [0, 1, 2, 3, 4, 5], [0, 1, 2, 3, 4, 5], [0, 1, 2, 3, 4, 5]]","[true, true, true, true, true]",0,0.0,0,1,1,0.2227366669999924
ellipse--neutral,ellipse,neutral,n0_d1_m1,factorial_combination,2.0,0.0,4,1.7,1423,error_peak_dynamic,10.331541413905002,1.0818822063880504,1.0818822063880504,0.32743106872755184,0.10471643707801123,0.8333333333333334,0.16666666666666666,1.8794878359045348,0.16369824475944575,0.08709726215422045,0.32743106872755184,0,"[[2, 3], [2, 3], [2, 3], [2, 3]]","[true, true, true, true, true]",0,0.0,0,1,1,0.23571620799998527
ellipse--neutral,ellipse,neutral,n0_d1_m1,factorial_combination,2.0,0.0,4,1.7,1423,violation_safe,10.331541413905002,1.0818822063880504,1.0818822063880504,0.32743106872755184,0.10471643707801123,0.8333333333333334,0.16666666666666666,1.8794878359045348,0.16369824475944575,0.08709726215422045,0.32743106872755184,0,"[[2, 3], [2, 3], [2, 3], [2, 3]]","[true, true, true, true, true]",0,4.0,0,1,1,0.23594695799999954
ellipse--neutral,ellipse,neutral,n0_d1_m1,factorial_combination,2.0,0.0,4,1.7,1423,dual_anchor_dynamic,10.331541413905002,1.0818822063880504,1.0818822063880504,0.32743106872755184,0.10471643707801123,0.8333333333333334,0.16666666666666666,1.8794878359045348,0.16369824475944575,0.08709726215422045,0.32743106872755184,0,"[[2, 3], [2, 3], [2, 3], [2, 3]]","[true, true, true, true, true]",0,4.0,0,1,1,0.23701545900001975
ellipse--neutral,ellipse,neutral,n0_d1_m1,factorial_combination,2.0,0.0,4,1.7,1451,full_trajectory,11.766432793435662,0.6363193438826473,0.6363193438826473,0.3272332173054137,0.05407920608169721,0.6666666666666666,0.0,2.131703832535955,0.1348128748975002,0.06324184102869569,0.3272332173054137,0,"[[0, 1, 2, 3, 4, 5], [0, 1, 2, 3, 4, 5], [0, 1, 2, 3, 4, 5], [0, 1, 2, 3, 4, 5]]","[true, true, true, true, true]",0,0.0,0,1,1,0.20826837500004558
ellipse--neutral,ellipse,neutral,n0_d1_m1,factorial_combination,2.0,0.0,4,1.7,1451,error_peak_dynamic,11.766432793435662,0.7097227580453391,0.7097227580453391,0.31444280523337187,0.06031758057049237,0.6666666666666666,0.0,2.131703832535955,0.1440444102536627,0.06757243105497543,0.31444280523337187,1,"[[3, 4], [3, 4], [3, 4], [1, 3]]","[true, true, true, true, true]",0,0.0,0,1,1,0.20424975000003087
ellipse--neutral,ellipse,neutral,n0_d1_m1,factorial_combination,2.0,0.0,4,1.7,1451,violation_safe,11.766432793435662,0.7097227580453391,0.7097227580453391,0.31444280523337187,0.06031758057049237,0.6666666666666666,0.0,2.131703832535955,0.1440444102536627,0.06757243105497543,0.31444280523337187,1,"[[3, 4], [3, 4], [3, 4], [1, 3]]","[true, true, true, true, true]",0,4.0,0,1,1,0.25103562500004273
ellipse--neutral,ellipse,neutral,n0_d1_m1,factorial_combination,2.0,0.0,4,1.7,1451,dual_anchor_dynamic,11.766432793435662,0.7097227580453391,0.7097227580453391,0.31444280523337187,0.06031758057049237,0.6666666666666666,0.0,2.131703832535955,0.1440444102536627,0.06757243105497543,0.31444280523337187,1,"[[3, 4], [3, 4], [3, 4], [1, 3]]","[true, true, true, true, true]",0,4.0,0,1,1,0.2069173329999785
ellipse--neutral,ellipse,neutral,n0_d1_m1,factorial_combination,2.0,0.0,4,1.7,1471,full_trajectory,10.840092868260987,0.546264446331013,0.546264446331013,0.3178217003954377,0.05039296738226626,0.6666666666666666,0.0,1.926851186476648,0.11239170833131056,0.058329210434161706,0.3178217003954377,0,"[[0, 1, 2, 3, 4, 5], [0, 1, 2, 3, 4, 5], [0, 1, 2, 3, 4, 5], [0, 1, 2, 3, 4, 5]]","[true, true, true, true, true]",0,0.0,0,1,1,0.18551370800003042
ellipse--neutral,ellipse,neutral,n0_d1_m1,factorial_combination,2.0,0.0,4,1.7,1471,error_peak_dynamic,10.840092868260987,0.617486493002726,0.617486493002726,0.3078778402182492,0.0569632106022525,0.6666666666666666,0.0,1.926851186476648,0.11933124676707814,0.06193070207216251,0.3078778402182492,1,"[[3, 4], [3, 4], [3, 4], [1, 3]]","[true, true, true, true, true]",0,0.0,0,1,1,0.18252741699996022
ellipse--neutral,ellipse,neutral,n0_d1_m1,factorial_combination,2.0,0.0,4,1.7,1471,violation_safe,10.840092868260987,0.5928670725636722,0.5928670725636722,0.30759394711952015,0.05469206581241978,0.6666666666666666,0.0,1.926851186476648,0.11975623774250958,0.06215126449982386,0.30759394711952015,1,"[[3, 4], [3, 4], [3, 4], [2, 3]]","[true, true, true, true, true]",0,4.0,0,1,1,0.17805858399998442
ellipse--neutral,ellipse,neutral,n0_d1_m1,factorial_combination,2.0,0.0,4,1.7,1471,dual_anchor_dynamic,10.840092868260987,0.617486493002726,0.617486493002726,0.3078778402182492,0.0569632106022525,0.6666666666666666,0.0,1.926851186476648,0.11933124676707814,0.06193070207216251,0.3078778402182492,1,"[[3, 4], [3, 4], [3, 4], [1, 3]]","[true, true, true, true, true]",0,4.0,0,1,1,0.18409299999996165
ellipse--neutral,ellipse,neutral,n0_d1_m1,factorial_combination,2.0,0.0,4,1.7,1499,full_trajectory,8.76112649706644,0.4035474266143262,0.4035474266143262,0.3093373003342219,0.04606113457549657,0.6666666666666666,0.0,1.5806144752562072,0.06922300298311525,0.0437949949635218,0.3093373003342219,0,"[[0, 1, 2, 3, 4, 5], [0, 1, 2, 3, 4, 5], [0, 1, 2, 3, 4, 5], [0, 1, 2, 3, 4, 5]]","[true, true, true, true, true]",0,0.0,0,1,1,0.1834953750000068
ellipse--neutral,ellipse,neutral,n0_d1_m1,factorial_combination,2.0,0.0,4,1.7,1499,error_peak_dynamic,8.76112649706644,0.3645024796920916,0.3645024796920916,0.29610886741759224,0.04160452195435609,0.6666666666666666,0.0,1.5806144752562072,0.07226636464545029,0.04572042441515436,0.29610886741759224,1,"[[3, 4], [3, 4], [3, 4], [1, 3]]","[true, true, true, true, true]",0,0.0,0,1,1,0.17781700000000455
ellipse--neutral,ellipse,neutral,n0_d1_m1,factorial_combination,2.0,0.0,4,1.7,1499,violation_safe,8.76112649706644,0.3645024796920916,0.3645024796920916,0.29610886741759224,0.04160452195435609,0.6666666666666666,0.0,1.5806144752562072,0.07226636464545029,0.04572042441515436,0.29610886741759224,1,"[[3, 4], [3, 4], [3, 4], [1, 3]]","[true, true, true, true, true]",0,4.0,0,1,1,0.1792204580000316
ellipse--neutral,ellipse,neutral,n0_d1_m1,factorial_combination,2.0,0.0,4,1.7,1499,dual_anchor_dynamic,8.76112649706644,0.3645024796920916,0.3645024796920916,0.29610886741759224,0.04160452195435609,0.6666666666666666,0.0,1.5806144752562072,0.07226636464545029,0.04572042441515436,0.29610886741759224,1,"[[3, 4], [3, 4], [3, 4], [1, 3]]","[true, true, true, true, true]",0,4.0,0,1,1,0.18019291600000997
ellipse--demand_aligned,ellipse,demand_aligned,n0_d1_m1,factorial_combination,2.0,0.0,4,1.7,1423,full_trajectory,16.877458568707198,1.5973844661348797,1.5973844661348797,0.3156241569642212,0.09464603095495783,0.6666666666666666,0.16666666666666666,1.8794878359045348,0.14369063837951787,0.0764520182756939,0.3156241569642212,0,"[[0, 1, 2, 3, 4, 5], [0, 1, 2, 3, 4, 5], [0, 1, 2, 3, 4, 5], [0, 1, 2, 3, 4, 5]]","[true, true, true, true, true]",0,0.0,0,1,1,0.22280008300003828
ellipse--demand_aligned,ellipse,demand_aligned,n0_d1_m1,factorial_combination,2.0,0.0,4,1.7,1423,error_peak_dynamic,16.877458568707198,1.7011581070892268,1.7011581070892268,0.3271726713719998,0.10079468423305005,0.6666666666666666,0.3333333333333333,1.8794878359045348,0.3346908511934921,0.17807556122459103,0.3271726713719998,1,"[[2, 3], [2, 3], [2, 3], [3, 4]]","[true, true, true, true, true]",0,0.0,0,1,1,0.21456458400001566
ellipse--demand_aligned,ellipse,demand_aligned,n0_d1_m1,factorial_combination,2.0,0.0,4,1.7,1423,violation_safe,16.877458568707198,1.7123112025028004,1.7123112025028004,0.3314384860104791,0.10145551212773396,0.6666666666666666,0.3333333333333333,1.8794878359045348,0.33678111104603337,0.17918770455034727,0.3314384860104791,2,"[[3, 4], [2, 3], [2, 3], [3, 4]]","[true, true, true, true, true]",0,4.0,0,1,1,0.2163165420000155
ellipse--demand_aligned,ellipse,demand_aligned,n0_d1_m1,factorial_combination,2.0,0.0,4,1.7,1423,dual_anchor_dynamic,16.877458568707198,1.8116666915570303,1.8116666915570303,0.3261624012665323,0.10734238713618141,0.6666666666666666,0.16666666666666666,1.8794878359045348,0.16369824475944575,0.08709726215422045,0.3261624012665323,0,"[[2, 3], [2, 3], [2, 3], [2, 3]]","[true, true, true, true, true]",0,4.0,0,1,1,0.23711191600000348
ellipse--demand_aligned,ellipse,demand_aligned,n0_d1_m1,factorial_combination,2.0,0.0,4,1.7,1451,full_trajectory,15.976702063787933,0.9509578619409713,0.9509578619409713,0.34106865557380633,0.05952153693197855,0.6666666666666666,0.16666666666666666,2.131703832535955,0.1348128748975002,0.06324184102869569,0.34106865557380633,0,"[[0, 1, 2, 3, 4, 5], [0, 1, 2, 3, 4, 5], [0, 1, 2, 3, 4, 5], [0, 1, 2, 3, 4, 5]]","[true, true, true, true, true]",0,0.0,0,1,1,0.20779854199997772
ellipse--demand_aligned,ellipse,demand_aligned,n0_d1_m1,factorial_combination,2.0,0.0,4,1.7,1451,error_peak_dynamic,15.976702063787933,1.0463733714164365,1.0463733714164365,0.3235241998889685,0.06549370246992957,0.6666666666666666,0.16666666666666666,2.131703832535955,0.22915490714641773,0.10749847312222843,0.3235241998889685,1,"[[3, 4], [3, 4], [3, 4], [1, 3]]","[true, true, true, true, true]",0,0.0,0,1,1,0.1318616249999991
ellipse--demand_aligned,ellipse,demand_aligned,n0_d1_m1,factorial_combination,2.0,0.0,4,1.7,1451,violation_safe,15.976702063787933,1.0463733714164365,1.0463733714164365,0.3235241998889685,0.06549370246992957,0.6666666666666666,0.16666666666666666,2.131703832535955,0.22915490714641773,0.10749847312222843,0.3235241998889685,1,"[[3, 4], [3, 4], [3, 4], [1, 3]]","[true, true, true, true, true]",0,4.0,0,1,1,0.13302991699998756
ellipse--demand_aligned,ellipse,demand_aligned,n0_d1_m1,factorial_combination,2.0,0.0,4,1.7,1451,dual_anchor_dynamic,15.976702063787933,0.8348585029603186,0.8348585029603186,0.32334273742133524,0.05225474566822968,0.6666666666666666,0.16666666666666666,2.131703832535955,0.1440444102536627,0.06757243105497543,0.32334273742133524,1,"[[3, 4], [3, 4], [3, 4], [1, 3]]","[true, true, true, true, true]",0,4.0,0,1,1,0.2076631659999748
ellipse--demand_aligned,ellipse,demand_aligned,n0_d1_m1,factorial_combination,2.0,0.0,4,1.7,1471,full_trajectory,14.662358416963976,0.8290661303864797,0.8290661303864797,0.32998771884725475,0.05654384559493998,0.6666666666666666,0.16666666666666666,1.926851186476648,0.11239170833131056,0.058329210434161706,0.32998771884725475,0,"[[0, 1, 2, 3, 4, 5], [0, 1, 2, 3, 4, 5], [0, 1, 2, 3, 4, 5], [0, 1, 2, 3, 4, 5]]","[true, true, true, true, true]",0,0.0,0,1,1,0.18524399999995467
ellipse--demand_aligned,ellipse,demand_aligned,n0_d1_m1,factorial_combination,2.0,0.0,4,1.7,1471,error_peak_dynamic,14.662358416963976,0.8539485484338789,0.8539485484338789,0.3166622760749463,0.058240872590175,0.6666666666666666,0.16666666666666666,1.926851186476648,0.18590537839769336,0.09648144065428915,0.3166622760749463,1,"[[3, 4], [3, 4], [1, 3], [1, 3]]","[true, true, true, true, true]",0,0.0,0,1,1,0.12155741600003012
ellipse--demand_aligned,ellipse,demand_aligned,n0_d1_m1,factorial_combination,2.0,0.0,4,1.7,1471,violation_safe,14.662358416963976,0.7871498682436779,0.7871498682436779,0.31633250426718695,0.05368507888423772,0.6666666666666666,0.0,1.926851186476648,0.20457725003410795,0.1061717954504772,0.31633250426718695,1,"[[3, 4], [3, 4], [3, 4], [1, 3]]","[true, true, true, true, true]",0,4.0,0,1,1,0.12718762500003322
ellipse--demand_aligned,ellipse,demand_aligned,n0_d1_m1,factorial_combination,2.0,0.0,4,1.7,1471,dual_anchor_dynamic,14.662358416963976,0.7019995727398629,0.7019995727398629,0.3158307882830857,0.04787767102512426,0.6666666666666666,0.0,1.926851186476648,0.11933124676707814,0.06193070207216251,0.3158307882830857,1,"[[3, 4], [3, 4], [3, 4], [1, 3]]","[true, true, true, true, true]",0,4.0,0,1,1,0.19195770799996126
ellipse--demand_aligned,ellipse,demand_aligned,n0_d1_m1,factorial_combination,2.0,0.0,4,1.7,1499,full_trajectory,11.904149418555592,0.62309687626416,0.62309687626416,0.32469468147694713,0.05234283058417494,0.6666666666666666,0.0,1.5806144752562072,0.06922300298311525,0.0437949949635218,0.32469468147694713,0,"[[0, 1, 2, 3, 4, 5], [0, 1, 2, 3, 4, 5], [0, 1, 2, 3, 4, 5], [0, 1, 2, 3, 4, 5]]","[true, true, true, true, true]",0,0.0,0,1,1,0.18790337500001897
ellipse--demand_aligned,ellipse,demand_aligned,n0_d1_m1,factorial_combination,2.0,0.0,4,1.7,1499,error_peak_dynamic,11.904149418555592,0.5480446604475673,0.5480446604475673,0.3079667844034087,0.04603812008553108,0.6666666666666666,0.0,1.5806144752562072,0.12178605078005096,0.07704981365573679,0.3079667844034087,1,"[[3, 4], [3, 4], [1, 3], [1, 3]]","[true, true, true, true, true]",0,0.0,0,1,1,0.1219675830000142
ellipse--demand_aligned,ellipse,demand_aligned,n0_d1_m1,factorial_combination,2.0,0.0,4,1.7,1499,violation_safe,11.904149418555592,0.5413721664955877,0.5413721664955877,0.3082688253471743,0.045477601755546174,0.6666666666666666,0.0,1.5806144752562072,0.14205522153914119,0.08987341553740671,0.3082688253471743,1,"[[3, 4], [3, 4], [3, 4], [1, 3]]","[true, true, true, true, true]",0,4.0,0,1,1,0.1238962500000298
ellipse--demand_aligned,ellipse,demand_aligned,n0_d1_m1,factorial_combination,2.0,0.0,4,1.7,1499,dual_anchor_dynamic,11.904149418555592,0.48777867040642664,0.48777867040642664,0.30821713145608726,0.04097551645698446,0.6666666666666666,0.0,1.5806144752562072,0.07226636464545029,0.04572042441515436,0.30821713145608726,1,"[[3, 4], [3, 4], [3, 4], [1, 3]]","[true, true, true, true, true]",0,4.0,0,1,1,0.1788833329999875
ellipse--demand_conflict,ellipse,demand_conflict,n0_d1_m1,factorial_combination,2.0,0.0,4,1.7,1423,full_trajectory,7.448766018266514,0.5604202829051417,0.5604202829051417,0.35292187448731427,0.07523666088192732,0.8333333333333334,0.0,1.8794878359045348,0.14369063837951787,0.0764520182756939,0.35292187448731427,0,"[[0, 1, 2, 3, 4, 5], [0, 1, 2, 3, 4, 5], [0, 1, 2, 3, 4, 5], [0, 1, 2, 3, 4, 5]]","[true, true, true, true, true]",0,0.0,0,1,1,0.22449949999997898
ellipse--demand_conflict,ellipse,demand_conflict,n0_d1_m1,factorial_combination,2.0,0.0,4,1.7,1423,error_peak_dynamic,7.448766018266514,0.5939296409308659,0.5939296409308659,0.3457271007224907,0.07973530642181266,0.8333333333333334,0.0,1.8794878359045348,0.17273815800888231,0.0919070369645405,0.3457271007224907,0,"[[2, 3], [2, 3], [2, 3], [2, 3]]","[true, true, true, true, true]",0,0.0,0,1,1,0.1962585829999739
ellipse--demand_conflict,ellipse,demand_conflict,n0_d1_m1,factorial_combination,2.0,0.0,4,1.7,1423,violation_safe,7.448766018266514,0.5939296409308659,0.5939296409308659,0.3457271007224907,0.07973530642181266,0.8333333333333334,0.0,1.8794878359045348,0.17273815800888231,0.0919070369645405,0.3457271007224907,0,"[[2, 3], [2, 3], [2, 3], [2, 3]]","[true, true, true, true, true]",0,4.0,0,1,1,0.2025345410000341
ellipse--demand_conflict,ellipse,demand_conflict,n0_d1_m1,factorial_combination,2.0,0.0,4,1.7,1423,dual_anchor_dynamic,7.448766018266514,0.6113332739380588,0.6113332739380588,0.3477855501831787,0.08207175154097927,0.8333333333333334,0.0,1.8794878359045348,0.16369824475944575,0.08709726215422045,0.3477855501831787,0,"[[2, 3], [2, 3], [2, 3], [2, 3]]","[true, true, true, true, true]",0,4.0,0,1,1,0.2361674590000007
ellipse--demand_conflict,ellipse,demand_conflict,n0_d1_m1,factorial_combination,2.0,0.0,4,1.7,1451,full_trajectory,8.177268718770305,0.7630928365816448,0.7630928365816448,0.3742750696938998,0.09331879174155334,0.6666666666666666,0.0,2.131703832535955,0.1348128748975002,0.06324184102869569,0.3742750696938998,0,"[[0, 1, 2, 3, 4, 5], [0, 1, 2, 3, 4, 5], [0, 1, 2, 3, 4, 5], [0, 1, 2, 3, 4, 5]]","[true, true, true, true, true]",0,0.0,0,1,1,0.2092522920000306
ellipse--demand_conflict,ellipse,demand_conflict,n0_d1_m1,factorial_combination,2.0,0.0,4,1.7,1451,error_peak_dynamic,8.177268718770305,0.9249130507764685,0.9249130507764685,0.3891167957799307,0.11310782152155525,0.6666666666666666,0.3333333333333333,2.131703832535955,0.15856087800116572,0.07438222682769947,0.3891167957799307,1,"[[3, 4], [3, 4], [3, 4], [1, 3]]","[true, true, true, true, true]",0,0.0,0,1,1,0.17444162500004268
ellipse--demand_conflict,ellipse,demand_conflict,n0_d1_m1,factorial_combination,2.0,0.0,4,1.7,1451,violation_safe,8.177268718770305,0.6731843990877983,0.6731843990877983,0.36443324799724264,0.08232386903741516,0.6666666666666666,0.0,2.131703832535955,0.19998874462857344,0.09381638367214422,0.36443324799724264,1,"[[1, 4], [1, 4], [1, 4], [1, 3]]","[true, true, true, true, true]",0,4.0,0,1,1,0.17609783299997162
ellipse--demand_conflict,ellipse,demand_conflict,n0_d1_m1,factorial_combination,2.0,0.0,4,1.7,1451,dual_anchor_dynamic,8.177268718770305,0.7618989740497091,0.7618989740497091,0.3730686083868353,0.09317279402850334,0.6666666666666666,0.0,2.131703832535955,0.1482503451598714,0.06954547010571689,0.3730686083868353,2,"[[3, 4], [1, 4], [1, 3], [1, 3]]","[true, true, true, true, true]",0,4.0,0,1,1,0.20381487499997775
ellipse--demand_conflict,ellipse,demand_conflict,n0_d1_m1,factorial_combination,2.0,0.0,4,1.7,1471,full_trajectory,7.557784417376514,0.5987021878840363,0.5987021878840363,0.36485124579790956,0.0792166268341192,0.6666666666666666,0.0,1.926851186476648,0.11239170833131056,0.058329210434161706,0.36485124579790956,0,"[[0, 1, 2, 3, 4, 5], [0, 1, 2, 3, 4, 5], [0, 1, 2, 3, 4, 5], [0, 1, 2, 3, 4, 5]]","[true, true, true, true, true]",0,0.0,0,1,1,0.18706133300003103
ellipse--demand_conflict,ellipse,demand_conflict,n0_d1_m1,factorial_combination,2.0,0.0,4,1.7,1471,error_peak_dynamic,7.557784417376514,0.8001865221592033,0.8001865221592033,0.38158575789928695,0.10587580671386324,0.6666666666666666,0.0,1.926851186476648,0.13966007856572119,0.07248098843642264,0.38158575789928695,1,"[[3, 4], [3, 4], [3, 4], [1, 3]]","[true, true, true, true, true]",0,0.0,0,1,1,0.17424204200000304
ellipse--demand_conflict,ellipse,demand_conflict,n0_d1_m1,factorial_combination,2.0,0.0,4,1.7,1471,violation_safe,7.557784417376514,0.6983800951317896,0.6983800951317896,0.35550681473721074,0.09240540038772552,0.6666666666666666,0.0,1.926851186476648,0.18116858035386468,0.09402313039292945,0.35550681473721074,1,"[[1, 4], [1, 4], [1, 4], [1, 3]]","[true, true, true, true, true]",0,4.0,0,1,1,0.15642633300001307
ellipse--demand_conflict,ellipse,demand_conflict,n0_d1_m1,factorial_combination,2.0,0.0,4,1.7,1471,dual_anchor_dynamic,7.557784417376514,0.6589549396646656,0.6589549396646656,0.3660013199093359,0.08718890395307206,0.6666666666666666,0.0,1.926851186476648,0.11968645177600507,0.062115046878559545,0.3660013199093359,2,"[[3, 4], [1, 4], [1, 3], [1, 3]]","[true, true, true, true, true]",0,4.0,0,1,1,0.1945048750000069
ellipse--demand_conflict,ellipse,demand_conflict,n0_d1_m1,factorial_combination,2.0,0.0,4,1.7,1499,full_trajectory,6.105928680814806,0.41413567782207333,0.41413567782207333,0.34994342524904404,0.06782517442814431,0.6666666666666666,0.0,1.5806144752562072,0.06922300298311525,0.0437949949635218,0.34994342524904404,0,"[[0, 1, 2, 3, 4, 5], [0, 1, 2, 3, 4, 5], [0, 1, 2, 3, 4, 5], [0, 1, 2, 3, 4, 5]]","[true, true, true, true, true]",0,0.0,0,1,1,0.1827890830000456
ellipse--demand_conflict,ellipse,demand_conflict,n0_d1_m1,factorial_combination,2.0,0.0,4,1.7,1499,error_peak_dynamic,6.105928680814806,0.5434487904427086,0.5434487904427086,0.36952539983061794,0.08900346185671268,0.6666666666666666,0.0,1.5806144752562072,0.08222134427526384,0.052018595022632765,0.36952539983061794,1,"[[3, 4], [3, 4], [3, 4], [1, 3]]","[true, true, true, true, true]",0,0.0,0,1,1,0.16945458300000382
ellipse--demand_conflict,ellipse,demand_conflict,n0_d1_m1,factorial_combination,2.0,0.0,4,1.7,1499,violation_safe,6.105928680814806,0.4318126785286933,0.4318126785286933,0.34342996146619065,0.07072022964917273,0.6666666666666666,0.0,1.5806144752562072,0.12327450781342775,0.07799150883610993,0.34342996146619065,1,"[[1, 4], [1, 4], [1, 4], [1, 3]]","[true, true, true, true, true]",0,4.0,0,1,1,0.16766649999999572
ellipse--demand_conflict,ellipse,demand_conflict,n0_d1_m1,factorial_combination,2.0,0.0,4,1.7,1499,dual_anchor_dynamic,6.105928680814806,0.4236012147020144,0.4236012147020144,0.35162182314713675,0.06937539510295868,0.6666666666666666,0.0,1.5806144752562072,0.0723654169068229,0.045783091348124555,0.35162182314713675,2,"[[3, 4], [1, 4], [1, 3], [1, 3]]","[true, true, true, true, true]",0,4.0,0,1,1,0.19223895800001856
rounded_square--neutral,rounded_square,neutral,n0_d1_m1,factorial_combination,2.0,0.0,4,1.7,1423,full_trajectory,17.558379800197223,9.80677053378684,9.80677053378684,0.6621975466624039,0.5585236590950543,0.8333333333333334,0.8333333333333334,2.4129356783835783,1.4029747188112909,0.5814389216338918,0.6621975466624039,0,"[[0, 1, 2, 3, 4, 5], [0, 1, 2, 3, 4, 5], [0, 1, 2, 3, 4, 5], [0, 1, 2, 3, 4, 5]]","[true, true, true, true, true]",0,0.0,0,1,1,0.35570783299999675
rounded_square--neutral,rounded_square,neutral,n0_d1_m1,factorial_combination,2.0,0.0,4,1.7,1423,error_peak_dynamic,17.558379800197223,13.057902865206778,13.057902865206778,0.7455222228394874,0.7436849534978225,0.8333333333333334,0.8333333333333334,2.4129356783835783,1.6983036022725253,0.7038329357416673,0.7455222228394874,3,"[[2, 4], [2, 3], [2, 4], [2, 3]]","[true, true, true, true, true]",0,0.0,0,1,1,0.3438971670000228
rounded_square--neutral,rounded_square,neutral,n0_d1_m1,factorial_combination,2.0,0.0,4,1.7,1423,violation_safe,17.558379800197223,11.123179840976672,13.057902865206778,0.7455222228394874,0.6334969380746469,0.8333333333333334,0.8333333333333334,2.4129356783835783,1.7769228608593128,0.7364153453314058,0.7455222228394874,3,"[[2, 4], [2, 3], [2, 4], [2, 3]]","[true, true, true, true, false]",1,2.0,0,1,1,0.34400133299999425
rounded_square--neutral,rounded_square,neutral,n0_d1_m1,factorial_combination,2.0,0.0,4,1.7,1423,dual_anchor_dynamic,17.558379800197223,11.123179840976672,13.057902865206778,0.7455222228394874,0.6334969380746469,0.8333333333333334,0.8333333333333334,2.4129356783835783,1.7769228608593128,0.7364153453314058,0.7455222228394874,3,"[[2, 4], [2, 3], [2, 4], [2, 3]]","[true, true, true, true, false]",1,2.0,0,1,1,0.3452383750000081
rounded_square--neutral,rounded_square,neutral,n0_d1_m1,factorial_combination,2.0,0.0,4,1.7,1451,full_trajectory,20.6918069816886,15.763742007210958,15.763742007210958,0.7855536167682082,0.7618349630441277,1.0,0.8333333333333334,3.284644394448588,2.3144853914273202,0.7046380409821703,0.7855536167682082,0,"[[0, 1, 2, 3, 4, 5], [0, 1, 2, 3, 4, 5], [0, 1, 2, 3, 4, 5], [0, 1, 2, 3, 4, 5]]","[true, true, true, true, true]",0,0.0,0,1,1,0.4537347910000449
rounded_square--neutral,rounded_square,neutral,n0_d1_m1,factorial_combination,2.0,0.0,4,1.7,1451,error_peak_dynamic,20.6918069816886,13.955976427280607,13.955976427280607,0.7267161503606767,0.6744687131303261,1.0,0.8333333333333334,3.284644394448588,2.7513770672415747,0.8376483834571882,0.7267161503606767,2,"[[1, 4], [2, 4], [1, 4], [1, 4]]","[true, true, true, true, true]",0,0.0,0,1,1,0.38022770799994987
rounded_square--neutral,rounded_square,neutral,n0_d1_m1,factorial_combination,2.0,0.0,4,1.7,1451,violation_safe,20.6918069816886,13.635325105332033,13.678233447769287,0.7250382943633905,0.6589721776062736,1.0,0.8333333333333334,3.284644394448588,2.6557372135831794,0.8085311207726683,0.7250382943633905,2,"[[1, 4], [2, 4], [1, 4], [1, 4]]","[true, true, true, false, false]",2,1.0,0,1,1,0.37581699999998364
rounded_square--neutral,rounded_square,neutral,n0_d1_m1,factorial_combination,2.0,0.0,4,1.7,1451,dual_anchor_dynamic,20.6918069816886,13.635325105332033,13.678233447769287,0.7250382943633905,0.6589721776062736,1.0,0.8333333333333334,3.284644394448588,2.6557372135831794,0.8085311207726683,0.7250382943633905,2,"[[1, 4], [2, 4], [1, 4], [1, 4]]","[true, true, true, false, false]",2,1.0,0,1,1,0.3776562499999727
rounded_square--neutral,rounded_square,neutral,n0_d1_m1,factorial_combination,2.0,0.0,4,1.7,1471,full_trajectory,18.643871263529547,13.566885457978572,13.566885457978572,0.755141814436753,0.7276860726086224,1.0,0.8333333333333334,3.060438278601149,1.9438046646827227,0.6351393126513853,0.755141814436753,0,"[[0, 1, 2, 3, 4, 5], [0, 1, 2, 3, 4, 5], [0, 1, 2, 3, 4, 5], [0, 1, 2, 3, 4, 5]]","[true, true, true, true, true]",0,0.0,0,1,1,0.37367437500000733
rounded_square--neutral,rounded_square,neutral,n0_d1_m1,factorial_combination,2.0,0.0,4,1.7,1471,error_peak_dynamic,18.643871263529547,11.32676888023531,11.32676888023531,0.6929342372254761,0.6075330986860179,1.0,0.8333333333333334,3.060438278601149,2.1786710475970676,0.7118820408274611,0.6929342372254761,3,"[[1, 4], [2, 4], [1, 4], [2, 4]]","[true, true, true, true, true]",0,0.0,0,1,1,0.35511716700000306
rounded_square--neutral,rounded_square,neutral,n0_d1_m1,factorial_combination,2.0,0.0,4,1.7,1471,violation_safe,18.643871263529547,11.32676888023531,11.32676888023531,0.6929342372254761,0.6075330986860179,1.0,0.8333333333333334,3.060438278601149,2.1786710475970676,0.7118820408274611,0.6929342372254761,3,"[[1, 4], [2, 4], [1, 4], [2, 4]]","[true, true, true, true, true]",0,4.0,0,1,1,0.35718404099998224
rounded_square--neutral,rounded_square,neutral,n0_d1_m1,factorial_combination,2.0,0.0,4,1.7,1471,dual_anchor_dynamic,18.643871263529547,11.32676888023531,11.32676888023531,0.6929342372254761,0.6075330986860179,1.0,0.8333333333333334,3.060438278601149,2.1786710475970676,0.7118820408274611,0.6929342372254761,3,"[[1, 4], [2, 4], [1, 4], [2, 4]]","[true, true, true, true, true]",0,4.0,0,1,1,0.357129499999985
rounded_square--neutral,rounded_square,neutral,n0_d1_m1,factorial_combination,2.0,0.0,4,1.7,1499,full_trajectory,15.026208274066594,10.226950722734045,10.226950722734045,0.6969308078907146,0.680607544911015,0.6666666666666666,0.8333333333333334,2.426220225185175,1.3873764828123654,0.5718262787568994,0.6969308078907146,0,"[[0, 1, 2, 3, 4, 5], [0, 1, 2, 3, 4, 5], [0, 1, 2, 3, 4, 5], [0, 1, 2, 3, 4, 5]]","[true, true, true, true, true]",0,0.0,0,1,1,0.33853012499997703
rounded_square--neutral,rounded_square,neutral,n0_d1_m1,factorial_combination,2.0,0.0,4,1.7,1499,error_peak_dynamic,15.026208274066594,8.635088132846146,8.635088132846146,0.644975127950931,0.5746684709374924,0.6666666666666666,0.8333333333333334,2.426220225185175,1.4431960710342895,0.5948330889559463,0.644975127950931,2,"[[1, 4], [2, 4], [2, 4], [3, 4]]","[true, true, true, true, true]",0,0.0,0,1,1,0.3328242499999874
rounded_square--neutral,rounded_square,neutral,n0_d1_m1,factorial_combination,2.0,0.0,4,1.7,1499,violation_safe,15.026208274066594,8.246772634218635,8.635088132846146,0.644975127950931,0.5488259235998718,0.6666666666666666,0.8333333333333334,2.426220225185175,1.5995800323134406,0.6592888871789685,0.644975127950931,2,"[[1, 4], [2, 4], [2, 4], [3, 4]]","[true, true, true, true, false]",1,2.0,0,1,1,0.33453733299995747
rounded_square--neutral,rounded_square,neutral,n0_d1_m1,factorial_combination,2.0,0.0,4,1.7,1499,dual_anchor_dynamic,15.026208274066594,8.246772634218635,8.635088132846146,0.644975127950931,0.5488259235998718,0.6666666666666666,0.8333333333333334,2.426220225185175,1.5995800323134406,0.6592888871789685,0.644975127950931,2,"[[1, 4], [2, 4], [2, 4], [3, 4]]","[true, true, true, true, false]",1,2.0,0,1,1,0.3336732500000039
rounded_square--demand_aligned,rounded_square,demand_aligned,n0_d1_m1,factorial_combination,2.0,0.0,4,1.7,1423,full_trajectory,28.57386016163118,15.987717320369857,15.987717320369857,0.657133352436424,0.5595224876839733,0.8333333333333334,0.8333333333333334,2.4129356783835783,1.4029747188112909,0.5814389216338918,0.657133352436424,0,"[[0, 1, 2, 3, 4, 5], [0, 1, 2, 3, 4, 5], [0, 1, 2, 3, 4, 5], [0, 1, 2, 3, 4, 5]]","[true, true, true, true, true]",0,0.0,0,1,1,0.3544137909999563
rounded_square--demand_aligned,rounded_square,demand_aligned,n0_d1_m1,factorial_combination,2.0,0.0,4,1.7,1423,error_peak_dynamic,28.57386016163118,16.078700534256917,16.078700534256917,0.6804110880054985,0.562706629181566,0.8333333333333334,0.8333333333333334,2.4129356783835783,1.8578277041659828,0.7699449764904378,0.6804110880054985,3,"[[2, 4], [2, 3], [3, 4], [2, 4]]","[true, true, true, true, true]",0,0.0,0,1,1,0.28246241699997654
rounded_square--demand_aligned,rounded_square,demand_aligned,n0_d1_m1,factorial_combination,2.0,0.0,4,1.7,1423,violation_safe,28.57386016163118,17.13493023708255,19.137003202208305,0.7007217540573114,0.5996715228588974,0.8333333333333334,0.8333333333333334,2.4129356783835783,2.2322988821664413,0.9251381635095448,0.7007217540573114,3,"[[2, 4], [2, 3], [2, 4], [2, 3]]","[true, true, true, true, false]",1,2.0,0,1,1,0.29409412499995824
rounded_square--demand_aligned,rounded_square,demand_aligned,n0_d1_m1,factorial_combination,2.0,0.0,4,1.7,1423,dual_anchor_dynamic,28.57386016163118,16.885288765208713,17.67457443826688,0.6875069389295807,0.590934814886586,0.8333333333333334,0.8333333333333334,2.4129356783835783,1.7769228608593128,0.7364153453314058,0.6875069389295807,3,"[[2, 4], [2, 3], [2, 4], [2, 3]]","[true, true, true, true, false]",1,2.0,0,1,1,0.34495479200001
rounded_square--demand_aligned,rounded_square,demand_aligned,n0_d1_m1,factorial_combination,2.0,0.0,4,1.7,1451,full_trajectory,27.82114307081125,21.443408747775855,21.443408747775855,0.7942260974591664,0.7707594433915751,0.6666666666666666,0.8333333333333334,3.284644394448588,2.3144853914273202,0.7046380409821703,0.7942260974591664,0,"[[0, 1, 2, 3, 4, 5], [0, 1, 2, 3, 4, 5], [0, 1, 2, 3, 4, 5], [0, 1, 2, 3, 4, 5]]","[true, true, true, true, true]",0,0.0,0,1,1,0.4079590000000053
rounded_square--demand_aligned,rounded_square,demand_aligned,n0_d1_m1,factorial_combination,2.0,0.0,4,1.7,1451,error_peak_dynamic,27.82114307081125,20.735824584574324,20.735824584574324,0.7653833734316224,0.7453261187650289,0.6666666666666666,0.8333333333333334,3.284644394448588,3.650335771769585,1.1113336280600286,0.7653833734316224,2,"[[1, 4], [2, 4], [1, 4], [1, 4]]","[true, true, true, true, true]",0,0.0,0,1,1,0.365380416999983
rounded_square--demand_aligned,rounded_square,demand_aligned,n0_d1_m1,factorial_combination,2.0,0.0,4,1.7,1451,violation_safe,27.82114307081125,16.49301472950308,16.49301472950308,0.7047920986149641,0.5928230442410127,0.6666666666666666,0.8333333333333334,3.284644394448588,3.3891125002640847,1.0318049972143284,0.7047920986149641,2,"[[2, 4], [1, 4], [2, 4], [2, 4]]","[true, true, true, true, true]",0,4.0,0,1,1,0.35834100000005265
rounded_square--demand_aligned,rounded_square,demand_aligned,n0_d1_m1,factorial_combination,2.0,0.0,4,1.7,1451,dual_anchor_dynamic,27.82114307081125,17.24485219391457,18.40076322899346,0.7307554670181658,0.6198470044894429,0.6666666666666666,0.8333333333333334,3.284644394448588,2.545142061907759,0.7748607630735705,0.7307554670181658,2,"[[1, 4], [2, 4], [2, 4], [1, 4]]","[true, true, true, true, false]",1,2.0,0,1,1,0.3933536249999747
rounded_square--demand_aligned,rounded_square,demand_aligned,n0_d1_m1,factorial_combination,2.0,0.0,4,1.7,1471,full_trajectory,24.96680120478762,18.37365292591204,18.37365292591204,0.7621375971573922,0.7359233878302647,0.6666666666666666,0.8333333333333334,3.060438278601149,1.9438046646827227,0.6351393126513853,0.7621375971573922,0,"[[0, 1, 2, 3, 4, 5], [0, 1, 2, 3, 4, 5], [0, 1, 2, 3, 4, 5], [0, 1, 2, 3, 4, 5]]","[true, true, true, true, true]",0,0.0,0,1,1,0.37101620899994714
rounded_square--demand_aligned,rounded_square,demand_aligned,n0_d1_m1,factorial_combination,2.0,0.0,4,1.7,1471,error_peak_dynamic,24.96680120478762,17.242520924629346,17.242520924629346,0.7238985163013555,0.6906179443333305,0.6666666666666666,0.8333333333333334,3.060438278601149,3.2126739322859414,1.0497430890043553,0.7238985163013555,2,"[[1, 4], [2, 4], [1, 4], [1, 4]]","[true, true, true, true, true]",0,0.0,0,1,1,0.3583746250000104
rounded_square--demand_aligned,rounded_square,demand_aligned,n0_d1_m1,factorial_combination,2.0,0.0,4,1.7,1471,violation_safe,24.96680120478762,14.165049523294673,14.165049523294673,0.675084414267694,0.5673554015633525,0.6666666666666666,0.8333333333333334,3.060438278601149,2.9476433859239646,0.963144202754927,0.675084414267694,2,"[[2, 4], [1, 4], [2, 4], [2, 4]]","[true, true, true, true, true]",0,4.0,0,1,1,0.3340379999999641
rounded_square--demand_aligned,rounded_square,demand_aligned,n0_d1_m1,factorial_combination,2.0,0.0,4,1.7,1471,dual_anchor_dynamic,24.96680120478762,15.476802746652785,16.239934798997247,0.7187719655090833,0.6198953009520883,0.6666666666666666,0.8333333333333334,3.060438278601149,2.289735537458513,0.7481724279390124,0.7187719655090833,2,"[[1, 4], [2, 4], [1, 4], [1, 4]]","[true, true, true, false, false]",2,1.0,0,1,1,0.36926325000001725
rounded_square--demand_aligned,rounded_square,demand_aligned,n0_d1_m1,factorial_combination,2.0,0.0,4,1.7,1499,full_trajectory,20.503143406492256,13.892297652464753,13.892297652464753,0.7084106658016883,0.6775691598618874,0.6666666666666666,0.8333333333333334,2.426220225185175,1.3873764828123654,0.5718262787568994,0.7084106658016883,0,"[[0, 1, 2, 3, 4, 5], [0, 1, 2, 3, 4, 5], [0, 1, 2, 3, 4, 5], [0, 1, 2, 3, 4, 5]]","[true, true, true, true, true]",0,0.0,0,1,1,0.3395213750000039
rounded_square--demand_aligned,rounded_square,demand_aligned,n0_d1_m1,factorial_combination,2.0,0.0,4,1.7,1499,error_peak_dynamic,20.503143406492256,14.050822360756047,14.050822360756047,0.7186579592005273,0.6853008869023907,0.6666666666666666,0.8333333333333334,2.426220225185175,1.9669981152985845,0.8107252980913793,0.7186579592005273,3,"[[1, 4], [2, 4], [1, 4], [2, 3]]","[true, true, true, true, true]",0,0.0,0,1,1,0.2685223340000107
rounded_square--demand_aligned,rounded_square,demand_aligned,n0_d1_m1,factorial_combination,2.0,0.0,4,1.7,1499,violation_safe,20.503143406492256,10.222128296644968,10.234656379558583,0.6268668007548704,0.4985639564618254,0.6666666666666666,0.8333333333333334,2.426220225185175,2.0977944347473,0.8646347981816823,0.6268668007548704,2,"[[2, 4], [1, 4], [2, 4], [2, 4]]","[true, true, true, true, false]",1,2.0,0,1,1,0.27479133299999603
rounded_square--demand_aligned,rounded_square,demand_aligned,n0_d1_m1,factorial_combination,2.0,0.0,4,1.7,1499,dual_anchor_dynamic,20.503143406492256,10.966886363990648,12.195858116323407,0.649244382936194,0.5348880484598287,0.6666666666666666,0.8333333333333334,2.426220225185175,1.6194911029764345,0.6674955085137957,0.649244382936194,3,"[[2, 4], [1, 4], [2, 4], [3, 4]]","[true, true, true, true, false]",1,2.0,0,1,1,0.32815604199998916
rounded_square--demand_conflict,rounded_square,demand_conflict,n0_d1_m1,factorial_combination,2.0,0.0,4,1.7,1423,full_trajectory,10.270608247566262,5.9451216832923155,5.9451216832923155,0.7552692342581917,0.5788480623531795,0.8333333333333334,0.8333333333333334,2.4129356783835783,1.4029747188112909,0.5814389216338918,0.7552692342581917,0,"[[0, 1, 2, 3, 4, 5], [0, 1, 2, 3, 4, 5], [0, 1, 2, 3, 4, 5], [0, 1, 2, 3, 4, 5]]","[true, true, true, true, true]",0,0.0,0,1,1,0.35952729199999567
rounded_square--demand_conflict,rounded_square,demand_conflict,n0_d1_m1,factorial_combination,2.0,0.0,4,1.7,1423,error_peak_dynamic,10.270608247566262,9.201564246816204,9.201564246816204,1.0286173359545598,0.8959122989621009,0.8333333333333334,0.8333333333333334,2.4129356783835783,1.6782917826170634,0.6955393787128832,1.0286173359545598,3,"[[2, 4], [2, 3], [2, 4], [2, 3]]","[true, true, true, true, true]",0,0.0,0,1,1,0.3253191669999751
rounded_square--demand_conflict,rounded_square,demand_conflict,n0_d1_m1,factorial_combination,2.0,0.0,4,1.7,1423,violation_safe,10.270608247566262,9.4705729744642,9.4705729744642,1.0445914458724732,0.9221043920848954,0.8333333333333334,0.8333333333333334,2.4129356783835783,2.0346569346246484,0.8432288323523244,1.0445914458724732,1,"[[1, 2], [1, 2], [1, 2], [2, 3]]","[true, false, false, true, true]",2,1.3224999999999998,0,1,1,0.3042967090000275
rounded_square--demand_conflict,rounded_square,demand_conflict,n0_d1_m1,factorial_combination,2.0,0.0,4,1.7,1423,dual_anchor_dynamic,10.270608247566262,9.668026916758976,9.668026916758976,1.0661887751970152,0.9413295380095843,0.8333333333333334,0.8333333333333334,2.4129356783835783,1.958277304479216,0.8115745985367762,1.0661887751970152,1,"[[2, 4], [2, 4], [2, 4], [2, 3]]","[true, false, false, true, true]",2,1.3224999999999998,0,1,1,0.31570512500002224
rounded_square--demand_conflict,rounded_square,demand_conflict,n0_d1_m1,factorial_combination,2.0,0.0,4,1.7,1451,full_trajectory,14.859521793981237,10.767155639915742,10.767155639915742,0.7528700606872194,0.7245963759262372,1.0,0.8333333333333334,3.284644394448588,2.3144853914273202,0.7046380409821703,0.7528700606872194,0,"[[0, 1, 2, 3, 4, 5], [0, 1, 2, 3, 4, 5], [0, 1, 2, 3, 4, 5], [0, 1, 2, 3, 4, 5]]","[true, true, true, true, true]",0,0.0,0,1,1,0.3725057080000056
rounded_square--demand_conflict,rounded_square,demand_conflict,n0_d1_m1,factorial_combination,2.0,0.0,4,1.7,1451,error_peak_dynamic,14.859521793981237,10.788896938658496,10.788896938658496,0.7365381685562955,0.7260594982961347,1.0,0.8333333333333334,3.284644394448588,3.002740569707316,0.9141752375941454,0.7365381685562955,2,"[[1, 4], [2, 4], [1, 4], [1, 4]]","[true, true, true, true, true]",0,0.0,0,1,1,0.38235458299999436
rounded_square--demand_conflict,rounded_square,demand_conflict,n0_d1_m1,factorial_combination,2.0,0.0,4,1.7,1451,violation_safe,14.859521793981237,10.266721148480153,10.423512855000855,0.7428639963047777,0.690918677654797,1.0,1.0,3.284644394448588,3.026554948573261,0.9214254528400313,0.7428639963047777,0,"[[1, 4], [1, 4], [1, 4], [1, 4]]","[true, true, true, false, false]",2,1.0,0,1,1,0.39134754099995916
rounded_square--demand_conflict,rounded_square,demand_conflict,n0_d1_m1,factorial_combination,2.0,0.0,4,1.7,1451,dual_anchor_dynamic,14.859521793981237,10.446331754479896,10.446331754479896,0.7538770268188104,0.7030059176407092,1.0,0.8333333333333334,3.284644394448588,2.7561207807796024,0.8390925926221271,0.7538770268188104,1,"[[1, 4], [1, 4], [1, 4], [1, 2]]","[true, true, true, true, true]",0,4.0,0,1,1,0.3937508749999665
rounded_square--demand_conflict,rounded_square,demand_conflict,n0_d1_m1,factorial_combination,2.0,0.0,4,1.7,1471,full_trajectory,13.367026810177958,9.220430633403037,9.220430633403037,0.722498762279772,0.6897891927906056,1.0,0.8333333333333334,3.060438278601149,1.9438046646827227,0.6351393126513853,0.722498762279772,0,"[[0, 1, 2, 3, 4, 5], [0, 1, 2, 3, 4, 5], [0, 1, 2, 3, 4, 5], [0, 1, 2, 3, 4, 5]]","[true, true, true, true, true]",0,0.0,0,1,1,0.3708780420000153
rounded_square--demand_conflict,rounded_square,demand_conflict,n0_d1_m1,factorial_combination,2.0,0.0,4,1.7,1471,error_peak_dynamic,13.367026810177958,9.480936700580195,9.480936700580195,0.7095893293670253,0.7092778996568776,1.0,0.8333333333333334,3.060438278601149,2.548122439946224,0.8326004996614107,0.7095893293670253,2,"[[1, 4], [2, 4], [1, 4], [1, 4]]","[true, true, true, true, true]",0,0.0,0,1,1,0.3636128329999906
rounded_square--demand_conflict,rounded_square,demand_conflict,n0_d1_m1,factorial_combination,2.0,0.0,4,1.7,1471,violation_safe,13.367026810177958,8.617824102201267,8.800319300737888,0.7065201964149248,0.6447076245586236,1.0,1.0,3.060438278601149,2.6286102006447165,0.8588999226104927,0.7065201964149248,0,"[[1, 4], [1, 4], [1, 4], [1, 4]]","[true, true, true, false, false]",2,1.0,0,1,1,0.336912792000021
rounded_square--demand_conflict,rounded_square,demand_conflict,n0_d1_m1,factorial_combination,2.0,0.0,4,1.7,1471,dual_anchor_dynamic,13.367026810177958,8.69405303173184,8.82311686852199,0.708812976480154,0.6504103833405939,1.0,1.0,3.060438278601149,2.421945489377318,0.7913721071624844,0.708812976480154,0,"[[1, 4], [1, 4], [1, 4], [1, 4]]","[true, true, true, false, false]",2,1.0,0,1,1,0.3420157079999626
rounded_square--demand_conflict,rounded_square,demand_conflict,n0_d1_m1,factorial_combination,2.0,0.0,4,1.7,1499,full_trajectory,10.886487559686119,6.905211181688086,6.905211181688086,0.6581578098253951,0.6342919278444643,1.0,0.8333333333333334,2.426220225185175,1.3873764828123654,0.5718262787568994,0.6581578098253951,0,"[[0, 1, 2, 3, 4, 5], [0, 1, 2, 3, 4, 5], [0, 1, 2, 3, 4, 5], [0, 1, 2, 3, 4, 5]]","[true, true, true, true, true]",0,0.0,0,1,1,0.3380989170000248
rounded_square--demand_conflict,rounded_square,demand_conflict,n0_d1_m1,factorial_combination,2.0,0.0,4,1.7,1499,error_peak_dynamic,10.886487559686119,5.764787043307396,5.764787043307396,0.7024713094630246,0.5295359969596666,1.0,0.8333333333333334,2.426220225185175,1.5259794685178434,0.6289534036018419,0.7024713094630246,2,"[[1, 4], [2, 4], [2, 4], [3, 4]]","[true, true, true, true, true]",0,0.0,0,1,1,0.3173092079999833
rounded_square--demand_conflict,rounded_square,demand_conflict,n0_d1_m1,factorial_combination,2.0,0.0,4,1.7,1499,violation_safe,10.886487559686119,6.030151622511948,8.014354108146737,0.6962816703330175,0.5539115889722112,1.0,0.8333333333333334,2.426220225185175,1.9370655169116977,0.7983881664179335,0.6962816703330175,1,"[[1, 4], [1, 4], [1, 2], [1, 2]]","[true, true, true, false, false]",2,1.0,0,1,1,0.2941769999999906
rounded_square--demand_conflict,rounded_square,demand_conflict,n0_d1_m1,factorial_combination,2.0,0.0,4,1.7,1499,dual_anchor_dynamic,10.886487559686119,6.354908743068581,6.354908743068581,0.6655103184149145,0.5837428011768937,1.0,0.8333333333333334,2.426220225185175,1.7826059737197397,0.7347255435494059,0.6655103184149145,1,"[[1, 4], [1, 2], [1, 2], [1, 2]]","[true, true, false, false, true]",2,1.15,0,1,1,0.35909820800003445
figure_eight--neutral,figure_eight,neutral,n0_d1_m1,factorial_combination,2.0,0.0,4,1.7,1423,full_trajectory,15.49096209600856,4.151022260014945,4.151022260014945,0.44496117595576523,0.26796413510588263,0.8333333333333334,0.5,2.8408925743122864,0.5759769906109599,0.20274507942293116,0.44496117595576523,0,"[[0, 1, 2, 3, 4, 5], [0, 1, 2, 3, 4, 5], [0, 1, 2, 3, 4, 5], [0, 1, 2, 3, 4, 5]]","[true, true, true, true, true]",0,0.0,0,1,1,0.30064970799998036
figure_eight--neutral,figure_eight,neutral,n0_d1_m1,factorial_combination,2.0,0.0,4,1.7,1423,error_peak_dynamic,15.49096209600856,4.007313110028117,4.007313110028117,0.4430616479592051,0.2586871677299276,0.8333333333333334,0.6666666666666666,2.8408925743122864,0.5960683197345169,0.20981726839101303,0.4430616479592051,1,"[[2, 4], [2, 4], [2, 4], [3, 4]]","[true, true, true, true, true]",0,0.0,0,1,1,0.31482141700001876
figure_eight--neutral,figure_eight,neutral,n0_d1_m1,factorial_combination,2.0,0.0,4,1.7,1423,violation_safe,15.49096209600856,4.007313110028117,4.007313110028117,0.4430616479592051,0.2586871677299276,0.8333333333333334,0.6666666666666666,2.8408925743122864,0.5960683197345169,0.20981726839101303,0.4430616479592051,1,"[[2, 4], [2, 4], [2, 4], [3, 4]]","[true, true, true, true, true]",0,4.0,0,1,1,0.3183845419999898
figure_eight--neutral,figure_eight,neutral,n0_d1_m1,factorial_combination,2.0,0.0,4,1.7,1423,dual_anchor_dynamic,15.49096209600856,4.007313110028117,4.007313110028117,0.4430616479592051,0.2586871677299276,0.8333333333333334,0.6666666666666666,2.8408925743122864,0.5960683197345169,0.20981726839101303,0.4430616479592051,1,"[[2, 4], [2, 4], [2, 4], [3, 4]]","[true, true, true, true, true]",0,4.0,0,1,1,0.31834212500001513
figure_eight--neutral,figure_eight,neutral,n0_d1_m1,factorial_combination,2.0,0.0,4,1.7,1451,full_trajectory,21.381931082273063,16.379489572207575,16.379489572207575,0.8137535718728456,0.7660435116539676,1.0,0.8333333333333334,4.012100712421912,2.5318248479528345,0.6310471818700917,0.8137535718728456,0,"[[0, 1, 2, 3, 4, 5], [0, 1, 2, 3, 4, 5], [0, 1, 2, 3, 4, 5], [0, 1, 2, 3, 4, 5]]","[true, true, true, true, true]",0,0.0,0,1,1,0.356511208000029
figure_eight--neutral,figure_eight,neutral,n0_d1_m1,factorial_combination,2.0,0.0,4,1.7,1451,error_peak_dynamic,21.381931082273063,15.680685019595607,15.680685019595607,0.7967738150450452,0.7333614985129131,1.0,0.8333333333333334,4.012100712421912,2.695159780272733,0.6717577582058739,0.7967738150450452,2,"[[2, 4], [2, 4], [3, 4], [2, 4]]","[true, true, true, true, true]",0,0.0,0,1,1,0.3750161250000019
figure_eight--neutral,figure_eight,neutral,n0_d1_m1,factorial_combination,2.0,0.0,4,1.7,1451,violation_safe,21.381931082273063,16.235551771081635,16.235551771081635,0.808680669521644,0.7593117622824024,1.0,1.0,4.012100712421912,2.8534723081004887,0.7112165203794162,0.808680669521644,0,"[[2, 4], [2, 4], [2, 4], [2, 4]]","[true, true, true, true, true]",0,4.0,0,1,1,0.5395729169999868
figure_eight--neutral,figure_eight,neutral,n0_d1_m1,factorial_combination,2.0,0.0,4,1.7,1451,dual_anchor_dynamic,21.381931082273063,15.566022633526744,15.680685019595607,0.7967738150450452,0.7279989152351134,1.0,1.0,4.012100712421912,2.617597274929443,0.6524256150462698,0.7967738150450452,2,"[[2, 4], [2, 4], [3, 4], [2, 4]]","[true, true, true, true, false]",1,2.0,0,1,1,0.42319945899998856
figure_eight--neutral,figure_eight,neutral,n0_d1_m1,factorial_combination,2.0,0.0,4,1.7,1471,full_trajectory,19.05402925568803,13.277923204074785,13.277923204074785,0.7763290543822498,0.6968564509845625,1.0,0.8333333333333334,3.6225836297143297,2.026155571304659,0.5593122970813065,0.7763290543822498,0,"[[0, 1, 2, 3, 4, 5], [0, 1, 2, 3, 4, 5], [0, 1, 2, 3, 4, 5], [0, 1, 2, 3, 4, 5]]","[true, true, true, true, true]",0,0.0,0,1,1,0.4375162090000231
figure_eight--neutral,figure_eight,neutral,n0_d1_m1,factorial_combination,2.0,0.0,4,1.7,1471,error_peak_dynamic,19.05402925568803,13.224880193977773,13.224880193977773,0.7696825991859753,0.6940726298102995,1.0,0.8333333333333334,3.6225836297143297,2.277493331954147,0.6286930999392127,0.7696825991859753,2,"[[2, 4], [2, 4], [3, 4], [2, 4]]","[true, true, true, true, true]",0,0.0,0,1,1,0.4017430839999747
figure_eight--neutral,figure_eight,neutral,n0_d1_m1,factorial_combination,2.0,0.0,4,1.7,1471,violation_safe,19.05402925568803,12.759448870353145,12.759448870353145,0.7794402426787734,0.6696457058574202,1.0,0.8333333333333334,3.6225836297143297,2.12842574580633,0.587543577558256,0.7794402426787734,1,"[[2, 4], [2, 4], [2, 4], [3, 4]]","[true, true, true, true, true]",0,4.0,0,1,1,0.36294395800001666
figure_eight--neutral,figure_eight,neutral,n0_d1_m1,factorial_combination,2.0,0.0,4,1.7,1471,dual_anchor_dynamic,19.05402925568803,12.956840332367038,13.224880193977773,0.7696825991859753,0.6800052712472429,1.0,1.0,3.6225836297143297,2.176934979582184,0.6009343612458861,0.7696825991859753,2,"[[2, 4], [2, 4], [3, 4], [2, 4]]","[true, true, true, true, false]",1,2.0,0,1,1,0.39755145800000946
figure_eight--neutral,figure_eight,neutral,n0_d1_m1,factorial_combination,2.0,0.0,4,1.7,1499,full_trajectory,15.59860447083782,9.158905691803959,9.158905691803959,0.6801365244203907,0.5871618649557323,1.0,0.6666666666666666,2.955735157483139,1.3374975901266737,0.45250928072512986,0.6801365244203907,0,"[[0, 1, 2, 3, 4, 5], [0, 1, 2, 3, 4, 5], [0, 1, 2, 3, 4, 5], [0, 1, 2, 3, 4, 5]]","[true, true, true, true, true]",0,0.0,0,1,1,0.3208789999999908
figure_eight--neutral,figure_eight,neutral,n0_d1_m1,factorial_combination,2.0,0.0,4,1.7,1499,error_peak_dynamic,15.59860447083782,8.672420378611326,8.672420378611326,0.6702590449568293,0.555974119019733,1.0,0.8333333333333334,2.955735157483139,1.4269828301097331,0.48278440187612554,0.6702590449568293,3,"[[2, 4], [3, 4], [2, 4], [3, 4]]","[true, true, true, true, true]",0,0.0,0,1,1,0.31024450000001025
figure_eight--neutral,figure_eight,neutral,n0_d1_m1,factorial_combination,2.0,0.0,4,1.7,1499,violation_safe,15.59860447083782,8.845207309689375,8.988982022229376,0.6791901005229377,0.567051195267232,1.0,0.8333333333333334,2.955735157483139,1.4572309296822283,0.4930180994034277,0.6791901005229377,2,"[[2, 4], [2, 4], [3, 4], [2, 4]]","[true, true, true, true, false]",1,2.0,0,1,1,0.34451554200001056
figure_eight--neutral,figure_eight,neutral,n0_d1_m1,factorial_combination,2.0,0.0,4,1.7,1499,dual_anchor_dynamic,15.59860447083782,8.672420378611326,8.672420378611326,0.6702590449568293,0.555974119019733,1.0,0.8333333333333334,2.955735157483139,1.4269828301097331,0.48278440187612554,0.6702590449568293,3,"[[2, 4], [3, 4], [2, 4], [3, 4]]","[true, true, true, true, true]",0,4.0,0,1,1,0.3026167919999807
figure_eight--demand_aligned,figure_eight,demand_aligned,n0_d1_m1,factorial_combination,2.0,0.0,4,1.7,1423,full_trajectory,25.00088852121078,6.934241249436484,6.934241249436484,0.45459702325076,0.27735979237511765,0.8333333333333334,0.5,2.8408925743122864,0.5759769906109599,0.20274507942293116,0.45459702325076,0,"[[0, 1, 2, 3, 4, 5], [0, 1, 2, 3, 4, 5], [0, 1, 2, 3, 4, 5], [0, 1, 2, 3, 4, 5]]","[true, true, true, true, true]",0,0.0,0,1,1,0.3005719999999883
figure_eight--demand_aligned,figure_eight,demand_aligned,n0_d1_m1,factorial_combination,2.0,0.0,4,1.7,1423,error_peak_dynamic,25.00088852121078,7.23780835253975,7.23780835253975,0.4646745432871542,0.2895020449532898,0.8333333333333334,0.6666666666666666,2.8408925743122864,0.8433985763928084,0.29687802489222087,0.4646745432871542,3,"[[2, 4], [1, 4], [2, 3], [2, 4]]","[true, true, true, true, true]",0,0.0,0,1,1,0.22958004100001972
figure_eight--demand_aligned,figure_eight,demand_aligned,n0_d1_m1,factorial_combination,2.0,0.0,4,1.7,1423,violation_safe,25.00088852121078,7.229255079125676,7.229255079125676,0.4555993801494365,0.28915992617591846,0.8333333333333334,0.6666666666666666,2.8408925743122864,0.9500289645163355,0.3344121397291185,0.4555993801494365,0,"[[2, 4], [2, 4], [2, 4], [2, 4]]","[true, true, true, true, true]",0,4.0,0,1,1,0.2634667500000205
figure_eight--demand_aligned,figure_eight,demand_aligned,n0_d1_m1,factorial_combination,2.0,0.0,4,1.7,1423,dual_anchor_dynamic,25.00088852121078,6.670328022478179,6.670328022478179,0.45149649176635,0.26680363847145133,0.8333333333333334,0.6666666666666666,2.8408925743122864,0.5960683197345169,0.20981726839101303,0.45149649176635,1,"[[2, 4], [2, 4], [2, 4], [3, 4]]","[true, true, true, true, true]",0,4.0,0,1,1,0.3194105000000036
figure_eight--demand_aligned,figure_eight,demand_aligned,n0_d1_m1,factorial_combination,2.0,0.0,4,1.7,1451,full_trajectory,34.808936734999364,27.070192233743466,27.070192233743466,0.8204430006054373,0.7776793769895644,0.8333333333333334,0.8333333333333334,4.012100712421912,2.5318248479528345,0.6310471818700917,0.8204430006054373,0,"[[0, 1, 2, 3, 4, 5], [0, 1, 2, 3, 4, 5], [0, 1, 2, 3, 4, 5], [0, 1, 2, 3, 4, 5]]","[true, true, true, true, true]",0,0.0,0,1,1,0.3578210839999656
figure_eight--demand_aligned,figure_eight,demand_aligned,n0_d1_m1,factorial_combination,2.0,0.0,4,1.7,1451,error_peak_dynamic,34.808936734999364,24.664759393195716,24.664759393195716,0.7769216509099417,0.7085754897073896,0.8333333333333334,0.8333333333333334,4.012100712421912,2.918748469715605,0.7274863416760287,0.7769216509099417,2,"[[2, 4], [2, 4], [3, 4], [2, 4]]","[true, true, true, true, true]",0,0.0,0,1,1,0.29739020899995694
figure_eight--demand_aligned,figure_eight,demand_aligned,n0_d1_m1,factorial_combination,2.0,0.0,4,1.7,1451,violation_safe,34.808936734999364,26.7068455142905,26.710851095049733,0.8096822618372653,0.76724105989246,0.8333333333333334,0.8333333333333334,4.012100712421912,3.2320146286355897,0.8055666744927193,0.8096822618372653,0,"[[2, 4], [2, 4], [2, 4], [2, 4]]","[true, true, true, true, false]",1,2.0,0,1,1,0.30129387499999893
figure_eight--demand_aligned,figure_eight,demand_aligned,n0_d1_m1,factorial_combination,2.0,0.0,4,1.7,1451,dual_anchor_dynamic,34.808936734999364,25.534041365221817,25.534041365221817,0.7962374180908419,0.7335484435969022,0.8333333333333334,0.6666666666666666,4.012100712421912,2.695159780272733,0.6717577582058739,0.7962374180908419,2,"[[2, 4], [2, 4], [3, 4], [2, 4]]","[true, true, true, true, true]",0,4.0,0,1,1,0.3739310830000022
figure_eight--demand_aligned,figure_eight,demand_aligned,n0_d1_m1,factorial_combination,2.0,0.0,4,1.7,1471,full_trajectory,30.912076387313274,21.91685081060531,21.91685081060531,0.7836739719493908,0.7090061028575964,0.8333333333333334,0.6666666666666666,3.6225836297143297,2.026155571304659,0.5593122970813065,0.7836739719493908,0,"[[0, 1, 2, 3, 4, 5], [0, 1, 2, 3, 4, 5], [0, 1, 2, 3, 4, 5], [0, 1, 2, 3, 4, 5]]","[true, true, true, true, true]",0,0.0,0,1,1,0.35606716699999197
figure_eight--demand_aligned,figure_eight,demand_aligned,n0_d1_m1,factorial_combination,2.0,0.0,4,1.7,1471,error_peak_dynamic,30.912076387313274,18.83187521341405,18.83187521341405,0.7368410620963007,0.6092077082580872,0.8333333333333334,0.6666666666666666,3.6225836297143297,2.311011671853921,0.6379457061799186,0.7368410620963007,3,"[[2, 4], [3, 4], [2, 4], [3, 4]]","[true, true, true, true, true]",0,0.0,0,1,1,0.277245583000024
figure_eight--demand_aligned,figure_eight,demand_aligned,n0_d1_m1,factorial_combination,2.0,0.0,4,1.7,1471,violation_safe,30.912076387313274,19.430882686082228,19.430882686082228,0.7745559311966373,0.6285854901049908,0.8333333333333334,0.8333333333333334,3.6225836297143297,2.363936235332443,0.652555324311135,0.7745559311966373,1,"[[2, 4], [2, 4], [2, 4], [3, 4]]","[true, true, true, true, true]",0,4.0,0,1,1,0.3077333329999874
figure_eight--demand_aligned,figure_eight,demand_aligned,n0_d1_m1,factorial_combination,2.0,0.0,4,1.7,1471,dual_anchor_dynamic,30.912076387313274,21.254463409474184,21.49718547842986,0.7698574143198806,0.687577991952598,0.8333333333333334,0.8333333333333334,3.6225836297143297,2.176934979582184,0.6009343612458861,0.7698574143198806,2,"[[2, 4], [2, 4], [3, 4], [2, 4]]","[true, true, true, true, false]",1,2.0,0,1,1,0.39527433299997483
figure_eight--demand_aligned,figure_eight,demand_aligned,n0_d1_m1,factorial_combination,2.0,0.0,4,1.7,1499,full_trajectory,25.332450188837807,15.180709457336675,15.180709457336675,0.68669120383962,0.5992594219735493,0.8333333333333334,0.6666666666666666,2.955735157483139,1.3374975901266737,0.45250928072512986,0.68669120383962,0,"[[0, 1, 2, 3, 4, 5], [0, 1, 2, 3, 4, 5], [0, 1, 2, 3, 4, 5], [0, 1, 2, 3, 4, 5]]","[true, true, true, true, true]",0,0.0,0,1,1,0.32107866699999477
figure_eight--demand_aligned,figure_eight,demand_aligned,n0_d1_m1,factorial_combination,2.0,0.0,4,1.7,1499,error_peak_dynamic,25.332450188837807,12.976474740649532,12.976474740649532,0.6543176831134749,0.5122471235083029,0.8333333333333334,0.8333333333333334,2.955735157483139,1.6117311591196308,0.5452894367207272,0.6543176831134749,3,"[[2, 4], [3, 4], [2, 4], [3, 4]]","[true, true, true, true, true]",0,0.0,0,1,1,0.33772175000001425
figure_eight--demand_aligned,figure_eight,demand_aligned,n0_d1_m1,factorial_combination,2.0,0.0,4,1.7,1499,violation_safe,25.332450188837807,13.472722647557102,14.25116716273544,0.6689297787212636,0.5318365395816929,0.8333333333333334,0.8333333333333334,2.955735157483139,1.6588603718912425,0.5612344420275434,0.6689297787212636,2,"[[2, 4], [2, 4], [3, 4], [2, 4]]","[true, true, true, true, false]",1,2.0,0,1,1,0.24219804199998407
figure_eight--demand_aligned,figure_eight,demand_aligned,n0_d1_m1,factorial_combination,2.0,0.0,4,1.7,1499,dual_anchor_dynamic,25.332450188837807,14.287209729144585,14.287209729144585,0.6720723837094418,0.5639884662810838,0.8333333333333334,0.6666666666666666,2.955735157483139,1.4269828301097331,0.48278440187612554,0.6720723837094418,3,"[[2, 4], [3, 4], [2, 4], [3, 4]]","[true, true, true, true, true]",0,4.0,0,1,1,0.35607699999997067
figure_eight--demand_conflict,figure_eight,demand_conflict,n0_d1_m1,factorial_combination,2.0,0.0,4,1.7,1423,full_trajectory,9.84071867114988,2.2961394620044815,2.2961394620044815,0.40472225489234787,0.23333046485071193,1.0,0.6666666666666666,2.8408925743122864,0.5759769906109599,0.20274507942293116,0.40472225489234787,0,"[[0, 1, 2, 3, 4, 5], [0, 1, 2, 3, 4, 5], [0, 1, 2, 3, 4, 5], [0, 1, 2, 3, 4, 5]]","[true, true, true, true, true]",0,0.0,0,1,1,0.30367712500003563
figure_eight--demand_conflict,figure_eight,demand_conflict,n0_d1_m1,factorial_combination,2.0,0.0,4,1.7,1423,error_peak_dynamic,9.84071867114988,2.37877207890774,2.37877207890774,0.41028683308135705,0.24172747523832855,1.0,0.6666666666666666,2.8408925743122864,0.6305268988991706,0.22194675877591266,0.41028683308135705,1,"[[2, 4], [2, 4], [2, 4], [3, 4]]","[true, true, true, true, true]",0,0.0,0,1,1,0.3099042919999988
figure_eight--demand_conflict,figure_eight,demand_conflict,n0_d1_m1,factorial_combination,2.0,0.0,4,1.7,1423,violation_safe,9.84071867114988,2.423746972221486,2.423746972221486,0.4474833653559993,0.24629776068359785,1.0,0.8333333333333334,2.8408925743122864,0.6388699545597643,0.22488353144237413,0.4474833653559993,3,"[[1, 4], [2, 3], [2, 4], [3, 4]]","[true, true, true, true, true]",0,4.0,0,1,1,0.31404537499997787
figure_eight--demand_conflict,figure_eight,demand_conflict,n0_d1_m1,factorial_combination,2.0,0.0,4,1.7,1423,dual_anchor_dynamic,9.84071867114988,2.251476654035855,2.251476654035855,0.41671887377128247,0.22879189307957037,1.0,0.6666666666666666,2.8408925743122864,0.5951680925362997,0.20950038657493972,0.41671887377128247,2,"[[1, 4], [2, 4], [2, 4], [3, 4]]","[true, true, true, true, true]",0,4.0,0,1,1,0.2966629999999668
figure_eight--demand_conflict,figure_eight,demand_conflict,n0_d1_m1,factorial_combination,2.0,0.0,4,1.7,1451,full_trajectory,13.923642337367525,9.21341594857697,9.21341594857697,0.7459007621264213,0.661710185118049,1.0,1.0,4.012100712421912,2.5318248479528345,0.6310471818700917,0.7459007621264213,0,"[[0, 1, 2, 3, 4, 5], [0, 1, 2, 3, 4, 5], [0, 1, 2, 3, 4, 5], [0, 1, 2, 3, 4, 5]]","[true, true, true, true, true]",0,0.0,0,1,1,0.357096791999993
figure_eight--demand_conflict,figure_eight,demand_conflict,n0_d1_m1,factorial_combination,2.0,0.0,4,1.7,1451,error_peak_dynamic,13.923642337367525,9.906728414028182,9.906728414028182,0.7752330074136136,0.7115040859273608,1.0,1.0,4.012100712421912,2.7454951061106616,0.6843036361500852,0.7752330074136136,2,"[[2, 4], [2, 4], [3, 4], [2, 4]]","[true, true, true, true, true]",0,0.0,0,1,1,0.37220979099998885
figure_eight--demand_conflict,figure_eight,demand_conflict,n0_d1_m1,factorial_combination,2.0,0.0,4,1.7,1451,violation_safe,13.923642337367525,9.67101576254058,10.130684499432057,0.7708646510512356,0.6945751354576257,1.0,1.0,4.012100712421912,2.739940565719587,0.6829191892507646,0.7708646510512356,2,"[[2, 4], [2, 3], [2, 4], [2, 4]]","[true, true, true, false, false]",2,1.0,0,1,1,0.4375345000000266
figure_eight--demand_conflict,figure_eight,demand_conflict,n0_d1_m1,factorial_combination,2.0,0.0,4,1.7,1451,dual_anchor_dynamic,13.923642337367525,8.883791440036859,9.267380077277952,0.7564407380725309,0.6380364580462553,1.0,1.0,4.012100712421912,2.617597274929443,0.6524256150462698,0.7564407380725309,2,"[[2, 4], [2, 4], [3, 4], [2, 4]]","[true, true, true, true, false]",1,2.0,0,1,1,0.3736182499999927
figure_eight--demand_conflict,figure_eight,demand_conflict,n0_d1_m1,factorial_combination,2.0,0.0,4,1.7,1471,full_trajectory,12.630964418722353,7.427482379026873,7.427482379026873,0.7002777155838903,0.5880376298121326,1.0,1.0,3.6225836297143297,2.026155571304659,0.5593122970813065,0.7002777155838903,0,"[[0, 1, 2, 3, 4, 5], [0, 1, 2, 3, 4, 5], [0, 1, 2, 3, 4, 5], [0, 1, 2, 3, 4, 5]]","[true, true, true, true, true]",0,0.0,0,1,1,0.35630424999999377
figure_eight--demand_conflict,figure_eight,demand_conflict,n0_d1_m1,factorial_combination,2.0,0.0,4,1.7,1471,error_peak_dynamic,12.630964418722353,7.227260364111034,7.227260364111034,0.7179391141379365,0.5721859491107715,1.0,1.0,3.6225836297143297,2.1201292149864077,0.5852533527717612,0.7179391141379365,3,"[[2, 4], [3, 4], [2, 4], [3, 4]]","[true, true, true, true, true]",0,0.0,0,1,1,0.3656930829999965
figure_eight--demand_conflict,figure_eight,demand_conflict,n0_d1_m1,factorial_combination,2.0,0.0,4,1.7,1471,violation_safe,12.630964418722353,7.469968881488624,8.206744658725183,0.7121279913999614,0.5914013082339302,1.0,1.0,3.6225836297143297,2.0109790779796834,0.5551228856346004,0.7121279913999614,2,"[[2, 4], [2, 3], [2, 3], [2, 4]]","[true, true, true, true, false]",1,2.0,0,1,1,0.3568617500000073
figure_eight--demand_conflict,figure_eight,demand_conflict,n0_d1_m1,factorial_combination,2.0,0.0,4,1.7,1471,dual_anchor_dynamic,12.630964418722353,7.736891592006724,8.129955989493244,0.7089373174009697,0.612533717578893,1.0,1.0,3.6225836297143297,2.2945512369789656,0.6334018677050969,0.7089373174009697,2,"[[2, 4], [3, 4], [2, 4], [2, 4]]","[true, true, true, false, false]",2,1.0,0,1,1,0.39373462499997913
figure_eight--demand_conflict,figure_eight,demand_conflict,n0_d1_m1,factorial_combination,2.0,0.0,4,1.7,1499,full_trajectory,10.294268926380942,5.093427392801853,5.093427392801853,0.6094614265843025,0.4947828184038418,1.0,0.6666666666666666,2.955735157483139,1.3374975901266737,0.45250928072512986,0.6094614265843025,0,"[[0, 1, 2, 3, 4, 5], [0, 1, 2, 3, 4, 5], [0, 1, 2, 3, 4, 5], [0, 1, 2, 3, 4, 5]]","[true, true, true, true, true]",0,0.0,0,1,1,0.3210770000000025
figure_eight--demand_conflict,figure_eight,demand_conflict,n0_d1_m1,factorial_combination,2.0,0.0,4,1.7,1499,error_peak_dynamic,10.294268926380942,5.05203920507249,5.05203920507249,0.6444329951832783,0.49076231068004433,1.0,0.8333333333333334,2.955735157483139,1.452785590161277,0.49151412855215,0.6444329951832783,3,"[[2, 4], [3, 4], [2, 4], [3, 4]]","[true, true, true, true, true]",0,0.0,0,1,1,0.3183365419999973
figure_eight--demand_conflict,figure_eight,demand_conflict,n0_d1_m1,factorial_combination,2.0,0.0,4,1.7,1499,violation_safe,10.294268926380942,5.203112840476359,5.362982416059443,0.6378619606830003,0.5054378195951762,1.0,1.0,2.955735157483139,1.4342664272231227,0.4852486270943253,0.6378619606830003,3,"[[2, 4], [2, 3], [3, 4], [2, 4]]","[true, true, true, true, false]",1,2.0,0,1,1,0.3281629159999966
figure_eight--demand_conflict,figure_eight,demand_conflict,n0_d1_m1,factorial_combination,2.0,0.0,4,1.7,1499,dual_anchor_dynamic,10.294268926380942,5.316516997304449,5.586286890850843,0.6290514871153412,0.5164540615098857,1.0,1.0,2.955735157483139,1.5799338520244097,0.5345316030850854,0.6290514871153412,2,"[[2, 4], [3, 4], [2, 4], [2, 4]]","[true, true, true, false, false]",2,1.0,0,1,1,0.32546012500000643
s_curve--neutral,s_curve,neutral,n0_d1_m1,factorial_combination,2.0,0.0,4,1.7,1423,full_trajectory,5.864212070514142,1.766791323390751,1.766791323390751,0.49571209861393994,0.30128366814603424,0.6666666666666666,0.5,1.1170944006157304,0.36395466509059365,0.32580475283913857,0.49571209861393994,0,"[[0, 1, 2, 3, 4, 5], [0, 1, 2, 3, 4, 5], [0, 1, 2, 3, 4, 5], [0, 1, 2, 3, 4, 5]]","[true, true, true, true, true]",0,0.0,0,1,1,0.23939916699998776
s_curve--neutral,s_curve,neutral,n0_d1_m1,factorial_combination,2.0,0.0,4,1.7,1423,error_peak_dynamic,5.864212070514142,1.2964968588426586,1.2964968588426586,0.4205349233421983,0.22108628461129115,0.6666666666666666,0.16666666666666666,1.1170944006157304,0.42268764305751316,0.37838131032125155,0.4205349233421983,2,"[[2, 4], [2, 4], [3, 4], [2, 3]]","[true, true, true, true, true]",0,0.0,0,1,1,0.21780329199998505
s_curve--neutral,s_curve,neutral,n0_d1_m1,factorial_combination,2.0,0.0,4,1.7,1423,violation_safe,5.864212070514142,1.324577891861038,1.324577891861038,0.4354611347328538,0.2258748278427977,0.6666666666666666,0.5,1.1170944006157304,0.41775851774799777,0.37396885842211164,0.4354611347328538,2,"[[3, 4], [2, 4], [2, 3], [2, 3]]","[true, true, true, true, true]",0,4.0,0,1,1,0.22774195800002417
s_curve--neutral,s_curve,neutral,n0_d1_m1,factorial_combination,2.0,0.0,4,1.7,1423,dual_anchor_dynamic,5.864212070514142,1.2964968588426586,1.2964968588426586,0.4205349233421983,0.22108628461129115,0.6666666666666666,0.16666666666666666,1.1170944006157304,0.42268764305751316,0.37838131032125155,0.4205349233421983,2,"[[2, 4], [2, 4], [3, 4], [2, 3]]","[true, true, true, true, true]",0,4.0,0,1,1,0.2216702499999883
s_curve--neutral,s_curve,neutral,n0_d1_m1,factorial_combination,2.0,0.0,4,1.7,1451,full_trajectory,12.048603243273842,5.827102646070157,5.827102646070157,0.642180319638195,0.48363304263696705,0.8333333333333334,0.5,1.7254611442928598,1.1840608219460442,0.686228621179009,0.642180319638195,0,"[[0, 1, 2, 3, 4, 5], [0, 1, 2, 3, 4, 5], [0, 1, 2, 3, 4, 5], [0, 1, 2, 3, 4, 5]]","[true, true, true, true, true]",0,0.0,0,1,1,0.31862037500002316
s_curve--neutral,s_curve,neutral,n0_d1_m1,factorial_combination,2.0,0.0,4,1.7,1451,error_peak_dynamic,12.048603243273842,6.007338637594219,6.007338637594219,0.6636909626228265,0.4985921202897795,0.8333333333333334,0.5,1.7254611442928598,1.3599349827843523,0.7881574078225274,0.6636909626228265,3,"[[2, 4], [3, 4], [2, 4], [3, 4]]","[true, true, true, true, true]",0,0.0,0,1,1,0.2763787080000384
s_curve--neutral,s_curve,neutral,n0_d1_m1,factorial_combination,2.0,0.0,4,1.7,1451,violation_safe,12.048603243273842,6.007338637594219,6.007338637594219,0.6636909626228265,0.4985921202897795,0.8333333333333334,0.5,1.7254611442928598,1.3599349827843523,0.7881574078225274,0.6636909626228265,3,"[[2, 4], [3, 4], [2, 4], [3, 4]]","[true, true, true, true, true]",0,4.0,0,1,1,0.2781879579999895
s_curve--neutral,s_curve,neutral,n0_d1_m1,factorial_combination,2.0,0.0,4,1.7,1451,dual_anchor_dynamic,12.048603243273842,6.007338637594219,6.007338637594219,0.6636909626228265,0.4985921202897795,0.8333333333333334,0.5,1.7254611442928598,1.3599349827843523,0.7881574078225274,0.6636909626228265,3,"[[2, 4], [3, 4], [2, 4], [3, 4]]","[true, true, true, true, true]",0,4.0,0,1,1,0.27744241699997474
s_curve--neutral,s_curve,neutral,n0_d1_m1,factorial_combination,2.0,0.0,4,1.7,1471,full_trajectory,11.101190869493152,4.987096008284468,4.987096008284468,0.5993845857929416,0.4492397317471008,0.8333333333333334,0.5,1.5830183658236057,1.0037962703825594,0.6341027318784825,0.5993845857929416,0,"[[0, 1, 2, 3, 4, 5], [0, 1, 2, 3, 4, 5], [0, 1, 2, 3, 4, 5], [0, 1, 2, 3, 4, 5]]","[true, true, true, true, true]",0,0.0,0,1,1,0.2949332499999855
s_curve--neutral,s_curve,neutral,n0_d1_m1,factorial_combination,2.0,0.0,4,1.7,1471,error_peak_dynamic,11.101190869493152,4.683563854221641,4.683563854221641,0.5985398582427006,0.42189742607636826,0.8333333333333334,0.5,1.5830183658236057,1.2080417370516157,0.7631255348216388,0.5985398582427006,3,"[[2, 4], [3, 4], [2, 4], [3, 4]]","[true, true, true, true, true]",0,0.0,0,1,1,0.2849160000000097
s_curve--neutral,s_curve,neutral,n0_d1_m1,factorial_combination,2.0,0.0,4,1.7,1471,violation_safe,11.101190869493152,4.683563854221641,4.683563854221641,0.5985398582427006,0.42189742607636826,0.8333333333333334,0.5,1.5830183658236057,1.2080417370516157,0.7631255348216388,0.5985398582427006,3,"[[2, 4], [3, 4], [2, 4], [3, 4]]","[true, true, true, true, true]",0,4.0,0,1,1,0.28727062499996237
s_curve--neutral,s_curve,neutral,n0_d1_m1,factorial_combination,2.0,0.0,4,1.7,1471,dual_anchor_dynamic,11.101190869493152,4.683563854221641,4.683563854221641,0.5985398582427006,0.42189742607636826,0.8333333333333334,0.5,1.5830183658236057,1.2080417370516157,0.7631255348216388,0.5985398582427006,3,"[[2, 4], [3, 4], [2, 4], [3, 4]]","[true, true, true, true, true]",0,4.0,0,1,1,0.28789291700002195
s_curve--neutral,s_curve,neutral,n0_d1_m1,factorial_combination,2.0,0.0,4,1.7,1499,full_trajectory,8.736906308097268,3.21080847283301,3.21080847283301,0.5423877554907333,0.3674994740251785,0.8333333333333334,0.5,1.2728183777393283,0.6667402624585598,0.5238298520192387,0.5423877554907333,0,"[[0, 1, 2, 3, 4, 5], [0, 1, 2, 3, 4, 5], [0, 1, 2, 3, 4, 5], [0, 1, 2, 3, 4, 5]]","[true, true, true, true, true]",0,0.0,0,1,1,0.2833785000000262
s_curve--neutral,s_curve,neutral,n0_d1_m1,factorial_combination,2.0,0.0,4,1.7,1499,error_peak_dynamic,8.736906308097268,1.6477391757881705,1.6477391757881705,0.45082757894591835,0.18859526675489974,0.8333333333333334,0.5,1.2728183777393283,0.8125169315628935,0.6383604650696645,0.45082757894591835,2,"[[2, 4], [3, 4], [2, 4], [2, 4]]","[true, true, true, true, true]",0,0.0,0,1,1,0.26605758400000923
s_curve--neutral,s_curve,neutral,n0_d1_m1,factorial_combination,2.0,0.0,4,1.7,1499,violation_safe,8.736906308097268,2.3657206757956653,2.3657206757956653,0.4610998291379297,0.2707732682909901,0.8333333333333334,0.5,1.2728183777393283,0.7579743274684145,0.5955086292945142,0.4610998291379297,3,"[[2, 4], [3, 4], [2, 4], [2, 3]]","[true, true, true, true, true]",0,4.0,0,1,1,0.27495724999999993
s_curve--neutral,s_curve,neutral,n0_d1_m1,factorial_combination,2.0,0.0,4,1.7,1499,dual_anchor_dynamic,8.736906308097268,1.6477391757881705,1.6477391757881705,0.45082757894591835,0.18859526675489974,0.8333333333333334,0.5,1.2728183777393283,0.8125169315628935,0.6383604650696645,0.45082757894591835,2,"[[2, 4], [3, 4], [2, 4], [2, 4]]","[true, true, true, true, true]",0,4.0,0,1,1,0.27199262499999577
s_curve--demand_aligned,s_curve,demand_aligned,n0_d1_m1,factorial_combination,2.0,0.0,4,1.7,1423,full_trajectory,7.8631514759303744,2.8898544596060356,2.8898544596060356,0.5514949471962103,0.36751860477978465,0.6666666666666666,0.5,1.1170944006157304,0.36395466509059365,0.32580475283913857,0.5514949471962103,0,"[[0, 1, 2, 3, 4, 5], [0, 1, 2, 3, 4, 5], [0, 1, 2, 3, 4, 5], [0, 1, 2, 3, 4, 5]]","[true, true, true, true, true]",0,0.0,0,1,1,0.23987629200001948
s_curve--demand_aligned,s_curve,demand_aligned,n0_d1_m1,factorial_combination,2.0,0.0,4,1.7,1423,error_peak_dynamic,7.8631514759303744,1.703343181037046,1.703343181037046,0.4396759298088354,0.2166234729486125,0.6666666666666666,0.5,1.1170944006157304,0.701164331396988,0.6276679312066319,0.4396759298088354,2,"[[2, 4], [2, 4], [3, 4], [2, 4]]","[true, true, true, true, true]",0,0.0,0,1,1,0.1570441659999915
s_curve--demand_aligned,s_curve,demand_aligned,n0_d1_m1,factorial_combination,2.0,0.0,4,1.7,1423,violation_safe,7.8631514759303744,1.4483044372032934,1.4483044372032934,0.4218767243498361,0.18418880033491009,0.6666666666666666,0.3333333333333333,1.1170944006157304,0.6807682925937565,0.6094098155165081,0.4218767243498361,1,"[[2, 4], [2, 4], [2, 4], [2, 3]]","[true, true, true, true, true]",0,4.0,0,1,1,0.16682766599996057
s_curve--demand_aligned,s_curve,demand_aligned,n0_d1_m1,factorial_combination,2.0,0.0,4,1.7,1423,dual_anchor_dynamic,7.8631514759303744,1.7812126357432194,1.7812126357432194,0.4315347355624019,0.2265265576016981,0.6666666666666666,0.5,1.1170944006157304,0.4227220134083749,0.3784120779545355,0.4315347355624019,1,"[[2, 4], [2, 4], [2, 4], [2, 3]]","[true, true, true, true, true]",0,4.0,0,1,1,0.2210767920000194
s_curve--demand_aligned,s_curve,demand_aligned,n0_d1_m1,factorial_combination,2.0,0.0,4,1.7,1451,full_trajectory,16.10847895965746,8.488628914124424,8.488628914124424,0.6623683152434141,0.5269665084694584,0.6666666666666666,0.5,1.7254611442928598,1.1840608219460442,0.686228621179009,0.6623683152434141,0,"[[0, 1, 2, 3, 4, 5], [0, 1, 2, 3, 4, 5], [0, 1, 2, 3, 4, 5], [0, 1, 2, 3, 4, 5]]","[true, true, true, true, true]",0,0.0,0,1,1,0.3190021660000184
s_curve--demand_aligned,s_curve,demand_aligned,n0_d1_m1,factorial_combination,2.0,0.0,4,1.7,1451,error_peak_dynamic,16.10847895965746,6.394400250159775,6.394400250159775,0.6169255503185851,0.3969586617193402,0.6666666666666666,0.6666666666666666,1.7254611442928598,1.4761488221237766,0.8555097441668221,0.6169255503185851,3,"[[2, 4], [3, 4], [2, 4], [3, 4]]","[true, true, true, true, true]",0,0.0,0,1,1,0.2216074590000403
s_curve--demand_aligned,s_curve,demand_aligned,n0_d1_m1,factorial_combination,2.0,0.0,4,1.7,1451,violation_safe,16.10847895965746,6.664134957169363,6.664134957169363,0.6445179056427709,0.4137035516425365,0.6666666666666666,0.5,1.7254611442928598,1.4810830077955235,0.8583693771919222,0.6445179056427709,1,"[[2, 4], [2, 4], [2, 4], [3, 4]]","[true, true, true, true, true]",0,4.0,0,1,1,0.22192945800003372
s_curve--demand_aligned,s_curve,demand_aligned,n0_d1_m1,factorial_combination,2.0,0.0,4,1.7,1451,dual_anchor_dynamic,16.10847895965746,8.145688350803137,8.145688350803137,0.6657938379735717,0.505677064309016,0.6666666666666666,0.5,1.7254611442928598,1.3599349827843523,0.7881574078225274,0.6657938379735717,3,"[[2, 4], [3, 4], [2, 4], [3, 4]]","[true, true, true, true, true]",0,4.0,0,1,1,0.27665579199998547
s_curve--demand_aligned,s_curve,demand_aligned,n0_d1_m1,factorial_combination,2.0,0.0,4,1.7,1471,full_trajectory,14.810615235023976,7.420213170877366,7.420213170877366,0.631624313096373,0.501006410140892,0.8333333333333334,0.5,1.5830183658236057,1.0037962703825594,0.6341027318784825,0.631624313096373,0,"[[0, 1, 2, 3, 4, 5], [0, 1, 2, 3, 4, 5], [0, 1, 2, 3, 4, 5], [0, 1, 2, 3, 4, 5]]","[true, true, true, true, true]",0,0.0,0,1,1,0.309816499999954
s_curve--demand_aligned,s_curve,demand_aligned,n0_d1_m1,factorial_combination,2.0,0.0,4,1.7,1471,error_peak_dynamic,14.810615235023976,6.291190809411976,6.291190809411976,0.5792510362411083,0.42477579152381456,0.8333333333333334,0.6666666666666666,1.5830183658236057,1.389715498710026,0.8778896876455322,0.5792510362411083,2,"[[2, 4], [3, 4], [2, 4], [2, 4]]","[true, true, true, true, true]",0,0.0,0,1,1,0.20421541700000034
s_curve--demand_aligned,s_curve,demand_aligned,n0_d1_m1,factorial_combination,2.0,0.0,4,1.7,1471,violation_safe,14.810615235023976,6.340709434510561,6.340709434510561,0.5936327003136599,0.42811924649261857,0.8333333333333334,0.6666666666666666,1.5830183658236057,1.3901509809557118,0.8781647837878687,0.5936327003136599,0,"[[2, 4], [2, 4], [2, 4], [2, 4]]","[true, true, true, true, true]",0,4.0,0,1,1,0.20369987499998388
s_curve--demand_aligned,s_curve,demand_aligned,n0_d1_m1,factorial_combination,2.0,0.0,4,1.7,1471,dual_anchor_dynamic,14.810615235023976,6.378779571528032,6.378779571528032,0.6016661470549353,0.43068970939462164,0.8333333333333334,0.5,1.5830183658236057,1.2080417370516157,0.7631255348216388,0.6016661470549353,3,"[[2, 4], [3, 4], [2, 4], [3, 4]]","[true, true, true, true, true]",0,4.0,0,1,1,0.2862205419999668
s_curve--demand_aligned,s_curve,demand_aligned,n0_d1_m1,factorial_combination,2.0,0.0,4,1.7,1499,full_trajectory,11.685751712844903,5.239962267725419,5.239962267725419,0.5972256846563281,0.4484060928631306,0.6666666666666666,0.5,1.2728183777393283,0.6667402624585598,0.5238298520192387,0.5972256846563281,0,"[[0, 1, 2, 3, 4, 5], [0, 1, 2, 3, 4, 5], [0, 1, 2, 3, 4, 5], [0, 1, 2, 3, 4, 5]]","[true, true, true, true, true]",0,0.0,0,1,1,0.3021326660000341
s_curve--demand_aligned,s_curve,demand_aligned,n0_d1_m1,factorial_combination,2.0,0.0,4,1.7,1499,error_peak_dynamic,11.685751712844903,2.6011688733414453,2.6011688733414453,0.4600980045255224,0.22259320044274578,0.6666666666666666,0.5,1.2728183777393283,1.0925427030632904,0.8583649656314453,0.4600980045255224,2,"[[2, 4], [3, 4], [2, 4], [2, 4]]","[true, true, true, true, true]",0,0.0,0,1,1,0.18699562500000866
s_curve--demand_aligned,s_curve,demand_aligned,n0_d1_m1,factorial_combination,2.0,0.0,4,1.7,1499,violation_safe,11.685751712844903,2.3950234408263373,2.3950234408263373,0.4558707000033259,0.20495244975928617,0.6666666666666666,0.3333333333333333,1.2728183777393283,1.092174701155114,0.858075841971218,0.4558707000033259,0,"[[2, 4], [2, 4], [2, 4], [2, 4]]","[true, true, true, true, true]",0,4.0,0,1,1,0.18876425000001973
s_curve--demand_aligned,s_curve,demand_aligned,n0_d1_m1,factorial_combination,2.0,0.0,4,1.7,1499,dual_anchor_dynamic,11.685751712844903,2.4461111758018816,2.4461111758018816,0.48071526535892833,0.20932424681872472,0.6666666666666666,0.5,1.2728183777393283,0.8125169315628935,0.6383604650696645,0.48071526535892833,2,"[[2, 4], [3, 4], [2, 4], [2, 4]]","[true, true, true, true, true]",0,4.0,0,1,1,0.269708707999996
s_curve--demand_conflict,s_curve,demand_conflict,n0_d1_m1,factorial_combination,2.0,0.0,4,1.7,1423,full_trajectory,4.034406917727191,1.0861519378737146,1.0861519378737146,0.47292106944698215,0.2692222078792204,0.6666666666666666,0.3333333333333333,1.1170944006157304,0.36395466509059365,0.32580475283913857,0.47292106944698215,0,"[[0, 1, 2, 3, 4, 5], [0, 1, 2, 3, 4, 5], [0, 1, 2, 3, 4, 5], [0, 1, 2, 3, 4, 5]]","[true, true, true, true, true]",0,0.0,0,1,1,0.24071649999996225
s_curve--demand_conflict,s_curve,demand_conflict,n0_d1_m1,factorial_combination,2.0,0.0,4,1.7,1423,error_peak_dynamic,4.034406917727191,0.7493463351514958,0.7493463351514958,0.4144940433750896,0.18573890795667308,0.6666666666666666,0.0,1.1170944006157304,0.46207434047981666,0.41363947417973473,0.4144940433750896,2,"[[2, 4], [2, 4], [3, 4], [2, 3]]","[true, true, true, true, true]",0,0.0,0,1,1,0.21129395899998826
s_curve--demand_conflict,s_curve,demand_conflict,n0_d1_m1,factorial_combination,2.0,0.0,4,1.7,1423,violation_safe,4.034406917727191,0.9479546931655893,0.9479546931655893,0.4583914955073192,0.2349675460351495,0.6666666666666666,0.16666666666666666,1.1170944006157304,0.47723604099643263,0.42721191757239607,0.4583914955073192,3,"[[3, 4], [2, 4], [3, 4], [2, 3]]","[true, true, true, true, true]",0,4.0,0,1,1,0.21192533400000002
s_curve--demand_conflict,s_curve,demand_conflict,n0_d1_m1,factorial_combination,2.0,0.0,4,1.7,1423,dual_anchor_dynamic,4.034406917727191,0.7539789324460124,0.7539789324460124,0.4133700639821389,0.18688718015355063,0.6666666666666666,0.0,1.1170944006157304,0.42268764305751316,0.37838131032125155,0.4133700639821389,2,"[[2, 4], [2, 4], [3, 4], [2, 3]]","[true, true, true, true, true]",0,4.0,0,1,1,0.2201285839999514
s_curve--demand_conflict,s_curve,demand_conflict,n0_d1_m1,factorial_combination,2.0,0.0,4,1.7,1451,full_trajectory,8.145999819773088,3.862161691747878,3.862161691747878,0.6387197965540115,0.47411757638063157,1.0,0.6666666666666666,1.7254611442928598,1.1840608219460442,0.686228621179009,0.6387197965540115,0,"[[0, 1, 2, 3, 4, 5], [0, 1, 2, 3, 4, 5], [0, 1, 2, 3, 4, 5], [0, 1, 2, 3, 4, 5]]","[true, true, true, true, true]",0,0.0,0,1,1,0.31826745800003664
s_curve--demand_conflict,s_curve,demand_conflict,n0_d1_m1,factorial_combination,2.0,0.0,4,1.7,1451,error_peak_dynamic,8.145999819773088,3.950318351746156,3.950318351746156,0.6645139419434094,0.48493965616809875,1.0,0.5,1.7254611442928598,1.4093881237480057,0.8168182334384648,0.6645139419434094,3,"[[2, 4], [3, 4], [2, 4], [3, 4]]","[true, true, true, true, true]",0,0.0,0,1,1,0.28228287500002125
s_curve--demand_conflict,s_curve,demand_conflict,n0_d1_m1,factorial_combination,2.0,0.0,4,1.7,1451,violation_safe,8.145999819773088,3.912246644132247,4.311671993574249,0.6300283130813126,0.4802659870720725,1.0,0.6666666666666666,1.7254611442928598,1.4601636705299685,0.8462454662393355,0.6300283130813126,1,"[[3, 4], [3, 4], [3, 4], [2, 4]]","[true, true, true, true, false]",1,2.0,0,1,1,0.2632750419999752
s_curve--demand_conflict,s_curve,demand_conflict,n0_d1_m1,factorial_combination,2.0,0.0,4,1.7,1451,dual_anchor_dynamic,8.145999819773088,3.991097381713792,3.991097381713792,0.6631716484656163,0.4899456751798659,1.0,0.5,1.7254611442928598,1.3599349827843523,0.7881574078225274,0.6631716484656163,3,"[[2, 4], [3, 4], [2, 4], [3, 4]]","[true, true, true, true, true]",0,4.0,0,1,1,0.2773323750000145
s_curve--demand_conflict,s_curve,demand_conflict,n0_d1_m1,factorial_combination,2.0,0.0,4,1.7,1471,full_trajectory,7.544051448007737,3.2920788043085207,3.2920788043085207,0.5940407257511854,0.43638074673760424,1.0,0.5,1.5830183658236057,1.0037962703825594,0.6341027318784825,0.5940407257511854,0,"[[0, 1, 2, 3, 4, 5], [0, 1, 2, 3, 4, 5], [0, 1, 2, 3, 4, 5], [0, 1, 2, 3, 4, 5]]","[true, true, true, true, true]",0,0.0,0,1,1,0.2939352500000041
s_curve--demand_conflict,s_curve,demand_conflict,n0_d1_m1,factorial_combination,2.0,0.0,4,1.7,1471,error_peak_dynamic,7.544051448007737,3.2882662985683013,3.2882662985683013,0.59320078072879,0.4358753809183896,1.0,0.5,1.5830183658236057,1.265100034302668,0.7991695242553092,0.59320078072879,2,"[[2, 4], [3, 4], [2, 4], [2, 4]]","[true, true, true, true, true]",0,0.0,0,1,1,0.2483681669999669
s_curve--demand_conflict,s_curve,demand_conflict,n0_d1_m1,factorial_combination,2.0,0.0,4,1.7,1471,violation_safe,7.544051448007737,3.1189973932331876,3.253527442766706,0.5679076958857933,0.4134379802058302,1.0,0.6666666666666666,1.5830183658236057,1.3250341995287425,0.8370302127476327,0.5679076958857933,1,"[[3, 4], [3, 4], [3, 4], [2, 4]]","[true, true, true, true, false]",1,2.0,0,1,1,0.25682904199999257
s_curve--demand_conflict,s_curve,demand_conflict,n0_d1_m1,factorial_combination,2.0,0.0,4,1.7,1471,dual_anchor_dynamic,7.544051448007737,3.1082637050535995,3.1082637050535995,0.5975930722534658,0.4120151786444195,1.0,0.5,1.5830183658236057,1.2080417370516157,0.7631255348216388,0.5975930722534658,3,"[[2, 4], [3, 4], [2, 4], [3, 4]]","[true, true, true, true, true]",0,4.0,0,1,1,0.2863214579999749
s_curve--demand_conflict,s_curve,demand_conflict,n0_d1_m1,factorial_combination,2.0,0.0,4,1.7,1499,full_trajectory,5.918399490045304,2.0732215454471494,2.0732215454471494,0.5296775256217193,0.35030104827061603,1.0,0.5,1.2728183777393283,0.6667402624585598,0.5238298520192387,0.5296775256217193,0,"[[0, 1, 2, 3, 4, 5], [0, 1, 2, 3, 4, 5], [0, 1, 2, 3, 4, 5], [0, 1, 2, 3, 4, 5]]","[true, true, true, true, true]",0,0.0,0,1,1,0.2834325829999216
s_curve--demand_conflict,s_curve,demand_conflict,n0_d1_m1,factorial_combination,2.0,0.0,4,1.7,1499,error_peak_dynamic,5.918399490045304,1.3324407393694178,1.3324407393694178,0.46699929378601607,0.22513531599388845,1.0,0.5,1.2728183777393283,0.8562472700771072,0.6727175573925173,0.46699929378601607,2,"[[2, 4], [3, 4], [2, 4], [2, 4]]","[true, true, true, true, true]",0,0.0,0,1,1,0.24592537500006983
s_curve--demand_conflict,s_curve,demand_conflict,n0_d1_m1,factorial_combination,2.0,0.0,4,1.7,1499,violation_safe,5.918399490045304,1.517601861402253,1.517601861402253,0.4608786616576625,0.25642099083626346,1.0,0.5,1.2728183777393283,0.8148289416547898,0.6401769144015815,0.4608786616576625,1,"[[3, 4], [3, 4], [3, 4], [2, 3]]","[true, true, true, true, true]",0,4.0,0,1,1,0.224584875000005
s_curve--demand_conflict,s_curve,demand_conflict,n0_d1_m1,factorial_combination,2.0,0.0,4,1.7,1499,dual_anchor_dynamic,5.918399490045304,1.4104828194267356,1.4104828194267356,0.466391326194435,0.23832166480129557,1.0,0.5,1.2728183777393283,0.8132034546236543,0.638899837436349,0.466391326194435,2,"[[2, 4], [3, 4], [3, 4], [2, 4]]","[true, true, true, true, true]",0,4.0,0,1,1,0.26463249999994787
harmonic_loop--neutral,harmonic_loop,neutral,n1_d1_m1,factorial_combination,3.0,0.05,4,1.7,1423,full_trajectory,11.262894580782667,3.0534896349963763,3.0534896349963763,0.4429873202743929,0.27111055804485623,0.8333333333333334,0.6666666666666666,1.953503274052265,0.5381088752000498,0.27545839433574093,0.44556382559696966,0,"[[0, 1, 2, 3, 4, 5], [0, 1, 2, 3, 4, 5], [0, 1, 2, 3, 4, 5], [0, 1, 2, 3, 4, 5]]","[true, true, true, true, true]",0,0.0,0,1,1,0.2870859999999311
harmonic_loop--neutral,harmonic_loop,neutral,n1_d1_m1,factorial_combination,3.0,0.05,4,1.7,1423,error_peak_dynamic,11.262894580782667,3.026305571067791,3.026305571067791,0.41583653425826506,0.26869696323282916,0.8333333333333334,0.6666666666666666,1.953503274052265,0.5452676129138865,0.27912295830598033,0.4181504272795307,3,"[[2, 3], [2, 4], [3, 4], [2, 4]]","[true, true, true, true, true]",0,0.0,0,1,1,0.26863516600008097
harmonic_loop--neutral,harmonic_loop,neutral,n1_d1_m1,factorial_combination,3.0,0.05,4,1.7,1423,violation_safe,11.262894580782667,2.14389191685906,2.14389191685906,0.40604316311508715,0.19034999408740622,0.8333333333333334,0.6666666666666666,1.953503274052265,0.562408207854545,0.2878972435443679,0.408752878456309,2,"[[2, 3], [2, 4], [3, 4], [3, 4]]","[true, true, true, true, true]",0,4.0,0,1,1,0.26678320799999256
harmonic_loop--neutral,harmonic_loop,neutral,n1_d1_m1,factorial_combination,3.0,0.05,4,1.7,1423,dual_anchor_dynamic,11.262894580782667,2.680298262189143,3.026305571067791,0.41583653425826506,0.23797596993959316,0.8333333333333334,0.6666666666666666,1.953503274052265,0.6349107535625319,0.32501135882178467,0.4181504272795307,3,"[[2, 3], [2, 4], [3, 4], [2, 4]]","[true, true, true, true, false]",1,2.0,0,1,1,0.2747142079999776
harmonic_loop--neutral,harmonic_loop,neutral,n1_d1_m1,factorial_combination,3.0,0.05,4,1.7,1451,full_trajectory,18.333326672952133,12.057702243388082,12.057702243388082,0.7358380490944815,0.6576930885749872,0.8333333333333334,0.8333333333333334,2.597579232495895,1.7438760282112622,0.6713466162630395,0.7351913571851789,0,"[[0, 1, 2, 3, 4, 5], [0, 1, 2, 3, 4, 5], [0, 1, 2, 3, 4, 5], [0, 1, 2, 3, 4, 5]]","[true, true, true, true, true]",0,0.0,0,1,1,0.33937508299993624
harmonic_loop--neutral,harmonic_loop,neutral,n1_d1_m1,factorial_combination,3.0,0.05,4,1.7,1451,error_peak_dynamic,18.333326672952133,12.36692148645504,12.36692148645504,0.7353755988569264,0.6745595988697697,0.8333333333333334,0.8333333333333334,2.597579232495895,1.845329928294092,0.7104037117362534,0.7349257635127617,1,"[[2, 3], [2, 3], [1, 3], [1, 3]]","[true, true, true, true, true]",0,0.0,0,1,1,0.3482136249999712
harmonic_loop--neutral,harmonic_loop,neutral,n1_d1_m1,factorial_combination,3.0,0.05,4,1.7,1451,violation_safe,18.333326672952133,11.42982839240932,12.258870523587191,0.7173721660732637,0.6234454115341864,0.8333333333333334,0.8333333333333334,2.597579232495895,1.8259411808677493,0.7029395515736726,0.7168099781762461,2,"[[2, 3], [3, 4], [1, 3], [1, 3]]","[true, true, true, false, false]",2,1.0,0,1,1,0.34171712500005924
harmonic_loop--neutral,harmonic_loop,neutral,n1_d1_m1,factorial_combination,3.0,0.05,4,1.7,1451,dual_anchor_dynamic,18.333326672952133,12.43279635316707,12.522128339225208,0.7364338277829888,0.6781527747230761,0.8333333333333334,0.6666666666666666,2.597579232495895,1.8879529041732204,0.7268124415820698,0.7359564065081992,1,"[[2, 3], [2, 3], [1, 3], [1, 3]]","[true, true, true, false, false]",2,1.0,0,1,1,0.35101108300000305
harmonic_loop--neutral,harmonic_loop,neutral,n1_d1_m1,factorial_combination,3.0,0.05,4,1.7,1471,full_trajectory,16.602137596849428,9.899407228331139,9.899407228331139,0.6898462847994418,0.5962730504179017,0.6666666666666666,0.6666666666666666,2.3187044211223258,1.4809950631422488,0.6387166253926408,0.6853671315552461,0,"[[0, 1, 2, 3, 4, 5], [0, 1, 2, 3, 4, 5], [0, 1, 2, 3, 4, 5], [0, 1, 2, 3, 4, 5]]","[true, true, true, true, true]",0,0.0,0,1,1,0.34225054199998795
harmonic_loop--neutral,harmonic_loop,neutral,n1_d1_m1,factorial_combination,3.0,0.05,4,1.7,1471,error_peak_dynamic,16.602137596849428,9.89359257888475,9.89359257888475,0.6753315590280933,0.5959228154308424,0.6666666666666666,0.8333333333333334,2.3187044211223258,1.5731545846421877,0.6784627528681433,0.670813777020854,2,"[[2, 3], [2, 3], [3, 4], [1, 3]]","[true, true, true, true, true]",0,0.0,0,1,1,0.31063058300003377
harmonic_loop--neutral,harmonic_loop,neutral,n1_d1_m1,factorial_combination,3.0,0.05,4,1.7,1471,violation_safe,16.602137596849428,9.530465423136302,10.158669118253053,0.6751869889420368,0.5740505020838335,0.6666666666666666,0.6666666666666666,2.3187044211223258,1.6019958370466134,0.6909012733374602,0.6708141440038082,2,"[[2, 3], [3, 4], [1, 3], [1, 3]]","[true, true, true, false, false]",2,1.0,0,1,1,0.3257151669999985
harmonic_loop--neutral,harmonic_loop,neutral,n1_d1_m1,factorial_combination,3.0,0.05,4,1.7,1471,dual_anchor_dynamic,16.602137596849428,9.368685450005552,9.89359257888475,0.6753315590280933,0.5643059753813532,0.6666666666666666,0.6666666666666666,2.3187044211223258,1.5705953804879869,0.6773590312678877,0.670813777020854,2,"[[2, 3], [2, 3], [3, 4], [1, 3]]","[true, true, true, true, false]",1,2.0,0,1,1,0.30700512500004606
harmonic_loop--neutral,harmonic_loop,neutral,n1_d1_m1,factorial_combination,3.0,0.05,4,1.7,1499,full_trajectory,13.354818809893956,5.901281902001678,5.901281902001678,0.580914597428616,0.4418840858873874,0.6666666666666666,0.6666666666666666,1.9057354585321649,1.0197985332491812,0.5351207213380236,0.5835768968289521,0,"[[0, 1, 2, 3, 4, 5], [0, 1, 2, 3, 4, 5], [0, 1, 2, 3, 4, 5], [0, 1, 2, 3, 4, 5]]","[true, true, true, true, true]",0,0.0,0,1,1,0.32110270800001217
harmonic_loop--neutral,harmonic_loop,neutral,n1_d1_m1,factorial_combination,3.0,0.05,4,1.7,1499,error_peak_dynamic,13.354818809893956,5.709668488910844,5.709668488910844,0.560597620376769,0.4275362002426285,0.6666666666666666,0.8333333333333334,1.9057354585321649,1.1196853817839778,0.5875345272981286,0.5639000751159322,2,"[[2, 3], [2, 3], [3, 4], [1, 3]]","[true, true, true, true, true]",0,0.0,0,1,1,0.30300983400002224
harmonic_loop--neutral,harmonic_loop,neutral,n1_d1_m1,factorial_combination,3.0,0.05,4,1.7,1499,violation_safe,13.354818809893956,5.514951942220409,5.703405732610645,0.551123453183147,0.41295595400625285,0.6666666666666666,0.8333333333333334,1.9057354585321649,1.1702824274597452,0.6140844062171776,0.5540691779853035,2,"[[2, 3], [3, 4], [3, 4], [1, 3]]","[true, true, true, true, false]",1,2.0,0,1,1,0.295613000000003
harmonic_loop--neutral,harmonic_loop,neutral,n1_d1_m1,factorial_combination,3.0,0.05,4,1.7,1499,dual_anchor_dynamic,13.354818809893956,5.620377811233197,5.709668488910844,0.560597620376769,0.4208501733523575,0.6666666666666666,0.6666666666666666,1.9057354585321649,1.1519916161840311,0.6044866358688198,0.5639000751159322,2,"[[2, 3], [2, 3], [3, 4], [1, 3]]","[true, true, true, true, false]",1,2.0,0,1,1,0.2995704579999483
harmonic_loop--demand_aligned,harmonic_loop,demand_aligned,n1_d1_m1,factorial_combination,3.0,0.05,4,1.7,1423,full_trajectory,16.09450341846689,4.744153678507831,4.744153678507831,0.4313656542459954,0.29476856509063665,0.8333333333333334,0.6666666666666666,1.953503274052265,0.5369754526897416,0.27487819438145206,0.4293881810822874,0,"[[0, 1, 2, 3, 4, 5], [0, 1, 2, 3, 4, 5], [0, 1, 2, 3, 4, 5], [0, 1, 2, 3, 4, 5]]","[true, true, true, true, true]",0,0.0,0,1,1,0.29676420800001324
harmonic_loop--demand_aligned,harmonic_loop,demand_aligned,n1_d1_m1,factorial_combination,3.0,0.05,4,1.7,1423,error_peak_dynamic,16.09450341846689,5.309715051284282,5.309715051284282,0.4622300778257381,0.32990859756455093,0.8333333333333334,0.8333333333333334,1.953503274052265,0.6754792698096972,0.3457784170530267,0.4601520230897178,3,"[[2, 3], [1, 4], [2, 3], [1, 4]]","[true, true, true, true, true]",0,0.0,0,1,1,0.20507183400002305
harmonic_loop--demand_aligned,harmonic_loop,demand_aligned,n1_d1_m1,factorial_combination,3.0,0.05,4,1.7,1423,violation_safe,16.09450341846689,3.1836383950696274,3.1836383950696274,0.42569731092608004,0.197809047740902,0.8333333333333334,0.8333333333333334,1.953503274052265,0.7393978013006746,0.3784983680968698,0.42623903772578253,2,"[[2, 3], [2, 3], [1, 4], [3, 4]]","[true, true, true, true, true]",0,4.0,0,1,1,0.20134062499994343
harmonic_loop--demand_aligned,harmonic_loop,demand_aligned,n1_d1_m1,factorial_combination,3.0,0.05,4,1.7,1423,dual_anchor_dynamic,16.09450341846689,3.0933372016507663,4.383426905108051,0.37990059664635256,0.19219836246090455,0.8333333333333334,0.6666666666666666,1.953503274052265,0.6698514646027872,0.34289753874498274,0.3788880121063507,2,"[[2, 3], [2, 3], [3, 4], [2, 4]]","[true, true, true, true, false]",1,2.0,0,1,1,0.2843585409999605
harmonic_loop--demand_aligned,harmonic_loop,demand_aligned,n1_d1_m1,factorial_combination,3.0,0.05,4,1.7,1451,full_trajectory,30.792262236813453,19.551573596115343,19.551573596115343,0.7214292667473992,0.6349508667388721,0.6666666666666666,0.6666666666666666,2.597579232495895,1.7432230675367455,0.6710952434978324,0.7211612639768621,0,"[[0, 1, 2, 3, 4, 5], [0, 1, 2, 3, 4, 5], [0, 1, 2, 3, 4, 5], [0, 1, 2, 3, 4, 5]]","[true, true, true, true, true]",0,0.0,0,1,1,0.3487359999999171
harmonic_loop--demand_aligned,harmonic_loop,demand_aligned,n1_d1_m1,factorial_combination,3.0,0.05,4,1.7,1451,error_peak_dynamic,30.792262236813453,16.55809164137193,16.55809164137193,0.6474149520808827,0.5377354711397603,0.6666666666666666,0.6666666666666666,2.597579232495895,1.976103541225525,0.7607481290673769,0.647367144641321,2,"[[2, 3], [1, 3], [1, 3], [2, 3]]","[true, true, true, true, true]",0,0.0,0,1,1,0.3037531250000711
harmonic_loop--demand_aligned,harmonic_loop,demand_aligned,n1_d1_m1,factorial_combination,3.0,0.05,4,1.7,1451,violation_safe,30.792262236813453,16.563644393161145,16.55809164137193,0.6474149520808827,0.5379158005922218,0.6666666666666666,0.6666666666666666,2.597579232495895,1.983598057331092,0.7636333215619158,0.647367144641321,2,"[[2, 3], [1, 3], [1, 3], [2, 3]]","[true, true, true, true, false]",1,2.0,0,1,1,0.3048122920000651
harmonic_loop--demand_aligned,harmonic_loop,demand_aligned,n1_d1_m1,factorial_combination,3.0,0.05,4,1.7,1451,dual_anchor_dynamic,30.792262236813453,20.695110002582076,20.695110002582076,0.734012112850257,0.6720880019604469,0.6666666666666666,0.6666666666666666,2.597579232495895,1.846754820311246,0.7109522578592469,0.7337640112089393,1,"[[2, 3], [2, 3], [1, 3], [1, 3]]","[true, true, true, true, true]",0,4.0,0,1,1,0.3279542919999585
harmonic_loop--demand_aligned,harmonic_loop,demand_aligned,n1_d1_m1,factorial_combination,3.0,0.05,4,1.7,1471,full_trajectory,27.951647132835202,15.973782574641112,15.973782574641112,0.6738313406877022,0.5714791152996662,0.6666666666666666,0.6666666666666666,2.3187044211223258,1.4797206806223735,0.6381670156587455,0.6740272514325953,0,"[[0, 1, 2, 3, 4, 5], [0, 1, 2, 3, 4, 5], [0, 1, 2, 3, 4, 5], [0, 1, 2, 3, 4, 5]]","[true, true, true, true, true]",0,0.0,0,1,1,0.3661149999999225
harmonic_loop--demand_aligned,harmonic_loop,demand_aligned,n1_d1_m1,factorial_combination,3.0,0.05,4,1.7,1471,error_peak_dynamic,27.951647132835202,13.75533771364146,13.75533771364146,0.6181379976367389,0.4921118833631406,0.6666666666666666,0.6666666666666666,2.3187044211223258,1.7661867538186133,0.7617127641321887,0.617440195554808,2,"[[2, 3], [1, 3], [1, 3], [2, 3]]","[true, true, true, true, true]",0,0.0,0,1,1,0.28717425000002095
harmonic_loop--demand_aligned,harmonic_loop,demand_aligned,n1_d1_m1,factorial_combination,3.0,0.05,4,1.7,1471,violation_safe,27.951647132835202,12.946353096286227,12.946353096286227,0.6112161463300805,0.4631695955075921,0.6666666666666666,0.6666666666666666,2.3187044211223258,1.7474919391047334,0.7536501518632084,0.610615206543867,3,"[[2, 3], [1, 3], [2, 3], [1, 3]]","[true, true, true, true, true]",0,4.0,0,1,1,0.2553179999999884
harmonic_loop--demand_aligned,harmonic_loop,demand_aligned,n1_d1_m1,factorial_combination,3.0,0.05,4,1.7,1471,dual_anchor_dynamic,27.951647132835202,15.670855622920273,16.485648619888707,0.6724409038668167,0.5606415803851321,0.6666666666666666,0.6666666666666666,2.3187044211223258,1.5711051081652239,0.6775788642369344,0.671965903723783,2,"[[2, 3], [2, 3], [3, 4], [1, 3]]","[true, true, true, true, false]",1,2.0,0,1,1,0.2953045420000535
harmonic_loop--demand_aligned,harmonic_loop,demand_aligned,n1_d1_m1,factorial_combination,3.0,0.05,4,1.7,1499,full_trajectory,22.39985197742406,9.242207213754464,9.242207213754464,0.5607790912637898,0.41260126285965304,0.6666666666666666,0.6666666666666666,1.9057354585321649,1.0209296354817765,0.5357142466500133,0.5568773547726675,0,"[[0, 1, 2, 3, 4, 5], [0, 1, 2, 3, 4, 5], [0, 1, 2, 3, 4, 5], [0, 1, 2, 3, 4, 5]]","[true, true, true, true, true]",0,0.0,0,1,1,0.31577841699993314
harmonic_loop--demand_aligned,harmonic_loop,demand_aligned,n1_d1_m1,factorial_combination,3.0,0.05,4,1.7,1499,error_peak_dynamic,22.39985197742406,7.9996697418040705,7.9996697418040705,0.5158438709490978,0.35713047344538823,0.6666666666666666,0.6666666666666666,1.9057354585321649,1.4138591489424501,0.7418968580410591,0.5111515431655866,3,"[[2, 3], [1, 3], [3, 4], [1, 3]]","[true, true, true, true, true]",0,0.0,0,1,1,0.23431474999995316
harmonic_loop--demand_aligned,harmonic_loop,demand_aligned,n1_d1_m1,factorial_combination,3.0,0.05,4,1.7,1499,violation_safe,22.39985197742406,8.217857771865932,8.217857771865932,0.5275269259327138,0.36687107486908355,0.6666666666666666,0.6666666666666666,1.9057354585321649,1.3864322764476624,0.7275051058322229,0.5231224955077771,3,"[[2, 3], [1, 3], [2, 3], [1, 3]]","[true, true, true, true, true]",0,4.0,0,1,1,0.23976875000005293
harmonic_loop--demand_aligned,harmonic_loop,demand_aligned,n1_d1_m1,factorial_combination,3.0,0.05,4,1.7,1499,dual_anchor_dynamic,22.39985197742406,9.215188673693676,9.289855893118181,0.5530407440398886,0.41139507006480697,0.6666666666666666,0.6666666666666666,1.9057354585321649,1.1543264366002393,0.6057117903915816,0.5492117987471579,2,"[[2, 3], [2, 3], [3, 4], [1, 3]]","[true, true, true, true, false]",1,2.0,0,1,1,0.2985490410000011
harmonic_loop--demand_conflict,harmonic_loop,demand_conflict,n1_d1_m1,factorial_combination,3.0,0.05,4,1.7,1423,full_trajectory,7.802661906840404,2.985378461774192,2.985378461774192,0.5537507018932694,0.3826102549896444,0.8333333333333334,0.6666666666666666,1.953503274052265,0.5356752452249709,0.2742126170660511,0.5638310145755959,0,"[[0, 1, 2, 3, 4, 5], [0, 1, 2, 3, 4, 5], [0, 1, 2, 3, 4, 5], [0, 1, 2, 3, 4, 5]]","[true, true, true, true, true]",0,0.0,0,1,1,0.2887044579999838
harmonic_loop--demand_conflict,harmonic_loop,demand_conflict,n1_d1_m1,factorial_combination,3.0,0.05,4,1.7,1423,error_peak_dynamic,7.802661906840404,2.2833158381790795,2.2833158381790795,0.5348998721638513,0.29263293289401043,0.8333333333333334,0.6666666666666666,1.953503274052265,0.6263295614412306,0.3206186392214224,0.5437691363215595,3,"[[2, 3], [2, 4], [1, 3], [3, 4]]","[true, true, true, true, true]",0,0.0,0,1,1,0.23499979099995016
harmonic_loop--demand_conflict,harmonic_loop,demand_conflict,n1_d1_m1,factorial_combination,3.0,0.05,4,1.7,1423,violation_safe,7.802661906840404,2.0852574879713277,2.0852574879713277,0.48361106180723396,0.26724949932063996,0.8333333333333334,0.8333333333333334,1.953503274052265,0.6766210727843501,0.34636290697419503,0.4923926597631999,3,"[[2, 4], [3, 4], [1, 2], [3, 4]]","[true, true, true, true, true]",0,4.0,0,1,1,0.21925804100010282
harmonic_loop--demand_conflict,harmonic_loop,demand_conflict,n1_d1_m1,factorial_combination,3.0,0.05,4,1.7,1423,dual_anchor_dynamic,7.802661906840404,1.9843883395446569,1.9843883395446569,0.5124895975417141,0.2543219689943238,0.8333333333333334,0.6666666666666666,1.953503274052265,0.5457823832082616,0.2793864696607923,0.5225994449048131,3,"[[2, 3], [2, 4], [3, 4], [2, 4]]","[true, true, true, true, true]",0,4.0,0,1,1,0.2813569999999572
harmonic_loop--demand_conflict,harmonic_loop,demand_conflict,n1_d1_m1,factorial_combination,3.0,0.05,4,1.7,1451,full_trajectory,10.084259269488646,8.722873584830952,8.722873584830952,0.8264324327226484,0.8649989405987647,1.0,1.0,2.597579232495895,1.7436077693552574,0.6712433436264827,0.8268086245434694,0,"[[0, 1, 2, 3, 4, 5], [0, 1, 2, 3, 4, 5], [0, 1, 2, 3, 4, 5], [0, 1, 2, 3, 4, 5]]","[true, true, true, true, true]",0,0.0,0,1,1,0.3416635830000132
harmonic_loop--demand_conflict,harmonic_loop,demand_conflict,n1_d1_m1,factorial_combination,3.0,0.05,4,1.7,1451,error_peak_dynamic,10.084259269488646,6.894063102243997,6.894063102243997,0.7455841650533824,0.6836459593123474,1.0,0.8333333333333334,2.597579232495895,1.8178106957259161,0.699809527649813,0.7444850061951551,1,"[[2, 3], [2, 3], [1, 3], [1, 3]]","[true, true, true, true, true]",0,0.0,0,1,1,0.3080912919999719
harmonic_loop--demand_conflict,harmonic_loop,demand_conflict,n1_d1_m1,factorial_combination,3.0,0.05,4,1.7,1451,violation_safe,10.084259269488646,6.098101725413136,6.712976576038233,0.6934751397393157,0.6047148890611933,1.0,0.8333333333333334,2.597579232495895,1.795927889394905,0.6913852201032883,0.6927659980764111,3,"[[3, 4], [2, 3], [3, 4], [1, 3]]","[true, true, true, true, false]",1,2.0,0,1,1,0.288497125000049
harmonic_loop--demand_conflict,harmonic_loop,demand_conflict,n1_d1_m1,factorial_combination,3.0,0.05,4,1.7,1451,dual_anchor_dynamic,10.084259269488646,6.901707668428969,7.012801967858574,0.7434902736313929,0.684404028495287,1.0,0.8333333333333334,2.597579232495895,1.8882423198368252,0.7269238590356683,0.7424627145317904,1,"[[2, 3], [2, 3], [1, 3], [1, 3]]","[true, true, true, false, false]",2,1.0,0,1,1,0.33491779200005567
harmonic_loop--demand_conflict,harmonic_loop,demand_conflict,n1_d1_m1,factorial_combination,3.0,0.05,4,1.7,1471,full_trajectory,9.087878119682047,7.602260390042241,7.602260390042241,0.808482931326667,0.8365275469064298,0.8333333333333334,0.8333333333333334,2.3187044211223258,1.4809457000626853,0.6386953363145187,0.8037865400050087,0,"[[0, 1, 2, 3, 4, 5], [0, 1, 2, 3, 4, 5], [0, 1, 2, 3, 4, 5], [0, 1, 2, 3, 4, 5]]","[true, true, true, true, true]",0,0.0,0,1,1,0.3491677089999712
harmonic_loop--demand_conflict,harmonic_loop,demand_conflict,n1_d1_m1,factorial_combination,3.0,0.05,4,1.7,1471,error_peak_dynamic,9.087878119682047,5.573926444459065,5.573926444459065,0.6872208587384184,0.6133363994382087,0.8333333333333334,0.8333333333333334,2.3187044211223258,1.5612428983404663,0.6733255365014467,0.6832080681023063,2,"[[2, 3], [2, 3], [3, 4], [1, 3]]","[true, true, true, true, true]",0,0.0,0,1,1,0.2816014579999546
harmonic_loop--demand_conflict,harmonic_loop,demand_conflict,n1_d1_m1,factorial_combination,3.0,0.05,4,1.7,1471,violation_safe,9.087878119682047,5.048088254011417,5.585831930775903,0.6549778616593416,0.5554749070719307,0.8333333333333334,0.8333333333333334,2.3187044211223258,1.5855763652933292,0.683819960340551,0.6512103539308282,3,"[[3, 4], [2, 3], [3, 4], [1, 3]]","[true, true, true, true, false]",1,2.0,0,1,1,0.3129984999999351
harmonic_loop--demand_conflict,harmonic_loop,demand_conflict,n1_d1_m1,factorial_combination,3.0,0.05,4,1.7,1471,dual_anchor_dynamic,9.087878119682047,5.258599685051851,5.625110171713624,0.6872003317756299,0.5786388875157836,0.8333333333333334,0.8333333333333334,2.3187044211223258,1.5717516116136856,0.6778576852210031,0.6832339248237524,2,"[[2, 3], [2, 3], [3, 4], [1, 3]]","[true, true, true, true, false]",1,2.0,0,1,1,0.2997163750000027
harmonic_loop--demand_conflict,harmonic_loop,demand_conflict,n1_d1_m1,factorial_combination,3.0,0.05,4,1.7,1499,full_trajectory,7.372592365492152,5.585450063996351,5.585450063996351,0.7635638468982096,0.7575964853474574,1.0,0.6666666666666666,1.9057354585321649,1.0188543470853229,0.5346252768314783,0.765468510822106,0,"[[0, 1, 2, 3, 4, 5], [0, 1, 2, 3, 4, 5], [0, 1, 2, 3, 4, 5], [0, 1, 2, 3, 4, 5]]","[true, true, true, true, true]",0,0.0,0,1,1,0.3181005000000141
harmonic_loop--demand_conflict,harmonic_loop,demand_conflict,n1_d1_m1,factorial_combination,3.0,0.05,4,1.7,1499,error_peak_dynamic,7.372592365492152,3.063703865603453,3.063703865603453,0.5839228247512791,0.41555313432806856,1.0,0.8333333333333334,1.9057354585321649,1.1189219650496358,0.5871339382599574,0.586404547186713,3,"[[2, 3], [3, 4], [2, 3], [3, 4]]","[true, true, true, true, true]",0,0.0,0,1,1,0.2671130420000054
harmonic_loop--demand_conflict,harmonic_loop,demand_conflict,n1_d1_m1,factorial_combination,3.0,0.05,4,1.7,1499,violation_safe,7.372592365492152,2.8936715021038224,2.8936715021038224,0.547247853010564,0.39249036955410965,1.0,0.8333333333333334,1.9057354585321649,1.1189633125817515,0.5871556346249648,0.5486851636173191,2,"[[3, 4], [2, 3], [3, 4], [3, 4]]","[true, true, true, true, true]",0,4.0,0,1,1,0.2678902080000398
harmonic_loop--demand_conflict,harmonic_loop,demand_conflict,n1_d1_m1,factorial_combination,3.0,0.05,4,1.7,1499,dual_anchor_dynamic,7.372592365492152,3.203123404377924,3.203123404377924,0.6072663263001423,0.4344636520758058,1.0,0.8333333333333334,1.9057354585321649,1.1248510103175027,0.5902450968634887,0.6088615662707694,1,"[[2, 3], [2, 3], [3, 4], [3, 4]]","[true, true, true, true, true]",0,4.0,0,1,1,0.30246083300005466
ellipse--neutral,ellipse,neutral,n1_d1_m1,factorial_combination,3.0,0.05,4,1.7,1423,full_trajectory,10.331541413905002,0.9773363858766908,0.9773363858766908,0.31881326411144273,0.09459734484162396,0.8333333333333334,0.16666666666666666,1.8794878359045348,0.14263554875141082,0.0758906474554357,0.32195276545874746,0,"[[0, 1, 2, 3, 4, 5], [0, 1, 2, 3, 4, 5], [0, 1, 2, 3, 4, 5], [0, 1, 2, 3, 4, 5]]","[true, true, true, true, true]",0,0.0,0,1,1,0.23094362500000898
ellipse--neutral,ellipse,neutral,n1_d1_m1,factorial_combination,3.0,0.05,4,1.7,1423,error_peak_dynamic,10.331541413905002,1.068410289220958,1.068410289220958,0.3264862376097519,0.10341247703687344,0.8333333333333334,0.16666666666666666,1.8794878359045348,0.16217087383675438,0.08628460942324054,0.3298626791895176,0,"[[2, 3], [2, 3], [2, 3], [2, 3]]","[true, true, true, true, true]",0,0.0,0,1,1,0.2372384579999789
ellipse--neutral,ellipse,neutral,n1_d1_m1,factorial_combination,3.0,0.05,4,1.7,1423,violation_safe,10.331541413905002,1.068410289220958,1.068410289220958,0.3264862376097519,0.10341247703687344,0.8333333333333334,0.16666666666666666,1.8794878359045348,0.16217087383675438,0.08628460942324054,0.3298626791895176,0,"[[2, 3], [2, 3], [2, 3], [2, 3]]","[true, true, true, true, true]",0,4.0,0,1,1,0.2383791669999482
ellipse--neutral,ellipse,neutral,n1_d1_m1,factorial_combination,3.0,0.05,4,1.7,1423,dual_anchor_dynamic,10.331541413905002,1.068410289220958,1.068410289220958,0.3264862376097519,0.10341247703687344,0.8333333333333334,0.16666666666666666,1.8794878359045348,0.16217087383675438,0.08628460942324054,0.3298626791895176,0,"[[2, 3], [2, 3], [2, 3], [2, 3]]","[true, true, true, true, true]",0,4.0,0,1,1,0.23888924999994288
ellipse--neutral,ellipse,neutral,n1_d1_m1,factorial_combination,3.0,0.05,4,1.7,1451,full_trajectory,11.766432793435662,0.6273873221320201,0.6273873221320201,0.32736998853942245,0.0533200956607708,0.6666666666666666,0.0,2.131703832535955,0.13512846506864878,0.063389887003156,0.3285471031185027,0,"[[0, 1, 2, 3, 4, 5], [0, 1, 2, 3, 4, 5], [0, 1, 2, 3, 4, 5], [0, 1, 2, 3, 4, 5]]","[true, true, true, true, true]",0,0.0,0,1,1,0.2971968749999405
ellipse--neutral,ellipse,neutral,n1_d1_m1,factorial_combination,3.0,0.05,4,1.7,1451,error_peak_dynamic,11.766432793435662,0.7078968692944676,0.7078968692944676,0.3141618569110669,0.06016240280481557,0.6666666666666666,0.0,2.131703832535955,0.14278915887569618,0.06698358219201062,0.3159985125427943,1,"[[3, 4], [3, 4], [3, 4], [1, 3]]","[true, true, true, true, true]",0,0.0,0,1,1,0.20560570800000733
ellipse--neutral,ellipse,neutral,n1_d1_m1,factorial_combination,3.0,0.05,4,1.7,1451,violation_safe,11.766432793435662,0.7078968692944676,0.7078968692944676,0.3141618569110669,0.06016240280481557,0.6666666666666666,0.0,2.131703832535955,0.14278915887569618,0.06698358219201062,0.3159985125427943,1,"[[3, 4], [3, 4], [3, 4], [1, 3]]","[true, true, true, true, true]",0,4.0,0,1,1,0.2053339589999723
ellipse--neutral,ellipse,neutral,n1_d1_m1,factorial_combination,3.0,0.05,4,1.7,1451,dual_anchor_dynamic,11.766432793435662,0.7078968692944676,0.7078968692944676,0.3141618569110669,0.06016240280481557,0.6666666666666666,0.0,2.131703832535955,0.14278915887569618,0.06698358219201062,0.3159985125427943,1,"[[3, 4], [3, 4], [3, 4], [1, 3]]","[true, true, true, true, true]",0,4.0,0,1,1,0.20428849999996146
ellipse--neutral,ellipse,neutral,n1_d1_m1,factorial_combination,3.0,0.05,4,1.7,1471,full_trajectory,10.840092868260987,0.5597952497837423,0.5597952497837423,0.3176047438936448,0.05164118578935634,0.6666666666666666,0.0,1.926851186476648,0.11782792359182703,0.06115050524855622,0.32246450300560386,0,"[[0, 1, 2, 3, 4, 5], [0, 1, 2, 3, 4, 5], [0, 1, 2, 3, 4, 5], [0, 1, 2, 3, 4, 5]]","[true, true, true, true, true]",0,0.0,0,1,1,0.1952275840000084
ellipse--neutral,ellipse,neutral,n1_d1_m1,factorial_combination,3.0,0.05,4,1.7,1471,error_peak_dynamic,10.840092868260987,0.6477480403982503,0.6477480403982503,0.30834596042606727,0.05975484234962691,0.6666666666666666,0.0,1.926851186476648,0.12392611606749704,0.06431535395014218,0.31258856603825425,1,"[[3, 4], [3, 4], [3, 4], [1, 3]]","[true, true, true, true, true]",0,0.0,0,1,1,0.18907533300000523
ellipse--neutral,ellipse,neutral,n1_d1_m1,factorial_combination,3.0,0.05,4,1.7,1471,violation_safe,10.840092868260987,0.6141536315074508,0.6141536315074508,0.3079585743434586,0.05665575368875746,0.6666666666666666,0.0,1.926851186476648,0.1237242768474207,0.06421060314141709,0.31222412087976936,1,"[[3, 4], [3, 4], [3, 4], [2, 3]]","[true, true, true, true, true]",0,4.0,0,1,1,0.18758141699993303
ellipse--neutral,ellipse,neutral,n1_d1_m1,factorial_combination,3.0,0.05,4,1.7,1471,dual_anchor_dynamic,10.840092868260987,0.6477480403982503,0.6477480403982503,0.30834596042606727,0.05975484234962691,0.6666666666666666,0.0,1.926851186476648,0.12392611606749704,0.06431535395014218,0.31258856603825425,1,"[[3, 4], [3, 4], [3, 4], [1, 3]]","[true, true, true, true, true]",0,4.0,0,1,1,0.19132729199998266
ellipse--neutral,ellipse,neutral,n1_d1_m1,factorial_combination,3.0,0.05,4,1.7,1499,full_trajectory,8.76112649706644,0.4287513597531031,0.4287513597531031,0.31109176795182886,0.048937925950123584,0.6666666666666666,0.0,1.5806144752562072,0.07659362308134654,0.048458130860108195,0.31394803777342484,0,"[[0, 1, 2, 3, 4, 5], [0, 1, 2, 3, 4, 5], [0, 1, 2, 3, 4, 5], [0, 1, 2, 3, 4, 5]]","[true, true, true, true, true]",0,0.0,0,1,1,0.18902316699995936
ellipse--neutral,ellipse,neutral,n1_d1_m1,factorial_combination,3.0,0.05,4,1.7,1499,error_peak_dynamic,8.76112649706644,0.4025652559998022,0.4025652559998022,0.2980567093622531,0.04594902905860296,0.6666666666666666,0.0,1.5806144752562072,0.07934334351582732,0.050197783683441397,0.29970849617948914,1,"[[3, 4], [3, 4], [3, 4], [1, 3]]","[true, true, true, true, true]",0,0.0,0,1,1,0.18399645800002418
ellipse--neutral,ellipse,neutral,n1_d1_m1,factorial_combination,3.0,0.05,4,1.7,1499,violation_safe,8.76112649706644,0.4025652559998022,0.4025652559998022,0.2980567093622531,0.04594902905860296,0.6666666666666666,0.0,1.5806144752562072,0.07934334351582732,0.050197783683441397,0.29970849617948914,1,"[[3, 4], [3, 4], [3, 4], [1, 3]]","[true, true, true, true, true]",0,4.0,0,1,1,0.18754141700003402
ellipse--neutral,ellipse,neutral,n1_d1_m1,factorial_combination,3.0,0.05,4,1.7,1499,dual_anchor_dynamic,8.76112649706644,0.4025652559998022,0.4025652559998022,0.2980567093622531,0.04594902905860296,0.6666666666666666,0.0,1.5806144752562072,0.07934334351582732,0.050197783683441397,0.29970849617948914,1,"[[3, 4], [3, 4], [3, 4], [1, 3]]","[true, true, true, true, true]",0,4.0,0,1,1,0.18602445800001988
ellipse--demand_aligned,ellipse,demand_aligned,n1_d1_m1,factorial_combination,3.0,0.05,4,1.7,1423,full_trajectory,16.877458568707198,1.6339389297058688,1.6339389297058688,0.31603673707910257,0.09681190583607088,0.6666666666666666,0.16666666666666666,1.8794878359045348,0.14611650250582073,0.0777427231581415,0.31851704075288856,0,"[[0, 1, 2, 3, 4, 5], [0, 1, 2, 3, 4, 5], [0, 1, 2, 3, 4, 5], [0, 1, 2, 3, 4, 5]]","[true, true, true, true, true]",0,0.0,0,1,1,0.23123529200006487
ellipse--demand_aligned,ellipse,demand_aligned,n1_d1_m1,factorial_combination,3.0,0.05,4,1.7,1423,error_peak_dynamic,16.877458568707198,1.6845173253754178,1.6845173253754178,0.3262718789921857,0.09980870748506603,0.6666666666666666,0.3333333333333333,1.8794878359045348,0.33461491241510705,0.17803515725020272,0.32966485862077427,1,"[[2, 3], [2, 3], [2, 3], [3, 4]]","[true, true, true, true, true]",0,0.0,0,1,1,0.2118695410000555
ellipse--demand_aligned,ellipse,demand_aligned,n1_d1_m1,factorial_combination,3.0,0.05,4,1.7,1423,violation_safe,16.877458568707198,1.6939343520093544,1.6939343520093544,0.3305377917776783,0.10036667221628431,0.6666666666666666,0.3333333333333333,1.8794878359045348,0.33737264653570986,0.17950243682920333,0.3338129409073331,2,"[[3, 4], [2, 3], [2, 3], [3, 4]]","[true, true, true, true, true]",0,4.0,0,1,1,0.21827424999992218
ellipse--demand_aligned,ellipse,demand_aligned,n1_d1_m1,factorial_combination,3.0,0.05,4,1.7,1423,dual_anchor_dynamic,16.877458568707198,1.806930744789931,1.806930744789931,0.3272864290236358,0.10706177932145507,0.6666666666666666,0.16666666666666666,1.8794878359045348,0.1626655158044636,0.08654778855016004,0.33032322415546084,0,"[[2, 3], [2, 3], [2, 3], [2, 3]]","[true, true, true, true, true]",0,4.0,0,1,1,0.23899570799994763
ellipse--demand_aligned,ellipse,demand_aligned,n1_d1_m1,factorial_combination,3.0,0.05,4,1.7,1451,full_trajectory,15.976702063787933,0.8707572704884663,0.8707572704884663,0.3384464146687455,0.05450169046226913,0.6666666666666666,0.16666666666666666,2.131703832535955,0.13661409337265823,0.06408680759847252,0.3451028228859449,0,"[[0, 1, 2, 3, 4, 5], [0, 1, 2, 3, 4, 5], [0, 1, 2, 3, 4, 5], [0, 1, 2, 3, 4, 5]]","[true, true, true, true, true]",0,0.0,0,1,1,0.20204595799998515
ellipse--demand_aligned,ellipse,demand_aligned,n1_d1_m1,factorial_combination,3.0,0.05,4,1.7,1451,error_peak_dynamic,15.976702063787933,1.4499672326596142,1.4499672326596142,0.3251318686616873,0.0907551024529677,0.6666666666666666,0.16666666666666666,2.131703832535955,0.23409613256537617,0.10981644306886974,0.33097526235205815,1,"[[3, 4], [3, 4], [1, 3], [1, 3]]","[true, true, true, true, true]",0,0.0,0,1,1,0.14853149999999005
ellipse--demand_aligned,ellipse,demand_aligned,n1_d1_m1,factorial_combination,3.0,0.05,4,1.7,1451,violation_safe,15.976702063787933,0.9545780225223675,0.9545780225223675,0.32113982641683564,0.05974812691074528,0.6666666666666666,0.16666666666666666,2.131703832535955,0.25939186625748556,0.12168288216140383,0.32700658440340014,0,"[[3, 4], [3, 4], [3, 4], [3, 4]]","[true, true, true, true, true]",0,4.0,0,1,1,0.13992870799995671
ellipse--demand_aligned,ellipse,demand_aligned,n1_d1_m1,factorial_combination,3.0,0.05,4,1.7,1451,dual_anchor_dynamic,15.976702063787933,0.9637285056509346,0.9637285056509346,0.3225728558721565,0.06032086608382577,0.6666666666666666,0.16666666666666666,2.131703832535955,0.1554152577974975,0.07290659022393822,0.32849498289785645,1,"[[3, 4], [3, 4], [3, 4], [2, 3]]","[true, true, true, true, true]",0,4.0,0,1,1,0.2080915000000232
ellipse--demand_aligned,ellipse,demand_aligned,n1_d1_m1,factorial_combination,3.0,0.05,4,1.7,1471,full_trajectory,14.662358416963976,0.816937131560524,0.816937131560524,0.33168079591149613,0.055716625411049055,0.6666666666666666,0.16666666666666666,1.926851186476648,0.10724915453190977,0.05566032046720778,0.33900375935121535,0,"[[0, 1, 2, 3, 4, 5], [0, 1, 2, 3, 4, 5], [0, 1, 2, 3, 4, 5], [0, 1, 2, 3, 4, 5]]","[true, true, true, true, true]",0,0.0,0,1,1,0.1907648330000029
ellipse--demand_aligned,ellipse,demand_aligned,n1_d1_m1,factorial_combination,3.0,0.05,4,1.7,1471,error_peak_dynamic,14.662358416963976,0.9370405833743374,0.9370405833743374,0.3182537397148133,0.06390790326678997,0.6666666666666666,0.16666666666666666,1.926851186476648,0.18782187521470742,0.09747606692873356,0.32544296090901265,1,"[[3, 4], [3, 4], [1, 3], [1, 3]]","[true, true, true, true, true]",0,0.0,0,1,1,0.11850008299995807
ellipse--demand_aligned,ellipse,demand_aligned,n1_d1_m1,factorial_combination,3.0,0.05,4,1.7,1471,violation_safe,14.662358416963976,0.7582865074662499,0.7582865074662499,0.3165448914680316,0.05171654422176256,0.6666666666666666,0.0,1.926851186476648,0.20274537561211484,0.10522108662830665,0.3240123552019579,1,"[[3, 4], [3, 4], [3, 4], [1, 3]]","[true, true, true, true, true]",0,4.0,0,1,1,0.12283162500000344
ellipse--demand_aligned,ellipse,demand_aligned,n1_d1_m1,factorial_combination,3.0,0.05,4,1.7,1471,dual_anchor_dynamic,14.662358416963976,0.6858324679459407,0.6858324679459407,0.3163783424844959,0.04677504453529454,0.6666666666666666,0.0,1.926851186476648,0.11665493220569728,0.06054174449195901,0.3237757156818184,1,"[[3, 4], [3, 4], [3, 4], [1, 3]]","[true, true, true, true, true]",0,4.0,0,1,1,0.1903082500000437
ellipse--demand_aligned,ellipse,demand_aligned,n1_d1_m1,factorial_combination,3.0,0.05,4,1.7,1499,full_trajectory,11.904149418555592,0.6469148050815126,0.6469148050815126,0.32475831467390515,0.05434363954413527,0.6666666666666666,0.0,1.5806144752562072,0.0696674855981065,0.04407620370983497,0.3266815724313277,0,"[[0, 1, 2, 3, 4, 5], [0, 1, 2, 3, 4, 5], [0, 1, 2, 3, 4, 5], [0, 1, 2, 3, 4, 5]]","[true, true, true, true, true]",0,0.0,0,1,1,0.19866091700009747
ellipse--demand_aligned,ellipse,demand_aligned,n1_d1_m1,factorial_combination,3.0,0.05,4,1.7,1499,error_peak_dynamic,11.904149418555592,0.5926327798039454,0.5926327798039454,0.30807915950108133,0.04978371481797591,0.6666666666666666,0.0,1.5806144752562072,0.12260555423182312,0.07756828508858846,0.31039253755242757,1,"[[3, 4], [3, 4], [1, 3], [1, 3]]","[true, true, true, true, true]",0,0.0,0,1,1,0.12147966700001689
ellipse--demand_aligned,ellipse,demand_aligned,n1_d1_m1,factorial_combination,3.0,0.05,4,1.7,1499,violation_safe,11.904149418555592,0.5790291790807296,0.5790291790807296,0.3083768736829142,0.04864095356348332,0.6666666666666666,0.0,1.5806144752562072,0.17771525594014193,0.11243428345253857,0.3106503136928702,0,"[[3, 4], [3, 4], [3, 4], [3, 4]]","[true, true, true, true, true]",0,4.0,0,1,1,0.12573070799999186
ellipse--demand_aligned,ellipse,demand_aligned,n1_d1_m1,factorial_combination,3.0,0.05,4,1.7,1499,dual_anchor_dynamic,11.904149418555592,0.517712838879832,0.517712838879832,0.30795319490512973,0.04349011598198248,0.6666666666666666,0.0,1.5806144752562072,0.07504403728457314,0.047477761629640264,0.31055945387477607,0,"[[3, 4], [3, 4], [3, 4], [3, 4]]","[true, true, true, true, true]",0,4.0,0,1,1,0.18121908300008727
ellipse--demand_conflict,ellipse,demand_conflict,n1_d1_m1,factorial_combination,3.0,0.05,4,1.7,1423,full_trajectory,7.448766018266514,0.5675546251893302,0.5675546251893302,0.3495947698999232,0.0761944493621525,0.8333333333333334,0.0,1.8794878359045348,0.14561680943571828,0.07747685654248343,0.3572071533961251,0,"[[0, 1, 2, 3, 4, 5], [0, 1, 2, 3, 4, 5], [0, 1, 2, 3, 4, 5], [0, 1, 2, 3, 4, 5]]","[true, true, true, true, true]",0,0.0,0,1,1,0.22767654200004017
ellipse--demand_conflict,ellipse,demand_conflict,n1_d1_m1,factorial_combination,3.0,0.05,4,1.7,1423,error_peak_dynamic,7.448766018266514,0.5938323029131343,0.5938323029131343,0.34204146457172574,0.0797222387516116,0.8333333333333334,0.0,1.8794878359045348,0.17449828084843197,0.09284352764350388,0.34973918580475005,0,"[[2, 3], [2, 3], [2, 3], [2, 3]]","[true, true, true, true, true]",0,0.0,0,1,1,0.19272879200002535
ellipse--demand_conflict,ellipse,demand_conflict,n1_d1_m1,factorial_combination,3.0,0.05,4,1.7,1423,violation_safe,7.448766018266514,0.5938323029131343,0.5938323029131343,0.34204146457172574,0.0797222387516116,0.8333333333333334,0.0,1.8794878359045348,0.17449828084843197,0.09284352764350388,0.34973918580475005,0,"[[2, 3], [2, 3], [2, 3], [2, 3]]","[true, true, true, true, true]",0,4.0,0,1,1,0.1945660000000089
ellipse--demand_conflict,ellipse,demand_conflict,n1_d1_m1,factorial_combination,3.0,0.05,4,1.7,1423,dual_anchor_dynamic,7.448766018266514,0.6069869252617641,0.6069869252617641,0.34380138676597444,0.08148825238613454,0.8333333333333334,0.0,1.8794878359045348,0.1656525134642318,0.0881370500514619,0.35163655554741025,0,"[[2, 3], [2, 3], [2, 3], [2, 3]]","[true, true, true, true, true]",0,4.0,0,1,1,0.23468904200001361
ellipse--demand_conflict,ellipse,demand_conflict,n1_d1_m1,factorial_combination,3.0,0.05,4,1.7,1451,full_trajectory,8.177268718770305,0.8330005043415873,0.8330005043415873,0.3787478019066513,0.10186781589181451,0.6666666666666666,0.16666666666666666,2.131703832535955,0.13284466592583283,0.06231853782792885,0.3804497660621904,0,"[[0, 1, 2, 3, 4, 5], [0, 1, 2, 3, 4, 5], [0, 1, 2, 3, 4, 5], [0, 1, 2, 3, 4, 5]]","[true, true, true, true, true]",0,0.0,0,1,1,0.21861749999993663
ellipse--demand_conflict,ellipse,demand_conflict,n1_d1_m1,factorial_combination,3.0,0.05,4,1.7,1451,error_peak_dynamic,8.177268718770305,1.0184925846878599,1.0184925846878599,0.39281704547364127,0.12455168341844836,0.6666666666666666,0.3333333333333333,2.131703832535955,0.16293385749145772,0.07643362788236181,0.3939044141771872,1,"[[3, 4], [3, 4], [3, 4], [1, 3]]","[true, true, true, true, true]",0,0.0,0,1,1,0.1832217919999266
ellipse--demand_conflict,ellipse,demand_conflict,n1_d1_m1,factorial_combination,3.0,0.05,4,1.7,1451,violation_safe,8.177268718770305,0.6799818394201063,0.6799818394201063,0.3687329161303924,0.08315512951888925,0.6666666666666666,0.0,2.131703832535955,0.2008772489123333,0.0942331884225034,0.37111795043672813,1,"[[1, 4], [1, 4], [1, 4], [1, 3]]","[true, true, true, true, true]",0,4.0,0,1,1,0.1766280409999581
ellipse--demand_conflict,ellipse,demand_conflict,n1_d1_m1,factorial_combination,3.0,0.05,4,1.7,1451,dual_anchor_dynamic,8.177268718770305,0.8489329984046242,0.8489329984046242,0.378318022655201,0.10381620411421266,0.6666666666666666,0.16666666666666666,2.131703832535955,0.14962520562277415,0.07019042858536984,0.37998939837763684,2,"[[3, 4], [1, 4], [1, 3], [1, 3]]","[true, true, true, true, true]",0,4.0,0,1,1,0.21890354200002093
ellipse--demand_conflict,ellipse,demand_conflict,n1_d1_m1,factorial_combination,3.0,0.05,4,1.7,1471,full_trajectory,7.557784417376514,0.6062721045194059,0.6062721045194059,0.3653792369896652,0.08021823209530729,0.6666666666666666,0.0,1.926851186476648,0.1114046754185933,0.05781695867354593,0.3749927443470869,0,"[[0, 1, 2, 3, 4, 5], [0, 1, 2, 3, 4, 5], [0, 1, 2, 3, 4, 5], [0, 1, 2, 3, 4, 5]]","[true, true, true, true, true]",0,0.0,0,1,1,0.19230466600004092
ellipse--demand_conflict,ellipse,demand_conflict,n1_d1_m1,factorial_combination,3.0,0.05,4,1.7,1471,error_peak_dynamic,7.557784417376514,0.822105831032784,0.822105831032784,0.38147786044605597,0.10877603615454229,0.6666666666666666,0.16666666666666666,1.926851186476648,0.13918195702528846,0.07223285223172332,0.39107925165032725,1,"[[3, 4], [3, 4], [3, 4], [1, 3]]","[true, true, true, true, true]",0,0.0,0,1,1,0.17655275000004167
ellipse--demand_conflict,ellipse,demand_conflict,n1_d1_m1,factorial_combination,3.0,0.05,4,1.7,1471,violation_safe,7.557784417376514,0.7285902709484959,0.7285902709484959,0.3578526517198135,0.09640262684304071,0.6666666666666666,0.0,1.926851186476648,0.19203439387660515,0.0996622859224279,0.36670864077496823,1,"[[1, 4], [1, 4], [1, 4], [1, 2]]","[true, true, true, true, true]",0,4.0,0,1,1,0.16531491599994297
ellipse--demand_conflict,ellipse,demand_conflict,n1_d1_m1,factorial_combination,3.0,0.05,4,1.7,1471,dual_anchor_dynamic,7.557784417376514,0.6520683527246869,0.6520683527246869,0.3660235339499967,0.08627771271504928,0.6666666666666666,0.0,1.926851186476648,0.11982290750180508,0.06218586486738904,0.3754608027571278,2,"[[3, 4], [1, 4], [1, 4], [1, 3]]","[true, true, true, true, true]",0,4.0,0,1,1,0.1978635419999364
ellipse--demand_conflict,ellipse,demand_conflict,n1_d1_m1,factorial_combination,3.0,0.05,4,1.7,1499,full_trajectory,6.105928680814806,0.3761942471663499,0.3761942471663499,0.3464956311773295,0.06161130711342483,0.6666666666666666,0.0,1.5806144752562072,0.07305493451990916,0.04621932524568803,0.3581833851069142,0,"[[0, 1, 2, 3, 4, 5], [0, 1, 2, 3, 4, 5], [0, 1, 2, 3, 4, 5], [0, 1, 2, 3, 4, 5]]","[true, true, true, true, true]",0,0.0,0,1,1,0.1967138329999898
ellipse--demand_conflict,ellipse,demand_conflict,n1_d1_m1,factorial_combination,3.0,0.05,4,1.7,1499,error_peak_dynamic,6.105928680814806,0.4388612152580472,0.4388612152580472,0.36485115329599593,0.07187460551856353,0.6666666666666666,0.0,1.5806144752562072,0.07859871137606814,0.04972668073492608,0.3742316086682984,1,"[[3, 4], [3, 4], [3, 4], [1, 3]]","[true, true, true, true, true]",0,0.0,0,1,1,0.17063037499997336
ellipse--demand_conflict,ellipse,demand_conflict,n1_d1_m1,factorial_combination,3.0,0.05,4,1.7,1499,violation_safe,6.105928680814806,0.4259433930131167,0.4259433930131167,0.3422550627181323,0.06975898594286833,0.6666666666666666,0.0,1.5806144752562072,0.13047128482313852,0.08254466023537459,0.3529180874169713,1,"[[1, 4], [1, 4], [1, 4], [1, 3]]","[true, true, true, true, true]",0,4.0,0,1,1,0.16441029199995683
ellipse--demand_conflict,ellipse,demand_conflict,n1_d1_m1,factorial_combination,3.0,0.05,4,1.7,1499,dual_anchor_dynamic,6.105928680814806,0.3998285955956602,0.3998285955956602,0.35087903004591064,0.06548202845079826,0.6666666666666666,0.0,1.5806144752562072,0.07150896993815349,0.04524124703246334,0.36141948553644127,2,"[[3, 4], [1, 4], [1, 3], [1, 3]]","[true, true, true, true, true]",0,4.0,0,1,1,0.19391537499996048
rounded_square--neutral,rounded_square,neutral,n1_d1_m1,factorial_combination,3.0,0.05,4,1.7,1423,full_trajectory,17.558379800197223,9.811519829342753,9.811519829342753,0.6621455452807219,0.5587941450743962,0.8333333333333334,0.8333333333333334,2.4129356783835783,1.401024594048234,0.5806307257169732,0.6636785665205015,0,"[[0, 1, 2, 3, 4, 5], [0, 1, 2, 3, 4, 5], [0, 1, 2, 3, 4, 5], [0, 1, 2, 3, 4, 5]]","[true, true, true, true, true]",0,0.0,0,1,1,0.35381879199997
rounded_square--neutral,rounded_square,neutral,n1_d1_m1,factorial_combination,3.0,0.05,4,1.7,1423,error_peak_dynamic,17.558379800197223,13.065167896166807,13.065167896166807,0.7458528349983526,0.7440987178110849,0.8333333333333334,0.8333333333333334,2.4129356783835783,1.6969924490457091,0.7032895506698801,0.7473326795633968,3,"[[2, 4], [2, 3], [2, 4], [2, 3]]","[true, true, true, true, true]",0,0.0,0,1,1,0.34233549999999013
rounded_square--neutral,rounded_square,neutral,n1_d1_m1,factorial_combination,3.0,0.05,4,1.7,1423,violation_safe,17.558379800197223,12.124284887482599,13.85020364400788,0.7658051164818434,0.6905127366789511,0.8333333333333334,0.8333333333333334,2.4129356783835783,1.8269431623101393,0.7571454053570154,0.7666305495309729,1,"[[2, 4], [2, 3], [2, 3], [2, 3]]","[true, true, false, true, false]",2,1.15,0,1,1,0.32923412499997085
rounded_square--neutral,rounded_square,neutral,n1_d1_m1,factorial_combination,3.0,0.05,4,1.7,1423,dual_anchor_dynamic,17.558379800197223,11.988528217825982,11.988528217825982,0.7525516482848447,0.6827810056649601,0.8333333333333334,0.8333333333333334,2.4129356783835783,1.8711367774876104,0.7754606947256389,0.7541877448856331,2,"[[2, 4], [2, 3], [2, 3], [2, 4]]","[true, true, false, true, true]",1,2.6449999999999996,0,1,1,0.33493495899995196
rounded_square--neutral,rounded_square,neutral,n1_d1_m1,factorial_combination,3.0,0.05,4,1.7,1451,full_trajectory,20.6918069816886,15.7678798081103,15.7678798081103,0.7856622106639102,0.7620349359562568,1.0,0.8333333333333334,3.284644394448588,2.314099122524215,0.7045204425889445,0.784882117314287,0,"[[0, 1, 2, 3, 4, 5], [0, 1, 2, 3, 4, 5], [0, 1, 2, 3, 4, 5], [0, 1, 2, 3, 4, 5]]","[true, true, true, true, true]",0,0.0,0,1,1,0.37070845899995675
rounded_square--neutral,rounded_square,neutral,n1_d1_m1,factorial_combination,3.0,0.05,4,1.7,1451,error_peak_dynamic,20.6918069816886,13.956646909260929,13.956646909260929,0.7268290187778894,0.6745011163893027,1.0,0.8333333333333334,3.284644394448588,2.752861635925825,0.8381003558797614,0.7261695610071325,2,"[[1, 4], [2, 4], [1, 4], [1, 4]]","[true, true, true, true, true]",0,0.0,0,1,1,0.38217279100001633
rounded_square--neutral,rounded_square,neutral,n1_d1_m1,factorial_combination,3.0,0.05,4,1.7,1451,violation_safe,20.6918069816886,13.636587764149356,13.684587264878257,0.7251854960262067,0.6590331997692215,1.0,0.8333333333333334,3.284644394448588,2.659370478342902,0.8096372571830095,0.7245382441278425,2,"[[1, 4], [2, 4], [1, 4], [1, 4]]","[true, true, true, false, false]",2,1.0,0,1,1,0.3829203749999124
rounded_square--neutral,rounded_square,neutral,n1_d1_m1,factorial_combination,3.0,0.05,4,1.7,1451,dual_anchor_dynamic,20.6918069816886,13.636587764149356,13.684587264878257,0.7251854960262067,0.6590331997692215,1.0,0.8333333333333334,3.284644394448588,2.659370478342902,0.8096372571830095,0.7245382441278425,2,"[[1, 4], [2, 4], [1, 4], [1, 4]]","[true, true, true, false, false]",2,1.0,0,1,1,0.39217520800002603
rounded_square--neutral,rounded_square,neutral,n1_d1_m1,factorial_combination,3.0,0.05,4,1.7,1471,full_trajectory,18.643871263529547,13.578466010225508,13.578466010225508,0.7554207749889037,0.7283072178677399,1.0,0.8333333333333334,3.060438278601149,1.943892726066366,0.6351680867600675,0.7554450924856437,0,"[[0, 1, 2, 3, 4, 5], [0, 1, 2, 3, 4, 5], [0, 1, 2, 3, 4, 5], [0, 1, 2, 3, 4, 5]]","[true, true, true, true, true]",0,0.0,0,1,1,0.3736014589999286
rounded_square--neutral,rounded_square,neutral,n1_d1_m1,factorial_combination,3.0,0.05,4,1.7,1471,error_peak_dynamic,18.643871263529547,11.329596137824996,11.329596137824996,0.6929807357942032,0.6076847441007348,1.0,0.8333333333333334,3.060438278601149,2.1798642170850764,0.7122719096564949,0.6932824865256074,3,"[[1, 4], [2, 4], [1, 4], [2, 4]]","[true, true, true, true, true]",0,0.0,0,1,1,0.36020970799995666
rounded_square--neutral,rounded_square,neutral,n1_d1_m1,factorial_combination,3.0,0.05,4,1.7,1471,violation_safe,18.643871263529547,11.253980823692302,11.43929823155921,0.6890113591447169,0.6036289708622331,1.0,0.8333333333333334,3.060438278601149,2.1761591665146414,0.7110612822125955,0.6893920942928345,2,"[[1, 4], [2, 4], [2, 4], [1, 4]]","[true, true, true, true, false]",1,2.0,0,1,1,0.3833236670000133
rounded_square--neutral,rounded_square,neutral,n1_d1_m1,factorial_combination,3.0,0.05,4,1.7,1471,dual_anchor_dynamic,18.643871263529547,11.329596137824996,11.329596137824996,0.6929807357942032,0.6076847441007348,1.0,0.8333333333333334,3.060438278601149,2.1798642170850764,0.7122719096564949,0.6932824865256074,3,"[[1, 4], [2, 4], [1, 4], [2, 4]]","[true, true, true, true, true]",0,4.0,0,1,1,0.3614565830000629
rounded_square--neutral,rounded_square,neutral,n1_d1_m1,factorial_combination,3.0,0.05,4,1.7,1499,full_trajectory,15.026208274066594,10.239942900373448,10.239942900373448,0.6974524139578131,0.68147217938183,0.6666666666666666,0.8333333333333334,2.426220225185175,1.3870181123188485,0.5716785714342926,0.6997294365131149,0,"[[0, 1, 2, 3, 4, 5], [0, 1, 2, 3, 4, 5], [0, 1, 2, 3, 4, 5], [0, 1, 2, 3, 4, 5]]","[true, true, true, true, true]",0,0.0,0,1,1,0.34940162500004135
rounded_square--neutral,rounded_square,neutral,n1_d1_m1,factorial_combination,3.0,0.05,4,1.7,1499,error_peak_dynamic,15.026208274066594,8.646164144949843,8.646164144949843,0.6452894161656576,0.5754055838472617,0.6666666666666666,0.8333333333333334,2.426220225185175,1.4433166642186461,0.594882793093726,0.6476051178450529,2,"[[1, 4], [2, 4], [2, 4], [3, 4]]","[true, true, true, true, true]",0,0.0,0,1,1,0.34031020899999476
rounded_square--neutral,rounded_square,neutral,n1_d1_m1,factorial_combination,3.0,0.05,4,1.7,1499,violation_safe,15.026208274066594,8.254060437982869,8.646164144949843,0.6452894161656576,0.5493109297725077,0.6666666666666666,0.8333333333333334,2.426220225185175,1.6007862465161322,0.659786044934959,0.6476051178450529,2,"[[1, 4], [2, 4], [2, 4], [3, 4]]","[true, true, true, true, false]",1,2.0,0,1,1,0.3442100830000072
rounded_square--neutral,rounded_square,neutral,n1_d1_m1,factorial_combination,3.0,0.05,4,1.7,1499,dual_anchor_dynamic,15.026208274066594,8.254060437982869,8.646164144949843,0.6452894161656576,0.5493109297725077,0.6666666666666666,0.8333333333333334,2.426220225185175,1.6007862465161322,0.659786044934959,0.6476051178450529,2,"[[1, 4], [2, 4], [2, 4], [3, 4]]","[true, true, true, true, false]",1,2.0,0,1,1,0.3436986250000018
rounded_square--demand_aligned,rounded_square,demand_aligned,n1_d1_m1,factorial_combination,3.0,0.05,4,1.7,1423,full_trajectory,28.57386016163118,15.963649705907594,15.963649705907594,0.657057703885555,0.5586801928618483,0.8333333333333334,0.8333333333333334,2.4129356783835783,1.401668379851574,0.5808975317529183,0.6585636337749472,0,"[[0, 1, 2, 3, 4, 5], [0, 1, 2, 3, 4, 5], [0, 1, 2, 3, 4, 5], [0, 1, 2, 3, 4, 5]]","[true, true, true, true, true]",0,0.0,0,1,1,0.3554031249999525
rounded_square--demand_aligned,rounded_square,demand_aligned,n1_d1_m1,factorial_combination,3.0,0.05,4,1.7,1423,error_peak_dynamic,28.57386016163118,16.067629603470202,16.067629603470202,0.6804279159135707,0.562319179578184,0.8333333333333334,0.8333333333333334,2.4129356783835783,1.857319672523761,0.7697344314490706,0.682571843864396,3,"[[2, 4], [2, 3], [3, 4], [2, 4]]","[true, true, true, true, true]",0,0.0,0,1,1,0.27866674999995666
rounded_square--demand_aligned,rounded_square,demand_aligned,n1_d1_m1,factorial_combination,3.0,0.05,4,1.7,1423,violation_safe,28.57386016163118,17.101958391134026,19.1386951337693,0.7004878136526108,0.5985176064555128,0.8333333333333334,0.8333333333333334,2.4129356783835783,2.2342105431243313,0.9259304187590385,0.702449716676288,3,"[[2, 4], [2, 3], [2, 4], [2, 3]]","[true, true, true, true, false]",1,2.0,0,1,1,0.3621540000000323
rounded_square--demand_aligned,rounded_square,demand_aligned,n1_d1_m1,factorial_combination,3.0,0.05,4,1.7,1423,dual_anchor_dynamic,28.57386016163118,16.885948763015232,17.683677402103804,0.6876305357315463,0.5909579128440472,0.8333333333333334,0.8333333333333334,2.4129356783835783,1.7792408720263402,0.7373760054881574,0.6891981163678956,3,"[[2, 4], [2, 3], [2, 4], [2, 3]]","[true, true, true, true, false]",1,2.0,0,1,1,0.3363745829999516
rounded_square--demand_aligned,rounded_square,demand_aligned,n1_d1_m1,factorial_combination,3.0,0.05,4,1.7,1451,full_trajectory,27.82114307081125,21.436838332400377,21.436838332400377,0.7940035964601371,0.7705232771291481,0.6666666666666666,0.8333333333333334,3.284644394448588,2.315019800740871,0.7048007402729836,0.7962887535883254,0,"[[0, 1, 2, 3, 4, 5], [0, 1, 2, 3, 4, 5], [0, 1, 2, 3, 4, 5], [0, 1, 2, 3, 4, 5]]","[true, true, true, true, true]",0,0.0,0,1,1,0.37352229099997203
rounded_square--demand_aligned,rounded_square,demand_aligned,n1_d1_m1,factorial_combination,3.0,0.05,4,1.7,1451,error_peak_dynamic,27.82114307081125,20.70376193106783,20.70376193106783,0.7652978145724953,0.7441736623966875,0.6666666666666666,0.8333333333333334,3.284644394448588,3.649664487610022,1.1111292576384701,0.7683819903314291,2,"[[1, 4], [2, 4], [1, 4], [1, 4]]","[true, true, true, true, true]",0,0.0,0,1,1,0.3788152079999918
rounded_square--demand_aligned,rounded_square,demand_aligned,n1_d1_m1,factorial_combination,3.0,0.05,4,1.7,1451,violation_safe,27.82114307081125,16.530038834146765,16.530038834146765,0.7051346537848704,0.5941538344443286,0.6666666666666666,0.8333333333333334,3.284644394448588,3.3900570267049135,1.032092555417714,0.7058320926538697,2,"[[2, 4], [1, 4], [2, 4], [2, 4]]","[true, true, true, true, true]",0,4.0,0,1,1,0.3710721670000794
rounded_square--demand_aligned,rounded_square,demand_aligned,n1_d1_m1,factorial_combination,3.0,0.05,4,1.7,1451,dual_anchor_dynamic,27.82114307081125,17.232776621813365,18.40260922155158,0.7308247025627106,0.6194129615002504,0.6666666666666666,0.8333333333333334,3.284644394448588,2.546916320183522,0.775400930611573,0.7329188469448121,2,"[[1, 4], [2, 4], [2, 4], [1, 4]]","[true, true, true, true, false]",1,2.0,0,1,1,0.39177091699991706
rounded_square--demand_aligned,rounded_square,demand_aligned,n1_d1_m1,factorial_combination,3.0,0.05,4,1.7,1471,full_trajectory,24.96680120478762,18.371142676687047,18.371142676687047,0.7623961539478153,0.735822844344361,0.6666666666666666,0.8333333333333334,3.060438278601149,1.9421643493995797,0.6346033386719027,0.7641330908932096,0,"[[0, 1, 2, 3, 4, 5], [0, 1, 2, 3, 4, 5], [0, 1, 2, 3, 4, 5], [0, 1, 2, 3, 4, 5]]","[true, true, true, true, true]",0,0.0,0,1,1,0.37594708400001764
rounded_square--demand_aligned,rounded_square,demand_aligned,n1_d1_m1,factorial_combination,3.0,0.05,4,1.7,1471,error_peak_dynamic,24.96680120478762,17.2373276479812,17.2373276479812,0.7239688137559858,0.6904099370437482,0.6666666666666666,0.8333333333333334,3.060438278601149,3.2132614208822257,1.0499350512472772,0.7268294447260535,2,"[[1, 4], [2, 4], [1, 4], [1, 4]]","[true, true, true, true, true]",0,0.0,0,1,1,0.3518637079999962
rounded_square--demand_aligned,rounded_square,demand_aligned,n1_d1_m1,factorial_combination,3.0,0.05,4,1.7,1471,violation_safe,24.96680120478762,14.19347527423376,14.139777856643345,0.6754679842807476,0.5684939435297793,0.6666666666666666,0.8333333333333334,3.060438278601149,2.9259754111348024,0.9560641793018593,0.6748479266748355,2,"[[2, 4], [1, 4], [2, 4], [2, 4]]","[true, true, true, true, false]",1,2.0,0,1,1,0.348905875000014
rounded_square--demand_aligned,rounded_square,demand_aligned,n1_d1_m1,factorial_combination,3.0,0.05,4,1.7,1471,dual_anchor_dynamic,24.96680120478762,15.475417397766144,16.221117322979207,0.7189643580277999,0.6198398133117103,0.6666666666666666,0.8333333333333334,3.060438278601149,2.2885515800732654,0.7477855691699511,0.72122326805821,2,"[[1, 4], [2, 4], [1, 4], [1, 4]]","[true, true, true, false, false]",2,1.0,0,1,1,0.37164758400001574
rounded_square--demand_aligned,rounded_square,demand_aligned,n1_d1_m1,factorial_combination,3.0,0.05,4,1.7,1499,full_trajectory,20.503143406492256,13.905982030305218,13.905982030305218,0.7075197457552118,0.6782365881468659,0.6666666666666666,0.8333333333333334,2.426220225185175,1.387734743929947,0.5719739409987119,0.7068054102455527,0,"[[0, 1, 2, 3, 4, 5], [0, 1, 2, 3, 4, 5], [0, 1, 2, 3, 4, 5], [0, 1, 2, 3, 4, 5]]","[true, true, true, true, true]",0,0.0,0,1,1,0.3398538330000065
rounded_square--demand_aligned,rounded_square,demand_aligned,n1_d1_m1,factorial_combination,3.0,0.05,4,1.7,1499,error_peak_dynamic,20.503143406492256,14.018155388191229,14.018155388191229,0.7169839036745709,0.6837076203521273,0.6666666666666666,0.8333333333333334,2.426220225185175,1.9747923920086532,0.813937816324127,0.7156816066536558,3,"[[1, 4], [2, 4], [1, 4], [2, 3]]","[true, true, true, true, true]",0,0.0,0,1,1,0.26376570800005084
rounded_square--demand_aligned,rounded_square,demand_aligned,n1_d1_m1,factorial_combination,3.0,0.05,4,1.7,1499,violation_safe,20.503143406492256,10.234013577954475,10.234013577954475,0.626778908668058,0.4991436373953228,0.6666666666666666,0.8333333333333334,2.426220225185175,2.0581953812006333,0.8483135042053104,0.6250251164749909,2,"[[2, 4], [1, 4], [2, 4], [2, 4]]","[true, true, true, true, true]",0,4.0,0,1,1,0.28609208300008504
rounded_square--demand_aligned,rounded_square,demand_aligned,n1_d1_m1,factorial_combination,3.0,0.05,4,1.7,1499,dual_anchor_dynamic,20.503143406492256,10.961309180114185,12.201930728033862,0.6486491892788948,0.5346160324198542,0.6666666666666666,0.8333333333333334,2.426220225185175,1.6204992381184367,0.6679110252634861,0.6475702765894114,3,"[[2, 4], [1, 4], [2, 4], [3, 4]]","[true, true, true, true, false]",1,2.0,0,1,1,0.4250405420000334
rounded_square--demand_conflict,rounded_square,demand_conflict,n1_d1_m1,factorial_combination,3.0,0.05,4,1.7,1423,full_trajectory,10.270608247566262,5.949681944494162,5.949681944494162,0.7566674565688678,0.5792920731743426,0.8333333333333334,0.8333333333333334,2.4129356783835783,1.4045046633124543,0.5820729810142845,0.7566111366148796,0,"[[0, 1, 2, 3, 4, 5], [0, 1, 2, 3, 4, 5], [0, 1, 2, 3, 4, 5], [0, 1, 2, 3, 4, 5]]","[true, true, true, true, true]",0,0.0,0,1,1,0.3831975410000723
rounded_square--demand_conflict,rounded_square,demand_conflict,n1_d1_m1,factorial_combination,3.0,0.05,4,1.7,1423,error_peak_dynamic,10.270608247566262,9.21181056830866,9.21181056830866,1.0290452721828827,0.8969099342769211,0.8333333333333334,0.8333333333333334,2.4129356783835783,1.6791061594455068,0.6958768832869748,1.028154677410975,3,"[[2, 4], [2, 3], [2, 4], [2, 3]]","[true, true, true, true, true]",0,0.0,0,1,1,0.3505398749999813
rounded_square--demand_conflict,rounded_square,demand_conflict,n1_d1_m1,factorial_combination,3.0,0.05,4,1.7,1423,violation_safe,10.270608247566262,9.469503097120462,9.469503097120462,1.043575290416568,0.9220002232452367,0.8333333333333334,0.8333333333333334,2.4129356783835783,2.0348883711910104,0.8433247472863341,1.0437662008655977,1,"[[1, 2], [1, 2], [1, 2], [2, 3]]","[true, false, false, true, true]",2,1.3224999999999998,0,1,1,0.31163054199998896
rounded_square--demand_conflict,rounded_square,demand_conflict,n1_d1_m1,factorial_combination,3.0,0.05,4,1.7,1423,dual_anchor_dynamic,10.270608247566262,9.665807411707458,9.665807411707458,1.0649265177161211,0.941113435418772,0.8333333333333334,0.8333333333333334,2.4129356783835783,1.9570950107163683,0.8110846170700344,1.065239211917822,1,"[[2, 4], [2, 4], [2, 4], [2, 3]]","[true, false, false, true, true]",2,1.3224999999999998,0,1,1,0.3189543330000788
rounded_square--demand_conflict,rounded_square,demand_conflict,n1_d1_m1,factorial_combination,3.0,0.05,4,1.7,1451,full_trajectory,14.859521793981237,10.774489966217129,10.774489966217129,0.7533169393333705,0.7250899534722088,1.0,0.8333333333333334,3.284644394448588,2.3141641540149456,0.7045402412285904,0.7480245243225729,0,"[[0, 1, 2, 3, 4, 5], [0, 1, 2, 3, 4, 5], [0, 1, 2, 3, 4, 5], [0, 1, 2, 3, 4, 5]]","[true, true, true, true, true]",0,0.0,0,1,1,0.37439020800002254
rounded_square--demand_conflict,rounded_square,demand_conflict,n1_d1_m1,factorial_combination,3.0,0.05,4,1.7,1451,error_peak_dynamic,14.859521793981237,10.78536163135665,10.78536163135665,0.7363025003380604,0.7258215830152218,1.0,0.8333333333333334,3.284644394448588,2.9989763991720393,0.9130292473184132,0.7332843641371141,2,"[[1, 4], [2, 4], [1, 4], [1, 4]]","[true, true, true, true, true]",0,0.0,0,1,1,0.37966549999998733
rounded_square--demand_conflict,rounded_square,demand_conflict,n1_d1_m1,factorial_combination,3.0,0.05,4,1.7,1451,violation_safe,14.859521793981237,10.270212042409344,10.41815953059485,0.7427701364277293,0.691153604052671,1.0,1.0,3.284644394448588,3.021032605494934,0.9197441922787176,0.7401129811828719,0,"[[1, 4], [1, 4], [1, 4], [1, 4]]","[true, true, true, false, false]",2,1.0,0,1,1,0.4030966669999998
rounded_square--demand_conflict,rounded_square,demand_conflict,n1_d1_m1,factorial_combination,3.0,0.05,4,1.7,1451,dual_anchor_dynamic,14.859521793981237,10.444480652798276,10.444480652798276,0.7540672349462518,0.7028813442050842,1.0,0.8333333333333334,3.284644394448588,2.753474497366425,0.8382869396821467,0.7505031347422132,1,"[[1, 4], [1, 4], [1, 4], [1, 2]]","[true, true, true, true, true]",0,4.0,0,1,1,0.3917116249999708
rounded_square--demand_conflict,rounded_square,demand_conflict,n1_d1_m1,factorial_combination,3.0,0.05,4,1.7,1471,full_trajectory,13.367026810177958,9.224910224235527,9.224910224235527,0.7225206849117716,0.6901243152449931,1.0,0.8333333333333334,3.060438278601149,1.944576325980346,0.6353914534323378,0.7221216280483478,0,"[[0, 1, 2, 3, 4, 5], [0, 1, 2, 3, 4, 5], [0, 1, 2, 3, 4, 5], [0, 1, 2, 3, 4, 5]]","[true, true, true, true, true]",0,0.0,0,1,1,0.3791862079999646
rounded_square--demand_conflict,rounded_square,demand_conflict,n1_d1_m1,factorial_combination,3.0,0.05,4,1.7,1471,error_peak_dynamic,13.367026810177958,9.48412980280628,9.48412980280628,0.7095933489900852,0.7095167786739867,1.0,0.8333333333333334,3.060438278601149,2.546411224092297,0.8320413588788986,0.7093091805696979,2,"[[1, 4], [2, 4], [1, 4], [1, 4]]","[true, true, true, true, true]",0,0.0,0,1,1,0.3570022500000505
rounded_square--demand_conflict,rounded_square,demand_conflict,n1_d1_m1,factorial_combination,3.0,0.05,4,1.7,1471,violation_safe,13.367026810177958,8.617915148680723,8.801343356740972,0.7065648859913588,0.6447144358324206,1.0,1.0,3.060438278601149,2.6272838497684754,0.8584665366848511,0.706498387074546,0,"[[1, 4], [1, 4], [1, 4], [1, 4]]","[true, true, true, false, false]",2,1.0,0,1,1,0.3233004590000519
rounded_square--demand_conflict,rounded_square,demand_conflict,n1_d1_m1,factorial_combination,3.0,0.05,4,1.7,1471,dual_anchor_dynamic,13.367026810177958,8.687348208550787,8.819877286768216,0.708539494900335,0.6499087891359687,1.0,1.0,3.060438278601149,2.420391794408813,0.7908644364215424,0.7088502681262929,0,"[[1, 4], [1, 4], [1, 4], [1, 4]]","[true, true, true, false, false]",2,1.0,0,1,1,0.35792879100006303
rounded_square--demand_conflict,rounded_square,demand_conflict,n1_d1_m1,factorial_combination,3.0,0.05,4,1.7,1499,full_trajectory,10.886487559686119,6.907897294043682,6.907897294043682,0.6582977482007111,0.6345386660454561,1.0,0.8333333333333334,2.426220225185175,1.3884096532181611,0.5722521141345255,0.6575047656690483,0,"[[0, 1, 2, 3, 4, 5], [0, 1, 2, 3, 4, 5], [0, 1, 2, 3, 4, 5], [0, 1, 2, 3, 4, 5]]","[true, true, true, true, true]",0,0.0,0,1,1,0.33991245799995795
rounded_square--demand_conflict,rounded_square,demand_conflict,n1_d1_m1,factorial_combination,3.0,0.05,4,1.7,1499,error_peak_dynamic,10.886487559686119,5.765457336332161,5.765457336332161,0.7031831005706219,0.5295975680606383,1.0,0.8333333333333334,2.426220225185175,1.5311049898680977,0.6310659576466271,0.703658210806543,2,"[[1, 4], [2, 4], [2, 4], [3, 4]]","[true, true, true, true, true]",0,0.0,0,1,1,0.3309994580000648
rounded_square--demand_conflict,rounded_square,demand_conflict,n1_d1_m1,factorial_combination,3.0,0.05,4,1.7,1499,violation_safe,10.886487559686119,6.055795000641367,8.017134165507818,0.6970439077277544,0.5562671125503007,1.0,0.8333333333333334,2.426220225185175,1.9362946563174022,0.7980704456330295,0.6975111145886781,1,"[[1, 4], [1, 4], [1, 2], [1, 2]]","[true, true, true, false, false]",2,1.0,0,1,1,0.3143612920000578
rounded_square--demand_conflict,rounded_square,demand_conflict,n1_d1_m1,factorial_combination,3.0,0.05,4,1.7,1499,dual_anchor_dynamic,10.886487559686119,6.353696658308955,6.353696658308955,0.6674248084378999,0.5836314627169009,1.0,0.8333333333333334,2.426220225185175,1.7837789134263127,0.7352089867646578,0.6684930448231488,1,"[[1, 4], [1, 2], [1, 2], [1, 2]]","[true, true, false, false, true]",2,1.15,0,1,1,0.3522175419999485
figure_eight--neutral,figure_eight,neutral,n1_d1_m1,factorial_combination,3.0,0.05,4,1.7,1423,full_trajectory,15.49096209600856,4.144400790527929,4.144400790527929,0.4446504029949636,0.26753669428936155,0.8333333333333334,0.5,2.8408925743122864,0.5768198607594106,0.20304177144010635,0.44773736433722877,0,"[[0, 1, 2, 3, 4, 5], [0, 1, 2, 3, 4, 5], [0, 1, 2, 3, 4, 5], [0, 1, 2, 3, 4, 5]]","[true, true, true, true, true]",0,0.0,0,1,1,0.30125775000010435
figure_eight--neutral,figure_eight,neutral,n1_d1_m1,factorial_combination,3.0,0.05,4,1.7,1423,error_peak_dynamic,15.49096209600856,4.010124079064199,4.010124079064199,0.4432179732755661,0.25886862637779334,0.8333333333333334,0.6666666666666666,2.8408925743122864,0.5981037066468629,0.21053372874954618,0.4461395048524809,1,"[[2, 4], [2, 4], [2, 4], [3, 4]]","[true, true, true, true, true]",0,0.0,0,1,1,0.3077994589999662
figure_eight--neutral,figure_eight,neutral,n1_d1_m1,factorial_combination,3.0,0.05,4,1.7,1423,violation_safe,15.49096209600856,4.010124079064199,4.010124079064199,0.4432179732755661,0.25886862637779334,0.8333333333333334,0.6666666666666666,2.8408925743122864,0.5981037066468629,0.21053372874954618,0.4461395048524809,1,"[[2, 4], [2, 4], [2, 4], [3, 4]]","[true, true, true, true, true]",0,4.0,0,1,1,0.3086134170000605
figure_eight--neutral,figure_eight,neutral,n1_d1_m1,factorial_combination,3.0,0.05,4,1.7,1423,dual_anchor_dynamic,15.49096209600856,4.010124079064199,4.010124079064199,0.4432179732755661,0.25886862637779334,0.8333333333333334,0.6666666666666666,2.8408925743122864,0.5981037066468629,0.21053372874954618,0.4461395048524809,1,"[[2, 4], [2, 4], [2, 4], [3, 4]]","[true, true, true, true, true]",0,4.0,0,1,1,0.3116880410000249
figure_eight--neutral,figure_eight,neutral,n1_d1_m1,factorial_combination,3.0,0.05,4,1.7,1451,full_trajectory,21.381931082273063,16.38619957286025,16.38619957286025,0.8140075247982379,0.7663573280546871,1.0,0.8333333333333334,4.012100712421912,2.532486956855208,0.6312122098566333,0.815574075681193,0,"[[0, 1, 2, 3, 4, 5], [0, 1, 2, 3, 4, 5], [0, 1, 2, 3, 4, 5], [0, 1, 2, 3, 4, 5]]","[true, true, true, true, true]",0,0.0,0,1,1,0.3725003329999481
figure_eight--neutral,figure_eight,neutral,n1_d1_m1,factorial_combination,3.0,0.05,4,1.7,1451,error_peak_dynamic,21.381931082273063,15.680521892948324,15.680521892948324,0.7969510435163004,0.7333538693307473,1.0,0.8333333333333334,4.012100712421912,2.694576440254787,0.6716123630476367,0.7982805271945342,2,"[[2, 4], [2, 4], [3, 4], [2, 4]]","[true, true, true, true, true]",0,0.0,0,1,1,0.3951633750000383
figure_eight--neutral,figure_eight,neutral,n1_d1_m1,factorial_combination,3.0,0.05,4,1.7,1451,violation_safe,21.381931082273063,16.241580601724692,16.241580601724692,0.8089772662115298,0.7595937214104092,1.0,1.0,4.012100712421912,2.854719214446184,0.7115273067816206,0.8106798201286356,0,"[[2, 4], [2, 4], [2, 4], [2, 4]]","[true, true, true, true, true]",0,4.0,0,1,1,0.37293625000006614
figure_eight--neutral,figure_eight,neutral,n1_d1_m1,factorial_combination,3.0,0.05,4,1.7,1451,dual_anchor_dynamic,21.381931082273063,15.567990018574873,15.680521892948324,0.7969510435163004,0.7280909268050955,1.0,1.0,4.012100712421912,2.6169405635744503,0.6522619323767497,0.7982805271945342,2,"[[2, 4], [2, 4], [3, 4], [2, 4]]","[true, true, true, true, false]",1,2.0,0,1,1,0.3908683329999576
figure_eight--neutral,figure_eight,neutral,n1_d1_m1,factorial_combination,3.0,0.05,4,1.7,1471,full_trajectory,19.05402925568803,13.282225851364824,13.282225851364824,0.776388786198911,0.6970822639731069,1.0,0.8333333333333334,3.6225836297143297,2.026246751142714,0.5593374669179135,0.7748094638535785,0,"[[0, 1, 2, 3, 4, 5], [0, 1, 2, 3, 4, 5], [0, 1, 2, 3, 4, 5], [0, 1, 2, 3, 4, 5]]","[true, true, true, true, true]",0,0.0,0,1,1,0.35738720799997736
figure_eight--neutral,figure_eight,neutral,n1_d1_m1,factorial_combination,3.0,0.05,4,1.7,1471,error_peak_dynamic,19.05402925568803,13.22658555853737,13.22658555853737,0.7697949421445901,0.6941621313292019,1.0,0.8333333333333334,3.6225836297143297,2.2757963420622382,0.6282246525366492,0.7681114332751671,2,"[[2, 4], [2, 4], [3, 4], [2, 4]]","[true, true, true, true, true]",0,0.0,0,1,1,0.3826572919999762
figure_eight--neutral,figure_eight,neutral,n1_d1_m1,factorial_combination,3.0,0.05,4,1.7,1471,violation_safe,19.05402925568803,12.769065460252882,12.769065460252882,0.779529673696668,0.6701504069770989,1.0,0.8333333333333334,3.6225836297143297,2.1284744285834702,0.5875570162479087,0.7782559328653229,1,"[[2, 4], [2, 4], [2, 4], [3, 4]]","[true, true, true, true, true]",0,4.0,0,1,1,0.35250925000002553
figure_eight--neutral,figure_eight,neutral,n1_d1_m1,factorial_combination,3.0,0.05,4,1.7,1471,dual_anchor_dynamic,19.05402925568803,12.958419466691375,13.22658555853737,0.7697949421445901,0.6800881479082967,1.0,1.0,3.6225836297143297,2.1757888502384763,0.6006179767366903,0.7681114332751671,2,"[[2, 4], [2, 4], [3, 4], [2, 4]]","[true, true, true, true, false]",1,2.0,0,1,1,0.38530995799999346
figure_eight--neutral,figure_eight,neutral,n1_d1_m1,factorial_combination,3.0,0.05,4,1.7,1499,full_trajectory,15.59860447083782,9.147716280321097,9.147716280321097,0.6797566861169011,0.586444530818324,1.0,0.6666666666666666,2.955735157483139,1.336567919068871,0.45219474948052596,0.683705934972226,0,"[[0, 1, 2, 3, 4, 5], [0, 1, 2, 3, 4, 5], [0, 1, 2, 3, 4, 5], [0, 1, 2, 3, 4, 5]]","[true, true, true, true, true]",0,0.0,0,1,1,0.31603829100004077
figure_eight--neutral,figure_eight,neutral,n1_d1_m1,factorial_combination,3.0,0.05,4,1.7,1499,error_peak_dynamic,15.59860447083782,8.989302954293747,8.989302954293747,0.6795695830541489,0.5762889219416768,1.0,0.8333333333333334,2.955735157483139,1.5327114731071816,0.5185550773135955,0.683606258878017,2,"[[2, 4], [2, 4], [3, 4], [2, 4]]","[true, true, true, true, true]",0,0.0,0,1,1,0.35756466600003023
figure_eight--neutral,figure_eight,neutral,n1_d1_m1,factorial_combination,3.0,0.05,4,1.7,1499,violation_safe,15.59860447083782,8.869268288266458,8.989302954293747,0.6795695830541489,0.5685937036770109,1.0,0.8333333333333334,2.955735157483139,1.461835639582809,0.49457598928707397,0.683606258878017,2,"[[2, 4], [2, 4], [3, 4], [2, 4]]","[true, true, true, true, false]",1,2.0,0,1,1,0.3399440419999564
figure_eight--neutral,figure_eight,neutral,n1_d1_m1,factorial_combination,3.0,0.05,4,1.7,1499,dual_anchor_dynamic,15.59860447083782,8.869268288266458,8.989302954293747,0.6795695830541489,0.5685937036770109,1.0,0.8333333333333334,2.955735157483139,1.461835639582809,0.49457598928707397,0.683606258878017,2,"[[2, 4], [2, 4], [3, 4], [2, 4]]","[true, true, true, true, false]",1,2.0,0,1,1,0.33876787500003047
figure_eight--demand_aligned,figure_eight,demand_aligned,n1_d1_m1,factorial_combination,3.0,0.05,4,1.7,1423,full_trajectory,25.00088852121078,6.915076381380011,6.915076381380011,0.4540411176796251,0.2765932248973173,0.8333333333333334,0.5,2.8408925743122864,0.5739948522735205,0.2020473626717375,0.45662667906035825,0,"[[0, 1, 2, 3, 4, 5], [0, 1, 2, 3, 4, 5], [0, 1, 2, 3, 4, 5], [0, 1, 2, 3, 4, 5]]","[true, true, true, true, true]",0,0.0,0,1,1,0.2989328749999913
figure_eight--demand_aligned,figure_eight,demand_aligned,n1_d1_m1,factorial_combination,3.0,0.05,4,1.7,1423,error_peak_dynamic,25.00088852121078,6.92317565813665,6.92317565813665,0.4538413199902816,0.2769171844537853,0.8333333333333334,0.6666666666666666,2.8408925743122864,0.8761313673734997,0.30840003430456736,0.45620464709005426,2,"[[2, 4], [1, 4], [2, 4], [2, 4]]","[true, true, true, true, true]",0,0.0,0,1,1,0.23882520800009388
figure_eight--demand_aligned,figure_eight,demand_aligned,n1_d1_m1,factorial_combination,3.0,0.05,4,1.7,1423,violation_safe,25.00088852121078,7.228432772527485,7.228432772527485,0.45541141633677906,0.28912703508096826,0.8333333333333334,0.6666666666666666,2.8408925743122864,0.9516754856631011,0.3349917185423597,0.4575734400474986,0,"[[2, 4], [2, 4], [2, 4], [2, 4]]","[true, true, true, true, true]",0,4.0,0,1,1,0.27151200000002973
figure_eight--demand_aligned,figure_eight,demand_aligned,n1_d1_m1,factorial_combination,3.0,0.05,4,1.7,1423,dual_anchor_dynamic,25.00088852121078,6.66271982513846,6.66271982513846,0.4514479617135482,0.26649932139354976,0.8333333333333334,0.6666666666666666,2.8408925743122864,0.5950744660532941,0.2094674298613166,0.45371354012949255,1,"[[2, 4], [2, 4], [2, 4], [3, 4]]","[true, true, true, true, true]",0,4.0,0,1,1,0.31950129200004085
figure_eight--demand_aligned,figure_eight,demand_aligned,n1_d1_m1,factorial_combination,3.0,0.05,4,1.7,1451,full_trajectory,34.808936734999364,27.084132919379286,27.084132919379286,0.8205343144537898,0.7780798685570589,0.8333333333333334,0.8333333333333334,4.012100712421912,2.532103759403097,0.6311166994296581,0.8215152368115191,0,"[[0, 1, 2, 3, 4, 5], [0, 1, 2, 3, 4, 5], [0, 1, 2, 3, 4, 5], [0, 1, 2, 3, 4, 5]]","[true, true, true, true, true]",0,0.0,0,1,1,0.36590495799998735
figure_eight--demand_aligned,figure_eight,demand_aligned,n1_d1_m1,factorial_combination,3.0,0.05,4,1.7,1451,error_peak_dynamic,34.808936734999364,24.666605043652044,24.666605043652044,0.7769706983384329,0.7086285120237671,0.8333333333333334,0.8333333333333334,4.012100712421912,2.9200154313064672,0.7278021267675991,0.7774618325274099,2,"[[2, 4], [2, 4], [3, 4], [2, 4]]","[true, true, true, true, true]",0,0.0,0,1,1,0.2853130409999949
figure_eight--demand_aligned,figure_eight,demand_aligned,n1_d1_m1,factorial_combination,3.0,0.05,4,1.7,1451,violation_safe,34.808936734999364,26.729359629446776,26.729359629446776,0.8099182838198412,0.7678878511267824,0.8333333333333334,0.8333333333333334,4.012100712421912,3.2585432629746536,0.8121788301290244,0.8102054243413741,0,"[[2, 4], [2, 4], [2, 4], [2, 4]]","[true, true, true, true, true]",0,4.0,0,1,1,0.2975844170000528
figure_eight--demand_aligned,figure_eight,demand_aligned,n1_d1_m1,factorial_combination,3.0,0.05,4,1.7,1451,dual_anchor_dynamic,34.808936734999364,25.53614265376927,25.53614265376927,0.7962956959407298,0.73360880994947,0.8333333333333334,0.6666666666666666,4.012100712421912,2.6961361679315132,0.6720011189110918,0.7968115731436587,2,"[[2, 4], [2, 4], [3, 4], [2, 4]]","[true, true, true, true, true]",0,4.0,0,1,1,0.37984704200005126
figure_eight--demand_aligned,figure_eight,demand_aligned,n1_d1_m1,factorial_combination,3.0,0.05,4,1.7,1471,full_trajectory,30.912076387313274,21.91607218338686,21.91607218338686,0.7833309612790874,0.7089809144099264,0.8333333333333334,0.6666666666666666,3.6225836297143297,2.025856192982537,0.5592296548699118,0.7817093557178475,0,"[[0, 1, 2, 3, 4, 5], [0, 1, 2, 3, 4, 5], [0, 1, 2, 3, 4, 5], [0, 1, 2, 3, 4, 5]]","[true, true, true, true, true]",0,0.0,0,1,1,0.36584162500003004
figure_eight--demand_aligned,figure_eight,demand_aligned,n1_d1_m1,factorial_combination,3.0,0.05,4,1.7,1471,error_peak_dynamic,30.912076387313274,18.849165185309705,18.849165185309705,0.7370027101028311,0.6097670356768933,0.8333333333333334,0.6666666666666666,3.6225836297143297,2.3146042245169958,0.6389374162493858,0.7362125611037164,3,"[[2, 4], [3, 4], [2, 4], [3, 4]]","[true, true, true, true, true]",0,0.0,0,1,1,0.29730612499997733
figure_eight--demand_aligned,figure_eight,demand_aligned,n1_d1_m1,factorial_combination,3.0,0.05,4,1.7,1471,violation_safe,30.912076387313274,19.441991282463178,19.441991282463178,0.7742909137652974,0.6289448511599315,0.8333333333333334,0.8333333333333334,3.6225836297143297,2.3642038667590533,0.6526292029165632,0.7730925201192275,1,"[[2, 4], [2, 4], [2, 4], [3, 4]]","[true, true, true, true, true]",0,4.0,0,1,1,0.30005533400003515
figure_eight--demand_aligned,figure_eight,demand_aligned,n1_d1_m1,factorial_combination,3.0,0.05,4,1.7,1471,dual_anchor_dynamic,30.912076387313274,20.738551256916082,20.738551256916082,0.7623111040252476,0.6708883284665879,0.8333333333333334,0.8333333333333334,3.6225836297143297,2.1063875914816648,0.5814600315100995,0.7613579450854258,3,"[[2, 4], [3, 4], [2, 4], [3, 4]]","[true, true, true, true, true]",0,4.0,0,1,1,0.3756899999999632
figure_eight--demand_aligned,figure_eight,demand_aligned,n1_d1_m1,factorial_combination,3.0,0.05,4,1.7,1499,full_trajectory,25.332450188837807,15.180728184368423,15.180728184368423,0.6864689190958024,0.5992601612242577,0.8333333333333334,0.6666666666666666,2.955735157483139,1.3368684165849922,0.45229641539445614,0.6848171408710136,0,"[[0, 1, 2, 3, 4, 5], [0, 1, 2, 3, 4, 5], [0, 1, 2, 3, 4, 5], [0, 1, 2, 3, 4, 5]]","[true, true, true, true, true]",0,0.0,0,1,1,0.32080908399996133
figure_eight--demand_aligned,figure_eight,demand_aligned,n1_d1_m1,factorial_combination,3.0,0.05,4,1.7,1499,error_peak_dynamic,25.332450188837807,12.978277466787041,12.978277466787041,0.6542211458279176,0.5123182862313743,0.8333333333333334,0.8333333333333334,2.955735157483139,1.6113333855698921,0.5451548598630098,0.6520989834463737,3,"[[2, 4], [3, 4], [2, 4], [3, 4]]","[true, true, true, true, true]",0,0.0,0,1,1,0.28241620799997236
figure_eight--demand_aligned,figure_eight,demand_aligned,n1_d1_m1,factorial_combination,3.0,0.05,4,1.7,1499,violation_safe,25.332450188837807,13.455965443167882,14.239159751217212,0.6686230877106893,0.5311750479271429,0.8333333333333334,0.8333333333333334,2.955735157483139,1.657088126590484,0.5606348465948228,0.6671343022562639,2,"[[2, 4], [2, 4], [3, 4], [2, 4]]","[true, true, true, true, false]",1,2.0,0,1,1,0.261406582999939
figure_eight--demand_aligned,figure_eight,demand_aligned,n1_d1_m1,factorial_combination,3.0,0.05,4,1.7,1499,dual_anchor_dynamic,25.332450188837807,14.506369229615073,14.589266528717328,0.6784734245777101,0.5726398007882786,0.8333333333333334,0.8333333333333334,2.955735157483139,1.45395709522833,0.49191047836180296,0.6768827480190187,2,"[[2, 4], [2, 4], [3, 4], [2, 4]]","[true, true, true, true, false]",1,2.0,0,1,1,0.3560687080000662
figure_eight--demand_conflict,figure_eight,demand_conflict,n1_d1_m1,factorial_combination,3.0,0.05,4,1.7,1423,full_trajectory,9.84071867114988,2.296907580962959,2.296907580962959,0.4044270538163434,0.2334085200196631,1.0,0.6666666666666666,2.8408925743122864,0.5759710195219424,0.20274297758737728,0.40389259536139527,0,"[[0, 1, 2, 3, 4, 5], [0, 1, 2, 3, 4, 5], [0, 1, 2, 3, 4, 5], [0, 1, 2, 3, 4, 5]]","[true, true, true, true, true]",0,0.0,0,1,1,0.30114054199998463
figure_eight--demand_conflict,figure_eight,demand_conflict,n1_d1_m1,factorial_combination,3.0,0.05,4,1.7,1423,error_peak_dynamic,9.84071867114988,2.373766862872663,2.373766862872663,0.41076163592154735,0.24121885221979325,1.0,0.6666666666666666,2.8408925743122864,0.628142448398,0.2211074273197601,0.4106157733926874,1,"[[2, 4], [2, 4], [2, 4], [3, 4]]","[true, true, true, true, true]",0,0.0,0,1,1,0.3147615830000632
figure_eight--demand_conflict,figure_eight,demand_conflict,n1_d1_m1,factorial_combination,3.0,0.05,4,1.7,1423,violation_safe,9.84071867114988,2.4211223975149205,2.4211223975149205,0.44759220496697627,0.24603105509081832,1.0,0.8333333333333334,2.8408925743122864,0.6380400037755303,0.2245913870678425,0.4473171978098224,3,"[[1, 4], [2, 3], [2, 4], [3, 4]]","[true, true, true, true, true]",0,4.0,0,1,1,0.3031295420000788
figure_eight--demand_conflict,figure_eight,demand_conflict,n1_d1_m1,factorial_combination,3.0,0.05,4,1.7,1423,dual_anchor_dynamic,9.84071867114988,2.243958354968338,2.243958354968338,0.41689690711291993,0.228027894095476,1.0,0.6666666666666666,2.8408925743122864,0.5927440206637379,0.20864710831497293,0.41690621222182356,2,"[[1, 4], [2, 4], [2, 4], [3, 4]]","[true, true, true, true, true]",0,4.0,0,1,1,0.3243081660000371
figure_eight--demand_conflict,figure_eight,demand_conflict,n1_d1_m1,factorial_combination,3.0,0.05,4,1.7,1451,full_trajectory,13.923642337367525,9.209982199095089,9.209982199095089,0.7460023751306933,0.6614635722420011,1.0,1.0,4.012100712421912,2.5313241711510828,0.630922390186722,0.7444253751345058,0,"[[0, 1, 2, 3, 4, 5], [0, 1, 2, 3, 4, 5], [0, 1, 2, 3, 4, 5], [0, 1, 2, 3, 4, 5]]","[true, true, true, true, true]",0,0.0,0,1,1,0.3742901250000159
figure_eight--demand_conflict,figure_eight,demand_conflict,n1_d1_m1,factorial_combination,3.0,0.05,4,1.7,1451,error_peak_dynamic,13.923642337367525,9.900568073745216,9.900568073745216,0.7752562234137801,0.7110616485152453,1.0,1.0,4.012100712421912,2.7458676545835283,0.6843964923617235,0.7745530556249127,2,"[[2, 4], [2, 4], [3, 4], [2, 4]]","[true, true, true, true, true]",0,0.0,0,1,1,0.4007658340000262
figure_eight--demand_conflict,figure_eight,demand_conflict,n1_d1_m1,factorial_combination,3.0,0.05,4,1.7,1451,violation_safe,13.923642337367525,9.674833960800132,10.16153996000079,0.7718926298343192,0.6948493595555332,1.0,1.0,4.012100712421912,2.740076082432981,0.6829529662476815,0.7708842721895559,2,"[[2, 4], [2, 3], [2, 4], [2, 4]]","[true, true, true, false, false]",2,1.0,0,1,1,0.4210169579999956
figure_eight--demand_conflict,figure_eight,demand_conflict,n1_d1_m1,factorial_combination,3.0,0.05,4,1.7,1451,dual_anchor_dynamic,13.923642337367525,9.043188973884039,9.043188973884039,0.7886629392369491,0.6494844348029835,1.0,1.0,4.012100712421912,2.6618344850117626,0.6634515621131907,0.7875759946519222,1,"[[2, 4], [2, 4], [2, 4], [3, 4]]","[true, true, false, true, true]",1,2.6449999999999996,0,1,1,0.39572529200006556
figure_eight--demand_conflict,figure_eight,demand_conflict,n1_d1_m1,factorial_combination,3.0,0.05,4,1.7,1471,full_trajectory,12.630964418722353,7.424445889940593,7.424445889940593,0.7004970188808871,0.5877972293972775,1.0,1.0,3.6225836297143297,2.0265429206115804,0.559419223337955,0.6990648243985744,0,"[[0, 1, 2, 3, 4, 5], [0, 1, 2, 3, 4, 5], [0, 1, 2, 3, 4, 5], [0, 1, 2, 3, 4, 5]]","[true, true, true, true, true]",0,0.0,0,1,1,0.3629211249999571
figure_eight--demand_conflict,figure_eight,demand_conflict,n1_d1_m1,factorial_combination,3.0,0.05,4,1.7,1471,error_peak_dynamic,12.630964418722353,7.2254194822949565,7.2254194822949565,0.7170462597264932,0.5720402055432139,1.0,1.0,3.6225836297143297,2.1208003251059244,0.5854386100875653,0.7159701211991922,3,"[[2, 4], [3, 4], [2, 4], [3, 4]]","[true, true, true, true, true]",0,0.0,0,1,1,0.36908741700005976
figure_eight--demand_conflict,figure_eight,demand_conflict,n1_d1_m1,factorial_combination,3.0,0.05,4,1.7,1471,violation_safe,12.630964418722353,7.471615737885893,8.208365095794175,0.7115414426269363,0.5915316907085121,1.0,1.0,3.6225836297143297,2.012794350561188,0.5556239845096174,0.7105184125732915,2,"[[2, 4], [2, 3], [2, 3], [2, 4]]","[true, true, true, true, false]",1,2.0,0,1,1,0.3583603330000642
figure_eight--demand_conflict,figure_eight,demand_conflict,n1_d1_m1,factorial_combination,3.0,0.05,4,1.7,1471,dual_anchor_dynamic,12.630964418722353,7.733418231881716,8.11659264769317,0.7078858475138055,0.6122587298574598,1.0,1.0,3.6225836297143297,2.2923564940288967,0.6327960175234568,0.7073268603662046,2,"[[2, 4], [3, 4], [2, 4], [2, 4]]","[true, true, true, false, false]",2,1.0,0,1,1,0.3868566249999503
figure_eight--demand_conflict,figure_eight,demand_conflict,n1_d1_m1,factorial_combination,3.0,0.05,4,1.7,1499,full_trajectory,10.294268926380942,5.093159143890163,5.093159143890163,0.6095478671479612,0.4947567603210766,1.0,0.6666666666666666,2.955735157483139,1.3380948358763292,0.4527113440758138,0.6110174503001838,0,"[[0, 1, 2, 3, 4, 5], [0, 1, 2, 3, 4, 5], [0, 1, 2, 3, 4, 5], [0, 1, 2, 3, 4, 5]]","[true, true, true, true, true]",0,0.0,0,1,1,0.3231907090000732
figure_eight--demand_conflict,figure_eight,demand_conflict,n1_d1_m1,factorial_combination,3.0,0.05,4,1.7,1499,error_peak_dynamic,10.294268926380942,5.047421010686012,5.047421010686012,0.6443302570476437,0.4903136926752588,1.0,0.8333333333333334,2.955735157483139,1.4548482776457687,0.49221198792539916,0.6461142335705636,3,"[[2, 4], [3, 4], [2, 4], [3, 4]]","[true, true, true, true, true]",0,0.0,0,1,1,0.3234127499999886
figure_eight--demand_conflict,figure_eight,demand_conflict,n1_d1_m1,factorial_combination,3.0,0.05,4,1.7,1499,violation_safe,10.294268926380942,5.202268463195532,5.373870767154692,0.6367579716744824,0.5053557955790109,1.0,1.0,2.955735157483139,1.4342899249217882,0.4852565769604038,0.6392355746503435,3,"[[2, 4], [2, 3], [3, 4], [2, 4]]","[true, true, true, true, false]",1,2.0,0,1,1,0.32831083300004593
figure_eight--demand_conflict,figure_eight,demand_conflict,n1_d1_m1,factorial_combination,3.0,0.05,4,1.7,1499,dual_anchor_dynamic,10.294268926380942,5.325877301127416,5.618788165796097,0.6295514703639831,0.5173633348045613,1.0,1.0,2.955735157483139,1.5808184696958796,0.5348308916289964,0.6314391818361678,2,"[[2, 4], [3, 4], [2, 4], [2, 4]]","[true, true, true, false, false]",2,1.0,0,1,1,0.3246212909999713
s_curve--neutral,s_curve,neutral,n1_d1_m1,factorial_combination,3.0,0.05,4,1.7,1423,full_trajectory,5.864212070514142,1.7605394713073046,1.7605394713073046,0.4932049183965903,0.3002175654866708,0.6666666666666666,0.5,1.1170944006157304,0.3640572968671368,0.3258966267009058,0.5018959546061293,0,"[[0, 1, 2, 3, 4, 5], [0, 1, 2, 3, 4, 5], [0, 1, 2, 3, 4, 5], [0, 1, 2, 3, 4, 5]]","[true, true, true, true, true]",0,0.0,0,1,1,0.24020583300000453
s_curve--neutral,s_curve,neutral,n1_d1_m1,factorial_combination,3.0,0.05,4,1.7,1423,error_peak_dynamic,5.864212070514142,1.2966238677832052,1.2966238677832052,0.41833490320955313,0.2211079429242954,0.6666666666666666,0.16666666666666666,1.1170944006157304,0.4232459344726307,0.37888108134759435,0.42590421415883456,2,"[[2, 4], [2, 4], [3, 4], [2, 3]]","[true, true, true, true, true]",0,0.0,0,1,1,0.21664750000002186
s_curve--neutral,s_curve,neutral,n1_d1_m1,factorial_combination,3.0,0.05,4,1.7,1423,violation_safe,5.864212070514142,1.3288495633081177,1.3288495633081177,0.4349851617989321,0.2266032584308656,0.6666666666666666,0.5,1.1170944006157304,0.41862683757855634,0.3747461605284332,0.44597438171836934,2,"[[3, 4], [2, 4], [2, 3], [2, 3]]","[true, true, true, true, true]",0,4.0,0,1,1,0.2268883750000441
s_curve--neutral,s_curve,neutral,n1_d1_m1,factorial_combination,3.0,0.05,4,1.7,1423,dual_anchor_dynamic,5.864212070514142,1.2966238677832052,1.2966238677832052,0.41833490320955313,0.2211079429242954,0.6666666666666666,0.16666666666666666,1.1170944006157304,0.4232459344726307,0.37888108134759435,0.42590421415883456,2,"[[2, 4], [2, 4], [3, 4], [2, 3]]","[true, true, true, true, true]",0,4.0,0,1,1,0.2182309580000492
s_curve--neutral,s_curve,neutral,n1_d1_m1,factorial_combination,3.0,0.05,4,1.7,1451,full_trajectory,12.048603243273842,5.835540175022603,5.835540175022603,0.6414880319093349,0.48433333368167014,0.8333333333333334,0.5,1.7254611442928598,1.185469917722308,0.6870452699809392,0.644042714699325,0,"[[0, 1, 2, 3, 4, 5], [0, 1, 2, 3, 4, 5], [0, 1, 2, 3, 4, 5], [0, 1, 2, 3, 4, 5]]","[true, true, true, true, true]",0,0.0,0,1,1,0.3224955409999666
s_curve--neutral,s_curve,neutral,n1_d1_m1,factorial_combination,3.0,0.05,4,1.7,1451,error_peak_dynamic,12.048603243273842,6.038704457017737,6.038704457017737,0.6639330097228788,0.5011953946104796,0.8333333333333334,0.5,1.7254611442928598,1.3632556906513322,0.7900819413757537,0.6661612131306467,3,"[[2, 4], [3, 4], [2, 4], [3, 4]]","[true, true, true, true, true]",0,0.0,0,1,1,0.2812924589999284
s_curve--neutral,s_curve,neutral,n1_d1_m1,factorial_combination,3.0,0.05,4,1.7,1451,violation_safe,12.048603243273842,6.038704457017737,6.038704457017737,0.6639330097228788,0.5011953946104796,0.8333333333333334,0.5,1.7254611442928598,1.3632556906513322,0.7900819413757537,0.6661612131306467,3,"[[2, 4], [3, 4], [2, 4], [3, 4]]","[true, true, true, true, true]",0,4.0,0,1,1,0.2847124580000582
s_curve--neutral,s_curve,neutral,n1_d1_m1,factorial_combination,3.0,0.05,4,1.7,1451,dual_anchor_dynamic,12.048603243273842,6.038704457017737,6.038704457017737,0.6639330097228788,0.5011953946104796,0.8333333333333334,0.5,1.7254611442928598,1.3632556906513322,0.7900819413757537,0.6661612131306467,3,"[[2, 4], [3, 4], [2, 4], [3, 4]]","[true, true, true, true, true]",0,4.0,0,1,1,0.28603254099994047
s_curve--neutral,s_curve,neutral,n1_d1_m1,factorial_combination,3.0,0.05,4,1.7,1471,full_trajectory,11.101190869493152,4.981340728786522,4.981340728786522,0.6001359020722719,0.4487212937195409,0.8333333333333334,0.5,1.5830183658236057,1.005269256379692,0.6350332239238898,0.5982328665858908,0,"[[0, 1, 2, 3, 4, 5], [0, 1, 2, 3, 4, 5], [0, 1, 2, 3, 4, 5], [0, 1, 2, 3, 4, 5]]","[true, true, true, true, true]",0,0.0,0,1,1,0.2986737500000345
s_curve--neutral,s_curve,neutral,n1_d1_m1,factorial_combination,3.0,0.05,4,1.7,1471,error_peak_dynamic,11.101190869493152,4.855427448243495,4.855427448243495,0.5955941573766438,0.43737897179901203,0.8333333333333334,0.5,1.5830183658236057,1.2486189880471212,0.788758371351867,0.5940009708576256,1,"[[3, 4], [3, 4], [2, 4], [2, 4]]","[true, true, true, true, true]",0,0.0,0,1,1,0.27206395899997915
s_curve--neutral,s_curve,neutral,n1_d1_m1,factorial_combination,3.0,0.05,4,1.7,1471,violation_safe,11.101190869493152,4.71967308388715,4.71967308388715,0.5996708524197957,0.42515016085861035,0.8333333333333334,0.5,1.5830183658236057,1.2122774394133924,0.7658012475317518,0.597902528110333,3,"[[2, 4], [3, 4], [2, 4], [3, 4]]","[true, true, true, true, true]",0,4.0,0,1,1,0.27974749999998494
s_curve--neutral,s_curve,neutral,n1_d1_m1,factorial_combination,3.0,0.05,4,1.7,1471,dual_anchor_dynamic,11.101190869493152,4.855427448243495,4.855427448243495,0.5955941573766438,0.43737897179901203,0.8333333333333334,0.5,1.5830183658236057,1.2486189880471212,0.788758371351867,0.5940009708576256,1,"[[3, 4], [3, 4], [2, 4], [2, 4]]","[true, true, true, true, true]",0,4.0,0,1,1,0.27484529100001964
s_curve--neutral,s_curve,neutral,n1_d1_m1,factorial_combination,3.0,0.05,4,1.7,1499,full_trajectory,8.736906308097268,3.1959848447615355,3.1959848447615355,0.5408602491089769,0.3658028061717375,0.8333333333333334,0.5,1.2728183777393283,0.6647519426008888,0.5222677125243623,0.545531711454491,0,"[[0, 1, 2, 3, 4, 5], [0, 1, 2, 3, 4, 5], [0, 1, 2, 3, 4, 5], [0, 1, 2, 3, 4, 5]]","[true, true, true, true, true]",0,0.0,0,1,1,0.28483670799994343
s_curve--neutral,s_curve,neutral,n1_d1_m1,factorial_combination,3.0,0.05,4,1.7,1499,error_peak_dynamic,8.736906308097268,2.3113668195059156,2.3113668195059156,0.45978590566220057,0.2645520894923374,0.8333333333333334,0.5,1.2728183777393283,0.7578054838277538,0.5953759759296557,0.4657872056468985,3,"[[2, 4], [3, 4], [2, 4], [2, 3]]","[true, true, true, true, true]",0,0.0,0,1,1,0.27361679199998434
s_curve--neutral,s_curve,neutral,n1_d1_m1,factorial_combination,3.0,0.05,4,1.7,1499,violation_safe,8.736906308097268,2.3113668195059156,2.3113668195059156,0.45978590566220057,0.2645520894923374,0.8333333333333334,0.5,1.2728183777393283,0.7578054838277538,0.5953759759296557,0.4657872056468985,3,"[[2, 4], [3, 4], [2, 4], [2, 3]]","[true, true, true, true, true]",0,4.0,0,1,1,0.27493300000003273
s_curve--neutral,s_curve,neutral,n1_d1_m1,factorial_combination,3.0,0.05,4,1.7,1499,dual_anchor_dynamic,8.736906308097268,2.3113668195059156,2.3113668195059156,0.45978590566220057,0.2645520894923374,0.8333333333333334,0.5,1.2728183777393283,0.7578054838277538,0.5953759759296557,0.4657872056468985,3,"[[2, 4], [3, 4], [2, 4], [2, 3]]","[true, true, true, true, true]",0,4.0,0,1,1,0.2749175420000256
s_curve--demand_aligned,s_curve,demand_aligned,n1_d1_m1,factorial_combination,3.0,0.05,4,1.7,1423,full_trajectory,7.8631514759303744,2.8780380843371884,2.8780380843371884,0.5521666324851519,0.3660158516781793,0.6666666666666666,0.5,1.1170944006157304,0.36434118358168605,0.32615075626631473,0.5575187336554985,0,"[[0, 1, 2, 3, 4, 5], [0, 1, 2, 3, 4, 5], [0, 1, 2, 3, 4, 5], [0, 1, 2, 3, 4, 5]]","[true, true, true, true, true]",0,0.0,0,1,1,0.24199670799998785
s_curve--demand_aligned,s_curve,demand_aligned,n1_d1_m1,factorial_combination,3.0,0.05,4,1.7,1423,error_peak_dynamic,7.8631514759303744,1.8580498818588018,1.8580498818588018,0.4439095952676001,0.23629837064011994,0.6666666666666666,0.3333333333333333,1.1170944006157304,0.6513678265262424,0.5830911211865492,0.4511803125161673,2,"[[2, 4], [2, 4], [3, 4], [2, 3]]","[true, true, true, true, true]",0,0.0,0,1,1,0.16160391699997945
s_curve--demand_aligned,s_curve,demand_aligned,n1_d1_m1,factorial_combination,3.0,0.05,4,1.7,1423,violation_safe,7.8631514759303744,1.4905259895950111,1.4905259895950111,0.42354749527319446,0.18955834618697218,0.6666666666666666,0.3333333333333333,1.1170944006157304,0.6770738064801972,0.6061025873077526,0.4336334395808185,1,"[[2, 4], [2, 4], [2, 4], [2, 3]]","[true, true, true, true, true]",0,4.0,0,1,1,0.16784050000001116
s_curve--demand_aligned,s_curve,demand_aligned,n1_d1_m1,factorial_combination,3.0,0.05,4,1.7,1423,dual_anchor_dynamic,7.8631514759303744,1.7998066690373011,1.7998066690373011,0.43276800235865187,0.22889126256140788,0.6666666666666666,0.3333333333333333,1.1170944006157304,0.42213901766926487,0.377890192123948,0.43932568202835226,1,"[[2, 4], [2, 4], [2, 4], [2, 3]]","[true, true, true, true, true]",0,4.0,0,1,1,0.22694608300002983
s_curve--demand_aligned,s_curve,demand_aligned,n1_d1_m1,factorial_combination,3.0,0.05,4,1.7,1451,full_trajectory,16.10847895965746,8.498913033477567,8.498913033477567,0.6628755476995649,0.5276049374222415,0.6666666666666666,0.5,1.7254611442928598,1.1850484152959575,0.6868009860527008,0.6632349994690219,0,"[[0, 1, 2, 3, 4, 5], [0, 1, 2, 3, 4, 5], [0, 1, 2, 3, 4, 5], [0, 1, 2, 3, 4, 5]]","[true, true, true, true, true]",0,0.0,0,1,1,0.31940745899999
s_curve--demand_aligned,s_curve,demand_aligned,n1_d1_m1,factorial_combination,3.0,0.05,4,1.7,1451,error_peak_dynamic,16.10847895965746,6.399196135854833,6.399196135854833,0.6176569630711486,0.39725638602385516,0.6666666666666666,0.6666666666666666,1.7254611442928598,1.4772648918618883,0.856156568200967,0.6163303445187183,3,"[[2, 4], [3, 4], [2, 4], [3, 4]]","[true, true, true, true, true]",0,0.0,0,1,1,0.2144218749999709
s_curve--demand_aligned,s_curve,demand_aligned,n1_d1_m1,factorial_combination,3.0,0.05,4,1.7,1451,violation_safe,16.10847895965746,8.00548245122051,8.00548245122051,0.6544730218523593,0.4969732071705635,0.6666666666666666,0.6666666666666666,1.7254611442928598,1.5077305179578513,0.8738130806044663,0.6532528030575121,0,"[[2, 4], [2, 4], [2, 4], [2, 4]]","[true, true, true, true, true]",0,4.0,0,1,1,0.21572183399996447
s_curve--demand_aligned,s_curve,demand_aligned,n1_d1_m1,factorial_combination,3.0,0.05,4,1.7,1451,dual_anchor_dynamic,16.10847895965746,8.171378963003015,8.171378963003015,0.6663077562038568,0.5072719145903006,0.6666666666666666,0.5,1.7254611442928598,1.3617223257553037,0.7891932717577214,0.6652566996115082,3,"[[2, 4], [3, 4], [2, 4], [3, 4]]","[true, true, true, true, true]",0,4.0,0,1,1,0.3244433749999871
s_curve--demand_aligned,s_curve,demand_aligned,n1_d1_m1,factorial_combination,3.0,0.05,4,1.7,1471,full_trajectory,14.810615235023976,7.404799883315304,7.404799883315304,0.6324591820729353,0.4999657182238127,0.8333333333333334,0.5,1.5830183658236057,1.0015823064759108,0.6327041606714475,0.6388880606546272,0,"[[0, 1, 2, 3, 4, 5], [0, 1, 2, 3, 4, 5], [0, 1, 2, 3, 4, 5], [0, 1, 2, 3, 4, 5]]","[true, true, true, true, true]",0,0.0,0,1,1,0.29655224999999064
s_curve--demand_aligned,s_curve,demand_aligned,n1_d1_m1,factorial_combination,3.0,0.05,4,1.7,1471,error_peak_dynamic,14.810615235023976,6.278360249818336,6.278360249818336,0.5794309988310378,0.42390948317739974,0.8333333333333334,0.6666666666666666,1.5830183658236057,1.390325813471775,0.8782752262943093,0.5857139431785521,2,"[[2, 4], [3, 4], [2, 4], [2, 4]]","[true, true, true, true, true]",0,0.0,0,1,1,0.21171812499994758
s_curve--demand_aligned,s_curve,demand_aligned,n1_d1_m1,factorial_combination,3.0,0.05,4,1.7,1471,violation_safe,14.810615235023976,6.326994495205353,6.326994495205353,0.5928960491477536,0.4271932255888566,0.8333333333333334,0.6666666666666666,1.5830183658236057,1.3882459710864463,0.8769613802706426,0.5991329222979875,0,"[[2, 4], [2, 4], [2, 4], [2, 4]]","[true, true, true, true, true]",0,4.0,0,1,1,0.21045837500003017
s_curve--demand_aligned,s_curve,demand_aligned,n1_d1_m1,factorial_combination,3.0,0.05,4,1.7,1471,dual_anchor_dynamic,14.810615235023976,6.3808347992155445,6.3808347992155445,0.6029537871275877,0.4308284766000955,0.8333333333333334,0.5,1.5830183658236057,1.207316470085427,0.7626673803353443,0.6098253340863258,3,"[[2, 4], [3, 4], [2, 4], [3, 4]]","[true, true, true, true, true]",0,4.0,0,1,1,0.2945776249999881
s_curve--demand_aligned,s_curve,demand_aligned,n1_d1_m1,factorial_combination,3.0,0.05,4,1.7,1499,full_trajectory,11.685751712844903,5.198276998391799,5.198276998391799,0.5968848999150145,0.4448389052009283,0.6666666666666666,0.5,1.2728183777393283,0.6638993323096761,0.5215978523886791,0.5970526208017913,0,"[[0, 1, 2, 3, 4, 5], [0, 1, 2, 3, 4, 5], [0, 1, 2, 3, 4, 5], [0, 1, 2, 3, 4, 5]]","[true, true, true, true, true]",0,0.0,0,1,1,0.28565950000006524
s_curve--demand_aligned,s_curve,demand_aligned,n1_d1_m1,factorial_combination,3.0,0.05,4,1.7,1499,error_peak_dynamic,11.685751712844903,2.4987596222319612,2.4987596222319612,0.4578960331783509,0.21382960066534196,0.6666666666666666,0.5,1.2728183777393283,1.091785157855969,0.857769794143847,0.45963111764364784,2,"[[2, 4], [3, 4], [2, 4], [2, 4]]","[true, true, true, true, true]",0,0.0,0,1,1,0.18809629100007896
s_curve--demand_aligned,s_curve,demand_aligned,n1_d1_m1,factorial_combination,3.0,0.05,4,1.7,1499,violation_safe,11.685751712844903,2.3463605065387885,2.3463605065387885,0.45620761905060797,0.20078815331663125,0.6666666666666666,0.3333333333333333,1.2728183777393283,1.0906142301989579,0.8568498454084346,0.4558758046430206,0,"[[2, 4], [2, 4], [2, 4], [2, 4]]","[true, true, true, true, true]",0,4.0,0,1,1,0.19239058300001943
s_curve--demand_aligned,s_curve,demand_aligned,n1_d1_m1,factorial_combination,3.0,0.05,4,1.7,1499,dual_anchor_dynamic,11.685751712844903,2.383208811206348,2.383208811206348,0.4793673621153612,0.2039414211228483,0.6666666666666666,0.5,1.2728183777393283,0.8090296487179602,0.6356206532426801,0.4812504323641412,2,"[[2, 4], [3, 4], [2, 4], [2, 4]]","[true, true, true, true, true]",0,4.0,0,1,1,0.27772475000006125
s_curve--demand_conflict,s_curve,demand_conflict,n1_d1_m1,factorial_combination,3.0,0.05,4,1.7,1423,full_trajectory,4.034406917727191,1.0697964153877493,1.0697964153877493,0.47021206722832665,0.26516819874739506,0.6666666666666666,0.3333333333333333,1.1170944006157304,0.35971938195435477,0.32201341422540597,0.47609113632401195,0,"[[0, 1, 2, 3, 4, 5], [0, 1, 2, 3, 4, 5], [0, 1, 2, 3, 4, 5], [0, 1, 2, 3, 4, 5]]","[true, true, true, true, true]",0,0.0,0,1,1,0.24155704199995398
s_curve--demand_conflict,s_curve,demand_conflict,n1_d1_m1,factorial_combination,3.0,0.05,4,1.7,1423,error_peak_dynamic,4.034406917727191,0.7291245355588183,0.7291245355588183,0.4111496756867275,0.18072657280926321,0.6666666666666666,0.0,1.1170944006157304,0.46134006788746296,0.41298216841224633,0.41875662821816423,2,"[[2, 4], [2, 4], [3, 4], [2, 3]]","[true, true, true, true, true]",0,0.0,0,1,1,0.2137684580000041
s_curve--demand_conflict,s_curve,demand_conflict,n1_d1_m1,factorial_combination,3.0,0.05,4,1.7,1423,violation_safe,4.034406917727191,0.9310524869445134,0.9310524869445134,0.45349712991946267,0.23077803154993295,0.6666666666666666,0.16666666666666666,1.1170944006157304,0.47617411323770525,0.42626130161895287,0.4596393454088994,3,"[[3, 4], [2, 4], [3, 4], [2, 3]]","[true, true, true, true, true]",0,4.0,0,1,1,0.21358999999995376
s_curve--demand_conflict,s_curve,demand_conflict,n1_d1_m1,factorial_combination,3.0,0.05,4,1.7,1423,dual_anchor_dynamic,4.034406917727191,0.7351556230469738,0.7351556230469738,0.4101142574343126,0.18222148584385445,0.6666666666666666,0.0,1.1170944006157304,0.4214952755267441,0.37731392735870883,0.41762988836497256,2,"[[2, 4], [2, 4], [3, 4], [2, 3]]","[true, true, true, true, true]",0,4.0,0,1,1,0.22068766699999287
s_curve--demand_conflict,s_curve,demand_conflict,n1_d1_m1,factorial_combination,3.0,0.05,4,1.7,1451,full_trajectory,8.145999819773088,3.8679018210714844,3.8679018210714844,0.6384429095065748,0.4748222325862054,1.0,0.5,1.7254611442928598,1.1842334783216024,0.686328685081421,0.6398600794023845,0,"[[0, 1, 2, 3, 4, 5], [0, 1, 2, 3, 4, 5], [0, 1, 2, 3, 4, 5], [0, 1, 2, 3, 4, 5]]","[true, true, true, true, true]",0,0.0,0,1,1,0.31447354199997335
s_curve--demand_conflict,s_curve,demand_conflict,n1_d1_m1,factorial_combination,3.0,0.05,4,1.7,1451,error_peak_dynamic,8.145999819773088,3.952109350484834,3.952109350484834,0.6644812207166922,0.4851595185273307,1.0,0.5,1.7254611442928598,1.4099646790075324,0.8171523790443707,0.6650868183558282,3,"[[2, 4], [3, 4], [2, 4], [3, 4]]","[true, true, true, true, true]",0,0.0,0,1,1,0.26926775000004
s_curve--demand_conflict,s_curve,demand_conflict,n1_d1_m1,factorial_combination,3.0,0.05,4,1.7,1451,violation_safe,8.145999819773088,3.9183788615610853,4.328976428571171,0.6300474722359174,0.48101877587203706,1.0,0.6666666666666666,1.7254611442928598,1.4591491122116649,0.8456574736776604,0.6309283234911381,1,"[[3, 4], [3, 4], [3, 4], [2, 4]]","[true, true, true, true, false]",1,2.0,0,1,1,0.25935345899995355
s_curve--demand_conflict,s_curve,demand_conflict,n1_d1_m1,factorial_combination,3.0,0.05,4,1.7,1451,dual_anchor_dynamic,8.145999819773088,3.9849739769874892,3.9849739769874892,0.661995691789229,0.48919396822408634,1.0,0.5,1.7254611442928598,1.3587482034736118,0.7874696036869977,0.6626555172736567,3,"[[2, 4], [3, 4], [2, 4], [3, 4]]","[true, true, true, true, true]",0,4.0,0,1,1,0.2794785830000137
s_curve--demand_conflict,s_curve,demand_conflict,n1_d1_m1,factorial_combination,3.0,0.05,4,1.7,1471,full_trajectory,7.544051448007737,3.280535670169131,3.280535670169131,0.5919991162535625,0.4348506492536537,1.0,0.5,1.5830183658236057,1.0034838063667626,0.6339053469191273,0.5923302054841695,0,"[[0, 1, 2, 3, 4, 5], [0, 1, 2, 3, 4, 5], [0, 1, 2, 3, 4, 5], [0, 1, 2, 3, 4, 5]]","[true, true, true, true, true]",0,0.0,0,1,1,0.2972269999999071
s_curve--demand_conflict,s_curve,demand_conflict,n1_d1_m1,factorial_combination,3.0,0.05,4,1.7,1471,error_peak_dynamic,7.544051448007737,3.2908215398337832,3.2908215398337832,0.5942385440948817,0.43621409033508596,1.0,0.5,1.5830183658236057,1.2658317670355126,0.7996317631962099,0.5945014795071853,2,"[[2, 4], [3, 4], [2, 4], [2, 4]]","[true, true, true, true, true]",0,0.0,0,1,1,0.2617507919999298
s_curve--demand_conflict,s_curve,demand_conflict,n1_d1_m1,factorial_combination,3.0,0.05,4,1.7,1471,violation_safe,7.544051448007737,3.102213361802069,3.2485493789624185,0.5671619523939427,0.411213176789948,1.0,0.6666666666666666,1.5830183658236057,1.3212882603578118,0.8346638857031693,0.5674798956340898,1,"[[3, 4], [3, 4], [3, 4], [2, 4]]","[true, true, true, true, false]",1,2.0,0,1,1,0.24897075000001223
s_curve--demand_conflict,s_curve,demand_conflict,n1_d1_m1,factorial_combination,3.0,0.05,4,1.7,1471,dual_anchor_dynamic,7.544051448007737,3.1012884019702005,3.1012884019702005,0.5975617243104208,0.4110905689527344,1.0,0.5,1.5830183658236057,1.2063596091027218,0.7620629268410809,0.5978384197294554,3,"[[2, 4], [3, 4], [2, 4], [3, 4]]","[true, true, true, true, true]",0,4.0,0,1,1,0.27781033299993396
s_curve--demand_conflict,s_curve,demand_conflict,n1_d1_m1,factorial_combination,3.0,0.05,4,1.7,1499,full_trajectory,5.918399490045304,2.08576450312655,2.08576450312655,0.5323196221768797,0.35242036409248606,1.0,0.5,1.2728183777393283,0.667734281176091,0.5246108108228794,0.5381772622464505,0,"[[0, 1, 2, 3, 4, 5], [0, 1, 2, 3, 4, 5], [0, 1, 2, 3, 4, 5], [0, 1, 2, 3, 4, 5]]","[true, true, true, true, true]",0,0.0,0,1,1,0.2844398329999649
s_curve--demand_conflict,s_curve,demand_conflict,n1_d1_m1,factorial_combination,3.0,0.05,4,1.7,1499,error_peak_dynamic,5.918399490045304,1.3578264413839816,1.3578264413839816,0.469761686898931,0.2294246009698794,1.0,0.5,1.2728183777393283,0.8573980574620726,0.6736216827611415,0.47593133358921486,2,"[[2, 4], [3, 4], [2, 4], [2, 4]]","[true, true, true, true, true]",0,0.0,0,1,1,0.2474977919999901
s_curve--demand_conflict,s_curve,demand_conflict,n1_d1_m1,factorial_combination,3.0,0.05,4,1.7,1499,violation_safe,5.918399490045304,1.4982436228525176,1.4982436228525176,0.46035719089987936,0.25315013381110046,1.0,0.5,1.2728183777393283,0.8433960448050171,0.662620888852175,0.46738097819780045,2,"[[3, 4], [3, 4], [2, 3], [2, 4]]","[true, true, true, true, true]",0,4.0,0,1,1,0.2342255840000007
s_curve--demand_conflict,s_curve,demand_conflict,n1_d1_m1,factorial_combination,3.0,0.05,4,1.7,1499,dual_anchor_dynamic,5.918399490045304,1.4054387730663818,1.4054387730663818,0.46665617929082437,0.2374693995277469,1.0,0.5,1.2728183777393283,0.8126417264000795,0.6384585111376413,0.4743033822661976,2,"[[2, 4], [3, 4], [3, 4], [2, 4]]","[true, true, true, true, true]",0,4.0,0,1,1,0.2661630409999134
